datetime,temperature_2m,relative_humidity_2m,surface_pressure,wind_speed_10m,wind_direction_10m,precipitation,pm25,source,aqi,risk_category
2025-09-30 00:00:00,13.9,38.0,996.2,28.0,313.0,0.0,0.010425,openaq_ground,0.0,Good
2025-09-30 01:00:00,15.6,30.0,994.4,35.4,314.0,0.0,0.01075,openaq_ground,0.0,Good
2025-09-30 02:00:00,15.7,31.0,994.1,32.5,295.0,0.0,0.05275,openaq_ground,0.0,Good
2025-09-30 03:00:00,15.3,34.0,993.6,33.7,289.0,0.0,0.014575,openaq_ground,0.0,Good
2025-09-30 04:00:00,14.3,38.0,992.9,26.2,285.0,0.0,0.072425,openaq_ground,0.0,Good
2025-09-30 05:00:00,13.2,45.0,992.8,23.7,284.0,0.0,0.0583,openaq_ground,0.0,Good
2025-09-30 06:00:00,12.1,51.0,992.7,21.0,282.0,0.0,0.36,openaq_ground,1.6666666666666665,Good
2025-09-30 07:00:00,10.8,58.0,993.4,23.4,270.0,0.3,0.56,openaq_ground,2.7777777777777777,Good
2025-09-30 08:00:00,7.6,89.0,995.2,22.9,230.0,1.3,0.50875,openaq_ground,2.7777777777777777,Good
2025-09-30 09:00:00,5.4,96.0,995.9,25.2,238.0,2.7,0.053875,openaq_ground,0.0,Good
2025-09-30 10:00:00,4.3,96.0,997.2,24.9,252.0,2.4,0.05375,openaq_ground,0.0,Good
2025-09-30 11:00:00,3.6,94.0,997.3,26.5,243.0,1.3,0.04975,openaq_ground,0.0,Good
2025-09-30 12:00:00,3.0,89.0,997.6,30.7,247.0,0.7,0.0,openaq_ground,0.0,Good
2025-09-30 13:00:00,2.8,86.0,997.7,34.1,244.0,0.3,0.0055499999999999,openaq_ground,0.0,Good
2025-09-30 14:00:00,2.5,82.0,999.0,35.3,249.0,0.1,0.02229999999999995,openaq_ground,0.0,Good
2025-09-30 15:00:00,2.2,76.0,1000.0,32.0,257.0,0.1,0.03905,openaq_ground,0.0,Good
2025-09-30 16:00:00,1.6,73.0,1000.6,29.8,260.0,0.0,0.11,openaq_ground,0.5555555555555556,Good
2025-09-30 17:00:00,1.3,69.0,1001.6,28.4,264.0,0.0,4.417885,openaq_ground,24.444444444444446,Good
2025-09-30 18:00:00,1.0,71.0,1002.5,26.1,268.0,0.0,1.6835,openaq_ground,8.88888888888889,Good
2025-09-30 19:00:00,1.4,68.0,1003.6,25.0,268.0,0.0,4.115,openaq_ground,22.777777777777775,Good
2025-09-30 20:00:00,2.7,65.0,1004.1,23.4,270.0,0.0,0.6931750000000001,openaq_ground,3.333333333333333,Good
2025-09-30 21:00:00,4.2,59.0,1004.8,25.9,268.0,0.0,1.847,openaq_ground,10.0,Good
2025-09-30 22:00:00,5.7,52.0,1005.2,30.9,258.0,0.0,0.82575,openaq_ground,4.444444444444445,Good
2025-09-30 23:00:00,7.1,44.0,1005.1,35.9,251.0,0.0,1.8515,openaq_ground,10.0,Good
2025-10-01 00:00:00,7.5,46.0,1005.3,34.1,252.0,0.0,1.7425000000000002,openaq_ground,9.444444444444445,Good
2025-10-01 01:00:00,8.0,45.0,1005.4,32.1,252.0,0.0,0.71275,openaq_ground,3.8888888888888884,Good
2025-10-01 02:00:00,8.5,45.0,1005.5,31.4,249.0,0.0,0.3365,openaq_ground,1.6666666666666665,Good
2025-10-01 03:00:00,8.1,51.0,1005.8,31.0,250.0,0.5,0.384,openaq_ground,1.6666666666666665,Good
2025-10-01 04:00:00,7.9,52.0,1006.3,29.6,250.0,0.1,0.69975,openaq_ground,3.333333333333333,Good
2025-10-01 05:00:00,7.1,59.0,1007.1,27.2,251.0,0.0,0.6759999999999999,openaq_ground,3.333333333333333,Good
2025-10-01 06:00:00,6.3,70.0,1008.1,21.1,252.0,0.0,1.330885,openaq_ground,7.222222222222222,Good
2025-10-01 07:00:00,5.3,76.0,1008.3,16.5,263.0,0.0,0.98345,openaq_ground,5.0,Good
2025-10-01 08:00:00,4.6,77.0,1008.6,12.8,274.0,0.0,1.178125,openaq_ground,6.111111111111112,Good
2025-10-01 09:00:00,4.1,79.0,1009.1,12.9,278.0,0.0,1.223275,openaq_ground,6.666666666666666,Good
2025-10-01 10:00:00,3.6,82.0,1009.8,11.8,287.0,0.0,0.96172,openaq_ground,5.0,Good
2025-10-01 11:00:00,3.2,83.0,1010.1,11.3,284.0,0.0,0.7293350000000001,openaq_ground,3.8888888888888884,Good
2025-10-01 12:00:00,2.7,82.0,1009.5,7.3,301.0,0.0,0.6845,openaq_ground,3.333333333333333,Good
2025-10-01 13:00:00,1.9,84.0,1009.7,5.6,287.0,0.0,0.3791,openaq_ground,1.6666666666666665,Good
2025-10-01 14:00:00,1.1,85.0,1009.5,4.8,318.0,0.0,0.35322,openaq_ground,1.6666666666666665,Good
2025-10-01 15:00:00,0.7,85.0,1009.6,8.1,339.0,0.0,0.4333325,openaq_ground,2.2222222222222223,Good
2025-10-01 16:00:00,-0.5,90.0,1009.3,6.7,352.0,0.0,0.0907,openaq_ground,0.0,Good
2025-10-01 17:00:00,-1.5,93.0,1009.1,8.3,354.0,0.0,0.497375,openaq_ground,2.2222222222222223,Good
2025-10-01 18:00:00,-1.6,91.0,1009.0,8.7,354.0,0.0,3.0343325,openaq_ground,16.666666666666664,Good
2025-10-01 19:00:00,-0.9,90.0,1008.9,10.3,2.0,0.0,3.43875,openaq_ground,18.88888888888889,Good
2025-10-01 20:00:00,3.7,76.0,1008.8,8.2,22.0,0.0,0.5925,openaq_ground,2.7777777777777777,Good
2025-10-01 21:00:00,7.1,61.0,1008.9,10.4,53.0,0.0,0.2704999999999999,openaq_ground,1.1111111111111112,Good
2025-10-01 22:00:00,8.4,56.0,1008.3,19.0,31.0,0.0,0.18125,openaq_ground,0.5555555555555556,Good
2025-10-01 23:00:00,8.7,57.0,1007.5,18.6,43.0,0.0,0.29325,openaq_ground,1.1111111111111112,Good
2025-10-02 00:00:00,9.0,57.0,1007.4,18.5,48.0,0.0,0.24,openaq_ground,1.1111111111111112,Good
2025-10-02 01:00:00,10.7,51.0,1006.9,16.5,55.0,0.0,0.5660000000000001,openaq_ground,2.7777777777777777,Good
2025-10-02 02:00:00,11.7,51.0,1006.5,15.7,53.0,0.0,0.96,openaq_ground,5.0,Good
2025-10-02 03:00:00,11.2,56.0,1006.4,17.9,54.0,0.0,0.8484,openaq_ground,4.444444444444445,Good
2025-10-02 04:00:00,10.2,59.0,1006.6,19.3,53.0,0.0,1.2799999999999998,openaq_ground,6.666666666666666,Good
2025-10-02 05:00:00,9.3,63.0,1006.9,19.6,52.0,0.0,1.2453,openaq_ground,6.666666666666666,Good
2025-10-02 06:00:00,8.1,71.0,1006.9,16.7,50.0,0.0,1.932425,openaq_ground,10.555555555555555,Good
2025-10-02 07:00:00,6.8,79.0,1007.5,14.4,38.0,0.0,1.40625,openaq_ground,7.777777777777777,Good
2025-10-02 08:00:00,6.8,81.0,1008.0,13.6,36.0,0.0,1.411,openaq_ground,7.777777777777777,Good
2025-10-02 09:00:00,6.9,83.0,1007.9,13.4,36.0,0.0,1.6012,openaq_ground,8.88888888888889,Good
2025-10-02 10:00:00,6.6,86.0,1008.3,11.8,28.0,0.0,1.624825,openaq_ground,8.88888888888889,Good
2025-10-02 11:00:00,6.9,86.0,1008.6,11.0,26.0,0.0,1.2670825,openaq_ground,6.666666666666666,Good
2025-10-02 12:00:00,7.3,86.0,1008.6,10.5,27.0,0.0,1.24625,openaq_ground,6.666666666666666,Good
2025-10-02 13:00:00,7.2,87.0,1008.4,8.7,24.0,0.0,1.331375,openaq_ground,7.222222222222222,Good
2025-10-02 14:00:00,6.9,89.0,1008.2,8.3,16.0,0.0,1.0707825,openaq_ground,5.555555555555555,Good
2025-10-02 15:00:00,6.9,89.0,1007.6,7.6,18.0,0.0,0.6854499999999999,openaq_ground,3.333333333333333,Good
2025-10-02 16:00:00,7.1,87.0,1007.2,7.5,17.0,0.0,0.941075,openaq_ground,5.0,Good
2025-10-02 17:00:00,6.8,89.0,1006.8,7.5,24.0,0.0,0.7585999999999999,openaq_ground,3.8888888888888884,Good
2025-10-02 18:00:00,5.2,92.0,1006.6,10.1,24.0,0.0,1.0135,openaq_ground,5.555555555555555,Good
2025-10-02 19:00:00,5.6,90.0,1006.7,11.1,27.0,0.0,1.2548,openaq_ground,6.666666666666666,Good
2025-10-02 20:00:00,8.5,79.0,1006.4,12.0,40.0,0.0,1.92325,openaq_ground,10.555555555555555,Good
2025-10-02 21:00:00,10.3,71.0,1005.7,17.4,43.0,0.0,2.0222,openaq_ground,11.11111111111111,Good
2025-10-02 22:00:00,11.4,67.0,1005.1,22.0,43.0,0.0,1.5512,openaq_ground,8.333333333333332,Good
2025-10-02 23:00:00,12.1,64.0,1004.7,25.7,40.0,0.0,1.441885,openaq_ground,7.777777777777777,Good
2025-10-03 00:00:00,12.7,63.0,1003.2,27.2,44.0,0.0,1.00755,openaq_ground,5.555555555555555,Good
2025-10-03 01:00:00,12.7,66.0,1002.6,29.8,39.0,0.0,0.64927,openaq_ground,3.333333333333333,Good
2025-10-03 02:00:00,12.4,67.0,1002.1,29.1,39.0,0.0,0.3936349999999999,openaq_ground,1.6666666666666665,Good
2025-10-03 03:00:00,11.5,71.0,1001.3,29.4,44.0,0.0,0.641775,openaq_ground,3.333333333333333,Good
2025-10-03 04:00:00,10.7,76.0,1000.7,31.6,43.0,0.0,2.09275,openaq_ground,11.11111111111111,Good
2025-10-03 05:00:00,10.0,82.0,1000.4,32.3,40.0,0.0,2.926075,openaq_ground,16.11111111111111,Good
2025-10-03 06:00:00,9.5,91.0,1000.1,28.9,43.0,0.0,2.6045,openaq_ground,14.444444444444445,Good
2025-10-03 07:00:00,9.3,91.0,999.9,28.5,41.0,0.0,0.543385,openaq_ground,2.7777777777777777,Good
2025-10-03 08:00:00,8.9,93.0,999.7,27.0,42.0,0.1,0.15525,openaq_ground,0.5555555555555556,Good
2025-10-03 09:00:00,8.9,91.0,999.3,29.1,38.0,0.1,0.26025,openaq_ground,1.1111111111111112,Good
2025-10-03 10:00:00,8.8,91.0,999.5,28.3,37.0,0.1,0.12125,openaq_ground,0.5555555555555556,Good
2025-10-03 11:00:00,8.9,91.0,998.9,26.9,35.0,0.1,0.0443999999999999,openaq_ground,0.0,Good
2025-10-03 12:00:00,9.0,91.0,997.8,25.8,35.0,0.1,0.0086825,openaq_ground,0.0,Good
2025-10-03 13:00:00,9.0,92.0,997.4,25.4,35.0,0.1,0.006775,openaq_ground,0.0,Good
2025-10-03 14:00:00,8.9,92.0,996.8,26.2,36.0,0.5,0.0,openaq_ground,0.0,Good
2025-10-03 15:00:00,8.4,97.0,996.5,23.6,43.0,1.0,0.13425,openaq_ground,0.5555555555555556,Good
2025-10-03 16:00:00,8.3,97.0,996.1,18.6,45.0,1.5,0.1435,openaq_ground,0.5555555555555556,Good
2025-10-03 17:00:00,8.2,97.0,996.0,17.6,56.0,2.0,0.121,openaq_ground,0.5555555555555556,Good
2025-10-03 18:00:00,8.1,98.0,995.7,17.2,63.0,2.0,0.23025,openaq_ground,1.1111111111111112,Good
2025-10-03 19:00:00,8.2,97.0,995.3,14.2,64.0,1.6,0.3522499999999999,openaq_ground,1.6666666666666665,Good
2025-10-03 20:00:00,8.3,98.0,995.1,13.0,64.0,1.9,0.7849999999999999,openaq_ground,3.8888888888888884,Good
2025-10-03 21:00:00,8.4,98.0,994.8,14.5,67.0,2.1,1.035,openaq_ground,5.555555555555555,Good
2025-10-03 22:00:00,8.7,98.0,994.5,13.4,70.0,1.2,1.6575,openaq_ground,8.88888888888889,Good
2025-10-03 23:00:00,8.8,97.0,994.1,13.0,64.0,1.1,1.1765,openaq_ground,6.111111111111112,Good
2025-10-04 00:00:00,9.0,96.0,993.4,11.4,65.0,1.2,0.8225,openaq_ground,4.444444444444445,Good
2025-10-04 01:00:00,9.1,97.0,992.9,9.2,69.0,0.5,0.7775,openaq_ground,3.8888888888888884,Good
2025-10-04 02:00:00,9.1,97.0,992.3,7.6,78.0,0.6,1.2775,openaq_ground,6.666666666666666,Good
2025-10-04 03:00:00,9.0,98.0,991.8,6.1,87.0,0.8,2.6125,openaq_ground,14.444444444444445,Good
2025-10-04 04:00:00,8.9,98.0,991.6,5.6,94.0,1.0,2.255,openaq_ground,12.222222222222223,Good
2025-10-04 05:00:00,8.7,99.0,991.6,5.4,120.0,1.0,2.5275,openaq_ground,13.88888888888889,Good
2025-10-04 06:00:00,8.3,98.0,991.4,8.5,117.0,1.1,3.276125,openaq_ground,17.77777777777778,Good
2025-10-04 07:00:00,8.1,99.0,991.6,7.8,136.0,1.6,4.02475,openaq_ground,22.22222222222222,Good
2025-10-04 08:00:00,8.0,98.0,992.0,10.1,153.0,1.4,2.663325,openaq_ground,14.444444444444445,Good
2025-10-04 09:00:00,7.9,98.0,992.0,11.0,165.0,1.6,1.7682075,openaq_ground,9.444444444444445,Good
2025-10-04 10:00:00,7.9,98.0,992.4,12.0,173.0,1.4,0.9015,openaq_ground,5.0,Good
2025-10-04 11:00:00,7.8,98.0,992.6,13.7,176.0,1.5,0.324,openaq_ground,1.6666666666666665,Good
2025-10-04 12:00:00,7.6,98.0,992.9,16.5,174.0,1.3,0.108175,openaq_ground,0.5555555555555556,Good
2025-10-04 13:00:00,7.6,97.0,993.0,19.4,178.0,1.5,0.103225,openaq_ground,0.5555555555555556,Good
2025-10-04 14:00:00,7.5,98.0,993.2,21.1,183.0,1.6,0.009475,openaq_ground,0.0,Good
2025-10-04 15:00:00,7.5,97.0,993.5,21.5,189.0,1.5,0.0093824999999999,openaq_ground,0.0,Good
2025-10-04 16:00:00,7.5,97.0,994.1,22.7,191.0,1.7,0.0617999999999999,openaq_ground,0.0,Good
2025-10-04 17:00:00,7.4,97.0,994.6,24.5,199.0,1.7,0.048,openaq_ground,0.0,Good
2025-10-04 18:00:00,7.4,97.0,995.6,26.6,207.0,1.8,0.1295,openaq_ground,0.5555555555555556,Good
2025-10-04 19:00:00,7.3,97.0,996.5,26.5,212.0,1.9,0.492,openaq_ground,2.2222222222222223,Good
2025-10-04 20:00:00,7.3,97.0,997.1,26.2,213.0,1.9,0.4647074999999999,openaq_ground,2.2222222222222223,Good
2025-10-04 21:00:00,7.4,97.0,998.1,26.1,213.0,1.8,0.614,openaq_ground,3.333333333333333,Good
2025-10-04 22:00:00,7.4,97.0,998.6,27.4,211.0,1.3,0.982065,openaq_ground,5.0,Good
2025-10-04 23:00:00,7.3,96.0,999.2,28.5,212.0,1.1,0.8832249999999999,openaq_ground,4.444444444444445,Good
2025-10-05 00:00:00,7.6,92.0,999.2,26.3,216.0,1.1,0.475,openaq_ground,2.2222222222222223,Good
2025-10-05 01:00:00,8.0,87.0,999.3,27.0,210.0,0.2,0.411,openaq_ground,2.2222222222222223,Good
2025-10-05 02:00:00,8.0,90.0,999.3,29.9,211.0,0.4,0.7175,openaq_ground,3.8888888888888884,Good
2025-10-05 03:00:00,7.9,90.0,999.7,29.5,212.0,0.3,0.9382075,openaq_ground,5.0,Good
2025-10-05 04:00:00,7.8,89.0,1000.2,27.5,214.0,0.7,1.2278,openaq_ground,6.666666666666666,Good
2025-10-05 05:00:00,7.7,89.0,1000.6,25.9,208.0,0.5,1.2595825,openaq_ground,6.666666666666666,Good
2025-10-05 06:00:00,7.5,89.0,1000.7,23.6,208.0,0.4,1.749175,openaq_ground,9.444444444444445,Good
2025-10-05 07:00:00,7.2,91.0,1001.1,23.0,214.0,0.2,1.49125,openaq_ground,7.777777777777777,Good
2025-10-05 08:00:00,7.3,89.0,1001.8,21.3,218.0,0.4,1.6841325000000005,openaq_ground,8.88888888888889,Good
2025-10-05 09:00:00,6.8,92.0,1001.9,19.4,220.0,0.3,0.646,openaq_ground,3.333333333333333,Good
2025-10-05 10:00:00,6.8,90.0,1002.2,15.4,235.0,0.0,0.3936999999999999,openaq_ground,1.6666666666666665,Good
2025-10-05 11:00:00,6.4,91.0,1002.2,13.2,246.0,0.0,0.6120825,openaq_ground,3.333333333333333,Good
2025-10-05 12:00:00,5.4,92.0,1001.4,10.4,256.0,0.0,0.41755,openaq_ground,2.2222222222222223,Good
2025-10-05 13:00:00,4.7,92.0,1001.0,6.7,267.0,0.0,0.2588749999999999,openaq_ground,1.1111111111111112,Good
2025-10-05 14:00:00,3.0,93.0,1000.2,3.7,309.0,0.0,0.516475,openaq_ground,2.7777777777777777,Good
2025-10-05 15:00:00,2.6,93.0,999.7,4.8,335.0,0.0,1.48775,openaq_ground,7.777777777777777,Good
2025-10-05 16:00:00,1.3,94.0,998.2,7.7,360.0,0.0,1.6226250000000002,openaq_ground,8.88888888888889,Good
2025-10-05 17:00:00,0.8,96.0,998.0,9.9,359.0,0.0,1.5222250000000002,openaq_ground,8.333333333333332,Good
2025-10-05 18:00:00,2.0,92.0,996.8,12.5,15.0,0.0,6.40475,openaq_ground,35.55555555555556,Good
2025-10-05 19:00:00,3.0,90.0,996.3,10.8,15.0,0.0,2.6658325,openaq_ground,14.444444444444445,Good
2025-10-05 20:00:00,6.0,86.0,994.8,10.9,22.0,0.0,0.215,openaq_ground,1.1111111111111112,Good
2025-10-05 21:00:00,8.7,76.0,993.2,13.2,24.0,0.0,0.378,openaq_ground,1.6666666666666665,Good
2025-10-05 22:00:00,11.5,70.0,992.0,12.3,21.0,0.0,0.7789999999999999,openaq_ground,3.8888888888888884,Good
2025-10-05 23:00:00,14.0,66.0,991.1,11.0,15.0,0.0,0.775425,openaq_ground,3.8888888888888884,Good
2025-10-06 00:00:00,14.7,64.0,988.5,16.3,25.0,0.0,0.917675,openaq_ground,5.0,Good
2025-10-06 01:00:00,13.1,72.0,986.9,15.8,21.0,0.0,3.27905,openaq_ground,17.77777777777778,Good
2025-10-06 02:00:00,14.1,73.0,985.4,12.4,21.0,0.0,3.5,openaq_ground,19.444444444444443,Good
2025-10-06 03:00:00,13.7,68.0,983.1,14.2,33.0,0.0,4.1548750000000005,openaq_ground,22.777777777777775,Good
2025-10-06 04:00:00,14.1,57.0,981.7,17.2,34.0,0.0,3.3265,openaq_ground,18.333333333333332,Good
2025-10-06 05:00:00,14.7,58.0,981.0,19.8,21.0,0.0,1.9757,openaq_ground,10.555555555555555,Good
2025-10-06 06:00:00,15.4,56.0,980.6,18.7,1.0,0.0,0.0147925,openaq_ground,0.0,Good
2025-10-06 07:00:00,14.0,60.0,980.5,11.3,331.0,0.1,0.11275,openaq_ground,0.5555555555555556,Good
2025-10-06 08:00:00,12.1,69.0,981.1,10.8,260.0,0.0,0.2878,openaq_ground,1.1111111111111112,Good
2025-10-06 09:00:00,7.6,91.0,983.8,25.2,258.0,1.7,0.1372499999999999,openaq_ground,0.5555555555555556,Good
2025-10-06 10:00:00,8.4,83.0,983.6,14.9,251.0,0.4,0.1565,openaq_ground,0.5555555555555556,Good
2025-10-06 11:00:00,8.5,79.0,984.2,21.2,261.0,0.0,0.0623,openaq_ground,0.0,Good
2025-10-06 12:00:00,7.6,79.0,985.4,25.6,267.0,0.0,0.004175,openaq_ground,0.0,Good
2025-10-06 13:00:00,7.3,75.0,986.4,23.5,266.0,0.0,0.0020825,openaq_ground,0.0,Good
2025-10-06 14:00:00,7.1,71.0,986.7,21.2,270.0,0.0,0.0007075,openaq_ground,0.0,Good
2025-10-06 15:00:00,6.9,66.0,987.3,18.4,278.0,0.0,0.019225,openaq_ground,0.0,Good
2025-10-06 16:00:00,6.7,62.0,987.7,18.6,279.0,0.0,0.004825,openaq_ground,0.0,Good
2025-10-06 17:00:00,6.5,61.0,988.4,17.7,280.0,0.0,0.50595,openaq_ground,2.7777777777777777,Good
2025-10-06 18:00:00,6.5,59.0,989.4,18.5,276.0,0.0,8.08545,openaq_ground,44.44444444444444,Good
2025-10-06 19:00:00,7.1,60.0,990.3,20.2,272.0,0.0,0.78427,openaq_ground,3.8888888888888884,Good
2025-10-06 20:00:00,8.4,57.0,991.7,22.6,266.0,0.0,1.1695825,openaq_ground,6.111111111111112,Good
2025-10-06 21:00:00,8.8,59.0,993.1,27.0,260.0,0.0,0.5379499999999999,openaq_ground,2.7777777777777777,Good
2025-10-06 22:00:00,9.2,57.0,994.2,25.8,262.0,0.0,0.086175,openaq_ground,0.0,Good
2025-10-06 23:00:00,10.0,53.0,994.9,29.8,258.0,0.1,0.0795,openaq_ground,0.0,Good
2025-10-07 00:00:00,10.7,50.0,995.6,26.4,257.0,0.1,0.335,openaq_ground,1.6666666666666665,Good
2025-10-07 01:00:00,11.4,48.0,996.0,28.0,260.0,0.0,0.4070249999999999,openaq_ground,2.2222222222222223,Good
2025-10-07 02:00:00,11.5,48.0,996.7,30.2,255.0,0.0,0.67695,openaq_ground,3.333333333333333,Good
2025-10-07 03:00:00,11.4,49.0,997.1,27.1,259.0,0.0,0.329875,openaq_ground,1.6666666666666665,Good
2025-10-07 04:00:00,11.3,52.0,997.9,22.4,262.0,0.0,0.8674999999999999,openaq_ground,4.444444444444445,Good
2025-10-07 05:00:00,11.0,53.0,998.7,19.7,265.0,0.0,1.8,openaq_ground,10.0,Good
2025-10-07 06:00:00,11.1,55.0,998.4,14.9,263.0,0.0,0.62425,openaq_ground,3.333333333333333,Good
2025-10-07 07:00:00,10.0,56.0,999.4,12.4,279.0,0.0,0.91825,openaq_ground,5.0,Good
2025-10-07 08:00:00,8.9,62.0,1000.1,6.8,299.0,0.0,3.932125,openaq_ground,21.666666666666664,Good
2025-10-07 09:00:00,8.3,63.0,1000.8,5.3,325.0,0.0,3.407975,openaq_ground,18.88888888888889,Good
2025-10-07 10:00:00,8.1,60.0,1001.4,8.3,342.0,0.0,1.55575,openaq_ground,8.333333333333332,Good
2025-10-07 11:00:00,9.1,54.0,1001.7,13.8,323.0,0.0,0.1728499999999999,openaq_ground,0.5555555555555556,Good
2025-10-07 12:00:00,9.3,54.0,1001.5,13.8,321.0,0.0,0.0,openaq_ground,0.0,Good
2025-10-07 13:00:00,9.0,56.0,1001.8,12.0,320.0,0.0,0.0,openaq_ground,0.0,Good
2025-10-07 14:00:00,8.8,58.0,1001.6,11.3,324.0,0.0,0.001375,openaq_ground,0.0,Good
2025-10-07 15:00:00,8.5,61.0,1001.6,12.6,331.0,0.0,0.0028,openaq_ground,0.0,Good
2025-10-07 16:00:00,8.8,60.0,1001.4,12.6,346.0,0.0,0.0,openaq_ground,0.0,Good
2025-10-07 17:00:00,9.0,59.0,1001.4,13.0,343.0,0.0,0.0364499999999999,openaq_ground,0.0,Good
2025-10-07 18:00:00,8.2,62.0,1001.9,9.2,1.0,0.0,0.0281249999999999,openaq_ground,0.0,Good
2025-10-07 19:00:00,9.5,63.0,1002.5,9.2,358.0,0.0,0.09125,openaq_ground,0.0,Good
2025-10-07 20:00:00,12.1,61.0,1002.5,12.1,335.0,0.0,0.0285,openaq_ground,0.0,Good
2025-10-07 21:00:00,14.7,54.0,1002.7,11.9,322.0,0.0,0.0335,openaq_ground,0.0,Good
2025-10-07 22:00:00,16.2,49.0,1003.4,16.0,306.0,0.0,0.04175,openaq_ground,0.0,Good
2025-10-07 23:00:00,17.3,46.0,1003.7,18.9,291.0,0.0,0.018975,openaq_ground,0.0,Good
2025-10-08 00:00:00,18.9,41.0,1003.1,25.2,290.0,0.0,0.020875,openaq_ground,0.0,Good
2025-10-08 01:00:00,19.6,38.0,1003.1,22.5,281.0,0.0,0.0385,openaq_ground,0.0,Good
2025-10-08 02:00:00,19.9,38.0,1003.1,21.6,290.0,0.0,0.0153,openaq_ground,0.0,Good
2025-10-08 03:00:00,19.5,41.0,1003.6,21.0,301.0,0.0,0.01045,openaq_ground,0.0,Good
2025-10-08 04:00:00,19.1,41.0,1003.9,18.4,302.0,0.0,0.0,openaq_ground,0.0,Good
2025-10-08 05:00:00,18.1,47.0,1004.9,17.2,312.0,0.0,0.0055325,openaq_ground,0.0,Good
2025-10-08 06:00:00,16.6,49.0,1006.2,16.2,310.0,0.0,0.00345,openaq_ground,0.0,Good
2025-10-08 07:00:00,15.0,49.0,1007.2,14.1,313.0,0.0,0.6045499999999999,openaq_ground,3.333333333333333,Good
2025-10-08 08:00:00,14.1,51.0,1008.4,14.5,326.0,0.0,1.5695,openaq_ground,8.333333333333332,Good
2025-10-08 09:00:00,13.8,52.0,1008.9,15.5,334.0,0.0,0.759325,openaq_ground,3.8888888888888884,Good
2025-10-08 10:00:00,13.5,54.0,1009.2,12.9,341.0,0.0,0.3468,openaq_ground,1.6666666666666665,Good
2025-10-08 11:00:00,13.3,56.0,1009.6,13.4,331.0,0.0,0.0,openaq_ground,0.0,Good
2025-10-08 12:00:00,11.8,64.0,1008.8,12.3,352.0,0.0,0.0020825,openaq_ground,0.0,Good
2025-10-08 13:00:00,11.6,67.0,1009.2,9.9,351.0,0.0,0.0020825,openaq_ground,0.0,Good
2025-10-08 14:00:00,12.1,65.0,1008.9,11.3,346.0,0.0,0.0,openaq_ground,0.0,Good
2025-10-08 15:00:00,12.6,61.0,1008.6,11.7,329.0,0.0,0.0,openaq_ground,0.0,Good
2025-10-08 16:00:00,11.5,65.0,1008.6,6.8,325.0,0.0,0.000885,openaq_ground,0.0,Good
2025-10-08 17:00:00,10.3,70.0,1008.5,4.1,38.0,0.0,0.0034575,openaq_ground,0.0,Good
2025-10-08 18:00:00,10.4,70.0,1007.7,7.8,58.0,0.0,0.03475,openaq_ground,0.0,Good
2025-10-08 19:00:00,11.5,67.0,1007.4,8.4,48.0,0.0,0.1345,openaq_ground,0.5555555555555556,Good
2025-10-08 20:00:00,12.3,70.0,1007.5,2.9,101.0,0.0,0.40375,openaq_ground,2.2222222222222223,Good
2025-10-08 21:00:00,13.7,69.0,1008.2,2.0,153.0,0.0,0.117125,openaq_ground,0.5555555555555556,Good
2025-10-08 22:00:00,15.3,62.0,1008.2,3.4,74.0,0.0,0.68445,openaq_ground,3.333333333333333,Good
2025-10-08 23:00:00,16.7,60.0,1007.5,9.8,43.0,0.0,1.05395,openaq_ground,5.555555555555555,Good
2025-10-09 00:00:00,16.9,60.0,1007.3,9.8,36.0,0.0,1.100575,openaq_ground,6.111111111111112,Good
2025-10-09 01:00:00,16.8,63.0,1006.4,12.9,42.0,0.0,1.1107075000000002,openaq_ground,6.111111111111112,Good
2025-10-09 02:00:00,16.2,73.0,1006.0,12.3,68.0,0.0,1.75,openaq_ground,9.444444444444445,Good
2025-10-09 03:00:00,17.9,69.0,1005.3,9.5,51.0,0.0,0.6975,openaq_ground,3.333333333333333,Good
2025-10-09 04:00:00,19.0,57.0,1004.9,10.0,30.0,0.0,0.096175,openaq_ground,0.0,Good
2025-10-09 05:00:00,19.2,52.0,1004.5,9.6,357.0,0.0,0.528075,openaq_ground,2.7777777777777777,Good
2025-10-09 06:00:00,19.1,49.0,1004.1,13.7,342.0,0.0,1.2725,openaq_ground,6.666666666666666,Good
2025-10-09 07:00:00,17.8,53.0,1003.6,14.3,353.0,0.0,1.79725,openaq_ground,9.444444444444445,Good
2025-10-09 08:00:00,17.1,56.0,1003.2,12.1,354.0,0.0,2.7545,openaq_ground,15.0,Good
2025-10-09 09:00:00,16.4,61.0,1002.2,10.7,6.0,0.0,1.45525,openaq_ground,7.777777777777777,Good
2025-10-09 10:00:00,15.1,69.0,1002.1,6.4,331.0,0.0,0.825925,openaq_ground,4.444444444444445,Good
2025-10-09 11:00:00,13.6,79.0,1001.8,2.5,184.0,0.0,0.6007,openaq_ground,3.333333333333333,Good
2025-10-09 12:00:00,13.8,79.0,1000.1,16.8,32.0,0.4,0.4528999999999999,openaq_ground,2.2222222222222223,Good
2025-10-09 13:00:00,12.7,83.0,998.6,15.5,33.0,0.0,0.447125,openaq_ground,2.2222222222222223,Good
2025-10-09 14:00:00,12.9,77.0,998.3,15.5,1.0,0.5,0.0026,openaq_ground,0.0,Good
2025-10-09 15:00:00,13.2,77.0,997.6,17.5,345.0,0.0,0.0,openaq_ground,0.0,Good
2025-10-09 16:00:00,14.2,68.0,997.6,23.4,320.0,0.0,0.0,openaq_ground,0.0,Good
2025-10-09 17:00:00,14.5,64.0,998.5,19.4,317.0,0.0,0.0,openaq_ground,0.0,Good
2025-10-09 18:00:00,14.3,65.0,999.0,16.2,326.0,0.0,0.01245,openaq_ground,0.0,Good
2025-10-09 19:00:00,15.6,61.0,999.7,17.8,313.0,0.0,0.09775,openaq_ground,0.0,Good
2025-10-09 20:00:00,16.4,61.0,1000.9,16.6,287.0,0.0,0.024625,openaq_ground,0.0,Good
2025-10-09 21:00:00,17.7,66.0,1002.3,12.8,239.0,0.0,0.0310825,openaq_ground,0.0,Good
2025-10-09 22:00:00,18.6,46.0,1003.4,22.6,254.0,0.0,0.028675,openaq_ground,0.0,Good
2025-10-09 23:00:00,18.0,52.0,1004.6,24.2,244.0,0.0,0.028125,openaq_ground,0.0,Good
2025-10-10 00:00:00,19.6,28.0,1004.6,22.4,257.0,0.0,0.044375,openaq_ground,0.0,Good
2025-10-10 01:00:00,20.6,26.0,1004.4,17.2,254.0,0.0,0.160825,openaq_ground,0.5555555555555556,Good
2025-10-10 02:00:00,21.1,26.0,1004.2,12.8,251.0,0.0,0.2884675,openaq_ground,1.1111111111111112,Good
2025-10-10 03:00:00,20.6,33.0,1004.5,4.0,180.0,0.0,4.4961,openaq_ground,24.444444444444446,Good
2025-10-10 04:00:00,18.5,66.0,1005.3,12.1,88.0,0.0,1.5154999999999998,openaq_ground,8.333333333333332,Good
2025-10-10 05:00:00,14.5,67.0,1006.1,16.3,73.0,0.0,2.35225,openaq_ground,12.777777777777777,Good
2025-10-10 06:00:00,13.1,70.0,1005.5,11.2,58.0,0.0,2.783,openaq_ground,15.0,Good
2025-10-10 07:00:00,11.6,67.0,1005.3,16.7,48.0,0.0,2.180425,openaq_ground,11.666666666666666,Good
2025-10-10 08:00:00,11.7,67.0,1005.5,22.9,31.0,0.0,1.940175,openaq_ground,10.555555555555555,Good
2025-10-10 09:00:00,11.7,63.0,1005.5,24.3,36.0,0.0,1.5681675,openaq_ground,8.333333333333332,Good
2025-10-10 10:00:00,11.8,58.0,1005.1,25.6,37.0,0.0,1.342475,openaq_ground,7.222222222222222,Good
2025-10-10 11:00:00,11.5,60.0,1004.4,22.6,40.0,0.0,1.1298,openaq_ground,6.111111111111112,Good
2025-10-10 12:00:00,10.1,72.0,1003.7,18.0,41.0,0.0,0.640825,openaq_ground,3.333333333333333,Good
2025-10-10 13:00:00,10.1,70.0,1003.0,13.4,33.0,0.0,0.7293000000000001,openaq_ground,3.8888888888888884,Good
2025-10-10 14:00:00,9.8,71.0,1002.1,14.2,26.0,0.0,0.8205,openaq_ground,4.444444444444445,Good
2025-10-10 15:00:00,10.3,68.0,1001.0,15.3,27.0,0.0,0.557375,openaq_ground,2.7777777777777777,Good
2025-10-10 16:00:00,10.8,68.0,1000.0,15.5,27.0,0.0,0.1362499999999999,openaq_ground,0.5555555555555556,Good
2025-10-10 17:00:00,12.3,65.0,999.6,15.6,23.0,0.0,0.0712,openaq_ground,0.0,Good
2025-10-10 18:00:00,12.2,61.0,999.8,17.0,34.0,0.0,0.0385999999999999,openaq_ground,0.0,Good
2025-10-10 19:00:00,13.5,59.0,1000.0,16.3,36.0,0.0,0.0834075,openaq_ground,0.0,Good
2025-10-10 20:00:00,16.0,59.0,999.6,13.5,46.0,0.0,0.045175,openaq_ground,0.0,Good
2025-10-10 21:00:00,18.1,52.0,999.6,11.6,44.0,0.0,0.2512574999999999,openaq_ground,1.1111111111111112,Good
2025-10-10 22:00:00,19.9,49.0,999.7,9.4,3.0,0.0,0.0,openaq_ground,0.0,Good
2025-10-10 23:00:00,21.4,45.0,999.8,14.1,301.0,0.0,0.0028,openaq_ground,0.0,Good
2025-10-11 00:00:00,23.1,30.0,999.5,27.5,294.0,0.0,0.0,openaq_ground,0.0,Good
2025-10-11 01:00:00,23.1,24.0,999.8,21.7,282.0,0.0,0.0074333333333333,openaq_ground,0.0,Good
2025-10-11 02:00:00,22.6,29.0,999.7,22.4,308.0,0.0,0.0132,openaq_ground,0.0,Good
2025-10-11 03:00:00,21.7,33.0,999.3,24.0,312.0,0.0,0.0194333333333333,openaq_ground,0.0,Good
2025-10-11 04:00:00,21.2,36.0,998.9,22.4,313.0,0.0,0.036,openaq_ground,0.0,Good
2025-10-11 05:00:00,20.6,40.0,999.0,15.7,301.0,0.0,0.0513333333333333,openaq_ground,0.0,Good
2025-10-11 06:00:00,20.1,41.0,998.6,10.7,330.0,0.0,0.0463333333333333,openaq_ground,0.0,Good
2025-10-11 07:00:00,18.0,42.0,998.3,11.4,335.0,0.0,0.1237333333333333,openaq_ground,0.5555555555555556,Good
2025-10-11 08:00:00,16.8,41.0,998.3,16.0,333.0,0.0,1.2333333333333334,openaq_ground,6.666666666666666,Good
2025-10-11 09:00:00,16.4,43.0,998.3,19.8,326.0,0.0,0.0556666666666666,openaq_ground,0.0,Good
2025-10-11 10:00:00,15.7,46.0,998.0,18.3,319.0,0.0,0.0626666666666666,openaq_ground,0.0,Good
2025-10-11 11:00:00,14.6,50.0,998.1,10.4,321.0,0.0,0.0313333333333333,openaq_ground,0.0,Good
2025-10-11 12:00:00,12.0,58.0,997.1,6.4,349.0,0.0,0.0,openaq_ground,0.0,Good
2025-10-11 13:00:00,12.9,51.0,996.6,11.0,350.0,0.0,0.0030566666666666,openaq_ground,0.0,Good
2025-10-11 14:00:00,13.8,47.0,996.0,19.7,324.0,0.0,0.0046,openaq_ground,0.0,Good
2025-10-11 15:00:00,13.6,61.0,996.0,20.9,314.0,0.3,0.0022933333333333,openaq_ground,0.0,Good
2025-10-11 16:00:00,12.9,63.0,996.8,9.7,299.0,0.0,0.0083333333333333,openaq_ground,0.0,Good
2025-10-11 17:00:00,11.0,72.0,997.4,6.4,320.0,0.0,0.0129333333333333,openaq_ground,0.0,Good
2025-10-11 18:00:00,13.3,53.0,997.3,15.9,304.0,0.0,0.2127666666666666,openaq_ground,1.1111111111111112,Good
2025-10-11 19:00:00,13.7,55.0,997.9,11.7,285.0,0.0,0.0293766666666666,openaq_ground,0.0,Good
2025-10-11 20:00:00,14.7,58.0,998.3,5.9,225.0,0.0,0.0101666666666666,openaq_ground,0.0,Good
2025-10-11 21:00:00,15.9,54.0,998.6,11.2,252.0,0.0,0.0175666666666666,openaq_ground,0.0,Good
2025-10-11 22:00:00,17.0,41.0,999.0,18.5,259.0,0.1,0.1160666666666666,openaq_ground,0.5555555555555556,Good
2025-10-11 23:00:00,17.3,42.0,999.6,19.8,260.0,0.0,0.1593333333333333,openaq_ground,0.5555555555555556,Good
2025-10-12 00:00:00,18.1,39.0,999.3,9.9,286.0,0.0,0.2333333333333333,openaq_ground,1.1111111111111112,Good
2025-10-12 01:00:00,19.0,35.0,999.0,15.2,286.0,0.0,0.4466666666666667,openaq_ground,2.2222222222222223,Good
2025-10-12 02:00:00,18.4,36.0,998.8,12.4,306.0,0.0,0.7221266666666667,openaq_ground,3.8888888888888884,Good
2025-10-12 03:00:00,15.9,44.0,999.2,2.7,184.0,0.0,1.7289333333333332,openaq_ground,9.444444444444445,Good
2025-10-12 04:00:00,13.2,80.0,1000.2,8.0,166.0,5.9,3.3363333333333336,openaq_ground,18.333333333333332,Good
2025-10-12 05:00:00,10.1,88.0,1001.6,12.6,134.0,3.0,2.8523666666666667,openaq_ground,15.555555555555554,Good
2025-10-12 06:00:00,11.0,85.0,1001.7,7.8,50.0,0.1,2.81655,openaq_ground,15.555555555555554,Good
2025-10-12 07:00:00,9.5,90.0,1002.4,0.9,180.0,1.4,3.22825,openaq_ground,17.77777777777778,Good
2025-10-12 08:00:00,9.6,95.0,1002.5,7.4,39.0,0.0,3.03545,openaq_ground,16.666666666666664,Good
2025-10-12 09:00:00,9.2,96.0,1002.3,10.1,31.0,0.0,2.3951,openaq_ground,12.777777777777777,Good
2025-10-12 10:00:00,8.8,96.0,1002.6,1.8,53.0,0.0,2.6074,openaq_ground,14.444444444444445,Good
2025-10-12 11:00:00,8.8,98.0,1002.7,5.3,35.0,0.0,2.443175,openaq_ground,13.333333333333332,Good
2025-10-12 12:00:00,8.7,94.0,1002.6,11.6,47.0,0.0,1.6078,openaq_ground,8.88888888888889,Good
2025-10-12 13:00:00,9.2,94.0,1002.5,10.6,48.0,0.0,1.150775,openaq_ground,6.111111111111112,Good
2025-10-12 14:00:00,9.0,94.0,1002.1,9.6,37.0,0.0,0.940885,openaq_ground,5.0,Good
2025-10-12 15:00:00,8.4,95.0,1001.6,4.0,355.0,0.0,0.68875,openaq_ground,3.333333333333333,Good
2025-10-12 16:00:00,7.6,95.0,1001.4,4.6,329.0,0.0,0.3155,openaq_ground,1.6666666666666665,Good
2025-10-12 17:00:00,7.4,97.0,1002.1,11.1,236.0,0.0,1.544,openaq_ground,8.333333333333332,Good
2025-10-12 18:00:00,7.7,96.0,1002.4,7.4,227.0,0.0,1.727,openaq_ground,9.444444444444445,Good
2025-10-12 19:00:00,8.9,90.0,1002.7,5.7,189.0,0.1,0.5345500000000001,openaq_ground,2.7777777777777777,Good
2025-10-12 20:00:00,9.2,89.0,1002.9,2.2,114.0,0.2,0.2785,openaq_ground,1.1111111111111112,Good
2025-10-12 21:00:00,10.0,83.0,1002.7,1.9,158.0,0.0,0.6106250000000001,openaq_ground,3.333333333333333,Good
2025-10-12 22:00:00,10.6,79.0,1002.4,5.5,136.0,0.2,0.0177,openaq_ground,0.0,Good
2025-10-12 23:00:00,10.6,79.0,1002.1,7.0,145.0,0.1,0.17975,openaq_ground,0.5555555555555556,Good
2025-10-13 00:00:00,10.4,75.0,1001.7,8.6,98.0,0.5,0.589,openaq_ground,2.7777777777777777,Good
2025-10-13 01:00:00,9.9,80.0,1001.0,12.6,103.0,2.5,0.355,openaq_ground,1.6666666666666665,Good
2025-10-13 02:00:00,9.0,84.0,1000.4,14.5,105.0,0.5,0.909,openaq_ground,5.0,Good
2025-10-13 03:00:00,8.6,91.0,1000.6,12.1,110.0,1.2,1.36,openaq_ground,7.222222222222222,Good
2025-10-13 04:00:00,7.7,95.0,1000.6,9.7,119.0,1.7,1.32675,openaq_ground,7.222222222222222,Good
2025-10-13 05:00:00,8.4,84.0,999.9,12.8,76.0,0.3,3.782,openaq_ground,20.555555555555557,Good
2025-10-13 06:00:00,7.1,91.0,1001.1,10.3,131.0,0.3,3.444,openaq_ground,18.88888888888889,Good
2025-10-13 07:00:00,6.7,97.0,1001.2,9.3,124.0,0.8,6.3356,openaq_ground,35.0,Good
2025-10-13 08:00:00,6.6,97.0,1001.8,6.4,98.0,0.8,4.904000000000001,openaq_ground,27.222222222222225,Good
2025-10-13 09:00:00,6.7,95.0,1002.3,2.3,203.0,1.2,2.19434,openaq_ground,11.666666666666666,Good
2025-10-13 10:00:00,6.6,97.0,1002.3,6.3,347.0,1.0,3.0235,openaq_ground,16.666666666666664,Good
2025-10-13 11:00:00,6.4,96.0,1002.2,6.8,342.0,0.4,1.332,openaq_ground,7.222222222222222,Good
2025-10-13 12:00:00,5.8,92.0,1002.1,10.0,334.0,0.1,0.1002,openaq_ground,0.5555555555555556,Good
2025-10-13 13:00:00,5.5,92.0,1002.0,10.1,329.0,0.0,0.159825,openaq_ground,0.5555555555555556,Good
2025-10-13 14:00:00,4.2,93.0,1002.1,8.4,332.0,0.0,0.067525,openaq_ground,0.0,Good
2025-10-13 15:00:00,3.7,94.0,1002.5,8.0,332.0,0.0,0.049,openaq_ground,0.0,Good
2025-10-13 16:00:00,3.8,92.0,1002.9,9.0,325.0,0.0,0.0679,openaq_ground,0.0,Good
2025-10-13 17:00:00,4.4,87.0,1003.4,9.6,296.0,0.0,0.2,openaq_ground,1.1111111111111112,Good
2025-10-13 18:00:00,4.8,87.0,1004.3,13.2,275.0,0.0,0.3732,openaq_ground,1.6666666666666665,Good
2025-10-13 19:00:00,5.9,86.0,1005.0,14.6,273.0,0.0,2.52914,openaq_ground,13.88888888888889,Good
2025-10-13 20:00:00,7.4,81.0,1005.5,16.2,257.0,0.0,0.3703999999999999,openaq_ground,1.6666666666666665,Good
2025-10-13 21:00:00,8.4,73.0,1005.7,19.8,251.0,0.1,0.7968,openaq_ground,3.8888888888888884,Good
2025-10-13 22:00:00,9.4,63.0,1005.9,19.6,241.0,0.0,3.1098,openaq_ground,17.22222222222222,Good
2025-10-13 23:00:00,10.0,60.0,1006.0,18.8,236.0,0.0,0.4532,openaq_ground,2.2222222222222223,Good
2025-10-14 00:00:00,10.1,60.0,1005.9,17.4,233.0,0.1,0.34108,openaq_ground,1.6666666666666665,Good
2025-10-14 01:00:00,10.4,60.0,1005.8,17.1,228.0,0.0,0.8713999999999998,openaq_ground,4.444444444444445,Good
2025-10-14 02:00:00,10.9,59.0,1005.7,14.6,224.0,0.0,1.0148,openaq_ground,5.555555555555555,Good
2025-10-14 03:00:00,10.8,61.0,1005.5,13.8,212.0,0.1,0.259,openaq_ground,1.1111111111111112,Good
2025-10-14 04:00:00,10.6,65.0,1005.5,13.3,208.0,0.0,0.28536,openaq_ground,1.1111111111111112,Good
2025-10-14 05:00:00,10.2,68.0,1005.4,13.1,203.0,0.0,0.4452,openaq_ground,2.2222222222222223,Good
2025-10-14 06:00:00,9.2,74.0,1005.5,12.1,178.0,0.0,1.052,openaq_ground,5.555555555555555,Good
2025-10-14 07:00:00,7.8,84.0,1006.0,3.5,78.0,0.0,1.7559999999999998,openaq_ground,9.444444444444445,Good
2025-10-14 08:00:00,7.8,85.0,1006.3,7.7,41.0,0.0,1.296,openaq_ground,6.666666666666666,Good
2025-10-14 09:00:00,7.9,84.0,1006.5,8.7,38.0,0.0,0.4332000000000001,openaq_ground,2.2222222222222223,Good
2025-10-14 10:00:00,7.7,83.0,1006.5,9.2,33.0,0.0,0.297,openaq_ground,1.1111111111111112,Good
2025-10-14 11:00:00,7.8,81.0,1006.3,10.7,29.0,0.0,0.3086,openaq_ground,1.6666666666666665,Good
2025-10-14 12:00:00,6.9,84.0,1005.7,14.0,18.0,0.0,0.5993999999999999,openaq_ground,2.7777777777777777,Good
2025-10-14 13:00:00,6.3,86.0,1005.3,12.5,21.0,0.0,0.936566,openaq_ground,5.0,Good
2025-10-14 14:00:00,5.8,89.0,1004.7,10.0,14.0,0.0,0.89604,openaq_ground,4.444444444444445,Good
2025-10-14 15:00:00,5.0,92.0,1004.5,7.6,3.0,0.0,0.673566,openaq_ground,3.333333333333333,Good
2025-10-14 16:00:00,4.2,93.0,1004.5,9.2,349.0,0.0,0.8286,openaq_ground,4.444444444444445,Good
2025-10-14 17:00:00,3.4,95.0,1004.5,11.4,349.0,0.0,1.8848,openaq_ground,10.0,Good
2025-10-14 18:00:00,3.4,93.0,1004.3,15.3,357.0,0.0,4.416566,openaq_ground,24.444444444444446,Good
2025-10-14 19:00:00,5.0,87.0,1004.0,13.8,354.0,0.0,2.8986,openaq_ground,15.555555555555554,Good
2025-10-14 20:00:00,8.1,81.0,1003.9,11.0,356.0,0.0,0.7762,openaq_ground,3.8888888888888884,Good
2025-10-14 21:00:00,11.6,71.0,1004.1,6.7,358.0,0.0,2.6932,openaq_ground,14.444444444444445,Good
2025-10-14 22:00:00,13.6,54.0,1003.9,9.9,335.0,0.0,1.1782,openaq_ground,6.111111111111112,Good
2025-10-14 23:00:00,13.8,52.0,1004.1,13.5,315.0,0.0,0.426,openaq_ground,2.2222222222222223,Good
2025-10-15 00:00:00,16.2,45.0,1002.9,12.7,342.0,0.0,0.1122,openaq_ground,0.5555555555555556,Good
2025-10-15 01:00:00,16.6,45.0,1002.2,17.4,294.0,0.0,0.03374,openaq_ground,0.0,Good
2025-10-15 02:00:00,16.9,45.0,1001.8,18.4,293.0,0.0,0.005,openaq_ground,0.0,Good
2025-10-15 03:00:00,17.5,43.0,1001.2,11.2,298.0,0.0,0.6302000000000001,openaq_ground,3.333333333333333,Good
2025-10-15 04:00:00,17.6,41.0,1000.6,6.6,291.0,0.0,1.1367,openaq_ground,6.111111111111112,Good
2025-10-15 05:00:00,13.0,67.0,1001.8,11.6,198.0,0.4,3.1698,openaq_ground,17.22222222222222,Good
2025-10-15 06:00:00,12.3,86.0,1000.8,6.9,62.0,0.0,3.3598800000000004,openaq_ground,18.333333333333332,Good
2025-10-15 07:00:00,11.7,93.0,1000.8,3.3,9.0,0.0,1.393,openaq_ground,7.222222222222222,Good
2025-10-15 08:00:00,11.2,94.0,1000.9,2.5,352.0,0.0,0.25724,openaq_ground,1.1111111111111112,Good
2025-10-15 09:00:00,11.0,86.0,1001.0,2.4,351.0,0.0,0.042,openaq_ground,0.0,Good
2025-10-15 10:00:00,10.5,77.0,1001.1,3.3,351.0,0.0,0.016626,openaq_ground,0.0,Good
2025-10-15 11:00:00,10.0,71.0,1000.9,6.5,347.0,0.0,0.076366,openaq_ground,0.0,Good
2025-10-15 12:00:00,10.4,59.0,999.4,13.2,350.0,0.0,0.00334,openaq_ground,0.0,Good
2025-10-15 13:00:00,10.6,59.0,999.2,10.9,333.0,0.0,0.01094,openaq_ground,0.0,Good
2025-10-15 14:00:00,11.1,59.0,998.9,14.7,307.0,0.0,0.0070599999999999,openaq_ground,0.0,Good
2025-10-15 15:00:00,9.6,67.0,998.7,5.6,270.0,0.0,0.00404,openaq_ground,0.0,Good
2025-10-15 16:00:00,9.5,73.0,999.2,10.1,248.0,0.2,0.0,openaq_ground,0.0,Good
2025-10-15 17:00:00,11.0,63.0,999.5,22.8,265.0,0.0,0.009586,openaq_ground,0.0,Good
2025-10-15 18:00:00,8.2,89.0,1001.4,23.1,252.0,0.8,2.2348,openaq_ground,12.222222222222223,Good
2025-10-15 19:00:00,8.4,86.0,1002.5,29.3,255.0,0.7,0.4201,openaq_ground,2.2222222222222223,Good
2025-10-15 20:00:00,8.7,76.0,1003.8,32.8,261.0,0.0,1.7984000000000002,openaq_ground,9.444444444444445,Good
2025-10-15 21:00:00,8.7,71.0,1005.1,30.8,266.0,0.0,0.4372,openaq_ground,2.2222222222222223,Good
2025-10-15 22:00:00,10.1,60.0,1006.1,38.3,258.0,0.0,0.69174,openaq_ground,3.333333333333333,Good
2025-10-15 23:00:00,10.5,61.0,1006.9,36.7,259.0,0.4,0.625534,openaq_ground,3.333333333333333,Good
2025-10-16 00:00:00,11.3,55.0,1008.2,30.7,257.0,0.0,5.1818,openaq_ground,28.33333333333333,Good
2025-10-16 01:00:00,11.4,52.0,1009.1,37.3,252.0,0.2,2.4912060000000005,openaq_ground,13.333333333333332,Good
2025-10-16 02:00:00,11.5,50.0,1010.2,39.0,247.0,0.1,2.1163,openaq_ground,11.666666666666666,Good
2025-10-16 03:00:00,12.1,52.0,1010.8,36.0,246.0,0.0,1.85522,openaq_ground,10.0,Good
2025-10-16 04:00:00,12.0,52.0,1011.6,32.9,246.0,0.0,1.3756400000000002,openaq_ground,7.222222222222222,Good
2025-10-16 05:00:00,11.6,53.0,1012.4,28.7,246.0,0.0,1.87324,openaq_ground,10.0,Good
2025-10-16 06:00:00,11.0,59.0,1013.4,23.4,238.0,0.0,1.713,openaq_ground,9.444444444444445,Good
2025-10-16 07:00:00,9.7,63.0,1014.3,17.2,238.0,0.0,2.4332000000000003,openaq_ground,13.333333333333332,Good
2025-10-16 08:00:00,8.6,68.0,1015.2,8.7,283.0,0.0,2.9984,openaq_ground,16.11111111111111,Good
2025-10-16 09:00:00,7.6,73.0,1015.5,7.1,306.0,0.0,3.3618,openaq_ground,18.333333333333332,Good
2025-10-16 10:00:00,6.8,78.0,1015.4,4.7,317.0,0.0,3.7346,openaq_ground,20.555555555555557,Good
2025-10-16 11:00:00,5.8,82.0,1015.1,4.3,15.0,0.0,3.12176,openaq_ground,17.22222222222222,Good
2025-10-16 12:00:00,6.6,76.0,1014.8,12.3,18.0,0.0,1.99838,openaq_ground,10.555555555555555,Good
2025-10-16 13:00:00,7.8,69.0,1014.6,12.2,28.0,0.0,1.3383,openaq_ground,7.222222222222222,Good
2025-10-16 14:00:00,8.4,70.0,1013.7,13.8,26.0,0.0,1.0768,openaq_ground,5.555555555555555,Good
2025-10-16 15:00:00,8.3,72.0,1012.4,13.5,25.0,0.0,0.93202,openaq_ground,5.0,Good
2025-10-16 16:00:00,7.8,73.0,1011.7,11.6,16.0,0.0,0.96324,openaq_ground,5.0,Good
2025-10-16 17:00:00,8.4,66.0,1011.3,12.3,11.0,0.0,1.0828,openaq_ground,5.555555555555555,Good
2025-10-16 18:00:00,7.5,64.0,1011.0,14.3,15.0,0.0,1.103942,openaq_ground,6.111111111111112,Good
2025-10-16 19:00:00,9.2,59.0,1010.6,13.5,14.0,0.0,1.189766,openaq_ground,6.111111111111112,Good
2025-10-16 20:00:00,12.4,60.0,1010.3,10.1,20.0,0.0,1.04986,openaq_ground,5.555555555555555,Good
2025-10-16 21:00:00,15.0,55.0,1010.3,7.6,15.0,0.0,1.16714,openaq_ground,6.111111111111112,Good
2025-10-16 22:00:00,17.2,49.0,1010.4,6.2,12.0,0.0,1.19398,openaq_ground,6.111111111111112,Good
2025-10-16 23:00:00,18.5,40.0,1010.0,7.4,356.0,0.0,1.305666,openaq_ground,7.222222222222222,Good
2025-10-17 00:00:00,19.0,45.0,1008.8,9.7,25.0,0.0,1.70966,openaq_ground,9.444444444444445,Good
2025-10-17 01:00:00,20.1,34.0,1008.2,6.8,3.0,0.0,1.514966,openaq_ground,8.333333333333332,Good
2025-10-17 02:00:00,20.2,33.0,1007.0,7.2,354.0,0.0,2.3444,openaq_ground,12.777777777777777,Good
2025-10-17 03:00:00,19.6,37.0,1006.8,8.3,321.0,0.0,2.2998,openaq_ground,12.222222222222223,Good
2025-10-17 04:00:00,18.4,43.0,1006.7,14.7,332.0,0.0,1.0062760000000002,openaq_ground,5.555555555555555,Good
2025-10-17 05:00:00,17.3,45.0,1006.3,22.4,332.0,0.0,0.6612,openaq_ground,3.333333333333333,Good
2025-10-17 06:00:00,16.8,46.0,1005.0,17.7,351.0,0.0,0.5668,openaq_ground,2.7777777777777777,Good
2025-10-17 07:00:00,16.9,44.0,1004.8,18.3,354.0,0.0,0.067166,openaq_ground,0.0,Good
2025-10-17 08:00:00,16.1,44.0,1003.9,19.8,3.0,0.0,0.036666,openaq_ground,0.0,Good
2025-10-17 09:00:00,15.3,45.0,1002.9,22.4,11.0,0.0,0.00776,openaq_ground,0.0,Good
2025-10-17 10:00:00,15.0,46.0,1002.5,20.9,8.0,0.0,0.02516,openaq_ground,0.0,Good
2025-10-17 11:00:00,14.2,50.0,1001.6,19.7,25.0,0.0,0.00462,openaq_ground,0.0,Good
2025-10-17 12:00:00,14.0,46.0,1000.2,24.0,33.0,0.0,0.02322,openaq_ground,0.0,Good
2025-10-17 13:00:00,13.9,47.0,998.7,23.4,34.0,0.0,0.006686,openaq_ground,0.0,Good
2025-10-17 14:00:00,13.7,49.0,997.8,21.9,24.0,0.0,0.012766,openaq_ground,0.0,Good
2025-10-17 15:00:00,13.0,52.0,997.2,19.6,30.0,0.0,0.01876,openaq_ground,0.0,Good
2025-10-17 16:00:00,12.9,54.0,995.4,19.4,29.0,0.0,0.032266,openaq_ground,0.0,Good
2025-10-17 17:00:00,12.9,55.0,995.3,16.6,19.0,0.0,0.00276,openaq_ground,0.0,Good
2025-10-17 18:00:00,14.2,52.0,995.5,21.1,1.0,0.0,0.00502,openaq_ground,0.0,Good
2025-10-17 19:00:00,14.3,58.0,996.8,11.3,340.0,0.0,0.0,openaq_ground,0.0,Good
2025-10-17 20:00:00,16.1,56.0,997.5,3.8,5.0,0.0,0.00416,openaq_ground,0.0,Good
2025-10-17 21:00:00,15.6,58.0,999.0,24.5,181.0,0.0,0.1159999999999999,openaq_ground,0.5555555555555556,Good
2025-10-17 22:00:00,13.4,71.0,1000.9,23.1,228.0,0.0,0.2208,openaq_ground,1.1111111111111112,Good
2025-10-17 23:00:00,11.9,75.0,1001.8,15.7,242.0,0.1,0.301266,openaq_ground,1.6666666666666665,Good
2025-10-18 00:00:00,14.3,64.0,1001.4,16.8,223.0,0.0,0.442,openaq_ground,2.2222222222222223,Good
2025-10-18 01:00:00,14.2,64.0,1001.6,10.3,174.0,0.0,0.8131,openaq_ground,4.444444444444445,Good
2025-10-18 02:00:00,11.1,82.0,1002.2,17.0,111.0,0.9,0.974,openaq_ground,5.0,Good
2025-10-18 03:00:00,9.9,86.0,1002.9,9.4,95.0,0.8,0.8085660000000001,openaq_ground,4.444444444444445,Good
2025-10-18 04:00:00,10.4,81.0,1003.3,6.0,153.0,0.2,1.36,openaq_ground,7.222222222222222,Good
2025-10-18 05:00:00,10.4,80.0,1003.7,1.4,113.0,0.0,1.818,openaq_ground,10.0,Good
2025-10-18 06:00:00,9.4,88.0,1004.6,10.2,54.0,0.6,1.85356,openaq_ground,10.0,Good
2025-10-18 07:00:00,8.8,91.0,1004.9,11.4,38.0,1.6,1.652,openaq_ground,8.88888888888889,Good
2025-10-18 08:00:00,8.3,93.0,1005.2,10.0,41.0,0.0,1.1792,openaq_ground,6.111111111111112,Good
2025-10-18 09:00:00,7.6,94.0,1005.2,13.4,26.0,0.0,1.087,openaq_ground,5.555555555555555,Good
2025-10-18 10:00:00,7.4,94.0,1004.8,15.0,29.0,0.0,0.6624399999999999,openaq_ground,3.333333333333333,Good
2025-10-18 11:00:00,7.3,93.0,1004.0,14.9,28.0,0.0,0.5703,openaq_ground,2.7777777777777777,Good
2025-10-18 12:00:00,7.1,92.0,1003.5,17.5,34.0,0.0,0.4698,openaq_ground,2.2222222222222223,Good
2025-10-18 13:00:00,7.1,91.0,1002.4,18.8,34.0,0.0,0.4819000000000001,openaq_ground,2.2222222222222223,Good
2025-10-18 14:00:00,7.0,89.0,1001.4,19.4,25.0,0.0,0.2764,openaq_ground,1.1111111111111112,Good
2025-10-18 15:00:00,6.9,86.0,1000.8,19.5,20.0,0.0,0.1177999999999999,openaq_ground,0.5555555555555556,Good
2025-10-18 16:00:00,6.8,83.0,1000.3,18.8,5.0,0.0,0.11564,openaq_ground,0.5555555555555556,Good
2025-10-18 17:00:00,6.6,79.0,1000.0,14.9,2.0,0.1,0.0,openaq_ground,0.0,Good
2025-10-18 18:00:00,6.4,73.0,1002.0,13.3,330.0,2.0,0.0585399999999999,openaq_ground,0.0,Good
2025-10-18 19:00:00,6.0,86.0,1003.2,9.5,323.0,1.1,0.3561999999999999,openaq_ground,1.6666666666666665,Good
2025-10-18 20:00:00,7.3,87.0,1003.0,6.1,294.0,0.0,0.27814,openaq_ground,1.1111111111111112,Good
2025-10-18 21:00:00,9.7,66.0,1002.7,7.6,248.0,0.0,0.0221,openaq_ground,0.0,Good
2025-10-18 22:00:00,11.9,43.0,1002.7,16.9,269.0,0.0,0.4228,openaq_ground,2.2222222222222223,Good
2025-10-18 23:00:00,10.4,54.0,1003.5,19.9,266.0,0.4,0.00916,openaq_ground,0.0,Good
2025-10-19 00:00:00,13.0,36.0,1003.3,26.8,272.0,0.0,0.04614,openaq_ground,0.0,Good
2025-10-19 01:00:00,12.6,41.0,1003.3,26.1,259.0,0.1,0.015276,openaq_ground,0.0,Good
2025-10-19 02:00:00,8.7,73.0,1005.0,22.5,244.0,1.0,0.0348,openaq_ground,0.0,Good
2025-10-19 03:00:00,10.7,60.0,1004.9,26.8,246.0,0.0,0.08118,openaq_ground,0.0,Good
2025-10-19 04:00:00,10.4,60.0,1005.6,28.3,242.0,0.1,0.07154,openaq_ground,0.0,Good
2025-10-19 05:00:00,9.5,69.0,1006.7,21.2,243.0,0.1,0.6741999999999999,openaq_ground,3.333333333333333,Good
2025-10-19 06:00:00,9.6,70.0,1006.6,11.5,224.0,0.0,1.416,openaq_ground,7.777777777777777,Good
2025-10-19 07:00:00,8.7,76.0,1007.3,8.4,239.0,0.0,2.2644,openaq_ground,12.222222222222223,Good
2025-10-19 08:00:00,7.7,83.0,1007.8,3.6,288.0,0.0,2.7182,openaq_ground,15.0,Good
2025-10-19 09:00:00,7.9,84.0,1007.8,4.7,9.0,0.0,1.815,openaq_ground,10.0,Good
2025-10-19 10:00:00,7.9,82.0,1007.6,12.7,32.0,0.0,0.1914,openaq_ground,0.5555555555555556,Good
2025-10-19 11:00:00,8.2,83.0,1007.1,13.8,57.0,0.4,0.1173999999999999,openaq_ground,0.5555555555555556,Good
2025-10-19 12:00:00,8.7,79.0,1005.1,23.3,37.0,0.0,0.2834,openaq_ground,1.1111111111111112,Good
2025-10-19 13:00:00,8.6,79.0,1004.0,21.8,38.0,0.5,0.11216,openaq_ground,0.5555555555555556,Good
2025-10-19 14:00:00,8.4,80.0,1001.8,19.0,35.0,0.2,0.03868,openaq_ground,0.0,Good
2025-10-19 15:00:00,7.6,81.0,1000.4,19.8,31.0,0.5,0.01168,openaq_ground,0.0,Good
2025-10-19 16:00:00,7.7,76.0,999.2,19.2,34.0,0.2,0.02114,openaq_ground,0.0,Good
2025-10-19 17:00:00,7.3,77.0,998.4,12.7,33.0,0.0,0.0372,openaq_ground,0.0,Good
2025-10-19 18:00:00,7.6,79.0,997.1,15.7,41.0,0.0,0.15792,openaq_ground,0.5555555555555556,Good
2025-10-19 19:00:00,8.1,82.0,996.1,13.3,42.0,0.0,0.06906,openaq_ground,0.0,Good
2025-10-19 20:00:00,10.0,75.0,995.6,9.8,60.0,0.0,0.04006,openaq_ground,0.0,Good
2025-10-19 21:00:00,11.3,73.0,993.1,22.5,341.0,0.1,0.0945199999999999,openaq_ground,0.0,Good
2025-10-19 22:00:00,12.8,58.0,992.0,38.7,328.0,0.0,0.02844,openaq_ground,0.0,Good
2025-10-19 23:00:00,13.7,59.0,992.9,31.5,312.0,0.1,0.001376,openaq_ground,0.0,Good
2025-10-20 00:00:00,13.1,70.0,995.3,17.0,255.0,0.1,0.15674,openaq_ground,0.5555555555555556,Good
2025-10-20 01:00:00,11.9,76.0,995.1,16.5,292.0,1.5,0.233406,openaq_ground,1.1111111111111112,Good
2025-10-20 02:00:00,10.6,87.0,994.3,25.7,314.0,1.5,0.9424,openaq_ground,5.0,Good
2025-10-20 03:00:00,9.9,90.0,993.2,19.5,323.0,1.9,0.947266,openaq_ground,5.0,Good
2025-10-20 04:00:00,10.4,91.0,993.1,16.9,321.0,0.8,3.906,openaq_ground,21.666666666666664,Good
2025-10-20 05:00:00,11.0,84.0,992.9,17.4,325.0,0.6,3.3259250000000002,openaq_ground,18.333333333333332,Good
2025-10-20 06:00:00,10.5,88.0,992.3,13.8,347.0,0.3,2.74585,openaq_ground,15.0,Good
2025-10-20 07:00:00,10.5,85.0,991.7,18.1,344.0,0.3,2.165775,openaq_ground,11.666666666666666,Good
2025-10-20 08:00:00,10.3,83.0,992.0,12.3,321.0,0.1,1.5857,openaq_ground,8.333333333333332,Good
2025-10-20 09:00:00,9.1,90.0,992.0,2.5,184.0,0.0,2.0199000000000003,openaq_ground,11.11111111111111,Good
2025-10-20 10:00:00,7.9,95.0,991.4,2.2,55.0,0.0,1.20954,openaq_ground,6.666666666666666,Good
2025-10-20 11:00:00,8.0,94.0,991.1,6.5,358.0,0.1,0.1694,openaq_ground,0.5555555555555556,Good
2025-10-20 12:00:00,8.2,89.0,989.6,13.7,4.0,0.0,0.0,openaq_ground,0.0,Good
2025-10-20 13:00:00,7.9,91.0,988.8,12.9,6.0,0.0,0.0,openaq_ground,0.0,Good
2025-10-20 14:00:00,7.4,92.0,987.4,11.7,350.0,0.0,0.00224,openaq_ground,0.0,Good
2025-10-20 15:00:00,6.9,93.0,986.6,11.8,351.0,0.0,0.002232,openaq_ground,0.0,Good
2025-10-20 16:00:00,6.9,91.0,986.1,10.9,351.0,0.0,0.00416,openaq_ground,0.0,Good
2025-10-20 17:00:00,7.2,88.0,985.6,11.5,346.0,0.0,0.05794,openaq_ground,0.0,Good
2025-10-20 18:00:00,7.8,80.0,985.1,10.0,346.0,0.0,0.354776,openaq_ground,1.6666666666666665,Good
2025-10-20 19:00:00,10.4,73.0,985.0,9.1,346.0,0.0,0.2143,openaq_ground,1.1111111111111112,Good
2025-10-20 20:00:00,13.2,72.0,984.2,11.7,315.0,0.0,0.166,openaq_ground,0.5555555555555556,Good
2025-10-20 21:00:00,13.9,60.0,984.1,12.2,287.0,0.3,0.024546,openaq_ground,0.0,Good
2025-10-20 22:00:00,13.5,60.0,984.9,22.5,262.0,0.1,0.0242,openaq_ground,0.0,Good
2025-10-20 23:00:00,11.9,75.0,986.4,15.6,259.0,4.3,0.06118,openaq_ground,0.0,Good
2025-10-21 00:00:00,13.8,60.0,985.8,23.5,261.0,0.1,0.02092,openaq_ground,0.0,Good
2025-10-21 01:00:00,12.9,53.0,986.8,28.3,245.0,0.0,0.02248,openaq_ground,0.0,Good
2025-10-21 02:00:00,11.1,68.0,988.3,28.1,249.0,0.2,0.0157,openaq_ground,0.0,Good
2025-10-21 03:00:00,10.6,66.0,989.2,30.6,252.0,0.2,0.02446,openaq_ground,0.0,Good
2025-10-21 04:00:00,10.2,49.0,990.3,34.0,265.0,0.1,0.0462,openaq_ground,0.0,Good
2025-10-21 05:00:00,9.8,49.0,991.6,34.0,259.0,0.0,0.0919799999999999,openaq_ground,0.0,Good
2025-10-21 06:00:00,9.1,61.0,992.1,19.4,254.0,0.0,0.01,openaq_ground,0.0,Good
2025-10-21 07:00:00,8.4,57.0,993.2,20.8,252.0,0.0,0.15524,openaq_ground,0.5555555555555556,Good
2025-10-21 08:00:00,7.9,55.0,994.4,24.4,266.0,0.0,0.0946,openaq_ground,0.0,Good
2025-10-21 09:00:00,8.0,52.0,995.5,22.9,269.0,0.0,0.0286259999999999,openaq_ground,0.0,Good
2025-10-21 10:00:00,7.8,50.0,996.2,22.1,276.0,0.0,0.0206,openaq_ground,0.0,Good
2025-10-21 11:00:00,7.7,49.0,996.8,23.3,279.0,0.0,0.00334,openaq_ground,0.0,Good
2025-10-21 12:00:00,8.1,50.0,996.8,24.6,281.0,0.0,0.007646,openaq_ground,0.0,Good
2025-10-21 13:00:00,8.8,48.0,996.2,30.6,284.0,0.0,0.0,openaq_ground,0.0,Good
2025-10-21 14:00:00,8.6,48.0,995.9,22.4,289.0,0.0,0.0006799999999999,openaq_ground,0.0,Good
2025-10-21 15:00:00,8.7,49.0,995.6,20.4,300.0,0.0,0.0,openaq_ground,0.0,Good
2025-10-21 16:00:00,9.0,50.0,995.1,21.3,297.0,0.0,0.0,openaq_ground,0.0,Good
2025-10-21 17:00:00,9.8,49.0,994.9,21.1,290.0,0.0,0.01788,openaq_ground,0.0,Good
2025-10-21 18:00:00,10.4,49.0,994.6,18.2,282.0,0.0,0.0951,openaq_ground,0.0,Good
2025-10-21 19:00:00,11.8,49.0,994.7,19.9,282.0,0.0,0.00504,openaq_ground,0.0,Good
2025-10-21 20:00:00,12.9,49.0,994.8,21.5,281.0,0.0,0.00276,openaq_ground,0.0,Good
2025-10-21 21:00:00,13.4,49.0,995.5,21.8,271.0,0.0,0.03006,openaq_ground,0.0,Good
2025-10-21 22:00:00,14.2,47.0,995.8,24.0,268.0,0.0,0.026266,openaq_ground,0.0,Good
2025-10-21 23:00:00,15.1,46.0,996.0,25.2,263.0,0.0,0.3948399999999999,openaq_ground,1.6666666666666665,Good
2025-10-22 00:00:00,17.5,40.0,994.8,24.8,261.0,0.0,0.003468,openaq_ground,0.0,Good
2025-10-22 01:00:00,17.1,44.0,995.6,27.7,251.0,0.0,0.0,openaq_ground,0.0,Good
2025-10-22 02:00:00,18.0,41.0,995.6,23.6,260.0,0.0,0.00334,openaq_ground,0.0,Good
2025-10-22 03:00:00,17.5,43.0,995.6,21.3,256.0,0.0,0.0037919999999999,openaq_ground,0.0,Good
2025-10-22 04:00:00,16.5,50.0,995.9,15.0,243.0,0.0,0.08726,openaq_ground,0.0,Good
2025-10-22 05:00:00,16.4,52.0,995.9,10.6,246.0,0.0,0.1366,openaq_ground,0.5555555555555556,Good
2025-10-22 06:00:00,15.7,65.0,995.1,3.1,260.0,0.0,0.511,openaq_ground,2.7777777777777777,Good
2025-10-22 07:00:00,14.0,73.0,995.4,2.1,31.0,0.0,0.7594,openaq_ground,3.8888888888888884,Good
2025-10-22 08:00:00,13.1,80.0,995.3,6.1,85.0,0.0,0.7550000000000001,openaq_ground,3.8888888888888884,Good
2025-10-22 09:00:00,12.1,88.0,995.4,8.6,116.0,0.0,0.6894,openaq_ground,3.333333333333333,Good
2025-10-22 10:00:00,10.9,88.0,995.0,11.7,104.0,0.0,0.4816,openaq_ground,2.2222222222222223,Good
2025-10-22 11:00:00,10.5,85.0,993.9,7.2,68.0,0.6,0.4152,openaq_ground,2.2222222222222223,Good
2025-10-22 12:00:00,10.3,86.0,991.4,7.1,36.0,0.1,0.4625999999999999,openaq_ground,2.2222222222222223,Good
2025-10-22 13:00:00,10.2,89.0,990.9,5.9,322.0,1.0,0.4024,openaq_ground,2.2222222222222223,Good
2025-10-22 14:00:00,10.0,94.0,988.5,10.5,19.0,1.7,0.1768,openaq_ground,0.5555555555555556,Good
2025-10-22 15:00:00,10.4,92.0,986.3,14.5,31.0,1.1,0.5251659999999999,openaq_ground,2.7777777777777777,Good
2025-10-22 16:00:00,10.5,89.0,984.5,16.6,49.0,0.1,0.52184,openaq_ground,2.7777777777777777,Good
2025-10-22 17:00:00,10.5,88.0,981.6,19.9,44.0,0.1,0.5521,openaq_ground,2.7777777777777777,Good
2025-10-22 18:00:00,11.0,84.0,976.9,30.2,34.0,0.4,0.4522,openaq_ground,2.2222222222222223,Good
2025-10-22 19:00:00,11.4,87.0,972.9,33.8,24.0,1.0,0.00462,openaq_ground,0.0,Good
2025-10-22 20:00:00,13.1,89.0,970.7,25.7,16.0,1.2,0.03004,openaq_ground,0.0,Good
2025-10-22 21:00:00,14.6,84.0,968.0,26.0,23.0,0.9,0.03822,openaq_ground,0.0,Good
2025-10-22 22:00:00,18.7,69.0,967.1,16.8,356.0,0.1,0.002376,openaq_ground,0.0,Good
2025-10-22 23:00:00,21.8,53.0,966.3,21.9,321.0,0.0,0.00432,openaq_ground,0.0,Good
2025-10-23 00:00:00,21.2,39.0,964.8,44.9,304.0,0.0,0.0419,openaq_ground,0.0,Good
2025-10-23 01:00:00,13.7,59.0,971.6,54.9,270.0,1.0,0.001666,openaq_ground,0.0,Good
2025-10-23 02:00:00,11.1,64.0,974.8,43.8,264.0,0.2,0.0,openaq_ground,0.0,Good
2025-10-23 03:00:00,10.8,61.0,977.9,43.5,261.0,0.0,0.105,openaq_ground,0.5555555555555556,Good
2025-10-23 04:00:00,9.6,63.0,980.5,40.7,257.0,0.0,0.2818,openaq_ground,1.1111111111111112,Good
2025-10-23 05:00:00,8.9,62.0,982.5,35.3,259.0,0.0,0.4196,openaq_ground,2.2222222222222223,Good
2025-10-23 06:00:00,8.8,60.0,983.7,31.9,252.0,0.0,0.3742,openaq_ground,1.6666666666666665,Good
2025-10-23 07:00:00,7.3,66.0,985.4,34.7,257.0,0.0,0.355,openaq_ground,1.6666666666666665,Good
2025-10-23 08:00:00,6.4,70.0,986.7,36.2,256.0,0.0,0.01365,openaq_ground,0.0,Good
2025-10-23 09:00:00,6.3,67.0,988.5,33.9,256.0,0.0,0.046875,openaq_ground,0.0,Good
2025-10-23 10:00:00,5.9,67.0,990.1,33.8,260.0,0.0,0.0090325,openaq_ground,0.0,Good
2025-10-23 11:00:00,5.7,66.0,991.3,31.7,263.0,0.0,0.0048825,openaq_ground,0.0,Good
2025-10-23 12:00:00,5.6,62.0,992.2,22.9,275.0,0.0,0.0007075,openaq_ground,0.0,Good
2025-10-23 13:00:00,6.6,48.0,992.4,29.7,269.0,0.0,0.0,openaq_ground,0.0,Good
2025-10-23 14:00:00,6.7,50.0,993.1,32.8,264.0,0.0,0.0035075,openaq_ground,0.0,Good
2025-10-23 15:00:00,6.3,53.0,994.1,30.6,269.0,0.0,0.0007075,openaq_ground,0.0,Good
2025-10-23 16:00:00,6.4,53.0,995.3,29.6,265.0,0.0,0.0042075,openaq_ground,0.0,Good
2025-10-23 17:00:00,6.3,54.0,996.3,29.1,266.0,0.0,0.014225,openaq_ground,0.0,Good
2025-10-23 18:00:00,6.1,58.0,997.1,27.8,265.0,0.0,0.02845,openaq_ground,0.0,Good
2025-10-23 19:00:00,7.0,56.0,997.9,28.1,268.0,0.0,0.0186,openaq_ground,0.0,Good
2025-10-23 20:00:00,8.5,54.0,998.4,24.9,272.0,0.0,0.126475,openaq_ground,0.5555555555555556,Good
2025-10-23 21:00:00,9.7,46.0,998.8,28.2,264.0,0.0,0.01766,openaq_ground,0.0,Good
2025-10-23 22:00:00,10.7,47.0,999.0,25.6,266.0,0.0,0.57408,openaq_ground,2.7777777777777777,Good
2025-10-23 23:00:00,12.3,40.0,998.8,25.1,267.0,0.1,0.01114,openaq_ground,0.0,Good
2025-10-24 00:00:00,13.8,35.0,997.7,17.5,273.0,0.0,0.001276,openaq_ground,0.0,Good
2025-10-24 01:00:00,15.3,33.0,996.3,13.0,280.0,0.0,0.0392,openaq_ground,0.0,Good
2025-10-24 02:00:00,14.9,38.0,996.1,11.8,291.0,0.0,0.1689999999999999,openaq_ground,0.5555555555555556,Good
2025-10-24 03:00:00,14.4,38.0,995.2,4.2,43.0,0.0,0.2746,openaq_ground,1.1111111111111112,Good
2025-10-24 04:00:00,13.3,50.0,995.2,5.4,206.0,0.2,0.3454,openaq_ground,1.6666666666666665,Good
2025-10-24 05:00:00,11.1,73.0,995.6,14.7,205.0,0.2,1.0318,openaq_ground,5.555555555555555,Good
2025-10-24 06:00:00,9.7,74.0,994.8,2.0,45.0,0.0,3.4120000000000004,openaq_ground,18.88888888888889,Good
2025-10-24 07:00:00,9.9,81.0,994.7,5.8,334.0,0.0,0.3104,openaq_ground,1.6666666666666665,Good
2025-10-24 08:00:00,9.4,85.0,994.8,1.1,198.0,2.0,0.277,openaq_ground,1.1111111111111112,Good
2025-10-24 09:00:00,8.6,78.0,994.5,4.6,244.0,1.5,0.2654,openaq_ground,1.1111111111111112,Good
2025-10-24 10:00:00,8.3,73.0,994.4,5.1,318.0,0.1,0.01944,openaq_ground,0.0,Good
2025-10-24 11:00:00,7.4,71.0,994.4,5.8,284.0,0.0,0.0,openaq_ground,0.0,Good
2025-10-24 12:00:00,7.2,78.0,993.8,13.8,342.0,0.0,0.00276,openaq_ground,0.0,Good
2025-10-24 13:00:00,6.7,80.0,993.3,8.7,336.0,0.0,0.0,openaq_ground,0.0,Good
2025-10-24 14:00:00,5.9,82.0,992.7,8.0,340.0,0.0,0.00224,openaq_ground,0.0,Good
2025-10-24 15:00:00,5.6,83.0,992.4,9.0,330.0,0.0,0.04256,openaq_ground,0.0,Good
2025-10-24 16:00:00,5.2,84.0,992.6,7.5,330.0,0.0,0.01318,openaq_ground,0.0,Good
2025-10-24 17:00:00,4.4,88.0,992.8,4.6,349.0,0.0,0.017764,openaq_ground,0.0,Good
2025-10-24 18:00:00,4.1,92.0,992.7,7.8,9.0,0.0,0.0944,openaq_ground,0.0,Good
2025-10-24 19:00:00,7.4,80.0,992.5,11.3,352.0,0.0,0.03684,openaq_ground,0.0,Good
2025-10-24 20:00:00,11.0,62.0,992.6,11.8,310.0,0.0,0.0404,openaq_ground,0.0,Good
2025-10-24 21:00:00,12.8,49.0,992.5,13.0,312.0,0.0,0.0068,openaq_ground,0.0,Good
2025-10-24 22:00:00,13.5,43.0,992.6,29.0,267.0,0.1,0.000708,openaq_ground,0.0,Good
2025-10-24 23:00:00,13.8,47.0,992.6,24.1,270.0,0.0,0.018626,openaq_ground,0.0,Good
2025-10-25 00:00:00,14.9,40.0,991.7,20.3,288.0,0.0,0.0,openaq_ground,0.0,Good
2025-10-25 01:00:00,16.0,39.0,990.5,21.8,270.0,0.5,0.0114,openaq_ground,0.0,Good
2025-10-25 02:00:00,16.3,38.0,990.0,24.4,264.0,0.0,0.008926,openaq_ground,0.0,Good
2025-10-25 03:00:00,12.6,58.0,990.7,24.3,256.0,1.1,0.03914,openaq_ground,0.0,Good
2025-10-25 04:00:00,13.5,53.0,990.4,23.1,250.0,0.0,0.2728,openaq_ground,1.1111111111111112,Good
2025-10-25 05:00:00,12.6,53.0,990.8,20.9,249.0,0.1,0.69718,openaq_ground,3.333333333333333,Good
2025-10-25 06:00:00,10.5,78.0,991.0,14.7,213.0,0.1,0.2253,openaq_ground,1.1111111111111112,Good
2025-10-25 07:00:00,9.5,75.0,991.5,13.5,245.0,0.2,0.07872,openaq_ground,0.0,Good
2025-10-25 08:00:00,8.6,76.0,992.3,15.4,235.0,0.0,0.08862,openaq_ground,0.0,Good
2025-10-25 09:00:00,7.4,82.0,992.7,9.2,223.0,0.0,0.49046,openaq_ground,2.2222222222222223,Good
2025-10-25 10:00:00,5.8,89.0,992.7,3.8,221.0,0.0,0.65086,openaq_ground,3.333333333333333,Good
2025-10-25 11:00:00,5.3,89.0,992.7,0.4,27.0,0.0,0.2359,openaq_ground,1.1111111111111112,Good
2025-10-25 12:00:00,5.8,83.0,992.5,5.1,23.0,0.0,0.150908,openaq_ground,0.5555555555555556,Good
2025-10-25 13:00:00,4.6,84.0,992.0,7.1,10.0,0.0,0.02484,openaq_ground,0.0,Good
2025-10-25 14:00:00,4.3,82.0,991.1,7.0,1.0,0.0,0.008346,openaq_ground,0.0,Good
2025-10-25 15:00:00,4.1,77.0,990.6,7.7,349.0,0.0,0.008326,openaq_ground,0.0,Good
2025-10-25 16:00:00,3.6,77.0,990.5,4.8,333.0,0.0,0.04886,openaq_ground,0.0,Good
2025-10-25 17:00:00,3.0,82.0,990.5,8.9,335.0,0.0,0.0300599999999999,openaq_ground,0.0,Good
2025-10-25 18:00:00,5.2,76.0,991.0,8.8,313.0,0.0,0.36756,openaq_ground,1.6666666666666665,Good
2025-10-25 19:00:00,6.9,75.0,990.9,9.0,345.0,0.0,0.02994,openaq_ground,0.0,Good
2025-10-25 20:00:00,9.5,67.0,990.7,4.7,332.0,0.0,0.001376,openaq_ground,0.0,Good
2025-10-25 21:00:00,10.8,61.0,990.4,5.4,233.0,0.0,0.0624199999999999,openaq_ground,0.0,Good
2025-10-25 22:00:00,7.8,83.0,990.9,9.0,206.0,3.2,0.04295999999999995,openaq_ground,0.0,Good
2025-10-25 23:00:00,10.2,77.0,989.9,5.0,167.0,0.3,0.0235,openaq_ground,0.0,Good
2025-10-26 00:00:00,9.1,79.0,990.4,12.7,207.0,3.6,0.04018,openaq_ground,0.0,Good
2025-10-26 01:00:00,9.0,82.0,989.4,8.2,61.0,1.0,0.2826,openaq_ground,1.1111111111111112,Good
2025-10-26 02:00:00,10.2,82.0,988.1,6.2,83.0,1.2,0.186,openaq_ground,0.5555555555555556,Good
2025-10-26 03:00:00,12.1,67.0,986.6,9.2,57.0,0.1,0.1853999999999999,openaq_ground,0.5555555555555556,Good
2025-10-26 04:00:00,11.8,64.0,985.1,5.8,51.0,1.3,0.725,openaq_ground,3.8888888888888884,Good
2025-10-26 05:00:00,11.8,64.0,984.6,4.8,45.0,0.5,1.193842,openaq_ground,6.111111111111112,Good
2025-10-26 06:00:00,11.3,70.0,982.7,14.1,23.0,0.0,0.83126,openaq_ground,4.444444444444445,Good
2025-10-26 07:00:00,11.9,49.0,982.3,17.7,308.0,0.0,0.1008059999999999,openaq_ground,0.5555555555555556,Good
2025-10-26 08:00:00,10.9,53.0,982.3,18.6,296.0,0.0,0.59756,openaq_ground,2.7777777777777777,Good
2025-10-26 09:00:00,9.4,66.0,983.8,11.9,228.0,0.0,0.0,openaq_ground,0.0,Good
2025-10-26 10:00:00,8.7,73.0,984.3,6.1,289.0,0.0,0.1102,openaq_ground,0.5555555555555556,Good
2025-10-26 11:00:00,9.1,69.0,985.3,18.6,262.0,0.2,0.062466,openaq_ground,0.0,Good
2025-10-26 12:00:00,8.1,85.0,985.0,10.7,253.0,1.1,0.0,openaq_ground,0.0,Good
2025-10-26 13:00:00,7.3,91.0,985.8,17.0,231.0,0.9,0.02618,openaq_ground,0.0,Good
2025-10-26 14:00:00,6.2,91.0,986.2,18.8,234.0,0.1,0.105,openaq_ground,0.5555555555555556,Good
2025-10-26 15:00:00,5.6,91.0,987.2,18.6,243.0,0.2,0.0744399999999999,openaq_ground,0.0,Good
2025-10-26 16:00:00,5.4,90.0,987.8,15.4,247.0,0.2,0.02316,openaq_ground,0.0,Good
2025-10-26 17:00:00,5.3,89.0,988.2,13.1,247.0,0.2,0.0067059999999999,openaq_ground,0.0,Good
2025-10-26 18:00:00,5.3,88.0,988.9,11.7,239.0,0.1,0.0482,openaq_ground,0.0,Good
2025-10-26 19:00:00,5.7,86.0,989.2,9.3,243.0,0.0,0.08546,openaq_ground,0.0,Good
2025-10-26 20:00:00,6.3,79.0,989.5,7.2,245.0,0.0,1.0178,openaq_ground,5.555555555555555,Good
2025-10-26 21:00:00,6.7,76.0,989.5,8.4,239.0,0.0,0.5778,openaq_ground,2.7777777777777777,Good
2025-10-26 22:00:00,6.6,76.0,989.4,9.9,228.0,0.3,1.5681999999999998,openaq_ground,8.333333333333332,Good
2025-10-26 23:00:00,6.8,74.0,989.4,11.5,225.0,0.4,4.199599999999999,openaq_ground,22.777777777777775,Good
2025-10-27 00:00:00,6.0,81.0,989.2,9.1,198.0,1.2,7.0274,openaq_ground,38.888888888888886,Good
2025-10-27 01:00:00,5.3,89.0,988.7,8.3,184.0,1.9,3.932,openaq_ground,21.666666666666664,Good
2025-10-27 02:00:00,5.0,91.0,988.1,9.6,143.0,1.8,3.698708,openaq_ground,20.0,Good
2025-10-27 03:00:00,4.5,92.0,987.7,11.5,134.0,1.9,6.454000000000001,openaq_ground,35.55555555555556,Good
2025-10-27 04:00:00,4.0,94.0,987.1,11.2,143.0,2.0,6.156000000000001,openaq_ground,33.888888888888886,Good
2025-10-27 05:00:00,3.7,95.0,986.7,11.7,160.0,1.7,6.928,openaq_ground,38.333333333333336,Good
2025-10-27 06:00:00,2.8,90.0,986.3,14.1,184.0,1.5,4.274,openaq_ground,23.333333333333332,Good
2025-10-27 07:00:00,2.6,92.0,986.5,15.1,200.0,0.8,2.5838,openaq_ground,13.88888888888889,Good
2025-10-27 08:00:00,2.3,93.0,987.3,13.3,207.0,1.0,1.9208,openaq_ground,10.555555555555555,Good
2025-10-27 09:00:00,2.0,95.0,987.7,11.3,226.0,1.0,1.52,openaq_ground,8.333333333333332,Good
2025-10-27 10:00:00,1.9,96.0,987.9,8.3,259.0,0.5,1.433376,openaq_ground,7.777777777777777,Good
2025-10-27 11:00:00,1.8,98.0,988.1,9.4,273.0,0.4,0.4868599999999999,openaq_ground,2.2222222222222223,Good
2025-10-27 12:00:00,1.6,98.0,988.3,8.9,278.0,0.2,0.07886,openaq_ground,0.0,Good
2025-10-27 13:00:00,1.1,98.0,988.6,11.2,281.0,0.2,0.0289,openaq_ground,0.0,Good
2025-10-27 14:00:00,1.8,91.0,988.7,11.9,273.0,0.1,0.0089,openaq_ground,0.0,Good
2025-10-27 15:00:00,2.1,89.0,989.1,11.4,265.0,0.1,0.02556,openaq_ground,0.0,Good
2025-10-27 16:00:00,1.8,89.0,989.5,13.2,266.0,0.0,0.06022,openaq_ground,0.0,Good
2025-10-27 17:00:00,1.6,88.0,990.0,12.3,273.0,0.0,1.41256,openaq_ground,7.777777777777777,Good
2025-10-27 18:00:00,2.1,88.0,990.6,16.0,271.0,0.0,2.1006,openaq_ground,11.666666666666666,Good
2025-10-27 19:00:00,3.3,83.0,991.1,17.3,269.0,0.0,2.3276,openaq_ground,12.777777777777777,Good
2025-10-27 20:00:00,4.0,78.0,991.9,17.4,251.0,0.0,3.83,openaq_ground,21.11111111111111,Good
2025-10-27 21:00:00,5.0,75.0,992.4,17.5,244.0,0.0,0.12014,openaq_ground,0.5555555555555556,Good
2025-10-27 22:00:00,5.8,71.0,992.9,18.3,252.0,0.1,1.0716,openaq_ground,5.555555555555555,Good
2025-10-27 23:00:00,7.1,66.0,993.3,17.7,258.0,0.1,2.12934,openaq_ground,11.666666666666666,Good
2025-10-28 00:00:00,7.8,59.0,992.9,19.5,251.0,0.1,2.24464,openaq_ground,12.222222222222223,Good
2025-10-28 01:00:00,7.1,62.0,992.9,16.0,246.0,0.1,2.6564,openaq_ground,14.444444444444445,Good
2025-10-28 02:00:00,6.3,69.0,993.3,20.3,262.0,1.4,0.6237999999999999,openaq_ground,3.333333333333333,Good
2025-10-28 03:00:00,8.4,62.0,992.6,16.0,270.0,0.0,0.6954,openaq_ground,3.333333333333333,Good
2025-10-28 04:00:00,8.2,59.0,992.8,19.6,259.0,0.1,0.5394,openaq_ground,2.7777777777777777,Good
2025-10-28 05:00:00,7.1,63.0,993.4,16.8,286.0,0.3,2.52144,openaq_ground,13.88888888888889,Good
2025-10-28 06:00:00,7.3,63.0,993.6,15.1,269.0,0.0,3.8988,openaq_ground,21.11111111111111,Good
2025-10-28 07:00:00,6.2,72.0,994.3,6.1,270.0,0.0,5.776000000000001,openaq_ground,31.666666666666668,Good
2025-10-28 08:00:00,4.5,80.0,995.2,4.4,330.0,0.0,11.22,openaq_ground,54.91254752851711,Moderate
2025-10-28 09:00:00,3.2,82.0,996.1,3.2,317.0,0.0,8.5534,openaq_ground,47.22222222222222,Good
2025-10-28 10:00:00,2.2,82.0,997.0,5.3,336.0,0.0,5.3234,openaq_ground,29.444444444444443,Good
2025-10-28 11:00:00,3.0,77.0,997.6,8.9,331.0,0.0,0.499766,openaq_ground,2.2222222222222223,Good
2025-10-28 12:00:00,2.7,85.0,998.7,7.7,298.0,0.0,0.0274,openaq_ground,0.0,Good
2025-10-28 13:00:00,3.5,82.0,999.3,12.1,295.0,0.0,0.00794,openaq_ground,0.0,Good
2025-10-28 14:00:00,3.9,79.0,999.7,17.1,277.0,0.0,0.0010999999999999,openaq_ground,0.0,Good
2025-10-28 15:00:00,4.1,77.0,1000.7,21.3,275.0,0.0,0.0062799999999999,openaq_ground,0.0,Good
2025-10-28 16:00:00,4.6,77.0,1001.8,23.7,265.0,0.0,0.01966,openaq_ground,0.0,Good
2025-10-28 17:00:00,4.5,79.0,1003.2,23.5,264.0,0.0,0.8696000000000002,openaq_ground,4.444444444444445,Good
2025-10-28 18:00:00,4.8,79.0,1004.2,21.2,269.0,0.0,6.083600000000001,openaq_ground,33.33333333333333,Good
2025-10-28 19:00:00,6.0,76.0,1005.4,20.7,267.0,0.0,0.8253,openaq_ground,4.444444444444445,Good
2025-10-28 20:00:00,7.5,67.0,1006.2,22.0,266.0,0.0,0.31568,openaq_ground,1.6666666666666665,Good
2025-10-28 21:00:00,8.8,58.0,1006.7,30.6,256.0,0.0,0.554476,openaq_ground,2.7777777777777777,Good
2025-10-28 22:00:00,9.6,54.0,1007.5,29.7,256.0,0.0,3.19088,openaq_ground,17.22222222222222,Good
2025-10-28 23:00:00,10.4,51.0,1007.8,28.3,255.0,0.0,2.2148,openaq_ground,12.222222222222223,Good
2025-10-29 00:00:00,11.2,51.0,1007.6,26.8,259.0,0.0,1.18902,openaq_ground,6.111111111111112,Good
2025-10-29 01:00:00,11.7,49.0,1007.5,25.3,259.0,0.0,0.30794,openaq_ground,1.6666666666666665,Good
2025-10-29 02:00:00,12.3,48.0,1007.4,22.5,258.0,0.1,0.6134999999999999,openaq_ground,3.333333333333333,Good
2025-10-29 03:00:00,12.5,49.0,1007.1,23.5,264.0,0.0,0.08544,openaq_ground,0.0,Good
2025-10-29 04:00:00,12.6,49.0,1007.1,21.9,261.0,0.1,0.5161659999999999,openaq_ground,2.7777777777777777,Good
2025-10-29 05:00:00,12.5,50.0,1007.5,19.0,255.0,0.0,0.60624,openaq_ground,3.333333333333333,Good
2025-10-29 06:00:00,12.1,57.0,1007.4,8.1,258.0,0.0,0.3522,openaq_ground,1.6666666666666665,Good
2025-10-29 07:00:00,10.8,70.0,1007.6,0.9,307.0,0.0,0.8455600000000001,openaq_ground,4.444444444444445,Good
2025-10-29 08:00:00,9.0,76.0,1008.3,3.6,162.0,0.0,0.5801999999999999,openaq_ground,2.7777777777777777,Good
2025-10-29 09:00:00,8.2,84.0,1008.9,3.5,75.0,0.0,0.8558600000000001,openaq_ground,4.444444444444445,Good
2025-10-29 10:00:00,7.9,87.0,1008.9,6.3,24.0,0.0,1.27066,openaq_ground,6.666666666666666,Good
2025-10-29 11:00:00,7.1,84.0,1008.5,7.6,4.0,0.0,0.471726,openaq_ground,2.2222222222222223,Good
2025-10-29 12:00:00,6.1,90.0,1008.3,10.3,6.0,0.0,0.5516,openaq_ground,2.7777777777777777,Good
2025-10-29 13:00:00,5.8,80.0,1007.6,10.4,351.0,0.0,0.08814,openaq_ground,0.0,Good
2025-10-29 14:00:00,6.2,68.0,1007.0,11.9,337.0,0.0,0.00334,openaq_ground,0.0,Good
2025-10-29 15:00:00,6.9,64.0,1006.5,12.3,331.0,0.0,0.0384,openaq_ground,0.0,Good
2025-10-29 16:00:00,7.5,62.0,1006.4,12.5,327.0,0.0,0.008866,openaq_ground,0.0,Good
2025-10-29 17:00:00,7.8,61.0,1006.1,13.8,328.0,0.0,0.9416,openaq_ground,5.0,Good
2025-10-29 18:00:00,7.3,64.0,1005.9,14.3,342.0,0.0,0.4482,openaq_ground,2.2222222222222223,Good
2025-10-29 19:00:00,9.6,62.0,1006.1,12.9,333.0,0.0,0.3019,openaq_ground,1.6666666666666665,Good
2025-10-29 20:00:00,12.2,53.0,1005.8,14.4,316.0,0.0,0.0217,openaq_ground,0.0,Good
2025-10-29 21:00:00,13.2,50.0,1005.2,17.9,308.0,0.0,0.0,openaq_ground,0.0,Good
2025-10-29 22:00:00,13.5,48.0,1005.1,24.2,281.0,0.2,0.0511,openaq_ground,0.0,Good
2025-10-29 23:00:00,14.3,45.0,1004.7,24.9,278.0,0.2,0.08562,openaq_ground,0.0,Good
2025-10-30 00:00:00,16.0,41.0,1003.3,18.1,287.0,0.1,0.015732,openaq_ground,0.0,Good
2025-10-30 01:00:00,15.0,44.0,1003.1,24.1,267.0,0.0,0.02226,openaq_ground,0.0,Good
2025-10-30 02:00:00,15.1,47.0,1002.7,20.0,261.0,0.0,0.000944,openaq_ground,0.0,Good
2025-10-30 03:00:00,15.9,44.0,1001.9,19.1,271.0,0.0,0.08338,openaq_ground,0.0,Good
2025-10-30 04:00:00,15.9,41.0,1001.7,26.3,267.0,0.0,0.00942,openaq_ground,0.0,Good
2025-10-30 05:00:00,14.4,43.0,1002.5,27.4,266.0,0.2,0.06338,openaq_ground,0.0,Good
2025-10-30 06:00:00,12.0,63.0,1003.4,23.2,235.0,0.1,0.1432,openaq_ground,0.5555555555555556,Good
2025-10-30 07:00:00,10.2,70.0,1003.9,13.5,247.0,0.0,0.514972,openaq_ground,2.7777777777777777,Good
2025-10-30 08:00:00,10.0,69.0,1004.6,14.2,234.0,0.0,0.3432,openaq_ground,1.6666666666666665,Good
2025-10-30 09:00:00,9.1,73.0,1005.4,13.4,248.0,0.0,0.0926,openaq_ground,0.0,Good
2025-10-30 10:00:00,9.3,68.0,1006.2,16.4,258.0,0.0,0.09664,openaq_ground,0.0,Good
2025-10-30 11:00:00,8.9,67.0,1006.0,16.7,278.0,0.0,0.14384,openaq_ground,0.5555555555555556,Good
2025-10-30 12:00:00,6.6,81.0,1005.3,0.7,256.0,0.3,0.03836,openaq_ground,0.0,Good
2025-10-30 13:00:00,6.5,94.0,1006.3,12.7,215.0,0.0,0.0948,openaq_ground,0.0,Good
2025-10-30 14:00:00,6.4,94.0,1006.6,7.9,258.0,0.3,0.00496,openaq_ground,0.0,Good
2025-10-30 15:00:00,7.3,87.0,1007.0,15.8,251.0,0.4,0.03554,openaq_ground,0.0,Good
2025-10-30 16:00:00,6.9,87.0,1007.5,20.0,248.0,0.1,0.03528,openaq_ground,0.0,Good
2025-10-30 17:00:00,6.4,87.0,1008.3,22.8,244.0,0.2,0.13384,openaq_ground,0.5555555555555556,Good
2025-10-30 18:00:00,6.5,86.0,1008.9,20.7,247.0,0.0,0.249,openaq_ground,1.1111111111111112,Good
2025-10-30 19:00:00,7.0,81.0,1010.0,21.6,248.0,0.0,0.682,openaq_ground,3.333333333333333,Good
2025-10-30 20:00:00,7.6,74.0,1010.9,21.9,251.0,0.0,0.592166,openaq_ground,2.7777777777777777,Good
2025-10-30 21:00:00,8.4,68.0,1011.5,30.2,243.0,0.1,0.3736,openaq_ground,1.6666666666666665,Good
2025-10-30 22:00:00,9.3,61.0,1012.4,35.0,246.0,0.0,0.2444,openaq_ground,1.1111111111111112,Good
2025-10-30 23:00:00,9.9,57.0,1013.1,33.7,246.0,0.0,0.1436,openaq_ground,0.5555555555555556,Good
2025-10-31 00:00:00,10.5,53.0,1012.9,33.4,247.0,0.0,0.3903999999999999,openaq_ground,1.6666666666666665,Good
2025-10-31 01:00:00,10.8,53.0,1013.4,33.2,245.0,0.2,0.607766,openaq_ground,3.333333333333333,Good
2025-10-31 02:00:00,10.9,51.0,1014.2,34.7,245.0,0.1,0.4086,openaq_ground,2.2222222222222223,Good
2025-10-31 03:00:00,10.8,54.0,1014.9,35.5,244.0,0.2,0.668708,openaq_ground,3.333333333333333,Good
2025-10-31 04:00:00,10.0,61.0,1015.7,30.7,243.0,0.0,0.5783400000000001,openaq_ground,2.7777777777777777,Good
2025-10-31 05:00:00,10.0,60.0,1016.5,31.4,242.0,0.0,1.9285,openaq_ground,10.555555555555555,Good
2025-10-31 06:00:00,9.7,62.0,1017.8,24.8,240.0,0.0,1.98346,openaq_ground,10.555555555555555,Good
2025-10-31 07:00:00,8.9,66.0,1018.8,22.3,244.0,0.0,1.201,openaq_ground,6.666666666666666,Good
2025-10-31 08:00:00,7.9,71.0,1020.0,18.6,251.0,0.0,1.36504,openaq_ground,7.222222222222222,Good
2025-10-31 09:00:00,7.2,73.0,1021.3,17.9,255.0,0.0,1.19272,openaq_ground,6.111111111111112,Good
2025-10-31 10:00:00,6.8,74.0,1022.1,17.6,257.0,0.0,0.96562,openaq_ground,5.0,Good
2025-10-31 11:00:00,6.4,76.0,1022.4,15.4,265.0,0.0,0.73268,openaq_ground,3.8888888888888884,Good
2025-10-31 12:00:00,6.1,76.0,1022.8,14.1,267.0,0.0,1.5013999999999998,openaq_ground,8.333333333333332,Good
2025-10-31 13:00:00,5.9,77.0,1023.0,12.8,269.0,0.0,3.0126,openaq_ground,16.666666666666664,Good
2025-10-31 14:00:00,5.5,79.0,1023.0,11.0,280.0,0.0,0.6108,openaq_ground,3.333333333333333,Good
2025-10-31 15:00:00,5.1,80.0,1023.3,8.0,312.0,0.0,0.3673079999999999,openaq_ground,1.6666666666666665,Good
2025-10-31 16:00:00,5.0,80.0,1023.4,7.2,321.0,0.0,0.415,openaq_ground,2.2222222222222223,Good
2025-10-31 17:00:00,4.8,80.0,1023.5,7.1,311.0,0.0,0.3545399999999999,openaq_ground,1.6666666666666665,Good
2025-10-31 18:00:00,5.6,79.0,1024.2,7.0,314.0,0.0,0.5854,openaq_ground,2.7777777777777777,Good
2025-10-31 19:00:00,7.6,75.0,1024.6,8.2,310.0,0.0,0.91744,openaq_ground,5.0,Good
2025-10-31 20:00:00,9.1,66.0,1024.8,7.8,274.0,0.0,0.18186,openaq_ground,0.5555555555555556,Good
2025-10-31 21:00:00,10.7,59.0,1024.8,8.6,269.0,0.0,0.141,openaq_ground,0.5555555555555556,Good
2025-10-31 22:00:00,12.1,55.0,1024.7,5.3,242.0,0.0,0.1424,openaq_ground,0.5555555555555556,Good
2025-10-31 23:00:00,13.7,49.0,1024.4,6.4,198.0,0.0,0.2726,openaq_ground,1.1111111111111112,Good
2025-11-01 00:00:00,14.1,49.0,1023.7,11.2,174.0,0.0,0.3508,openaq_ground,1.6666666666666665,Good
2025-11-01 01:00:00,12.2,60.0,1023.8,18.2,131.0,0.0,0.4102,openaq_ground,2.2222222222222223,Good
2025-11-01 02:00:00,11.2,62.0,1024.0,16.7,76.0,0.0,1.07476,openaq_ground,5.555555555555555,Good
2025-11-01 03:00:00,12.2,62.0,1023.2,6.5,13.0,0.0,1.0819,openaq_ground,5.555555555555555,Good
2025-11-01 04:00:00,12.7,61.0,1022.7,10.2,149.0,0.0,1.2966,openaq_ground,6.666666666666666,Good
2025-11-01 05:00:00,11.2,65.0,1023.3,15.0,120.0,0.0,2.0740000000000003,openaq_ground,11.11111111111111,Good
2025-11-01 06:00:00,10.0,67.0,1024.1,10.3,94.0,0.0,1.994,openaq_ground,10.555555555555555,Good
2025-11-01 07:00:00,9.4,69.0,1024.3,7.2,71.0,0.0,1.846,openaq_ground,10.0,Good
2025-11-01 08:00:00,9.0,74.0,1024.7,5.9,18.0,0.0,1.588,openaq_ground,8.333333333333332,Good
2025-11-01 09:00:00,8.8,78.0,1025.0,7.4,356.0,0.0,2.0516,openaq_ground,11.11111111111111,Good
2025-11-01 10:00:00,8.6,81.0,1025.3,7.5,349.0,0.0,1.91978,openaq_ground,10.555555555555555,Good
2025-11-01 11:00:00,8.5,83.0,1024.9,5.8,346.0,0.0,1.05258,openaq_ground,5.555555555555555,Good
2025-11-01 12:00:00,8.3,85.0,1024.6,7.7,11.0,0.0,0.9614,openaq_ground,5.0,Good
2025-11-01 13:00:00,8.0,87.0,1024.3,7.4,14.0,0.0,1.0559660000000002,openaq_ground,5.555555555555555,Good
2025-11-01 14:00:00,7.5,90.0,1023.3,8.3,20.0,0.0,0.8275079999999999,openaq_ground,4.444444444444445,Good
2025-11-01 15:00:00,7.0,92.0,1022.9,8.0,20.0,0.0,1.00086,openaq_ground,5.555555555555555,Good
2025-11-01 16:00:00,7.0,93.0,1022.4,7.6,14.0,0.0,1.3370000000000002,openaq_ground,7.222222222222222,Good
2025-11-01 17:00:00,6.8,94.0,1022.2,7.7,9.0,0.0,1.2554,openaq_ground,6.666666666666666,Good
2025-11-01 18:00:00,6.8,94.0,1022.4,8.3,20.0,0.0,1.4354,openaq_ground,7.777777777777777,Good
2025-11-01 19:00:00,8.5,87.0,1022.1,9.2,23.0,0.0,1.7917999999999998,openaq_ground,9.444444444444445,Good
2025-11-01 20:00:00,10.0,81.0,1022.2,6.6,13.0,0.0,1.7851,openaq_ground,9.444444444444445,Good
2025-11-01 21:00:00,11.7,74.0,1022.1,3.8,329.0,0.0,2.8878,openaq_ground,15.555555555555554,Good
2025-11-01 22:00:00,14.0,62.0,1021.7,3.3,279.0,0.0,2.3132,openaq_ground,12.777777777777777,Good
2025-11-01 23:00:00,14.3,59.0,1021.7,3.1,216.0,0.0,2.1348,openaq_ground,11.666666666666666,Good
2025-11-02 00:00:00,16.0,55.0,1021.2,7.5,259.0,0.0,0.6798,openaq_ground,3.333333333333333,Good
2025-11-02 01:00:00,16.1,55.0,1020.7,6.3,270.0,0.0,0.6979460000000001,openaq_ground,3.333333333333333,Good
2025-11-02 02:00:00,16.1,54.0,1020.4,5.7,279.0,0.1,0.55314,openaq_ground,2.7777777777777777,Good
2025-11-02 03:00:00,15.9,56.0,1019.7,6.6,349.0,0.2,1.05954,openaq_ground,5.555555555555555,Good
2025-11-02 04:00:00,16.1,55.0,1019.2,8.5,1.0,0.0,1.7330200000000002,openaq_ground,9.444444444444445,Good
2025-11-02 05:00:00,17.0,53.0,1019.3,5.5,347.0,0.0,4.0207,openaq_ground,22.22222222222222,Good
2025-11-02 06:00:00,16.4,59.0,1019.5,5.2,335.0,0.0,4.3979,openaq_ground,23.888888888888886,Good
2025-11-02 07:00:00,15.0,70.0,1019.5,2.3,32.0,0.0,4.7502,openaq_ground,26.11111111111111,Good
2025-11-02 08:00:00,13.6,76.0,1020.2,1.2,27.0,0.0,7.695599999999999,openaq_ground,42.22222222222222,Good
2025-11-02 09:00:00,13.6,76.0,1020.4,0.9,360.0,0.0,12.344,openaq_ground,56.96197718631179,Moderate
2025-11-02 10:00:00,11.9,80.0,1020.3,1.8,354.0,0.0,5.2346,openaq_ground,28.88888888888889,Good
2025-11-02 11:00:00,11.6,80.0,1020.2,2.5,4.0,0.0,1.6574000000000002,openaq_ground,8.88888888888889,Good
2025-11-02 12:00:00,9.9,91.0,1020.4,8.3,1.0,0.0,1.3191400000000002,openaq_ground,7.222222222222222,Good
2025-11-02 13:00:00,9.7,90.0,1019.9,6.1,355.0,0.0,0.50026,openaq_ground,2.7777777777777777,Good
2025-11-02 14:00:00,8.8,91.0,1019.7,4.4,339.0,0.0,0.2807659999999999,openaq_ground,1.1111111111111112,Good
2025-11-02 15:00:00,8.5,90.0,1019.6,2.7,323.0,0.0,0.3722,openaq_ground,1.6666666666666665,Good
2025-11-02 16:00:00,8.4,88.0,1019.5,3.2,317.0,0.0,0.16424,openaq_ground,0.5555555555555556,Good
2025-11-02 17:00:00,8.5,88.0,1019.5,3.2,322.0,0.0,0.2962,openaq_ground,1.1111111111111112,Good
2025-11-02 18:00:00,9.4,85.0,1019.8,0.8,333.0,0.0,0.41628,openaq_ground,2.2222222222222223,Good
2025-11-02 19:00:00,12.2,81.0,1019.6,1.3,360.0,0.0,0.9648,openaq_ground,5.0,Good
2025-11-02 20:00:00,14.7,72.0,1019.3,3.3,68.0,0.0,0.988966,openaq_ground,5.0,Good
2025-11-02 21:00:00,16.2,69.0,1018.6,6.4,98.0,0.0,0.970906,openaq_ground,5.0,Good
2025-11-02 22:00:00,17.2,68.0,1018.1,7.9,107.0,0.0,1.4088,openaq_ground,7.777777777777777,Good
2025-11-02 23:00:00,18.1,68.0,1017.5,8.1,111.0,0.0,2.12054,openaq_ground,11.666666666666666,Good
2025-11-03 00:00:00,19.1,63.0,1016.0,9.7,94.0,0.0,2.3616,openaq_ground,12.777777777777777,Good
2025-11-03 01:00:00,20.4,58.0,1015.1,8.9,71.0,0.0,3.6942,openaq_ground,20.0,Good
2025-11-03 02:00:00,20.7,58.0,1014.1,7.1,74.0,0.0,2.5,openaq_ground,13.88888888888889,Good
2025-11-03 03:00:00,20.8,57.0,1012.6,7.2,76.0,0.0,2.4952,openaq_ground,13.333333333333332,Good
2025-11-03 04:00:00,21.0,58.0,1011.4,5.0,88.0,0.0,2.3614,openaq_ground,12.777777777777777,Good
2025-11-03 05:00:00,20.5,63.0,1010.8,2.7,180.0,0.0,3.9004,openaq_ground,21.666666666666664,Good
2025-11-03 06:00:00,20.4,69.0,1010.0,4.1,225.0,0.0,3.8489999999999993,openaq_ground,21.11111111111111,Good
2025-11-03 07:00:00,17.6,83.0,1010.0,4.6,198.0,0.0,4.258,openaq_ground,23.333333333333332,Good
2025-11-03 08:00:00,15.0,90.0,1010.4,7.2,186.0,0.0,4.18,openaq_ground,22.777777777777775,Good
2025-11-03 09:00:00,13.7,90.0,1010.2,2.1,345.0,0.0,3.642,openaq_ground,20.0,Good
2025-11-03 10:00:00,14.2,78.0,1009.1,8.9,341.0,0.0,3.3642000000000003,openaq_ground,18.333333333333332,Good
2025-11-03 11:00:00,14.9,51.0,1008.9,12.0,311.0,0.0,3.3619,openaq_ground,18.333333333333332,Good
2025-11-03 12:00:00,13.9,50.0,1008.6,10.8,339.0,0.0,0.016288,openaq_ground,0.0,Good
2025-11-03 13:00:00,14.9,44.0,1008.1,12.3,321.0,0.0,0.0,openaq_ground,0.0,Good
2025-11-03 14:00:00,15.6,41.0,1007.9,15.5,309.0,0.0,0.00668,openaq_ground,0.0,Good
2025-11-03 15:00:00,14.5,47.0,1007.6,9.9,292.0,0.0,0.0,openaq_ground,0.0,Good
2025-11-03 16:00:00,13.3,56.0,1008.1,4.4,305.0,0.0,0.0,openaq_ground,0.0,Good
2025-11-03 17:00:00,13.5,58.0,1008.5,4.8,312.0,0.0,0.00514,openaq_ground,0.0,Good
2025-11-03 18:00:00,14.0,58.0,1008.7,6.0,327.0,0.0,0.0363,openaq_ground,0.0,Good
2025-11-03 19:00:00,16.4,53.0,1009.6,9.5,249.0,0.0,0.02,openaq_ground,0.0,Good
2025-11-03 20:00:00,18.0,49.0,1010.5,16.2,247.0,0.0,0.0259,openaq_ground,0.0,Good
2025-11-03 21:00:00,17.8,54.0,1011.1,19.6,235.0,0.0,0.6026,openaq_ground,3.333333333333333,Good
2025-11-03 22:00:00,16.8,62.0,1012.0,20.3,211.0,0.0,0.409,openaq_ground,2.2222222222222223,Good
2025-11-03 23:00:00,10.1,89.0,1013.3,15.7,178.0,0.1,0.38188,openaq_ground,1.6666666666666665,Good
2025-11-04 00:00:00,11.5,78.0,1013.2,10.5,200.0,0.1,0.3413,openaq_ground,1.6666666666666665,Good
2025-11-04 01:00:00,13.3,70.0,1013.2,11.2,191.0,0.1,0.15366,openaq_ground,0.5555555555555556,Good
2025-11-04 02:00:00,12.5,70.0,1013.4,13.1,188.0,0.0,0.21614,openaq_ground,1.1111111111111112,Good
2025-11-04 03:00:00,12.0,73.0,1013.5,14.6,200.0,0.0,0.8076000000000001,openaq_ground,4.444444444444445,Good
2025-11-04 04:00:00,11.5,77.0,1013.8,14.4,203.0,0.0,1.5412,openaq_ground,8.333333333333332,Good
2025-11-04 05:00:00,11.0,79.0,1014.0,14.5,197.0,0.0,3.846200000000001,openaq_ground,21.11111111111111,Good
2025-11-04 06:00:00,9.8,83.0,1014.2,11.7,195.0,0.0,4.1812,openaq_ground,22.777777777777775,Good
2025-11-04 07:00:00,9.6,84.0,1014.6,10.0,203.0,0.0,4.0376,openaq_ground,22.22222222222222,Good
2025-11-04 08:00:00,9.4,85.0,1015.0,7.2,212.0,0.0,3.4910000000000005,openaq_ground,18.88888888888889,Good
2025-11-04 09:00:00,9.3,85.0,1015.6,3.0,205.0,0.0,2.90614,openaq_ground,16.11111111111111,Good
2025-11-04 10:00:00,9.4,84.0,1015.6,1.5,104.0,0.0,2.41836,openaq_ground,13.333333333333332,Good
2025-11-04 11:00:00,9.5,84.0,1015.6,4.0,85.0,0.0,2.09678,openaq_ground,11.11111111111111,Good
2025-11-04 12:00:00,9.1,86.0,1015.4,7.2,68.0,0.0,1.47834,openaq_ground,7.777777777777777,Good
2025-11-04 13:00:00,9.1,87.0,1014.8,8.1,55.0,0.0,0.18304,openaq_ground,0.5555555555555556,Good
2025-11-04 14:00:00,9.1,87.0,1014.3,10.2,39.0,0.0,0.223648,openaq_ground,1.1111111111111112,Good
2025-11-04 15:00:00,9.8,85.0,1013.9,9.0,35.0,0.0,0.193,openaq_ground,0.5555555555555556,Good
2025-11-04 16:00:00,10.0,86.0,1013.4,7.5,42.0,0.0,0.5897600000000001,openaq_ground,2.7777777777777777,Good
2025-11-04 17:00:00,10.1,87.0,1013.1,8.6,39.0,0.1,1.3297599999999998,openaq_ground,7.222222222222222,Good
2025-11-04 18:00:00,9.6,93.0,1012.8,10.3,38.0,0.0,2.5174,openaq_ground,13.88888888888889,Good
2025-11-04 19:00:00,10.4,91.0,1012.6,11.0,32.0,0.1,1.5912,openaq_ground,8.333333333333332,Good
2025-11-04 20:00:00,11.9,85.0,1012.0,11.5,30.0,0.0,1.088266,openaq_ground,5.555555555555555,Good
2025-11-04 21:00:00,14.6,75.0,1011.4,11.8,36.0,0.0,2.5908,openaq_ground,13.88888888888889,Good
2025-11-04 22:00:00,16.9,67.0,1010.7,13.2,44.0,0.0,1.888,openaq_ground,10.0,Good
2025-11-04 23:00:00,18.4,62.0,1010.2,14.5,46.0,0.0,3.0678,openaq_ground,16.666666666666664,Good
2025-11-05 00:00:00,19.0,60.0,1009.3,17.7,48.0,0.0,4.465999999999999,openaq_ground,24.444444444444446,Good
2025-11-05 01:00:00,19.1,60.0,1008.4,18.2,46.0,0.0,5.3972,openaq_ground,29.444444444444443,Good
2025-11-05 02:00:00,19.1,61.0,1007.5,18.6,46.0,0.0,7.697999999999999,openaq_ground,42.22222222222222,Good
2025-11-05 03:00:00,18.1,64.0,1006.6,20.0,41.0,0.0,8.838,openaq_ground,48.88888888888889,Good
2025-11-05 04:00:00,17.8,66.0,1005.4,22.2,39.0,0.0,7.266,openaq_ground,40.0,Good
2025-11-05 05:00:00,17.1,70.0,1004.9,21.0,36.0,0.0,6.622,openaq_ground,36.666666666666664,Good
2025-11-05 06:00:00,15.4,76.0,1004.4,20.6,35.0,0.0,5.764,openaq_ground,31.666666666666668,Good
2025-11-05 07:00:00,13.9,83.0,1004.1,18.8,34.0,0.0,4.906000000000001,openaq_ground,27.222222222222225,Good
2025-11-05 08:00:00,13.2,86.0,1004.3,16.9,31.0,0.0,11.042,openaq_ground,54.539923954372625,Moderate
2025-11-05 09:00:00,14.0,81.0,1004.4,15.2,21.0,0.0,13.088,openaq_ground,58.26615969581749,Moderate
2025-11-05 10:00:00,15.4,62.0,1004.5,12.6,3.0,0.0,13.144,openaq_ground,58.452471482889734,Moderate
2025-11-05 11:00:00,17.0,44.0,1004.4,10.4,351.0,0.0,10.268,openaq_ground,53.049429657794676,Moderate
2025-11-05 12:00:00,17.2,36.0,1004.2,13.7,350.0,0.0,6.7934,openaq_ground,37.22222222222222,Good
2025-11-05 13:00:00,16.7,40.0,1004.1,12.4,332.0,0.0,5.718,openaq_ground,31.666666666666668,Good
2025-11-05 14:00:00,16.0,45.0,1003.8,8.4,307.0,0.0,2.0574000000000003,openaq_ground,11.11111111111111,Good
2025-11-05 15:00:00,15.6,48.0,1004.3,8.9,313.0,0.0,2.6942,openaq_ground,14.444444444444445,Good
2025-11-05 16:00:00,14.9,52.0,1004.3,9.6,334.0,0.0,1.5728,openaq_ground,8.333333333333332,Good
2025-11-05 17:00:00,14.7,55.0,1004.4,7.9,348.0,0.0,1.6422,openaq_ground,8.88888888888889,Good
2025-11-05 18:00:00,14.4,64.0,1004.3,5.4,50.0,0.0,1.2248,openaq_ground,6.666666666666666,Good
2025-11-05 19:00:00,15.7,67.0,1004.4,5.9,45.0,0.0,2.176,openaq_ground,11.666666666666666,Good
2025-11-05 20:00:00,16.9,62.0,1004.7,4.7,108.0,0.0,2.888,openaq_ground,15.555555555555554,Good
2025-11-05 21:00:00,18.2,57.0,1005.0,6.5,118.0,0.0,4.838,openaq_ground,26.666666666666664,Good
2025-11-05 22:00:00,17.3,60.0,1005.6,8.2,123.0,0.0,5.34,openaq_ground,29.444444444444443,Good
2025-11-05 23:00:00,18.5,60.0,1006.0,7.5,143.0,0.4,2.6136,openaq_ground,14.444444444444445,Good
2025-11-06 00:00:00,19.5,54.0,1005.4,11.5,160.0,0.2,3.20202,openaq_ground,17.77777777777778,Good
2025-11-06 01:00:00,18.0,59.0,1006.1,4.8,110.0,0.0,1.98052,openaq_ground,10.555555555555555,Good
2025-11-06 02:00:00,18.8,56.0,1005.7,6.3,51.0,0.1,2.5170000000000003,openaq_ground,13.88888888888889,Good
2025-11-06 03:00:00,16.1,72.0,1006.4,17.6,179.0,1.2,3.3518,openaq_ground,18.333333333333332,Good
2025-11-06 04:00:00,13.6,84.0,1007.1,9.0,160.0,0.7,3.3504,openaq_ground,18.333333333333332,Good
2025-11-06 05:00:00,13.4,82.0,1008.1,14.1,177.0,0.9,2.8813000000000004,openaq_ground,15.555555555555554,Good
2025-11-06 06:00:00,12.0,91.0,1008.9,6.5,183.0,1.9,2.0985,openaq_ground,11.11111111111111,Good
2025-11-06 07:00:00,11.9,91.0,1009.5,4.5,180.0,0.3,2.4935,openaq_ground,13.333333333333332,Good
2025-11-06 08:00:00,11.4,95.0,1010.3,5.1,98.0,0.1,4.6376,openaq_ground,25.555555555555554,Good
2025-11-06 09:00:00,11.0,98.0,1010.4,2.5,45.0,0.0,2.85836,openaq_ground,15.555555555555554,Good
2025-11-06 10:00:00,10.6,98.0,1010.9,5.4,26.0,0.0,1.43528,openaq_ground,7.777777777777777,Good
2025-11-06 11:00:00,10.2,97.0,1010.9,8.9,24.0,0.0,1.17456,openaq_ground,6.111111111111112,Good
2025-11-06 12:00:00,9.8,97.0,1011.0,10.9,16.0,0.0,0.937646,openaq_ground,5.0,Good
2025-11-06 13:00:00,9.4,97.0,1010.9,11.7,14.0,0.0,1.1852,openaq_ground,6.111111111111112,Good
2025-11-06 14:00:00,9.1,97.0,1010.7,9.3,15.0,0.0,0.950976,openaq_ground,5.0,Good
2025-11-06 15:00:00,8.3,98.0,1010.8,8.0,5.0,0.0,1.0836,openaq_ground,5.555555555555555,Good
2025-11-06 16:00:00,8.1,97.0,1010.7,9.2,353.0,0.0,1.1515,openaq_ground,6.111111111111112,Good
2025-11-06 17:00:00,8.2,96.0,1010.6,10.0,347.0,0.0,1.168,openaq_ground,6.111111111111112,Good
2025-11-06 18:00:00,8.6,96.0,1010.8,10.4,346.0,0.0,2.08634,openaq_ground,11.11111111111111,Good
2025-11-06 19:00:00,10.7,93.0,1010.9,8.1,342.0,0.0,2.22,openaq_ground,12.222222222222223,Good
2025-11-06 20:00:00,13.5,89.0,1011.1,5.7,347.0,0.0,2.5491,openaq_ground,13.88888888888889,Good
2025-11-06 21:00:00,16.2,69.0,1010.7,5.4,15.0,0.0,1.35732,openaq_ground,7.222222222222222,Good
2025-11-06 22:00:00,17.6,56.0,1010.4,3.8,19.0,0.0,1.26304,openaq_ground,6.666666666666666,Good
2025-11-06 23:00:00,18.4,52.0,1010.4,1.7,41.0,0.0,1.7506,openaq_ground,9.444444444444445,Good
2025-11-07 00:00:00,19.0,52.0,1010.0,6.2,30.0,0.0,2.191,openaq_ground,11.666666666666666,Good
2025-11-07 01:00:00,20.1,41.0,1010.2,3.6,315.0,0.0,2.1533,openaq_ground,11.666666666666666,Good
2025-11-07 02:00:00,20.1,38.0,1009.8,3.3,189.0,0.0,1.85944,openaq_ground,10.0,Good
2025-11-07 03:00:00,20.3,41.0,1009.4,3.6,162.0,0.0,0.88656,openaq_ground,4.444444444444445,Good
2025-11-07 04:00:00,19.8,46.0,1009.5,4.4,168.0,0.0,1.50412,openaq_ground,8.333333333333332,Good
2025-11-07 05:00:00,19.5,48.0,1009.5,2.2,175.0,0.0,2.1116,openaq_ground,11.666666666666666,Good
2025-11-07 06:00:00,18.8,38.0,1009.8,8.5,348.0,0.0,2.53144,openaq_ground,13.88888888888889,Good
2025-11-07 07:00:00,17.8,43.0,1010.1,6.5,336.0,0.0,3.973,openaq_ground,21.666666666666664,Good
2025-11-07 08:00:00,15.7,53.0,1010.5,3.5,305.0,0.0,4.974600000000001,openaq_ground,27.222222222222225,Good
2025-11-07 09:00:00,14.3,59.0,1011.0,2.6,304.0,0.0,5.1748,openaq_ground,28.33333333333333,Good
2025-11-07 10:00:00,14.1,59.0,1010.9,2.5,339.0,0.0,3.5354,openaq_ground,19.444444444444443,Good
2025-11-07 11:00:00,13.2,67.0,1010.8,6.3,355.0,0.0,0.9582,openaq_ground,5.0,Good
2025-11-07 12:00:00,13.4,67.0,1010.2,6.4,350.0,0.0,0.66388,openaq_ground,3.333333333333333,Good
2025-11-07 13:00:00,12.6,69.0,1009.8,9.8,343.0,0.0,0.6982,openaq_ground,3.333333333333333,Good
2025-11-07 14:00:00,12.5,66.0,1009.1,11.2,342.0,0.0,0.256,openaq_ground,1.1111111111111112,Good
2025-11-07 15:00:00,13.0,62.0,1008.8,11.1,340.0,0.0,0.03998,openaq_ground,0.0,Good
2025-11-07 16:00:00,13.5,60.0,1008.3,11.1,346.0,0.0,0.028606,openaq_ground,0.0,Good
2025-11-07 17:00:00,14.0,58.0,1008.1,11.5,346.0,0.0,0.02954,openaq_ground,0.0,Good
2025-11-07 18:00:00,14.1,63.0,1007.8,12.2,1.0,0.0,0.0399399999999999,openaq_ground,0.0,Good
2025-11-07 19:00:00,15.9,58.0,1007.4,11.0,4.0,0.0,0.08446,openaq_ground,0.0,Good
2025-11-07 20:00:00,16.7,57.0,1007.3,10.8,15.0,0.0,0.04232,openaq_ground,0.0,Good
2025-11-07 21:00:00,18.4,51.0,1006.9,9.5,359.0,0.0,0.15496,openaq_ground,0.5555555555555556,Good
2025-11-07 22:00:00,20.4,47.0,1006.3,8.9,341.0,0.0,0.0474659999999999,openaq_ground,0.0,Good
2025-11-07 23:00:00,22.4,40.0,1006.1,15.5,317.0,0.0,0.0468,openaq_ground,0.0,Good
2025-11-08 00:00:00,23.3,34.0,1005.1,20.9,295.0,0.0,0.0339799999999999,openaq_ground,0.0,Good
2025-11-08 01:00:00,23.9,34.0,1004.9,21.4,262.0,0.0,0.0,openaq_ground,0.0,Good
2025-11-08 02:00:00,23.6,35.0,1004.7,17.2,257.0,0.0,0.4561,openaq_ground,2.2222222222222223,Good
2025-11-08 03:00:00,23.7,33.0,1004.4,16.2,239.0,0.0,1.10954,openaq_ground,6.111111111111112,Good
2025-11-08 04:00:00,23.1,35.0,1004.7,16.7,233.0,0.0,1.292,openaq_ground,6.666666666666666,Good
2025-11-08 05:00:00,20.0,52.0,1005.6,17.9,208.0,0.0,0.96972,openaq_ground,5.0,Good
2025-11-08 06:00:00,10.8,86.0,1007.8,15.3,124.0,0.0,0.4432,openaq_ground,2.2222222222222223,Good
2025-11-08 07:00:00,9.8,89.0,1008.4,10.3,184.0,0.0,0.4226,openaq_ground,2.2222222222222223,Good
2025-11-08 08:00:00,10.4,85.0,1009.4,10.4,180.0,0.0,0.432,openaq_ground,2.2222222222222223,Good
2025-11-08 09:00:00,9.7,83.0,1010.6,11.9,185.0,0.0,0.197,openaq_ground,0.5555555555555556,Good
2025-11-08 10:00:00,9.2,83.0,1010.8,6.6,189.0,0.0,0.1811999999999999,openaq_ground,0.5555555555555556,Good
2025-11-08 11:00:00,9.0,83.0,1010.9,3.1,180.0,0.0,0.17164,openaq_ground,0.5555555555555556,Good
2025-11-08 12:00:00,8.8,83.0,1010.7,3.7,141.0,0.0,0.148166,openaq_ground,0.5555555555555556,Good
2025-11-08 13:00:00,8.7,83.0,1010.3,5.3,72.0,0.0,0.2702,openaq_ground,1.1111111111111112,Good
2025-11-08 14:00:00,8.8,81.0,1009.7,8.7,50.0,0.0,0.23256,openaq_ground,1.1111111111111112,Good
2025-11-08 15:00:00,8.7,82.0,1009.8,9.3,54.0,0.0,0.172,openaq_ground,0.5555555555555556,Good
2025-11-08 16:00:00,8.5,83.0,1009.4,10.1,57.0,0.0,0.0738,openaq_ground,0.0,Good
2025-11-08 17:00:00,8.6,82.0,1009.4,10.9,51.0,0.0,0.074,openaq_ground,0.0,Good
2025-11-08 18:00:00,8.8,82.0,1009.0,13.9,47.0,0.0,0.0289059999999999,openaq_ground,0.0,Good
2025-11-08 19:00:00,9.7,81.0,1009.5,13.2,38.0,0.0,0.00668,openaq_ground,0.0,Good
2025-11-08 20:00:00,10.5,78.0,1009.4,13.9,31.0,0.0,0.02106,openaq_ground,0.0,Good
2025-11-08 21:00:00,11.6,75.0,1009.1,12.7,33.0,0.4,0.8771000000000001,openaq_ground,4.444444444444445,Good
2025-11-08 22:00:00,12.2,77.0,1009.1,14.0,37.0,0.6,1.294,openaq_ground,6.666666666666666,Good
2025-11-08 23:00:00,11.8,78.0,1008.8,15.3,37.0,0.0,0.836,openaq_ground,4.444444444444445,Good
2025-11-09 00:00:00,14.6,67.0,1008.0,12.7,44.0,0.1,1.056,openaq_ground,5.555555555555555,Good
2025-11-09 01:00:00,14.4,69.0,1007.3,16.4,51.0,0.0,1.3451,openaq_ground,7.222222222222222,Good
2025-11-09 02:00:00,13.5,70.0,1006.6,17.9,49.0,0.1,1.2760000000000002,openaq_ground,6.666666666666666,Good
2025-11-09 03:00:00,13.1,69.0,1005.6,19.7,43.0,0.0,0.9208,openaq_ground,5.0,Good
2025-11-09 04:00:00,12.0,72.0,1004.8,20.1,36.0,0.0,1.3796659999999998,openaq_ground,7.222222222222222,Good
2025-11-09 05:00:00,11.5,78.0,1003.9,21.2,37.0,0.0,0.934,openaq_ground,5.0,Good
2025-11-09 06:00:00,11.6,80.0,1003.4,22.5,40.0,0.0,1.456,openaq_ground,7.777777777777777,Good
2025-11-09 07:00:00,11.0,85.0,1003.0,21.9,37.0,0.0,1.685984,openaq_ground,8.88888888888889,Good
2025-11-09 08:00:00,10.5,90.0,1002.6,20.9,38.0,0.0,1.98024,openaq_ground,10.555555555555555,Good
2025-11-09 09:00:00,10.8,89.0,1001.8,22.4,36.0,0.0,2.225666,openaq_ground,12.222222222222223,Good
2025-11-09 10:00:00,11.0,87.0,1001.0,23.7,33.0,0.0,3.6606,openaq_ground,20.0,Good
2025-11-09 11:00:00,11.2,88.0,1000.2,23.1,27.0,0.0,2.9538,openaq_ground,16.11111111111111,Good
2025-11-09 12:00:00,11.4,88.0,998.8,23.5,31.0,0.0,2.8047600000000004,openaq_ground,15.555555555555554,Good
2025-11-09 13:00:00,11.6,88.0,997.6,20.7,37.0,0.0,3.25814,openaq_ground,17.77777777777778,Good
2025-11-09 14:00:00,11.9,87.0,996.3,20.2,25.0,0.0,3.3843999999999994,openaq_ground,18.333333333333332,Good
2025-11-09 15:00:00,11.9,87.0,995.7,17.0,21.0,0.0,4.4328,openaq_ground,24.444444444444446,Good
2025-11-09 16:00:00,11.5,91.0,995.0,14.1,32.0,0.3,4.686,openaq_ground,25.555555555555554,Good
2025-11-09 17:00:00,11.0,96.0,994.3,13.0,28.0,0.0,3.974,openaq_ground,21.666666666666664,Good
2025-11-09 18:00:00,11.7,88.0,993.4,16.3,31.0,0.0,3.554,openaq_ground,19.444444444444443,Good
2025-11-09 19:00:00,12.1,88.0,993.1,14.7,39.0,0.7,4.306,openaq_ground,23.888888888888886,Good
2025-11-09 20:00:00,13.3,85.0,992.5,17.0,42.0,0.0,4.204000000000001,openaq_ground,23.333333333333332,Good
2025-11-09 21:00:00,14.4,82.0,992.0,16.0,39.0,0.0,5.448,openaq_ground,30.0,Good
2025-11-09 22:00:00,15.8,75.0,991.1,16.8,41.0,0.0,6.640000000000001,openaq_ground,36.666666666666664,Good
2025-11-09 23:00:00,17.6,65.0,990.6,17.1,37.0,0.0,8.181999999999999,openaq_ground,44.99999999999999,Good
2025-11-10 00:00:00,19.0,63.0,989.3,12.0,43.0,1.1,11.053999999999998,openaq_ground,54.539923954372625,Moderate
2025-11-10 01:00:00,19.2,67.0,988.4,11.3,65.0,0.0,10.44,openaq_ground,53.42205323193917,Moderate
2025-11-10 02:00:00,22.7,56.0,987.4,6.8,61.0,0.0,8.608,openaq_ground,47.77777777777777,Good
2025-11-10 03:00:00,24.2,40.0,987.5,7.7,246.0,0.0,1.908,openaq_ground,10.555555555555555,Good
2025-11-10 04:00:00,17.4,74.0,988.7,23.3,186.0,0.1,3.738,openaq_ground,20.555555555555557,Good
2025-11-10 05:00:00,17.4,73.0,988.6,2.5,176.0,0.0,8.646,openaq_ground,47.77777777777777,Good
2025-11-10 06:00:00,15.8,85.0,989.3,8.8,211.0,0.0,9.98,openaq_ground,52.49049429657795,Moderate
2025-11-10 07:00:00,14.1,91.0,990.6,13.8,228.0,1.5,8.222,openaq_ground,45.55555555555555,Good
2025-11-10 08:00:00,13.4,94.0,991.8,16.3,253.0,0.2,3.828,openaq_ground,21.11111111111111,Good
2025-11-10 09:00:00,12.5,97.0,992.9,19.8,231.0,1.0,0.246,openaq_ground,1.1111111111111112,Good
2025-11-10 10:00:00,11.7,97.0,994.1,19.8,239.0,1.3,0.02114,openaq_ground,0.0,Good
2025-11-10 11:00:00,10.9,94.0,995.3,21.6,248.0,1.4,0.0139,openaq_ground,0.0,Good
2025-11-10 12:00:00,10.5,93.0,996.3,21.1,240.0,0.2,0.1996,openaq_ground,0.5555555555555556,Good
2025-11-10 13:00:00,9.8,91.0,997.2,23.1,246.0,0.1,0.122,openaq_ground,0.5555555555555556,Good
2025-11-10 14:00:00,9.1,88.0,998.3,21.8,244.0,0.0,0.1662,openaq_ground,0.5555555555555556,Good
2025-11-10 15:00:00,8.5,88.0,999.3,21.2,245.0,0.0,0.0394399999999999,openaq_ground,0.0,Good
2025-11-10 16:00:00,8.4,88.0,1000.2,18.9,249.0,0.0,0.02278,openaq_ground,0.0,Good
2025-11-10 17:00:00,8.3,87.0,1001.2,17.5,251.0,0.0,0.08646,openaq_ground,0.0,Good
2025-11-10 18:00:00,8.5,84.0,1001.8,14.0,258.0,0.0,0.2084,openaq_ground,1.1111111111111112,Good
2025-11-10 19:00:00,10.3,75.0,1002.8,12.8,260.0,0.0,0.36236,openaq_ground,1.6666666666666665,Good
2025-11-10 20:00:00,12.0,70.0,1003.4,8.7,246.0,0.0,0.0172799999999999,openaq_ground,0.0,Good
2025-11-10 21:00:00,13.5,66.0,1004.0,6.8,233.0,0.0,0.00778,openaq_ground,0.0,Good
2025-11-10 22:00:00,15.3,61.0,1004.6,8.7,233.0,0.0,0.0366999999999999,openaq_ground,0.0,Good
2025-11-10 23:00:00,16.8,49.0,1005.0,14.1,226.0,0.0,0.02284,openaq_ground,0.0,Good
2025-11-11 00:00:00,16.2,54.0,1005.0,9.4,167.0,0.0,0.0305599999999999,openaq_ground,0.0,Good
2025-11-11 01:00:00,15.9,59.0,1006.1,9.7,121.0,0.0,0.0928,openaq_ground,0.0,Good
2025-11-11 02:00:00,15.3,60.0,1007.3,5.8,112.0,0.1,0.1779659999999999,openaq_ground,0.5555555555555556,Good
2025-11-11 03:00:00,15.1,61.0,1007.8,8.2,148.0,0.1,0.19744,openaq_ground,0.5555555555555556,Good
2025-11-11 04:00:00,13.4,71.0,1009.0,12.7,134.0,0.1,0.2838,openaq_ground,1.1111111111111112,Good
2025-11-11 05:00:00,12.6,74.0,1010.2,10.4,100.0,0.1,0.6194,openaq_ground,3.333333333333333,Good
2025-11-11 06:00:00,12.8,69.0,1010.9,9.9,89.0,0.0,1.241,openaq_ground,6.666666666666666,Good
2025-11-11 07:00:00,11.9,72.0,1011.8,11.1,83.0,0.0,0.6324,openaq_ground,3.333333333333333,Good
2025-11-11 08:00:00,11.0,79.0,1012.4,9.4,70.0,0.0,1.07926,openaq_ground,5.555555555555555,Good
2025-11-11 09:00:00,10.7,80.0,1013.1,11.1,47.0,0.0,1.5098600000000002,openaq_ground,8.333333333333332,Good
2025-11-11 10:00:00,10.4,80.0,1013.7,12.8,50.0,0.0,0.5688000000000001,openaq_ground,2.7777777777777777,Good
2025-11-11 11:00:00,10.7,78.0,1013.6,14.8,52.0,0.0,0.2874,openaq_ground,1.1111111111111112,Good
2025-11-11 12:00:00,10.3,80.0,1013.5,17.0,48.0,0.0,0.08804,openaq_ground,0.0,Good
2025-11-11 13:00:00,10.3,79.0,1012.7,19.9,43.0,0.0,0.0712,openaq_ground,0.0,Good
2025-11-11 14:00:00,10.4,76.0,1012.5,22.0,38.0,0.0,0.1135999999999999,openaq_ground,0.5555555555555556,Good
2025-11-11 15:00:00,10.4,73.0,1012.2,25.2,37.0,0.0,0.125,openaq_ground,0.5555555555555556,Good
2025-11-11 16:00:00,10.3,73.0,1011.8,25.8,40.0,0.0,0.1284,openaq_ground,0.5555555555555556,Good
2025-11-11 17:00:00,10.2,80.0,1011.5,25.2,42.0,0.0,0.4184,openaq_ground,2.2222222222222223,Good
2025-11-11 18:00:00,10.5,82.0,1011.2,24.3,40.0,0.0,1.0571,openaq_ground,5.555555555555555,Good
2025-11-11 19:00:00,11.7,78.0,1011.1,26.9,37.0,0.0,0.6394399999999999,openaq_ground,3.333333333333333,Good
2025-11-11 20:00:00,12.4,71.0,1010.6,32.1,36.0,0.0,0.3308,openaq_ground,1.6666666666666665,Good
2025-11-11 21:00:00,13.5,65.0,1010.2,35.7,36.0,0.0,0.5916,openaq_ground,2.7777777777777777,Good
2025-11-11 22:00:00,14.1,64.0,1009.7,36.3,38.0,0.0,1.207134,openaq_ground,6.666666666666666,Good
2025-11-11 23:00:00,14.8,62.0,1009.3,37.9,38.0,0.0,1.102,openaq_ground,6.111111111111112,Good
2025-11-12 00:00:00,15.0,65.0,1008.0,37.0,39.0,0.0,1.483606,openaq_ground,7.777777777777777,Good
2025-11-12 01:00:00,14.7,69.0,1007.3,39.1,37.0,0.0,1.7060000000000002,openaq_ground,9.444444444444445,Good
2025-11-12 02:00:00,14.6,69.0,1006.7,38.9,39.0,0.0,1.84436,openaq_ground,10.0,Good
2025-11-12 03:00:00,14.1,73.0,1006.3,38.1,37.0,0.0,1.7032,openaq_ground,9.444444444444445,Good
2025-11-12 04:00:00,13.4,75.0,1005.7,36.6,39.0,0.0,1.728606,openaq_ground,9.444444444444445,Good
2025-11-12 05:00:00,12.5,79.0,1005.5,35.6,38.0,0.0,1.8218,openaq_ground,10.0,Good
2025-11-12 06:00:00,11.7,81.0,1004.7,34.6,38.0,0.0,1.8552857142857144,openaq_ground,10.0,Good
2025-11-12 07:00:00,11.4,82.0,1004.6,34.7,34.0,0.0,1.8887714285714285,openaq_ground,10.0,Good
2025-11-12 08:00:00,11.4,83.0,1004.3,30.2,29.0,0.0,1.9222571428571429,openaq_ground,10.555555555555555,Good
2025-11-12 09:00:00,11.1,86.0,1004.2,26.0,30.0,0.0,1.9557428571428572,openaq_ground,10.555555555555555,Good
2025-11-12 10:00:00,10.9,88.0,1003.9,23.7,27.0,0.0,1.9892285714285716,openaq_ground,10.555555555555555,Good
2025-11-12 11:00:00,11.0,89.0,1003.5,17.5,20.0,0.0,2.0227142857142857,openaq_ground,11.11111111111111,Good
2025-11-12 12:00:00,11.1,90.0,1003.1,13.0,17.0,0.0,2.0562,openaq_ground,11.11111111111111,Good
2025-11-12 13:00:00,10.3,94.0,1002.7,11.2,16.0,0.0,1.98746,openaq_ground,10.555555555555555,Good
2025-11-12 14:00:00,9.8,94.0,1002.4,8.6,358.0,0.0,1.66454,openaq_ground,8.88888888888889,Good
2025-11-12 15:00:00,8.5,96.0,1002.2,6.1,326.0,0.0,1.36404,openaq_ground,7.222222222222222,Good
2025-11-12 16:00:00,9.3,91.0,1002.0,6.3,290.0,0.0,1.6855600000000002,openaq_ground,8.88888888888889,Good
2025-11-12 17:00:00,10.9,83.0,1002.5,14.9,243.0,0.0,1.9293,openaq_ground,10.555555555555555,Good
2025-11-12 18:00:00,10.9,86.0,1002.5,20.4,243.0,0.0,2.0198,openaq_ground,11.11111111111111,Good
2025-11-12 19:00:00,11.5,85.0,1002.9,20.4,239.0,0.0,2.0616,openaq_ground,11.11111111111111,Good
2025-11-12 20:00:00,11.9,83.0,1002.8,21.8,214.0,0.0,2.4246,openaq_ground,13.333333333333332,Good
2025-11-12 21:00:00,12.0,84.0,1002.8,19.2,202.0,0.1,2.7072,openaq_ground,15.0,Good
2025-11-12 22:00:00,12.0,83.0,1002.5,18.3,206.0,0.2,2.518,openaq_ground,13.88888888888889,Good
2025-11-12 23:00:00,12.2,81.0,1002.6,16.1,200.0,0.1,1.5558,openaq_ground,8.333333333333332,Good
2025-11-13 00:00:00,12.8,80.0,1001.2,16.8,186.0,0.3,1.3928,openaq_ground,7.222222222222222,Good
2025-11-13 01:00:00,12.0,84.0,1000.7,19.2,188.0,0.3,1.10154,openaq_ground,6.111111111111112,Good
2025-11-13 02:00:00,11.2,87.0,1000.2,19.8,194.0,0.4,2.411866,openaq_ground,13.333333333333332,Good
2025-11-13 03:00:00,11.0,88.0,999.3,18.9,205.0,0.3,2.314,openaq_ground,12.777777777777777,Good
2025-11-13 04:00:00,10.8,90.0,998.9,17.3,210.0,0.3,1.94116,openaq_ground,10.555555555555555,Good
2025-11-13 05:00:00,10.5,90.0,998.9,14.4,212.0,0.1,2.076863,openaq_ground,11.11111111111111,Good
2025-11-13 06:00:00,10.3,88.0,998.5,12.9,213.0,0.0,2.212566,openaq_ground,12.222222222222223,Good
2025-11-13 07:00:00,10.1,87.0,998.2,9.2,220.0,0.0,4.658,openaq_ground,25.555555555555554,Good
2025-11-13 08:00:00,8.6,95.0,997.7,2.8,243.0,0.0,6.4092,openaq_ground,35.55555555555556,Good
2025-11-13 09:00:00,7.9,96.0,997.6,0.6,342.0,0.0,7.67,openaq_ground,42.22222222222222,Good
2025-11-13 10:00:00,7.3,97.0,997.8,2.3,328.0,0.0,8.802,openaq_ground,48.88888888888889,Good
2025-11-13 11:00:00,6.7,95.0,997.5,2.4,351.0,0.0,2.346,openaq_ground,12.777777777777777,Good
2025-11-13 12:00:00,6.3,97.0,997.2,5.3,10.0,0.0,1.28464,openaq_ground,6.666666666666666,Good
2025-11-13 13:00:00,6.0,99.0,996.9,6.0,9.0,0.0,0.4846999999999999,openaq_ground,2.2222222222222223,Good
2025-11-13 14:00:00,6.1,99.0,996.9,7.4,4.0,0.0,1.358,openaq_ground,7.222222222222222,Good
2025-11-13 15:00:00,6.4,98.0,996.9,8.8,1.0,0.0,0.4478,openaq_ground,2.2222222222222223,Good
2025-11-13 16:00:00,6.6,96.0,996.7,8.0,351.0,0.0,0.73256,openaq_ground,3.8888888888888884,Good
2025-11-13 17:00:00,7.1,95.0,997.2,7.7,349.0,0.0,0.91704,openaq_ground,5.0,Good
2025-11-13 18:00:00,8.1,91.0,997.3,7.8,4.0,0.0,2.0724,openaq_ground,11.11111111111111,Good
2025-11-13 19:00:00,10.1,90.0,997.4,8.4,28.0,0.0,2.88,openaq_ground,15.555555555555554,Good
2025-11-13 20:00:00,12.4,83.0,996.9,9.8,41.0,0.0,5.3740000000000006,openaq_ground,29.444444444444443,Good
2025-11-13 21:00:00,14.3,77.0,996.0,11.2,50.0,0.0,2.8622,openaq_ground,15.555555555555554,Good
2025-11-13 22:00:00,15.6,72.0,995.4,16.5,40.0,0.0,4.336,openaq_ground,23.888888888888886,Good
2025-11-13 23:00:00,17.1,67.0,994.3,20.0,47.0,0.0,4.498,openaq_ground,24.444444444444446,Good
2025-11-14 00:00:00,18.0,69.0,992.0,25.0,52.0,0.0,5.836,openaq_ground,32.22222222222222,Good
2025-11-14 01:00:00,19.4,56.0,990.7,22.9,45.0,0.0,3.8393100000000002,openaq_ground,21.11111111111111,Good
2025-11-14 02:00:00,19.6,56.0,989.4,15.4,46.0,0.0,1.84262,openaq_ground,10.0,Good
2025-11-14 03:00:00,22.3,29.0,987.5,17.4,20.0,0.0,1.867906,openaq_ground,10.0,Good
2025-11-14 04:00:00,21.8,30.0,987.6,14.6,344.0,0.0,2.15226,openaq_ground,11.666666666666666,Good
2025-11-14 05:00:00,18.5,52.0,989.1,19.9,275.0,1.7,1.917188888888889,openaq_ground,10.555555555555555,Good
2025-11-14 06:00:00,11.8,86.0,990.6,21.8,178.0,4.2,1.6821177777777778,openaq_ground,8.88888888888889,Good
2025-11-14 07:00:00,9.5,85.0,991.7,26.2,224.0,0.4,1.4470466666666666,openaq_ground,7.777777777777777,Good
2025-11-14 08:00:00,8.6,92.0,992.8,20.8,245.0,1.7,1.2119755555555556,openaq_ground,6.666666666666666,Good
2025-11-14 09:00:00,8.1,89.0,994.2,21.0,249.0,0.2,0.9769044444444446,openaq_ground,5.0,Good
2025-11-14 10:00:00,7.7,87.0,994.6,21.1,248.0,0.0,0.7418333333333333,openaq_ground,3.8888888888888884,Good
2025-11-14 13:00:00,5.7,87.0,995.4,6.5,293.0,0.0,0.03662,openaq_ground,0.0,Good
2025-11-14 14:00:00,5.0,87.0,995.7,5.4,323.0,0.0,0.012226,openaq_ground,0.0,Good
2025-11-14 15:00:00,4.6,86.0,996.2,4.6,321.0,0.0,0.01168,openaq_ground,0.0,Good
2025-11-14 16:00:00,4.3,87.0,996.8,5.1,309.0,0.0,0.00668,openaq_ground,0.0,Good
2025-11-14 17:00:00,5.0,83.0,997.6,7.7,282.0,0.0,0.0510399999999999,openaq_ground,0.0,Good
2025-11-14 18:00:00,6.1,81.0,998.3,10.1,270.0,0.0,0.02318,openaq_ground,0.0,Good
2025-11-14 19:00:00,8.1,75.0,999.2,11.7,268.0,0.0,0.082806,openaq_ground,0.0,Good
2025-11-14 20:00:00,9.4,63.0,1000.2,21.7,258.0,0.0,0.0111,openaq_ground,0.0,Good
2025-11-14 21:00:00,9.5,61.0,1001.0,25.0,260.0,0.1,0.0516,openaq_ground,0.0,Good
2025-11-14 22:00:00,10.4,55.0,1001.6,27.5,254.0,0.0,0.057906,openaq_ground,0.0,Good
2025-11-14 23:00:00,11.4,50.0,1002.4,25.1,255.0,0.0,0.0556199999999999,openaq_ground,0.0,Good
2025-11-15 00:00:00,12.2,43.0,1002.7,26.6,248.0,0.0,0.0349999999999999,openaq_ground,0.0,Good
2025-11-15 01:00:00,12.1,46.0,1003.3,28.5,252.0,0.0,0.0996,openaq_ground,0.0,Good
2025-11-15 02:00:00,11.1,55.0,1004.1,28.5,255.0,0.0,0.13006,openaq_ground,0.5555555555555556,Good
2025-11-15 03:00:00,10.7,59.0,1005.4,33.2,251.0,0.2,0.1244,openaq_ground,0.5555555555555556,Good
2025-11-15 04:00:00,11.1,59.0,1006.2,32.4,243.0,0.0,0.3652,openaq_ground,1.6666666666666665,Good
2025-11-15 05:00:00,11.0,59.0,1007.4,29.2,242.0,0.1,0.918566,openaq_ground,5.0,Good
2025-11-15 06:00:00,10.7,61.0,1008.9,26.5,247.0,0.3,0.927666,openaq_ground,5.0,Good
2025-11-15 07:00:00,10.1,62.0,1010.5,23.9,246.0,0.0,0.90676,openaq_ground,5.0,Good
2025-11-15 08:00:00,8.9,68.0,1011.7,18.7,256.0,0.0,0.75454,openaq_ground,3.8888888888888884,Good
2025-11-15 09:00:00,8.2,71.0,1013.2,18.3,264.0,0.0,0.543766,openaq_ground,2.7777777777777777,Good
2025-11-15 10:00:00,7.6,74.0,1014.3,16.4,271.0,0.0,0.3968,openaq_ground,1.6666666666666665,Good
2025-11-15 11:00:00,7.3,76.0,1014.9,14.5,278.0,0.0,0.3082,openaq_ground,1.6666666666666665,Good
2025-11-15 12:00:00,6.7,79.0,1015.0,12.0,284.0,0.0,0.2142,openaq_ground,1.1111111111111112,Good
2025-11-15 13:00:00,6.4,79.0,1015.3,11.0,266.0,0.0,0.4349999999999999,openaq_ground,2.2222222222222223,Good
2025-11-15 14:00:00,6.4,80.0,1015.9,10.2,277.0,0.0,0.3096,openaq_ground,1.6666666666666665,Good
2025-11-15 15:00:00,5.8,81.0,1016.6,6.0,303.0,0.0,0.2384,openaq_ground,1.1111111111111112,Good
2025-11-15 16:00:00,5.6,81.0,1017.2,5.9,322.0,0.0,0.2032,openaq_ground,1.1111111111111112,Good
2025-11-15 17:00:00,5.3,82.0,1017.7,5.2,329.0,0.0,0.2346659999999999,openaq_ground,1.1111111111111112,Good
2025-11-15 18:00:00,5.3,83.0,1018.0,6.0,350.0,0.0,0.4168999999999999,openaq_ground,2.2222222222222223,Good
2025-11-15 19:00:00,8.4,75.0,1018.7,5.1,4.0,0.0,0.09486,openaq_ground,0.0,Good
2025-11-15 20:00:00,10.4,62.0,1019.0,0.8,27.0,0.0,0.03116,openaq_ground,0.0,Good
2025-11-15 21:00:00,11.9,57.0,1019.6,2.5,120.0,0.0,0.0894,openaq_ground,0.0,Good
2025-11-15 22:00:00,13.1,53.0,1019.7,6.1,135.0,0.0,0.1227999999999999,openaq_ground,0.5555555555555556,Good
2025-11-15 23:00:00,12.7,60.0,1019.8,12.9,117.0,0.0,0.1868,openaq_ground,0.5555555555555556,Good
2025-11-16 00:00:00,14.1,62.0,1018.2,21.0,54.0,0.1,0.4236000000000001,openaq_ground,2.2222222222222223,Good
2025-11-16 01:00:00,14.1,63.0,1017.7,26.4,54.0,0.0,0.4588,openaq_ground,2.2222222222222223,Good
2025-11-16 02:00:00,13.8,63.0,1017.5,25.7,51.0,0.0,0.6296,openaq_ground,3.333333333333333,Good
2025-11-16 03:00:00,13.4,65.0,1016.5,29.0,47.0,0.0,0.8056000000000001,openaq_ground,4.444444444444445,Good
2025-11-16 04:00:00,13.6,64.0,1015.5,31.6,48.0,0.0,0.9816,openaq_ground,5.0,Good
2025-11-16 05:00:00,12.5,68.0,1014.5,35.5,51.0,0.0,0.92572,openaq_ground,5.0,Good
2025-11-16 06:00:00,11.5,76.0,1013.8,36.5,45.0,0.0,1.14484,openaq_ground,6.111111111111112,Good
2025-11-16 07:00:00,11.1,83.0,1013.6,32.8,40.0,0.0,1.0215,openaq_ground,5.555555555555555,Good
2025-11-16 08:00:00,10.8,88.0,1013.4,32.4,38.0,0.0,1.23388,openaq_ground,6.666666666666666,Good
2025-11-16 09:00:00,11.0,87.0,1013.5,30.8,39.0,0.0,1.3075800000000002,openaq_ground,7.222222222222222,Good
2025-11-16 10:00:00,11.3,87.0,1013.2,25.7,39.0,0.0,1.7404,openaq_ground,9.444444444444445,Good
2025-11-16 11:00:00,11.1,89.0,1012.2,23.6,36.0,0.0,2.1852,openaq_ground,11.666666666666666,Good
2025-11-16 12:00:00,11.3,89.0,1011.3,23.5,37.0,0.0,1.9992,openaq_ground,10.555555555555555,Good
2025-11-16 13:00:00,11.1,88.0,1010.6,19.7,34.0,0.0,1.6854,openaq_ground,8.88888888888889,Good
2025-11-16 14:00:00,10.4,90.0,1010.1,12.5,30.0,0.0,1.4081,openaq_ground,7.777777777777777,Good
2025-11-16 15:00:00,9.4,91.0,1010.1,7.8,5.0,0.0,1.1944,openaq_ground,6.111111111111112,Good
2025-11-16 16:00:00,8.4,90.0,1009.5,9.5,1.0,0.0,0.6624,openaq_ground,3.333333333333333,Good
2025-11-16 17:00:00,8.3,82.0,1009.1,10.9,348.0,0.0,0.4517,openaq_ground,2.2222222222222223,Good
2025-11-16 18:00:00,8.5,78.0,1008.9,11.1,343.0,0.0,0.99256,openaq_ground,5.0,Good
2025-11-16 19:00:00,12.4,66.0,1008.8,9.9,359.0,0.0,1.748,openaq_ground,9.444444444444445,Good
2025-11-16 20:00:00,16.2,56.0,1008.2,9.0,359.0,0.0,1.690266,openaq_ground,8.88888888888889,Good
2025-11-16 21:00:00,18.7,47.0,1007.5,9.9,2.0,0.0,1.5539999999999998,openaq_ground,8.333333333333332,Good
2025-11-16 22:00:00,20.3,45.0,1006.9,12.1,32.0,0.0,1.688,openaq_ground,8.88888888888889,Good
2025-11-16 23:00:00,20.8,45.0,1006.4,16.2,45.0,0.0,1.8314,openaq_ground,10.0,Good
2025-11-17 00:00:00,20.3,44.0,1006.4,20.0,43.0,0.0,0.42658,openaq_ground,2.2222222222222223,Good
2025-11-17 01:00:00,20.8,42.0,1005.3,18.4,51.0,0.0,0.3184,openaq_ground,1.6666666666666665,Good
2025-11-17 02:00:00,20.6,46.0,1004.6,17.5,40.0,0.0,0.747,openaq_ground,3.8888888888888884,Good
2025-11-17 03:00:00,20.5,46.0,1004.0,18.0,42.0,0.0,2.2188,openaq_ground,12.222222222222223,Good
2025-11-17 04:00:00,20.1,45.0,1003.0,19.7,34.0,0.0,2.20744,openaq_ground,12.222222222222223,Good
2025-11-17 05:00:00,20.3,46.0,1003.0,17.5,28.0,0.0,2.681,openaq_ground,14.444444444444445,Good
2025-11-17 06:00:00,19.6,52.0,1002.0,16.1,34.0,0.0,1.9921,openaq_ground,10.555555555555555,Good
2025-11-17 07:00:00,19.4,50.0,1001.6,14.0,32.0,0.0,1.7956333333333334,openaq_ground,9.444444444444445,Good
2025-11-17 08:00:00,18.5,51.0,1001.5,12.0,33.0,0.0,1.5991666666666666,openaq_ground,8.333333333333332,Good
2025-11-17 09:00:00,18.5,49.0,1001.2,13.1,36.0,0.0,1.4027,openaq_ground,7.777777777777777,Good
2025-11-17 10:00:00,18.5,50.0,1001.0,15.4,35.0,0.0,1.0746,openaq_ground,5.555555555555555,Good
2025-11-17 11:00:00,18.1,50.0,1000.2,16.6,37.0,0.0,1.30686,openaq_ground,7.222222222222222,Good
2025-11-17 12:00:00,17.7,53.0,998.9,19.0,37.0,0.0,1.34084,openaq_ground,7.222222222222222,Good
2025-11-17 13:00:00,17.1,58.0,997.8,16.3,43.0,0.0,0.955,openaq_ground,5.0,Good
2025-11-17 14:00:00,17.0,57.0,996.5,17.9,41.0,0.0,0.7798,openaq_ground,3.8888888888888884,Good
2025-11-17 15:00:00,16.7,57.0,996.3,16.7,43.0,0.0,0.5738,openaq_ground,2.7777777777777777,Good
2025-11-17 16:00:00,16.3,56.0,996.0,20.7,41.0,0.0,0.3001999999999999,openaq_ground,1.6666666666666665,Good
2025-11-17 17:00:00,16.1,56.0,995.2,24.0,35.0,0.0,0.3328,openaq_ground,1.6666666666666665,Good
2025-11-17 18:00:00,16.5,54.0,995.1,20.6,35.0,0.0,0.86744,openaq_ground,4.444444444444445,Good
2025-11-17 19:00:00,17.6,52.0,994.7,18.7,44.0,0.0,0.6358,openaq_ground,3.333333333333333,Good
2025-11-17 20:00:00,18.8,48.0,994.0,19.9,44.0,0.0,1.306026,openaq_ground,7.222222222222222,Good
2025-11-17 21:00:00,19.5,46.0,993.1,21.1,39.0,0.0,1.1434799999999998,openaq_ground,6.111111111111112,Good
2025-11-17 22:00:00,20.0,49.0,992.7,19.5,48.0,0.0,0.8511320000000001,openaq_ground,4.444444444444445,Good
2025-11-17 23:00:00,21.7,47.0,992.7,22.0,33.0,0.0,0.92014,openaq_ground,5.0,Good
2025-11-18 00:00:00,24.8,35.0,992.9,15.2,353.0,0.1,0.8286,openaq_ground,4.444444444444445,Good
2025-11-18 01:00:00,25.5,35.0,993.2,13.0,274.0,0.0,0.9766,openaq_ground,5.0,Good
2025-11-18 02:00:00,24.0,47.0,993.6,10.1,197.0,0.0,0.834966,openaq_ground,4.444444444444445,Good
2025-11-18 03:00:00,20.0,69.0,995.0,23.7,198.0,6.6,0.4289659999999999,openaq_ground,2.2222222222222223,Good
2025-11-18 04:00:00,17.9,73.0,996.1,13.0,175.0,0.0,0.6367029999999999,openaq_ground,3.333333333333333,Good
2025-11-18 05:00:00,13.2,92.0,998.4,17.4,187.0,1.7,0.84444,openaq_ground,4.444444444444445,Good
2025-11-18 06:00:00,12.8,83.0,998.0,9.3,212.0,0.0,0.792,openaq_ground,3.8888888888888884,Good
2025-11-18 07:00:00,12.1,84.0,999.1,8.5,198.0,0.0,0.9705660000000002,openaq_ground,5.0,Good
2025-11-18 08:00:00,11.5,88.0,1000.0,4.0,291.0,0.0,1.05368,openaq_ground,5.555555555555555,Good
2025-11-18 09:00:00,11.1,93.0,1001.3,1.0,22.0,0.0,1.1187999999999998,openaq_ground,6.111111111111112,Good
2025-11-18 10:00:00,10.7,93.0,1002.2,3.6,72.0,0.0,0.8516,openaq_ground,4.444444444444445,Good
2025-11-18 11:00:00,10.4,93.0,1002.9,6.5,28.0,0.0,0.84644,openaq_ground,4.444444444444445,Good
2025-11-18 12:00:00,9.7,88.0,1002.4,9.2,47.0,0.0,0.63642,openaq_ground,3.333333333333333,Good
2025-11-18 13:00:00,9.2,90.0,1002.6,2.4,9.0,0.0,1.1074,openaq_ground,6.111111111111112,Good
2025-11-18 14:00:00,8.7,95.0,1003.4,3.3,261.0,0.0,0.870566,openaq_ground,4.444444444444445,Good
2025-11-18 15:00:00,8.4,95.0,1004.1,3.4,313.0,0.0,0.7063659999999999,openaq_ground,3.8888888888888884,Good
2025-11-18 16:00:00,8.5,94.0,1004.5,2.8,315.0,0.0,0.5412,openaq_ground,2.7777777777777777,Good
2025-11-18 17:00:00,8.9,91.0,1005.1,3.4,328.0,0.0,0.4791999999999999,openaq_ground,2.2222222222222223,Good
2025-11-18 18:00:00,10.4,81.0,1005.8,5.1,356.0,0.0,1.162,openaq_ground,6.111111111111112,Good
2025-11-18 19:00:00,13.2,75.0,1005.8,1.7,13.0,0.0,1.963226,openaq_ground,10.555555555555555,Good
2025-11-18 20:00:00,15.2,64.0,1006.1,1.4,157.0,0.0,2.472,openaq_ground,13.333333333333332,Good
2025-11-18 21:00:00,16.4,61.0,1006.3,4.6,138.0,0.0,1.886,openaq_ground,10.0,Good
2025-11-18 22:00:00,17.4,57.0,1007.2,10.0,120.0,0.0,1.267926,openaq_ground,6.666666666666666,Good
2025-11-18 23:00:00,17.0,59.0,1006.9,10.3,123.0,0.0,0.712,openaq_ground,3.8888888888888884,Good
2025-11-19 00:00:00,16.9,62.0,1006.5,9.0,123.0,0.0,0.6164799999999999,openaq_ground,3.333333333333333,Good
2025-11-19 01:00:00,16.5,64.0,1006.0,8.2,148.0,0.0,0.6314,openaq_ground,3.333333333333333,Good
2025-11-19 02:00:00,16.1,67.0,1006.0,7.9,168.0,0.0,0.36894,openaq_ground,1.6666666666666665,Good
2025-11-19 03:00:00,16.4,66.0,1005.9,7.2,176.0,0.0,0.1692,openaq_ground,0.5555555555555556,Good
2025-11-19 04:00:00,16.4,65.0,1005.7,6.0,189.0,0.0,0.2662,openaq_ground,1.1111111111111112,Good
2025-11-19 05:00:00,16.0,68.0,1005.9,7.4,206.0,0.0,0.756966,openaq_ground,3.8888888888888884,Good
2025-11-19 06:00:00,15.9,58.0,1005.4,4.2,227.0,0.0,1.6354,openaq_ground,8.88888888888889,Good
2025-11-19 07:00:00,15.3,65.0,1005.8,3.7,241.0,0.0,2.2978,openaq_ground,12.222222222222223,Good
2025-11-19 08:00:00,13.6,78.0,1006.2,2.7,290.0,0.0,1.6292000000000002,openaq_ground,8.88888888888889,Good
2025-11-19 09:00:00,12.7,85.0,1006.7,3.1,280.0,0.0,1.5818,openaq_ground,8.333333333333332,Good
2025-11-19 10:00:00,12.0,90.0,1007.3,2.6,295.0,0.0,2.0268,openaq_ground,11.11111111111111,Good
2025-11-19 11:00:00,11.8,91.0,1007.6,3.3,283.0,0.0,0.8047000000000001,openaq_ground,4.444444444444445,Good
2025-11-19 12:00:00,11.0,82.0,1008.3,1.8,276.0,0.0,0.63354,openaq_ground,3.333333333333333,Good
2025-11-19 13:00:00,9.9,85.0,1008.4,2.5,300.0,0.0,0.6521739999999999,openaq_ground,3.333333333333333,Good
2025-11-19 14:00:00,10.0,80.0,1008.3,3.6,323.0,0.0,0.8535600000000001,openaq_ground,4.444444444444445,Good
2025-11-19 15:00:00,9.7,76.0,1008.6,3.7,321.0,0.0,0.6086,openaq_ground,3.333333333333333,Good
2025-11-19 16:00:00,9.5,76.0,1009.3,3.3,324.0,0.0,0.57994,openaq_ground,2.7777777777777777,Good
2025-11-19 17:00:00,9.9,78.0,1009.8,3.4,335.0,0.0,0.3,openaq_ground,1.6666666666666665,Good
2025-11-19 18:00:00,11.0,72.0,1010.7,3.3,354.0,0.0,0.6448,openaq_ground,3.333333333333333,Good
2025-11-19 19:00:00,14.4,64.0,1011.1,4.7,9.0,0.0,0.5744,openaq_ground,2.7777777777777777,Good
2025-11-19 20:00:00,17.4,53.0,1011.2,5.0,19.0,0.0,0.2897599999999999,openaq_ground,1.1111111111111112,Good
2025-11-19 21:00:00,19.7,51.0,1011.2,3.6,60.0,0.0,0.38794,openaq_ground,1.6666666666666665,Good
2025-11-19 22:00:00,21.3,46.0,1011.1,6.5,66.0,0.0,0.243,openaq_ground,1.1111111111111112,Good
2025-11-19 23:00:00,22.6,43.0,1010.8,10.4,53.0,0.0,0.1254,openaq_ground,0.5555555555555556,Good
2025-11-20 00:00:00,22.4,46.0,1010.2,16.7,41.0,0.0,0.062636,openaq_ground,0.0,Good
2025-11-20 01:00:00,22.8,47.0,1010.1,14.4,42.0,0.0,0.0706,openaq_ground,0.0,Good
2025-11-20 02:00:00,23.1,49.0,1010.2,12.2,44.0,0.0,0.1312,openaq_ground,0.5555555555555556,Good
2025-11-20 03:00:00,22.7,54.0,1009.8,14.2,49.0,0.0,0.5610160000000001,openaq_ground,2.7777777777777777,Good
2025-11-20 04:00:00,22.3,57.0,1009.6,9.7,62.0,0.0,0.523132,openaq_ground,2.7777777777777777,Good
2025-11-20 05:00:00,22.9,57.0,1009.4,6.6,47.0,0.0,0.772566,openaq_ground,3.8888888888888884,Good
2025-11-20 06:00:00,22.9,53.0,1009.2,8.5,17.0,0.0,1.330168,openaq_ground,7.222222222222222,Good
2025-11-20 07:00:00,22.6,37.0,1009.6,14.8,330.0,0.0,1.1371,openaq_ground,6.111111111111112,Good
2025-11-20 08:00:00,20.9,41.0,1010.2,15.8,326.0,0.0,0.8503999999999999,openaq_ground,4.444444444444445,Good
2025-11-20 09:00:00,19.4,45.0,1011.0,9.9,339.0,0.0,0.37964,openaq_ground,1.6666666666666665,Good
2025-11-20 10:00:00,18.1,49.0,1011.3,8.0,351.0,0.0,0.05392,openaq_ground,0.0,Good
2025-11-20 11:00:00,17.8,50.0,1011.5,8.1,355.0,0.0,0.0566799999999999,openaq_ground,0.0,Good
2025-11-20 12:00:00,19.4,42.0,1010.5,15.4,346.0,0.0,0.0250199999999999,openaq_ground,0.0,Good
2025-11-20 13:00:00,19.1,41.0,1010.2,17.8,342.0,0.0,0.05166,openaq_ground,0.0,Good
2025-11-20 14:00:00,18.8,42.0,1009.9,18.4,350.0,0.0,0.004474,openaq_ground,0.0,Good
2025-11-20 15:00:00,17.9,45.0,1009.9,16.2,359.0,0.0,0.0039059999999999,openaq_ground,0.0,Good
2025-11-20 16:00:00,17.0,47.0,1009.9,15.1,359.0,0.0,0.00666,openaq_ground,0.0,Good
2025-11-20 17:00:00,16.5,49.0,1010.0,14.8,347.0,0.0,0.2666,openaq_ground,1.1111111111111112,Good
2025-11-20 18:00:00,14.7,66.0,1011.3,18.9,192.0,0.0,0.8286,openaq_ground,4.444444444444445,Good
2025-11-20 19:00:00,12.1,87.0,1012.7,10.9,204.0,0.0,1.2673,openaq_ground,6.666666666666666,Good
2025-11-20 20:00:00,14.1,75.0,1013.2,10.7,202.0,0.0,0.962,openaq_ground,5.0,Good
2025-11-20 21:00:00,15.1,69.0,1013.3,14.8,211.0,0.0,0.63944,openaq_ground,3.333333333333333,Good
2025-11-20 22:00:00,15.1,68.0,1013.8,13.3,193.0,0.0,0.5172,openaq_ground,2.7777777777777777,Good
2025-11-20 23:00:00,14.1,74.0,1014.5,17.1,184.0,0.1,1.138566,openaq_ground,6.111111111111112,Good
2025-11-21 00:00:00,13.8,76.0,1014.2,16.5,170.0,0.3,1.3088000000000002,openaq_ground,7.222222222222222,Good
2025-11-21 01:00:00,11.7,86.0,1014.9,11.7,176.0,0.3,0.7156,openaq_ground,3.8888888888888884,Good
2025-11-21 02:00:00,11.7,84.0,1014.5,12.4,190.0,0.4,0.797466,openaq_ground,3.8888888888888884,Good
2025-11-21 03:00:00,11.3,87.0,1014.6,8.1,184.0,1.0,1.143,openaq_ground,6.111111111111112,Good
2025-11-21 04:00:00,10.7,95.0,1014.9,7.5,153.0,2.7,1.45596,openaq_ground,7.777777777777777,Good
2025-11-21 05:00:00,10.9,94.0,1015.4,8.7,159.0,1.9,1.83654,openaq_ground,10.0,Good
2025-11-21 06:00:00,10.6,94.0,1015.8,8.6,178.0,1.9,2.4535,openaq_ground,13.333333333333332,Good
2025-11-21 07:00:00,10.6,96.0,1016.5,6.0,187.0,2.3,3.3724000000000003,openaq_ground,18.333333333333332,Good
2025-11-21 08:00:00,10.7,97.0,1016.6,4.1,214.0,1.0,3.95424,openaq_ground,21.666666666666664,Good
2025-11-21 09:00:00,10.9,97.0,1017.4,3.8,273.0,0.6,4.728,openaq_ground,26.11111111111111,Good
2025-11-21 10:00:00,10.8,97.0,1017.4,3.8,278.0,0.1,1.13456,openaq_ground,6.111111111111112,Good
2025-11-21 11:00:00,10.6,97.0,1017.5,3.8,281.0,0.0,0.76004,openaq_ground,3.8888888888888884,Good
2025-11-21 12:00:00,10.7,95.0,1017.8,2.6,335.0,0.0,0.91646,openaq_ground,5.0,Good
2025-11-21 13:00:00,10.4,93.0,1017.7,3.2,273.0,0.0,1.012916,openaq_ground,5.555555555555555,Good
2025-11-21 14:00:00,10.3,86.0,1017.9,7.7,246.0,0.0,0.95694,openaq_ground,5.0,Good
2025-11-21 15:00:00,10.1,86.0,1018.1,9.6,250.0,0.0,0.9338339999999998,openaq_ground,5.0,Good
2025-11-21 16:00:00,9.8,86.0,1018.0,8.6,254.0,0.0,0.75206,openaq_ground,3.8888888888888884,Good
2025-11-21 17:00:00,9.4,87.0,1018.1,6.5,262.0,0.0,1.2346,openaq_ground,6.666666666666666,Good
2025-11-21 18:00:00,9.5,86.0,1018.8,5.6,266.0,0.0,0.924566,openaq_ground,5.0,Good
2025-11-21 19:00:00,10.2,81.0,1019.0,3.4,276.0,0.0,0.4827,openaq_ground,2.2222222222222223,Good
2025-11-21 20:00:00,10.9,78.0,1019.2,1.9,331.0,0.0,0.3243999999999999,openaq_ground,1.6666666666666665,Good
2025-11-21 21:00:00,12.0,69.0,1019.1,2.7,293.0,0.0,0.2946,openaq_ground,1.1111111111111112,Good
2025-11-21 22:00:00,12.3,70.0,1018.7,4.5,5.0,0.0,0.5294000000000001,openaq_ground,2.7777777777777777,Good
2025-11-21 23:00:00,12.2,74.0,1018.7,8.6,30.0,0.1,0.6834,openaq_ground,3.333333333333333,Good
2025-11-22 00:00:00,12.8,73.0,1017.7,10.1,55.0,0.1,0.8465659999999999,openaq_ground,4.444444444444445,Good
2025-11-22 01:00:00,12.9,73.0,1017.1,14.8,56.0,0.0,0.3756,openaq_ground,1.6666666666666665,Good
2025-11-22 02:00:00,13.2,74.0,1016.3,19.2,56.0,0.0,0.449,openaq_ground,2.2222222222222223,Good
2025-11-22 03:00:00,14.0,70.0,1015.5,20.8,40.0,0.0,0.8719999999999999,openaq_ground,4.444444444444445,Good
2025-11-22 04:00:00,13.9,71.0,1015.0,18.1,37.0,0.0,1.148,openaq_ground,6.111111111111112,Good
2025-11-22 05:00:00,13.8,71.0,1014.9,16.8,37.0,0.0,0.892,openaq_ground,4.444444444444445,Good
2025-11-22 06:00:00,13.0,76.0,1014.7,14.0,43.0,0.0,1.19024,openaq_ground,6.111111111111112,Good
2025-11-22 07:00:00,12.1,82.0,1014.8,11.2,50.0,0.0,1.778,openaq_ground,9.444444444444445,Good
2025-11-22 08:00:00,10.8,90.0,1015.1,5.5,58.0,0.0,1.0539999999999998,openaq_ground,5.555555555555555,Good
2025-11-22 09:00:00,9.9,95.0,1015.6,2.5,352.0,0.0,1.950066,openaq_ground,10.555555555555555,Good
2025-11-22 10:00:00,10.3,94.0,1015.6,4.3,294.0,0.1,5.906,openaq_ground,32.77777777777778,Good
2025-11-22 11:00:00,10.6,94.0,1015.0,4.6,283.0,0.1,2.2514,openaq_ground,12.222222222222223,Good
2025-11-22 12:00:00,10.7,92.0,1014.6,4.4,302.0,0.0,1.3564,openaq_ground,7.222222222222222,Good
2025-11-22 13:00:00,10.3,90.0,1013.9,5.2,286.0,0.0,1.482,openaq_ground,7.777777777777777,Good
2025-11-22 14:00:00,10.0,86.0,1013.4,5.4,291.0,0.0,1.367,openaq_ground,7.222222222222222,Good
2025-11-22 15:00:00,9.0,85.0,1013.4,4.7,302.0,0.0,1.0438,openaq_ground,5.555555555555555,Good
2025-11-22 16:00:00,8.6,83.0,1013.2,4.4,308.0,0.0,1.7879999999999998,openaq_ground,9.444444444444445,Good
2025-11-22 17:00:00,7.9,85.0,1013.2,3.2,322.0,0.0,0.97,openaq_ground,5.0,Good
2025-11-22 18:00:00,9.4,83.0,1013.5,4.0,342.0,0.0,0.73424,openaq_ground,3.8888888888888884,Good
2025-11-22 19:00:00,11.1,75.0,1013.3,3.5,305.0,0.0,0.7380000000000001,openaq_ground,3.8888888888888884,Good
2025-11-22 20:00:00,12.4,72.0,1012.9,3.0,253.0,0.0,1.10434,openaq_ground,6.111111111111112,Good
2025-11-22 21:00:00,14.0,60.0,1012.5,10.0,257.0,0.0,1.23842,openaq_ground,6.666666666666666,Good
2025-11-22 22:00:00,15.3,53.0,1011.6,13.6,259.0,0.0,1.0472,openaq_ground,5.555555555555555,Good
2025-11-22 23:00:00,16.4,49.0,1011.4,12.7,247.0,0.0,1.1682,openaq_ground,6.111111111111112,Good
2025-11-23 00:00:00,16.7,49.0,1010.4,6.0,175.0,0.0,0.892,openaq_ground,4.444444444444445,Good
2025-11-23 01:00:00,17.2,52.0,1009.8,6.0,141.0,0.0,0.812,openaq_ground,4.444444444444445,Good
2025-11-23 02:00:00,16.1,57.0,1009.9,1.7,193.0,0.0,0.6979,openaq_ground,3.333333333333333,Good
2025-11-23 03:00:00,14.9,60.0,1010.4,12.5,192.0,0.0,0.784,openaq_ground,3.8888888888888884,Good
2025-11-23 04:00:00,12.5,75.0,1011.0,12.1,173.0,0.3,1.16044,openaq_ground,6.111111111111112,Good
2025-11-23 05:00:00,11.7,81.0,1011.2,7.6,117.0,0.5,1.3001660000000002,openaq_ground,7.222222222222222,Good
2025-11-23 06:00:00,11.0,88.0,1011.1,5.8,126.0,1.4,1.0618,openaq_ground,5.555555555555555,Good
2025-11-23 07:00:00,10.4,90.0,1011.7,11.2,182.0,0.4,1.1982,openaq_ground,6.111111111111112,Good
2025-11-23 08:00:00,10.1,90.0,1012.1,15.2,204.0,0.3,1.1384,openaq_ground,6.111111111111112,Good
2025-11-23 09:00:00,9.6,90.0,1013.0,17.5,208.0,0.2,0.8811,openaq_ground,4.444444444444445,Good
2025-11-23 10:00:00,9.2,89.0,1013.5,16.1,215.0,0.3,0.741975,openaq_ground,3.8888888888888884,Good
2025-11-23 11:00:00,9.0,86.0,1013.8,14.7,234.0,0.1,0.60285,openaq_ground,3.333333333333333,Good
2025-11-23 12:00:00,8.1,82.0,1014.2,12.1,243.0,0.0,0.463725,openaq_ground,2.2222222222222223,Good
2025-11-23 13:00:00,7.6,79.0,1014.1,12.3,240.0,0.0,0.3246,openaq_ground,1.6666666666666665,Good
2025-11-23 14:00:00,7.5,77.0,1014.1,12.6,243.0,0.0,0.18272,openaq_ground,0.5555555555555556,Good
2025-11-23 15:00:00,7.4,73.0,1014.2,12.7,245.0,0.0,0.16336,openaq_ground,0.5555555555555556,Good
2025-11-23 16:00:00,7.0,74.0,1014.2,11.9,248.0,0.0,0.199,openaq_ground,0.5555555555555556,Good
2025-11-23 17:00:00,6.8,75.0,1014.4,11.5,250.0,0.0,0.4732,openaq_ground,2.2222222222222223,Good
2025-11-23 18:00:00,7.1,75.0,1014.8,12.9,249.0,0.0,0.4574,openaq_ground,2.2222222222222223,Good
2025-11-23 19:00:00,8.0,72.0,1015.1,17.1,245.0,0.0,0.2875999999999999,openaq_ground,1.1111111111111112,Good
2025-11-23 20:00:00,8.9,68.0,1015.2,17.7,242.0,0.1,0.238,openaq_ground,1.1111111111111112,Good
2025-11-23 21:00:00,9.8,64.0,1015.3,16.2,240.0,0.0,0.17776,openaq_ground,0.5555555555555556,Good
2025-11-23 22:00:00,10.9,59.0,1015.2,14.1,242.0,0.0,0.2434,openaq_ground,1.1111111111111112,Good
2025-11-23 23:00:00,11.9,56.0,1015.3,14.0,226.0,0.0,0.7558,openaq_ground,3.8888888888888884,Good
2025-11-24 00:00:00,12.5,52.0,1014.7,14.1,210.0,0.0,0.939,openaq_ground,5.0,Good
2025-11-24 01:00:00,13.3,50.0,1014.4,12.1,203.0,0.0,0.3452,openaq_ground,1.6666666666666665,Good
2025-11-24 02:00:00,13.4,51.0,1014.6,11.2,164.0,0.0,0.2122,openaq_ground,1.1111111111111112,Good
2025-11-24 03:00:00,11.9,58.0,1014.9,10.6,132.0,0.0,0.25170000000000003,openaq_ground,1.1111111111111112,Good
2025-11-24 04:00:00,13.1,57.0,1014.6,7.4,124.0,0.0,0.2912,openaq_ground,1.1111111111111112,Good
2025-11-24 05:00:00,11.7,61.0,1014.7,12.0,108.0,0.0,0.3198,openaq_ground,1.6666666666666665,Good
2025-11-24 06:00:00,11.4,67.0,1014.8,11.1,76.0,0.0,0.9514,openaq_ground,5.0,Good
2025-11-24 07:00:00,10.9,70.0,1015.3,12.7,50.0,0.0,0.9484,openaq_ground,5.0,Good
2025-11-24 08:00:00,9.5,76.0,1015.8,12.7,47.0,0.0,0.8532,openaq_ground,4.444444444444445,Good
2025-11-24 09:00:00,9.3,78.0,1016.2,12.3,50.0,0.0,0.6439,openaq_ground,3.333333333333333,Good
2025-11-24 10:00:00,9.3,81.0,1016.1,12.8,42.0,0.0,0.5682,openaq_ground,2.7777777777777777,Good
2025-11-24 11:00:00,9.2,83.0,1015.8,12.7,45.0,0.0,0.89656,openaq_ground,4.444444444444445,Good
2025-11-24 12:00:00,8.7,84.0,1015.8,10.3,38.0,0.0,0.60224,openaq_ground,3.333333333333333,Good
2025-11-24 13:00:00,8.4,87.0,1015.4,8.3,27.0,0.0,0.5483,openaq_ground,2.7777777777777777,Good
2025-11-24 14:00:00,7.8,90.0,1014.8,7.8,19.0,0.0,0.5396,openaq_ground,2.7777777777777777,Good
2025-11-24 15:00:00,7.4,91.0,1014.3,6.8,12.0,0.0,0.51084,openaq_ground,2.7777777777777777,Good
2025-11-24 16:00:00,7.0,91.0,1013.8,7.4,3.0,0.0,0.414,openaq_ground,2.2222222222222223,Good
2025-11-24 17:00:00,6.7,92.0,1013.6,8.1,6.0,0.0,0.4902,openaq_ground,2.2222222222222223,Good
2025-11-24 18:00:00,7.8,87.0,1013.3,9.3,16.0,0.0,0.763,openaq_ground,3.8888888888888884,Good
2025-11-24 19:00:00,10.3,82.0,1012.7,8.6,29.0,0.0,0.4698,openaq_ground,2.2222222222222223,Good
2025-11-24 20:00:00,12.8,73.0,1012.4,11.4,28.0,0.0,0.5282,openaq_ground,2.7777777777777777,Good
2025-11-24 21:00:00,14.8,68.0,1012.0,15.0,35.0,0.0,0.8225660000000001,openaq_ground,4.444444444444445,Good
2025-11-24 22:00:00,16.0,67.0,1011.5,16.2,36.0,0.0,1.444766,openaq_ground,7.777777777777777,Good
2025-11-24 23:00:00,17.2,67.0,1011.2,16.9,39.0,0.0,1.51804,openaq_ground,8.333333333333332,Good
2025-11-25 00:00:00,17.2,66.0,1009.8,20.5,42.0,0.0,1.9876,openaq_ground,10.555555555555555,Good
2025-11-25 01:00:00,17.0,69.0,1009.2,22.0,42.0,0.0,1.7799599999999998,openaq_ground,9.444444444444445,Good
2025-11-25 02:00:00,16.9,70.0,1008.4,23.2,41.0,0.0,2.40726,openaq_ground,13.333333333333332,Good
2025-11-25 03:00:00,16.9,71.0,1007.5,24.6,42.0,0.0,2.8062,openaq_ground,15.555555555555554,Good
2025-11-25 04:00:00,16.3,73.0,1006.8,24.1,42.0,0.0,3.08634,openaq_ground,16.666666666666664,Good
2025-11-25 05:00:00,15.2,79.0,1006.2,22.6,41.0,0.0,3.1828000000000003,openaq_ground,17.22222222222222,Good
2025-11-25 06:00:00,14.1,82.0,1005.6,21.3,40.0,0.0,3.3522,openaq_ground,18.333333333333332,Good
2025-11-25 07:00:00,13.7,85.0,1005.0,21.1,40.0,0.0,4.0414,openaq_ground,22.22222222222222,Good
2025-11-25 08:00:00,12.9,89.0,1004.3,19.6,41.0,0.0,3.695,openaq_ground,20.0,Good
2025-11-25 09:00:00,13.1,87.0,1003.5,20.5,39.0,0.0,3.5007999999999995,openaq_ground,19.444444444444443,Good
2025-11-25 10:00:00,13.7,85.0,1002.8,21.8,40.0,0.0,3.4856000000000003,openaq_ground,18.88888888888889,Good
2025-11-25 11:00:00,13.3,88.0,1001.4,21.8,40.0,0.0,3.7832,openaq_ground,20.555555555555557,Good
2025-11-25 12:00:00,12.8,90.0,1000.2,16.7,30.0,0.0,3.6046,openaq_ground,20.0,Good
2025-11-25 13:00:00,12.7,90.0,998.7,14.3,39.0,0.0,3.632,openaq_ground,20.0,Good
2025-11-25 14:00:00,13.0,84.0,997.1,17.1,42.0,0.0,3.78,openaq_ground,20.555555555555557,Good
2025-11-25 15:00:00,14.6,74.0,996.1,16.8,47.0,0.0,3.698,openaq_ground,20.0,Good
2025-11-25 16:00:00,15.4,66.0,994.9,22.9,39.0,0.0,3.97,openaq_ground,21.666666666666664,Good
2025-11-25 17:00:00,15.2,67.0,994.0,22.0,43.0,0.0,5.67,openaq_ground,31.111111111111107,Good
2025-11-25 18:00:00,15.4,67.0,993.1,26.8,35.0,0.0,4.754,openaq_ground,26.11111111111111,Good
2025-11-25 19:00:00,17.3,64.0,991.8,29.1,38.0,0.0,2.1986,openaq_ground,11.666666666666666,Good
2025-11-25 20:00:00,18.7,63.0,991.4,25.2,43.0,0.0,1.5632,openaq_ground,8.333333333333332,Good
2025-11-25 21:00:00,20.7,61.0,990.8,21.6,45.0,0.0,1.148866,openaq_ground,6.111111111111112,Good
2025-11-25 22:00:00,23.5,51.0,990.2,23.8,28.0,0.0,0.5654,openaq_ground,2.7777777777777777,Good
2025-11-25 23:00:00,25.0,44.0,990.8,23.5,347.0,0.0,0.177,openaq_ground,0.5555555555555556,Good
2025-11-26 00:00:00,26.6,38.0,989.7,18.9,7.0,0.1,0.0366,openaq_ground,0.0,Good
2025-11-26 01:00:00,27.9,32.0,990.0,19.8,297.0,0.0,0.00224,openaq_ground,0.0,Good
2025-11-26 02:00:00,27.7,31.0,990.8,22.8,275.0,0.0,2.093,openaq_ground,11.11111111111111,Good
2025-11-26 03:00:00,23.1,59.0,992.3,14.5,222.0,0.7,0.33496,openaq_ground,1.6666666666666665,Good
2025-11-26 04:00:00,22.6,62.0,992.8,10.5,188.0,0.0,0.91624,openaq_ground,5.0,Good
2025-11-26 05:00:00,21.7,64.0,993.5,11.4,155.0,0.1,0.874,openaq_ground,4.444444444444445,Good
2025-11-26 06:00:00,16.3,74.0,994.6,7.8,127.0,0.0,0.7619999999999999,openaq_ground,3.8888888888888884,Good
2025-11-26 07:00:00,15.9,74.0,995.3,4.3,88.0,0.0,0.9135,openaq_ground,5.0,Good
2025-11-26 08:00:00,14.9,80.0,996.1,2.9,11.0,0.0,1.09,openaq_ground,5.555555555555555,Good
2025-11-26 09:00:00,14.3,85.0,997.0,7.4,34.0,0.0,1.48924,openaq_ground,7.777777777777777,Good
2025-11-26 10:00:00,13.5,89.0,997.6,9.2,35.0,0.0,1.19482,openaq_ground,6.111111111111112,Good
2025-11-26 11:00:00,12.7,89.0,997.6,12.3,31.0,0.0,1.1328,openaq_ground,6.111111111111112,Good
2025-11-26 12:00:00,13.0,83.0,996.5,17.7,37.0,0.0,1.0379,openaq_ground,5.555555555555555,Good
2025-11-26 13:00:00,13.0,83.0,996.3,15.3,30.0,0.0,1.0896659999999998,openaq_ground,5.555555555555555,Good
2025-11-26 14:00:00,12.9,81.0,995.2,14.0,36.0,0.0,1.24776,openaq_ground,6.666666666666666,Good
2025-11-26 15:00:00,13.0,77.0,993.8,15.0,33.0,0.0,1.846,openaq_ground,10.0,Good
2025-11-26 16:00:00,13.5,74.0,991.8,16.3,33.0,0.0,1.35412,openaq_ground,7.222222222222222,Good
2025-11-26 17:00:00,15.1,63.0,989.9,17.1,39.0,0.0,1.6796600000000002,openaq_ground,8.88888888888889,Good
2025-11-26 18:00:00,14.2,75.0,988.1,21.9,52.0,0.4,0.90654,openaq_ground,5.0,Good
2025-11-26 19:00:00,16.2,63.0,987.8,25.4,41.0,0.0,0.6694000000000001,openaq_ground,3.333333333333333,Good
2025-11-26 20:00:00,17.4,64.0,986.9,18.4,23.0,0.4,0.1295599999999999,openaq_ground,0.5555555555555556,Good
2025-11-26 21:00:00,19.6,56.0,986.4,21.1,23.0,0.1,0.02332,openaq_ground,0.0,Good
2025-11-26 22:00:00,20.5,59.0,983.9,24.0,47.0,0.8,0.2586,openaq_ground,1.1111111111111112,Good
2025-11-26 23:00:00,22.1,63.0,983.7,23.1,41.0,0.0,0.1734,openaq_ground,0.5555555555555556,Good
2025-11-27 00:00:00,25.0,42.0,982.4,20.9,3.0,0.0,0.02442,openaq_ground,0.0,Good
2025-11-27 01:00:00,26.2,32.0,982.4,28.9,318.0,0.0,0.01886,openaq_ground,0.0,Good
2025-11-27 02:00:00,25.4,32.0,983.3,29.9,303.0,0.0,0.00608,openaq_ground,0.0,Good
2025-11-27 03:00:00,24.1,37.0,984.3,34.1,297.0,0.0,0.1228799999999999,openaq_ground,0.5555555555555556,Good
2025-11-27 04:00:00,24.1,37.0,985.9,24.8,280.0,0.0,0.005,openaq_ground,0.0,Good
2025-11-27 05:00:00,23.8,37.0,987.0,18.6,286.0,0.0,0.7698400000000001,openaq_ground,3.8888888888888884,Good
2025-11-27 06:00:00,22.7,46.0,987.1,3.4,32.0,0.0,2.8082000000000003,openaq_ground,15.555555555555554,Good
2025-11-27 07:00:00,20.2,56.0,988.0,8.0,74.0,0.0,3.2092,openaq_ground,17.77777777777778,Good
2025-11-27 08:00:00,18.3,64.0,988.9,7.3,46.0,0.0,2.57886,openaq_ground,13.88888888888889,Good
2025-11-27 09:00:00,16.1,70.0,989.7,14.2,27.0,0.0,2.3162,openaq_ground,12.777777777777777,Good
2025-11-27 10:00:00,15.2,66.0,989.7,13.4,356.0,0.0,1.8226400000000005,openaq_ground,10.0,Good
2025-11-27 11:00:00,15.6,55.0,989.8,11.2,325.0,0.0,1.7116,openaq_ground,9.444444444444445,Good
2025-11-27 12:00:00,16.6,46.0,990.0,21.0,10.0,0.0,1.09496,openaq_ground,5.555555555555555,Good
2025-11-27 13:00:00,16.1,47.0,989.4,13.0,2.0,0.0,0.7832399999999999,openaq_ground,3.8888888888888884,Good
2025-11-27 14:00:00,13.1,61.0,989.3,3.3,41.0,0.0,0.72234,openaq_ground,3.8888888888888884,Good
2025-11-27 15:00:00,12.3,65.0,989.8,4.9,356.0,0.0,0.60174,openaq_ground,3.333333333333333,Good
2025-11-27 16:00:00,14.4,54.0,990.2,11.4,307.0,0.0,0.2029,openaq_ground,1.1111111111111112,Good
2025-11-27 17:00:00,12.4,65.0,991.9,3.8,251.0,0.0,1.25034,openaq_ground,6.666666666666666,Good
2025-11-27 18:00:00,13.7,70.0,993.7,18.6,195.0,0.0,1.96746,openaq_ground,10.555555555555555,Good
2025-11-27 19:00:00,13.7,76.0,995.2,17.2,200.0,0.1,1.0592,openaq_ground,5.555555555555555,Good
2025-11-27 20:00:00,13.2,77.0,996.5,14.2,192.0,0.1,0.7940400000000001,openaq_ground,3.8888888888888884,Good
2025-11-27 21:00:00,13.5,74.0,997.4,16.5,194.0,0.3,0.64796,openaq_ground,3.333333333333333,Good
2025-11-27 22:00:00,14.3,66.0,998.4,18.1,214.0,0.1,0.99416,openaq_ground,5.0,Good
2025-11-27 23:00:00,14.7,60.0,999.0,19.8,230.0,0.1,0.9712,openaq_ground,5.0,Good
2025-11-28 00:00:00,14.7,57.0,998.4,13.0,194.0,0.0,1.019966,openaq_ground,5.555555555555555,Good
2025-11-28 01:00:00,15.8,55.0,998.8,10.9,174.0,0.4,1.3676940000000002,openaq_ground,7.222222222222222,Good
2025-11-28 02:00:00,13.8,66.0,999.4,16.0,114.0,0.3,1.425466,openaq_ground,7.777777777777777,Good
2025-11-28 03:00:00,14.9,61.0,1000.2,11.5,88.0,0.1,1.233,openaq_ground,6.666666666666666,Good
2025-11-28 04:00:00,14.9,58.0,1000.7,15.3,92.0,0.1,1.0059999999999998,openaq_ground,5.555555555555555,Good
2025-11-28 05:00:00,13.2,63.0,1001.5,17.4,62.0,0.0,1.163026,openaq_ground,6.111111111111112,Good
2025-11-28 06:00:00,12.6,65.0,1001.8,16.5,54.0,0.1,1.364,openaq_ground,7.222222222222222,Good
2025-11-28 07:00:00,11.6,67.0,1002.2,17.7,50.0,0.0,1.23224,openaq_ground,6.666666666666666,Good
2025-11-28 08:00:00,11.3,70.0,1002.0,20.1,44.0,0.0,1.0397,openaq_ground,5.555555555555555,Good
2025-11-28 09:00:00,11.1,74.0,1001.8,23.2,42.0,0.0,1.0702,openaq_ground,5.555555555555555,Good
2025-11-28 10:00:00,10.8,73.0,1000.6,26.3,33.0,0.0,1.268,openaq_ground,6.666666666666666,Good
2025-11-28 11:00:00,10.5,74.0,999.8,23.1,28.0,0.0,1.08784,openaq_ground,5.555555555555555,Good
2025-11-28 12:00:00,11.0,70.0,999.2,22.8,23.0,0.0,0.6568160000000001,openaq_ground,3.333333333333333,Good
2025-11-28 13:00:00,10.9,71.0,999.1,17.3,14.0,0.0,0.6478659999999999,openaq_ground,3.333333333333333,Good
2025-11-28 14:00:00,10.7,71.0,998.8,12.3,3.0,0.0,0.55646,openaq_ground,2.7777777777777777,Good
2025-11-28 15:00:00,9.4,76.0,998.2,10.6,360.0,0.0,0.3129,openaq_ground,1.6666666666666665,Good
2025-11-28 16:00:00,8.9,75.0,997.4,12.9,8.0,0.0,0.5115999999999999,openaq_ground,2.7777777777777777,Good
2025-11-28 17:00:00,8.6,68.0,997.4,11.5,9.0,0.0,0.09422,openaq_ground,0.0,Good
2025-11-28 18:00:00,10.2,57.0,997.1,11.2,12.0,0.0,0.0917999999999999,openaq_ground,0.0,Good
2025-11-28 19:00:00,13.5,50.0,997.7,10.7,31.0,0.0,0.13782,openaq_ground,0.5555555555555556,Good
2025-11-28 20:00:00,15.9,42.0,997.9,11.4,23.0,0.0,0.1319999999999999,openaq_ground,0.5555555555555556,Good
2025-11-28 21:00:00,17.7,40.0,997.9,11.8,12.0,0.0,0.007806,openaq_ground,0.0,Good
2025-11-28 22:00:00,19.7,39.0,997.9,12.2,324.0,0.0,0.0228,openaq_ground,0.0,Good
2025-11-28 23:00:00,20.9,39.0,997.8,11.8,301.0,0.0,0.01558,openaq_ground,0.0,Good
2025-11-29 00:00:00,22.0,30.0,996.9,11.1,279.0,0.0,0.00276,openaq_ground,0.0,Good
2025-11-29 01:00:00,22.1,30.0,997.2,6.9,275.0,0.0,0.0283999999999999,openaq_ground,0.0,Good
2025-11-29 02:00:00,21.3,35.0,997.5,8.4,318.0,0.0,0.17982,openaq_ground,0.5555555555555556,Good
2025-11-29 03:00:00,23.2,32.0,996.7,7.7,300.0,0.0,0.9568,openaq_ground,5.0,Good
2025-11-29 04:00:00,16.4,63.0,998.2,25.5,193.0,0.7,1.092,openaq_ground,5.555555555555555,Good
2025-11-29 05:00:00,16.2,58.0,998.0,7.0,252.0,0.0,0.6586000000000001,openaq_ground,3.333333333333333,Good
2025-11-29 06:00:00,15.8,64.0,998.3,12.4,206.0,0.0,0.8208,openaq_ground,4.444444444444445,Good
2025-11-29 07:00:00,13.2,72.0,998.9,11.9,183.0,0.0,1.1425,openaq_ground,6.111111111111112,Good
2025-11-29 08:00:00,11.9,83.0,999.4,5.2,229.0,0.0,0.6798,openaq_ground,3.333333333333333,Good
2025-11-29 09:00:00,11.3,85.0,999.5,2.8,310.0,0.0,2.098,openaq_ground,11.11111111111111,Good
2025-11-29 10:00:00,11.1,85.0,999.2,1.5,330.0,0.0,1.4376,openaq_ground,7.777777777777777,Good
2025-11-29 11:00:00,10.9,85.0,998.7,2.6,25.0,0.0,0.6268,openaq_ground,3.333333333333333,Good
2025-11-29 12:00:00,10.7,80.0,997.5,5.2,22.0,0.0,0.3066,openaq_ground,1.6666666666666665,Good
2025-11-29 13:00:00,10.3,83.0,996.7,6.2,17.0,0.0,0.2506,openaq_ground,1.1111111111111112,Good
2025-11-29 14:00:00,10.5,82.0,995.5,8.2,15.0,0.0,0.25186,openaq_ground,1.1111111111111112,Good
2025-11-29 15:00:00,12.2,72.0,994.7,9.4,2.0,0.0,0.15062,openaq_ground,0.5555555555555556,Good
2025-11-29 16:00:00,12.8,66.0,994.0,7.3,9.0,0.0,0.12736,openaq_ground,0.5555555555555556,Good
2025-11-29 17:00:00,12.9,66.0,994.0,6.8,2.0,0.0,0.061146,openaq_ground,0.0,Good
2025-11-29 18:00:00,12.7,67.0,993.2,5.8,306.0,0.0,0.4979999999999999,openaq_ground,2.2222222222222223,Good
2025-11-29 19:00:00,14.2,65.0,992.9,3.2,71.0,0.0,0.8710000000000001,openaq_ground,4.444444444444445,Good
2025-11-29 20:00:00,16.1,59.0,992.4,5.2,168.0,0.0,1.13946,openaq_ground,6.111111111111112,Good
2025-11-29 21:00:00,14.0,71.0,992.5,8.9,159.0,0.0,1.42914,openaq_ground,7.777777777777777,Good
2025-11-29 22:00:00,13.3,71.0,992.0,8.7,222.0,0.0,1.1416,openaq_ground,6.111111111111112,Good
2025-11-29 23:00:00,12.6,79.0,991.8,9.8,239.0,0.0,0.23456,openaq_ground,1.1111111111111112,Good
2025-11-30 00:00:00,14.5,71.0,990.7,9.4,156.0,0.0,0.1536,openaq_ground,0.5555555555555556,Good
2025-11-30 01:00:00,15.5,64.0,989.5,11.5,125.0,0.0,0.310216,openaq_ground,1.6666666666666665,Good
2025-11-30 02:00:00,14.0,71.0,988.6,10.6,129.0,0.1,0.25724,openaq_ground,1.1111111111111112,Good
2025-11-30 03:00:00,13.2,77.0,987.9,7.6,152.0,0.6,0.5678,openaq_ground,2.7777777777777777,Good
2025-11-30 04:00:00,12.3,86.0,987.1,6.5,172.0,1.1,1.91138,openaq_ground,10.555555555555555,Good
2025-11-30 05:00:00,11.7,95.0,985.5,9.2,200.0,1.2,3.6602,openaq_ground,20.0,Good
2025-11-30 06:00:00,11.3,95.0,985.1,9.6,168.0,0.3,3.9314,openaq_ground,21.666666666666664,Good
2025-11-30 07:00:00,11.2,98.0,985.1,6.0,190.0,0.4,1.88354,openaq_ground,10.0,Good
2025-11-30 08:00:00,11.2,98.0,985.1,6.3,211.0,0.8,1.24776,openaq_ground,6.666666666666666,Good
2025-11-30 09:00:00,11.2,98.0,985.4,6.2,226.0,1.1,0.8529199999999999,openaq_ground,4.444444444444445,Good
2025-11-30 10:00:00,11.1,99.0,985.9,9.4,241.0,0.3,0.7234,openaq_ground,3.8888888888888884,Good
2025-11-30 11:00:00,11.1,98.0,986.1,12.9,247.0,0.2,0.109966,openaq_ground,0.5555555555555556,Good
2025-11-30 12:00:00,11.1,98.0,987.2,13.8,230.0,0.2,0.01092,openaq_ground,0.0,Good
2025-11-30 13:00:00,10.9,99.0,988.2,16.8,232.0,0.7,0.025,openaq_ground,0.0,Good
2025-11-30 14:00:00,10.6,98.0,989.4,19.7,225.0,0.9,0.0310599999999999,openaq_ground,0.0,Good
2025-11-30 15:00:00,10.5,96.0,990.4,18.3,229.0,0.4,0.000566,openaq_ground,0.0,Good
2025-11-30 16:00:00,10.3,97.0,991.4,17.5,238.0,0.2,0.03334,openaq_ground,0.0,Good
2025-11-30 17:00:00,10.4,97.0,992.3,15.3,239.0,0.4,0.0245,openaq_ground,0.0,Good
2025-11-30 18:00:00,10.5,97.0,992.7,15.3,223.0,0.3,0.2012,openaq_ground,1.1111111111111112,Good
2025-11-30 19:00:00,10.9,92.0,993.5,15.6,219.0,0.3,0.23554,openaq_ground,1.1111111111111112,Good
2025-11-30 20:00:00,10.9,90.0,994.2,14.9,210.0,0.2,0.7418,openaq_ground,3.8888888888888884,Good
2025-11-30 21:00:00,10.7,88.0,995.0,15.1,198.0,0.2,0.8640000000000001,openaq_ground,4.444444444444445,Good
2025-11-30 22:00:00,10.6,86.0,995.5,16.2,189.0,0.3,0.943,openaq_ground,5.0,Good
2025-11-30 23:00:00,10.3,86.0,996.3,15.9,183.0,0.3,1.16616,openaq_ground,6.111111111111112,Good
2025-12-01 00:00:00,10.5,82.0,996.4,16.0,177.0,0.1,0.90396,openaq_ground,5.0,Good
2025-12-01 01:00:00,10.3,80.0,996.8,14.1,176.0,0.1,0.6734,openaq_ground,3.333333333333333,Good
2025-12-01 02:00:00,10.6,77.0,997.0,12.1,165.0,0.1,0.827966,openaq_ground,4.444444444444445,Good
2025-12-01 03:00:00,10.1,80.0,997.5,8.3,141.0,0.7,0.8626999999999999,openaq_ground,4.444444444444445,Good
2025-12-01 04:00:00,9.2,92.0,997.5,7.8,109.0,1.7,1.824566,openaq_ground,10.0,Good
2025-12-01 05:00:00,9.7,84.0,997.5,8.6,105.0,0.5,5.448,openaq_ground,30.0,Good
2025-12-01 06:00:00,9.0,89.0,997.7,7.8,113.0,0.2,1.568,openaq_ground,8.333333333333332,Good
2025-12-01 07:00:00,8.9,87.0,997.8,4.8,117.0,0.0,2.741666,openaq_ground,15.0,Good
2025-12-01 08:00:00,8.7,87.0,998.2,3.4,72.0,0.0,3.200633,openaq_ground,17.77777777777778,Good
2025-12-01 09:00:00,8.6,92.0,998.9,4.6,59.0,0.2,3.6596,openaq_ground,20.0,Good
2025-12-01 10:00:00,8.5,96.0,999.4,5.6,63.0,0.6,1.021,openaq_ground,5.555555555555555,Good
2025-12-01 11:00:00,8.4,97.0,999.0,5.7,58.0,0.3,1.039,openaq_ground,5.555555555555555,Good
2025-12-01 12:00:00,8.0,96.0,999.6,5.0,46.0,0.1,0.8240000000000001,openaq_ground,4.444444444444445,Good
2025-12-01 13:00:00,7.9,97.0,999.4,2.3,29.0,0.5,0.4397999999999999,openaq_ground,2.2222222222222223,Good
2025-12-01 14:00:00,7.9,96.0,999.3,1.7,328.0,0.4,0.3998,openaq_ground,1.6666666666666665,Good
2025-12-01 15:00:00,7.8,97.0,999.0,3.1,360.0,0.1,0.4476,openaq_ground,2.2222222222222223,Good
2025-12-01 16:00:00,7.9,96.0,999.1,4.5,2.0,0.1,0.5414,openaq_ground,2.7777777777777777,Good
2025-12-01 17:00:00,7.9,97.0,999.7,4.6,11.0,0.0,0.66436,openaq_ground,3.333333333333333,Good
2025-12-01 18:00:00,8.4,94.0,999.9,4.4,35.0,0.0,0.5428,openaq_ground,2.7777777777777777,Good
2025-12-01 19:00:00,8.9,90.0,1000.6,5.6,29.0,0.1,0.0571999999999999,openaq_ground,0.0,Good
2025-12-01 20:00:00,9.3,86.0,1000.4,6.2,36.0,0.2,0.0727,openaq_ground,0.0,Good
2025-12-01 21:00:00,10.1,81.0,1000.9,7.8,32.0,0.3,0.17726,openaq_ground,0.5555555555555556,Good
2025-12-01 22:00:00,11.1,75.0,1001.1,8.0,34.0,0.2,0.1056,openaq_ground,0.5555555555555556,Good
2025-12-01 23:00:00,12.4,74.0,1001.1,8.0,28.0,0.1,0.1692,openaq_ground,0.5555555555555556,Good
2025-12-02 00:00:00,13.4,73.0,1001.3,8.8,41.0,0.1,0.211666,openaq_ground,1.1111111111111112,Good
2025-12-02 01:00:00,14.3,68.0,1001.0,9.0,53.0,0.2,0.1178399999999999,openaq_ground,0.5555555555555556,Good
2025-12-02 02:00:00,13.6,72.0,1000.7,12.7,65.0,1.3,0.1646,openaq_ground,0.5555555555555556,Good
2025-12-02 03:00:00,12.6,81.0,1001.6,10.4,51.0,4.2,0.34476,openaq_ground,1.6666666666666665,Good
2025-12-02 04:00:00,13.0,78.0,1001.4,12.2,46.0,0.1,0.3016,openaq_ground,1.6666666666666665,Good
2025-12-02 05:00:00,12.5,78.0,1002.1,8.7,6.0,0.0,0.4762,openaq_ground,2.2222222222222223,Good
2025-12-02 06:00:00,12.2,77.0,1002.6,8.6,31.0,0.0,1.360366,openaq_ground,7.222222222222222,Good
2025-12-02 07:00:00,11.7,81.0,1003.1,8.2,38.0,0.2,1.5564,openaq_ground,8.333333333333332,Good
2025-12-02 08:00:00,10.6,90.0,1003.9,4.3,42.0,0.1,1.3018,openaq_ground,7.222222222222222,Good
2025-12-02 09:00:00,9.7,93.0,1004.5,5.6,40.0,0.1,0.7615999999999999,openaq_ground,3.8888888888888884,Good
2025-12-02 10:00:00,9.2,95.0,1005.1,6.7,14.0,0.2,0.4913999999999999,openaq_ground,2.2222222222222223,Good
2025-12-02 11:00:00,8.6,95.0,1005.2,5.5,11.0,0.4,0.3984999999999999,openaq_ground,1.6666666666666665,Good
2025-12-02 12:00:00,9.3,95.0,1005.1,3.5,15.0,0.1,0.3206,openaq_ground,1.6666666666666665,Good
2025-12-02 13:00:00,8.7,99.0,1005.0,0.7,256.0,0.7,1.28954,openaq_ground,6.666666666666666,Good
2025-12-02 14:00:00,8.3,99.0,1004.4,2.0,297.0,0.0,0.4386,openaq_ground,2.2222222222222223,Good
2025-12-02 15:00:00,8.0,98.0,1004.2,3.4,273.0,0.0,0.4051999999999999,openaq_ground,2.2222222222222223,Good
2025-12-02 16:00:00,7.8,98.0,1004.2,4.1,268.0,0.0,0.64934,openaq_ground,3.333333333333333,Good
2025-12-02 17:00:00,7.9,99.0,1004.3,3.5,298.0,0.0,0.6774,openaq_ground,3.333333333333333,Good
2025-12-02 18:00:00,9.2,96.0,1004.5,4.8,292.0,0.0,0.8123400000000001,openaq_ground,4.444444444444445,Good
2025-12-02 19:00:00,9.9,94.0,1004.5,4.7,247.0,0.1,0.97624,openaq_ground,5.0,Good
2025-12-02 20:00:00,10.3,93.0,1004.8,0.6,236.0,0.3,0.7956,openaq_ground,3.8888888888888884,Good
2025-12-02 21:00:00,10.7,93.0,1004.8,5.8,64.0,0.3,1.73,openaq_ground,9.444444444444445,Good
2025-12-02 22:00:00,11.3,88.0,1004.7,8.8,57.0,0.2,0.2056,openaq_ground,1.1111111111111112,Good
2025-12-02 23:00:00,13.0,75.0,1004.2,11.2,66.0,0.1,0.08434,openaq_ground,0.0,Good
2025-12-03 00:00:00,13.4,71.0,1004.3,13.7,74.0,0.1,0.12244,openaq_ground,0.5555555555555556,Good
2025-12-03 01:00:00,13.3,67.0,1003.8,15.0,74.0,0.0,0.14498,openaq_ground,0.5555555555555556,Good
2025-12-03 02:00:00,13.8,64.0,1003.3,14.9,70.0,0.0,0.1492399999999999,openaq_ground,0.5555555555555556,Good
2025-12-03 03:00:00,13.3,67.0,1003.0,16.3,65.0,0.0,0.3066,openaq_ground,1.6666666666666665,Good
2025-12-03 04:00:00,13.2,67.0,1002.9,14.2,60.0,0.0,0.3177999999999999,openaq_ground,1.6666666666666665,Good
2025-12-03 05:00:00,12.5,69.0,1002.9,13.8,58.0,0.0,0.6064,openaq_ground,3.333333333333333,Good
2025-12-03 06:00:00,12.7,70.0,1003.2,13.5,65.0,0.0,1.378708,openaq_ground,7.222222222222222,Good
2025-12-03 07:00:00,11.8,73.0,1004.1,12.7,55.0,0.0,0.6928,openaq_ground,3.333333333333333,Good
2025-12-03 08:00:00,10.9,80.0,1004.6,10.1,46.0,0.0,1.3838,openaq_ground,7.222222222222222,Good
2025-12-03 09:00:00,9.8,87.0,1005.0,6.3,37.0,0.0,0.8448,openaq_ground,4.444444444444445,Good
2025-12-03 10:00:00,9.0,92.0,1005.0,4.9,28.0,0.0,1.27898,openaq_ground,6.666666666666666,Good
2025-12-03 11:00:00,7.9,94.0,1004.9,3.8,357.0,0.0,1.694566,openaq_ground,8.88888888888889,Good
2025-12-03 12:00:00,7.6,92.0,1004.4,5.4,358.0,0.0,0.7578400000000001,openaq_ground,3.8888888888888884,Good
2025-12-03 13:00:00,6.2,93.0,1004.3,5.2,340.0,0.0,0.6216,openaq_ground,3.333333333333333,Good
2025-12-03 14:00:00,5.1,96.0,1004.2,6.4,338.0,0.0,0.7001999999999999,openaq_ground,3.8888888888888884,Good
2025-12-03 15:00:00,4.5,99.0,1004.0,7.3,343.0,0.0,0.5598,openaq_ground,2.7777777777777777,Good
2025-12-03 16:00:00,4.5,99.0,1004.2,7.6,335.0,0.0,0.7942,openaq_ground,3.8888888888888884,Good
2025-12-03 17:00:00,4.9,99.0,1004.6,6.5,332.0,0.0,0.99,openaq_ground,5.0,Good
2025-12-03 18:00:00,6.9,97.0,1005.0,5.0,345.0,0.0,1.4678,openaq_ground,7.777777777777777,Good
2025-12-03 19:00:00,9.6,92.0,1005.3,4.4,322.0,0.0,1.3316,openaq_ground,7.222222222222222,Good
2025-12-03 20:00:00,11.9,80.0,1005.5,6.5,242.0,0.0,1.3408,openaq_ground,7.222222222222222,Good
2025-12-03 21:00:00,13.3,71.0,1005.5,10.2,234.0,0.0,1.64484,openaq_ground,8.88888888888889,Good
2025-12-03 22:00:00,14.5,64.0,1004.9,7.8,226.0,0.0,2.88754,openaq_ground,15.555555555555554,Good
2025-12-03 23:00:00,15.9,59.0,1004.4,11.4,218.0,0.0,3.3366,openaq_ground,18.333333333333332,Good
2025-12-04 00:00:00,14.8,68.0,1003.8,7.0,180.0,0.0,3.8658,openaq_ground,21.11111111111111,Good
2025-12-04 01:00:00,15.9,63.0,1003.3,8.0,198.0,0.2,3.6056,openaq_ground,20.0,Good
2025-12-04 02:00:00,14.7,72.0,1003.2,8.3,164.0,0.1,4.1004,openaq_ground,22.777777777777775,Good
2025-12-04 03:00:00,15.0,72.0,1003.1,7.6,172.0,0.1,3.1194,openaq_ground,17.22222222222222,Good
2025-12-04 04:00:00,14.8,72.0,1003.1,7.9,183.0,0.2,1.8344,openaq_ground,10.0,Good
2025-12-04 05:00:00,14.9,72.0,1002.8,2.8,165.0,0.0,2.4106,openaq_ground,13.333333333333332,Good
2025-12-04 06:00:00,15.2,71.0,1002.6,2.2,235.0,0.2,2.5482,openaq_ground,13.88888888888889,Good
2025-12-04 07:00:00,14.8,73.0,1003.0,3.7,215.0,0.1,3.4204,openaq_ground,18.88888888888889,Good
2025-12-04 08:00:00,13.2,87.0,1003.1,1.8,323.0,0.0,3.5888000000000004,openaq_ground,19.444444444444443,Good
2025-12-04 09:00:00,12.6,89.0,1003.8,6.0,333.0,0.0,3.947,openaq_ground,21.666666666666664,Good
2025-12-04 10:00:00,12.3,87.0,1003.9,6.6,323.0,0.0,3.3322000000000003,openaq_ground,18.333333333333332,Good
2025-12-04 11:00:00,11.6,86.0,1003.7,5.0,334.0,0.0,2.55,openaq_ground,13.88888888888889,Good
2025-12-04 12:00:00,10.0,94.0,1003.2,9.0,6.0,0.0,2.00556,openaq_ground,11.11111111111111,Good
2025-12-04 13:00:00,9.3,95.0,1002.7,9.6,3.0,0.0,1.74056,openaq_ground,9.444444444444445,Good
2025-12-04 14:00:00,9.3,93.0,1002.1,10.1,359.0,0.0,1.3934000000000002,openaq_ground,7.222222222222222,Good
2025-12-04 15:00:00,9.3,92.0,1001.1,11.4,5.0,0.0,1.1566,openaq_ground,6.111111111111112,Good
2025-12-04 16:00:00,9.5,90.0,1000.0,13.4,6.0,0.0,0.9031,openaq_ground,5.0,Good
2025-12-04 17:00:00,10.0,87.0,999.3,15.0,6.0,0.0,1.08956,openaq_ground,5.555555555555555,Good
2025-12-04 18:00:00,12.6,79.0,998.6,16.8,10.0,0.0,0.9436,openaq_ground,5.0,Good
2025-12-04 19:00:00,15.7,74.0,997.7,14.9,12.0,0.0,0.2501,openaq_ground,1.1111111111111112,Good
2025-12-04 20:00:00,18.3,64.0,997.1,14.4,1.0,0.0,0.1143999999999999,openaq_ground,0.5555555555555556,Good
2025-12-04 21:00:00,20.9,54.0,996.4,15.4,343.0,0.0,0.09476,openaq_ground,0.0,Good
2025-12-04 22:00:00,23.4,46.0,995.8,18.2,329.0,0.0,0.1724,openaq_ground,0.5555555555555556,Good
2025-12-04 23:00:00,24.9,42.0,995.6,19.7,318.0,0.0,0.2324,openaq_ground,1.1111111111111112,Good
2025-12-05 00:00:00,25.8,42.0,994.9,14.4,301.0,0.2,0.2685,openaq_ground,1.1111111111111112,Good
2025-12-05 01:00:00,25.6,39.0,994.8,26.4,294.0,0.8,0.18664,openaq_ground,0.5555555555555556,Good
2025-12-05 02:00:00,21.6,54.0,994.7,14.8,179.0,0.6,0.0718,openaq_ground,0.0,Good
2025-12-05 03:00:00,18.3,90.0,995.4,12.4,171.0,9.8,0.092246,openaq_ground,0.0,Good
2025-12-05 04:00:00,16.7,91.0,996.8,18.5,230.0,5.5,4.452,openaq_ground,24.444444444444446,Good
2025-12-05 05:00:00,18.7,81.0,997.1,15.6,234.0,0.0,4.738,openaq_ground,26.11111111111111,Good
2025-12-05 06:00:00,16.7,84.0,998.4,15.4,241.0,0.0,2.3144,openaq_ground,12.777777777777777,Good
2025-12-05 07:00:00,17.1,79.0,999.0,18.1,242.0,0.4,1.6385999999999998,openaq_ground,8.88888888888889,Good
2025-12-05 08:00:00,15.1,66.0,999.9,21.0,234.0,0.0,1.5092,openaq_ground,8.333333333333332,Good
2025-12-05 09:00:00,13.0,76.0,1001.6,16.3,228.0,0.0,1.718,openaq_ground,9.444444444444445,Good
2025-12-05 10:00:00,12.1,78.0,1002.4,11.1,239.0,0.0,1.65216,openaq_ground,8.88888888888889,Good
2025-12-05 11:00:00,11.7,75.0,1003.0,9.1,245.0,0.0,1.8264,openaq_ground,10.0,Good
2025-12-05 12:00:00,11.2,68.0,1003.8,8.2,248.0,0.0,1.81754,openaq_ground,10.0,Good
2025-12-05 13:00:00,10.7,66.0,1003.8,7.6,274.0,0.0,1.7864,openaq_ground,9.444444444444445,Good
2025-12-05 14:00:00,10.0,64.0,1003.8,5.9,281.0,0.0,1.2312,openaq_ground,6.666666666666666,Good
2025-12-05 15:00:00,9.5,59.0,1004.6,5.9,270.0,0.0,0.84658,openaq_ground,4.444444444444445,Good
2025-12-05 16:00:00,10.4,53.0,1005.4,8.9,256.0,0.0,0.5016999999999999,openaq_ground,2.7777777777777777,Good
2025-12-05 17:00:00,10.7,56.0,1006.3,13.6,247.0,0.0,0.5596,openaq_ground,2.7777777777777777,Good
2025-12-05 18:00:00,11.3,58.0,1007.0,11.8,242.0,0.0,0.7067599999999999,openaq_ground,3.8888888888888884,Good
2025-12-05 19:00:00,12.3,59.0,1007.9,13.1,237.0,0.0,0.8363799999999999,openaq_ground,4.444444444444445,Good
2025-12-05 20:00:00,13.7,57.0,1008.3,12.8,246.0,0.0,1.1057400000000002,openaq_ground,6.111111111111112,Good
2025-12-05 21:00:00,15.0,55.0,1008.9,10.7,241.0,0.0,1.2221,openaq_ground,6.666666666666666,Good
2025-12-05 22:00:00,16.4,52.0,1008.8,9.3,226.0,0.0,1.4358,openaq_ground,7.777777777777777,Good
2025-12-05 23:00:00,17.8,44.0,1008.9,9.3,212.0,0.0,1.825766,openaq_ground,10.0,Good
2025-12-06 00:00:00,18.2,41.0,1008.5,8.7,133.0,0.0,2.28246,openaq_ground,12.222222222222223,Good
2025-12-06 01:00:00,17.7,50.0,1008.0,17.3,91.0,0.0,3.0068,openaq_ground,16.666666666666664,Good
2025-12-06 02:00:00,17.7,54.0,1007.9,18.1,84.0,0.0,3.622,openaq_ground,20.0,Good
2025-12-06 03:00:00,16.5,56.0,1007.7,21.4,70.0,0.0,4.51,openaq_ground,25.0,Good
2025-12-06 04:00:00,15.6,60.0,1007.3,22.8,63.0,0.0,4.734,openaq_ground,26.11111111111111,Good
2025-12-06 05:00:00,14.1,65.0,1006.9,24.0,54.0,0.0,4.998,openaq_ground,27.222222222222225,Good
2025-12-06 06:00:00,12.9,76.0,1006.5,29.9,48.0,0.0,5.138,openaq_ground,28.33333333333333,Good
2025-12-06 07:00:00,12.3,80.0,1005.6,32.5,42.0,0.0,5.566,openaq_ground,30.555555555555554,Good
2025-12-06 08:00:00,12.5,81.0,1005.4,27.5,35.0,0.0,5.596,openaq_ground,30.555555555555554,Good
2025-12-06 09:00:00,12.6,85.0,1005.5,22.8,31.0,1.2,4.876,openaq_ground,26.666666666666664,Good
2025-12-06 10:00:00,12.4,91.0,1005.3,15.6,35.0,1.5,3.216,openaq_ground,17.77777777777778,Good
2025-12-06 11:00:00,12.5,92.0,1004.8,14.7,26.0,0.0,1.8942,openaq_ground,10.0,Good
2025-12-06 12:00:00,13.3,90.0,1003.3,19.6,29.0,0.0,4.054,openaq_ground,22.22222222222222,Good
2025-12-06 13:00:00,14.5,86.0,1002.7,17.8,30.0,0.0,2.934,openaq_ground,16.11111111111111,Good
2025-12-06 14:00:00,14.8,84.0,1002.5,15.8,32.0,0.0,0.8864000000000001,openaq_ground,4.444444444444445,Good
2025-12-06 15:00:00,15.3,83.0,1001.0,20.6,39.0,0.0,1.9170000000000005,openaq_ground,10.555555555555555,Good
2025-12-06 16:00:00,15.4,80.0,1000.5,18.3,34.0,0.0,1.3014,openaq_ground,7.222222222222222,Good
2025-12-06 17:00:00,15.4,78.0,1000.7,16.6,29.0,0.0,1.0674,openaq_ground,5.555555555555555,Good
2025-12-06 18:00:00,16.8,69.0,1000.8,17.0,28.0,0.0,1.18456,openaq_ground,6.111111111111112,Good
2025-12-06 19:00:00,19.7,64.0,1000.3,17.3,38.0,0.0,1.05522,openaq_ground,5.555555555555555,Good
2025-12-06 20:00:00,21.7,58.0,999.6,17.3,42.0,0.0,0.5774,openaq_ground,2.7777777777777777,Good
2025-12-06 21:00:00,23.4,51.0,1000.0,20.6,29.0,0.0,0.0708,openaq_ground,0.0,Good
2025-12-06 22:00:00,25.1,40.0,999.8,17.9,354.0,0.0,0.032542,openaq_ground,0.0,Good
2025-12-06 23:00:00,25.9,35.0,999.7,18.3,340.0,0.0,0.0060999999999999,openaq_ground,0.0,Good
2025-12-07 00:00:00,28.5,25.0,998.3,16.6,336.0,0.0,0.0039059999999999,openaq_ground,0.0,Good
2025-12-07 01:00:00,29.0,25.0,997.3,17.9,355.0,0.0,0.0111,openaq_ground,0.0,Good
2025-12-07 02:00:00,28.3,26.0,997.0,29.1,339.0,0.0,0.01,openaq_ground,0.0,Good
2025-12-07 03:00:00,27.4,26.0,996.6,26.7,337.0,0.0,0.008,openaq_ground,0.0,Good
2025-12-07 04:00:00,26.0,29.0,996.6,27.4,341.0,0.0,0.060526,openaq_ground,0.0,Good
2025-12-07 05:00:00,25.4,30.0,996.6,24.8,334.0,0.0,0.01168,openaq_ground,0.0,Good
2025-12-07 06:00:00,24.3,33.0,995.3,23.4,353.0,0.0,0.031126,openaq_ground,0.0,Good
2025-12-07 07:00:00,23.2,33.0,995.2,25.9,348.0,0.0,0.0072,openaq_ground,0.0,Good
2025-12-07 08:00:00,21.6,39.0,995.4,20.9,3.0,0.0,0.0456,openaq_ground,0.0,Good
2025-12-07 09:00:00,20.5,41.0,995.4,18.9,10.0,0.0,0.004426,openaq_ground,0.0,Good
2025-12-07 10:00:00,20.0,43.0,995.6,16.4,21.0,0.0,0.0,openaq_ground,0.0,Good
2025-12-07 11:00:00,19.4,45.0,995.0,18.9,22.0,0.0,0.007766,openaq_ground,0.0,Good
2025-12-07 12:00:00,18.4,41.0,994.1,19.2,27.0,0.0,0.0277859999999999,openaq_ground,0.0,Good
2025-12-07 13:00:00,18.3,43.0,993.3,17.2,34.0,0.0,0.18824,openaq_ground,0.5555555555555556,Good
2025-12-07 14:00:00,18.1,45.0,993.4,15.0,19.0,0.0,0.9317,openaq_ground,5.0,Good
2025-12-07 15:00:00,13.1,93.0,997.8,20.6,226.0,2.9,0.1076999999999999,openaq_ground,0.5555555555555556,Good
2025-12-07 16:00:00,12.8,96.0,998.6,16.7,251.0,1.6,0.0060999999999999,openaq_ground,0.0,Good
2025-12-07 17:00:00,12.7,92.0,1000.1,19.5,232.0,0.3,0.01834,openaq_ground,0.0,Good
2025-12-07 18:00:00,11.4,90.0,1003.4,19.9,256.0,0.0,0.0683,openaq_ground,0.0,Good
2025-12-07 19:00:00,11.8,84.0,1004.7,21.8,249.0,0.1,0.10096,openaq_ground,0.5555555555555556,Good
2025-12-07 20:00:00,12.5,75.0,1006.4,23.6,247.0,0.0,0.2402,openaq_ground,1.1111111111111112,Good
2025-12-07 21:00:00,13.8,62.0,1007.9,22.7,244.0,0.0,0.1264,openaq_ground,0.5555555555555556,Good
2025-12-07 22:00:00,15.0,51.0,1009.3,24.9,243.0,0.0,0.09224,openaq_ground,0.0,Good
2025-12-07 23:00:00,15.8,49.0,1009.8,23.2,238.0,0.0,0.298166,openaq_ground,1.1111111111111112,Good
2025-12-08 00:00:00,16.1,51.0,1010.1,16.6,217.0,0.0,0.51674,openaq_ground,2.7777777777777777,Good
2025-12-08 01:00:00,16.5,52.0,1010.6,11.6,175.0,0.0,0.449934,openaq_ground,2.2222222222222223,Good
2025-12-08 02:00:00,15.3,62.0,1011.3,13.0,149.0,0.0,0.5126000000000001,openaq_ground,2.7777777777777777,Good
2025-12-08 03:00:00,14.8,59.0,1011.7,12.6,151.0,0.0,0.509534,openaq_ground,2.7777777777777777,Good
2025-12-08 04:00:00,15.3,57.0,1012.8,11.8,107.0,0.0,0.6348,openaq_ground,3.333333333333333,Good
2025-12-08 05:00:00,13.8,60.0,1013.6,16.8,87.0,0.0,0.5976,openaq_ground,2.7777777777777777,Good
2025-12-08 06:00:00,13.3,68.0,1013.9,16.7,50.0,0.0,0.5488000000000001,openaq_ground,2.7777777777777777,Good
2025-12-08 07:00:00,12.5,72.0,1014.6,17.2,50.0,0.0,0.7354,openaq_ground,3.8888888888888884,Good
2025-12-08 08:00:00,11.7,78.0,1014.9,13.4,41.0,0.0,0.4724,openaq_ground,2.2222222222222223,Good
2025-12-08 09:00:00,11.6,80.0,1015.6,16.1,36.0,0.0,0.592,openaq_ground,2.7777777777777777,Good
2025-12-08 10:00:00,11.4,82.0,1015.7,17.6,38.0,0.0,0.645708,openaq_ground,3.333333333333333,Good
2025-12-08 11:00:00,11.4,81.0,1015.4,17.6,33.0,0.0,0.5442,openaq_ground,2.7777777777777777,Good
2025-12-08 12:00:00,11.2,83.0,1015.1,16.3,23.0,0.0,0.7817999999999999,openaq_ground,3.8888888888888884,Good
2025-12-08 13:00:00,11.1,85.0,1014.9,11.7,15.0,0.0,0.6529999999999999,openaq_ground,3.333333333333333,Good
2025-12-08 14:00:00,10.7,87.0,1014.5,8.3,358.0,0.0,0.6343,openaq_ground,3.333333333333333,Good
2025-12-08 15:00:00,9.8,92.0,1014.3,6.7,351.0,0.0,0.5634,openaq_ground,2.7777777777777777,Good
2025-12-08 16:00:00,9.2,93.0,1014.0,6.3,342.0,0.0,0.52796,openaq_ground,2.7777777777777777,Good
2025-12-08 17:00:00,9.5,90.0,1014.1,5.5,343.0,0.0,0.497466,openaq_ground,2.2222222222222223,Good
2025-12-08 18:00:00,10.8,80.0,1014.0,7.7,357.0,0.0,0.49398,openaq_ground,2.2222222222222223,Good
2025-12-08 19:00:00,13.5,70.0,1014.1,4.9,358.0,0.0,0.75456,openaq_ground,3.8888888888888884,Good
2025-12-08 20:00:00,15.7,60.0,1013.9,1.5,104.0,0.0,1.3376,openaq_ground,7.222222222222222,Good
2025-12-08 21:00:00,17.2,55.0,1013.9,1.8,169.0,0.0,0.8523400000000001,openaq_ground,4.444444444444445,Good
2025-12-08 22:00:00,19.2,48.0,1013.4,5.2,153.0,0.0,0.92558,openaq_ground,5.0,Good
2025-12-08 23:00:00,20.1,44.0,1012.9,6.4,133.0,0.0,1.05322,openaq_ground,5.555555555555555,Good
2025-12-09 00:00:00,21.2,44.0,1012.0,13.6,56.0,0.0,1.3831,openaq_ground,7.222222222222222,Good
2025-12-09 01:00:00,22.2,43.0,1011.0,14.9,45.0,0.0,1.2622,openaq_ground,6.666666666666666,Good
2025-12-09 02:00:00,23.9,24.0,1010.3,13.2,30.0,0.0,2.384,openaq_ground,12.777777777777777,Good
2025-12-09 03:00:00,24.0,22.0,1009.9,11.8,21.0,0.0,2.0654,openaq_ground,11.11111111111111,Good
2025-12-09 04:00:00,23.2,35.0,1009.2,13.1,43.0,0.0,2.607,openaq_ground,14.444444444444445,Good
2025-12-09 05:00:00,21.6,47.0,1009.0,13.0,46.0,0.0,3.1286,openaq_ground,17.22222222222222,Good
2025-12-09 06:00:00,19.2,60.0,1008.9,14.3,50.0,0.0,2.11276,openaq_ground,11.666666666666666,Good
2025-12-09 07:00:00,18.0,67.0,1008.3,12.8,50.0,0.0,2.101,openaq_ground,11.666666666666666,Good
2025-12-09 08:00:00,17.0,72.0,1007.7,12.1,43.0,0.0,1.9038600000000003,openaq_ground,10.555555555555555,Good
2025-12-09 09:00:00,16.5,72.0,1007.8,8.8,23.0,0.0,1.55756,openaq_ground,8.333333333333332,Good
2025-12-09 10:00:00,16.1,65.0,1008.1,6.1,336.0,0.0,1.60394,openaq_ground,8.88888888888889,Good
2025-12-09 11:00:00,15.4,54.0,1009.0,7.1,300.0,0.8,0.955,openaq_ground,5.0,Good
2025-12-09 12:00:00,15.3,71.0,1008.1,5.0,341.0,0.0,0.1815,openaq_ground,0.5555555555555556,Good
2025-12-09 13:00:00,13.8,81.0,1007.4,6.4,350.0,0.0,0.0160599999999999,openaq_ground,0.0,Good
2025-12-09 14:00:00,12.8,81.0,1006.9,5.4,354.0,0.0,0.0538,openaq_ground,0.0,Good
2025-12-09 15:00:00,12.7,78.0,1007.1,2.8,333.0,0.0,0.32724,openaq_ground,1.6666666666666665,Good
2025-12-09 16:00:00,12.6,71.0,1007.8,2.0,315.0,0.0,0.3466,openaq_ground,1.6666666666666665,Good
2025-12-09 17:00:00,12.7,65.0,1007.7,0.9,11.0,0.0,0.039048,openaq_ground,0.0,Good
2025-12-09 18:00:00,14.4,66.0,1008.7,5.5,197.0,0.0,0.78208,openaq_ground,3.8888888888888884,Good
2025-12-09 19:00:00,14.4,75.0,1009.9,4.7,196.0,0.0,0.598432,openaq_ground,2.7777777777777777,Good
2025-12-09 20:00:00,15.7,65.0,1010.8,12.2,224.0,0.0,0.843566,openaq_ground,4.444444444444445,Good
2025-12-09 21:00:00,14.6,65.0,1011.7,18.6,229.0,0.0,0.42194,openaq_ground,2.2222222222222223,Good
2025-12-09 22:00:00,14.3,66.0,1011.8,18.7,231.0,0.0,0.67214,openaq_ground,3.333333333333333,Good
2025-12-09 23:00:00,15.5,60.0,1011.9,20.7,231.0,0.1,0.8267659999999999,openaq_ground,4.444444444444445,Good
2025-12-10 00:00:00,17.1,53.0,1011.8,15.4,203.0,0.1,1.12214,openaq_ground,6.111111111111112,Good
2025-12-10 01:00:00,16.1,59.0,1012.0,14.3,155.0,0.0,1.514166,openaq_ground,8.333333333333332,Good
2025-12-10 02:00:00,14.6,61.0,1012.4,10.3,147.0,0.0,1.49556,openaq_ground,7.777777777777777,Good
2025-12-10 03:00:00,14.4,60.0,1012.6,11.2,180.0,0.0,1.9781,openaq_ground,10.555555555555555,Good
2025-12-10 04:00:00,14.8,62.0,1012.9,12.3,169.0,0.0,2.0674,openaq_ground,11.11111111111111,Good
2025-12-10 05:00:00,14.0,70.0,1013.6,13.5,175.0,0.0,1.97664,openaq_ground,10.555555555555555,Good
2025-12-10 06:00:00,13.0,75.0,1014.3,14.7,161.0,0.2,1.574766,openaq_ground,8.333333333333332,Good
2025-12-10 07:00:00,12.2,82.0,1015.1,10.5,139.0,1.3,1.91804,openaq_ground,10.555555555555555,Good
2025-12-10 08:00:00,11.4,93.0,1015.6,5.7,114.0,2.1,2.374566,openaq_ground,12.777777777777777,Good
2025-12-10 09:00:00,11.2,93.0,1016.3,3.6,63.0,0.9,1.42464,openaq_ground,7.777777777777777,Good
2025-12-10 10:00:00,11.0,95.0,1016.3,4.6,81.0,0.9,1.0952,openaq_ground,5.555555555555555,Good
2025-12-10 11:00:00,10.9,91.0,1016.0,5.7,77.0,0.4,0.82616,openaq_ground,4.444444444444445,Good
2025-12-10 12:00:00,10.6,92.0,1015.8,6.2,38.0,0.2,0.869,openaq_ground,4.444444444444445,Good
2025-12-10 13:00:00,10.6,94.0,1015.2,5.8,30.0,0.0,0.7286400000000001,openaq_ground,3.8888888888888884,Good
2025-12-10 14:00:00,10.6,95.0,1014.6,4.2,25.0,0.0,0.3936,openaq_ground,1.6666666666666665,Good
2025-12-10 15:00:00,10.5,94.0,1014.3,3.9,34.0,0.0,0.2124,openaq_ground,1.1111111111111112,Good
2025-12-10 16:00:00,10.4,94.0,1013.8,4.3,358.0,0.0,0.230234,openaq_ground,1.1111111111111112,Good
2025-12-10 17:00:00,10.3,97.0,1013.5,2.3,331.0,0.0,0.1944999999999999,openaq_ground,0.5555555555555556,Good
2025-12-10 18:00:00,10.4,92.0,1013.4,2.3,51.0,0.0,0.136786,openaq_ground,0.5555555555555556,Good
2025-12-10 19:00:00,11.1,83.0,1013.2,7.3,42.0,0.0,0.4773799999999999,openaq_ground,2.2222222222222223,Good
2025-12-10 20:00:00,11.5,81.0,1012.5,12.2,31.0,0.0,0.96754,openaq_ground,5.0,Good
2025-12-10 21:00:00,12.8,74.0,1011.8,14.9,32.0,0.0,1.19124,openaq_ground,6.111111111111112,Good
2025-12-10 22:00:00,14.2,65.0,1010.7,19.5,35.0,0.1,1.4318,openaq_ground,7.777777777777777,Good
2025-12-10 23:00:00,14.9,62.0,1009.9,20.6,40.0,0.2,1.07066,openaq_ground,5.555555555555555,Good
2025-12-11 00:00:00,15.6,64.0,1009.2,19.3,40.0,0.2,1.1703,openaq_ground,6.111111111111112,Good
2025-12-11 01:00:00,16.2,64.0,1008.1,19.2,50.0,0.2,1.23908,openaq_ground,6.666666666666666,Good
2025-12-11 02:00:00,14.6,67.0,1007.4,20.4,53.0,0.6,1.57348,openaq_ground,8.333333333333332,Good
2025-12-11 03:00:00,13.3,80.0,1007.9,13.0,47.0,0.8,1.51444,openaq_ground,8.333333333333332,Good
2025-12-11 04:00:00,12.6,81.0,1007.5,13.3,21.0,0.6,1.281,openaq_ground,6.666666666666666,Good
2025-12-11 05:00:00,12.7,86.0,1007.4,10.1,354.0,3.4,1.8741,openaq_ground,10.0,Good
2025-12-11 06:00:00,12.3,90.0,1007.7,2.5,90.0,0.3,1.93,openaq_ground,10.555555555555555,Good
2025-12-11 07:00:00,11.5,89.0,1008.5,8.1,246.0,1.5,2.2559,openaq_ground,12.222222222222223,Good
2025-12-11 08:00:00,10.8,90.0,1008.9,7.3,247.0,0.9,1.35936,openaq_ground,7.222222222222222,Good
2025-12-11 09:00:00,10.5,92.0,1009.6,11.7,247.0,0.1,1.032,openaq_ground,5.555555555555555,Good
2025-12-11 10:00:00,9.8,92.0,1009.8,9.4,262.0,0.0,1.0452,openaq_ground,5.555555555555555,Good
2025-12-11 11:00:00,10.0,90.0,1009.7,9.0,270.0,0.0,0.5532999999999999,openaq_ground,2.7777777777777777,Good
2025-12-11 12:00:00,9.5,91.0,1010.1,7.4,274.0,0.8,0.404,openaq_ground,2.2222222222222223,Good
2025-12-11 13:00:00,9.6,89.0,1010.1,8.5,287.0,0.0,0.32096,openaq_ground,1.6666666666666665,Good
2025-12-11 14:00:00,9.1,89.0,1010.3,14.3,265.0,0.0,0.2166999999999999,openaq_ground,1.1111111111111112,Good
2025-12-11 15:00:00,8.9,89.0,1010.5,16.5,263.0,0.0,0.12882,openaq_ground,0.5555555555555556,Good
2025-12-11 16:00:00,8.6,88.0,1010.9,18.8,257.0,0.0,0.0796,openaq_ground,0.0,Good
2025-12-11 17:00:00,8.3,90.0,1011.5,18.9,254.0,0.0,0.132326,openaq_ground,0.5555555555555556,Good
2025-12-11 18:00:00,8.8,88.0,1012.0,18.8,253.0,0.0,0.31406,openaq_ground,1.6666666666666665,Good
2025-12-11 19:00:00,9.6,80.0,1012.6,20.4,248.0,0.0,0.546,openaq_ground,2.7777777777777777,Good
2025-12-11 20:00:00,10.4,68.0,1013.3,22.7,247.0,0.0,0.725888,openaq_ground,3.8888888888888884,Good
2025-12-11 21:00:00,11.5,57.0,1013.5,27.7,245.0,0.0,0.5342,openaq_ground,2.7777777777777777,Good
2025-12-11 22:00:00,11.9,55.0,1013.5,26.8,248.0,0.0,0.3594,openaq_ground,1.6666666666666665,Good
2025-12-11 23:00:00,13.0,53.0,1013.3,25.8,250.0,0.0,0.261,openaq_ground,1.1111111111111112,Good
2025-12-12 00:00:00,13.8,54.0,1012.9,26.5,253.0,0.0,0.2905999999999999,openaq_ground,1.1111111111111112,Good
2025-12-12 01:00:00,14.7,53.0,1012.8,26.5,251.0,0.0,0.153366,openaq_ground,0.5555555555555556,Good
2025-12-12 02:00:00,15.2,53.0,1012.9,28.7,247.0,0.0,0.1278,openaq_ground,0.5555555555555556,Good
2025-12-12 03:00:00,15.8,52.0,1012.7,25.2,258.0,0.0,0.1129999999999999,openaq_ground,0.5555555555555556,Good
2025-12-12 04:00:00,15.6,53.0,1012.9,28.1,249.0,0.1,0.03662,openaq_ground,0.0,Good
2025-12-12 05:00:00,14.1,65.0,1013.6,25.2,249.0,0.0,0.1394,openaq_ground,0.5555555555555556,Good
2025-12-12 06:00:00,14.3,67.0,1013.7,19.8,244.0,0.1,0.2982,openaq_ground,1.1111111111111112,Good
2025-12-12 07:00:00,12.2,86.0,1014.7,12.6,222.0,0.9,0.703,openaq_ground,3.8888888888888884,Good
2025-12-12 08:00:00,12.0,86.0,1015.2,16.2,231.0,0.1,0.797666,openaq_ground,3.8888888888888884,Good
2025-12-12 09:00:00,11.6,85.0,1015.9,12.4,242.0,0.0,0.4837399999999999,openaq_ground,2.2222222222222223,Good
2025-12-12 10:00:00,11.0,87.0,1016.1,12.0,253.0,0.0,0.29774,openaq_ground,1.1111111111111112,Good
2025-12-12 11:00:00,10.5,88.0,1016.2,12.1,252.0,0.0,0.4176,openaq_ground,2.2222222222222223,Good
2025-12-12 12:00:00,10.0,88.0,1016.8,10.1,268.0,0.0,0.638366,openaq_ground,3.333333333333333,Good
2025-12-12 13:00:00,9.2,90.0,1016.9,6.6,292.0,0.0,0.59756,openaq_ground,2.7777777777777777,Good
2025-12-12 14:00:00,8.4,92.0,1017.1,5.1,324.0,0.0,0.3962,openaq_ground,1.6666666666666665,Good
2025-12-12 15:00:00,7.5,94.0,1017.2,4.9,336.0,0.0,0.4349599999999999,openaq_ground,2.2222222222222223,Good
2025-12-12 16:00:00,7.3,94.0,1017.5,4.8,340.0,0.0,0.259,openaq_ground,1.1111111111111112,Good
2025-12-12 17:00:00,7.2,92.0,1018.1,4.0,339.0,0.0,0.1802,openaq_ground,0.5555555555555556,Good
2025-12-12 18:00:00,9.2,88.0,1018.8,4.0,342.0,0.0,0.329,openaq_ground,1.6666666666666665,Good
2025-12-12 19:00:00,12.1,77.0,1019.3,2.7,262.0,0.0,0.29786,openaq_ground,1.1111111111111112,Good
2025-12-12 20:00:00,13.6,66.0,1019.4,8.5,243.0,0.0,0.090404,openaq_ground,0.0,Good
2025-12-12 21:00:00,14.7,62.0,1019.6,6.8,222.0,0.1,0.1746,openaq_ground,0.5555555555555556,Good
2025-12-12 22:00:00,15.5,62.0,1019.5,6.0,185.0,0.0,0.3715199999999999,openaq_ground,1.6666666666666665,Good
2025-12-12 23:00:00,15.7,64.0,1019.4,8.7,127.0,0.0,0.734,openaq_ground,3.8888888888888884,Good
2025-12-13 00:00:00,15.9,64.0,1019.3,11.3,91.0,0.0,1.3221,openaq_ground,7.222222222222222,Good
2025-12-13 01:00:00,16.9,61.0,1018.8,14.2,64.0,0.0,1.0488,openaq_ground,5.555555555555555,Good
2025-12-13 02:00:00,16.7,65.0,1018.5,17.9,52.0,0.0,1.128566,openaq_ground,6.111111111111112,Good
2025-12-13 03:00:00,16.7,67.0,1017.9,20.6,47.0,0.0,1.391026,openaq_ground,7.222222222222222,Good
2025-12-13 04:00:00,15.6,69.0,1017.5,22.8,43.0,0.0,1.455666,openaq_ground,7.777777777777777,Good
2025-12-13 05:00:00,15.3,72.0,1017.1,22.7,42.0,0.0,1.525666,openaq_ground,8.333333333333332,Good
2025-12-13 06:00:00,14.7,75.0,1016.7,20.7,40.0,0.0,1.871666,openaq_ground,10.0,Good
2025-12-13 07:00:00,13.9,79.0,1016.6,19.0,35.0,0.0,1.72924,openaq_ground,9.444444444444445,Good
2025-12-13 08:00:00,12.8,86.0,1017.0,17.3,30.0,0.0,1.70442,openaq_ground,9.444444444444445,Good
2025-12-13 09:00:00,12.0,92.0,1017.2,16.6,26.0,0.0,1.8083,openaq_ground,10.0,Good
2025-12-13 10:00:00,11.9,92.0,1017.2,15.3,20.0,0.0,1.7746400000000002,openaq_ground,9.444444444444445,Good
2025-12-13 11:00:00,11.8,91.0,1016.9,13.7,18.0,0.0,2.030366,openaq_ground,11.11111111111111,Good
2025-12-13 12:00:00,11.9,92.0,1017.3,11.6,21.0,0.0,1.847,openaq_ground,10.0,Good
2025-12-13 13:00:00,11.4,94.0,1017.6,4.7,337.0,0.0,1.93656,openaq_ground,10.555555555555555,Good
2025-12-13 14:00:00,10.2,98.0,1017.6,3.6,319.0,0.0,1.86174,openaq_ground,10.0,Good
2025-12-13 15:00:00,9.9,98.0,1017.6,3.6,340.0,0.0,2.3729,openaq_ground,12.777777777777777,Good
2025-12-13 16:00:00,10.8,95.0,1017.5,2.4,347.0,0.0,2.29134,openaq_ground,12.222222222222223,Good
2025-12-13 17:00:00,11.7,94.0,1017.4,1.5,315.0,0.0,2.0908,openaq_ground,11.11111111111111,Good
2025-12-13 18:00:00,12.2,90.0,1017.8,1.3,8.0,0.0,2.1771000000000003,openaq_ground,11.666666666666666,Good
2025-12-13 19:00:00,13.3,85.0,1017.5,4.8,45.0,0.0,2.54276,openaq_ground,13.88888888888889,Good
2025-12-13 20:00:00,14.7,78.0,1016.9,7.1,60.0,0.0,3.1584000000000003,openaq_ground,17.22222222222222,Good
2025-12-13 21:00:00,16.3,72.0,1016.6,5.6,73.0,0.0,3.082,openaq_ground,16.666666666666664,Good
2025-12-13 22:00:00,17.7,67.0,1015.9,5.6,73.0,0.0,2.1697,openaq_ground,11.666666666666666,Good
2025-12-13 23:00:00,19.6,61.0,1015.2,5.9,90.0,0.0,2.01616,openaq_ground,11.11111111111111,Good
2025-12-14 00:00:00,20.4,62.0,1014.5,9.8,76.0,0.0,2.2542,openaq_ground,12.222222222222223,Good
2025-12-14 01:00:00,21.3,61.0,1013.6,14.2,63.0,0.0,3.1386,openaq_ground,17.22222222222222,Good
2025-12-14 02:00:00,21.1,63.0,1012.7,18.7,56.0,0.0,4.192,openaq_ground,22.777777777777775,Good
2025-12-14 03:00:00,20.6,67.0,1011.7,18.8,49.0,0.0,3.2064,openaq_ground,17.77777777777778,Good
2025-12-14 04:00:00,20.2,63.0,1010.7,19.1,38.0,0.0,2.64494,openaq_ground,14.444444444444445,Good
2025-12-14 05:00:00,20.2,63.0,1010.0,18.6,35.0,0.0,3.0130000000000003,openaq_ground,16.666666666666664,Good
2025-12-14 06:00:00,18.8,69.0,1009.4,18.1,38.0,0.0,3.0678,openaq_ground,16.666666666666664,Good
2025-12-14 07:00:00,17.8,75.0,1009.0,17.5,35.0,0.0,4.6882,openaq_ground,25.555555555555554,Good
2025-12-14 08:00:00,16.9,79.0,1009.0,15.7,30.0,0.0,3.0008000000000004,openaq_ground,16.666666666666664,Good
2025-12-14 09:00:00,16.2,83.0,1009.2,12.7,27.0,0.0,0.8452,openaq_ground,4.444444444444445,Good
2025-12-14 10:00:00,17.1,76.0,1009.0,9.4,11.0,0.0,0.54406,openaq_ground,2.7777777777777777,Good
2025-12-14 11:00:00,17.6,61.0,1008.8,6.6,351.0,0.0,0.5473399999999999,openaq_ground,2.7777777777777777,Good
2025-12-14 12:00:00,17.6,51.0,1008.2,11.1,352.0,0.0,0.223466,openaq_ground,1.1111111111111112,Good
2025-12-14 13:00:00,17.9,45.0,1007.1,11.9,1.0,0.0,0.30066,openaq_ground,1.6666666666666665,Good
2025-12-14 14:00:00,17.0,49.0,1006.2,5.7,44.0,0.0,0.3545399999999999,openaq_ground,1.6666666666666665,Good
2025-12-14 15:00:00,16.1,55.0,1005.0,8.3,76.0,0.0,0.3649599999999999,openaq_ground,1.6666666666666665,Good
2025-12-14 16:00:00,16.2,56.0,1004.2,12.5,50.0,0.0,0.2818,openaq_ground,1.1111111111111112,Good
2025-12-14 17:00:00,17.4,50.0,1003.3,18.7,21.0,0.0,0.2542,openaq_ground,1.1111111111111112,Good
2025-12-14 18:00:00,18.0,48.0,1002.0,19.8,21.0,0.0,0.4826,openaq_ground,2.2222222222222223,Good
2025-12-14 19:00:00,17.1,61.0,1001.1,19.4,42.0,0.6,0.598166,openaq_ground,2.7777777777777777,Good
2025-12-14 20:00:00,17.1,66.0,999.9,24.2,49.0,1.6,1.229666,openaq_ground,6.666666666666666,Good
2025-12-14 21:00:00,18.8,55.0,1000.0,25.6,39.0,0.0,1.29744,openaq_ground,6.666666666666666,Good
2025-12-14 22:00:00,19.7,51.0,999.4,24.3,31.0,0.1,1.151,openaq_ground,6.111111111111112,Good
2025-12-14 23:00:00,17.8,76.0,999.1,19.4,57.0,3.0,0.8768,openaq_ground,4.444444444444445,Good
2025-12-15 00:00:00,22.3,47.0,998.2,20.3,33.0,0.0,1.24646,openaq_ground,6.666666666666666,Good
2025-12-15 01:00:00,22.8,42.0,997.7,15.5,46.0,0.1,1.0999,openaq_ground,5.555555555555555,Good
2025-12-15 02:00:00,23.1,42.0,997.4,16.8,35.0,0.1,1.047666,openaq_ground,5.555555555555555,Good
2025-12-15 03:00:00,19.3,65.0,997.3,13.4,42.0,1.2,0.77244,openaq_ground,3.8888888888888884,Good
2025-12-15 04:00:00,16.2,97.0,998.9,18.5,215.0,2.4,0.647966,openaq_ground,3.333333333333333,Good
2025-12-15 05:00:00,14.6,97.0,999.3,14.9,188.0,2.6,0.4267999999999999,openaq_ground,2.2222222222222223,Good
2025-12-15 06:00:00,13.3,97.0,999.0,6.5,148.0,1.6,0.7586999999999999,openaq_ground,3.8888888888888884,Good
2025-12-15 07:00:00,12.4,99.0,998.9,8.2,161.0,0.6,1.128,openaq_ground,6.111111111111112,Good
2025-12-15 08:00:00,11.9,96.0,998.8,5.9,162.0,0.2,0.8099999999999999,openaq_ground,4.444444444444445,Good
2025-12-15 09:00:00,11.7,97.0,998.9,3.9,137.0,0.4,0.8140000000000001,openaq_ground,4.444444444444445,Good
2025-12-15 10:00:00,11.6,95.0,998.9,5.9,223.0,0.0,0.5140399999999999,openaq_ground,2.7777777777777777,Good
2025-12-15 11:00:00,11.2,95.0,998.7,2.0,170.0,0.0,0.72896,openaq_ground,3.8888888888888884,Good
2025-12-15 12:00:00,11.7,95.0,999.0,2.1,218.0,0.8,0.54322,openaq_ground,2.7777777777777777,Good
2025-12-15 13:00:00,11.4,96.0,998.5,5.4,188.0,0.4,0.1658,openaq_ground,0.5555555555555556,Good
2025-12-15 14:00:00,11.1,98.0,998.6,4.3,237.0,4.2,0.2116,openaq_ground,1.1111111111111112,Good
2025-12-15 15:00:00,11.0,98.0,998.4,7.1,210.0,3.1,0.0618,openaq_ground,0.0,Good
2025-12-15 16:00:00,10.9,98.0,998.2,0.9,101.0,0.6,0.01612,openaq_ground,0.0,Good
2025-12-15 17:00:00,10.4,98.0,998.6,6.3,297.0,0.1,0.019426,openaq_ground,0.0,Good
2025-12-15 18:00:00,10.8,96.0,999.5,6.0,343.0,1.2,0.2461999999999999,openaq_ground,1.1111111111111112,Good
2025-12-15 19:00:00,11.8,92.0,999.2,7.3,10.0,0.0,0.1206,openaq_ground,0.5555555555555556,Good
2025-12-15 20:00:00,13.4,83.0,999.3,5.1,10.0,0.0,0.07266,openaq_ground,0.0,Good
2025-12-15 21:00:00,15.0,77.0,999.2,4.3,68.0,0.2,0.07452,openaq_ground,0.0,Good
2025-12-15 22:00:00,15.5,75.0,999.1,3.0,107.0,0.3,0.06064,openaq_ground,0.0,Good
2025-12-15 23:00:00,14.9,78.0,998.9,9.1,98.0,0.4,0.0739,openaq_ground,0.0,Good
2025-12-16 00:00:00,15.7,71.0,999.1,11.3,99.0,2.4,0.15,openaq_ground,0.5555555555555556,Good
2025-12-16 01:00:00,13.6,79.0,999.8,15.9,78.0,0.4,0.3824,openaq_ground,1.6666666666666665,Good
2025-12-16 02:00:00,14.3,75.0,999.5,12.6,66.0,0.2,0.3687999999999999,openaq_ground,1.6666666666666665,Good
2025-12-16 03:00:00,12.9,78.0,1000.2,10.7,104.0,0.4,0.11044,openaq_ground,0.5555555555555556,Good
2025-12-16 04:00:00,10.6,88.0,1000.8,10.4,165.0,5.2,0.8658000000000001,openaq_ground,4.444444444444445,Good
2025-12-16 05:00:00,10.2,84.0,1001.8,16.6,182.0,6.5,1.6154,openaq_ground,8.88888888888889,Good
2025-12-16 06:00:00,10.0,89.0,1002.6,5.6,184.0,2.9,1.0658,openaq_ground,5.555555555555555,Good
2025-12-16 07:00:00,10.3,88.0,1003.2,6.6,154.0,0.6,0.643508,openaq_ground,3.333333333333333,Good
2025-12-16 08:00:00,9.9,92.0,1004.2,5.6,239.0,0.0,0.7858,openaq_ground,3.8888888888888884,Good
2025-12-16 09:00:00,9.2,94.0,1005.6,9.9,243.0,0.2,0.149,openaq_ground,0.5555555555555556,Good
2025-12-16 10:00:00,9.0,93.0,1006.3,12.8,231.0,0.1,0.0205,openaq_ground,0.0,Good
2025-12-16 11:00:00,8.8,94.0,1007.2,11.3,253.0,0.1,0.1034,openaq_ground,0.5555555555555556,Good
2025-12-16 12:00:00,9.0,88.0,1007.6,15.0,266.0,0.0,0.2295999999999999,openaq_ground,1.1111111111111112,Good
2025-12-16 13:00:00,8.8,89.0,1007.6,17.7,260.0,0.0,0.2566,openaq_ground,1.1111111111111112,Good
2025-12-16 14:00:00,8.7,90.0,1008.3,18.2,250.0,0.0,0.3578,openaq_ground,1.6666666666666665,Good
2025-12-16 15:00:00,8.8,89.0,1009.1,16.9,253.0,0.0,0.1911999999999999,openaq_ground,0.5555555555555556,Good
2025-12-16 16:00:00,8.7,86.0,1010.0,17.3,261.0,0.0,0.82476,openaq_ground,4.444444444444445,Good
2025-12-16 17:00:00,8.8,83.0,1011.0,17.2,255.0,0.1,0.87424,openaq_ground,4.444444444444445,Good
2025-12-16 18:00:00,9.1,83.0,1011.6,16.1,252.0,0.0,0.8973000000000001,openaq_ground,4.444444444444445,Good
2025-12-16 19:00:00,10.1,79.0,1011.9,17.0,249.0,0.0,0.6557660000000001,openaq_ground,3.333333333333333,Good
2025-12-16 20:00:00,11.2,73.0,1012.5,19.4,239.0,0.0,0.5007659999999999,openaq_ground,2.7777777777777777,Good
2025-12-16 21:00:00,12.1,64.0,1012.9,21.4,228.0,0.0,0.3638,openaq_ground,1.6666666666666665,Good
2025-12-16 22:00:00,13.0,58.0,1013.2,21.2,222.0,0.0,0.5208,openaq_ground,2.7777777777777777,Good
2025-12-16 23:00:00,13.5,58.0,1013.2,19.6,216.0,0.0,0.555666,openaq_ground,2.7777777777777777,Good
2025-12-17 00:00:00,13.1,62.0,1013.2,15.7,202.0,0.0,0.5702,openaq_ground,2.7777777777777777,Good
2025-12-17 01:00:00,13.2,63.0,1013.3,17.3,191.0,0.0,0.6258,openaq_ground,3.333333333333333,Good
2025-12-17 02:00:00,12.4,64.0,1013.3,17.6,187.0,0.0,0.4795,openaq_ground,2.2222222222222223,Good
2025-12-17 03:00:00,12.4,64.0,1013.0,17.3,182.0,0.0,0.5861599999999999,openaq_ground,2.7777777777777777,Good
2025-12-17 04:00:00,12.0,66.0,1013.0,14.8,180.0,0.0,0.6082,openaq_ground,3.333333333333333,Good
2025-12-17 05:00:00,11.8,67.0,1012.9,12.8,189.0,0.0,0.58396,openaq_ground,2.7777777777777777,Good
2025-12-17 06:00:00,11.6,67.0,1012.8,10.5,199.0,0.0,0.7026,openaq_ground,3.8888888888888884,Good
2025-12-17 07:00:00,11.3,70.0,1012.6,6.9,200.0,0.0,0.925166,openaq_ground,5.0,Good
2025-12-17 08:00:00,10.7,77.0,1012.8,1.2,297.0,0.0,0.929253,openaq_ground,5.0,Good
2025-12-17 09:00:00,10.3,81.0,1012.9,6.9,337.0,0.1,0.93334,openaq_ground,5.0,Good
2025-12-17 10:00:00,10.1,83.0,1012.6,5.7,342.0,0.1,0.829026,openaq_ground,4.444444444444445,Good
2025-12-17 11:00:00,10.1,85.0,1012.0,4.3,336.0,0.0,0.777906,openaq_ground,3.8888888888888884,Good
2025-12-17 12:00:00,10.2,85.0,1011.1,4.6,9.0,0.0,0.993,openaq_ground,5.0,Good
2025-12-17 13:00:00,9.8,89.0,1010.6,3.1,332.0,0.2,0.7614000000000001,openaq_ground,3.8888888888888884,Good
2025-12-17 14:00:00,10.0,91.0,1010.9,4.5,284.0,0.7,0.66986,openaq_ground,3.333333333333333,Good
2025-12-17 15:00:00,10.0,97.0,1009.0,4.8,338.0,0.8,0.1881999999999999,openaq_ground,0.5555555555555556,Good
2025-12-17 16:00:00,10.1,94.0,1008.9,4.0,339.0,0.0,0.2011,openaq_ground,1.1111111111111112,Good
2025-12-17 17:00:00,10.3,95.0,1008.9,3.4,32.0,0.0,0.12944,openaq_ground,0.5555555555555556,Good
2025-12-17 18:00:00,10.5,94.0,1008.8,5.1,10.0,0.0,0.6226,openaq_ground,3.333333333333333,Good
2025-12-17 19:00:00,11.3,94.0,1008.5,5.2,34.0,0.0,0.9098,openaq_ground,5.0,Good
2025-12-17 20:00:00,12.9,84.0,1008.4,3.6,53.0,0.0,0.5818,openaq_ground,2.7777777777777777,Good
2025-12-17 21:00:00,14.4,80.0,1007.9,2.7,67.0,0.0,0.8134,openaq_ground,4.444444444444445,Good
2025-12-17 22:00:00,14.3,81.0,1007.0,6.2,60.0,0.0,1.0994,openaq_ground,5.555555555555555,Good
2025-12-17 23:00:00,15.6,81.0,1006.7,5.1,63.0,0.0,0.964566,openaq_ground,5.0,Good
2025-12-18 00:00:00,16.1,81.0,1005.2,8.3,60.0,0.0,1.4591999999999998,openaq_ground,7.777777777777777,Good
2025-12-18 01:00:00,18.3,77.0,1004.2,7.2,68.0,0.0,1.314,openaq_ground,7.222222222222222,Good
2025-12-18 02:00:00,17.1,81.0,1002.9,9.4,66.0,0.1,1.658,openaq_ground,8.88888888888889,Good
2025-12-18 03:00:00,18.1,81.0,1002.5,7.0,72.0,0.0,0.892,openaq_ground,4.444444444444445,Good
2025-12-18 04:00:00,18.4,77.0,1002.1,6.0,44.0,0.0,1.0228,openaq_ground,5.555555555555555,Good
2025-12-18 05:00:00,17.2,84.0,1002.2,1.7,103.0,0.1,1.59186,openaq_ground,8.333333333333332,Good
2025-12-18 06:00:00,16.5,70.0,1002.1,10.7,221.0,0.0,2.70336,openaq_ground,15.0,Good
2025-12-18 07:00:00,15.2,84.0,1001.9,1.6,186.0,0.8,5.5920000000000005,openaq_ground,30.555555555555554,Good
2025-12-18 08:00:00,14.1,97.0,1002.0,6.5,44.0,1.3,1.7786000000000002,openaq_ground,9.444444444444445,Good
2025-12-18 09:00:00,13.7,99.0,1001.9,5.9,63.0,1.2,1.3189,openaq_ground,7.222222222222222,Good
2025-12-18 10:00:00,13.6,99.0,1001.8,0.4,243.0,1.0,2.448,openaq_ground,13.333333333333332,Good
2025-12-18 11:00:00,13.3,98.0,1001.6,0.2,360.0,1.4,0.76556,openaq_ground,3.8888888888888884,Good
2025-12-18 12:00:00,13.0,94.0,1001.5,5.1,27.0,0.3,0.666,openaq_ground,3.333333333333333,Good
2025-12-18 13:00:00,12.5,98.0,1000.5,5.2,22.0,0.3,1.3763999999999998,openaq_ground,7.222222222222222,Good
2025-12-18 14:00:00,12.3,98.0,1000.0,4.1,13.0,0.4,0.54406,openaq_ground,2.7777777777777777,Good
2025-12-18 15:00:00,11.9,98.0,999.1,6.2,22.0,0.6,1.8944,openaq_ground,10.0,Good
2025-12-18 16:00:00,11.9,98.0,998.2,2.7,28.0,1.2,1.0619999999999998,openaq_ground,5.555555555555555,Good
2025-12-18 17:00:00,11.9,99.0,997.3,3.1,66.0,0.6,0.17836,openaq_ground,0.5555555555555556,Good
2025-12-18 18:00:00,11.5,98.0,996.7,8.8,137.0,0.9,0.3437,openaq_ground,1.6666666666666665,Good
2025-12-18 19:00:00,11.0,97.0,995.8,10.3,140.0,2.9,0.29274,openaq_ground,1.1111111111111112,Good
2025-12-18 20:00:00,10.7,98.0,995.8,12.2,172.0,4.8,0.9002000000000001,openaq_ground,5.0,Good
2025-12-18 21:00:00,10.2,97.0,995.4,16.2,177.0,4.9,0.18794,openaq_ground,0.5555555555555556,Good
2025-12-18 22:00:00,9.9,96.0,996.2,20.8,206.0,3.6,0.11554,openaq_ground,0.5555555555555556,Good
2025-12-18 23:00:00,9.5,96.0,996.0,25.8,214.0,1.9,0.1696,openaq_ground,0.5555555555555556,Good
2025-12-19 00:00:00,9.1,87.0,996.9,24.4,229.0,0.6,0.21,openaq_ground,1.1111111111111112,Good
2025-12-19 01:00:00,9.0,86.0,996.8,22.0,226.0,0.6,0.16464,openaq_ground,0.5555555555555556,Good
2025-12-19 02:00:00,8.8,84.0,996.6,22.2,194.0,0.9,0.5058,openaq_ground,2.7777777777777777,Good
2025-12-19 03:00:00,8.3,88.0,996.6,24.6,207.0,0.7,0.5646,openaq_ground,2.7777777777777777,Good
2025-12-19 04:00:00,8.8,86.0,996.8,24.7,209.0,0.2,0.557,openaq_ground,2.7777777777777777,Good
2025-12-19 05:00:00,9.2,77.0,997.1,27.4,217.0,0.2,0.8539999999999999,openaq_ground,4.444444444444445,Good
2025-12-19 06:00:00,9.4,75.0,997.6,26.5,220.0,0.3,0.6344000000000001,openaq_ground,3.333333333333333,Good
2025-12-19 07:00:00,8.7,77.0,998.0,22.9,230.0,0.2,0.4612,openaq_ground,2.2222222222222223,Good
2025-12-19 08:00:00,8.1,79.0,998.4,22.0,240.0,0.1,0.3626,openaq_ground,1.6666666666666665,Good
2025-12-19 09:00:00,7.5,80.0,999.3,19.5,250.0,0.0,0.26348,openaq_ground,1.1111111111111112,Good
2025-12-19 10:00:00,7.0,82.0,999.6,19.0,252.0,0.0,0.245,openaq_ground,1.1111111111111112,Good
2025-12-19 11:00:00,6.8,82.0,999.3,18.4,266.0,0.0,0.1724,openaq_ground,0.5555555555555556,Good
2025-12-19 12:00:00,6.7,80.0,999.1,18.0,266.0,0.0,0.14664,openaq_ground,0.5555555555555556,Good
2025-12-19 13:00:00,6.7,79.0,998.8,18.0,270.0,0.0,0.025612,openaq_ground,0.0,Good
2025-12-19 14:00:00,6.8,79.0,998.7,20.0,263.0,0.0,0.02888,openaq_ground,0.0,Good
2025-12-19 15:00:00,6.5,81.0,998.8,22.8,259.0,0.0,0.03498,openaq_ground,0.0,Good
2025-12-19 16:00:00,6.5,80.0,998.8,19.9,265.0,0.0,0.05674,openaq_ground,0.0,Good
2025-12-19 17:00:00,6.1,80.0,999.2,22.7,268.0,0.0,0.2164,openaq_ground,1.1111111111111112,Good
2025-12-19 18:00:00,6.5,79.0,999.7,23.0,269.0,0.0,0.1722,openaq_ground,0.5555555555555556,Good
2025-12-19 19:00:00,7.4,74.0,999.9,23.0,269.0,0.0,0.0928,openaq_ground,0.0,Good
2025-12-19 20:00:00,8.4,70.0,1000.0,25.5,264.0,0.0,0.1534,openaq_ground,0.5555555555555556,Good
2025-12-19 21:00:00,9.2,67.0,1000.1,25.6,259.0,0.0,0.07272,openaq_ground,0.0,Good
2025-12-19 22:00:00,10.8,66.0,999.9,26.2,261.0,0.0,0.07836,openaq_ground,0.0,Good
2025-12-19 23:00:00,10.1,75.0,999.9,24.3,249.0,1.2,0.11164,openaq_ground,0.5555555555555556,Good
2025-12-20 00:00:00,10.0,78.0,1000.4,20.9,234.0,0.1,0.03684,openaq_ground,0.0,Good
2025-12-20 01:00:00,8.4,89.0,1000.9,12.7,241.0,3.0,0.04076,openaq_ground,0.0,Good
2025-12-20 02:00:00,9.7,74.0,1000.9,24.0,216.0,0.9,0.4049999999999999,openaq_ground,2.2222222222222223,Good
2025-12-20 03:00:00,9.0,82.0,1001.4,20.4,217.0,1.9,0.4379,openaq_ground,2.2222222222222223,Good
2025-12-20 04:00:00,8.5,78.0,1001.8,23.6,223.0,1.2,0.5404,openaq_ground,2.7777777777777777,Good
2025-12-20 05:00:00,8.1,81.0,1002.2,22.9,223.0,1.4,0.609,openaq_ground,3.333333333333333,Good
2025-12-20 06:00:00,8.6,80.0,1002.8,19.4,232.0,0.5,0.6184000000000001,openaq_ground,3.333333333333333,Good
2025-12-20 07:00:00,7.9,77.0,1003.3,18.5,239.0,0.3,0.4958,openaq_ground,2.2222222222222223,Good
2025-12-20 08:00:00,7.2,84.0,1004.0,18.9,245.0,0.2,0.6798,openaq_ground,3.333333333333333,Good
2025-12-20 09:00:00,6.7,85.0,1004.9,18.0,247.0,0.0,0.591,openaq_ground,2.7777777777777777,Good
2025-12-20 10:00:00,6.5,85.0,1005.4,17.6,254.0,0.0,0.4056,openaq_ground,2.2222222222222223,Good
2025-12-20 11:00:00,6.4,83.0,1005.7,19.3,254.0,0.0,0.2652,openaq_ground,1.1111111111111112,Good
2025-12-20 12:00:00,6.3,84.0,1006.2,17.1,259.0,0.0,0.1402,openaq_ground,0.5555555555555556,Good
2025-12-20 13:00:00,6.2,84.0,1006.7,18.3,263.0,0.0,0.5134000000000001,openaq_ground,2.7777777777777777,Good
2025-12-20 14:00:00,6.3,84.0,1007.0,21.5,261.0,0.0,0.4532,openaq_ground,2.2222222222222223,Good
2025-12-20 15:00:00,6.4,84.0,1007.0,20.2,257.0,0.0,0.388,openaq_ground,1.6666666666666665,Good
2025-12-20 16:00:00,6.3,85.0,1007.3,20.2,251.0,0.0,0.3826,openaq_ground,1.6666666666666665,Good
2025-12-20 17:00:00,5.9,86.0,1007.8,18.6,258.0,0.0,0.1728,openaq_ground,0.5555555555555556,Good
2025-12-20 18:00:00,6.6,85.0,1008.7,18.8,253.0,0.0,0.3206,openaq_ground,1.6666666666666665,Good
2025-12-20 19:00:00,7.5,81.0,1009.0,20.9,242.0,0.1,0.2552,openaq_ground,1.1111111111111112,Good
2025-12-20 20:00:00,8.3,76.0,1009.4,22.9,233.0,0.2,0.1149999999999999,openaq_ground,0.5555555555555556,Good
2025-12-20 21:00:00,9.0,74.0,1009.8,21.0,231.0,0.3,0.09104,openaq_ground,0.0,Good
2025-12-20 22:00:00,10.0,69.0,1009.9,21.5,226.0,0.1,0.1356,openaq_ground,0.5555555555555556,Good
2025-12-20 23:00:00,10.5,64.0,1009.9,19.8,219.0,0.1,0.1484,openaq_ground,0.5555555555555556,Good
2025-12-21 00:00:00,11.0,61.0,1010.1,18.4,222.0,0.0,0.1782,openaq_ground,0.5555555555555556,Good
2025-12-21 01:00:00,11.6,60.0,1010.2,18.6,212.0,0.1,0.1355,openaq_ground,0.5555555555555556,Good
2025-12-21 02:00:00,11.5,64.0,1010.1,18.3,205.0,0.0,0.1379999999999999,openaq_ground,0.5555555555555556,Good
2025-12-21 03:00:00,11.2,66.0,1009.8,18.5,191.0,0.0,0.1872,openaq_ground,0.5555555555555556,Good
2025-12-21 04:00:00,10.8,66.0,1009.5,17.6,186.0,0.0,0.3122,openaq_ground,1.6666666666666665,Good
2025-12-21 05:00:00,10.6,66.0,1009.4,17.3,191.0,0.0,0.2746,openaq_ground,1.1111111111111112,Good
2025-12-21 06:00:00,10.5,67.0,1009.7,15.2,187.0,0.0,0.2504659999999999,openaq_ground,1.1111111111111112,Good
2025-12-21 07:00:00,9.7,68.0,1010.1,12.6,190.0,0.0,0.2884,openaq_ground,1.1111111111111112,Good
2025-12-21 08:00:00,8.9,72.0,1010.3,8.7,194.0,0.0,0.4994,openaq_ground,2.2222222222222223,Good
2025-12-21 09:00:00,7.2,81.0,1010.7,4.7,182.0,0.0,0.6146,openaq_ground,3.333333333333333,Good
2025-12-21 10:00:00,6.8,80.0,1011.1,0.2,360.0,0.0,0.7858,openaq_ground,3.8888888888888884,Good
2025-12-21 11:00:00,6.2,85.0,1011.2,4.3,345.0,0.0,1.0726,openaq_ground,5.555555555555555,Good
2025-12-21 12:00:00,5.1,90.0,1011.0,7.8,352.0,0.0,0.88866,openaq_ground,4.444444444444445,Good
2025-12-21 13:00:00,4.2,92.0,1010.6,7.6,352.0,0.0,0.91106,openaq_ground,5.0,Good
2025-12-21 14:00:00,3.1,94.0,1010.4,6.3,357.0,0.0,0.44616,openaq_ground,2.2222222222222223,Good
2025-12-21 15:00:00,2.4,96.0,1010.5,5.2,360.0,0.0,0.61426,openaq_ground,3.333333333333333,Good
2025-12-21 16:00:00,2.1,95.0,1010.2,5.2,360.0,0.0,0.63326,openaq_ground,3.333333333333333,Good
2025-12-21 17:00:00,1.8,96.0,1010.0,6.3,360.0,0.0,0.7592000000000001,openaq_ground,3.8888888888888884,Good
2025-12-21 18:00:00,3.6,95.0,1010.7,6.5,3.0,0.0,0.7365999999999999,openaq_ground,3.8888888888888884,Good
2025-12-21 19:00:00,8.1,88.0,1010.5,5.3,28.0,0.0,0.4122,openaq_ground,2.2222222222222223,Good
2025-12-21 20:00:00,10.2,75.0,1010.0,5.9,63.0,0.0,0.4875999999999999,openaq_ground,2.2222222222222223,Good
2025-12-21 21:00:00,11.7,74.0,1009.6,8.5,66.0,0.0,0.414,openaq_ground,2.2222222222222223,Good
2025-12-21 22:00:00,13.2,71.0,1009.0,11.1,60.0,0.0,0.8968,openaq_ground,4.444444444444445,Good
2025-12-21 23:00:00,13.8,71.0,1007.7,14.9,63.0,0.0,0.6792,openaq_ground,3.333333333333333,Good
2025-12-22 00:00:00,14.3,69.0,1007.1,16.4,58.0,0.0,0.892,openaq_ground,4.444444444444445,Good
2025-12-22 01:00:00,14.9,67.0,1006.5,18.1,47.0,0.0,1.17,openaq_ground,6.111111111111112,Good
2025-12-22 02:00:00,14.6,71.0,1005.4,21.4,48.0,0.0,1.4762800000000005,openaq_ground,7.777777777777777,Good
2025-12-22 03:00:00,12.9,78.0,1004.2,22.7,52.0,0.0,1.6291,openaq_ground,8.88888888888889,Good
2025-12-22 04:00:00,12.7,78.0,1003.0,26.2,44.0,0.0,1.44424,openaq_ground,7.777777777777777,Good
2025-12-22 05:00:00,12.2,79.0,1001.8,25.6,42.0,0.0,1.66224,openaq_ground,8.88888888888889,Good
2025-12-22 06:00:00,11.7,82.0,1001.1,24.9,41.0,0.0,1.55276,openaq_ground,8.333333333333332,Good
2025-12-22 07:00:00,11.2,84.0,1000.1,26.9,41.0,0.0,1.68444,openaq_ground,8.88888888888889,Good
2025-12-22 08:00:00,11.0,87.0,999.1,26.7,41.0,0.4,1.11068,openaq_ground,6.111111111111112,Good
2025-12-22 09:00:00,10.4,96.0,997.7,28.4,44.0,3.2,1.1580400000000002,openaq_ground,6.111111111111112,Good
2025-12-22 10:00:00,10.5,96.0,996.7,29.5,41.0,2.3,1.038566,openaq_ground,5.555555555555555,Good
2025-12-22 11:00:00,10.8,95.0,995.1,30.7,43.0,0.4,1.70114,openaq_ground,9.444444444444445,Good
2025-12-22 12:00:00,11.5,95.0,993.6,33.0,42.0,0.2,2.4224,openaq_ground,13.333333333333332,Good
2025-12-22 13:00:00,11.6,95.0,991.6,31.3,34.0,0.0,2.00192,openaq_ground,11.11111111111111,Good
2025-12-22 14:00:00,11.9,94.0,990.6,26.6,30.0,0.0,2.269,openaq_ground,12.222222222222223,Good
2025-12-22 15:00:00,12.1,93.0,990.0,20.7,23.0,0.0,2.7730400000000004,openaq_ground,15.0,Good
2025-12-22 16:00:00,11.8,93.0,990.2,10.3,7.0,0.0,2.62176,openaq_ground,14.444444444444445,Good
2025-12-22 17:00:00,10.9,93.0,990.7,3.7,14.0,0.0,2.07886,openaq_ground,11.11111111111111,Good
2025-12-22 18:00:00,12.5,93.0,991.3,6.0,5.0,0.0,2.447,openaq_ground,13.333333333333332,Good
2025-12-22 19:00:00,13.6,92.0,993.0,8.6,233.0,0.2,2.1734,openaq_ground,11.666666666666666,Good
2025-12-22 20:00:00,13.3,93.0,993.9,12.4,231.0,0.1,3.6576,openaq_ground,20.0,Good
2025-12-22 21:00:00,14.8,85.0,993.9,12.4,206.0,0.0,2.6264000000000003,openaq_ground,14.444444444444445,Good
2025-12-22 22:00:00,16.1,79.0,994.0,12.3,214.0,0.1,2.74376,openaq_ground,15.0,Good
2025-12-22 23:00:00,17.1,77.0,994.0,14.4,213.0,0.0,3.2306,openaq_ground,17.77777777777778,Good
2025-12-23 00:00:00,14.7,86.0,995.2,11.3,158.0,0.0,2.99626,openaq_ground,16.11111111111111,Good
2025-12-23 01:00:00,15.9,83.0,994.9,9.5,151.0,0.0,2.56576,openaq_ground,13.88888888888889,Good
2025-12-23 02:00:00,15.9,83.0,994.7,10.6,156.0,0.0,2.454866,openaq_ground,13.333333333333332,Good
2025-12-23 03:00:00,15.0,84.0,994.8,10.9,153.0,0.0,2.0493,openaq_ground,11.11111111111111,Good
2025-12-23 04:00:00,15.2,82.0,994.9,6.9,127.0,0.0,2.011,openaq_ground,11.11111111111111,Good
2025-12-23 05:00:00,15.3,81.0,995.0,12.2,74.0,0.0,2.1802,openaq_ground,11.666666666666666,Good
2025-12-23 06:00:00,14.0,84.0,995.6,11.2,106.0,0.4,1.8574,openaq_ground,10.0,Good
2025-12-23 07:00:00,13.5,83.0,996.0,6.7,81.0,0.1,2.307,openaq_ground,12.777777777777777,Good
2025-12-23 08:00:00,13.3,83.0,996.3,8.1,51.0,0.1,1.85984,openaq_ground,10.0,Good
2025-12-23 09:00:00,13.0,87.0,996.6,7.6,52.0,0.2,1.3378599999999998,openaq_ground,7.222222222222222,Good
2025-12-23 10:00:00,12.5,95.0,996.9,6.9,39.0,1.4,0.9997,openaq_ground,5.0,Good
2025-12-23 11:00:00,12.1,96.0,996.1,8.0,38.0,1.4,1.1467660000000002,openaq_ground,6.111111111111112,Good
2025-12-23 12:00:00,11.3,95.0,995.9,12.0,37.0,0.6,1.145806,openaq_ground,6.111111111111112,Good
2025-12-23 13:00:00,11.2,94.0,994.7,14.8,46.0,0.5,0.64354,openaq_ground,3.333333333333333,Good
2025-12-23 14:00:00,11.1,93.0,993.4,16.6,48.0,0.0,0.1434,openaq_ground,0.5555555555555556,Good
2025-12-23 15:00:00,11.1,90.0,992.0,18.6,48.0,0.0,0.065986,openaq_ground,0.0,Good
2025-12-23 16:00:00,11.2,91.0,990.7,21.7,41.0,0.0,0.068925,openaq_ground,0.0,Good
2025-12-23 17:00:00,11.4,93.0,990.3,23.3,36.0,0.0,0.7337499999999999,openaq_ground,3.8888888888888884,Good
2025-12-23 18:00:00,11.6,92.0,990.3,26.5,31.0,0.0,1.4575,openaq_ground,7.777777777777777,Good
2025-12-23 19:00:00,11.7,92.0,990.2,21.5,30.0,1.0,1.2575,openaq_ground,6.666666666666666,Good
2025-12-23 20:00:00,12.6,92.0,990.2,14.7,24.0,0.3,0.3262,openaq_ground,1.6666666666666665,Good
2025-12-23 21:00:00,15.1,82.0,990.3,12.3,265.0,0.1,0.0456,openaq_ground,0.0,Good
2025-12-23 22:00:00,14.1,75.0,991.0,7.2,252.0,2.4,0.1294,openaq_ground,0.5555555555555556,Good
2025-12-23 23:00:00,16.0,59.0,990.9,19.2,248.0,0.0,0.1318,openaq_ground,0.5555555555555556,Good
2025-12-24 00:00:00,17.6,51.0,990.8,13.4,229.0,0.0,0.1328,openaq_ground,0.5555555555555556,Good
2025-12-24 01:00:00,17.2,49.0,991.0,16.3,212.0,0.1,0.6948000000000001,openaq_ground,3.333333333333333,Good
2025-12-24 02:00:00,14.5,67.0,992.3,9.5,280.0,1.5,0.5414,openaq_ground,2.7777777777777777,Good
2025-12-24 03:00:00,15.3,60.0,992.2,9.7,207.0,0.1,0.4968,openaq_ground,2.2222222222222223,Good
2025-12-24 04:00:00,16.8,48.0,992.1,12.2,248.0,0.1,1.348566,openaq_ground,7.222222222222222,Good
2025-12-24 05:00:00,16.0,48.0,992.1,6.4,241.0,0.1,2.8051,openaq_ground,15.555555555555554,Good
2025-12-24 06:00:00,12.4,88.0,992.5,5.7,72.0,0.0,1.17,openaq_ground,6.111111111111112,Good
2025-12-24 07:00:00,11.4,88.0,992.8,12.6,33.0,0.4,0.9542,openaq_ground,5.0,Good
2025-12-24 08:00:00,11.5,85.0,993.2,13.6,18.0,0.0,1.0718599999999998,openaq_ground,5.555555555555555,Good
2025-12-24 09:00:00,11.1,87.0,992.9,14.0,55.0,0.5,1.2584399999999998,openaq_ground,6.666666666666666,Good
2025-12-24 10:00:00,10.9,92.0,992.2,17.6,54.0,1.6,1.22006,openaq_ground,6.666666666666666,Good
2025-12-24 11:00:00,11.1,84.0,990.8,21.0,34.0,0.5,1.26794,openaq_ground,6.666666666666666,Good
2025-12-24 12:00:00,11.4,86.0,990.3,18.5,36.0,0.0,1.1612,openaq_ground,6.111111111111112,Good
2025-12-24 13:00:00,11.3,85.0,990.0,13.7,16.0,0.6,0.974,openaq_ground,5.0,Good
2025-12-24 14:00:00,10.7,81.0,989.3,15.7,11.0,0.2,0.0839,openaq_ground,0.0,Good
2025-12-24 15:00:00,9.9,82.0,989.8,10.5,325.0,0.0,0.0127599999999999,openaq_ground,0.0,Good
2025-12-24 16:00:00,9.0,84.0,990.1,6.5,316.0,0.0,0.001666,openaq_ground,0.0,Good
2025-12-24 17:00:00,8.5,88.0,990.4,7.1,330.0,0.0,0.0234,openaq_ground,0.0,Good
2025-12-24 18:00:00,8.9,93.0,991.1,6.1,336.0,0.0,0.0250799999999999,openaq_ground,0.0,Good
2025-12-24 19:00:00,12.0,85.0,991.1,6.2,348.0,0.0,0.00334,openaq_ground,0.0,Good
2025-12-24 20:00:00,13.9,72.0,991.4,5.4,354.0,0.0,0.001666,openaq_ground,0.0,Good
2025-12-24 21:00:00,15.5,69.0,990.9,4.3,15.0,0.0,0.0,openaq_ground,0.0,Good
2025-12-24 22:00:00,16.3,63.0,991.1,6.4,280.0,0.1,0.02052,openaq_ground,0.0,Good
2025-12-24 23:00:00,16.2,55.0,991.0,1.7,198.0,0.0,0.2509599999999999,openaq_ground,1.1111111111111112,Good
2025-12-25 00:00:00,17.4,39.0,990.7,5.7,305.0,0.0,0.6357999999999999,openaq_ground,3.333333333333333,Good
2025-12-25 01:00:00,16.8,41.0,990.5,3.8,301.0,0.0,0.4272,openaq_ground,2.2222222222222223,Good
2025-12-25 02:00:00,15.0,58.0,990.3,7.9,137.0,0.0,0.3858,openaq_ground,1.6666666666666665,Good
2025-12-25 03:00:00,13.9,69.0,990.2,6.0,57.0,0.0,0.2496,openaq_ground,1.1111111111111112,Good
2025-12-25 04:00:00,14.6,65.0,989.2,13.9,59.0,0.0,0.3566,openaq_ground,1.6666666666666665,Good
2025-12-25 05:00:00,14.9,66.0,988.8,11.4,62.0,0.0,1.6157999999999997,openaq_ground,8.88888888888889,Good
2025-12-25 06:00:00,12.8,82.0,990.2,10.8,30.0,3.9,1.7919999999999998,openaq_ground,9.444444444444445,Good
2025-12-25 07:00:00,11.8,88.0,990.7,2.4,63.0,1.2,0.774,openaq_ground,3.8888888888888884,Good
2025-12-25 08:00:00,11.6,92.0,990.6,2.6,344.0,0.0,0.3404,openaq_ground,1.6666666666666665,Good
2025-12-25 09:00:00,9.9,96.0,991.2,1.9,311.0,0.0,0.3354,openaq_ground,1.6666666666666665,Good
2025-12-25 10:00:00,9.7,95.0,991.2,4.1,358.0,0.0,0.94304,openaq_ground,5.0,Good
2025-12-25 11:00:00,9.1,95.0,990.9,7.2,3.0,0.0,0.25664,openaq_ground,1.1111111111111112,Good
2025-12-25 12:00:00,8.6,95.0,991.0,10.9,27.0,0.0,0.149,openaq_ground,0.5555555555555556,Good
2025-12-25 13:00:00,9.0,94.0,990.2,10.3,25.0,0.0,0.07614,openaq_ground,0.0,Good
2025-12-25 14:00:00,9.2,93.0,990.0,12.6,26.0,0.0,0.049,openaq_ground,0.0,Good
2025-12-25 15:00:00,9.0,90.0,989.5,12.0,19.0,0.0,0.05604,openaq_ground,0.0,Good
2025-12-25 16:00:00,9.0,88.0,989.2,11.0,14.0,0.0,0.03562,openaq_ground,0.0,Good
2025-12-25 17:00:00,9.0,86.0,989.3,8.7,7.0,0.0,0.038906,openaq_ground,0.0,Good
2025-12-25 18:00:00,9.0,85.0,989.6,9.2,360.0,0.0,0.0557,openaq_ground,0.0,Good
2025-12-25 19:00:00,10.6,84.0,989.7,8.8,5.0,0.0,0.0477999999999999,openaq_ground,0.0,Good
2025-12-25 20:00:00,12.8,75.0,989.8,7.4,7.0,0.0,0.1926,openaq_ground,0.5555555555555556,Good
2025-12-25 21:00:00,12.8,66.0,990.0,15.8,2.0,0.0,0.3308,openaq_ground,1.6666666666666665,Good
2025-12-25 22:00:00,13.8,67.0,989.8,10.4,8.0,0.0,0.000566,openaq_ground,0.0,Good
2025-12-25 23:00:00,16.5,55.0,989.3,11.4,355.0,0.0,0.0455,openaq_ground,0.0,Good
2025-12-26 00:00:00,17.7,51.0,989.0,6.2,324.0,0.0,0.01554,openaq_ground,0.0,Good
2025-12-26 01:00:00,18.6,49.0,988.3,4.2,340.0,0.1,0.0067,openaq_ground,0.0,Good
2025-12-26 02:00:00,18.2,47.0,988.1,4.9,28.0,0.1,0.0228,openaq_ground,0.0,Good
2025-12-26 03:00:00,17.6,45.0,988.4,4.0,185.0,0.1,0.3194,openaq_ground,1.6666666666666665,Good
2025-12-26 04:00:00,13.8,80.0,989.3,14.7,191.0,1.5,0.15524,openaq_ground,0.5555555555555556,Good
2025-12-26 05:00:00,12.2,78.0,990.0,14.0,226.0,0.0,0.5052,openaq_ground,2.7777777777777777,Good
2025-12-26 06:00:00,12.8,83.0,989.7,3.2,267.0,0.0,0.2334,openaq_ground,1.1111111111111112,Good
2025-12-26 07:00:00,13.1,81.0,990.2,5.8,234.0,0.3,0.3139999999999999,openaq_ground,1.6666666666666665,Good
2025-12-26 08:00:00,12.1,85.0,991.1,4.9,253.0,0.1,0.3892,openaq_ground,1.6666666666666665,Good
2025-12-26 09:00:00,10.9,87.0,992.1,12.4,278.0,0.0,0.445,openaq_ground,2.2222222222222223,Good
2025-12-26 10:00:00,9.6,86.0,992.1,8.8,309.0,0.0,0.140466,openaq_ground,0.5555555555555556,Good
2025-12-26 11:00:00,8.7,89.0,992.4,7.6,324.0,0.0,0.1606,openaq_ground,0.5555555555555556,Good
2025-12-26 12:00:00,8.4,88.0,993.6,10.4,321.0,0.0,0.1272,openaq_ground,0.5555555555555556,Good
2025-12-26 13:00:00,8.0,87.0,993.9,7.3,322.0,0.0,0.0216,openaq_ground,0.0,Good
2025-12-26 14:00:00,7.7,86.0,994.4,4.7,332.0,0.0,0.0039059999999999,openaq_ground,0.0,Good
2025-12-26 15:00:00,7.3,87.0,994.8,4.0,330.0,0.0,0.00724,openaq_ground,0.0,Good
2025-12-26 16:00:00,7.1,84.0,995.6,2.2,325.0,0.0,0.002806,openaq_ground,0.0,Good
2025-12-26 17:00:00,7.8,79.0,996.4,1.3,304.0,0.0,0.001666,openaq_ground,0.0,Good
2025-12-26 18:00:00,9.7,76.0,997.4,0.5,360.0,0.0,0.001666,openaq_ground,0.0,Good
2025-12-26 19:00:00,11.2,75.0,998.3,2.1,15.0,0.0,0.01664,openaq_ground,0.0,Good
2025-12-26 20:00:00,12.5,72.0,999.1,1.5,353.0,0.0,0.00334,openaq_ground,0.0,Good
2025-12-26 21:00:00,13.9,69.0,999.4,1.2,243.0,0.1,0.028866,openaq_ground,0.0,Good
2025-12-26 22:00:00,14.7,65.0,999.8,3.1,177.0,0.2,0.00556,openaq_ground,0.0,Good
2025-12-26 23:00:00,15.0,66.0,1000.4,6.7,153.0,0.4,0.00834,openaq_ground,0.0,Good
2025-12-27 00:00:00,14.5,64.0,1000.7,4.5,344.0,4.2,0.0072399999999999,openaq_ground,0.0,Good
2025-12-27 01:00:00,14.8,66.0,1000.5,5.9,110.0,0.2,0.01224,openaq_ground,0.0,Good
2025-12-27 02:00:00,14.7,66.0,1001.0,10.0,128.0,0.1,0.00276,openaq_ground,0.0,Good
2025-12-27 03:00:00,14.0,69.0,1001.8,6.7,110.0,0.2,0.01336,openaq_ground,0.0,Good
2025-12-27 04:00:00,13.3,73.0,1002.1,5.8,116.0,0.0,0.0355339999999999,openaq_ground,0.0,Good
2025-12-27 05:00:00,13.8,69.0,1002.4,3.1,130.0,0.1,0.06896,openaq_ground,0.0,Good
2025-12-27 06:00:00,12.8,73.0,1003.1,4.7,328.0,0.0,0.03508,openaq_ground,0.0,Good
2025-12-27 07:00:00,12.8,74.0,1003.8,0.8,243.0,0.0,0.0751,openaq_ground,0.0,Good
2025-12-27 08:00:00,11.7,86.0,1004.5,2.8,235.0,0.0,0.56326,openaq_ground,2.7777777777777777,Good
2025-12-27 09:00:00,10.3,88.0,1005.4,2.8,285.0,0.0,0.18068,openaq_ground,0.5555555555555556,Good
2025-12-27 10:00:00,9.8,90.0,1005.6,2.4,306.0,0.0,0.044472,openaq_ground,0.0,Good
2025-12-27 11:00:00,9.2,90.0,1006.1,2.7,323.0,0.0,0.03384,openaq_ground,0.0,Good
2025-12-27 12:00:00,9.0,89.0,1006.4,6.0,314.0,0.0,0.4195,openaq_ground,2.2222222222222223,Good
2025-12-27 13:00:00,8.4,90.0,1006.8,6.1,320.0,0.0,0.03224,openaq_ground,0.0,Good
2025-12-27 14:00:00,7.6,94.0,1006.8,6.9,327.0,0.0,0.01504,openaq_ground,0.0,Good
2025-12-27 15:00:00,7.1,95.0,1007.1,6.5,328.0,0.0,0.00778,openaq_ground,0.0,Good
2025-12-27 16:00:00,6.7,96.0,1007.5,6.4,328.0,0.0,0.01166,openaq_ground,0.0,Good
2025-12-27 17:00:00,6.3,96.0,1007.9,5.4,326.0,0.0,0.0196,openaq_ground,0.0,Good
2025-12-27 18:00:00,8.0,91.0,1008.8,9.0,293.0,0.0,0.0588,openaq_ground,0.0,Good
2025-12-27 19:00:00,10.3,84.0,1009.6,11.3,250.0,0.0,0.08548,openaq_ground,0.0,Good
2025-12-27 20:00:00,11.1,84.0,1010.3,13.5,229.0,0.2,0.057406,openaq_ground,0.0,Good
2025-12-27 21:00:00,12.2,78.0,1010.3,11.9,229.0,0.1,0.0368,openaq_ground,0.0,Good
2025-12-27 22:00:00,13.1,74.0,1010.6,12.1,212.0,0.1,0.0994,openaq_ground,0.0,Good
2025-12-27 23:00:00,13.0,77.0,1010.8,13.2,191.0,0.1,0.2171999999999999,openaq_ground,1.1111111111111112,Good
2025-12-28 00:00:00,13.5,74.0,1011.0,11.5,197.0,0.1,0.1712,openaq_ground,0.5555555555555556,Good
2025-12-28 01:00:00,13.7,75.0,1011.0,10.3,179.0,0.1,0.1621999999999999,openaq_ground,0.5555555555555556,Good
2025-12-28 02:00:00,13.6,76.0,1011.1,11.4,174.0,0.0,0.2166,openaq_ground,1.1111111111111112,Good
2025-12-28 03:00:00,13.8,77.0,1011.3,10.3,179.0,0.0,0.2924,openaq_ground,1.1111111111111112,Good
2025-12-28 04:00:00,13.3,76.0,1011.8,13.7,177.0,0.0,0.623108,openaq_ground,3.333333333333333,Good
2025-12-28 05:00:00,12.6,74.0,1012.3,11.0,178.0,0.0,0.9096,openaq_ground,5.0,Good
2025-12-28 06:00:00,12.1,77.0,1012.2,8.9,172.0,0.0,0.7872,openaq_ground,3.8888888888888884,Good
2025-12-28 07:00:00,11.9,78.0,1013.0,6.7,182.0,0.0,0.7198,openaq_ground,3.8888888888888884,Good
2025-12-28 08:00:00,11.4,83.0,1013.8,3.2,196.0,0.0,0.3292,openaq_ground,1.6666666666666665,Good
2025-12-28 09:00:00,10.6,87.0,1014.4,0.4,333.0,0.0,0.7454,openaq_ground,3.8888888888888884,Good
2025-12-28 10:00:00,10.1,90.0,1014.9,1.4,293.0,0.0,0.60526,openaq_ground,3.333333333333333,Good
2025-12-28 11:00:00,10.0,92.0,1015.2,2.1,290.0,0.0,0.43376,openaq_ground,2.2222222222222223,Good
2025-12-28 12:00:00,10.9,84.0,1015.1,2.2,284.0,0.0,0.7558,openaq_ground,3.8888888888888884,Good
2025-12-28 13:00:00,10.5,90.0,1015.0,1.3,304.0,0.0,0.1362,openaq_ground,0.5555555555555556,Good
2025-12-28 14:00:00,9.9,92.0,1015.1,1.4,320.0,0.0,0.1457999999999999,openaq_ground,0.5555555555555556,Good
2025-12-28 15:00:00,9.2,93.0,1015.1,1.8,294.0,0.0,0.1634,openaq_ground,0.5555555555555556,Good
2025-12-28 16:00:00,9.4,93.0,1015.3,2.2,312.0,0.0,0.2628,openaq_ground,1.1111111111111112,Good
2025-12-28 17:00:00,9.6,92.0,1015.7,2.7,328.0,0.0,0.3774,openaq_ground,1.6666666666666665,Good
2025-12-28 18:00:00,10.4,90.0,1016.1,3.5,321.0,0.0,0.4962,openaq_ground,2.2222222222222223,Good
2025-12-28 19:00:00,11.4,84.0,1016.4,3.5,249.0,0.0,0.6702,openaq_ground,3.333333333333333,Good
2025-12-28 20:00:00,11.7,82.0,1016.6,8.1,223.0,0.0,1.10934,openaq_ground,6.111111111111112,Good
2025-12-28 21:00:00,12.2,81.0,1016.7,8.9,222.0,0.1,1.13444,openaq_ground,6.111111111111112,Good
2025-12-28 22:00:00,13.0,79.0,1016.7,10.2,208.0,0.2,1.09866,openaq_ground,5.555555555555555,Good
2025-12-28 23:00:00,13.0,80.0,1016.7,13.1,193.0,0.0,1.0527799999999998,openaq_ground,5.555555555555555,Good
2025-12-29 00:00:00,13.1,77.0,1016.5,13.1,182.0,0.0,1.0069,openaq_ground,5.555555555555555,Good
2025-12-29 01:00:00,12.9,79.0,1016.3,13.8,187.0,0.0,0.6848,openaq_ground,3.333333333333333,Good
2025-12-29 02:00:00,12.9,81.0,1016.1,14.8,186.0,0.0,0.2872,openaq_ground,1.1111111111111112,Good
2025-12-29 03:00:00,12.7,80.0,1016.1,14.8,183.0,0.0,0.0855399999999999,openaq_ground,0.0,Good
2025-12-29 04:00:00,12.3,81.0,1016.1,14.8,174.0,0.0,0.06446,openaq_ground,0.0,Good
2025-12-29 05:00:00,11.7,81.0,1016.0,14.3,169.0,0.1,0.3528,openaq_ground,1.6666666666666665,Good
2025-12-29 06:00:00,11.7,78.0,1016.1,12.7,168.0,0.1,0.569,openaq_ground,2.7777777777777777,Good
2025-12-29 07:00:00,11.3,77.0,1016.6,10.4,160.0,0.0,0.7485660000000001,openaq_ground,3.8888888888888884,Good
2025-12-29 08:00:00,11.0,78.0,1017.2,8.5,145.0,0.0,0.6412,openaq_ground,3.333333333333333,Good
2025-12-29 09:00:00,10.6,83.0,1017.7,6.6,133.0,0.0,0.4926,openaq_ground,2.2222222222222223,Good
2025-12-29 10:00:00,10.5,84.0,1017.5,5.0,128.0,0.0,0.4294,openaq_ground,2.2222222222222223,Good
2025-12-29 11:00:00,10.6,82.0,1017.2,6.1,118.0,0.0,0.13664,openaq_ground,0.5555555555555556,Good
2025-12-29 12:00:00,10.1,88.0,1017.3,5.2,84.0,0.1,0.0520599999999999,openaq_ground,0.0,Good
2025-12-29 13:00:00,10.3,87.0,1016.7,6.7,99.0,0.0,0.063966,openaq_ground,0.0,Good
2025-12-29 14:00:00,10.3,84.0,1016.3,8.5,94.0,0.0,0.04556,openaq_ground,0.0,Good
2025-12-29 15:00:00,10.3,84.0,1015.8,8.5,84.0,0.0,0.0544799999999999,openaq_ground,0.0,Good
2025-12-29 16:00:00,10.2,87.0,1015.8,8.7,84.0,0.0,0.1149999999999999,openaq_ground,0.5555555555555556,Good
2025-12-29 17:00:00,10.0,90.0,1015.8,8.8,79.0,0.1,0.1744,openaq_ground,0.5555555555555556,Good
2025-12-29 18:00:00,10.3,90.0,1015.8,10.5,86.0,0.1,0.316,openaq_ground,1.6666666666666665,Good
2025-12-29 19:00:00,10.6,88.0,1015.7,16.6,91.0,0.2,0.06556,openaq_ground,0.0,Good
2025-12-29 20:00:00,10.6,89.0,1015.9,18.4,86.0,0.3,0.1318,openaq_ground,0.5555555555555556,Good
2025-12-29 21:00:00,11.4,83.0,1015.4,20.7,89.0,0.5,0.03282,openaq_ground,0.0,Good
2025-12-29 22:00:00,11.5,75.0,1015.4,22.1,83.0,0.1,0.1954,openaq_ground,0.5555555555555556,Good
2025-12-29 23:00:00,11.7,71.0,1015.2,22.0,80.0,0.0,0.921666,openaq_ground,5.0,Good
2025-12-30 00:00:00,12.0,73.0,1014.6,23.1,79.0,0.3,1.196566,openaq_ground,6.111111111111112,Good
2025-12-30 01:00:00,12.3,70.0,1013.9,23.3,77.0,0.2,0.956566,openaq_ground,5.0,Good
2025-12-30 02:00:00,12.3,70.0,1013.8,25.7,70.0,0.2,1.105034,openaq_ground,6.111111111111112,Good
2025-12-30 03:00:00,11.5,76.0,1013.4,25.4,65.0,0.1,1.215906,openaq_ground,6.666666666666666,Good
2025-12-30 04:00:00,11.6,75.0,1012.8,22.5,69.0,0.1,1.2693159999999999,openaq_ground,6.666666666666666,Good
2025-12-30 05:00:00,11.6,70.0,1012.0,22.9,68.0,0.0,1.322726,openaq_ground,7.222222222222222,Good
2025-12-30 06:00:00,11.3,69.0,1011.8,23.0,67.0,0.0,1.52864,openaq_ground,8.333333333333332,Good
2025-12-30 07:00:00,11.1,74.0,1011.6,21.0,66.0,0.0,1.44442,openaq_ground,7.777777777777777,Good
2025-12-30 08:00:00,10.5,83.0,1011.3,22.1,65.0,0.0,1.317326,openaq_ground,7.222222222222222,Good
2025-12-30 09:00:00,10.2,84.0,1011.3,21.1,63.0,0.0,1.295,openaq_ground,6.666666666666666,Good
2025-12-30 10:00:00,10.4,83.0,1010.9,21.6,68.0,0.0,1.39904,openaq_ground,7.222222222222222,Good
2025-12-30 11:00:00,10.6,78.0,1010.2,22.6,68.0,0.1,1.3588999999999998,openaq_ground,7.222222222222222,Good
2025-12-30 12:00:00,9.9,78.0,1009.8,22.0,64.0,0.1,1.2949,openaq_ground,6.666666666666666,Good
2025-12-30 13:00:00,9.5,88.0,1009.2,19.9,66.0,0.0,1.2617,openaq_ground,6.666666666666666,Good
2025-12-30 14:00:00,9.7,86.0,1008.4,19.4,67.0,0.0,1.3104140000000002,openaq_ground,7.222222222222222,Good
2025-12-30 15:00:00,9.9,86.0,1007.6,20.5,69.0,0.0,1.31526,openaq_ground,7.222222222222222,Good
2025-12-30 16:00:00,9.9,85.0,1006.8,20.4,70.0,0.1,1.14926,openaq_ground,6.111111111111112,Good
2025-12-30 17:00:00,9.9,86.0,1006.2,21.4,72.0,0.1,0.92746,openaq_ground,5.0,Good
2025-12-30 18:00:00,10.3,89.0,1006.1,20.5,73.0,0.1,0.71333,openaq_ground,3.8888888888888884,Good
2025-12-30 19:00:00,10.4,92.0,1005.5,19.9,70.0,0.3,0.4992,openaq_ground,2.2222222222222223,Good
2025-12-30 20:00:00,10.7,93.0,1004.8,20.2,70.0,0.6,0.7112,openaq_ground,3.8888888888888884,Good
2025-12-30 21:00:00,11.0,91.0,1004.2,20.9,72.0,0.9,0.5032,openaq_ground,2.7777777777777777,Good
2025-12-30 22:00:00,11.5,91.0,1003.3,21.0,72.0,1.6,0.07726,openaq_ground,0.0,Good
2025-12-30 23:00:00,12.0,87.0,1002.4,20.9,75.0,0.1,0.02994,openaq_ground,0.0,Good
2025-12-31 00:00:00,12.4,84.0,1002.1,21.1,71.0,0.0,0.22124,openaq_ground,1.1111111111111112,Good
2025-12-31 01:00:00,12.8,83.0,1001.0,18.5,79.0,0.1,0.5152,openaq_ground,2.7777777777777777,Good
2025-12-31 02:00:00,13.1,81.0,1000.2,19.7,84.0,0.1,0.6844,openaq_ground,3.333333333333333,Good
2025-12-31 03:00:00,13.0,83.0,999.2,15.6,82.0,0.1,0.8123999999999999,openaq_ground,4.444444444444445,Good
2025-12-31 04:00:00,13.7,79.0,998.2,14.8,80.0,0.0,0.7186,openaq_ground,3.8888888888888884,Good
2025-12-31 05:00:00,13.7,80.0,997.4,12.8,75.0,0.0,1.1800000000000002,openaq_ground,6.111111111111112,Good
2025-12-31 06:00:00,14.0,80.0,996.8,11.2,84.0,0.0,1.41644,openaq_ground,7.777777777777777,Good
2025-12-31 07:00:00,13.5,83.0,996.5,10.5,73.0,0.0,1.528,openaq_ground,8.333333333333332,Good
2025-12-31 08:00:00,12.6,88.0,996.5,10.1,55.0,0.2,2.8562,openaq_ground,15.555555555555554,Good
2025-12-31 09:00:00,12.1,91.0,996.4,10.6,47.0,0.0,2.2632,openaq_ground,12.222222222222223,Good
2025-12-31 10:00:00,11.5,95.0,996.5,10.2,48.0,0.0,3.14,openaq_ground,17.22222222222222,Good
2025-12-31 11:00:00,11.1,96.0,995.9,8.4,42.0,0.0,3.242566,openaq_ground,17.77777777777778,Good
2025-12-31 12:00:00,10.7,97.0,995.1,8.4,28.0,0.0,1.7424399999999998,openaq_ground,9.444444444444445,Good
2025-12-31 13:00:00,10.7,95.0,994.6,6.1,19.0,0.0,1.47976,openaq_ground,7.777777777777777,Good
2025-12-31 14:00:00,10.6,95.0,994.1,4.4,9.0,0.0,1.1582,openaq_ground,6.111111111111112,Good
2025-12-31 15:00:00,10.2,95.0,993.7,4.1,345.0,0.0,0.8779999999999999,openaq_ground,4.444444444444445,Good
2025-12-31 16:00:00,9.0,97.0,993.7,3.1,320.0,0.0,1.0783999999999998,openaq_ground,5.555555555555555,Good
2025-12-31 17:00:00,8.8,98.0,994.0,2.7,307.0,0.0,1.4024,openaq_ground,7.777777777777777,Good
2025-12-31 18:00:00,9.7,97.0,994.4,3.8,295.0,0.0,1.62974,openaq_ground,8.88888888888889,Good
2025-12-31 19:00:00,11.5,93.0,994.4,3.0,322.0,0.0,2.37754,openaq_ground,12.777777777777777,Good
2025-12-31 20:00:00,13.4,88.0,994.5,4.4,19.0,0.0,2.16956,openaq_ground,11.666666666666666,Good
2025-12-31 21:00:00,15.3,81.0,994.3,3.9,16.0,0.0,2.6851,openaq_ground,14.444444444444445,Good
2025-12-31 22:00:00,16.6,77.0,994.2,0.7,166.0,0.0,3.2633400000000004,openaq_ground,17.77777777777778,Good
2025-12-31 23:00:00,17.1,77.0,994.0,8.4,173.0,0.0,3.6626,openaq_ground,20.0,Good
2026-01-01 00:00:00,16.6,82.0,994.1,10.4,190.0,0.0,3.7796,openaq_ground,20.555555555555557,Good
2026-01-01 01:00:00,17.0,80.0,994.1,12.2,197.0,0.0,3.5203,openaq_ground,19.444444444444443,Good
2026-01-01 02:00:00,15.6,84.0,994.4,12.7,193.0,0.0,4.4688,openaq_ground,24.444444444444446,Good
2026-01-01 03:00:00,15.5,85.0,994.3,9.7,182.0,0.0,4.6812,openaq_ground,25.555555555555554,Good
2026-01-01 04:00:00,15.6,83.0,994.8,9.5,194.0,0.0,4.993,openaq_ground,27.222222222222225,Good
2026-01-01 05:00:00,15.3,82.0,994.9,10.5,204.0,0.0,3.1671400000000003,openaq_ground,17.22222222222222,Good
2026-01-01 06:00:00,14.2,87.0,995.7,10.1,200.0,0.0,1.4098,openaq_ground,7.777777777777777,Good
2026-01-01 07:00:00,13.7,89.0,996.1,10.3,207.0,0.1,2.1116,openaq_ground,11.666666666666666,Good
2026-01-01 08:00:00,13.2,90.0,996.9,12.7,210.0,0.1,1.9016,openaq_ground,10.555555555555555,Good
2026-01-01 09:00:00,12.5,93.0,997.8,13.9,205.0,0.1,2.4888,openaq_ground,13.333333333333332,Good
2026-01-01 10:00:00,12.1,93.0,998.3,14.8,214.0,0.1,2.60986,openaq_ground,14.444444444444445,Good
2026-01-01 11:00:00,11.9,91.0,998.6,14.9,226.0,0.1,2.62892,openaq_ground,14.444444444444445,Good
2026-01-01 12:00:00,11.7,91.0,999.1,13.8,234.0,0.0,2.5662,openaq_ground,13.88888888888889,Good
2026-01-01 13:00:00,11.3,92.0,999.2,12.0,242.0,0.0,2.505,openaq_ground,13.88888888888889,Good
2026-01-01 14:00:00,11.2,93.0,999.2,11.5,238.0,0.0,2.30656,openaq_ground,12.777777777777777,Good
2026-01-01 15:00:00,11.3,92.0,999.4,12.9,235.0,0.0,2.1624600000000003,openaq_ground,11.666666666666666,Good
2026-01-01 16:00:00,11.3,90.0,999.8,15.5,244.0,0.0,1.05816,openaq_ground,5.555555555555555,Good
2026-01-01 17:00:00,11.3,88.0,1000.4,14.6,251.0,0.0,0.457,openaq_ground,2.2222222222222223,Good
2026-01-01 18:00:00,11.7,86.0,1001.1,15.6,244.0,0.0,0.20396,openaq_ground,1.1111111111111112,Good
2026-01-01 19:00:00,12.3,84.0,1001.7,18.7,235.0,0.1,0.196,openaq_ground,0.5555555555555556,Good
2026-01-01 20:00:00,12.7,82.0,1002.4,21.1,230.0,0.2,0.12452,openaq_ground,0.5555555555555556,Good
2026-01-01 21:00:00,13.0,80.0,1002.6,22.8,229.0,0.1,0.1302,openaq_ground,0.5555555555555556,Good
2026-01-01 22:00:00,13.4,78.0,1002.7,23.1,220.0,0.1,0.116666,openaq_ground,0.5555555555555556,Good
2026-01-01 23:00:00,13.5,80.0,1003.0,22.0,211.0,0.1,0.1117999999999999,openaq_ground,0.5555555555555556,Good
2026-01-02 00:00:00,13.5,79.0,1003.5,23.0,212.0,0.1,0.434,openaq_ground,2.2222222222222223,Good
2026-01-02 01:00:00,13.3,80.0,1003.9,24.5,206.0,0.1,0.568,openaq_ground,2.7777777777777777,Good
2026-01-02 02:00:00,13.3,79.0,1004.3,25.4,207.0,0.0,1.042,openaq_ground,5.555555555555555,Good
2026-01-02 03:00:00,13.1,79.0,1004.5,25.2,203.0,0.0,1.565,openaq_ground,8.333333333333332,Good
2026-01-02 04:00:00,13.0,79.0,1004.8,24.7,206.0,0.0,1.83816,openaq_ground,10.0,Good
2026-01-02 05:00:00,12.3,81.0,1005.3,23.5,203.0,0.0,2.52196,openaq_ground,13.88888888888889,Good
2026-01-02 06:00:00,11.9,81.0,1005.9,22.3,209.0,0.0,2.73436,openaq_ground,15.0,Good
2026-01-02 07:00:00,11.6,80.0,1006.5,23.0,210.0,0.0,2.3355,openaq_ground,12.777777777777777,Good
2026-01-02 08:00:00,11.2,83.0,1007.3,21.6,212.0,0.0,2.0556,openaq_ground,11.11111111111111,Good
2026-01-02 09:00:00,11.1,84.0,1008.3,19.2,218.0,0.0,1.8276,openaq_ground,10.0,Good
2026-01-02 10:00:00,11.0,81.0,1009.0,19.6,219.0,0.0,1.6756,openaq_ground,8.88888888888889,Good
2026-01-02 11:00:00,10.8,79.0,1009.3,18.7,222.0,0.0,1.3438,openaq_ground,7.222222222222222,Good
2026-01-02 12:00:00,10.1,82.0,1009.8,15.0,231.0,0.0,0.93476,openaq_ground,5.0,Good
2026-01-02 13:00:00,9.6,86.0,1010.0,14.8,234.0,0.0,0.6530000000000001,openaq_ground,3.333333333333333,Good
2026-01-02 14:00:00,9.2,90.0,1010.1,14.9,235.0,0.0,0.6454,openaq_ground,3.333333333333333,Good
2026-01-02 15:00:00,9.5,88.0,1010.2,12.4,248.0,0.0,0.5952,openaq_ground,2.7777777777777777,Good
2026-01-02 16:00:00,9.1,89.0,1010.5,11.5,256.0,0.0,0.2915999999999999,openaq_ground,1.1111111111111112,Good
2026-01-02 17:00:00,8.6,91.0,1011.1,11.3,261.0,0.0,0.3202,openaq_ground,1.6666666666666665,Good
2026-01-02 18:00:00,9.4,89.0,1011.6,14.2,243.0,0.1,0.42552,openaq_ground,2.2222222222222223,Good
2026-01-02 19:00:00,10.0,87.0,1012.2,16.7,235.0,0.1,0.16846,openaq_ground,0.5555555555555556,Good
2026-01-02 20:00:00,11.2,79.0,1012.9,16.1,220.0,0.1,0.1946,openaq_ground,0.5555555555555556,Good
2026-01-02 21:00:00,11.4,80.0,1013.4,15.8,209.0,0.5,0.1082,openaq_ground,0.5555555555555556,Good
2026-01-02 22:00:00,11.4,82.0,1013.6,13.9,207.0,0.2,0.03548,openaq_ground,0.0,Good
2026-01-02 23:00:00,12.1,77.0,1013.8,11.7,201.0,0.1,0.0633,openaq_ground,0.0,Good
2026-01-03 00:00:00,13.1,68.0,1014.0,9.5,194.0,0.0,0.02784,openaq_ground,0.0,Good
2026-01-03 01:00:00,13.7,67.0,1014.0,10.5,184.0,0.0,0.117566,openaq_ground,0.5555555555555556,Good
2026-01-03 02:00:00,13.6,69.0,1014.3,11.5,180.0,0.0,0.1596,openaq_ground,0.5555555555555556,Good
2026-01-03 03:00:00,13.4,71.0,1014.3,12.3,177.0,0.0,0.3544,openaq_ground,1.6666666666666665,Good
2026-01-03 04:00:00,12.9,75.0,1014.4,13.1,165.0,0.0,0.7003999999999999,openaq_ground,3.8888888888888884,Good
2026-01-03 05:00:00,12.6,75.0,1014.7,13.8,144.0,0.1,0.9,openaq_ground,5.0,Good
2026-01-03 06:00:00,12.0,78.0,1015.1,14.7,127.0,0.2,0.8779,openaq_ground,4.444444444444445,Good
2026-01-03 07:00:00,11.5,77.0,1015.3,12.2,114.0,0.0,0.97,openaq_ground,5.0,Good
2026-01-03 08:00:00,11.1,77.0,1015.4,10.3,97.0,0.0,1.047134,openaq_ground,5.555555555555555,Good
2026-01-03 09:00:00,11.0,78.0,1016.1,10.5,82.0,0.0,0.7358,openaq_ground,3.8888888888888884,Good
2026-01-03 10:00:00,10.9,78.0,1016.3,10.9,73.0,0.0,0.7658400000000001,openaq_ground,3.8888888888888884,Good
2026-01-03 11:00:00,10.8,80.0,1016.0,10.6,64.0,0.0,0.8571,openaq_ground,4.444444444444445,Good
2026-01-03 12:00:00,10.3,87.0,1015.4,11.7,45.0,0.0,0.8635999999999999,openaq_ground,4.444444444444445,Good
2026-01-03 13:00:00,10.5,86.0,1014.9,13.1,44.0,0.0,0.809166,openaq_ground,4.444444444444445,Good
2026-01-03 14:00:00,10.1,89.0,1014.5,13.5,45.0,0.0,0.8018000000000001,openaq_ground,4.444444444444445,Good
2026-01-03 15:00:00,10.3,87.0,1014.0,13.5,46.0,0.0,0.3318,openaq_ground,1.6666666666666665,Good
2026-01-03 16:00:00,10.3,84.0,1013.3,14.6,40.0,0.0,0.2752,openaq_ground,1.1111111111111112,Good
2026-01-03 17:00:00,10.1,86.0,1013.0,15.5,36.0,0.0,0.2888,openaq_ground,1.1111111111111112,Good
2026-01-03 18:00:00,10.7,83.0,1012.8,15.8,29.0,0.0,0.1646,openaq_ground,0.5555555555555556,Good
2026-01-03 19:00:00,12.1,76.0,1012.6,15.6,33.0,0.0,0.1366,openaq_ground,0.5555555555555556,Good
2026-01-03 20:00:00,13.5,72.0,1012.6,19.0,30.0,0.0,0.1884,openaq_ground,0.5555555555555556,Good
2026-01-03 21:00:00,14.7,71.0,1012.4,19.5,33.0,0.0,0.2702,openaq_ground,1.1111111111111112,Good
2026-01-03 22:00:00,16.1,69.0,1012.2,19.7,35.0,0.0,0.4183999999999999,openaq_ground,2.2222222222222223,Good
2026-01-03 23:00:00,17.2,67.0,1012.0,18.0,40.0,0.0,0.5054000000000001,openaq_ground,2.7777777777777777,Good
2026-01-04 00:00:00,18.6,64.0,1011.3,18.6,45.0,0.0,0.5664,openaq_ground,2.7777777777777777,Good
2026-01-04 01:00:00,18.8,68.0,1011.3,17.1,47.0,0.0,0.4549999999999999,openaq_ground,2.2222222222222223,Good
2026-01-04 02:00:00,18.6,72.0,1011.1,18.4,48.0,0.1,1.4878,openaq_ground,7.777777777777777,Good
2026-01-04 03:00:00,18.3,75.0,1011.1,19.0,44.0,0.1,1.73462,openaq_ground,9.444444444444445,Good
2026-01-04 04:00:00,17.4,78.0,1011.1,16.7,40.0,0.0,1.58448,openaq_ground,8.333333333333332,Good
2026-01-04 05:00:00,16.8,79.0,1011.3,13.9,39.0,0.0,1.6831,openaq_ground,8.88888888888889,Good
2026-01-04 06:00:00,16.4,76.0,1011.6,11.4,35.0,0.0,1.70704,openaq_ground,9.444444444444445,Good
2026-01-04 07:00:00,15.5,81.0,1012.4,6.2,21.0,0.0,1.83436,openaq_ground,10.0,Good
2026-01-04 08:00:00,15.2,86.0,1013.1,4.1,285.0,0.0,1.619934,openaq_ground,8.88888888888889,Good
2026-01-04 09:00:00,14.0,86.0,1014.1,16.3,224.0,0.0,1.8938,openaq_ground,10.0,Good
2026-01-04 10:00:00,12.9,88.0,1014.7,19.6,212.0,0.0,2.0745,openaq_ground,11.11111111111111,Good
2026-01-04 11:00:00,12.7,88.0,1015.1,10.7,210.0,0.0,2.2552,openaq_ground,12.222222222222223,Good
2026-01-04 12:00:00,12.5,91.0,1015.6,9.7,204.0,0.0,2.04814,openaq_ground,11.11111111111111,Good
2026-01-04 13:00:00,12.3,91.0,1015.6,8.0,186.0,0.0,1.73076,openaq_ground,9.444444444444445,Good
2026-01-04 14:00:00,11.9,91.0,1015.7,5.4,186.0,0.0,1.8086,openaq_ground,10.0,Good
2026-01-04 15:00:00,11.7,91.0,1015.6,3.7,194.0,0.0,1.641,openaq_ground,8.88888888888889,Good
2026-01-04 16:00:00,11.6,93.0,1015.6,1.7,198.0,0.0,1.3582,openaq_ground,7.222222222222222,Good
2026-01-04 17:00:00,11.7,91.0,1015.7,0.9,307.0,0.0,1.2584,openaq_ground,6.666666666666666,Good
2026-01-04 18:00:00,11.9,88.0,1016.3,2.2,336.0,0.0,1.06456,openaq_ground,5.555555555555555,Good
2026-01-04 19:00:00,12.6,84.0,1016.5,2.9,330.0,0.0,0.706566,openaq_ground,3.8888888888888884,Good
2026-01-04 20:00:00,13.8,76.0,1016.5,1.4,337.0,0.0,0.2622,openaq_ground,1.1111111111111112,Good
2026-01-04 21:00:00,14.8,68.0,1016.6,0.9,169.0,0.0,0.3212,openaq_ground,1.6666666666666665,Good
2026-01-04 22:00:00,16.0,65.0,1016.2,3.1,149.0,0.0,0.3438,openaq_ground,1.6666666666666665,Good
2026-01-04 23:00:00,16.9,65.0,1015.9,6.0,141.0,0.0,0.2516,openaq_ground,1.1111111111111112,Good
2026-01-05 00:00:00,17.2,63.0,1015.4,10.7,113.0,0.0,0.1942,openaq_ground,0.5555555555555556,Good
2026-01-05 01:00:00,17.6,62.0,1015.4,12.9,98.0,0.0,0.286,openaq_ground,1.1111111111111112,Good
2026-01-05 02:00:00,17.4,59.0,1015.1,13.5,87.0,0.0,0.635,openaq_ground,3.333333333333333,Good
2026-01-05 03:00:00,17.4,60.0,1014.9,13.1,69.0,0.0,1.14656,openaq_ground,6.111111111111112,Good
2026-01-05 04:00:00,17.4,60.0,1014.6,12.4,71.0,0.0,1.50646,openaq_ground,8.333333333333332,Good
2026-01-05 05:00:00,17.4,60.0,1014.2,14.0,52.0,0.0,1.4508,openaq_ground,7.777777777777777,Good
2026-01-05 06:00:00,17.1,63.0,1013.8,11.9,51.0,0.0,1.4221,openaq_ground,7.777777777777777,Good
2026-01-05 07:00:00,16.2,68.0,1013.7,8.6,54.0,0.0,1.50188,openaq_ground,8.333333333333332,Good
2026-01-05 08:00:00,14.9,77.0,1014.0,8.1,53.0,0.0,1.4831,openaq_ground,7.777777777777777,Good
2026-01-05 09:00:00,13.3,87.0,1014.4,8.0,40.0,0.0,1.87546,openaq_ground,10.0,Good
2026-01-05 10:00:00,12.4,93.0,1014.9,6.8,25.0,0.0,2.14106,openaq_ground,11.666666666666666,Good
2026-01-05 11:00:00,11.7,94.0,1014.8,6.2,7.0,0.0,2.13476,openaq_ground,11.666666666666666,Good
2026-01-05 12:00:00,11.3,96.0,1015.0,6.2,8.0,0.0,2.1243,openaq_ground,11.666666666666666,Good
2026-01-05 13:00:00,11.0,97.0,1014.8,6.3,5.0,0.0,1.9741,openaq_ground,10.555555555555555,Good
2026-01-05 14:00:00,11.1,94.0,1014.6,6.7,3.0,0.0,1.7017,openaq_ground,9.444444444444445,Good
2026-01-05 15:00:00,10.7,93.0,1013.9,7.6,4.0,0.0,1.67674,openaq_ground,8.88888888888889,Good
2026-01-05 16:00:00,10.0,94.0,1013.5,7.4,360.0,0.0,1.8366,openaq_ground,10.0,Good
2026-01-05 17:00:00,9.5,94.0,1013.5,7.4,353.0,0.0,1.75474,openaq_ground,9.444444444444445,Good
2026-01-05 18:00:00,10.6,91.0,1014.2,7.4,356.0,0.0,2.11466,openaq_ground,11.666666666666666,Good
2026-01-05 19:00:00,13.8,85.0,1014.3,4.5,353.0,0.0,2.23066,openaq_ground,12.222222222222223,Good
2026-01-05 20:00:00,15.9,73.0,1014.5,2.2,222.0,0.0,1.442,openaq_ground,7.777777777777777,Good
2026-01-05 21:00:00,17.1,68.0,1014.4,5.6,187.0,0.0,0.55196,openaq_ground,2.7777777777777777,Good
2026-01-05 22:00:00,17.9,63.0,1014.0,7.3,173.0,0.0,0.3912,openaq_ground,1.6666666666666665,Good
2026-01-05 23:00:00,18.9,60.0,1013.6,6.7,160.0,0.0,0.306,openaq_ground,1.6666666666666665,Good
2026-01-06 00:00:00,20.3,59.0,1012.9,8.5,119.0,0.0,0.4763999999999999,openaq_ground,2.2222222222222223,Good
2026-01-06 01:00:00,19.8,60.0,1012.8,13.6,114.0,0.0,0.91356,openaq_ground,5.0,Good
2026-01-06 02:00:00,19.8,58.0,1012.8,13.1,90.0,0.0,1.29286,openaq_ground,6.666666666666666,Good
2026-01-06 03:00:00,20.1,61.0,1012.2,15.1,68.0,0.0,1.186,openaq_ground,6.111111111111112,Good
2026-01-06 04:00:00,19.6,66.0,1011.8,12.4,54.0,0.0,1.5991,openaq_ground,8.333333333333332,Good
2026-01-06 05:00:00,19.0,70.0,1011.5,11.0,48.0,0.1,2.084,openaq_ground,11.11111111111111,Good
2026-01-06 06:00:00,18.4,71.0,1011.4,10.7,36.0,0.1,3.2064,openaq_ground,17.77777777777778,Good
2026-01-06 07:00:00,17.9,76.0,1011.3,10.6,42.0,0.0,3.2120000000000006,openaq_ground,17.77777777777778,Good
2026-01-06 08:00:00,16.7,83.0,1011.5,8.7,30.0,0.0,2.9154000000000004,openaq_ground,16.11111111111111,Good
2026-01-06 09:00:00,15.4,87.0,1011.8,11.4,21.0,0.0,3.0418,openaq_ground,16.666666666666664,Good
2026-01-06 10:00:00,14.8,88.0,1011.9,10.0,9.0,0.0,2.9362,openaq_ground,16.11111111111111,Good
2026-01-06 11:00:00,14.8,89.0,1012.0,6.0,311.0,0.0,2.7542,openaq_ground,15.0,Good
2026-01-06 12:00:00,14.4,89.0,1012.3,11.8,353.0,0.0,2.6262,openaq_ground,14.444444444444445,Good
2026-01-06 13:00:00,14.4,91.0,1012.2,7.9,313.0,0.0,2.0648,openaq_ground,11.11111111111111,Good
2026-01-06 14:00:00,14.9,77.0,1011.5,7.7,282.0,0.0,1.2845400000000002,openaq_ground,6.666666666666666,Good
2026-01-06 15:00:00,14.9,72.0,1011.6,8.3,266.0,0.0,1.10818,openaq_ground,6.111111111111112,Good
2026-01-06 16:00:00,14.6,73.0,1011.4,6.7,236.0,0.0,1.54,openaq_ground,8.333333333333332,Good
2026-01-06 17:00:00,13.6,82.0,1011.6,3.5,242.0,0.0,0.6271660000000001,openaq_ground,3.333333333333333,Good
2026-01-06 18:00:00,13.7,83.0,1012.2,3.3,354.0,0.1,1.3226,openaq_ground,7.222222222222222,Good
2026-01-06 19:00:00,14.7,82.0,1012.0,8.3,18.0,0.0,0.8795,openaq_ground,4.444444444444445,Good
2026-01-06 20:00:00,16.4,76.0,1012.1,3.6,45.0,0.0,1.12044,openaq_ground,6.111111111111112,Good
2026-01-06 21:00:00,17.3,76.0,1011.8,8.7,40.0,0.3,0.986,openaq_ground,5.0,Good
2026-01-06 22:00:00,18.8,73.0,1011.7,9.3,54.0,0.0,1.18316,openaq_ground,6.111111111111112,Good
2026-01-06 23:00:00,20.2,68.0,1011.3,11.2,49.0,0.0,1.0699999999999998,openaq_ground,5.555555555555555,Good
2026-01-07 00:00:00,20.8,68.0,1010.0,11.3,44.0,0.1,1.016,openaq_ground,5.555555555555555,Good
2026-01-07 01:00:00,21.6,67.0,1009.3,11.2,44.0,0.4,0.994766,openaq_ground,5.0,Good
2026-01-07 02:00:00,19.8,73.0,1009.5,7.3,30.0,4.8,1.37204,openaq_ground,7.222222222222222,Good
2026-01-07 03:00:00,18.4,81.0,1009.7,7.7,69.0,3.6,1.27462,openaq_ground,6.666666666666666,Good
2026-01-07 04:00:00,17.8,86.0,1010.2,5.6,186.0,0.2,0.8239000000000001,openaq_ground,4.444444444444445,Good
2026-01-07 05:00:00,17.2,87.0,1010.0,6.7,354.0,1.5,2.11634,openaq_ground,11.666666666666666,Good
2026-01-07 06:00:00,16.5,86.0,1010.9,9.9,201.0,4.4,2.7662,openaq_ground,15.0,Good
2026-01-07 07:00:00,15.8,93.0,1011.0,5.5,23.0,1.4,1.69748,openaq_ground,8.88888888888889,Good
2026-01-07 08:00:00,15.7,91.0,1011.3,7.0,316.0,0.0,0.79586,openaq_ground,3.8888888888888884,Good
2026-01-07 09:00:00,14.8,96.0,1011.4,6.5,257.0,0.0,1.13404,openaq_ground,6.111111111111112,Good
2026-01-07 10:00:00,14.2,98.0,1012.0,7.7,233.0,0.1,1.5262,openaq_ground,8.333333333333332,Good
2026-01-07 11:00:00,13.9,97.0,1012.0,3.7,305.0,0.1,0.924,openaq_ground,5.0,Good
2026-01-07 12:00:00,14.2,97.0,1011.8,3.6,319.0,0.1,1.02996,openaq_ground,5.555555555555555,Good
2026-01-07 13:00:00,13.4,96.0,1011.4,2.4,324.0,0.1,1.158,openaq_ground,6.111111111111112,Good
2026-01-07 14:00:00,12.9,96.0,1011.2,3.5,339.0,0.1,1.1971,openaq_ground,6.111111111111112,Good
2026-01-07 15:00:00,12.4,97.0,1011.1,2.4,347.0,0.2,1.275834,openaq_ground,6.666666666666666,Good
2026-01-07 16:00:00,12.0,96.0,1011.2,1.5,339.0,0.1,1.34732,openaq_ground,7.222222222222222,Good
2026-01-07 17:00:00,11.8,97.0,1011.1,2.3,356.0,0.0,1.36424,openaq_ground,7.222222222222222,Good
2026-01-07 18:00:00,12.2,97.0,1011.5,4.2,355.0,0.0,1.42514,openaq_ground,7.777777777777777,Good
2026-01-07 19:00:00,14.8,96.0,1011.8,5.2,16.0,0.0,1.12986,openaq_ground,6.111111111111112,Good
2026-01-07 20:00:00,16.3,85.0,1011.7,4.8,29.0,0.0,1.39266,openaq_ground,7.222222222222222,Good
2026-01-07 21:00:00,17.5,83.0,1011.6,6.0,33.0,0.0,1.0399999999999998,openaq_ground,5.555555555555555,Good
2026-01-07 22:00:00,18.9,73.0,1011.0,5.2,27.0,0.0,0.68934,openaq_ground,3.333333333333333,Good
2026-01-07 23:00:00,19.8,69.0,1010.1,4.0,27.0,0.0,1.095132,openaq_ground,5.555555555555555,Good
2026-01-08 00:00:00,20.4,64.0,1008.5,11.2,49.0,0.0,1.259566,openaq_ground,6.666666666666666,Good
2026-01-08 01:00:00,19.8,73.0,1007.7,18.1,58.0,0.0,1.6507,openaq_ground,8.88888888888889,Good
2026-01-08 02:00:00,19.0,79.0,1007.1,18.0,42.0,0.1,2.0426,openaq_ground,11.11111111111111,Good
2026-01-08 03:00:00,19.7,79.0,1006.0,15.9,46.0,0.2,2.32746,openaq_ground,12.777777777777777,Good
2026-01-08 04:00:00,19.1,86.0,1005.4,8.3,57.0,0.5,2.6932,openaq_ground,14.444444444444445,Good
2026-01-08 05:00:00,17.9,93.0,1004.6,8.3,48.0,1.0,1.52346,openaq_ground,8.333333333333332,Good
2026-01-08 06:00:00,16.8,97.0,1003.5,10.1,41.0,0.8,0.8838000000000001,openaq_ground,4.444444444444445,Good
2026-01-08 07:00:00,17.0,97.0,1002.5,9.5,61.0,0.6,0.6798,openaq_ground,3.333333333333333,Good
2026-01-08 08:00:00,17.7,90.0,1001.7,10.0,14.0,0.0,0.5741999999999999,openaq_ground,2.7777777777777777,Good
2026-01-08 09:00:00,17.5,77.0,1001.5,9.0,350.0,0.0,0.42494,openaq_ground,2.2222222222222223,Good
2026-01-08 10:00:00,17.4,70.0,1001.2,7.5,327.0,0.0,0.03608,openaq_ground,0.0,Good
2026-01-08 11:00:00,17.1,71.0,1001.4,7.1,304.0,0.0,0.0,openaq_ground,0.0,Good
2026-01-08 12:00:00,17.1,72.0,1001.1,9.6,327.0,0.0,0.0,openaq_ground,0.0,Good
2026-01-08 13:00:00,15.9,83.0,1001.5,11.1,197.0,0.0,0.0010999999999999,openaq_ground,0.0,Good
2026-01-08 14:00:00,14.6,94.0,1001.5,6.4,238.0,0.0,0.090666,openaq_ground,0.0,Good
2026-01-08 15:00:00,14.2,94.0,1001.5,8.8,253.0,0.0,0.122866,openaq_ground,0.5555555555555556,Good
2026-01-08 16:00:00,14.1,95.0,1001.9,13.3,242.0,0.1,3.1916,openaq_ground,17.22222222222222,Good
2026-01-08 17:00:00,13.7,94.0,1002.2,17.7,231.0,1.6,4.91,openaq_ground,27.222222222222225,Good
2026-01-08 18:00:00,13.8,93.0,1003.0,17.7,235.0,0.6,3.8224,openaq_ground,21.11111111111111,Good
2026-01-08 19:00:00,13.8,89.0,1003.8,18.7,245.0,0.3,2.43754,openaq_ground,13.333333333333332,Good
2026-01-08 20:00:00,13.6,86.0,1004.5,17.3,251.0,0.0,2.4528,openaq_ground,13.333333333333332,Good
2026-01-08 21:00:00,14.1,79.0,1005.2,20.2,247.0,0.0,2.4262,openaq_ground,13.333333333333332,Good
2026-01-08 22:00:00,15.3,71.0,1005.4,25.2,241.0,0.0,2.353,openaq_ground,12.777777777777777,Good
2026-01-08 23:00:00,16.6,61.0,1005.6,27.6,246.0,0.0,1.5964,openaq_ground,8.333333333333332,Good
2026-01-09 00:00:00,18.5,54.0,1005.7,23.4,241.0,0.0,1.002,openaq_ground,5.555555555555555,Good
2026-01-09 01:00:00,18.8,50.0,1005.6,19.4,234.0,0.0,1.19246,openaq_ground,6.111111111111112,Good
2026-01-09 02:00:00,19.7,47.0,1005.2,22.6,238.0,0.0,3.8292,openaq_ground,21.11111111111111,Good
2026-01-09 03:00:00,19.5,50.0,1004.9,21.5,236.0,0.0,3.1409,openaq_ground,17.22222222222222,Good
2026-01-09 04:00:00,18.6,57.0,1005.3,21.1,235.0,0.0,3.5206600000000003,openaq_ground,19.444444444444443,Good
2026-01-09 05:00:00,18.4,59.0,1006.0,18.3,234.0,0.0,3.3504000000000005,openaq_ground,18.333333333333332,Good
2026-01-09 06:00:00,15.6,80.0,1007.1,6.2,97.0,0.0,3.0471,openaq_ground,16.666666666666664,Good
2026-01-09 07:00:00,14.1,87.0,1007.7,12.8,50.0,0.6,2.78264,openaq_ground,15.0,Good
2026-01-09 08:00:00,13.2,87.0,1007.8,11.0,48.0,0.2,3.3042,openaq_ground,18.333333333333332,Good
2026-01-09 09:00:00,13.3,83.0,1008.0,9.9,46.0,0.0,2.81516,openaq_ground,15.555555555555554,Good
2026-01-09 10:00:00,13.1,83.0,1007.6,11.9,34.0,0.0,1.98434,openaq_ground,10.555555555555555,Good
2026-01-09 11:00:00,13.0,83.0,1007.5,8.6,31.0,0.0,3.0944,openaq_ground,16.666666666666664,Good
2026-01-09 12:00:00,13.6,83.0,1006.2,16.7,40.0,0.0,3.0152,openaq_ground,16.666666666666664,Good
2026-01-09 13:00:00,13.6,82.0,1005.4,17.1,30.0,0.0,2.8432000000000004,openaq_ground,15.555555555555554,Good
2026-01-09 14:00:00,13.5,83.0,1004.1,14.4,38.0,0.0,2.411,openaq_ground,13.333333333333332,Good
2026-01-09 15:00:00,13.2,86.0,1003.1,11.2,30.0,0.0,2.28316,openaq_ground,12.222222222222223,Good
2026-01-09 16:00:00,13.1,88.0,1002.0,9.7,28.0,0.5,2.19344,openaq_ground,11.666666666666666,Good
2026-01-09 17:00:00,12.7,96.0,1001.5,8.1,25.0,2.4,1.7858,openaq_ground,9.444444444444445,Good
2026-01-09 18:00:00,13.1,93.0,1000.8,12.9,28.0,2.9,1.705,openaq_ground,9.444444444444445,Good
2026-01-09 19:00:00,13.1,95.0,1000.3,10.8,18.0,2.9,0.636,openaq_ground,3.333333333333333,Good
2026-01-09 20:00:00,13.0,94.0,999.6,11.7,15.0,1.7,0.7699659999999999,openaq_ground,3.8888888888888884,Good
2026-01-09 21:00:00,13.8,93.0,1000.3,9.4,17.0,0.9,1.27124,openaq_ground,6.666666666666666,Good
2026-01-09 22:00:00,15.7,92.0,999.7,4.2,47.0,0.2,2.48956,openaq_ground,13.333333333333332,Good
2026-01-09 23:00:00,18.3,85.0,999.3,2.0,95.0,0.1,2.2035,openaq_ground,12.222222222222223,Good
2026-01-10 00:00:00,16.6,93.0,999.0,7.5,70.0,0.0,1.7654600000000005,openaq_ground,9.444444444444445,Good
2026-01-10 01:00:00,17.4,93.0,999.2,5.4,82.0,0.4,2.1825400000000004,openaq_ground,11.666666666666666,Good
2026-01-10 02:00:00,18.8,91.0,998.9,4.0,120.0,0.1,1.6641,openaq_ground,8.88888888888889,Good
2026-01-10 03:00:00,19.2,82.0,998.3,5.9,130.0,0.0,1.8492,openaq_ground,10.0,Good
2026-01-10 04:00:00,18.7,84.0,998.3,8.0,67.0,0.1,2.21944,openaq_ground,12.222222222222223,Good
2026-01-10 05:00:00,19.2,79.0,997.1,13.2,56.0,0.0,2.07676,openaq_ground,11.11111111111111,Good
2026-01-10 06:00:00,20.3,81.0,995.6,17.2,29.0,0.0,0.8996000000000001,openaq_ground,4.444444444444445,Good
2026-01-10 07:00:00,21.4,66.0,995.3,16.7,331.0,0.1,0.45014,openaq_ground,2.2222222222222223,Good
2026-01-10 08:00:00,21.2,61.0,995.2,14.6,320.0,0.0,0.1646,openaq_ground,0.5555555555555556,Good
2026-01-10 09:00:00,20.7,59.0,994.4,8.6,334.0,0.0,0.04656,openaq_ground,0.0,Good
2026-01-10 10:00:00,19.4,70.0,993.5,10.7,9.0,0.0,0.05274,openaq_ground,0.0,Good
2026-01-10 11:00:00,18.3,78.0,993.4,3.6,3.0,0.0,0.059,openaq_ground,0.0,Good
2026-01-10 12:00:00,18.4,61.0,990.9,14.5,31.0,0.0,0.05064,openaq_ground,0.0,Good
2026-01-10 13:00:00,18.9,60.0,990.3,13.6,39.0,0.0,0.13386,openaq_ground,0.5555555555555556,Good
2026-01-10 14:00:00,18.4,66.0,989.1,9.8,26.0,0.0,0.04384,openaq_ground,0.0,Good
2026-01-10 15:00:00,19.1,66.0,987.5,15.2,354.0,0.0,0.00334,openaq_ground,0.0,Good
2026-01-10 16:00:00,20.9,57.0,986.9,23.6,322.0,0.1,0.131,openaq_ground,0.5555555555555556,Good
2026-01-10 17:00:00,21.7,55.0,987.7,25.4,320.0,0.0,0.2633999999999999,openaq_ground,1.1111111111111112,Good
2026-01-10 18:00:00,21.2,59.0,987.1,18.0,344.0,0.1,2.0278,openaq_ground,11.11111111111111,Good
2026-01-10 19:00:00,21.5,61.0,987.1,16.8,321.0,0.1,2.8056,openaq_ground,15.555555555555554,Good
2026-01-10 20:00:00,21.0,57.0,987.9,29.6,306.0,0.1,3.418,openaq_ground,18.88888888888889,Good
2026-01-10 21:00:00,20.5,53.0,988.7,30.2,295.0,0.0,10.472,openaq_ground,53.42205323193917,Moderate
2026-01-10 22:00:00,19.9,49.0,989.6,26.6,295.0,0.0,8.948,openaq_ground,49.44444444444444,Good
2026-01-10 23:00:00,19.5,51.0,989.8,23.7,295.0,0.0,4.0054,openaq_ground,22.22222222222222,Good
2026-01-11 00:00:00,23.5,38.0,989.3,24.0,278.0,0.0,4.2944,openaq_ground,23.333333333333332,Good
2026-01-11 01:00:00,21.9,44.0,989.9,24.1,263.0,0.0,0.99786,openaq_ground,5.0,Good
2026-01-11 02:00:00,20.4,47.0,990.6,25.7,251.0,0.0,0.0272,openaq_ground,0.0,Good
2026-01-11 03:00:00,17.7,61.0,991.5,26.2,259.0,0.0,0.1828,openaq_ground,0.5555555555555556,Good
2026-01-11 04:00:00,16.5,65.0,991.9,23.7,243.0,0.0,0.2355999999999999,openaq_ground,1.1111111111111112,Good
2026-01-11 05:00:00,14.8,71.0,992.6,25.1,253.0,0.0,0.5227999999999999,openaq_ground,2.7777777777777777,Good
2026-01-11 06:00:00,14.6,68.0,993.5,28.0,250.0,0.0,0.4221999999999999,openaq_ground,2.2222222222222223,Good
2026-01-11 07:00:00,13.4,68.0,994.6,27.0,245.0,0.1,0.3498,openaq_ground,1.6666666666666665,Good
2026-01-11 08:00:00,12.0,72.0,996.4,24.9,247.0,0.1,0.471,openaq_ground,2.2222222222222223,Good
2026-01-11 09:00:00,11.3,71.0,997.5,25.8,243.0,0.0,0.4544,openaq_ground,2.2222222222222223,Good
2026-01-11 10:00:00,10.6,72.0,998.7,22.5,246.0,0.0,0.34554,openaq_ground,1.6666666666666665,Good
2026-01-11 11:00:00,10.0,75.0,999.3,23.7,250.0,0.0,0.285,openaq_ground,1.1111111111111112,Good
2026-01-11 12:00:00,9.8,71.0,1000.6,24.5,257.0,0.0,0.1734,openaq_ground,0.5555555555555556,Good
2026-01-11 13:00:00,9.8,71.0,1001.2,23.6,263.0,0.0,0.2568,openaq_ground,1.1111111111111112,Good
2026-01-11 14:00:00,9.6,72.0,1002.3,25.0,259.0,0.0,0.2339999999999999,openaq_ground,1.1111111111111112,Good
2026-01-11 15:00:00,9.3,73.0,1003.2,27.6,260.0,0.0,0.1988,openaq_ground,0.5555555555555556,Good
2026-01-11 16:00:00,8.8,73.0,1004.1,30.5,257.0,0.0,0.1119,openaq_ground,0.5555555555555556,Good
2026-01-11 17:00:00,8.6,73.0,1005.4,30.0,256.0,0.0,0.09186,openaq_ground,0.0,Good
2026-01-11 18:00:00,8.7,73.0,1006.8,26.7,260.0,0.0,0.138744,openaq_ground,0.5555555555555556,Good
2026-01-11 19:00:00,9.5,70.0,1007.6,25.9,260.0,0.0,0.1473999999999999,openaq_ground,0.5555555555555556,Good
2026-01-11 20:00:00,10.3,68.0,1008.8,27.5,261.0,0.0,0.067366,openaq_ground,0.0,Good
2026-01-11 21:00:00,11.1,66.0,1009.6,29.5,255.0,0.0,0.04656,openaq_ground,0.0,Good
2026-01-11 22:00:00,12.2,60.0,1010.2,30.2,253.0,0.0,0.01496,openaq_ground,0.0,Good
2026-01-11 23:00:00,13.0,56.0,1010.8,30.2,250.0,0.1,0.0149659999999999,openaq_ground,0.0,Good
2026-01-12 00:00:00,14.7,48.0,1010.6,29.9,254.0,0.0,0.01228,openaq_ground,0.0,Good
2026-01-12 01:00:00,15.2,47.0,1010.5,29.2,253.0,0.0,0.03898,openaq_ground,0.0,Good
2026-01-12 02:00:00,15.3,50.0,1010.9,26.4,252.0,0.0,0.3146,openaq_ground,1.6666666666666665,Good
2026-01-12 03:00:00,15.2,57.0,1011.1,22.5,243.0,0.0,0.10296,openaq_ground,0.5555555555555556,Good
2026-01-12 04:00:00,14.9,61.0,1011.3,25.0,248.0,0.0,0.2952,openaq_ground,1.1111111111111112,Good
2026-01-12 05:00:00,15.1,63.0,1011.5,23.8,251.0,0.0,0.434,openaq_ground,2.2222222222222223,Good
2026-01-12 06:00:00,14.9,63.0,1011.5,22.1,235.0,0.0,0.5,openaq_ground,2.7777777777777777,Good
2026-01-12 07:00:00,14.5,65.0,1011.7,21.2,230.0,0.0,0.4344,openaq_ground,2.2222222222222223,Good
2026-01-12 08:00:00,13.4,69.0,1012.6,11.9,247.0,0.0,0.6284,openaq_ground,3.333333333333333,Good
2026-01-12 09:00:00,12.1,78.0,1013.6,7.0,26.0,0.0,0.777,openaq_ground,3.8888888888888884,Good
2026-01-12 10:00:00,11.8,79.0,1013.9,8.4,42.0,0.0,0.5446,openaq_ground,2.7777777777777777,Good
2026-01-12 11:00:00,11.0,81.0,1013.8,7.9,12.0,0.0,0.4566,openaq_ground,2.2222222222222223,Good
2026-01-12 12:00:00,10.0,83.0,1013.6,9.7,3.0,0.0,0.5132059999999999,openaq_ground,2.7777777777777777,Good
2026-01-12 13:00:00,8.6,88.0,1013.6,6.3,358.0,0.0,0.359,openaq_ground,1.6666666666666665,Good
2026-01-12 14:00:00,7.6,91.0,1013.5,7.9,1.0,0.0,0.4408,openaq_ground,2.2222222222222223,Good
2026-01-12 15:00:00,7.9,87.0,1012.9,11.3,360.0,0.0,0.4093,openaq_ground,2.2222222222222223,Good
2026-01-12 16:00:00,8.2,85.0,1012.7,11.2,355.0,0.0,0.1432999999999999,openaq_ground,0.5555555555555556,Good
2026-01-12 17:00:00,8.0,86.0,1012.6,10.3,355.0,0.0,0.12336,openaq_ground,0.5555555555555556,Good
2026-01-12 18:00:00,9.0,82.0,1013.0,10.7,353.0,0.0,0.4008,openaq_ground,2.2222222222222223,Good
2026-01-12 19:00:00,11.5,80.0,1012.8,7.4,356.0,0.0,0.7397600000000001,openaq_ground,3.8888888888888884,Good
2026-01-12 20:00:00,14.7,71.0,1012.3,5.3,12.0,0.0,0.2693,openaq_ground,1.1111111111111112,Good
2026-01-12 21:00:00,16.4,59.0,1012.3,3.8,343.0,0.0,0.15526,openaq_ground,0.5555555555555556,Good
2026-01-12 22:00:00,17.8,54.0,1012.0,1.1,252.0,0.0,0.143,openaq_ground,0.5555555555555556,Good
2026-01-12 23:00:00,18.7,48.0,1011.3,1.6,153.0,0.0,0.2754,openaq_ground,1.1111111111111112,Good
2026-01-13 00:00:00,18.5,54.0,1010.7,10.9,102.0,0.0,0.253,openaq_ground,1.1111111111111112,Good
2026-01-13 01:00:00,18.2,57.0,1010.3,13.4,94.0,0.0,0.0784,openaq_ground,0.0,Good
2026-01-13 02:00:00,17.2,62.0,1010.0,16.3,71.0,0.0,0.178,openaq_ground,0.5555555555555556,Good
2026-01-13 03:00:00,17.3,59.0,1009.2,16.5,38.0,0.0,0.06514,openaq_ground,0.0,Good
2026-01-13 04:00:00,17.5,58.0,1008.8,16.8,33.0,0.0,0.06884,openaq_ground,0.0,Good
2026-01-13 05:00:00,16.4,61.0,1008.8,11.2,24.0,0.0,0.221,openaq_ground,1.1111111111111112,Good
2026-01-13 06:00:00,15.2,63.0,1009.4,10.3,23.0,0.0,0.6156,openaq_ground,3.333333333333333,Good
2026-01-13 07:00:00,14.7,69.0,1009.3,5.0,358.0,0.0,0.7444660000000001,openaq_ground,3.8888888888888884,Good
2026-01-13 08:00:00,14.3,71.0,1009.1,5.8,34.0,0.0,0.8160000000000001,openaq_ground,4.444444444444445,Good
2026-01-13 09:00:00,13.7,73.0,1009.2,8.6,22.0,0.0,0.9302,openaq_ground,5.0,Good
2026-01-13 10:00:00,13.4,77.0,1009.7,7.1,6.0,0.0,0.942,openaq_ground,5.0,Good
2026-01-13 11:00:00,13.1,80.0,1009.5,7.7,1.0,0.0,0.33656,openaq_ground,1.6666666666666665,Good
2026-01-13 12:00:00,12.3,88.0,1009.3,4.2,10.0,0.0,0.079,openaq_ground,0.0,Good
2026-01-13 13:00:00,12.0,88.0,1008.9,8.0,10.0,0.0,0.021686,openaq_ground,0.0,Good
2026-01-13 14:00:00,11.3,89.0,1008.5,8.3,2.0,0.0,0.06506,openaq_ground,0.0,Good
2026-01-13 15:00:00,10.9,88.0,1008.1,7.5,349.0,0.0,0.6548999999999999,openaq_ground,3.333333333333333,Good
2026-01-13 16:00:00,10.6,87.0,1007.9,8.4,341.0,0.0,0.0272399999999999,openaq_ground,0.0,Good
2026-01-13 17:00:00,10.3,87.0,1008.1,7.7,335.0,0.0,0.0973,openaq_ground,0.0,Good
2026-01-13 18:00:00,10.7,86.0,1008.5,7.5,339.0,0.0,0.4876,openaq_ground,2.2222222222222223,Good
2026-01-13 19:00:00,12.7,84.0,1008.7,5.1,324.0,0.0,0.1115,openaq_ground,0.5555555555555556,Good
2026-01-13 20:00:00,15.0,75.0,1009.1,3.1,246.0,0.0,0.5578000000000001,openaq_ground,2.7777777777777777,Good
2026-01-13 21:00:00,15.0,77.0,1009.7,8.9,207.0,0.0,0.8997999999999999,openaq_ground,4.444444444444445,Good
2026-01-13 22:00:00,14.5,74.0,1009.7,9.2,201.0,0.0,1.0058,openaq_ground,5.555555555555555,Good
2026-01-13 23:00:00,15.7,68.0,1009.8,9.8,218.0,0.0,0.2182,openaq_ground,1.1111111111111112,Good
2026-01-14 00:00:00,15.7,72.0,1009.5,8.8,191.0,0.0,0.2582,openaq_ground,1.1111111111111112,Good
2026-01-14 01:00:00,15.6,73.0,1009.5,9.2,176.0,0.0,0.0656,openaq_ground,0.0,Good
2026-01-14 02:00:00,14.7,79.0,1009.6,9.3,162.0,0.1,0.0929,openaq_ground,0.0,Good
2026-01-14 03:00:00,14.1,82.0,1010.0,9.3,170.0,0.2,0.183,openaq_ground,0.5555555555555556,Good
2026-01-14 04:00:00,13.5,84.0,1010.2,9.5,165.0,0.1,1.0148,openaq_ground,5.555555555555555,Good
2026-01-14 05:00:00,13.1,83.0,1010.4,8.1,163.0,0.0,3.2554000000000003,openaq_ground,17.77777777777778,Good
2026-01-14 06:00:00,12.7,85.0,1010.8,7.9,160.0,0.0,1.340866,openaq_ground,7.222222222222222,Good
2026-01-14 07:00:00,12.4,86.0,1011.4,8.4,170.0,0.1,0.8506,openaq_ground,4.444444444444445,Good
2026-01-14 08:00:00,12.1,87.0,1012.0,8.5,159.0,0.1,0.6496000000000001,openaq_ground,3.333333333333333,Good
2026-01-14 09:00:00,11.8,88.0,1012.7,7.9,145.0,0.1,1.2781999999999998,openaq_ground,6.666666666666666,Good
2026-01-14 10:00:00,11.7,86.0,1012.9,7.3,134.0,0.0,1.164,openaq_ground,6.111111111111112,Good
2026-01-14 11:00:00,11.5,86.0,1012.9,6.8,125.0,0.0,0.7894,openaq_ground,3.8888888888888884,Good
2026-01-14 12:00:00,11.3,88.0,1013.2,6.6,111.0,0.0,0.513,openaq_ground,2.7777777777777777,Good
2026-01-14 13:00:00,11.3,89.0,1013.0,7.5,105.0,0.1,0.4211999999999999,openaq_ground,2.2222222222222223,Good
2026-01-14 14:00:00,11.1,90.0,1012.8,8.1,96.0,0.0,0.3116,openaq_ground,1.6666666666666665,Good
2026-01-14 15:00:00,11.1,90.0,1012.5,8.5,92.0,0.0,0.4914659999999999,openaq_ground,2.2222222222222223,Good
2026-01-14 16:00:00,11.1,90.0,1012.3,8.8,92.0,0.0,0.611166,openaq_ground,3.333333333333333,Good
2026-01-14 17:00:00,11.1,90.0,1012.3,8.8,94.0,0.0,0.78836,openaq_ground,3.8888888888888884,Good
2026-01-14 18:00:00,11.1,90.0,1012.9,10.7,97.0,0.0,0.7233,openaq_ground,3.8888888888888884,Good
2026-01-14 19:00:00,11.3,88.0,1013.1,12.0,98.0,0.1,0.89266,openaq_ground,4.444444444444445,Good
2026-01-14 20:00:00,11.5,85.0,1013.3,13.0,93.0,0.1,0.958,openaq_ground,5.0,Good
2026-01-14 21:00:00,11.8,84.0,1013.6,15.8,88.0,0.1,1.058,openaq_ground,5.555555555555555,Good
2026-01-14 22:00:00,11.8,85.0,1013.7,16.8,85.0,0.3,1.3094,openaq_ground,7.222222222222222,Good
2026-01-14 23:00:00,12.2,83.0,1013.4,19.1,87.0,0.2,1.08,openaq_ground,5.555555555555555,Good
2026-01-15 00:00:00,12.3,80.0,1013.3,20.1,85.0,0.0,1.2077,openaq_ground,6.666666666666666,Good
2026-01-15 01:00:00,12.8,78.0,1012.8,21.3,81.0,0.1,1.188,openaq_ground,6.111111111111112,Good
2026-01-15 02:00:00,13.3,76.0,1012.6,22.2,78.0,0.0,1.519132,openaq_ground,8.333333333333332,Good
2026-01-15 03:00:00,13.2,77.0,1012.2,23.0,76.0,0.1,1.85836,openaq_ground,10.0,Good
2026-01-15 04:00:00,13.1,79.0,1012.0,22.0,75.0,0.1,2.05734,openaq_ground,11.11111111111111,Good
2026-01-15 05:00:00,13.0,81.0,1011.4,21.6,73.0,0.1,1.956,openaq_ground,10.555555555555555,Good
2026-01-15 06:00:00,12.9,82.0,1011.2,22.1,68.0,0.1,1.88914,openaq_ground,10.0,Good
2026-01-15 07:00:00,12.6,85.0,1011.1,20.7,67.0,0.1,1.67366,openaq_ground,8.88888888888889,Good
2026-01-15 08:00:00,12.4,88.0,1011.2,19.8,65.0,0.1,1.84924,openaq_ground,10.0,Good
2026-01-15 09:00:00,12.2,90.0,1011.5,19.3,66.0,0.1,1.3541599999999998,openaq_ground,7.222222222222222,Good
2026-01-15 10:00:00,12.1,91.0,1011.1,19.9,64.0,0.3,0.7455999999999999,openaq_ground,3.8888888888888884,Good
2026-01-15 11:00:00,11.9,93.0,1010.7,19.1,58.0,0.6,1.48014,openaq_ground,7.777777777777777,Good
2026-01-15 12:00:00,11.6,95.0,1010.5,17.4,60.0,0.5,1.4589,openaq_ground,7.777777777777777,Good
2026-01-15 13:00:00,11.4,97.0,1009.9,16.3,62.0,1.1,1.5028659999999998,openaq_ground,8.333333333333332,Good
2026-01-15 14:00:00,11.4,97.0,1009.3,15.9,68.0,0.8,1.3028,openaq_ground,7.222222222222222,Good
2026-01-15 15:00:00,11.3,97.0,1008.9,15.1,75.0,0.8,1.25304,openaq_ground,6.666666666666666,Good
2026-01-15 16:00:00,11.1,97.0,1008.6,14.6,80.0,0.7,1.08476,openaq_ground,5.555555555555555,Good
2026-01-15 17:00:00,10.9,97.0,1008.4,15.1,82.0,0.4,1.1067,openaq_ground,6.111111111111112,Good
2026-01-15 18:00:00,10.8,94.0,1008.6,13.7,79.0,0.3,1.15586,openaq_ground,6.111111111111112,Good
2026-01-15 19:00:00,10.7,96.0,1008.6,12.3,82.0,0.5,1.457666,openaq_ground,7.777777777777777,Good
2026-01-15 20:00:00,10.7,97.0,1009.1,12.8,86.0,0.7,1.5064,openaq_ground,8.333333333333332,Good
2026-01-15 21:00:00,10.7,96.0,1009.3,12.2,89.0,0.7,1.12594,openaq_ground,6.111111111111112,Good
2026-01-15 22:00:00,11.0,94.0,1009.2,11.2,94.0,0.7,1.7208,openaq_ground,9.444444444444445,Good
2026-01-15 23:00:00,11.1,91.0,1009.3,11.4,109.0,0.4,1.35734,openaq_ground,7.222222222222222,Good
2026-01-16 00:00:00,11.7,87.0,1009.4,12.5,110.0,0.5,1.14824,openaq_ground,6.111111111111112,Good
2026-01-16 01:00:00,12.1,85.0,1009.3,13.4,116.0,0.4,1.42662,openaq_ground,7.777777777777777,Good
2026-01-16 02:00:00,12.5,80.0,1009.2,14.5,129.0,0.3,1.13736,openaq_ground,6.111111111111112,Good
2026-01-16 03:00:00,12.6,77.0,1009.3,15.4,139.0,0.2,1.162,openaq_ground,6.111111111111112,Good
2026-01-16 04:00:00,11.8,84.0,1009.6,16.5,143.0,0.4,1.138,openaq_ground,6.111111111111112,Good
2026-01-16 05:00:00,11.8,82.0,1009.6,16.1,149.0,0.2,1.1951,openaq_ground,6.111111111111112,Good
2026-01-16 06:00:00,11.4,82.0,1010.0,16.9,153.0,0.3,1.592,openaq_ground,8.333333333333332,Good
2026-01-16 07:00:00,11.0,83.0,1010.5,15.6,154.0,0.3,1.162618,openaq_ground,6.111111111111112,Good
2026-01-16 08:00:00,10.8,82.0,1011.3,13.7,166.0,0.2,1.236,openaq_ground,6.666666666666666,Good
2026-01-16 09:00:00,10.5,79.0,1012.2,13.2,173.0,0.1,1.472,openaq_ground,7.777777777777777,Good
2026-01-16 10:00:00,10.3,77.0,1012.8,12.7,187.0,0.1,0.7934,openaq_ground,3.8888888888888884,Good
2026-01-16 11:00:00,10.0,78.0,1013.2,12.2,188.0,0.0,0.8048,openaq_ground,4.444444444444445,Good
2026-01-16 12:00:00,9.7,83.0,1013.8,11.9,191.0,0.1,0.5948,openaq_ground,2.7777777777777777,Good
2026-01-16 13:00:00,9.1,90.0,1013.9,10.0,203.0,0.4,0.5378000000000001,openaq_ground,2.7777777777777777,Good
2026-01-16 14:00:00,9.3,89.0,1013.9,10.1,211.0,0.3,0.3738,openaq_ground,1.6666666666666665,Good
2026-01-16 15:00:00,9.2,89.0,1014.3,10.9,220.0,0.4,0.4362,openaq_ground,2.2222222222222223,Good
2026-01-16 16:00:00,8.8,94.0,1014.8,10.5,218.0,0.7,0.3588,openaq_ground,1.6666666666666665,Good
2026-01-16 17:00:00,9.1,93.0,1015.3,10.4,222.0,0.7,0.2218,openaq_ground,1.1111111111111112,Good
2026-01-16 18:00:00,9.1,95.0,1016.1,13.5,221.0,0.1,0.1166999999999999,openaq_ground,0.5555555555555556,Good
2026-01-16 19:00:00,9.3,94.0,1016.9,14.1,215.0,0.4,0.042425,openaq_ground,0.0,Good
2026-01-16 20:00:00,9.8,90.0,1017.4,15.5,206.0,0.7,0.068175,openaq_ground,0.0,Good
2026-01-16 21:00:00,10.6,87.0,1017.8,16.2,193.0,0.6,0.02155,openaq_ground,0.0,Good
2026-01-16 22:00:00,11.3,80.0,1018.1,17.5,182.0,0.3,0.015975,openaq_ground,0.0,Good
2026-01-16 23:00:00,12.1,73.0,1018.4,18.0,189.0,0.1,0.0319425,openaq_ground,0.0,Good
2026-01-17 00:00:00,11.6,71.0,1019.1,15.9,193.0,0.1,0.01455,openaq_ground,0.0,Good
2026-01-17 01:00:00,11.7,70.0,1019.3,16.0,195.0,0.1,0.0541325,openaq_ground,0.0,Good
2026-01-17 02:00:00,12.1,68.0,1019.3,14.5,194.0,0.0,0.0660825,openaq_ground,0.0,Good
2026-01-17 03:00:00,12.5,66.0,1019.3,14.5,192.0,0.0,0.038925,openaq_ground,0.0,Good
2026-01-17 04:00:00,12.2,67.0,1019.7,15.9,190.0,0.0,0.1334,openaq_ground,0.5555555555555556,Good
2026-01-17 05:00:00,12.1,67.0,1019.9,14.8,190.0,0.0,0.175,openaq_ground,0.5555555555555556,Good
2026-01-17 06:00:00,11.8,68.0,1019.9,13.3,188.0,0.0,0.3462,openaq_ground,1.6666666666666665,Good
2026-01-17 07:00:00,11.4,68.0,1020.5,11.8,188.0,0.0,0.224,openaq_ground,1.1111111111111112,Good
2026-01-17 08:00:00,10.9,73.0,1021.1,8.8,189.0,0.0,0.6135999999999999,openaq_ground,3.333333333333333,Good
2026-01-17 09:00:00,10.0,77.0,1022.1,5.4,188.0,0.0,2.0754,openaq_ground,11.11111111111111,Good
2026-01-17 10:00:00,8.9,82.0,1022.7,3.7,194.0,0.0,2.4666,openaq_ground,13.333333333333332,Good
2026-01-17 11:00:00,9.1,81.0,1023.0,3.1,216.0,0.0,2.8698,openaq_ground,15.555555555555554,Good
2026-01-17 12:00:00,9.5,82.0,1023.4,1.6,243.0,0.0,0.6956,openaq_ground,3.333333333333333,Good
2026-01-17 13:00:00,8.7,85.0,1023.3,1.9,319.0,0.0,0.4444,openaq_ground,2.2222222222222223,Good
2026-01-17 14:00:00,8.0,88.0,1023.2,3.9,336.0,0.0,0.20884,openaq_ground,1.1111111111111112,Good
2026-01-17 15:00:00,7.1,90.0,1023.1,4.8,338.0,0.0,0.13724,openaq_ground,0.5555555555555556,Good
2026-01-17 16:00:00,6.4,92.0,1023.3,6.2,345.0,0.0,0.2272,openaq_ground,1.1111111111111112,Good
2026-01-17 17:00:00,5.6,94.0,1023.4,6.6,347.0,0.0,0.2477999999999999,openaq_ground,1.1111111111111112,Good
2026-01-17 18:00:00,6.5,91.0,1023.9,7.6,345.0,0.0,0.2627,openaq_ground,1.1111111111111112,Good
2026-01-17 19:00:00,8.9,86.0,1024.2,6.6,344.0,0.0,0.3644,openaq_ground,1.6666666666666665,Good
2026-01-17 20:00:00,10.8,77.0,1024.8,0.9,323.0,0.0,0.2244,openaq_ground,1.1111111111111112,Good
2026-01-17 21:00:00,11.5,74.0,1025.1,5.3,145.0,0.0,0.385,openaq_ground,1.6666666666666665,Good
2026-01-17 22:00:00,11.9,74.0,1025.2,7.6,142.0,0.1,0.4866,openaq_ground,2.2222222222222223,Good
2026-01-17 23:00:00,12.5,71.0,1025.4,8.1,121.0,0.0,0.603,openaq_ground,3.333333333333333,Good
2026-01-18 00:00:00,13.3,70.0,1025.0,8.6,102.0,0.0,0.7939999999999999,openaq_ground,3.8888888888888884,Good
2026-01-18 01:00:00,14.5,65.0,1024.5,9.3,99.0,0.0,1.162,openaq_ground,6.111111111111112,Good
2026-01-18 02:00:00,14.8,64.0,1024.4,13.0,93.0,0.0,0.4516,openaq_ground,2.2222222222222223,Good
2026-01-18 03:00:00,14.8,63.0,1024.1,15.2,80.0,0.0,0.7468,openaq_ground,3.8888888888888884,Good
2026-01-18 04:00:00,14.5,64.0,1024.0,16.2,69.0,0.0,0.3434,openaq_ground,1.6666666666666665,Good
2026-01-18 05:00:00,14.0,66.0,1023.7,17.1,64.0,0.0,0.2586,openaq_ground,1.1111111111111112,Good
2026-01-18 06:00:00,13.9,68.0,1023.6,16.9,61.0,0.0,0.05826,openaq_ground,0.0,Good
2026-01-18 07:00:00,13.1,71.0,1023.6,17.8,54.0,0.0,0.03332,openaq_ground,0.0,Good
2026-01-18 08:00:00,12.1,75.0,1024.1,16.6,49.0,0.0,0.14714,openaq_ground,0.5555555555555556,Good
2026-01-18 09:00:00,11.2,79.0,1024.6,15.4,42.0,0.0,0.06726,openaq_ground,0.0,Good
2026-01-18 10:00:00,11.1,80.0,1024.7,16.3,35.0,0.0,0.02004,openaq_ground,0.0,Good
2026-01-18 11:00:00,10.7,81.0,1024.3,14.9,34.0,0.0,0.02006,openaq_ground,0.0,Good
2026-01-18 12:00:00,10.1,83.0,1024.0,12.4,31.0,0.0,0.01502,openaq_ground,0.0,Good
2026-01-18 13:00:00,9.8,84.0,1023.6,10.6,32.0,0.0,0.0127599999999999,openaq_ground,0.0,Good
2026-01-18 14:00:00,9.2,86.0,1023.5,9.1,34.0,0.0,0.01448,openaq_ground,0.0,Good
2026-01-18 15:00:00,9.1,85.0,1023.1,9.3,34.0,0.0,0.05574,openaq_ground,0.0,Good
2026-01-18 16:00:00,9.1,83.0,1022.7,9.6,38.0,0.0,0.07894,openaq_ground,0.0,Good
2026-01-18 17:00:00,8.9,83.0,1022.5,9.9,37.0,0.0,0.1028,openaq_ground,0.5555555555555556,Good
2026-01-18 18:00:00,8.5,84.0,1022.4,8.7,30.0,0.0,0.3236,openaq_ground,1.6666666666666665,Good
2026-01-18 19:00:00,10.5,81.0,1022.6,7.6,43.0,0.0,0.1439,openaq_ground,0.5555555555555556,Good
2026-01-18 20:00:00,12.7,75.0,1022.4,9.5,44.0,0.0,0.12784,openaq_ground,0.5555555555555556,Good
2026-01-18 21:00:00,14.4,66.0,1022.0,12.6,44.0,0.0,0.14104,openaq_ground,0.5555555555555556,Good
2026-01-18 22:00:00,15.3,65.0,1022.1,14.5,53.0,0.0,0.2076,openaq_ground,1.1111111111111112,Good
2026-01-18 23:00:00,16.0,64.0,1021.9,16.9,51.0,0.0,0.194,openaq_ground,0.5555555555555556,Good
2026-01-19 00:00:00,17.1,63.0,1021.4,15.8,56.0,0.0,0.2934,openaq_ground,1.1111111111111112,Good
2026-01-19 01:00:00,17.5,63.0,1021.1,16.4,59.0,0.0,0.4067999999999999,openaq_ground,2.2222222222222223,Good
2026-01-19 02:00:00,17.3,64.0,1020.9,17.3,67.0,0.0,0.528,openaq_ground,2.7777777777777777,Good
2026-01-19 03:00:00,16.7,64.0,1020.7,18.1,67.0,0.0,0.5468,openaq_ground,2.7777777777777777,Good
2026-01-19 04:00:00,16.3,66.0,1020.3,17.2,62.0,0.0,0.4782,openaq_ground,2.2222222222222223,Good
2026-01-19 05:00:00,15.8,66.0,1020.2,16.4,61.0,0.0,0.6768000000000001,openaq_ground,3.333333333333333,Good
2026-01-19 06:00:00,15.3,70.0,1020.3,16.6,61.0,0.0,0.764,openaq_ground,3.8888888888888884,Good
2026-01-19 07:00:00,14.3,73.0,1020.4,15.0,60.0,0.0,0.806,openaq_ground,4.444444444444445,Good
2026-01-19 08:00:00,13.0,79.0,1020.9,12.5,60.0,0.0,0.751166,openaq_ground,3.8888888888888884,Good
2026-01-19 09:00:00,11.8,83.0,1021.5,9.9,55.0,0.0,0.7614000000000001,openaq_ground,3.8888888888888884,Good
2026-01-19 10:00:00,11.0,86.0,1021.5,8.8,49.0,0.0,0.6836,openaq_ground,3.333333333333333,Good
2026-01-19 11:00:00,10.4,89.0,1021.5,7.5,42.0,0.0,0.5978,openaq_ground,2.7777777777777777,Good
2026-01-19 12:00:00,9.8,93.0,1021.1,6.7,31.0,0.0,0.6788000000000001,openaq_ground,3.333333333333333,Good
2026-01-19 13:00:00,9.4,93.0,1020.7,6.3,24.0,0.0,0.5964,openaq_ground,2.7777777777777777,Good
2026-01-19 14:00:00,9.0,94.0,1020.4,5.0,26.0,0.0,0.5730000000000001,openaq_ground,2.7777777777777777,Good
2026-01-19 15:00:00,8.9,95.0,1019.9,5.0,35.0,0.0,0.7550000000000001,openaq_ground,3.8888888888888884,Good
2026-01-19 16:00:00,9.1,94.0,1019.7,5.1,36.0,0.0,0.6851,openaq_ground,3.333333333333333,Good
2026-01-19 17:00:00,9.5,93.0,1019.7,5.4,37.0,0.0,0.6728,openaq_ground,3.333333333333333,Good
2026-01-19 18:00:00,10.8,87.0,1019.8,6.5,30.0,0.0,0.7036,openaq_ground,3.8888888888888884,Good
2026-01-19 19:00:00,11.6,80.0,1019.7,7.8,48.0,0.0,0.766,openaq_ground,3.8888888888888884,Good
2026-01-19 20:00:00,12.2,75.0,1019.6,9.9,55.0,0.0,0.782,openaq_ground,3.8888888888888884,Good
2026-01-19 21:00:00,13.0,72.0,1019.5,10.4,58.0,0.0,0.8099999999999999,openaq_ground,4.444444444444445,Good
2026-01-19 22:00:00,13.3,71.0,1019.1,10.1,63.0,0.0,0.732,openaq_ground,3.8888888888888884,Good
2026-01-19 23:00:00,14.1,69.0,1018.5,10.8,64.0,0.0,0.6682,openaq_ground,3.333333333333333,Good
2026-01-20 00:00:00,14.9,66.0,1018.2,11.9,87.0,0.0,0.5878,openaq_ground,2.7777777777777777,Good
2026-01-20 01:00:00,15.4,64.0,1017.9,14.9,78.0,0.0,0.5742,openaq_ground,2.7777777777777777,Good
2026-01-20 02:00:00,15.3,63.0,1017.3,17.3,71.0,0.0,0.5857760000000001,openaq_ground,2.7777777777777777,Good
2026-01-20 03:00:00,14.9,63.0,1016.8,18.4,69.0,0.0,0.5621400000000001,openaq_ground,2.7777777777777777,Good
2026-01-20 04:00:00,14.7,63.0,1016.4,18.6,67.0,0.0,0.674,openaq_ground,3.333333333333333,Good
2026-01-20 05:00:00,14.1,64.0,1016.1,18.6,59.0,0.0,0.8792,openaq_ground,4.444444444444445,Good
2026-01-20 06:00:00,14.5,64.0,1015.5,19.7,62.0,0.0,0.8006,openaq_ground,4.444444444444445,Good
2026-01-20 07:00:00,13.6,68.0,1015.3,19.2,55.0,0.0,0.7332,openaq_ground,3.8888888888888884,Good
2026-01-20 08:00:00,12.8,71.0,1015.2,18.3,54.0,0.0,0.8891,openaq_ground,4.444444444444445,Good
2026-01-20 09:00:00,12.5,71.0,1015.3,18.3,52.0,0.0,0.765,openaq_ground,3.8888888888888884,Good
2026-01-20 10:00:00,12.0,73.0,1014.9,18.4,48.0,0.0,0.772,openaq_ground,3.8888888888888884,Good
2026-01-20 11:00:00,12.1,73.0,1014.3,19.5,48.0,0.0,0.7668,openaq_ground,3.8888888888888884,Good
2026-01-20 12:00:00,12.0,74.0,1013.6,21.4,44.0,0.0,0.6378,openaq_ground,3.333333333333333,Good
2026-01-20 13:00:00,12.0,74.0,1013.0,21.1,45.0,0.0,0.8160000000000001,openaq_ground,4.444444444444445,Good
2026-01-20 14:00:00,12.2,74.0,1012.3,21.1,43.0,0.0,0.8100000000000002,openaq_ground,4.444444444444445,Good
2026-01-20 15:00:00,12.2,73.0,1011.4,20.9,42.0,0.0,0.849666,openaq_ground,4.444444444444445,Good
2026-01-20 16:00:00,12.2,78.0,1010.7,20.5,45.0,0.0,1.06624,openaq_ground,5.555555555555555,Good
2026-01-20 17:00:00,12.0,76.0,1010.2,22.5,43.0,0.0,1.47048,openaq_ground,7.777777777777777,Good
2026-01-20 18:00:00,11.9,75.0,1009.8,24.5,43.0,0.0,0.9071,openaq_ground,5.0,Good
2026-01-20 19:00:00,12.3,76.0,1009.5,26.6,41.0,0.0,0.6456,openaq_ground,3.333333333333333,Good
2026-01-20 20:00:00,13.2,71.0,1008.9,29.1,40.0,0.0,0.4322,openaq_ground,2.2222222222222223,Good
2026-01-20 21:00:00,13.9,68.0,1008.4,31.3,41.0,0.0,0.3718,openaq_ground,1.6666666666666665,Good
2026-01-20 22:00:00,14.3,64.0,1007.9,32.6,40.0,0.0,0.5871999999999999,openaq_ground,2.7777777777777777,Good
2026-01-20 23:00:00,15.6,58.0,1007.5,34.6,36.0,0.0,0.5896,openaq_ground,2.7777777777777777,Good
2026-01-21 00:00:00,16.2,58.0,1006.2,37.2,33.0,0.0,0.634934,openaq_ground,3.333333333333333,Good
2026-01-21 01:00:00,15.7,63.0,1005.7,35.1,32.0,0.0,0.7289,openaq_ground,3.8888888888888884,Good
2026-01-21 02:00:00,15.4,69.0,1005.2,37.2,36.0,0.0,0.1334,openaq_ground,0.5555555555555556,Good
2026-01-21 03:00:00,14.7,75.0,1004.3,37.9,37.0,0.0,0.1894,openaq_ground,0.5555555555555556,Good
2026-01-21 04:00:00,14.7,77.0,1003.8,37.1,33.0,0.1,0.3116,openaq_ground,1.6666666666666665,Good
2026-01-21 05:00:00,14.8,78.0,1003.0,36.3,35.0,0.0,0.2458,openaq_ground,1.1111111111111112,Good
2026-01-21 06:00:00,14.0,92.0,1002.0,31.7,39.0,0.0,0.354,openaq_ground,1.6666666666666665,Good
2026-01-21 07:00:00,13.8,92.0,1001.5,29.8,39.0,0.1,0.604686,openaq_ground,3.333333333333333,Good
2026-01-21 08:00:00,13.8,92.0,1001.5,30.6,37.0,0.1,1.111586,openaq_ground,6.111111111111112,Good
2026-01-21 09:00:00,13.8,92.0,1001.2,28.7,42.0,0.1,0.58128,openaq_ground,2.7777777777777777,Good
2026-01-21 10:00:00,13.8,93.0,1000.8,26.5,41.0,0.1,0.46326,openaq_ground,2.2222222222222223,Good
2026-01-21 11:00:00,13.7,94.0,1000.2,26.0,43.0,0.2,0.252818,openaq_ground,1.1111111111111112,Good
2026-01-21 12:00:00,14.1,94.0,999.1,24.4,44.0,1.9,0.5947,openaq_ground,2.7777777777777777,Good
2026-01-21 13:00:00,14.1,95.0,998.3,22.4,46.0,0.3,0.34404,openaq_ground,1.6666666666666665,Good
2026-01-21 14:00:00,14.2,95.0,997.4,17.7,47.0,0.4,0.2262,openaq_ground,1.1111111111111112,Good
2026-01-21 15:00:00,14.5,96.0,996.6,20.2,43.0,0.7,0.12564,openaq_ground,0.5555555555555556,Good
2026-01-21 16:00:00,14.3,97.0,995.7,21.1,46.0,1.8,0.0798,openaq_ground,0.0,Good
2026-01-21 17:00:00,14.2,98.0,994.9,23.9,49.0,0.6,0.04112,openaq_ground,0.0,Good
2026-01-21 18:00:00,14.5,96.0,994.2,20.5,51.0,0.7,0.04992,openaq_ground,0.0,Good
2026-01-21 19:00:00,14.5,98.0,993.7,21.8,49.0,1.5,0.0328,openaq_ground,0.0,Good
2026-01-21 20:00:00,14.5,98.0,993.2,23.8,45.0,0.3,0.1261,openaq_ground,0.5555555555555556,Good
2026-01-21 21:00:00,14.9,98.0,993.2,23.1,40.0,0.5,0.1478,openaq_ground,0.5555555555555556,Good
2026-01-21 22:00:00,15.3,94.0,993.1,19.5,50.0,1.7,0.0806,openaq_ground,0.0,Good
2026-01-21 23:00:00,15.2,97.0,993.0,20.9,47.0,0.8,0.0802,openaq_ground,0.0,Good
2026-01-22 00:00:00,15.4,93.0,991.9,20.8,47.0,2.8,0.07456,openaq_ground,0.0,Good
2026-01-22 01:00:00,15.3,95.0,991.7,15.4,49.0,1.0,0.089,openaq_ground,0.0,Good
2026-01-22 02:00:00,15.0,98.0,991.2,15.1,51.0,1.3,0.0317,openaq_ground,0.0,Good
2026-01-22 03:00:00,15.4,98.0,990.8,15.1,54.0,1.0,0.19268,openaq_ground,0.5555555555555556,Good
2026-01-22 04:00:00,15.2,97.0,990.4,13.6,47.0,0.5,0.3243999999999999,openaq_ground,1.6666666666666665,Good
2026-01-22 05:00:00,14.9,99.0,989.9,12.2,53.0,1.7,0.0878,openaq_ground,0.0,Good
2026-01-22 06:00:00,14.8,97.0,989.9,6.2,57.0,0.8,0.07896,openaq_ground,0.0,Good
2026-01-22 07:00:00,14.8,98.0,989.5,5.1,48.0,0.4,0.160566,openaq_ground,0.5555555555555556,Good
2026-01-22 08:00:00,14.6,98.0,989.3,4.6,51.0,0.7,0.40888,openaq_ground,2.2222222222222223,Good
2026-01-22 09:00:00,14.4,98.0,989.4,2.6,16.0,0.7,0.09822,openaq_ground,0.0,Good
2026-01-22 10:00:00,14.2,99.0,989.2,1.9,287.0,0.6,0.69834,openaq_ground,3.333333333333333,Good
2026-01-22 11:00:00,14.1,100.0,989.1,9.3,246.0,0.2,3.5938000000000003,openaq_ground,19.444444444444443,Good
2026-01-22 12:00:00,13.0,99.0,988.6,17.7,228.0,0.1,3.2034000000000007,openaq_ground,17.77777777777778,Good
2026-01-22 13:00:00,12.8,99.0,988.1,14.7,227.0,0.0,2.358,openaq_ground,12.777777777777777,Good
2026-01-22 14:00:00,12.4,98.0,988.0,13.8,237.0,0.0,2.9834,openaq_ground,16.11111111111111,Good
2026-01-22 15:00:00,12.2,98.0,987.8,12.7,226.0,0.0,4.622,openaq_ground,25.555555555555554,Good
2026-01-22 16:00:00,11.8,98.0,987.3,12.9,227.0,0.0,4.914,openaq_ground,27.222222222222225,Good
2026-01-22 17:00:00,11.4,98.0,987.0,11.4,242.0,0.0,4.9528,openaq_ground,27.222222222222225,Good
2026-01-22 18:00:00,11.4,97.0,986.7,12.3,230.0,0.0,3.8128,openaq_ground,21.11111111111111,Good
2026-01-22 19:00:00,11.9,93.0,986.3,16.8,223.0,0.1,3.9378,openaq_ground,21.666666666666664,Good
2026-01-22 20:00:00,12.3,91.0,986.0,17.6,218.0,0.1,3.901,openaq_ground,21.666666666666664,Good
2026-01-22 21:00:00,12.7,87.0,986.0,18.7,212.0,0.3,3.3146,openaq_ground,18.333333333333332,Good
2026-01-22 22:00:00,12.6,87.0,985.7,17.9,208.0,0.1,2.9698,openaq_ground,16.11111111111111,Good
2026-01-22 23:00:00,12.6,86.0,985.5,19.8,205.0,0.2,3.685200000000001,openaq_ground,20.0,Good
2026-01-23 00:00:00,11.8,89.0,985.4,20.0,206.0,0.4,3.3728,openaq_ground,18.333333333333332,Good
2026-01-23 01:00:00,11.4,96.0,984.8,19.5,202.0,1.2,2.74334,openaq_ground,15.0,Good
2026-01-23 02:00:00,11.4,93.0,984.6,19.2,205.0,0.6,2.5942,openaq_ground,13.88888888888889,Good
2026-01-23 03:00:00,11.4,90.0,984.3,19.5,208.0,0.5,3.35696,openaq_ground,18.333333333333332,Good
2026-01-23 04:00:00,11.3,89.0,984.2,20.0,214.0,0.5,4.549,openaq_ground,25.0,Good
2026-01-23 05:00:00,11.1,90.0,983.9,21.3,212.0,0.1,3.9852,openaq_ground,21.666666666666664,Good
2026-01-23 06:00:00,11.0,90.0,984.0,18.0,216.0,0.1,3.39,openaq_ground,18.333333333333332,Good
2026-01-23 07:00:00,10.9,90.0,984.1,16.7,230.0,1.6,2.2463,openaq_ground,12.222222222222223,Good
2026-01-23 08:00:00,10.6,89.0,984.3,17.1,235.0,1.1,1.2784,openaq_ground,6.666666666666666,Good
2026-01-23 09:00:00,10.4,88.0,984.7,17.7,242.0,0.1,0.764,openaq_ground,3.8888888888888884,Good
2026-01-23 10:00:00,10.4,87.0,984.9,17.5,244.0,0.0,0.34284,openaq_ground,1.6666666666666665,Good
2026-01-23 11:00:00,10.3,86.0,984.7,18.9,251.0,0.0,0.248,openaq_ground,1.1111111111111112,Good
2026-01-23 12:00:00,10.1,83.0,984.9,19.8,243.0,0.0,0.09444,openaq_ground,0.0,Good
2026-01-23 13:00:00,9.9,84.0,984.5,19.8,253.0,0.0,0.5236,openaq_ground,2.7777777777777777,Good
2026-01-23 14:00:00,9.8,85.0,984.2,20.3,257.0,0.0,0.87334,openaq_ground,4.444444444444445,Good
2026-01-23 15:00:00,9.5,86.0,984.2,19.8,256.0,0.0,0.6596,openaq_ground,3.333333333333333,Good
2026-01-23 16:00:00,10.1,84.0,983.9,21.4,259.0,0.0,1.14724,openaq_ground,6.111111111111112,Good
2026-01-23 17:00:00,10.1,85.0,983.8,22.4,255.0,0.1,0.2705,openaq_ground,1.1111111111111112,Good
2026-01-23 18:00:00,10.1,91.0,983.6,22.5,254.0,0.5,0.5515,openaq_ground,2.7777777777777777,Good
2026-01-23 19:00:00,10.3,92.0,983.7,22.5,255.0,1.2,2.1043,openaq_ground,11.666666666666666,Good
2026-01-23 20:00:00,10.7,94.0,983.5,21.8,260.0,1.9,1.17876,openaq_ground,6.111111111111112,Good
2026-01-23 21:00:00,11.3,95.0,983.2,22.3,256.0,1.3,1.094,openaq_ground,5.555555555555555,Good
2026-01-23 22:00:00,11.4,96.0,983.5,26.4,246.0,1.6,0.40994,openaq_ground,2.2222222222222223,Good
2026-01-23 23:00:00,11.6,97.0,984.0,28.7,213.0,4.4,1.30994,openaq_ground,7.222222222222222,Good
2026-01-24 00:00:00,11.7,97.0,983.9,27.4,228.0,2.7,3.1954,openaq_ground,17.22222222222222,Good
2026-01-24 01:00:00,11.4,97.0,983.6,29.2,231.0,1.6,1.3538,openaq_ground,7.222222222222222,Good
2026-01-24 02:00:00,11.4,94.0,983.4,36.0,221.0,1.5,1.8676,openaq_ground,10.0,Good
2026-01-24 03:00:00,11.3,97.0,983.0,35.2,222.0,2.0,1.8613,openaq_ground,10.0,Good
2026-01-24 04:00:00,10.9,96.0,982.4,38.2,223.0,2.0,1.321366,openaq_ground,7.222222222222222,Good
2026-01-24 05:00:00,10.7,97.0,982.2,36.3,224.0,2.8,0.8647,openaq_ground,4.444444444444445,Good
2026-01-24 06:00:00,10.6,95.0,982.6,38.7,229.0,3.1,0.8593399999999999,openaq_ground,4.444444444444445,Good
2026-01-24 07:00:00,10.4,96.0,981.9,36.8,234.0,2.6,0.804875,openaq_ground,4.444444444444445,Good
2026-01-24 08:00:00,10.4,97.0,981.9,38.0,234.0,2.3,0.68175,openaq_ground,3.333333333333333,Good
2026-01-24 09:00:00,10.3,96.0,982.0,36.3,237.0,1.7,0.4404433333333333,openaq_ground,2.2222222222222223,Good
2026-01-24 10:00:00,10.0,95.0,981.7,37.3,238.0,0.9,0.0730666666666666,openaq_ground,0.0,Good
2026-01-24 11:00:00,10.0,92.0,981.4,36.1,240.0,0.6,0.039,openaq_ground,0.0,Good
2026-01-24 12:00:00,9.6,93.0,981.6,33.2,245.0,1.0,0.0,openaq_ground,0.0,Good
2026-01-24 13:00:00,9.7,89.0,980.9,31.8,251.0,0.3,0.0027766666666666,openaq_ground,0.0,Good
2026-01-24 14:00:00,9.7,87.0,980.3,32.5,257.0,0.1,0.0212666666666666,openaq_ground,0.0,Good
2026-01-24 15:00:00,9.8,86.0,980.1,33.3,264.0,0.2,0.0222333333333333,openaq_ground,0.0,Good
2026-01-24 16:00:00,9.8,86.0,979.9,32.7,265.0,0.2,0.0055666666666666,openaq_ground,0.0,Good
2026-01-24 17:00:00,9.9,86.0,979.8,33.9,260.0,0.4,0.0055666666666666,openaq_ground,0.0,Good
2026-01-24 18:00:00,10.2,90.0,981.8,32.4,256.0,1.3,0.01111,openaq_ground,0.0,Good
2026-01-24 19:00:00,10.2,96.0,983.0,24.9,254.0,1.7,0.4573333333333333,openaq_ground,2.2222222222222223,Good
2026-01-24 20:00:00,11.2,93.0,984.0,22.6,260.0,0.3,0.8833333333333334,openaq_ground,4.444444444444445,Good
2026-01-24 21:00:00,11.7,95.0,984.4,23.1,261.0,1.0,0.5703333333333332,openaq_ground,2.7777777777777777,Good
2026-01-24 22:00:00,12.2,96.0,984.9,24.4,247.0,1.3,0.5053333333333333,openaq_ground,2.7777777777777777,Good
2026-01-24 23:00:00,12.8,96.0,985.3,27.9,232.0,3.6,0.6370666666666667,openaq_ground,3.333333333333333,Good
2026-01-25 00:00:00,12.6,96.0,985.8,24.1,245.0,2.4,1.6146,openaq_ground,8.88888888888889,Good
2026-01-25 01:00:00,13.4,93.0,986.1,27.4,238.0,3.5,2.2666666666666666,openaq_ground,12.222222222222223,Good
2026-01-25 02:00:00,13.4,96.0,986.7,27.7,232.0,2.1,1.4266666666666667,openaq_ground,7.777777777777777,Good
2026-01-25 03:00:00,13.2,95.0,987.2,26.7,235.0,1.0,2.1866666666666665,openaq_ground,11.666666666666666,Good
2026-01-25 04:00:00,12.8,97.0,987.9,25.1,236.0,2.1,1.9825,openaq_ground,10.555555555555555,Good
2026-01-25 05:00:00,12.8,97.0,988.5,25.8,238.0,0.6,1.170825,openaq_ground,6.111111111111112,Good
2026-01-25 06:00:00,12.8,95.0,989.1,24.9,237.0,1.2,1.502625,openaq_ground,8.333333333333332,Good
2026-01-25 07:00:00,12.3,98.0,989.7,25.3,235.0,2.0,1.316925,openaq_ground,7.222222222222222,Good
2026-01-25 08:00:00,12.3,96.0,990.3,24.9,241.0,0.5,1.847625,openaq_ground,10.0,Good
2026-01-25 09:00:00,12.2,95.0,991.1,24.9,242.0,0.1,0.505,openaq_ground,2.7777777777777777,Good
2026-01-25 10:00:00,12.0,94.0,991.5,24.5,248.0,0.2,0.1178333333333333,openaq_ground,0.5555555555555556,Good
2026-01-25 11:00:00,11.9,93.0,991.8,24.9,249.0,0.1,0.0250666666666666,openaq_ground,0.0,Good
2026-01-25 12:00:00,11.8,93.0,992.3,23.7,250.0,0.1,0.0065099999999999,openaq_ground,0.0,Good
2026-01-25 13:00:00,11.9,91.0,992.7,23.1,253.0,0.0,0.0203666666666666,openaq_ground,0.0,Good
2026-01-25 14:00:00,11.9,90.0,992.8,24.1,254.0,0.0,0.0989999999999999,openaq_ground,0.0,Good
2026-01-25 15:00:00,12.0,90.0,993.0,24.3,258.0,0.0,0.4853333333333333,openaq_ground,2.2222222222222223,Good
2026-01-25 16:00:00,12.1,88.0,993.3,24.6,258.0,0.0,0.6356666666666667,openaq_ground,3.333333333333333,Good
2026-01-25 17:00:00,12.1,88.0,993.6,23.3,257.0,0.0,0.2093333333333333,openaq_ground,1.1111111111111112,Good
2026-01-25 18:00:00,12.4,87.0,994.6,21.5,249.0,0.0,0.7486666666666667,openaq_ground,3.8888888888888884,Good
2026-01-25 19:00:00,12.6,86.0,995.2,21.7,247.0,0.0,0.6013333333333334,openaq_ground,3.333333333333333,Good
2026-01-25 20:00:00,12.8,86.0,995.8,20.5,248.0,0.0,0.6900000000000001,openaq_ground,3.333333333333333,Good
2026-01-25 21:00:00,12.9,84.0,996.5,21.9,248.0,0.0,0.586,openaq_ground,2.7777777777777777,Good
2026-01-25 22:00:00,13.4,81.0,996.8,24.8,243.0,0.2,0.7174175,openaq_ground,3.8888888888888884,Good
2026-01-25 23:00:00,13.5,83.0,997.1,20.6,247.0,0.2,0.75275,openaq_ground,3.8888888888888884,Good
2026-01-26 00:00:00,14.1,81.0,997.1,24.4,239.0,0.2,0.645,openaq_ground,3.333333333333333,Good
2026-01-26 01:00:00,14.5,81.0,997.2,25.8,228.0,0.3,1.811375,openaq_ground,10.0,Good
2026-01-26 02:00:00,14.2,84.0,997.4,25.7,220.0,0.3,3.63,openaq_ground,20.0,Good
2026-01-26 03:00:00,14.0,84.0,997.6,25.9,214.0,0.4,5.4342500000000005,openaq_ground,30.0,Good
2026-01-26 04:00:00,13.9,82.0,997.9,25.6,212.0,0.1,6.263249999999999,openaq_ground,34.44444444444444,Good
2026-01-26 05:00:00,12.8,83.0,998.2,25.3,210.0,0.1,5.1775,openaq_ground,28.33333333333333,Good
2026-01-26 06:00:00,12.8,82.0,998.7,23.6,212.0,0.0,3.23524,openaq_ground,17.77777777777778,Good
2026-01-26 07:00:00,11.9,85.0,999.2,23.6,210.0,0.0,3.13344,openaq_ground,17.22222222222222,Good
2026-01-26 08:00:00,11.6,82.0,999.9,24.5,213.0,0.0,1.91566,openaq_ground,10.555555555555555,Good
2026-01-26 09:00:00,11.2,83.0,1000.9,22.7,220.0,0.0,1.467,openaq_ground,7.777777777777777,Good
2026-01-26 10:00:00,11.1,83.0,1001.6,20.4,233.0,0.0,0.7060000000000001,openaq_ground,3.8888888888888884,Good
2026-01-26 11:00:00,11.0,80.0,1001.7,18.4,245.0,0.0,0.385366,openaq_ground,1.6666666666666665,Good
2026-01-26 12:00:00,10.5,82.0,1002.2,17.5,244.0,0.0,0.09176,openaq_ground,0.0,Good
2026-01-26 13:00:00,10.1,83.0,1002.5,17.6,244.0,0.0,0.4641,openaq_ground,2.2222222222222223,Good
2026-01-26 14:00:00,9.9,85.0,1002.9,18.2,243.0,0.0,0.454106,openaq_ground,2.2222222222222223,Good
2026-01-26 15:00:00,9.9,86.0,1003.1,18.2,243.0,0.0,0.12875,openaq_ground,0.5555555555555556,Good
2026-01-26 16:00:00,9.8,87.0,1003.6,17.1,242.0,0.0,0.03475,openaq_ground,0.0,Good
2026-01-26 17:00:00,9.7,88.0,1004.4,16.6,241.0,0.0,0.036825,openaq_ground,0.0,Good
2026-01-26 18:00:00,9.7,89.0,1005.3,15.7,246.0,0.0,0.0764499999999999,openaq_ground,0.0,Good
2026-01-26 19:00:00,10.4,85.0,1005.9,17.2,241.0,0.0,0.505,openaq_ground,2.7777777777777777,Good
2026-01-26 20:00:00,11.1,81.0,1006.6,20.4,236.0,0.0,0.4445,openaq_ground,2.2222222222222223,Good
2026-01-26 21:00:00,12.0,74.0,1007.3,22.1,232.0,0.3,0.048575,openaq_ground,0.0,Good
2026-01-26 22:00:00,12.3,74.0,1007.9,21.2,228.0,0.5,0.3457075,openaq_ground,1.6666666666666665,Good
2026-01-26 23:00:00,12.7,74.0,1008.3,20.4,224.0,0.2,0.4202499999999999,openaq_ground,2.2222222222222223,Good
2026-01-27 00:00:00,13.0,73.0,1008.3,19.5,218.0,0.1,0.2565,openaq_ground,1.1111111111111112,Good
2026-01-27 01:00:00,13.2,75.0,1008.5,18.8,217.0,0.2,0.48825,openaq_ground,2.2222222222222223,Good
2026-01-27 02:00:00,13.4,75.0,1009.0,19.5,214.0,0.0,0.4448325,openaq_ground,2.2222222222222223,Good
2026-01-27 03:00:00,13.1,79.0,1009.0,18.6,199.0,0.0,0.2405,openaq_ground,1.1111111111111112,Good
2026-01-27 04:00:00,12.8,81.0,1009.3,18.6,195.0,0.0,0.8227500000000001,openaq_ground,4.444444444444445,Good
2026-01-27 05:00:00,12.5,81.0,1009.6,18.1,197.0,0.0,1.06925,openaq_ground,5.555555555555555,Good
2026-01-27 06:00:00,11.9,83.0,1010.4,16.0,199.0,0.0,0.6596,openaq_ground,3.333333333333333,Good
2026-01-27 07:00:00,11.8,82.0,1011.2,14.4,202.0,0.0,0.849,openaq_ground,4.444444444444445,Good
2026-01-27 08:00:00,11.6,83.0,1011.8,10.9,200.0,0.0,0.8280000000000001,openaq_ground,4.444444444444445,Good
2026-01-27 09:00:00,11.5,85.0,1012.2,4.8,195.0,0.0,0.5935,openaq_ground,2.7777777777777777,Good
2026-01-27 10:00:00,11.3,87.0,1013.5,2.8,215.0,0.0,0.54175,openaq_ground,2.7777777777777777,Good
2026-01-27 11:00:00,11.1,91.0,1013.8,1.1,288.0,0.0,0.79775,openaq_ground,3.8888888888888884,Good
2026-01-27 12:00:00,10.7,91.0,1013.0,3.7,39.0,0.0,0.7715000000000001,openaq_ground,3.8888888888888884,Good
2026-01-27 13:00:00,10.7,92.0,1012.8,4.0,72.0,0.0,0.4325,openaq_ground,2.2222222222222223,Good
2026-01-27 14:00:00,10.7,91.0,1012.1,6.6,61.0,0.0,1.00525,openaq_ground,5.555555555555555,Good
2026-01-27 15:00:00,10.2,94.0,1012.0,7.3,54.0,0.0,0.5892499999999999,openaq_ground,2.7777777777777777,Good
2026-01-27 16:00:00,9.7,95.0,1011.7,10.1,39.0,0.0,0.7150000000000001,openaq_ground,3.8888888888888884,Good
2026-01-27 17:00:00,9.9,94.0,1011.5,8.8,28.0,0.0,1.1745,openaq_ground,6.111111111111112,Good
2026-01-27 18:00:00,9.9,92.0,1011.5,10.8,26.0,0.0,1.35,openaq_ground,7.222222222222222,Good
2026-01-27 19:00:00,11.3,87.0,1011.3,8.8,9.0,0.0,2.09,openaq_ground,11.11111111111111,Good
2026-01-27 20:00:00,13.1,82.0,1011.4,5.0,345.0,0.0,1.42,openaq_ground,7.777777777777777,Good
2026-01-27 21:00:00,15.1,78.0,1011.5,2.4,333.0,0.0,1.075,openaq_ground,5.555555555555555,Good
2026-01-27 22:00:00,16.3,77.0,1011.6,1.6,153.0,0.0,1.2625,openaq_ground,6.666666666666666,Good
2026-01-27 23:00:00,17.4,76.0,1012.0,5.9,153.0,0.0,1.535,openaq_ground,8.333333333333332,Good
2026-01-28 00:00:00,18.1,77.0,1011.3,6.1,114.0,0.0,1.7725,openaq_ground,9.444444444444445,Good
2026-01-28 01:00:00,18.8,74.0,1011.1,5.5,117.0,0.0,2.01,openaq_ground,11.11111111111111,Good
2026-01-28 02:00:00,17.8,76.0,1011.1,6.1,122.0,0.0,1.87,openaq_ground,10.0,Good
2026-01-28 03:00:00,17.6,79.0,1010.7,4.3,118.0,0.0,1.7875,openaq_ground,9.444444444444445,Good
2026-01-28 04:00:00,17.3,82.0,1010.2,4.0,111.0,0.0,2.3303,openaq_ground,12.777777777777777,Good
2026-01-28 05:00:00,17.3,84.0,1009.9,3.8,115.0,0.0,1.35,openaq_ground,7.222222222222222,Good
2026-01-28 06:00:00,17.8,84.0,1008.8,7.0,44.0,0.0,0.56225,openaq_ground,2.7777777777777777,Good
2026-01-28 07:00:00,17.1,87.0,1008.3,6.6,43.0,0.0,0.7217499999999999,openaq_ground,3.8888888888888884,Good
2026-01-28 08:00:00,16.5,87.0,1007.7,7.9,24.0,0.0,1.045,openaq_ground,5.555555555555555,Good
2026-01-28 09:00:00,16.3,87.0,1007.5,5.9,31.0,0.0,1.5353,openaq_ground,8.333333333333332,Good
2026-01-28 10:00:00,15.9,89.0,1007.6,4.1,358.0,0.0,1.488875,openaq_ground,7.777777777777777,Good
2026-01-28 11:00:00,15.6,88.0,1007.6,6.0,265.0,0.0,1.3482075,openaq_ground,7.222222222222222,Good
2026-01-28 12:00:00,14.8,95.0,1007.4,6.9,261.0,0.0,2.336375,openaq_ground,12.777777777777777,Good
2026-01-28 13:00:00,14.6,93.0,1007.4,9.9,243.0,0.0,2.1425,openaq_ground,11.666666666666666,Good
2026-01-28 14:00:00,13.4,96.0,1007.9,7.6,239.0,0.0,2.0645825,openaq_ground,11.11111111111111,Good
2026-01-28 15:00:00,12.5,96.0,1007.4,1.9,326.0,0.0,2.078875,openaq_ground,11.11111111111111,Good
2026-01-28 16:00:00,12.8,96.0,1006.7,4.0,27.0,0.0,2.0700000000000003,openaq_ground,11.11111111111111,Good
2026-01-28 17:00:00,13.2,95.0,1006.3,5.2,27.0,0.0,2.137375,openaq_ground,11.666666666666666,Good
2026-01-28 18:00:00,12.2,94.0,1006.3,3.1,24.0,0.0,2.818425,openaq_ground,15.555555555555554,Good
2026-01-28 19:00:00,14.1,93.0,1006.4,3.3,22.0,0.0,2.7707,openaq_ground,15.0,Good
2026-01-28 20:00:00,16.7,80.0,1006.7,2.3,119.0,0.0,2.373925,openaq_ground,12.777777777777777,Good
2026-01-28 21:00:00,18.5,76.0,1006.4,1.7,131.0,0.0,1.6920825,openaq_ground,8.88888888888889,Good
2026-01-28 22:00:00,19.9,73.0,1006.4,4.3,204.0,0.0,2.23445,openaq_ground,12.222222222222223,Good
2026-01-28 23:00:00,18.8,73.0,1006.7,11.2,190.0,0.0,2.12575,openaq_ground,11.666666666666666,Good
2026-01-29 00:00:00,15.9,90.0,1009.0,20.2,226.0,2.1,2.565,openaq_ground,13.88888888888889,Good
2026-01-29 01:00:00,16.1,67.0,1009.1,24.1,238.0,0.1,2.0825,openaq_ground,11.11111111111111,Good
2026-01-29 02:00:00,17.0,64.0,1008.9,25.6,230.0,0.0,3.12345,openaq_ground,17.22222222222222,Good
2026-01-29 03:00:00,16.0,60.0,1009.2,25.3,237.0,0.0,2.8855500000000003,openaq_ground,15.555555555555554,Good
2026-01-29 04:00:00,15.6,64.0,1009.4,23.6,242.0,0.0,2.556,openaq_ground,13.88888888888889,Good
2026-01-29 05:00:00,15.9,61.0,1009.7,22.8,243.0,0.0,2.0170825,openaq_ground,11.11111111111111,Good
2026-01-29 06:00:00,16.0,62.0,1010.7,21.0,246.0,0.0,1.7075,openaq_ground,9.444444444444445,Good
2026-01-29 07:00:00,15.1,64.0,1011.5,21.4,249.0,0.0,0.84975,openaq_ground,4.444444444444445,Good
2026-01-29 08:00:00,13.6,69.0,1012.6,21.3,256.0,0.0,1.3975,openaq_ground,7.222222222222222,Good
2026-01-29 09:00:00,12.5,72.0,1013.9,19.3,256.0,0.0,1.39,openaq_ground,7.222222222222222,Good
2026-01-29 10:00:00,11.6,70.0,1014.8,18.0,262.0,0.0,1.36,openaq_ground,7.222222222222222,Good
2026-01-29 11:00:00,11.1,74.0,1015.2,18.0,267.0,0.0,1.9057075,openaq_ground,10.555555555555555,Good
2026-01-29 12:00:00,10.8,75.0,1016.1,16.6,265.0,0.0,2.07,openaq_ground,11.11111111111111,Good
2026-01-29 13:00:00,10.6,76.0,1016.3,16.9,258.0,0.0,1.8975,openaq_ground,10.0,Good
2026-01-29 14:00:00,10.1,79.0,1016.5,16.8,254.0,0.0,1.4575,openaq_ground,7.777777777777777,Good
2026-01-29 15:00:00,9.8,79.0,1016.5,16.1,250.0,0.0,1.259875,openaq_ground,6.666666666666666,Good
2026-01-29 16:00:00,9.5,80.0,1016.4,13.0,256.0,0.0,1.05,openaq_ground,5.555555555555555,Good
2026-01-29 17:00:00,9.1,81.0,1016.4,9.9,272.0,0.0,1.063,openaq_ground,5.555555555555555,Good
2026-01-29 18:00:00,8.8,82.0,1016.6,6.7,301.0,0.0,1.345,openaq_ground,7.222222222222222,Good
2026-01-29 19:00:00,10.5,80.0,1016.5,7.5,314.0,0.0,1.0275,openaq_ground,5.555555555555555,Good
2026-01-29 20:00:00,12.0,70.0,1016.4,10.3,263.0,0.0,1.055,openaq_ground,5.555555555555555,Good
2026-01-29 21:00:00,13.0,68.0,1015.9,10.9,248.0,0.0,1.34,openaq_ground,7.222222222222222,Good
2026-01-29 22:00:00,14.1,65.0,1015.4,9.8,239.0,0.0,0.965,openaq_ground,5.0,Good
2026-01-29 23:00:00,15.8,58.0,1014.6,10.1,254.0,0.0,1.0042,openaq_ground,5.555555555555555,Good
2026-01-30 00:00:00,17.7,52.0,1013.9,10.6,227.0,0.0,1.46376,openaq_ground,7.777777777777777,Good
2026-01-30 01:00:00,18.0,52.0,1013.5,9.7,184.0,0.0,1.9672,openaq_ground,10.555555555555555,Good
2026-01-30 02:00:00,16.8,59.0,1013.3,9.3,109.0,0.0,2.027966,openaq_ground,11.11111111111111,Good
2026-01-30 03:00:00,16.0,71.0,1012.8,10.1,92.0,0.0,1.79786,openaq_ground,9.444444444444445,Good
2026-01-30 04:00:00,15.0,72.0,1012.6,11.5,91.0,0.0,1.77868,openaq_ground,9.444444444444445,Good
2026-01-30 05:00:00,15.3,68.0,1012.5,6.5,90.0,0.0,1.7578,openaq_ground,9.444444444444445,Good
2026-01-30 06:00:00,15.0,73.0,1012.2,5.9,27.0,0.0,1.5231,openaq_ground,8.333333333333332,Good
2026-01-30 07:00:00,14.0,78.0,1012.2,6.8,40.0,0.0,1.4099,openaq_ground,7.777777777777777,Good
2026-01-30 08:00:00,12.5,87.0,1012.6,3.6,33.0,0.0,1.3192,openaq_ground,7.222222222222222,Good
2026-01-30 09:00:00,11.8,90.0,1012.9,4.1,345.0,0.0,1.6518000000000002,openaq_ground,8.88888888888889,Good
2026-01-30 10:00:00,12.1,88.0,1012.7,5.2,314.0,0.0,1.866,openaq_ground,10.0,Good
2026-01-30 11:00:00,11.8,83.0,1012.4,7.6,275.0,0.0,1.8778,openaq_ground,10.0,Good
2026-01-30 12:00:00,12.1,79.0,1012.0,5.0,296.0,0.0,1.8365,openaq_ground,10.0,Good
2026-01-30 13:00:00,11.0,81.0,1011.4,3.6,297.0,0.0,1.3416,openaq_ground,7.222222222222222,Good
2026-01-30 14:00:00,10.3,81.0,1010.7,1.9,331.0,0.0,1.2491,openaq_ground,6.666666666666666,Good
2026-01-30 15:00:00,9.5,83.0,1009.8,1.8,336.0,0.0,1.1532,openaq_ground,6.111111111111112,Good
2026-01-30 16:00:00,9.2,85.0,1009.2,2.3,331.0,0.0,1.1206,openaq_ground,6.111111111111112,Good
2026-01-30 17:00:00,8.6,88.0,1009.0,2.7,340.0,0.0,1.14546,openaq_ground,6.111111111111112,Good
2026-01-30 18:00:00,8.2,88.0,1008.9,4.7,353.0,0.0,1.2492,openaq_ground,6.666666666666666,Good
2026-01-30 19:00:00,10.5,88.0,1008.6,5.8,355.0,0.0,1.40924,openaq_ground,7.777777777777777,Good
2026-01-30 20:00:00,12.7,73.0,1008.5,3.3,331.0,0.0,1.548566,openaq_ground,8.333333333333332,Good
2026-01-30 21:00:00,14.0,70.0,1008.3,1.1,171.0,0.0,1.5555,openaq_ground,8.333333333333332,Good
2026-01-30 22:00:00,14.7,68.0,1008.0,5.6,186.0,0.0,1.12694,openaq_ground,6.111111111111112,Good
2026-01-30 23:00:00,15.0,67.0,1007.7,7.4,167.0,0.0,1.4509,openaq_ground,7.777777777777777,Good
2026-01-31 00:00:00,16.7,63.0,1006.7,6.1,168.0,0.0,1.48254,openaq_ground,7.777777777777777,Good
2026-01-31 01:00:00,17.5,61.0,1006.2,6.6,154.0,0.0,1.60622,openaq_ground,8.88888888888889,Good
2026-01-31 02:00:00,18.4,61.0,1005.5,3.6,49.0,0.0,1.88794,openaq_ground,10.0,Good
2026-01-31 03:00:00,19.2,59.0,1004.8,4.8,158.0,0.0,1.90246,openaq_ground,10.555555555555555,Good
2026-01-31 04:00:00,18.6,61.0,1004.8,4.3,147.0,0.0,1.99816,openaq_ground,10.555555555555555,Good
2026-01-31 05:00:00,18.4,62.0,1004.9,5.2,155.0,0.0,2.0791,openaq_ground,11.11111111111111,Good
2026-01-31 06:00:00,17.6,69.0,1004.9,4.1,67.0,0.0,2.0397,openaq_ground,11.11111111111111,Good
2026-01-31 07:00:00,16.5,77.0,1005.3,5.9,79.0,0.0,1.9852,openaq_ground,10.555555555555555,Good
2026-01-31 08:00:00,14.2,89.0,1005.7,3.7,55.0,0.0,2.1928,openaq_ground,11.666666666666666,Good
2026-01-31 09:00:00,12.7,92.0,1006.5,1.7,32.0,0.0,2.426,openaq_ground,13.333333333333332,Good
2026-01-31 10:00:00,12.4,90.0,1007.0,2.2,284.0,0.0,2.372,openaq_ground,12.777777777777777,Good
2026-01-31 11:00:00,12.4,81.0,1007.6,0.8,297.0,0.0,2.20614,openaq_ground,12.222222222222223,Good
2026-01-31 12:00:00,11.0,93.0,1007.3,8.0,18.0,0.0,2.028,openaq_ground,11.11111111111111,Good
2026-01-31 13:00:00,9.6,90.0,1007.0,7.0,1.0,0.0,1.390166,openaq_ground,7.222222222222222,Good
2026-01-31 14:00:00,8.8,84.0,1006.8,7.8,352.0,0.0,1.33934,openaq_ground,7.222222222222222,Good
2026-01-31 15:00:00,8.2,82.0,1006.6,9.3,345.0,0.0,0.749,openaq_ground,3.8888888888888884,Good
2026-01-31 16:00:00,7.9,84.0,1006.4,6.5,341.0,0.0,0.627466,openaq_ground,3.333333333333333,Good
2026-01-31 17:00:00,7.7,84.0,1006.5,3.1,339.0,0.0,0.8523400000000001,openaq_ground,4.444444444444445,Good
2026-01-31 18:00:00,9.4,81.0,1007.0,6.5,2.0,0.0,1.19724,openaq_ground,6.111111111111112,Good
2026-01-31 19:00:00,11.0,82.0,1006.7,6.7,9.0,0.0,1.7215400000000003,openaq_ground,9.444444444444445,Good
2026-01-31 20:00:00,14.2,81.0,1006.6,6.0,39.0,0.0,1.4155,openaq_ground,7.777777777777777,Good
2026-01-31 21:00:00,15.9,76.0,1006.3,7.6,52.0,0.0,1.420574,openaq_ground,7.777777777777777,Good
2026-01-31 22:00:00,16.4,75.0,1005.9,10.3,44.0,0.0,0.9204,openaq_ground,5.0,Good
2026-01-31 23:00:00,16.2,77.0,1005.6,10.3,41.0,0.0,1.67256,openaq_ground,8.88888888888889,Good
2026-02-01 00:00:00,18.3,71.0,1004.4,13.3,40.0,0.0,4.0202,openaq_ground,22.22222222222222,Good
2026-02-01 01:00:00,17.4,78.0,1004.1,13.1,61.0,0.0,4.518,openaq_ground,25.0,Good
2026-02-01 02:00:00,17.5,84.0,1003.5,13.0,76.0,0.0,4.254,openaq_ground,23.333333333333332,Good
2026-02-01 03:00:00,18.7,78.0,1002.9,16.0,61.0,0.0,4.604,openaq_ground,25.555555555555554,Good
2026-02-01 04:00:00,18.1,77.0,1002.5,17.4,51.0,0.0,5.853999999999999,openaq_ground,32.22222222222222,Good
2026-02-01 05:00:00,16.9,82.0,1001.6,21.4,48.0,0.0,3.535,openaq_ground,19.444444444444443,Good
2026-02-01 06:00:00,15.8,86.0,1000.9,22.7,43.0,0.0,2.7898,openaq_ground,15.0,Good
2026-02-01 07:00:00,15.3,86.0,1000.4,24.9,39.0,0.2,3.5926,openaq_ground,19.444444444444443,Good
2026-02-01 08:00:00,15.2,86.0,1000.2,25.2,36.0,0.3,3.898000000000001,openaq_ground,21.11111111111111,Good
2026-02-01 09:00:00,15.1,88.0,1000.1,23.6,34.0,0.2,4.1706,openaq_ground,22.777777777777775,Good
2026-02-01 10:00:00,15.0,90.0,999.7,18.7,35.0,0.2,3.7934,openaq_ground,20.555555555555557,Good
2026-02-01 11:00:00,15.0,90.0,999.0,14.8,26.0,0.1,4.308,openaq_ground,23.888888888888886,Good
2026-02-01 12:00:00,14.7,93.0,998.4,11.3,31.0,1.3,4.146,openaq_ground,22.777777777777775,Good
2026-02-01 13:00:00,14.9,97.0,997.8,8.7,30.0,0.6,3.458,openaq_ground,18.88888888888889,Good
2026-02-01 14:00:00,14.9,95.0,996.9,11.0,23.0,0.0,1.1878,openaq_ground,6.111111111111112,Good
2026-02-01 15:00:00,15.1,91.0,996.7,9.7,10.0,0.3,3.31,openaq_ground,18.333333333333332,Good
2026-02-01 16:00:00,15.4,84.0,996.0,11.8,351.0,0.1,3.1826,openaq_ground,17.22222222222222,Good
2026-02-01 17:00:00,15.3,81.0,995.6,11.3,346.0,0.1,2.964,openaq_ground,16.11111111111111,Good
2026-02-01 18:00:00,14.3,94.0,995.4,10.9,7.0,0.0,1.7399999999999998,openaq_ground,9.444444444444445,Good
2026-02-01 19:00:00,15.3,90.0,995.7,9.7,348.0,0.0,0.40584,openaq_ground,2.2222222222222223,Good
2026-02-01 20:00:00,16.0,87.0,996.2,7.1,326.0,0.0,0.05666,openaq_ground,0.0,Good
2026-02-01 21:00:00,16.8,81.0,996.1,9.9,308.0,0.0,0.002232,openaq_ground,0.0,Good
2026-02-01 22:00:00,18.4,67.0,996.4,15.6,301.0,0.0,0.01114,openaq_ground,0.0,Good
2026-02-01 23:00:00,19.1,64.0,996.5,16.0,300.0,0.0,0.040066,openaq_ground,0.0,Good
2026-02-02 00:00:00,18.2,76.0,997.0,7.4,214.0,0.0,0.43904,openaq_ground,2.2222222222222223,Good
2026-02-02 01:00:00,17.6,85.0,997.9,13.5,214.0,0.1,1.3074400000000002,openaq_ground,7.222222222222222,Good
2026-02-02 02:00:00,15.4,88.0,999.2,23.9,209.0,0.5,0.8536659999999999,openaq_ground,4.444444444444445,Good
2026-02-02 03:00:00,13.5,90.0,1000.6,24.9,205.0,1.2,1.32314,openaq_ground,7.222222222222222,Good
2026-02-02 04:00:00,13.7,89.0,1001.1,20.2,217.0,1.0,1.68744,openaq_ground,8.88888888888889,Good
2026-02-02 05:00:00,13.7,84.0,1001.4,19.8,232.0,0.2,1.96854,openaq_ground,10.555555555555555,Good
2026-02-02 06:00:00,12.9,89.0,1002.3,13.6,244.0,0.0,2.0082,openaq_ground,11.11111111111111,Good
2026-02-02 07:00:00,12.3,84.0,1003.4,18.9,241.0,0.1,2.7161,openaq_ground,15.0,Good
2026-02-02 08:00:00,11.7,80.0,1004.2,18.7,245.0,0.0,1.54004,openaq_ground,8.333333333333332,Good
2026-02-02 09:00:00,11.4,80.0,1005.4,19.3,246.0,0.0,1.0619,openaq_ground,5.555555555555555,Good
2026-02-02 10:00:00,11.1,81.0,1006.0,17.5,249.0,0.0,1.02206,openaq_ground,5.555555555555555,Good
2026-02-02 11:00:00,10.8,78.0,1006.7,16.5,256.0,0.0,1.02186,openaq_ground,5.555555555555555,Good
2026-02-02 12:00:00,10.6,77.0,1007.5,15.4,249.0,0.0,1.1162,openaq_ground,6.111111111111112,Good
2026-02-02 13:00:00,10.0,80.0,1007.7,15.0,244.0,0.0,0.9427,openaq_ground,5.0,Good
2026-02-02 14:00:00,9.4,84.0,1008.2,13.2,253.0,0.0,0.97316,openaq_ground,5.0,Good
2026-02-02 15:00:00,9.0,85.0,1008.6,11.5,259.0,0.0,0.81534,openaq_ground,4.444444444444445,Good
2026-02-02 16:00:00,8.7,85.0,1008.3,12.1,255.0,0.0,0.54218,openaq_ground,2.7777777777777777,Good
2026-02-02 17:00:00,8.5,85.0,1008.3,13.2,253.0,0.0,0.6885399999999999,openaq_ground,3.333333333333333,Good
2026-02-02 18:00:00,8.2,85.0,1009.8,10.6,274.0,0.0,1.07794,openaq_ground,5.555555555555555,Good
2026-02-02 19:00:00,9.3,80.0,1010.4,9.5,272.0,0.0,1.1888,openaq_ground,6.111111111111112,Good
2026-02-02 20:00:00,10.1,75.0,1011.4,9.5,255.0,0.0,1.0643,openaq_ground,5.555555555555555,Good
2026-02-02 21:00:00,10.8,70.0,1012.1,8.0,220.0,0.0,1.14994,openaq_ground,6.111111111111112,Good
2026-02-02 22:00:00,11.4,67.0,1012.0,8.2,212.0,0.0,1.2906,openaq_ground,6.666666666666666,Good
2026-02-02 23:00:00,12.1,65.0,1012.4,7.8,199.0,0.0,1.11816,openaq_ground,6.111111111111112,Good
2026-02-03 00:00:00,12.4,64.0,1012.3,7.7,189.0,0.0,0.88056,openaq_ground,4.444444444444445,Good
2026-02-03 01:00:00,12.6,63.0,1012.2,7.9,192.0,0.0,0.896566,openaq_ground,4.444444444444445,Good
2026-02-03 02:00:00,12.9,63.0,1012.5,9.0,182.0,0.0,0.708,openaq_ground,3.8888888888888884,Good
2026-02-03 03:00:00,13.1,63.0,1012.8,6.1,177.0,0.0,0.5598,openaq_ground,2.7777777777777777,Good
2026-02-03 04:00:00,13.2,63.0,1013.1,4.5,157.0,0.0,0.6238,openaq_ground,3.333333333333333,Good
2026-02-03 05:00:00,13.5,60.0,1013.2,6.0,134.0,0.0,0.55336,openaq_ground,2.7777777777777777,Good
2026-02-03 06:00:00,12.9,62.0,1013.5,10.7,131.0,0.0,0.5593999999999999,openaq_ground,2.7777777777777777,Good
2026-02-03 07:00:00,11.8,67.0,1014.2,10.3,97.0,0.0,0.69268,openaq_ground,3.333333333333333,Good
2026-02-03 08:00:00,10.5,75.0,1015.0,7.9,66.0,0.0,1.005546,openaq_ground,5.555555555555555,Good
2026-02-03 09:00:00,9.4,80.0,1015.8,6.8,32.0,0.0,1.034,openaq_ground,5.555555555555555,Good
2026-02-03 10:00:00,8.6,82.0,1016.1,7.1,9.0,0.0,1.536,openaq_ground,8.333333333333332,Good
2026-02-03 11:00:00,7.8,84.0,1016.2,7.5,10.0,0.0,1.2706,openaq_ground,6.666666666666666,Good
2026-02-03 12:00:00,7.7,86.0,1016.3,8.4,7.0,0.0,1.0447000000000002,openaq_ground,5.555555555555555,Good
2026-02-03 13:00:00,7.2,86.0,1015.9,7.9,4.0,0.0,1.095,openaq_ground,5.555555555555555,Good
2026-02-03 14:00:00,6.8,86.0,1015.5,7.7,1.0,0.0,1.13834,openaq_ground,6.111111111111112,Good
2026-02-03 15:00:00,6.4,88.0,1015.5,7.9,356.0,0.0,1.10676,openaq_ground,6.111111111111112,Good
2026-02-03 16:00:00,6.1,88.0,1015.3,8.0,352.0,0.0,1.2776,openaq_ground,6.666666666666666,Good
2026-02-03 17:00:00,5.9,89.0,1015.3,6.9,343.0,0.0,1.963,openaq_ground,10.555555555555555,Good
2026-02-03 18:00:00,5.6,90.0,1016.0,7.1,336.0,0.0,2.9884,openaq_ground,16.11111111111111,Good
2026-02-03 19:00:00,7.4,87.0,1016.4,6.1,326.0,0.0,2.34954,openaq_ground,12.777777777777777,Good
2026-02-03 20:00:00,10.9,80.0,1016.4,2.9,281.0,0.0,2.0362,openaq_ground,11.11111111111111,Good
2026-02-03 21:00:00,12.8,73.0,1016.7,3.5,215.0,0.0,2.0691,openaq_ground,11.11111111111111,Good
2026-02-03 22:00:00,14.1,72.0,1016.6,5.5,191.0,0.0,2.3038,openaq_ground,12.777777777777777,Good
2026-02-03 23:00:00,14.7,71.0,1016.7,8.3,180.0,0.0,1.9912,openaq_ground,10.555555555555555,Good
2026-02-04 00:00:00,15.2,67.0,1016.2,10.6,177.0,0.0,1.860566,openaq_ground,10.0,Good
2026-02-04 01:00:00,15.3,68.0,1016.4,9.2,177.0,0.0,1.8358,openaq_ground,10.0,Good
2026-02-04 02:00:00,15.8,68.0,1016.1,9.3,164.0,0.0,1.7876,openaq_ground,9.444444444444445,Good
2026-02-04 03:00:00,16.0,68.0,1015.8,9.3,143.0,0.0,2.162,openaq_ground,11.666666666666666,Good
2026-02-04 04:00:00,15.9,68.0,1016.0,9.4,128.0,0.0,2.114,openaq_ground,11.666666666666666,Good
2026-02-04 05:00:00,15.6,66.0,1016.2,8.7,128.0,0.0,1.8996,openaq_ground,10.0,Good
2026-02-04 06:00:00,15.1,66.0,1016.5,8.7,138.0,0.0,2.362566,openaq_ground,12.777777777777777,Good
2026-02-04 07:00:00,13.8,72.0,1016.8,6.2,154.0,0.0,1.7323999999999995,openaq_ground,9.444444444444445,Good
2026-02-04 08:00:00,12.0,85.0,1017.2,3.0,163.0,0.0,2.1538,openaq_ground,11.666666666666666,Good
2026-02-04 09:00:00,11.4,88.0,1017.8,1.2,63.0,0.0,2.29626,openaq_ground,12.222222222222223,Good
2026-02-04 10:00:00,11.3,92.0,1017.9,3.6,20.0,0.0,2.21106,openaq_ground,12.222222222222223,Good
2026-02-04 11:00:00,11.2,94.0,1017.6,4.7,16.0,0.0,2.28416,openaq_ground,12.222222222222223,Good
2026-02-04 12:00:00,10.4,93.0,1017.6,6.4,10.0,0.0,2.6004400000000003,openaq_ground,14.444444444444445,Good
2026-02-04 13:00:00,10.3,92.0,1017.0,7.4,14.0,0.0,2.25494,openaq_ground,12.222222222222223,Good
2026-02-04 14:00:00,10.3,90.0,1016.6,8.7,14.0,0.0,1.9562,openaq_ground,10.555555555555555,Good
2026-02-04 15:00:00,10.2,88.0,1015.8,10.3,22.0,0.0,2.090466,openaq_ground,11.11111111111111,Good
2026-02-04 16:00:00,9.9,87.0,1015.3,10.4,18.0,0.0,2.055766,openaq_ground,11.11111111111111,Good
2026-02-04 17:00:00,10.2,86.0,1014.9,9.5,15.0,0.0,1.71544,openaq_ground,9.444444444444445,Good
2026-02-04 18:00:00,10.3,84.0,1014.7,10.5,17.0,0.0,1.91754,openaq_ground,10.555555555555555,Good
2026-02-04 19:00:00,12.0,81.0,1014.4,10.8,15.0,0.0,2.5973999999999995,openaq_ground,13.88888888888889,Good
2026-02-04 20:00:00,14.4,78.0,1014.4,7.3,11.0,0.0,2.0528,openaq_ground,11.11111111111111,Good
2026-02-04 21:00:00,16.5,76.0,1014.1,4.1,358.0,0.0,2.9744,openaq_ground,16.11111111111111,Good
2026-02-04 22:00:00,18.2,74.0,1013.7,1.3,146.0,0.0,2.7578,openaq_ground,15.0,Good
2026-02-04 23:00:00,19.0,74.0,1013.3,5.7,131.0,0.0,2.89074,openaq_ground,15.555555555555554,Good
2026-02-05 00:00:00,20.5,75.0,1012.2,6.8,92.0,0.0,3.1118,openaq_ground,17.22222222222222,Good
2026-02-05 01:00:00,21.4,74.0,1011.3,8.0,81.0,0.0,2.7722,openaq_ground,15.0,Good
2026-02-05 02:00:00,22.0,73.0,1010.6,8.2,67.0,0.0,2.743,openaq_ground,15.0,Good
2026-02-05 03:00:00,21.7,75.0,1009.4,12.4,59.0,0.0,4.178,openaq_ground,22.777777777777775,Good
2026-02-05 04:00:00,21.2,81.0,1008.5,13.8,49.0,0.0,3.85,openaq_ground,21.11111111111111,Good
2026-02-05 05:00:00,20.8,86.0,1008.0,9.4,45.0,0.0,4.782,openaq_ground,26.11111111111111,Good
2026-02-05 06:00:00,20.0,89.0,1007.2,9.4,58.0,0.0,3.6916,openaq_ground,20.0,Good
2026-02-05 07:00:00,20.1,90.0,1006.7,5.4,76.0,0.0,3.6482,openaq_ground,20.0,Good
2026-02-05 08:00:00,17.7,96.0,1006.3,1.5,159.0,0.0,4.36,openaq_ground,23.888888888888886,Good
2026-02-05 09:00:00,16.0,100.0,1006.7,2.7,208.0,0.0,5.5226,openaq_ground,30.555555555555554,Good
2026-02-05 10:00:00,15.4,100.0,1006.8,2.6,258.0,0.0,3.678,openaq_ground,20.0,Good
2026-02-05 11:00:00,14.7,94.0,1007.0,1.4,320.0,0.0,0.797,openaq_ground,3.8888888888888884,Good
2026-02-05 12:00:00,14.9,80.0,1006.7,4.9,4.0,0.0,0.40072,openaq_ground,2.2222222222222223,Good
2026-02-05 13:00:00,14.1,77.0,1006.4,7.6,4.0,0.0,0.08152,openaq_ground,0.0,Good
2026-02-05 14:00:00,13.6,70.0,1006.1,9.0,2.0,0.0,1.023,openaq_ground,5.555555555555555,Good
2026-02-05 15:00:00,13.1,84.0,1007.9,14.3,194.0,0.0,1.05146,openaq_ground,5.555555555555555,Good
2026-02-05 16:00:00,12.5,95.0,1008.6,8.8,206.0,0.0,0.6923999999999999,openaq_ground,3.333333333333333,Good
2026-02-05 17:00:00,12.2,92.0,1009.1,12.0,189.0,0.1,1.3308,openaq_ground,7.222222222222222,Good
2026-02-05 18:00:00,11.3,91.0,1010.0,11.2,199.0,0.0,0.5276,openaq_ground,2.7777777777777777,Good
2026-02-05 19:00:00,11.8,87.0,1010.9,9.3,204.0,0.2,0.749,openaq_ground,3.8888888888888884,Good
2026-02-05 20:00:00,12.2,84.0,1011.3,7.5,224.0,0.3,0.3172,openaq_ground,1.6666666666666665,Good
2026-02-05 21:00:00,12.6,83.0,1011.9,5.4,249.0,0.1,0.3259999999999999,openaq_ground,1.6666666666666665,Good
2026-02-05 22:00:00,13.0,82.0,1012.0,6.1,238.0,0.2,0.5112,openaq_ground,2.7777777777777777,Good
2026-02-05 23:00:00,13.1,83.0,1012.3,6.2,229.0,0.3,1.0579,openaq_ground,5.555555555555555,Good
2026-02-06 00:00:00,14.9,70.0,1012.1,10.4,217.0,0.0,1.104,openaq_ground,6.111111111111112,Good
2026-02-06 01:00:00,15.0,71.0,1011.8,8.1,180.0,0.0,1.3722,openaq_ground,7.222222222222222,Good
2026-02-06 02:00:00,15.0,72.0,1011.9,5.7,136.0,0.1,1.43476,openaq_ground,7.777777777777777,Good
2026-02-06 03:00:00,14.9,75.0,1011.7,7.7,89.0,0.5,1.237,openaq_ground,6.666666666666666,Good
2026-02-06 04:00:00,13.2,93.0,1011.9,11.8,62.0,1.9,1.2851,openaq_ground,6.666666666666666,Good
2026-02-06 05:00:00,12.8,94.0,1012.2,9.3,47.0,1.1,1.298566,openaq_ground,6.666666666666666,Good
2026-02-06 06:00:00,12.0,90.0,1012.3,11.1,54.0,0.8,1.184,openaq_ground,6.111111111111112,Good
2026-02-06 07:00:00,11.9,90.0,1012.4,11.6,42.0,0.2,1.51,openaq_ground,8.333333333333332,Good
2026-02-06 08:00:00,11.5,90.0,1012.7,9.5,22.0,0.2,1.42054,openaq_ground,7.777777777777777,Good
2026-02-06 09:00:00,11.3,89.0,1013.2,8.7,18.0,0.3,1.23452,openaq_ground,6.666666666666666,Good
2026-02-06 10:00:00,10.9,90.0,1013.1,9.9,19.0,0.1,0.826,openaq_ground,4.444444444444445,Good
2026-02-06 11:00:00,10.5,91.0,1012.8,13.0,14.0,0.0,0.5744,openaq_ground,2.7777777777777777,Good
2026-02-06 12:00:00,10.4,89.0,1012.3,17.2,14.0,0.0,0.4676,openaq_ground,2.2222222222222223,Good
2026-02-06 13:00:00,10.4,88.0,1011.8,15.1,12.0,0.0,0.43436,openaq_ground,2.2222222222222223,Good
2026-02-06 14:00:00,10.0,87.0,1011.2,12.3,12.0,0.0,0.461,openaq_ground,2.2222222222222223,Good
2026-02-06 15:00:00,9.5,88.0,1010.8,11.6,7.0,0.0,0.4194,openaq_ground,2.2222222222222223,Good
2026-02-06 16:00:00,9.4,87.0,1010.1,11.7,3.0,0.0,0.38164,openaq_ground,1.6666666666666665,Good
2026-02-06 17:00:00,9.6,87.0,1009.8,11.1,353.0,0.0,0.4,openaq_ground,2.2222222222222223,Good
2026-02-06 18:00:00,10.0,84.0,1009.5,11.7,2.0,0.0,0.401566,openaq_ground,2.2222222222222223,Good
2026-02-06 19:00:00,11.3,84.0,1009.2,10.3,6.0,0.0,0.5189,openaq_ground,2.7777777777777777,Good
2026-02-06 20:00:00,13.4,83.0,1009.4,6.2,350.0,0.0,0.4526659999999999,openaq_ground,2.2222222222222223,Good
2026-02-06 21:00:00,15.9,77.0,1009.8,3.1,320.0,0.0,0.31416,openaq_ground,1.6666666666666665,Good
2026-02-06 22:00:00,18.2,68.0,1009.1,2.3,321.0,0.0,0.3492,openaq_ground,1.6666666666666665,Good
2026-02-06 23:00:00,20.3,48.0,1008.6,9.9,273.0,0.0,0.3278,openaq_ground,1.6666666666666665,Good
2026-02-07 00:00:00,22.2,41.0,1008.1,12.9,306.0,0.0,0.4064,openaq_ground,2.2222222222222223,Good
2026-02-07 01:00:00,22.6,38.0,1007.6,17.1,272.0,0.0,0.6824,openaq_ground,3.333333333333333,Good
2026-02-07 02:00:00,22.3,39.0,1007.1,14.2,250.0,0.0,0.7532,openaq_ground,3.8888888888888884,Good
2026-02-07 03:00:00,22.0,41.0,1006.7,12.9,243.0,0.0,0.7036,openaq_ground,3.8888888888888884,Good
2026-02-07 04:00:00,22.2,41.0,1006.3,10.6,226.0,0.0,0.9155,openaq_ground,5.0,Good
2026-02-07 05:00:00,20.5,53.0,1006.1,7.0,201.0,0.0,0.9298,openaq_ground,5.0,Good
2026-02-07 06:00:00,17.2,83.0,1007.2,14.8,142.0,0.0,1.4220000000000002,openaq_ground,7.777777777777777,Good
2026-02-07 07:00:00,14.3,88.0,1008.2,11.2,159.0,1.4,2.5810000000000004,openaq_ground,13.88888888888889,Good
2026-02-07 08:00:00,13.5,95.0,1008.8,5.1,108.0,0.3,2.9094,openaq_ground,16.11111111111111,Good
2026-02-07 09:00:00,13.1,98.0,1009.9,0.6,326.0,0.8,1.26566,openaq_ground,6.666666666666666,Good
2026-02-07 10:00:00,12.7,95.0,1010.6,22.8,234.0,0.8,0.5321,openaq_ground,2.7777777777777777,Good
2026-02-07 11:00:00,12.1,92.0,1011.0,16.6,243.0,0.4,0.00334,openaq_ground,0.0,Good
2026-02-07 12:00:00,11.5,91.0,1011.3,19.2,238.0,0.4,0.04228,openaq_ground,0.0,Good
2026-02-07 13:00:00,10.7,94.0,1012.0,21.0,243.0,0.8,0.3144,openaq_ground,1.6666666666666665,Good
2026-02-07 14:00:00,10.1,93.0,1013.0,19.1,247.0,1.0,0.4344,openaq_ground,2.2222222222222223,Good
2026-02-07 15:00:00,10.1,89.0,1013.7,17.1,255.0,0.5,0.5697599999999999,openaq_ground,2.7777777777777777,Good
2026-02-07 16:00:00,9.8,87.0,1014.2,16.4,255.0,0.0,0.6923,openaq_ground,3.333333333333333,Good
2026-02-07 17:00:00,9.3,87.0,1014.8,17.5,258.0,0.0,0.6186999999999999,openaq_ground,3.333333333333333,Good
2026-02-07 18:00:00,8.4,87.0,1016.2,15.8,268.0,0.0,0.747,openaq_ground,3.8888888888888884,Good
2026-02-07 19:00:00,9.2,84.0,1016.9,15.5,269.0,0.0,0.9051,openaq_ground,5.0,Good
2026-02-07 20:00:00,10.5,77.0,1017.4,15.8,263.0,0.0,0.60698,openaq_ground,3.333333333333333,Good
2026-02-07 21:00:00,11.6,69.0,1017.7,16.2,256.0,0.0,0.4187999999999999,openaq_ground,2.2222222222222223,Good
2026-02-07 22:00:00,12.8,61.0,1017.6,15.1,248.0,0.0,0.3654,openaq_ground,1.6666666666666665,Good
2026-02-07 23:00:00,13.9,55.0,1017.6,15.9,242.0,0.0,0.3376,openaq_ground,1.6666666666666665,Good
2026-02-08 00:00:00,14.8,51.0,1017.5,14.8,234.0,0.0,0.72,openaq_ground,3.8888888888888884,Good
2026-02-08 01:00:00,15.8,46.0,1017.3,13.7,238.0,0.0,0.790566,openaq_ground,3.8888888888888884,Good
2026-02-08 02:00:00,16.6,43.0,1017.0,12.9,233.0,0.0,0.506534,openaq_ground,2.7777777777777777,Good
2026-02-08 03:00:00,16.8,44.0,1016.6,15.8,224.0,0.0,0.6724,openaq_ground,3.333333333333333,Good
2026-02-08 04:00:00,15.9,55.0,1016.8,13.9,193.0,0.0,0.724,openaq_ground,3.8888888888888884,Good
2026-02-08 05:00:00,13.0,75.0,1017.6,16.1,95.0,0.0,0.78,openaq_ground,3.8888888888888884,Good
2026-02-08 06:00:00,12.7,72.0,1017.7,9.1,56.0,0.0,0.746,openaq_ground,3.8888888888888884,Good
2026-02-08 07:00:00,12.6,72.0,1017.8,7.7,33.0,0.0,1.0148,openaq_ground,5.555555555555555,Good
2026-02-08 08:00:00,11.2,80.0,1018.3,7.6,28.0,0.0,0.970866,openaq_ground,5.0,Good
2026-02-08 09:00:00,10.0,87.0,1019.3,4.3,2.0,0.0,1.1146,openaq_ground,6.111111111111112,Good
2026-02-08 10:00:00,10.6,84.0,1019.7,5.0,319.0,0.1,1.2696,openaq_ground,6.666666666666666,Good
2026-02-08 11:00:00,10.8,86.0,1020.2,5.7,294.0,0.1,1.0988,openaq_ground,5.555555555555555,Good
2026-02-08 12:00:00,10.9,82.0,1020.3,7.0,291.0,0.0,0.7424999999999999,openaq_ground,3.8888888888888884,Good
2026-02-08 13:00:00,10.5,73.0,1020.1,9.9,268.0,0.0,0.5194,openaq_ground,2.7777777777777777,Good
2026-02-08 14:00:00,8.8,79.0,1019.4,5.3,303.0,0.0,0.65576,openaq_ground,3.333333333333333,Good
2026-02-08 15:00:00,8.2,81.0,1019.1,5.7,328.0,0.0,0.5596,openaq_ground,2.7777777777777777,Good
2026-02-08 16:00:00,7.7,82.0,1019.1,5.2,335.0,0.0,0.4816399999999999,openaq_ground,2.2222222222222223,Good
2026-02-08 17:00:00,7.1,86.0,1019.2,3.9,336.0,0.0,0.5204,openaq_ground,2.7777777777777777,Good
2026-02-08 18:00:00,7.1,87.0,1019.9,4.9,324.0,0.0,0.755266,openaq_ground,3.8888888888888884,Good
2026-02-08 19:00:00,8.7,85.0,1020.6,6.8,323.0,0.0,0.71242,openaq_ground,3.8888888888888884,Good
2026-02-08 20:00:00,11.3,72.0,1020.9,7.9,281.0,0.0,0.5354,openaq_ground,2.7777777777777777,Good
2026-02-08 21:00:00,12.7,65.0,1021.0,11.1,261.0,0.0,0.3434,openaq_ground,1.6666666666666665,Good
2026-02-08 22:00:00,13.8,60.0,1021.0,12.4,249.0,0.0,0.2449999999999999,openaq_ground,1.1111111111111112,Good
2026-02-08 23:00:00,14.4,58.0,1020.8,10.3,243.0,0.0,0.54676,openaq_ground,2.7777777777777777,Good
2026-02-09 00:00:00,15.6,54.0,1020.4,9.4,220.0,0.0,0.82538,openaq_ground,4.444444444444445,Good
2026-02-09 01:00:00,15.9,54.0,1020.5,9.7,182.0,0.0,0.78776,openaq_ground,3.8888888888888884,Good
2026-02-09 02:00:00,14.7,63.0,1020.7,14.6,128.0,0.0,0.6068,openaq_ground,3.333333333333333,Good
2026-02-09 03:00:00,15.1,64.0,1020.2,11.2,80.0,0.0,0.484,openaq_ground,2.2222222222222223,Good
2026-02-09 04:00:00,15.6,62.0,1019.8,12.6,76.0,0.0,0.6599999999999999,openaq_ground,3.333333333333333,Good
2026-02-09 05:00:00,14.7,64.0,1019.6,14.5,73.0,0.0,0.6344,openaq_ground,3.333333333333333,Good
2026-02-09 06:00:00,14.0,63.0,1019.8,14.9,60.0,0.0,0.4655999999999999,openaq_ground,2.2222222222222223,Good
2026-02-09 07:00:00,12.9,68.0,1019.6,15.4,53.0,0.0,0.435566,openaq_ground,2.2222222222222223,Good
2026-02-09 08:00:00,11.6,75.0,1019.8,13.6,49.0,0.0,0.522166,openaq_ground,2.7777777777777777,Good
2026-02-09 09:00:00,11.0,78.0,1020.2,13.0,47.0,0.0,0.754366,openaq_ground,3.8888888888888884,Good
2026-02-09 10:00:00,10.7,81.0,1019.6,15.3,42.0,0.0,0.8237,openaq_ground,4.444444444444445,Good
2026-02-09 11:00:00,10.8,83.0,1019.1,16.7,40.0,0.0,1.1601,openaq_ground,6.111111111111112,Good
2026-02-09 12:00:00,10.7,85.0,1018.5,16.8,35.0,0.0,1.3558,openaq_ground,7.222222222222222,Good
2026-02-09 13:00:00,11.5,86.0,1017.9,16.7,32.0,0.0,1.6567999999999998,openaq_ground,8.88888888888889,Good
2026-02-09 14:00:00,11.9,87.0,1017.0,15.5,28.0,0.0,1.954266,openaq_ground,10.555555555555555,Good
2026-02-09 15:00:00,11.7,87.0,1016.3,11.9,20.0,0.0,2.00794,openaq_ground,11.11111111111111,Good
2026-02-09 16:00:00,11.2,87.0,1015.7,12.2,13.0,0.0,1.90832,openaq_ground,10.555555555555555,Good
2026-02-09 17:00:00,11.5,82.0,1015.1,12.3,12.0,0.0,1.435266,openaq_ground,7.777777777777777,Good
2026-02-09 18:00:00,12.1,84.0,1014.4,15.9,20.0,0.3,1.52174,openaq_ground,8.333333333333332,Good
2026-02-09 19:00:00,12.6,80.0,1014.0,15.0,19.0,0.0,1.909166,openaq_ground,10.555555555555555,Good
2026-02-09 20:00:00,13.2,78.0,1014.1,11.4,18.0,0.2,1.894266,openaq_ground,10.0,Good
2026-02-09 21:00:00,13.5,80.0,1013.7,13.4,22.0,0.6,2.0041,openaq_ground,11.11111111111111,Good
2026-02-09 22:00:00,13.3,87.0,1013.1,11.7,25.0,0.5,1.7283000000000002,openaq_ground,9.444444444444445,Good
2026-02-09 23:00:00,14.5,89.0,1012.4,11.6,24.0,0.3,1.61934,openaq_ground,8.88888888888889,Good
2026-02-10 00:00:00,16.7,86.0,1011.6,10.1,24.0,0.1,2.3343,openaq_ground,12.777777777777777,Good
2026-02-10 01:00:00,18.9,80.0,1011.3,10.5,357.0,0.0,3.273000000000001,openaq_ground,17.77777777777778,Good
2026-02-10 02:00:00,18.2,81.0,1011.1,11.6,58.0,2.1,5.026,openaq_ground,27.77777777777778,Good
2026-02-10 03:00:00,17.9,90.0,1010.2,14.7,41.0,0.1,4.2166,openaq_ground,23.333333333333332,Good
2026-02-10 04:00:00,17.8,92.0,1010.2,10.8,38.0,0.0,2.3684000000000003,openaq_ground,12.777777777777777,Good
2026-02-10 05:00:00,18.2,94.0,1010.6,2.7,90.0,0.5,3.858,openaq_ground,21.11111111111111,Good
2026-02-10 06:00:00,19.3,88.0,1011.0,8.7,230.0,0.0,2.32266,openaq_ground,12.777777777777777,Good
2026-02-10 07:00:00,18.3,85.0,1011.7,9.0,241.0,0.0,4.1516,openaq_ground,22.777777777777775,Good
2026-02-10 08:00:00,17.2,85.0,1012.4,8.0,279.0,0.1,3.028,openaq_ground,16.666666666666664,Good
2026-02-10 09:00:00,16.5,84.0,1013.3,11.3,256.0,0.1,1.9652,openaq_ground,10.555555555555555,Good
2026-02-10 10:00:00,15.7,89.0,1013.8,12.0,246.0,0.0,1.8978,openaq_ground,10.0,Good
2026-02-10 11:00:00,14.8,95.0,1014.5,11.8,219.0,0.0,2.218766,openaq_ground,12.222222222222223,Good
2026-02-10 12:00:00,13.0,96.0,1015.7,14.9,202.0,0.0,1.7285999999999997,openaq_ground,9.444444444444445,Good
2026-02-10 13:00:00,12.6,96.0,1016.0,14.2,209.0,0.2,1.60204,openaq_ground,8.88888888888889,Good
2026-02-10 14:00:00,12.3,95.0,1016.2,11.3,213.0,0.1,1.4571999999999998,openaq_ground,7.777777777777777,Good
2026-02-10 15:00:00,12.1,95.0,1016.4,8.6,221.0,0.0,1.2456,openaq_ground,6.666666666666666,Good
2026-02-10 16:00:00,12.0,96.0,1016.4,7.9,215.0,0.0,1.144,openaq_ground,6.111111111111112,Good
2026-02-10 17:00:00,11.7,97.0,1016.7,6.3,219.0,0.0,1.129,openaq_ground,6.111111111111112,Good
2026-02-10 18:00:00,11.6,96.0,1017.7,6.1,214.0,0.0,1.25244,openaq_ground,6.666666666666666,Good
2026-02-10 19:00:00,11.9,93.0,1018.5,6.1,208.0,0.0,1.3176,openaq_ground,7.222222222222222,Good
2026-02-10 20:00:00,12.2,91.0,1018.6,5.1,203.0,0.0,0.8696659999999999,openaq_ground,4.444444444444445,Good
2026-02-10 21:00:00,12.9,88.0,1018.8,4.6,191.0,0.0,2.0224,openaq_ground,11.11111111111111,Good
2026-02-10 22:00:00,13.4,87.0,1018.8,3.7,151.0,0.0,2.45034,openaq_ground,13.333333333333332,Good
2026-02-10 23:00:00,14.4,83.0,1018.7,4.8,110.0,0.0,2.556966,openaq_ground,13.88888888888889,Good
2026-02-11 00:00:00,14.6,82.0,1018.0,6.1,88.0,0.0,2.786366,openaq_ground,15.0,Good
2026-02-11 01:00:00,15.8,79.0,1017.2,10.5,77.0,0.0,1.8739,openaq_ground,10.0,Good
2026-02-11 02:00:00,16.3,78.0,1016.6,12.9,54.0,0.0,1.369666,openaq_ground,7.222222222222222,Good
2026-02-11 03:00:00,16.6,77.0,1015.5,15.3,39.0,0.0,1.98256,openaq_ground,10.555555555555555,Good
2026-02-11 04:00:00,15.8,79.0,1014.8,16.0,44.0,0.0,1.97014,openaq_ground,10.555555555555555,Good
2026-02-11 05:00:00,15.4,81.0,1014.4,16.5,36.0,0.0,2.37254,openaq_ground,12.777777777777777,Good
2026-02-11 06:00:00,14.9,84.0,1013.9,16.8,42.0,0.0,2.3819000000000004,openaq_ground,12.777777777777777,Good
2026-02-11 07:00:00,14.2,85.0,1013.9,17.5,37.0,0.0,2.60514,openaq_ground,14.444444444444445,Good
2026-02-11 08:00:00,13.1,91.0,1014.0,16.9,33.0,0.0,3.1282,openaq_ground,17.22222222222222,Good
2026-02-11 09:00:00,12.7,94.0,1014.4,17.4,31.0,0.0,4.89,openaq_ground,26.666666666666664,Good
2026-02-11 10:00:00,12.7,94.0,1014.5,16.1,28.0,0.0,3.4258,openaq_ground,18.88888888888889,Good
2026-02-11 11:00:00,13.1,92.0,1014.0,15.7,30.0,0.0,1.79886,openaq_ground,9.444444444444445,Good
2026-02-11 12:00:00,13.2,93.0,1013.8,16.9,30.0,0.0,2.0012,openaq_ground,11.11111111111111,Good
2026-02-11 13:00:00,13.6,91.0,1013.4,16.4,27.0,0.0,2.99954,openaq_ground,16.11111111111111,Good
2026-02-11 14:00:00,13.8,90.0,1012.9,15.5,27.0,0.0,4.3032,openaq_ground,23.888888888888886,Good
2026-02-11 15:00:00,13.9,91.0,1012.3,14.7,26.0,0.0,3.896,openaq_ground,21.11111111111111,Good
2026-02-11 16:00:00,14.0,91.0,1011.5,16.0,26.0,0.0,3.623,openaq_ground,20.0,Good
2026-02-11 17:00:00,13.9,92.0,1010.9,16.2,26.0,0.0,3.9454,openaq_ground,21.666666666666664,Good
2026-02-11 18:00:00,13.9,92.0,1010.3,16.4,30.0,0.0,4.256600000000001,openaq_ground,23.333333333333332,Good
2026-02-11 19:00:00,14.8,88.0,1010.4,13.5,19.0,0.0,3.165,openaq_ground,17.22222222222222,Good
2026-02-11 20:00:00,16.0,84.0,1010.2,13.3,25.0,0.0,2.6478,openaq_ground,14.444444444444445,Good
2026-02-11 21:00:00,17.5,80.0,1009.8,14.5,32.0,0.0,2.8120000000000003,openaq_ground,15.555555555555554,Good
2026-02-11 22:00:00,19.0,77.0,1009.1,17.5,37.0,0.0,3.677,openaq_ground,20.0,Good
2026-02-11 23:00:00,19.9,74.0,1008.2,20.1,40.0,0.0,5.63,openaq_ground,31.111111111111107,Good
2026-02-12 00:00:00,20.8,73.0,1006.7,22.6,41.0,0.0,6.1240000000000006,openaq_ground,33.888888888888886,Good
2026-02-12 01:00:00,21.3,73.0,1006.3,24.9,37.0,0.0,5.788,openaq_ground,31.666666666666668,Good
2026-02-12 02:00:00,21.6,72.0,1005.7,23.7,41.0,0.0,6.746,openaq_ground,37.22222222222222,Good
2026-02-12 03:00:00,21.1,73.0,1005.0,25.4,41.0,0.0,8.862,openaq_ground,48.88888888888889,Good
2026-02-12 04:00:00,20.1,76.0,1004.3,24.2,41.0,0.0,7.81,openaq_ground,43.33333333333333,Good
2026-02-12 05:00:00,19.4,78.0,1003.6,24.5,42.0,0.0,5.568,openaq_ground,30.555555555555554,Good
2026-02-12 06:00:00,18.6,81.0,1002.8,25.1,42.0,0.0,3.8058,openaq_ground,21.11111111111111,Good
2026-02-12 07:00:00,17.4,85.0,1002.4,25.3,41.0,0.0,4.378,openaq_ground,23.888888888888886,Good
2026-02-12 08:00:00,16.4,89.0,1002.1,25.1,40.0,0.0,5.252,openaq_ground,28.88888888888889,Good
2026-02-12 09:00:00,15.9,91.0,1001.9,23.4,37.0,0.0,5.7700000000000005,openaq_ground,31.666666666666668,Good
2026-02-12 10:00:00,15.7,91.0,1001.3,21.8,35.0,0.0,5.918,openaq_ground,32.77777777777778,Good
2026-02-12 11:00:00,15.6,92.0,1000.7,19.0,31.0,0.0,5.758,openaq_ground,31.666666666666668,Good
2026-02-12 12:00:00,15.7,91.0,999.7,20.0,39.0,0.0,6.878,openaq_ground,37.77777777777778,Good
2026-02-12 13:00:00,16.3,85.0,998.6,19.0,38.0,0.0,6.468000000000001,openaq_ground,35.55555555555556,Good
2026-02-12 14:00:00,16.5,81.0,997.4,17.8,47.0,0.0,7.0920000000000005,openaq_ground,38.888888888888886,Good
2026-02-12 15:00:00,17.2,71.0,996.4,19.5,44.0,0.0,6.720000000000001,openaq_ground,37.22222222222222,Good
2026-02-12 16:00:00,17.6,66.0,995.7,19.1,42.0,0.0,7.498,openaq_ground,41.111111111111114,Good
2026-02-12 17:00:00,16.8,71.0,994.8,16.9,51.0,0.0,7.94,openaq_ground,43.88888888888889,Good
2026-02-12 18:00:00,17.8,62.0,993.9,21.5,43.0,0.0,7.866,openaq_ground,43.33333333333333,Good
2026-02-12 19:00:00,17.9,63.0,993.5,21.4,51.0,0.0,5.21,openaq_ground,28.88888888888889,Good
2026-02-12 20:00:00,19.5,57.0,994.5,23.0,35.0,0.0,3.5132000000000003,openaq_ground,19.444444444444443,Good
2026-02-12 21:00:00,20.7,56.0,994.9,23.5,39.0,0.0,2.8918,openaq_ground,15.555555555555554,Good
2026-02-12 22:00:00,16.6,90.0,998.6,24.1,218.0,1.3,0.8398,openaq_ground,4.444444444444445,Good
2026-02-12 23:00:00,13.6,93.0,1000.0,14.2,250.0,1.9,0.02446,openaq_ground,0.0,Good
2026-02-13 00:00:00,13.5,87.0,1001.2,10.5,215.0,2.1,0.272366,openaq_ground,1.1111111111111112,Good
2026-02-13 01:00:00,12.7,94.0,1001.5,14.8,209.0,0.9,0.3375,openaq_ground,1.6666666666666665,Good
2026-02-13 02:00:00,13.0,90.0,1002.2,10.6,198.0,1.0,0.7303,openaq_ground,3.8888888888888884,Good
2026-02-13 03:00:00,13.3,87.0,1002.7,7.9,153.0,0.0,0.754,openaq_ground,3.8888888888888884,Good
2026-02-13 04:00:00,14.2,80.0,1003.6,7.8,140.0,0.0,1.006,openaq_ground,5.555555555555555,Good
2026-02-13 05:00:00,13.2,81.0,1004.3,8.2,130.0,0.0,1.021666,openaq_ground,5.555555555555555,Good
2026-02-13 06:00:00,13.6,79.0,1004.9,7.1,124.0,0.1,1.30452,openaq_ground,7.222222222222222,Good
2026-02-13 07:00:00,13.3,81.0,1005.8,7.9,87.0,0.0,1.33068,openaq_ground,7.222222222222222,Good
2026-02-13 08:00:00,12.2,86.0,1006.9,5.6,68.0,0.3,1.4784,openaq_ground,7.777777777777777,Good
2026-02-13 09:00:00,11.8,93.0,1008.0,7.9,51.0,0.6,1.58806,openaq_ground,8.333333333333332,Good
2026-02-13 10:00:00,11.6,94.0,1008.5,8.5,28.0,0.2,1.592,openaq_ground,8.333333333333332,Good
2026-02-13 11:00:00,11.5,94.0,1008.3,6.1,14.0,0.1,0.952,openaq_ground,5.0,Good
2026-02-13 12:00:00,11.5,93.0,1008.8,0.3,315.0,0.0,0.92894,openaq_ground,5.0,Good
2026-02-13 13:00:00,10.5,95.0,1008.9,2.2,9.0,0.1,0.84154,openaq_ground,4.444444444444445,Good
2026-02-13 14:00:00,11.4,92.0,1009.0,4.0,18.0,0.1,0.8988999999999999,openaq_ground,4.444444444444445,Good
2026-02-13 15:00:00,11.3,93.0,1009.0,6.4,43.0,0.2,0.720944,openaq_ground,3.8888888888888884,Good
2026-02-13 16:00:00,11.3,91.0,1008.8,7.5,57.0,0.0,0.6111660000000001,openaq_ground,3.333333333333333,Good
2026-02-13 17:00:00,11.1,91.0,1008.9,8.0,50.0,0.0,0.54524,openaq_ground,2.7777777777777777,Good
2026-02-13 18:00:00,10.1,92.0,1009.2,9.9,38.0,0.0,0.5164,openaq_ground,2.7777777777777777,Good
2026-02-13 19:00:00,10.7,87.0,1009.2,12.8,34.0,0.0,0.4354,openaq_ground,2.2222222222222223,Good
2026-02-13 20:00:00,12.5,81.0,1009.1,12.0,35.0,0.0,0.2874,openaq_ground,1.1111111111111112,Good
2026-02-13 21:00:00,14.2,75.0,1009.1,12.6,26.0,0.0,0.2006,openaq_ground,1.1111111111111112,Good
2026-02-13 22:00:00,16.0,66.0,1008.9,10.1,16.0,0.0,0.1417999999999999,openaq_ground,0.5555555555555556,Good
2026-02-13 23:00:00,17.4,54.0,1008.8,6.3,59.0,0.1,0.1752,openaq_ground,0.5555555555555556,Good
2026-02-14 00:00:00,17.3,56.0,1008.5,13.1,57.0,0.1,0.305,openaq_ground,1.6666666666666665,Good
2026-02-14 01:00:00,16.6,62.0,1008.4,19.1,65.0,0.2,0.4282,openaq_ground,2.2222222222222223,Good
2026-02-14 02:00:00,15.7,69.0,1008.8,16.9,50.0,0.1,0.8280000000000001,openaq_ground,4.444444444444445,Good
2026-02-14 03:00:00,15.2,74.0,1009.2,12.0,44.0,0.4,0.8002,openaq_ground,4.444444444444445,Good
2026-02-14 04:00:00,14.8,75.0,1009.8,10.1,68.0,0.1,1.537666,openaq_ground,8.333333333333332,Good
2026-02-14 05:00:00,13.3,82.0,1010.8,2.0,63.0,0.4,2.17614,openaq_ground,11.666666666666666,Good
2026-02-14 06:00:00,12.8,84.0,1011.8,2.4,312.0,1.7,0.5632,openaq_ground,2.7777777777777777,Good
2026-02-14 07:00:00,12.5,86.0,1012.0,6.2,237.0,0.2,0.5806,openaq_ground,2.7777777777777777,Good
2026-02-14 08:00:00,11.2,94.0,1013.2,8.2,241.0,0.1,1.27856,openaq_ground,6.666666666666666,Good
2026-02-14 09:00:00,11.0,95.0,1014.4,10.7,248.0,0.1,0.517,openaq_ground,2.7777777777777777,Good
2026-02-14 10:00:00,11.0,94.0,1014.8,10.3,248.0,0.1,0.4582,openaq_ground,2.2222222222222223,Good
2026-02-14 11:00:00,10.6,95.0,1014.7,8.5,252.0,0.0,0.3054,openaq_ground,1.6666666666666665,Good
2026-02-14 12:00:00,9.9,95.0,1014.9,9.5,270.0,0.0,0.3094,openaq_ground,1.6666666666666665,Good
2026-02-14 13:00:00,9.2,94.0,1014.7,7.2,273.0,0.0,0.5342,openaq_ground,2.7777777777777777,Good
2026-02-14 14:00:00,9.2,93.0,1014.8,8.5,263.0,0.0,0.6204000000000001,openaq_ground,3.333333333333333,Good
2026-02-14 15:00:00,9.3,93.0,1014.8,9.2,258.0,0.0,0.8720000000000001,openaq_ground,4.444444444444445,Good
2026-02-14 16:00:00,9.3,92.0,1014.7,8.8,259.0,0.0,0.981766,openaq_ground,5.0,Good
2026-02-14 17:00:00,8.9,92.0,1015.1,7.5,262.0,0.0,0.990566,openaq_ground,5.0,Good
2026-02-14 18:00:00,9.0,91.0,1015.4,8.0,260.0,0.0,0.97156,openaq_ground,5.0,Good
2026-02-14 19:00:00,9.8,91.0,1015.7,10.6,268.0,0.0,0.992,openaq_ground,5.0,Good
2026-02-14 20:00:00,11.0,87.0,1016.1,11.5,262.0,0.0,0.5596,openaq_ground,2.7777777777777777,Good
2026-02-14 21:00:00,12.0,83.0,1016.0,17.4,236.0,0.1,0.8806,openaq_ground,4.444444444444445,Good
2026-02-14 22:00:00,13.1,73.0,1016.0,18.3,225.0,0.2,1.1005660000000002,openaq_ground,6.111111111111112,Good
2026-02-14 23:00:00,13.8,69.0,1015.7,18.1,220.0,0.1,1.6042,openaq_ground,8.88888888888889,Good
2026-02-15 00:00:00,14.3,67.0,1015.3,17.0,207.0,0.1,2.0702,openaq_ground,11.11111111111111,Good
2026-02-15 01:00:00,14.3,71.0,1014.8,17.1,194.0,0.1,1.15756,openaq_ground,6.111111111111112,Good
2026-02-15 02:00:00,13.4,80.0,1014.7,17.1,181.0,0.0,0.5359999999999999,openaq_ground,2.7777777777777777,Good
2026-02-15 03:00:00,13.5,75.0,1014.6,16.9,182.0,0.0,0.7438,openaq_ground,3.8888888888888884,Good
2026-02-15 04:00:00,12.6,78.0,1014.9,17.0,186.0,0.0,0.8242,openaq_ground,4.444444444444445,Good
2026-02-15 05:00:00,12.2,79.0,1015.1,19.2,191.0,0.0,0.7300000000000001,openaq_ground,3.8888888888888884,Good
2026-02-15 06:00:00,11.7,81.0,1015.1,17.7,185.0,0.0,0.9211,openaq_ground,5.0,Good
2026-02-15 07:00:00,11.4,82.0,1015.2,14.7,191.0,0.0,0.977666,openaq_ground,5.0,Good
2026-02-15 08:00:00,11.1,83.0,1015.3,12.5,198.0,0.0,0.962,openaq_ground,5.0,Good
2026-02-15 09:00:00,11.0,80.0,1015.3,12.2,206.0,0.0,1.0812,openaq_ground,5.555555555555555,Good
2026-02-15 10:00:00,10.9,79.0,1015.1,12.0,212.0,0.0,0.934,openaq_ground,5.0,Good
2026-02-15 11:00:00,10.7,81.0,1014.8,11.4,208.0,0.0,0.95956,openaq_ground,5.0,Good
2026-02-15 12:00:00,10.6,79.0,1014.5,12.8,206.0,0.0,0.6530400000000001,openaq_ground,3.333333333333333,Good
2026-02-15 13:00:00,10.6,79.0,1014.3,12.1,203.0,0.1,0.728766,openaq_ground,3.8888888888888884,Good
2026-02-15 14:00:00,10.3,81.0,1014.0,11.5,205.0,0.0,0.7967,openaq_ground,3.8888888888888884,Good
2026-02-15 15:00:00,10.3,82.0,1013.8,11.2,198.0,0.0,0.6635,openaq_ground,3.333333333333333,Good
2026-02-15 16:00:00,10.3,83.0,1013.3,12.6,191.0,0.1,0.64966,openaq_ground,3.333333333333333,Good
2026-02-15 17:00:00,10.3,82.0,1013.5,11.9,180.0,0.2,0.65346,openaq_ground,3.333333333333333,Good
2026-02-15 18:00:00,10.4,84.0,1013.5,11.4,183.0,0.1,0.8905660000000001,openaq_ground,4.444444444444445,Good
2026-02-15 19:00:00,10.4,89.0,1013.3,12.1,177.0,0.3,4.04128,openaq_ground,22.22222222222222,Good
2026-02-15 20:00:00,10.9,88.0,1013.2,15.6,172.0,0.3,1.47424,openaq_ground,7.777777777777777,Good
2026-02-15 21:00:00,11.1,84.0,1013.1,17.4,173.0,0.1,2.35582,openaq_ground,12.777777777777777,Good
2026-02-15 22:00:00,11.2,78.0,1013.3,16.2,176.0,0.1,2.907266,openaq_ground,16.11111111111111,Good
2026-02-15 23:00:00,11.2,82.0,1013.3,17.4,174.0,0.6,1.46284,openaq_ground,7.777777777777777,Good
2026-02-16 00:00:00,10.7,87.0,1012.8,18.5,179.0,0.8,0.9918,openaq_ground,5.0,Good
2026-02-16 01:00:00,11.2,85.0,1012.2,20.0,184.0,0.5,4.427226,openaq_ground,24.444444444444446,Good
2026-02-16 02:00:00,11.7,83.0,1012.0,20.7,181.0,0.5,1.49884,openaq_ground,7.777777777777777,Good
2026-02-16 03:00:00,11.4,85.0,1011.9,20.2,177.0,0.6,1.9504,openaq_ground,10.555555555555555,Good
2026-02-16 04:00:00,11.0,91.0,1011.7,16.9,180.0,0.8,4.321,openaq_ground,23.888888888888886,Good
2026-02-16 05:00:00,10.7,97.0,1011.3,17.1,188.0,0.8,3.67786,openaq_ground,20.0,Good
2026-02-16 06:00:00,10.4,95.0,1010.9,16.1,191.0,0.8,4.0095,openaq_ground,22.22222222222222,Good
2026-02-16 07:00:00,10.4,97.0,1010.5,16.7,194.0,0.6,2.343266,openaq_ground,12.777777777777777,Good
2026-02-16 08:00:00,10.4,96.0,1010.4,17.6,191.0,0.5,2.089266,openaq_ground,11.11111111111111,Good
2026-02-16 09:00:00,10.4,97.0,1010.9,17.0,185.0,0.5,1.163,openaq_ground,6.111111111111112,Good
2026-02-16 10:00:00,10.6,96.0,1010.6,16.8,182.0,0.5,0.7105400000000001,openaq_ground,3.8888888888888884,Good
2026-02-16 11:00:00,10.7,96.0,1010.2,16.0,188.0,0.7,0.214866,openaq_ground,1.1111111111111112,Good
2026-02-16 12:00:00,10.8,96.0,1009.6,17.8,194.0,0.5,0.078366,openaq_ground,0.0,Good
2026-02-16 13:00:00,10.8,98.0,1009.0,19.0,197.0,1.1,0.118066,openaq_ground,0.5555555555555556,Good
2026-02-16 14:00:00,10.9,98.0,1008.7,19.6,199.0,1.6,0.6449999999999999,openaq_ground,3.333333333333333,Good
2026-02-16 15:00:00,10.9,98.0,1008.1,21.6,203.0,1.8,0.3188,openaq_ground,1.6666666666666665,Good
2026-02-16 16:00:00,10.9,98.0,1007.7,22.5,204.0,1.6,0.0940059999999999,openaq_ground,0.0,Good
2026-02-16 17:00:00,10.9,97.0,1007.2,22.7,206.0,1.3,0.2852,openaq_ground,1.1111111111111112,Good
2026-02-16 18:00:00,10.6,97.0,1007.0,21.8,213.0,1.6,2.445466,openaq_ground,13.333333333333332,Good
2026-02-16 19:00:00,10.7,98.0,1006.9,22.3,208.0,3.8,1.891466,openaq_ground,10.0,Good
2026-02-16 20:00:00,10.9,99.0,1006.9,23.0,213.0,3.2,0.9181,openaq_ground,5.0,Good
2026-02-16 21:00:00,11.2,98.0,1006.7,24.1,208.0,3.8,0.2256,openaq_ground,1.1111111111111112,Good
2026-02-16 22:00:00,11.1,98.0,1006.6,22.9,208.0,5.3,0.9764,openaq_ground,5.0,Good
2026-02-16 23:00:00,11.1,97.0,1006.7,24.2,212.0,5.0,0.5126,openaq_ground,2.7777777777777777,Good
2026-02-17 00:00:00,11.2,99.0,1005.7,26.1,214.0,4.2,0.2532,openaq_ground,1.1111111111111112,Good
2026-02-17 01:00:00,11.5,98.0,1005.2,27.0,219.0,4.4,1.4112,openaq_ground,7.777777777777777,Good
2026-02-17 02:00:00,11.8,97.0,1004.9,28.3,218.0,3.3,0.41784,openaq_ground,2.2222222222222223,Good
2026-02-17 03:00:00,11.8,94.0,1004.4,27.3,217.0,2.2,0.4354,openaq_ground,2.2222222222222223,Good
2026-02-17 04:00:00,11.7,97.0,1004.2,24.7,217.0,1.2,0.6234,openaq_ground,3.333333333333333,Good
2026-02-17 05:00:00,11.7,97.0,1003.8,24.0,220.0,1.1,0.6888,openaq_ground,3.333333333333333,Good
2026-02-17 06:00:00,11.6,98.0,1003.6,22.5,221.0,1.3,0.480966,openaq_ground,2.2222222222222223,Good
2026-02-17 07:00:00,11.4,98.0,1003.3,21.9,226.0,0.9,0.4094,openaq_ground,2.2222222222222223,Good
2026-02-17 08:00:00,11.3,98.0,1003.4,21.5,226.0,0.7,1.058,openaq_ground,5.555555555555555,Good
2026-02-17 09:00:00,11.2,98.0,1003.6,20.2,227.0,0.8,0.5395000000000001,openaq_ground,2.7777777777777777,Good
2026-02-17 10:00:00,11.2,98.0,1003.6,18.7,235.0,0.6,0.01744,openaq_ground,0.0,Good
2026-02-17 11:00:00,11.1,98.0,1003.2,18.6,240.0,0.5,0.00556,openaq_ground,0.0,Good
2026-02-17 12:00:00,11.1,95.0,1002.6,19.5,248.0,0.3,0.001666,openaq_ground,0.0,Good
2026-02-17 13:00:00,11.1,95.0,1002.1,18.7,249.0,0.1,0.01112,openaq_ground,0.0,Good
2026-02-17 14:00:00,11.0,95.0,1001.4,18.2,250.0,0.0,0.013926,openaq_ground,0.0,Good
2026-02-17 15:00:00,11.1,94.0,1001.2,17.5,250.0,0.0,0.0222,openaq_ground,0.0,Good
2026-02-17 16:00:00,11.1,94.0,1001.1,16.3,253.0,0.1,0.3312,openaq_ground,1.6666666666666665,Good
2026-02-17 17:00:00,11.1,95.0,1000.8,15.7,260.0,0.1,0.935666,openaq_ground,5.0,Good
2026-02-17 18:00:00,11.5,94.0,1000.7,14.6,261.0,0.1,0.79134,openaq_ground,3.8888888888888884,Good
2026-02-17 19:00:00,11.8,93.0,1000.8,13.2,259.0,0.1,0.55764,openaq_ground,2.7777777777777777,Good
2026-02-17 20:00:00,12.4,91.0,1000.5,12.4,257.0,0.0,0.1116,openaq_ground,0.5555555555555556,Good
2026-02-17 21:00:00,13.6,84.0,1000.5,15.1,244.0,0.0,0.1072999999999999,openaq_ground,0.5555555555555556,Good
2026-02-17 22:00:00,14.6,80.0,1000.4,15.6,237.0,0.0,0.14954,openaq_ground,0.5555555555555556,Good
2026-02-17 23:00:00,15.6,76.0,1000.1,14.9,238.0,0.0,0.2889,openaq_ground,1.1111111111111112,Good
2026-02-18 00:00:00,17.0,71.0,998.9,16.7,236.0,0.0,1.62742,openaq_ground,8.88888888888889,Good
2026-02-18 01:00:00,17.4,72.0,998.3,14.7,213.0,0.0,3.3396,openaq_ground,18.333333333333332,Good
2026-02-18 02:00:00,15.8,84.0,998.1,12.6,170.0,0.0,1.2366,openaq_ground,6.666666666666666,Good
2026-02-18 03:00:00,15.4,86.0,997.5,7.6,162.0,0.0,1.1904,openaq_ground,6.111111111111112,Good
2026-02-18 04:00:00,15.6,86.0,997.2,5.6,163.0,0.0,1.4387599999999998,openaq_ground,7.777777777777777,Good
2026-02-18 05:00:00,15.4,85.0,997.2,6.9,160.0,0.0,1.834,openaq_ground,10.0,Good
2026-02-18 06:00:00,14.4,86.0,997.1,5.8,150.0,0.0,1.9198,openaq_ground,10.555555555555555,Good
2026-02-18 07:00:00,14.2,88.0,996.7,4.7,99.0,0.0,2.51834,openaq_ground,13.88888888888889,Good
2026-02-18 08:00:00,13.4,94.0,996.6,3.2,90.0,0.0,2.2118,openaq_ground,12.222222222222223,Good
2026-02-18 09:00:00,12.8,98.0,996.6,4.0,69.0,0.2,1.7276600000000002,openaq_ground,9.444444444444445,Good
2026-02-18 10:00:00,12.4,99.0,996.1,4.4,58.0,0.1,1.318,openaq_ground,7.222222222222222,Good
2026-02-18 11:00:00,12.3,98.0,995.6,6.1,28.0,0.0,1.22694,openaq_ground,6.666666666666666,Good
2026-02-18 12:00:00,12.3,98.0,995.4,7.1,45.0,0.0,1.1714,openaq_ground,6.111111111111112,Good
2026-02-18 13:00:00,12.6,99.0,994.6,7.8,40.0,0.0,0.9999,openaq_ground,5.0,Good
2026-02-18 14:00:00,13.0,99.0,993.9,8.2,38.0,0.0,0.9082,openaq_ground,5.0,Good
2026-02-18 15:00:00,13.4,98.0,993.4,7.7,37.0,0.0,0.8234,openaq_ground,4.444444444444445,Good
2026-02-18 16:00:00,13.4,97.0,993.2,6.1,24.0,0.0,0.66192,openaq_ground,3.333333333333333,Good
2026-02-18 17:00:00,13.1,98.0,993.1,4.9,358.0,0.0,0.4976,openaq_ground,2.2222222222222223,Good
2026-02-18 18:00:00,12.6,97.0,993.2,8.0,355.0,2.0,1.279,openaq_ground,6.666666666666666,Good
2026-02-18 19:00:00,13.2,96.0,993.1,7.5,33.0,7.8,1.2531,openaq_ground,6.666666666666666,Good
2026-02-18 20:00:00,14.6,97.0,993.6,9.3,18.0,0.1,3.53214,openaq_ground,19.444444444444443,Good
2026-02-18 21:00:00,15.2,91.0,994.8,4.6,261.0,1.1,3.2369,openaq_ground,17.77777777777778,Good
2026-02-18 22:00:00,15.0,89.0,995.7,7.2,242.0,0.1,2.3074000000000003,openaq_ground,12.777777777777777,Good
2026-02-18 23:00:00,15.4,82.0,996.5,13.9,253.0,0.0,1.9576,openaq_ground,10.555555555555555,Good
2026-02-19 00:00:00,18.2,73.0,995.5,10.8,246.0,0.0,1.4620000000000002,openaq_ground,7.777777777777777,Good
2026-02-19 01:00:00,19.7,63.0,994.9,10.6,240.0,0.0,1.1002,openaq_ground,6.111111111111112,Good
2026-02-19 02:00:00,20.2,57.0,995.0,11.4,239.0,0.0,1.168,openaq_ground,6.111111111111112,Good
2026-02-19 03:00:00,19.7,62.0,994.4,7.3,170.0,0.0,1.1892,openaq_ground,6.111111111111112,Good
2026-02-19 04:00:00,19.1,66.0,994.3,7.8,124.0,0.1,1.2851,openaq_ground,6.666666666666666,Good
2026-02-19 05:00:00,15.7,86.0,995.8,7.4,148.0,6.7,2.2304000000000004,openaq_ground,12.222222222222223,Good
2026-02-19 06:00:00,15.0,88.0,996.3,5.8,7.0,0.0,1.8402,openaq_ground,10.0,Good
2026-02-19 07:00:00,14.7,92.0,995.9,6.1,330.0,0.0,1.7447199999999998,openaq_ground,9.444444444444445,Good
2026-02-19 08:00:00,13.2,97.0,996.9,8.6,309.0,5.6,2.9514,openaq_ground,16.11111111111111,Good
2026-02-19 09:00:00,12.5,100.0,997.6,1.7,302.0,0.5,3.9118,openaq_ground,21.666666666666664,Good
2026-02-19 10:00:00,12.4,99.0,997.5,5.7,13.0,0.0,2.632,openaq_ground,14.444444444444445,Good
2026-02-19 11:00:00,11.7,98.0,997.3,7.3,20.0,0.1,2.7698,openaq_ground,15.0,Good
2026-02-19 12:00:00,11.9,97.0,996.8,12.6,38.0,0.0,2.4988,openaq_ground,13.333333333333332,Good
2026-02-19 13:00:00,12.0,98.0,996.2,9.0,29.0,0.1,2.1918999999999995,openaq_ground,11.666666666666666,Good
2026-02-19 14:00:00,12.1,98.0,995.4,10.8,42.0,0.1,2.24284,openaq_ground,12.222222222222223,Good
2026-02-19 15:00:00,12.4,97.0,994.8,8.3,33.0,0.0,1.6687999999999998,openaq_ground,8.88888888888889,Good
2026-02-19 16:00:00,11.9,97.0,995.4,5.2,272.0,3.4,1.54134,openaq_ground,8.333333333333332,Good
2026-02-19 17:00:00,11.2,91.0,996.4,16.5,257.0,1.2,0.159466,openaq_ground,0.5555555555555556,Good
2026-02-19 18:00:00,11.2,88.0,996.8,13.6,255.0,0.0,0.072146,openaq_ground,0.0,Good
2026-02-19 19:00:00,10.8,89.0,997.1,13.4,250.0,0.0,0.040606,openaq_ground,0.0,Good
2026-02-19 20:00:00,11.6,85.0,997.8,17.2,259.0,0.0,0.0565199999999999,openaq_ground,0.0,Good
2026-02-19 21:00:00,12.3,74.0,998.2,21.5,265.0,0.0,0.5226200000000001,openaq_ground,2.7777777777777777,Good
2026-02-19 22:00:00,13.5,62.0,998.7,27.0,264.0,0.0,0.086066,openaq_ground,0.0,Good
2026-02-19 23:00:00,14.5,52.0,998.9,29.6,258.0,0.0,0.06288,openaq_ground,0.0,Good
2026-02-20 00:00:00,15.3,46.0,999.4,29.6,256.0,0.0,0.03726,openaq_ground,0.0,Good
2026-02-20 01:00:00,14.4,55.0,1000.1,26.4,249.0,0.0,0.02276,openaq_ground,0.0,Good
2026-02-20 02:00:00,13.4,62.0,1001.1,28.3,263.0,0.3,0.02948,openaq_ground,0.0,Good
2026-02-20 03:00:00,12.6,65.0,1001.9,32.3,258.0,0.1,0.02224,openaq_ground,0.0,Good
2026-02-20 04:00:00,12.7,63.0,1002.6,30.6,255.0,0.1,0.064028,openaq_ground,0.0,Good
2026-02-20 05:00:00,12.0,73.0,1003.5,28.0,256.0,1.2,0.245,openaq_ground,1.1111111111111112,Good
2026-02-20 06:00:00,11.4,69.0,1004.7,28.8,252.0,0.3,0.1518,openaq_ground,0.5555555555555556,Good
2026-02-20 07:00:00,10.8,71.0,1005.3,30.5,254.0,0.0,0.2714,openaq_ground,1.1111111111111112,Good
2026-02-20 08:00:00,10.0,72.0,1006.3,28.6,256.0,0.0,0.4993999999999999,openaq_ground,2.2222222222222223,Good
2026-02-20 09:00:00,9.6,72.0,1007.1,28.2,256.0,0.0,0.433,openaq_ground,2.2222222222222223,Good
2026-02-20 10:00:00,9.3,73.0,1007.8,27.1,253.0,0.0,0.8316600000000001,openaq_ground,4.444444444444445,Good
2026-02-20 11:00:00,9.2,72.0,1007.8,23.7,253.0,0.0,0.7198399999999999,openaq_ground,3.8888888888888884,Good
2026-02-20 12:00:00,9.2,70.0,1008.3,17.1,262.0,0.0,0.64394,openaq_ground,3.333333333333333,Good
2026-02-20 13:00:00,9.0,72.0,1008.5,12.1,274.0,0.0,0.31016,openaq_ground,1.6666666666666665,Good
2026-02-20 14:00:00,9.4,69.0,1008.5,12.4,278.0,0.0,0.25636,openaq_ground,1.1111111111111112,Good
2026-02-20 15:00:00,9.8,66.0,1008.8,13.9,267.0,0.0,0.26,openaq_ground,1.1111111111111112,Good
2026-02-20 16:00:00,9.3,69.0,1009.0,12.6,268.0,0.0,0.17846,openaq_ground,0.5555555555555556,Good
2026-02-20 17:00:00,9.1,70.0,1009.0,10.6,279.0,0.0,0.1004999999999999,openaq_ground,0.5555555555555556,Good
2026-02-20 18:00:00,8.8,69.0,1009.4,12.0,286.0,0.0,0.12666,openaq_ground,0.5555555555555556,Good
2026-02-20 19:00:00,9.5,68.0,1009.4,11.1,283.0,0.0,0.14514,openaq_ground,0.5555555555555556,Good
2026-02-20 20:00:00,11.0,65.0,1009.6,12.0,277.0,0.0,0.274,openaq_ground,1.1111111111111112,Good
2026-02-20 21:00:00,12.2,62.0,1009.7,10.7,284.0,0.0,0.273,openaq_ground,1.1111111111111112,Good
2026-02-20 22:00:00,13.4,56.0,1009.4,12.1,277.0,0.0,0.219,openaq_ground,1.1111111111111112,Good
2026-02-20 23:00:00,14.8,52.0,1008.6,14.7,262.0,0.0,0.03886,openaq_ground,0.0,Good
2026-02-21 00:00:00,16.0,47.0,1007.1,7.1,19.0,0.0,0.16182,openaq_ground,0.5555555555555556,Good
2026-02-21 01:00:00,16.8,50.0,1005.7,8.0,38.0,0.0,0.2971,openaq_ground,1.1111111111111112,Good
2026-02-21 02:00:00,17.6,50.0,1004.2,12.0,41.0,0.0,0.375,openaq_ground,1.6666666666666665,Good
2026-02-21 03:00:00,17.5,56.0,1002.5,17.4,41.0,0.0,0.6859999999999999,openaq_ground,3.333333333333333,Good
2026-02-21 04:00:00,16.5,69.0,1001.0,23.3,55.0,0.0,1.642944,openaq_ground,8.88888888888889,Good
2026-02-21 05:00:00,15.8,75.0,999.7,24.2,51.0,0.0,1.8546,openaq_ground,10.0,Good
2026-02-21 06:00:00,14.2,84.0,999.4,27.5,45.0,0.0,2.19886,openaq_ground,11.666666666666666,Good
2026-02-21 07:00:00,13.8,84.0,997.8,22.2,39.0,0.0,2.47016,openaq_ground,13.333333333333332,Good
2026-02-21 08:00:00,15.0,63.0,998.0,12.1,332.0,0.0,2.01256,openaq_ground,11.11111111111111,Good
2026-02-21 09:00:00,13.8,55.0,998.5,15.1,319.0,0.0,0.97024,openaq_ground,5.0,Good
2026-02-21 10:00:00,14.1,51.0,998.4,18.3,320.0,0.0,0.3732399999999999,openaq_ground,1.6666666666666665,Good
2026-02-21 11:00:00,13.3,56.0,998.7,9.7,273.0,0.0,0.02718,openaq_ground,0.0,Good
2026-02-21 12:00:00,10.7,71.0,998.5,3.9,326.0,0.0,0.025906,openaq_ground,0.0,Good
2026-02-21 13:00:00,9.5,73.0,998.0,3.1,291.0,0.0,0.0280059999999999,openaq_ground,0.0,Good
2026-02-21 14:00:00,10.2,68.0,998.2,4.0,297.0,0.0,1.1329,openaq_ground,6.111111111111112,Good
2026-02-21 15:00:00,10.8,70.0,998.2,5.2,326.0,0.0,0.1629999999999999,openaq_ground,0.5555555555555556,Good
2026-02-21 16:00:00,11.3,64.0,998.5,13.0,294.0,0.0,0.002948,openaq_ground,0.0,Good
2026-02-21 17:00:00,12.3,56.0,998.5,22.2,287.0,0.0,0.029754,openaq_ground,0.0,Good
2026-02-21 18:00:00,12.4,59.0,999.3,27.7,272.0,0.0,0.0673,openaq_ground,0.0,Good
2026-02-21 19:00:00,12.0,65.0,1000.3,27.2,273.0,0.0,0.03386,openaq_ground,0.0,Good
2026-02-21 20:00:00,11.6,67.0,1000.8,32.0,270.0,0.0,0.2116,openaq_ground,1.1111111111111112,Good
2026-02-21 21:00:00,12.0,73.0,1001.9,29.9,261.0,0.1,1.217,openaq_ground,6.666666666666666,Good
2026-02-21 22:00:00,12.0,74.0,1002.8,33.8,254.0,0.0,1.2271,openaq_ground,6.666666666666666,Good
2026-02-21 23:00:00,12.8,70.0,1003.3,35.7,251.0,0.0,1.19724,openaq_ground,6.111111111111112,Good
2026-02-22 00:00:00,14.8,57.0,1004.2,40.7,244.0,0.0,0.914566,openaq_ground,5.0,Good
2026-02-22 01:00:00,14.7,59.0,1005.1,39.3,244.0,0.0,0.9579,openaq_ground,5.0,Good
2026-02-22 02:00:00,14.6,62.0,1005.6,35.3,247.0,0.0,0.8022400000000001,openaq_ground,4.444444444444445,Good
2026-02-22 03:00:00,14.9,59.0,1006.1,35.3,241.0,0.0,0.7645660000000001,openaq_ground,3.8888888888888884,Good
2026-02-22 04:00:00,14.8,59.0,1006.5,36.2,242.0,0.0,0.8935000000000001,openaq_ground,4.444444444444445,Good
2026-02-22 05:00:00,14.4,59.0,1007.2,32.9,242.0,0.0,0.85674,openaq_ground,4.444444444444445,Good
2026-02-22 06:00:00,14.2,60.0,1008.4,25.5,243.0,0.0,1.728066,openaq_ground,9.444444444444445,Good
2026-02-22 07:00:00,13.3,65.0,1009.2,21.2,243.0,0.0,1.1854599999999995,openaq_ground,6.111111111111112,Good
2026-02-22 08:00:00,12.1,71.0,1010.3,19.3,246.0,0.0,1.21268,openaq_ground,6.666666666666666,Good
2026-02-22 09:00:00,11.3,75.0,1011.3,16.4,257.0,0.0,1.07586,openaq_ground,5.555555555555555,Good
2026-02-22 10:00:00,10.4,80.0,1011.6,14.8,269.0,0.0,0.99328,openaq_ground,5.0,Good
2026-02-22 11:00:00,10.0,81.0,1012.0,14.7,259.0,0.0,0.89552,openaq_ground,4.444444444444445,Good
2026-02-22 12:00:00,9.1,80.0,1012.6,11.1,277.0,0.0,0.93048,openaq_ground,5.0,Good
2026-02-22 13:00:00,8.6,82.0,1012.9,9.2,281.0,0.0,0.87934,openaq_ground,4.444444444444445,Good
2026-02-22 14:00:00,8.2,84.0,1012.6,5.8,309.0,0.0,0.8624600000000001,openaq_ground,4.444444444444445,Good
2026-02-22 15:00:00,7.5,85.0,1012.2,3.6,333.0,0.0,0.73772,openaq_ground,3.8888888888888884,Good
2026-02-22 16:00:00,6.0,92.0,1012.1,4.7,351.0,0.0,0.8788,openaq_ground,4.444444444444445,Good
2026-02-22 17:00:00,4.4,95.0,1012.2,6.5,357.0,0.0,1.0138,openaq_ground,5.555555555555555,Good
2026-02-22 18:00:00,5.0,91.0,1012.5,10.5,7.0,0.0,1.7806000000000002,openaq_ground,9.444444444444445,Good
2026-02-22 19:00:00,6.7,87.0,1012.2,11.3,20.0,0.0,1.75934,openaq_ground,9.444444444444445,Good
2026-02-22 20:00:00,10.0,82.0,1012.1,9.1,38.0,0.0,1.1166,openaq_ground,6.111111111111112,Good
2026-02-22 21:00:00,12.8,76.0,1011.2,11.0,40.0,0.0,1.1994399999999998,openaq_ground,6.111111111111112,Good
2026-02-22 22:00:00,15.1,69.0,1010.4,13.6,36.0,0.0,1.48896,openaq_ground,7.777777777777777,Good
2026-02-22 23:00:00,16.6,68.0,1009.6,15.4,36.0,0.0,2.0618000000000003,openaq_ground,11.11111111111111,Good
2026-02-23 00:00:00,17.7,70.0,1008.5,17.4,37.0,0.0,2.6564,openaq_ground,14.444444444444445,Good
2026-02-23 01:00:00,19.0,70.0,1007.5,18.8,38.0,0.0,3.742,openaq_ground,20.555555555555557,Good
2026-02-23 02:00:00,19.2,72.0,1006.1,21.3,41.0,0.0,4.254,openaq_ground,23.333333333333332,Good
2026-02-23 03:00:00,19.2,75.0,1004.8,20.1,40.0,0.0,4.522,openaq_ground,25.0,Good
2026-02-23 04:00:00,19.0,78.0,1004.2,19.3,42.0,0.0,4.49,openaq_ground,24.444444444444446,Good
2026-02-23 05:00:00,18.2,83.0,1004.0,17.1,49.0,0.0,4.728,openaq_ground,26.11111111111111,Good
2026-02-23 06:00:00,17.0,88.0,1003.5,15.7,50.0,0.0,4.574,openaq_ground,25.0,Good
2026-02-23 07:00:00,16.5,88.0,1003.0,14.9,47.0,0.0,4.916,openaq_ground,27.222222222222225,Good
2026-02-23 08:00:00,16.7,81.0,1003.2,13.6,30.0,0.0,4.496,openaq_ground,24.444444444444446,Good
2026-02-23 09:00:00,17.2,62.0,1004.4,8.7,30.0,0.9,1.904,openaq_ground,10.555555555555555,Good
2026-02-23 10:00:00,16.3,67.0,1004.7,8.4,16.0,0.2,1.1556000000000002,openaq_ground,6.111111111111112,Good
2026-02-23 11:00:00,16.0,60.0,1006.1,4.4,348.0,0.0,0.868,openaq_ground,4.444444444444445,Good
2026-02-23 12:00:00,16.0,66.0,1008.1,20.7,240.0,0.0,1.9486,openaq_ground,10.555555555555555,Good
2026-02-23 13:00:00,15.1,82.0,1010.3,22.5,246.0,0.3,0.933,openaq_ground,5.0,Good
2026-02-23 14:00:00,13.3,89.0,1012.1,20.4,232.0,0.3,0.98584,openaq_ground,5.0,Good
2026-02-23 15:00:00,12.8,86.0,1012.9,18.7,241.0,0.0,0.73284,openaq_ground,3.8888888888888884,Good
2026-02-23 16:00:00,12.2,85.0,1014.1,20.0,248.0,0.0,2.5980000000000003,openaq_ground,13.88888888888889,Good
2026-02-23 17:00:00,11.2,86.0,1015.1,18.1,253.0,0.0,1.93406,openaq_ground,10.555555555555555,Good
2026-02-23 18:00:00,10.8,86.0,1017.0,16.0,247.0,0.0,1.78656,openaq_ground,9.444444444444445,Good
2026-02-23 19:00:00,11.0,84.0,1018.3,14.9,252.0,0.0,1.6433600000000002,openaq_ground,8.88888888888889,Good
2026-02-23 20:00:00,12.4,78.0,1019.2,14.7,252.0,0.0,1.2323,openaq_ground,6.666666666666666,Good
2026-02-23 21:00:00,13.6,72.0,1019.9,16.2,247.0,0.0,1.084766,openaq_ground,5.555555555555555,Good
2026-02-23 22:00:00,14.7,65.0,1020.8,18.8,236.0,0.0,1.32014,openaq_ground,7.222222222222222,Good
2026-02-23 23:00:00,15.6,61.0,1021.2,15.3,229.0,0.0,1.40756,openaq_ground,7.777777777777777,Good
2026-02-24 00:00:00,16.5,57.0,1021.2,13.6,222.0,0.0,1.701766,openaq_ground,9.444444444444445,Good
2026-02-24 01:00:00,17.0,56.0,1021.4,12.2,207.0,0.0,3.1213,openaq_ground,17.22222222222222,Good
2026-02-24 02:00:00,16.8,61.0,1021.7,10.8,169.0,0.0,2.114,openaq_ground,11.666666666666666,Good
2026-02-24 03:00:00,16.0,69.0,1021.8,10.6,152.0,0.0,1.36924,openaq_ground,7.222222222222222,Good
2026-02-24 04:00:00,15.5,69.0,1022.1,9.4,156.0,0.0,1.81,openaq_ground,10.0,Good
2026-02-24 05:00:00,15.2,71.0,1022.5,7.7,123.0,0.0,0.971,openaq_ground,5.0,Good
2026-02-24 06:00:00,14.7,74.0,1022.7,11.8,64.0,0.0,1.399306,openaq_ground,7.222222222222222,Good
2026-02-24 07:00:00,13.5,78.0,1022.7,12.2,56.0,0.0,1.4467659999999998,openaq_ground,7.777777777777777,Good
2026-02-24 08:00:00,12.2,82.0,1022.7,12.4,51.0,0.0,1.54,openaq_ground,8.333333333333332,Good
2026-02-24 09:00:00,11.8,79.0,1023.1,13.9,46.0,0.0,1.52,openaq_ground,8.333333333333332,Good
2026-02-24 10:00:00,11.7,77.0,1022.6,15.8,35.0,0.0,1.58,openaq_ground,8.333333333333332,Good
2026-02-24 11:00:00,11.4,75.0,1022.1,14.7,36.0,0.0,2.04,openaq_ground,11.11111111111111,Good
2026-02-24 12:00:00,10.9,79.0,1021.6,14.2,35.0,0.0,1.6,openaq_ground,8.88888888888889,Good
2026-02-24 13:00:00,10.4,83.0,1021.1,13.2,31.0,0.0,1.86,openaq_ground,10.0,Good
2026-02-24 14:00:00,10.0,85.0,1020.4,14.2,27.0,0.0,2.4200000000000004,openaq_ground,13.333333333333332,Good
2026-02-24 15:00:00,10.1,82.0,1019.7,16.4,27.0,0.0,3.6,openaq_ground,20.0,Good
2026-02-24 16:00:00,10.3,79.0,1018.7,17.5,28.0,0.0,4.7,openaq_ground,26.11111111111111,Good
2026-02-24 17:00:00,10.4,79.0,1018.3,15.9,23.0,0.0,4.62,openaq_ground,25.555555555555554,Good
2026-02-24 18:00:00,10.3,78.0,1018.4,16.0,21.0,0.0,3.82,openaq_ground,21.11111111111111,Good
2026-02-24 19:00:00,11.0,78.0,1018.2,16.9,23.0,0.0,3.06,openaq_ground,16.666666666666664,Good
2026-02-24 20:00:00,13.4,77.0,1017.8,15.4,29.0,0.0,2.9200000000000004,openaq_ground,16.11111111111111,Good
2026-02-24 21:00:00,15.7,72.0,1017.2,13.2,35.0,0.0,2.62,openaq_ground,14.444444444444445,Good
2026-02-24 22:00:00,17.6,69.0,1016.6,12.3,37.0,0.0,2.88,openaq_ground,15.555555555555554,Good
2026-02-24 23:00:00,19.1,70.0,1015.9,10.7,42.0,0.0,3.28,openaq_ground,17.77777777777778,Good
2026-02-25 00:00:00,20.5,69.0,1014.3,12.9,46.0,0.0,3.2,openaq_ground,17.77777777777778,Good
2026-02-25 01:00:00,21.4,69.0,1012.6,16.2,44.0,0.0,3.3600000000000003,openaq_ground,18.333333333333332,Good
2026-02-25 02:00:00,22.0,70.0,1011.1,16.0,45.0,0.0,4.24,openaq_ground,23.333333333333332,Good
2026-02-25 03:00:00,23.1,68.0,1009.9,14.4,43.0,0.0,4.7,openaq_ground,26.11111111111111,Good
2026-02-25 04:00:00,24.1,61.0,1009.1,11.1,42.0,0.0,4.14,openaq_ground,22.777777777777775,Good
2026-02-25 05:00:00,24.3,59.0,1008.7,7.3,38.0,0.0,3.46,openaq_ground,18.88888888888889,Good
2026-02-25 06:00:00,23.0,73.0,1008.1,6.5,48.0,0.0,3.4,openaq_ground,18.88888888888889,Good
2026-02-25 07:00:00,21.2,76.0,1007.8,4.8,15.0,0.0,3.72,openaq_ground,20.555555555555557,Good
2026-02-25 08:00:00,19.3,58.0,1008.3,6.9,284.0,0.0,4.12,openaq_ground,22.777777777777775,Good
2026-02-25 09:00:00,19.4,58.0,1008.8,8.6,269.0,0.0,6.779999999999999,openaq_ground,37.22222222222222,Good
2026-02-25 10:00:00,17.1,71.0,1009.1,3.6,279.0,0.0,7.040000000000001,openaq_ground,38.888888888888886,Good
2026-02-25 11:00:00,17.3,69.0,1008.6,0.4,27.0,0.0,6.2,openaq_ground,34.44444444444444,Good
2026-02-25 12:00:00,15.5,82.0,1008.3,1.8,294.0,0.0,5.38,openaq_ground,29.444444444444443,Good
2026-02-25 13:00:00,15.3,82.0,1008.7,9.0,215.0,0.0,4.74,openaq_ground,26.11111111111111,Good
2026-02-25 14:00:00,13.5,95.0,1008.9,8.8,221.0,0.0,4.64,openaq_ground,25.555555555555554,Good
2026-02-25 15:00:00,13.3,96.0,1009.0,7.0,271.0,0.2,4.76,openaq_ground,26.11111111111111,Good
2026-02-25 16:00:00,13.2,96.0,1009.0,7.7,242.0,2.1,4.76,openaq_ground,26.11111111111111,Good
2026-02-25 17:00:00,12.8,99.0,1009.4,14.3,219.0,1.8,3.54,openaq_ground,19.444444444444443,Good
2026-02-25 18:00:00,12.4,98.0,1009.7,12.4,196.0,2.5,0.24,openaq_ground,1.1111111111111112,Good
2026-02-25 19:00:00,11.7,99.0,1010.8,19.0,207.0,2.2,0.4,openaq_ground,2.2222222222222223,Good
2026-02-25 20:00:00,11.3,97.0,1011.7,19.4,215.0,3.1,1.66,openaq_ground,8.88888888888889,Good
2026-02-25 21:00:00,11.0,96.0,1012.4,21.8,211.0,2.1,1.9,openaq_ground,10.555555555555555,Good
2026-02-25 22:00:00,11.1,90.0,1013.2,23.0,213.0,0.6,1.2799999999999998,openaq_ground,6.666666666666666,Good
2026-02-25 23:00:00,10.7,88.0,1013.4,22.5,212.0,0.4,1.12,openaq_ground,6.111111111111112,Good
2026-02-26 00:00:00,10.3,86.0,1013.7,20.5,209.0,0.2,1.36,openaq_ground,7.222222222222222,Good
2026-02-26 01:00:00,10.6,85.0,1014.0,17.9,214.0,0.8,1.36,openaq_ground,7.222222222222222,Good
2026-02-26 02:00:00,10.5,85.0,1014.0,17.3,213.0,0.5,1.98,openaq_ground,10.555555555555555,Good
2026-02-26 03:00:00,11.0,75.0,1013.9,16.3,209.0,0.1,2.52,openaq_ground,13.88888888888889,Good
2026-02-26 04:00:00,11.3,69.0,1014.0,15.8,207.0,0.0,1.66,openaq_ground,8.88888888888889,Good
2026-02-26 05:00:00,11.3,72.0,1014.2,15.3,197.0,0.0,2.14,openaq_ground,11.666666666666666,Good
2026-02-26 06:00:00,11.1,70.0,1014.7,13.7,196.0,0.0,2.62,openaq_ground,14.444444444444445,Good
2026-02-26 07:00:00,11.0,71.0,1015.2,11.4,196.0,0.0,3.4,openaq_ground,18.88888888888889,Good
2026-02-26 08:00:00,10.7,70.0,1015.6,10.3,203.0,0.0,2.8,openaq_ground,15.555555555555554,Good
2026-02-26 09:00:00,10.3,73.0,1016.1,9.2,215.0,0.0,2.94,openaq_ground,16.11111111111111,Good
2026-02-26 10:00:00,9.8,78.0,1016.1,7.7,231.0,0.0,2.18,openaq_ground,11.666666666666666,Good
2026-02-26 11:00:00,8.8,84.0,1016.0,6.2,262.0,0.0,1.54,openaq_ground,8.333333333333332,Good
2026-02-26 12:00:00,8.3,83.0,1016.3,7.1,297.0,0.0,1.06,openaq_ground,5.555555555555555,Good
2026-02-26 13:00:00,8.0,82.0,1016.2,6.4,313.0,0.0,0.4599999999999999,openaq_ground,2.2222222222222223,Good
2026-02-26 14:00:00,7.9,81.0,1016.1,6.3,307.0,0.0,0.42,openaq_ground,2.2222222222222223,Good
2026-02-26 15:00:00,8.1,81.0,1016.3,6.4,295.0,0.0,0.3399999999999999,openaq_ground,1.6666666666666665,Good
2026-02-26 16:00:00,7.3,84.0,1016.6,6.1,289.0,0.0,0.26,openaq_ground,1.1111111111111112,Good
2026-02-26 17:00:00,7.3,85.0,1016.9,8.0,288.0,0.0,0.44,openaq_ground,2.2222222222222223,Good
2026-02-26 18:00:00,7.1,87.0,1017.6,9.3,289.0,0.0,0.72,openaq_ground,3.8888888888888884,Good
2026-02-26 19:00:00,7.5,86.0,1018.3,9.7,289.0,0.0,0.76,openaq_ground,3.8888888888888884,Good
2026-02-26 20:00:00,9.4,80.0,1019.0,10.8,267.0,0.0,0.56,openaq_ground,2.7777777777777777,Good
2026-02-26 21:00:00,10.7,76.0,1019.4,13.2,248.0,0.0,0.5,openaq_ground,2.7777777777777777,Good
2026-02-26 22:00:00,11.8,68.0,1019.7,14.7,237.0,0.0,0.52,openaq_ground,2.7777777777777777,Good
2026-02-26 23:00:00,12.7,62.0,1020.0,14.2,231.0,0.0,0.5800000000000001,openaq_ground,2.7777777777777777,Good
2026-02-27 00:00:00,13.5,56.0,1019.6,13.9,220.0,0.0,0.54,openaq_ground,2.7777777777777777,Good
2026-02-27 01:00:00,13.4,60.0,1019.6,13.6,197.0,0.0,0.4,openaq_ground,2.2222222222222223,Good
2026-02-27 02:00:00,13.7,60.0,1019.5,12.0,194.0,0.0,0.36,openaq_ground,1.6666666666666665,Good
2026-02-27 03:00:00,13.7,62.0,1019.4,11.5,177.0,0.0,0.5800000000000001,openaq_ground,2.7777777777777777,Good
2026-02-27 04:00:00,12.4,70.0,1019.5,12.1,150.0,0.0,0.54,openaq_ground,2.7777777777777777,Good
2026-02-27 05:00:00,12.2,71.0,1020.1,7.3,144.0,0.0,0.54,openaq_ground,2.7777777777777777,Good
2026-02-27 06:00:00,12.5,70.0,1020.5,4.3,105.0,0.0,0.54,openaq_ground,2.7777777777777777,Good
2026-02-27 07:00:00,11.6,82.0,1020.6,2.3,86.0,0.0,0.4,openaq_ground,2.2222222222222223,Good
2026-02-27 08:00:00,9.6,87.0,1021.3,3.6,41.0,0.0,1.12,openaq_ground,6.111111111111112,Good
2026-02-27 09:00:00,9.2,89.0,1021.8,5.3,12.0,0.0,1.12,openaq_ground,6.111111111111112,Good
2026-02-27 10:00:00,8.4,89.0,1022.1,7.5,349.0,0.0,1.08,openaq_ground,5.555555555555555,Good
2026-02-27 11:00:00,8.0,90.0,1022.2,8.0,344.0,0.0,1.16,openaq_ground,6.111111111111112,Good
2026-02-27 12:00:00,7.3,90.0,1022.2,8.3,342.0,0.0,0.98,openaq_ground,5.0,Good
2026-02-27 13:00:00,6.5,92.0,1022.0,8.5,336.0,0.0,1.0,openaq_ground,5.555555555555555,Good
2026-02-27 14:00:00,6.1,93.0,1021.7,7.0,337.0,0.0,0.94,openaq_ground,5.0,Good
2026-02-27 15:00:00,5.3,95.0,1021.5,6.3,342.0,0.0,0.76,openaq_ground,3.8888888888888884,Good
2026-02-27 16:00:00,4.8,96.0,1021.3,6.4,344.0,0.0,0.72,openaq_ground,3.8888888888888884,Good
2026-02-27 17:00:00,4.4,96.0,1021.0,5.8,346.0,0.0,1.2,openaq_ground,6.666666666666666,Good
2026-02-27 18:00:00,4.0,93.0,1021.2,5.5,343.0,0.0,0.62,openaq_ground,3.333333333333333,Good
2026-02-27 19:00:00,4.4,93.0,1021.2,7.1,344.0,0.0,0.6799999999999999,openaq_ground,3.333333333333333,Good
2026-02-27 20:00:00,8.2,88.0,1021.3,9.1,339.0,0.0,0.36,openaq_ground,1.6666666666666665,Good
2026-02-27 21:00:00,11.5,77.0,1021.1,5.7,314.0,0.0,0.06,openaq_ground,0.0,Good
2026-02-27 22:00:00,13.2,64.0,1021.1,4.2,258.0,0.0,0.2,openaq_ground,1.1111111111111112,Good
2026-02-27 23:00:00,14.2,62.0,1020.3,4.1,221.0,0.0,0.32,openaq_ground,1.6666666666666665,Good
2026-02-28 00:00:00,15.9,58.0,1019.4,7.9,229.0,0.0,0.44,openaq_ground,2.2222222222222223,Good
2026-02-28 01:00:00,16.7,55.0,1018.7,10.2,216.0,0.0,0.4,openaq_ground,2.2222222222222223,Good
2026-02-28 02:00:00,16.8,57.0,1018.1,6.1,178.0,0.0,0.36,openaq_ground,1.6666666666666665,Good
2026-02-28 03:00:00,16.9,60.0,1017.4,4.4,159.0,0.0,0.4599999999999999,openaq_ground,2.2222222222222223,Good
2026-02-28 04:00:00,17.0,62.0,1016.9,7.6,168.0,0.0,0.5,openaq_ground,2.7777777777777777,Good
2026-02-28 05:00:00,15.8,69.0,1016.8,8.3,136.0,0.0,0.6799999999999999,openaq_ground,3.333333333333333,Good
2026-02-28 06:00:00,15.9,68.0,1015.8,3.3,189.0,0.0,0.7,openaq_ground,3.8888888888888884,Good
2026-02-28 07:00:00,14.0,83.0,1015.5,2.4,167.0,0.0,1.28,openaq_ground,6.666666666666666,Good
2026-02-28 08:00:00,12.7,83.0,1016.0,8.6,229.0,0.0,1.78,openaq_ground,9.444444444444445,Good
2026-02-28 09:00:00,12.1,81.0,1015.9,8.2,248.0,0.0,1.24,openaq_ground,6.666666666666666,Good
2026-02-28 10:00:00,11.4,84.0,1015.4,5.6,299.0,0.0,0.56,openaq_ground,2.7777777777777777,Good
2026-02-28 11:00:00,11.5,84.0,1014.4,5.1,321.0,0.0,0.5800000000000001,openaq_ground,2.7777777777777777,Good
2026-02-28 12:00:00,11.5,83.0,1014.4,5.1,260.0,5.8,0.5599999999999999,openaq_ground,2.7777777777777777,Good
2026-02-28 13:00:00,11.1,85.0,1013.6,8.3,319.0,0.0,0.4599999999999999,openaq_ground,2.2222222222222223,Good
2026-02-28 14:00:00,11.3,84.0,1012.2,8.3,330.0,0.0,0.8400000000000001,openaq_ground,4.444444444444445,Good
2026-02-28 15:00:00,11.8,81.0,1011.6,8.8,279.0,0.1,0.82,openaq_ground,4.444444444444445,Good
2026-02-28 16:00:00,12.5,78.0,1011.0,18.0,258.0,0.0,0.52,openaq_ground,2.7777777777777777,Good
2026-02-28 17:00:00,12.1,80.0,1011.0,20.3,250.0,0.1,0.4599999999999999,openaq_ground,2.2222222222222223,Good
2026-02-28 18:00:00,10.8,90.0,1011.5,24.3,238.0,1.0,1.64,openaq_ground,8.88888888888889,Good
2026-02-28 19:00:00,9.5,96.0,1012.1,21.9,219.0,1.6,1.2,openaq_ground,6.666666666666666,Good
2026-02-28 20:00:00,9.2,89.0,1012.0,24.3,227.0,1.5,1.12,openaq_ground,6.111111111111112,Good
2026-02-28 21:00:00,9.6,88.0,1012.2,23.9,229.0,0.2,1.84,openaq_ground,10.0,Good
2026-02-28 22:00:00,10.5,76.0,1012.0,24.6,223.0,0.1,1.62,openaq_ground,8.88888888888889,Good
2026-02-28 23:00:00,11.2,71.0,1011.7,26.4,226.0,0.2,1.18,openaq_ground,6.111111111111112,Good
2026-03-01 00:00:00,11.7,65.0,1010.2,26.8,228.0,0.1,0.96,openaq_ground,5.0,Good
2026-03-01 01:00:00,11.7,61.0,1009.8,27.6,234.0,0.1,0.86,openaq_ground,4.444444444444445,Good
2026-03-01 02:00:00,10.0,74.0,1010.0,27.3,232.0,3.4,1.32,openaq_ground,7.222222222222222,Good
2026-03-01 03:00:00,9.1,74.0,1010.0,29.3,224.0,1.1,1.24,openaq_ground,6.666666666666666,Good
2026-03-01 04:00:00,8.7,83.0,1010.3,29.4,225.0,1.8,1.6,openaq_ground,8.88888888888889,Good
2026-03-01 05:00:00,9.0,81.0,1010.7,26.0,223.0,0.1,1.14,openaq_ground,6.111111111111112,Good
2026-03-01 06:00:00,8.6,85.0,1011.2,25.2,225.0,1.1,1.94,openaq_ground,10.555555555555555,Good
2026-03-01 07:00:00,7.4,88.0,1011.9,27.5,220.0,1.4,1.52,openaq_ground,8.333333333333332,Good
2026-03-01 08:00:00,8.0,82.0,1012.4,25.8,216.0,0.3,1.72,openaq_ground,9.444444444444445,Good
2026-03-01 09:00:00,7.4,86.0,1013.5,24.7,216.0,0.5,1.04,openaq_ground,5.555555555555555,Good
2026-03-01 10:00:00,7.4,87.0,1014.1,23.7,216.0,1.3,1.5599999999999998,openaq_ground,8.333333333333332,Good
2026-03-01 11:00:00,7.1,87.0,1014.7,21.4,219.0,1.1,1.16,openaq_ground,6.111111111111112,Good
2026-03-01 12:00:00,6.6,84.0,1014.7,24.1,216.0,1.5,1.1,openaq_ground,6.111111111111112,Good
2026-03-01 13:00:00,6.7,86.0,1014.9,21.0,219.0,1.2,0.86,openaq_ground,4.444444444444445,Good
2026-03-01 14:00:00,6.5,86.0,1015.1,24.0,216.0,1.7,0.74,openaq_ground,3.8888888888888884,Good
2026-03-01 15:00:00,5.9,88.0,1015.1,22.5,225.0,0.1,0.48,openaq_ground,2.2222222222222223,Good
2026-03-01 16:00:00,5.9,88.0,1015.3,23.4,226.0,0.6,0.52,openaq_ground,2.7777777777777777,Good
2026-03-01 17:00:00,5.9,90.0,1015.5,21.3,226.0,0.4,0.5599999999999999,openaq_ground,2.7777777777777777,Good
2026-03-01 18:00:00,5.9,90.0,1015.7,18.5,239.0,0.4,3.56,openaq_ground,19.444444444444443,Good
2026-03-01 19:00:00,6.2,88.0,1015.9,19.8,237.0,0.3,1.6,openaq_ground,8.88888888888889,Good
2026-03-01 20:00:00,6.9,88.0,1016.5,21.4,229.0,0.3,2.3600000000000003,openaq_ground,12.777777777777777,Good
2026-03-01 21:00:00,7.5,88.0,1016.9,20.9,222.0,1.7,1.48,openaq_ground,7.777777777777777,Good
2026-03-01 22:00:00,8.7,75.0,1017.0,23.9,211.0,0.3,2.9200000000000004,openaq_ground,16.11111111111111,Good
2026-03-01 23:00:00,8.5,82.0,1017.2,25.0,209.0,1.9,1.44,openaq_ground,7.777777777777777,Good
2026-03-02 00:00:00,10.4,60.0,1016.6,26.2,197.0,0.2,1.0,openaq_ground,5.555555555555555,Good
2026-03-02 01:00:00,9.4,72.0,1017.0,26.2,208.0,0.1,1.24,openaq_ground,6.666666666666666,Good
2026-03-02 02:00:00,10.1,62.0,1017.0,25.4,205.0,0.1,1.1800000000000002,openaq_ground,6.111111111111112,Good
2026-03-02 03:00:00,9.8,68.0,1017.0,25.7,199.0,0.4,1.98,openaq_ground,10.555555555555555,Good
2026-03-02 04:00:00,10.0,66.0,1016.9,23.3,202.0,0.2,1.26,openaq_ground,6.666666666666666,Good
2026-03-02 05:00:00,10.0,59.0,1016.8,22.2,208.0,0.0,1.02,openaq_ground,5.555555555555555,Good
2026-03-02 06:00:00,9.8,59.0,1016.9,20.3,202.0,0.0,1.0,openaq_ground,5.555555555555555,Good
2026-03-02 07:00:00,9.3,62.0,1017.1,18.3,208.0,0.0,1.12,openaq_ground,6.111111111111112,Good
2026-03-02 08:00:00,9.0,62.0,1017.4,15.7,211.0,0.0,1.14,openaq_ground,6.111111111111112,Good
2026-03-02 09:00:00,9.0,65.0,1018.0,13.9,216.0,0.0,1.5,openaq_ground,8.333333333333332,Good
2026-03-02 10:00:00,8.9,66.0,1018.2,13.0,223.0,0.0,0.68,openaq_ground,3.333333333333333,Good
2026-03-02 11:00:00,8.7,67.0,1018.3,12.5,229.0,0.0,0.5,openaq_ground,2.7777777777777777,Good
2026-03-02 12:00:00,8.0,72.0,1018.4,9.9,245.0,0.0,0.44,openaq_ground,2.2222222222222223,Good
2026-03-02 13:00:00,7.3,77.0,1018.7,10.1,266.0,0.0,0.24,openaq_ground,1.1111111111111112,Good
2026-03-02 14:00:00,7.4,75.0,1018.9,11.0,275.0,0.0,0.34,openaq_ground,1.6666666666666665,Good
2026-03-02 15:00:00,7.3,74.0,1019.0,11.2,276.0,0.0,0.26,openaq_ground,1.1111111111111112,Good
2026-03-02 16:00:00,6.8,75.0,1018.9,9.5,289.0,0.0,0.44,openaq_ground,2.2222222222222223,Good
2026-03-02 17:00:00,6.4,75.0,1018.9,9.8,306.0,0.0,0.3399999999999999,openaq_ground,1.6666666666666665,Good
2026-03-02 18:00:00,5.5,78.0,1019.4,10.6,317.0,0.0,0.38,openaq_ground,1.6666666666666665,Good
2026-03-02 19:00:00,5.3,80.0,1020.0,10.6,321.0,0.0,0.4,openaq_ground,2.2222222222222223,Good
2026-03-02 20:00:00,7.6,76.0,1020.1,9.2,310.0,0.0,3.78,openaq_ground,20.555555555555557,Good
2026-03-02 21:00:00,9.3,69.0,1020.4,8.0,276.0,0.0,3.44,openaq_ground,18.88888888888889,Good
2026-03-02 22:00:00,10.5,68.0,1020.1,2.7,262.0,0.0,5.02,openaq_ground,27.77777777777778,Good
2026-03-02 23:00:00,12.1,65.0,1019.5,5.0,77.0,0.0,0.42,openaq_ground,2.2222222222222223,Good
2026-03-03 00:00:00,13.4,65.0,1018.9,5.8,95.0,0.0,0.6,openaq_ground,3.333333333333333,Good
2026-03-03 01:00:00,14.3,66.0,1018.6,7.6,98.0,0.0,0.7,openaq_ground,3.8888888888888884,Good
2026-03-03 02:00:00,14.5,68.0,1018.8,11.1,102.0,0.0,0.5599999999999999,openaq_ground,2.7777777777777777,Good
2026-03-03 03:00:00,13.8,68.0,1018.8,14.3,101.0,0.0,0.5,openaq_ground,2.7777777777777777,Good
2026-03-03 04:00:00,13.0,69.0,1019.0,13.5,92.0,0.0,0.5,openaq_ground,2.7777777777777777,Good
2026-03-03 05:00:00,12.5,71.0,1018.7,14.3,70.0,0.0,0.5800000000000001,openaq_ground,2.7777777777777777,Good
2026-03-03 06:00:00,11.7,71.0,1018.4,14.7,50.0,0.0,0.6199999999999999,openaq_ground,3.333333333333333,Good
2026-03-03 07:00:00,10.5,76.0,1018.5,13.4,42.0,0.0,0.8400000000000001,openaq_ground,4.444444444444445,Good
2026-03-03 08:00:00,9.4,80.0,1018.9,11.1,37.0,0.0,0.8,openaq_ground,4.444444444444445,Good
2026-03-03 09:00:00,8.8,83.0,1019.1,12.0,33.0,0.0,1.1,openaq_ground,6.111111111111112,Good
2026-03-03 10:00:00,8.4,83.0,1019.1,11.6,22.0,0.0,1.08,openaq_ground,5.555555555555555,Good
2026-03-03 11:00:00,7.9,85.0,1019.1,11.0,18.0,0.0,0.9,openaq_ground,5.0,Good
2026-03-03 12:00:00,8.1,82.0,1018.7,12.1,20.0,0.0,1.4,openaq_ground,7.777777777777777,Good
2026-03-03 13:00:00,7.6,83.0,1018.5,11.0,18.0,0.0,1.88,openaq_ground,10.0,Good
2026-03-03 14:00:00,7.4,84.0,1018.3,10.4,14.0,0.0,0.56,openaq_ground,2.7777777777777777,Good
2026-03-03 15:00:00,7.2,83.0,1018.1,10.0,13.0,0.0,0.6,openaq_ground,3.333333333333333,Good
2026-03-03 16:00:00,7.5,82.0,1018.0,11.2,21.0,0.0,0.6599999999999999,openaq_ground,3.333333333333333,Good
2026-03-03 17:00:00,7.7,84.0,1017.8,12.2,22.0,0.0,0.62,openaq_ground,3.333333333333333,Good
2026-03-03 18:00:00,7.0,84.0,1018.3,11.2,18.0,0.0,0.8800000000000001,openaq_ground,4.444444444444445,Good
2026-03-03 19:00:00,7.4,81.0,1018.6,10.6,14.0,0.0,2.4,openaq_ground,13.333333333333332,Good
2026-03-03 20:00:00,9.8,79.0,1018.7,10.2,14.0,0.0,2.12,openaq_ground,11.666666666666666,Good
2026-03-03 21:00:00,12.7,73.0,1018.8,7.7,24.0,0.0,1.6,openaq_ground,8.88888888888889,Good
2026-03-03 22:00:00,14.9,68.0,1018.8,6.8,35.0,0.0,1.28,openaq_ground,6.666666666666666,Good
2026-03-03 23:00:00,16.8,66.0,1018.4,6.2,52.0,0.0,1.34,openaq_ground,7.222222222222222,Good
2026-03-04 00:00:00,18.1,70.0,1017.5,7.9,60.0,0.0,1.58,openaq_ground,8.333333333333332,Good
2026-03-04 01:00:00,18.6,74.0,1017.4,8.1,73.0,0.0,1.84,openaq_ground,10.0,Good
2026-03-04 02:00:00,18.7,78.0,1017.4,7.4,77.0,0.0,2.36,openaq_ground,12.777777777777777,Good
2026-03-04 03:00:00,18.6,80.0,1017.1,8.6,70.0,0.0,1.84,openaq_ground,10.0,Good
2026-03-04 04:00:00,18.1,81.0,1016.8,9.1,60.0,0.0,1.56,openaq_ground,8.333333333333332,Good
2026-03-04 05:00:00,17.3,81.0,1016.4,9.2,50.0,0.0,1.52,openaq_ground,8.333333333333332,Good
2026-03-04 06:00:00,16.0,82.0,1016.3,10.5,37.0,0.0,1.86,openaq_ground,10.0,Good
2026-03-04 07:00:00,14.1,86.0,1016.2,10.4,32.0,0.0,2.04,openaq_ground,11.11111111111111,Good
2026-03-04 08:00:00,12.6,92.0,1016.3,11.7,18.0,0.0,2.12,openaq_ground,11.666666666666666,Good
2026-03-04 09:00:00,12.0,94.0,1016.4,11.0,10.0,0.0,1.82,openaq_ground,10.0,Good
2026-03-04 10:00:00,11.6,93.0,1016.3,10.7,9.0,0.0,1.54,openaq_ground,8.333333333333332,Good
2026-03-04 11:00:00,11.4,92.0,1016.0,10.6,10.0,0.0,1.7600000000000002,openaq_ground,9.444444444444445,Good
2026-03-04 12:00:00,10.9,90.0,1016.3,9.6,8.0,0.0,1.56,openaq_ground,8.333333333333332,Good
2026-03-04 13:00:00,10.1,91.0,1016.1,6.5,355.0,0.0,1.56,openaq_ground,8.333333333333332,Good
2026-03-04 14:00:00,9.3,93.0,1016.0,4.4,348.0,0.0,1.14,openaq_ground,6.111111111111112,Good
2026-03-04 15:00:00,9.3,92.0,1015.4,2.5,356.0,0.0,0.82,openaq_ground,4.444444444444445,Good
2026-03-04 16:00:00,9.4,91.0,1015.4,0.6,342.0,0.0,1.2,openaq_ground,6.666666666666666,Good
2026-03-04 17:00:00,10.0,88.0,1015.3,1.4,320.0,0.0,1.28,openaq_ground,6.666666666666666,Good
2026-03-04 18:00:00,9.8,88.0,1015.4,1.1,342.0,0.0,2.06,openaq_ground,11.11111111111111,Good
2026-03-04 19:00:00,10.0,89.0,1015.8,1.8,336.0,0.0,3.38,openaq_ground,18.333333333333332,Good
2026-03-04 20:00:00,12.1,91.0,1016.2,3.9,313.0,0.0,3.9,openaq_ground,21.666666666666664,Good
2026-03-04 21:00:00,15.4,81.0,1016.4,2.8,207.0,0.0,2.72,openaq_ground,15.0,Good
2026-03-04 22:00:00,16.7,77.0,1016.5,5.6,173.0,0.0,2.24,openaq_ground,12.222222222222223,Good
2026-03-04 23:00:00,17.6,71.0,1016.3,6.6,145.0,0.0,2.3,openaq_ground,12.777777777777777,Good
2026-03-05 00:00:00,19.9,64.0,1015.3,6.5,82.0,0.0,2.26,openaq_ground,12.222222222222223,Good
2026-03-05 01:00:00,20.9,60.0,1014.6,8.8,79.0,0.0,1.36,openaq_ground,7.222222222222222,Good
2026-03-05 02:00:00,21.3,60.0,1014.0,8.1,86.0,0.0,2.58,openaq_ground,13.88888888888889,Good
2026-03-05 03:00:00,21.3,66.0,1013.2,9.1,76.0,0.0,2.9200000000000004,openaq_ground,16.11111111111111,Good
2026-03-05 04:00:00,21.0,71.0,1012.5,9.2,62.0,0.0,1.06,openaq_ground,5.555555555555555,Good
2026-03-05 05:00:00,20.4,78.0,1012.1,8.2,54.0,0.0,1.14,openaq_ground,6.111111111111112,Good
2026-03-05 06:00:00,18.9,80.0,1011.5,11.2,41.0,0.0,1.64,openaq_ground,8.88888888888889,Good
2026-03-05 07:00:00,17.3,85.0,1011.3,6.6,22.0,0.0,2.82,openaq_ground,15.555555555555554,Good
2026-03-05 08:00:00,15.4,90.0,1011.5,3.9,347.0,0.0,2.8,openaq_ground,15.555555555555554,Good
2026-03-05 09:00:00,15.2,88.0,1011.4,1.9,338.0,0.0,2.72,openaq_ground,15.0,Good
2026-03-05 10:00:00,15.1,86.0,1011.5,4.1,272.0,0.0,2.16,openaq_ground,11.666666666666666,Good
2026-03-05 11:00:00,15.1,84.0,1011.5,4.2,258.0,0.0,1.72,openaq_ground,9.444444444444445,Good
2026-03-05 12:00:00,13.4,87.0,1010.5,2.6,321.0,0.0,1.22,openaq_ground,6.666666666666666,Good
2026-03-05 13:00:00,13.6,85.0,1010.3,3.8,315.0,0.0,1.64,openaq_ground,8.88888888888889,Good
2026-03-05 14:00:00,13.3,87.0,1009.7,4.0,324.0,0.0,0.8200000000000001,openaq_ground,4.444444444444445,Good
2026-03-05 15:00:00,12.2,91.0,1009.4,5.6,338.0,0.0,0.9600000000000002,openaq_ground,5.0,Good
2026-03-05 16:00:00,11.9,81.0,1009.2,9.0,347.0,0.0,0.96,openaq_ground,5.0,Good
2026-03-05 17:00:00,12.7,64.0,1009.1,12.0,338.0,0.0,0.54,openaq_ground,2.7777777777777777,Good
2026-03-05 18:00:00,12.9,64.0,1009.2,13.9,346.0,0.0,0.68,openaq_ground,3.333333333333333,Good
2026-03-05 19:00:00,14.0,63.0,1009.5,14.1,341.0,0.0,0.36,openaq_ground,1.6666666666666665,Good
2026-03-05 20:00:00,16.5,61.0,1009.6,15.2,330.0,0.0,0.32,openaq_ground,1.6666666666666665,Good
2026-03-05 21:00:00,19.3,57.0,1009.3,17.2,322.0,0.0,0.82,openaq_ground,4.444444444444445,Good
2026-03-05 22:00:00,21.6,53.0,1009.2,16.3,328.0,0.0,0.74,openaq_ground,3.8888888888888884,Good
2026-03-05 23:00:00,22.9,51.0,1009.1,16.2,343.0,0.0,0.04,openaq_ground,0.0,Good
2026-03-06 00:00:00,25.5,44.0,1008.0,13.9,3.0,0.0,0.0,openaq_ground,0.0,Good
2026-03-06 01:00:00,25.8,46.0,1007.5,14.4,351.0,0.0,0.0,openaq_ground,0.0,Good
2026-03-06 02:00:00,26.1,47.0,1007.5,12.6,303.0,0.0,0.0,openaq_ground,0.0,Good
2026-03-06 03:00:00,26.2,48.0,1007.6,16.8,289.0,0.0,0.0,openaq_ground,0.0,Good
2026-03-06 04:00:00,25.2,50.0,1008.4,19.6,297.0,0.0,0.1,openaq_ground,0.5555555555555556,Good
2026-03-06 05:00:00,24.2,54.0,1009.4,13.0,275.0,0.0,0.5599999999999999,openaq_ground,2.7777777777777777,Good
2026-03-06 06:00:00,15.0,98.0,1011.2,16.5,151.0,0.4,0.76,openaq_ground,3.8888888888888884,Good
2026-03-06 07:00:00,15.4,96.0,1011.8,3.5,105.0,0.1,1.38,openaq_ground,7.222222222222222,Good
2026-03-06 08:00:00,15.7,96.0,1012.7,2.5,98.0,0.0,1.44,openaq_ground,7.777777777777777,Good
2026-03-06 09:00:00,15.6,96.0,1014.2,2.0,243.0,0.2,1.7600000000000002,openaq_ground,9.444444444444445,Good
2026-03-06 10:00:00,14.9,97.0,1015.0,1.7,319.0,0.1,2.32,openaq_ground,12.777777777777777,Good
2026-03-06 11:00:00,14.7,97.0,1015.6,1.3,326.0,0.1,2.22,openaq_ground,12.222222222222223,Good
2026-03-06 12:00:00,14.1,97.0,1015.5,2.1,59.0,0.0,2.54,openaq_ground,13.88888888888889,Good
2026-03-06 13:00:00,15.0,96.0,1015.6,5.3,66.0,0.0,2.52,openaq_ground,13.88888888888889,Good
2026-03-06 14:00:00,14.7,97.0,1015.3,7.1,71.0,0.0,1.84,openaq_ground,10.0,Good
2026-03-06 15:00:00,14.2,98.0,1014.9,8.1,65.0,0.0,2.12,openaq_ground,11.666666666666666,Good
2026-03-06 16:00:00,13.9,99.0,1015.1,9.2,57.0,0.0,1.98,openaq_ground,10.555555555555555,Good
2026-03-06 17:00:00,13.7,99.0,1015.0,10.4,48.0,0.0,2.12,openaq_ground,11.666666666666666,Good
2026-03-06 18:00:00,13.9,97.0,1014.6,13.2,46.0,0.0,1.66,openaq_ground,8.88888888888889,Good
2026-03-06 19:00:00,14.2,95.0,1014.3,14.9,34.0,0.0,1.38,openaq_ground,7.222222222222222,Good
2026-03-06 20:00:00,15.8,89.0,1013.8,14.2,24.0,0.0,1.28,openaq_ground,6.666666666666666,Good
2026-03-06 21:00:00,18.0,81.0,1013.7,12.2,24.0,0.0,1.22,openaq_ground,6.666666666666666,Good
2026-03-06 22:00:00,20.1,76.0,1013.5,8.5,21.0,0.0,0.76,openaq_ground,3.8888888888888884,Good
2026-03-06 23:00:00,21.8,72.0,1013.0,5.9,40.0,0.0,0.72,openaq_ground,3.8888888888888884,Good
2026-03-07 00:00:00,22.3,75.0,1011.9,10.5,63.0,0.0,0.98,openaq_ground,5.0,Good
2026-03-07 01:00:00,22.9,77.0,1011.1,10.4,53.0,0.0,1.08,openaq_ground,5.555555555555555,Good
2026-03-07 02:00:00,23.5,77.0,1010.4,8.6,60.0,0.0,1.24,openaq_ground,6.666666666666666,Good
2026-03-07 03:00:00,23.0,81.0,1009.9,7.1,97.0,0.0,1.42,openaq_ground,7.777777777777777,Good
2026-03-07 04:00:00,21.0,83.0,1010.5,6.0,219.0,0.4,2.1,openaq_ground,11.666666666666666,Good
2026-03-07 05:00:00,19.8,79.0,1010.7,8.5,212.0,0.1,2.18,openaq_ground,11.666666666666666,Good
2026-03-07 06:00:00,18.0,79.0,1010.7,17.2,217.0,0.0,1.94,openaq_ground,10.555555555555555,Good
2026-03-07 07:00:00,14.4,96.0,1011.2,11.7,232.0,0.0,2.16,openaq_ground,11.666666666666666,Good
2026-03-07 08:00:00,14.3,94.0,1011.7,9.2,244.0,0.0,2.02,openaq_ground,11.11111111111111,Good
2026-03-07 09:00:00,14.1,94.0,1012.2,7.3,250.0,0.0,2.6,openaq_ground,14.444444444444445,Good
2026-03-07 10:00:00,13.7,96.0,1012.2,3.6,303.0,0.0,2.66,openaq_ground,14.444444444444445,Good
2026-03-07 11:00:00,13.3,95.0,1011.5,3.4,335.0,0.0,2.28,openaq_ground,12.222222222222223,Good
2026-03-07 12:00:00,12.7,93.0,1011.3,2.9,353.0,0.0,1.94,openaq_ground,10.555555555555555,Good
2026-03-07 13:00:00,12.3,95.0,1010.6,6.0,3.0,0.0,1.28,openaq_ground,6.666666666666666,Good
2026-03-07 14:00:00,12.0,95.0,1009.8,7.4,14.0,0.0,0.9600000000000002,openaq_ground,5.0,Good
2026-03-07 15:00:00,12.1,92.0,1009.0,11.1,25.0,0.0,1.28,openaq_ground,6.666666666666666,Good
2026-03-07 16:00:00,12.1,91.0,1008.2,8.0,10.0,0.0,1.58,openaq_ground,8.333333333333332,Good
2026-03-07 17:00:00,12.1,92.0,1007.6,8.1,355.0,0.0,1.58,openaq_ground,8.333333333333332,Good
2026-03-07 18:00:00,12.5,90.0,1006.8,8.8,11.0,0.0,2.9200000000000004,openaq_ground,16.11111111111111,Good
2026-03-07 19:00:00,13.4,88.0,1006.3,9.0,12.0,0.0,3.1,openaq_ground,17.22222222222222,Good
2026-03-07 20:00:00,15.2,86.0,1005.8,8.4,349.0,0.0,4.08,openaq_ground,22.22222222222222,Good
2026-03-07 21:00:00,16.2,90.0,1006.1,6.3,257.0,8.6,4.08,openaq_ground,22.22222222222222,Good
2026-03-07 22:00:00,15.5,93.0,1007.3,9.7,227.0,6.9,3.66,openaq_ground,20.0,Good
2026-03-07 23:00:00,16.9,84.0,1007.2,17.1,233.0,0.0,2.9200000000000004,openaq_ground,16.11111111111111,Good
2026-03-08 00:00:00,16.2,85.0,1007.9,20.7,209.0,0.1,0.4599999999999999,openaq_ground,2.2222222222222223,Good
2026-03-08 01:00:00,15.1,89.0,1007.4,20.0,203.0,0.1,0.48,openaq_ground,2.2222222222222223,Good
2026-03-08 02:00:00,14.4,87.0,1007.2,21.8,206.0,0.1,0.98,openaq_ground,5.0,Good
2026-03-08 03:00:00,13.2,90.0,1007.0,22.2,204.0,1.0,0.4,openaq_ground,2.2222222222222223,Good
2026-03-08 04:00:00,12.2,88.0,1007.3,22.4,204.0,0.1,0.62,openaq_ground,3.333333333333333,Good
2026-03-08 05:00:00,11.2,92.0,1007.8,19.7,211.0,1.1,0.8800000000000001,openaq_ground,4.444444444444445,Good
2026-03-08 06:00:00,10.5,94.0,1008.4,16.1,200.0,2.1,0.94,openaq_ground,5.0,Good
2026-03-08 07:00:00,10.1,96.0,1009.0,15.0,207.0,1.6,1.06,openaq_ground,5.555555555555555,Good
2026-03-08 08:00:00,9.7,95.0,1009.5,16.3,207.0,1.8,1.24,openaq_ground,6.666666666666666,Good
2026-03-08 09:00:00,9.2,93.0,1009.9,16.2,216.0,1.3,1.14,openaq_ground,6.111111111111112,Good
2026-03-08 10:00:00,9.0,94.0,1010.1,14.3,224.0,1.6,0.9,openaq_ground,5.0,Good
2026-03-08 11:00:00,9.0,95.0,1009.9,13.9,227.0,1.9,0.64,openaq_ground,3.333333333333333,Good
2026-03-08 12:00:00,8.6,94.0,1010.4,13.6,244.0,0.7,0.38,openaq_ground,1.6666666666666665,Good
2026-03-08 13:00:00,8.5,95.0,1010.3,9.6,257.0,0.3,0.38,openaq_ground,1.6666666666666665,Good
2026-03-08 14:00:00,8.5,96.0,1010.5,9.4,262.0,0.4,0.36,openaq_ground,1.6666666666666665,Good
2026-03-08 15:00:00,8.5,95.0,1010.6,8.6,262.0,0.7,0.24,openaq_ground,1.1111111111111112,Good
2026-03-08 16:00:00,8.5,95.0,1010.9,13.1,251.0,0.3,0.24,openaq_ground,1.1111111111111112,Good
2026-03-08 17:00:00,8.6,92.0,1011.4,16.1,248.0,0.1,0.2799999999999999,openaq_ground,1.1111111111111112,Good
2026-03-08 18:00:00,8.3,92.0,1012.2,14.3,263.0,0.0,0.64,openaq_ground,3.333333333333333,Good
2026-03-08 19:00:00,7.9,91.0,1012.7,13.3,267.0,0.0,0.74,openaq_ground,3.8888888888888884,Good
2026-03-08 20:00:00,8.9,86.0,1013.6,17.5,253.0,0.0,0.5800000000000001,openaq_ground,2.7777777777777777,Good
2026-03-08 21:00:00,10.0,77.0,1014.1,20.7,237.0,0.1,0.58,openaq_ground,2.7777777777777777,Good
2026-03-08 22:00:00,10.7,72.0,1014.6,21.6,229.0,0.1,0.44,openaq_ground,2.2222222222222223,Good
2026-03-08 23:00:00,10.9,71.0,1015.3,22.9,220.0,0.5,0.6599999999999999,openaq_ground,3.333333333333333,Good
2026-03-09 00:00:00,11.3,70.0,1015.4,21.8,216.0,0.5,0.86,openaq_ground,4.444444444444445,Good
2026-03-09 01:00:00,11.5,65.0,1015.9,23.5,214.0,0.1,0.8800000000000001,openaq_ground,4.444444444444445,Good
2026-03-09 02:00:00,11.6,60.0,1016.3,22.7,210.0,0.1,0.4599999999999999,openaq_ground,2.2222222222222223,Good
2026-03-09 03:00:00,11.5,62.0,1016.5,24.3,205.0,0.1,0.52,openaq_ground,2.7777777777777777,Good
2026-03-09 04:00:00,11.4,61.0,1016.8,21.3,205.0,0.0,0.54,openaq_ground,2.7777777777777777,Good
2026-03-09 05:00:00,11.0,62.0,1017.4,19.5,202.0,0.0,0.96,openaq_ground,5.0,Good
2026-03-09 06:00:00,10.3,65.0,1018.0,16.5,200.0,0.0,0.78,openaq_ground,3.8888888888888884,Good
2026-03-09 07:00:00,9.4,70.0,1018.5,11.5,200.0,0.0,1.7399999999999998,openaq_ground,9.444444444444445,Good
2026-03-09 08:00:00,8.5,76.0,1019.3,8.2,202.0,0.0,3.46,openaq_ground,18.88888888888889,Good
2026-03-09 09:00:00,7.6,82.0,1020.0,5.6,205.0,0.0,2.6,openaq_ground,14.444444444444445,Good
2026-03-09 10:00:00,6.9,82.0,1020.4,3.2,232.0,0.0,1.4200000000000002,openaq_ground,7.777777777777777,Good
2026-03-09 11:00:00,6.7,81.0,1020.4,1.5,284.0,0.0,0.86,openaq_ground,4.444444444444445,Good
2026-03-09 12:00:00,5.5,84.0,1020.5,1.8,336.0,0.0,0.86,openaq_ground,4.444444444444445,Good
2026-03-09 13:00:00,4.5,86.0,1020.7,4.0,342.0,0.0,0.9,openaq_ground,5.0,Good
2026-03-09 14:00:00,2.9,92.0,1020.9,7.2,342.0,0.0,0.4599999999999999,openaq_ground,2.2222222222222223,Good
2026-03-09 15:00:00,2.1,93.0,1021.0,7.1,345.0,0.0,0.64,openaq_ground,3.333333333333333,Good
2026-03-09 16:00:00,2.1,94.0,1020.8,7.2,347.0,0.0,0.82,openaq_ground,4.444444444444445,Good
2026-03-09 17:00:00,1.8,95.0,1021.0,7.7,349.0,0.0,0.74,openaq_ground,3.8888888888888884,Good
2026-03-09 18:00:00,2.1,94.0,1021.1,8.0,352.0,0.0,4.12,openaq_ground,22.777777777777775,Good
2026-03-09 19:00:00,3.4,89.0,1021.3,7.8,353.0,0.0,3.92,openaq_ground,21.666666666666664,Good
2026-03-09 20:00:00,7.0,82.0,1021.4,7.4,14.0,0.0,0.9,openaq_ground,5.0,Good
2026-03-09 21:00:00,9.5,72.0,1021.5,13.7,46.0,0.0,0.4,openaq_ground,2.2222222222222223,Good
2026-03-09 22:00:00,10.5,66.0,1021.4,18.7,45.0,0.0,0.26,openaq_ground,1.1111111111111112,Good
2026-03-09 23:00:00,10.8,64.0,1021.3,19.2,44.0,0.0,0.38,openaq_ground,1.6666666666666665,Good
2026-03-10 00:00:00,12.1,59.0,1020.3,20.4,37.0,0.0,0.2,openaq_ground,1.1111111111111112,Good
2026-03-10 01:00:00,12.2,63.0,1019.9,20.9,42.0,0.0,0.24,openaq_ground,1.1111111111111112,Good
2026-03-10 02:00:00,13.0,60.0,1019.4,21.1,44.0,0.0,0.22,openaq_ground,1.1111111111111112,Good
2026-03-10 03:00:00,12.6,65.0,1018.7,23.1,51.0,0.0,0.24,openaq_ground,1.1111111111111112,Good
2026-03-10 04:00:00,13.3,61.0,1018.1,24.0,40.0,0.0,0.38,openaq_ground,1.6666666666666665,Good
2026-03-10 05:00:00,12.8,65.0,1018.2,22.3,47.0,0.0,0.3399999999999999,openaq_ground,1.6666666666666665,Good
2026-03-10 06:00:00,12.0,71.0,1018.4,23.1,50.0,0.0,0.48,openaq_ground,2.2222222222222223,Good
2026-03-10 07:00:00,11.2,73.0,1018.3,21.9,43.0,0.0,0.8,openaq_ground,4.444444444444445,Good
2026-03-10 08:00:00,10.9,74.0,1018.6,24.0,35.0,0.0,0.6599999999999999,openaq_ground,3.333333333333333,Good
2026-03-10 09:00:00,10.9,73.0,1018.7,22.8,31.0,0.0,0.38,openaq_ground,1.6666666666666665,Good
2026-03-10 10:00:00,10.8,76.0,1018.8,21.9,31.0,0.0,0.4,openaq_ground,2.2222222222222223,Good
2026-03-10 11:00:00,10.9,78.0,1018.8,21.6,29.0,0.0,0.3399999999999999,openaq_ground,1.6666666666666665,Good
2026-03-10 12:00:00,10.0,82.0,1018.3,16.5,23.0,0.0,0.52,openaq_ground,2.7777777777777777,Good
2026-03-10 13:00:00,9.4,84.0,1018.2,14.2,22.0,0.0,0.54,openaq_ground,2.7777777777777777,Good
2026-03-10 14:00:00,8.8,86.0,1017.8,10.9,19.0,0.0,0.52,openaq_ground,2.7777777777777777,Good
2026-03-10 15:00:00,8.1,88.0,1017.5,8.9,14.0,0.0,0.62,openaq_ground,3.333333333333333,Good
2026-03-10 16:00:00,7.7,88.0,1017.4,9.4,8.0,0.0,0.6199999999999999,openaq_ground,3.333333333333333,Good
2026-03-10 17:00:00,7.6,88.0,1017.5,9.7,12.0,0.0,0.6599999999999999,openaq_ground,3.333333333333333,Good
2026-03-10 18:00:00,7.4,85.0,1017.0,10.6,11.0,0.0,0.9,openaq_ground,5.0,Good
2026-03-10 19:00:00,7.9,83.0,1016.9,11.5,10.0,0.0,0.86,openaq_ground,4.444444444444445,Good
2026-03-10 20:00:00,10.4,79.0,1016.7,12.3,21.0,0.0,0.78,openaq_ground,3.8888888888888884,Good
2026-03-10 21:00:00,13.1,73.0,1016.3,12.3,27.0,0.0,0.5,openaq_ground,2.7777777777777777,Good
2026-03-10 22:00:00,14.7,68.0,1015.8,13.2,28.0,0.0,0.64,openaq_ground,3.333333333333333,Good
2026-03-10 23:00:00,15.6,69.0,1015.0,13.6,42.0,0.0,0.86,openaq_ground,4.444444444444445,Good
2026-03-11 00:00:00,15.9,71.0,1014.1,17.4,45.0,0.0,1.08,openaq_ground,5.555555555555555,Good
2026-03-11 01:00:00,16.4,71.0,1013.5,20.3,42.0,0.0,0.8,openaq_ground,4.444444444444445,Good
2026-03-11 02:00:00,16.6,71.0,1012.7,22.5,46.0,0.0,0.6599999999999999,openaq_ground,3.333333333333333,Good
2026-03-11 03:00:00,16.2,74.0,1012.1,24.9,44.0,0.0,0.8,openaq_ground,4.444444444444445,Good
2026-03-11 04:00:00,15.9,76.0,1011.7,25.8,40.0,0.0,1.44,openaq_ground,7.777777777777777,Good
2026-03-11 05:00:00,15.0,80.0,1011.0,25.5,40.0,0.0,1.7,openaq_ground,9.444444444444445,Good
2026-03-11 06:00:00,13.8,84.0,1010.8,21.8,44.0,0.0,1.22,openaq_ground,6.666666666666666,Good
2026-03-11 07:00:00,12.9,87.0,1010.7,23.4,38.0,0.0,1.4,openaq_ground,7.777777777777777,Good
2026-03-11 08:00:00,12.7,87.0,1010.3,24.1,33.0,0.0,1.4,openaq_ground,7.777777777777777,Good
2026-03-11 09:00:00,12.6,86.0,1010.2,24.5,33.0,0.0,1.5,openaq_ground,8.333333333333332,Good
2026-03-11 10:00:00,12.6,86.0,1010.2,23.3,32.0,0.0,1.5,openaq_ground,8.333333333333332,Good
2026-03-11 11:00:00,12.5,87.0,1009.2,22.4,32.0,0.0,1.34,openaq_ground,7.222222222222222,Good
2026-03-11 12:00:00,12.8,88.0,1008.5,21.1,33.0,0.0,1.36,openaq_ground,7.222222222222222,Good
2026-03-11 13:00:00,12.9,86.0,1008.1,18.1,33.0,0.0,1.6,openaq_ground,8.88888888888889,Good
2026-03-11 14:00:00,12.8,86.0,1007.3,16.6,37.0,0.0,1.62,openaq_ground,8.88888888888889,Good
2026-03-11 15:00:00,12.5,86.0,1006.5,15.6,31.0,0.0,1.72,openaq_ground,9.444444444444445,Good
2026-03-11 16:00:00,11.6,90.0,1006.2,13.4,26.0,0.0,1.3400000000000003,openaq_ground,7.222222222222222,Good
2026-03-11 17:00:00,11.2,90.0,1005.7,11.5,23.0,0.0,1.7600000000000002,openaq_ground,9.444444444444445,Good
2026-03-11 18:00:00,10.9,89.0,1005.1,13.3,25.0,0.0,2.14,openaq_ground,11.666666666666666,Good
2026-03-11 19:00:00,11.4,85.0,1004.7,14.5,22.0,0.0,2.08,openaq_ground,11.11111111111111,Good
2026-03-11 20:00:00,13.8,77.0,1003.6,15.9,20.0,0.0,1.36,openaq_ground,7.222222222222222,Good
2026-03-11 21:00:00,16.8,72.0,1003.1,14.2,30.0,0.0,0.72,openaq_ground,3.8888888888888884,Good
2026-03-11 22:00:00,18.6,67.0,1003.0,13.4,39.0,0.0,0.86,openaq_ground,4.444444444444445,Good
2026-03-11 23:00:00,19.9,69.0,1002.8,12.7,45.0,0.0,0.76,openaq_ground,3.8888888888888884,Good
2026-03-12 00:00:00,20.3,66.0,1001.8,15.6,53.0,0.0,0.8800000000000001,openaq_ground,4.444444444444445,Good
2026-03-12 01:00:00,20.6,69.0,1001.0,15.9,46.0,0.0,1.3,openaq_ground,7.222222222222222,Good
2026-03-12 02:00:00,21.2,67.0,1000.3,13.8,47.0,0.0,1.44,openaq_ground,7.777777777777777,Good
2026-03-12 03:00:00,22.2,54.0,999.4,11.2,30.0,0.0,1.8,openaq_ground,10.0,Good
2026-03-12 04:00:00,21.9,53.0,998.7,12.4,40.0,0.0,2.8,openaq_ground,15.555555555555554,Good
2026-03-12 05:00:00,20.3,59.0,997.9,14.3,33.0,0.0,2.38,openaq_ground,12.777777777777777,Good
2026-03-12 06:00:00,19.6,56.0,997.2,15.8,27.0,0.0,3.1,openaq_ground,17.22222222222222,Good
2026-03-12 07:00:00,19.0,55.0,996.5,14.8,32.0,0.0,3.26,openaq_ground,17.77777777777778,Good
2026-03-12 08:00:00,18.1,59.0,996.3,13.7,35.0,0.0,2.78,openaq_ground,15.0,Good
2026-03-12 09:00:00,17.3,62.0,995.8,13.4,27.0,0.0,1.84,openaq_ground,10.0,Good
2026-03-12 10:00:00,16.8,61.0,996.1,10.8,15.0,0.1,0.9200000000000002,openaq_ground,5.0,Good
2026-03-12 11:00:00,16.0,63.0,996.2,7.8,22.0,0.0,0.48,openaq_ground,2.2222222222222223,Good
2026-03-12 12:00:00,15.4,60.0,995.2,12.8,20.0,2.7,0.5599999999999999,openaq_ground,2.7777777777777777,Good
2026-03-12 13:00:00,15.0,66.0,994.2,12.7,25.0,0.0,0.52,openaq_ground,2.7777777777777777,Good
2026-03-12 14:00:00,15.5,62.0,993.4,7.9,20.0,0.0,0.52,openaq_ground,2.7777777777777777,Good
2026-03-12 15:00:00,14.0,68.0,993.5,1.3,74.0,0.0,0.36,openaq_ground,1.6666666666666665,Good
2026-03-12 16:00:00,14.1,69.0,993.6,1.9,41.0,0.0,0.22,openaq_ground,1.1111111111111112,Good
2026-03-12 17:00:00,13.9,72.0,994.9,9.1,278.0,0.0,1.1,openaq_ground,6.111111111111112,Good
2026-03-12 18:00:00,13.3,80.0,996.9,16.6,230.0,0.1,0.64,openaq_ground,3.333333333333333,Good
2026-03-12 19:00:00,12.9,86.0,997.8,12.6,223.0,0.6,0.48,openaq_ground,2.2222222222222223,Good
2026-03-12 20:00:00,12.5,88.0,998.2,12.9,237.0,0.4,0.06,openaq_ground,0.0,Good
2026-03-12 21:00:00,12.6,86.0,998.9,14.7,243.0,0.1,0.06,openaq_ground,0.0,Good
2026-03-12 22:00:00,12.7,83.0,999.2,13.8,237.0,0.1,0.14,openaq_ground,0.5555555555555556,Good
2026-03-12 23:00:00,13.3,79.0,999.6,14.9,225.0,0.0,0.36,openaq_ground,1.6666666666666665,Good
2026-03-13 00:00:00,14.1,72.0,999.7,12.9,192.0,0.0,0.5599999999999999,openaq_ground,2.7777777777777777,Good
2026-03-13 01:00:00,13.2,80.0,999.9,8.1,137.0,0.1,0.6599999999999999,openaq_ground,3.333333333333333,Good
2026-03-13 02:00:00,12.9,81.0,999.5,6.6,119.0,0.2,0.5,openaq_ground,2.7777777777777777,Good
2026-03-13 03:00:00,12.9,81.0,999.5,4.9,94.0,0.2,0.76,openaq_ground,3.8888888888888884,Good
2026-03-13 04:00:00,12.8,81.0,999.5,6.1,62.0,0.1,3.3,openaq_ground,18.333333333333332,Good
2026-03-13 05:00:00,12.6,84.0,999.9,6.8,48.0,0.0,3.6,openaq_ground,20.0,Good
2026-03-13 06:00:00,12.8,86.0,1000.5,5.9,47.0,0.0,2.44,openaq_ground,13.333333333333332,Good
2026-03-13 07:00:00,12.2,92.0,1001.2,0.8,63.0,0.2,9.48,openaq_ground,51.55893536121673,Moderate
2026-03-13 08:00:00,11.7,93.0,1001.9,2.9,277.0,0.3,3.3400000000000007,openaq_ground,18.333333333333332,Good
2026-03-13 09:00:00,11.4,97.0,1002.8,6.2,248.0,0.9,2.82,openaq_ground,15.555555555555554,Good
2026-03-13 10:00:00,11.1,97.0,1003.1,6.0,295.0,0.9,0.64,openaq_ground,3.333333333333333,Good
2026-03-13 11:00:00,11.3,91.0,1003.2,12.5,275.0,0.3,0.5,openaq_ground,2.7777777777777777,Good
2026-03-13 12:00:00,10.4,91.0,1003.5,15.3,261.0,0.0,0.18,openaq_ground,0.5555555555555556,Good
2026-03-13 13:00:00,9.8,91.0,1003.6,13.0,272.0,0.0,0.06,openaq_ground,0.0,Good
2026-03-13 14:00:00,9.5,89.0,1004.1,14.1,267.0,0.0,0.12,openaq_ground,0.5555555555555556,Good
2026-03-13 15:00:00,9.4,87.0,1004.4,14.5,263.0,0.0,0.06,openaq_ground,0.0,Good
2026-03-13 16:00:00,9.2,87.0,1004.3,13.8,263.0,0.0,0.0,openaq_ground,0.0,Good
2026-03-13 17:00:00,8.9,88.0,1004.6,10.9,261.0,0.0,0.02,openaq_ground,0.0,Good
2026-03-13 18:00:00,8.9,87.0,1004.8,11.2,286.0,0.0,0.32,openaq_ground,1.6666666666666665,Good
2026-03-13 19:00:00,9.1,82.0,1004.7,13.1,306.0,0.0,0.0,openaq_ground,0.0,Good
2026-03-13 20:00:00,10.9,71.0,1005.3,13.8,288.0,0.0,0.0,openaq_ground,0.0,Good
2026-03-13 21:00:00,13.1,60.0,1005.6,19.4,277.0,0.0,0.0,openaq_ground,0.0,Good
2026-03-13 22:00:00,14.8,56.0,1005.6,14.3,284.0,0.0,0.0,openaq_ground,0.0,Good
2026-03-13 23:00:00,16.5,52.0,1005.0,15.8,294.0,0.0,0.0,openaq_ground,0.0,Good
2026-03-14 00:00:00,18.4,46.0,1004.2,27.2,266.0,0.0,0.0,openaq_ground,0.0,Good
2026-03-14 01:00:00,18.6,50.0,1003.9,24.5,260.0,0.0,0.0,openaq_ground,0.0,Good
2026-03-14 02:00:00,19.5,46.0,1003.2,32.1,264.0,0.0,0.0,openaq_ground,0.0,Good
2026-03-14 03:00:00,18.7,53.0,1003.2,23.2,250.0,0.0,0.06,openaq_ground,0.0,Good
2026-03-14 04:00:00,18.4,55.0,1003.3,25.0,243.0,0.0,0.1399999999999999,openaq_ground,0.5555555555555556,Good
2026-03-14 05:00:00,16.7,69.0,1004.2,23.0,232.0,0.0,0.4599999999999999,openaq_ground,2.2222222222222223,Good
2026-03-14 06:00:00,15.4,78.0,1004.8,17.6,221.0,0.0,0.94,openaq_ground,5.0,Good
2026-03-14 07:00:00,13.6,79.0,1005.6,20.5,236.0,0.0,1.16,openaq_ground,6.111111111111112,Good
2026-03-14 08:00:00,12.9,82.0,1006.7,20.3,239.0,0.0,1.22,openaq_ground,6.666666666666666,Good
2026-03-14 09:00:00,12.9,80.0,1007.4,19.0,253.0,0.0,0.8400000000000001,openaq_ground,4.444444444444445,Good
2026-03-14 10:00:00,12.7,78.0,1007.9,20.2,265.0,0.0,0.94,openaq_ground,5.0,Good
2026-03-14 11:00:00,12.5,76.0,1007.7,19.3,273.0,0.0,0.72,openaq_ground,3.8888888888888884,Good
2026-03-14 12:00:00,12.4,74.0,1008.5,16.8,273.0,0.0,0.2799999999999999,openaq_ground,1.1111111111111112,Good
2026-03-14 13:00:00,13.0,62.0,1008.2,17.7,282.0,0.0,0.22,openaq_ground,1.1111111111111112,Good
2026-03-14 14:00:00,13.6,56.0,1008.1,20.0,272.0,0.0,0.1399999999999999,openaq_ground,0.5555555555555556,Good
2026-03-14 15:00:00,13.6,56.0,1007.9,18.0,272.0,0.0,0.04,openaq_ground,0.0,Good
2026-03-14 16:00:00,13.7,55.0,1007.8,18.3,277.0,0.0,0.0,openaq_ground,0.0,Good
2026-03-14 17:00:00,13.7,56.0,1007.8,17.5,275.0,0.0,0.02,openaq_ground,0.0,Good
2026-03-14 18:00:00,13.7,56.0,1007.8,14.9,271.0,0.0,0.06,openaq_ground,0.0,Good
2026-03-14 19:00:00,13.6,62.0,1008.7,12.5,262.0,0.0,0.1399999999999999,openaq_ground,0.5555555555555556,Good
2026-03-14 20:00:00,13.9,68.0,1009.3,11.3,257.0,0.0,0.06,openaq_ground,0.0,Good
2026-03-14 21:00:00,13.4,76.0,1010.1,11.7,234.0,0.0,0.04,openaq_ground,0.0,Good
2026-03-14 22:00:00,13.2,82.0,1010.9,12.4,239.0,0.3,0.1,openaq_ground,0.5555555555555556,Good
2026-03-14 23:00:00,13.0,84.0,1011.3,16.6,261.0,0.2,0.8,openaq_ground,4.444444444444445,Good
2026-03-15 00:00:00,14.1,71.0,1011.2,19.6,255.0,0.0,0.8800000000000001,openaq_ground,4.444444444444445,Good
2026-03-15 01:00:00,15.1,66.0,1010.9,22.9,255.0,0.0,0.5800000000000001,openaq_ground,2.7777777777777777,Good
2026-03-15 02:00:00,15.8,64.0,1010.4,17.9,251.0,0.0,0.56,openaq_ground,2.7777777777777777,Good
2026-03-15 03:00:00,16.7,58.0,1010.1,22.6,243.0,0.0,0.6599999999999999,openaq_ground,3.333333333333333,Good
2026-03-15 04:00:00,15.8,66.0,1010.0,21.0,238.0,0.0,0.7,openaq_ground,3.8888888888888884,Good
2026-03-15 05:00:00,15.3,68.0,1010.2,19.9,236.0,0.0,1.04,openaq_ground,5.555555555555555,Good
2026-03-15 06:00:00,15.1,67.0,1010.1,15.0,244.0,0.0,0.94,openaq_ground,5.0,Good
2026-03-15 07:00:00,13.5,72.0,1010.2,4.8,323.0,0.0,0.9600000000000002,openaq_ground,5.0,Good
2026-03-15 08:00:00,13.2,80.0,1010.9,11.9,32.0,0.0,1.06,openaq_ground,5.555555555555555,Good
2026-03-15 09:00:00,13.3,79.0,1011.3,14.0,12.0,0.0,1.08,openaq_ground,5.555555555555555,Good
2026-03-15 10:00:00,12.3,82.0,1011.7,10.3,2.0,0.0,1.12,openaq_ground,6.111111111111112,Good
2026-03-15 11:00:00,10.9,89.0,1011.6,7.7,349.0,0.0,1.06,openaq_ground,5.555555555555555,Good
2026-03-15 12:00:00,9.7,92.0,1011.4,7.6,1.0,0.0,0.96,openaq_ground,5.0,Good
2026-03-15 13:00:00,8.8,92.0,1011.0,10.1,3.0,0.0,0.86,openaq_ground,4.444444444444445,Good
2026-03-15 14:00:00,9.0,91.0,1010.5,12.1,2.0,0.0,0.58,openaq_ground,2.7777777777777777,Good
2026-03-15 15:00:00,9.3,88.0,1010.0,12.5,353.0,0.0,0.06,openaq_ground,0.0,Good
2026-03-15 16:00:00,9.3,87.0,1009.7,12.6,343.0,0.0,0.0,openaq_ground,0.0,Good
2026-03-15 17:00:00,9.8,85.0,1009.8,13.3,333.0,0.0,0.08,openaq_ground,0.0,Good
2026-03-15 18:00:00,9.7,85.0,1010.0,7.8,323.0,0.0,0.2,openaq_ground,1.1111111111111112,Good
2026-03-15 19:00:00,10.0,85.0,1010.9,4.3,345.0,0.0,0.6799999999999999,openaq_ground,3.333333333333333,Good
2026-03-15 20:00:00,11.0,86.0,1011.1,4.5,2.0,0.0,0.2599999999999999,openaq_ground,1.1111111111111112,Good
2026-03-15 21:00:00,14.8,75.0,1010.9,7.1,16.0,0.0,0.22,openaq_ground,1.1111111111111112,Good
2026-03-15 22:00:00,16.8,59.0,1011.3,7.2,348.0,0.0,0.02,openaq_ground,0.0,Good
2026-03-15 23:00:00,17.5,56.0,1011.7,7.7,258.0,0.0,0.1399999999999999,openaq_ground,0.5555555555555556,Good
2026-03-16 00:00:00,19.1,52.0,1010.7,5.5,238.0,0.0,1.14,openaq_ground,6.111111111111112,Good
2026-03-16 01:00:00,15.2,73.0,1012.2,15.3,182.0,0.0,0.7,openaq_ground,3.8888888888888884,Good
2026-03-16 02:00:00,14.9,75.0,1012.0,5.8,158.0,0.4,0.68,openaq_ground,3.333333333333333,Good
2026-03-16 03:00:00,15.5,79.0,1012.4,6.5,194.0,0.6,0.8,openaq_ground,4.444444444444445,Good
2026-03-16 04:00:00,14.2,87.0,1012.7,7.7,171.0,0.3,0.68,openaq_ground,3.333333333333333,Good
2026-03-16 05:00:00,13.4,92.0,1013.4,7.2,143.0,1.4,1.44,openaq_ground,7.777777777777777,Good
2026-03-16 06:00:00,13.5,87.0,1013.9,3.8,149.0,0.0,1.94,openaq_ground,10.555555555555555,Good
2026-03-16 07:00:00,12.8,92.0,1014.5,0.4,90.0,0.0,1.3,openaq_ground,7.222222222222222,Good
2026-03-16 08:00:00,11.8,93.0,1015.4,1.1,351.0,0.0,1.1800000000000002,openaq_ground,6.111111111111112,Good
2026-03-16 09:00:00,12.3,92.0,1016.4,1.8,323.0,0.1,1.9,openaq_ground,10.555555555555555,Good
2026-03-16 10:00:00,12.2,92.0,1016.8,4.3,355.0,0.0,1.62,openaq_ground,8.88888888888889,Good
2026-03-16 11:00:00,11.9,94.0,1017.1,4.2,350.0,0.0,1.24,openaq_ground,6.666666666666666,Good
2026-03-16 12:00:00,12.0,94.0,1017.8,4.5,344.0,0.0,1.1,openaq_ground,6.111111111111112,Good
2026-03-16 13:00:00,11.8,93.0,1018.1,2.2,355.0,0.0,1.24,openaq_ground,6.666666666666666,Good
2026-03-16 14:00:00,11.8,93.0,1018.3,3.6,6.0,0.0,0.32,openaq_ground,1.6666666666666665,Good
2026-03-16 15:00:00,11.8,92.0,1018.4,5.1,17.0,0.0,0.12,openaq_ground,0.5555555555555556,Good
2026-03-16 16:00:00,11.8,93.0,1018.1,5.8,30.0,0.0,0.16,openaq_ground,0.5555555555555556,Good
2026-03-16 17:00:00,11.8,93.0,1018.1,6.6,35.0,0.0,0.42,openaq_ground,2.2222222222222223,Good
2026-03-16 18:00:00,11.3,95.0,1018.6,5.7,35.0,0.0,0.96,openaq_ground,5.0,Good
2026-03-16 19:00:00,10.7,96.0,1019.2,5.9,20.0,0.0,1.16,openaq_ground,6.111111111111112,Good
2026-03-16 20:00:00,12.0,94.0,1019.6,7.0,23.0,0.0,1.46,openaq_ground,7.777777777777777,Good
2026-03-16 21:00:00,13.6,86.0,1019.8,8.1,21.0,0.0,0.62,openaq_ground,3.333333333333333,Good
2026-03-16 22:00:00,15.0,79.0,1019.7,10.8,32.0,0.0,0.72,openaq_ground,3.8888888888888884,Good
2026-03-16 23:00:00,16.0,73.0,1019.2,16.3,31.0,0.0,0.98,openaq_ground,5.0,Good
2026-03-17 00:00:00,16.9,71.0,1018.6,18.1,40.0,0.0,1.38,openaq_ground,7.222222222222222,Good
2026-03-17 01:00:00,16.8,72.0,1018.0,20.9,47.0,0.0,0.78,openaq_ground,3.8888888888888884,Good
2026-03-17 02:00:00,16.6,75.0,1017.2,22.1,46.0,0.0,0.78,openaq_ground,3.8888888888888884,Good
2026-03-17 03:00:00,16.1,76.0,1016.6,24.3,43.0,0.0,0.6,openaq_ground,3.333333333333333,Good
2026-03-17 04:00:00,15.7,77.0,1015.7,24.8,40.0,0.0,0.42,openaq_ground,2.2222222222222223,Good
2026-03-17 05:00:00,14.8,82.0,1014.7,22.8,45.0,0.0,1.36,openaq_ground,7.222222222222222,Good
2026-03-17 06:00:00,13.6,87.0,1014.1,24.9,41.0,0.0,1.5,openaq_ground,8.333333333333332,Good
2026-03-17 07:00:00,12.9,91.0,1013.3,23.3,35.0,0.0,1.84,openaq_ground,10.0,Good
2026-03-17 08:00:00,12.7,92.0,1012.4,22.6,36.0,0.0,2.2,openaq_ground,12.222222222222223,Good
2026-03-17 09:00:00,13.0,90.0,1011.7,20.7,34.0,0.0,2.7,openaq_ground,15.0,Good
2026-03-17 10:00:00,13.4,87.0,1011.0,17.9,34.0,0.0,2.9,openaq_ground,16.11111111111111,Good
2026-03-17 11:00:00,14.1,84.0,1009.8,16.5,40.0,0.0,3.22,openaq_ground,17.77777777777778,Good
2026-03-17 12:00:00,14.3,83.0,1007.8,19.7,56.0,0.2,2.42,openaq_ground,13.333333333333332,Good
2026-03-17 13:00:00,15.2,78.0,1007.1,17.5,53.0,0.1,1.5,openaq_ground,8.333333333333332,Good
2026-03-17 14:00:00,16.0,71.0,1005.5,20.7,41.0,0.0,1.3,openaq_ground,7.222222222222222,Good
2026-03-17 15:00:00,16.4,68.0,1005.2,16.7,33.0,0.0,0.4599999999999999,openaq_ground,2.2222222222222223,Good
2026-03-17 16:00:00,16.6,66.0,1004.6,18.2,28.0,0.0,0.08,openaq_ground,0.0,Good
2026-03-17 17:00:00,18.6,53.0,1003.8,20.1,348.0,0.0,0.0,openaq_ground,0.0,Good
2026-03-17 18:00:00,17.2,63.0,1004.6,8.7,328.0,2.5,0.0,openaq_ground,0.0,Good
2026-03-17 19:00:00,14.2,93.0,1007.8,25.1,235.0,2.0,0.08,openaq_ground,0.0,Good
2026-03-17 20:00:00,13.2,95.0,1009.9,17.9,255.0,1.1,0.4599999999999999,openaq_ground,2.2222222222222223,Good
2026-03-17 21:00:00,13.1,90.0,1011.2,21.7,243.0,0.5,0.4599999999999999,openaq_ground,2.2222222222222223,Good
2026-03-17 22:00:00,13.2,88.0,1012.6,23.7,238.0,0.2,0.62,openaq_ground,3.333333333333333,Good
2026-03-17 23:00:00,13.6,79.0,1013.9,26.0,251.0,0.0,0.76,openaq_ground,3.8888888888888884,Good
2026-03-18 00:00:00,15.8,64.0,1014.6,27.2,240.0,0.0,0.6599999999999999,openaq_ground,3.333333333333333,Good
2026-03-18 01:00:00,16.3,57.0,1015.4,25.8,236.0,0.0,0.7,openaq_ground,3.8888888888888884,Good
2026-03-18 02:00:00,16.3,58.0,1016.1,27.3,235.0,0.0,1.6800000000000002,openaq_ground,8.88888888888889,Good
2026-03-18 03:00:00,15.9,57.0,1016.8,25.3,232.0,0.0,2.38,openaq_ground,12.777777777777777,Good
2026-03-18 04:00:00,15.2,56.0,1017.7,23.4,226.0,0.0,2.32,openaq_ground,12.777777777777777,Good
2026-03-18 05:00:00,13.8,66.0,1018.4,22.6,216.0,0.0,1.6,openaq_ground,8.88888888888889,Good
2026-03-18 06:00:00,12.3,77.0,1019.6,18.3,200.0,0.0,1.7,openaq_ground,9.444444444444445,Good
2026-03-18 07:00:00,10.9,85.0,1020.3,14.7,195.0,0.0,1.44,openaq_ground,7.777777777777777,Good
2026-03-18 08:00:00,10.5,86.0,1021.3,11.9,198.0,0.0,1.58,openaq_ground,8.333333333333332,Good
2026-03-18 09:00:00,9.4,89.0,1022.1,4.3,213.0,0.0,2.18,openaq_ground,11.666666666666666,Good
2026-03-18 10:00:00,9.2,89.0,1022.3,0.2,360.0,0.0,1.1800000000000002,openaq_ground,6.111111111111112,Good
2026-03-18 11:00:00,9.1,91.0,1022.4,5.8,9.0,0.0,0.8400000000000001,openaq_ground,4.444444444444445,Good
2026-03-18 12:00:00,8.4,89.0,1022.4,9.2,21.0,0.0,0.62,openaq_ground,3.333333333333333,Good
2026-03-18 13:00:00,8.4,91.0,1021.9,8.7,30.0,0.0,0.6799999999999999,openaq_ground,3.333333333333333,Good
2026-03-18 14:00:00,8.4,92.0,1021.5,7.1,41.0,0.0,0.74,openaq_ground,3.8888888888888884,Good
2026-03-18 15:00:00,9.2,90.0,1020.9,7.9,55.0,0.0,0.86,openaq_ground,4.444444444444445,Good
2026-03-18 16:00:00,9.9,90.0,1020.0,10.6,43.0,0.0,1.04,openaq_ground,5.555555555555555,Good
2026-03-18 17:00:00,10.1,89.0,1019.5,11.1,36.0,0.0,1.06,openaq_ground,5.555555555555555,Good
2026-03-18 18:00:00,9.6,89.0,1019.3,9.4,29.0,0.0,1.02,openaq_ground,5.555555555555555,Good
2026-03-18 19:00:00,8.8,92.0,1019.3,6.6,17.0,0.0,1.62,openaq_ground,8.88888888888889,Good
2026-03-18 20:00:00,10.3,88.0,1019.2,6.7,5.0,0.0,1.86,openaq_ground,10.0,Good
2026-03-18 21:00:00,12.0,83.0,1019.0,5.9,358.0,0.0,0.8,openaq_ground,4.444444444444445,Good
2026-03-18 22:00:00,13.7,79.0,1018.7,2.9,356.0,0.0,0.5,openaq_ground,2.7777777777777777,Good
2026-03-18 23:00:00,15.1,77.0,1018.4,1.9,139.0,0.0,0.44,openaq_ground,2.2222222222222223,Good
2026-03-19 00:00:00,16.8,73.0,1017.2,6.7,70.0,0.0,0.6,openaq_ground,3.333333333333333,Good
2026-03-19 01:00:00,17.7,70.0,1016.7,9.4,64.0,0.0,1.3199999999999998,openaq_ground,7.222222222222222,Good
2026-03-19 02:00:00,17.8,70.0,1016.3,12.2,66.0,0.0,1.42,openaq_ground,7.777777777777777,Good
2026-03-19 03:00:00,16.9,74.0,1015.8,11.4,71.0,0.0,1.4600000000000002,openaq_ground,7.777777777777777,Good
2026-03-19 04:00:00,16.0,79.0,1015.8,8.6,61.0,0.0,1.96,openaq_ground,10.555555555555555,Good
2026-03-19 05:00:00,15.5,82.0,1015.7,3.3,9.0,0.0,2.16,openaq_ground,11.666666666666666,Good
2026-03-19 06:00:00,14.4,85.0,1016.5,1.7,221.0,0.0,1.66,openaq_ground,8.88888888888889,Good
2026-03-19 07:00:00,12.8,92.0,1017.1,5.6,239.0,0.0,1.52,openaq_ground,8.333333333333332,Good
2026-03-19 08:00:00,12.2,88.0,1017.8,8.4,250.0,0.0,1.1800000000000002,openaq_ground,6.111111111111112,Good
2026-03-19 09:00:00,11.7,87.0,1018.5,10.4,250.0,0.0,1.16,openaq_ground,6.111111111111112,Good
2026-03-19 10:00:00,11.7,88.0,1018.7,8.7,238.0,0.0,1.78,openaq_ground,9.444444444444445,Good
2026-03-19 11:00:00,11.8,88.0,1018.7,7.8,228.0,0.0,1.7,openaq_ground,9.444444444444445,Good
2026-03-19 12:00:00,11.2,89.0,1018.9,4.9,253.0,0.0,1.7,openaq_ground,9.444444444444445,Good
2026-03-19 13:00:00,11.4,86.0,1018.9,4.9,270.0,0.0,1.5,openaq_ground,8.333333333333332,Good
2026-03-19 14:00:00,11.4,84.0,1018.7,4.5,310.0,0.0,1.3,openaq_ground,7.222222222222222,Good
2026-03-19 15:00:00,11.4,84.0,1018.4,5.0,334.0,0.0,1.34,openaq_ground,7.222222222222222,Good
2026-03-19 16:00:00,11.5,83.0,1018.1,3.7,317.0,0.0,1.36,openaq_ground,7.222222222222222,Good
2026-03-19 17:00:00,11.3,85.0,1018.0,3.2,326.0,0.0,1.34,openaq_ground,7.222222222222222,Good
2026-03-19 18:00:00,10.8,89.0,1018.4,2.3,337.0,0.0,1.62,openaq_ground,8.88888888888889,Good
2026-03-19 19:00:00,10.2,90.0,1018.6,1.8,360.0,0.0,1.82,openaq_ground,10.0,Good
2026-03-19 20:00:00,11.6,86.0,1018.9,2.4,42.0,0.0,1.62,openaq_ground,8.88888888888889,Good
2026-03-19 21:00:00,12.6,79.0,1019.3,3.5,99.0,0.0,1.34,openaq_ground,7.222222222222222,Good
2026-03-19 22:00:00,13.4,76.0,1019.5,4.0,80.0,0.0,1.3199999999999998,openaq_ground,7.222222222222222,Good
2026-03-19 23:00:00,14.6,72.0,1019.3,4.7,58.0,0.0,2.3,openaq_ground,12.777777777777777,Good
2026-03-20 00:00:00,15.9,68.0,1018.6,6.8,58.0,0.0,1.98,openaq_ground,10.555555555555555,Good
2026-03-20 01:00:00,17.0,68.0,1018.1,8.2,67.0,0.0,1.7399999999999998,openaq_ground,9.444444444444445,Good
2026-03-20 02:00:00,16.9,71.0,1017.7,10.8,69.0,0.1,1.5,openaq_ground,8.333333333333332,Good
2026-03-20 03:00:00,16.8,72.0,1017.3,10.5,70.0,0.3,1.58,openaq_ground,8.333333333333332,Good
2026-03-20 04:00:00,15.9,78.0,1017.4,12.1,73.0,0.1,1.72,openaq_ground,9.444444444444445,Good
2026-03-20 05:00:00,14.9,83.0,1017.5,10.5,63.0,0.0,1.7600000000000002,openaq_ground,9.444444444444445,Good
2026-03-20 06:00:00,13.8,87.0,1017.9,8.8,51.0,0.0,1.6800000000000002,openaq_ground,8.88888888888889,Good
2026-03-20 07:00:00,12.9,90.0,1018.3,7.5,50.0,0.0,1.84,openaq_ground,10.0,Good
2026-03-20 08:00:00,12.2,91.0,1018.6,9.4,42.0,0.0,2.44,openaq_ground,13.333333333333332,Good
2026-03-20 09:00:00,11.7,93.0,1019.0,12.4,40.0,0.0,1.72,openaq_ground,9.444444444444445,Good
2026-03-20 10:00:00,11.5,94.0,1019.2,12.5,33.0,0.0,1.64,openaq_ground,8.88888888888889,Good
2026-03-20 11:00:00,11.5,93.0,1019.2,12.9,32.0,0.0,1.64,openaq_ground,8.88888888888889,Good
2026-03-20 12:00:00,10.7,94.0,1019.2,11.8,21.0,0.0,1.7,openaq_ground,9.444444444444445,Good
2026-03-20 13:00:00,10.3,94.0,1019.0,10.2,13.0,0.0,2.06,openaq_ground,11.11111111111111,Good
2026-03-20 14:00:00,9.6,95.0,1018.8,8.7,5.0,0.0,1.96,openaq_ground,10.555555555555555,Good
2026-03-20 15:00:00,9.3,94.0,1018.5,8.9,354.0,0.0,1.7600000000000002,openaq_ground,9.444444444444445,Good
2026-03-20 16:00:00,9.1,94.0,1018.2,9.1,343.0,0.0,1.6800000000000002,openaq_ground,8.88888888888889,Good
2026-03-20 17:00:00,8.5,95.0,1018.2,8.0,333.0,0.0,1.48,openaq_ground,7.777777777777777,Good
2026-03-20 18:00:00,7.8,96.0,1018.8,5.4,318.0,0.0,2.5,openaq_ground,13.88888888888889,Good
2026-03-20 19:00:00,7.5,95.0,1019.4,5.0,325.0,0.0,4.04,openaq_ground,22.22222222222222,Good
2026-03-20 20:00:00,9.6,93.0,1020.2,5.2,314.0,0.0,5.5,openaq_ground,30.555555555555554,Good
2026-03-20 21:00:00,12.2,87.0,1020.5,2.5,278.0,0.0,3.54,openaq_ground,19.444444444444443,Good
2026-03-20 22:00:00,14.0,82.0,1020.7,3.3,225.0,0.0,2.9,openaq_ground,16.11111111111111,Good
2026-03-20 23:00:00,15.2,76.0,1020.5,5.2,186.0,0.0,2.84,openaq_ground,15.555555555555554,Good
2026-03-21 00:00:00,16.5,72.0,1019.9,7.0,190.0,0.0,2.9200000000000004,openaq_ground,16.11111111111111,Good
2026-03-21 01:00:00,16.8,71.0,1019.8,6.0,171.0,0.0,2.88,openaq_ground,15.555555555555554,Good
2026-03-21 02:00:00,16.8,71.0,1019.4,7.5,147.0,0.0,2.9799999999999995,openaq_ground,16.11111111111111,Good
2026-03-21 03:00:00,16.3,73.0,1019.2,7.1,105.0,0.0,2.94,openaq_ground,16.11111111111111,Good
2026-03-21 04:00:00,16.6,73.0,1018.8,6.8,58.0,0.0,3.4799999999999995,openaq_ground,18.88888888888889,Good
2026-03-21 05:00:00,16.2,75.0,1018.5,9.0,52.0,0.0,3.44,openaq_ground,18.88888888888889,Good
2026-03-21 06:00:00,15.3,79.0,1018.8,9.5,33.0,0.0,2.3600000000000003,openaq_ground,12.777777777777777,Good
2026-03-21 07:00:00,13.3,84.0,1018.9,12.4,19.0,0.0,2.78,openaq_ground,15.0,Good
2026-03-21 08:00:00,12.7,84.0,1019.0,13.6,12.0,0.0,2.84,openaq_ground,15.555555555555554,Good
2026-03-21 09:00:00,12.4,84.0,1019.2,12.5,6.0,0.0,2.94,openaq_ground,16.11111111111111,Good
2026-03-21 10:00:00,12.4,81.0,1019.5,11.0,354.0,0.0,2.58,openaq_ground,13.88888888888889,Good
2026-03-21 11:00:00,12.3,80.0,1019.2,12.6,355.0,0.0,2.6,openaq_ground,14.444444444444445,Good
2026-03-21 12:00:00,11.7,82.0,1019.0,13.2,358.0,0.0,2.6,openaq_ground,14.444444444444445,Good
2026-03-21 13:00:00,11.1,85.0,1018.6,11.9,350.0,0.0,2.78,openaq_ground,15.0,Good
2026-03-21 14:00:00,10.4,89.0,1018.5,11.4,341.0,0.0,2.9799999999999995,openaq_ground,16.11111111111111,Good
2026-03-21 15:00:00,9.6,93.0,1019.0,6.8,305.0,0.0,1.98,openaq_ground,10.555555555555555,Good
2026-03-21 16:00:00,9.8,92.0,1019.3,3.3,324.0,0.0,1.5,openaq_ground,8.333333333333332,Good
2026-03-21 17:00:00,10.1,89.0,1019.4,2.3,331.0,0.0,1.36,openaq_ground,7.222222222222222,Good
2026-03-21 18:00:00,10.1,89.0,1019.9,3.5,351.0,0.0,1.72,openaq_ground,9.444444444444445,Good
2026-03-21 19:00:00,10.1,91.0,1020.2,5.9,348.0,0.0,1.96,openaq_ground,10.555555555555555,Good
2026-03-21 20:00:00,11.4,89.0,1020.9,5.5,337.0,0.0,2.14,openaq_ground,11.666666666666666,Good
2026-03-21 21:00:00,14.0,84.0,1021.7,4.3,327.0,0.0,3.62,openaq_ground,20.0,Good
2026-03-21 22:00:00,15.4,76.0,1022.4,1.1,198.0,0.0,0.8800000000000001,openaq_ground,4.444444444444445,Good
2026-03-21 23:00:00,16.5,69.0,1022.8,3.7,191.0,0.0,0.96,openaq_ground,5.0,Good
2026-03-22 00:00:00,17.9,63.0,1022.4,10.0,189.0,0.1,1.54,openaq_ground,8.333333333333332,Good
2026-03-22 01:00:00,16.6,73.0,1022.9,15.0,170.0,0.0,1.56,openaq_ground,8.333333333333332,Good
2026-03-22 02:00:00,14.7,84.0,1023.7,14.9,173.0,0.1,0.6,openaq_ground,3.333333333333333,Good
2026-03-22 03:00:00,14.1,82.0,1023.9,12.4,177.0,0.1,0.4600000000000001,openaq_ground,2.2222222222222223,Good
2026-03-22 04:00:00,13.7,81.0,1024.5,12.5,174.0,0.0,0.5800000000000001,openaq_ground,2.7777777777777777,Good
2026-03-22 05:00:00,12.7,83.0,1025.0,10.5,174.0,0.1,0.38,openaq_ground,1.6666666666666665,Good
2026-03-22 06:00:00,12.1,84.0,1025.7,7.8,161.0,0.1,0.5,openaq_ground,2.7777777777777777,Good
2026-03-22 07:00:00,11.8,83.0,1026.3,6.8,162.0,0.0,2.0,openaq_ground,11.11111111111111,Good
2026-03-22 08:00:00,11.5,83.0,1026.9,5.3,162.0,0.0,2.28,openaq_ground,12.222222222222223,Good
2026-03-22 09:00:00,11.4,82.0,1027.5,1.7,72.0,0.0,1.66,openaq_ground,8.88888888888889,Good
2026-03-22 10:00:00,11.4,84.0,1027.9,3.5,35.0,0.0,0.64,openaq_ground,3.333333333333333,Good
2026-03-22 11:00:00,11.4,85.0,1027.7,5.9,40.0,0.0,1.36,openaq_ground,7.222222222222222,Good
2026-03-22 12:00:00,11.6,85.0,1027.4,5.9,47.0,0.0,0.6599999999999999,openaq_ground,3.333333333333333,Good
2026-03-22 13:00:00,11.5,86.0,1027.4,6.4,47.0,0.0,0.1399999999999999,openaq_ground,0.5555555555555556,Good
2026-03-22 14:00:00,11.2,87.0,1027.4,6.7,44.0,0.0,0.16,openaq_ground,0.5555555555555556,Good
2026-03-22 15:00:00,11.0,88.0,1027.2,8.3,41.0,0.0,0.22,openaq_ground,1.1111111111111112,Good
2026-03-22 16:00:00,11.1,88.0,1027.0,9.0,33.0,0.0,0.3,openaq_ground,1.6666666666666665,Good
2026-03-22 17:00:00,11.0,90.0,1026.8,9.8,23.0,0.0,0.2799999999999999,openaq_ground,1.1111111111111112,Good
2026-03-22 18:00:00,10.2,91.0,1026.9,8.6,15.0,0.0,1.4200000000000002,openaq_ground,7.777777777777777,Good
2026-03-22 19:00:00,9.8,93.0,1027.0,7.4,359.0,0.0,1.4400000000000002,openaq_ground,7.777777777777777,Good
2026-03-22 20:00:00,11.0,90.0,1027.3,7.8,355.0,0.0,1.42,openaq_ground,7.777777777777777,Good
2026-03-22 21:00:00,13.1,84.0,1027.2,5.4,358.0,0.0,0.8400000000000001,openaq_ground,4.444444444444445,Good
2026-03-22 22:00:00,14.8,78.0,1027.1,4.7,16.0,0.0,1.06,openaq_ground,5.555555555555555,Good
2026-03-22 23:00:00,16.8,67.0,1026.7,4.8,31.0,0.0,1.6,openaq_ground,8.88888888888889,Good
2026-03-23 00:00:00,17.9,68.0,1025.9,5.0,30.0,0.0,1.5399999999999998,openaq_ground,8.333333333333332,Good
2026-03-23 01:00:00,19.0,67.0,1025.4,5.9,50.0,0.0,1.64,openaq_ground,8.88888888888889,Good
2026-03-23 02:00:00,19.4,69.0,1024.4,8.0,56.0,0.0,1.6800000000000002,openaq_ground,8.88888888888889,Good
2026-03-23 03:00:00,19.3,72.0,1023.8,10.5,61.0,0.0,2.18,openaq_ground,11.666666666666666,Good
2026-03-23 04:00:00,18.6,76.0,1023.5,10.7,65.0,0.0,3.4200000000000004,openaq_ground,18.88888888888889,Good
2026-03-23 05:00:00,17.5,81.0,1023.3,10.1,63.0,0.0,4.26,openaq_ground,23.333333333333332,Good
2026-03-23 06:00:00,16.2,87.0,1023.3,7.8,52.0,0.0,5.18,openaq_ground,28.33333333333333,Good
2026-03-23 07:00:00,14.2,94.0,1023.4,8.4,34.0,0.0,7.44,openaq_ground,41.111111111111114,Good
2026-03-23 08:00:00,13.3,96.0,1023.6,10.4,14.0,0.0,5.5600000000000005,openaq_ground,30.555555555555554,Good
2026-03-23 09:00:00,12.6,97.0,1023.8,8.3,5.0,0.0,3.8,openaq_ground,21.11111111111111,Good
2026-03-23 10:00:00,11.9,96.0,1023.9,3.9,347.0,0.0,3.98,openaq_ground,21.666666666666664,Good
2026-03-23 11:00:00,11.7,95.0,1024.2,3.7,317.0,0.0,4.38,openaq_ground,23.888888888888886,Good
2026-03-23 12:00:00,11.0,95.0,1024.4,2.9,313.0,0.0,4.12,openaq_ground,22.777777777777775,Good
2026-03-23 13:00:00,10.5,97.0,1024.4,2.7,312.0,0.0,3.34,openaq_ground,18.333333333333332,Good
2026-03-23 14:00:00,10.9,96.0,1024.4,3.0,327.0,0.0,2.34,openaq_ground,12.777777777777777,Good
2026-03-23 15:00:00,11.0,90.0,1024.2,2.6,326.0,0.0,1.9,openaq_ground,10.555555555555555,Good
2026-03-23 16:00:00,11.1,83.0,1024.1,1.3,326.0,0.0,1.6800000000000002,openaq_ground,8.88888888888889,Good
2026-03-23 17:00:00,10.8,84.0,1024.1,2.8,349.0,0.0,1.48,openaq_ground,7.777777777777777,Good
2026-03-23 18:00:00,9.2,90.0,1024.4,8.2,10.0,0.0,1.64,openaq_ground,8.88888888888889,Good
2026-03-23 19:00:00,8.7,93.0,1024.6,11.0,4.0,0.0,1.5,openaq_ground,8.333333333333332,Good
2026-03-23 20:00:00,11.1,87.0,1024.7,11.9,1.0,0.0,2.26,openaq_ground,12.222222222222223,Good
2026-03-23 21:00:00,14.9,82.0,1024.8,9.4,5.0,0.0,2.34,openaq_ground,12.777777777777777,Good
2026-03-23 22:00:00,17.8,70.0,1025.2,6.1,360.0,0.0,1.98,openaq_ground,10.555555555555555,Good
2026-03-23 23:00:00,19.7,62.0,1025.3,5.3,10.0,0.0,1.0399999999999998,openaq_ground,5.555555555555555,Good
2026-03-24 00:00:00,20.7,58.0,1024.8,9.8,20.0,0.0,1.3199999999999998,openaq_ground,7.222222222222222,Good
2026-03-24 01:00:00,21.3,58.0,1024.6,7.6,45.0,0.0,1.64,openaq_ground,8.88888888888889,Good
2026-03-24 02:00:00,21.4,61.0,1024.1,7.9,57.0,0.0,2.52,openaq_ground,13.88888888888889,Good
2026-03-24 03:00:00,21.1,64.0,1023.7,8.6,59.0,0.0,1.6,openaq_ground,8.88888888888889,Good
2026-03-24 04:00:00,20.6,63.0,1023.4,10.0,49.0,0.0,1.44,openaq_ground,7.777777777777777,Good
2026-03-24 05:00:00,19.6,64.0,1023.4,9.7,43.0,0.0,1.26,openaq_ground,6.666666666666666,Good
2026-03-24 06:00:00,17.8,65.0,1023.8,11.3,33.0,0.0,1.12,openaq_ground,6.111111111111112,Good
2026-03-24 07:00:00,15.4,73.0,1024.1,13.5,25.0,0.0,1.26,openaq_ground,6.666666666666666,Good
2026-03-24 08:00:00,14.3,79.0,1024.7,12.5,18.0,0.0,1.16,openaq_ground,6.111111111111112,Good
2026-03-24 09:00:00,13.9,80.0,1025.3,12.5,11.0,0.0,1.36,openaq_ground,7.222222222222222,Good
2026-03-24 10:00:00,13.4,80.0,1025.3,9.2,2.0,0.0,2.08,openaq_ground,11.11111111111111,Good
2026-03-24 11:00:00,12.0,87.0,1025.8,5.3,352.0,0.0,1.88,openaq_ground,10.0,Good
2026-03-24 12:00:00,11.6,88.0,1026.5,2.3,337.0,0.0,1.08,openaq_ground,5.555555555555555,Good
2026-03-24 13:00:00,11.2,88.0,1027.0,1.8,307.0,0.0,1.9,openaq_ground,10.555555555555555,Good
2026-03-24 14:00:00,10.8,93.0,1027.7,1.3,262.0,0.0,3.3,openaq_ground,18.333333333333332,Good
2026-03-24 15:00:00,11.1,95.0,1027.9,1.5,324.0,0.0,3.0,openaq_ground,16.666666666666664,Good
2026-03-24 16:00:00,11.0,95.0,1028.0,3.7,331.0,0.0,3.0200000000000005,openaq_ground,16.666666666666664,Good
2026-03-24 17:00:00,11.0,94.0,1028.2,5.2,344.0,0.0,4.4,openaq_ground,24.444444444444446,Good
2026-03-24 18:00:00,10.4,95.0,1028.8,5.2,354.0,0.0,4.5,openaq_ground,25.0,Good
2026-03-24 19:00:00,10.0,94.0,1029.1,5.9,2.0,0.0,5.48,openaq_ground,30.0,Good
2026-03-24 20:00:00,11.1,90.0,1029.6,6.7,19.0,0.0,3.04,openaq_ground,16.666666666666664,Good
2026-03-24 21:00:00,13.3,85.0,1029.9,4.9,73.0,0.0,1.46,openaq_ground,7.777777777777777,Good
2026-03-24 22:00:00,14.7,78.0,1030.2,10.9,71.0,0.0,1.5,openaq_ground,8.333333333333332,Good
2026-03-24 23:00:00,15.8,73.0,1029.8,17.4,63.0,0.0,1.4,openaq_ground,7.777777777777777,Good
2026-03-25 00:00:00,15.3,74.0,1029.5,18.2,54.0,0.0,0.58,openaq_ground,2.7777777777777777,Good
2026-03-25 01:00:00,15.6,72.0,1029.2,18.2,49.0,0.0,0.8800000000000001,openaq_ground,4.444444444444445,Good
2026-03-25 02:00:00,16.0,71.0,1028.2,19.6,51.0,0.0,1.46,openaq_ground,7.777777777777777,Good
2026-03-25 03:00:00,15.2,76.0,1027.7,19.7,53.0,0.0,1.56,openaq_ground,8.333333333333332,Good
2026-03-25 04:00:00,14.5,79.0,1027.5,20.0,52.0,0.0,1.62,openaq_ground,8.88888888888889,Good
2026-03-25 05:00:00,13.7,80.0,1027.5,21.7,48.0,0.0,1.64,openaq_ground,8.88888888888889,Good
2026-03-25 06:00:00,13.5,85.0,1027.4,19.8,49.0,0.0,2.4,openaq_ground,13.333333333333332,Good
2026-03-25 07:00:00,13.0,91.0,1027.2,14.0,54.0,0.1,2.78,openaq_ground,15.0,Good
2026-03-25 08:00:00,13.0,95.0,1027.0,12.4,56.0,0.2,1.86,openaq_ground,10.0,Good
2026-03-25 09:00:00,13.2,96.0,1026.5,14.8,50.0,0.0,1.1,openaq_ground,6.111111111111112,Good
2026-03-25 10:00:00,13.5,97.0,1026.2,16.4,57.0,0.1,1.9,openaq_ground,10.555555555555555,Good
2026-03-25 11:00:00,13.4,95.0,1025.7,19.8,52.0,0.0,1.62,openaq_ground,8.88888888888889,Good
2026-03-25 12:00:00,12.2,93.0,1024.7,19.3,50.0,0.0,0.8400000000000001,openaq_ground,4.444444444444445,Good
2026-03-25 13:00:00,12.6,90.0,1024.5,20.6,46.0,0.0,0.4,openaq_ground,2.2222222222222223,Good
2026-03-25 14:00:00,13.0,89.0,1023.8,21.2,48.0,0.0,0.5599999999999999,openaq_ground,2.7777777777777777,Good
2026-03-25 15:00:00,12.8,89.0,1023.1,22.4,48.0,0.0,1.02,openaq_ground,5.555555555555555,Good
2026-03-25 16:00:00,12.7,89.0,1022.2,21.9,47.0,0.0,1.5,openaq_ground,8.333333333333332,Good
2026-03-25 17:00:00,12.9,90.0,1021.9,19.9,46.0,0.0,2.28,openaq_ground,12.222222222222223,Good
2026-03-25 18:00:00,13.0,90.0,1021.0,18.1,55.0,0.1,1.56,openaq_ground,8.333333333333332,Good
2026-03-25 19:00:00,13.1,93.0,1020.3,19.4,50.0,0.1,1.72,openaq_ground,9.444444444444445,Good
2026-03-25 20:00:00,13.5,92.0,1019.9,24.8,45.0,0.1,1.34,openaq_ground,7.222222222222222,Good
2026-03-25 21:00:00,14.0,88.0,1019.4,24.6,45.0,0.0,1.06,openaq_ground,5.555555555555555,Good
2026-03-25 22:00:00,15.0,80.0,1019.2,30.1,43.0,0.1,1.28,openaq_ground,6.666666666666666,Good
2026-03-25 23:00:00,14.8,82.0,1018.5,33.5,43.0,0.1,1.7399999999999998,openaq_ground,9.444444444444445,Good
2026-03-26 00:00:00,14.7,84.0,1017.0,31.6,42.0,0.2,1.96,openaq_ground,10.555555555555555,Good
2026-03-26 01:00:00,15.0,81.0,1016.0,34.4,42.0,0.0,2.26,openaq_ground,12.222222222222223,Good
2026-03-26 02:00:00,15.0,84.0,1015.5,37.3,44.0,0.1,2.3600000000000003,openaq_ground,12.777777777777777,Good
2026-03-26 03:00:00,14.7,87.0,1014.6,36.6,48.0,0.1,2.92,openaq_ground,16.11111111111111,Good
2026-03-26 04:00:00,14.4,90.0,1013.8,31.9,50.0,0.2,3.6,openaq_ground,20.0,Good
2026-03-26 05:00:00,14.2,91.0,1012.7,33.4,49.0,0.4,2.64,openaq_ground,14.444444444444445,Good
2026-03-26 06:00:00,14.2,94.0,1012.0,37.2,44.0,0.5,2.14,openaq_ground,11.666666666666666,Good
2026-03-26 07:00:00,14.2,94.0,1011.0,38.1,42.0,0.7,2.84,openaq_ground,15.555555555555554,Good
2026-03-26 08:00:00,14.0,96.0,1010.7,39.0,42.0,1.1,2.94,openaq_ground,16.11111111111111,Good
2026-03-26 09:00:00,13.8,96.0,1010.5,42.2,42.0,1.3,2.18,openaq_ground,11.666666666666666,Good
2026-03-26 10:00:00,13.8,93.0,1010.1,41.6,44.0,0.7,2.12,openaq_ground,11.666666666666666,Good
2026-03-26 11:00:00,13.7,94.0,1009.1,41.6,47.0,0.4,1.86,openaq_ground,10.0,Good
2026-03-26 12:00:00,13.6,95.0,1008.3,42.2,48.0,0.3,2.96,openaq_ground,16.11111111111111,Good
2026-03-26 13:00:00,13.5,96.0,1007.7,40.7,48.0,0.8,1.88,openaq_ground,10.0,Good
2026-03-26 14:00:00,13.9,95.0,1006.6,40.6,49.0,0.6,1.04,openaq_ground,5.555555555555555,Good
2026-03-26 15:00:00,14.1,94.0,1006.0,39.2,46.0,0.3,0.3,openaq_ground,1.6666666666666665,Good
2026-03-26 16:00:00,14.3,94.0,1005.0,37.5,46.0,0.2,0.06,openaq_ground,0.0,Good
2026-03-26 17:00:00,14.5,93.0,1004.2,33.8,42.0,0.2,0.36,openaq_ground,1.6666666666666665,Good
2026-03-26 18:00:00,14.8,95.0,1003.8,29.6,42.0,0.2,0.2599999999999999,openaq_ground,1.1111111111111112,Good
2026-03-26 19:00:00,14.7,95.0,1003.1,25.3,41.0,0.2,0.12,openaq_ground,0.5555555555555556,Good
2026-03-26 20:00:00,14.9,95.0,1002.6,29.4,36.0,0.1,0.1399999999999999,openaq_ground,0.5555555555555556,Good
2026-03-26 21:00:00,15.1,94.0,1001.2,32.7,36.0,0.0,0.2799999999999999,openaq_ground,1.1111111111111112,Good
2026-03-26 22:00:00,15.7,91.0,1000.9,34.5,35.0,0.4,0.7,openaq_ground,3.8888888888888884,Good
2026-03-26 23:00:00,15.4,94.0,1000.2,35.1,36.0,1.5,0.96,openaq_ground,5.0,Good
2026-03-27 00:00:00,16.6,90.0,998.7,39.2,34.0,0.1,1.56,openaq_ground,8.333333333333332,Good
2026-03-27 01:00:00,17.7,82.0,997.8,41.2,36.0,0.0,3.2,openaq_ground,17.77777777777778,Good
2026-03-27 02:00:00,18.1,79.0,997.5,39.2,34.0,0.0,5.26,openaq_ground,28.88888888888889,Good
2026-03-27 03:00:00,19.0,77.0,996.7,33.6,33.0,0.0,5.5,openaq_ground,30.555555555555554,Good
2026-03-27 04:00:00,19.3,77.0,996.2,28.2,35.0,0.0,6.08,openaq_ground,33.33333333333333,Good
2026-03-27 05:00:00,18.4,83.0,996.1,22.8,43.0,0.0,5.8,openaq_ground,32.22222222222222,Good
2026-03-27 06:00:00,17.8,85.0,995.9,20.8,37.0,0.3,5.94,openaq_ground,32.77777777777778,Good
2026-03-27 07:00:00,17.7,86.0,996.3,16.6,21.0,0.3,5.720000000000001,openaq_ground,31.666666666666668,Good
2026-03-27 08:00:00,18.0,85.0,996.2,19.7,15.0,0.1,6.58,openaq_ground,36.11111111111111,Good
2026-03-27 09:00:00,18.0,86.0,996.7,20.5,13.0,1.3,6.38,openaq_ground,35.0,Good
2026-03-27 10:00:00,17.6,92.0,996.9,25.7,21.0,2.4,6.04,openaq_ground,33.33333333333333,Good
2026-03-27 11:00:00,17.9,88.0,996.8,9.1,9.0,0.8,5.58,openaq_ground,30.555555555555554,Good
2026-03-27 12:00:00,16.6,96.0,998.9,10.0,262.0,0.0,6.5,openaq_ground,36.11111111111111,Good
2026-03-27 13:00:00,15.9,98.0,1000.6,14.3,241.0,0.3,2.8200000000000003,openaq_ground,15.555555555555554,Good
2026-03-27 14:00:00,15.7,93.0,1001.5,17.3,266.0,0.2,0.7200000000000001,openaq_ground,3.8888888888888884,Good
2026-03-27 15:00:00,15.4,92.0,1001.9,11.6,277.0,0.0,0.26,openaq_ground,1.1111111111111112,Good
2026-03-27 16:00:00,14.8,92.0,1002.6,7.8,263.0,0.0,0.06,openaq_ground,0.0,Good
2026-03-27 17:00:00,14.6,94.0,1003.8,13.0,241.0,0.0,0.08,openaq_ground,0.0,Good
2026-03-27 18:00:00,14.6,95.0,1005.1,13.3,234.0,0.0,0.62,openaq_ground,3.333333333333333,Good
2026-03-27 19:00:00,14.1,96.0,1005.8,14.7,228.0,0.0,0.52,openaq_ground,2.7777777777777777,Good
2026-03-27 20:00:00,14.1,93.0,1007.3,13.9,236.0,0.0,0.4,openaq_ground,2.2222222222222223,Good
2026-03-27 21:00:00,14.4,88.0,1008.4,16.4,230.0,0.0,0.8,openaq_ground,4.444444444444445,Good
2026-03-27 22:00:00,14.9,84.0,1009.5,16.9,237.0,0.0,2.08,openaq_ground,11.11111111111111,Good
2026-03-27 23:00:00,15.7,80.0,1009.7,17.6,237.0,0.0,1.36,openaq_ground,7.222222222222222,Good
2026-03-28 00:00:00,17.1,76.0,1010.0,14.6,225.0,0.0,2.74,openaq_ground,15.0,Good
2026-03-28 01:00:00,17.6,75.0,1010.1,14.6,206.0,0.0,2.46,openaq_ground,13.333333333333332,Good
2026-03-28 02:00:00,16.3,79.0,1010.4,14.4,179.0,0.0,1.72,openaq_ground,9.444444444444445,Good
2026-03-28 03:00:00,15.0,83.0,1010.5,11.1,160.0,0.0,1.48,openaq_ground,7.777777777777777,Good
2026-03-28 04:00:00,14.7,83.0,1011.3,6.4,162.0,0.0,1.7399999999999998,openaq_ground,9.444444444444445,Good
2026-03-28 05:00:00,14.5,82.0,1011.9,3.9,137.0,0.0,2.44,openaq_ground,13.333333333333332,Good
2026-03-28 06:00:00,13.8,85.0,1012.3,4.9,100.0,0.1,3.7,openaq_ground,20.555555555555557,Good
2026-03-28 07:00:00,13.6,86.0,1012.9,7.1,66.0,0.1,4.18,openaq_ground,22.777777777777775,Good
2026-03-28 08:00:00,13.2,90.0,1013.3,7.4,64.0,0.1,2.82,openaq_ground,15.555555555555554,Good
2026-03-28 09:00:00,12.9,91.0,1013.5,7.7,53.0,0.0,1.28,openaq_ground,6.666666666666666,Good
2026-03-28 10:00:00,12.8,90.0,1013.6,7.6,52.0,0.0,1.7600000000000002,openaq_ground,9.444444444444445,Good
2026-03-28 11:00:00,12.7,91.0,1013.4,9.9,57.0,0.0,1.34,openaq_ground,7.222222222222222,Good
2026-03-28 12:00:00,12.8,91.0,1013.2,10.2,49.0,0.0,0.64,openaq_ground,3.333333333333333,Good
2026-03-28 13:00:00,12.7,92.0,1012.5,11.2,52.0,0.2,0.06,openaq_ground,0.0,Good
2026-03-28 14:00:00,12.5,95.0,1012.4,9.6,49.0,0.6,0.12,openaq_ground,0.5555555555555556,Good
2026-03-28 15:00:00,12.5,95.0,1012.3,9.1,56.0,0.0,0.26,openaq_ground,1.1111111111111112,Good
2026-03-28 16:00:00,12.5,95.0,1011.1,14.2,40.0,0.0,1.38,openaq_ground,7.222222222222222,Good
2026-03-28 17:00:00,12.7,96.0,1010.5,13.8,39.0,0.0,2.02,openaq_ground,11.11111111111111,Good
2026-03-28 18:00:00,12.6,96.0,1010.1,15.0,45.0,0.0,1.5,openaq_ground,8.333333333333332,Good
2026-03-28 19:00:00,12.7,95.0,1009.6,16.6,37.0,0.2,1.24,openaq_ground,6.666666666666666,Good
2026-03-28 20:00:00,13.1,94.0,1009.2,18.4,39.0,0.1,0.86,openaq_ground,4.444444444444445,Good
2026-03-28 21:00:00,14.1,90.0,1008.5,22.7,34.0,0.0,1.04,openaq_ground,5.555555555555555,Good
2026-03-28 22:00:00,14.7,88.0,1008.4,20.6,31.0,0.0,1.44,openaq_ground,7.777777777777777,Good
2026-03-28 23:00:00,14.2,92.0,1007.5,20.4,40.0,0.5,2.34,openaq_ground,12.777777777777777,Good
2026-03-29 00:00:00,14.3,95.0,1007.1,17.1,44.0,1.2,3.24,openaq_ground,17.77777777777778,Good
2026-03-29 01:00:00,14.5,96.0,1005.9,18.5,40.0,0.2,3.74,openaq_ground,20.555555555555557,Good
2026-03-29 02:00:00,16.5,88.0,1004.7,19.3,33.0,0.0,2.4799999999999995,openaq_ground,13.333333333333332,Good
2026-03-29 03:00:00,17.6,84.0,1003.7,16.2,38.0,0.0,2.46,openaq_ground,13.333333333333332,Good
2026-03-29 04:00:00,17.7,86.0,1003.4,13.0,37.0,0.3,3.3200000000000003,openaq_ground,18.333333333333332,Good
2026-03-29 05:00:00,16.9,88.0,1003.8,3.0,142.0,0.6,5.76,openaq_ground,31.666666666666668,Good
2026-03-29 06:00:00,15.9,95.0,1003.5,2.5,8.0,0.0,7.6,openaq_ground,42.22222222222222,Good
2026-03-29 07:00:00,15.5,93.0,1003.7,9.0,15.0,4.2,7.62,openaq_ground,42.22222222222222,Good
2026-03-29 08:00:00,14.9,95.0,1003.3,0.6,34.0,0.0,8.4,openaq_ground,46.666666666666664,Good
2026-03-29 09:00:00,14.2,96.0,1003.5,2.7,328.0,0.8,3.86,openaq_ground,21.11111111111111,Good
2026-03-29 10:00:00,14.1,96.0,1003.0,2.7,340.0,0.0,2.18,openaq_ground,11.666666666666666,Good
2026-03-29 11:00:00,13.7,96.0,1002.8,2.5,315.0,0.0,1.26,openaq_ground,6.666666666666666,Good
2026-03-29 12:00:00,13.7,100.0,1003.4,4.7,184.0,1.4,2.16,openaq_ground,11.666666666666666,Good
2026-03-29 13:00:00,13.5,100.0,1003.3,13.1,188.0,0.5,0.26,openaq_ground,1.1111111111111112,Good
2026-03-29 14:00:00,12.3,99.0,1003.3,15.7,202.0,0.8,0.02,openaq_ground,0.0,Good
2026-03-29 15:00:00,12.2,99.0,1003.4,13.4,197.0,1.8,0.0,openaq_ground,0.0,Good
2026-03-29 16:00:00,11.8,99.0,1003.4,16.9,202.0,2.8,0.02,openaq_ground,0.0,Good
2026-03-29 17:00:00,11.8,98.0,1003.1,15.1,215.0,1.3,0.24,openaq_ground,1.1111111111111112,Good
2026-03-29 18:00:00,12.0,95.0,1003.5,14.1,232.0,0.0,0.6799999999999999,openaq_ground,3.333333333333333,Good
2026-03-29 19:00:00,11.5,91.0,1003.7,14.6,235.0,0.0,0.58,openaq_ground,2.7777777777777777,Good
2026-03-29 20:00:00,11.3,88.0,1003.8,14.5,243.0,0.0,0.36,openaq_ground,1.6666666666666665,Good
2026-03-29 21:00:00,12.2,81.0,1003.8,12.4,261.0,0.0,0.32,openaq_ground,1.6666666666666665,Good
2026-03-29 22:00:00,13.6,74.0,1003.5,13.9,274.0,0.0,0.4600000000000001,openaq_ground,2.2222222222222223,Good
2026-03-29 23:00:00,15.8,64.0,1003.1,17.5,266.0,0.0,0.0,openaq_ground,0.0,Good
2026-03-30 00:00:00,18.8,53.0,1001.7,9.6,264.0,0.0,0.02,openaq_ground,0.0,Good
2026-03-30 01:00:00,19.8,45.0,1000.9,24.3,258.0,0.0,0.06,openaq_ground,0.0,Good
2026-03-30 02:00:00,19.6,48.0,1000.6,22.7,250.0,0.0,0.3399999999999999,openaq_ground,1.6666666666666665,Good
2026-03-30 03:00:00,15.7,73.0,1001.3,26.1,233.0,0.2,0.2799999999999999,openaq_ground,1.1111111111111112,Good
2026-03-30 04:00:00,14.9,74.0,1001.4,23.8,235.0,0.0,1.1,openaq_ground,6.111111111111112,Good
2026-03-30 05:00:00,13.3,75.0,1001.6,26.6,241.0,0.0,1.66,openaq_ground,8.88888888888889,Good
2026-03-30 06:00:00,13.0,69.0,1001.2,22.8,253.0,0.0,1.48,openaq_ground,7.777777777777777,Good
2026-03-30 07:00:00,12.7,69.0,1001.6,19.3,249.0,0.0,0.96,openaq_ground,5.0,Good
2026-03-30 08:00:00,12.6,68.0,1002.0,16.1,254.0,0.0,0.8,openaq_ground,4.444444444444445,Good
2026-03-30 09:00:00,12.3,65.0,1002.9,19.4,257.0,0.0,0.8400000000000001,openaq_ground,4.444444444444445,Good
2026-03-30 10:00:00,12.4,61.0,1003.9,24.4,259.0,0.0,0.5,openaq_ground,2.7777777777777777,Good
2026-03-30 11:00:00,12.3,60.0,1004.5,26.0,260.0,0.0,0.32,openaq_ground,1.6666666666666665,Good
2026-03-30 12:00:00,11.7,64.0,1004.9,24.1,243.0,0.1,0.12,openaq_ground,0.5555555555555556,Good
2026-03-30 13:00:00,10.8,70.0,1005.9,31.0,251.0,0.1,0.22,openaq_ground,1.1111111111111112,Good
2026-03-30 14:00:00,9.8,74.0,1007.2,34.8,245.0,0.1,0.2799999999999999,openaq_ground,1.1111111111111112,Good
2026-03-30 15:00:00,8.9,75.0,1008.5,31.1,244.0,0.1,1.04,openaq_ground,5.555555555555555,Good
2026-03-30 16:00:00,8.7,70.0,1009.4,27.6,240.0,0.0,1.2,openaq_ground,6.666666666666666,Good
2026-03-30 17:00:00,8.1,66.0,1010.7,26.9,241.0,0.0,1.28,openaq_ground,6.666666666666666,Good
2026-03-30 18:00:00,7.4,72.0,1011.9,24.4,247.0,0.0,1.04,openaq_ground,5.555555555555555,Good
2026-03-30 19:00:00,7.0,75.0,1013.0,23.3,249.0,0.0,0.92,openaq_ground,5.0,Good
2026-03-30 20:00:00,7.4,74.0,1014.2,23.7,250.0,0.0,0.44,openaq_ground,2.2222222222222223,Good
2026-03-30 21:00:00,8.3,71.0,1015.3,21.0,254.0,0.0,0.2799999999999999,openaq_ground,1.1111111111111112,Good
2026-03-30 22:00:00,9.2,65.0,1016.2,24.0,246.0,0.0,0.3399999999999999,openaq_ground,1.6666666666666665,Good
2026-03-30 23:00:00,10.0,59.0,1016.9,28.5,237.0,0.3,0.4,openaq_ground,2.2222222222222223,Good
2026-03-31 00:00:00,10.3,56.0,1017.0,27.3,240.0,0.1,0.54,openaq_ground,2.7777777777777777,Good
2026-03-31 01:00:00,10.7,55.0,1017.1,28.2,244.0,0.1,1.06,openaq_ground,5.555555555555555,Good
2026-03-31 02:00:00,10.9,56.0,1017.2,27.6,245.0,0.1,0.78,openaq_ground,3.8888888888888884,Good
2026-03-31 03:00:00,11.1,55.0,1017.3,26.9,245.0,0.1,0.58,openaq_ground,2.7777777777777777,Good
2026-03-31 04:00:00,11.1,57.0,1017.7,25.4,242.0,0.0,0.42,openaq_ground,2.2222222222222223,Good
2026-03-31 05:00:00,10.8,60.0,1017.9,23.3,242.0,0.0,0.82,openaq_ground,4.444444444444445,Good
2026-03-31 06:00:00,10.1,63.0,1018.5,19.6,243.0,0.0,1.8,openaq_ground,10.0,Good
2026-03-31 07:00:00,9.2,67.0,1019.1,16.0,249.0,0.0,2.08,openaq_ground,11.11111111111111,Good
2026-03-31 08:00:00,8.6,69.0,1019.8,13.9,257.0,0.0,1.52,openaq_ground,8.333333333333332,Good
2026-03-31 09:00:00,8.1,71.0,1020.4,12.7,263.0,0.0,0.74,openaq_ground,3.8888888888888884,Good
2026-03-31 10:00:00,7.9,72.0,1021.4,11.3,279.0,0.0,0.5,openaq_ground,2.7777777777777777,Good
2026-03-31 11:00:00,7.9,72.0,1021.5,10.9,279.0,0.0,0.2799999999999999,openaq_ground,1.1111111111111112,Good
2026-03-31 12:00:00,7.8,72.0,1021.5,9.9,295.0,0.0,0.32,openaq_ground,1.6666666666666665,Good
2026-03-31 13:00:00,7.3,74.0,1021.6,8.6,299.0,0.0,0.3,openaq_ground,1.6666666666666665,Good
2026-03-31 14:00:00,7.5,73.0,1021.8,9.4,306.0,0.0,0.22,openaq_ground,1.1111111111111112,Good
2026-03-31 15:00:00,7.1,73.0,1022.0,9.3,316.0,0.0,0.2,openaq_ground,1.1111111111111112,Good
2026-03-31 16:00:00,6.9,74.0,1022.1,10.3,313.0,0.0,0.16,openaq_ground,0.5555555555555556,Good
2026-03-31 17:00:00,6.9,74.0,1022.5,9.9,312.0,0.0,0.2,openaq_ground,1.1111111111111112,Good
2026-03-31 18:00:00,6.8,76.0,1022.7,10.9,316.0,0.0,0.38,openaq_ground,1.6666666666666665,Good
2026-03-31 19:00:00,6.7,77.0,1023.2,10.9,321.0,0.0,0.44,openaq_ground,2.2222222222222223,Good
2026-03-31 20:00:00,7.8,76.0,1023.7,10.5,323.0,0.0,0.5,openaq_ground,2.7777777777777777,Good
2026-03-31 21:00:00,10.4,72.0,1024.1,9.7,312.0,0.0,0.18,openaq_ground,0.5555555555555556,Good
2026-03-31 22:00:00,12.2,65.0,1024.4,10.5,301.0,0.0,0.1399999999999999,openaq_ground,0.5555555555555556,Good
2026-03-31 23:00:00,13.7,62.0,1024.0,10.4,291.0,0.0,0.04,openaq_ground,0.0,Good
2026-04-01 00:00:00,14.8,59.0,1023.4,8.5,314.0,0.0,0.08,openaq_ground,0.0,Good
2026-04-01 01:00:00,16.0,58.0,1023.3,4.7,266.0,0.0,0.12,openaq_ground,0.5555555555555556,Good
2026-04-01 02:00:00,16.6,59.0,1023.0,4.1,180.0,0.0,0.4199999999999999,openaq_ground,2.2222222222222223,Good
2026-04-01 03:00:00,16.5,62.0,1022.7,4.6,108.0,0.0,3.1,openaq_ground,17.22222222222222,Good
2026-04-01 04:00:00,16.0,65.0,1022.9,6.1,88.0,0.0,4.8,openaq_ground,26.666666666666664,Good
2026-04-01 05:00:00,15.1,70.0,1022.8,6.2,80.0,0.0,3.88,openaq_ground,21.11111111111111,Good
2026-04-01 06:00:00,13.5,80.0,1023.0,6.1,67.0,0.0,3.58,openaq_ground,19.444444444444443,Good
2026-04-01 07:00:00,11.5,89.0,1023.4,6.0,46.0,0.0,4.14,openaq_ground,22.777777777777775,Good
2026-04-01 08:00:00,11.0,92.0,1024.0,7.3,11.0,0.0,7.32,openaq_ground,40.55555555555555,Good
2026-04-01 09:00:00,10.6,93.0,1024.2,8.3,1.0,0.0,6.98,openaq_ground,38.333333333333336,Good
2026-04-01 10:00:00,9.9,93.0,1024.6,7.2,359.0,0.0,4.04,openaq_ground,22.22222222222222,Good
2026-04-01 11:00:00,9.3,93.0,1024.6,7.9,360.0,0.0,2.68,openaq_ground,14.444444444444445,Good
2026-04-01 12:00:00,11.0,84.0,1024.6,10.6,1.0,0.0,1.64,openaq_ground,8.88888888888889,Good
2026-04-01 13:00:00,10.4,85.0,1024.5,11.0,354.0,0.0,1.4,openaq_ground,7.777777777777777,Good
2026-04-01 14:00:00,10.0,86.0,1024.6,8.3,344.0,0.0,1.04,openaq_ground,5.555555555555555,Good
2026-04-01 15:00:00,10.3,84.0,1024.4,7.1,345.0,0.0,0.48,openaq_ground,2.2222222222222223,Good
2026-04-01 16:00:00,11.3,81.0,1024.2,6.4,344.0,0.0,0.48,openaq_ground,2.2222222222222223,Good
2026-04-01 17:00:00,11.5,82.0,1024.2,5.6,339.0,0.0,0.5599999999999999,openaq_ground,2.7777777777777777,Good
2026-04-01 18:00:00,11.0,86.0,1025.0,3.0,343.0,0.0,0.72,openaq_ground,3.8888888888888884,Good
2026-04-01 19:00:00,9.8,89.0,1025.5,1.6,333.0,0.0,1.0,openaq_ground,5.555555555555555,Good
2026-04-01 20:00:00,10.7,86.0,1025.9,2.6,344.0,0.0,1.02,openaq_ground,5.555555555555555,Good
2026-04-01 21:00:00,14.5,86.0,1026.1,3.7,11.0,0.0,1.92,openaq_ground,10.555555555555555,Good
2026-04-01 22:00:00,17.2,66.0,1026.2,2.1,75.0,0.0,1.06,openaq_ground,5.555555555555555,Good
2026-04-01 23:00:00,18.8,64.0,1025.6,3.1,69.0,0.0,2.02,openaq_ground,11.11111111111111,Good
2026-04-02 00:00:00,21.2,57.0,1025.2,8.6,30.0,0.0,3.74,openaq_ground,20.555555555555557,Good
2026-04-02 01:00:00,22.6,54.0,1024.8,5.8,9.0,0.0,1.6800000000000002,openaq_ground,8.88888888888889,Good
2026-04-02 02:00:00,23.1,51.0,1024.3,2.4,17.0,0.0,1.2600000000000002,openaq_ground,6.666666666666666,Good
2026-04-02 03:00:00,23.3,47.0,1023.9,3.4,164.0,0.0,1.5,openaq_ground,8.333333333333332,Good
2026-04-02 04:00:00,21.7,61.0,1024.2,6.2,112.0,0.0,1.3199999999999998,openaq_ground,7.222222222222222,Good
2026-04-02 05:00:00,20.4,70.0,1024.1,5.8,51.0,0.0,2.04,openaq_ground,11.11111111111111,Good
2026-04-02 06:00:00,18.2,80.0,1024.6,3.7,29.0,0.0,1.96,openaq_ground,10.555555555555555,Good
2026-04-02 07:00:00,16.5,84.0,1024.8,7.0,23.0,0.0,1.38,openaq_ground,7.222222222222222,Good
2026-04-02 08:00:00,15.2,86.0,1025.1,7.5,17.0,0.0,1.78,openaq_ground,9.444444444444445,Good
2026-04-02 09:00:00,14.7,86.0,1024.9,8.9,9.0,0.0,2.04,openaq_ground,11.11111111111111,Good
2026-04-02 10:00:00,14.7,82.0,1024.9,7.1,9.0,0.0,1.36,openaq_ground,7.222222222222222,Good
2026-04-02 11:00:00,14.4,82.0,1024.5,8.0,9.0,0.0,1.04,openaq_ground,5.555555555555555,Good
2026-04-02 12:00:00,13.3,81.0,1024.5,10.8,5.0,0.0,0.44,openaq_ground,2.2222222222222223,Good
2026-04-02 13:00:00,12.2,84.0,1023.7,9.9,4.0,0.0,0.32,openaq_ground,1.6666666666666665,Good
2026-04-02 14:00:00,11.9,86.0,1023.1,11.0,2.0,0.0,0.58,openaq_ground,2.7777777777777777,Good
2026-04-02 15:00:00,12.2,87.0,1022.5,12.1,358.0,0.0,1.2,openaq_ground,6.666666666666666,Good
2026-04-02 16:00:00,12.6,86.0,1021.5,11.9,357.0,0.0,1.08,openaq_ground,5.555555555555555,Good
2026-04-02 17:00:00,12.7,84.0,1021.1,12.3,356.0,0.0,1.4,openaq_ground,7.777777777777777,Good
2026-04-02 18:00:00,11.9,81.0,1020.7,10.9,354.0,0.0,2.76,openaq_ground,15.0,Good
2026-04-02 19:00:00,11.2,80.0,1020.5,8.4,340.0,0.0,2.14,openaq_ground,11.666666666666666,Good
2026-04-02 20:00:00,11.9,79.0,1020.3,5.6,318.0,0.0,2.94,openaq_ground,16.11111111111111,Good
2026-04-02 21:00:00,14.4,77.0,1020.0,3.1,315.0,0.0,5.04,openaq_ground,27.77777777777778,Good
2026-04-02 22:00:00,16.8,70.0,1019.4,1.7,229.0,0.0,6.0600000000000005,openaq_ground,33.33333333333333,Good
2026-04-02 23:00:00,17.7,69.0,1018.9,5.7,191.0,0.0,4.98,openaq_ground,27.222222222222225,Good
2026-04-03 00:00:00,19.9,67.0,1017.8,4.9,186.0,0.0,5.86,openaq_ground,32.22222222222222,Good
2026-04-03 01:00:00,19.6,71.0,1017.0,5.9,180.0,0.0,6.6,openaq_ground,36.666666666666664,Good
2026-04-03 02:00:00,19.3,74.0,1016.2,4.6,228.0,0.0,7.4,openaq_ground,41.111111111111114,Good
2026-04-03 03:00:00,18.6,78.0,1015.3,6.3,219.0,0.0,4.82,openaq_ground,26.666666666666664,Good
2026-04-03 04:00:00,17.4,82.0,1015.0,5.9,191.0,0.0,3.12,openaq_ground,17.22222222222222,Good
2026-04-03 05:00:00,17.7,83.0,1014.6,0.4,27.0,0.0,4.26,openaq_ground,23.333333333333332,Good
2026-04-03 06:00:00,17.0,81.0,1013.9,4.0,36.0,0.0,6.159999999999999,openaq_ground,33.888888888888886,Good
2026-04-03 07:00:00,16.0,77.0,1013.9,7.0,29.0,0.0,5.44,openaq_ground,30.0,Good
2026-04-03 08:00:00,15.5,70.0,1013.7,10.0,14.0,0.0,2.58,openaq_ground,13.88888888888889,Good
2026-04-03 09:00:00,15.2,63.0,1013.4,10.5,352.0,0.0,1.22,openaq_ground,6.666666666666666,Good
2026-04-03 10:00:00,14.8,62.0,1012.9,10.6,345.0,0.0,0.14,openaq_ground,0.5555555555555556,Good
2026-04-03 11:00:00,13.6,70.0,1012.8,7.1,350.0,0.0,0.36,openaq_ground,1.6666666666666665,Good
2026-04-03 12:00:00,13.6,66.0,1012.0,12.8,4.0,0.0,0.1,openaq_ground,0.5555555555555556,Good
2026-04-03 13:00:00,14.3,62.0,1011.4,13.3,359.0,0.0,0.0,openaq_ground,0.0,Good
2026-04-03 14:00:00,14.5,62.0,1011.5,14.6,355.0,0.0,0.0,openaq_ground,0.0,Good
2026-04-03 15:00:00,13.7,77.0,1012.9,12.3,320.0,1.0,0.5599999999999999,openaq_ground,2.7777777777777777,Good
2026-04-03 16:00:00,12.6,87.0,1015.4,17.9,240.0,0.7,0.36,openaq_ground,1.6666666666666665,Good
2026-04-03 17:00:00,12.0,91.0,1016.4,15.5,235.0,0.3,0.22,openaq_ground,1.1111111111111112,Good
2026-04-03 18:00:00,11.5,94.0,1017.2,12.8,228.0,0.3,0.3,openaq_ground,1.6666666666666665,Good
2026-04-03 19:00:00,11.1,93.0,1017.7,13.7,240.0,0.1,0.92,openaq_ground,5.0,Good
2026-04-03 20:00:00,10.9,95.0,1018.3,14.8,234.0,0.7,1.0,openaq_ground,5.555555555555555,Good
2026-04-03 21:00:00,11.0,94.0,1019.1,12.9,245.0,0.3,0.48,openaq_ground,2.2222222222222223,Good
2026-04-03 22:00:00,11.0,95.0,1020.1,10.4,247.0,0.6,0.5800000000000001,openaq_ground,2.7777777777777777,Good
2026-04-03 23:00:00,11.6,88.0,1020.5,10.9,230.0,0.1,0.86,openaq_ground,4.444444444444445,Good
2026-04-04 00:00:00,11.8,79.0,1020.6,10.1,229.0,0.0,2.22,openaq_ground,12.222222222222223,Good
2026-04-04 01:00:00,12.3,76.0,1020.5,8.9,214.0,0.0,1.0,openaq_ground,5.555555555555555,Good
2026-04-04 02:00:00,12.3,73.0,1020.7,9.3,198.0,0.0,2.38,openaq_ground,12.777777777777777,Good
2026-04-04 03:00:00,11.8,75.0,1021.1,7.4,183.0,0.2,2.44,openaq_ground,13.333333333333332,Good
2026-04-04 04:00:00,11.6,75.0,1021.4,7.2,167.0,0.1,3.2,openaq_ground,17.77777777777778,Good
2026-04-04 05:00:00,11.3,79.0,1021.7,6.5,156.0,0.0,5.08,openaq_ground,27.77777777777778,Good
2026-04-04 06:00:00,10.4,86.0,1022.7,4.8,119.0,0.1,12.8,openaq_ground,57.89353612167301,Moderate
2026-04-04 07:00:00,10.1,91.0,1023.3,5.1,84.0,0.2,10.14,openaq_ground,52.863117870722434,Moderate
2026-04-04 08:00:00,10.0,93.0,1023.7,6.0,65.0,0.2,6.58,openaq_ground,36.11111111111111,Good
2026-04-04 09:00:00,9.9,95.0,1024.2,6.4,65.0,0.2,4.44,openaq_ground,24.444444444444446,Good
2026-04-04 10:00:00,9.7,96.0,1024.5,6.3,55.0,0.0,5.5200000000000005,openaq_ground,30.555555555555554,Good
2026-04-04 11:00:00,9.7,96.0,1024.8,6.2,36.0,0.0,3.2,openaq_ground,17.77777777777778,Good
2026-04-04 12:00:00,9.7,95.0,1025.3,5.5,38.0,0.0,2.1,openaq_ground,11.666666666666666,Good
2026-04-04 13:00:00,9.4,95.0,1025.4,4.1,23.0,0.0,1.0,openaq_ground,5.555555555555555,Good
2026-04-04 14:00:00,9.4,95.0,1025.9,3.2,27.0,0.0,0.98,openaq_ground,5.0,Good
2026-04-04 15:00:00,9.3,95.0,1025.7,4.1,34.0,0.0,0.74,openaq_ground,3.8888888888888884,Good
2026-04-04 16:00:00,9.1,94.0,1025.5,4.8,27.0,0.0,0.6,openaq_ground,3.333333333333333,Good
2026-04-04 17:00:00,9.0,92.0,1025.7,5.6,42.0,0.0,0.44,openaq_ground,2.2222222222222223,Good
2026-04-04 18:00:00,9.2,91.0,1026.3,8.8,62.0,0.0,0.42,openaq_ground,2.2222222222222223,Good
2026-04-04 19:00:00,9.4,90.0,1027.0,10.7,60.0,0.0,0.74,openaq_ground,3.8888888888888884,Good
2026-04-04 20:00:00,9.8,88.0,1027.4,12.7,60.0,0.0,1.0,openaq_ground,5.555555555555555,Good
2026-04-04 21:00:00,10.4,85.0,1027.5,14.1,58.0,0.0,1.1,openaq_ground,6.111111111111112,Good
2026-04-04 22:00:00,11.1,78.0,1028.1,17.2,52.0,0.0,0.8400000000000001,openaq_ground,4.444444444444445,Good
2026-04-04 23:00:00,11.3,77.0,1028.1,17.5,50.0,0.0,1.02,openaq_ground,5.555555555555555,Good
2026-04-05 00:00:00,12.6,69.0,1027.6,20.6,48.0,0.0,0.78,openaq_ground,3.8888888888888884,Good
2026-04-05 01:00:00,12.5,70.0,1027.5,20.2,50.0,0.0,0.5599999999999999,openaq_ground,2.7777777777777777,Good
2026-04-05 02:00:00,12.8,69.0,1027.2,20.7,51.0,0.0,0.72,openaq_ground,3.8888888888888884,Good
2026-04-05 03:00:00,12.4,71.0,1027.1,21.5,50.0,0.0,1.2,openaq_ground,6.666666666666666,Good
2026-04-05 04:00:00,12.1,74.0,1026.8,21.8,50.0,0.0,1.36,openaq_ground,7.222222222222222,Good
2026-04-05 05:00:00,11.6,79.0,1027.0,22.0,48.0,0.0,2.38,openaq_ground,12.777777777777777,Good
2026-04-05 06:00:00,11.1,82.0,1027.1,18.8,53.0,0.0,2.4,openaq_ground,13.333333333333332,Good
2026-04-05 07:00:00,11.0,83.0,1027.3,18.1,49.0,0.0,2.24,openaq_ground,12.222222222222223,Good
2026-04-05 08:00:00,11.0,83.0,1027.5,18.6,48.0,0.0,1.64,openaq_ground,8.88888888888889,Good
2026-04-05 09:00:00,10.9,85.0,1027.3,19.0,46.0,0.0,1.5,openaq_ground,8.333333333333332,Good
2026-04-05 10:00:00,11.1,86.0,1027.5,19.0,47.0,0.0,1.3,openaq_ground,7.222222222222222,Good
2026-04-05 11:00:00,11.3,86.0,1027.0,20.0,44.0,0.0,1.0,openaq_ground,5.555555555555555,Good
2026-04-05 12:00:00,11.3,87.0,1026.4,19.6,41.0,0.0,0.68,openaq_ground,3.333333333333333,Good
2026-04-05 13:00:00,11.3,88.0,1025.8,20.2,40.0,0.0,0.6,openaq_ground,3.333333333333333,Good
2026-04-05 14:00:00,11.5,88.0,1025.6,22.4,39.0,0.0,0.4599999999999999,openaq_ground,2.2222222222222223,Good
2026-04-05 15:00:00,11.5,89.0,1025.4,21.2,41.0,0.0,0.2799999999999999,openaq_ground,1.1111111111111112,Good
2026-04-05 16:00:00,11.3,90.0,1025.0,20.0,49.0,0.0,0.2599999999999999,openaq_ground,1.1111111111111112,Good
2026-04-05 17:00:00,11.3,90.0,1025.0,19.8,52.0,0.0,0.1399999999999999,openaq_ground,0.5555555555555556,Good
2026-04-05 18:00:00,11.2,91.0,1025.1,18.5,59.0,0.0,0.3,openaq_ground,1.6666666666666665,Good
2026-04-05 19:00:00,11.1,91.0,1025.0,19.9,59.0,0.0,1.42,openaq_ground,7.777777777777777,Good
2026-04-05 20:00:00,11.1,90.0,1025.1,20.5,61.0,0.1,1.58,openaq_ground,8.333333333333332,Good
2026-04-05 21:00:00,11.3,88.0,1025.4,21.3,58.0,0.1,1.8,openaq_ground,10.0,Good
2026-04-05 22:00:00,11.7,84.0,1025.4,21.9,53.0,0.0,2.12,openaq_ground,11.666666666666666,Good
2026-04-05 23:00:00,12.3,79.0,1025.3,25.0,48.0,0.0,2.0,openaq_ground,11.11111111111111,Good
2026-04-06 00:00:00,13.7,72.0,1024.8,24.0,49.0,0.1,1.6800000000000002,openaq_ground,8.88888888888889,Good
2026-04-06 01:00:00,14.2,70.0,1024.2,23.3,51.0,0.0,0.58,openaq_ground,2.7777777777777777,Good
2026-04-06 02:00:00,13.6,75.0,1023.8,20.6,57.0,0.0,0.76,openaq_ground,3.8888888888888884,Good
2026-04-06 03:00:00,13.1,79.0,1023.2,18.4,58.0,0.0,0.58,openaq_ground,2.7777777777777777,Good
2026-04-06 04:00:00,13.0,82.0,1022.6,16.4,55.0,0.0,0.44,openaq_ground,2.2222222222222223,Good
2026-04-06 05:00:00,12.7,84.0,1022.1,15.3,56.0,0.0,1.64,openaq_ground,8.88888888888889,Good
2026-04-06 06:00:00,12.2,89.0,1021.7,15.8,58.0,0.0,1.82,openaq_ground,10.0,Good
2026-04-06 07:00:00,11.4,94.0,1021.7,15.9,51.0,0.0,1.94,openaq_ground,10.555555555555555,Good
2026-04-06 08:00:00,11.7,92.0,1021.7,17.1,48.0,0.0,2.3,openaq_ground,12.777777777777777,Good
2026-04-06 09:00:00,11.8,92.0,1021.5,19.2,46.0,0.0,0.82,openaq_ground,4.444444444444445,Good
2026-04-06 10:00:00,11.9,92.0,1021.3,20.6,43.0,0.0,0.72,openaq_ground,3.8888888888888884,Good
2026-04-06 11:00:00,12.3,92.0,1021.2,21.1,45.0,0.0,1.32,openaq_ground,7.222222222222222,Good
2026-04-06 12:00:00,12.5,93.0,1020.8,20.7,51.0,0.2,1.62,openaq_ground,8.88888888888889,Good
2026-04-06 13:00:00,12.8,92.0,1020.5,22.5,49.0,0.2,1.26,openaq_ground,6.666666666666666,Good
2026-04-06 14:00:00,12.8,92.0,1020.0,23.8,43.0,0.1,0.86,openaq_ground,4.444444444444445,Good
2026-04-06 15:00:00,12.8,93.0,1019.3,22.9,42.0,0.0,0.72,openaq_ground,3.8888888888888884,Good
2026-04-06 16:00:00,12.8,94.0,1018.6,20.8,46.0,0.1,0.4,openaq_ground,2.2222222222222223,Good
2026-04-06 17:00:00,12.9,95.0,1018.1,22.7,49.0,0.2,0.22,openaq_ground,1.1111111111111112,Good
2026-04-06 18:00:00,13.1,96.0,1017.6,22.5,50.0,0.1,1.0,openaq_ground,5.555555555555555,Good
2026-04-06 19:00:00,13.1,96.0,1017.2,28.5,47.0,0.3,0.7,openaq_ground,3.8888888888888884,Good
2026-04-06 20:00:00,13.3,96.0,1017.0,28.1,44.0,0.4,0.5599999999999999,openaq_ground,2.7777777777777777,Good
2026-04-06 21:00:00,13.3,98.0,1017.0,27.4,44.0,0.4,0.98,openaq_ground,5.0,Good
2026-04-06 22:00:00,13.5,98.0,1016.9,28.1,45.0,0.4,1.34,openaq_ground,7.222222222222222,Good
2026-04-06 23:00:00,13.8,96.0,1016.8,30.2,47.0,0.3,1.7399999999999998,openaq_ground,9.444444444444445,Good
2026-04-07 00:00:00,14.0,95.0,1015.5,28.0,46.0,0.2,1.94,openaq_ground,10.555555555555555,Good
2026-04-07 01:00:00,14.5,92.0,1014.6,30.2,42.0,0.1,1.88,openaq_ground,10.0,Good
2026-04-07 02:00:00,14.4,91.0,1013.7,30.6,47.0,0.1,2.12,openaq_ground,11.666666666666666,Good
2026-04-07 03:00:00,14.4,90.0,1012.5,32.3,46.0,0.1,2.2,openaq_ground,12.222222222222223,Good
2026-04-07 04:00:00,14.3,90.0,1011.9,33.2,44.0,0.0,2.7,openaq_ground,15.0,Good
2026-04-07 05:00:00,14.1,91.0,1011.5,30.2,43.0,0.0,3.12,openaq_ground,17.22222222222222,Good
2026-04-07 06:00:00,14.1,91.0,1010.9,30.6,39.0,0.0,2.4,openaq_ground,13.333333333333332,Good
2026-04-07 07:00:00,13.9,91.0,1010.7,30.7,35.0,0.0,2.8200000000000003,openaq_ground,15.555555555555554,Good
2026-04-07 08:00:00,13.9,91.0,1010.2,29.4,34.0,0.0,2.5,openaq_ground,13.88888888888889,Good
2026-04-07 09:00:00,14.0,91.0,1009.9,29.6,36.0,0.0,2.74,openaq_ground,15.0,Good
2026-04-07 10:00:00,14.1,91.0,1009.5,27.4,37.0,0.0,3.78,openaq_ground,20.555555555555557,Good
2026-04-07 11:00:00,13.8,93.0,1009.1,25.0,36.0,0.7,2.34,openaq_ground,12.777777777777777,Good
2026-04-07 12:00:00,13.6,96.0,1007.9,23.3,42.0,1.0,2.02,openaq_ground,11.11111111111111,Good
2026-04-07 13:00:00,13.4,97.0,1007.2,20.4,46.0,0.3,2.84,openaq_ground,15.555555555555554,Good
2026-04-07 14:00:00,13.3,97.0,1006.7,17.4,45.0,0.0,2.7,openaq_ground,15.0,Good
2026-04-07 15:00:00,13.3,97.0,1005.6,21.3,37.0,0.1,3.14,openaq_ground,17.22222222222222,Good
2026-04-07 16:00:00,13.3,96.0,1004.5,20.5,34.0,0.0,3.6,openaq_ground,20.0,Good
2026-04-07 17:00:00,13.1,96.0,1003.9,19.7,32.0,0.0,4.12,openaq_ground,22.777777777777775,Good
2026-04-07 18:00:00,13.5,97.0,1003.6,15.1,36.0,0.0,3.74,openaq_ground,20.555555555555557,Good
2026-04-07 19:00:00,13.7,96.0,1003.3,13.9,20.0,0.0,3.68,openaq_ground,20.0,Good
2026-04-07 20:00:00,13.8,92.0,1003.1,13.2,14.0,0.0,3.0,openaq_ground,16.666666666666664,Good
2026-04-07 21:00:00,14.6,89.0,1003.0,13.9,23.0,0.0,3.4,openaq_ground,18.88888888888889,Good
2026-04-07 22:00:00,16.3,86.0,1003.1,12.8,17.0,0.0,3.7,openaq_ground,20.555555555555557,Good
2026-04-07 23:00:00,17.8,79.0,1002.9,10.8,11.0,0.0,3.78,openaq_ground,20.555555555555557,Good
2026-04-08 00:00:00,19.6,57.0,1002.5,10.6,9.0,0.0,4.36,openaq_ground,23.888888888888886,Good
2026-04-08 01:00:00,20.0,61.0,1002.1,7.5,42.0,0.0,5.26,openaq_ground,28.88888888888889,Good
2026-04-08 02:00:00,18.6,77.0,1001.9,10.3,68.0,0.5,5.159999999999999,openaq_ground,28.33333333333333,Good
2026-04-08 03:00:00,20.0,66.0,1001.4,10.0,57.0,0.0,5.159999999999999,openaq_ground,28.33333333333333,Good
2026-04-08 04:00:00,20.4,64.0,1000.9,7.9,55.0,0.0,4.44,openaq_ground,24.444444444444446,Good
2026-04-08 05:00:00,19.6,68.0,1001.3,4.7,32.0,0.0,3.44,openaq_ground,18.88888888888889,Good
2026-04-08 06:00:00,16.8,84.0,1001.5,6.5,51.0,0.0,2.66,openaq_ground,14.444444444444445,Good
2026-04-08 07:00:00,15.5,86.0,1001.9,4.7,7.0,0.0,2.0,openaq_ground,11.11111111111111,Good
2026-04-08 08:00:00,15.2,77.0,1002.5,6.5,328.0,0.0,0.8800000000000001,openaq_ground,4.444444444444445,Good
2026-04-08 09:00:00,14.8,73.0,1002.9,7.9,325.0,0.0,0.12,openaq_ground,0.5555555555555556,Good
2026-04-08 10:00:00,14.0,76.0,1003.4,6.2,343.0,0.0,0.1399999999999999,openaq_ground,0.5555555555555556,Good
2026-04-08 11:00:00,13.2,80.0,1003.8,5.3,342.0,0.0,0.0,openaq_ground,0.0,Good
2026-04-08 12:00:00,11.4,87.0,1003.6,6.4,352.0,0.0,0.0,openaq_ground,0.0,Good
2026-04-08 13:00:00,10.5,90.0,1004.1,4.2,340.0,0.0,0.0,openaq_ground,0.0,Good
2026-04-08 14:00:00,10.1,89.0,1005.0,2.4,333.0,0.0,0.0,openaq_ground,0.0,Good
2026-04-08 15:00:00,10.7,85.0,1004.9,2.4,347.0,0.0,0.0,openaq_ground,0.0,Good
2026-04-08 16:00:00,9.6,88.0,1005.2,0.8,333.0,0.0,0.02,openaq_ground,0.0,Good
2026-04-08 17:00:00,9.7,87.0,1005.5,3.1,353.0,0.0,0.18,openaq_ground,0.5555555555555556,Good
2026-04-08 18:00:00,9.2,88.0,1005.9,6.2,10.0,0.0,0.26,openaq_ground,1.1111111111111112,Good
2026-04-08 19:00:00,8.6,91.0,1006.2,6.2,353.0,0.0,0.98,openaq_ground,5.0,Good
2026-04-08 20:00:00,9.1,92.0,1007.0,5.4,346.0,0.0,0.92,openaq_ground,5.0,Good
2026-04-08 21:00:00,13.2,86.0,1007.4,7.0,12.0,0.0,0.8800000000000001,openaq_ground,4.444444444444445,Good
2026-04-08 22:00:00,16.8,66.0,1008.0,3.4,357.0,0.0,1.12,openaq_ground,6.111111111111112,Good
2026-04-08 23:00:00,18.0,61.0,1008.3,4.4,282.0,0.0,1.6,openaq_ground,8.88888888888889,Good
2026-04-09 00:00:00,19.3,52.0,1007.6,5.6,303.0,0.2,0.58,openaq_ground,2.7777777777777777,Good
2026-04-09 01:00:00,20.0,43.0,1007.3,4.5,270.0,0.0,0.68,openaq_ground,3.333333333333333,Good
2026-04-09 02:00:00,19.5,45.0,1007.3,6.5,224.0,0.0,0.5,openaq_ground,2.7777777777777777,Good
2026-04-09 03:00:00,18.7,53.0,1007.6,6.7,180.0,0.3,0.78,openaq_ground,3.8888888888888884,Good
2026-04-09 04:00:00,17.4,66.0,1008.2,4.1,119.0,0.0,0.72,openaq_ground,3.8888888888888884,Good
2026-04-09 05:00:00,15.3,77.0,1009.3,4.0,150.0,1.0,1.16,openaq_ground,6.111111111111112,Good
2026-04-09 06:00:00,13.8,92.0,1009.7,3.1,294.0,0.0,1.58,openaq_ground,8.333333333333332,Good
2026-04-09 07:00:00,12.8,85.0,1011.0,5.0,251.0,0.3,1.7,openaq_ground,9.444444444444445,Good
2026-04-09 08:00:00,12.5,90.0,1012.0,11.3,222.0,0.0,0.5,openaq_ground,2.7777777777777777,Good
2026-04-09 09:00:00,11.7,89.0,1012.7,7.0,258.0,0.0,0.98,openaq_ground,5.0,Good
2026-04-09 10:00:00,11.2,88.0,1013.5,8.3,257.0,0.0,0.26,openaq_ground,1.1111111111111112,Good
2026-04-09 11:00:00,10.9,89.0,1014.2,9.3,260.0,0.0,0.2,openaq_ground,1.1111111111111112,Good
2026-04-09 12:00:00,10.2,88.0,1014.4,5.2,266.0,0.0,0.12,openaq_ground,0.5555555555555556,Good
2026-04-09 13:00:00,10.0,89.0,1015.1,5.4,256.0,0.0,0.26,openaq_ground,1.1111111111111112,Good
2026-04-09 14:00:00,9.3,89.0,1015.4,4.9,280.0,0.0,0.4599999999999999,openaq_ground,2.2222222222222223,Good
2026-04-09 15:00:00,9.4,87.0,1015.7,5.3,294.0,0.0,0.18,openaq_ground,0.5555555555555556,Good
2026-04-09 16:00:00,8.8,87.0,1016.2,4.8,307.0,0.0,0.34,openaq_ground,1.6666666666666665,Good
2026-04-09 17:00:00,8.5,86.0,1016.8,4.3,318.0,0.0,0.16,openaq_ground,0.5555555555555556,Good
2026-04-09 18:00:00,7.1,92.0,1017.2,3.1,350.0,0.0,0.15,openaq_ground,0.5555555555555556,Good
2026-04-09 19:00:00,6.2,93.0,1017.6,2.8,345.0,0.0,0.425,openaq_ground,2.2222222222222223,Good
2026-04-09 20:00:00,6.7,95.0,1017.8,2.4,347.0,0.0,0.54,openaq_ground,2.7777777777777777,Good
2026-04-09 21:00:00,10.2,94.0,1018.5,4.1,15.0,0.0,0.1,openaq_ground,0.5555555555555556,Good
2026-04-09 22:00:00,12.6,73.0,1019.0,5.0,60.0,0.0,0.42,openaq_ground,2.2222222222222223,Good
2026-04-09 23:00:00,13.3,71.0,1018.4,8.6,80.0,0.0,0.3,openaq_ground,1.6666666666666665,Good
2026-04-10 00:00:00,15.3,63.0,1017.1,10.5,68.0,0.0,0.64,openaq_ground,3.333333333333333,Good
2026-04-10 01:00:00,15.2,72.0,1016.7,14.5,60.0,0.0,1.44,openaq_ground,7.777777777777777,Good
2026-04-10 02:00:00,16.0,70.0,1016.1,16.6,49.0,0.0,1.3199999999999998,openaq_ground,7.222222222222222,Good
2026-04-10 03:00:00,15.5,77.0,1015.0,21.8,48.0,0.0,1.04,openaq_ground,5.555555555555555,Good
2026-04-10 04:00:00,14.6,81.0,1014.8,24.6,41.0,0.0,0.96,openaq_ground,5.0,Good
2026-04-10 05:00:00,13.4,85.0,1014.3,23.4,41.0,0.0,1.08,openaq_ground,5.555555555555555,Good
2026-04-10 06:00:00,12.3,90.0,1014.7,19.9,42.0,0.0,1.2,openaq_ground,6.666666666666666,Good
2026-04-10 07:00:00,11.9,92.0,1014.7,21.6,39.0,0.0,1.44,openaq_ground,7.777777777777777,Good
2026-04-10 08:00:00,12.3,90.0,1014.5,21.5,38.0,0.0,2.64,openaq_ground,14.444444444444445,Good
2026-04-10 09:00:00,12.2,90.0,1014.1,21.3,34.0,0.0,2.68,openaq_ground,14.444444444444445,Good
2026-04-10 10:00:00,12.0,91.0,1014.0,19.0,30.0,0.0,2.24,openaq_ground,12.222222222222223,Good
2026-04-10 11:00:00,11.9,91.0,1013.5,18.2,27.0,0.0,1.66,openaq_ground,8.88888888888889,Good
2026-04-10 12:00:00,11.4,91.0,1012.7,18.0,24.0,0.0,1.36,openaq_ground,7.222222222222222,Good
2026-04-10 13:00:00,11.0,90.0,1011.7,17.9,25.0,0.0,1.1800000000000002,openaq_ground,6.111111111111112,Good
2026-04-10 14:00:00,10.9,87.0,1011.2,16.7,21.0,0.0,0.8,openaq_ground,4.444444444444445,Good
2026-04-10 15:00:00,10.8,82.0,1010.5,15.7,19.0,0.0,0.62,openaq_ground,3.333333333333333,Good
2026-04-10 16:00:00,10.8,78.0,1010.1,13.2,17.0,0.0,0.24,openaq_ground,1.1111111111111112,Good
2026-04-10 17:00:00,10.3,75.0,1010.0,10.8,10.0,0.0,0.74,openaq_ground,3.8888888888888884,Good
2026-04-10 18:00:00,10.7,74.0,1009.9,11.4,5.0,0.0,0.3,openaq_ground,1.6666666666666665,Good
2026-04-10 19:00:00,10.0,72.0,1009.4,9.5,9.0,0.0,0.12,openaq_ground,0.5555555555555556,Good
2026-04-10 20:00:00,10.3,71.0,1009.6,9.7,11.0,0.0,0.32,openaq_ground,1.6666666666666665,Good
2026-04-10 21:00:00,13.2,66.0,1009.3,12.5,21.0,0.0,0.12,openaq_ground,0.5555555555555556,Good
2026-04-10 22:00:00,15.7,58.0,1009.2,12.5,25.0,0.0,0.16,openaq_ground,0.5555555555555556,Good
2026-04-10 23:00:00,17.7,59.0,1009.1,9.2,33.0,0.0,0.5599999999999999,openaq_ground,2.7777777777777777,Good
2026-04-11 00:00:00,19.2,63.0,1008.4,10.5,38.0,0.0,4.0200000000000005,openaq_ground,22.22222222222222,Good
2026-04-11 01:00:00,19.8,69.0,1007.8,12.2,41.0,0.0,4.7,openaq_ground,26.11111111111111,Good
2026-04-11 02:00:00,19.2,74.0,1006.6,13.0,46.0,0.0,2.54,openaq_ground,13.88888888888889,Good
2026-04-11 03:00:00,18.6,77.0,1006.0,13.0,46.0,0.0,2.0,openaq_ground,11.11111111111111,Good
2026-04-11 04:00:00,17.7,80.0,1005.4,13.9,39.0,0.0,2.1,openaq_ground,11.666666666666666,Good
2026-04-11 05:00:00,16.0,85.0,1005.0,15.0,39.0,0.0,3.16,openaq_ground,17.22222222222222,Good
2026-04-11 06:00:00,14.1,89.0,1004.6,14.3,36.0,0.0,3.4799999999999995,openaq_ground,18.88888888888889,Good
2026-04-11 07:00:00,12.7,94.0,1003.8,15.7,33.0,0.0,3.56,openaq_ground,19.444444444444443,Good
2026-04-11 08:00:00,12.4,95.0,1003.2,15.7,31.0,0.0,2.6,openaq_ground,14.444444444444445,Good
2026-04-11 09:00:00,12.2,95.0,1002.5,16.4,24.0,0.0,2.12,openaq_ground,11.666666666666666,Good
2026-04-11 10:00:00,12.5,91.0,1001.7,16.7,24.0,0.0,2.34,openaq_ground,12.777777777777777,Good
2026-04-11 11:00:00,13.1,80.0,1000.6,16.4,24.0,0.0,2.1,openaq_ground,11.666666666666666,Good
2026-04-11 12:00:00,12.5,81.0,1000.4,17.1,25.0,0.0,2.0,openaq_ground,11.11111111111111,Good
2026-04-11 13:00:00,12.3,73.0,999.6,17.2,18.0,0.0,1.36,openaq_ground,7.222222222222222,Good
2026-04-11 14:00:00,12.0,67.0,999.0,16.2,14.0,0.0,1.6,openaq_ground,8.88888888888889,Good
2026-04-11 15:00:00,11.6,57.0,998.3,14.8,6.0,0.0,3.06,openaq_ground,16.666666666666664,Good
2026-04-11 16:00:00,11.4,47.0,997.4,14.8,4.0,0.0,4.12,openaq_ground,22.777777777777775,Good
2026-04-11 17:00:00,11.6,42.0,996.8,15.8,359.0,0.0,4.159999999999999,openaq_ground,22.777777777777775,Good
2026-04-11 18:00:00,12.0,41.0,996.5,16.9,7.0,0.0,5.5,openaq_ground,30.555555555555554,Good
2026-04-11 19:00:00,12.9,37.0,996.5,16.2,360.0,0.0,6.74,openaq_ground,37.22222222222222,Good
2026-04-11 20:00:00,12.5,45.0,996.4,11.2,358.0,0.0,4.04,openaq_ground,22.22222222222222,Good
2026-04-11 21:00:00,14.2,55.0,997.1,8.3,5.0,0.0,1.44,openaq_ground,7.777777777777777,Good
2026-04-11 22:00:00,17.0,58.0,997.5,9.6,23.0,0.0,0.78,openaq_ground,3.8888888888888884,Good
2026-04-11 23:00:00,18.7,49.0,997.7,7.9,16.0,0.0,1.56,openaq_ground,8.333333333333332,Good
2026-04-12 00:00:00,20.0,58.0,996.4,3.2,43.0,0.0,2.6,openaq_ground,14.444444444444445,Good
2026-04-12 01:00:00,18.2,67.0,996.4,5.5,232.0,0.1,4.040000000000001,openaq_ground,22.22222222222222,Good
2026-04-12 02:00:00,15.7,89.0,995.9,2.7,203.0,1.5,4.74,openaq_ground,26.11111111111111,Good
2026-04-12 03:00:00,15.3,94.0,996.0,4.7,279.0,0.6,11.68,openaq_ground,55.657794676806084,Moderate
2026-04-12 04:00:00,15.0,98.0,995.6,4.0,249.0,0.2,14.64,openaq_ground,61.247148288973385,Moderate
2026-04-12 05:00:00,14.7,99.0,995.6,1.5,30.0,0.1,15.16,openaq_ground,62.1787072243346,Moderate
2026-04-12 06:00:00,14.1,96.0,994.9,6.3,53.0,0.1,19.3,openaq_ground,70.00380228136882,Moderate
2026-04-12 07:00:00,12.7,96.0,994.9,1.4,247.0,0.0,10.26,openaq_ground,53.049429657794676,Moderate
2026-04-12 08:00:00,12.3,94.0,995.1,8.4,236.0,0.0,2.3200000000000003,openaq_ground,12.777777777777777,Good
2026-04-12 09:00:00,11.7,92.0,994.9,10.4,259.0,0.0,0.9,openaq_ground,5.0,Good
2026-04-12 10:00:00,11.4,92.0,994.6,12.6,268.0,0.0,0.68,openaq_ground,3.333333333333333,Good
2026-04-12 11:00:00,11.4,94.0,994.9,13.1,255.0,0.0,0.32,openaq_ground,1.6666666666666665,Good
2026-04-12 12:00:00,11.1,94.0,994.4,14.3,258.0,0.0,0.1399999999999999,openaq_ground,0.5555555555555556,Good
2026-04-12 13:00:00,11.0,94.0,994.2,14.8,260.0,0.0,0.04,openaq_ground,0.0,Good
2026-04-12 14:00:00,10.9,93.0,993.9,13.1,261.0,0.0,0.0,openaq_ground,0.0,Good
2026-04-12 15:00:00,10.6,89.0,993.4,12.2,270.0,0.0,0.0,openaq_ground,0.0,Good
2026-04-12 16:00:00,10.2,87.0,992.6,9.9,279.0,0.0,0.02,openaq_ground,0.0,Good
2026-04-12 17:00:00,10.1,86.0,992.3,8.4,301.0,0.0,0.06,openaq_ground,0.0,Good
2026-04-12 18:00:00,8.9,91.0,992.3,8.3,304.0,0.0,0.12,openaq_ground,0.5555555555555556,Good
2026-04-12 19:00:00,8.1,92.0,991.9,7.3,329.0,0.0,0.8,openaq_ground,4.444444444444445,Good
2026-04-12 20:00:00,8.1,92.0,991.7,7.5,340.0,0.0,0.5199999999999999,openaq_ground,2.7777777777777777,Good
2026-04-12 21:00:00,11.2,87.0,992.1,7.0,360.0,0.0,1.0,openaq_ground,5.555555555555555,Good
2026-04-12 22:00:00,14.0,74.0,992.0,3.0,17.0,0.0,1.2,openaq_ground,6.666666666666666,Good
2026-04-12 23:00:00,15.2,68.0,991.7,3.1,100.0,0.0,0.5599999999999999,openaq_ground,2.7777777777777777,Good
2026-04-13 00:00:00,16.5,67.0,990.7,7.6,78.0,0.0,0.78,openaq_ground,3.8888888888888884,Good
2026-04-13 01:00:00,16.4,66.0,990.5,13.0,61.0,0.0,0.12,openaq_ground,0.5555555555555556,Good
2026-04-13 02:00:00,16.1,70.0,989.8,13.4,36.0,0.0,0.5199999999999999,openaq_ground,2.7777777777777777,Good
2026-04-13 03:00:00,16.1,74.0,989.9,15.1,29.0,0.8,0.44,openaq_ground,2.2222222222222223,Good
2026-04-13 04:00:00,14.2,82.0,989.6,18.2,51.0,0.0,0.5599999999999999,openaq_ground,2.7777777777777777,Good
2026-04-13 05:00:00,13.0,87.0,989.9,17.3,46.0,0.0,2.4,openaq_ground,13.333333333333332,Good
2026-04-13 06:00:00,12.0,93.0,990.2,15.8,46.0,0.0,1.5,openaq_ground,8.333333333333332,Good
2026-04-13 07:00:00,11.5,94.0,990.1,19.2,32.0,0.0,1.36,openaq_ground,7.222222222222222,Good
2026-04-13 08:00:00,11.3,93.0,989.9,14.6,27.0,0.0,2.0,openaq_ground,11.11111111111111,Good
2026-04-13 09:00:00,10.9,92.0,990.1,8.8,359.0,0.0,2.5,openaq_ground,13.88888888888889,Good
2026-04-13 10:00:00,9.5,92.0,990.0,4.3,303.0,0.0,2.46,openaq_ground,13.333333333333332,Good
2026-04-13 11:00:00,8.8,93.0,989.7,3.4,295.0,0.0,3.0,openaq_ground,16.666666666666664,Good
2026-04-13 12:00:00,8.6,92.0,989.8,2.8,310.0,0.0,1.86,openaq_ground,10.0,Good
2026-04-13 13:00:00,9.3,88.0,990.2,3.9,323.0,0.0,0.6,openaq_ground,3.333333333333333,Good
2026-04-13 14:00:00,9.5,85.0,990.4,4.6,318.0,0.0,0.0,openaq_ground,0.0,Good
2026-04-13 15:00:00,9.1,91.0,991.3,12.8,230.0,0.0,0.02,openaq_ground,0.0,Good
2026-04-13 16:00:00,8.2,92.0,991.0,5.3,303.0,0.0,0.0,openaq_ground,0.0,Good
2026-04-13 17:00:00,7.4,91.0,991.1,3.3,319.0,0.0,0.02,openaq_ground,0.0,Good
2026-04-13 18:00:00,7.0,88.0,991.0,1.5,330.0,0.0,2.48,openaq_ground,13.333333333333332,Good
2026-04-13 19:00:00,6.6,87.0,991.2,2.6,348.0,0.0,0.64,openaq_ground,3.333333333333333,Good
2026-04-13 20:00:00,6.2,92.0,991.5,4.5,353.0,0.0,0.42,openaq_ground,2.2222222222222223,Good
2026-04-13 21:00:00,9.3,88.0,992.0,6.4,8.0,0.0,0.02,openaq_ground,0.0,Good
2026-04-13 22:00:00,12.0,70.0,991.8,4.0,18.0,0.0,0.12,openaq_ground,0.5555555555555556,Good
2026-04-13 23:00:00,13.1,64.0,991.6,2.4,283.0,0.0,0.0,openaq_ground,0.0,Good
2026-04-14 00:00:00,14.3,54.0,991.5,9.6,290.0,0.0,0.0,openaq_ground,0.0,Good
2026-04-14 01:00:00,14.5,51.0,991.2,8.5,269.0,0.1,0.0,openaq_ground,0.0,Good
2026-04-14 02:00:00,14.0,58.0,991.2,9.1,202.0,0.1,0.6,openaq_ground,3.333333333333333,Good
2026-04-14 03:00:00,12.1,70.0,991.4,6.8,178.0,1.4,0.02,openaq_ground,0.0,Good
2026-04-14 04:00:00,10.0,82.0,991.9,5.0,341.0,1.9,0.1,openaq_ground,0.5555555555555556,Good
2026-04-14 05:00:00,10.1,85.0,991.7,3.4,360.0,0.0,2.1,openaq_ground,11.666666666666666,Good
2026-04-14 06:00:00,9.2,88.0,991.5,12.1,356.0,0.0,6.0,openaq_ground,33.33333333333333,Good
2026-04-14 07:00:00,8.4,87.0,991.7,7.7,323.0,0.0,7.2,openaq_ground,40.0,Good
2026-04-14 08:00:00,7.9,88.0,992.1,7.1,326.0,0.0,5.279999999999999,openaq_ground,28.88888888888889,Good
2026-04-14 09:00:00,7.5,89.0,992.8,9.1,330.0,0.0,4.3,openaq_ground,23.888888888888886,Good
2026-04-14 10:00:00,7.0,89.0,993.1,7.9,327.0,0.0,1.34,openaq_ground,7.222222222222222,Good
2026-04-14 11:00:00,6.7,86.0,993.3,7.1,317.0,0.0,0.64,openaq_ground,3.333333333333333,Good
2026-04-14 12:00:00,5.5,87.0,994.0,6.6,331.0,0.0,0.54,openaq_ground,2.7777777777777777,Good
2026-04-14 13:00:00,5.1,86.0,994.0,7.6,332.0,0.0,0.2599999999999999,openaq_ground,1.1111111111111112,Good
2026-04-14 14:00:00,5.4,85.0,994.2,9.3,331.0,0.0,0.08,openaq_ground,0.0,Good
2026-04-14 15:00:00,5.6,83.0,994.3,9.2,329.0,0.0,0.02,openaq_ground,0.0,Good
2026-04-14 16:00:00,5.9,81.0,994.4,9.9,327.0,0.0,0.0,openaq_ground,0.0,Good
2026-04-14 17:00:00,6.3,79.0,994.6,9.4,325.0,0.0,0.0,openaq_ground,0.0,Good
2026-04-14 18:00:00,6.0,78.0,994.4,9.1,333.0,0.0,0.04,openaq_ground,0.0,Good
2026-04-14 19:00:00,5.9,77.0,994.6,8.2,338.0,0.0,0.02,openaq_ground,0.0,Good
2026-04-14 20:00:00,6.2,77.0,994.8,10.0,342.0,0.0,0.04,openaq_ground,0.0,Good
2026-04-14 21:00:00,9.1,72.0,994.9,10.8,342.0,0.0,2.88,openaq_ground,15.555555555555554,Good
2026-04-14 22:00:00,11.6,64.0,994.6,9.9,338.0,0.0,0.76,openaq_ground,3.8888888888888884,Good
2026-04-14 23:00:00,13.4,57.0,994.2,10.3,322.0,0.0,0.52,openaq_ground,2.7777777777777777,Good
2026-04-15 00:00:00,15.2,49.0,993.3,9.2,332.0,0.0,0.08,openaq_ground,0.0,Good
2026-04-15 01:00:00,15.9,48.0,992.4,10.3,286.0,0.0,0.1599999999999999,openaq_ground,0.5555555555555556,Good
2026-04-15 02:00:00,16.0,49.0,991.1,7.7,298.0,0.0,0.1,openaq_ground,0.5555555555555556,Good
2026-04-15 03:00:00,16.0,47.0,990.1,4.6,318.0,0.0,0.4,openaq_ground,2.2222222222222223,Good
2026-04-15 04:00:00,15.3,54.0,989.3,3.8,49.0,0.0,0.78,openaq_ground,3.8888888888888884,Good
2026-04-15 05:00:00,12.1,81.0,989.5,16.2,223.0,1.1,1.6800000000000002,openaq_ground,8.88888888888889,Good
2026-04-15 06:00:00,10.2,87.0,989.3,3.8,185.0,1.3,3.3600000000000003,openaq_ground,18.333333333333332,Good
2026-04-15 07:00:00,9.6,93.0,989.2,12.3,239.0,0.2,7.44,openaq_ground,41.111111111111114,Good
2026-04-15 08:00:00,9.0,94.0,988.7,1.3,352.0,0.9,3.4,openaq_ground,18.88888888888889,Good
2026-04-15 09:00:00,8.5,92.0,988.9,8.6,269.0,0.0,1.96,openaq_ground,10.555555555555555,Good
2026-04-15 10:00:00,8.3,87.0,988.8,13.4,265.0,0.0,0.42,openaq_ground,2.2222222222222223,Good
2026-04-15 11:00:00,7.8,84.0,988.9,13.0,276.0,0.0,0.02,openaq_ground,0.0,Good
2026-04-15 12:00:00,7.6,78.0,989.5,17.9,280.0,0.0,0.0,openaq_ground,0.0,Good
2026-04-15 13:00:00,7.8,71.0,989.4,20.9,281.0,0.0,0.0,openaq_ground,0.0,Good
2026-04-15 14:00:00,8.1,66.0,989.7,24.0,281.0,0.0,0.0,openaq_ground,0.0,Good
2026-04-15 15:00:00,8.1,62.0,989.6,20.3,281.0,0.0,0.0,openaq_ground,0.0,Good
2026-04-15 16:00:00,8.3,58.0,989.7,22.4,275.0,0.0,0.0,openaq_ground,0.0,Good
2026-04-15 17:00:00,8.3,61.0,989.5,22.6,276.0,0.0,0.0,openaq_ground,0.0,Good
2026-04-15 18:00:00,7.7,68.0,990.9,23.5,276.0,0.0,0.38,openaq_ground,1.6666666666666665,Good
2026-04-15 19:00:00,8.6,59.0,990.9,27.5,275.0,0.0,1.34,openaq_ground,7.222222222222222,Good
2026-04-15 20:00:00,8.9,59.0,990.9,31.1,271.0,0.0,0.12,openaq_ground,0.5555555555555556,Good
2026-04-15 21:00:00,9.4,59.0,991.8,33.1,272.0,0.0,0.54,openaq_ground,2.7777777777777777,Good
2026-04-15 22:00:00,10.1,60.0,992.1,29.3,275.0,0.0,0.12,openaq_ground,0.5555555555555556,Good
2026-04-15 23:00:00,10.5,57.0,992.8,34.1,266.0,0.0,0.34,openaq_ground,1.6666666666666665,Good
2026-04-16 00:00:00,12.0,51.0,993.2,29.2,263.0,0.0,0.32,openaq_ground,1.6666666666666665,Good
2026-04-16 01:00:00,11.4,59.0,994.2,25.6,262.0,0.0,0.32,openaq_ground,1.6666666666666665,Good
2026-04-16 02:00:00,11.0,63.0,995.1,34.0,255.0,1.1,1.22,openaq_ground,6.666666666666666,Good
2026-04-16 03:00:00,10.2,68.0,995.8,25.3,266.0,0.0,0.42,openaq_ground,2.2222222222222223,Good
2026-04-16 04:00:00,10.3,66.0,996.5,26.9,263.0,0.0,0.6799999999999999,openaq_ground,3.333333333333333,Good
2026-04-16 05:00:00,9.7,71.0,997.2,24.7,262.0,0.0,0.78,openaq_ground,3.8888888888888884,Good
2026-04-16 06:00:00,9.1,69.0,998.0,26.8,252.0,0.0,0.7133333333333334,openaq_ground,3.8888888888888884,Good
2026-04-16 07:00:00,8.8,71.0,998.8,23.9,260.0,0.0,0.6466666666666666,openaq_ground,3.333333333333333,Good
2026-04-16 08:00:00,8.5,71.0,999.8,23.5,266.0,0.0,0.58,openaq_ground,2.7777777777777777,Good
2026-04-16 09:00:00,8.5,72.0,1000.3,21.0,264.0,0.0,0.58,openaq_ground,2.7777777777777777,Good
2026-04-16 10:00:00,8.9,69.0,1000.8,19.2,265.0,0.0,0.4,openaq_ground,2.2222222222222223,Good
2026-04-16 11:00:00,8.9,67.0,1001.1,15.1,262.0,0.0,0.08,openaq_ground,0.0,Good
2026-04-16 12:00:00,8.5,65.0,1001.5,10.8,288.0,0.0,0.02,openaq_ground,0.0,Good
2026-04-16 13:00:00,7.7,66.0,1001.6,7.9,319.0,0.0,0.0,openaq_ground,0.0,Good
2026-04-16 14:00:00,6.9,67.0,1001.9,6.5,341.0,0.0,0.02,openaq_ground,0.0,Good
2026-04-16 15:00:00,5.7,71.0,1001.8,7.8,345.0,0.0,0.06,openaq_ground,0.0,Good
2026-04-16 16:00:00,4.9,75.0,1001.4,9.8,355.0,0.0,0.36,openaq_ground,1.6666666666666665,Good
2026-04-16 17:00:00,6.7,67.0,1001.2,10.4,359.0,0.0,0.16,openaq_ground,0.5555555555555556,Good
2026-04-16 18:00:00,6.9,63.0,1000.5,11.5,4.0,0.0,0.3,openaq_ground,1.6666666666666665,Good
2026-04-16 19:00:00,7.4,61.0,999.7,11.3,9.0,0.0,0.58,openaq_ground,2.7777777777777777,Good
2026-04-16 20:00:00,7.7,62.0,998.6,13.2,17.0,0.0,0.36,openaq_ground,1.6666666666666665,Good
2026-04-16 21:00:00,10.1,62.0,998.2,12.3,31.0,0.0,0.28,openaq_ground,1.1111111111111112,Good
2026-04-16 22:00:00,12.6,59.0,996.9,12.5,43.0,0.0,0.04,openaq_ground,0.0,Good
2026-04-16 23:00:00,13.2,60.0,995.5,15.5,48.0,0.0,0.1399999999999999,openaq_ground,0.5555555555555556,Good
2026-04-17 00:00:00,15.4,58.0,994.1,18.9,36.0,0.0,0.72,openaq_ground,3.8888888888888884,Good
2026-04-17 01:00:00,14.8,63.0,992.8,18.7,33.0,0.0,0.82,openaq_ground,4.444444444444445,Good
2026-04-17 02:00:00,15.3,61.0,991.6,21.8,41.0,0.0,0.76,openaq_ground,3.8888888888888884,Good
2026-04-17 03:00:00,15.7,63.0,991.5,16.9,33.0,0.0,0.78,openaq_ground,3.8888888888888884,Good
2026-04-17 04:00:00,14.0,76.0,991.2,14.6,56.0,0.3,5.76,openaq_ground,31.666666666666668,Good
2026-04-17 05:00:00,13.4,79.0,990.1,12.2,37.0,0.0,3.74,openaq_ground,20.555555555555557,Good
2026-04-17 06:00:00,12.7,80.0,990.9,8.2,22.0,0.1,10.88,openaq_ground,54.16730038022814,Moderate
2026-04-17 07:00:00,12.4,81.0,990.1,8.7,18.0,0.0,21.38,openaq_ground,73.73003802281369,Moderate
2026-04-17 08:00:00,11.3,84.0,989.9,7.2,4.0,0.0,19.22,openaq_ground,69.81749049429658,Moderate
2026-04-17 09:00:00,10.5,87.0,989.5,8.3,5.0,0.0,19.32,openaq_ground,70.00380228136882,Moderate
2026-04-17 10:00:00,9.7,89.0,989.4,6.8,349.0,0.0,14.080000000000002,openaq_ground,60.129277566539926,Moderate
2026-04-17 11:00:00,9.5,89.0,989.3,7.4,356.0,0.0,10.04,openaq_ground,52.67680608365019,Moderate
2026-04-17 12:00:00,10.4,78.0,989.1,14.9,8.0,0.0,5.0,openaq_ground,27.77777777777778,Good
2026-04-17 13:00:00,11.5,71.0,988.6,15.5,359.0,0.0,2.0,openaq_ground,11.11111111111111,Good
2026-04-17 14:00:00,10.7,74.0,988.4,12.9,345.0,0.0,1.4,openaq_ground,7.777777777777777,Good
2026-04-17 15:00:00,9.0,83.0,988.4,11.0,332.0,0.0,1.14,openaq_ground,6.111111111111112,Good
2026-04-17 16:00:00,8.1,87.0,988.0,9.2,337.0,0.0,0.4,openaq_ground,2.2222222222222223,Good
2026-04-17 17:00:00,7.1,90.0,988.1,5.3,350.0,0.0,0.1399999999999999,openaq_ground,0.5555555555555556,Good
2026-04-17 18:00:00,6.7,91.0,988.3,0.4,360.0,0.0,0.18,openaq_ground,0.5555555555555556,Good
2026-04-17 19:00:00,7.2,84.0,988.2,2.4,13.0,0.0,0.66,openaq_ground,3.333333333333333,Good
2026-04-17 20:00:00,8.5,80.0,988.8,2.9,4.0,0.0,0.4,openaq_ground,2.2222222222222223,Good
2026-04-17 21:00:00,10.6,81.0,989.5,4.1,358.0,0.0,0.44,openaq_ground,2.2222222222222223,Good
2026-04-17 22:00:00,13.6,71.0,989.7,2.9,22.0,0.0,0.38,openaq_ground,1.6666666666666665,Good
2026-04-17 23:00:00,15.2,62.0,989.8,1.5,330.0,0.0,0.12,openaq_ground,0.5555555555555556,Good
2026-04-18 00:00:00,15.9,55.0,990.3,7.7,62.0,0.0,0.02,openaq_ground,0.0,Good
2026-04-18 01:00:00,16.4,52.0,989.4,7.5,55.0,0.0,0.06,openaq_ground,0.0,Good
2026-04-18 02:00:00,16.4,45.0,989.3,4.7,317.0,0.0,0.36,openaq_ground,1.6666666666666665,Good
2026-04-18 03:00:00,12.7,76.0,990.7,22.0,223.0,1.6,0.9,openaq_ground,5.0,Good
2026-04-18 04:00:00,10.9,83.0,991.4,3.9,47.0,0.4,0.58,openaq_ground,2.7777777777777777,Good
2026-04-18 05:00:00,11.4,85.0,991.8,7.7,216.0,0.0,1.7399999999999998,openaq_ground,9.444444444444445,Good
2026-04-18 06:00:00,8.9,94.0,992.5,8.8,270.0,0.0,6.09,openaq_ground,33.33333333333333,Good
2026-04-18 07:00:00,8.5,94.0,993.2,2.8,310.0,0.1,10.44,openaq_ground,53.42205323193917,Moderate
2026-04-18 08:00:00,8.3,92.0,994.0,5.4,312.0,0.0,14.96,openaq_ground,61.80608365019012,Moderate
2026-04-18 09:00:00,7.3,94.0,994.5,6.4,333.0,0.0,10.04,openaq_ground,52.67680608365019,Moderate
2026-04-18 10:00:00,6.4,95.0,995.3,5.3,336.0,0.0,4.72,openaq_ground,26.11111111111111,Good
2026-04-18 11:00:00,6.1,93.0,995.9,3.5,325.0,0.0,2.64,openaq_ground,14.444444444444445,Good
2026-04-18 12:00:00,7.0,86.0,996.2,4.9,264.0,0.0,2.18,openaq_ground,11.666666666666666,Good
2026-04-18 13:00:00,6.7,87.0,996.6,2.2,246.0,0.0,1.04,openaq_ground,5.555555555555555,Good
2026-04-18 14:00:00,7.1,88.0,997.1,0.8,297.0,0.0,1.22,openaq_ground,6.666666666666666,Good
2026-04-18 15:00:00,7.2,89.0,997.5,1.3,270.0,0.0,0.92,openaq_ground,5.0,Good
2026-04-18 16:00:00,6.9,92.0,997.7,1.9,287.0,0.0,0.8,openaq_ground,4.444444444444445,Good
2026-04-18 17:00:00,7.2,92.0,998.0,0.8,315.0,0.0,5.92,openaq_ground,32.77777777777778,Good
2026-04-18 18:00:00,6.9,92.0,998.2,2.2,325.0,0.0,1.84,openaq_ground,10.0,Good
2026-04-18 19:00:00,6.6,92.0,998.7,2.7,323.0,0.0,1.38,openaq_ground,7.222222222222222,Good
2026-04-18 20:00:00,6.6,93.0,999.6,3.2,304.0,0.0,1.7799999999999998,openaq_ground,9.444444444444445,Good
2026-04-18 21:00:00,8.0,92.0,1000.5,7.1,286.0,0.0,3.16,openaq_ground,17.22222222222222,Good
2026-04-18 22:00:00,8.6,91.0,1001.8,7.2,302.0,0.1,2.72,openaq_ground,15.0,Good
2026-04-18 23:00:00,8.9,92.0,1002.5,7.6,295.0,0.7,2.0,openaq_ground,11.11111111111111,Good
2026-04-19 00:00:00,9.6,90.0,1002.2,6.0,197.0,1.2,1.1800000000000002,openaq_ground,6.111111111111112,Good
2026-04-19 01:00:00,10.3,85.0,1002.4,6.7,200.0,0.1,2.3,openaq_ground,12.777777777777777,Good
2026-04-19 02:00:00,10.9,79.0,1002.5,11.4,185.0,0.1,1.24,openaq_ground,6.666666666666666,Good
2026-04-19 03:00:00,10.7,76.0,1003.0,12.3,175.0,0.2,0.4599999999999999,openaq_ground,2.2222222222222223,Good
2026-04-19 04:00:00,10.7,78.0,1003.4,15.0,173.0,0.5,1.22,openaq_ground,6.666666666666666,Good
2026-04-19 05:00:00,10.2,83.0,1004.1,11.8,174.0,0.0,4.0200000000000005,openaq_ground,22.22222222222222,Good
2026-04-19 06:00:00,8.9,87.0,1005.1,6.0,190.0,0.0,4.94,openaq_ground,27.222222222222225,Good
2026-04-19 07:00:00,8.8,87.0,1006.0,9.1,188.0,0.1,3.7,openaq_ground,20.555555555555557,Good
2026-04-19 08:00:00,8.3,91.0,1007.0,9.3,199.0,0.1,1.96,openaq_ground,10.555555555555555,Good
2026-04-19 09:00:00,8.0,91.0,1007.7,7.8,206.0,0.2,4.26,openaq_ground,23.333333333333332,Good
2026-04-19 10:00:00,7.2,93.0,1008.1,5.6,248.0,0.1,2.08,openaq_ground,11.11111111111111,Good
2026-04-19 11:00:00,7.3,92.0,1008.4,6.8,267.0,0.0,1.1800000000000002,openaq_ground,6.111111111111112,Good
2026-04-19 12:00:00,7.6,89.0,1008.4,6.2,262.0,0.0,1.02,openaq_ground,5.555555555555555,Good
2026-04-19 13:00:00,6.9,94.0,1009.1,5.9,218.0,0.4,0.4599999999999999,openaq_ground,2.2222222222222223,Good
2026-04-19 14:00:00,7.1,96.0,1009.9,5.7,171.0,0.5,0.5599999999999999,openaq_ground,2.7777777777777777,Good
2026-04-19 15:00:00,8.2,95.0,1010.5,14.0,152.0,0.8,0.6,openaq_ground,3.333333333333333,Good
2026-04-19 16:00:00,8.4,91.0,1010.9,21.7,149.0,1.4,0.58,openaq_ground,2.7777777777777777,Good
2026-04-19 17:00:00,8.1,88.0,1012.0,20.4,151.0,0.3,0.48,openaq_ground,2.2222222222222223,Good
2026-04-19 18:00:00,7.8,83.0,1012.8,14.5,159.0,0.3,1.0,openaq_ground,5.555555555555555,Good
2026-04-19 19:00:00,7.9,82.0,1013.6,13.3,167.0,0.3,1.36,openaq_ground,7.222222222222222,Good
2026-04-19 20:00:00,7.6,82.0,1014.4,16.5,174.0,0.6,1.3,openaq_ground,7.222222222222222,Good
2026-04-19 21:00:00,7.3,81.0,1015.3,16.2,179.0,0.3,1.24,openaq_ground,6.666666666666666,Good
2026-04-19 22:00:00,7.7,75.0,1016.0,16.0,179.0,0.1,1.86,openaq_ground,10.0,Good
2026-04-19 23:00:00,7.6,68.0,1016.4,16.8,171.0,0.0,2.1,openaq_ground,11.666666666666666,Good
2026-04-20 00:00:00,8.2,65.0,1016.6,16.6,167.0,0.1,1.02,openaq_ground,5.555555555555555,Good
2026-04-20 01:00:00,8.8,60.0,1016.3,16.8,164.0,0.1,0.42,openaq_ground,2.2222222222222223,Good
2026-04-20 02:00:00,8.3,62.0,1016.5,17.0,167.0,0.0,0.4,openaq_ground,2.2222222222222223,Good
2026-04-20 03:00:00,8.6,59.0,1016.8,16.8,162.0,0.0,0.5599999999999999,openaq_ground,2.7777777777777777,Good
2026-04-20 04:00:00,7.9,63.0,1017.2,16.6,158.0,0.1,0.94,openaq_ground,5.0,Good
2026-04-20 05:00:00,7.7,65.0,1017.6,13.7,153.0,0.1,3.4200000000000004,openaq_ground,18.88888888888889,Good
2026-04-20 06:00:00,7.3,66.0,1018.2,13.1,148.0,0.1,3.4,openaq_ground,18.88888888888889,Good
2026-04-20 07:00:00,7.1,66.0,1018.6,13.8,147.0,0.1,5.82,openaq_ground,32.22222222222222,Good
2026-04-20 08:00:00,7.2,64.0,1019.2,13.1,134.0,0.0,5.64,openaq_ground,31.111111111111107,Good
2026-04-20 09:00:00,7.1,63.0,1019.9,13.0,131.0,0.0,2.35,openaq_ground,12.777777777777777,Good
2026-04-20 10:00:00,7.0,67.0,1020.6,12.7,126.0,0.0,1.54,openaq_ground,8.333333333333332,Good
2026-04-20 11:00:00,7.2,65.0,1020.5,11.3,129.0,0.0,1.14,openaq_ground,6.111111111111112,Good
2026-04-20 12:00:00,6.7,70.0,1020.8,13.1,119.0,0.0,0.98,openaq_ground,5.0,Good
2026-04-20 13:00:00,6.6,70.0,1020.7,12.1,117.0,0.0,0.54,openaq_ground,2.7777777777777777,Good
2026-04-20 14:00:00,6.6,70.0,1020.9,9.9,111.0,0.0,0.2,openaq_ground,1.1111111111111112,Good
2026-04-20 15:00:00,6.7,70.0,1020.9,7.9,117.0,0.0,0.14,openaq_ground,0.5555555555555556,Good
2026-04-20 16:00:00,6.4,75.0,1021.0,8.4,124.0,0.0,0.3,openaq_ground,1.6666666666666665,Good
2026-04-20 17:00:00,6.3,81.0,1021.2,7.6,112.0,0.5,0.22,openaq_ground,1.1111111111111112,Good
2026-04-20 18:00:00,5.9,86.0,1021.3,7.9,107.0,0.2,0.48,openaq_ground,2.2222222222222223,Good
2026-04-20 19:00:00,6.0,82.0,1021.5,8.3,112.0,0.2,4.0,openaq_ground,22.22222222222222,Good
2026-04-20 20:00:00,6.3,77.0,1022.0,9.3,106.0,0.0,3.64,openaq_ground,20.0,Good
2026-04-20 21:00:00,6.7,76.0,1023.0,10.2,104.0,0.0,2.8200000000000003,openaq_ground,15.555555555555554,Good
2026-04-20 22:00:00,7.3,73.0,1023.2,10.7,107.0,0.0,3.0,openaq_ground,16.666666666666664,Good
2026-04-20 23:00:00,7.8,66.0,1023.6,12.6,107.0,0.0,1.96,openaq_ground,10.555555555555555,Good
2026-04-21 00:00:00,8.5,64.0,1023.1,11.6,118.0,0.0,0.4599999999999999,openaq_ground,2.2222222222222223,Good
2026-04-21 01:00:00,8.7,61.0,1022.8,11.3,121.0,0.0,0.32,openaq_ground,1.6666666666666665,Good
2026-04-21 02:00:00,8.7,62.0,1022.6,11.3,123.0,0.0,0.1399999999999999,openaq_ground,0.5555555555555556,Good
2026-04-21 03:00:00,8.5,63.0,1022.8,12.0,131.0,0.0,0.2799999999999999,openaq_ground,1.1111111111111112,Good
2026-04-21 04:00:00,8.4,63.0,1022.8,12.1,138.0,0.0,1.14,openaq_ground,6.111111111111112,Good
2026-04-21 05:00:00,8.1,64.0,1023.1,11.7,142.0,0.0,3.64,openaq_ground,20.0,Good
2026-04-21 06:00:00,7.7,64.0,1023.5,9.4,142.0,0.0,8.059999999999999,openaq_ground,44.44444444444444,Good
2026-04-21 07:00:00,7.6,64.0,1023.6,9.8,145.0,0.0,14.04,openaq_ground,60.129277566539926,Moderate
2026-04-21 08:00:00,7.4,65.0,1024.2,9.3,151.0,0.0,7.44,openaq_ground,41.111111111111114,Good
2026-04-21 09:00:00,7.5,65.0,1024.2,7.8,151.0,0.0,4.2,openaq_ground,23.333333333333332,Good
2026-04-21 10:00:00,7.3,65.0,1024.4,7.1,156.0,0.0,5.84,openaq_ground,32.22222222222222,Good
2026-04-21 11:00:00,7.2,67.0,1024.4,6.8,169.0,0.0,4.680000000000001,openaq_ground,25.555555555555554,Good
2026-04-21 12:00:00,5.9,78.0,1024.7,4.3,202.0,0.0,2.6,openaq_ground,14.444444444444445,Good
2026-04-21 13:00:00,6.2,75.0,1024.9,3.7,203.0,0.0,1.38,openaq_ground,7.222222222222222,Good
2026-04-21 14:00:00,6.4,74.0,1025.0,3.9,202.0,0.0,0.5,openaq_ground,2.7777777777777777,Good
2026-04-21 15:00:00,5.9,77.0,1024.9,3.1,230.0,0.0,0.16,openaq_ground,0.5555555555555556,Good
2026-04-21 16:00:00,5.2,81.0,1024.7,3.3,257.0,0.0,0.06,openaq_ground,0.0,Good
2026-04-21 17:00:00,5.4,83.0,1024.9,3.4,276.0,0.0,0.04,openaq_ground,0.0,Good
2026-04-21 18:00:00,4.4,87.0,1024.8,6.3,305.0,0.0,5.3,openaq_ground,29.444444444444443,Good
2026-04-21 19:00:00,4.4,86.0,1024.9,7.5,305.0,0.1,3.9,openaq_ground,21.666666666666664,Good
2026-04-21 20:00:00,5.0,84.0,1025.5,8.2,296.0,0.0,2.2,openaq_ground,12.222222222222223,Good
2026-04-21 21:00:00,6.1,84.0,1026.1,9.3,279.0,0.1,6.1,openaq_ground,33.888888888888886,Good
2026-04-21 22:00:00,6.8,81.0,1026.5,12.6,279.0,0.0,4.32,openaq_ground,23.888888888888886,Good
2026-04-21 23:00:00,7.6,77.0,1026.3,11.7,272.0,0.0,1.56,openaq_ground,8.333333333333332,Good
2026-04-22 00:00:00,8.8,72.0,1026.0,13.6,241.0,0.0,1.06,openaq_ground,5.555555555555555,Good
2026-04-22 01:00:00,9.3,68.0,1025.7,13.8,227.0,0.0,1.96,openaq_ground,10.555555555555555,Good
2026-04-22 02:00:00,9.5,65.0,1025.5,13.9,227.0,0.0,1.64,openaq_ground,8.88888888888889,Good
2026-04-22 03:00:00,9.9,62.0,1025.0,13.8,227.0,0.0,0.96,openaq_ground,5.0,Good
2026-04-22 04:00:00,9.7,60.0,1024.7,13.4,226.0,0.0,4.04,openaq_ground,22.22222222222222,Good
2026-04-22 05:00:00,9.4,62.0,1024.7,11.7,226.0,0.0,5.86,openaq_ground,32.22222222222222,Good
2026-04-22 06:00:00,7.6,73.0,1024.7,9.2,258.0,0.0,8.040000000000001,openaq_ground,44.44444444444444,Good
2026-04-22 07:00:00,6.9,77.0,1024.7,6.8,281.0,0.0,8.879999999999999,openaq_ground,48.88888888888889,Good
2026-04-22 08:00:00,6.0,78.0,1025.0,6.2,311.0,0.0,15.419999999999998,openaq_ground,62.737642585551335,Moderate
2026-04-22 09:00:00,5.5,78.0,1025.0,6.9,329.0,0.0,11.36,openaq_ground,55.09885931558936,Moderate
2026-04-22 10:00:00,4.5,81.0,1025.3,6.9,337.0,0.0,6.32,openaq_ground,35.0,Good
2026-04-22 11:00:00,3.9,83.0,1025.1,8.2,338.0,0.0,4.5200000000000005,openaq_ground,25.0,Good
2026-04-22 12:00:00,4.6,79.0,1024.9,8.7,333.0,0.0,2.4,openaq_ground,13.333333333333332,Good
2026-04-22 13:00:00,3.4,80.0,1024.6,9.2,339.0,0.0,2.28,openaq_ground,12.222222222222223,Good
2026-04-22 14:00:00,2.7,81.0,1024.5,9.0,337.0,0.0,1.04,openaq_ground,5.555555555555555,Good
2026-04-22 15:00:00,2.5,82.0,1024.3,9.1,339.0,0.0,1.06,openaq_ground,5.555555555555555,Good
2026-04-22 16:00:00,1.7,86.0,1023.8,8.6,340.0,0.0,0.78,openaq_ground,3.8888888888888884,Good
2026-04-22 17:00:00,1.1,87.0,1023.8,8.0,342.0,0.0,1.54,openaq_ground,8.333333333333332,Good
2026-04-22 18:00:00,0.3,87.0,1024.5,7.7,336.0,0.0,2.54,openaq_ground,13.88888888888889,Good
2026-04-22 19:00:00,-0.4,87.0,1024.6,7.6,335.0,0.0,6.159999999999999,openaq_ground,33.888888888888886,Good
2026-04-22 20:00:00,0.1,84.0,1025.0,8.0,337.0,0.0,10.18,openaq_ground,52.863117870722434,Moderate
2026-04-22 21:00:00,3.7,76.0,1025.2,8.7,338.0,0.0,5.359999999999999,openaq_ground,29.444444444444443,Good
2026-04-22 22:00:00,7.3,68.0,1025.0,6.1,328.0,0.0,2.22,openaq_ground,12.222222222222223,Good
2026-04-22 23:00:00,9.2,59.0,1024.9,4.1,283.0,0.0,1.94,openaq_ground,10.555555555555555,Good
2026-04-23 00:00:00,10.5,64.0,1024.6,5.0,224.0,0.0,1.2,openaq_ground,6.666666666666666,Good
2026-04-23 01:00:00,11.0,64.0,1024.2,6.7,211.0,0.0,1.96,openaq_ground,10.555555555555555,Good
2026-04-23 02:00:00,11.0,64.0,1023.9,6.1,210.0,0.0,2.04,openaq_ground,11.11111111111111,Good
2026-04-23 03:00:00,11.1,65.0,1023.6,6.3,207.0,0.0,1.8,openaq_ground,10.0,Good
2026-04-23 04:00:00,10.8,65.0,1023.8,6.9,200.0,0.0,2.8,openaq_ground,15.555555555555554,Good
2026-04-23 05:00:00,9.8,74.0,1024.5,3.6,225.0,0.0,8.2,openaq_ground,45.55555555555555,Good
2026-04-23 06:00:00,8.6,78.0,1024.3,2.1,308.0,0.0,24.52,openaq_ground,79.69201520912549,Moderate
2026-04-23 07:00:00,7.9,81.0,1024.8,4.6,309.0,0.0,29.76,openaq_ground,89.38022813688214,Moderate
2026-04-23 08:00:00,7.9,76.0,1025.2,7.3,295.0,0.0,24.54,openaq_ground,79.69201520912549,Moderate
2026-04-23 09:00:00,7.5,77.0,1025.2,8.0,295.0,0.0,15.76,openaq_ground,63.29657794676806,Moderate
2026-04-23 10:00:00,8.1,73.0,1025.4,9.6,286.0,0.0,13.74,openaq_ground,59.57034220532319,Moderate
2026-04-23 11:00:00,8.2,73.0,1025.5,10.5,289.0,0.0,6.34,openaq_ground,35.0,Good
2026-04-23 12:00:00,7.4,81.0,1025.2,9.6,307.0,0.0,1.8200000000000005,openaq_ground,10.0,Good
2026-04-23 13:00:00,5.6,86.0,1024.9,7.3,318.0,0.0,1.5799999999999998,openaq_ground,8.333333333333332,Good
2026-04-23 14:00:00,4.1,87.0,1024.9,7.8,334.0,0.0,2.4400000000000004,openaq_ground,13.333333333333332,Good
2026-04-23 15:00:00,3.9,83.0,1024.6,10.1,349.0,0.0,2.0,openaq_ground,11.11111111111111,Good
2026-04-23 16:00:00,3.8,80.0,1024.2,11.3,343.0,0.0,1.92,openaq_ground,10.555555555555555,Good
2026-04-23 17:00:00,4.3,79.0,1024.1,12.1,339.0,0.0,1.54,openaq_ground,8.333333333333332,Good
2026-04-23 18:00:00,4.5,78.0,1024.4,10.5,341.0,0.0,2.02,openaq_ground,11.11111111111111,Good
2026-04-23 19:00:00,5.7,74.0,1024.3,10.1,333.0,0.0,2.48,openaq_ground,13.333333333333332,Good
2026-04-23 20:00:00,7.2,75.0,1024.4,11.3,333.0,0.0,2.6,openaq_ground,14.444444444444445,Good
2026-04-23 21:00:00,9.7,76.0,1024.6,11.6,324.0,0.0,4.279999999999999,openaq_ground,23.333333333333332,Good
2026-04-23 22:00:00,12.4,70.0,1024.4,11.5,314.0,0.0,2.24,openaq_ground,12.222222222222223,Good
2026-04-23 23:00:00,12.1,72.0,1024.0,9.6,323.0,0.0,2.62,openaq_ground,14.444444444444445,Good
2026-04-24 00:00:00,14.9,68.0,1023.1,8.5,305.0,0.0,2.66,openaq_ground,14.444444444444445,Good
2026-04-24 01:00:00,16.5,65.0,1022.4,12.4,268.0,0.0,0.96,openaq_ground,5.0,Good
2026-04-24 02:00:00,15.7,70.0,1021.6,10.2,249.0,0.0,0.5599999999999999,openaq_ground,2.7777777777777777,Good
2026-04-24 03:00:00,16.5,62.0,1021.2,15.4,244.0,0.0,0.4,openaq_ground,2.2222222222222223,Good
2026-04-24 04:00:00,15.4,68.0,1021.4,13.6,241.0,0.0,1.15,openaq_ground,6.111111111111112,Good
2026-04-24 05:00:00,14.7,71.0,1021.5,11.3,263.0,0.0,1.9,openaq_ground,10.555555555555555,Good
2026-04-24 06:00:00,13.2,76.0,1021.6,9.8,278.0,0.0,2.7,openaq_ground,15.0,Good
2026-04-24 07:00:00,12.2,79.0,1021.9,7.8,266.0,0.0,2.62,openaq_ground,14.444444444444445,Good
2026-04-24 08:00:00,11.5,83.0,1022.1,6.5,270.0,0.0,3.34,openaq_ground,18.333333333333332,Good
2026-04-24 09:00:00,12.0,82.0,1022.3,10.5,265.0,0.0,2.94,openaq_ground,16.11111111111111,Good
2026-04-24 10:00:00,12.6,81.0,1022.4,14.8,261.0,0.0,2.68,openaq_ground,14.444444444444445,Good
2026-04-24 11:00:00,12.0,83.0,1022.3,11.5,261.0,0.0,2.78,openaq_ground,15.0,Good
2026-04-24 12:00:00,11.1,86.0,1021.5,6.4,317.0,0.0,2.32,openaq_ground,12.777777777777777,Good
2026-04-24 13:00:00,11.3,82.0,1021.5,4.2,277.0,0.0,1.24,openaq_ground,6.666666666666666,Good
2026-04-24 14:00:00,10.0,83.0,1021.2,3.9,336.0,0.0,1.06,openaq_ground,5.555555555555555,Good
2026-04-24 15:00:00,10.0,80.0,1020.6,8.6,329.0,0.0,0.44,openaq_ground,2.2222222222222223,Good
2026-04-24 16:00:00,10.5,77.0,1020.3,9.2,317.0,0.0,0.24,openaq_ground,1.1111111111111112,Good
2026-04-24 17:00:00,11.0,70.0,1020.1,11.0,304.0,0.0,0.08,openaq_ground,0.0,Good
2026-04-24 18:00:00,9.9,73.0,1019.6,10.6,332.0,0.0,0.4599999999999999,openaq_ground,2.2222222222222223,Good
2026-04-24 19:00:00,9.2,74.0,1019.3,12.1,337.0,0.0,0.18,openaq_ground,0.5555555555555556,Good
2026-04-24 20:00:00,8.8,77.0,1019.5,11.6,341.0,0.0,2.9200000000000004,openaq_ground,16.11111111111111,Good
2026-04-24 21:00:00,10.5,76.0,1019.7,11.9,342.0,0.0,1.8200000000000005,openaq_ground,10.0,Good
2026-04-24 22:00:00,13.4,70.0,1019.6,11.3,340.0,0.0,1.14,openaq_ground,6.111111111111112,Good
2026-04-24 23:00:00,15.7,69.0,1018.7,7.9,336.0,0.0,1.26,openaq_ground,6.666666666666666,Good
2026-04-25 00:00:00,18.9,58.0,1018.1,15.2,286.0,0.0,1.02,openaq_ground,5.555555555555555,Good
2026-04-25 01:00:00,19.7,57.0,1017.5,14.3,276.0,0.0,1.08,openaq_ground,5.555555555555555,Good
2026-04-25 02:00:00,20.3,53.0,1016.5,15.6,277.0,0.0,1.52,openaq_ground,8.333333333333332,Good
2026-04-25 03:00:00,19.9,53.0,1016.3,20.3,268.0,0.0,2.96,openaq_ground,16.11111111111111,Good
2026-04-25 04:00:00,19.2,54.0,1016.0,20.6,266.0,0.0,4.1,openaq_ground,22.777777777777775,Good
2026-04-25 05:00:00,18.4,56.0,1015.8,18.5,264.0,0.0,4.0200000000000005,openaq_ground,22.22222222222222,Good
2026-04-25 06:00:00,17.9,56.0,1015.4,16.6,274.0,0.0,4.0,openaq_ground,22.22222222222222,Good
2026-04-25 07:00:00,18.4,51.0,1015.0,17.9,280.0,0.0,4.66,openaq_ground,25.555555555555554,Good
2026-04-25 08:00:00,18.6,46.0,1014.7,20.0,281.0,0.0,2.76,openaq_ground,15.0,Good
2026-04-25 09:00:00,17.9,47.0,1013.9,16.6,291.0,0.0,1.7600000000000002,openaq_ground,9.444444444444445,Good
2026-04-25 10:00:00,17.2,49.0,1013.7,16.1,292.0,0.0,1.42,openaq_ground,7.777777777777777,Good
2026-04-25 11:00:00,16.9,48.0,1013.5,15.1,285.0,0.0,1.3,openaq_ground,7.222222222222222,Good
2026-04-25 12:00:00,13.6,64.0,1012.7,6.7,308.0,0.0,1.28,openaq_ground,6.666666666666666,Good
2026-04-25 13:00:00,13.3,66.0,1012.6,6.0,309.0,0.0,0.82,openaq_ground,4.444444444444445,Good
2026-04-25 14:00:00,13.5,61.0,1012.5,7.3,300.0,0.0,0.58,openaq_ground,2.7777777777777777,Good
2026-04-25 15:00:00,15.4,45.0,1012.1,16.4,279.0,0.0,0.64,openaq_ground,3.333333333333333,Good
2026-04-25 16:00:00,15.2,41.0,1011.8,16.8,273.0,0.0,0.92,openaq_ground,5.0,Good
2026-04-25 17:00:00,15.1,45.0,1011.9,13.3,270.0,0.0,1.0,openaq_ground,5.555555555555555,Good
2026-04-25 18:00:00,13.5,55.0,1012.6,11.5,239.0,0.0,2.62,openaq_ground,14.444444444444445,Good
2026-04-25 19:00:00,12.9,66.0,1013.1,16.6,249.0,0.1,2.0,openaq_ground,11.11111111111111,Good
2026-04-25 20:00:00,12.3,75.0,1013.6,16.0,263.0,0.3,1.96,openaq_ground,10.555555555555555,Good
2026-04-25 21:00:00,12.3,80.0,1014.0,18.1,253.0,0.2,1.7399999999999998,openaq_ground,9.444444444444445,Good
2026-04-25 22:00:00,12.3,86.0,1014.3,21.4,255.0,0.8,1.24,openaq_ground,6.666666666666666,Good
2026-04-25 23:00:00,12.3,88.0,1014.3,19.0,243.0,0.4,1.14,openaq_ground,6.111111111111112,Good
2026-04-26 00:00:00,11.8,95.0,1014.5,17.9,248.0,0.6,1.1,openaq_ground,6.111111111111112,Good
2026-04-26 01:00:00,11.7,95.0,1014.0,15.1,245.0,2.1,1.06,openaq_ground,5.555555555555555,Good
2026-04-26 02:00:00,11.9,91.0,1013.7,14.5,247.0,1.3,0.8400000000000001,openaq_ground,4.444444444444445,Good
2026-04-26 03:00:00,11.5,95.0,1013.7,11.4,244.0,1.1,2.3600000000000003,openaq_ground,12.777777777777777,Good
2026-04-26 04:00:00,11.3,96.0,1013.7,9.7,246.0,2.3,3.4,openaq_ground,18.88888888888889,Good
2026-04-26 05:00:00,11.1,97.0,1013.7,8.1,257.0,1.9,3.78,openaq_ground,20.555555555555557,Good
2026-04-26 06:00:00,10.9,95.0,1014.1,5.8,256.0,1.2,5.44,openaq_ground,30.0,Good
2026-04-26 07:00:00,11.0,97.0,1014.9,3.3,221.0,1.1,5.1,openaq_ground,28.33333333333333,Good
2026-04-26 08:00:00,10.8,98.0,1015.3,8.1,186.0,1.0,5.1,openaq_ground,28.33333333333333,Good
2026-04-26 09:00:00,10.5,98.0,1015.5,6.8,198.0,1.3,4.159999999999999,openaq_ground,22.777777777777775,Good
2026-04-26 10:00:00,10.5,98.0,1016.0,3.2,227.0,0.4,2.48,openaq_ground,13.333333333333332,Good
2026-04-26 11:00:00,10.5,99.0,1015.9,1.5,330.0,0.1,3.56,openaq_ground,19.444444444444443,Good
2026-04-26 12:00:00,10.5,98.0,1015.5,5.7,28.0,1.9,3.56,openaq_ground,19.444444444444443,Good
2026-04-26 13:00:00,10.7,97.0,1015.8,3.6,37.0,0.1,2.94,openaq_ground,16.11111111111111,Good
2026-04-26 14:00:00,10.0,97.0,1015.8,4.5,355.0,0.3,1.96,openaq_ground,10.555555555555555,Good
2026-04-26 15:00:00,9.7,97.0,1015.7,6.7,340.0,1.7,1.72,openaq_ground,9.444444444444445,Good
2026-04-26 16:00:00,9.7,97.0,1015.4,6.5,355.0,0.4,1.04,openaq_ground,5.555555555555555,Good
2026-04-26 17:00:00,9.7,93.0,1015.3,4.9,336.0,0.0,0.98,openaq_ground,5.0,Good
2026-04-26 18:00:00,9.2,93.0,1015.7,5.1,337.0,0.0,0.8800000000000001,openaq_ground,4.444444444444445,Good
2026-04-26 19:00:00,8.7,95.0,1015.5,5.2,358.0,0.0,1.12,openaq_ground,6.111111111111112,Good
2026-04-26 20:00:00,8.2,96.0,1015.8,5.0,358.0,0.0,1.62,openaq_ground,8.88888888888889,Good
2026-04-26 21:00:00,10.5,96.0,1016.0,7.8,15.0,0.0,1.4,openaq_ground,7.777777777777777,Good
2026-04-26 22:00:00,13.5,88.0,1015.6,10.2,14.0,0.0,0.76,openaq_ground,3.8888888888888884,Good
2026-04-26 23:00:00,13.7,85.0,1015.5,11.4,349.0,0.0,1.62,openaq_ground,8.88888888888889,Good
2026-04-27 00:00:00,15.3,71.0,1015.3,13.5,330.0,0.0,1.6599999999999997,openaq_ground,8.88888888888889,Good
2026-04-27 01:00:00,15.7,68.0,1014.8,13.1,322.0,0.0,1.3,openaq_ground,7.222222222222222,Good
2026-04-27 02:00:00,16.1,68.0,1014.3,10.2,326.0,0.0,1.78,openaq_ground,9.444444444444445,Good
2026-04-27 03:00:00,17.3,66.0,1014.1,6.6,338.0,0.0,5.78,openaq_ground,31.666666666666668,Good
2026-04-27 04:00:00,17.1,68.0,1014.3,4.9,268.0,0.0,10.8,openaq_ground,54.16730038022814,Moderate
2026-04-27 05:00:00,16.1,69.0,1014.2,4.2,250.0,0.0,10.919999999999998,openaq_ground,54.35361216730038,Moderate
2026-04-27 06:00:00,13.9,79.0,1014.5,4.0,350.0,0.0,14.6,openaq_ground,61.247148288973385,Moderate
2026-04-27 07:00:00,13.5,75.0,1014.8,5.0,345.0,0.0,13.419999999999998,openaq_ground,59.01140684410647,Moderate
2026-04-27 08:00:00,14.1,68.0,1014.8,7.8,331.0,0.0,8.92,openaq_ground,49.44444444444444,Good
2026-04-27 09:00:00,13.5,69.0,1015.2,6.6,323.0,0.0,5.64,openaq_ground,31.111111111111107,Good
2026-04-27 10:00:00,12.8,74.0,1015.9,5.5,333.0,0.0,7.76,openaq_ground,42.77777777777778,Good
2026-04-27 11:00:00,12.1,78.0,1016.2,5.6,335.0,0.0,6.32,openaq_ground,35.0,Good
2026-04-27 12:00:00,11.5,80.0,1015.8,8.0,354.0,0.0,3.78,openaq_ground,20.555555555555557,Good
2026-04-27 13:00:00,11.3,79.0,1016.1,7.5,345.0,0.0,2.8600000000000003,openaq_ground,15.555555555555554,Good
2026-04-27 14:00:00,10.7,82.0,1016.5,6.9,340.0,0.0,2.4,openaq_ground,13.333333333333332,Good
2026-04-27 15:00:00,9.8,86.0,1016.7,4.9,350.0,0.0,2.04,openaq_ground,11.11111111111111,Good
2026-04-27 16:00:00,9.7,86.0,1016.5,6.2,348.0,0.0,2.02,openaq_ground,11.11111111111111,Good
2026-04-27 17:00:00,9.5,87.0,1016.5,6.3,342.0,0.0,2.1,openaq_ground,11.666666666666666,Good
2026-04-27 18:00:00,9.6,84.0,1017.4,6.8,342.0,0.0,2.42,openaq_ground,13.333333333333332,Good
2026-04-27 19:00:00,9.1,87.0,1018.0,6.2,339.0,0.0,2.84,openaq_ground,15.555555555555554,Good
2026-04-27 20:00:00,8.5,90.0,1018.4,5.7,349.0,0.0,4.0,openaq_ground,22.22222222222222,Good
2026-04-27 21:00:00,11.0,87.0,1019.2,5.2,356.0,0.0,4.32,openaq_ground,23.888888888888886,Good
2026-04-27 22:00:00,14.5,79.0,1019.8,3.2,333.0,0.0,4.82,openaq_ground,26.666666666666664,Good
2026-04-27 23:00:00,15.9,69.0,1019.9,0.4,207.0,0.0,5.14,openaq_ground,28.33333333333333,Good
2026-04-28 00:00:00,16.8,64.0,1019.5,4.4,153.0,0.0,5.64,openaq_ground,31.111111111111107,Good
2026-04-28 01:00:00,17.4,58.0,1019.5,5.7,171.0,0.0,6.12,openaq_ground,33.888888888888886,Good
2026-04-28 02:00:00,17.2,60.0,1019.2,5.6,149.0,0.0,5.48,openaq_ground,30.0,Good
2026-04-28 03:00:00,15.5,72.0,1019.5,11.0,113.0,0.0,5.8,openaq_ground,32.22222222222222,Good
2026-04-28 04:00:00,14.1,78.0,1019.9,9.0,90.0,0.0,5.5200000000000005,openaq_ground,30.555555555555554,Good
2026-04-28 05:00:00,13.7,80.0,1019.9,6.3,75.0,0.0,7.2,openaq_ground,40.0,Good
2026-04-28 06:00:00,11.8,88.0,1020.0,6.6,64.0,0.0,10.919999999999998,openaq_ground,54.35361216730038,Moderate
2026-04-28 07:00:00,11.0,92.0,1020.3,6.0,41.0,0.0,12.1,openaq_ground,56.5893536121673,Moderate
2026-04-28 08:00:00,10.4,93.0,1020.6,7.7,18.0,0.0,13.96,openaq_ground,59.942965779467684,Moderate
2026-04-28 09:00:00,9.7,94.0,1020.6,7.5,8.0,0.0,12.46,openaq_ground,57.148288973384034,Moderate
2026-04-28 10:00:00,9.2,96.0,1020.6,8.4,7.0,0.0,12.6,openaq_ground,57.52091254752852,Moderate
2026-04-28 11:00:00,8.7,97.0,1020.7,9.1,10.0,0.0,9.26,openaq_ground,51.18631178707224,Moderate
2026-04-28 12:00:00,8.6,96.0,1020.1,10.1,6.0,0.0,8.72,openaq_ground,48.33333333333333,Good
2026-04-28 13:00:00,8.4,95.0,1019.4,8.9,346.0,0.0,8.16,openaq_ground,44.99999999999999,Good
2026-04-28 14:00:00,8.0,96.0,1019.0,8.9,333.0,0.0,9.18,openaq_ground,51.0,Moderate
2026-04-28 15:00:00,7.6,98.0,1018.8,8.8,327.0,0.0,7.44,openaq_ground,41.111111111111114,Good
2026-04-28 16:00:00,7.4,99.0,1018.3,8.5,336.0,0.0,5.62,openaq_ground,31.111111111111107,Good
2026-04-28 17:00:00,7.5,97.0,1017.7,9.4,343.0,0.0,2.66,openaq_ground,14.444444444444445,Good
2026-04-28 18:00:00,7.6,95.0,1017.5,15.3,359.0,0.0,0.96,openaq_ground,5.0,Good
2026-04-28 19:00:00,8.5,90.0,1016.3,18.0,359.0,0.0,0.74,openaq_ground,3.8888888888888884,Good
2026-04-28 20:00:00,10.3,79.0,1015.7,17.6,358.0,0.0,2.02,openaq_ground,11.11111111111111,Good
2026-04-28 21:00:00,12.4,71.0,1015.5,15.7,347.0,0.0,1.4,openaq_ground,7.777777777777777,Good
2026-04-28 22:00:00,14.4,71.0,1015.4,14.3,342.0,0.0,0.24,openaq_ground,1.1111111111111112,Good
2026-04-28 23:00:00,16.5,64.0,1014.7,12.6,349.0,0.0,0.3,openaq_ground,1.6666666666666665,Good
2026-04-29 00:00:00,19.3,48.0,1013.3,16.0,358.0,0.0,0.3399999999999999,openaq_ground,1.6666666666666665,Good
2026-04-29 01:00:00,19.9,48.0,1011.8,14.6,359.0,0.0,0.08,openaq_ground,0.0,Good
2026-04-29 02:00:00,19.9,50.0,1010.8,14.1,326.0,0.0,0.2599999999999999,openaq_ground,1.1111111111111112,Good
2026-04-29 03:00:00,19.6,50.0,1010.4,17.3,305.0,0.0,0.2199999999999999,openaq_ground,1.1111111111111112,Good
2026-04-29 04:00:00,18.1,56.0,1011.8,17.6,256.0,0.0,0.4,openaq_ground,2.2222222222222223,Good
2026-04-29 05:00:00,10.0,90.0,1016.3,40.8,246.0,2.7,0.64,openaq_ground,3.333333333333333,Good
2026-04-29 06:00:00,10.2,87.0,1018.0,28.1,246.0,1.8,0.98,openaq_ground,5.0,Good
2026-04-29 07:00:00,10.0,85.0,1019.4,27.3,245.0,0.0,2.74,openaq_ground,15.0,Good
2026-04-29 08:00:00,9.6,80.0,1020.8,25.3,247.0,0.0,3.14,openaq_ground,17.22222222222222,Good
2026-04-29 09:00:00,9.1,76.0,1022.2,23.0,258.0,0.0,1.78,openaq_ground,9.444444444444445,Good
2026-04-29 10:00:00,8.7,75.0,1023.8,21.9,260.0,0.0,1.7600000000000002,openaq_ground,9.444444444444445,Good
2026-04-29 11:00:00,8.4,74.0,1025.2,21.8,260.0,0.0,1.88,openaq_ground,10.0,Good
2026-04-29 12:00:00,8.1,74.0,1026.3,18.6,266.0,0.0,1.14,openaq_ground,6.111111111111112,Good
2026-04-29 13:00:00,8.1,74.0,1027.3,18.7,267.0,0.0,0.92,openaq_ground,5.0,Good
2026-04-29 14:00:00,8.3,74.0,1028.3,19.2,263.0,0.0,0.96,openaq_ground,5.0,Good
2026-04-29 15:00:00,8.2,75.0,1029.0,17.4,262.0,0.0,0.8,openaq_ground,4.444444444444445,Good
2026-04-29 16:00:00,7.9,76.0,1029.7,15.2,265.0,0.0,0.74,openaq_ground,3.8888888888888884,Good
2026-04-29 17:00:00,7.5,79.0,1030.4,11.4,276.0,0.0,0.86,openaq_ground,4.444444444444445,Good
2026-04-29 18:00:00,6.5,80.0,1031.8,11.3,290.0,0.0,2.26,openaq_ground,12.222222222222223,Good
2026-04-29 19:00:00,5.8,80.0,1032.4,9.8,311.0,0.0,6.0,openaq_ground,33.33333333333333,Good
2026-04-29 20:00:00,5.7,78.0,1032.9,9.9,323.0,0.0,3.28,openaq_ground,17.77777777777778,Good
2026-04-29 21:00:00,7.7,74.0,1033.5,10.3,319.0,0.0,1.6800000000000002,openaq_ground,8.88888888888889,Good
2026-04-29 22:00:00,9.8,69.0,1034.2,9.3,323.0,0.0,1.1,openaq_ground,6.111111111111112,Good
2026-04-29 23:00:00,11.1,59.0,1034.4,8.7,308.0,0.0,0.6599999999999999,openaq_ground,3.333333333333333,Good
2026-04-30 00:00:00,12.1,55.0,1034.0,5.8,321.0,0.0,0.78,openaq_ground,3.8888888888888884,Good
2026-04-30 01:00:00,13.2,50.0,1033.3,4.5,2.0,0.0,0.54,openaq_ground,2.7777777777777777,Good
2026-04-30 02:00:00,13.4,51.0,1032.6,7.3,60.0,0.0,0.6799999999999999,openaq_ground,3.333333333333333,Good
2026-04-30 03:00:00,13.0,56.0,1032.3,9.2,57.0,0.0,0.6199999999999999,openaq_ground,3.333333333333333,Good
2026-04-30 04:00:00,12.6,63.0,1032.6,7.9,63.0,0.0,1.36,openaq_ground,7.222222222222222,Good
2026-04-30 05:00:00,10.9,79.0,1032.8,6.2,78.0,0.0,5.32,openaq_ground,29.444444444444443,Good
2026-04-30 06:00:00,8.8,89.0,1032.8,5.4,56.0,0.0,11.94,openaq_ground,56.21673003802282,Moderate
2026-04-30 07:00:00,7.9,92.0,1033.1,7.1,19.0,0.0,25.78,openaq_ground,81.9277566539924,Moderate
2026-04-30 08:00:00,6.9,93.0,1033.5,6.7,360.0,0.0,24.28,openaq_ground,79.13307984790875,Moderate
2026-04-30 09:00:00,6.0,94.0,1033.7,5.9,346.0,0.0,25.14,openaq_ground,80.80988593155894,Moderate
2026-04-30 10:00:00,5.2,94.0,1034.0,5.7,347.0,0.0,22.84,openaq_ground,76.52471482889734,Moderate
2026-04-30 11:00:00,4.4,94.0,1034.1,5.1,350.0,0.0,11.7,openaq_ground,55.844106463878326,Moderate
2026-04-30 12:00:00,3.4,95.0,1034.1,5.7,347.0,0.0,6.68,openaq_ground,36.666666666666664,Good
2026-04-30 13:00:00,2.2,97.0,1034.0,5.2,348.0,0.0,3.8333333333333335,openaq_ground,21.11111111111111,Good
2026-04-30 14:00:00,1.8,98.0,1033.5,4.8,345.0,0.0,2.9666666666666663,openaq_ground,16.11111111111111,Good
2026-04-30 15:00:00,1.5,98.0,1033.3,4.4,341.0,0.0,1.1333333333333335,openaq_ground,6.111111111111112,Good
2026-04-30 16:00:00,1.4,98.0,1033.0,3.1,339.0,0.0,0.7666666666666666,openaq_ground,3.8888888888888884,Good
2026-04-30 17:00:00,1.9,93.0,1032.8,2.7,340.0,0.0,1.2333333333333334,openaq_ground,6.666666666666666,Good
2026-04-30 18:00:00,2.3,86.0,1033.5,1.7,347.0,0.0,1.7666666666666668,openaq_ground,9.444444444444445,Good
2026-04-30 19:00:00,2.4,84.0,1033.4,2.3,342.0,0.0,5.1000000000000005,openaq_ground,28.33333333333333,Good
2026-04-30 20:00:00,2.1,85.0,1033.8,3.8,343.0,0.0,6.066666666666666,openaq_ground,33.33333333333333,Good
2026-04-30 21:00:00,4.4,86.0,1034.3,5.0,347.0,0.0,10.566666666666666,openaq_ground,53.60836501901141,Moderate
2026-04-30 22:00:00,9.1,83.0,1034.3,5.0,360.0,0.0,5.133333333333333,openaq_ground,28.33333333333333,Good
2026-04-30 23:00:00,11.4,63.0,1034.2,4.0,39.0,0.0,3.8666666666666663,openaq_ground,21.11111111111111,Good
2026-05-01 00:00:00,13.0,62.0,1033.5,6.5,71.0,0.0,2.64,openaq_ground,14.444444444444445,Good
2026-05-01 01:00:00,13.5,61.0,1032.8,7.5,75.0,0.0,3.9,openaq_ground,21.666666666666664,Good
2026-05-01 02:00:00,13.8,59.0,1031.7,9.3,58.0,0.0,3.26,openaq_ground,17.77777777777778,Good
2026-05-01 03:00:00,13.6,62.0,1031.3,8.5,61.0,0.0,1.78,openaq_ground,9.444444444444445,Good
2026-05-01 04:00:00,12.9,69.0,1031.0,6.7,74.0,0.0,2.72,openaq_ground,15.0,Good
2026-05-01 05:00:00,10.7,83.0,1030.7,3.6,70.0,0.0,5.48,openaq_ground,30.0,Good
2026-05-01 06:00:00,8.7,88.0,1030.5,5.0,30.0,0.0,23.380000000000003,openaq_ground,77.45627376425855,Moderate
2026-05-01 07:00:00,8.2,89.0,1030.4,7.7,3.0,0.0,28.22,openaq_ground,86.5855513307985,Moderate
2026-05-01 08:00:00,7.2,90.0,1030.2,7.9,360.0,0.0,27.360000000000003,openaq_ground,84.90874524714829,Moderate
2026-05-01 09:00:00,6.1,91.0,1029.8,6.9,355.0,0.0,27.02,openaq_ground,84.34980988593156,Moderate
2026-05-01 10:00:00,5.4,92.0,1029.8,5.2,346.0,0.0,24.0,openaq_ground,78.76045627376426,Moderate
2026-05-01 11:00:00,5.2,93.0,1029.9,4.1,337.0,0.0,17.34,openaq_ground,66.27756653992395,Moderate
2026-05-01 12:00:00,4.2,95.0,1029.3,4.7,337.0,0.0,10.44,openaq_ground,53.42205323193917,Moderate
2026-05-01 13:00:00,3.6,94.0,1029.4,4.3,332.0,0.0,5.34,openaq_ground,29.444444444444443,Good
2026-05-01 14:00:00,3.7,93.0,1029.2,5.2,340.0,0.0,3.8,openaq_ground,21.11111111111111,Good
2026-05-01 15:00:00,4.0,90.0,1028.8,4.6,342.0,0.0,3.14,openaq_ground,17.22222222222222,Good
2026-05-01 16:00:00,4.6,87.0,1028.6,4.3,336.0,0.0,2.04,openaq_ground,11.11111111111111,Good
2026-05-01 17:00:00,4.3,89.0,1028.2,5.1,342.0,0.0,2.14,openaq_ground,11.666666666666666,Good
2026-05-01 18:00:00,3.2,90.0,1028.7,9.0,347.0,0.0,1.84,openaq_ground,10.0,Good
2026-05-01 19:00:00,3.3,87.0,1028.8,9.9,341.0,0.0,2.74,openaq_ground,15.0,Good
2026-05-01 20:00:00,4.1,83.0,1029.1,11.1,343.0,0.0,5.5200000000000005,openaq_ground,30.555555555555554,Good
2026-05-01 21:00:00,6.8,76.0,1029.5,10.5,341.0,0.0,4.32,openaq_ground,23.888888888888886,Good
2026-05-01 22:00:00,10.5,74.0,1030.0,7.6,332.0,0.0,3.14,openaq_ground,17.22222222222222,Good
2026-05-01 23:00:00,14.0,68.0,1030.1,4.6,321.0,0.0,2.38,openaq_ground,12.777777777777777,Good
2026-05-02 00:00:00,17.2,52.0,1029.3,5.1,354.0,0.0,1.96,openaq_ground,10.555555555555555,Good
2026-05-02 01:00:00,18.0,46.0,1029.0,1.0,149.0,0.0,1.48,openaq_ground,7.777777777777777,Good
2026-05-02 02:00:00,17.9,49.0,1028.7,2.8,140.0,0.0,2.18,openaq_ground,11.666666666666666,Good
2026-05-02 03:00:00,17.5,53.0,1028.5,3.1,135.0,0.0,2.78,openaq_ground,15.0,Good
2026-05-02 04:00:00,16.8,66.0,1028.7,2.7,94.0,0.0,5.4,openaq_ground,30.0,Good
2026-05-02 05:00:00,14.4,79.0,1028.6,3.1,36.0,0.0,13.46,openaq_ground,59.01140684410647,Moderate
2026-05-02 06:00:00,13.0,76.0,1028.9,3.8,3.0,0.0,18.16,openaq_ground,67.7680608365019,Moderate
2026-05-02 07:00:00,12.2,73.0,1029.2,5.1,354.0,0.0,21.22,openaq_ground,73.54372623574145,Moderate
2026-05-02 08:00:00,10.4,78.0,1029.4,5.6,354.0,0.0,24.96,openaq_ground,80.43726235741445,Moderate
2026-05-02 09:00:00,9.0,82.0,1029.5,8.2,351.0,0.0,20.32,openaq_ground,71.86692015209125,Moderate
2026-05-02 10:00:00,8.5,81.0,1029.9,8.8,348.0,0.0,18.96,openaq_ground,69.25855513307985,Moderate
2026-05-02 11:00:00,8.1,80.0,1030.0,7.1,345.0,0.0,15.580000000000002,openaq_ground,62.92395437262358,Moderate
2026-05-02 12:00:00,7.0,75.0,1029.9,7.8,347.0,0.0,13.86,openaq_ground,59.75665399239544,Moderate
2026-05-02 13:00:00,6.7,70.0,1029.7,4.8,345.0,0.0,5.88,openaq_ground,32.22222222222222,Good
2026-05-02 14:00:00,7.1,65.0,1029.5,5.5,343.0,0.0,5.0,openaq_ground,27.77777777777778,Good
2026-05-02 15:00:00,6.9,64.0,1029.2,5.6,345.0,0.0,5.08,openaq_ground,27.77777777777778,Good
2026-05-02 16:00:00,5.9,67.0,1028.7,6.8,349.0,0.0,4.62,openaq_ground,25.555555555555554,Good
2026-05-02 17:00:00,4.8,71.0,1028.5,5.8,340.0,0.0,3.28,openaq_ground,17.77777777777778,Good
2026-05-02 18:00:00,4.2,74.0,1029.3,5.3,325.0,0.0,3.44,openaq_ground,18.88888888888889,Good
2026-05-02 19:00:00,4.1,75.0,1029.5,5.5,328.0,0.0,3.74,openaq_ground,20.555555555555557,Good
2026-05-02 20:00:00,4.0,77.0,1030.1,5.2,338.0,0.0,5.02,openaq_ground,27.77777777777778,Good
2026-05-02 21:00:00,6.9,75.0,1030.7,5.2,340.0,0.0,4.4,openaq_ground,24.444444444444446,Good
2026-05-02 22:00:00,11.4,73.0,1030.7,4.8,326.0,0.0,4.0200000000000005,openaq_ground,22.22222222222222,Good
2026-05-02 23:00:00,13.7,58.0,1030.6,2.2,256.0,0.0,1.92,openaq_ground,10.555555555555555,Good
2026-05-03 00:00:00,14.5,55.0,1030.2,3.8,169.0,0.0,1.2,openaq_ground,6.666666666666666,Good
2026-05-03 01:00:00,15.1,56.0,1029.8,4.1,182.0,0.0,1.26,openaq_ground,6.666666666666666,Good
2026-05-03 02:00:00,15.3,59.0,1029.1,3.8,172.0,0.0,1.84,openaq_ground,10.0,Good
2026-05-03 03:00:00,15.1,62.0,1028.8,4.0,144.0,0.0,1.64,openaq_ground,8.88888888888889,Good
2026-05-03 04:00:00,14.4,66.0,1028.8,4.0,117.0,0.0,3.4799999999999995,openaq_ground,18.88888888888889,Good
2026-05-03 05:00:00,12.2,81.0,1028.8,2.5,82.0,0.0,6.8,openaq_ground,37.77777777777778,Good
2026-05-03 06:00:00,10.2,87.0,1029.1,4.4,19.0,0.0,10.64,openaq_ground,53.79467680608365,Moderate
2026-05-03 07:00:00,9.2,92.0,1029.3,7.1,9.0,0.0,13.84,openaq_ground,59.75665399239544,Moderate
2026-05-03 08:00:00,8.2,93.0,1029.4,7.6,4.0,0.0,17.380000000000003,openaq_ground,66.27756653992395,Moderate
2026-05-03 09:00:00,7.5,93.0,1029.3,8.6,358.0,0.0,16.64,openaq_ground,64.97338403041826,Moderate
2026-05-03 10:00:00,6.8,92.0,1029.4,9.9,356.0,0.0,12.36,openaq_ground,56.96197718631179,Moderate
2026-05-03 11:00:00,6.3,92.0,1029.5,10.6,351.0,0.0,7.880000000000001,openaq_ground,43.33333333333333,Good
2026-05-03 12:00:00,5.9,91.0,1029.7,11.1,351.0,0.0,2.9,openaq_ground,16.11111111111111,Good
2026-05-03 13:00:00,4.1,92.0,1029.5,9.9,348.0,0.0,2.02,openaq_ground,11.11111111111111,Good
2026-05-03 14:00:00,3.6,93.0,1029.4,9.2,344.0,0.0,1.8,openaq_ground,10.0,Good
2026-05-03 15:00:00,3.1,95.0,1029.4,7.1,336.0,0.0,2.28,openaq_ground,12.222222222222223,Good
2026-05-03 16:00:00,2.9,95.0,1029.2,6.0,333.0,0.0,1.58,openaq_ground,8.333333333333332,Good
2026-05-03 17:00:00,3.7,92.0,1029.1,4.6,334.0,0.0,2.04,openaq_ground,11.11111111111111,Good
2026-05-03 18:00:00,5.1,82.0,1029.6,2.2,346.0,0.0,3.56,openaq_ground,19.444444444444443,Good
2026-05-03 19:00:00,4.6,84.0,1029.6,3.8,343.0,0.0,5.46,openaq_ground,30.0,Good
2026-05-03 20:00:00,3.6,89.0,1029.8,6.4,344.0,0.0,9.74,openaq_ground,52.11787072243346,Moderate
2026-05-03 21:00:00,5.6,89.0,1030.3,8.0,342.0,0.0,10.9,openaq_ground,54.35361216730038,Moderate
2026-05-03 22:00:00,9.9,81.0,1030.2,7.3,350.0,0.0,14.64,openaq_ground,61.247148288973385,Moderate
2026-05-03 23:00:00,12.9,72.0,1029.8,4.2,18.0,0.0,13.66,openaq_ground,59.38403041825095,Moderate
2026-05-04 00:00:00,14.1,62.0,1029.1,5.8,30.0,0.0,12.5,openaq_ground,57.334600760456276,Moderate
2026-05-04 01:00:00,14.6,61.0,1028.3,7.0,48.0,0.0,4.56,openaq_ground,25.0,Good
2026-05-04 02:00:00,14.6,60.0,1027.7,7.7,60.0,0.0,3.06,openaq_ground,16.666666666666664,Good
2026-05-04 03:00:00,14.3,64.0,1027.4,6.7,76.0,0.0,2.66,openaq_ground,14.444444444444445,Good
2026-05-04 04:00:00,13.4,70.0,1027.6,5.8,83.0,0.0,5.32,openaq_ground,29.444444444444443,Good
2026-05-04 05:00:00,10.9,85.0,1027.9,4.0,72.0,0.0,16.84,openaq_ground,65.34600760456274,Moderate
2026-05-04 06:00:00,9.0,88.0,1028.1,7.1,27.0,0.0,20.78,openaq_ground,72.61216730038024,Moderate
2026-05-04 07:00:00,7.7,91.0,1028.2,9.7,12.0,0.0,23.86,openaq_ground,78.38783269961978,Moderate
2026-05-04 08:00:00,6.8,91.0,1028.4,9.2,4.0,0.0,21.94,openaq_ground,74.84790874524715,Moderate
2026-05-04 09:00:00,6.2,91.0,1028.4,10.1,2.0,0.0,19.2,openaq_ground,69.81749049429658,Moderate
2026-05-04 10:00:00,5.7,91.0,1028.5,9.7,357.0,0.0,18.74,openaq_ground,68.88593155893537,Moderate
2026-05-04 11:00:00,5.4,92.0,1028.5,9.7,356.0,0.0,12.260000000000002,openaq_ground,56.77566539923954,Moderate
2026-05-04 12:00:00,5.8,86.0,1028.0,12.1,2.0,0.0,8.559999999999999,openaq_ground,47.22222222222222,Good
2026-05-04 13:00:00,5.1,84.0,1027.8,11.2,355.0,0.0,4.86,openaq_ground,26.666666666666664,Good
2026-05-04 14:00:00,4.6,80.0,1027.8,11.0,349.0,0.0,4.8,openaq_ground,26.666666666666664,Good
2026-05-04 15:00:00,4.2,77.0,1027.4,10.4,346.0,0.0,2.4200000000000004,openaq_ground,13.333333333333332,Good
2026-05-04 16:00:00,3.7,75.0,1027.0,9.2,344.0,0.0,2.38,openaq_ground,12.777777777777777,Good
2026-05-04 17:00:00,2.8,76.0,1026.5,7.6,342.0,0.0,2.5,openaq_ground,13.88888888888889,Good
2026-05-04 18:00:00,2.0,76.0,1027.1,7.4,353.0,0.0,3.04,openaq_ground,16.666666666666664,Good
2026-05-04 19:00:00,1.3,75.0,1026.9,8.4,349.0,0.0,8.959999999999999,openaq_ground,49.44444444444444,Good
2026-05-04 20:00:00,1.2,77.0,1026.6,9.1,351.0,0.0,8.4,openaq_ground,46.666666666666664,Good
2026-05-04 21:00:00,4.7,72.0,1026.8,10.6,360.0,0.0,14.02,openaq_ground,60.129277566539926,Moderate
2026-05-04 22:00:00,9.3,64.0,1026.6,8.9,13.0,0.0,12.6,openaq_ground,57.52091254752852,Moderate
2026-05-04 23:00:00,11.8,62.0,1026.3,7.3,33.0,0.0,9.84,openaq_ground,52.30418250950571,Moderate
2026-05-05 00:00:00,13.1,58.0,1025.4,8.8,47.0,0.0,8.24,openaq_ground,45.55555555555555,Good
2026-05-05 01:00:00,13.4,60.0,1024.2,9.1,52.0,0.0,7.3,openaq_ground,40.55555555555555,Good
2026-05-05 02:00:00,13.5,65.0,1023.1,8.9,50.0,0.0,8.32,openaq_ground,46.111111111111114,Good
2026-05-05 03:00:00,13.2,70.0,1022.6,9.1,51.0,0.0,9.68,openaq_ground,51.93155893536122,Moderate
2026-05-05 04:00:00,12.5,76.0,1022.3,10.0,49.0,0.0,12.44,openaq_ground,57.148288973384034,Moderate
2026-05-05 05:00:00,10.9,85.0,1021.9,10.3,44.0,0.0,18.380000000000003,openaq_ground,68.14068441064639,Moderate
2026-05-05 06:00:00,8.6,95.0,1021.6,11.7,34.0,0.0,30.6,openaq_ground,91.05703422053233,Moderate
2026-05-05 07:00:00,7.9,96.0,1021.5,10.5,20.0,0.0,32.260000000000005,openaq_ground,94.03802281368823,Moderate
2026-05-05 08:00:00,7.3,96.0,1021.3,10.1,11.0,0.0,35.0,openaq_ground,99.25475285171103,Moderate
2026-05-05 09:00:00,6.6,95.0,1020.7,9.6,8.0,0.0,37.42,openaq_ground,105.67839195979899,Unhealthy (Sensitive Groups)
2026-05-05 10:00:00,5.9,92.0,1020.4,8.3,358.0,0.0,32.54,openaq_ground,94.59695817490494,Moderate
2026-05-05 11:00:00,5.0,89.0,1020.2,7.1,353.0,0.0,30.860000000000003,openaq_ground,91.42965779467681,Moderate
2026-05-05 12:00:00,5.6,77.0,1019.0,10.9,6.0,0.0,23.48,openaq_ground,77.6425855513308,Moderate
2026-05-05 13:00:00,5.2,71.0,1018.5,9.6,347.0,0.0,13.080000000000002,openaq_ground,58.26615969581749,Moderate
2026-05-05 14:00:00,4.7,70.0,1017.8,10.2,347.0,0.0,10.62,openaq_ground,53.79467680608365,Moderate
2026-05-05 15:00:00,4.5,70.0,1017.4,9.6,343.0,0.0,6.88,openaq_ground,37.77777777777778,Good
2026-05-05 16:00:00,4.2,73.0,1016.8,9.4,336.0,0.0,3.38,openaq_ground,18.333333333333332,Good
2026-05-05 17:00:00,4.1,77.0,1016.5,9.8,340.0,0.0,2.06,openaq_ground,11.11111111111111,Good
2026-05-05 18:00:00,3.5,78.0,1016.9,12.5,348.0,0.0,2.72,openaq_ground,15.0,Good
2026-05-05 19:00:00,4.2,75.0,1016.2,15.5,348.0,0.0,4.94,openaq_ground,27.222222222222225,Good
2026-05-05 20:00:00,5.6,70.0,1016.0,15.4,344.0,0.0,5.5200000000000005,openaq_ground,30.555555555555554,Good
2026-05-05 21:00:00,8.1,70.0,1016.5,13.3,339.0,0.0,4.1,openaq_ground,22.777777777777775,Good
2026-05-05 22:00:00,10.9,70.0,1016.3,11.2,345.0,0.0,2.6,openaq_ground,14.444444444444445,Good
2026-05-05 23:00:00,13.0,73.0,1016.4,8.1,6.0,0.0,3.4200000000000004,openaq_ground,18.88888888888889,Good
2026-05-06 00:00:00,15.1,59.0,1016.5,10.2,330.0,0.0,2.6,openaq_ground,14.444444444444445,Good
2026-05-06 01:00:00,12.4,85.0,1015.8,10.0,342.0,1.6,5.44,openaq_ground,30.0,Good
2026-05-06 02:00:00,12.7,87.0,1016.1,9.8,337.0,0.2,7.279999999999999,openaq_ground,40.0,Good
2026-05-06 03:00:00,11.9,95.0,1016.3,9.6,8.0,0.6,8.959999999999999,openaq_ground,49.44444444444444,Good
2026-05-06 04:00:00,11.5,94.0,1016.0,12.7,13.0,0.5,11.14,openaq_ground,54.72623574144487,Moderate
2026-05-06 05:00:00,11.1,95.0,1015.8,11.3,360.0,0.8,13.579999999999998,openaq_ground,59.19771863117871,Moderate
2026-05-06 06:00:00,11.4,89.0,1015.4,15.5,5.0,1.2,16.419999999999998,openaq_ground,64.60076045627376,Moderate
2026-05-06 07:00:00,11.3,93.0,1015.4,13.2,357.0,0.8,12.06,openaq_ground,56.40304182509506,Moderate
2026-05-06 08:00:00,11.5,94.0,1015.7,17.8,2.0,2.0,15.1,openaq_ground,62.1787072243346,Moderate
2026-05-06 09:00:00,12.4,88.0,1014.8,18.1,17.0,1.8,2.88,openaq_ground,15.555555555555554,Good
2026-05-06 10:00:00,13.1,83.0,1014.6,16.4,15.0,0.0,0.38,openaq_ground,1.6666666666666665,Good
2026-05-06 11:00:00,12.9,76.0,1013.8,18.1,21.0,0.0,0.1,openaq_ground,0.5555555555555556,Good
2026-05-06 12:00:00,12.4,84.0,1013.3,24.2,19.0,0.2,0.0,openaq_ground,0.0,Good
2026-05-06 13:00:00,12.4,82.0,1012.8,20.4,19.0,0.6,0.04,openaq_ground,0.0,Good
2026-05-06 14:00:00,12.4,79.0,1012.2,16.0,21.0,0.1,0.02,openaq_ground,0.0,Good
2026-05-06 15:00:00,12.1,79.0,1011.4,14.5,15.0,0.0,0.32,openaq_ground,1.6666666666666665,Good
2026-05-06 16:00:00,11.8,80.0,1010.3,15.3,15.0,0.2,0.4,openaq_ground,2.2222222222222223,Good
2026-05-06 17:00:00,10.9,93.0,1009.4,12.6,20.0,1.1,0.42,openaq_ground,2.2222222222222223,Good
2026-05-06 18:00:00,10.8,92.0,1009.3,11.8,11.0,0.4,3.12,openaq_ground,17.22222222222222,Good
2026-05-06 19:00:00,10.7,94.0,1008.2,11.1,12.0,0.5,31.48,openaq_ground,92.54752851711027,Moderate
2026-05-06 20:00:00,10.8,94.0,1007.2,12.2,29.0,0.0,6.859999999999999,openaq_ground,37.77777777777778,Good
2026-05-06 21:00:00,11.4,91.0,1006.4,16.1,32.0,0.0,4.88,openaq_ground,26.666666666666664,Good
2026-05-06 22:00:00,12.2,87.0,1005.5,17.6,28.0,0.1,10.6,openaq_ground,53.79467680608365,Moderate
2026-05-06 23:00:00,12.2,87.0,1004.6,20.9,25.0,1.7,8.4,openaq_ground,46.666666666666664,Good
2026-05-07 00:00:00,14.2,83.0,1004.0,13.9,359.0,3.8,12.56,openaq_ground,57.334600760456276,Moderate
2026-05-07 01:00:00,14.7,82.0,1003.0,14.6,13.0,0.1,12.2,openaq_ground,56.77566539923954,Moderate
2026-05-07 02:00:00,15.9,79.0,1001.9,17.1,17.0,0.1,9.68,openaq_ground,51.93155893536122,Moderate
2026-05-07 03:00:00,16.8,76.0,1001.5,15.0,11.0,0.0,6.34,openaq_ground,35.0,Good
2026-05-07 04:00:00,17.1,74.0,1001.2,10.6,4.0,0.0,11.24,openaq_ground,54.91254752851711,Moderate
2026-05-07 05:00:00,16.0,78.0,1000.9,8.2,352.0,0.0,17.04,openaq_ground,65.71863117870723,Moderate
2026-05-07 06:00:00,14.6,80.0,1000.6,9.9,359.0,0.0,20.5,openaq_ground,72.23954372623575,Moderate
2026-05-07 07:00:00,13.6,83.0,1000.6,9.2,337.0,0.0,26.92,openaq_ground,84.16349809885932,Moderate
2026-05-07 08:00:00,12.4,88.0,1000.8,8.9,332.0,0.0,23.1,openaq_ground,77.08365019011407,Moderate
2026-05-07 09:00:00,11.4,91.0,1001.3,7.1,333.0,0.0,24.8,openaq_ground,80.25095057034221,Moderate
2026-05-07 10:00:00,11.0,92.0,1001.8,4.8,340.0,0.0,19.32,openaq_ground,70.00380228136882,Moderate
2026-05-07 11:00:00,11.0,91.0,1002.1,3.5,348.0,0.0,14.0,openaq_ground,60.129277566539926,Moderate
2026-05-07 12:00:00,11.7,86.0,1002.5,1.0,22.0,0.0,15.16,openaq_ground,62.1787072243346,Moderate
2026-05-07 13:00:00,10.9,93.0,1002.4,1.3,98.0,0.0,10.44,openaq_ground,53.42205323193917,Moderate
2026-05-07 14:00:00,10.1,97.0,1002.4,1.1,18.0,0.0,7.220000000000001,openaq_ground,40.0,Good
2026-05-07 15:00:00,9.8,98.0,1002.2,1.1,360.0,0.0,4.98,openaq_ground,27.222222222222225,Good
2026-05-07 16:00:00,9.4,98.0,1001.7,1.5,7.0,0.0,4.16,openaq_ground,22.777777777777775,Good
2026-05-07 17:00:00,9.8,98.0,1001.2,2.7,8.0,0.0,3.7400000000000007,openaq_ground,20.555555555555557,Good
2026-05-07 18:00:00,9.5,94.0,1001.3,6.2,21.0,0.0,3.22,openaq_ground,17.77777777777778,Good
2026-05-07 19:00:00,9.1,95.0,1000.7,6.1,12.0,0.0,3.74,openaq_ground,20.555555555555557,Good
2026-05-07 20:00:00,9.0,96.0,1000.5,8.1,17.0,0.0,3.06,openaq_ground,16.666666666666664,Good
2026-05-07 21:00:00,10.2,96.0,1000.3,8.6,10.0,0.0,1.9,openaq_ground,10.555555555555555,Good
2026-05-07 22:00:00,11.8,95.0,1000.0,6.0,355.0,0.0,5.659999999999999,openaq_ground,31.111111111111107,Good
2026-05-07 23:00:00,12.9,93.0,998.8,1.6,276.0,0.0,6.459999999999999,openaq_ground,35.55555555555556,Good
2026-05-08 00:00:00,14.6,85.0,997.3,4.7,58.0,0.0,7.959999999999999,openaq_ground,43.88888888888889,Good
2026-05-08 01:00:00,15.1,84.0,995.4,4.2,115.0,0.0,11.2,openaq_ground,54.91254752851711,Moderate
2026-05-08 02:00:00,14.8,86.0,993.9,5.2,158.0,0.0,12.46,openaq_ground,57.148288973384034,Moderate
2026-05-08 03:00:00,13.3,92.0,992.4,6.6,171.0,0.0,10.3,openaq_ground,53.235741444866925,Moderate
2026-05-08 04:00:00,12.2,95.0,990.8,4.0,170.0,1.1,8.66,openaq_ground,47.77777777777777,Good
2026-05-08 05:00:00,11.5,99.0,989.4,2.8,207.0,1.3,13.179999999999998,openaq_ground,58.452471482889734,Moderate
2026-05-08 06:00:00,10.8,97.0,987.8,4.3,253.0,1.1,22.28,openaq_ground,75.40684410646388,Moderate
2026-05-08 07:00:00,10.5,99.0,986.4,2.2,294.0,0.9,18.26,openaq_ground,67.95437262357414,Moderate
2026-05-08 08:00:00,10.5,99.0,985.4,6.6,283.0,3.1,12.010000000000002,openaq_ground,56.40304182509506,Moderate
2026-05-08 09:00:00,10.3,99.0,983.7,10.1,258.0,1.3,5.76,openaq_ground,31.666666666666668,Good
2026-05-08 10:00:00,10.5,98.0,984.0,11.6,286.0,0.5,0.9200000000000002,openaq_ground,5.0,Good
2026-05-08 11:00:00,11.1,95.0,984.0,21.3,262.0,0.7,0.1,openaq_ground,0.5555555555555556,Good
2026-05-08 12:00:00,10.7,96.0,984.5,18.2,243.0,0.4,0.14,openaq_ground,0.5555555555555556,Good
2026-05-08 13:00:00,10.6,98.0,984.5,18.3,240.0,0.8,0.2,openaq_ground,1.1111111111111112,Good
2026-05-08 14:00:00,10.5,97.0,984.7,12.0,261.0,1.1,0.1,openaq_ground,0.5555555555555556,Good
2026-05-08 15:00:00,10.6,95.0,984.8,14.5,264.0,0.3,0.04,openaq_ground,0.0,Good
2026-05-08 16:00:00,10.6,93.0,985.5,16.9,254.0,0.1,0.04,openaq_ground,0.0,Good
2026-05-08 17:00:00,10.0,97.0,986.7,22.3,236.0,0.7,0.02,openaq_ground,0.0,Good
2026-05-08 18:00:00,9.1,93.0,988.0,20.4,250.0,0.5,0.16,openaq_ground,0.5555555555555556,Good
2026-05-08 19:00:00,8.4,87.0,989.0,20.6,256.0,0.0,0.2,openaq_ground,1.1111111111111112,Good
2026-05-08 20:00:00,8.0,84.0,988.8,17.4,278.0,0.0,0.08,openaq_ground,0.0,Good
2026-05-08 21:00:00,9.0,76.0,989.2,17.0,285.0,0.0,0.16,openaq_ground,0.5555555555555556,Good
2026-05-08 22:00:00,10.7,64.0,989.4,17.6,271.0,0.0,0.3,openaq_ground,1.6666666666666665,Good
2026-05-08 23:00:00,12.1,60.0,989.3,12.8,267.0,0.0,0.06,openaq_ground,0.0,Good
2026-05-09 00:00:00,13.9,53.0,988.6,16.0,279.0,0.0,0.04,openaq_ground,0.0,Good
2026-05-09 01:00:00,14.9,51.0,987.8,17.0,260.0,0.0,0.06,openaq_ground,0.0,Good
2026-05-09 02:00:00,15.4,53.0,987.5,21.0,265.0,0.0,0.4599999999999999,openaq_ground,2.2222222222222223,Good
2026-05-09 03:00:00,15.0,55.0,987.4,22.0,259.0,0.0,1.92,openaq_ground,10.555555555555555,Good
2026-05-09 04:00:00,14.6,53.0,987.6,22.5,270.0,0.0,3.88,openaq_ground,21.11111111111111,Good
2026-05-09 05:00:00,13.8,54.0,988.3,24.5,270.0,0.0,1.8,openaq_ground,10.0,Good
2026-05-09 06:00:00,13.0,62.0,988.5,17.6,241.0,0.3,0.8,openaq_ground,4.444444444444445,Good
2026-05-09 07:00:00,10.8,82.0,989.4,15.0,240.0,0.2,0.76,openaq_ground,3.8888888888888884,Good
2026-05-09 08:00:00,10.4,86.0,989.4,19.3,254.0,0.4,1.42,openaq_ground,7.777777777777777,Good
2026-05-09 09:00:00,9.9,85.0,989.5,22.4,262.0,0.3,2.32,openaq_ground,12.777777777777777,Good
2026-05-09 10:00:00,10.0,83.0,989.6,24.3,258.0,0.3,3.12,openaq_ground,17.22222222222222,Good
2026-05-09 11:00:00,9.5,86.0,990.0,23.0,260.0,0.4,1.34,openaq_ground,7.222222222222222,Good
2026-05-09 12:00:00,9.7,88.0,988.9,18.5,259.0,0.1,0.6799999999999999,openaq_ground,3.333333333333333,Good
2026-05-09 13:00:00,10.2,82.0,988.8,21.4,268.0,0.0,0.22,openaq_ground,1.1111111111111112,Good
2026-05-09 14:00:00,10.7,73.0,988.1,21.1,266.0,0.1,0.12,openaq_ground,0.5555555555555556,Good
2026-05-09 15:00:00,10.9,71.0,988.4,25.8,262.0,0.2,0.14,openaq_ground,0.5555555555555556,Good
2026-05-09 16:00:00,9.3,85.0,989.2,29.2,256.0,1.2,0.0,openaq_ground,0.0,Good
2026-05-09 17:00:00,8.6,86.0,990.3,30.6,255.0,0.7,0.0,openaq_ground,0.0,Good
2026-05-09 18:00:00,8.7,84.0,990.2,28.8,254.0,0.3,0.1,openaq_ground,0.5555555555555556,Good
2026-05-09 19:00:00,8.1,82.0,991.6,31.0,253.0,0.1,0.18,openaq_ground,0.5555555555555556,Good
2026-05-09 20:00:00,7.7,80.0,992.9,30.1,252.0,0.2,0.2799999999999999,openaq_ground,1.1111111111111112,Good
2026-05-09 21:00:00,7.2,80.0,994.5,29.4,251.0,0.2,0.82,openaq_ground,4.444444444444445,Good
2026-05-09 22:00:00,7.4,73.0,995.4,27.3,259.0,0.0,1.02,openaq_ground,5.555555555555555,Good
2026-05-09 23:00:00,7.3,72.0,996.0,30.3,257.0,0.0,0.6799999999999999,openaq_ground,3.333333333333333,Good
2026-05-10 00:00:00,7.6,72.0,996.8,27.6,253.0,0.0,0.54,openaq_ground,2.7777777777777777,Good
2026-05-10 01:00:00,7.7,74.0,997.2,26.8,259.0,0.2,0.98,openaq_ground,5.0,Good
2026-05-10 02:00:00,7.8,74.0,998.0,30.2,247.0,0.2,1.0,openaq_ground,5.555555555555555,Good
2026-05-10 03:00:00,7.6,69.0,999.2,30.3,251.0,0.1,1.62,openaq_ground,8.88888888888889,Good
2026-05-10 04:00:00,6.6,69.0,1000.5,29.5,247.0,0.0,1.98,openaq_ground,10.555555555555555,Good
2026-05-10 05:00:00,6.5,68.0,1001.7,31.1,248.0,0.0,1.6800000000000002,openaq_ground,8.88888888888889,Good
2026-05-10 06:00:00,6.0,71.0,1002.5,30.3,250.0,0.0,3.04,openaq_ground,16.666666666666664,Good
2026-05-10 07:00:00,5.7,72.0,1004.0,28.5,247.0,0.0,3.3,openaq_ground,18.333333333333332,Good
2026-05-10 08:00:00,5.5,73.0,1005.4,28.3,241.0,0.0,2.58,openaq_ground,13.88888888888889,Good
2026-05-10 09:00:00,5.3,74.0,1006.5,26.2,243.0,0.0,1.24,openaq_ground,6.666666666666666,Good
2026-05-10 10:00:00,5.1,74.0,1008.1,25.0,246.0,0.0,0.94,openaq_ground,5.0,Good
2026-05-10 11:00:00,5.0,75.0,1009.6,23.4,256.0,0.0,0.78,openaq_ground,3.8888888888888884,Good
2026-05-10 12:00:00,4.7,78.0,1010.3,22.1,260.0,0.0,0.6,openaq_ground,3.333333333333333,Good
2026-05-10 13:00:00,4.9,79.0,1011.1,22.9,259.0,0.0,0.5,openaq_ground,2.7777777777777777,Good
2026-05-10 14:00:00,4.9,80.0,1011.9,22.9,255.0,0.0,0.5,openaq_ground,2.7777777777777777,Good
2026-05-10 15:00:00,5.1,78.0,1012.3,20.1,264.0,0.0,0.4800000000000001,openaq_ground,2.2222222222222223,Good
2026-05-10 16:00:00,5.0,77.0,1012.9,20.9,271.0,0.0,0.44,openaq_ground,2.2222222222222223,Good
2026-05-10 17:00:00,4.9,75.0,1013.7,18.9,274.0,0.0,0.42,openaq_ground,2.2222222222222223,Good
2026-05-10 18:00:00,5.1,73.0,1014.5,17.9,276.0,0.0,0.5599999999999999,openaq_ground,2.7777777777777777,Good
2026-05-10 19:00:00,5.5,71.0,1014.9,17.4,278.0,0.0,0.44,openaq_ground,2.2222222222222223,Good
2026-05-10 20:00:00,5.8,72.0,1015.6,17.6,277.0,0.0,0.48,openaq_ground,2.2222222222222223,Good
2026-05-10 21:00:00,6.6,70.0,1016.3,17.5,279.0,0.0,0.78,openaq_ground,3.8888888888888884,Good
2026-05-10 22:00:00,8.4,65.0,1016.2,18.6,276.0,0.0,0.5800000000000001,openaq_ground,2.7777777777777777,Good
2026-05-10 23:00:00,9.5,63.0,1016.0,19.9,274.0,0.0,0.3,openaq_ground,1.6666666666666665,Good
2026-05-11 00:00:00,10.2,63.0,1015.6,22.9,270.0,0.0,0.2799999999999999,openaq_ground,1.1111111111111112,Good
2026-05-11 01:00:00,11.2,62.0,1014.8,22.5,272.0,0.0,0.12,openaq_ground,0.5555555555555556,Good
2026-05-11 02:00:00,11.4,63.0,1014.4,20.3,268.0,0.0,0.14,openaq_ground,0.5555555555555556,Good
2026-05-11 03:00:00,11.5,63.0,1014.2,19.5,265.0,0.0,0.3399999999999999,openaq_ground,1.6666666666666665,Good
2026-05-11 04:00:00,11.3,66.0,1014.3,18.0,268.0,0.0,0.74,openaq_ground,3.8888888888888884,Good
2026-05-11 05:00:00,10.8,67.0,1014.4,17.2,264.0,0.0,1.44,openaq_ground,7.777777777777777,Good
2026-05-11 06:00:00,10.5,66.0,1014.6,18.7,268.0,0.0,1.86,openaq_ground,10.0,Good
2026-05-11 07:00:00,10.6,65.0,1014.8,17.6,272.0,0.0,1.88,openaq_ground,10.0,Good
2026-05-11 08:00:00,10.6,66.0,1014.8,17.5,267.0,0.0,4.26,openaq_ground,23.333333333333332,Good
2026-05-11 09:00:00,10.7,66.0,1014.8,18.4,267.0,0.0,5.9,openaq_ground,32.77777777777778,Good
2026-05-11 10:00:00,10.8,67.0,1014.7,18.9,268.0,0.0,0.5333333333333333,openaq_ground,2.7777777777777777,Good
2026-05-11 11:00:00,10.9,66.0,1015.2,19.5,268.0,0.0,0.6066666666666667,openaq_ground,3.333333333333333,Good
2026-05-11 12:00:00,11.0,66.0,1014.6,15.9,265.0,0.0,0.6799999999999999,openaq_ground,3.333333333333333,Good
2026-05-11 13:00:00,11.1,65.0,1014.4,16.9,284.0,0.0,0.22,openaq_ground,1.1111111111111112,Good
2026-05-11 14:00:00,10.9,67.0,1014.9,18.0,271.0,0.0,0.1,openaq_ground,0.5555555555555556,Good
2026-05-11 15:00:00,10.7,70.0,1014.8,15.9,275.0,0.0,0.0,openaq_ground,0.0,Good
2026-05-11 16:00:00,10.4,73.0,1014.3,17.7,276.0,0.0,0.0,openaq_ground,0.0,Good
2026-05-11 17:00:00,10.6,73.0,1014.3,21.6,269.0,0.0,0.0,openaq_ground,0.0,Good
2026-05-11 18:00:00,10.4,72.0,1014.4,22.0,271.0,0.0,1.12,openaq_ground,6.111111111111112,Good
2026-05-11 19:00:00,10.8,71.0,1014.3,20.2,274.0,0.0,2.04,openaq_ground,11.11111111111111,Good
2026-05-11 20:00:00,10.4,80.0,1014.7,21.8,269.0,1.2,1.7600000000000002,openaq_ground,9.444444444444445,Good
2026-05-11 21:00:00,10.9,78.0,1015.6,22.6,261.0,0.3,1.4933333333333336,openaq_ground,7.777777777777777,Good
2026-05-11 22:00:00,11.0,80.0,1016.1,24.6,251.0,0.1,1.226666666666667,openaq_ground,6.666666666666666,Good
2026-05-11 23:00:00,11.0,85.0,1016.5,25.8,247.0,0.9,0.9600000000000002,openaq_ground,5.0,Good
2026-05-12 00:00:00,11.6,77.0,1016.8,25.9,240.0,0.3,2.8600000000000003,openaq_ground,15.555555555555554,Good
2026-05-12 01:00:00,12.1,70.0,1016.9,31.8,239.0,0.1,0.8400000000000001,openaq_ground,4.444444444444445,Good
2026-05-12 02:00:00,12.0,65.0,1017.4,30.2,237.0,0.0,1.1,openaq_ground,6.111111111111112,Good
2026-05-12 03:00:00,11.8,60.0,1018.2,32.7,237.0,0.0,1.72,openaq_ground,9.444444444444445,Good
2026-05-12 04:00:00,11.1,65.0,1018.9,29.7,240.0,0.0,2.26,openaq_ground,12.222222222222223,Good
2026-05-12 05:00:00,10.4,67.0,1019.7,28.4,242.0,0.0,3.2,openaq_ground,17.77777777777778,Good
2026-05-12 06:00:00,9.7,74.0,1020.1,24.0,241.0,0.0,3.4200000000000004,openaq_ground,18.88888888888889,Good
2026-05-12 07:00:00,9.3,75.0,1021.0,25.5,243.0,0.0,3.88,openaq_ground,21.11111111111111,Good
2026-05-12 08:00:00,9.1,77.0,1021.8,25.2,244.0,0.0,4.5,openaq_ground,25.0,Good
2026-05-12 09:00:00,8.9,78.0,1022.2,24.0,247.0,0.0,3.92,openaq_ground,21.666666666666664,Good
2026-05-12 10:00:00,8.8,78.0,1022.6,21.8,252.0,0.0,3.4799999999999995,openaq_ground,18.88888888888889,Good
2026-05-12 11:00:00,9.1,78.0,1023.3,20.2,251.0,0.0,3.38,openaq_ground,18.333333333333332,Good
2026-05-12 12:00:00,8.9,79.0,1023.4,21.4,254.0,0.0,2.92,openaq_ground,16.11111111111111,Good
2026-05-12 13:00:00,9.3,77.0,1023.8,21.1,256.0,0.0,2.42,openaq_ground,13.333333333333332,Good
2026-05-12 14:00:00,9.5,76.0,1023.8,20.4,259.0,0.0,2.12,openaq_ground,11.666666666666666,Good
2026-05-12 15:00:00,9.6,76.0,1024.2,19.2,260.0,0.0,1.42,openaq_ground,7.777777777777777,Good
2026-05-12 16:00:00,9.6,79.0,1024.3,19.1,259.0,0.1,0.7,openaq_ground,3.8888888888888884,Good
2026-05-12 17:00:00,9.5,82.0,1024.8,17.9,260.0,0.2,0.36,openaq_ground,1.6666666666666665,Good
2026-05-12 18:00:00,9.2,87.0,1025.4,15.1,267.0,0.2,0.52,openaq_ground,2.7777777777777777,Good
2026-05-12 19:00:00,9.5,88.0,1025.7,16.2,267.0,0.2,3.26,openaq_ground,17.77777777777778,Good
2026-05-12 20:00:00,9.9,87.0,1026.5,19.2,258.0,0.1,2.4,openaq_ground,13.333333333333332,Good
2026-05-12 21:00:00,10.2,87.0,1027.2,18.0,263.0,0.0,0.86,openaq_ground,4.444444444444445,Good
2026-05-12 22:00:00,10.8,86.0,1027.8,18.6,260.0,0.0,0.82,openaq_ground,4.444444444444445,Good
2026-05-12 23:00:00,11.3,85.0,1028.1,19.0,257.0,0.0,1.1,openaq_ground,6.111111111111112,Good
2026-05-13 00:00:00,12.9,77.0,1027.9,22.4,249.0,0.0,0.1,openaq_ground,0.5555555555555556,Good
2026-05-13 01:00:00,13.0,78.0,1027.9,23.1,250.0,0.0,1.72,openaq_ground,9.444444444444445,Good
2026-05-13 02:00:00,13.2,77.0,1028.1,21.7,251.0,0.0,0.16,openaq_ground,0.5555555555555556,Good
2026-05-13 03:00:00,13.1,77.0,1028.4,21.0,250.0,0.0,0.44,openaq_ground,2.2222222222222223,Good
2026-05-13 04:00:00,13.0,78.0,1028.6,17.8,248.0,0.0,0.6,openaq_ground,3.333333333333333,Good
2026-05-13 05:00:00,12.0,83.0,1028.9,14.5,249.0,0.0,1.92,openaq_ground,10.555555555555555,Good
2026-05-13 06:00:00,10.7,88.0,1029.6,12.1,259.0,0.0,2.14,openaq_ground,11.666666666666666,Good
2026-05-13 07:00:00,10.0,90.0,1030.0,9.2,276.0,0.0,3.26,openaq_ground,17.77777777777778,Good
2026-05-13 08:00:00,9.1,90.0,1030.4,6.8,288.0,0.0,2.32,openaq_ground,12.777777777777777,Good
2026-05-13 09:00:00,8.4,90.0,1030.5,5.4,291.0,0.0,1.3199999999999998,openaq_ground,7.222222222222222,Good
2026-05-13 10:00:00,7.4,89.0,1031.0,4.0,297.0,0.0,1.36,openaq_ground,7.222222222222222,Good
2026-05-13 11:00:00,6.7,88.0,1031.3,3.5,309.0,0.0,3.78,openaq_ground,20.555555555555557,Good
2026-05-13 12:00:00,6.3,89.0,1031.5,2.3,309.0,0.0,4.880000000000001,openaq_ground,26.666666666666664,Good
2026-05-13 13:00:00,5.7,87.0,1031.6,2.4,333.0,0.0,1.7400000000000002,openaq_ground,9.444444444444445,Good
2026-05-13 14:00:00,4.7,89.0,1031.6,1.9,343.0,0.0,1.84,openaq_ground,10.0,Good
2026-05-13 15:00:00,4.0,93.0,1031.8,1.5,346.0,0.0,3.3600000000000003,openaq_ground,18.333333333333332,Good
2026-05-13 16:00:00,3.8,92.0,1032.1,2.3,331.0,0.0,2.2,openaq_ground,12.222222222222223,Good
2026-05-13 17:00:00,4.3,89.0,1032.1,2.7,312.0,0.0,3.02,openaq_ground,16.666666666666664,Good
2026-05-13 18:00:00,3.1,94.0,1032.5,1.6,333.0,0.0,4.9,openaq_ground,27.222222222222225,Good
2026-05-13 19:00:00,2.9,92.0,1032.4,2.3,337.0,0.0,7.6,openaq_ground,42.22222222222222,Good
2026-05-13 20:00:00,2.7,91.0,1032.7,1.9,343.0,0.0,12.0,openaq_ground,56.40304182509506,Moderate
2026-05-13 21:00:00,4.6,88.0,1033.3,3.0,322.0,0.0,6.42,openaq_ground,35.55555555555556,Good
2026-05-13 22:00:00,7.6,89.0,1033.6,2.7,238.0,0.0,4.0600000000000005,openaq_ground,22.22222222222222,Good
2026-05-13 23:00:00,9.0,82.0,1033.8,3.0,194.0,0.0,3.6,openaq_ground,20.0,Good
2026-05-14 00:00:00,11.4,72.0,1033.2,2.7,157.0,0.0,4.92,openaq_ground,27.222222222222225,Good
2026-05-14 01:00:00,12.6,73.0,1032.5,2.7,138.0,0.0,3.34,openaq_ground,18.333333333333332,Good
2026-05-14 02:00:00,12.8,76.0,1032.2,5.9,137.0,0.0,3.3,openaq_ground,18.333333333333332,Good
2026-05-14 03:00:00,11.9,80.0,1032.3,6.4,144.0,0.0,3.24,openaq_ground,17.77777777777778,Good
2026-05-14 04:00:00,11.3,82.0,1032.6,4.3,165.0,0.0,5.159999999999999,openaq_ground,28.33333333333333,Good
2026-05-14 05:00:00,9.5,89.0,1032.9,1.5,166.0,0.0,18.74,openaq_ground,68.88593155893537,Moderate
2026-05-14 06:00:00,8.4,92.0,1033.1,1.0,112.0,0.0,34.480000000000004,openaq_ground,98.13688212927757,Moderate
2026-05-14 07:00:00,7.1,98.0,1033.5,0.2,360.0,0.0,36.18,openaq_ground,102.47738693467338,Unhealthy (Sensitive Groups)
2026-05-14 08:00:00,6.5,97.0,1033.7,2.1,340.0,0.0,29.68,openaq_ground,89.19391634980988,Moderate
2026-05-14 09:00:00,5.8,96.0,1033.9,2.8,345.0,0.0,28.32,openaq_ground,86.77186311787074,Moderate
2026-05-14 10:00:00,5.6,97.0,1034.1,3.1,339.0,0.0,26.06,openaq_ground,82.48669201520913,Moderate
2026-05-14 11:00:00,5.3,99.0,1034.6,3.0,327.0,0.0,19.98,openaq_ground,71.12167300380229,Moderate
2026-05-14 12:00:00,3.1,100.0,1035.0,3.2,344.0,0.0,19.96,openaq_ground,71.12167300380229,Moderate
2026-05-14 13:00:00,3.0,100.0,1035.1,4.5,337.0,0.0,17.580000000000002,openaq_ground,66.65019011406844,Moderate
2026-05-14 14:00:00,3.0,99.0,1035.2,4.6,324.0,0.0,12.36,openaq_ground,56.96197718631179,Moderate
2026-05-14 15:00:00,2.9,100.0,1035.6,6.1,315.0,0.0,9.98,openaq_ground,52.49049429657795,Moderate
2026-05-14 16:00:00,3.7,100.0,1036.0,8.0,308.0,0.0,7.280000000000001,openaq_ground,40.0,Good
2026-05-14 17:00:00,4.1,99.0,1036.3,9.5,309.0,0.0,9.74,openaq_ground,52.11787072243346,Moderate
2026-05-14 18:00:00,4.1,96.0,1036.5,7.9,309.0,0.0,12.0,openaq_ground,56.40304182509506,Moderate
2026-05-14 19:00:00,4.7,97.0,1036.6,8.6,306.0,0.0,16.080000000000002,openaq_ground,63.85551330798479,Moderate
2026-05-14 20:00:00,4.9,96.0,1037.0,8.3,309.0,0.0,11.72,openaq_ground,55.844106463878326,Moderate
2026-05-14 21:00:00,5.7,95.0,1037.6,9.2,309.0,0.0,9.24,openaq_ground,51.18631178707224,Moderate
2026-05-14 22:00:00,7.3,92.0,1037.8,8.4,298.0,0.0,6.540000000000001,openaq_ground,36.11111111111111,Good
2026-05-14 23:00:00,8.7,85.0,1037.9,8.3,281.0,0.0,5.12,openaq_ground,28.33333333333333,Good
2026-05-15 00:00:00,10.4,76.0,1037.6,8.2,261.0,0.0,6.92,openaq_ground,38.333333333333336,Good
2026-05-15 01:00:00,10.8,75.0,1037.1,8.8,229.0,0.0,3.4799999999999995,openaq_ground,18.88888888888889,Good
2026-05-15 02:00:00,10.7,75.0,1036.9,8.4,215.0,0.0,1.42,openaq_ground,7.777777777777777,Good
2026-05-15 03:00:00,10.6,75.0,1036.6,7.7,210.0,0.0,2.48,openaq_ground,13.333333333333332,Good
2026-05-15 04:00:00,10.2,76.0,1036.6,6.4,207.0,0.0,4.68,openaq_ground,25.555555555555554,Good
2026-05-15 05:00:00,9.1,84.0,1037.0,3.5,195.0,0.0,23.18,openaq_ground,77.08365019011407,Moderate
2026-05-15 06:00:00,7.5,85.0,1037.1,0.6,342.0,0.0,34.7,openaq_ground,98.6958174904943,Moderate
2026-05-15 07:00:00,6.5,89.0,1037.2,2.2,355.0,0.0,31.44,openaq_ground,92.54752851711027,Moderate
2026-05-15 08:00:00,5.7,92.0,1037.3,6.0,350.0,0.0,30.56,openaq_ground,90.87072243346007,Moderate
2026-05-15 09:00:00,4.7,95.0,1037.5,7.5,350.0,0.0,24.46,openaq_ground,79.50570342205323,Moderate
2026-05-15 10:00:00,4.2,97.0,1037.8,6.9,353.0,0.0,20.64,openaq_ground,72.425855513308,Moderate
2026-05-15 11:00:00,3.7,99.0,1038.1,7.4,359.0,0.0,18.5,openaq_ground,68.51330798479088,Moderate
2026-05-15 12:00:00,3.0,100.0,1037.8,7.4,1.0,0.0,12.68,openaq_ground,57.52091254752852,Moderate
2026-05-15 13:00:00,2.9,100.0,1037.9,8.1,360.0,0.0,15.02,openaq_ground,61.99239543726236,Moderate
2026-05-15 14:00:00,2.9,99.0,1037.8,8.1,360.0,0.0,5.84,openaq_ground,32.22222222222222,Good
2026-05-15 15:00:00,3.2,96.0,1037.7,7.2,3.0,0.0,3.46,openaq_ground,18.88888888888889,Good
2026-05-15 16:00:00,3.1,97.0,1037.5,8.0,5.0,0.0,3.82,openaq_ground,21.11111111111111,Good
2026-05-15 17:00:00,3.2,95.0,1037.3,9.2,6.0,0.0,3.56,openaq_ground,19.444444444444443,Good
2026-05-15 18:00:00,2.2,92.0,1037.2,10.3,357.0,0.0,4.0,openaq_ground,22.22222222222222,Good
2026-05-15 19:00:00,2.1,94.0,1037.2,9.0,350.0,0.0,5.62,openaq_ground,31.111111111111107,Good
2026-05-15 20:00:00,1.7,95.0,1037.6,7.9,347.0,0.0,10.14,openaq_ground,52.863117870722434,Moderate
2026-05-15 21:00:00,2.6,96.0,1038.1,8.3,349.0,0.0,9.34,openaq_ground,51.37262357414449,Moderate
2026-05-15 22:00:00,4.9,95.0,1038.2,6.8,3.0,0.0,5.540000000000001,openaq_ground,30.555555555555554,Good
2026-05-15 23:00:00,7.3,90.0,1038.4,4.0,30.0,0.0,3.0200000000000005,openaq_ground,16.666666666666664,Good
2026-05-16 00:00:00,9.9,76.0,1037.8,5.0,44.0,0.0,3.3200000000000003,openaq_ground,18.333333333333332,Good
2026-05-16 01:00:00,10.6,72.0,1037.2,3.5,75.0,0.0,4.0200000000000005,openaq_ground,22.22222222222222,Good
2026-05-16 02:00:00,10.8,72.0,1037.1,4.6,79.0,0.0,3.28,openaq_ground,17.77777777777778,Good
2026-05-16 03:00:00,10.6,74.0,1037.0,6.5,67.0,0.0,5.36,openaq_ground,29.444444444444443,Good
2026-05-16 04:00:00,9.9,79.0,1037.0,7.9,57.0,0.0,8.9,openaq_ground,49.44444444444444,Good
2026-05-16 05:00:00,8.4,88.0,1037.3,7.0,50.0,0.0,13.14,openaq_ground,58.452471482889734,Moderate
2026-05-16 06:00:00,6.5,92.0,1037.3,6.1,34.0,0.0,13.6,openaq_ground,59.38403041825095,Moderate
2026-05-16 07:00:00,5.5,94.0,1037.5,7.0,21.0,0.0,13.36,openaq_ground,58.825095057034225,Moderate
2026-05-16 08:00:00,4.7,96.0,1037.6,8.1,12.0,0.0,13.82,openaq_ground,59.75665399239544,Moderate
2026-05-16 09:00:00,4.2,96.0,1037.6,8.2,9.0,0.0,14.28,openaq_ground,60.50190114068441,Moderate
2026-05-16 10:00:00,3.8,94.0,1037.7,7.7,1.0,0.0,16.72,openaq_ground,65.1596958174905,Moderate
2026-05-16 11:00:00,3.4,92.0,1037.7,7.6,356.0,0.0,13.919999999999998,openaq_ground,59.942965779467684,Moderate
2026-05-16 12:00:00,3.2,91.0,1037.6,8.9,354.0,0.0,12.76,openaq_ground,57.70722433460076,Moderate
2026-05-16 13:00:00,2.7,93.0,1037.7,8.2,351.0,0.0,11.02,openaq_ground,54.539923954372625,Moderate
2026-05-16 14:00:00,2.1,95.0,1037.5,8.8,351.0,0.0,11.08,openaq_ground,54.539923954372625,Moderate
2026-05-16 15:00:00,1.5,98.0,1037.3,9.4,348.0,0.0,9.38,openaq_ground,51.37262357414449,Moderate
2026-05-16 16:00:00,0.8,100.0,1036.8,8.7,342.0,0.0,8.98,openaq_ground,49.44444444444444,Good
2026-05-16 17:00:00,0.7,99.0,1036.8,7.5,336.0,0.0,11.56,openaq_ground,55.47148288973384,Moderate
2026-05-16 18:00:00,-0.6,97.0,1037.3,6.7,333.0,0.0,8.86,openaq_ground,48.88888888888889,Good
2026-05-16 19:00:00,-1.0,99.0,1037.5,4.3,332.0,0.0,10.82,openaq_ground,54.16730038022814,Moderate
2026-05-16 20:00:00,-1.0,95.0,1037.9,5.1,343.0,0.0,13.580000000000002,openaq_ground,59.19771863117871,Moderate
2026-05-16 21:00:00,0.4,91.0,1038.3,5.0,345.0,0.0,13.52,openaq_ground,59.19771863117871,Moderate
2026-05-16 22:00:00,3.7,82.0,1038.6,4.9,332.0,0.0,13.419999999999998,openaq_ground,59.01140684410647,Moderate
2026-05-16 23:00:00,6.4,73.0,1038.6,2.0,260.0,0.0,8.959999999999999,openaq_ground,49.44444444444444,Good
2026-05-17 00:00:00,7.2,68.0,1038.0,2.3,219.0,0.0,6.6,openaq_ground,36.666666666666664,Good
2026-05-17 01:00:00,8.0,71.0,1037.4,3.0,194.0,0.0,8.5,openaq_ground,47.22222222222222,Good
2026-05-17 02:00:00,8.4,73.0,1037.2,4.2,175.0,0.0,10.92,openaq_ground,54.35361216730038,Moderate
2026-05-17 03:00:00,8.2,77.0,1036.9,5.1,157.0,0.0,10.78,openaq_ground,53.98098859315589,Moderate
2026-05-17 04:00:00,7.6,81.0,1036.8,4.1,142.0,0.0,17.080000000000002,openaq_ground,65.71863117870723,Moderate
2026-05-17 05:00:00,5.8,89.0,1036.8,1.4,130.0,0.0,44.12,openaq_ground,122.17587939698493,Unhealthy (Sensitive Groups)
2026-05-17 06:00:00,4.4,94.0,1036.9,0.7,14.0,0.0,48.78,openaq_ground,133.50251256281408,Unhealthy (Sensitive Groups)
2026-05-17 07:00:00,3.7,95.0,1037.1,3.1,360.0,0.0,48.02,openaq_ground,131.7788944723618,Unhealthy (Sensitive Groups)
2026-05-17 08:00:00,3.3,92.0,1036.9,4.0,352.0,0.0,44.62,openaq_ground,123.4070351758794,Unhealthy (Sensitive Groups)
2026-05-17 09:00:00,2.3,94.0,1036.9,4.8,349.0,0.0,40.32,openaq_ground,112.81909547738692,Unhealthy (Sensitive Groups)
2026-05-17 10:00:00,1.2,97.0,1037.1,4.9,350.0,0.0,36.52,openaq_ground,103.46231155778895,Unhealthy (Sensitive Groups)
2026-05-17 11:00:00,0.1,100.0,1037.1,3.8,349.0,0.0,30.160000000000004,openaq_ground,90.1254752851711,Moderate
2026-05-17 12:00:00,0.9,92.0,1037.1,3.7,349.0,0.0,27.26,openaq_ground,84.72243346007605,Moderate
2026-05-17 13:00:00,0.7,94.0,1037.1,4.1,337.0,0.0,19.22,openaq_ground,69.81749049429658,Moderate
2026-05-17 14:00:00,0.4,96.0,1036.5,5.5,341.0,0.0,16.98,openaq_ground,65.53231939163499,Moderate
2026-05-17 15:00:00,0.7,94.0,1036.1,6.5,347.0,0.0,10.82,openaq_ground,54.16730038022814,Moderate
2026-05-17 16:00:00,0.8,93.0,1035.6,7.8,347.0,0.0,8.5,openaq_ground,47.22222222222222,Good
2026-05-17 17:00:00,0.4,99.0,1035.2,8.2,346.0,0.0,9.08,openaq_ground,50.0,Good
2026-05-17 18:00:00,0.9,95.0,1035.4,8.9,352.0,0.0,8.24,openaq_ground,45.55555555555555,Good
2026-05-17 19:00:00,0.4,97.0,1035.4,6.7,340.0,0.0,24.16,openaq_ground,78.9467680608365,Moderate
2026-05-17 20:00:00,0.5,99.0,1035.4,7.3,340.0,0.0,25.68,openaq_ground,81.74144486692015,Moderate
2026-05-17 21:00:00,2.0,96.0,1035.3,7.3,335.0,0.0,21.02,openaq_ground,73.17110266159696,Moderate
2026-05-17 22:00:00,4.4,93.0,1035.3,5.3,322.0,0.0,17.22,openaq_ground,66.09125475285171,Moderate
2026-05-17 23:00:00,6.9,86.0,1035.1,2.6,321.0,0.0,11.56,openaq_ground,55.47148288973384,Moderate
2026-05-18 00:00:00,7.3,83.0,1035.1,1.9,229.0,0.0,7.12,openaq_ground,39.44444444444444,Good
2026-05-18 01:00:00,8.2,80.0,1034.3,1.9,229.0,0.0,6.3,openaq_ground,35.0,Good
2026-05-18 02:00:00,8.8,74.0,1033.8,1.9,209.0,0.0,5.5,openaq_ground,30.555555555555554,Good
2026-05-18 03:00:00,9.0,70.0,1033.1,1.8,186.0,0.0,5.06,openaq_ground,27.77777777777778,Good
2026-05-18 04:00:00,8.6,74.0,1032.6,3.4,183.0,0.0,10.16,openaq_ground,52.863117870722434,Moderate
2026-05-18 05:00:00,6.4,84.0,1032.8,2.0,180.0,0.0,20.02,openaq_ground,71.30798479087453,Moderate
2026-05-18 06:00:00,4.6,89.0,1033.0,0.8,297.0,0.0,36.36,openaq_ground,102.96984924623115,Unhealthy (Sensitive Groups)
2026-05-18 07:00:00,3.8,91.0,1033.1,2.8,333.0,0.0,38.8,openaq_ground,109.12562814070351,Unhealthy (Sensitive Groups)
2026-05-18 08:00:00,2.8,93.0,1033.1,5.1,342.0,0.0,42.74,openaq_ground,118.72864321608041,Unhealthy (Sensitive Groups)
2026-05-18 09:00:00,1.3,95.0,1032.9,6.5,341.0,0.0,20.78,openaq_ground,72.61216730038024,Moderate
2026-05-18 10:00:00,-0.2,98.0,1032.8,8.5,347.0,0.0,23.68,openaq_ground,78.0152091254753,Moderate
2026-05-18 11:00:00,-0.6,99.0,1032.5,10.1,350.0,0.0,14.54,openaq_ground,61.06083650190114,Moderate
2026-05-18 12:00:00,-1.1,98.0,1032.2,10.0,351.0,0.0,9.74,openaq_ground,52.11787072243346,Moderate
2026-05-18 13:00:00,-0.7,99.0,1031.7,10.5,348.0,0.0,6.0600000000000005,openaq_ground,33.33333333333333,Good
2026-05-18 14:00:00,-0.3,96.0,1031.1,10.9,347.0,0.0,7.8199999999999985,openaq_ground,43.33333333333333,Good
2026-05-18 15:00:00,-0.1,95.0,1030.6,10.9,347.0,0.0,3.62,openaq_ground,20.0,Good
2026-05-18 16:00:00,-0.5,96.0,1029.9,10.2,343.0,0.0,4.18,openaq_ground,22.777777777777775,Good
2026-05-18 17:00:00,-1.1,97.0,1029.6,9.2,340.0,0.0,2.98,openaq_ground,16.11111111111111,Good
2026-05-18 18:00:00,-1.1,95.0,1030.2,10.1,350.0,0.0,14.5,openaq_ground,61.06083650190114,Moderate
2026-05-18 19:00:00,-0.7,93.0,1029.5,10.8,350.0,0.0,14.919999999999998,openaq_ground,61.80608365019012,Moderate
2026-05-18 20:00:00,-0.5,93.0,1029.5,9.5,341.0,0.0,15.14,openaq_ground,62.1787072243346,Moderate
2026-05-18 21:00:00,0.4,92.0,1030.0,8.4,337.0,0.0,21.72,openaq_ground,74.47528517110266,Moderate
2026-05-18 22:00:00,3.6,85.0,1029.8,7.1,339.0,0.0,20.14,openaq_ground,71.49429657794677,Moderate
2026-05-18 23:00:00,6.8,80.0,1029.4,7.0,348.0,0.0,13.580000000000002,openaq_ground,59.19771863117871,Moderate
2026-05-19 00:00:00,9.4,64.0,1028.4,5.4,20.0,0.0,12.24,openaq_ground,56.77566539923954,Moderate
2026-05-19 01:00:00,9.7,63.0,1027.4,3.1,360.0,0.0,5.779999999999999,openaq_ground,31.666666666666668,Good
2026-05-19 02:00:00,10.4,63.0,1026.6,3.3,36.0,0.0,4.96,openaq_ground,27.222222222222225,Good
2026-05-19 03:00:00,10.4,66.0,1026.0,3.6,53.0,0.0,6.840000000000001,openaq_ground,37.77777777777778,Good
2026-05-19 04:00:00,9.6,75.0,1025.4,4.2,47.0,0.0,14.5,openaq_ground,61.06083650190114,Moderate
2026-05-19 05:00:00,7.5,83.0,1024.8,6.3,31.0,0.0,25.22,openaq_ground,80.99619771863118,Moderate
2026-05-19 06:00:00,5.1,89.0,1025.0,5.5,13.0,0.0,28.98,openaq_ground,87.88973384030419,Moderate
2026-05-19 07:00:00,4.0,89.0,1024.9,7.6,360.0,0.0,29.26,openaq_ground,88.44866920152091,Moderate
2026-05-19 08:00:00,3.3,87.0,1024.6,8.5,356.0,0.0,27.72000000000001,openaq_ground,85.65399239543727,Moderate
2026-05-19 09:00:00,2.9,82.0,1024.3,9.1,353.0,0.0,25.36,openaq_ground,81.18250950570342,Moderate
2026-05-19 10:00:00,2.6,77.0,1024.1,9.4,355.0,0.0,25.1,openaq_ground,80.80988593155894,Moderate
2026-05-19 11:00:00,2.4,75.0,1023.5,10.4,359.0,0.0,22.160000000000004,openaq_ground,75.22053231939164,Moderate
2026-05-19 12:00:00,2.5,75.0,1023.1,11.8,6.0,0.0,12.4,openaq_ground,57.148288973384034,Moderate
2026-05-19 13:00:00,2.7,71.0,1022.7,11.4,3.0,0.0,7.0200000000000005,openaq_ground,38.888888888888886,Good
2026-05-19 14:00:00,3.0,67.0,1022.0,11.3,2.0,0.0,6.88,openaq_ground,37.77777777777778,Good
2026-05-19 15:00:00,2.6,67.0,1021.4,11.2,358.0,0.0,6.0,openaq_ground,33.33333333333333,Good
2026-05-19 16:00:00,2.3,67.0,1020.8,10.8,360.0,0.0,2.68,openaq_ground,14.444444444444445,Good
2026-05-19 17:00:00,2.3,67.0,1020.2,10.8,357.0,0.0,2.16,openaq_ground,11.666666666666666,Good
2026-05-19 18:00:00,1.5,68.0,1020.2,10.8,3.0,0.0,3.38,openaq_ground,18.333333333333332,Good
2026-05-19 19:00:00,1.4,68.0,1019.8,10.1,354.0,0.0,10.06,openaq_ground,52.67680608365019,Moderate
2026-05-19 20:00:00,1.5,67.0,1019.4,9.9,359.0,0.0,13.02,openaq_ground,58.26615969581749,Moderate
2026-05-19 21:00:00,3.4,65.0,1019.2,11.0,5.0,0.0,17.28,openaq_ground,66.09125475285171,Moderate
2026-05-19 22:00:00,6.4,64.0,1018.7,10.2,7.0,0.0,18.02,openaq_ground,67.58174904942966,Moderate
2026-05-19 23:00:00,8.6,65.0,1018.4,8.7,13.0,0.0,12.32,openaq_ground,56.96197718631179,Moderate
2026-05-20 00:00:00,9.9,61.0,1017.7,8.9,38.0,0.0,5.68,openaq_ground,31.111111111111107,Good
2026-05-20 01:00:00,10.5,62.0,1016.6,8.7,42.0,0.0,5.38,openaq_ground,29.444444444444443,Good
2026-05-20 02:00:00,10.7,66.0,1015.6,9.4,42.0,0.0,3.7,openaq_ground,20.555555555555557,Good
2026-05-20 03:00:00,10.4,71.0,1014.6,10.8,33.0,0.0,5.12,openaq_ground,28.33333333333333,Good
2026-05-20 04:00:00,9.1,78.0,1013.7,11.7,27.0,0.0,10.84,openaq_ground,54.16730038022814,Moderate
2026-05-20 05:00:00,6.8,84.0,1013.0,12.0,17.0,0.0,17.619999999999997,openaq_ground,66.83650190114069,Moderate
2026-05-20 06:00:00,5.1,93.0,1012.5,12.9,19.0,0.0,22.56,openaq_ground,75.96577946768062,Moderate
2026-05-20 07:00:00,6.0,78.0,1011.8,13.5,16.0,0.0,34.02,openaq_ground,97.39163498098858,Moderate
2026-05-20 08:00:00,6.3,66.0,1010.8,14.4,10.0,0.0,27.52,openaq_ground,85.28136882129277,Moderate
2026-05-20 09:00:00,6.3,65.0,1010.4,12.8,359.0,0.0,16.619999999999997,openaq_ground,64.97338403041826,Moderate
2026-05-20 10:00:00,6.7,68.0,1010.2,9.7,12.0,0.0,12.84,openaq_ground,57.89353612167301,Moderate
2026-05-20 11:00:00,6.9,70.0,1010.0,9.4,30.0,0.0,8.34,openaq_ground,46.111111111111114,Good
2026-05-20 12:00:00,11.2,52.0,1009.0,18.9,3.0,0.0,2.46,openaq_ground,13.333333333333332,Good
2026-05-20 13:00:00,10.9,54.0,1008.2,14.9,20.0,0.0,0.2,openaq_ground,1.1111111111111112,Good
2026-05-20 14:00:00,10.4,55.0,1006.4,17.1,51.0,0.0,0.18,openaq_ground,0.5555555555555556,Good
2026-05-20 15:00:00,9.8,59.0,1005.8,10.1,43.0,0.0,0.06,openaq_ground,0.0,Good
2026-05-20 16:00:00,9.4,68.0,1004.8,16.2,45.0,0.4,0.1,openaq_ground,0.5555555555555556,Good
2026-05-20 17:00:00,10.9,62.0,1004.0,18.0,47.0,0.0,0.24,openaq_ground,1.1111111111111112,Good
2026-05-20 18:00:00,13.7,52.0,1002.8,20.0,27.0,0.0,0.8,openaq_ground,4.444444444444445,Good
2026-05-20 19:00:00,15.1,51.0,1002.4,19.1,12.0,0.0,0.5800000000000001,openaq_ground,2.7777777777777777,Good
2026-05-20 20:00:00,14.6,54.0,1003.5,13.8,13.0,0.0,0.4,openaq_ground,2.2222222222222223,Good
2026-05-20 21:00:00,14.1,60.0,1005.4,12.9,330.0,0.0,0.42,openaq_ground,2.2222222222222223,Good
2026-05-20 22:00:00,8.6,92.0,1010.0,22.6,258.0,1.1,0.52,openaq_ground,2.7777777777777777,Good
2026-05-20 23:00:00,8.7,92.0,1011.5,16.4,251.0,1.0,0.28,openaq_ground,1.1111111111111112,Good
2026-05-21 00:00:00,9.7,91.0,1012.1,19.3,250.0,0.4,0.86,openaq_ground,4.444444444444445,Good
2026-05-21 01:00:00,10.6,83.0,1012.1,20.0,248.0,0.0,1.2,openaq_ground,6.666666666666666,Good
2026-05-21 02:00:00,11.6,70.0,1012.6,21.4,243.0,0.0,0.96,openaq_ground,5.0,Good
2026-05-21 03:00:00,11.6,65.0,1013.6,21.8,248.0,0.0,0.78,openaq_ground,3.8888888888888884,Good
2026-05-21 04:00:00,11.2,63.0,1014.7,22.6,251.0,0.0,2.38,openaq_ground,12.777777777777777,Good
2026-05-21 05:00:00,10.3,64.0,1016.1,21.2,248.0,0.0,6.4,openaq_ground,35.55555555555556,Good
2026-05-21 06:00:00,9.6,65.0,1017.5,20.6,246.0,0.0,6.42,openaq_ground,35.55555555555556,Good
2026-05-21 07:00:00,9.0,70.0,1019.1,20.0,244.0,0.0,2.8,openaq_ground,15.555555555555554,Good
2026-05-21 08:00:00,8.5,73.0,1020.4,20.9,242.0,0.0,2.6,openaq_ground,14.444444444444445,Good
2026-05-21 09:00:00,8.4,72.0,1021.3,20.3,240.0,0.0,5.6,openaq_ground,31.111111111111107,Good
2026-05-21 10:00:00,7.8,73.0,1022.4,15.2,256.0,0.0,4.2,openaq_ground,23.333333333333332,Good
2026-05-21 11:00:00,6.7,77.0,1023.0,9.3,307.0,0.0,2.9,openaq_ground,16.11111111111111,Good
2026-05-21 12:00:00,6.2,77.0,1023.8,8.4,332.0,0.0,3.16,openaq_ground,17.22222222222222,Good
2026-05-21 13:00:00,6.3,77.0,1024.1,7.8,307.0,0.0,2.66,openaq_ground,14.444444444444445,Good
2026-05-21 14:00:00,5.3,80.0,1024.3,6.9,321.0,0.0,4.5600000000000005,openaq_ground,25.0,Good
2026-05-21 15:00:00,4.7,83.0,1024.6,5.2,333.0,0.0,1.84,openaq_ground,10.0,Good
2026-05-21 16:00:00,4.6,84.0,1024.6,4.0,342.0,0.0,2.12,openaq_ground,11.666666666666666,Good
2026-05-21 17:00:00,4.1,86.0,1024.7,5.1,356.0,0.0,2.06,openaq_ground,11.11111111111111,Good
2026-05-21 18:00:00,3.5,86.0,1025.1,5.2,4.0,0.0,4.08,openaq_ground,22.22222222222222,Good
2026-05-21 19:00:00,3.6,86.0,1025.0,5.8,360.0,0.0,9.18,openaq_ground,51.0,Moderate
2026-05-21 20:00:00,2.6,90.0,1024.5,5.8,358.0,0.0,6.48,openaq_ground,35.55555555555556,Good
2026-05-21 21:00:00,3.5,88.0,1024.6,9.9,350.0,0.0,4.04,openaq_ground,22.22222222222222,Good
2026-05-21 22:00:00,7.0,78.0,1024.1,6.3,336.0,0.0,3.06,openaq_ground,16.666666666666664,Good
2026-05-21 23:00:00,9.2,76.0,1024.2,4.0,270.0,0.0,2.78,openaq_ground,15.0,Good
2026-05-22 00:00:00,10.7,74.0,1023.7,4.8,245.0,0.0,2.6,openaq_ground,14.444444444444445,Good
2026-05-22 01:00:00,11.1,72.0,1022.9,5.3,237.0,0.0,3.16,openaq_ground,17.22222222222222,Good
2026-05-22 02:00:00,11.5,69.0,1022.5,4.0,234.0,0.0,4.14,openaq_ground,22.777777777777775,Good
2026-05-22 03:00:00,11.7,68.0,1022.2,3.1,242.0,0.0,5.3,openaq_ground,29.444444444444443,Good
2026-05-22 04:00:00,11.1,77.0,1022.1,1.7,221.0,0.0,11.7,openaq_ground,55.844106463878326,Moderate
2026-05-22 05:00:00,8.5,84.0,1022.6,2.7,212.0,0.0,32.1,openaq_ground,93.85171102661597,Moderate
2026-05-22 06:00:00,7.3,84.0,1023.1,0.2,360.0,0.0,38.2,openaq_ground,107.64824120603016,Unhealthy (Sensitive Groups)
2026-05-22 07:00:00,6.3,87.0,1023.2,1.4,337.0,0.0,32.86,openaq_ground,95.15589353612167,Moderate
2026-05-22 08:00:00,5.2,91.0,1023.5,3.7,346.0,0.0,29.72,openaq_ground,89.38022813688214,Moderate
2026-05-22 09:00:00,3.7,94.0,1023.4,5.1,343.0,0.0,25.5,openaq_ground,81.5551330798479,Moderate
2026-05-22 10:00:00,3.0,94.0,1023.7,5.2,340.0,0.0,21.52,openaq_ground,74.10266159695817,Moderate
2026-05-22 11:00:00,3.6,90.0,1023.9,7.8,338.0,0.0,15.64,openaq_ground,63.11026615969582,Moderate
2026-05-22 12:00:00,5.7,72.0,1023.8,11.7,317.0,0.0,7.94,openaq_ground,43.88888888888889,Good
2026-05-22 13:00:00,7.7,65.0,1024.0,13.1,314.0,0.0,0.36,openaq_ground,1.6666666666666665,Good
2026-05-22 14:00:00,8.7,63.0,1023.9,13.3,308.0,0.0,0.12,openaq_ground,0.5555555555555556,Good
2026-05-22 15:00:00,8.7,67.0,1024.3,12.1,308.0,0.0,0.02,openaq_ground,0.0,Good
2026-05-22 16:00:00,8.2,71.0,1024.4,9.2,320.0,0.0,0.06,openaq_ground,0.0,Good
2026-05-22 17:00:00,7.7,73.0,1024.4,7.2,328.0,0.0,0.02,openaq_ground,0.0,Good
2026-05-22 18:00:00,7.2,74.0,1024.9,6.0,335.0,0.0,0.12,openaq_ground,0.5555555555555556,Good
2026-05-22 19:00:00,7.8,73.0,1025.4,5.5,306.0,0.0,0.04,openaq_ground,0.0,Good
2026-05-22 20:00:00,8.8,72.0,1026.3,5.9,268.0,0.0,0.08,openaq_ground,0.0,Good
2026-05-22 21:00:00,10.1,68.0,1027.5,12.8,251.0,0.0,0.26,openaq_ground,1.1111111111111112,Good
2026-05-22 22:00:00,10.3,73.0,1028.3,17.1,246.0,0.0,1.14,openaq_ground,6.111111111111112,Good
2026-05-22 23:00:00,10.0,78.0,1029.0,15.5,255.0,0.0,2.2,openaq_ground,12.222222222222223,Good
2026-05-23 00:00:00,11.5,76.0,1028.8,12.2,257.0,0.0,2.92,openaq_ground,16.11111111111111,Good
2026-05-23 01:00:00,11.8,73.0,1028.6,15.3,254.0,0.0,3.14,openaq_ground,17.22222222222222,Good
2026-05-23 02:00:00,11.9,72.0,1028.7,18.2,250.0,0.0,3.78,openaq_ground,20.555555555555557,Good
2026-05-23 03:00:00,11.7,72.0,1028.7,15.7,255.0,0.0,4.08,openaq_ground,22.22222222222222,Good
2026-05-23 04:00:00,11.3,75.0,1028.9,13.2,265.0,0.0,3.84,openaq_ground,21.11111111111111,Good
2026-05-23 05:00:00,10.0,79.0,1029.4,11.9,269.0,0.0,5.94,openaq_ground,32.77777777777778,Good
2026-05-23 06:00:00,8.8,83.0,1030.0,9.3,279.0,0.0,5.44,openaq_ground,30.0,Good
2026-05-23 07:00:00,8.4,83.0,1030.5,8.6,281.0,0.0,5.44,openaq_ground,30.0,Good
2026-05-23 08:00:00,8.0,83.0,1030.7,9.1,278.0,0.0,4.4,openaq_ground,24.444444444444446,Good
2026-05-23 09:00:00,7.5,85.0,1030.9,7.6,298.0,0.0,3.3600000000000003,openaq_ground,18.333333333333332,Good
2026-05-23 10:00:00,7.0,87.0,1031.0,6.9,303.0,0.0,3.22,openaq_ground,17.77777777777778,Good
2026-05-23 11:00:00,6.4,89.0,1031.4,7.6,315.0,0.0,3.22,openaq_ground,17.77777777777778,Good
2026-05-23 12:00:00,7.3,87.0,1031.4,7.8,304.0,0.0,2.14,openaq_ground,11.666666666666666,Good
2026-05-23 13:00:00,7.2,86.0,1031.5,8.1,305.0,0.0,1.2,openaq_ground,6.666666666666666,Good
2026-05-23 14:00:00,6.8,86.0,1031.3,7.9,319.0,0.0,0.76,openaq_ground,3.8888888888888884,Good
2026-05-23 15:00:00,5.8,90.0,1031.4,8.6,331.0,0.0,0.74,openaq_ground,3.8888888888888884,Good
2026-05-23 16:00:00,4.4,94.0,1031.1,9.5,338.0,0.0,0.5599999999999999,openaq_ground,2.7777777777777777,Good
2026-05-23 17:00:00,3.6,95.0,1031.0,10.1,338.0,0.0,0.74,openaq_ground,3.8888888888888884,Good
2026-05-23 18:00:00,3.2,96.0,1031.3,7.3,344.0,0.0,0.76,openaq_ground,3.8888888888888884,Good
2026-05-23 19:00:00,3.1,97.0,1031.2,7.8,338.0,0.0,0.92,openaq_ground,5.0,Good
2026-05-23 20:00:00,2.9,97.0,1031.3,9.4,340.0,0.0,1.92,openaq_ground,10.555555555555555,Good
2026-05-23 21:00:00,3.4,97.0,1031.4,10.7,340.0,0.0,3.18,openaq_ground,17.22222222222222,Good
2026-05-23 22:00:00,4.9,95.0,1031.3,11.8,339.0,0.0,1.1800000000000002,openaq_ground,6.111111111111112,Good
2026-05-23 23:00:00,7.4,91.0,1031.1,9.5,338.0,0.0,0.54,openaq_ground,2.7777777777777777,Good
2026-05-24 00:00:00,9.9,78.0,1030.7,7.4,342.0,0.0,0.82,openaq_ground,4.444444444444445,Good
2026-05-24 01:00:00,10.7,71.0,1029.8,4.2,350.0,0.0,1.36,openaq_ground,7.222222222222222,Good
2026-05-24 02:00:00,11.0,72.0,1029.0,2.8,18.0,0.0,1.4,openaq_ground,7.777777777777777,Good
2026-05-24 03:00:00,10.9,73.0,1028.2,2.4,54.0,0.0,2.1,openaq_ground,11.666666666666666,Good
2026-05-24 04:00:00,10.3,80.0,1028.0,0.7,90.0,0.0,4.54,openaq_ground,25.0,Good
2026-05-24 05:00:00,8.3,85.0,1028.1,1.2,27.0,0.0,18.98,openaq_ground,69.25855513307985,Moderate
2026-05-24 06:00:00,6.2,92.0,1028.2,3.1,353.0,0.0,34.2,openaq_ground,97.7642585551331,Moderate
2026-05-24 07:00:00,4.7,94.0,1028.2,4.6,334.0,0.0,43.58,openaq_ground,120.69849246231156,Unhealthy (Sensitive Groups)
2026-05-24 08:00:00,3.5,93.0,1028.2,6.3,342.0,0.0,33.02,openaq_ground,95.52851711026616,Moderate
2026-05-24 09:00:00,2.9,92.0,1027.9,6.6,344.0,0.0,27.04,openaq_ground,84.34980988593156,Moderate
2026-05-24 10:00:00,2.4,93.0,1027.7,5.7,342.0,0.0,21.74,openaq_ground,74.47528517110266,Moderate
2026-05-24 11:00:00,2.2,93.0,1027.5,6.1,337.0,0.0,16.06,openaq_ground,63.85551330798479,Moderate
2026-05-24 12:00:00,2.3,94.0,1027.2,8.2,346.0,0.0,8.580000000000002,openaq_ground,47.22222222222222,Good
2026-05-24 13:00:00,2.3,94.0,1026.7,8.1,347.0,0.0,6.3,openaq_ground,35.0,Good
2026-05-24 14:00:00,2.2,92.0,1025.7,9.4,348.0,0.0,3.12,openaq_ground,17.22222222222222,Good
2026-05-24 15:00:00,2.5,90.0,1025.4,9.2,344.0,0.0,5.1,openaq_ground,28.33333333333333,Good
2026-05-24 16:00:00,2.6,89.0,1024.9,8.1,343.0,0.0,1.7,openaq_ground,9.444444444444445,Good
2026-05-24 17:00:00,2.4,87.0,1024.5,6.6,339.0,0.0,1.42,openaq_ground,7.777777777777777,Good
2026-05-24 18:00:00,1.4,86.0,1024.6,7.0,348.0,0.0,7.779999999999999,openaq_ground,42.77777777777778,Good
2026-05-24 19:00:00,1.4,87.0,1024.3,6.6,344.0,0.0,9.36,openaq_ground,51.37262357414449,Moderate
2026-05-24 20:00:00,1.2,89.0,1024.0,7.1,344.0,0.0,9.0,openaq_ground,50.0,Good
2026-05-24 21:00:00,2.4,89.0,1023.9,9.2,348.0,0.0,6.5,openaq_ground,36.11111111111111,Good
2026-05-24 22:00:00,5.9,81.0,1023.3,9.8,355.0,0.0,5.5,openaq_ground,30.555555555555554,Good
2026-05-24 23:00:00,9.3,76.0,1022.7,6.7,357.0,0.0,4.08,openaq_ground,22.22222222222222,Good
2026-05-25 00:00:00,11.5,63.0,1022.1,5.9,14.0,0.0,3.34,openaq_ground,18.333333333333332,Good
2026-05-25 01:00:00,11.6,64.0,1020.8,1.4,50.0,0.0,4.0200000000000005,openaq_ground,22.22222222222222,Good
2026-05-25 02:00:00,11.5,67.0,1020.1,2.1,211.0,0.0,3.98,openaq_ground,21.666666666666664,Good
2026-05-25 03:00:00,11.2,71.0,1019.3,1.4,180.0,0.0,4.92,openaq_ground,27.222222222222225,Good
2026-05-25 04:00:00,10.5,80.0,1019.0,0.5,225.0,0.0,13.62,openaq_ground,59.38403041825095,Moderate
2026-05-25 05:00:00,8.4,83.0,1018.8,2.1,329.0,0.0,34.28,openaq_ground,97.7642585551331,Moderate
2026-05-25 06:00:00,7.0,84.0,1018.0,6.5,2.0,0.0,38.18,openaq_ground,107.40201005025126,Unhealthy (Sensitive Groups)
2026-05-25 07:00:00,5.8,82.0,1017.7,7.7,344.0,0.0,43.08,openaq_ground,119.46733668341709,Unhealthy (Sensitive Groups)
2026-05-25 08:00:00,5.4,83.0,1017.7,8.0,333.0,0.0,32.1,openaq_ground,93.85171102661597,Moderate
2026-05-25 09:00:00,5.4,83.0,1017.7,8.2,331.0,0.0,28.880000000000003,openaq_ground,87.70342205323195,Moderate
2026-05-25 10:00:00,5.2,84.0,1017.5,9.0,337.0,0.0,27.2,openaq_ground,84.72243346007605,Moderate
2026-05-25 11:00:00,6.6,76.0,1017.5,13.7,325.0,0.0,11.48,openaq_ground,55.2851711026616,Moderate
2026-05-25 12:00:00,7.5,72.0,1016.8,17.9,334.0,0.0,6.300000000000001,openaq_ground,35.0,Good
2026-05-25 13:00:00,8.4,69.0,1017.8,9.3,299.0,0.0,1.56,openaq_ground,8.333333333333332,Good
2026-05-25 14:00:00,9.5,69.0,1019.4,18.0,231.0,0.0,0.68,openaq_ground,3.333333333333333,Good
2026-05-25 15:00:00,9.3,87.0,1020.6,20.6,220.0,0.0,0.2799999999999999,openaq_ground,1.1111111111111112,Good
2026-05-25 16:00:00,8.6,93.0,1021.0,18.1,217.0,0.5,0.12,openaq_ground,0.5555555555555556,Good
2026-05-25 17:00:00,8.0,94.0,1022.1,16.3,212.0,1.1,0.5599999999999999,openaq_ground,2.7777777777777777,Good
2026-05-25 18:00:00,7.5,94.0,1023.0,14.8,225.0,0.9,2.74,openaq_ground,15.0,Good
2026-05-25 19:00:00,7.3,96.0,1024.0,15.7,239.0,0.8,2.4200000000000004,openaq_ground,13.333333333333332,Good
2026-05-25 20:00:00,6.8,95.0,1024.9,15.8,255.0,0.6,5.4,openaq_ground,30.0,Good
2026-05-25 21:00:00,6.3,92.0,1025.7,16.2,282.0,0.3,6.36,openaq_ground,35.0,Good
2026-05-25 22:00:00,7.1,88.0,1026.3,15.3,272.0,0.0,4.2,openaq_ground,23.333333333333332,Good
2026-05-25 23:00:00,8.0,81.0,1027.2,15.9,254.0,0.0,2.36,openaq_ground,12.777777777777777,Good
2026-05-26 00:00:00,8.9,73.0,1026.7,17.2,241.0,0.0,1.44,openaq_ground,7.777777777777777,Good
2026-05-26 01:00:00,9.3,68.0,1026.7,19.6,231.0,0.0,1.42,openaq_ground,7.777777777777777,Good
2026-05-26 02:00:00,9.3,67.0,1026.8,18.6,232.0,0.0,1.7399999999999998,openaq_ground,9.444444444444445,Good
2026-05-26 03:00:00,9.1,66.0,1027.1,16.8,239.0,0.0,5.18,openaq_ground,28.33333333333333,Good
2026-05-26 04:00:00,8.8,68.0,1027.3,14.2,246.0,0.0,6.58,openaq_ground,36.11111111111111,Good
2026-05-26 05:00:00,7.5,72.0,1027.7,13.4,252.0,0.0,10.42,openaq_ground,53.42205323193917,Moderate
2026-05-26 06:00:00,6.7,76.0,1028.1,13.0,269.0,0.0,9.44,openaq_ground,51.55893536121673,Moderate
2026-05-26 07:00:00,6.1,77.0,1028.3,11.8,276.0,0.0,11.6,openaq_ground,55.657794676806084,Moderate
2026-05-26 08:00:00,5.4,79.0,1028.6,9.4,290.0,0.0,10.42,openaq_ground,53.42205323193917,Moderate
2026-05-26 09:00:00,4.9,80.0,1028.6,9.4,299.0,0.0,12.56,openaq_ground,57.334600760456276,Moderate
2026-05-26 10:00:00,4.5,81.0,1028.7,8.6,306.0,0.0,15.98,openaq_ground,63.66920152091255,Moderate
2026-05-26 11:00:00,3.1,88.0,1028.7,7.8,322.0,0.0,20.7,openaq_ground,72.61216730038024,Moderate
2026-05-26 12:00:00,1.1,93.0,1028.5,8.0,335.0,0.0,11.28,openaq_ground,54.91254752851711,Moderate
2026-05-26 13:00:00,0.4,93.0,1028.3,8.7,346.0,0.0,4.98,openaq_ground,27.222222222222225,Good
2026-05-26 14:00:00,-0.1,97.0,1027.9,8.2,341.0,0.0,1.86,openaq_ground,10.0,Good
2026-05-26 15:00:00,-0.1,99.0,1027.6,9.2,340.0,0.0,0.5599999999999999,openaq_ground,2.7777777777777777,Good
2026-05-26 16:00:00,-0.1,99.0,1026.7,10.7,337.0,0.0,1.24,openaq_ground,6.666666666666666,Good
2026-05-26 17:00:00,-0.7,99.0,1026.3,12.6,338.0,0.0,1.72,openaq_ground,9.444444444444445,Good
2026-05-26 18:00:00,-1.2,97.0,1026.0,10.3,347.0,0.0,1.88,openaq_ground,10.0,Good
2026-05-26 19:00:00,-1.3,99.0,1025.5,9.2,340.0,0.0,5.24,openaq_ground,28.88888888888889,Good
2026-05-26 20:00:00,-1.0,99.0,1025.4,8.2,341.0,0.0,13.94,openaq_ground,59.942965779467684,Moderate
2026-05-26 21:00:00,-0.3,96.0,1025.5,7.3,337.0,0.0,14.5,openaq_ground,61.06083650190114,Moderate
2026-05-26 22:00:00,2.0,93.0,1025.7,6.1,332.0,0.0,11.4,openaq_ground,55.2851711026616,Moderate
2026-05-26 23:00:00,4.9,88.0,1025.4,6.2,316.0,0.0,5.720000000000001,openaq_ground,31.666666666666668,Good
2026-05-27 00:00:00,7.8,80.0,1024.5,4.5,317.0,0.0,8.02,openaq_ground,44.44444444444444,Good
2026-05-27 01:00:00,9.2,72.0,1023.3,2.6,309.0,0.0,6.5,openaq_ground,36.11111111111111,Good
2026-05-27 02:00:00,10.4,67.0,1022.3,3.0,284.0,0.0,2.48,openaq_ground,13.333333333333332,Good
2026-05-27 03:00:00,11.1,68.0,1021.7,4.0,238.0,0.0,5.84,openaq_ground,32.22222222222222,Good
2026-05-27 04:00:00,10.3,75.0,1021.2,5.2,229.0,0.0,14.54,openaq_ground,61.06083650190114,Moderate
2026-05-27 05:00:00,8.1,78.0,1021.3,6.0,245.0,0.0,22.56,openaq_ground,75.96577946768062,Moderate
2026-05-27 06:00:00,6.3,81.0,1020.9,3.9,298.0,0.0,21.46,openaq_ground,73.91634980988593,Moderate
2026-05-27 07:00:00,5.5,80.0,1020.3,4.9,298.0,0.0,11.74,openaq_ground,55.844106463878326,Moderate
2026-05-27 08:00:00,4.5,83.0,1020.4,3.8,287.0,0.0,7.24,openaq_ground,40.0,Good
2026-05-27 09:00:00,4.4,84.0,1021.3,5.7,259.0,0.0,4.14,openaq_ground,22.777777777777775,Good
2026-05-27 10:00:00,5.5,82.0,1021.1,9.4,299.0,0.0,6.3,openaq_ground,35.0,Good
2026-05-27 11:00:00,6.4,83.0,1020.8,12.2,284.0,0.0,5.4,openaq_ground,30.0,Good
2026-05-27 12:00:00,5.6,83.0,1020.1,7.8,283.0,0.0,1.02,openaq_ground,5.555555555555555,Good
2026-05-27 13:00:00,5.7,80.0,1020.0,7.6,267.0,0.0,0.44,openaq_ground,2.2222222222222223,Good
2026-05-27 14:00:00,5.5,79.0,1020.1,10.3,257.0,0.0,0.62,openaq_ground,3.333333333333333,Good
2026-05-27 15:00:00,5.6,78.0,1020.4,14.1,259.0,0.0,0.28,openaq_ground,1.1111111111111112,Good
2026-05-27 16:00:00,5.7,77.0,1020.3,16.8,264.0,0.0,0.2,openaq_ground,1.1111111111111112,Good
2026-05-27 17:00:00,6.3,75.0,1019.4,21.6,272.0,0.0,0.22,openaq_ground,1.1111111111111112,Good
2026-05-27 18:00:00,7.0,72.0,1019.2,19.6,270.0,0.0,0.2799999999999999,openaq_ground,1.1111111111111112,Good
2026-05-27 19:00:00,7.8,67.0,1019.4,21.7,266.0,0.0,1.26,openaq_ground,6.666666666666666,Good
2026-05-27 20:00:00,8.2,66.0,1019.3,22.7,269.0,0.0,3.8,openaq_ground,21.11111111111111,Good
2026-05-27 21:00:00,8.4,66.0,1019.5,23.4,271.0,0.0,1.22,openaq_ground,6.666666666666666,Good
2026-05-27 22:00:00,9.2,68.0,1020.0,22.9,273.0,0.0,0.78,openaq_ground,3.8888888888888884,Good
2026-05-27 23:00:00,10.0,68.0,1020.0,18.9,267.0,0.0,0.6,openaq_ground,3.333333333333333,Good
2026-05-28 00:00:00,10.1,70.0,1019.7,19.3,266.0,0.0,0.6199999999999999,openaq_ground,3.333333333333333,Good
2026-05-28 01:00:00,10.8,67.0,1019.6,16.7,262.0,0.0,1.92,openaq_ground,10.555555555555555,Good
2026-05-28 02:00:00,11.0,66.0,1019.1,19.8,270.0,0.0,1.2600000000000002,openaq_ground,6.666666666666666,Good
2026-05-28 03:00:00,11.2,66.0,1018.7,18.7,271.0,0.0,0.64,openaq_ground,3.333333333333333,Good
2026-05-28 04:00:00,10.7,68.0,1018.8,21.7,265.0,0.0,1.06,openaq_ground,5.555555555555555,Good
2026-05-28 05:00:00,10.1,69.0,1019.4,21.1,266.0,0.0,2.32,openaq_ground,12.777777777777777,Good
2026-05-28 06:00:00,10.2,71.0,1019.3,19.3,269.0,0.0,3.18,openaq_ground,17.22222222222222,Good
2026-05-28 07:00:00,10.7,70.0,1019.6,20.9,267.0,0.0,1.9,openaq_ground,10.555555555555555,Good
2026-05-28 08:00:00,10.6,70.0,1020.0,19.5,267.0,0.0,2.54,openaq_ground,13.88888888888889,Good
2026-05-28 09:00:00,10.3,71.0,1019.8,17.6,268.0,0.0,7.359999999999999,openaq_ground,40.55555555555555,Good
2026-05-28 10:00:00,10.2,72.0,1019.9,14.8,271.0,0.0,9.44,openaq_ground,51.55893536121673,Moderate
2026-05-28 11:00:00,9.7,74.0,1020.0,12.6,274.0,0.0,9.68,openaq_ground,51.93155893536122,Moderate
2026-05-28 12:00:00,8.9,76.0,1020.0,10.7,279.0,0.0,9.56,openaq_ground,51.745247148288975,Moderate
2026-05-28 13:00:00,8.6,78.0,1020.1,10.4,272.0,0.0,6.5,openaq_ground,36.11111111111111,Good
2026-05-28 14:00:00,7.5,82.0,1020.1,5.8,261.0,0.0,4.5600000000000005,openaq_ground,25.0,Good
2026-05-28 15:00:00,6.4,84.0,1020.2,5.2,254.0,0.0,2.78,openaq_ground,15.0,Good
2026-05-28 16:00:00,5.4,88.0,1019.7,4.4,279.0,0.0,1.82,openaq_ground,10.0,Good
2026-05-28 17:00:00,3.6,92.0,1019.6,3.1,306.0,0.0,2.52,openaq_ground,13.88888888888889,Good
2026-05-28 18:00:00,2.2,93.0,1020.4,2.9,317.0,0.0,7.419999999999999,openaq_ground,41.111111111111114,Good
2026-05-28 19:00:00,3.2,92.0,1020.8,4.8,297.0,0.0,10.78,openaq_ground,53.98098859315589,Moderate
2026-05-28 20:00:00,3.7,88.0,1021.2,6.4,292.0,0.0,11.3,openaq_ground,55.09885931558936,Moderate
2026-05-28 21:00:00,3.9,89.0,1021.7,6.1,315.0,0.0,11.08,openaq_ground,54.539923954372625,Moderate
2026-05-28 22:00:00,6.3,85.0,1021.8,5.5,322.0,0.0,4.220000000000001,openaq_ground,23.333333333333332,Good
2026-05-28 23:00:00,8.8,77.0,1021.9,4.8,255.0,0.0,2.56,openaq_ground,13.88888888888889,Good
2026-05-29 00:00:00,10.8,66.0,1021.0,1.1,288.0,0.0,2.88,openaq_ground,15.555555555555554,Good
2026-05-29 01:00:00,11.8,64.0,1020.3,1.8,143.0,0.0,1.9,openaq_ground,10.555555555555555,Good
2026-05-29 02:00:00,11.7,68.0,1020.2,6.2,136.0,0.0,2.16,openaq_ground,11.666666666666666,Good
2026-05-29 03:00:00,10.7,76.0,1020.2,7.4,116.0,0.0,2.42,openaq_ground,13.333333333333332,Good
2026-05-29 04:00:00,9.5,83.0,1020.4,6.3,83.0,0.0,9.74,openaq_ground,52.11787072243346,Moderate
2026-05-29 05:00:00,7.2,88.0,1020.9,4.2,59.0,0.0,21.56,openaq_ground,74.10266159695817,Moderate
2026-05-29 06:00:00,6.2,85.0,1020.6,4.4,30.0,0.0,29.46,openaq_ground,88.8212927756654,Moderate
2026-05-29 07:00:00,5.6,85.0,1020.7,5.1,17.0,0.0,38.44,openaq_ground,108.14070351758794,Unhealthy (Sensitive Groups)
2026-05-29 08:00:00,4.7,89.0,1020.7,7.0,12.0,0.0,35.160000000000004,openaq_ground,99.44106463878327,Moderate
2026-05-29 09:00:00,4.0,93.0,1020.1,7.8,7.0,0.0,34.02,openaq_ground,97.39163498098858,Moderate
2026-05-29 10:00:00,4.1,95.0,1020.2,6.9,15.0,0.0,18.9,openaq_ground,69.25855513307985,Moderate
2026-05-29 11:00:00,5.0,97.0,1019.7,7.8,29.0,0.0,15.2,openaq_ground,62.365019011406844,Moderate
2026-05-29 12:00:00,6.4,97.0,1019.5,11.0,32.0,0.0,9.0,openaq_ground,50.0,Good
2026-05-29 13:00:00,6.7,97.0,1019.0,10.9,27.0,0.0,6.24,openaq_ground,34.44444444444444,Good
2026-05-29 14:00:00,6.7,96.0,1018.2,10.6,26.0,0.0,6.94,openaq_ground,38.333333333333336,Good
2026-05-29 15:00:00,6.7,94.0,1017.6,11.3,22.0,0.0,4.44,openaq_ground,24.444444444444446,Good
2026-05-29 16:00:00,6.6,93.0,1017.0,11.7,25.0,0.0,3.86,openaq_ground,21.11111111111111,Good
2026-05-29 17:00:00,6.8,91.0,1016.1,12.2,24.0,0.0,3.46,openaq_ground,18.88888888888889,Good
2026-05-29 18:00:00,6.7,88.0,1016.2,12.5,23.0,0.0,2.56,openaq_ground,13.88888888888889,Good
2026-05-29 19:00:00,7.0,87.0,1015.8,12.5,21.0,0.0,1.64,openaq_ground,8.88888888888889,Good
2026-05-29 20:00:00,6.4,89.0,1015.4,11.4,19.0,0.0,1.46,openaq_ground,7.777777777777777,Good
2026-05-29 21:00:00,6.3,86.0,1015.4,11.3,17.0,0.0,3.08,openaq_ground,16.666666666666664,Good
2026-05-29 22:00:00,8.5,80.0,1015.3,10.4,23.0,0.0,5.0600000000000005,openaq_ground,27.77777777777778,Good
2026-05-29 23:00:00,10.5,76.0,1014.9,8.5,24.0,0.0,7.58,openaq_ground,41.666666666666664,Good
2026-05-30 00:00:00,11.5,67.0,1013.9,11.0,38.0,0.0,6.92,openaq_ground,38.333333333333336,Good
2026-05-30 01:00:00,12.1,70.0,1012.7,10.5,41.0,0.0,7.659999999999999,openaq_ground,42.22222222222222,Good
2026-05-30 02:00:00,12.3,71.0,1011.8,11.0,40.0,0.0,6.88,openaq_ground,37.77777777777778,Good
2026-05-30 03:00:00,12.3,71.0,1010.9,11.2,35.0,0.0,9.44,openaq_ground,51.55893536121673,Moderate
2026-05-30 04:00:00,11.3,78.0,1010.5,10.8,28.0,0.0,18.64,openaq_ground,68.69961977186313,Moderate
2026-05-30 05:00:00,9.4,82.0,1010.3,11.3,17.0,0.0,20.360000000000003,openaq_ground,71.86692015209125,Moderate
2026-05-30 06:00:00,7.5,88.0,1009.7,12.6,11.0,0.0,30.92,openaq_ground,91.61596958174906,Moderate
2026-05-30 07:00:00,7.2,77.0,1009.0,12.1,358.0,0.0,38.68,openaq_ground,108.63316582914574,Unhealthy (Sensitive Groups)
2026-05-30 08:00:00,7.1,69.0,1008.7,11.4,355.0,0.0,40.42,openaq_ground,113.06532663316582,Unhealthy (Sensitive Groups)
2026-05-30 09:00:00,6.8,65.0,1008.1,12.1,354.0,0.0,35.8,openaq_ground,101.73869346733667,Unhealthy (Sensitive Groups)
2026-05-30 10:00:00,7.0,61.0,1007.3,12.1,3.0,0.0,27.7,openaq_ground,85.65399239543727,Moderate
2026-05-30 11:00:00,7.2,62.0,1006.8,12.2,1.0,0.0,19.0,openaq_ground,69.4448669201521,Moderate
2026-05-30 12:00:00,8.5,58.0,1006.0,13.8,7.0,0.0,20.48,openaq_ground,72.0532319391635,Moderate
2026-05-30 13:00:00,8.8,62.0,1005.0,12.1,15.0,0.0,16.82,openaq_ground,65.34600760456274,Moderate
2026-05-30 14:00:00,8.7,63.0,1004.3,10.2,18.0,0.0,9.66,openaq_ground,51.93155893536122,Moderate
2026-05-30 15:00:00,8.5,66.0,1003.5,11.6,24.0,0.0,4.220000000000001,openaq_ground,23.333333333333332,Good
2026-05-30 16:00:00,8.7,67.0,1002.3,11.5,29.0,0.0,1.86,openaq_ground,10.0,Good
2026-05-30 17:00:00,9.9,65.0,1001.6,12.0,30.0,0.0,1.46,openaq_ground,7.777777777777777,Good
2026-05-30 18:00:00,10.0,65.0,1001.1,13.7,38.0,0.0,0.76,openaq_ground,3.8888888888888884,Good
2026-05-30 19:00:00,11.1,63.0,1000.5,16.2,42.0,0.0,0.34,openaq_ground,1.6666666666666665,Good
2026-05-30 20:00:00,12.3,57.0,999.9,22.2,43.0,0.0,0.38,openaq_ground,1.6666666666666665,Good
2026-05-30 21:00:00,12.1,61.0,999.8,21.0,45.0,0.0,1.5,openaq_ground,8.333333333333332,Good
2026-05-30 22:00:00,12.8,63.0,999.8,17.6,47.0,0.0,1.16,openaq_ground,6.111111111111112,Good
2026-05-30 23:00:00,14.5,62.0,1000.0,15.8,44.0,0.0,0.68,openaq_ground,3.333333333333333,Good
2026-05-31 00:00:00,15.2,63.0,999.0,15.1,49.0,0.0,0.56,openaq_ground,2.7777777777777777,Good
2026-05-31 01:00:00,15.7,66.0,998.1,15.3,51.0,0.0,0.44,openaq_ground,2.2222222222222223,Good
2026-05-31 02:00:00,15.4,68.0,997.7,15.1,45.0,0.0,0.6199999999999999,openaq_ground,3.333333333333333,Good
2026-05-31 03:00:00,14.9,74.0,998.2,11.9,35.0,0.2,0.76,openaq_ground,3.8888888888888884,Good
2026-05-31 04:00:00,14.0,79.0,998.5,13.9,25.0,0.0,2.64,openaq_ground,14.444444444444445,Good
2026-05-31 05:00:00,14.3,77.0,999.2,15.0,24.0,0.0,5.32,openaq_ground,29.444444444444443,Good
2026-05-31 06:00:00,13.7,77.0,999.6,15.1,18.0,0.0,8.6,openaq_ground,47.77777777777777,Good
2026-05-31 07:00:00,14.1,76.0,1000.1,13.6,11.0,0.0,12.2,openaq_ground,56.77566539923954,Moderate
2026-05-31 08:00:00,14.6,74.0,1000.5,13.7,4.0,0.0,7.62,openaq_ground,42.22222222222222,Good
2026-05-31 09:00:00,14.9,73.0,1000.9,13.0,354.0,0.0,8.6,openaq_ground,47.77777777777777,Good
2026-05-31 10:00:00,14.7,74.0,1001.5,11.9,350.0,0.0,8.540000000000001,openaq_ground,47.22222222222222,Good
2026-05-31 11:00:00,14.5,76.0,1002.2,8.9,333.0,0.0,6.959999999999999,openaq_ground,38.333333333333336,Good
2026-05-31 12:00:00,13.1,86.0,1001.9,4.3,358.0,0.0,4.959999999999999,openaq_ground,27.222222222222225,Good
2026-05-31 13:00:00,12.7,86.0,1002.2,3.5,298.0,0.0,3.4799999999999995,openaq_ground,18.88888888888889,Good
2026-05-31 14:00:00,12.5,86.0,1002.3,3.2,308.0,0.0,1.94,openaq_ground,10.555555555555555,Good
2026-05-31 15:00:00,12.8,83.0,1003.1,3.8,311.0,0.3,1.46,openaq_ground,7.777777777777777,Good
2026-05-31 16:00:00,12.8,85.0,1002.5,0.2,360.0,1.6,1.3,openaq_ground,7.222222222222222,Good
2026-05-31 17:00:00,12.8,84.0,1002.3,0.8,333.0,0.3,1.56,openaq_ground,8.333333333333332,Good
2026-05-31 18:00:00,11.0,93.0,1002.8,2.5,240.0,0.3,2.28,openaq_ground,12.222222222222223,Good
2026-05-31 19:00:00,9.8,95.0,1003.1,5.0,285.0,0.0,2.38,openaq_ground,12.777777777777777,Good
2026-05-31 20:00:00,10.4,93.0,1002.9,1.0,338.0,0.0,3.92,openaq_ground,21.666666666666664,Good
2026-05-31 21:00:00,10.1,94.0,1003.2,3.8,25.0,0.0,4.76,openaq_ground,26.11111111111111,Good
2026-05-31 22:00:00,11.7,95.0,1002.6,8.2,15.0,0.0,8.940000000000001,openaq_ground,49.44444444444444,Good
2026-05-31 23:00:00,13.8,95.0,1002.1,9.9,29.0,0.0,10.08,openaq_ground,52.67680608365019,Moderate
2026-06-01 00:00:00,15.2,94.0,1001.7,5.8,56.0,0.0,5.64,openaq_ground,31.111111111111107,Good
2026-06-01 01:00:00,16.3,93.0,1000.6,6.5,19.0,0.0,4.82,openaq_ground,26.666666666666664,Good
2026-06-01 02:00:00,17.4,89.0,1000.5,6.9,45.0,0.0,5.24,openaq_ground,28.88888888888889,Good
2026-06-01 03:00:00,16.4,84.0,1000.6,11.3,20.0,0.0,0.4599999999999999,openaq_ground,2.2222222222222223,Good
2026-06-01 04:00:00,17.1,78.0,999.4,13.2,12.0,0.0,1.6,openaq_ground,8.88888888888889,Good
2026-06-01 05:00:00,17.6,66.0,999.0,13.1,2.0,0.0,8.34,openaq_ground,46.111111111111114,Good
2026-06-01 06:00:00,14.7,77.0,999.6,14.2,39.0,0.0,3.1,openaq_ground,17.22222222222222,Good
2026-06-01 07:00:00,14.8,78.0,999.4,15.4,26.0,0.0,2.66,openaq_ground,14.444444444444445,Good
2026-06-01 08:00:00,16.1,71.0,998.8,18.3,26.0,0.0,4.32,openaq_ground,23.888888888888886,Good
2026-06-01 09:00:00,16.9,66.0,998.5,16.5,16.0,0.0,4.74,openaq_ground,26.11111111111111,Good
2026-06-01 10:00:00,16.5,66.0,998.4,13.3,10.0,0.0,4.54,openaq_ground,25.0,Good
2026-06-01 11:00:00,15.1,72.0,998.2,8.9,18.0,0.0,1.9,openaq_ground,10.555555555555555,Good
2026-06-01 12:00:00,14.1,79.0,997.2,10.6,26.0,0.0,2.0,openaq_ground,11.11111111111111,Good
2026-06-01 13:00:00,13.8,79.0,997.0,10.0,8.0,0.0,1.48,openaq_ground,7.777777777777777,Good
2026-06-01 14:00:00,14.0,77.0,996.4,10.9,353.0,0.0,2.62,openaq_ground,14.444444444444445,Good
2026-06-01 15:00:00,14.2,76.0,996.2,10.9,324.0,0.0,3.08,openaq_ground,16.666666666666664,Good
2026-06-01 16:00:00,11.8,87.0,996.4,6.1,258.0,0.0,1.02,openaq_ground,5.555555555555555,Good
2026-06-01 17:00:00,10.7,90.0,996.7,3.2,304.0,0.0,1.52,openaq_ground,8.333333333333332,Good
2026-06-01 18:00:00,10.8,89.0,997.6,1.5,291.0,0.0,7.159999999999999,openaq_ground,39.44444444444444,Good
2026-06-01 19:00:00,10.7,88.0,997.9,6.3,233.0,0.0,8.379999999999999,openaq_ground,46.111111111111114,Good
2026-06-01 20:00:00,9.9,94.0,998.0,9.1,232.0,0.0,6.04,openaq_ground,33.33333333333333,Good
2026-06-01 21:00:00,9.8,97.0,998.5,11.1,258.0,0.0,3.96,openaq_ground,21.666666666666664,Good
2026-06-01 22:00:00,10.9,95.0,998.9,14.1,243.0,0.0,3.08,openaq_ground,16.666666666666664,Good
2026-06-01 23:00:00,11.4,93.0,999.4,15.5,238.0,0.0,2.42,openaq_ground,13.333333333333332,Good
2026-06-02 00:00:00,12.8,87.0,999.2,15.3,236.0,0.1,2.66,openaq_ground,14.444444444444445,Good
2026-06-02 01:00:00,12.3,92.0,999.1,17.0,230.0,0.1,2.82,openaq_ground,15.555555555555554,Good
2026-06-02 02:00:00,12.1,93.0,999.0,16.4,223.0,0.2,2.22,openaq_ground,12.222222222222223,Good
2026-06-02 03:00:00,11.8,93.0,999.1,13.5,221.0,0.2,2.08,openaq_ground,11.11111111111111,Good
2026-06-02 04:00:00,11.4,96.0,999.4,12.9,222.0,0.3,2.56,openaq_ground,13.88888888888889,Good
2026-06-02 05:00:00,10.9,97.0,999.6,10.7,239.0,0.9,2.92,openaq_ground,16.11111111111111,Good
2026-06-02 06:00:00,10.9,98.0,1000.2,6.7,251.0,0.8,3.3600000000000003,openaq_ground,18.333333333333332,Good
2026-06-02 07:00:00,10.6,97.0,1000.8,6.9,263.0,0.3,5.84,openaq_ground,32.22222222222222,Good
2026-06-02 08:00:00,10.1,95.0,1001.3,10.2,262.0,0.0,6.58,openaq_ground,36.11111111111111,Good
2026-06-02 09:00:00,9.0,94.0,1001.8,9.4,269.0,0.0,7.0200000000000005,openaq_ground,38.888888888888886,Good
2026-06-02 10:00:00,8.0,93.0,1001.8,6.0,297.0,0.0,3.78,openaq_ground,20.555555555555557,Good
2026-06-02 11:00:00,7.4,93.0,1002.1,5.9,317.0,0.0,2.08,openaq_ground,11.11111111111111,Good
2026-06-02 12:00:00,6.2,94.0,1002.3,5.9,340.0,0.0,0.86,openaq_ground,4.444444444444445,Good
2026-06-02 13:00:00,5.4,96.0,1002.6,5.0,339.0,0.0,0.22,openaq_ground,1.1111111111111112,Good
2026-06-02 14:00:00,4.8,97.0,1002.9,4.6,339.0,0.0,0.1399999999999999,openaq_ground,0.5555555555555556,Good
2026-06-02 15:00:00,4.7,96.0,1003.3,4.7,337.0,0.0,0.12,openaq_ground,0.5555555555555556,Good
2026-06-02 16:00:00,4.6,95.0,1003.5,5.7,332.0,0.0,0.06,openaq_ground,0.0,Good
2026-06-02 17:00:00,4.6,95.0,1003.8,6.6,334.0,0.0,0.16,openaq_ground,0.5555555555555556,Good
2026-06-02 18:00:00,3.7,95.0,1004.5,7.2,346.0,0.0,0.3199999999999999,openaq_ground,1.6666666666666665,Good
2026-06-02 19:00:00,3.6,95.0,1004.7,7.5,339.0,0.0,4.0,openaq_ground,22.22222222222222,Good
2026-06-02 20:00:00,3.7,96.0,1005.4,9.5,339.0,0.0,8.72,openaq_ground,48.33333333333333,Good
2026-06-02 21:00:00,4.7,95.0,1006.1,10.2,337.0,0.0,9.88,openaq_ground,52.30418250950571,Moderate
2026-06-02 22:00:00,6.8,96.0,1006.4,8.8,334.0,0.0,10.419999999999998,openaq_ground,53.42205323193917,Moderate
2026-06-02 23:00:00,9.0,96.0,1006.5,6.7,344.0,0.0,4.64,openaq_ground,25.555555555555554,Good
2026-06-03 00:00:00,11.5,87.0,1006.1,4.6,18.0,0.0,3.7,openaq_ground,20.555555555555557,Good
2026-06-03 01:00:00,12.1,80.0,1005.7,3.6,45.0,0.0,3.62,openaq_ground,20.0,Good
2026-06-03 02:00:00,12.5,76.0,1005.5,6.2,54.0,0.0,1.58,openaq_ground,8.333333333333332,Good
2026-06-03 03:00:00,12.4,78.0,1005.1,9.2,62.0,0.0,1.42,openaq_ground,7.777777777777777,Good
2026-06-03 04:00:00,11.6,85.0,1005.2,9.6,53.0,0.0,4.54,openaq_ground,25.0,Good
2026-06-03 05:00:00,10.0,93.0,1005.2,8.7,42.0,0.0,4.46,openaq_ground,24.444444444444446,Good
2026-06-03 06:00:00,9.4,97.0,1005.5,11.9,32.0,0.0,6.24,openaq_ground,34.44444444444444,Good
2026-06-03 07:00:00,9.1,97.0,1005.5,12.1,30.0,0.0,5.0600000000000005,openaq_ground,27.77777777777778,Good
2026-06-03 08:00:00,8.6,97.0,1005.4,13.2,29.0,0.0,4.6,openaq_ground,25.555555555555554,Good
2026-06-03 09:00:00,8.8,97.0,1005.5,14.2,29.0,0.0,2.9,openaq_ground,16.11111111111111,Good
2026-06-03 10:00:00,9.3,95.0,1005.3,15.2,36.0,0.0,2.94,openaq_ground,16.11111111111111,Good
2026-06-03 11:00:00,9.3,95.0,1004.9,16.2,39.0,0.0,2.9,openaq_ground,16.11111111111111,Good
2026-06-03 12:00:00,9.5,93.0,1004.1,19.5,34.0,0.0,4.86,openaq_ground,26.666666666666664,Good
2026-06-03 13:00:00,9.7,92.0,1003.3,18.8,36.0,0.0,4.5200000000000005,openaq_ground,25.0,Good
2026-06-03 14:00:00,9.6,91.0,1002.6,20.0,39.0,0.0,3.46,openaq_ground,18.88888888888889,Good
2026-06-03 15:00:00,9.2,93.0,1002.0,19.8,37.0,0.0,4.279999999999999,openaq_ground,23.333333333333332,Good
2026-06-03 16:00:00,9.2,93.0,1001.2,19.3,39.0,0.0,5.58,openaq_ground,30.555555555555554,Good
2026-06-03 17:00:00,8.9,95.0,1000.5,17.7,40.0,0.0,4.720000000000001,openaq_ground,26.11111111111111,Good
2026-06-03 18:00:00,8.8,97.0,1000.8,18.0,44.0,0.0,4.48,openaq_ground,24.444444444444446,Good
2026-06-03 19:00:00,8.6,97.0,1000.1,21.7,38.0,0.0,3.38,openaq_ground,18.333333333333332,Good
2026-06-03 20:00:00,8.6,96.0,999.7,18.3,43.0,0.4,3.14,openaq_ground,17.22222222222222,Good
2026-06-03 21:00:00,8.5,95.0,999.7,19.1,43.0,0.0,3.38,openaq_ground,18.333333333333332,Good
2026-06-03 22:00:00,8.7,94.0,999.3,19.9,41.0,0.6,2.9799999999999995,openaq_ground,16.11111111111111,Good
2026-06-03 23:00:00,9.9,92.0,998.7,16.5,39.0,0.4,3.3600000000000003,openaq_ground,18.333333333333332,Good
2026-06-04 00:00:00,10.9,87.0,997.9,16.1,29.0,0.0,2.56,openaq_ground,13.88888888888889,Good
2026-06-04 01:00:00,12.2,77.0,996.8,17.9,30.0,0.0,2.1,openaq_ground,11.666666666666666,Good
2026-06-04 02:00:00,14.6,73.0,996.3,14.3,41.0,0.0,2.68,openaq_ground,14.444444444444445,Good
2026-06-04 03:00:00,14.9,71.0,995.8,13.6,36.0,0.0,4.2,openaq_ground,23.333333333333332,Good
2026-06-04 04:00:00,14.0,71.0,995.5,14.3,34.0,0.0,9.42,openaq_ground,51.55893536121673,Moderate
2026-06-04 05:00:00,13.2,69.0,995.2,14.7,23.0,0.0,15.16,openaq_ground,62.1787072243346,Moderate
2026-06-04 06:00:00,13.3,65.0,994.8,17.8,12.0,0.0,13.9,openaq_ground,59.942965779467684,Moderate
2026-06-04 07:00:00,15.0,56.0,995.1,19.8,4.0,0.0,4.720000000000001,openaq_ground,26.11111111111111,Good
2026-06-04 08:00:00,15.0,55.0,994.8,20.0,1.0,0.0,3.8400000000000007,openaq_ground,21.11111111111111,Good
2026-06-04 09:00:00,15.5,52.0,994.5,22.5,357.0,0.0,1.02,openaq_ground,5.555555555555555,Good
2026-06-04 10:00:00,16.5,47.0,993.9,22.6,351.0,0.0,2.16,openaq_ground,11.666666666666666,Good
2026-06-04 11:00:00,16.1,48.0,993.8,21.6,347.0,0.0,0.4599999999999999,openaq_ground,2.2222222222222223,Good
2026-06-04 12:00:00,12.2,79.0,994.6,17.6,11.0,0.1,0.2799999999999999,openaq_ground,1.1111111111111112,Good
2026-06-04 13:00:00,12.5,74.0,994.4,17.5,4.0,0.0,0.06,openaq_ground,0.0,Good
2026-06-04 14:00:00,12.3,75.0,994.1,15.9,6.0,0.4,0.2,openaq_ground,1.1111111111111112,Good
2026-06-04 15:00:00,11.8,73.0,993.8,14.8,1.0,0.0,0.62,openaq_ground,3.333333333333333,Good
2026-06-04 16:00:00,11.0,72.0,993.4,14.4,356.0,0.0,0.02,openaq_ground,0.0,Good
2026-06-04 17:00:00,11.6,67.0,993.2,15.5,356.0,0.0,0.0,openaq_ground,0.0,Good
2026-06-04 18:00:00,11.3,66.0,993.3,15.3,357.0,0.0,0.06,openaq_ground,0.0,Good
2026-06-04 19:00:00,12.6,59.0,993.3,17.7,356.0,0.0,0.2,openaq_ground,1.1111111111111112,Good
2026-06-04 20:00:00,13.9,54.0,993.5,19.2,6.0,0.0,0.18,openaq_ground,0.5555555555555556,Good
2026-06-04 21:00:00,14.5,53.0,993.6,19.6,3.0,0.0,1.38,openaq_ground,7.222222222222222,Good
2026-06-04 22:00:00,15.2,55.0,993.3,16.2,352.0,0.0,1.46,openaq_ground,7.777777777777777,Good
2026-06-04 23:00:00,15.8,56.0,993.0,13.4,343.0,0.0,2.5,openaq_ground,13.88888888888889,Good
2026-06-05 00:00:00,17.0,51.0,992.5,11.8,351.0,0.0,1.9,openaq_ground,10.555555555555555,Good
2026-06-05 01:00:00,17.4,50.0,991.7,9.3,331.0,0.0,0.2,openaq_ground,1.1111111111111112,Good
2026-06-05 02:00:00,17.4,53.0,991.6,7.2,309.0,0.0,0.48,openaq_ground,2.2222222222222223,Good
2026-06-05 03:00:00,16.7,58.0,991.3,5.0,314.0,0.0,2.0,openaq_ground,11.11111111111111,Good
2026-06-05 04:00:00,14.7,69.0,991.6,3.6,327.0,0.0,7.32,openaq_ground,40.55555555555555,Good
2026-06-05 05:00:00,12.6,72.0,991.6,4.0,339.0,0.0,13.9,openaq_ground,59.942965779467684,Moderate
2026-06-05 06:00:00,10.8,77.0,991.5,6.6,343.0,0.0,20.4,openaq_ground,72.0532319391635,Moderate
2026-06-05 07:00:00,10.1,76.0,991.3,6.3,333.0,0.0,19.380000000000003,openaq_ground,70.00380228136882,Moderate
2026-06-05 08:00:00,9.9,74.0,991.5,3.8,343.0,0.0,21.74,openaq_ground,74.47528517110266,Moderate
2026-06-05 09:00:00,9.3,75.0,991.8,4.2,313.0,0.0,27.14,openaq_ground,84.5361216730038,Moderate
2026-06-05 10:00:00,9.5,72.0,992.3,1.3,360.0,0.0,16.9,openaq_ground,65.53231939163499,Moderate
2026-06-05 11:00:00,10.2,69.0,993.0,1.7,311.0,0.0,13.18,openaq_ground,58.452471482889734,Moderate
2026-06-05 12:00:00,9.3,81.0,993.2,2.7,122.0,0.0,10.5,openaq_ground,53.60836501901141,Moderate
2026-06-05 13:00:00,9.1,82.0,994.1,6.9,205.0,0.0,3.68,openaq_ground,20.0,Good
2026-06-05 14:00:00,8.8,84.0,994.6,9.4,239.0,0.0,1.84,openaq_ground,10.0,Good
2026-06-05 15:00:00,8.3,91.0,995.0,12.4,254.0,0.0,0.78,openaq_ground,3.8888888888888884,Good
2026-06-05 16:00:00,8.4,90.0,995.3,13.7,256.0,0.0,0.62,openaq_ground,3.333333333333333,Good
2026-06-05 17:00:00,8.7,87.0,995.5,15.3,252.0,0.0,0.36,openaq_ground,1.6666666666666665,Good
2026-06-05 18:00:00,8.9,84.0,995.9,16.5,250.0,0.0,0.16,openaq_ground,0.5555555555555556,Good
2026-06-05 19:00:00,8.7,85.0,996.9,17.8,249.0,0.0,0.22,openaq_ground,1.1111111111111112,Good
2026-06-05 20:00:00,8.2,87.0,997.5,17.9,249.0,0.0,0.26,openaq_ground,1.1111111111111112,Good
2026-06-05 21:00:00,8.1,87.0,998.4,17.2,255.0,0.0,0.32,openaq_ground,1.6666666666666665,Good
2026-06-05 22:00:00,9.0,81.0,998.9,17.5,251.0,0.0,0.2799999999999999,openaq_ground,1.1111111111111112,Good
2026-06-05 23:00:00,9.6,76.0,999.3,19.0,252.0,0.0,0.36,openaq_ground,1.6666666666666665,Good
2026-06-06 00:00:00,10.5,72.0,998.8,18.2,252.0,0.0,0.32,openaq_ground,1.6666666666666665,Good
2026-06-06 01:00:00,10.9,66.0,998.2,17.8,258.0,0.0,0.32,openaq_ground,1.6666666666666665,Good
2026-06-06 02:00:00,11.2,63.0,997.9,15.5,261.0,0.0,0.4,openaq_ground,2.2222222222222223,Good
2026-06-06 03:00:00,11.3,65.0,997.9,11.7,259.0,0.0,0.62,openaq_ground,3.333333333333333,Good
2026-06-06 04:00:00,10.9,67.0,998.2,9.4,271.0,0.0,8.540000000000001,openaq_ground,47.22222222222222,Good
2026-06-06 05:00:00,9.2,69.0,998.6,6.8,292.0,0.0,15.3,openaq_ground,62.55133079847909,Moderate
2026-06-06 06:00:00,7.9,73.0,999.1,5.1,315.0,0.0,1.3,openaq_ground,7.222222222222222,Good
2026-06-06 07:00:00,8.3,83.0,1001.0,19.7,260.0,0.4,1.5399999999999998,openaq_ground,8.333333333333332,Good
2026-06-06 08:00:00,8.5,81.0,1001.9,21.1,254.0,0.0,0.8400000000000001,openaq_ground,4.444444444444445,Good
2026-06-06 09:00:00,7.6,82.0,1002.8,22.0,259.0,0.0,0.86,openaq_ground,4.444444444444445,Good
2026-06-06 10:00:00,7.4,78.0,1003.9,24.9,261.0,0.0,1.06,openaq_ground,5.555555555555555,Good
2026-06-06 11:00:00,6.8,78.0,1004.7,23.1,268.0,0.0,1.56,openaq_ground,8.333333333333332,Good
2026-06-06 12:00:00,6.4,78.0,1005.4,20.2,268.0,0.0,0.62,openaq_ground,3.333333333333333,Good
2026-06-06 13:00:00,6.5,75.0,1005.9,22.0,265.0,0.0,0.38,openaq_ground,1.6666666666666665,Good
2026-06-06 14:00:00,6.8,72.0,1005.8,19.8,262.0,0.0,0.24,openaq_ground,1.1111111111111112,Good
2026-06-06 15:00:00,7.2,68.0,1006.5,21.2,255.0,0.0,0.34,openaq_ground,1.6666666666666665,Good
2026-06-06 16:00:00,7.0,67.0,1006.7,18.0,258.0,0.0,0.3199999999999999,openaq_ground,1.6666666666666665,Good
2026-06-06 17:00:00,6.7,65.0,1007.0,11.9,269.0,0.0,0.1,openaq_ground,0.5555555555555556,Good
2026-06-06 18:00:00,5.7,65.0,1007.4,10.3,292.0,0.0,0.06,openaq_ground,0.0,Good
2026-06-06 19:00:00,6.0,62.0,1007.4,12.7,299.0,0.0,0.1399999999999999,openaq_ground,0.5555555555555556,Good
2026-06-06 20:00:00,6.3,59.0,1007.6,11.8,299.0,0.0,0.1599999999999999,openaq_ground,0.5555555555555556,Good
2026-06-06 21:00:00,5.8,63.0,1008.0,8.5,328.0,0.0,0.24,openaq_ground,1.1111111111111112,Good
2026-06-06 22:00:00,7.7,55.0,1007.2,12.1,349.0,0.0,0.12,openaq_ground,0.5555555555555556,Good
2026-06-06 23:00:00,10.2,50.0,1006.9,14.7,319.0,0.0,0.04,openaq_ground,0.0,Good
2026-06-07 00:00:00,12.4,45.0,1006.0,11.1,302.0,0.0,0.0,openaq_ground,0.0,Good
2026-06-07 01:00:00,13.7,47.0,1005.7,13.0,276.0,0.0,0.08,openaq_ground,0.0,Good
2026-06-07 02:00:00,13.6,49.0,1005.7,14.7,282.0,0.0,0.24,openaq_ground,1.1111111111111112,Good
2026-06-07 03:00:00,13.6,53.0,1005.4,19.1,274.0,0.0,0.2599999999999999,openaq_ground,1.1111111111111112,Good
2026-06-07 04:00:00,13.0,57.0,1005.4,20.2,269.0,0.0,1.22,openaq_ground,6.666666666666666,Good
2026-06-07 05:00:00,12.1,60.0,1005.6,14.2,277.0,0.0,2.5,openaq_ground,13.88888888888889,Good
2026-06-07 06:00:00,9.6,67.0,1005.1,6.9,351.0,0.0,12.4,openaq_ground,57.148288973384034,Moderate
2026-06-07 07:00:00,9.8,62.0,1004.7,10.0,337.0,0.0,9.5,openaq_ground,51.745247148288975,Moderate
2026-06-07 08:00:00,10.0,64.0,1004.8,7.5,323.0,0.0,7.540000000000001,openaq_ground,41.666666666666664,Good
2026-06-07 09:00:00,9.7,67.0,1004.4,5.9,333.0,0.0,6.779999999999999,openaq_ground,37.22222222222222,Good
2026-06-07 10:00:00,9.9,67.0,1004.6,7.0,316.0,0.0,2.78,openaq_ground,15.0,Good
2026-06-07 11:00:00,11.5,60.0,1004.5,15.1,296.0,0.0,0.4199999999999999,openaq_ground,2.2222222222222223,Good
2026-06-07 12:00:00,9.6,65.0,1003.6,7.8,331.0,0.0,0.0,openaq_ground,0.0,Good
2026-06-07 13:00:00,10.3,63.0,1003.2,10.2,319.0,0.0,0.0,openaq_ground,0.0,Good
2026-06-07 14:00:00,11.4,61.0,1002.5,13.4,302.0,0.0,0.0,openaq_ground,0.0,Good
2026-06-07 15:00:00,12.2,59.0,1002.4,15.0,296.0,0.0,0.04,openaq_ground,0.0,Good
2026-06-07 16:00:00,13.2,59.0,1002.2,19.8,269.0,0.0,0.0,openaq_ground,0.0,Good
2026-06-07 17:00:00,12.7,64.0,1002.5,25.0,260.0,0.1,0.0,openaq_ground,0.0,Good
2026-06-07 18:00:00,12.2,69.0,1002.6,23.8,257.0,0.4,0.16,openaq_ground,0.5555555555555556,Good
2026-06-07 19:00:00,10.5,85.0,1003.6,27.7,261.0,0.6,0.74,openaq_ground,3.8888888888888884,Good
2026-06-07 20:00:00,10.6,81.0,1004.6,32.5,250.0,0.0,3.5200000000000005,openaq_ground,19.444444444444443,Good
2026-06-07 21:00:00,9.9,74.0,1005.1,32.3,250.0,0.0,3.18,openaq_ground,17.22222222222222,Good
2026-06-07 22:00:00,10.1,66.0,1005.8,33.3,247.0,0.0,2.4400000000000004,openaq_ground,13.333333333333332,Good
2026-06-07 23:00:00,9.5,73.0,1007.0,34.6,247.0,0.2,1.9,openaq_ground,10.555555555555555,Good
2026-06-08 00:00:00,10.0,69.0,1007.3,34.8,249.0,0.3,1.72,openaq_ground,9.444444444444445,Good
2026-06-08 01:00:00,10.1,60.0,1007.4,36.8,251.0,0.0,1.8,openaq_ground,10.0,Good
2026-06-08 02:00:00,8.6,62.0,1008.3,34.3,245.0,0.1,0.78,openaq_ground,3.8888888888888884,Good
2026-06-08 03:00:00,6.1,85.0,1009.0,32.0,250.0,2.4,1.42,openaq_ground,7.777777777777777,Good
2026-06-08 04:00:00,6.0,85.0,1009.6,34.5,254.0,0.9,1.34,openaq_ground,7.222222222222222,Good
2026-06-08 05:00:00,5.6,86.0,1010.5,33.2,257.0,0.4,1.48,openaq_ground,7.777777777777777,Good
2026-06-08 06:00:00,5.4,84.0,1011.4,31.2,261.0,0.5,0.8400000000000001,openaq_ground,4.444444444444445,Good
2026-06-08 07:00:00,5.5,88.0,1011.6,29.4,260.0,0.4,0.98,openaq_ground,5.0,Good
2026-06-08 08:00:00,5.1,88.0,1012.9,30.1,258.0,0.4,0.76,openaq_ground,3.8888888888888884,Good
2026-06-08 09:00:00,5.3,83.0,1013.0,30.4,262.0,0.0,1.9,openaq_ground,10.555555555555555,Good
2026-06-08 10:00:00,5.0,78.0,1013.8,29.6,266.0,0.0,1.78,openaq_ground,9.444444444444445,Good
2026-06-08 11:00:00,5.5,74.0,1014.3,30.0,261.0,0.0,1.28,openaq_ground,6.666666666666666,Good
2026-06-08 12:00:00,6.3,66.0,1014.2,31.9,261.0,0.0,1.2,openaq_ground,6.666666666666666,Good
2026-06-08 13:00:00,6.6,69.0,1015.4,34.1,257.0,0.0,1.26,openaq_ground,6.666666666666666,Good
2026-06-08 14:00:00,7.3,68.0,1015.9,33.0,248.0,0.0,1.12,openaq_ground,6.111111111111112,Good
2026-06-08 15:00:00,7.2,70.0,1016.9,29.5,253.0,0.0,1.24,openaq_ground,6.666666666666666,Good
2026-06-08 16:00:00,7.7,69.0,1017.8,30.7,253.0,0.0,0.9,openaq_ground,5.0,Good
2026-06-08 17:00:00,7.8,68.0,1018.7,29.4,253.0,0.0,1.06,openaq_ground,5.555555555555555,Good
2026-06-08 18:00:00,7.7,67.0,1020.1,28.2,253.0,0.0,2.3,openaq_ground,12.777777777777777,Good
2026-06-08 19:00:00,7.8,68.0,1020.9,27.7,253.0,0.0,2.84,openaq_ground,15.555555555555554,Good
2026-06-08 20:00:00,7.9,69.0,1021.8,28.7,243.0,0.0,1.7399999999999998,openaq_ground,9.444444444444445,Good
2026-06-08 21:00:00,7.9,71.0,1022.8,27.9,244.0,0.0,1.78,openaq_ground,9.444444444444445,Good
2026-06-08 22:00:00,8.6,70.0,1023.8,25.8,248.0,0.0,2.22,openaq_ground,12.222222222222223,Good
2026-06-08 23:00:00,9.5,69.0,1024.7,21.8,249.0,0.0,3.18,openaq_ground,17.22222222222222,Good
2026-06-09 00:00:00,10.2,64.0,1025.1,21.8,247.0,0.0,1.4600000000000002,openaq_ground,7.777777777777777,Good
2026-06-09 01:00:00,10.6,63.0,1025.0,22.2,245.0,0.0,3.08,openaq_ground,16.666666666666664,Good
2026-06-09 02:00:00,11.0,63.0,1025.2,23.6,248.0,0.0,2.08,openaq_ground,11.11111111111111,Good
2026-06-09 03:00:00,11.1,64.0,1025.4,26.4,243.0,0.0,2.1,openaq_ground,11.666666666666666,Good
2026-06-09 04:00:00,10.5,70.0,1026.0,19.5,256.0,0.0,2.8600000000000003,openaq_ground,15.555555555555554,Good
2026-06-09 05:00:00,9.6,74.0,1026.9,20.0,256.0,0.0,2.54,openaq_ground,13.88888888888889,Good
2026-06-09 06:00:00,9.3,73.0,1027.0,18.0,268.0,0.0,2.38,openaq_ground,12.777777777777777,Good
2026-06-09 07:00:00,9.4,70.0,1027.4,18.2,278.0,0.0,1.7,openaq_ground,9.444444444444445,Good
2026-06-09 08:00:00,9.7,70.0,1027.7,17.1,274.0,0.0,1.02,openaq_ground,5.555555555555555,Good
2026-06-09 09:00:00,9.7,72.0,1027.9,14.7,276.0,0.0,1.2399999999999998,openaq_ground,6.666666666666666,Good
2026-06-09 10:00:00,9.6,74.0,1028.3,12.1,280.0,0.0,0.8400000000000001,openaq_ground,4.444444444444445,Good
2026-06-09 11:00:00,8.9,78.0,1028.6,9.2,291.0,0.0,0.64,openaq_ground,3.333333333333333,Good
2026-06-09 12:00:00,8.9,78.0,1029.1,10.8,285.0,0.0,0.42,openaq_ground,2.2222222222222223,Good
2026-06-09 13:00:00,8.4,80.0,1029.2,9.9,286.0,0.0,0.32,openaq_ground,1.6666666666666665,Good
2026-06-09 14:00:00,8.7,79.0,1029.4,11.2,282.0,0.0,0.2,openaq_ground,1.1111111111111112,Good
2026-06-09 15:00:00,9.3,77.0,1029.8,12.7,278.0,0.0,0.1399999999999999,openaq_ground,0.5555555555555556,Good
2026-06-09 16:00:00,9.0,78.0,1029.7,12.0,277.0,0.0,0.24,openaq_ground,1.1111111111111112,Good
2026-06-09 17:00:00,8.5,80.0,1029.7,10.4,280.0,0.0,0.38,openaq_ground,1.6666666666666665,Good
2026-06-09 18:00:00,7.8,81.0,1030.5,8.2,293.0,0.0,2.92,openaq_ground,16.11111111111111,Good
2026-06-09 19:00:00,7.6,80.0,1031.0,7.3,300.0,0.0,3.76,openaq_ground,20.555555555555557,Good
2026-06-09 20:00:00,6.7,83.0,1031.2,6.8,318.0,0.0,1.78,openaq_ground,9.444444444444445,Good
2026-06-09 21:00:00,6.4,83.0,1031.6,8.9,332.0,0.0,3.3200000000000003,openaq_ground,18.333333333333332,Good
2026-06-09 22:00:00,8.2,79.0,1031.7,9.7,332.0,0.0,1.86,openaq_ground,10.0,Good
2026-06-09 23:00:00,10.2,76.0,1031.8,8.5,333.0,0.0,1.12,openaq_ground,6.111111111111112,Good
2026-06-10 00:00:00,12.1,70.0,1031.5,6.2,311.0,0.0,0.9,openaq_ground,5.0,Good
2026-06-10 01:00:00,12.9,63.0,1031.1,6.3,268.0,0.0,0.2799999999999999,openaq_ground,1.1111111111111112,Good
2026-06-10 02:00:00,13.0,64.0,1031.0,8.2,244.0,0.0,0.76,openaq_ground,3.8888888888888884,Good
2026-06-10 03:00:00,12.7,66.0,1030.7,9.0,235.0,0.0,1.3,openaq_ground,7.222222222222222,Good
2026-06-10 04:00:00,11.7,72.0,1030.8,6.9,231.0,0.0,4.18,openaq_ground,22.777777777777775,Good
2026-06-10 05:00:00,9.4,79.0,1031.3,4.8,255.0,0.0,17.84,openaq_ground,67.20912547528518,Moderate
2026-06-10 06:00:00,8.4,78.0,1031.3,4.4,291.0,0.0,17.8,openaq_ground,67.20912547528518,Moderate
2026-06-10 07:00:00,8.1,79.0,1031.8,4.8,307.0,0.0,12.6,openaq_ground,57.52091254752852,Moderate
2026-06-10 08:00:00,7.5,82.0,1032.0,4.4,330.0,0.0,11.84,openaq_ground,56.030418250950575,Moderate
2026-06-10 09:00:00,6.2,87.0,1031.9,5.9,340.0,0.0,9.18,openaq_ground,51.0,Moderate
2026-06-10 10:00:00,5.0,90.0,1032.3,7.1,345.0,0.0,7.6800000000000015,openaq_ground,42.22222222222222,Good
2026-06-10 11:00:00,4.2,92.0,1032.2,8.9,347.0,0.0,5.959999999999999,openaq_ground,32.77777777777778,Good
2026-06-10 12:00:00,4.3,90.0,1032.2,9.3,347.0,0.0,2.9,openaq_ground,16.11111111111111,Good
2026-06-10 13:00:00,3.5,91.0,1032.3,9.7,344.0,0.0,1.48,openaq_ground,7.777777777777777,Good
2026-06-10 14:00:00,3.4,90.0,1031.9,10.9,344.0,0.0,1.3199999999999998,openaq_ground,7.222222222222222,Good
2026-06-10 15:00:00,3.5,89.0,1031.8,11.4,342.0,0.0,0.1399999999999999,openaq_ground,0.5555555555555556,Good
2026-06-10 16:00:00,3.7,88.0,1031.3,12.1,340.0,0.0,0.06,openaq_ground,0.0,Good
2026-06-10 17:00:00,3.7,87.0,1030.6,12.1,343.0,0.0,0.22,openaq_ground,1.1111111111111112,Good
2026-06-10 18:00:00,3.6,87.0,1030.5,12.1,343.0,0.0,3.38,openaq_ground,18.333333333333332,Good
2026-06-10 19:00:00,3.4,87.0,1030.6,12.2,341.0,0.0,6.2,openaq_ground,34.44444444444444,Good
2026-06-10 20:00:00,3.1,87.0,1030.6,10.7,337.0,0.0,10.78,openaq_ground,53.98098859315589,Moderate
2026-06-10 21:00:00,3.6,84.0,1031.0,10.7,340.0,0.0,11.58,openaq_ground,55.47148288973384,Moderate
2026-06-10 22:00:00,6.4,77.0,1030.9,11.3,340.0,0.0,7.840000000000001,openaq_ground,43.33333333333333,Good
2026-06-10 23:00:00,9.2,71.0,1030.5,10.4,342.0,0.0,6.0600000000000005,openaq_ground,33.33333333333333,Good
2026-06-11 00:00:00,11.0,67.0,1029.5,10.3,357.0,0.0,4.040000000000001,openaq_ground,22.22222222222222,Good
2026-06-11 01:00:00,12.3,59.0,1028.4,8.1,356.0,0.0,1.82,openaq_ground,10.0,Good
2026-06-11 02:00:00,12.4,57.0,1027.6,8.5,5.0,0.0,2.94,openaq_ground,16.11111111111111,Good
2026-06-11 03:00:00,12.2,61.0,1026.8,7.9,11.0,0.0,4.84,openaq_ground,26.666666666666664,Good
2026-06-11 04:00:00,10.9,68.0,1026.8,6.5,3.0,0.0,8.559999999999999,openaq_ground,47.22222222222222,Good
2026-06-11 05:00:00,8.2,73.0,1026.8,9.2,358.0,0.0,14.6,openaq_ground,61.247148288973385,Moderate
2026-06-11 06:00:00,6.7,69.0,1026.6,12.2,359.0,0.0,25.06,openaq_ground,80.6235741444867,Moderate
2026-06-11 07:00:00,7.3,59.0,1025.9,13.7,359.0,0.0,25.32,openaq_ground,81.18250950570342,Moderate
2026-06-11 08:00:00,7.8,59.0,1026.0,13.8,349.0,0.0,22.28,openaq_ground,75.40684410646388,Moderate
2026-06-11 09:00:00,8.4,64.0,1025.4,17.9,351.0,0.0,18.86,openaq_ground,69.07224334600761,Moderate
2026-06-11 10:00:00,9.1,63.0,1025.4,16.3,353.0,0.0,21.0,openaq_ground,73.17110266159696,Moderate
2026-06-11 11:00:00,9.2,62.0,1025.3,13.8,349.0,0.0,16.32,openaq_ground,64.41444866920152,Moderate
2026-06-11 12:00:00,8.8,59.0,1025.4,12.0,339.0,0.1,15.56,openaq_ground,62.92395437262358,Moderate
2026-06-11 13:00:00,8.5,70.0,1026.3,11.5,314.0,0.1,6.659999999999999,openaq_ground,36.666666666666664,Good
2026-06-11 14:00:00,7.6,90.0,1026.7,8.1,302.0,1.2,2.82,openaq_ground,15.555555555555554,Good
2026-06-11 15:00:00,8.5,91.0,1027.4,11.2,292.0,0.6,0.78,openaq_ground,3.8888888888888884,Good
2026-06-11 16:00:00,9.3,92.0,1027.9,15.7,259.0,0.2,0.2799999999999999,openaq_ground,1.1111111111111112,Good
2026-06-11 17:00:00,8.8,94.0,1028.3,16.1,256.0,0.0,0.64,openaq_ground,3.333333333333333,Good
2026-06-11 18:00:00,8.8,93.0,1029.2,14.2,258.0,0.0,1.16,openaq_ground,6.111111111111112,Good
2026-06-11 19:00:00,8.6,92.0,1029.8,13.2,265.0,0.0,1.7,openaq_ground,9.444444444444445,Good
2026-06-11 20:00:00,8.1,92.0,1030.1,12.6,268.0,0.0,2.46,openaq_ground,13.333333333333332,Good
2026-06-11 21:00:00,7.9,91.0,1030.8,11.3,272.0,0.0,2.08,openaq_ground,11.11111111111111,Good
2026-06-11 22:00:00,9.0,88.0,1031.2,11.7,274.0,0.0,1.6,openaq_ground,8.88888888888889,Good
2026-06-11 23:00:00,10.0,81.0,1031.4,11.1,263.0,0.0,1.56,openaq_ground,8.333333333333332,Good
2026-06-12 00:00:00,11.2,76.0,1031.1,10.0,249.0,0.0,1.0,openaq_ground,5.555555555555555,Good
2026-06-12 01:00:00,11.6,71.0,1030.4,9.2,247.0,0.0,0.92,openaq_ground,5.0,Good
2026-06-12 02:00:00,11.8,70.0,1030.1,8.0,239.0,0.0,0.98,openaq_ground,5.0,Good
2026-06-12 03:00:00,11.6,70.0,1029.8,6.8,235.0,0.0,3.76,openaq_ground,20.555555555555557,Good
2026-06-12 04:00:00,10.6,81.0,1029.9,2.8,220.0,0.0,10.96,openaq_ground,54.35361216730038,Moderate
2026-06-12 05:00:00,8.8,82.0,1030.2,0.7,284.0,0.0,27.24,openaq_ground,84.72243346007605,Moderate
2026-06-12 06:00:00,7.1,85.0,1029.9,1.8,11.0,0.0,33.06,openaq_ground,95.52851711026616,Moderate
2026-06-12 07:00:00,6.8,83.0,1030.0,3.5,9.0,0.0,37.46,openaq_ground,105.67839195979899,Unhealthy (Sensitive Groups)
2026-06-12 08:00:00,6.0,87.0,1029.9,3.8,3.0,0.0,38.12,openaq_ground,107.40201005025126,Unhealthy (Sensitive Groups)
2026-06-12 09:00:00,5.3,89.0,1029.7,3.6,351.0,0.0,26.5,openaq_ground,83.41825095057034,Moderate
2026-06-12 10:00:00,4.4,92.0,1029.7,4.4,341.0,0.0,23.52,openaq_ground,77.82889733840304,Moderate
2026-06-12 11:00:00,3.7,94.0,1029.6,5.3,342.0,0.0,17.72,openaq_ground,67.02281368821292,Moderate
2026-06-12 12:00:00,2.8,94.0,1029.0,4.3,343.0,0.0,12.1,openaq_ground,56.5893536121673,Moderate
2026-06-12 13:00:00,2.4,97.0,1028.5,4.2,340.0,0.0,5.04,openaq_ground,27.77777777777778,Good
2026-06-12 14:00:00,1.7,100.0,1028.4,4.2,342.0,0.0,5.92,openaq_ground,32.77777777777778,Good
2026-06-12 15:00:00,1.8,99.0,1028.5,5.2,346.0,0.0,1.44,openaq_ground,7.777777777777777,Good
2026-06-12 16:00:00,1.7,99.0,1027.8,7.0,347.0,0.0,1.02,openaq_ground,5.555555555555555,Good
2026-06-12 17:00:00,1.5,98.0,1027.4,8.4,344.0,0.0,1.04,openaq_ground,5.555555555555555,Good
2026-06-12 18:00:00,1.0,98.0,1027.5,11.3,346.0,0.0,1.3,openaq_ground,7.222222222222222,Good
2026-06-12 19:00:00,0.5,98.0,1027.8,9.4,336.0,0.0,1.36,openaq_ground,7.222222222222222,Good
2026-06-12 20:00:00,0.6,96.0,1027.8,8.9,336.0,0.0,2.1,openaq_ground,11.666666666666666,Good
2026-06-12 21:00:00,1.0,95.0,1028.2,8.4,335.0,0.0,6.640000000000001,openaq_ground,36.666666666666664,Good
2026-06-12 22:00:00,4.0,86.0,1028.3,6.9,332.0,0.0,3.94,openaq_ground,21.666666666666664,Good
2026-06-12 23:00:00,7.7,79.0,1028.5,7.8,328.0,0.0,0.8400000000000001,openaq_ground,4.444444444444445,Good
2026-06-13 00:00:00,9.9,72.0,1027.9,7.0,318.0,0.0,0.58,openaq_ground,2.7777777777777777,Good
2026-06-13 01:00:00,10.2,71.0,1027.3,5.2,297.0,0.0,0.6,openaq_ground,3.333333333333333,Good
2026-06-13 02:00:00,10.6,69.0,1026.7,4.0,300.0,0.0,1.1800000000000002,openaq_ground,6.111111111111112,Good
2026-06-13 03:00:00,10.5,73.0,1025.8,2.7,340.0,0.0,6.2,openaq_ground,34.44444444444444,Good
2026-06-13 04:00:00,9.2,85.0,1025.9,2.6,39.0,0.0,13.36,openaq_ground,58.825095057034225,Moderate
2026-06-13 05:00:00,6.6,90.0,1025.5,4.5,16.0,0.0,21.12,openaq_ground,73.3574144486692,Moderate
2026-06-13 06:00:00,4.6,96.0,1025.3,8.4,9.0,0.0,18.3,openaq_ground,68.14068441064639,Moderate
2026-06-13 07:00:00,4.2,97.0,1024.8,10.1,6.0,0.0,19.9,openaq_ground,71.12167300380229,Moderate
2026-06-13 08:00:00,4.0,95.0,1024.8,9.0,357.0,0.0,16.82,openaq_ground,65.34600760456274,Moderate
2026-06-13 09:00:00,3.8,93.0,1024.3,8.9,352.0,0.0,20.84,openaq_ground,72.79847908745248,Moderate
2026-06-13 10:00:00,3.6,91.0,1023.9,9.6,346.0,0.0,21.34,openaq_ground,73.73003802281369,Moderate
2026-06-13 11:00:00,3.3,88.0,1023.2,10.4,345.0,0.0,23.6,openaq_ground,78.0152091254753,Moderate
2026-06-13 12:00:00,3.1,81.0,1022.6,11.8,351.0,0.0,21.86,openaq_ground,74.66159695817491,Moderate
2026-06-13 13:00:00,3.0,80.0,1022.4,10.1,344.0,0.0,17.06,openaq_ground,65.71863117870723,Moderate
2026-06-13 14:00:00,3.0,81.0,1021.5,10.9,348.0,0.0,9.04,openaq_ground,50.0,Good
2026-06-13 15:00:00,3.6,79.0,1020.7,12.4,351.0,0.0,7.040000000000001,openaq_ground,38.888888888888886,Good
2026-06-13 16:00:00,4.1,77.0,1019.8,14.1,350.0,0.0,5.32,openaq_ground,29.444444444444443,Good
2026-06-13 17:00:00,4.6,74.0,1019.0,15.6,352.0,0.0,2.5200000000000005,openaq_ground,13.88888888888889,Good
2026-06-13 18:00:00,4.4,72.0,1018.5,16.9,358.0,0.0,1.8,openaq_ground,10.0,Good
2026-06-13 19:00:00,4.8,72.0,1017.7,15.2,350.0,0.0,4.0600000000000005,openaq_ground,22.22222222222222,Good
2026-06-13 20:00:00,4.8,72.0,1016.6,15.9,356.0,0.0,7.3,openaq_ground,40.55555555555555,Good
2026-06-13 21:00:00,6.5,68.0,1015.9,15.5,1.0,0.0,5.76,openaq_ground,31.666666666666668,Good
2026-06-13 22:00:00,8.8,67.0,1015.1,11.0,15.0,0.0,5.18,openaq_ground,28.33333333333333,Good
2026-06-13 23:00:00,11.6,67.0,1015.2,6.3,39.0,0.0,8.780000000000001,openaq_ground,48.33333333333333,Good
2026-06-14 00:00:00,13.3,64.0,1014.2,9.4,18.0,0.0,7.979999999999999,openaq_ground,43.88888888888889,Good
2026-06-14 01:00:00,15.4,57.0,1012.8,13.5,348.0,0.0,5.98,openaq_ground,32.77777777777778,Good
2026-06-14 02:00:00,16.4,47.0,1011.8,18.1,331.0,0.0,5.220000000000001,openaq_ground,28.88888888888889,Good
2026-06-14 03:00:00,16.1,49.0,1011.0,14.7,318.0,0.0,3.4,openaq_ground,18.88888888888889,Good
2026-06-14 04:00:00,15.5,53.0,1010.8,13.9,316.0,0.0,3.22,openaq_ground,17.77777777777778,Good
2026-06-14 05:00:00,15.2,52.0,1010.2,18.4,329.0,0.0,9.72,openaq_ground,52.11787072243346,Moderate
2026-06-14 06:00:00,14.3,53.0,1009.9,14.0,338.0,0.0,21.06,openaq_ground,73.17110266159696,Moderate
2026-06-14 07:00:00,13.0,61.0,1010.2,5.5,302.0,0.0,22.76,openaq_ground,76.3384030418251,Moderate
2026-06-14 08:00:00,12.2,68.0,1010.8,3.9,307.0,0.1,19.4,openaq_ground,70.19011406844106,Moderate
2026-06-14 09:00:00,11.4,82.0,1010.7,3.9,347.0,1.0,16.8,openaq_ground,65.34600760456274,Moderate
2026-06-14 10:00:00,10.8,89.0,1011.7,7.1,249.0,0.2,14.18,openaq_ground,60.31558935361217,Moderate
2026-06-14 11:00:00,9.7,95.0,1013.1,8.4,247.0,0.8,14.739999999999998,openaq_ground,61.43346007604563,Moderate
2026-06-14 12:00:00,9.5,91.0,1012.8,13.9,246.0,1.1,4.680000000000001,openaq_ground,25.555555555555554,Good
2026-06-14 13:00:00,9.1,92.0,1013.4,8.8,250.0,2.8,0.44,openaq_ground,2.2222222222222223,Good
2026-06-14 14:00:00,9.0,92.0,1013.2,7.9,237.0,2.7,0.32,openaq_ground,1.6666666666666665,Good
2026-06-14 15:00:00,8.9,92.0,1013.5,7.4,238.0,1.5,0.18,openaq_ground,0.5555555555555556,Good
2026-06-14 16:00:00,9.1,90.0,1013.1,12.5,258.0,0.2,0.3,openaq_ground,1.6666666666666665,Good
2026-06-14 17:00:00,9.1,87.0,1013.4,15.8,262.0,0.0,0.04,openaq_ground,0.0,Good
2026-06-14 18:00:00,9.4,87.0,1014.2,16.7,243.0,0.0,2.2,openaq_ground,12.222222222222223,Good
2026-06-14 19:00:00,8.8,90.0,1015.0,21.0,254.0,0.0,4.88,openaq_ground,26.666666666666664,Good
2026-06-14 20:00:00,8.6,87.0,1015.8,21.9,256.0,0.0,1.38,openaq_ground,7.222222222222222,Good
2026-06-14 21:00:00,8.8,84.0,1016.6,20.9,257.0,0.0,1.34,openaq_ground,7.222222222222222,Good
2026-06-14 22:00:00,9.0,81.0,1017.4,20.3,262.0,0.0,1.56,openaq_ground,8.333333333333332,Good
2026-06-14 23:00:00,9.7,78.0,1018.1,18.4,256.0,0.0,0.72,openaq_ground,3.8888888888888884,Good
2026-06-15 00:00:00,10.3,73.0,1018.6,20.1,242.0,0.0,4.6,openaq_ground,25.555555555555554,Good
2026-06-15 01:00:00,9.2,81.0,1018.9,22.5,231.0,0.3,1.58,openaq_ground,8.333333333333332,Good
2026-06-15 02:00:00,8.7,87.0,1019.6,18.7,218.0,0.4,1.84,openaq_ground,10.0,Good
2026-06-15 03:00:00,8.2,91.0,1020.5,17.9,170.0,0.5,2.0,openaq_ground,11.11111111111111,Good
2026-06-15 04:00:00,7.8,94.0,1021.5,16.1,176.0,0.9,6.0200000000000005,openaq_ground,33.33333333333333,Good
2026-06-15 05:00:00,7.1,94.0,1022.3,17.5,179.0,0.8,7.140000000000001,openaq_ground,39.44444444444444,Good
2026-06-15 06:00:00,6.7,93.0,1023.2,16.0,173.0,0.8,9.26,openaq_ground,51.18631178707224,Moderate
2026-06-15 07:00:00,6.8,90.0,1023.8,13.9,190.0,0.3,9.32,openaq_ground,51.37262357414449,Moderate
2026-06-15 08:00:00,6.6,87.0,1024.4,13.2,186.0,0.1,10.5,openaq_ground,53.60836501901141,Moderate
2026-06-15 09:00:00,6.4,83.0,1024.8,11.1,194.0,0.0,7.840000000000001,openaq_ground,43.33333333333333,Good
2026-06-15 10:00:00,6.3,81.0,1025.2,8.3,213.0,0.0,6.5200000000000005,openaq_ground,36.11111111111111,Good
2026-06-15 11:00:00,6.2,81.0,1025.2,8.2,220.0,0.0,6.859999999999999,openaq_ground,37.77777777777778,Good
2026-06-15 12:00:00,5.3,88.0,1025.3,4.2,260.0,0.0,6.98,openaq_ground,38.333333333333336,Good
2026-06-15 13:00:00,4.6,92.0,1025.5,5.3,278.0,0.0,3.74,openaq_ground,20.555555555555557,Good
2026-06-15 14:00:00,3.8,93.0,1025.1,5.0,314.0,0.0,1.62,openaq_ground,8.88888888888889,Good
2026-06-15 15:00:00,2.3,96.0,1024.9,5.8,334.0,0.0,1.46,openaq_ground,7.777777777777777,Good
2026-06-15 16:00:00,0.9,95.0,1024.4,5.5,351.0,0.0,0.8,openaq_ground,4.444444444444445,Good
2026-06-15 17:00:00,-0.4,99.0,1023.9,7.0,360.0,0.0,1.02,openaq_ground,5.555555555555555,Good
2026-06-15 18:00:00,-1.1,98.0,1023.9,8.1,359.0,0.0,2.3,openaq_ground,12.777777777777777,Good
2026-06-15 19:00:00,-0.7,99.0,1023.4,9.0,360.0,0.0,5.84,openaq_ground,32.22222222222222,Good
2026-06-15 20:00:00,-0.5,99.0,1023.0,10.3,353.0,0.0,14.38,openaq_ground,60.68821292775666,Moderate
2026-06-15 21:00:00,-0.3,99.0,1022.1,12.6,358.0,0.0,11.08,openaq_ground,54.539923954372625,Moderate
2026-06-15 22:00:00,1.9,97.0,1021.2,10.9,340.0,0.0,6.24,openaq_ground,34.44444444444444,Good
2026-06-15 23:00:00,4.4,90.0,1020.2,7.5,336.0,0.0,12.62,openaq_ground,57.52091254752852,Moderate
2026-06-16 00:00:00,6.1,83.0,1019.2,4.7,279.0,0.0,4.16,openaq_ground,22.777777777777775,Good
2026-06-16 01:00:00,6.5,81.0,1018.0,4.0,260.0,0.0,2.68,openaq_ground,14.444444444444445,Good
2026-06-16 02:00:00,7.3,76.0,1016.4,1.1,288.0,0.0,2.88,openaq_ground,15.555555555555554,Good
2026-06-16 03:00:00,7.4,75.0,1014.7,2.8,79.0,0.0,4.76,openaq_ground,26.11111111111111,Good
2026-06-16 04:00:00,7.1,78.0,1013.4,6.9,53.0,0.0,23.1,openaq_ground,77.08365019011407,Moderate
2026-06-16 05:00:00,5.5,83.0,1012.2,4.9,28.0,0.0,39.14,openaq_ground,109.8643216080402,Unhealthy (Sensitive Groups)
2026-06-16 06:00:00,4.2,85.0,1010.7,8.7,7.0,0.0,46.02,openaq_ground,126.85427135678393,Unhealthy (Sensitive Groups)
2026-06-16 07:00:00,3.6,78.0,1009.2,10.5,4.0,0.0,40.7,openaq_ground,113.80402010050253,Unhealthy (Sensitive Groups)
2026-06-16 08:00:00,4.1,73.0,1007.4,14.5,8.0,0.0,29.7,openaq_ground,89.38022813688214,Moderate
2026-06-16 09:00:00,7.0,59.0,1005.1,14.9,8.0,0.0,15.0,openaq_ground,61.99239543726236,Moderate
2026-06-16 10:00:00,6.2,64.0,1005.3,6.6,349.0,0.0,10.5,openaq_ground,53.60836501901141,Moderate
2026-06-16 11:00:00,8.8,58.0,1004.4,17.7,305.0,0.0,1.58,openaq_ground,8.333333333333332,Good
2026-06-16 12:00:00,6.1,75.0,1003.9,6.6,307.0,0.8,0.4,openaq_ground,2.2222222222222223,Good
2026-06-16 13:00:00,6.4,79.0,1004.2,1.9,221.0,0.4,0.1,openaq_ground,0.5555555555555556,Good
2026-06-16 14:00:00,5.8,87.0,1004.7,8.4,259.0,0.3,0.08,openaq_ground,0.0,Good
2026-06-16 15:00:00,6.8,93.0,1005.1,16.6,272.0,0.7,0.36,openaq_ground,1.6666666666666665,Good
2026-06-16 16:00:00,7.3,91.0,1005.3,24.2,258.0,0.0,0.42,openaq_ground,2.2222222222222223,Good
2026-06-16 17:00:00,6.4,88.0,1005.7,24.6,259.0,0.0,0.16,openaq_ground,0.5555555555555556,Good
2026-06-16 18:00:00,6.1,88.0,1006.0,23.8,262.0,0.0,1.98,openaq_ground,10.555555555555555,Good
2026-06-16 19:00:00,6.1,86.0,1007.1,24.7,258.0,0.0,1.2399999999999998,openaq_ground,6.666666666666666,Good
2026-06-16 20:00:00,5.9,86.0,1008.1,24.2,257.0,0.0,1.0,openaq_ground,5.555555555555555,Good
2026-06-16 21:00:00,5.9,84.0,1009.1,23.1,257.0,0.0,1.52,openaq_ground,8.333333333333332,Good
2026-06-16 22:00:00,6.6,81.0,1009.9,23.0,255.0,0.0,2.34,openaq_ground,12.777777777777777,Good
2026-06-16 23:00:00,7.3,77.0,1010.7,18.2,256.0,0.0,2.16,openaq_ground,11.666666666666666,Good
2026-06-17 00:00:00,7.7,76.0,1010.8,18.0,248.0,0.0,1.72,openaq_ground,9.444444444444445,Good
2026-06-17 01:00:00,7.9,74.0,1010.7,19.5,252.0,0.0,1.22,openaq_ground,6.666666666666666,Good
2026-06-17 02:00:00,8.1,72.0,1010.6,22.1,248.0,0.0,0.76,openaq_ground,3.8888888888888884,Good
2026-06-17 03:00:00,7.9,73.0,1010.7,22.1,249.0,0.0,1.12,openaq_ground,6.111111111111112,Good
2026-06-17 04:00:00,7.7,77.0,1010.9,17.9,255.0,0.0,2.44,openaq_ground,13.333333333333332,Good
2026-06-17 05:00:00,6.8,79.0,1011.0,14.3,264.0,0.0,2.56,openaq_ground,13.88888888888889,Good
2026-06-17 06:00:00,5.7,82.0,1010.5,9.4,282.0,0.0,5.42,openaq_ground,30.0,Good
2026-06-17 07:00:00,4.8,82.0,1010.1,6.0,321.0,0.0,8.780000000000001,openaq_ground,48.33333333333333,Good
2026-06-17 08:00:00,3.9,82.0,1009.7,4.6,342.0,0.0,24.7,openaq_ground,80.06463878326997,Moderate
2026-06-17 09:00:00,2.8,84.0,1009.5,3.9,347.0,0.0,25.58,openaq_ground,81.5551330798479,Moderate
2026-06-17 10:00:00,1.4,90.0,1009.5,4.1,347.0,0.0,25.82,openaq_ground,82.11406844106465,Moderate
2026-06-17 11:00:00,1.2,89.0,1009.1,4.3,345.0,0.0,24.74,openaq_ground,80.06463878326997,Moderate
2026-06-17 12:00:00,0.4,90.0,1008.5,6.1,5.0,0.0,18.9,openaq_ground,69.25855513307985,Moderate
2026-06-17 13:00:00,0.3,88.0,1007.4,8.6,2.0,0.0,12.34,openaq_ground,56.96197718631179,Moderate
2026-06-17 14:00:00,-0.5,90.0,1007.2,6.8,328.0,0.0,2.52,openaq_ground,13.88888888888889,Good
2026-06-17 15:00:00,-0.6,92.0,1007.8,7.1,326.0,0.0,0.48,openaq_ground,2.2222222222222223,Good
2026-06-17 16:00:00,-0.2,91.0,1006.7,4.1,347.0,0.0,2.1,openaq_ground,11.666666666666666,Good
2026-06-17 17:00:00,-0.4,92.0,1006.4,6.1,332.0,0.0,1.22,openaq_ground,6.666666666666666,Good
2026-06-17 18:00:00,0.3,87.0,1006.5,9.9,339.0,0.0,4.18,openaq_ground,22.777777777777775,Good
2026-06-17 19:00:00,-0.2,89.0,1007.0,9.2,334.0,0.0,7.960000000000001,openaq_ground,43.88888888888889,Good
2026-06-17 20:00:00,2.9,75.0,1007.3,13.5,327.0,0.0,6.659999999999999,openaq_ground,36.666666666666664,Good
2026-06-17 21:00:00,7.3,62.0,1007.5,16.4,299.0,0.0,8.2,openaq_ground,45.55555555555555,Good
2026-06-17 22:00:00,9.2,60.0,1008.0,18.5,277.0,0.0,1.16,openaq_ground,6.111111111111112,Good
2026-06-17 23:00:00,10.1,60.0,1008.8,17.9,266.0,0.0,2.22,openaq_ground,12.222222222222223,Good
2026-06-18 00:00:00,11.2,57.0,1008.5,17.8,259.0,0.0,0.64,openaq_ground,3.333333333333333,Good
2026-06-18 01:00:00,11.3,59.0,1008.1,18.7,269.0,0.0,2.46,openaq_ground,13.333333333333332,Good
2026-06-18 02:00:00,11.6,60.0,1008.1,19.6,260.0,0.0,0.1399999999999999,openaq_ground,0.5555555555555556,Good
2026-06-18 03:00:00,11.2,63.0,1008.5,19.8,256.0,0.0,0.4,openaq_ground,2.2222222222222223,Good
2026-06-18 04:00:00,10.7,66.0,1009.3,19.1,258.0,0.0,2.3,openaq_ground,12.777777777777777,Good
2026-06-18 05:00:00,10.1,68.0,1010.1,18.5,257.0,0.0,4.0200000000000005,openaq_ground,22.22222222222222,Good
2026-06-18 06:00:00,9.8,69.0,1010.7,15.7,246.0,0.0,4.340000000000001,openaq_ground,23.888888888888886,Good
2026-06-18 07:00:00,9.2,78.0,1011.5,14.3,237.0,0.0,5.08,openaq_ground,27.77777777777778,Good
2026-06-18 08:00:00,8.5,88.0,1012.4,12.4,239.0,0.1,6.08,openaq_ground,33.33333333333333,Good
2026-06-18 09:00:00,7.9,94.0,1012.9,6.2,244.0,0.4,4.04,openaq_ground,22.22222222222222,Good
2026-06-18 10:00:00,7.6,95.0,1013.2,1.6,297.0,0.3,6.840000000000001,openaq_ground,37.77777777777778,Good
2026-06-18 11:00:00,7.7,93.0,1013.4,0.3,315.0,0.1,7.74,openaq_ground,42.77777777777778,Good
2026-06-18 12:00:00,7.1,93.0,1014.1,0.6,34.0,0.0,8.32,openaq_ground,46.111111111111114,Good
2026-06-18 13:00:00,6.1,96.0,1013.6,4.8,20.0,0.0,7.08,openaq_ground,38.888888888888886,Good
2026-06-18 14:00:00,4.8,97.0,1013.1,8.2,10.0,0.0,2.06,openaq_ground,11.11111111111111,Good
2026-06-18 15:00:00,4.7,97.0,1012.9,8.9,14.0,0.0,0.5,openaq_ground,2.7777777777777777,Good
2026-06-18 16:00:00,4.3,97.0,1012.7,8.5,12.0,0.0,0.3399999999999999,openaq_ground,1.6666666666666665,Good
2026-06-18 17:00:00,3.8,97.0,1012.2,9.7,10.0,0.0,0.38,openaq_ground,1.6666666666666665,Good
2026-06-18 18:00:00,4.6,97.0,1011.7,12.5,20.0,0.0,0.74,openaq_ground,3.8888888888888884,Good
2026-06-18 19:00:00,4.7,97.0,1011.2,10.0,14.0,0.0,0.78,openaq_ground,3.8888888888888884,Good
2026-06-18 20:00:00,4.1,95.0,1010.8,8.3,4.0,0.0,2.32,openaq_ground,12.777777777777777,Good
2026-06-18 21:00:00,4.3,93.0,1010.2,13.1,8.0,0.0,5.48,openaq_ground,30.0,Good
2026-06-18 22:00:00,6.3,87.0,1009.7,14.8,6.0,0.0,5.26,openaq_ground,28.88888888888889,Good
2026-06-18 23:00:00,8.6,77.0,1008.9,13.5,8.0,0.0,4.36,openaq_ground,23.888888888888886,Good
2026-06-19 00:00:00,11.1,71.0,1007.4,14.3,15.0,0.0,2.66,openaq_ground,14.444444444444445,Good
2026-06-19 01:00:00,12.2,67.0,1006.3,14.3,6.0,0.0,4.58,openaq_ground,25.0,Good
2026-06-19 02:00:00,13.3,58.0,1005.3,16.0,346.0,0.0,6.38,openaq_ground,35.0,Good
2026-06-19 03:00:00,12.8,60.0,1004.3,12.8,359.0,0.0,8.3,openaq_ground,46.111111111111114,Good
2026-06-19 04:00:00,12.7,62.0,1004.4,9.1,17.0,0.0,3.3200000000000003,openaq_ground,18.333333333333332,Good
2026-06-19 05:00:00,11.5,66.0,1004.9,8.1,25.0,0.0,5.6,openaq_ground,31.111111111111107,Good
2026-06-19 06:00:00,13.0,59.0,1003.6,15.4,18.0,0.0,4.62,openaq_ground,25.555555555555554,Good
2026-06-19 07:00:00,13.2,59.0,1003.1,15.6,35.0,0.0,4.14,openaq_ground,22.777777777777775,Good
2026-06-19 08:00:00,13.2,60.0,1002.4,16.7,27.0,0.0,3.02,openaq_ground,16.666666666666664,Good
2026-06-19 09:00:00,12.8,62.0,1001.8,16.6,29.0,0.0,3.76,openaq_ground,20.555555555555557,Good
2026-06-19 10:00:00,12.6,63.0,1001.3,15.0,26.0,0.0,1.02,openaq_ground,5.555555555555555,Good
2026-06-19 11:00:00,11.5,67.0,1001.3,12.2,20.0,0.0,0.48,openaq_ground,2.2222222222222223,Good
2026-06-19 12:00:00,10.7,67.0,1001.4,13.5,1.0,0.0,1.92,openaq_ground,10.555555555555555,Good
2026-06-19 13:00:00,9.3,76.0,1001.6,6.0,343.0,0.0,2.2,openaq_ground,12.222222222222223,Good
2026-06-19 14:00:00,9.6,77.0,1000.9,2.8,345.0,0.0,1.3199999999999998,openaq_ground,7.222222222222222,Good
2026-06-19 15:00:00,9.9,77.0,1001.1,6.8,343.0,0.0,1.88,openaq_ground,10.0,Good
2026-06-19 16:00:00,10.6,84.0,1001.4,9.3,342.0,0.5,2.04,openaq_ground,11.11111111111111,Good
2026-06-19 17:00:00,9.4,93.0,1002.3,5.1,247.0,1.4,3.46,openaq_ground,18.88888888888889,Good
2026-06-19 18:00:00,9.5,89.0,1001.9,8.2,8.0,1.4,1.0,openaq_ground,5.555555555555555,Good
2026-06-19 19:00:00,9.6,91.0,1001.3,10.2,352.0,0.1,1.88,openaq_ground,10.0,Good
2026-06-19 20:00:00,8.8,94.0,1001.0,9.6,348.0,0.1,4.359999999999999,openaq_ground,23.888888888888886,Good
2026-06-19 21:00:00,9.0,93.0,1001.2,8.9,354.0,0.1,9.16,openaq_ground,51.0,Moderate
2026-06-19 22:00:00,10.0,93.0,1001.3,7.4,354.0,0.4,3.5,openaq_ground,19.444444444444443,Good
2026-06-19 23:00:00,10.4,94.0,1001.8,3.7,349.0,0.7,10.64,openaq_ground,53.79467680608365,Moderate
2026-06-20 00:00:00,10.7,95.0,1001.9,3.5,9.0,0.8,10.02,openaq_ground,52.67680608365019,Moderate
2026-06-20 01:00:00,10.6,96.0,1002.0,0.6,342.0,1.9,15.74,openaq_ground,63.29657794676806,Moderate
2026-06-20 02:00:00,10.4,96.0,1002.3,2.9,277.0,2.4,14.5,openaq_ground,61.06083650190114,Moderate
2026-06-20 03:00:00,10.5,94.0,1001.8,3.5,279.0,1.4,7.3,openaq_ground,40.55555555555555,Good
2026-06-20 04:00:00,10.3,94.0,1002.8,4.3,294.0,0.2,10.02,openaq_ground,52.67680608365019,Moderate
2026-06-20 05:00:00,9.2,93.0,1003.5,5.1,278.0,0.0,4.0,openaq_ground,22.22222222222222,Good
2026-06-20 06:00:00,9.7,95.0,1004.6,16.8,243.0,0.0,3.1,openaq_ground,17.22222222222222,Good
2026-06-20 07:00:00,9.5,95.0,1005.5,18.0,247.0,0.1,1.92,openaq_ground,10.555555555555555,Good
2026-06-20 08:00:00,9.1,94.0,1006.7,16.3,251.0,0.1,2.1,openaq_ground,11.666666666666666,Good
2026-06-20 09:00:00,8.9,94.0,1007.8,18.4,258.0,0.1,1.78,openaq_ground,9.444444444444445,Good
2026-06-20 10:00:00,8.8,93.0,1008.9,20.3,252.0,0.1,1.6,openaq_ground,8.88888888888889,Good
2026-06-20 11:00:00,8.4,93.0,1010.2,19.5,253.0,0.0,0.42,openaq_ground,2.2222222222222223,Good
2026-06-20 12:00:00,8.0,92.0,1011.2,16.8,254.0,0.0,0.4599999999999999,openaq_ground,2.2222222222222223,Good
2026-06-20 13:00:00,7.8,90.0,1012.0,17.4,254.0,0.0,0.5,openaq_ground,2.7777777777777777,Good
2026-06-20 14:00:00,7.4,86.0,1012.4,17.7,253.0,0.0,0.5,openaq_ground,2.7777777777777777,Good
2026-06-20 15:00:00,7.0,84.0,1013.1,16.6,254.0,0.0,0.58,openaq_ground,2.7777777777777777,Good
2026-06-20 16:00:00,6.7,85.0,1013.7,14.2,261.0,0.0,0.5,openaq_ground,2.7777777777777777,Good
2026-06-20 17:00:00,6.5,85.0,1014.0,13.3,271.0,0.0,0.38,openaq_ground,1.6666666666666665,Good
2026-06-20 18:00:00,5.7,84.0,1014.8,11.3,290.0,0.0,0.2,openaq_ground,1.1111111111111112,Good
2026-06-20 19:00:00,5.7,84.0,1015.2,12.0,286.0,0.0,0.52,openaq_ground,2.7777777777777777,Good
2026-06-20 20:00:00,5.4,83.0,1015.7,10.3,301.0,0.0,0.5,openaq_ground,2.7777777777777777,Good
2026-06-20 21:00:00,6.0,79.0,1016.6,12.5,288.0,0.0,0.5,openaq_ground,2.7777777777777777,Good
2026-06-20 22:00:00,7.6,74.0,1017.1,14.4,272.0,0.0,0.24,openaq_ground,1.1111111111111112,Good
2026-06-20 23:00:00,9.0,68.0,1017.4,17.3,271.0,0.0,0.1,openaq_ground,0.5555555555555556,Good
2026-06-21 00:00:00,10.1,64.0,1016.7,14.6,274.0,0.0,0.18,openaq_ground,0.5555555555555556,Good
2026-06-21 01:00:00,10.7,56.0,1016.3,16.7,272.0,0.0,0.06,openaq_ground,0.0,Good
2026-06-21 02:00:00,10.8,55.0,1016.2,17.8,268.0,0.0,0.2799999999999999,openaq_ground,1.1111111111111112,Good
2026-06-21 03:00:00,10.5,57.0,1016.1,16.1,264.0,0.0,0.92,openaq_ground,5.0,Good
2026-06-21 04:00:00,9.9,59.0,1016.7,14.6,261.0,0.0,2.44,openaq_ground,13.333333333333332,Good
2026-06-21 05:00:00,9.2,61.0,1017.2,16.2,271.0,0.0,4.24,openaq_ground,23.333333333333332,Good
2026-06-21 06:00:00,8.1,65.0,1017.4,13.7,281.0,0.0,6.6,openaq_ground,36.666666666666664,Good
2026-06-21 07:00:00,8.0,66.0,1018.0,13.5,274.0,0.0,5.880000000000001,openaq_ground,32.22222222222222,Good
2026-06-21 08:00:00,8.2,66.0,1018.6,16.2,272.0,0.0,4.44,openaq_ground,24.444444444444446,Good
2026-06-21 09:00:00,8.5,66.0,1018.8,19.1,274.0,0.0,1.5399999999999998,openaq_ground,8.333333333333332,Good
2026-06-21 10:00:00,8.2,68.0,1018.9,17.9,273.0,0.0,0.32,openaq_ground,1.6666666666666665,Good
2026-06-21 11:00:00,8.3,68.0,1019.7,16.6,274.0,0.0,0.1,openaq_ground,0.5555555555555556,Good
2026-06-21 12:00:00,7.8,71.0,1020.4,14.4,266.0,0.0,0.1,openaq_ground,0.5555555555555556,Good
2026-06-21 13:00:00,8.1,70.0,1020.7,13.1,279.0,0.0,0.04,openaq_ground,0.0,Good
2026-06-21 14:00:00,8.0,71.0,1020.7,10.4,281.0,0.0,0.0,openaq_ground,0.0,Good
2026-06-21 15:00:00,7.6,73.0,1021.0,7.5,291.0,0.0,0.04,openaq_ground,0.0,Good
2026-06-21 16:00:00,7.0,75.0,1021.2,6.4,302.0,0.0,0.5,openaq_ground,2.7777777777777777,Good
2026-06-21 17:00:00,6.3,77.0,1021.3,5.5,306.0,0.0,0.26,openaq_ground,1.1111111111111112,Good
2026-06-21 18:00:00,5.4,78.0,1021.7,5.1,328.0,0.0,2.64,openaq_ground,14.444444444444445,Good
2026-06-21 19:00:00,4.6,79.0,1021.9,6.5,341.0,0.0,2.4200000000000004,openaq_ground,13.333333333333332,Good
2026-06-21 20:00:00,3.9,82.0,1022.2,6.8,343.0,0.0,7.859999999999999,openaq_ground,43.33333333333333,Good
2026-06-21 21:00:00,3.2,85.0,1022.7,8.6,348.0,0.0,7.720000000000001,openaq_ground,42.77777777777778,Good
2026-06-21 22:00:00,6.1,77.0,1022.8,10.2,346.0,0.0,2.8,openaq_ground,15.555555555555554,Good
2026-06-21 23:00:00,9.1,71.0,1022.8,8.9,342.0,0.0,1.42,openaq_ground,7.777777777777777,Good
2026-06-22 00:00:00,11.2,64.0,1022.3,7.4,356.0,0.0,1.1,openaq_ground,6.111111111111112,Good
2026-06-22 01:00:00,12.1,58.0,1021.6,3.1,10.0,0.0,0.86,openaq_ground,4.444444444444445,Good
2026-06-22 02:00:00,12.2,57.0,1021.3,1.0,121.0,0.0,0.6599999999999999,openaq_ground,3.333333333333333,Good
2026-06-22 03:00:00,11.9,59.0,1020.7,1.1,171.0,0.0,1.56,openaq_ground,8.333333333333332,Good
2026-06-22 04:00:00,10.5,75.0,1021.1,0.7,180.0,0.0,9.94,openaq_ground,52.49049429657795,Moderate
2026-06-22 05:00:00,8.4,78.0,1021.5,0.6,214.0,0.0,27.46,openaq_ground,85.09505703422053,Moderate
2026-06-22 06:00:00,6.0,80.0,1021.3,1.6,333.0,0.0,36.0,openaq_ground,102.23115577889448,Unhealthy (Sensitive Groups)
2026-06-22 07:00:00,5.1,81.0,1021.3,2.3,331.0,0.0,30.96,openaq_ground,91.61596958174906,Moderate
2026-06-22 08:00:00,4.4,82.0,1021.6,3.6,333.0,0.0,29.18,openaq_ground,88.26235741444867,Moderate
2026-06-22 09:00:00,3.5,84.0,1021.6,4.4,339.0,0.0,26.8,openaq_ground,83.97718631178708,Moderate
2026-06-22 10:00:00,2.6,85.0,1021.4,5.3,342.0,0.0,28.0,openaq_ground,86.21292775665398,Moderate
2026-06-22 11:00:00,1.8,88.0,1021.5,5.6,345.0,0.0,16.84,openaq_ground,65.34600760456274,Moderate
2026-06-22 12:00:00,1.5,85.0,1021.6,5.1,350.0,0.0,16.82,openaq_ground,65.34600760456274,Moderate
2026-06-22 13:00:00,1.1,87.0,1021.1,5.4,346.0,0.0,11.98,openaq_ground,56.21673003802282,Moderate
2026-06-22 14:00:00,0.8,90.0,1020.6,7.6,346.0,0.0,6.44,openaq_ground,35.55555555555556,Good
2026-06-22 15:00:00,0.7,91.0,1020.2,9.4,349.0,0.0,13.18,openaq_ground,58.452471482889734,Moderate
2026-06-22 16:00:00,0.6,92.0,1019.5,9.6,347.0,0.0,11.78,openaq_ground,55.844106463878326,Moderate
2026-06-22 17:00:00,0.5,93.0,1019.1,9.3,345.0,0.0,6.279999999999999,openaq_ground,34.44444444444444,Good
2026-06-22 18:00:00,-0.3,93.0,1018.9,11.9,350.0,0.0,5.9,openaq_ground,32.77777777777778,Good
2026-06-22 19:00:00,-0.4,93.0,1018.9,10.1,341.0,0.0,9.9,openaq_ground,52.49049429657795,Moderate
2026-06-22 20:00:00,-0.4,92.0,1018.7,9.3,338.0,0.0,25.28,openaq_ground,80.99619771863118,Moderate
2026-06-22 21:00:00,-0.1,90.0,1018.6,9.0,338.0,0.0,17.6,openaq_ground,66.83650190114069,Moderate
2026-06-22 22:00:00,2.9,82.0,1018.3,9.4,343.0,0.0,16.06,openaq_ground,63.85551330798479,Moderate
2026-06-22 23:00:00,6.1,75.0,1018.3,7.8,352.0,0.0,15.22,openaq_ground,62.365019011406844,Moderate
2026-06-23 00:00:00,9.0,70.0,1017.4,7.3,25.0,0.0,12.52,openaq_ground,57.334600760456276,Moderate
2026-06-23 01:00:00,10.1,63.0,1016.4,5.2,27.0,0.0,11.58,openaq_ground,55.47148288973384,Moderate
2026-06-23 02:00:00,10.5,60.0,1015.3,4.5,29.0,0.0,6.26,openaq_ground,34.44444444444444,Good
2026-06-23 03:00:00,10.2,66.0,1014.6,3.1,24.0,0.0,5.040000000000001,openaq_ground,27.77777777777778,Good
2026-06-23 04:00:00,8.9,71.0,1014.5,3.6,6.0,0.0,12.760000000000002,openaq_ground,57.70722433460076,Moderate
2026-06-23 05:00:00,6.4,73.0,1014.6,5.0,2.0,0.0,36.9,openaq_ground,104.44723618090453,Unhealthy (Sensitive Groups)
2026-06-23 06:00:00,3.7,75.0,1014.1,8.5,355.0,0.0,53.760000000000005,openaq_ground,145.8140703517588,Unhealthy (Sensitive Groups)
2026-06-23 07:00:00,2.6,74.0,1013.9,7.1,345.0,0.0,46.5,openaq_ground,128.0854271356784,Unhealthy (Sensitive Groups)
2026-06-23 08:00:00,1.8,78.0,1014.0,6.4,349.0,0.0,49.96,openaq_ground,136.4572864321608,Unhealthy (Sensitive Groups)
2026-06-23 09:00:00,1.4,79.0,1013.8,7.7,349.0,0.0,41.96,openaq_ground,116.75879396984925,Unhealthy (Sensitive Groups)
2026-06-23 10:00:00,1.1,81.0,1013.4,9.5,349.0,0.0,24.520000000000003,openaq_ground,79.69201520912549,Moderate
2026-06-23 11:00:00,1.1,80.0,1013.0,10.4,350.0,0.0,19.74,openaq_ground,70.74904942965779,Moderate
2026-06-23 12:00:00,1.8,77.0,1012.7,12.1,5.0,0.0,11.56,openaq_ground,55.47148288973384,Moderate
2026-06-23 13:00:00,2.2,75.0,1012.2,11.0,356.0,0.0,9.8,openaq_ground,52.30418250950571,Moderate
2026-06-23 14:00:00,2.5,75.0,1011.3,11.1,7.0,0.0,4.2,openaq_ground,23.333333333333332,Good
2026-06-23 15:00:00,2.8,75.0,1010.8,11.2,10.0,0.0,1.36,openaq_ground,7.222222222222222,Good
2026-06-23 16:00:00,3.0,75.0,1010.2,10.4,11.0,0.0,0.66,openaq_ground,3.333333333333333,Good
2026-06-23 17:00:00,3.5,72.0,1009.7,11.7,20.0,0.0,0.2799999999999999,openaq_ground,1.1111111111111112,Good
2026-06-23 18:00:00,3.6,67.0,1009.3,13.0,25.0,0.0,0.12,openaq_ground,0.5555555555555556,Good
2026-06-23 19:00:00,4.1,68.0,1008.8,11.8,27.0,0.0,0.02,openaq_ground,0.0,Good
2026-06-23 20:00:00,4.2,70.0,1008.4,11.7,21.0,0.0,0.2799999999999999,openaq_ground,1.1111111111111112,Good
2026-06-23 21:00:00,4.8,69.0,1008.1,11.9,18.0,0.0,0.3399999999999999,openaq_ground,1.6666666666666665,Good
2026-06-23 22:00:00,6.0,68.0,1007.7,10.3,7.0,0.0,1.26,openaq_ground,6.666666666666666,Good
2026-06-23 23:00:00,7.9,65.0,1007.4,9.1,15.0,0.0,7.080000000000001,openaq_ground,38.888888888888886,Good
2026-06-24 00:00:00,8.6,65.0,1006.3,8.7,7.0,0.0,4.720000000000001,openaq_ground,26.11111111111111,Good
2026-06-24 01:00:00,8.8,70.0,1005.8,4.5,254.0,0.0,4.26,openaq_ground,23.333333333333332,Good
2026-06-24 02:00:00,8.8,69.0,1005.5,5.2,226.0,0.0,5.1,openaq_ground,28.33333333333333,Good
2026-06-24 03:00:00,8.2,76.0,1005.2,11.2,246.0,0.1,4.0600000000000005,openaq_ground,22.22222222222222,Good
2026-06-24 04:00:00,7.3,88.0,1005.8,11.9,247.0,0.2,5.04,openaq_ground,27.77777777777778,Good
2026-06-24 05:00:00,6.3,94.0,1006.1,16.2,249.0,1.0,2.16,openaq_ground,11.666666666666666,Good
2026-06-24 06:00:00,5.6,94.0,1006.4,19.4,244.0,1.6,4.4,openaq_ground,24.444444444444446,Good
2026-06-24 07:00:00,5.1,94.0,1006.1,11.3,277.0,0.7,3.7,openaq_ground,20.555555555555557,Good
2026-06-24 08:00:00,5.3,88.0,1005.9,18.6,275.0,0.2,1.26,openaq_ground,6.666666666666666,Good
2026-06-24 09:00:00,5.3,85.0,1005.3,22.0,279.0,0.1,0.3,openaq_ground,1.6666666666666665,Good
2026-06-24 10:00:00,5.9,78.0,1005.0,27.7,281.0,0.0,0.06,openaq_ground,0.0,Good
2026-06-24 11:00:00,6.1,74.0,1004.9,26.7,282.0,0.0,0.04,openaq_ground,0.0,Good
2026-06-24 12:00:00,5.8,79.0,1004.8,25.1,273.0,0.0,0.02,openaq_ground,0.0,Good
2026-06-24 13:00:00,5.5,80.0,1005.2,30.8,271.0,0.0,0.02,openaq_ground,0.0,Good
2026-06-24 14:00:00,5.3,81.0,1005.4,25.3,274.0,0.0,0.06,openaq_ground,0.0,Good
2026-06-24 15:00:00,5.9,78.0,1005.2,23.4,266.0,0.0,0.2,openaq_ground,1.1111111111111112,Good
2026-06-24 16:00:00,5.8,75.0,1005.4,22.6,264.0,0.0,0.6799999999999999,openaq_ground,3.333333333333333,Good
2026-06-24 17:00:00,5.2,78.0,1006.0,21.3,256.0,0.1,0.54,openaq_ground,2.7777777777777777,Good
2026-06-24 18:00:00,4.4,83.0,1006.9,18.6,261.0,0.3,2.48,openaq_ground,13.333333333333332,Good
2026-06-24 19:00:00,4.6,84.0,1007.9,24.1,257.0,0.1,0.5800000000000001,openaq_ground,2.7777777777777777,Good
2026-06-24 20:00:00,4.0,88.0,1009.6,21.6,259.0,0.1,0.8,openaq_ground,4.444444444444445,Good
2026-06-24 21:00:00,4.2,95.0,1011.6,24.3,256.0,0.7,4.0600000000000005,openaq_ground,22.22222222222222,Good
2026-06-24 22:00:00,6.0,86.0,1013.2,32.1,213.0,1.3,3.5400000000000005,openaq_ground,19.444444444444443,Good
2026-06-24 23:00:00,6.1,85.0,1014.6,32.9,215.0,0.7,2.9200000000000004,openaq_ground,16.11111111111111,Good
2026-06-25 00:00:00,6.5,82.0,1015.4,30.8,213.0,0.8,3.3600000000000003,openaq_ground,18.333333333333332,Good
2026-06-25 01:00:00,6.0,81.0,1016.4,28.2,210.0,0.3,3.12,openaq_ground,17.22222222222222,Good
2026-06-25 02:00:00,6.5,76.0,1017.1,31.6,206.0,0.3,3.4200000000000004,openaq_ground,18.88888888888889,Good
2026-06-25 03:00:00,6.7,72.0,1017.8,29.5,204.0,0.2,4.7,openaq_ground,26.11111111111111,Good
2026-06-25 04:00:00,6.6,68.0,1018.7,28.8,200.0,0.2,5.359999999999999,openaq_ground,29.444444444444443,Good
2026-06-25 05:00:00,6.1,66.0,1019.8,26.5,199.0,0.1,5.5,openaq_ground,30.555555555555554,Good
2026-06-25 06:00:00,5.5,64.0,1021.0,24.8,199.0,0.3,5.86,openaq_ground,32.22222222222222,Good
2026-06-25 07:00:00,5.9,64.0,1021.6,22.3,198.0,0.1,5.5600000000000005,openaq_ground,30.555555555555554,Good
2026-06-25 08:00:00,5.8,61.0,1022.0,19.3,204.0,0.0,7.9,openaq_ground,43.88888888888889,Good
2026-06-25 09:00:00,5.5,61.0,1022.6,15.3,212.0,0.0,6.56,openaq_ground,36.11111111111111,Good
2026-06-25 10:00:00,5.3,65.0,1022.7,10.7,229.0,0.0,6.919999999999999,openaq_ground,38.333333333333336,Good
2026-06-25 11:00:00,4.7,72.0,1022.9,10.7,241.0,0.0,4.82,openaq_ground,26.666666666666664,Good
2026-06-25 12:00:00,3.4,76.0,1023.3,8.0,276.0,0.0,6.26,openaq_ground,34.44444444444444,Good
2026-06-25 13:00:00,3.6,74.0,1023.6,9.2,298.0,0.0,3.3,openaq_ground,18.333333333333332,Good
2026-06-25 14:00:00,3.5,72.0,1023.3,10.2,312.0,0.0,1.72,openaq_ground,9.444444444444445,Good
2026-06-25 15:00:00,3.7,73.0,1023.3,9.4,318.0,0.0,1.28,openaq_ground,6.666666666666666,Good
2026-06-25 16:00:00,3.9,74.0,1022.9,7.8,314.0,0.0,0.94,openaq_ground,5.0,Good
2026-06-25 17:00:00,3.5,77.0,1022.7,7.5,318.0,0.0,1.24,openaq_ground,6.666666666666666,Good
2026-06-25 18:00:00,2.1,82.0,1023.4,7.4,321.0,0.0,4.32,openaq_ground,23.888888888888886,Good
2026-06-25 19:00:00,2.2,83.0,1023.4,7.3,327.0,0.0,14.32,openaq_ground,60.68821292775666,Moderate
2026-06-25 20:00:00,1.9,84.0,1023.2,8.2,341.0,0.0,6.2,openaq_ground,34.44444444444444,Good
2026-06-25 21:00:00,1.9,84.0,1023.6,9.3,345.0,0.0,10.84,openaq_ground,54.16730038022814,Moderate
2026-06-25 22:00:00,3.5,80.0,1023.5,9.2,339.0,0.0,3.34,openaq_ground,18.333333333333332,Good
2026-06-25 23:00:00,5.5,73.0,1023.3,7.3,327.0,0.0,1.48,openaq_ground,7.777777777777777,Good
2026-06-26 00:00:00,6.9,67.0,1022.7,6.3,329.0,0.0,1.4,openaq_ground,7.777777777777777,Good
2026-06-26 01:00:00,7.6,62.0,1021.7,6.7,322.0,0.0,0.4599999999999999,openaq_ground,2.2222222222222223,Good
2026-06-26 02:00:00,7.7,61.0,1020.9,6.0,339.0,0.0,1.54,openaq_ground,8.333333333333332,Good
2026-06-26 03:00:00,7.6,62.0,1020.4,4.4,348.0,0.0,3.5200000000000005,openaq_ground,19.444444444444443,Good
2026-06-26 04:00:00,6.6,73.0,1020.2,3.1,24.0,0.0,16.78,openaq_ground,65.1596958174905,Moderate
2026-06-26 05:00:00,4.0,80.0,1020.2,5.0,26.0,0.0,30.78,openaq_ground,91.24334600760457,Moderate
2026-06-26 06:00:00,2.0,83.0,1019.9,5.8,2.0,0.0,28.68,openaq_ground,87.33079847908746,Moderate
2026-06-26 07:00:00,0.6,83.0,1019.8,7.0,359.0,0.0,35.7,openaq_ground,101.4924623115578,Unhealthy (Sensitive Groups)
2026-06-26 08:00:00,-0.4,82.0,1019.7,7.2,356.0,0.0,41.5,openaq_ground,115.77386934673368,Unhealthy (Sensitive Groups)
2026-06-26 09:00:00,-1.0,83.0,1019.8,7.1,350.0,0.0,37.14,openaq_ground,104.93969849246231,Unhealthy (Sensitive Groups)
2026-06-26 10:00:00,-1.5,85.0,1019.8,7.3,340.0,0.0,38.14,openaq_ground,107.40201005025126,Unhealthy (Sensitive Groups)
2026-06-26 11:00:00,-1.9,86.0,1019.6,8.2,338.0,0.0,31.26,openaq_ground,92.17490494296578,Moderate
2026-06-26 12:00:00,-2.8,91.0,1019.4,9.6,340.0,0.0,25.08,openaq_ground,80.6235741444867,Moderate
2026-06-26 13:00:00,-3.2,91.0,1019.4,8.3,349.0,0.0,13.96,openaq_ground,59.942965779467684,Moderate
2026-06-26 14:00:00,-3.8,92.0,1018.8,7.8,347.0,0.0,6.14,openaq_ground,33.888888888888886,Good
2026-06-26 15:00:00,-4.3,94.0,1019.1,6.8,343.0,0.0,6.4,openaq_ground,35.55555555555556,Good
2026-06-26 16:00:00,-4.1,94.0,1019.2,7.0,339.0,0.0,5.040000000000001,openaq_ground,27.77777777777778,Good
2026-06-26 17:00:00,-3.3,89.0,1019.0,7.3,343.0,0.0,4.4,openaq_ground,24.444444444444446,Good
2026-06-26 18:00:00,-3.3,85.0,1019.6,6.7,341.0,0.0,2.28,openaq_ground,12.222222222222223,Good
2026-06-26 19:00:00,-1.8,83.0,1019.8,6.8,343.0,0.0,0.9,openaq_ground,5.0,Good
2026-06-26 20:00:00,0.8,75.0,1020.0,8.5,339.0,0.0,2.04,openaq_ground,11.11111111111111,Good
2026-06-26 21:00:00,0.8,78.0,1020.5,8.8,337.0,0.0,1.62,openaq_ground,8.88888888888889,Good
2026-06-26 22:00:00,2.9,77.0,1020.9,10.1,338.0,0.0,1.84,openaq_ground,10.0,Good
2026-06-26 23:00:00,5.2,76.0,1021.1,9.5,335.0,0.0,2.82,openaq_ground,15.555555555555554,Good
2026-06-27 00:00:00,7.8,64.0,1020.7,8.1,332.0,0.0,3.8,openaq_ground,21.11111111111111,Good
2026-06-27 01:00:00,9.2,66.0,1020.1,5.7,307.0,0.0,1.58,openaq_ground,8.333333333333332,Good
2026-06-27 02:00:00,9.6,66.0,1019.8,4.5,286.0,0.0,1.8,openaq_ground,10.0,Good
2026-06-27 03:00:00,9.3,68.0,1019.6,4.2,280.0,0.0,4.24,openaq_ground,23.333333333333332,Good
2026-06-27 04:00:00,7.8,80.0,1019.9,3.2,297.0,0.0,3.6,openaq_ground,20.0,Good
2026-06-27 05:00:00,4.8,80.0,1020.3,5.0,330.0,0.0,11.3,openaq_ground,55.09885931558936,Moderate
2026-06-27 06:00:00,1.8,82.0,1020.7,7.5,345.0,0.0,15.6,openaq_ground,63.11026615969582,Moderate
2026-06-27 07:00:00,0.7,87.0,1020.9,8.9,347.0,0.0,15.5,openaq_ground,62.92395437262358,Moderate
2026-06-27 08:00:00,0.4,91.0,1021.0,12.0,344.0,0.0,14.68,openaq_ground,61.247148288973385,Moderate
2026-06-27 09:00:00,0.9,88.0,1021.2,12.8,338.0,0.0,13.06,openaq_ground,58.26615969581749,Moderate
2026-06-27 10:00:00,1.0,89.0,1021.6,12.4,338.0,0.0,11.4,openaq_ground,55.2851711026616,Moderate
2026-06-27 11:00:00,1.1,87.0,1021.9,12.5,339.0,0.0,4.16,openaq_ground,22.777777777777775,Good
2026-06-27 12:00:00,1.1,87.0,1022.0,11.7,340.0,0.0,2.3600000000000003,openaq_ground,12.777777777777777,Good
2026-06-27 13:00:00,1.7,84.0,1022.0,10.9,336.0,0.0,2.78,openaq_ground,15.0,Good
2026-06-27 14:00:00,2.1,84.0,1021.7,12.2,338.0,0.0,1.4400000000000002,openaq_ground,7.777777777777777,Good
2026-06-27 15:00:00,2.1,86.0,1021.5,13.3,335.0,0.0,0.8600000000000001,openaq_ground,4.444444444444445,Good
2026-06-27 16:00:00,1.4,88.0,1021.1,13.0,335.0,0.0,0.26,openaq_ground,1.1111111111111112,Good
2026-06-27 17:00:00,0.9,90.0,1020.8,11.5,333.0,0.0,0.0,openaq_ground,0.0,Good
2026-06-27 18:00:00,0.4,92.0,1021.7,10.7,337.0,0.0,0.02,openaq_ground,0.0,Good
2026-06-27 19:00:00,0.7,91.0,1022.2,10.1,336.0,0.0,0.1399999999999999,openaq_ground,0.5555555555555556,Good
2026-06-27 20:00:00,0.7,91.0,1022.6,10.5,336.0,0.0,0.98,openaq_ground,5.0,Good
2026-06-27 21:00:00,1.6,87.0,1022.9,12.4,334.0,0.0,4.7,openaq_ground,26.11111111111111,Good
2026-06-27 22:00:00,4.5,78.0,1023.0,13.8,338.0,0.0,5.5200000000000005,openaq_ground,30.555555555555554,Good
2026-06-27 23:00:00,6.7,75.0,1023.2,13.0,329.0,0.0,2.24,openaq_ground,12.222222222222223,Good
2026-06-28 00:00:00,8.5,71.0,1023.0,11.6,327.0,0.0,1.62,openaq_ground,8.88888888888889,Good
2026-06-28 01:00:00,9.7,71.0,1022.6,8.5,308.0,0.0,0.78,openaq_ground,3.8888888888888884,Good
2026-06-28 02:00:00,10.2,72.0,1022.7,5.9,293.0,0.0,0.6599999999999999,openaq_ground,3.333333333333333,Good
2026-06-28 03:00:00,10.7,72.0,1022.7,9.3,292.0,0.0,2.3400000000000003,openaq_ground,12.777777777777777,Good
2026-06-28 04:00:00,10.3,73.0,1023.1,12.7,263.0,0.0,3.34,openaq_ground,18.333333333333332,Good
2026-06-28 05:00:00,9.0,78.0,1024.0,12.8,259.0,0.0,6.5,openaq_ground,36.11111111111111,Good
2026-06-28 06:00:00,8.3,80.0,1024.6,11.5,270.0,0.0,3.76,openaq_ground,20.555555555555557,Good
2026-06-28 07:00:00,7.2,85.0,1025.3,8.4,286.0,0.0,4.12,openaq_ground,22.777777777777775,Good
2026-06-28 08:00:00,6.5,86.0,1025.9,8.8,289.0,0.0,4.279999999999999,openaq_ground,23.333333333333332,Good
2026-06-28 09:00:00,6.7,87.0,1026.4,10.4,290.0,0.0,2.92,openaq_ground,16.11111111111111,Good
2026-06-28 10:00:00,6.8,88.0,1027.0,9.1,295.0,0.0,5.5,openaq_ground,30.555555555555554,Good
2026-06-28 11:00:00,6.1,91.0,1027.6,7.5,307.0,0.1,1.56,openaq_ground,8.333333333333332,Good
2026-06-28 12:00:00,6.2,92.0,1028.1,7.5,290.0,0.1,0.6799999999999999,openaq_ground,3.333333333333333,Good
2026-06-28 13:00:00,6.8,91.0,1028.7,8.3,284.0,0.0,0.42,openaq_ground,2.2222222222222223,Good
2026-06-28 14:00:00,6.7,92.0,1029.2,8.5,277.0,0.0,0.3399999999999999,openaq_ground,1.6666666666666665,Good
2026-06-28 15:00:00,6.8,93.0,1029.7,7.2,266.0,0.0,0.6799999999999999,openaq_ground,3.333333333333333,Good
2026-06-28 16:00:00,6.7,93.0,1029.9,3.4,267.0,0.1,1.4,openaq_ground,7.777777777777777,Good
2026-06-28 17:00:00,6.7,93.0,1029.7,0.9,281.0,0.2,1.1800000000000002,openaq_ground,6.111111111111112,Good
2026-06-28 18:00:00,6.4,95.0,1030.4,2.5,90.0,0.4,0.54,openaq_ground,2.7777777777777777,Good
2026-06-28 19:00:00,6.4,97.0,1030.7,4.0,82.0,0.1,0.72,openaq_ground,3.8888888888888884,Good
2026-06-28 20:00:00,6.5,97.0,1031.1,5.1,72.0,0.1,1.38,openaq_ground,7.222222222222222,Good
2026-06-28 21:00:00,6.2,98.0,1031.5,6.4,54.0,0.1,1.64,openaq_ground,8.88888888888889,Good
2026-06-28 22:00:00,6.4,99.0,1031.8,7.7,49.0,0.0,1.7399999999999998,openaq_ground,9.444444444444445,Good
2026-06-28 23:00:00,7.1,99.0,1032.4,7.1,45.0,0.0,1.06,openaq_ground,5.555555555555555,Good
2026-06-29 00:00:00,8.5,93.0,1031.6,7.4,47.0,0.0,1.5599999999999998,openaq_ground,8.333333333333332,Good
2026-06-29 01:00:00,8.8,88.0,1031.2,8.1,37.0,0.0,1.34,openaq_ground,7.222222222222222,Good
2026-06-29 02:00:00,9.0,85.0,1030.8,7.8,34.0,0.0,3.26,openaq_ground,17.77777777777778,Good
2026-06-29 03:00:00,9.1,83.0,1030.5,7.6,34.0,0.0,3.56,openaq_ground,19.444444444444443,Good
2026-06-29 04:00:00,8.6,87.0,1030.5,5.4,42.0,0.0,9.92,openaq_ground,52.49049429657795,Moderate
2026-06-29 05:00:00,6.8,94.0,1030.9,3.8,31.0,0.0,17.94,openaq_ground,67.39543726235742,Moderate
2026-06-29 06:00:00,5.3,96.0,1030.6,6.4,11.0,0.0,23.1,openaq_ground,77.08365019011407,Moderate
2026-06-29 07:00:00,4.6,95.0,1031.0,6.3,355.0,0.0,24.66,openaq_ground,79.87832699619773,Moderate
2026-06-29 08:00:00,4.1,96.0,1031.1,7.2,346.0,0.0,33.84,openaq_ground,97.0190114068441,Moderate
2026-06-29 09:00:00,3.4,96.0,1031.1,8.3,344.0,0.0,24.32,openaq_ground,79.31939163498099,Moderate
2026-06-29 10:00:00,2.9,95.0,1031.0,8.2,337.0,0.0,16.76,openaq_ground,65.1596958174905,Moderate
2026-06-29 11:00:00,2.7,92.0,1031.1,8.2,338.0,0.0,11.260000000000002,openaq_ground,54.91254752851711,Moderate
2026-06-29 12:00:00,1.1,97.0,1031.1,11.4,339.0,0.0,10.62,openaq_ground,53.79467680608365,Moderate
2026-06-29 13:00:00,0.9,97.0,1031.1,10.8,339.0,0.0,11.419999999999998,openaq_ground,55.2851711026616,Moderate
2026-06-29 14:00:00,0.5,99.0,1030.8,10.5,335.0,0.0,6.159999999999999,openaq_ground,33.888888888888886,Good
2026-06-29 15:00:00,-0.1,99.0,1030.8,9.3,332.0,0.0,5.34,openaq_ground,29.444444444444443,Good
2026-06-29 16:00:00,-0.2,99.0,1030.5,8.7,336.0,0.0,6.1,openaq_ground,33.888888888888886,Good
2026-06-29 17:00:00,-0.4,99.0,1030.1,8.5,343.0,0.0,5.88,openaq_ground,32.22222222222222,Good
2026-06-29 18:00:00,-0.8,97.0,1030.6,9.7,350.0,0.0,8.959999999999999,openaq_ground,49.44444444444444,Good
2026-06-29 19:00:00,-1.0,98.0,1030.8,8.5,342.0,0.0,9.26,openaq_ground,51.18631178707224,Moderate
2026-06-29 20:00:00,-1.0,96.0,1031.2,8.5,339.0,0.0,16.380000000000003,openaq_ground,64.41444866920152,Moderate
2026-06-29 21:00:00,-0.7,96.0,1031.5,9.3,341.0,0.0,16.32,openaq_ground,64.41444866920152,Moderate
2026-06-29 22:00:00,1.4,93.0,1031.6,10.1,350.0,0.0,18.16,openaq_ground,67.7680608365019,Moderate
2026-06-29 23:00:00,4.0,92.0,1031.5,9.6,354.0,0.0,27.14,openaq_ground,84.5361216730038,Moderate
2026-06-30 00:00:00,6.7,82.0,1030.7,10.1,357.0,0.0,14.24,openaq_ground,60.50190114068441,Moderate
2026-06-30 01:00:00,8.6,76.0,1030.1,6.9,355.0,0.0,4.779999999999999,openaq_ground,26.11111111111111,Good
2026-06-30 02:00:00,9.6,74.0,1029.5,5.3,8.0,0.0,3.6,openaq_ground,20.0,Good
2026-06-30 03:00:00,9.6,76.0,1029.1,5.6,21.0,0.0,8.36,openaq_ground,46.111111111111114,Good
2026-06-30 04:00:00,8.4,84.0,1028.9,5.9,18.0,0.0,15.8,openaq_ground,63.48288973384031,Moderate
2026-06-30 05:00:00,5.8,89.0,1028.9,6.3,3.0,0.0,37.94,openaq_ground,106.90954773869346,Unhealthy (Sensitive Groups)
2026-06-30 06:00:00,3.5,86.0,1028.8,9.5,360.0,0.0,40.54,openaq_ground,113.31155778894473,Unhealthy (Sensitive Groups)
2026-06-30 07:00:00,2.4,79.0,1028.7,7.9,348.0,0.0,34.7,openaq_ground,98.6958174904943,Moderate
2026-06-30 08:00:00,1.4,81.0,1028.9,7.3,343.0,0.0,37.14,openaq_ground,104.93969849246231,Unhealthy (Sensitive Groups)
2026-06-30 09:00:00,0.8,84.0,1028.8,7.2,346.0,0.0,32.14,openaq_ground,93.85171102661597,Moderate
2026-06-30 10:00:00,0.3,85.0,1029.0,7.5,343.0,0.0,26.68,openaq_ground,83.6045627376426,Moderate
2026-06-30 11:00:00,-0.4,89.0,1028.9,8.0,340.0,0.0,21.06,openaq_ground,73.17110266159696,Moderate
2026-06-30 12:00:00,0.5,84.0,1029.1,9.5,346.0,0.0,16.0,openaq_ground,63.85551330798479,Moderate
2026-06-30 13:00:00,0.1,86.0,1028.9,7.3,340.0,0.0,8.92,openaq_ground,49.44444444444444,Good
2026-06-30 14:00:00,-0.4,88.0,1029.1,6.5,337.0,0.0,6.94,openaq_ground,38.333333333333336,Good
2026-06-30 15:00:00,-0.7,91.0,1029.2,6.1,337.0,0.0,10.16,openaq_ground,52.863117870722434,Moderate
2026-06-30 16:00:00,-1.0,94.0,1029.0,6.3,342.0,0.0,4.5,openaq_ground,25.0,Good
2026-06-30 17:00:00,-1.4,96.0,1028.9,6.0,343.0,0.0,7.26,openaq_ground,40.0,Good
2026-06-30 18:00:00,-2.0,97.0,1029.1,7.9,349.0,0.0,6.9,openaq_ground,38.333333333333336,Good
2026-06-30 19:00:00,-2.0,96.0,1029.0,7.0,348.0,0.0,12.8,openaq_ground,57.89353612167301,Moderate
2026-06-30 20:00:00,-1.7,94.0,1029.2,8.8,349.0,0.0,18.8,openaq_ground,69.07224334600761,Moderate
2026-06-30 21:00:00,-0.2,88.0,1029.5,11.1,351.0,0.0,16.240000000000002,openaq_ground,64.22813688212928,Moderate
2026-06-30 22:00:00,3.6,74.0,1029.6,11.1,353.0,0.0,19.62,openaq_ground,70.56273764258556,Moderate
2026-06-30 23:00:00,6.8,70.0,1029.8,7.7,348.0,0.0,13.939999999999998,openaq_ground,59.942965779467684,Moderate
2026-07-01 00:00:00,10.4,51.0,1028.9,7.6,3.0,0.0,6.3,openaq_ground,35.0,Good
2026-07-01 01:00:00,10.8,56.0,1028.2,5.1,10.0,0.0,3.18,openaq_ground,17.22222222222222,Good
2026-07-01 02:00:00,10.8,59.0,1027.8,4.9,10.0,0.0,2.9799999999999995,openaq_ground,16.11111111111111,Good
2026-07-01 03:00:00,10.3,65.0,1027.4,5.3,8.0,0.0,6.3,openaq_ground,35.0,Good
2026-07-01 04:00:00,8.0,76.0,1027.3,4.2,355.0,0.0,14.96,openaq_ground,61.80608365019012,Moderate
2026-07-01 05:00:00,4.7,79.0,1027.8,4.3,338.0,0.0,43.0,openaq_ground,119.46733668341709,Unhealthy (Sensitive Groups)
2026-07-01 06:00:00,2.4,79.0,1027.7,7.6,353.0,0.0,53.52,openaq_ground,145.321608040201,Unhealthy (Sensitive Groups)
2026-07-01 07:00:00,1.1,84.0,1027.8,8.4,351.0,0.0,46.34,openaq_ground,127.5929648241206,Unhealthy (Sensitive Groups)
2026-07-01 08:00:00,0.4,87.0,1027.8,8.9,346.0,0.0,44.9,openaq_ground,124.14572864321607,Unhealthy (Sensitive Groups)
2026-07-01 09:00:00,0.1,87.0,1027.9,9.5,345.0,0.0,35.5,openaq_ground,101.0,Unhealthy (Sensitive Groups)
2026-07-01 10:00:00,-0.2,88.0,1028.0,9.9,344.0,0.0,35.62,openaq_ground,101.2462311557789,Unhealthy (Sensitive Groups)
2026-07-01 11:00:00,0.1,85.0,1028.2,10.0,343.0,0.0,33.980000000000004,openaq_ground,97.20532319391634,Moderate
2026-07-01 12:00:00,0.3,85.0,1028.2,13.6,354.0,0.0,24.08,openaq_ground,78.76045627376426,Moderate
2026-07-01 13:00:00,1.0,77.0,1027.8,13.3,351.0,0.0,12.22,openaq_ground,56.77566539923954,Moderate
2026-07-01 14:00:00,1.4,71.0,1027.4,12.9,353.0,0.0,6.26,openaq_ground,34.44444444444444,Good
2026-07-01 15:00:00,1.5,69.0,1027.1,12.3,352.0,0.0,9.78,openaq_ground,52.11787072243346,Moderate
2026-07-01 16:00:00,1.3,71.0,1027.0,11.3,347.0,0.0,2.72,openaq_ground,15.0,Good
2026-07-01 17:00:00,0.9,75.0,1027.0,10.5,341.0,0.0,6.5,openaq_ground,36.11111111111111,Good
2026-07-01 18:00:00,0.5,76.0,1027.3,11.4,342.0,0.0,5.92,openaq_ground,32.77777777777778,Good
2026-07-01 19:00:00,-0.1,81.0,1027.2,9.5,333.0,0.0,13.86,openaq_ground,59.75665399239544,Moderate
2026-07-01 20:00:00,-0.3,84.0,1027.3,9.3,338.0,0.0,17.919999999999998,openaq_ground,67.39543726235742,Moderate
2026-07-01 21:00:00,0.3,82.0,1027.4,10.5,343.0,0.0,23.78,openaq_ground,78.20152091254752,Moderate
2026-07-01 22:00:00,3.4,72.0,1027.5,11.3,340.0,0.0,11.72,openaq_ground,55.844106463878326,Moderate
2026-07-01 23:00:00,7.0,64.0,1027.3,9.9,345.0,0.0,9.44,openaq_ground,51.55893536121673,Moderate
2026-07-02 00:00:00,11.0,43.0,1026.5,8.8,2.0,0.0,4.8,openaq_ground,26.666666666666664,Good
2026-07-02 01:00:00,11.0,52.0,1025.8,5.4,358.0,0.0,7.4,openaq_ground,41.111111111111114,Good
2026-07-02 02:00:00,11.1,57.0,1025.2,5.0,358.0,0.0,5.96,openaq_ground,32.77777777777778,Good
2026-07-02 03:00:00,10.5,63.0,1024.7,6.2,7.0,0.0,6.18,openaq_ground,33.888888888888886,Good
2026-07-02 04:00:00,8.5,72.0,1024.5,7.6,359.0,0.0,19.66,openaq_ground,70.56273764258556,Moderate
2026-07-02 05:00:00,5.0,80.0,1024.6,8.0,352.0,0.0,42.04,openaq_ground,117.00502512562814,Unhealthy (Sensitive Groups)
2026-07-02 06:00:00,3.3,79.0,1024.5,10.5,355.0,0.0,50.42,openaq_ground,137.68844221105527,Unhealthy (Sensitive Groups)
2026-07-02 07:00:00,2.5,80.0,1024.2,9.9,355.0,0.0,53.6,openaq_ground,145.5678391959799,Unhealthy (Sensitive Groups)
2026-07-02 08:00:00,2.5,78.0,1023.7,11.0,354.0,0.0,42.42,openaq_ground,117.98994974874371,Unhealthy (Sensitive Groups)
2026-07-02 09:00:00,2.3,79.0,1023.2,11.2,350.0,0.0,36.46,openaq_ground,103.21608040201005,Unhealthy (Sensitive Groups)
2026-07-02 10:00:00,1.8,81.0,1023.0,10.9,351.0,0.0,32.980000000000004,openaq_ground,95.34220532319392,Moderate
2026-07-02 11:00:00,1.4,83.0,1022.9,10.6,351.0,0.0,25.5,openaq_ground,81.5551330798479,Moderate
2026-07-02 12:00:00,2.3,79.0,1022.2,13.1,351.0,0.0,21.34,openaq_ground,73.73003802281369,Moderate
2026-07-02 13:00:00,2.5,80.0,1021.7,12.3,348.0,0.0,18.94,openaq_ground,69.25855513307985,Moderate
2026-07-02 14:00:00,2.9,81.0,1021.5,13.0,346.0,0.0,17.259999999999998,openaq_ground,66.09125475285171,Moderate
2026-07-02 15:00:00,3.7,81.0,1021.2,13.0,350.0,0.0,5.7,openaq_ground,31.666666666666668,Good
2026-07-02 16:00:00,3.9,81.0,1020.7,13.9,350.0,0.0,4.640000000000001,openaq_ground,25.555555555555554,Good
2026-07-02 17:00:00,3.7,82.0,1020.1,13.7,351.0,0.0,7.959999999999999,openaq_ground,43.88888888888889,Good
2026-07-02 18:00:00,2.4,83.0,1019.6,14.6,357.0,0.0,7.8,openaq_ground,43.33333333333333,Good
2026-07-02 19:00:00,3.2,80.0,1019.2,13.9,360.0,0.0,9.04,openaq_ground,50.0,Good
2026-07-02 20:00:00,3.4,81.0,1019.0,13.0,359.0,0.0,14.48,openaq_ground,60.8745247148289,Moderate
2026-07-02 21:00:00,4.1,80.0,1019.1,14.1,357.0,0.0,12.5,openaq_ground,57.334600760456276,Moderate
2026-07-02 22:00:00,6.3,76.0,1018.8,12.4,359.0,0.0,14.580000000000002,openaq_ground,61.06083650190114,Moderate
2026-07-02 23:00:00,9.2,72.0,1018.5,12.0,7.0,0.0,10.96,openaq_ground,54.35361216730038,Moderate
2026-07-03 00:00:00,12.1,62.0,1017.2,13.7,14.0,0.0,3.56,openaq_ground,19.444444444444443,Good
2026-07-03 01:00:00,13.2,64.0,1016.1,10.1,27.0,0.0,1.16,openaq_ground,6.111111111111112,Good
2026-07-03 02:00:00,13.3,69.0,1015.2,9.0,37.0,0.0,1.12,openaq_ground,6.111111111111112,Good
2026-07-03 03:00:00,12.4,72.0,1014.4,9.2,33.0,0.0,1.7399999999999998,openaq_ground,9.444444444444445,Good
2026-07-03 04:00:00,10.9,75.0,1013.9,10.5,25.0,0.0,7.220000000000001,openaq_ground,40.0,Good
2026-07-03 05:00:00,8.3,78.0,1013.6,12.3,22.0,0.0,10.02,openaq_ground,52.67680608365019,Moderate
2026-07-03 06:00:00,7.4,78.0,1012.4,13.4,22.0,0.0,15.78,openaq_ground,63.29657794676806,Moderate
2026-07-03 07:00:00,8.3,72.0,1011.7,14.1,25.0,0.0,16.580000000000002,openaq_ground,64.78707224334602,Moderate
2026-07-03 08:00:00,7.9,72.0,1011.2,14.2,20.0,0.0,9.1,openaq_ground,51.0,Moderate
2026-07-03 09:00:00,8.0,72.0,1010.4,13.5,25.0,0.0,6.2,openaq_ground,34.44444444444444,Good
2026-07-03 10:00:00,8.9,68.0,1010.0,14.3,28.0,0.0,1.34,openaq_ground,7.222222222222222,Good
2026-07-03 11:00:00,9.5,68.0,1009.4,16.2,29.0,0.0,1.5,openaq_ground,8.333333333333332,Good
2026-07-03 12:00:00,11.3,58.0,1007.8,22.2,30.0,0.0,2.04,openaq_ground,11.11111111111111,Good
2026-07-03 13:00:00,11.8,59.0,1006.6,20.0,32.0,0.0,0.74,openaq_ground,3.8888888888888884,Good
2026-07-03 14:00:00,11.7,60.0,1005.5,18.8,36.0,0.0,0.64,openaq_ground,3.333333333333333,Good
2026-07-03 15:00:00,11.9,61.0,1004.3,19.6,32.0,0.0,1.1,openaq_ground,6.111111111111112,Good
2026-07-03 16:00:00,11.7,63.0,1003.5,16.3,33.0,0.0,0.1,openaq_ground,0.5555555555555556,Good
2026-07-03 17:00:00,11.1,66.0,1002.8,16.0,33.0,0.0,0.0,openaq_ground,0.0,Good
2026-07-03 18:00:00,11.4,61.0,1001.7,18.6,37.0,0.0,0.02,openaq_ground,0.0,Good
2026-07-03 19:00:00,11.6,61.0,1001.2,14.9,38.0,0.0,1.56,openaq_ground,8.333333333333332,Good
2026-07-03 20:00:00,11.2,63.0,1000.9,13.3,41.0,0.0,3.94,openaq_ground,21.666666666666664,Good
2026-07-03 21:00:00,11.7,63.0,1000.4,15.3,49.0,0.0,1.7400000000000002,openaq_ground,9.444444444444445,Good
2026-07-03 22:00:00,11.0,75.0,1000.0,15.4,44.0,0.5,2.04,openaq_ground,11.11111111111111,Good
2026-07-03 23:00:00,10.6,83.0,999.3,17.1,41.0,1.2,3.92,openaq_ground,21.666666666666664,Good
2026-07-04 00:00:00,13.7,64.0,998.7,17.1,21.0,1.6,2.04,openaq_ground,11.11111111111111,Good
2026-07-04 01:00:00,15.6,58.0,997.5,12.2,19.0,0.0,2.9,openaq_ground,16.11111111111111,Good
2026-07-04 02:00:00,16.0,56.0,996.1,15.8,17.0,0.0,1.9,openaq_ground,10.555555555555555,Good
2026-07-04 03:00:00,15.3,58.0,995.9,14.7,28.0,0.0,3.46,openaq_ground,18.88888888888889,Good
2026-07-04 04:00:00,13.8,65.0,995.9,13.5,41.0,0.0,6.98,openaq_ground,38.333333333333336,Good
2026-07-04 05:00:00,12.7,68.0,995.7,11.1,29.0,0.0,8.74,openaq_ground,48.33333333333333,Good
2026-07-04 06:00:00,11.0,81.0,996.2,7.8,251.0,0.3,4.14,openaq_ground,22.777777777777775,Good
2026-07-04 07:00:00,9.3,94.0,997.7,1.9,56.0,2.2,9.16,openaq_ground,51.0,Moderate
2026-07-04 08:00:00,9.0,94.0,997.5,2.4,343.0,2.4,12.98,openaq_ground,58.07984790874525,Moderate
2026-07-04 09:00:00,8.8,92.0,997.2,1.3,352.0,1.2,14.88,openaq_ground,61.619771863117876,Moderate
2026-07-04 10:00:00,8.6,93.0,997.8,3.5,258.0,1.5,10.74,openaq_ground,53.98098859315589,Moderate
2026-07-04 11:00:00,8.4,95.0,997.7,2.3,274.0,1.6,5.5200000000000005,openaq_ground,30.555555555555554,Good
2026-07-04 12:00:00,7.9,95.0,998.2,0.8,27.0,0.3,0.24,openaq_ground,1.1111111111111112,Good
2026-07-04 13:00:00,7.9,95.0,998.2,0.8,243.0,0.4,0.4599999999999999,openaq_ground,2.2222222222222223,Good
2026-07-04 14:00:00,7.4,97.0,997.9,1.5,201.0,0.1,1.28,openaq_ground,6.666666666666666,Good
2026-07-04 15:00:00,7.5,97.0,997.9,1.1,261.0,0.2,2.16,openaq_ground,11.666666666666666,Good
2026-07-04 16:00:00,7.3,98.0,998.1,2.2,270.0,0.9,2.22,openaq_ground,12.222222222222223,Good
2026-07-04 17:00:00,6.7,99.0,998.1,6.3,283.0,1.9,1.78,openaq_ground,9.444444444444445,Good
2026-07-04 18:00:00,5.7,96.0,999.3,11.4,266.0,2.8,0.54,openaq_ground,2.7777777777777777,Good
2026-07-04 19:00:00,5.4,94.0,1000.7,17.9,266.0,2.2,0.2799999999999999,openaq_ground,1.1111111111111112,Good
2026-07-04 20:00:00,5.0,96.0,1001.7,15.5,285.0,1.1,0.6399999999999999,openaq_ground,3.333333333333333,Good
2026-07-04 21:00:00,5.2,96.0,1002.7,16.5,263.0,1.7,0.58,openaq_ground,2.7777777777777777,Good
2026-07-04 22:00:00,5.4,95.0,1003.7,20.8,237.0,1.7,0.96,openaq_ground,5.0,Good
2026-07-04 23:00:00,5.7,95.0,1004.8,24.9,224.0,2.0,0.8800000000000001,openaq_ground,4.444444444444445,Good
2026-07-05 00:00:00,6.1,93.0,1004.9,26.3,210.0,1.6,1.14,openaq_ground,6.111111111111112,Good
2026-07-05 01:00:00,6.3,93.0,1005.1,22.8,206.0,3.3,1.32,openaq_ground,7.222222222222222,Good
2026-07-05 02:00:00,6.1,92.0,1005.7,31.0,201.0,3.9,1.2,openaq_ground,6.666666666666666,Good
2026-07-05 03:00:00,5.8,94.0,1006.1,34.0,196.0,3.9,2.16,openaq_ground,11.666666666666666,Good
2026-07-05 04:00:00,5.7,94.0,1007.3,33.8,193.0,3.6,2.12,openaq_ground,11.666666666666666,Good
2026-07-05 05:00:00,5.3,95.0,1008.4,34.1,197.0,3.8,2.64,openaq_ground,14.444444444444445,Good
2026-07-05 06:00:00,6.2,93.0,1008.7,37.1,186.0,3.8,2.56,openaq_ground,13.88888888888889,Good
2026-07-05 07:00:00,6.5,92.0,1009.5,32.8,186.0,2.4,2.42,openaq_ground,13.333333333333332,Good
2026-07-05 08:00:00,7.0,91.0,1009.6,33.7,178.0,3.8,3.12,openaq_ground,17.22222222222222,Good
2026-07-05 09:00:00,7.0,91.0,1010.4,36.8,170.0,3.4,1.78,openaq_ground,9.444444444444445,Good
2026-07-05 10:00:00,6.6,92.0,1011.6,37.8,174.0,3.7,2.04,openaq_ground,11.11111111111111,Good
2026-07-05 11:00:00,6.4,92.0,1012.6,38.0,182.0,4.5,3.0200000000000005,openaq_ground,16.666666666666664,Good
2026-07-05 12:00:00,6.2,91.0,1014.0,29.9,180.0,5.0,2.56,openaq_ground,13.88888888888889,Good
2026-07-05 13:00:00,6.1,92.0,1015.5,27.7,179.0,6.1,1.7600000000000002,openaq_ground,9.444444444444445,Good
2026-07-05 14:00:00,6.2,90.0,1016.3,26.4,184.0,4.9,1.2200000000000002,openaq_ground,6.666666666666666,Good
2026-07-05 15:00:00,6.1,90.0,1017.2,25.3,186.0,4.1,0.8,openaq_ground,4.444444444444445,Good
2026-07-05 16:00:00,6.0,90.0,1017.7,25.4,187.0,3.9,1.48,openaq_ground,7.777777777777777,Good
2026-07-05 17:00:00,5.9,90.0,1018.3,25.9,186.0,4.3,1.7,openaq_ground,9.444444444444445,Good
2026-07-05 18:00:00,4.9,91.0,1019.9,25.2,182.0,4.2,2.3600000000000003,openaq_ground,12.777777777777777,Good
2026-07-05 19:00:00,4.7,91.0,1020.2,24.7,181.0,3.0,7.979999999999999,openaq_ground,43.88888888888889,Good
2026-07-05 20:00:00,4.9,90.0,1020.5,22.7,176.0,2.1,3.62,openaq_ground,20.0,Good
2026-07-05 21:00:00,5.3,90.0,1021.2,23.1,169.0,1.7,4.38,openaq_ground,23.888888888888886,Good
2026-07-05 22:00:00,5.4,89.0,1021.9,21.7,164.0,1.6,4.06,openaq_ground,22.22222222222222,Good
2026-07-05 23:00:00,5.4,90.0,1022.3,21.6,163.0,1.5,4.279999999999999,openaq_ground,23.333333333333332,Good
2026-07-06 00:00:00,5.4,88.0,1022.2,18.7,173.0,1.2,3.98,openaq_ground,21.666666666666664,Good
2026-07-06 01:00:00,5.4,88.0,1022.0,19.6,173.0,0.7,7.06,openaq_ground,38.888888888888886,Good
2026-07-06 02:00:00,5.6,85.0,1021.9,20.1,167.0,0.4,5.3,openaq_ground,29.444444444444443,Good
2026-07-06 03:00:00,6.0,80.0,1022.0,19.4,164.0,0.1,3.96,openaq_ground,21.666666666666664,Good
2026-07-06 04:00:00,6.0,78.0,1022.3,18.3,159.0,0.1,4.4,openaq_ground,24.444444444444446,Good
2026-07-06 05:00:00,6.0,78.0,1022.8,17.4,156.0,0.1,4.5200000000000005,openaq_ground,25.0,Good
2026-07-06 06:00:00,5.9,78.0,1022.9,16.7,153.0,0.1,9.74,openaq_ground,52.11787072243346,Moderate
2026-07-06 07:00:00,5.9,77.0,1023.5,16.9,153.0,0.1,5.42,openaq_ground,30.0,Good
2026-07-06 08:00:00,5.7,77.0,1023.6,17.5,152.0,0.0,3.96,openaq_ground,21.666666666666664,Good
2026-07-06 09:00:00,5.5,77.0,1023.6,15.5,149.0,0.1,3.06,openaq_ground,16.666666666666664,Good
2026-07-06 10:00:00,5.4,77.0,1023.8,14.1,145.0,0.0,2.48,openaq_ground,13.333333333333332,Good
2026-07-06 11:00:00,5.3,76.0,1023.8,12.0,144.0,0.0,2.44,openaq_ground,13.333333333333332,Good
2026-07-06 12:00:00,4.7,76.0,1023.7,9.8,149.0,0.0,1.6,openaq_ground,8.88888888888889,Good
2026-07-06 13:00:00,5.0,75.0,1023.5,9.1,153.0,0.0,1.84,openaq_ground,10.0,Good
2026-07-06 14:00:00,5.0,75.0,1023.0,9.0,158.0,0.0,1.36,openaq_ground,7.222222222222222,Good
2026-07-06 15:00:00,5.1,75.0,1022.8,8.5,151.0,0.0,1.1,openaq_ground,6.111111111111112,Good
2026-07-06 16:00:00,5.2,75.0,1022.4,9.2,154.0,0.0,0.8800000000000001,openaq_ground,4.444444444444445,Good
2026-07-06 17:00:00,5.4,75.0,1021.9,9.7,146.0,0.0,0.74,openaq_ground,3.8888888888888884,Good
2026-07-06 18:00:00,5.1,79.0,1021.9,9.0,120.0,0.0,2.18,openaq_ground,11.666666666666666,Good
2026-07-06 19:00:00,5.2,80.0,1021.7,8.5,108.0,0.0,1.6,openaq_ground,8.88888888888889,Good
2026-07-06 20:00:00,5.1,80.0,1021.4,7.6,93.0,0.0,3.44,openaq_ground,18.88888888888889,Good
2026-07-06 21:00:00,5.1,82.0,1021.1,7.3,73.0,0.0,7.18,openaq_ground,39.44444444444444,Good
2026-07-06 22:00:00,5.4,82.0,1020.5,6.9,57.0,0.0,4.3,openaq_ground,23.888888888888886,Good
2026-07-06 23:00:00,5.8,82.0,1020.1,5.6,48.0,0.0,6.000000000000001,openaq_ground,33.33333333333333,Good
2026-07-07 00:00:00,5.8,81.0,1019.3,5.3,55.0,0.0,1.42,openaq_ground,7.777777777777777,Good
2026-07-07 01:00:00,6.0,80.0,1018.1,7.5,63.0,0.0,4.48,openaq_ground,24.444444444444446,Good
2026-07-07 02:00:00,6.1,80.0,1017.0,6.8,58.0,0.0,2.76,openaq_ground,15.0,Good
2026-07-07 03:00:00,6.2,81.0,1015.7,6.4,50.0,0.0,3.3200000000000003,openaq_ground,18.333333333333332,Good
2026-07-07 04:00:00,6.2,82.0,1015.0,7.3,46.0,0.0,5.8,openaq_ground,32.22222222222222,Good
2026-07-07 05:00:00,5.8,86.0,1014.3,6.6,41.0,0.0,10.96,openaq_ground,54.35361216730038,Moderate
2026-07-07 06:00:00,5.5,90.0,1013.9,7.3,44.0,0.0,11.22,openaq_ground,54.91254752851711,Moderate
2026-07-07 07:00:00,5.7,91.0,1012.9,10.0,52.0,0.0,8.620000000000001,openaq_ground,47.77777777777777,Good
2026-07-07 08:00:00,5.7,92.0,1011.9,11.5,48.0,0.0,6.0,openaq_ground,33.33333333333333,Good
2026-07-07 09:00:00,5.5,93.0,1010.9,9.4,35.0,0.0,7.68,openaq_ground,42.22222222222222,Good
2026-07-07 10:00:00,5.5,93.0,1010.2,5.9,35.0,0.0,5.32,openaq_ground,29.444444444444443,Good
2026-07-07 11:00:00,5.6,93.0,1009.8,4.9,39.0,0.0,4.5,openaq_ground,25.0,Good
2026-07-07 12:00:00,5.1,94.0,1009.6,4.2,40.0,0.0,5.279999999999999,openaq_ground,28.88888888888889,Good
2026-07-07 13:00:00,5.6,92.0,1009.1,2.9,43.0,0.0,8.06,openaq_ground,44.44444444444444,Good
2026-07-07 14:00:00,5.8,92.0,1008.6,0.6,34.0,0.0,8.379999999999999,openaq_ground,46.111111111111114,Good
2026-07-07 15:00:00,5.8,92.0,1008.4,0.6,342.0,0.0,3.18,openaq_ground,17.22222222222222,Good
2026-07-07 16:00:00,5.9,92.0,1008.1,1.6,6.0,0.0,0.6,openaq_ground,3.333333333333333,Good
2026-07-07 17:00:00,5.9,93.0,1008.0,0.3,315.0,0.0,0.16,openaq_ground,0.5555555555555556,Good
2026-07-07 18:00:00,5.1,95.0,1008.6,3.8,278.0,0.3,5.48,openaq_ground,30.0,Good
2026-07-07 19:00:00,4.7,98.0,1009.6,8.1,273.0,2.4,0.98,openaq_ground,5.0,Good
2026-07-07 20:00:00,4.6,96.0,1010.5,5.0,283.0,3.2,2.4799999999999995,openaq_ground,13.333333333333332,Good
2026-07-07 21:00:00,6.0,96.0,1011.2,15.8,156.0,4.1,1.78,openaq_ground,9.444444444444445,Good
2026-07-07 22:00:00,6.4,93.0,1012.4,23.8,164.0,3.0,2.18,openaq_ground,11.666666666666666,Good
2026-07-07 23:00:00,6.1,94.0,1013.5,19.4,172.0,2.5,2.7,openaq_ground,15.0,Good
2026-07-08 00:00:00,5.9,94.0,1014.0,18.0,171.0,1.9,3.16,openaq_ground,17.22222222222222,Good
2026-07-08 01:00:00,5.9,92.0,1014.5,17.3,172.0,1.6,3.62,openaq_ground,20.0,Good
2026-07-08 02:00:00,5.8,92.0,1014.9,16.4,171.0,1.3,5.0200000000000005,openaq_ground,27.77777777777778,Good
2026-07-08 03:00:00,5.9,91.0,1015.1,13.2,170.0,0.6,3.66,openaq_ground,20.0,Good
2026-07-08 04:00:00,6.0,92.0,1015.8,11.6,176.0,0.6,4.38,openaq_ground,23.888888888888886,Good
2026-07-08 05:00:00,5.7,95.0,1016.7,12.5,191.0,0.8,5.5,openaq_ground,30.555555555555554,Good
2026-07-08 06:00:00,6.2,92.0,1017.3,17.8,162.0,1.0,5.34,openaq_ground,29.444444444444443,Good
2026-07-08 07:00:00,6.0,89.0,1018.1,16.9,169.0,0.9,4.46,openaq_ground,24.444444444444446,Good
2026-07-08 08:00:00,5.8,89.0,1018.6,14.4,181.0,0.8,3.28,openaq_ground,17.77777777777778,Good
2026-07-08 09:00:00,5.5,88.0,1019.2,16.0,192.0,0.6,5.3,openaq_ground,29.444444444444443,Good
2026-07-08 10:00:00,5.1,88.0,1019.6,14.6,196.0,0.3,3.02,openaq_ground,16.666666666666664,Good
2026-07-08 11:00:00,4.8,88.0,1020.0,13.3,201.0,0.3,2.2,openaq_ground,12.222222222222223,Good
2026-07-08 12:00:00,4.5,86.0,1020.3,10.9,209.0,0.1,1.7399999999999998,openaq_ground,9.444444444444445,Good
2026-07-08 13:00:00,4.3,83.0,1020.4,9.3,220.0,0.0,1.9,openaq_ground,10.555555555555555,Good
2026-07-08 14:00:00,3.9,82.0,1020.5,7.9,227.0,0.0,1.0,openaq_ground,5.555555555555555,Good
2026-07-08 15:00:00,3.8,84.0,1020.5,5.6,253.0,0.0,0.78,openaq_ground,3.8888888888888884,Good
2026-07-08 16:00:00,3.6,86.0,1020.4,5.2,264.0,0.0,0.5599999999999999,openaq_ground,2.7777777777777777,Good
2026-07-08 17:00:00,3.1,91.0,1020.4,6.8,312.0,0.0,0.8,openaq_ground,4.444444444444445,Good
2026-07-08 18:00:00,2.2,91.0,1020.8,8.9,324.0,0.0,15.68,openaq_ground,63.11026615969582,Moderate
2026-07-08 19:00:00,2.4,89.0,1021.1,9.3,326.0,0.0,2.9,openaq_ground,16.11111111111111,Good
2026-07-08 20:00:00,2.7,86.0,1021.2,8.7,326.0,0.0,2.22,openaq_ground,12.222222222222223,Good
2026-07-08 21:00:00,2.9,86.0,1021.5,9.1,324.0,0.0,2.52,openaq_ground,13.88888888888889,Good
2026-07-08 22:00:00,3.4,86.0,1021.7,9.8,329.0,0.0,0.96,openaq_ground,5.0,Good
2026-07-08 23:00:00,4.7,83.0,1021.6,9.3,326.0,0.0,1.94,openaq_ground,10.555555555555555,Good
2026-07-09 00:00:00,5.8,75.0,1021.4,6.7,308.0,0.0,2.18,openaq_ground,11.666666666666666,Good
2026-07-09 01:00:00,6.3,71.0,1020.9,6.2,291.0,0.0,2.28,openaq_ground,12.222222222222223,Good
2026-07-09 02:00:00,6.5,70.0,1020.5,6.0,287.0,0.0,2.3,openaq_ground,12.777777777777777,Good
2026-07-09 03:00:00,6.4,71.0,1020.2,6.4,280.0,0.0,2.52,openaq_ground,13.88888888888889,Good
2026-07-09 04:00:00,6.2,73.0,1020.2,6.7,275.0,0.0,3.3599999999999994,openaq_ground,18.333333333333332,Good
2026-07-09 05:00:00,5.4,81.0,1020.4,6.4,299.0,0.0,3.72,openaq_ground,20.555555555555557,Good
2026-07-09 06:00:00,4.8,83.0,1020.3,6.3,321.0,0.0,3.66,openaq_ground,20.0,Good
2026-07-09 07:00:00,4.4,82.0,1020.6,7.5,323.0,0.1,4.24,openaq_ground,23.333333333333332,Good
2026-07-09 08:00:00,4.4,84.0,1020.8,7.8,320.0,0.1,5.779999999999999,openaq_ground,31.666666666666668,Good
2026-07-09 09:00:00,4.4,87.0,1020.9,7.3,316.0,0.1,5.2,openaq_ground,28.88888888888889,Good
2026-07-09 10:00:00,4.4,89.0,1020.8,7.5,307.0,0.0,2.4799999999999995,openaq_ground,13.333333333333332,Good
2026-07-09 11:00:00,4.5,89.0,1020.9,7.5,305.0,0.0,1.62,openaq_ground,8.88888888888889,Good
2026-07-09 12:00:00,4.1,93.0,1020.6,7.4,311.0,0.0,1.2,openaq_ground,6.666666666666666,Good
2026-07-09 13:00:00,4.1,93.0,1020.5,7.7,321.0,0.0,0.6,openaq_ground,3.333333333333333,Good
2026-07-09 14:00:00,3.8,92.0,1020.1,6.5,330.0,0.0,0.2599999999999999,openaq_ground,1.1111111111111112,Good
2026-07-09 15:00:00,3.7,92.0,1020.1,6.4,333.0,0.0,0.3,openaq_ground,1.6666666666666665,Good
2026-07-09 16:00:00,3.6,93.0,1019.7,6.4,333.0,0.0,0.2,openaq_ground,1.1111111111111112,Good
2026-07-09 17:00:00,2.6,95.0,1019.4,6.4,338.0,0.0,0.72,openaq_ground,3.8888888888888884,Good
2026-07-09 18:00:00,2.5,95.0,1019.6,6.1,341.0,0.0,0.26,openaq_ground,1.1111111111111112,Good
2026-07-09 19:00:00,2.4,95.0,1019.8,7.2,338.0,0.0,1.3,openaq_ground,7.222222222222222,Good
2026-07-09 20:00:00,1.2,96.0,1019.8,7.1,341.0,0.0,2.8600000000000003,openaq_ground,15.555555555555554,Good
2026-07-09 21:00:00,1.1,97.0,1019.8,8.6,340.0,0.0,6.36,openaq_ground,35.0,Good
2026-07-09 22:00:00,2.9,94.0,1019.9,9.2,337.0,0.0,3.5,openaq_ground,19.444444444444443,Good
2026-07-09 23:00:00,5.4,88.0,1019.8,8.2,328.0,0.0,0.76,openaq_ground,3.8888888888888884,Good
2026-07-10 00:00:00,6.7,79.0,1019.3,5.4,300.0,0.0,0.62,openaq_ground,3.333333333333333,Good
2026-07-10 01:00:00,7.5,69.0,1018.9,6.0,265.0,0.0,1.1,openaq_ground,6.111111111111112,Good
2026-07-10 02:00:00,7.8,68.0,1018.4,6.6,257.0,0.0,2.3600000000000003,openaq_ground,12.777777777777777,Good
2026-07-10 03:00:00,7.5,70.0,1017.9,6.4,254.0,0.0,3.74,openaq_ground,20.555555555555557,Good
2026-07-10 04:00:00,7.0,75.0,1018.2,5.9,270.0,0.0,6.8,openaq_ground,37.77777777777778,Good
2026-07-10 05:00:00,5.5,84.0,1018.5,6.3,301.0,0.0,10.48,openaq_ground,53.42205323193917,Moderate
2026-07-10 06:00:00,3.4,90.0,1018.3,8.4,310.0,0.0,6.0200000000000005,openaq_ground,33.33333333333333,Good
2026-07-10 07:00:00,2.3,88.0,1018.8,9.3,320.0,0.0,4.720000000000001,openaq_ground,26.11111111111111,Good
2026-07-10 08:00:00,1.4,87.0,1019.0,9.8,330.0,0.0,2.92,openaq_ground,16.11111111111111,Good
2026-07-10 09:00:00,0.7,87.0,1018.9,10.4,337.0,0.0,2.42,openaq_ground,13.333333333333332,Good
2026-07-10 10:00:00,0.6,86.0,1018.9,11.6,336.0,0.0,1.9,openaq_ground,10.555555555555555,Good
2026-07-10 11:00:00,0.7,85.0,1018.9,12.4,341.0,0.0,0.78,openaq_ground,3.8888888888888884,Good
2026-07-10 12:00:00,-0.1,91.0,1019.0,13.2,338.0,0.0,0.22,openaq_ground,1.1111111111111112,Good
2026-07-10 13:00:00,0.3,89.0,1019.0,13.0,334.0,0.0,0.06,openaq_ground,0.0,Good
2026-07-10 14:00:00,0.5,86.0,1018.9,13.3,333.0,0.0,0.0,openaq_ground,0.0,Good
2026-07-10 15:00:00,0.3,84.0,1018.7,13.6,332.0,0.0,0.0,openaq_ground,0.0,Good
2026-07-10 16:00:00,-0.1,84.0,1018.3,14.2,331.0,0.0,0.0,openaq_ground,0.0,Good
2026-07-10 17:00:00,-0.2,84.0,1018.2,14.8,333.0,0.0,0.04,openaq_ground,0.0,Good
2026-07-10 18:00:00,-0.7,87.0,1018.7,14.1,337.0,0.0,0.02,openaq_ground,0.0,Good
2026-07-10 19:00:00,0.1,85.0,1018.8,13.6,332.0,0.0,0.18,openaq_ground,0.5555555555555556,Good
2026-07-10 20:00:00,0.8,83.0,1019.1,13.8,332.0,0.0,0.3399999999999999,openaq_ground,1.6666666666666665,Good
2026-07-10 21:00:00,1.0,84.0,1019.7,14.2,333.0,0.0,1.46,openaq_ground,7.777777777777777,Good
2026-07-10 22:00:00,2.8,80.0,1019.9,13.4,331.0,0.0,2.82,openaq_ground,15.555555555555554,Good
2026-07-10 23:00:00,5.1,78.0,1020.1,12.5,332.0,0.0,1.0,openaq_ground,5.555555555555555,Good
2026-07-11 00:00:00,6.6,78.0,1019.9,10.3,329.0,0.0,0.82,openaq_ground,4.444444444444445,Good
2026-07-11 01:00:00,7.9,74.0,1019.5,8.3,311.0,0.0,1.02,openaq_ground,5.555555555555555,Good
2026-07-11 02:00:00,7.5,77.0,1018.9,7.6,315.0,0.0,0.92,openaq_ground,5.0,Good
2026-07-11 03:00:00,6.9,77.0,1018.7,8.5,332.0,0.0,3.2,openaq_ground,17.77777777777778,Good
2026-07-11 04:00:00,6.2,76.0,1018.8,9.5,338.0,0.0,6.14,openaq_ground,33.888888888888886,Good
2026-07-11 05:00:00,3.9,81.0,1018.9,10.7,338.0,0.0,11.72,openaq_ground,55.844106463878326,Moderate
2026-07-11 06:00:00,2.0,84.0,1018.7,9.8,342.0,0.0,27.42,openaq_ground,85.09505703422053,Moderate
2026-07-11 07:00:00,1.7,85.0,1019.1,9.5,341.0,0.0,32.5,openaq_ground,94.59695817490494,Moderate
2026-07-11 08:00:00,1.2,87.0,1019.1,11.1,343.0,0.0,35.6,openaq_ground,101.2462311557789,Unhealthy (Sensitive Groups)
2026-07-11 09:00:00,1.5,85.0,1019.1,11.3,343.0,0.0,39.12,openaq_ground,109.8643216080402,Unhealthy (Sensitive Groups)
2026-07-11 10:00:00,1.5,86.0,1019.1,11.5,343.0,0.0,39.98,openaq_ground,111.83417085427135,Unhealthy (Sensitive Groups)
2026-07-11 11:00:00,1.3,86.0,1019.1,11.0,342.0,0.0,35.56,openaq_ground,101.0,Unhealthy (Sensitive Groups)
2026-07-11 12:00:00,0.4,87.0,1018.8,13.7,346.0,0.0,27.72,openaq_ground,85.65399239543727,Moderate
2026-07-11 13:00:00,0.2,86.0,1018.8,12.3,339.0,0.0,18.68,openaq_ground,68.69961977186313,Moderate
2026-07-11 14:00:00,0.1,85.0,1018.6,11.3,338.0,0.0,14.8,openaq_ground,61.619771863117876,Moderate
2026-07-11 15:00:00,0.0,83.0,1018.7,11.1,337.0,0.0,8.52,openaq_ground,47.22222222222222,Good
2026-07-11 16:00:00,-0.3,83.0,1018.3,10.9,336.0,0.0,4.720000000000001,openaq_ground,26.11111111111111,Good
2026-07-11 17:00:00,-0.8,84.0,1018.3,11.7,331.0,0.0,2.78,openaq_ground,15.0,Good
2026-07-11 18:00:00,-2.4,92.0,1018.9,11.9,345.0,0.0,4.16,openaq_ground,22.777777777777775,Good
2026-07-11 19:00:00,-2.0,90.0,1018.7,10.6,345.0,0.0,4.779999999999999,openaq_ground,26.11111111111111,Good
2026-07-11 20:00:00,-1.8,88.0,1019.0,12.1,342.0,0.0,8.559999999999999,openaq_ground,47.22222222222222,Good
2026-07-11 21:00:00,-1.3,88.0,1019.3,13.1,342.0,0.0,14.26,openaq_ground,60.50190114068441,Moderate
2026-07-11 22:00:00,1.4,82.0,1019.4,13.6,343.0,0.0,11.76,openaq_ground,55.844106463878326,Moderate
2026-07-11 23:00:00,4.4,77.0,1019.4,12.1,340.0,0.0,9.92,openaq_ground,52.49049429657795,Moderate
2026-07-12 00:00:00,6.8,70.0,1019.0,9.6,347.0,0.0,4.040000000000001,openaq_ground,22.22222222222222,Good
2026-07-12 01:00:00,8.7,64.0,1018.1,5.2,354.0,0.0,2.06,openaq_ground,11.11111111111111,Good
2026-07-12 02:00:00,9.3,62.0,1017.5,4.3,28.0,0.0,2.26,openaq_ground,12.222222222222223,Good
2026-07-12 03:00:00,9.0,64.0,1017.0,4.0,39.0,0.0,7.159999999999999,openaq_ground,39.44444444444444,Good
2026-07-12 04:00:00,7.9,74.0,1017.0,4.3,33.0,0.0,6.5200000000000005,openaq_ground,36.11111111111111,Good
2026-07-12 05:00:00,5.1,84.0,1017.0,5.5,9.0,0.0,24.46,openaq_ground,79.50570342205323,Moderate
2026-07-12 06:00:00,2.8,87.0,1016.2,9.9,3.0,0.0,21.24,openaq_ground,73.54372623574145,Moderate
2026-07-12 07:00:00,1.8,79.0,1015.9,10.1,4.0,0.0,15.4,openaq_ground,62.737642585551335,Moderate
2026-07-12 08:00:00,1.8,74.0,1015.4,10.5,5.0,0.0,6.68,openaq_ground,36.666666666666664,Good
2026-07-12 09:00:00,1.8,72.0,1015.0,11.7,9.0,0.0,2.96,openaq_ground,16.11111111111111,Good
2026-07-12 10:00:00,1.9,72.0,1014.8,11.7,5.0,0.0,1.6,openaq_ground,8.88888888888889,Good
2026-07-12 11:00:00,2.0,72.0,1014.5,12.3,4.0,0.0,0.76,openaq_ground,3.8888888888888884,Good
2026-07-12 12:00:00,2.4,70.0,1013.6,13.9,13.0,0.0,0.96,openaq_ground,5.0,Good
2026-07-12 13:00:00,2.8,71.0,1012.9,11.9,14.0,0.0,0.8,openaq_ground,4.444444444444445,Good
2026-07-12 14:00:00,2.9,73.0,1012.1,12.5,15.0,0.0,0.08,openaq_ground,0.0,Good
2026-07-12 15:00:00,3.2,73.0,1011.6,12.8,19.0,0.0,0.02,openaq_ground,0.0,Good
2026-07-12 16:00:00,3.6,72.0,1010.6,11.7,25.0,0.0,0.02,openaq_ground,0.0,Good
2026-07-12 17:00:00,4.2,70.0,1009.8,11.9,32.0,0.0,0.04,openaq_ground,0.0,Good
2026-07-12 18:00:00,4.4,69.0,1008.5,13.8,35.0,0.0,0.04,openaq_ground,0.0,Good
2026-07-12 19:00:00,5.1,67.0,1007.8,13.6,43.0,0.0,0.9,openaq_ground,5.0,Good
2026-07-12 20:00:00,5.6,66.0,1007.1,15.9,46.0,0.0,0.42,openaq_ground,2.2222222222222223,Good
2026-07-12 21:00:00,6.8,65.0,1006.5,18.2,49.0,0.0,0.2,openaq_ground,1.1111111111111112,Good
2026-07-12 22:00:00,8.4,61.0,1006.1,19.0,48.0,0.0,0.8,openaq_ground,4.444444444444445,Good
2026-07-12 23:00:00,8.8,64.0,1006.3,15.0,51.0,0.0,1.88,openaq_ground,10.0,Good
2026-07-13 00:00:00,9.0,65.0,1005.8,12.6,52.0,0.0,2.1,openaq_ground,11.666666666666666,Good
2026-07-13 01:00:00,9.9,63.0,1005.6,13.9,50.0,0.0,3.18,openaq_ground,17.22222222222222,Good
2026-07-13 02:00:00,11.3,65.0,1004.9,16.4,45.0,0.0,2.84,openaq_ground,15.555555555555554,Good
2026-07-13 03:00:00,11.5,61.0,1005.0,11.7,44.0,0.0,4.62,openaq_ground,25.555555555555554,Good
2026-07-13 04:00:00,10.4,67.0,1005.0,8.6,51.0,0.0,8.64,openaq_ground,47.77777777777777,Good
2026-07-13 05:00:00,8.5,71.0,1005.7,8.6,23.0,0.0,7.2,openaq_ground,40.0,Good
2026-07-13 06:00:00,8.7,63.0,1005.4,14.3,18.0,0.0,6.42,openaq_ground,35.55555555555556,Good
2026-07-13 07:00:00,9.0,62.0,1005.8,15.1,9.0,0.0,9.96,openaq_ground,52.49049429657795,Moderate
2026-07-13 08:00:00,8.3,66.0,1006.2,12.4,1.0,0.0,17.619999999999997,openaq_ground,66.83650190114069,Moderate
2026-07-13 09:00:00,7.0,70.0,1006.5,10.7,351.0,0.0,17.52,openaq_ground,66.65019011406844,Moderate
2026-07-13 10:00:00,5.7,75.0,1006.8,12.0,341.0,0.0,18.9,openaq_ground,69.25855513307985,Moderate
2026-07-13 11:00:00,5.4,77.0,1007.2,13.3,339.0,0.0,22.1,openaq_ground,75.22053231939164,Moderate
2026-07-13 12:00:00,4.9,77.0,1007.2,15.5,340.0,0.0,11.4,openaq_ground,55.2851711026616,Moderate
2026-07-13 13:00:00,5.7,75.0,1007.2,16.2,341.0,0.0,6.0200000000000005,openaq_ground,33.33333333333333,Good
2026-07-13 14:00:00,6.2,73.0,1007.0,15.5,347.0,0.0,1.86,openaq_ground,10.0,Good
2026-07-13 15:00:00,6.1,72.0,1007.0,14.5,349.0,0.0,0.36,openaq_ground,1.6666666666666665,Good
2026-07-13 16:00:00,5.9,73.0,1006.8,15.6,345.0,0.0,0.04,openaq_ground,0.0,Good
2026-07-13 17:00:00,5.6,75.0,1006.5,15.6,346.0,0.0,0.72,openaq_ground,3.8888888888888884,Good
2026-07-13 18:00:00,6.0,73.0,1006.3,16.5,353.0,0.0,1.0,openaq_ground,5.555555555555555,Good
2026-07-13 19:00:00,6.6,71.0,1006.1,15.5,359.0,0.0,2.34,openaq_ground,12.777777777777777,Good
2026-07-13 20:00:00,7.4,69.0,1005.8,15.7,3.0,0.0,0.4,openaq_ground,2.2222222222222223,Good
2026-07-13 21:00:00,10.7,58.0,1005.6,20.0,5.0,0.0,0.22,openaq_ground,1.1111111111111112,Good
2026-07-13 22:00:00,13.0,52.0,1005.3,22.0,28.0,0.0,0.16,openaq_ground,0.5555555555555556,Good
2026-07-13 23:00:00,14.2,50.0,1005.1,24.1,29.0,0.0,0.36,openaq_ground,1.6666666666666665,Good
2026-07-14 00:00:00,14.9,51.0,1003.6,19.5,28.0,0.0,0.02,openaq_ground,0.0,Good
2026-07-14 01:00:00,15.5,50.0,1003.1,15.9,20.0,0.0,0.8800000000000001,openaq_ground,4.444444444444445,Good
2026-07-14 02:00:00,15.2,52.0,1002.7,10.3,15.0,0.0,0.4599999999999999,openaq_ground,2.2222222222222223,Good
2026-07-14 03:00:00,14.5,56.0,1002.7,9.5,350.0,0.0,0.4600000000000001,openaq_ground,2.2222222222222223,Good
2026-07-14 04:00:00,13.5,58.0,1004.3,10.7,307.0,0.0,2.66,openaq_ground,14.444444444444445,Good
2026-07-14 05:00:00,11.4,63.0,1005.8,7.7,294.0,0.0,3.0200000000000005,openaq_ground,16.666666666666664,Good
2026-07-14 06:00:00,9.5,71.0,1006.8,5.6,312.0,0.0,3.3,openaq_ground,18.333333333333332,Good
2026-07-14 07:00:00,7.8,76.0,1008.3,4.3,332.0,0.0,13.28,openaq_ground,58.638783269961976,Moderate
2026-07-14 08:00:00,7.0,78.0,1009.9,3.9,323.0,0.0,17.240000000000002,openaq_ground,66.09125475285171,Moderate
2026-07-14 09:00:00,6.7,76.0,1010.9,5.4,296.0,0.0,13.580000000000002,openaq_ground,59.19771863117871,Moderate
2026-07-14 10:00:00,6.4,74.0,1012.1,5.5,281.0,0.0,13.74,openaq_ground,59.57034220532319,Moderate
2026-07-14 11:00:00,5.2,77.0,1013.2,3.1,336.0,0.0,6.94,openaq_ground,38.333333333333336,Good
2026-07-14 12:00:00,3.3,86.0,1013.5,7.4,1.0,0.0,7.140000000000001,openaq_ground,39.44444444444444,Good
2026-07-14 13:00:00,2.8,90.0,1014.2,4.9,352.0,0.0,2.92,openaq_ground,16.11111111111111,Good
2026-07-14 14:00:00,2.6,90.0,1014.9,5.8,353.0,0.0,1.22,openaq_ground,6.666666666666666,Good
2026-07-14 15:00:00,2.9,87.0,1015.5,6.0,351.0,0.0,1.3,openaq_ground,7.222222222222222,Good
2026-07-14 16:00:00,2.0,92.0,1015.6,7.2,338.0,0.0,0.94,openaq_ground,5.0,Good
2026-07-14 17:00:00,2.3,88.0,1016.1,8.9,342.0,0.0,0.6599999999999999,openaq_ground,3.333333333333333,Good
2026-07-14 18:00:00,2.0,84.0,1016.7,10.6,356.0,0.0,1.3,openaq_ground,7.222222222222222,Good
2026-07-14 19:00:00,2.7,81.0,1017.2,8.6,345.0,0.0,3.08,openaq_ground,16.666666666666664,Good
2026-07-14 20:00:00,3.1,80.0,1017.7,8.6,338.0,0.0,5.44,openaq_ground,30.0,Good
2026-07-14 21:00:00,5.0,72.0,1017.9,9.1,351.0,0.0,10.1,openaq_ground,52.863117870722434,Moderate
2026-07-14 22:00:00,5.5,74.0,1018.5,5.4,285.0,0.0,15.22,openaq_ground,62.365019011406844,Moderate
2026-07-14 23:00:00,5.5,85.0,1019.2,6.9,239.0,0.2,17.32,openaq_ground,66.27756653992395,Moderate
2026-07-15 00:00:00,6.4,83.0,1018.7,2.7,302.0,0.3,9.22,openaq_ground,51.18631178707224,Moderate
2026-07-15 01:00:00,6.8,84.0,1018.0,2.8,315.0,0.1,15.18,openaq_ground,62.1787072243346,Moderate
2026-07-15 02:00:00,7.6,81.0,1017.0,3.8,315.0,0.0,7.62,openaq_ground,42.22222222222222,Good
2026-07-15 03:00:00,8.5,81.0,1015.8,4.8,11.0,0.0,3.54,openaq_ground,19.444444444444443,Good
2026-07-15 04:00:00,8.8,82.0,1015.2,7.1,10.0,0.0,10.86,openaq_ground,54.16730038022814,Moderate
2026-07-15 05:00:00,6.9,85.0,1014.5,6.0,353.0,0.0,17.02,openaq_ground,65.71863117870723,Moderate
2026-07-15 06:00:00,5.8,74.0,1014.0,11.0,357.0,0.0,27.9,openaq_ground,86.02661596958174,Moderate
2026-07-15 07:00:00,5.2,75.0,1013.8,12.6,349.0,0.0,29.14,openaq_ground,88.26235741444867,Moderate
2026-07-15 08:00:00,4.7,77.0,1013.2,13.1,347.0,0.0,21.56,openaq_ground,74.10266159695817,Moderate
2026-07-15 09:00:00,5.2,75.0,1012.0,14.6,346.0,0.0,13.080000000000002,openaq_ground,58.26615969581749,Moderate
2026-07-15 10:00:00,5.8,73.0,1011.2,14.8,344.0,0.0,8.459999999999999,openaq_ground,46.666666666666664,Good
2026-07-15 11:00:00,5.9,73.0,1010.8,12.5,342.0,0.0,9.9,openaq_ground,52.49049429657795,Moderate
2026-07-15 12:00:00,5.6,74.0,1010.0,14.7,342.0,0.9,9.3,openaq_ground,51.37262357414449,Moderate
2026-07-15 13:00:00,5.1,76.0,1009.8,10.1,327.0,0.0,3.66,openaq_ground,20.0,Good
2026-07-15 14:00:00,4.4,90.0,1011.9,9.6,261.0,1.3,0.0,openaq_ground,0.0,Good
2026-07-15 15:00:00,5.6,91.0,1013.2,16.7,286.0,1.1,0.04,openaq_ground,0.0,Good
2026-07-15 16:00:00,6.4,90.0,1013.1,22.1,263.0,0.1,0.36,openaq_ground,1.6666666666666665,Good
2026-07-15 17:00:00,6.4,88.0,1013.4,26.0,260.0,0.0,0.6,openaq_ground,3.333333333333333,Good
2026-07-15 18:00:00,5.5,87.0,1014.3,22.4,264.0,0.0,3.5400000000000005,openaq_ground,19.444444444444443,Good
2026-07-15 19:00:00,5.7,82.0,1014.8,21.8,270.0,0.0,1.52,openaq_ground,8.333333333333332,Good
2026-07-15 20:00:00,5.8,76.0,1015.6,20.3,277.0,0.0,1.28,openaq_ground,6.666666666666666,Good
2026-07-15 21:00:00,6.6,71.0,1016.4,18.8,279.0,0.0,6.0,openaq_ground,33.33333333333333,Good
2026-07-15 22:00:00,8.1,64.0,1016.6,23.6,270.0,0.0,3.52,openaq_ground,19.444444444444443,Good
2026-07-15 23:00:00,8.8,61.0,1017.3,24.9,265.0,0.0,1.52,openaq_ground,8.333333333333332,Good
2026-07-16 00:00:00,10.0,60.0,1017.3,16.6,261.0,0.0,2.8,openaq_ground,15.555555555555554,Good
2026-07-16 01:00:00,10.7,56.0,1017.2,26.7,254.0,0.0,1.5799999999999998,openaq_ground,8.333333333333332,Good
2026-07-16 02:00:00,10.6,56.0,1017.8,31.9,250.0,0.0,1.5399999999999998,openaq_ground,8.333333333333332,Good
2026-07-16 03:00:00,10.2,60.0,1018.0,24.9,256.0,0.0,1.62,openaq_ground,8.88888888888889,Good
2026-07-16 04:00:00,9.9,60.0,1018.3,24.0,257.0,0.0,2.26,openaq_ground,12.222222222222223,Good
2026-07-16 05:00:00,9.2,63.0,1018.8,21.3,254.0,0.0,5.18,openaq_ground,28.33333333333333,Good
2026-07-16 06:00:00,8.4,64.0,1019.1,15.3,261.0,0.0,5.8,openaq_ground,32.22222222222222,Good
2026-07-16 07:00:00,7.4,69.0,1019.1,9.7,289.0,0.0,9.58,openaq_ground,51.745247148288975,Moderate
2026-07-16 08:00:00,6.4,73.0,1019.6,8.0,295.0,0.0,12.4,openaq_ground,57.148288973384034,Moderate
2026-07-16 09:00:00,6.4,73.0,1019.5,7.2,288.0,0.0,13.46,openaq_ground,59.01140684410647,Moderate
2026-07-16 10:00:00,6.4,71.0,1019.6,8.7,287.0,0.0,12.3,openaq_ground,56.96197718631179,Moderate
2026-07-16 11:00:00,5.6,72.0,1019.4,9.3,306.0,0.0,11.38,openaq_ground,55.09885931558936,Moderate
2026-07-16 12:00:00,4.3,72.0,1018.6,8.0,350.0,0.0,9.28,openaq_ground,51.18631178707224,Moderate
2026-07-16 13:00:00,2.3,77.0,1018.3,6.8,358.0,0.0,7.82,openaq_ground,43.33333333333333,Good
2026-07-16 14:00:00,1.2,80.0,1018.5,2.9,356.0,0.0,3.3400000000000007,openaq_ground,18.333333333333332,Good
2026-07-16 15:00:00,2.5,71.0,1018.1,3.4,3.0,0.0,0.92,openaq_ground,5.0,Good
2026-07-16 16:00:00,1.6,75.0,1018.0,2.5,356.0,0.0,1.64,openaq_ground,8.88888888888889,Good
2026-07-16 17:00:00,0.8,79.0,1018.0,6.9,355.0,0.0,2.1,openaq_ground,11.666666666666666,Good
2026-07-16 18:00:00,0.4,77.0,1018.0,5.8,356.0,0.0,2.32,openaq_ground,12.777777777777777,Good
2026-07-16 19:00:00,1.0,73.0,1018.1,5.6,343.0,0.0,6.0600000000000005,openaq_ground,33.33333333333333,Good
2026-07-16 20:00:00,2.0,72.0,1018.5,6.7,341.0,0.0,8.78,openaq_ground,48.33333333333333,Good
2026-07-16 21:00:00,2.4,75.0,1019.0,8.0,340.0,0.0,11.12,openaq_ground,54.72623574144487,Moderate
2026-07-16 22:00:00,5.5,71.0,1019.4,10.9,341.0,0.0,9.38,openaq_ground,51.37262357414449,Moderate
2026-07-16 23:00:00,9.5,55.0,1019.4,9.7,325.0,0.0,7.959999999999999,openaq_ground,43.88888888888889,Good
2026-07-17 00:00:00,12.6,57.0,1019.0,4.7,7.0,0.0,7.859999999999999,openaq_ground,43.33333333333333,Good
2026-07-17 01:00:00,13.4,45.0,1018.4,2.9,330.0,0.0,11.74,openaq_ground,55.844106463878326,Moderate
2026-07-17 02:00:00,13.6,49.0,1017.3,6.5,283.0,0.0,8.440000000000001,openaq_ground,46.666666666666664,Good
2026-07-17 03:00:00,13.1,54.0,1017.1,10.1,273.0,0.0,6.540000000000001,openaq_ground,36.11111111111111,Good
2026-07-17 04:00:00,11.9,59.0,1017.4,7.9,281.0,0.0,13.56,openaq_ground,59.19771863117871,Moderate
2026-07-17 05:00:00,9.3,67.0,1017.8,6.8,302.0,0.0,31.82,openaq_ground,93.29277566539925,Moderate
2026-07-17 06:00:00,7.5,68.0,1017.6,4.6,339.0,0.0,39.88,openaq_ground,111.58793969849245,Unhealthy (Sensitive Groups)
2026-07-17 07:00:00,5.6,71.0,1017.9,5.3,336.0,0.0,38.02,openaq_ground,107.15577889447236,Unhealthy (Sensitive Groups)
2026-07-17 08:00:00,6.5,69.0,1018.1,5.9,317.0,0.0,40.64,openaq_ground,113.55778894472363,Unhealthy (Sensitive Groups)
2026-07-17 09:00:00,8.1,69.0,1017.9,9.0,272.0,0.0,39.94,openaq_ground,111.83417085427135,Unhealthy (Sensitive Groups)
2026-07-17 10:00:00,9.8,68.0,1018.0,17.5,274.0,0.0,36.8,openaq_ground,104.20100502512562,Unhealthy (Sensitive Groups)
2026-07-17 11:00:00,10.0,66.0,1017.6,19.1,290.0,0.0,19.12,openaq_ground,69.63117870722434,Moderate
2026-07-17 12:00:00,7.2,68.0,1017.7,12.6,338.0,0.0,13.18,openaq_ground,58.452471482889734,Moderate
2026-07-17 13:00:00,8.2,63.0,1017.0,14.7,333.0,0.0,8.28,openaq_ground,45.55555555555555,Good
2026-07-17 14:00:00,9.1,61.0,1016.6,12.7,313.0,0.0,2.7,openaq_ground,15.0,Good
2026-07-17 15:00:00,9.3,63.0,1017.0,10.2,300.0,0.0,0.4600000000000001,openaq_ground,2.2222222222222223,Good
2026-07-17 16:00:00,9.7,62.0,1016.5,16.7,304.0,0.0,0.26,openaq_ground,1.1111111111111112,Good
2026-07-17 17:00:00,10.1,59.0,1016.3,16.8,296.0,0.0,0.02,openaq_ground,0.0,Good
2026-07-17 18:00:00,7.2,67.0,1016.5,8.4,329.0,0.0,0.08,openaq_ground,0.0,Good
2026-07-17 19:00:00,7.6,66.0,1016.5,9.5,328.0,0.0,0.02,openaq_ground,0.0,Good
2026-07-17 20:00:00,7.5,67.0,1016.5,9.5,321.0,0.0,0.86,openaq_ground,4.444444444444445,Good
2026-07-17 21:00:00,8.9,64.0,1016.8,11.1,318.0,0.0,2.22,openaq_ground,12.222222222222223,Good
2026-07-17 22:00:00,10.8,61.0,1016.4,14.0,308.0,0.0,4.44,openaq_ground,24.444444444444446,Good
2026-07-17 23:00:00,12.5,57.0,1016.3,15.4,303.0,0.0,5.76,openaq_ground,31.666666666666668,Good
2026-07-18 00:00:00,14.1,53.0,1015.3,9.5,295.0,0.0,3.12,openaq_ground,17.22222222222222,Good
2026-07-18 01:00:00,13.8,54.0,1014.3,10.2,311.0,0.0,0.36,openaq_ground,1.6666666666666665,Good
2026-07-18 02:00:00,14.1,54.0,1013.6,10.7,297.0,0.0,0.1,openaq_ground,0.5555555555555556,Good
2026-07-18 03:00:00,13.8,57.0,1013.3,11.2,300.0,0.0,3.92,openaq_ground,21.666666666666664,Good
2026-07-18 04:00:00,12.6,65.0,1013.4,5.1,262.0,0.0,18.880000000000003,openaq_ground,69.07224334600761,Moderate
2026-07-18 05:00:00,10.0,76.0,1013.5,1.4,360.0,0.0,34.260000000000005,openaq_ground,97.7642585551331,Moderate
2026-07-18 06:00:00,9.1,73.0,1013.0,4.0,360.0,0.0,38.06,openaq_ground,107.15577889447236,Unhealthy (Sensitive Groups)
2026-07-18 07:00:00,8.3,73.0,1012.7,6.4,352.0,0.0,37.52,openaq_ground,105.92462311557789,Unhealthy (Sensitive Groups)
2026-07-18 08:00:00,8.3,72.0,1013.2,5.6,329.0,0.0,25.56,openaq_ground,81.5551330798479,Moderate
2026-07-18 09:00:00,8.6,73.0,1013.4,9.2,320.0,0.0,24.1,openaq_ground,78.9467680608365,Moderate
2026-07-18 10:00:00,10.1,68.0,1014.2,14.5,290.0,0.0,1.34,openaq_ground,7.222222222222222,Good
2026-07-18 11:00:00,9.9,74.0,1015.2,15.7,265.0,0.1,0.5599999999999999,openaq_ground,2.7777777777777777,Good
2026-07-18 12:00:00,8.3,89.0,1016.4,16.5,246.0,0.2,0.18,openaq_ground,0.5555555555555556,Good
2026-07-18 13:00:00,8.2,94.0,1017.3,17.9,232.0,0.1,0.04,openaq_ground,0.0,Good
2026-07-18 14:00:00,7.4,95.0,1018.2,15.4,228.0,0.0,0.34,openaq_ground,1.6666666666666665,Good
2026-07-18 15:00:00,7.1,96.0,1019.0,15.3,231.0,0.1,0.54,openaq_ground,2.7777777777777777,Good
2026-07-18 16:00:00,6.8,97.0,1019.4,13.3,251.0,0.0,0.0,openaq_ground,0.0,Good
2026-07-18 17:00:00,6.2,95.0,1019.8,13.4,265.0,0.0,0.3399999999999999,openaq_ground,1.6666666666666665,Good
2026-07-18 18:00:00,5.3,94.0,1020.4,12.5,274.0,0.0,0.38,openaq_ground,1.6666666666666665,Good
2026-07-18 19:00:00,5.2,93.0,1021.2,11.6,282.0,0.0,0.44,openaq_ground,2.2222222222222223,Good
2026-07-18 20:00:00,4.8,92.0,1021.6,12.6,292.0,0.0,0.4599999999999999,openaq_ground,2.2222222222222223,Good
2026-07-18 21:00:00,5.0,91.0,1022.4,13.4,297.0,0.0,0.42,openaq_ground,2.2222222222222223,Good
2026-07-18 22:00:00,6.6,86.0,1022.9,13.8,281.0,0.0,0.12,openaq_ground,0.5555555555555556,Good
2026-07-18 23:00:00,8.2,81.0,1023.5,14.2,261.0,0.0,0.18,openaq_ground,0.5555555555555556,Good
2026-07-19 00:00:00,9.5,68.0,1023.3,17.7,250.0,0.0,0.3,openaq_ground,1.6666666666666665,Good
2026-07-19 01:00:00,9.8,63.0,1023.2,25.7,245.0,0.0,0.62,openaq_ground,3.333333333333333,Good
2026-07-19 02:00:00,9.9,63.0,1023.0,22.9,251.0,0.0,1.36,openaq_ground,7.222222222222222,Good
2026-07-19 03:00:00,9.9,63.0,1023.2,20.0,256.0,0.0,2.14,openaq_ground,11.666666666666666,Good
2026-07-19 04:00:00,9.6,66.0,1023.6,19.1,256.0,0.0,3.26,openaq_ground,17.77777777777778,Good
2026-07-19 05:00:00,8.9,70.0,1024.1,17.1,262.0,0.0,2.78,openaq_ground,15.0,Good
2026-07-19 06:00:00,7.9,73.0,1024.4,14.8,267.0,0.0,3.92,openaq_ground,21.666666666666664,Good
2026-07-19 07:00:00,7.6,75.0,1025.0,14.2,267.0,0.0,5.06,openaq_ground,27.77777777777778,Good
2026-07-19 08:00:00,6.7,79.0,1025.2,10.3,283.0,0.0,4.220000000000001,openaq_ground,23.333333333333332,Good
2026-07-19 09:00:00,5.8,82.0,1025.3,7.8,307.0,0.0,3.12,openaq_ground,17.22222222222222,Good
2026-07-19 10:00:00,5.4,82.0,1025.4,7.1,317.0,0.0,1.22,openaq_ground,6.666666666666666,Good
2026-07-19 11:00:00,5.0,80.0,1025.6,7.8,320.0,0.0,0.8800000000000001,openaq_ground,4.444444444444445,Good
2026-07-19 12:00:00,4.3,77.0,1026.0,8.0,320.0,0.0,0.64,openaq_ground,3.333333333333333,Good
2026-07-19 13:00:00,4.6,76.0,1026.3,8.9,320.0,0.0,0.3399999999999999,openaq_ground,1.6666666666666665,Good
2026-07-19 14:00:00,4.5,76.0,1026.3,10.0,322.0,0.0,0.24,openaq_ground,1.1111111111111112,Good
2026-07-19 15:00:00,4.6,77.0,1026.4,11.1,320.0,0.0,0.2,openaq_ground,1.1111111111111112,Good
2026-07-19 16:00:00,3.7,82.0,1026.1,9.8,330.0,0.0,0.2799999999999999,openaq_ground,1.1111111111111112,Good
2026-07-19 17:00:00,3.0,84.0,1026.1,9.2,337.0,0.0,0.24,openaq_ground,1.1111111111111112,Good
2026-07-19 18:00:00,1.6,88.0,1026.9,8.1,342.0,0.0,0.44,openaq_ground,2.2222222222222223,Good
2026-07-19 19:00:00,1.4,88.0,1027.0,8.0,342.0,0.0,1.1,openaq_ground,6.111111111111112,Good
2026-07-19 20:00:00,1.2,87.0,1027.4,8.9,342.0,0.0,3.92,openaq_ground,21.666666666666664,Good
2026-07-19 21:00:00,1.8,86.0,1027.5,10.1,343.0,0.0,3.7,openaq_ground,20.555555555555557,Good
2026-07-19 22:00:00,4.5,79.0,1027.6,10.1,335.0,0.0,4.74,openaq_ground,26.11111111111111,Good
2026-07-19 23:00:00,7.6,74.0,1027.5,8.4,326.0,0.0,3.4799999999999995,openaq_ground,18.88888888888889,Good
2026-07-20 00:00:00,9.4,64.0,1027.2,4.4,328.0,0.0,2.52,openaq_ground,13.88888888888889,Good
2026-07-20 01:00:00,10.2,58.0,1026.5,2.6,12.0,0.0,0.6399999999999999,openaq_ground,3.333333333333333,Good
2026-07-20 02:00:00,10.4,57.0,1025.8,3.8,65.0,0.0,0.6,openaq_ground,3.333333333333333,Good
2026-07-20 03:00:00,10.3,57.0,1025.4,4.3,73.0,0.0,1.28,openaq_ground,6.666666666666666,Good
2026-07-20 04:00:00,9.4,64.0,1025.2,3.8,71.0,0.0,2.9200000000000004,openaq_ground,16.11111111111111,Good
2026-07-20 05:00:00,6.8,78.0,1025.2,2.8,40.0,0.0,13.7,openaq_ground,59.57034220532319,Moderate
2026-07-20 06:00:00,4.6,82.0,1025.0,4.1,2.0,0.0,35.04,openaq_ground,99.25475285171103,Moderate
2026-07-20 07:00:00,3.1,84.0,1025.5,4.8,338.0,0.0,29.32,openaq_ground,88.63498098859316,Moderate
2026-07-20 08:00:00,1.4,87.0,1025.6,6.7,340.0,0.0,19.34,openaq_ground,70.00380228136882,Moderate
2026-07-20 09:00:00,0.5,85.0,1025.4,7.3,340.0,0.0,15.080000000000002,openaq_ground,61.99239543726236,Moderate
2026-07-20 10:00:00,-0.1,84.0,1025.0,6.7,346.0,0.0,15.3,openaq_ground,62.55133079847909,Moderate
2026-07-20 11:00:00,-0.6,86.0,1024.6,8.0,354.0,0.0,13.96,openaq_ground,59.942965779467684,Moderate
2026-07-20 12:00:00,-1.0,92.0,1024.5,11.7,356.0,0.0,11.4,openaq_ground,55.2851711026616,Moderate
2026-07-20 13:00:00,0.0,87.0,1023.9,14.3,354.0,0.0,6.659999999999999,openaq_ground,36.666666666666664,Good
2026-07-20 14:00:00,1.0,76.0,1023.1,15.5,352.0,0.0,5.24,openaq_ground,28.88888888888889,Good
2026-07-20 15:00:00,2.8,63.0,1022.4,15.4,350.0,0.0,1.9,openaq_ground,10.555555555555555,Good
2026-07-20 16:00:00,3.8,54.0,1021.5,14.9,347.0,0.0,3.7,openaq_ground,20.555555555555557,Good
2026-07-20 17:00:00,4.9,49.0,1020.8,15.0,347.0,0.0,1.66,openaq_ground,8.88888888888889,Good
2026-07-20 18:00:00,4.3,54.0,1020.6,15.2,350.0,0.0,1.6800000000000002,openaq_ground,8.88888888888889,Good
2026-07-20 19:00:00,4.3,55.0,1020.2,13.9,341.0,0.0,1.7,openaq_ground,9.444444444444445,Good
2026-07-20 20:00:00,4.0,58.0,1020.3,12.4,338.0,0.0,3.88,openaq_ground,21.11111111111111,Good
2026-07-20 21:00:00,4.9,58.0,1020.4,13.4,345.0,0.0,5.32,openaq_ground,29.444444444444443,Good
2026-07-20 22:00:00,7.1,58.0,1020.3,13.3,344.0,0.0,7.119999999999999,openaq_ground,39.44444444444444,Good
2026-07-20 23:00:00,10.1,58.0,1019.9,12.0,332.0,0.0,7.040000000000001,openaq_ground,38.888888888888886,Good
2026-07-21 00:00:00,12.0,47.0,1019.0,12.5,340.0,0.0,8.1,openaq_ground,44.99999999999999,Good
2026-07-21 01:00:00,12.7,48.0,1018.2,10.7,316.0,0.0,7.359999999999999,openaq_ground,40.55555555555555,Good
2026-07-21 02:00:00,12.7,51.0,1017.7,8.0,297.0,0.0,8.440000000000001,openaq_ground,46.666666666666664,Good
2026-07-21 03:00:00,12.9,54.0,1017.4,7.0,310.0,0.0,9.6,openaq_ground,51.93155893536122,Moderate
2026-07-21 04:00:00,12.2,57.0,1017.4,7.3,316.0,0.0,12.56,openaq_ground,57.334600760456276,Moderate
2026-07-21 05:00:00,9.7,63.0,1017.8,5.8,330.0,0.0,20.160000000000004,openaq_ground,71.49429657794677,Moderate
2026-07-21 06:00:00,8.0,63.0,1017.7,9.1,338.0,0.0,17.240000000000002,openaq_ground,66.09125475285171,Moderate
2026-07-21 07:00:00,7.4,64.0,1018.2,8.9,335.0,0.0,12.68,openaq_ground,57.52091254752852,Moderate
2026-07-21 08:00:00,6.8,71.0,1018.8,4.0,324.0,0.2,5.7,openaq_ground,31.666666666666668,Good
2026-07-21 09:00:00,6.8,73.0,1018.8,3.3,331.0,0.0,14.82,openaq_ground,61.619771863117876,Moderate
2026-07-21 10:00:00,5.2,80.0,1018.8,4.6,347.0,0.0,11.14,openaq_ground,54.72623574144487,Moderate
2026-07-21 11:00:00,4.7,85.0,1019.0,7.7,339.0,0.0,7.540000000000001,openaq_ground,41.666666666666664,Good
2026-07-21 12:00:00,3.9,80.0,1019.4,5.6,343.0,0.0,5.12,openaq_ground,28.33333333333333,Good
2026-07-21 13:00:00,3.7,84.0,1019.3,6.0,339.0,0.1,3.08,openaq_ground,16.666666666666664,Good
2026-07-21 14:00:00,3.6,86.0,1019.2,7.1,341.0,0.0,1.06,openaq_ground,5.555555555555555,Good
2026-07-21 15:00:00,3.8,86.0,1019.3,5.6,338.0,0.0,0.2799999999999999,openaq_ground,1.1111111111111112,Good
2026-07-21 16:00:00,4.4,84.0,1019.1,5.3,332.0,0.0,0.64,openaq_ground,3.333333333333333,Good
2026-07-21 17:00:00,4.0,87.0,1018.9,6.4,333.0,0.0,0.76,openaq_ground,3.8888888888888884,Good
2026-07-21 18:00:00,2.5,91.0,1019.4,6.7,344.0,0.0,1.0,openaq_ground,5.555555555555555,Good
2026-07-21 19:00:00,2.3,91.0,1019.8,7.3,340.0,0.0,3.68,openaq_ground,20.0,Good
2026-07-21 20:00:00,3.3,89.0,1020.2,7.0,337.0,0.0,4.159999999999999,openaq_ground,22.777777777777775,Good
2026-07-21 21:00:00,4.0,88.0,1020.9,6.7,341.0,0.0,5.14,openaq_ground,28.33333333333333,Good
2026-07-21 22:00:00,6.3,86.0,1021.1,4.9,350.0,0.0,2.14,openaq_ground,11.666666666666666,Good
2026-07-21 23:00:00,9.9,82.0,1020.9,4.0,360.0,0.0,1.54,openaq_ground,8.333333333333332,Good
2026-07-22 00:00:00,11.0,69.0,1020.6,1.3,164.0,0.0,0.3,openaq_ground,1.6666666666666665,Good
2026-07-22 01:00:00,11.3,68.0,1019.6,3.4,186.0,0.0,0.24,openaq_ground,1.1111111111111112,Good
2026-07-22 02:00:00,11.4,68.0,1019.2,3.1,159.0,0.0,0.94,openaq_ground,5.0,Good
2026-07-22 03:00:00,11.2,71.0,1018.8,5.8,97.0,0.0,1.2,openaq_ground,6.666666666666666,Good
2026-07-22 04:00:00,10.6,76.0,1018.6,8.1,91.0,0.0,3.62,openaq_ground,20.0,Good
2026-07-22 05:00:00,8.5,87.0,1018.4,5.6,73.0,0.0,5.38,openaq_ground,29.444444444444443,Good
2026-07-22 06:00:00,6.8,90.0,1018.6,7.8,38.0,0.0,7.82,openaq_ground,43.33333333333333,Good
2026-07-22 07:00:00,5.9,93.0,1017.9,8.6,26.0,0.0,9.12,openaq_ground,51.0,Moderate
2026-07-22 08:00:00,5.1,94.0,1017.5,8.6,10.0,0.0,5.92,openaq_ground,32.77777777777778,Good
2026-07-22 09:00:00,4.4,97.0,1016.4,8.8,1.0,0.0,5.5200000000000005,openaq_ground,30.555555555555554,Good
2026-07-22 10:00:00,4.3,98.0,1015.7,9.0,3.0,0.0,5.18,openaq_ground,28.33333333333333,Good
2026-07-22 11:00:00,4.7,97.0,1015.1,10.5,13.0,0.0,4.640000000000001,openaq_ground,25.555555555555554,Good
2026-07-22 12:00:00,5.0,96.0,1014.5,14.0,18.0,0.0,5.06,openaq_ground,27.77777777777778,Good
2026-07-22 13:00:00,5.2,95.0,1013.6,14.1,19.0,0.0,3.14,openaq_ground,17.22222222222222,Good
2026-07-22 14:00:00,5.4,91.0,1012.6,13.7,11.0,0.0,1.8,openaq_ground,10.0,Good
2026-07-22 15:00:00,5.1,87.0,1011.6,13.0,4.0,0.0,1.34,openaq_ground,7.222222222222222,Good
2026-07-22 16:00:00,4.8,84.0,1010.5,12.8,358.0,0.0,0.78,openaq_ground,3.8888888888888884,Good
2026-07-22 17:00:00,4.7,83.0,1009.8,12.2,352.0,0.0,0.5599999999999999,openaq_ground,2.7777777777777777,Good
2026-07-22 18:00:00,5.0,80.0,1009.0,14.1,4.0,0.0,0.6599999999999999,openaq_ground,3.333333333333333,Good
2026-07-22 19:00:00,5.3,75.0,1008.3,12.6,11.0,0.0,1.48,openaq_ground,7.777777777777777,Good
2026-07-22 20:00:00,6.0,71.0,1007.8,14.1,14.0,0.0,1.64,openaq_ground,8.88888888888889,Good
2026-07-22 21:00:00,8.4,67.0,1007.3,14.7,18.0,0.0,1.24,openaq_ground,6.666666666666666,Good
2026-07-22 22:00:00,10.8,65.0,1007.1,13.2,22.0,0.0,2.16,openaq_ground,11.666666666666666,Good
2026-07-22 23:00:00,12.7,63.0,1006.6,12.6,34.0,0.0,1.1800000000000002,openaq_ground,6.111111111111112,Good
2026-07-23 00:00:00,13.5,56.0,1005.6,9.8,8.0,0.0,1.82,openaq_ground,10.0,Good
2026-07-23 01:00:00,14.5,53.0,1004.6,11.0,11.0,0.0,1.48,openaq_ground,7.777777777777777,Good
2026-07-23 02:00:00,14.5,51.0,1003.6,16.0,25.0,0.0,1.34,openaq_ground,7.222222222222222,Good
2026-07-23 03:00:00,14.2,56.0,1002.8,16.0,33.0,0.0,0.94,openaq_ground,5.0,Good
2026-07-23 04:00:00,13.7,59.0,1002.4,17.8,27.0,0.0,2.48,openaq_ground,13.333333333333332,Good
2026-07-23 05:00:00,12.4,61.0,1001.7,18.4,29.0,0.0,7.38,openaq_ground,40.55555555555555,Good
2026-07-23 06:00:00,11.2,63.0,1000.9,12.6,36.0,0.0,14.6,openaq_ground,61.247148288973385,Moderate
2026-07-23 07:00:00,12.3,56.0,1000.5,18.5,22.0,0.0,6.720000000000001,openaq_ground,37.22222222222222,Good
2026-07-23 08:00:00,13.2,54.0,1000.0,14.2,9.0,0.0,6.62,openaq_ground,36.666666666666664,Good
2026-07-23 09:00:00,10.7,70.0,999.1,12.3,18.0,0.7,2.46,openaq_ground,13.333333333333332,Good
2026-07-23 10:00:00,9.8,76.0,998.9,12.7,13.0,0.9,1.22,openaq_ground,6.666666666666666,Good
2026-07-23 11:00:00,9.4,78.0,998.4,13.2,350.0,0.0,0.22,openaq_ground,1.1111111111111112,Good
2026-07-23 12:00:00,9.8,70.0,997.5,13.8,343.0,0.0,0.8,openaq_ground,4.444444444444445,Good
2026-07-23 13:00:00,8.8,73.0,996.9,13.6,342.0,0.0,3.54,openaq_ground,19.444444444444443,Good
2026-07-23 14:00:00,8.3,75.0,996.1,12.1,350.0,0.0,2.0,openaq_ground,11.11111111111111,Good
2026-07-23 15:00:00,7.9,77.0,996.0,10.7,353.0,0.0,0.48,openaq_ground,2.2222222222222223,Good
2026-07-23 16:00:00,7.5,77.0,995.7,12.0,351.0,0.0,0.0,openaq_ground,0.0,Good
2026-07-23 17:00:00,7.1,76.0,995.3,12.4,343.0,0.0,0.1399999999999999,openaq_ground,0.5555555555555556,Good
2026-07-23 18:00:00,6.8,73.0,995.1,10.1,344.0,0.0,2.24,openaq_ground,12.222222222222223,Good
2026-07-23 19:00:00,6.4,75.0,995.3,5.3,308.0,0.0,1.72,openaq_ground,9.444444444444445,Good
2026-07-23 20:00:00,5.4,80.0,995.4,2.7,278.0,0.0,4.32,openaq_ground,23.888888888888886,Good
2026-07-23 21:00:00,5.6,79.0,994.8,3.3,319.0,0.0,4.96,openaq_ground,27.222222222222225,Good
2026-07-23 22:00:00,7.3,78.0,995.1,6.4,342.0,0.0,8.080000000000002,openaq_ground,44.44444444444444,Good
2026-07-23 23:00:00,7.9,78.0,994.5,3.2,267.0,0.0,9.28,openaq_ground,51.18631178707224,Moderate
2026-07-24 00:00:00,8.3,80.0,994.1,3.3,306.0,0.0,11.56,openaq_ground,55.47148288973384,Moderate
2026-07-24 01:00:00,7.5,88.0,993.8,6.4,280.0,0.3,11.64,openaq_ground,55.657794676806084,Moderate
2026-07-24 02:00:00,7.3,92.0,992.6,8.6,10.0,0.5,9.6,openaq_ground,51.93155893536122,Moderate
2026-07-24 03:00:00,8.0,96.0,991.8,4.4,7.0,0.3,4.04,openaq_ground,22.22222222222222,Good
2026-07-24 04:00:00,7.7,97.0,991.7,5.6,22.0,0.1,3.38,openaq_ground,18.333333333333332,Good
2026-07-24 05:00:00,7.2,97.0,991.4,7.5,44.0,0.2,4.36,openaq_ground,23.888888888888886,Good
2026-07-24 06:00:00,6.6,97.0,990.8,13.0,37.0,0.0,6.0,openaq_ground,33.33333333333333,Good
2026-07-24 07:00:00,6.0,96.0,990.8,11.9,23.0,0.0,7.459999999999999,openaq_ground,41.111111111111114,Good
2026-07-24 08:00:00,5.4,96.0,990.4,8.2,15.0,0.0,12.04,openaq_ground,56.40304182509506,Moderate
2026-07-24 09:00:00,4.5,96.0,990.3,7.6,335.0,0.0,13.88,openaq_ground,59.75665399239544,Moderate
2026-07-24 10:00:00,3.7,97.0,991.1,7.1,285.0,0.0,16.82,openaq_ground,65.34600760456274,Moderate
2026-07-24 11:00:00,4.1,95.0,992.3,15.1,255.0,0.0,1.7399999999999998,openaq_ground,9.444444444444445,Good
2026-07-24 12:00:00,4.6,93.0,992.9,17.7,255.0,0.0,0.06,openaq_ground,0.0,Good
2026-07-24 13:00:00,3.7,94.0,993.5,22.7,259.0,0.1,0.0,openaq_ground,0.0,Good
2026-07-24 14:00:00,3.5,95.0,994.3,25.6,249.0,0.2,0.0,openaq_ground,0.0,Good
2026-07-24 15:00:00,3.5,96.0,995.1,23.2,246.0,0.4,0.0,openaq_ground,0.0,Good
2026-07-24 16:00:00,3.1,97.0,995.7,21.7,251.0,0.3,0.02,openaq_ground,0.0,Good
2026-07-24 17:00:00,3.1,94.0,996.1,22.4,258.0,0.0,0.22,openaq_ground,1.1111111111111112,Good
2026-07-24 18:00:00,3.1,94.0,997.0,20.9,251.0,0.0,0.4600000000000001,openaq_ground,2.2222222222222223,Good
2026-07-24 19:00:00,2.9,92.0,997.5,22.9,255.0,0.0,0.64,openaq_ground,3.333333333333333,Good
2026-07-24 20:00:00,2.6,89.0,998.0,22.8,259.0,0.0,0.78,openaq_ground,3.8888888888888884,Good
2026-07-24 21:00:00,2.7,86.0,998.9,22.1,258.0,0.0,1.3199999999999998,openaq_ground,7.222222222222222,Good
2026-07-24 22:00:00,3.4,83.0,999.7,21.3,256.0,0.0,2.38,openaq_ground,12.777777777777777,Good
2026-07-24 23:00:00,4.1,77.0,1000.5,21.5,256.0,0.0,1.4600000000000002,openaq_ground,7.777777777777777,Good
2026-07-25 00:00:00,4.7,75.0,1000.2,17.4,240.0,0.0,0.98,openaq_ground,5.0,Good
2026-07-25 01:00:00,5.3,71.0,999.8,15.1,242.0,0.1,1.2200000000000002,openaq_ground,6.666666666666666,Good
2026-07-25 02:00:00,5.4,69.0,999.8,14.4,241.0,0.0,1.96,openaq_ground,10.555555555555555,Good
2026-07-25 03:00:00,5.0,68.0,1000.1,14.6,235.0,0.1,3.9,openaq_ground,21.666666666666664,Good
2026-07-25 04:00:00,4.5,70.0,1000.6,11.8,247.0,0.1,4.82,openaq_ground,26.666666666666664,Good
2026-07-25 05:00:00,3.5,77.0,1001.2,7.4,263.0,0.0,20.58,openaq_ground,72.23954372623575,Moderate
2026-07-25 06:00:00,1.8,82.0,1001.4,3.6,288.0,0.0,36.04,openaq_ground,102.23115577889448,Unhealthy (Sensitive Groups)
2026-07-25 07:00:00,1.2,81.0,1001.8,3.6,323.0,0.0,26.72,openaq_ground,83.79087452471484,Moderate
2026-07-25 08:00:00,-0.5,85.0,1001.9,8.4,345.0,0.0,13.56,openaq_ground,59.19771863117871,Moderate
2026-07-25 09:00:00,-1.1,86.0,1001.8,11.2,348.0,0.0,6.74,openaq_ground,37.22222222222222,Good
2026-07-25 10:00:00,-1.7,88.0,1002.2,10.5,343.0,0.0,6.779999999999999,openaq_ground,37.22222222222222,Good
2026-07-25 11:00:00,-2.1,87.0,1002.6,10.4,342.0,0.0,5.1,openaq_ground,28.33333333333333,Good
2026-07-25 12:00:00,-2.2,83.0,1002.5,12.0,344.0,0.0,6.56,openaq_ground,36.11111111111111,Good
2026-07-25 13:00:00,-2.2,82.0,1003.0,11.7,340.0,0.0,5.44,openaq_ground,30.0,Good
2026-07-25 14:00:00,-1.9,78.0,1002.8,12.4,346.0,0.0,4.380000000000001,openaq_ground,23.888888888888886,Good
2026-07-25 15:00:00,-1.4,74.0,1002.9,13.8,343.0,0.0,1.2799999999999998,openaq_ground,6.666666666666666,Good
2026-07-25 16:00:00,0.4,65.0,1003.0,13.0,341.0,0.0,0.5599999999999999,openaq_ground,2.7777777777777777,Good
2026-07-25 17:00:00,1.4,61.0,1003.6,10.8,330.0,0.0,0.16,openaq_ground,0.5555555555555556,Good
2026-07-25 18:00:00,1.1,61.0,1004.3,7.1,339.0,0.0,0.4,openaq_ground,2.2222222222222223,Good
2026-07-25 19:00:00,3.2,53.0,1005.0,11.8,286.0,0.0,0.12,openaq_ground,0.5555555555555556,Good
2026-07-25 20:00:00,4.2,58.0,1005.9,14.5,282.0,0.0,0.16,openaq_ground,0.5555555555555556,Good
2026-07-25 21:00:00,4.2,67.0,1006.7,13.8,297.0,0.0,2.3,openaq_ground,12.777777777777777,Good
2026-07-25 22:00:00,5.6,69.0,1007.4,12.6,284.0,0.0,1.62,openaq_ground,8.88888888888889,Good
2026-07-25 23:00:00,6.9,66.0,1008.2,13.8,261.0,0.0,0.4600000000000001,openaq_ground,2.2222222222222223,Good
2026-07-26 00:00:00,7.3,65.0,1008.0,15.8,256.0,0.0,0.5599999999999999,openaq_ground,2.7777777777777777,Good
2026-07-26 01:00:00,7.6,65.0,1008.1,16.4,255.0,0.0,0.38,openaq_ground,1.6666666666666665,Good
2026-07-26 02:00:00,7.9,61.0,1008.2,19.4,251.0,0.0,0.38,openaq_ground,1.6666666666666665,Good
2026-07-26 03:00:00,8.0,60.0,1008.3,17.8,252.0,0.0,0.6799999999999999,openaq_ground,3.333333333333333,Good
2026-07-26 04:00:00,7.6,63.0,1009.2,15.3,245.0,0.0,2.84,openaq_ground,15.555555555555554,Good
2026-07-26 05:00:00,6.5,70.0,1009.9,10.8,252.0,0.0,14.74,openaq_ground,61.43346007604563,Moderate
2026-07-26 06:00:00,4.3,77.0,1010.1,6.2,303.0,0.0,24.9,openaq_ground,80.43726235741445,Moderate
2026-07-26 07:00:00,3.6,76.0,1010.6,6.4,331.0,0.0,30.880000000000003,openaq_ground,91.42965779467681,Moderate
2026-07-26 08:00:00,2.5,78.0,1010.8,7.3,340.0,0.0,23.32,openaq_ground,77.45627376425855,Moderate
2026-07-26 09:00:00,1.2,83.0,1011.2,9.5,338.0,0.0,26.059999999999995,openaq_ground,82.48669201520913,Moderate
2026-07-26 10:00:00,1.0,82.0,1011.7,12.8,344.0,0.0,16.56,openaq_ground,64.78707224334602,Moderate
2026-07-26 11:00:00,1.5,76.0,1011.7,15.9,344.0,0.0,11.96,openaq_ground,56.21673003802282,Moderate
2026-07-26 12:00:00,2.2,69.0,1012.3,14.3,341.0,0.0,8.02,openaq_ground,44.44444444444444,Good
2026-07-26 13:00:00,3.1,65.0,1012.3,14.8,338.0,0.0,4.84,openaq_ground,26.666666666666664,Good
2026-07-26 14:00:00,2.5,67.0,1012.3,15.0,339.0,0.0,2.16,openaq_ground,11.666666666666666,Good
2026-07-26 15:00:00,2.6,66.0,1012.4,14.6,338.0,0.0,0.44,openaq_ground,2.2222222222222223,Good
2026-07-26 16:00:00,2.5,66.0,1012.2,14.4,338.0,0.0,0.04,openaq_ground,0.0,Good
2026-07-26 17:00:00,2.3,65.0,1012.3,14.3,337.0,0.0,0.1,openaq_ground,0.5555555555555556,Good
2026-07-26 18:00:00,1.4,67.0,1013.2,14.6,340.0,0.0,2.46,openaq_ground,13.333333333333332,Good
2026-07-26 19:00:00,1.7,63.0,1013.1,14.9,341.0,0.0,2.52,openaq_ground,13.88888888888889,Good
2026-07-26 20:00:00,2.3,60.0,1013.4,16.4,343.0,0.0,3.52,openaq_ground,19.444444444444443,Good
2026-07-26 21:00:00,3.5,58.0,1014.0,16.2,341.0,0.0,3.76,openaq_ground,20.555555555555557,Good
2026-07-26 22:00:00,6.1,55.0,1014.1,15.0,342.0,0.0,3.0,openaq_ground,16.666666666666664,Good
2026-07-26 23:00:00,8.6,57.0,1014.5,13.2,343.0,0.0,4.34,openaq_ground,23.888888888888886,Good
2026-07-27 00:00:00,10.4,56.0,1014.2,11.1,347.0,0.0,2.06,openaq_ground,11.11111111111111,Good
2026-07-27 01:00:00,10.7,53.0,1014.0,10.2,332.0,0.0,3.38,openaq_ground,18.333333333333332,Good
2026-07-27 02:00:00,11.0,52.0,1013.8,9.1,330.0,0.0,3.3200000000000003,openaq_ground,18.333333333333332,Good
2026-07-27 03:00:00,11.6,53.0,1013.5,8.9,339.0,0.0,3.08,openaq_ground,16.666666666666664,Good
2026-07-27 04:00:00,11.0,57.0,1013.8,7.6,332.0,0.0,9.82,openaq_ground,52.30418250950571,Moderate
2026-07-27 05:00:00,8.6,65.0,1014.2,9.1,339.0,0.0,22.34,openaq_ground,75.59315589353612,Moderate
2026-07-27 06:00:00,6.0,67.0,1014.2,11.3,342.0,0.0,29.98,openaq_ground,89.75285171102661,Moderate
2026-07-27 07:00:00,6.0,66.0,1014.8,7.9,333.0,0.0,23.88,openaq_ground,78.38783269961978,Moderate
2026-07-27 08:00:00,6.1,74.0,1015.5,9.6,352.0,0.3,17.0,openaq_ground,65.71863117870723,Moderate
2026-07-27 09:00:00,5.5,82.0,1015.7,11.5,346.0,0.2,18.78,openaq_ground,68.88593155893537,Moderate
2026-07-27 10:00:00,5.2,81.0,1016.3,12.1,335.0,0.0,17.7,openaq_ground,67.02281368821292,Moderate
2026-07-27 11:00:00,5.1,79.0,1016.7,10.8,336.0,0.0,21.08,openaq_ground,73.17110266159696,Moderate
2026-07-27 12:00:00,3.6,86.0,1017.3,8.4,337.0,0.0,9.46,openaq_ground,51.55893536121673,Moderate
2026-07-27 13:00:00,3.7,86.0,1017.9,6.2,330.0,0.0,3.98,openaq_ground,21.666666666666664,Good
2026-07-27 14:00:00,3.7,87.0,1018.0,5.7,336.0,0.0,1.86,openaq_ground,10.0,Good
2026-07-27 15:00:00,3.8,87.0,1018.2,7.1,336.0,0.0,1.02,openaq_ground,5.555555555555555,Good
2026-07-27 16:00:00,3.3,89.0,1018.3,9.0,338.0,0.0,0.32,openaq_ground,1.6666666666666665,Good
2026-07-27 17:00:00,3.6,87.0,1018.5,11.2,341.0,0.0,0.22,openaq_ground,1.1111111111111112,Good
2026-07-27 18:00:00,3.7,84.0,1019.2,11.2,345.0,0.0,0.9,openaq_ground,5.0,Good
2026-07-27 19:00:00,3.4,82.0,1019.8,11.3,340.0,0.0,2.28,openaq_ground,12.222222222222223,Good
2026-07-27 20:00:00,3.9,78.0,1020.1,11.7,340.0,0.0,2.88,openaq_ground,15.555555555555554,Good
2026-07-27 21:00:00,5.1,75.0,1020.7,11.9,342.0,0.0,2.16,openaq_ground,11.666666666666666,Good
2026-07-27 22:00:00,7.8,71.0,1021.1,12.1,343.0,0.0,0.98,openaq_ground,5.0,Good
2026-07-27 23:00:00,10.5,71.0,1021.5,11.0,337.0,0.0,0.42,openaq_ground,2.2222222222222223,Good
2026-07-28 00:00:00,13.0,62.0,1021.0,8.0,335.0,0.0,0.72,openaq_ground,3.8888888888888884,Good
2026-07-28 01:00:00,14.3,54.0,1020.7,5.5,306.0,0.0,0.8,openaq_ground,4.444444444444445,Good
2026-07-28 02:00:00,14.7,50.0,1020.3,3.9,298.0,0.0,0.6199999999999999,openaq_ground,3.333333333333333,Good
2026-07-28 03:00:00,14.6,50.0,1020.1,2.0,5.0,0.0,1.1,openaq_ground,6.111111111111112,Good
2026-07-28 04:00:00,13.6,62.0,1020.2,2.9,47.0,0.0,4.44,openaq_ground,24.444444444444446,Good
2026-07-28 05:00:00,10.8,72.0,1020.2,4.8,15.0,0.0,7.580000000000001,openaq_ground,41.666666666666664,Good
2026-07-28 06:00:00,8.1,82.0,1020.0,8.0,9.0,0.0,12.16,openaq_ground,56.5893536121673,Moderate
2026-07-28 07:00:00,6.8,85.0,1020.1,8.8,4.0,0.0,13.7,openaq_ground,59.57034220532319,Moderate
2026-07-28 08:00:00,5.8,85.0,1019.8,8.7,4.0,0.0,13.2,openaq_ground,58.638783269961976,Moderate
2026-07-28 09:00:00,5.2,83.0,1019.7,9.4,356.0,0.0,13.12,openaq_ground,58.452471482889734,Moderate
2026-07-28 10:00:00,4.7,80.0,1019.7,10.1,350.0,0.0,11.02,openaq_ground,54.539923954372625,Moderate
2026-07-28 11:00:00,4.6,76.0,1019.7,11.7,351.0,0.0,4.9,openaq_ground,27.222222222222225,Good
2026-07-28 12:00:00,4.7,72.0,1019.3,13.9,356.0,0.0,5.82,openaq_ground,32.22222222222222,Good
2026-07-28 13:00:00,4.5,72.0,1019.0,12.5,348.0,0.0,2.76,openaq_ground,15.0,Good
2026-07-28 14:00:00,4.2,74.0,1018.5,11.7,346.0,0.0,3.075,openaq_ground,16.666666666666664,Good
2026-07-28 15:00:00,4.0,75.0,1018.2,10.9,343.0,0.0,5.025,openaq_ground,27.77777777777778,Good
2026-07-28 16:00:00,3.7,77.0,1017.8,10.5,341.0,0.0,2.75,openaq_ground,15.0,Good
2026-07-28 17:00:00,3.4,79.0,1017.6,10.3,341.0,0.0,2.1,openaq_ground,11.666666666666666,Good
2026-07-28 18:00:00,3.1,79.0,1017.3,11.6,345.0,0.0,2.475,openaq_ground,13.333333333333332,Good
2026-07-28 19:00:00,3.3,79.0,1017.0,11.8,341.0,0.0,7.719999999999999,openaq_ground,42.77777777777778,Good
2026-07-28 20:00:00,3.5,79.0,1016.9,12.9,341.0,0.0,8.42,openaq_ground,46.666666666666664,Good
2026-07-28 21:00:00,5.2,75.0,1016.9,13.9,346.0,0.0,13.82,openaq_ground,59.75665399239544,Moderate
2026-07-28 22:00:00,8.2,69.0,1016.7,13.2,346.0,0.0,6.16,openaq_ground,33.888888888888886,Good
2026-07-28 23:00:00,11.3,69.0,1016.5,11.3,350.0,0.0,7.44,openaq_ground,41.111111111111114,Good
2026-07-29 00:00:00,14.8,55.0,1015.6,9.4,359.0,0.0,5.6,openaq_ground,31.111111111111107,Good
2026-07-29 01:00:00,15.6,53.0,1014.8,6.4,349.0,0.0,2.14,openaq_ground,11.666666666666666,Good
2026-07-29 02:00:00,16.0,52.0,1014.1,7.3,335.0,0.0,2.48,openaq_ground,13.333333333333332,Good
2026-07-29 03:00:00,15.9,52.0,1013.4,5.2,348.0,0.0,2.52,openaq_ground,13.88888888888889,Good
2026-07-29 04:00:00,15.0,60.0,1013.1,2.7,20.0,0.0,3.7,openaq_ground,20.555555555555557,Good
2026-07-29 05:00:00,12.2,69.0,1013.1,4.0,27.0,0.0,20.98,openaq_ground,72.98479087452472,Moderate
2026-07-29 06:00:00,9.9,76.0,1012.4,11.9,11.0,0.0,23.2,openaq_ground,77.26996197718631,Moderate
2026-07-29 07:00:00,10.3,65.0,1012.1,13.4,11.0,0.0,19.02,openaq_ground,69.4448669201521,Moderate
2026-07-29 08:00:00,10.8,62.0,1011.7,14.0,7.0,0.0,16.080000000000002,openaq_ground,63.85551330798479,Moderate
2026-07-29 09:00:00,11.0,61.0,1011.3,13.9,6.0,0.0,6.04,openaq_ground,33.33333333333333,Good
2026-07-29 10:00:00,10.6,63.0,1011.2,12.4,2.0,0.0,3.58,openaq_ground,19.444444444444443,Good
2026-07-29 11:00:00,9.1,69.0,1011.2,11.6,355.0,0.0,2.16,openaq_ground,11.666666666666666,Good
2026-07-29 12:00:00,9.9,62.0,1010.3,13.8,354.0,0.0,0.6,openaq_ground,3.333333333333333,Good
2026-07-29 13:00:00,8.6,66.0,1010.2,14.0,348.0,0.0,0.3,openaq_ground,1.6666666666666665,Good
2026-07-29 14:00:00,7.5,69.0,1009.6,14.1,350.0,0.0,0.08,openaq_ground,0.0,Good
2026-07-29 15:00:00,6.9,71.0,1008.8,14.7,352.0,0.0,0.02,openaq_ground,0.0,Good
2026-07-29 16:00:00,6.8,71.0,1007.9,13.8,353.0,0.0,0.12,openaq_ground,0.5555555555555556,Good
2026-07-29 17:00:00,6.4,72.0,1007.4,12.6,357.0,0.0,0.0,openaq_ground,0.0,Good
2026-07-29 18:00:00,8.4,63.0,1006.4,13.8,24.0,0.0,0.1,openaq_ground,0.5555555555555556,Good
2026-07-29 19:00:00,9.2,60.0,1005.2,12.5,33.0,0.0,0.18,openaq_ground,0.5555555555555556,Good
2026-07-29 20:00:00,9.9,57.0,1004.5,13.7,28.0,0.0,0.04,openaq_ground,0.0,Good
2026-07-29 21:00:00,11.1,56.0,1003.7,14.6,39.0,0.0,0.1399999999999999,openaq_ground,0.5555555555555556,Good
2026-07-29 22:00:00,12.4,52.0,1002.8,17.6,29.0,0.0,0.58,openaq_ground,2.7777777777777777,Good
2026-07-29 23:00:00,13.8,52.0,1002.4,16.8,31.0,0.0,1.48,openaq_ground,7.777777777777777,Good
2026-07-30 00:00:00,13.2,52.0,1001.1,15.0,39.0,0.0,1.58,openaq_ground,8.333333333333332,Good
2026-07-30 01:00:00,13.7,56.0,999.7,12.5,51.0,0.0,1.12,openaq_ground,6.111111111111112,Good
2026-07-30 02:00:00,14.3,63.0,998.0,10.3,50.0,0.0,1.66,openaq_ground,8.88888888888889,Good
2026-07-30 03:00:00,12.4,70.0,996.9,11.6,58.0,0.0,2.58,openaq_ground,13.88888888888889,Good
2026-07-30 04:00:00,12.2,71.0,995.7,11.9,52.0,0.0,5.0,openaq_ground,27.77777777777778,Good
2026-07-30 05:00:00,11.0,77.0,994.7,9.4,35.0,0.0,5.04,openaq_ground,27.77777777777778,Good
2026-07-30 06:00:00,10.4,75.0,993.1,14.4,33.0,0.0,4.859999999999999,openaq_ground,26.666666666666664,Good
2026-07-30 07:00:00,12.4,60.0,992.6,19.8,19.0,0.0,4.68,openaq_ground,25.555555555555554,Good
2026-07-30 08:00:00,12.1,61.0,991.9,18.0,27.0,0.0,5.72,openaq_ground,31.666666666666668,Good
2026-07-30 09:00:00,11.0,64.0,990.5,18.7,32.0,0.0,4.96,openaq_ground,27.222222222222225,Good
2026-07-30 10:00:00,10.2,65.0,989.5,15.7,39.0,0.0,3.3600000000000003,openaq_ground,18.333333333333332,Good
2026-07-30 11:00:00,9.9,63.0,988.7,12.9,36.0,0.0,2.64,openaq_ground,14.444444444444445,Good
2026-07-30 12:00:00,9.3,65.0,987.7,18.7,40.0,0.0,0.74,openaq_ground,3.8888888888888884,Good
2026-07-30 13:00:00,9.7,60.0,986.9,14.4,23.0,0.0,0.0,openaq_ground,0.0,Good
2026-07-30 14:00:00,8.1,65.0,986.9,9.9,358.0,0.0,0.02,openaq_ground,0.0,Good
2026-07-30 15:00:00,7.9,67.0,987.1,12.4,332.0,0.0,0.0,openaq_ground,0.0,Good
2026-07-30 16:00:00,7.8,67.0,987.1,13.4,321.0,0.0,0.02,openaq_ground,0.0,Good
2026-07-30 17:00:00,7.1,71.0,987.3,8.0,337.0,0.0,0.08,openaq_ground,0.0,Good
2026-07-30 18:00:00,9.0,64.0,988.3,18.2,262.0,0.0,0.0,openaq_ground,0.0,Good
2026-07-30 19:00:00,8.2,71.0,989.1,24.5,272.0,0.0,0.0,openaq_ground,0.0,Good
2026-07-30 20:00:00,7.7,71.0,989.9,22.3,280.0,0.0,0.02,openaq_ground,0.0,Good
2026-07-30 21:00:00,7.8,67.0,990.3,28.9,286.0,0.0,0.02,openaq_ground,0.0,Good
2026-07-30 22:00:00,8.0,68.0,989.9,32.3,290.0,0.0,0.04,openaq_ground,0.0,Good
2026-07-30 23:00:00,7.9,71.0,990.6,28.8,284.0,0.0,0.58,openaq_ground,2.7777777777777777,Good
2026-07-31 00:00:00,7.0,78.0,991.2,33.5,272.0,0.4,0.58,openaq_ground,2.7777777777777777,Good
2026-07-31 01:00:00,6.0,91.0,991.9,31.6,267.0,0.9,0.38,openaq_ground,1.6666666666666665,Good
2026-07-31 02:00:00,6.2,93.0,993.9,45.6,219.0,3.2,1.4,openaq_ground,7.777777777777777,Good
2026-07-31 03:00:00,5.7,90.0,997.1,40.3,215.0,3.2,2.12,openaq_ground,11.666666666666666,Good
2026-07-31 04:00:00,5.2,87.0,998.9,41.9,211.0,1.5,2.86,openaq_ground,15.555555555555554,Good
2026-07-31 05:00:00,4.9,89.0,1001.0,40.4,212.0,1.3,4.220000000000001,openaq_ground,23.333333333333332,Good
2026-07-31 06:00:00,5.1,84.0,1003.5,40.7,205.0,1.1,3.94,openaq_ground,21.666666666666664,Good
2026-07-31 07:00:00,4.9,82.0,1005.2,37.8,207.0,0.6,4.279999999999999,openaq_ground,23.333333333333332,Good
2026-07-31 08:00:00,4.8,81.0,1006.7,37.4,206.0,0.9,3.3600000000000003,openaq_ground,18.333333333333332,Good
2026-07-31 09:00:00,4.4,81.0,1008.1,32.9,209.0,0.4,4.38,openaq_ground,23.888888888888886,Good
2026-07-31 10:00:00,3.9,85.0,1009.7,31.2,209.0,0.7,2.54,openaq_ground,13.88888888888889,Good
2026-07-31 11:00:00,4.9,69.0,1010.9,31.6,206.0,0.1,2.42,openaq_ground,13.333333333333332,Good
2026-07-31 12:00:00,3.6,80.0,1012.3,27.9,211.0,0.0,1.7600000000000002,openaq_ground,9.444444444444445,Good
2026-07-31 13:00:00,3.2,88.0,1013.3,22.8,225.0,0.9,1.28,openaq_ground,6.666666666666666,Good
2026-07-31 14:00:00,2.7,91.0,1014.2,20.8,240.0,0.2,0.8800000000000001,openaq_ground,4.444444444444445,Good
2026-07-31 15:00:00,1.9,94.0,1015.0,19.5,265.0,0.3,0.78,openaq_ground,3.8888888888888884,Good
2026-07-31 16:00:00,1.8,93.0,1015.2,18.9,269.0,0.2,0.76,openaq_ground,3.8888888888888884,Good
2026-07-31 17:00:00,2.0,92.0,1015.7,18.4,269.0,0.2,0.9600000000000002,openaq_ground,5.0,Good
2026-07-31 18:00:00,2.1,92.0,1016.8,19.6,268.0,0.1,0.94,openaq_ground,5.0,Good
2026-07-31 19:00:00,2.5,89.0,1017.3,17.0,266.0,0.0,1.8200000000000005,openaq_ground,10.0,Good
2026-07-31 20:00:00,2.3,88.0,1018.0,15.5,275.0,0.0,3.08,openaq_ground,16.666666666666664,Good
2026-07-31 21:00:00,2.6,86.0,1018.3,15.1,290.0,0.0,2.22,openaq_ground,12.222222222222223,Good
2026-07-31 22:00:00,4.5,76.0,1018.6,16.9,272.0,0.0,1.34,openaq_ground,7.222222222222222,Good
2026-07-31 23:00:00,5.8,73.0,1018.8,17.3,271.0,0.0,2.04,openaq_ground,11.11111111111111,Good
2026-08-01 00:00:00,7.1,63.0,1018.3,18.0,269.0,0.0,1.04,openaq_ground,5.555555555555555,Good
2026-08-01 01:00:00,7.5,56.0,1017.9,20.2,265.0,0.0,0.68,openaq_ground,3.333333333333333,Good
2026-08-01 02:00:00,7.5,56.0,1017.7,19.4,272.0,0.0,1.44,openaq_ground,7.777777777777777,Good
2026-08-01 03:00:00,7.3,57.0,1017.5,18.6,273.0,0.0,1.88,openaq_ground,10.0,Good
2026-08-01 04:00:00,6.9,61.0,1017.5,16.2,274.0,0.0,2.06,openaq_ground,11.11111111111111,Good
2026-08-01 05:00:00,6.3,63.0,1017.6,18.6,279.0,0.0,1.98,openaq_ground,10.555555555555555,Good
2026-08-01 06:00:00,5.8,61.0,1017.0,16.7,295.0,0.0,1.42,openaq_ground,7.777777777777777,Good
2026-08-01 07:00:00,5.9,59.0,1016.8,14.3,304.0,0.0,0.92,openaq_ground,5.0,Good
2026-08-01 08:00:00,6.3,59.0,1016.4,15.7,302.0,0.0,0.96,openaq_ground,5.0,Good
2026-08-01 09:00:00,7.1,59.0,1015.8,15.7,301.0,0.0,0.38,openaq_ground,1.6666666666666665,Good
2026-08-01 10:00:00,6.7,77.0,1015.9,18.4,287.0,1.2,0.18,openaq_ground,0.5555555555555556,Good
2026-08-01 11:00:00,8.1,74.0,1016.1,22.6,276.0,0.0,0.02,openaq_ground,0.0,Good
2026-08-01 12:00:00,8.5,66.0,1016.2,21.8,268.0,0.0,0.02,openaq_ground,0.0,Good
2026-08-01 13:00:00,8.8,67.0,1016.6,22.2,264.0,0.0,0.0,openaq_ground,0.0,Good
2026-08-01 14:00:00,8.1,74.0,1016.7,19.6,262.0,0.1,0.02,openaq_ground,0.0,Good
2026-08-01 15:00:00,7.9,78.0,1016.6,18.9,261.0,0.1,0.0,openaq_ground,0.0,Good
2026-08-01 16:00:00,8.0,78.0,1016.4,20.1,263.0,0.0,0.0,openaq_ground,0.0,Good
2026-08-01 17:00:00,8.1,78.0,1016.3,18.2,265.0,0.0,0.06,openaq_ground,0.0,Good
2026-08-01 18:00:00,8.2,77.0,1016.9,16.8,266.0,0.0,0.2799999999999999,openaq_ground,1.1111111111111112,Good
2026-08-01 19:00:00,8.8,73.0,1016.9,18.9,274.0,0.0,0.2,openaq_ground,1.1111111111111112,Good
2026-08-01 20:00:00,8.8,72.0,1016.9,17.9,276.0,0.0,0.26,openaq_ground,1.1111111111111112,Good
2026-08-01 21:00:00,9.1,69.0,1017.0,16.5,281.0,0.0,0.8799999999999999,openaq_ground,4.444444444444445,Good
2026-08-01 22:00:00,10.2,66.0,1017.1,17.8,281.0,0.0,0.3,openaq_ground,1.6666666666666665,Good
2026-08-01 23:00:00,11.5,62.0,1017.2,17.2,276.0,0.0,0.26,openaq_ground,1.1111111111111112,Good
2026-08-02 00:00:00,12.6,55.0,1016.5,20.5,271.0,0.0,0.04,openaq_ground,0.0,Good
2026-08-02 01:00:00,12.7,55.0,1015.4,23.3,275.0,0.0,0.2,openaq_ground,1.1111111111111112,Good
2026-08-02 02:00:00,12.8,54.0,1014.7,21.5,281.0,0.0,0.38,openaq_ground,1.6666666666666665,Good
2026-08-02 03:00:00,12.7,54.0,1014.4,19.9,275.0,0.0,0.2199999999999999,openaq_ground,1.1111111111111112,Good
2026-08-02 04:00:00,12.2,56.0,1014.3,17.6,276.0,0.0,0.82,openaq_ground,4.444444444444445,Good
2026-08-02 05:00:00,11.2,57.0,1014.1,18.4,274.0,0.0,3.4200000000000004,openaq_ground,18.88888888888889,Good
2026-08-02 06:00:00,9.7,61.0,1013.7,9.9,297.0,0.0,8.26,openaq_ground,45.55555555555555,Good
2026-08-02 07:00:00,8.8,64.0,1013.5,9.0,305.0,0.0,13.72,openaq_ground,59.57034220532319,Moderate
2026-08-02 08:00:00,8.8,63.0,1013.2,11.9,290.0,0.0,14.48,openaq_ground,60.8745247148289,Moderate
2026-08-02 09:00:00,9.4,60.0,1012.7,16.0,282.0,0.0,10.88,openaq_ground,54.16730038022814,Moderate
2026-08-02 10:00:00,9.6,59.0,1012.4,17.7,285.0,0.0,1.42,openaq_ground,7.777777777777777,Good
2026-08-02 11:00:00,9.5,58.0,1011.8,19.6,289.0,0.0,1.14,openaq_ground,6.111111111111112,Good
2026-08-02 12:00:00,7.5,64.0,1011.0,9.4,318.0,0.0,0.3,openaq_ground,1.6666666666666665,Good
2026-08-02 13:00:00,7.4,64.0,1010.7,9.2,305.0,0.0,0.02,openaq_ground,0.0,Good
2026-08-02 14:00:00,7.8,62.0,1009.8,13.7,303.0,0.0,0.18,openaq_ground,0.5555555555555556,Good
2026-08-02 15:00:00,9.1,56.0,1009.4,18.7,287.0,0.0,0.0,openaq_ground,0.0,Good
2026-08-02 16:00:00,10.0,56.0,1008.4,23.1,284.0,0.0,0.0,openaq_ground,0.0,Good
2026-08-02 17:00:00,9.6,59.0,1008.1,19.3,284.0,0.0,0.1399999999999999,openaq_ground,0.5555555555555556,Good
2026-08-02 18:00:00,9.2,61.0,1007.6,18.1,281.0,0.0,0.4599999999999999,openaq_ground,2.2222222222222223,Good
2026-08-02 19:00:00,10.2,60.0,1007.3,24.4,276.0,0.0,1.88,openaq_ground,10.0,Good
2026-08-02 20:00:00,10.1,62.0,1007.6,23.0,263.0,0.0,1.24,openaq_ground,6.666666666666666,Good
2026-08-02 21:00:00,10.0,67.0,1008.1,22.9,246.0,0.0,0.5800000000000001,openaq_ground,2.7777777777777777,Good
2026-08-02 22:00:00,7.6,92.0,1009.8,34.6,233.0,1.3,0.6399999999999999,openaq_ground,3.333333333333333,Good
2026-08-02 23:00:00,6.6,93.0,1010.7,27.8,255.0,1.3,2.1,openaq_ground,11.666666666666666,Good
2026-08-03 00:00:00,7.2,86.0,1010.4,23.5,254.0,0.1,1.54,openaq_ground,8.333333333333332,Good
2026-08-03 01:00:00,8.3,77.0,1009.4,32.8,248.0,0.2,2.92,openaq_ground,16.11111111111111,Good
2026-08-03 02:00:00,8.5,69.0,1009.0,33.2,246.0,0.1,0.62,openaq_ground,3.333333333333333,Good
2026-08-03 03:00:00,7.8,68.0,1009.3,36.8,243.0,0.0,0.6,openaq_ground,3.333333333333333,Good
2026-08-03 04:00:00,6.4,72.0,1010.3,36.5,244.0,0.1,1.64,openaq_ground,8.88888888888889,Good
2026-08-03 05:00:00,5.9,70.0,1010.9,39.1,243.0,0.1,1.5,openaq_ground,8.333333333333332,Good
2026-08-03 06:00:00,5.3,72.0,1011.1,35.5,249.0,0.2,1.48,openaq_ground,7.777777777777777,Good
2026-08-03 07:00:00,4.5,79.0,1012.0,33.4,247.0,0.2,1.22,openaq_ground,6.666666666666666,Good
2026-08-03 08:00:00,3.5,83.0,1012.6,30.8,252.0,0.1,1.14,openaq_ground,6.111111111111112,Good
2026-08-03 09:00:00,3.0,82.0,1013.4,30.9,251.0,0.4,0.6,openaq_ground,3.333333333333333,Good
2026-08-03 10:00:00,2.3,79.0,1014.5,28.9,251.0,0.2,0.44,openaq_ground,2.2222222222222223,Good
2026-08-03 11:00:00,1.6,85.0,1015.1,28.5,253.0,1.3,0.7,openaq_ground,3.8888888888888884,Good
2026-08-03 12:00:00,1.9,84.0,1015.6,26.3,250.0,0.6,0.26,openaq_ground,1.1111111111111112,Good
2026-08-03 13:00:00,1.4,86.0,1016.4,28.3,246.0,0.8,0.04,openaq_ground,0.0,Good
2026-08-03 14:00:00,1.5,87.0,1016.6,28.2,254.0,0.3,0.02,openaq_ground,0.0,Good
2026-08-03 15:00:00,1.3,91.0,1017.8,28.7,243.0,0.7,0.16,openaq_ground,0.5555555555555556,Good
2026-08-03 16:00:00,1.1,90.0,1018.6,31.4,237.0,0.5,0.26,openaq_ground,1.1111111111111112,Good
2026-08-03 17:00:00,0.8,86.0,1019.9,30.8,238.0,0.4,0.5,openaq_ground,2.7777777777777777,Good
2026-08-03 18:00:00,0.8,88.0,1021.0,26.3,238.0,0.8,0.98,openaq_ground,5.0,Good
2026-08-03 19:00:00,0.6,85.0,1021.6,21.4,246.0,0.9,6.6800000000000015,openaq_ground,36.666666666666664,Good
2026-08-03 20:00:00,0.6,85.0,1022.8,22.5,246.0,0.6,2.3600000000000003,openaq_ground,12.777777777777777,Good
2026-08-03 21:00:00,0.7,79.0,1023.6,19.6,257.0,0.5,7.82,openaq_ground,43.33333333333333,Good
2026-08-03 22:00:00,1.1,80.0,1024.7,20.0,261.0,1.1,4.4,openaq_ground,24.444444444444446,Good
2026-08-03 23:00:00,2.6,77.0,1025.3,22.6,245.0,0.5,2.92,openaq_ground,16.11111111111111,Good
2026-08-04 00:00:00,2.9,80.0,1025.5,22.2,235.0,0.2,3.14,openaq_ground,17.22222222222222,Good
2026-08-04 01:00:00,3.4,78.0,1025.4,21.6,229.0,0.5,1.7,openaq_ground,9.444444444444445,Good
2026-08-04 02:00:00,4.3,72.0,1025.3,25.0,226.0,0.1,3.38,openaq_ground,18.333333333333332,Good
2026-08-04 03:00:00,4.7,68.0,1025.3,25.0,224.0,0.0,3.84,openaq_ground,21.11111111111111,Good
2026-08-04 04:00:00,4.9,63.0,1025.8,27.5,218.0,0.0,3.76,openaq_ground,20.555555555555557,Good
2026-08-04 05:00:00,4.6,66.0,1026.8,26.2,216.0,0.0,5.32,openaq_ground,29.444444444444443,Good
2026-08-04 06:00:00,4.4,68.0,1027.3,21.6,216.0,0.0,6.56,openaq_ground,36.11111111111111,Good
2026-08-04 07:00:00,4.5,68.0,1027.9,19.9,221.0,0.0,6.640000000000001,openaq_ground,36.666666666666664,Good
2026-08-04 08:00:00,4.2,73.0,1028.3,17.3,228.0,0.0,5.76,openaq_ground,31.666666666666668,Good
2026-08-04 09:00:00,3.7,77.0,1028.8,14.5,249.0,0.0,4.779999999999999,openaq_ground,26.11111111111111,Good
2026-08-04 10:00:00,3.5,78.0,1029.5,14.5,258.0,0.1,4.58,openaq_ground,25.0,Good
2026-08-04 11:00:00,3.3,80.0,1029.9,14.1,253.0,0.1,3.3200000000000003,openaq_ground,18.333333333333332,Good
2026-08-04 12:00:00,3.3,75.0,1030.0,13.0,268.0,0.1,1.6800000000000002,openaq_ground,8.88888888888889,Good
2026-08-04 13:00:00,3.2,74.0,1030.1,12.5,282.0,0.0,1.28,openaq_ground,6.666666666666666,Good
2026-08-04 14:00:00,2.9,73.0,1030.0,12.0,294.0,0.0,0.74,openaq_ground,3.8888888888888884,Good
2026-08-04 15:00:00,2.8,72.0,1030.0,12.0,300.0,0.0,0.72,openaq_ground,3.8888888888888884,Good
2026-08-04 16:00:00,2.9,71.0,1029.7,11.2,300.0,0.0,0.78,openaq_ground,3.8888888888888884,Good
2026-08-04 17:00:00,2.0,74.0,1029.7,9.9,312.0,0.0,1.0399999999999998,openaq_ground,5.555555555555555,Good
2026-08-04 18:00:00,0.2,81.0,1030.3,9.2,337.0,0.0,4.119999999999999,openaq_ground,22.777777777777775,Good
2026-08-04 19:00:00,-0.5,82.0,1030.5,10.1,336.0,0.0,8.42,openaq_ground,46.666666666666664,Good
2026-08-04 20:00:00,-0.5,81.0,1030.6,9.3,335.0,0.0,6.68,openaq_ground,36.666666666666664,Good
2026-08-04 21:00:00,0.9,78.0,1031.0,9.9,328.0,0.0,2.4799999999999995,openaq_ground,13.333333333333332,Good
2026-08-04 22:00:00,3.7,72.0,1031.3,9.3,314.0,0.0,1.52,openaq_ground,8.333333333333332,Good
2026-08-04 23:00:00,5.5,66.0,1031.6,8.9,294.0,0.0,2.06,openaq_ground,11.11111111111111,Good
2026-08-05 00:00:00,6.1,64.0,1030.9,8.8,274.0,0.0,0.98,openaq_ground,5.0,Good
2026-08-05 01:00:00,6.6,63.0,1030.4,9.1,245.0,0.0,0.7,openaq_ground,3.8888888888888884,Good
2026-08-05 02:00:00,6.8,62.0,1030.4,9.6,230.0,0.0,1.4,openaq_ground,7.777777777777777,Good
2026-08-05 03:00:00,6.8,61.0,1030.2,9.7,228.0,0.0,2.76,openaq_ground,15.0,Good
2026-08-05 04:00:00,6.5,63.0,1030.5,9.8,216.0,0.0,4.659999999999999,openaq_ground,25.555555555555554,Good
2026-08-05 05:00:00,5.6,69.0,1031.3,7.5,215.0,0.0,9.24,openaq_ground,51.18631178707224,Moderate
2026-08-05 06:00:00,3.9,77.0,1031.1,5.5,247.0,0.0,10.26,openaq_ground,53.049429657794676,Moderate
2026-08-05 07:00:00,3.7,76.0,1031.3,5.0,283.0,0.0,12.580000000000002,openaq_ground,57.334600760456276,Moderate
2026-08-05 08:00:00,2.8,78.0,1031.4,6.4,317.0,0.0,9.24,openaq_ground,51.18631178707224,Moderate
2026-08-05 09:00:00,0.9,83.0,1031.5,9.2,332.0,0.0,14.2,openaq_ground,60.50190114068441,Moderate
2026-08-05 10:00:00,-0.9,89.0,1031.9,9.8,340.0,0.0,10.6,openaq_ground,53.79467680608365,Moderate
2026-08-05 11:00:00,-1.8,92.0,1031.8,9.0,344.0,0.0,9.38,openaq_ground,51.37262357414449,Moderate
2026-08-05 12:00:00,-2.2,91.0,1031.9,10.4,346.0,0.0,5.660000000000001,openaq_ground,31.111111111111107,Good
2026-08-05 13:00:00,-2.6,91.0,1032.2,10.0,343.0,0.0,2.6,openaq_ground,14.444444444444445,Good
2026-08-05 14:00:00,-2.8,90.0,1031.7,9.4,342.0,0.0,1.28,openaq_ground,6.666666666666666,Good
2026-08-05 15:00:00,-3.6,89.0,1031.7,9.6,343.0,0.0,5.06,openaq_ground,27.77777777777778,Good
2026-08-05 16:00:00,-4.1,90.0,1031.2,8.7,339.0,0.0,4.32,openaq_ground,23.888888888888886,Good
2026-08-05 17:00:00,-5.0,92.0,1031.5,6.2,345.0,0.0,5.5,openaq_ground,30.555555555555554,Good
2026-08-05 18:00:00,-5.5,87.0,1031.9,4.4,348.0,0.0,8.76,openaq_ground,48.33333333333333,Good
2026-08-05 19:00:00,-5.6,88.0,1031.6,6.3,347.0,0.0,10.44,openaq_ground,53.42205323193917,Moderate
2026-08-05 20:00:00,-6.0,90.0,1031.7,8.7,352.0,0.0,18.380000000000003,openaq_ground,68.14068441064639,Moderate
2026-08-05 21:00:00,-3.7,92.0,1032.0,9.4,357.0,0.0,14.72,openaq_ground,61.43346007604563,Moderate
2026-08-05 22:00:00,1.0,85.0,1032.2,8.5,4.0,0.0,14.88,openaq_ground,61.619771863117876,Moderate
2026-08-05 23:00:00,4.5,79.0,1032.1,5.2,22.0,0.0,6.7,openaq_ground,37.22222222222222,Good
2026-08-06 00:00:00,6.2,67.0,1031.6,3.6,53.0,0.0,3.4200000000000004,openaq_ground,18.88888888888889,Good
2026-08-06 01:00:00,7.0,67.0,1030.9,3.5,102.0,0.0,1.6,openaq_ground,8.88888888888889,Good
2026-08-06 02:00:00,7.3,69.0,1030.0,5.2,115.0,0.0,1.08,openaq_ground,5.555555555555555,Good
2026-08-06 03:00:00,7.2,68.0,1029.7,5.8,97.0,0.0,2.08,openaq_ground,11.11111111111111,Good
2026-08-06 04:00:00,6.8,67.0,1029.5,6.6,74.0,0.0,3.86,openaq_ground,21.11111111111111,Good
2026-08-06 05:00:00,4.9,79.0,1029.2,4.4,60.0,0.0,14.34,openaq_ground,60.68821292775666,Moderate
2026-08-06 06:00:00,1.9,83.0,1029.5,5.3,33.0,0.0,26.379999999999995,openaq_ground,83.04562737642587,Moderate
2026-08-06 07:00:00,0.9,86.0,1029.6,7.7,21.0,0.0,25.62,openaq_ground,81.74144486692015,Moderate
2026-08-06 08:00:00,-0.4,88.0,1029.6,8.0,10.0,0.0,20.3,openaq_ground,71.86692015209125,Moderate
2026-08-06 09:00:00,-1.1,91.0,1029.3,8.3,6.0,0.0,18.86,openaq_ground,69.07224334600761,Moderate
2026-08-06 10:00:00,-1.5,93.0,1029.3,8.3,5.0,0.0,15.78,openaq_ground,63.29657794676806,Moderate
2026-08-06 11:00:00,-1.6,93.0,1029.0,8.5,6.0,0.0,16.419999999999998,openaq_ground,64.60076045627376,Moderate
2026-08-06 12:00:00,-1.6,89.0,1028.6,8.6,8.0,0.0,17.380000000000003,openaq_ground,66.27756653992395,Moderate
2026-08-06 13:00:00,-1.6,87.0,1028.1,8.0,10.0,0.0,13.52,openaq_ground,59.19771863117871,Moderate
2026-08-06 14:00:00,-1.7,87.0,1027.5,8.6,10.0,0.0,11.64,openaq_ground,55.657794676806084,Moderate
2026-08-06 15:00:00,-1.9,87.0,1027.4,8.0,5.0,0.0,6.459999999999999,openaq_ground,35.55555555555556,Good
2026-08-06 16:00:00,-2.0,87.0,1026.5,7.1,10.0,0.0,4.12,openaq_ground,22.777777777777775,Good
2026-08-06 17:00:00,-2.1,85.0,1026.3,8.5,6.0,0.0,4.2,openaq_ground,23.333333333333332,Good
2026-08-06 18:00:00,-2.3,81.0,1026.5,9.4,11.0,0.0,4.94,openaq_ground,27.222222222222225,Good
2026-08-06 19:00:00,-1.8,77.0,1026.2,9.8,7.0,0.0,9.5,openaq_ground,51.745247148288975,Moderate
2026-08-06 20:00:00,-0.9,69.0,1025.9,8.7,6.0,0.0,13.04,openaq_ground,58.26615969581749,Moderate
2026-08-06 21:00:00,0.7,63.0,1025.8,9.0,6.0,0.0,18.12,openaq_ground,67.7680608365019,Moderate
2026-08-06 22:00:00,2.6,58.0,1025.8,8.8,1.0,0.0,21.18,openaq_ground,73.3574144486692,Moderate
2026-08-06 23:00:00,4.0,53.0,1025.6,8.4,353.0,0.0,20.160000000000004,openaq_ground,71.49429657794677,Moderate
2026-08-07 00:00:00,5.8,49.0,1024.4,11.0,11.0,0.0,11.54,openaq_ground,55.47148288973384,Moderate
2026-08-07 01:00:00,7.5,59.0,1023.6,9.9,19.0,0.0,3.38,openaq_ground,18.333333333333332,Good
2026-08-07 02:00:00,8.4,62.0,1022.9,7.5,17.0,0.0,2.72,openaq_ground,15.0,Good
2026-08-07 03:00:00,9.2,62.0,1022.3,6.3,31.0,0.0,6.0,openaq_ground,33.33333333333333,Good
2026-08-07 04:00:00,8.9,68.0,1022.2,3.4,32.0,0.0,12.72,openaq_ground,57.70722433460076,Moderate
2026-08-07 05:00:00,6.8,82.0,1022.2,1.8,6.0,0.0,23.98,openaq_ground,78.57414448669202,Moderate
2026-08-07 06:00:00,4.3,86.0,1021.8,6.0,5.0,0.0,43.4,openaq_ground,120.45226130653266,Unhealthy (Sensitive Groups)
2026-08-07 07:00:00,2.9,84.0,1022.1,5.6,345.0,0.0,47.54,openaq_ground,130.54773869346735,Unhealthy (Sensitive Groups)
2026-08-07 08:00:00,2.1,82.0,1022.0,4.4,328.0,0.0,60.54,openaq_ground,154.5050071530758,Unhealthy
2026-08-07 09:00:00,1.2,82.0,1021.9,3.5,348.0,0.0,61.08,openaq_ground,154.8555078683834,Unhealthy
2026-08-07 10:00:00,0.6,83.0,1022.1,2.8,333.0,0.0,45.14,openaq_ground,124.63819095477388,Unhealthy (Sensitive Groups)
2026-08-07 11:00:00,0.6,82.0,1021.9,2.9,330.0,0.0,37.48,openaq_ground,105.67839195979899,Unhealthy (Sensitive Groups)
2026-08-07 12:00:00,0.6,75.0,1021.9,4.7,358.0,0.0,26.28,openaq_ground,82.85931558935361,Moderate
2026-08-07 13:00:00,0.6,79.0,1022.0,6.2,348.0,0.0,20.36,openaq_ground,71.86692015209125,Moderate
2026-08-07 14:00:00,0.1,85.0,1021.6,5.1,343.0,0.0,18.16,openaq_ground,67.7680608365019,Moderate
2026-08-07 15:00:00,0.0,88.0,1021.5,4.8,340.0,0.0,10.14,openaq_ground,52.863117870722434,Moderate
2026-08-07 16:00:00,0.4,86.0,1021.1,5.6,345.0,0.0,7.1,openaq_ground,39.44444444444444,Good
2026-08-07 17:00:00,0.5,85.0,1021.1,5.6,343.0,0.0,7.74,openaq_ground,42.77777777777778,Good
2026-08-07 18:00:00,0.0,85.0,1021.6,6.9,355.0,0.0,8.3,openaq_ground,46.111111111111114,Good
2026-08-07 19:00:00,0.4,84.0,1021.9,7.7,351.0,0.0,7.3,openaq_ground,40.55555555555555,Good
2026-08-07 20:00:00,0.6,86.0,1021.9,7.8,352.0,0.0,14.88,openaq_ground,61.619771863117876,Moderate
2026-08-07 21:00:00,2.3,83.0,1022.0,7.7,357.0,0.0,15.4,openaq_ground,62.737642585551335,Moderate
2026-08-07 22:00:00,6.0,78.0,1022.3,7.2,13.0,0.0,15.5,openaq_ground,62.92395437262358,Moderate
2026-08-07 23:00:00,8.9,69.0,1022.5,5.7,44.0,0.0,7.06,openaq_ground,38.888888888888886,Good
2026-08-08 00:00:00,10.5,66.0,1021.7,9.3,54.0,0.0,2.58,openaq_ground,13.88888888888889,Good
2026-08-08 01:00:00,10.7,68.0,1021.0,10.9,51.0,0.0,5.14,openaq_ground,28.33333333333333,Good
2026-08-08 02:00:00,10.6,70.0,1020.2,11.8,47.0,0.0,5.6,openaq_ground,31.111111111111107,Good
2026-08-08 03:00:00,10.3,74.0,1019.6,12.3,46.0,0.0,5.1,openaq_ground,28.33333333333333,Good
2026-08-08 04:00:00,9.5,82.0,1019.3,12.6,46.0,0.0,5.82,openaq_ground,32.22222222222222,Good
2026-08-08 05:00:00,8.4,90.0,1019.1,13.5,44.0,0.0,5.3,openaq_ground,29.444444444444443,Good
2026-08-08 06:00:00,7.8,95.0,1019.2,15.4,43.0,0.0,5.48,openaq_ground,30.0,Good
2026-08-08 07:00:00,7.9,94.0,1019.1,15.8,37.0,0.0,2.22,openaq_ground,12.222222222222223,Good
2026-08-08 08:00:00,7.8,94.0,1018.9,14.2,38.0,0.0,4.040000000000001,openaq_ground,22.22222222222222,Good
2026-08-08 09:00:00,7.8,95.0,1018.4,15.2,42.0,0.0,2.7,openaq_ground,15.0,Good
2026-08-08 10:00:00,8.1,94.0,1018.3,16.8,43.0,0.0,1.86,openaq_ground,10.0,Good
2026-08-08 11:00:00,7.8,96.0,1017.7,16.6,49.0,0.0,1.6,openaq_ground,8.88888888888889,Good
2026-08-08 12:00:00,7.9,96.0,1017.1,15.6,52.0,0.0,1.3199999999999998,openaq_ground,7.222222222222222,Good
2026-08-08 13:00:00,8.1,97.0,1016.7,17.8,57.0,0.2,0.98,openaq_ground,5.0,Good
2026-08-08 14:00:00,8.0,98.0,1015.7,19.6,61.0,0.5,1.04,openaq_ground,5.555555555555555,Good
2026-08-08 15:00:00,7.6,97.0,1015.6,20.5,61.0,0.1,0.9,openaq_ground,5.0,Good
2026-08-08 16:00:00,7.3,98.0,1014.6,20.8,64.0,0.1,0.74,openaq_ground,3.8888888888888884,Good
2026-08-08 17:00:00,7.3,98.0,1013.8,19.3,66.0,0.6,0.48,openaq_ground,2.2222222222222223,Good
2026-08-08 18:00:00,7.4,98.0,1013.6,18.3,74.0,1.2,0.18,openaq_ground,0.5555555555555556,Good
2026-08-08 19:00:00,7.4,99.0,1013.1,17.3,74.0,0.6,0.2799999999999999,openaq_ground,1.1111111111111112,Good
2026-08-08 20:00:00,7.7,99.0,1012.3,17.4,71.0,0.5,1.58,openaq_ground,8.333333333333332,Good
2026-08-08 21:00:00,8.1,99.0,1011.9,18.3,74.0,0.3,2.9,openaq_ground,16.11111111111111,Good
2026-08-08 22:00:00,8.7,98.0,1011.4,17.8,68.0,0.1,5.44,openaq_ground,30.0,Good
2026-08-08 23:00:00,9.3,97.0,1011.0,15.6,69.0,0.1,5.34,openaq_ground,29.444444444444443,Good
2026-08-09 00:00:00,9.7,93.0,1009.8,12.7,65.0,0.1,6.12,openaq_ground,33.888888888888886,Good
2026-08-09 01:00:00,9.8,94.0,1009.0,11.8,71.0,0.2,5.96,openaq_ground,32.77777777777778,Good
2026-08-09 02:00:00,9.8,95.0,1008.3,10.3,71.0,0.1,7.32,openaq_ground,40.55555555555555,Good
2026-08-09 03:00:00,9.8,94.0,1007.8,7.5,66.0,0.0,7.840000000000001,openaq_ground,43.33333333333333,Good
2026-08-09 04:00:00,10.1,91.0,1007.5,3.4,72.0,0.0,13.06,openaq_ground,58.26615969581749,Moderate
2026-08-09 05:00:00,9.4,90.0,1007.8,2.1,160.0,0.1,20.5,openaq_ground,72.23954372623575,Moderate
2026-08-09 06:00:00,8.9,92.0,1008.2,2.3,122.0,0.2,30.32,openaq_ground,90.4980988593156,Moderate
2026-08-09 07:00:00,8.7,94.0,1008.4,2.3,151.0,0.1,43.28,openaq_ground,119.95979899497488,Unhealthy (Sensitive Groups)
2026-08-09 08:00:00,8.1,96.0,1008.4,2.1,255.0,0.2,35.58,openaq_ground,101.0,Unhealthy (Sensitive Groups)
2026-08-09 09:00:00,7.9,97.0,1008.6,5.2,266.0,0.1,13.080000000000002,openaq_ground,58.26615969581749,Moderate
2026-08-09 10:00:00,7.7,98.0,1009.2,5.1,262.0,0.3,9.5,openaq_ground,51.745247148288975,Moderate
2026-08-09 11:00:00,7.8,98.0,1009.6,6.6,261.0,0.7,1.12,openaq_ground,6.111111111111112,Good
2026-08-09 12:00:00,7.7,99.0,1009.9,8.5,212.0,0.5,0.4,openaq_ground,2.2222222222222223,Good
2026-08-09 13:00:00,7.7,99.0,1010.4,8.6,217.0,0.2,0.2,openaq_ground,1.1111111111111112,Good
2026-08-09 14:00:00,7.7,98.0,1011.0,9.2,213.0,0.3,0.18,openaq_ground,0.5555555555555556,Good
2026-08-09 15:00:00,7.7,97.0,1011.7,9.2,213.0,0.3,0.08,openaq_ground,0.0,Good
2026-08-09 16:00:00,7.5,98.0,1011.5,10.2,224.0,0.4,0.04,openaq_ground,0.0,Good
2026-08-09 17:00:00,7.4,98.0,1012.1,10.5,233.0,0.5,0.02,openaq_ground,0.0,Good
2026-08-09 18:00:00,7.5,97.0,1012.6,11.6,222.0,0.3,1.64,openaq_ground,8.88888888888889,Good
2026-08-09 19:00:00,7.5,97.0,1013.5,12.7,219.0,0.5,1.5,openaq_ground,8.333333333333332,Good
2026-08-09 20:00:00,7.4,98.0,1014.3,10.8,213.0,0.6,2.7,openaq_ground,15.0,Good
2026-08-09 21:00:00,7.6,97.0,1015.3,10.3,202.0,0.5,6.839999999999999,openaq_ground,37.77777777777778,Good
2026-08-09 22:00:00,7.8,97.0,1016.1,10.0,186.0,0.6,1.98,openaq_ground,10.555555555555555,Good
2026-08-09 23:00:00,7.9,96.0,1016.5,8.8,180.0,0.4,3.18,openaq_ground,17.22222222222222,Good
2026-08-10 00:00:00,8.0,96.0,1016.5,7.6,142.0,0.4,1.36,openaq_ground,7.222222222222222,Good
2026-08-10 01:00:00,8.3,94.0,1016.3,5.6,123.0,0.2,1.6,openaq_ground,8.88888888888889,Good
2026-08-10 02:00:00,8.6,91.0,1016.1,6.7,117.0,0.2,2.04,openaq_ground,11.11111111111111,Good
2026-08-10 03:00:00,8.4,90.0,1016.2,7.9,107.0,0.1,1.8,openaq_ground,10.0,Good
2026-08-10 04:00:00,8.2,88.0,1016.6,7.2,93.0,0.0,4.98,openaq_ground,27.222222222222225,Good
2026-08-10 05:00:00,8.0,87.0,1016.9,6.9,83.0,0.0,17.3,openaq_ground,66.27756653992395,Moderate
2026-08-10 06:00:00,7.4,93.0,1017.6,7.2,68.0,0.0,21.880000000000003,openaq_ground,74.66159695817491,Moderate
2026-08-10 07:00:00,6.8,95.0,1018.1,7.8,56.0,0.0,14.1,openaq_ground,60.31558935361217,Moderate
2026-08-10 08:00:00,6.2,96.0,1018.5,9.2,50.0,0.0,3.96,openaq_ground,21.666666666666664,Good
2026-08-10 09:00:00,6.2,95.0,1018.7,10.1,51.0,0.0,3.78,openaq_ground,20.555555555555557,Good
2026-08-10 10:00:00,6.4,93.0,1018.9,11.1,51.0,0.0,3.1,openaq_ground,17.22222222222222,Good
2026-08-10 11:00:00,6.4,93.0,1019.1,11.3,43.0,0.0,1.0,openaq_ground,5.555555555555555,Good
2026-08-10 12:00:00,5.9,94.0,1018.9,12.4,49.0,0.0,0.44,openaq_ground,2.2222222222222223,Good
2026-08-10 13:00:00,6.0,93.0,1018.7,13.0,45.0,0.0,0.12,openaq_ground,0.5555555555555556,Good
2026-08-10 14:00:00,6.1,92.0,1018.6,13.8,43.0,0.0,0.0,openaq_ground,0.0,Good
2026-08-10 15:00:00,6.1,92.0,1018.6,13.1,42.0,0.0,0.0,openaq_ground,0.0,Good
2026-08-10 16:00:00,5.9,93.0,1018.2,12.6,48.0,0.0,0.0,openaq_ground,0.0,Good
2026-08-10 17:00:00,5.7,93.0,1018.3,13.6,39.0,0.0,0.3,openaq_ground,1.6666666666666665,Good
2026-08-10 18:00:00,4.8,95.0,1018.0,12.4,41.0,0.0,0.7,openaq_ground,3.8888888888888884,Good
2026-08-10 19:00:00,5.2,94.0,1017.7,14.8,36.0,0.0,0.6,openaq_ground,3.333333333333333,Good
2026-08-10 20:00:00,6.0,92.0,1018.0,16.2,35.0,0.0,1.9,openaq_ground,10.555555555555555,Good
2026-08-10 21:00:00,6.8,89.0,1018.3,17.3,34.0,0.0,0.8,openaq_ground,4.444444444444445,Good
2026-08-10 22:00:00,7.8,84.0,1018.5,18.0,36.0,0.0,0.8800000000000001,openaq_ground,4.444444444444445,Good
2026-08-10 23:00:00,8.5,81.0,1018.5,21.1,35.0,0.0,1.2600000000000002,openaq_ground,6.666666666666666,Good
2026-08-11 00:00:00,9.4,74.0,1017.7,23.4,37.0,0.0,1.6799999999999995,openaq_ground,8.88888888888889,Good
2026-08-11 01:00:00,10.1,70.0,1016.9,26.2,38.0,0.0,1.5399999999999998,openaq_ground,8.333333333333332,Good
2026-08-11 02:00:00,10.1,69.0,1016.5,27.7,38.0,0.0,1.92,openaq_ground,10.555555555555555,Good
2026-08-11 03:00:00,9.9,69.0,1016.0,28.1,38.0,0.0,2.02,openaq_ground,11.11111111111111,Good
2026-08-11 04:00:00,9.6,71.0,1015.6,28.0,37.0,0.0,2.06,openaq_ground,11.11111111111111,Good
2026-08-11 05:00:00,8.9,76.0,1015.6,27.7,38.0,0.0,1.1800000000000002,openaq_ground,6.111111111111112,Good
2026-08-11 06:00:00,8.1,83.0,1015.5,27.6,36.0,0.0,3.2400000000000007,openaq_ground,17.77777777777778,Good
2026-08-11 07:00:00,8.0,86.0,1015.4,26.8,34.0,0.0,2.4200000000000004,openaq_ground,13.333333333333332,Good
2026-08-11 08:00:00,7.9,88.0,1015.4,27.1,33.0,0.0,3.0,openaq_ground,16.666666666666664,Good
2026-08-11 09:00:00,7.8,90.0,1015.5,26.5,32.0,0.0,2.54,openaq_ground,13.88888888888889,Good
2026-08-11 10:00:00,8.1,89.0,1015.5,26.3,34.0,0.0,1.5799999999999998,openaq_ground,8.333333333333332,Good
2026-08-11 11:00:00,8.4,86.0,1015.1,27.4,35.0,0.0,1.3199999999999998,openaq_ground,7.222222222222222,Good
2026-08-11 12:00:00,8.2,88.0,1014.5,29.2,34.0,0.0,1.96,openaq_ground,10.555555555555555,Good
2026-08-11 13:00:00,8.2,88.0,1013.8,29.5,35.0,0.0,0.34,openaq_ground,1.6666666666666665,Good
2026-08-11 14:00:00,8.2,86.0,1013.1,31.6,34.0,0.0,0.12,openaq_ground,0.5555555555555556,Good
2026-08-11 15:00:00,8.3,85.0,1012.6,33.7,33.0,0.0,0.14,openaq_ground,0.5555555555555556,Good
2026-08-11 16:00:00,8.0,85.0,1011.9,34.4,31.0,0.0,0.02,openaq_ground,0.0,Good
2026-08-11 17:00:00,7.9,84.0,1011.5,32.8,31.0,0.0,0.1,openaq_ground,0.5555555555555556,Good
2026-08-11 18:00:00,7.9,86.0,1010.7,34.1,32.0,0.0,0.12,openaq_ground,0.5555555555555556,Good
2026-08-11 19:00:00,8.1,86.0,1010.5,33.4,33.0,0.0,0.12,openaq_ground,0.5555555555555556,Good
2026-08-11 20:00:00,8.4,87.0,1010.0,32.2,38.0,0.0,0.24,openaq_ground,1.1111111111111112,Good
2026-08-11 21:00:00,8.5,86.0,1009.7,33.8,37.0,0.0,0.54,openaq_ground,2.7777777777777777,Good
2026-08-11 22:00:00,8.7,84.0,1009.0,32.8,39.0,0.0,0.34,openaq_ground,1.6666666666666665,Good
2026-08-11 23:00:00,8.8,85.0,1008.4,30.7,37.0,0.0,0.72,openaq_ground,3.8888888888888884,Good
2026-08-12 00:00:00,9.8,81.0,1006.7,34.2,42.0,0.0,1.08,openaq_ground,5.555555555555555,Good
2026-08-12 01:00:00,10.5,79.0,1005.6,38.1,39.0,0.0,1.22,openaq_ground,6.666666666666666,Good
2026-08-12 02:00:00,10.6,78.0,1005.1,38.4,41.0,0.0,1.48,openaq_ground,7.777777777777777,Good
2026-08-12 03:00:00,10.6,78.0,1004.3,36.9,41.0,0.0,3.1,openaq_ground,17.22222222222222,Good
2026-08-12 04:00:00,10.3,83.0,1003.7,34.1,44.0,0.0,4.32,openaq_ground,23.888888888888886,Good
2026-08-12 05:00:00,9.9,86.0,1003.5,29.7,42.0,0.0,5.16,openaq_ground,28.33333333333333,Good
2026-08-12 06:00:00,9.4,89.0,1002.7,29.7,41.0,0.0,6.82,openaq_ground,37.77777777777778,Good
2026-08-12 07:00:00,9.4,89.0,1002.8,25.3,45.0,0.0,7.82,openaq_ground,43.33333333333333,Good
2026-08-12 08:00:00,9.3,89.0,1003.0,23.0,45.0,0.0,8.18,openaq_ground,44.99999999999999,Good
2026-08-12 09:00:00,9.3,89.0,1002.7,22.8,42.0,0.0,8.879999999999999,openaq_ground,48.88888888888889,Good
2026-08-12 10:00:00,9.4,86.0,1002.5,20.3,36.0,0.0,6.32,openaq_ground,35.0,Good
2026-08-12 11:00:00,9.9,82.0,1002.2,15.8,32.0,0.0,3.72,openaq_ground,20.555555555555557,Good
2026-08-12 12:00:00,9.9,80.0,1002.2,17.2,28.0,0.0,2.5,openaq_ground,13.88888888888889,Good
2026-08-12 13:00:00,10.3,75.0,1001.7,14.6,19.0,0.0,2.58,openaq_ground,13.88888888888889,Good
2026-08-12 14:00:00,10.5,72.0,1001.7,13.1,19.0,0.0,1.84,openaq_ground,10.0,Good
2026-08-12 15:00:00,10.4,71.0,1001.6,12.0,17.0,0.0,3.04,openaq_ground,16.666666666666664,Good
2026-08-12 16:00:00,10.4,70.0,1001.1,11.8,13.0,0.0,2.62,openaq_ground,14.444444444444445,Good
2026-08-12 17:00:00,9.8,72.0,1001.3,11.2,6.0,0.0,4.359999999999999,openaq_ground,23.888888888888886,Good
2026-08-12 18:00:00,9.9,73.0,1001.4,13.4,7.0,0.0,6.36,openaq_ground,35.0,Good
2026-08-12 19:00:00,8.9,76.0,1001.7,11.9,354.0,0.0,5.1,openaq_ground,28.33333333333333,Good
2026-08-12 20:00:00,8.3,79.0,1002.2,9.4,348.0,0.0,6.640000000000001,openaq_ground,36.666666666666664,Good
2026-08-12 21:00:00,9.9,77.0,1003.0,8.7,338.0,0.0,6.74,openaq_ground,37.22222222222222,Good
2026-08-12 22:00:00,11.1,78.0,1004.0,6.2,285.0,0.0,7.659999999999999,openaq_ground,42.22222222222222,Good
2026-08-12 23:00:00,12.4,76.0,1004.6,4.7,298.0,0.0,5.58,openaq_ground,30.555555555555554,Good
2026-08-13 00:00:00,12.9,81.0,1004.2,0.0,270.0,0.0,2.1,openaq_ground,11.666666666666666,Good
2026-08-13 01:00:00,12.5,73.0,1004.2,9.6,174.0,0.0,0.52,openaq_ground,2.7777777777777777,Good
2026-08-13 02:00:00,11.6,79.0,1004.6,6.7,177.0,0.0,0.44,openaq_ground,2.2222222222222223,Good
2026-08-13 03:00:00,11.1,84.0,1004.6,4.3,175.0,0.0,0.78,openaq_ground,3.8888888888888884,Good
2026-08-13 04:00:00,11.4,84.0,1005.3,2.2,204.0,0.0,0.98,openaq_ground,5.0,Good
2026-08-13 05:00:00,10.6,93.0,1005.6,0.7,104.0,0.7,6.4,openaq_ground,35.55555555555556,Good
2026-08-13 06:00:00,9.7,90.0,1005.9,0.9,169.0,1.3,23.06,openaq_ground,76.89733840304183,Moderate
2026-08-13 07:00:00,9.5,92.0,1006.9,2.0,265.0,1.6,23.04,openaq_ground,76.89733840304183,Moderate
2026-08-13 08:00:00,8.6,95.0,1007.2,4.2,295.0,0.2,21.52,openaq_ground,74.10266159695817,Moderate
2026-08-13 09:00:00,8.0,95.0,1007.4,3.3,13.0,0.1,29.96,openaq_ground,89.75285171102661,Moderate
2026-08-13 10:00:00,7.5,94.0,1008.1,2.0,360.0,0.0,25.12,openaq_ground,80.80988593155894,Moderate
2026-08-13 11:00:00,7.2,94.0,1008.3,2.0,350.0,0.0,12.919999999999998,openaq_ground,58.07984790874525,Moderate
2026-08-13 12:00:00,6.7,96.0,1008.3,2.7,352.0,0.0,6.0200000000000005,openaq_ground,33.33333333333333,Good
2026-08-13 13:00:00,5.9,97.0,1008.7,4.2,348.0,0.0,2.24,openaq_ground,12.222222222222223,Good
2026-08-13 14:00:00,5.2,99.0,1009.1,4.9,352.0,0.0,1.48,openaq_ground,7.777777777777777,Good
2026-08-13 15:00:00,4.9,99.0,1009.2,5.8,353.0,0.0,1.86,openaq_ground,10.0,Good
2026-08-13 16:00:00,4.7,99.0,1009.4,6.4,349.0,0.0,1.4600000000000002,openaq_ground,7.777777777777777,Good
2026-08-13 17:00:00,4.7,99.0,1009.7,7.3,351.0,0.0,1.14,openaq_ground,6.111111111111112,Good
2026-08-13 18:00:00,4.8,95.0,1010.2,8.5,354.0,0.0,2.12,openaq_ground,11.666666666666666,Good
2026-08-13 19:00:00,4.0,95.0,1010.5,7.5,339.0,0.0,6.0200000000000005,openaq_ground,33.33333333333333,Good
2026-08-13 20:00:00,3.9,97.0,1010.9,8.8,345.0,0.0,11.6,openaq_ground,55.657794676806084,Moderate
2026-08-13 21:00:00,5.7,97.0,1011.2,8.8,349.0,0.0,5.12,openaq_ground,28.33333333333333,Good
2026-08-13 22:00:00,9.0,98.0,1011.5,6.8,338.0,0.0,4.8,openaq_ground,26.666666666666664,Good
2026-08-13 23:00:00,10.8,97.0,1011.4,2.4,17.0,0.0,2.42,openaq_ground,13.333333333333332,Good
2026-08-14 00:00:00,13.2,83.0,1010.5,5.9,50.0,0.0,1.32,openaq_ground,7.222222222222222,Good
2026-08-14 01:00:00,13.9,76.0,1009.7,6.4,52.0,0.0,0.3166666666666667,openaq_ground,1.6666666666666665,Good
2026-08-14 02:00:00,14.4,71.0,1008.8,6.0,51.0,0.0,0.2833333333333334,openaq_ground,1.1111111111111112,Good
2026-08-14 03:00:00,14.6,73.0,1008.6,5.4,50.0,0.0,0.65,openaq_ground,3.333333333333333,Good
2026-08-14 04:00:00,13.8,79.0,1008.7,2.7,90.0,0.0,1.6,openaq_ground,8.88888888888889,Good
2026-08-14 05:00:00,12.0,91.0,1009.1,1.9,158.0,0.0,6.116666666666667,openaq_ground,33.888888888888886,Good
2026-08-14 06:00:00,9.0,100.0,1009.2,1.7,18.0,0.0,16.283333333333335,openaq_ground,64.22813688212928,Moderate
2026-08-14 07:00:00,8.5,98.0,1009.3,2.0,350.0,0.0,26.05,openaq_ground,82.48669201520913,Moderate
2026-08-14 08:00:00,8.2,96.0,1009.4,2.7,328.0,0.0,27.78333333333333,openaq_ground,85.65399239543727,Moderate
2026-08-14 09:00:00,7.9,98.0,1009.5,2.7,328.0,0.0,25.7,openaq_ground,81.9277566539924,Moderate
2026-08-14 10:00:00,7.8,96.0,1009.7,2.7,328.0,0.0,24.35,openaq_ground,79.31939163498099,Moderate
2026-08-14 11:00:00,7.1,94.0,1010.2,4.0,291.0,0.0,16.666666666666668,openaq_ground,64.97338403041826,Moderate
2026-08-14 12:00:00,5.6,98.0,1010.2,3.7,305.0,0.0,11.2,openaq_ground,54.91254752851711,Moderate
2026-08-14 13:00:00,5.4,98.0,1010.3,3.4,335.0,0.0,10.683333333333332,openaq_ground,53.79467680608365,Moderate
2026-08-14 14:00:00,4.6,96.0,1010.0,4.5,346.0,0.0,6.75,openaq_ground,37.22222222222222,Good
2026-08-14 15:00:00,3.7,95.0,1010.1,5.9,349.0,0.0,3.9333333333333336,openaq_ground,21.666666666666664,Good
2026-08-14 16:00:00,3.3,97.0,1010.0,6.9,351.0,0.0,2.9,openaq_ground,16.11111111111111,Good
2026-08-14 17:00:00,2.7,100.0,1010.5,7.1,319.0,0.0,1.8833333333333333,openaq_ground,10.0,Good
2026-08-14 18:00:00,4.0,97.0,1012.4,10.3,274.0,0.0,0.5,openaq_ground,2.7777777777777777,Good
2026-08-14 19:00:00,6.5,90.0,1013.3,13.9,241.0,0.2,0.25,openaq_ground,1.1111111111111112,Good
2026-08-14 20:00:00,6.4,94.0,1013.9,13.5,240.0,0.6,1.7166666666666668,openaq_ground,9.444444444444445,Good
2026-08-14 21:00:00,6.6,94.0,1014.7,15.4,237.0,0.2,1.7833333333333332,openaq_ground,9.444444444444445,Good
2026-08-14 22:00:00,6.4,94.0,1015.4,18.1,227.0,0.5,1.9666666666666668,openaq_ground,10.555555555555555,Good
2026-08-14 23:00:00,6.1,95.0,1016.3,16.2,232.0,0.8,1.4333333333333331,openaq_ground,7.777777777777777,Good
2026-08-15 00:00:00,6.1,94.0,1016.3,14.0,228.0,0.9,1.6166666666666665,openaq_ground,8.88888888888889,Good
2026-08-15 01:00:00,5.6,92.0,1016.4,19.2,225.0,1.0,1.4333333333333331,openaq_ground,7.777777777777777,Good
2026-08-15 02:00:00,5.6,94.0,1016.3,16.1,215.0,0.7,1.85,openaq_ground,10.0,Good
2026-08-15 03:00:00,5.6,93.0,1016.5,16.6,207.0,0.4,3.1333333333333333,openaq_ground,17.22222222222222,Good
2026-08-15 04:00:00,5.5,92.0,1017.3,17.3,208.0,0.6,5.05,openaq_ground,27.77777777777778,Good
2026-08-15 05:00:00,5.3,89.0,1017.8,15.6,211.0,0.2,7.283333333333334,openaq_ground,40.0,Good
2026-08-15 06:00:00,5.0,91.0,1018.0,10.6,223.0,0.1,9.683333333333334,openaq_ground,51.93155893536122,Moderate
2026-08-15 07:00:00,4.5,92.0,1018.5,9.1,232.0,0.1,8.583333333333334,openaq_ground,47.22222222222222,Good
2026-08-15 08:00:00,3.6,92.0,1019.1,7.2,245.0,0.2,9.016666666666666,openaq_ground,50.0,Good
2026-08-15 09:00:00,2.9,93.0,1019.5,6.0,261.0,0.1,17.099999999999998,openaq_ground,65.71863117870723,Moderate
2026-08-15 10:00:00,2.5,89.0,1019.8,8.7,278.0,0.2,7.733333333333333,openaq_ground,42.77777777777778,Good
2026-08-15 11:00:00,2.3,90.0,1020.2,5.5,293.0,0.2,2.5333333333333337,openaq_ground,13.88888888888889,Good
2026-08-15 12:00:00,2.6,92.0,1020.5,11.4,243.0,0.2,3.6,openaq_ground,20.0,Good
2026-08-15 13:00:00,2.1,93.0,1020.6,7.9,283.0,0.0,0.9833333333333332,openaq_ground,5.0,Good
2026-08-15 14:00:00,1.9,92.0,1021.2,8.6,269.0,0.1,0.3666666666666667,openaq_ground,1.6666666666666665,Good
2026-08-15 15:00:00,1.6,93.0,1021.5,9.1,279.0,0.2,0.1666666666666666,openaq_ground,0.5555555555555556,Good
2026-08-15 16:00:00,1.7,93.0,1021.5,10.1,295.0,0.1,0.15,openaq_ground,0.5555555555555556,Good
2026-08-15 17:00:00,1.7,91.0,1021.8,10.2,280.0,0.0,0.3166666666666666,openaq_ground,1.6666666666666665,Good
2026-08-15 18:00:00,1.1,92.0,1022.6,11.2,280.0,0.0,0.25,openaq_ground,1.1111111111111112,Good
2026-08-15 19:00:00,1.2,92.0,1022.9,10.7,290.0,0.0,1.0333333333333334,openaq_ground,5.555555555555555,Good
2026-08-15 20:00:00,1.3,91.0,1023.3,9.8,302.0,0.0,2.35,openaq_ground,12.777777777777777,Good
2026-08-15 21:00:00,2.8,91.0,1023.8,11.6,294.0,0.0,1.45,openaq_ground,7.777777777777777,Good
2026-08-15 22:00:00,4.7,81.0,1024.0,12.1,268.0,0.0,0.8833333333333333,openaq_ground,4.444444444444445,Good
2026-08-15 23:00:00,5.9,76.0,1024.2,13.1,258.0,0.0,1.5166666666666666,openaq_ground,8.333333333333332,Good
2026-08-16 00:00:00,7.0,69.0,1024.0,13.3,242.0,0.0,2.45,openaq_ground,13.333333333333332,Good
2026-08-16 01:00:00,7.4,65.0,1024.0,14.1,230.0,0.0,0.4833333333333334,openaq_ground,2.2222222222222223,Good
2026-08-16 02:00:00,7.7,64.0,1023.7,13.0,231.0,0.0,1.2333333333333334,openaq_ground,6.666666666666666,Good
2026-08-16 03:00:00,7.8,63.0,1023.6,12.6,228.0,0.0,1.75,openaq_ground,9.444444444444445,Good
2026-08-16 04:00:00,7.7,63.0,1024.0,13.2,223.0,0.0,10.333333333333334,openaq_ground,53.235741444866925,Moderate
2026-08-16 05:00:00,6.9,69.0,1024.2,10.3,221.0,0.0,21.33333333333333,openaq_ground,73.73003802281369,Moderate
2026-08-16 06:00:00,4.9,80.0,1023.9,5.2,229.0,0.0,37.766666666666666,openaq_ground,106.41708542713569,Unhealthy (Sensitive Groups)
2026-08-16 07:00:00,4.1,81.0,1024.3,3.6,300.0,0.0,31.666666666666668,openaq_ground,92.92015209125475,Moderate
2026-08-16 08:00:00,3.6,79.0,1024.1,4.4,333.0,0.0,30.883333333333336,openaq_ground,91.42965779467681,Moderate
2026-08-16 09:00:00,2.6,80.0,1024.0,6.2,343.0,0.0,23.95,openaq_ground,78.57414448669202,Moderate
2026-08-16 10:00:00,1.1,85.0,1024.0,8.2,345.0,0.0,15.85,openaq_ground,63.48288973384031,Moderate
2026-08-16 11:00:00,0.4,87.0,1024.1,11.4,347.0,0.0,8.950000000000001,openaq_ground,49.44444444444444,Good
2026-08-16 12:00:00,0.4,82.0,1023.4,12.8,343.0,0.0,4.316666666666666,openaq_ground,23.888888888888886,Good
2026-08-16 13:00:00,1.0,77.0,1023.4,11.8,336.0,0.0,1.8666666666666665,openaq_ground,10.0,Good
2026-08-16 14:00:00,0.8,76.0,1023.2,11.0,334.0,0.0,0.9833333333333334,openaq_ground,5.0,Good
2026-08-16 15:00:00,0.9,74.0,1022.7,10.3,338.0,0.0,0.1333333333333333,openaq_ground,0.5555555555555556,Good
2026-08-16 16:00:00,0.9,72.0,1022.0,10.8,339.0,0.0,0.1666666666666666,openaq_ground,0.5555555555555556,Good
2026-08-16 17:00:00,0.9,72.0,1021.5,11.6,336.0,0.0,0.0666666666666666,openaq_ground,0.0,Good
2026-08-16 18:00:00,0.6,70.0,1021.6,12.3,337.0,0.0,1.3666666666666665,openaq_ground,7.222222222222222,Good
2026-08-16 19:00:00,0.5,70.0,1021.6,10.3,325.0,0.0,0.7333333333333334,openaq_ground,3.8888888888888884,Good
2026-08-16 20:00:00,2.2,66.0,1021.8,10.6,321.0,0.0,1.2,openaq_ground,6.666666666666666,Good
2026-08-16 21:00:00,5.3,64.0,1022.0,12.9,290.0,0.0,0.9666666666666668,openaq_ground,5.0,Good
2026-08-16 22:00:00,7.4,68.0,1022.1,16.9,258.0,0.0,1.0166666666666668,openaq_ground,5.555555555555555,Good
2026-08-16 23:00:00,7.8,70.0,1022.3,18.0,254.0,0.0,0.55,openaq_ground,2.7777777777777777,Good
2026-08-17 00:00:00,8.3,72.0,1021.7,19.6,259.0,0.0,0.7166666666666668,openaq_ground,3.8888888888888884,Good
2026-08-17 01:00:00,9.2,67.0,1020.8,24.0,250.0,0.0,0.7000000000000001,openaq_ground,3.8888888888888884,Good
2026-08-17 02:00:00,9.1,71.0,1020.0,23.5,254.0,0.0,0.65,openaq_ground,3.333333333333333,Good
2026-08-17 03:00:00,9.5,72.0,1019.5,19.3,261.0,0.0,1.4416666666666669,openaq_ground,7.777777777777777,Good
2026-08-17 04:00:00,9.3,76.0,1019.4,20.1,261.0,0.0,2.2333333333333334,openaq_ground,12.222222222222223,Good
2026-08-17 05:00:00,8.7,77.0,1019.4,20.8,265.0,0.0,3.025,openaq_ground,16.666666666666664,Good
2026-08-17 06:00:00,7.9,80.0,1019.4,20.7,263.0,0.0,3.816666666666667,openaq_ground,21.11111111111111,Good
2026-08-17 07:00:00,7.8,84.0,1019.7,25.3,257.0,0.1,2.283333333333333,openaq_ground,12.222222222222223,Good
2026-08-17 08:00:00,7.5,89.0,1020.1,24.1,252.0,0.4,2.4166666666666665,openaq_ground,13.333333333333332,Good
2026-08-17 09:00:00,7.2,90.0,1020.1,25.0,255.0,0.4,1.8833333333333333,openaq_ground,10.0,Good
2026-08-17 10:00:00,7.6,88.0,1019.9,25.9,252.0,0.1,1.2333333333333334,openaq_ground,6.666666666666666,Good
2026-08-17 11:00:00,7.6,89.0,1020.4,25.5,254.0,0.0,0.7166666666666668,openaq_ground,3.8888888888888884,Good
2026-08-17 12:00:00,7.2,91.0,1021.1,24.8,252.0,0.0,0.3666666666666667,openaq_ground,1.6666666666666665,Good
2026-08-17 13:00:00,7.4,91.0,1021.3,26.3,251.0,0.0,0.5166666666666667,openaq_ground,2.7777777777777777,Good
2026-08-17 14:00:00,7.2,90.0,1021.6,25.9,251.0,0.0,0.7333333333333334,openaq_ground,3.8888888888888884,Good
2026-08-17 15:00:00,7.1,88.0,1021.7,26.9,250.0,0.0,0.3666666666666667,openaq_ground,1.6666666666666665,Good
2026-08-17 16:00:00,6.9,88.0,1021.4,27.8,251.0,0.0,0.3833333333333333,openaq_ground,1.6666666666666665,Good
2026-08-17 17:00:00,6.9,86.0,1021.6,28.2,250.0,0.0,0.6,openaq_ground,3.333333333333333,Good
2026-08-17 18:00:00,6.4,87.0,1022.5,28.0,249.0,0.0,2.7000000000000006,openaq_ground,15.0,Good
2026-08-17 19:00:00,6.6,86.0,1022.9,27.2,246.0,0.0,1.7999999999999998,openaq_ground,10.0,Good
2026-08-17 20:00:00,6.9,86.0,1023.6,27.7,245.0,0.0,1.6,openaq_ground,8.88888888888889,Good
2026-08-17 21:00:00,7.7,83.0,1024.1,29.2,244.0,0.0,2.283333333333333,openaq_ground,12.222222222222223,Good
2026-08-17 22:00:00,8.3,82.0,1024.5,26.7,245.0,0.0,1.1166666666666665,openaq_ground,6.111111111111112,Good
2026-08-17 23:00:00,8.9,78.0,1024.9,29.4,241.0,0.0,1.3333333333333333,openaq_ground,7.222222222222222,Good
2026-08-18 00:00:00,9.4,80.0,1025.1,31.2,226.0,0.5,0.9666666666666668,openaq_ground,5.0,Good
2026-08-18 01:00:00,9.5,73.0,1025.3,32.1,220.0,0.1,1.0833333333333333,openaq_ground,5.555555555555555,Good
2026-08-18 02:00:00,9.8,69.0,1025.1,31.7,220.0,0.0,1.7000000000000002,openaq_ground,9.444444444444445,Good
2026-08-18 03:00:00,9.4,71.0,1025.3,31.6,220.0,0.0,3.433333333333333,openaq_ground,18.88888888888889,Good
2026-08-18 04:00:00,9.2,69.0,1025.7,28.2,216.0,0.0,3.466666666666667,openaq_ground,18.88888888888889,Good
2026-08-18 05:00:00,8.9,72.0,1026.2,25.2,219.0,0.0,3.883333333333333,openaq_ground,21.11111111111111,Good
2026-08-18 06:00:00,8.3,74.0,1026.3,20.1,226.0,0.0,3.4,openaq_ground,18.88888888888889,Good
2026-08-18 07:00:00,8.0,76.0,1026.8,18.5,236.0,0.0,3.0666666666666664,openaq_ground,16.666666666666664,Good
2026-08-18 08:00:00,8.1,75.0,1027.2,16.5,248.0,0.0,2.333333333333333,openaq_ground,12.777777777777777,Good
2026-08-18 09:00:00,8.1,76.0,1027.0,15.8,255.0,0.0,2.216666666666667,openaq_ground,12.222222222222223,Good
2026-08-18 10:00:00,8.1,80.0,1027.0,15.9,254.0,0.0,1.6333333333333335,openaq_ground,8.88888888888889,Good
2026-08-18 11:00:00,8.2,82.0,1027.3,16.6,253.0,0.1,1.2333333333333334,openaq_ground,6.666666666666666,Good
2026-08-18 12:00:00,8.3,80.0,1027.1,13.9,274.0,0.0,0.45,openaq_ground,2.2222222222222223,Good
2026-08-18 13:00:00,8.6,79.0,1027.1,13.9,276.0,0.0,0.1166666666666666,openaq_ground,0.5555555555555556,Good
2026-08-18 14:00:00,9.0,78.0,1027.0,15.1,268.0,0.0,0.0666666666666666,openaq_ground,0.0,Good
2026-08-18 15:00:00,9.0,81.0,1027.0,15.6,263.0,0.0,0.25,openaq_ground,1.1111111111111112,Good
2026-08-18 16:00:00,8.8,84.0,1026.9,16.8,254.0,0.1,0.3999999999999999,openaq_ground,1.6666666666666665,Good
2026-08-18 17:00:00,8.8,86.0,1027.3,17.8,250.0,0.0,0.1833333333333333,openaq_ground,0.5555555555555556,Good
2026-08-18 18:00:00,8.6,88.0,1028.0,17.2,252.0,0.1,3.016666666666667,openaq_ground,16.666666666666664,Good
2026-08-18 19:00:00,8.3,91.0,1028.1,16.7,248.0,0.1,2.5166666666666666,openaq_ground,13.88888888888889,Good
2026-08-18 20:00:00,8.0,91.0,1028.3,16.7,249.0,0.0,3.4333333333333336,openaq_ground,18.88888888888889,Good
2026-08-18 21:00:00,8.5,85.0,1028.6,17.7,255.0,0.0,4.4,openaq_ground,24.444444444444446,Good
2026-08-18 22:00:00,9.3,77.0,1028.8,20.2,259.0,0.0,2.25,openaq_ground,12.222222222222223,Good
2026-08-18 23:00:00,10.2,74.0,1028.7,19.5,249.0,0.0,1.5666666666666669,openaq_ground,8.333333333333332,Good
2026-08-19 00:00:00,10.9,64.0,1027.7,24.6,242.0,0.1,1.6833333333333331,openaq_ground,8.88888888888889,Good
2026-08-19 01:00:00,10.9,64.0,1027.1,24.1,241.0,0.0,3.033333333333333,openaq_ground,16.666666666666664,Good
2026-08-19 02:00:00,11.0,64.0,1026.6,24.7,240.0,0.0,2.5,openaq_ground,13.88888888888889,Good
2026-08-19 03:00:00,10.5,67.0,1026.5,23.6,238.0,0.0,3.033333333333333,openaq_ground,16.666666666666664,Good
2026-08-19 04:00:00,10.1,68.0,1026.8,23.3,237.0,0.0,1.6000000000000003,openaq_ground,8.88888888888889,Good
2026-08-19 05:00:00,9.4,72.0,1027.2,20.2,239.0,0.0,2.4666666666666663,openaq_ground,13.333333333333332,Good
2026-08-19 06:00:00,8.7,76.0,1026.9,17.9,251.0,0.0,3.25,openaq_ground,17.77777777777778,Good
2026-08-19 07:00:00,8.2,78.0,1027.3,16.6,252.0,0.0,1.5666666666666669,openaq_ground,8.333333333333332,Good
2026-08-19 08:00:00,8.0,80.0,1027.6,16.4,255.0,0.0,1.2,openaq_ground,6.666666666666666,Good
2026-08-19 09:00:00,8.1,81.0,1027.7,16.3,254.0,0.0,1.0,openaq_ground,5.555555555555555,Good
2026-08-19 10:00:00,7.8,83.0,1027.6,15.2,256.0,0.0,0.5666666666666668,openaq_ground,2.7777777777777777,Good
2026-08-19 11:00:00,7.6,85.0,1027.7,14.7,256.0,0.0,0.1166666666666666,openaq_ground,0.5555555555555556,Good
2026-08-19 12:00:00,7.0,85.0,1027.2,12.8,256.0,0.0,0.0333333333333333,openaq_ground,0.0,Good
2026-08-19 13:00:00,7.0,85.0,1027.2,11.5,262.0,0.0,0.0666666666666666,openaq_ground,0.0,Good
2026-08-19 14:00:00,7.1,86.0,1027.3,11.3,263.0,0.0,0.05,openaq_ground,0.0,Good
2026-08-19 15:00:00,7.3,86.0,1026.8,12.2,256.0,0.0,0.0666666666666666,openaq_ground,0.0,Good
2026-08-19 16:00:00,6.9,86.0,1026.5,13.4,253.0,0.0,0.0999999999999999,openaq_ground,0.0,Good
2026-08-19 17:00:00,6.7,85.0,1026.4,11.2,264.0,0.0,0.2166666666666666,openaq_ground,1.1111111111111112,Good
2026-08-19 18:00:00,6.2,88.0,1026.6,10.8,268.0,0.0,3.333333333333333,openaq_ground,18.333333333333332,Good
2026-08-19 19:00:00,6.1,88.0,1026.6,11.2,272.0,0.0,2.283333333333333,openaq_ground,12.222222222222223,Good
2026-08-19 20:00:00,5.9,87.0,1026.7,8.4,290.0,0.0,2.5,openaq_ground,13.88888888888889,Good
2026-08-19 21:00:00,7.6,81.0,1026.8,9.3,323.0,0.0,2.65,openaq_ground,14.444444444444445,Good
2026-08-19 22:00:00,9.4,69.0,1026.7,8.7,307.0,0.0,3.4166666666666665,openaq_ground,18.88888888888889,Good
2026-08-19 23:00:00,10.7,62.0,1026.4,11.8,276.0,0.0,0.0999999999999999,openaq_ground,0.0,Good
2026-08-20 00:00:00,11.3,59.0,1025.9,13.0,243.0,0.0,2.6833333333333336,openaq_ground,14.444444444444445,Good
2026-08-20 01:00:00,11.5,60.0,1025.1,13.7,245.0,0.0,0.0833333333333333,openaq_ground,0.0,Good
2026-08-20 02:00:00,11.8,59.0,1024.5,15.5,248.0,0.0,0.0166666666666666,openaq_ground,0.0,Good
2026-08-20 03:00:00,12.0,57.0,1024.2,16.9,245.0,0.0,0.0999999999999999,openaq_ground,0.0,Good
2026-08-20 04:00:00,11.4,61.0,1024.2,15.2,234.0,0.0,3.8000000000000003,openaq_ground,21.11111111111111,Good
2026-08-20 05:00:00,10.4,68.0,1024.2,10.0,247.0,0.0,7.5,openaq_ground,41.666666666666664,Good
2026-08-20 06:00:00,8.2,76.0,1023.9,4.6,283.0,0.0,19.55,openaq_ground,70.3764258555133,Moderate
2026-08-20 07:00:00,7.7,76.0,1024.1,1.4,320.0,0.0,28.21666666666667,openaq_ground,86.5855513307985,Moderate
2026-08-20 08:00:00,7.2,76.0,1024.2,0.6,34.0,0.0,21.6,openaq_ground,74.28897338403043,Moderate
2026-08-20 09:00:00,6.3,79.0,1023.9,1.0,22.0,0.0,17.900000000000002,openaq_ground,67.39543726235742,Moderate
2026-08-20 10:00:00,5.9,81.0,1024.1,2.2,360.0,0.0,11.033333333333331,openaq_ground,54.539923954372625,Moderate
2026-08-20 11:00:00,5.1,86.0,1023.9,5.2,354.0,0.0,6.7,openaq_ground,37.22222222222222,Good
2026-08-20 12:00:00,4.2,92.0,1023.5,6.9,353.0,0.0,4.166666666666667,openaq_ground,22.777777777777775,Good
2026-08-20 13:00:00,3.4,92.0,1023.2,9.6,354.0,0.0,5.3,openaq_ground,29.444444444444443,Good
2026-08-20 14:00:00,3.0,91.0,1022.8,9.6,352.0,0.0,7.949999999999999,openaq_ground,43.88888888888889,Good
2026-08-20 15:00:00,2.8,91.0,1022.3,10.0,354.0,0.0,5.6000000000000005,openaq_ground,31.111111111111107,Good
2026-08-20 16:00:00,2.8,92.0,1021.5,8.9,354.0,0.0,3.3833333333333333,openaq_ground,18.333333333333332,Good
2026-08-20 17:00:00,2.3,95.0,1021.3,7.3,351.0,0.0,1.6333333333333335,openaq_ground,8.88888888888889,Good
2026-08-20 18:00:00,2.4,92.0,1020.8,8.0,355.0,0.0,2.083333333333333,openaq_ground,11.11111111111111,Good
2026-08-20 19:00:00,1.6,93.0,1020.6,7.6,346.0,0.0,4.266666666666667,openaq_ground,23.333333333333332,Good
2026-08-20 20:00:00,1.6,91.0,1019.9,8.0,346.0,0.0,7.833333333333333,openaq_ground,43.33333333333333,Good
2026-08-20 21:00:00,4.6,85.0,1020.0,7.8,331.0,0.0,8.916666666666666,openaq_ground,49.44444444444444,Good
2026-08-20 22:00:00,8.0,79.0,1019.8,3.9,332.0,0.0,5.983333333333333,openaq_ground,32.77777777777778,Good
2026-08-20 23:00:00,10.5,68.0,1019.5,0.2,180.0,0.0,4.383333333333334,openaq_ground,23.888888888888886,Good
2026-08-21 00:00:00,13.4,59.0,1017.8,6.1,43.0,0.0,3.35,openaq_ground,18.333333333333332,Good
2026-08-21 01:00:00,14.4,51.0,1016.4,9.2,11.0,0.0,3.8,openaq_ground,21.11111111111111,Good
2026-08-21 02:00:00,15.2,46.0,1015.4,9.9,356.0,0.0,4.4,openaq_ground,24.444444444444446,Good
2026-08-21 03:00:00,15.1,48.0,1014.7,10.3,358.0,0.0,5.116666666666666,openaq_ground,28.33333333333333,Good
2026-08-21 04:00:00,14.7,51.0,1014.5,8.2,350.0,0.0,8.383333333333335,openaq_ground,46.111111111111114,Good
2026-08-21 05:00:00,13.2,57.0,1014.5,7.2,325.0,0.0,17.316666666666666,openaq_ground,66.27756653992395,Moderate
2026-08-21 06:00:00,10.4,77.0,1013.8,6.5,8.0,0.0,22.7,openaq_ground,76.3384030418251,Moderate
2026-08-21 07:00:00,9.9,70.0,1013.8,8.8,343.0,0.0,26.71666666666667,openaq_ground,83.79087452471484,Moderate
2026-08-21 08:00:00,10.0,65.0,1013.3,15.6,336.0,0.1,24.5,openaq_ground,79.69201520912549,Moderate
2026-08-21 09:00:00,9.6,71.0,1012.5,13.7,343.0,0.2,21.96666666666667,openaq_ground,74.84790874524715,Moderate
2026-08-21 10:00:00,9.2,70.0,1012.4,15.2,344.0,0.0,23.71666666666667,openaq_ground,78.20152091254752,Moderate
2026-08-21 11:00:00,8.6,71.0,1012.1,15.2,343.0,0.0,15.25,openaq_ground,62.365019011406844,Moderate
2026-08-21 12:00:00,7.2,70.0,1010.5,13.2,343.0,0.0,9.566666666666666,openaq_ground,51.745247148288975,Moderate
2026-08-21 13:00:00,7.9,66.0,1010.1,12.0,336.0,0.0,4.733333333333333,openaq_ground,26.11111111111111,Good
2026-08-21 14:00:00,7.6,68.0,1009.3,9.1,338.0,0.0,2.216666666666667,openaq_ground,12.222222222222223,Good
2026-08-21 15:00:00,7.2,71.0,1009.1,6.3,336.0,0.0,0.2333333333333333,openaq_ground,1.1111111111111112,Good
2026-08-21 16:00:00,7.6,68.0,1008.5,6.4,10.0,0.0,0.1166666666666666,openaq_ground,0.5555555555555556,Good
2026-08-21 17:00:00,7.7,68.0,1007.7,11.5,31.0,0.0,0.2666666666666666,openaq_ground,1.1111111111111112,Good
2026-08-21 18:00:00,8.0,63.0,1006.8,14.9,31.0,0.0,0.0166666666666666,openaq_ground,0.0,Good
2026-08-21 19:00:00,9.0,60.0,1006.7,11.4,31.0,0.0,0.6833333333333332,openaq_ground,3.333333333333333,Good
2026-08-21 20:00:00,8.1,65.0,1006.5,12.0,19.0,0.0,0.3333333333333333,openaq_ground,1.6666666666666665,Good
2026-08-21 21:00:00,10.2,68.0,1007.0,10.5,20.0,0.0,0.2333333333333333,openaq_ground,1.1111111111111112,Good
2026-08-21 22:00:00,13.0,65.0,1006.8,7.7,30.0,0.0,0.0,openaq_ground,0.0,Good
2026-08-21 23:00:00,14.5,57.0,1006.1,7.5,48.0,0.0,0.0166666666666666,openaq_ground,0.0,Good
2026-08-22 00:00:00,16.7,47.0,1005.0,14.1,11.0,0.0,0.0,openaq_ground,0.0,Good
2026-08-22 01:00:00,16.7,48.0,1003.8,14.4,13.0,0.0,0.0,openaq_ground,0.0,Good
2026-08-22 02:00:00,17.0,48.0,1002.4,14.2,16.0,0.0,0.0999999999999999,openaq_ground,0.0,Good
2026-08-22 03:00:00,16.9,50.0,1001.7,12.8,6.0,0.0,0.0666666666666666,openaq_ground,0.0,Good
2026-08-22 04:00:00,16.5,53.0,1000.9,9.8,354.0,0.0,0.15,openaq_ground,0.5555555555555556,Good
2026-08-22 05:00:00,15.3,58.0,1000.4,9.0,3.0,0.0,1.1,openaq_ground,6.111111111111112,Good
2026-08-22 06:00:00,13.5,60.0,999.5,11.9,6.0,0.0,2.716666666666667,openaq_ground,15.0,Good
2026-08-22 07:00:00,12.8,60.0,998.9,14.4,10.0,0.0,5.783333333333334,openaq_ground,31.666666666666668,Good
2026-08-22 08:00:00,12.5,58.0,997.9,14.9,13.0,0.0,4.8,openaq_ground,26.666666666666664,Good
2026-08-22 09:00:00,11.3,61.0,997.3,11.7,9.0,0.0,3.016666666666667,openaq_ground,16.666666666666664,Good
2026-08-22 10:00:00,9.4,68.0,996.5,9.9,12.0,0.0,1.2,openaq_ground,6.666666666666666,Good
2026-08-22 11:00:00,8.0,73.0,995.4,9.3,15.0,0.0,0.8333333333333334,openaq_ground,4.444444444444445,Good
2026-08-22 12:00:00,11.7,50.0,993.4,18.0,14.0,0.0,0.9666666666666668,openaq_ground,5.0,Good
2026-08-22 13:00:00,11.6,51.0,991.7,16.2,19.0,0.0,0.6666666666666666,openaq_ground,3.333333333333333,Good
2026-08-22 14:00:00,10.5,56.0,990.3,10.4,17.0,0.0,0.1999999999999999,openaq_ground,0.5555555555555556,Good
2026-08-22 15:00:00,8.8,63.0,988.6,7.2,18.0,0.0,0.2833333333333333,openaq_ground,1.1111111111111112,Good
2026-08-22 16:00:00,7.4,70.0,987.8,4.9,343.0,0.0,0.0666666666666666,openaq_ground,0.0,Good
2026-08-22 17:00:00,6.5,77.0,987.8,5.2,346.0,0.1,0.0,openaq_ground,0.0,Good
2026-08-22 18:00:00,7.4,72.0,986.7,12.5,352.0,0.0,0.0,openaq_ground,0.0,Good
2026-08-22 19:00:00,10.4,64.0,986.8,17.9,311.0,0.0,0.0,openaq_ground,0.0,Good
2026-08-22 20:00:00,10.1,62.0,987.3,16.9,291.0,0.0,0.0333333333333333,openaq_ground,0.0,Good
2026-08-22 21:00:00,8.2,73.0,990.5,40.0,269.0,0.4,0.0833333333333333,openaq_ground,0.0,Good
2026-08-22 22:00:00,6.6,79.0,992.1,34.2,267.0,0.5,0.2333333333333333,openaq_ground,1.1111111111111112,Good
2026-08-22 23:00:00,7.1,71.0,993.6,32.6,270.0,0.1,0.2833333333333333,openaq_ground,1.1111111111111112,Good
2026-08-23 00:00:00,8.6,55.0,994.9,37.3,273.0,0.1,0.15,openaq_ground,0.5555555555555556,Good
2026-08-23 01:00:00,7.6,61.0,996.1,33.9,258.0,0.4,0.05,openaq_ground,0.0,Good
2026-08-23 02:00:00,6.8,67.0,997.3,33.9,268.0,0.2,0.0833333333333333,openaq_ground,0.0,Good
2026-08-23 03:00:00,6.6,66.0,999.0,35.2,263.0,0.2,0.7166666666666667,openaq_ground,3.8888888888888884,Good
2026-08-23 04:00:00,6.4,64.0,1000.4,29.0,263.0,0.1,0.8833333333333333,openaq_ground,4.444444444444445,Good
2026-08-23 05:00:00,5.4,71.0,1001.7,31.8,263.0,0.2,0.5166666666666667,openaq_ground,2.7777777777777777,Good
2026-08-23 06:00:00,4.4,75.0,1004.0,31.1,262.0,0.2,0.9833333333333332,openaq_ground,5.0,Good
2026-08-23 07:00:00,3.9,74.0,1005.6,27.8,265.0,0.3,0.7666666666666667,openaq_ground,3.8888888888888884,Good
2026-08-23 08:00:00,4.1,77.0,1006.7,29.0,269.0,0.5,0.5333333333333333,openaq_ground,2.7777777777777777,Good
2026-08-23 09:00:00,4.1,74.0,1007.5,27.0,271.0,0.1,0.5499999999999999,openaq_ground,2.7777777777777777,Good
2026-08-23 10:00:00,4.5,74.0,1008.6,23.4,270.0,0.2,1.1,openaq_ground,6.111111111111112,Good
2026-08-23 11:00:00,5.4,68.0,1009.4,23.2,268.0,0.0,0.3833333333333333,openaq_ground,1.6666666666666665,Good
2026-08-23 12:00:00,5.9,63.0,1009.7,18.6,275.0,0.0,0.0833333333333333,openaq_ground,0.0,Good
2026-08-23 13:00:00,7.5,55.0,1010.0,23.8,270.0,0.0,0.05,openaq_ground,0.0,Good
2026-08-23 14:00:00,8.1,55.0,1010.6,21.7,264.0,0.0,0.0,openaq_ground,0.0,Good
2026-08-23 15:00:00,8.3,56.0,1011.1,21.3,272.0,0.0,0.0,openaq_ground,0.0,Good
2026-08-23 16:00:00,9.2,57.0,1011.3,22.4,274.0,0.0,0.0,openaq_ground,0.0,Good
2026-08-23 17:00:00,9.1,59.0,1012.1,19.0,277.0,0.0,0.0166666666666666,openaq_ground,0.0,Good
2026-08-23 18:00:00,7.3,65.0,1012.7,7.5,318.0,0.0,0.8666666666666667,openaq_ground,4.444444444444445,Good
2026-08-23 19:00:00,5.8,69.0,1013.2,7.2,6.0,0.0,0.8833333333333333,openaq_ground,4.444444444444445,Good
2026-08-23 20:00:00,5.9,68.0,1013.7,9.2,17.0,0.0,0.6333333333333333,openaq_ground,3.333333333333333,Good
2026-08-23 21:00:00,8.5,63.0,1014.4,10.5,355.0,0.0,0.1666666666666666,openaq_ground,0.5555555555555556,Good
2026-08-23 22:00:00,12.0,52.0,1014.6,14.3,301.0,0.0,0.1,openaq_ground,0.5555555555555556,Good
2026-08-23 23:00:00,13.6,52.0,1014.4,13.7,310.0,0.0,0.1,openaq_ground,0.5555555555555556,Good
2026-08-24 00:00:00,15.9,46.0,1013.2,10.3,301.0,0.0,0.1,openaq_ground,0.5555555555555556,Good
2026-08-24 01:00:00,16.5,45.0,1012.7,13.2,280.0,0.0,0.0166666666666666,openaq_ground,0.0,Good
2026-08-24 02:00:00,16.7,45.0,1012.0,13.5,284.0,0.0,0.0333333333333333,openaq_ground,0.0,Good
2026-08-24 03:00:00,16.5,46.0,1011.8,13.8,283.0,0.0,0.0833333333333333,openaq_ground,0.0,Good
2026-08-24 04:00:00,15.8,51.0,1011.5,9.0,280.0,0.0,0.3333333333333333,openaq_ground,1.6666666666666665,Good
2026-08-24 05:00:00,14.2,60.0,1011.4,5.8,286.0,0.0,0.5333333333333333,openaq_ground,2.7777777777777777,Good
2026-08-24 06:00:00,13.3,50.0,1010.4,13.4,329.0,0.0,1.6833333333333331,openaq_ground,8.88888888888889,Good
2026-08-24 07:00:00,13.0,50.0,1010.4,16.5,324.0,0.0,0.9,openaq_ground,5.0,Good
2026-08-24 08:00:00,12.9,53.0,1010.1,15.2,326.0,0.0,0.5166666666666667,openaq_ground,2.7777777777777777,Good
2026-08-24 09:00:00,12.9,54.0,1010.1,15.7,321.0,0.0,0.2166666666666666,openaq_ground,1.1111111111111112,Good
2026-08-24 10:00:00,12.8,54.0,1010.1,16.0,325.0,0.0,0.1,openaq_ground,0.5555555555555556,Good
2026-08-24 11:00:00,12.3,57.0,1010.0,13.1,317.0,0.0,0.0833333333333333,openaq_ground,0.0,Good
2026-08-24 12:00:00,12.2,53.0,1009.2,13.4,319.0,0.0,0.0,openaq_ground,0.0,Good
2026-08-24 13:00:00,11.5,58.0,1009.4,11.5,326.0,0.0,0.0,openaq_ground,0.0,Good
2026-08-24 14:00:00,10.9,59.0,1009.0,12.3,338.0,0.0,0.0,openaq_ground,0.0,Good
2026-08-24 15:00:00,10.4,60.0,1009.0,10.1,336.0,0.0,0.0,openaq_ground,0.0,Good
2026-08-24 16:00:00,10.6,61.0,1008.9,11.9,322.0,0.0,0.0,openaq_ground,0.0,Good
2026-08-24 17:00:00,11.5,60.0,1009.4,14.8,304.0,0.0,0.0,openaq_ground,0.0,Good
2026-08-24 18:00:00,9.4,71.0,1009.5,6.1,330.0,0.0,0.4333333333333333,openaq_ground,2.2222222222222223,Good
2026-08-24 19:00:00,8.7,73.0,1010.2,2.5,4.0,0.0,1.3333333333333333,openaq_ground,7.222222222222222,Good
2026-08-24 20:00:00,8.4,78.0,1011.3,4.6,11.0,0.0,0.2166666666666666,openaq_ground,1.1111111111111112,Good
2026-08-24 21:00:00,10.3,81.0,1012.3,4.5,14.0,0.0,0.7166666666666667,openaq_ground,3.8888888888888884,Good
2026-08-24 22:00:00,13.7,65.0,1012.5,7.4,256.0,0.0,0.3166666666666667,openaq_ground,1.6666666666666665,Good
2026-08-24 23:00:00,14.7,60.0,1012.8,11.9,248.0,0.0,0.75,openaq_ground,3.8888888888888884,Good
2026-08-25 00:00:00,14.2,70.0,1012.6,8.8,175.0,0.0,1.0666666666666669,openaq_ground,5.555555555555555,Good
2026-08-25 01:00:00,13.1,78.0,1012.7,9.6,142.0,0.1,1.1166666666666667,openaq_ground,6.111111111111112,Good
2026-08-25 02:00:00,12.8,78.0,1012.0,9.6,137.0,0.1,1.6166666666666665,openaq_ground,8.88888888888889,Good
2026-08-25 03:00:00,11.6,84.0,1012.7,8.7,153.0,0.2,1.3166666666666669,openaq_ground,7.222222222222222,Good
2026-08-25 04:00:00,11.8,82.0,1013.3,2.2,85.0,0.1,3.2,openaq_ground,17.77777777777778,Good
2026-08-25 05:00:00,11.9,85.0,1013.5,8.3,237.0,0.1,4.616666666666666,openaq_ground,25.555555555555554,Good
2026-08-25 06:00:00,10.6,90.0,1013.7,3.1,332.0,0.0,8.049999999999999,openaq_ground,44.44444444444444,Good
2026-08-25 07:00:00,9.6,91.0,1013.6,1.5,7.0,0.0,11.183333333333332,openaq_ground,54.72623574144487,Moderate
2026-08-25 08:00:00,9.0,89.0,1014.1,0.5,360.0,0.0,12.516666666666666,openaq_ground,57.334600760456276,Moderate
2026-08-25 09:00:00,9.3,89.0,1014.1,1.8,174.0,0.0,13.583333333333334,openaq_ground,59.19771863117871,Moderate
2026-08-25 10:00:00,9.0,93.0,1014.8,3.0,142.0,0.0,16.53333333333333,openaq_ground,64.78707224334602,Moderate
2026-08-25 11:00:00,8.8,93.0,1015.5,1.6,180.0,0.0,11.75,openaq_ground,55.844106463878326,Moderate
2026-08-25 12:00:00,8.0,94.0,1015.3,3.4,58.0,0.0,9.533333333333331,openaq_ground,51.745247148288975,Moderate
2026-08-25 13:00:00,8.2,95.0,1015.9,3.0,33.0,0.0,7.7,openaq_ground,42.77777777777778,Good
2026-08-25 14:00:00,8.0,94.0,1015.8,1.9,68.0,0.0,3.8,openaq_ground,21.11111111111111,Good
2026-08-25 15:00:00,7.9,92.0,1015.5,0.9,53.0,0.1,2.783333333333333,openaq_ground,15.0,Good
2026-08-25 16:00:00,8.1,92.0,1015.2,0.4,27.0,0.3,1.9833333333333332,openaq_ground,10.555555555555555,Good
2026-08-25 17:00:00,8.0,93.0,1015.0,0.6,34.0,0.3,1.7833333333333332,openaq_ground,9.444444444444445,Good
2026-08-25 18:00:00,7.9,89.0,1015.1,0.6,342.0,0.3,2.35,openaq_ground,12.777777777777777,Good
2026-08-25 19:00:00,7.8,93.0,1015.2,3.3,248.0,0.4,4.966666666666667,openaq_ground,27.222222222222225,Good
2026-08-25 20:00:00,7.8,94.0,1015.4,4.1,283.0,0.9,7.166666666666667,openaq_ground,39.44444444444444,Good
2026-08-25 21:00:00,8.0,93.0,1015.7,6.7,270.0,1.7,8.549999999999999,openaq_ground,47.22222222222222,Good
2026-08-25 22:00:00,7.8,92.0,1015.9,8.3,276.0,2.5,7.333333333333333,openaq_ground,40.55555555555555,Good
2026-08-25 23:00:00,7.5,93.0,1016.2,9.3,298.0,3.1,8.450000000000001,openaq_ground,46.666666666666664,Good
2026-08-26 00:00:00,8.0,94.0,1015.4,8.0,314.0,2.8,6.083333333333333,openaq_ground,33.33333333333333,Good
2026-08-26 01:00:00,7.9,95.0,1015.8,8.6,321.0,1.6,3.183333333333333,openaq_ground,17.22222222222222,Good
2026-08-26 02:00:00,7.8,95.0,1015.6,8.1,309.0,1.5,2.75,openaq_ground,15.0,Good
2026-08-26 03:00:00,7.7,96.0,1016.2,6.2,277.0,1.2,6.05,openaq_ground,33.33333333333333,Good
2026-08-26 04:00:00,7.7,96.0,1016.8,5.2,214.0,0.8,4.966666666666667,openaq_ground,27.222222222222225,Good
2026-08-26 05:00:00,7.6,95.0,1017.7,6.9,185.0,0.6,10.833333333333334,openaq_ground,54.16730038022814,Moderate
2026-08-26 06:00:00,6.8,93.0,1018.8,12.5,168.0,0.3,12.616666666666667,openaq_ground,57.52091254752852,Moderate
2026-08-26 07:00:00,6.6,91.0,1019.8,13.0,166.0,0.2,11.366666666666667,openaq_ground,55.09885931558936,Moderate
2026-08-26 08:00:00,6.4,89.0,1021.0,11.5,166.0,0.1,8.966666666666667,openaq_ground,49.44444444444444,Good
2026-08-26 09:00:00,6.2,87.0,1021.7,10.9,163.0,0.1,10.183333333333334,openaq_ground,52.863117870722434,Moderate
2026-08-26 10:00:00,6.2,84.0,1022.4,9.3,162.0,0.0,7.316666666666666,openaq_ground,40.55555555555555,Good
2026-08-26 11:00:00,6.0,79.0,1023.2,9.5,155.0,0.0,6.05,openaq_ground,33.33333333333333,Good
2026-08-26 12:00:00,5.8,77.0,1024.0,8.9,133.0,0.0,4.45,openaq_ground,24.444444444444446,Good
2026-08-26 13:00:00,5.5,77.0,1024.4,8.3,106.0,0.0,3.7833333333333337,openaq_ground,20.555555555555557,Good
2026-08-26 14:00:00,5.7,77.0,1024.4,10.3,90.0,0.0,2.466666666666667,openaq_ground,13.333333333333332,Good
2026-08-26 15:00:00,5.7,75.0,1024.4,12.8,84.0,0.0,1.7166666666666668,openaq_ground,9.444444444444445,Good
2026-08-26 16:00:00,5.6,74.0,1024.1,15.0,70.0,0.0,2.1,openaq_ground,11.666666666666666,Good
2026-08-26 17:00:00,5.7,72.0,1024.5,16.7,65.0,0.0,1.1166666666666667,openaq_ground,6.111111111111112,Good
2026-08-26 18:00:00,5.5,73.0,1025.1,18.8,63.0,0.0,1.3666666666666665,openaq_ground,7.222222222222222,Good
2026-08-26 19:00:00,5.6,72.0,1024.6,21.9,60.0,0.0,2.066666666666667,openaq_ground,11.11111111111111,Good
2026-08-26 20:00:00,5.7,74.0,1024.5,25.2,57.0,0.0,1.8333333333333333,openaq_ground,10.0,Good
2026-08-26 21:00:00,5.7,78.0,1024.5,26.1,54.0,0.1,1.95,openaq_ground,10.555555555555555,Good
2026-08-26 22:00:00,5.6,84.0,1023.9,29.0,49.0,0.3,1.7166666666666668,openaq_ground,9.444444444444445,Good
2026-08-26 23:00:00,5.5,89.0,1023.1,31.6,48.0,0.7,1.05,openaq_ground,5.555555555555555,Good
2026-08-27 00:00:00,5.9,93.0,1021.3,34.5,52.0,1.3,0.6333333333333333,openaq_ground,3.333333333333333,Good
2026-08-27 01:00:00,6.0,93.0,1019.9,37.5,51.0,1.2,0.7333333333333334,openaq_ground,3.8888888888888884,Good
2026-08-27 02:00:00,6.2,92.0,1017.9,39.5,50.0,0.6,1.25,openaq_ground,6.666666666666666,Good
2026-08-27 03:00:00,6.5,92.0,1016.7,39.6,52.0,1.2,1.8333333333333333,openaq_ground,10.0,Good
2026-08-27 04:00:00,6.8,92.0,1015.7,39.8,53.0,2.2,1.0833333333333333,openaq_ground,5.555555555555555,Good
2026-08-27 05:00:00,7.1,91.0,1014.7,41.9,50.0,1.4,1.7833333333333334,openaq_ground,9.444444444444445,Good
2026-08-27 06:00:00,7.7,89.0,1014.1,39.5,49.0,0.2,2.1333333333333333,openaq_ground,11.666666666666666,Good
2026-08-27 07:00:00,7.9,90.0,1014.0,40.2,50.0,0.2,1.9166666666666667,openaq_ground,10.555555555555555,Good
2026-08-27 08:00:00,8.0,91.0,1012.8,40.2,48.0,0.2,1.2,openaq_ground,6.666666666666666,Good
2026-08-27 09:00:00,8.4,91.0,1011.4,39.1,46.0,0.1,1.4,openaq_ground,7.777777777777777,Good
2026-08-27 10:00:00,8.6,92.0,1010.0,34.6,46.0,0.1,1.7333333333333334,openaq_ground,9.444444444444445,Good
2026-08-27 11:00:00,8.8,92.0,1009.4,26.6,46.0,0.1,1.8666666666666665,openaq_ground,10.0,Good
2026-08-27 12:00:00,8.8,90.0,1008.3,25.6,40.0,0.0,2.333333333333333,openaq_ground,12.777777777777777,Good
2026-08-27 13:00:00,9.1,87.0,1007.1,22.6,40.0,0.0,2.75,openaq_ground,15.0,Good
2026-08-27 14:00:00,9.8,84.0,1005.9,20.3,33.0,0.0,3.533333333333333,openaq_ground,19.444444444444443,Good
2026-08-27 15:00:00,9.9,83.0,1004.3,17.4,30.0,0.0,2.0166666666666666,openaq_ground,11.11111111111111,Good
2026-08-27 16:00:00,9.7,81.0,1003.5,20.6,18.0,0.0,0.3166666666666666,openaq_ground,1.6666666666666665,Good
2026-08-27 17:00:00,11.1,75.0,1002.5,22.6,12.0,0.0,0.0333333333333333,openaq_ground,0.0,Good
2026-08-27 18:00:00,9.9,78.0,1002.0,18.4,5.0,0.0,0.35,openaq_ground,1.6666666666666665,Good
2026-08-27 19:00:00,9.1,79.0,1001.3,14.5,353.0,0.0,0.75,openaq_ground,3.8888888888888884,Good
2026-08-27 20:00:00,8.8,80.0,1001.3,13.5,337.0,0.0,1.0833333333333333,openaq_ground,5.555555555555555,Good
2026-08-27 21:00:00,11.4,73.0,1001.1,13.7,339.0,0.0,0.1333333333333333,openaq_ground,0.5555555555555556,Good
2026-08-27 22:00:00,14.7,66.0,1000.8,11.0,335.0,0.0,0.75,openaq_ground,3.8888888888888884,Good
2026-08-27 23:00:00,15.3,57.0,1001.1,9.7,288.0,0.0,0.95,openaq_ground,5.0,Good
2026-08-28 00:00:00,14.7,63.0,1000.7,8.2,296.0,0.0,0.6166666666666667,openaq_ground,3.333333333333333,Good
2026-08-28 01:00:00,12.3,83.0,1000.5,11.2,191.0,0.3,0.4166666666666667,openaq_ground,2.2222222222222223,Good
2026-08-28 02:00:00,11.6,94.0,1000.3,7.2,176.0,1.1,0.5333333333333333,openaq_ground,2.7777777777777777,Good
2026-08-28 03:00:00,10.8,96.0,1000.8,7.8,212.0,0.7,0.3333333333333333,openaq_ground,1.6666666666666665,Good
2026-08-28 04:00:00,11.0,90.0,1001.6,15.1,261.0,0.0,1.25,openaq_ground,6.666666666666666,Good
2026-08-28 05:00:00,10.8,81.0,1002.0,20.2,259.0,0.0,1.0333333333333334,openaq_ground,5.555555555555555,Good
2026-08-28 06:00:00,10.0,84.0,1002.8,20.1,253.0,0.0,0.85,openaq_ground,4.444444444444445,Good
2026-08-28 07:00:00,9.0,85.0,1003.5,20.1,243.0,0.0,1.0666666666666669,openaq_ground,5.555555555555555,Good
2026-08-28 08:00:00,8.2,85.0,1003.4,15.6,246.0,0.0,4.066666666666667,openaq_ground,22.22222222222222,Good
2026-08-28 09:00:00,7.9,86.0,1003.5,11.8,244.0,0.0,6.116666666666667,openaq_ground,33.888888888888886,Good
2026-08-28 10:00:00,7.5,87.0,1003.5,8.9,249.0,0.0,4.55,openaq_ground,25.0,Good
2026-08-28 11:00:00,6.4,91.0,1003.3,5.4,290.0,0.0,8.25,openaq_ground,45.55555555555555,Good
2026-08-28 12:00:00,5.9,87.0,1003.4,3.1,310.0,0.0,7.883333333333333,openaq_ground,43.33333333333333,Good
2026-08-28 13:00:00,5.7,87.0,1003.1,2.3,360.0,0.0,2.1166666666666667,openaq_ground,11.666666666666666,Good
2026-08-28 14:00:00,5.9,90.0,1002.7,7.5,11.0,0.0,0.6166666666666667,openaq_ground,3.333333333333333,Good
2026-08-28 15:00:00,6.6,88.0,1002.5,4.3,355.0,0.0,0.65,openaq_ground,3.333333333333333,Good
2026-08-28 16:00:00,5.3,91.0,1002.3,7.0,348.0,0.1,0.8166666666666665,openaq_ground,4.444444444444445,Good
2026-08-28 17:00:00,5.7,82.0,1002.0,11.9,331.0,0.0,0.0333333333333333,openaq_ground,0.0,Good
2026-08-28 18:00:00,4.4,87.0,1002.6,6.8,323.0,0.0,0.0666666666666666,openaq_ground,0.0,Good
2026-08-28 19:00:00,5.2,84.0,1003.0,3.0,322.0,0.0,0.4833333333333333,openaq_ground,2.2222222222222223,Good
2026-08-28 20:00:00,6.5,79.0,1003.3,4.9,336.0,0.0,2.033333333333333,openaq_ground,11.11111111111111,Good
2026-08-28 21:00:00,9.5,69.0,1003.3,15.0,273.0,0.0,3.35,openaq_ground,18.333333333333332,Good
2026-08-28 22:00:00,10.9,61.0,1003.4,18.4,266.0,0.0,1.1666666666666667,openaq_ground,6.111111111111112,Good
2026-08-28 23:00:00,11.5,57.0,1003.2,24.2,266.0,0.1,0.9,openaq_ground,5.0,Good
2026-08-29 00:00:00,14.0,47.0,1002.4,10.7,247.0,0.2,0.65,openaq_ground,3.333333333333333,Good
2026-08-29 01:00:00,14.3,45.0,1001.2,13.1,255.0,0.0,0.2666666666666666,openaq_ground,1.1111111111111112,Good
2026-08-29 02:00:00,14.7,42.0,999.7,16.7,269.0,0.0,0.2333333333333333,openaq_ground,1.1111111111111112,Good
2026-08-29 03:00:00,15.0,41.0,999.1,17.3,268.0,0.0,0.2666666666666666,openaq_ground,1.1111111111111112,Good
2026-08-29 04:00:00,14.1,47.0,999.0,16.5,262.0,0.0,1.1333333333333333,openaq_ground,6.111111111111112,Good
2026-08-29 05:00:00,12.6,54.0,998.7,10.2,263.0,0.0,5.133333333333334,openaq_ground,28.33333333333333,Good
2026-08-29 06:00:00,11.7,60.0,997.0,4.2,348.0,0.0,10.2,openaq_ground,53.049429657794676,Moderate
2026-08-29 07:00:00,11.9,49.0,996.3,11.6,316.0,0.0,12.416666666666666,openaq_ground,57.148288973384034,Moderate
2026-08-29 08:00:00,10.9,54.0,995.7,11.2,298.0,0.0,5.633333333333333,openaq_ground,31.111111111111107,Good
2026-08-29 09:00:00,10.4,61.0,996.3,11.5,225.0,0.0,0.1166666666666666,openaq_ground,0.5555555555555556,Good
2026-08-29 10:00:00,9.1,78.0,996.8,20.4,256.0,0.4,0.1666666666666666,openaq_ground,0.5555555555555556,Good
2026-08-29 11:00:00,8.5,79.0,996.4,19.4,272.0,0.1,0.0333333333333333,openaq_ground,0.0,Good
2026-08-29 12:00:00,7.9,77.0,994.3,5.8,326.0,0.0,0.0166666666666666,openaq_ground,0.0,Good
2026-08-29 13:00:00,7.1,90.0,993.7,8.5,332.0,1.1,0.0,openaq_ground,0.0,Good
2026-08-29 14:00:00,6.8,92.0,992.6,11.8,347.0,0.6,0.0,openaq_ground,0.0,Good
2026-08-29 15:00:00,7.7,89.0,993.4,27.2,272.0,1.6,0.0,openaq_ground,0.0,Good
2026-08-29 16:00:00,7.9,90.0,993.9,27.8,255.0,0.3,0.0,openaq_ground,0.0,Good
2026-08-29 17:00:00,7.4,86.0,993.7,25.4,254.0,0.1,0.0833333333333333,openaq_ground,0.0,Good
2026-08-29 18:00:00,6.4,87.0,993.1,17.6,262.0,0.0,0.4166666666666667,openaq_ground,2.2222222222222223,Good
2026-08-29 19:00:00,6.4,87.0,992.2,10.6,281.0,0.0,1.1333333333333333,openaq_ground,6.111111111111112,Good
2026-08-29 20:00:00,6.9,83.0,991.0,14.8,294.0,0.1,0.9833333333333334,openaq_ground,5.0,Good
2026-08-29 21:00:00,6.9,84.0,991.0,17.7,299.0,0.7,1.5,openaq_ground,8.333333333333332,Good
2026-08-29 22:00:00,7.8,88.0,989.6,18.7,296.0,3.2,0.1,openaq_ground,0.5555555555555556,Good
2026-08-29 23:00:00,8.8,83.0,989.4,29.5,276.0,0.5,0.42,openaq_ground,2.2222222222222223,Good
2026-08-30 00:00:00,9.5,76.0,989.4,27.5,276.0,0.5,0.36,openaq_ground,1.6666666666666665,Good
2026-08-30 01:00:00,8.6,83.0,989.3,28.3,253.0,1.1,1.1,openaq_ground,6.111111111111112,Good
2026-08-30 02:00:00,7.0,81.0,990.1,38.6,254.0,2.0,0.96,openaq_ground,5.0,Good
2026-08-30 03:00:00,7.2,68.0,990.8,37.8,252.0,0.4,0.76,openaq_ground,3.8888888888888884,Good
2026-08-30 04:00:00,6.8,74.0,990.7,32.5,254.0,0.4,0.92,openaq_ground,5.0,Good
2026-08-30 05:00:00,5.1,86.0,991.1,26.3,262.0,0.9,0.8800000000000001,openaq_ground,4.444444444444445,Good
2026-08-30 06:00:00,5.2,85.0,991.5,32.8,264.0,0.3,1.3199999999999998,openaq_ground,7.222222222222222,Good
2026-08-30 07:00:00,5.0,84.0,991.6,30.9,262.0,0.4,2.06,openaq_ground,11.11111111111111,Good
2026-08-30 08:00:00,5.1,84.0,992.2,32.0,262.0,0.2,1.14,openaq_ground,6.111111111111112,Good
2026-08-30 09:00:00,4.4,83.0,992.2,27.6,272.0,0.2,0.8800000000000001,openaq_ground,4.444444444444445,Good
2026-08-30 10:00:00,4.2,81.0,991.5,24.3,272.0,0.2,1.14,openaq_ground,6.111111111111112,Good
2026-08-30 11:00:00,4.3,79.0,991.6,27.7,271.0,0.2,0.6,openaq_ground,3.333333333333333,Good
2026-08-30 12:00:00,4.0,84.0,991.4,22.9,271.0,0.2,0.04,openaq_ground,0.0,Good
2026-08-30 13:00:00,3.9,84.0,991.2,28.1,269.0,0.2,0.16,openaq_ground,0.5555555555555556,Good
2026-08-30 14:00:00,4.4,84.0,991.2,26.3,266.0,0.2,0.22,openaq_ground,1.1111111111111112,Good
2026-08-30 15:00:00,4.4,84.0,991.1,30.9,264.0,0.2,0.12,openaq_ground,0.5555555555555556,Good
2026-08-30 16:00:00,4.1,85.0,990.9,30.7,266.0,0.3,0.06,openaq_ground,0.0,Good
2026-08-30 17:00:00,4.1,84.0,990.7,31.2,268.0,0.2,0.22,openaq_ground,1.1111111111111112,Good
2026-08-30 18:00:00,3.8,84.0,991.3,30.6,270.0,0.3,0.06,openaq_ground,0.0,Good
2026-08-30 19:00:00,3.5,87.0,991.1,31.1,271.0,0.4,0.24,openaq_ground,1.1111111111111112,Good
2026-08-30 20:00:00,3.9,87.0,991.1,32.4,264.0,0.7,0.4199999999999999,openaq_ground,2.2222222222222223,Good
2026-08-30 21:00:00,3.2,94.0,992.3,31.5,260.0,0.8,0.26,openaq_ground,1.1111111111111112,Good
2026-08-30 22:00:00,3.9,87.0,992.3,33.4,266.0,0.4,0.52,openaq_ground,2.7777777777777777,Good
2026-08-30 23:00:00,4.7,83.0,992.8,35.3,264.0,0.2,0.9333333333333332,openaq_ground,5.0,Good
2026-08-31 00:00:00,4.6,81.0,994.2,31.1,254.0,0.2,3.066666666666667,openaq_ground,16.666666666666664,Good
2026-08-31 01:00:00,3.5,91.0,994.7,24.5,260.0,1.0,1.0166666666666668,openaq_ground,5.555555555555555,Good
2026-08-31 02:00:00,4.2,86.0,994.7,29.7,262.0,0.2,0.7833333333333333,openaq_ground,3.8888888888888884,Good
2026-08-31 03:00:00,4.5,79.0,995.4,34.0,260.0,0.2,1.0833333333333333,openaq_ground,5.555555555555555,Good
2026-08-31 04:00:00,3.8,83.0,996.5,27.8,255.0,0.3,1.45,openaq_ground,7.777777777777777,Good
2026-08-31 05:00:00,3.6,78.0,997.4,29.1,258.0,0.4,2.0,openaq_ground,11.11111111111111,Good
2026-08-31 06:00:00,2.8,84.0,998.7,27.1,258.0,0.1,2.1166666666666667,openaq_ground,11.666666666666666,Good
2026-08-31 07:00:00,2.6,84.0,999.3,27.4,263.0,0.1,1.75,openaq_ground,9.444444444444445,Good
2026-08-31 08:00:00,2.3,83.0,999.8,25.9,264.0,0.1,1.1166666666666667,openaq_ground,6.111111111111112,Good
2026-08-31 09:00:00,2.3,81.0,1000.6,27.7,265.0,0.0,0.5166666666666667,openaq_ground,2.7777777777777777,Good
2026-08-31 10:00:00,2.2,79.0,1001.0,30.7,267.0,0.0,0.4666666666666666,openaq_ground,2.2222222222222223,Good
2026-08-31 11:00:00,2.2,77.0,1001.5,29.4,267.0,0.0,0.4833333333333333,openaq_ground,2.2222222222222223,Good
2026-08-31 12:00:00,1.9,76.0,1002.0,27.9,268.0,0.0,0.3666666666666667,openaq_ground,1.6666666666666665,Good
2026-08-31 13:00:00,2.1,75.0,1003.1,28.7,265.0,0.0,0.1333333333333333,openaq_ground,0.5555555555555556,Good
2026-08-31 14:00:00,2.2,72.0,1003.6,29.2,263.0,0.0,0.25,openaq_ground,1.1111111111111112,Good
2026-08-31 15:00:00,2.0,72.0,1004.0,27.2,264.0,0.0,0.1666666666666666,openaq_ground,0.5555555555555556,Good
2026-08-31 16:00:00,2.4,73.0,1004.3,29.3,262.0,0.0,0.1166666666666666,openaq_ground,0.5555555555555556,Good
2026-08-31 17:00:00,2.5,75.0,1005.0,28.9,262.0,0.0,0.1166666666666666,openaq_ground,0.5555555555555556,Good
2026-08-31 18:00:00,2.6,75.0,1005.3,28.4,262.0,0.0,1.0833333333333333,openaq_ground,5.555555555555555,Good
2026-08-31 19:00:00,3.1,76.0,1005.6,26.8,261.0,0.0,1.9666666666666668,openaq_ground,10.555555555555555,Good
2026-08-31 20:00:00,3.6,76.0,1006.1,26.0,260.0,0.0,0.7000000000000001,openaq_ground,3.8888888888888884,Good
2026-08-31 21:00:00,4.6,76.0,1006.2,25.2,258.0,0.0,0.9833333333333334,openaq_ground,5.0,Good
2026-08-31 22:00:00,5.5,73.0,1005.9,20.0,254.0,0.0,0.8333333333333334,openaq_ground,4.444444444444445,Good
2026-08-31 23:00:00,6.2,72.0,1005.4,20.0,259.0,0.0,2.0,openaq_ground,11.11111111111111,Good
2026-09-01 00:00:00,7.4,67.0,1004.4,12.8,259.0,0.0,1.2333333333333334,openaq_ground,6.666666666666666,Good
2026-09-01 01:00:00,9.0,64.0,1003.9,11.8,259.0,0.0,0.2666666666666666,openaq_ground,1.1111111111111112,Good
2026-09-01 02:00:00,10.1,60.0,1003.0,14.9,259.0,0.0,0.2833333333333334,openaq_ground,1.1111111111111112,Good
2026-09-01 03:00:00,9.9,64.0,1002.7,12.7,258.0,0.0,0.5,openaq_ground,2.7777777777777777,Good
2026-09-01 04:00:00,9.8,65.0,1002.9,22.6,259.0,0.0,1.1666666666666667,openaq_ground,6.111111111111112,Good
2026-09-01 05:00:00,9.6,67.0,1002.8,19.8,254.0,0.0,2.7,openaq_ground,15.0,Good
2026-09-01 06:00:00,9.7,70.0,1002.7,17.5,258.0,0.0,6.75,openaq_ground,37.22222222222222,Good
2026-09-01 07:00:00,9.8,70.0,1003.1,15.0,253.0,0.0,14.15,openaq_ground,60.31558935361217,Moderate
2026-09-01 08:00:00,9.3,72.0,1003.5,13.0,259.0,0.0,21.25,openaq_ground,73.54372623574145,Moderate
2026-09-01 09:00:00,9.2,71.0,1003.8,17.3,268.0,0.1,16.616666666666667,openaq_ground,64.97338403041826,Moderate
2026-09-01 10:00:00,8.5,80.0,1003.7,20.0,278.0,0.8,6.316666666666666,openaq_ground,35.0,Good
2026-09-01 11:00:00,9.1,74.0,1003.4,23.4,283.0,0.1,0.7166666666666667,openaq_ground,3.8888888888888884,Good
2026-09-01 12:00:00,9.0,64.0,1003.0,13.9,295.0,0.0,0.7833333333333333,openaq_ground,3.8888888888888884,Good
2026-09-01 13:00:00,7.9,67.0,1003.4,7.9,286.0,0.0,0.7333333333333334,openaq_ground,3.8888888888888884,Good
2026-09-01 14:00:00,6.7,72.0,1003.3,4.8,285.0,0.0,0.65,openaq_ground,3.333333333333333,Good
2026-09-01 15:00:00,6.2,73.0,1003.0,2.6,326.0,0.0,2.283333333333333,openaq_ground,12.222222222222223,Good
2026-09-01 16:00:00,5.1,78.0,1002.6,5.7,347.0,0.0,1.5166666666666666,openaq_ground,8.333333333333332,Good
2026-09-01 17:00:00,5.4,77.0,1002.6,10.0,346.0,0.0,1.7500000000000002,openaq_ground,9.444444444444445,Good
2026-09-01 18:00:00,4.4,74.0,1002.6,11.9,11.0,0.0,1.7,openaq_ground,9.444444444444445,Good
2026-09-01 19:00:00,5.3,71.0,1002.3,11.0,10.0,0.0,1.9666666666666668,openaq_ground,10.555555555555555,Good
2026-09-01 20:00:00,7.5,65.0,1002.1,11.6,353.0,0.0,4.7,openaq_ground,26.11111111111111,Good
2026-09-01 21:00:00,10.6,60.0,1001.9,12.5,333.0,0.0,1.2666666666666668,openaq_ground,6.666666666666666,Good
2026-09-01 22:00:00,12.4,57.0,1001.4,16.9,325.0,0.0,0.1,openaq_ground,0.5555555555555556,Good
2026-09-01 23:00:00,14.3,54.0,1000.4,13.1,330.0,0.0,0.2833333333333333,openaq_ground,1.1111111111111112,Good
2026-09-02 00:00:00,16.0,47.0,999.3,15.5,359.0,0.0,0.3,openaq_ground,1.6666666666666665,Good
2026-09-02 01:00:00,16.6,48.0,998.3,13.1,344.0,0.0,0.6,openaq_ground,3.333333333333333,Good
2026-09-02 02:00:00,16.7,50.0,997.6,10.6,302.0,0.0,0.45,openaq_ground,2.2222222222222223,Good
2026-09-02 03:00:00,16.9,52.0,997.5,10.9,290.0,0.0,0.1333333333333333,openaq_ground,0.5555555555555556,Good
2026-09-02 04:00:00,16.4,56.0,997.8,13.4,282.0,0.0,0.75,openaq_ground,3.8888888888888884,Good
2026-09-02 05:00:00,15.2,66.0,998.0,6.1,282.0,0.1,3.216666666666667,openaq_ground,17.77777777777778,Good
2026-09-02 06:00:00,14.0,67.0,998.1,3.9,304.0,0.0,11.75,openaq_ground,55.844106463878326,Moderate
2026-09-02 07:00:00,14.2,61.0,998.4,7.0,291.0,0.0,11.066666666666668,openaq_ground,54.539923954372625,Moderate
2026-09-02 08:00:00,13.1,63.0,999.2,7.7,291.0,0.0,3.9166666666666665,openaq_ground,21.666666666666664,Good
2026-09-02 09:00:00,12.0,68.0,999.0,7.8,322.0,0.0,3.4166666666666665,openaq_ground,18.88888888888889,Good
2026-09-02 10:00:00,11.8,69.0,999.5,8.8,329.0,0.0,3.2999999999999994,openaq_ground,17.77777777777778,Good
2026-09-02 11:00:00,11.4,73.0,1000.2,4.7,288.0,0.0,3.083333333333333,openaq_ground,16.666666666666664,Good
2026-09-02 12:00:00,9.2,84.0,1001.3,4.6,252.0,0.1,0.6666666666666666,openaq_ground,3.333333333333333,Good
2026-09-02 13:00:00,9.2,89.0,1001.7,3.5,285.0,0.2,1.2166666666666666,openaq_ground,6.666666666666666,Good
2026-09-02 14:00:00,9.1,89.0,1002.2,2.7,293.0,0.1,1.5666666666666669,openaq_ground,8.333333333333332,Good
2026-09-02 15:00:00,9.1,91.0,1002.3,0.9,307.0,0.1,1.8,openaq_ground,10.0,Good
2026-09-02 16:00:00,9.3,94.0,1002.3,1.7,49.0,0.1,1.0833333333333333,openaq_ground,5.555555555555555,Good
2026-09-02 17:00:00,9.2,96.0,1002.7,4.5,37.0,0.2,0.7000000000000001,openaq_ground,3.8888888888888884,Good
2026-09-02 18:00:00,8.1,95.0,1002.7,6.7,31.0,0.2,0.6833333333333332,openaq_ground,3.333333333333333,Good
2026-09-02 19:00:00,7.7,96.0,1002.8,7.8,34.0,0.0,1.45,openaq_ground,7.777777777777777,Good
2026-09-02 20:00:00,8.3,96.0,1002.7,11.7,36.0,0.0,2.1333333333333333,openaq_ground,11.666666666666666,Good
2026-09-02 21:00:00,10.5,93.0,1002.6,11.8,34.0,0.0,1.3,openaq_ground,7.222222222222222,Good
2026-09-02 22:00:00,12.5,86.0,1002.3,13.3,28.0,0.0,1.5,openaq_ground,8.333333333333332,Good
2026-09-02 23:00:00,14.2,79.0,1002.3,8.9,28.0,0.0,1.7,openaq_ground,9.444444444444445,Good
2026-09-03 00:00:00,16.6,72.0,1000.9,9.8,38.0,0.0,1.5166666666666666,openaq_ground,8.333333333333332,Good
2026-09-03 01:00:00,17.6,72.0,1000.1,9.4,40.0,0.0,1.5,openaq_ground,8.333333333333332,Good
2026-09-03 02:00:00,19.1,60.0,998.7,8.7,8.0,0.0,1.9833333333333332,openaq_ground,10.555555555555555,Good
2026-09-03 03:00:00,19.9,44.0,998.0,12.9,320.0,0.0,1.4333333333333331,openaq_ground,7.777777777777777,Good
2026-09-03 04:00:00,19.6,45.0,997.7,12.6,308.0,0.0,0.5499999999999999,openaq_ground,2.7777777777777777,Good
2026-09-03 05:00:00,18.4,49.0,997.2,10.2,319.0,0.0,1.6,openaq_ground,8.88888888888889,Good
2026-09-03 06:00:00,14.9,64.0,996.5,6.2,22.0,0.0,1.7166666666666668,openaq_ground,9.444444444444445,Good
2026-09-03 07:00:00,14.3,63.0,996.4,11.7,15.0,0.0,1.2833333333333334,openaq_ground,6.666666666666666,Good
2026-09-03 08:00:00,13.4,63.0,996.3,11.7,14.0,0.0,5.4,openaq_ground,30.0,Good
2026-09-03 09:00:00,12.3,66.0,995.5,11.4,13.0,0.0,5.5,openaq_ground,30.555555555555554,Good
2026-09-03 10:00:00,12.0,66.0,994.8,13.6,23.0,0.0,1.7666666666666666,openaq_ground,9.444444444444445,Good
2026-09-03 11:00:00,12.7,62.0,993.5,16.0,27.0,0.0,0.0833333333333333,openaq_ground,0.0,Good
2026-09-03 12:00:00,13.5,55.0,991.6,20.9,24.0,0.0,0.05,openaq_ground,0.0,Good
2026-09-03 13:00:00,13.3,56.0,989.7,19.8,42.0,0.0,0.0166666666666666,openaq_ground,0.0,Good
2026-09-03 14:00:00,13.4,58.0,987.7,21.8,38.0,0.0,0.0,openaq_ground,0.0,Good
2026-09-03 15:00:00,13.1,60.0,985.7,19.7,47.0,0.0,0.0,openaq_ground,0.0,Good
2026-09-03 16:00:00,13.0,60.0,983.8,19.9,34.0,0.0,0.0,openaq_ground,0.0,Good
2026-09-03 17:00:00,12.0,74.0,983.1,11.0,357.0,0.3,0.0,openaq_ground,0.0,Good
2026-09-03 18:00:00,12.0,75.0,983.2,7.6,341.0,0.0,0.0333333333333333,openaq_ground,0.0,Good
2026-09-03 19:00:00,10.0,90.0,984.8,11.8,309.0,1.1,0.2166666666666666,openaq_ground,1.1111111111111112,Good
2026-09-03 20:00:00,8.0,90.0,986.3,27.2,264.0,0.7,0.2833333333333333,openaq_ground,1.1111111111111112,Good
2026-09-03 21:00:00,8.7,82.0,987.0,31.3,260.0,0.2,1.2833333333333334,openaq_ground,6.666666666666666,Good
2026-09-03 22:00:00,9.8,71.0,988.0,26.9,263.0,0.0,0.8333333333333334,openaq_ground,4.444444444444445,Good
2026-09-03 23:00:00,11.2,63.0,988.2,25.7,259.0,0.0,0.25,openaq_ground,1.1111111111111112,Good
2026-09-04 00:00:00,12.6,50.0,988.5,24.8,261.0,0.0,0.1333333333333333,openaq_ground,0.5555555555555556,Good
2026-09-04 01:00:00,12.6,43.0,989.1,31.7,269.0,0.1,1.75,openaq_ground,9.444444444444445,Good
2026-09-04 02:00:00,10.0,66.0,990.5,31.1,264.0,0.5,0.1333333333333333,openaq_ground,0.5555555555555556,Good
2026-09-04 03:00:00,9.6,64.0,991.5,27.4,267.0,0.3,0.0833333333333333,openaq_ground,0.0,Good
2026-09-04 04:00:00,8.9,67.0,992.5,25.2,263.0,0.1,0.1333333333333333,openaq_ground,0.5555555555555556,Good
2026-09-04 05:00:00,8.7,66.0,993.6,26.4,264.0,0.1,0.5499999999999999,openaq_ground,2.7777777777777777,Good
2026-09-04 06:00:00,8.5,59.0,994.2,22.0,272.0,0.2,0.9833333333333332,openaq_ground,5.0,Good
2026-09-04 07:00:00,8.1,56.0,995.7,21.8,271.0,0.0,0.4833333333333333,openaq_ground,2.2222222222222223,Good
2026-09-04 08:00:00,6.8,67.0,997.2,24.0,275.0,0.1,0.4666666666666667,openaq_ground,2.2222222222222223,Good
2026-09-04 09:00:00,6.3,73.0,998.2,22.0,268.0,0.2,0.3999999999999999,openaq_ground,1.6666666666666665,Good
2026-09-04 10:00:00,6.5,70.0,999.1,22.8,265.0,0.1,0.2166666666666666,openaq_ground,1.1111111111111112,Good
2026-09-04 11:00:00,6.7,66.0,1000.0,25.2,270.0,0.0,0.0166666666666666,openaq_ground,0.0,Good
2026-09-04 12:00:00,6.4,65.0,1000.4,19.4,280.0,0.0,0.0333333333333333,openaq_ground,0.0,Good
2026-09-04 13:00:00,7.4,53.0,1000.5,23.8,280.0,0.0,0.1666666666666666,openaq_ground,0.5555555555555556,Good
2026-09-04 14:00:00,7.4,51.0,1001.0,18.4,279.0,0.0,0.0833333333333333,openaq_ground,0.0,Good
2026-09-04 15:00:00,7.1,54.0,1001.1,12.7,285.0,0.0,0.0333333333333333,openaq_ground,0.0,Good
2026-09-04 16:00:00,6.8,57.0,1000.9,12.8,308.0,0.0,0.2166666666666666,openaq_ground,1.1111111111111112,Good
2026-09-04 17:00:00,6.5,60.0,1001.3,13.4,333.0,0.0,0.0333333333333333,openaq_ground,0.0,Good
2026-09-04 18:00:00,5.2,62.0,1001.1,12.0,21.0,0.0,0.1666666666666666,openaq_ground,0.5555555555555556,Good
2026-09-04 19:00:00,5.7,60.0,1000.6,10.9,12.0,0.0,0.0166666666666666,openaq_ground,0.0,Good
2026-09-04 20:00:00,7.4,58.0,1000.0,11.4,357.0,0.0,0.05,openaq_ground,0.0,Good
2026-09-04 21:00:00,9.8,56.0,1000.0,11.9,340.0,0.0,0.1166666666666666,openaq_ground,0.5555555555555556,Good
2026-09-04 22:00:00,12.1,51.0,999.3,11.0,330.0,0.0,0.0,openaq_ground,0.0,Good
2026-09-04 23:00:00,13.2,50.0,998.4,15.4,317.0,0.0,0.1333333333333333,openaq_ground,0.5555555555555556,Good
2026-09-05 00:00:00,15.0,46.0,998.0,14.4,323.0,0.0,0.0166666666666666,openaq_ground,0.0,Good
2026-09-05 01:00:00,15.9,43.0,996.8,18.6,302.0,0.0,0.0999999999999999,openaq_ground,0.0,Good
2026-09-05 02:00:00,15.3,49.0,995.8,24.1,282.0,0.5,0.0499999999999999,openaq_ground,0.0,Good
2026-09-05 03:00:00,15.2,46.0,995.5,24.0,278.0,0.0,0.0,openaq_ground,0.0,Good
2026-09-05 04:00:00,14.6,43.0,995.6,23.8,278.0,0.0,0.25,openaq_ground,1.1111111111111112,Good
2026-09-05 05:00:00,13.5,43.0,996.1,23.8,280.0,0.0,0.0999999999999999,openaq_ground,0.0,Good
2026-09-05 06:00:00,12.4,45.0,996.1,17.9,283.0,0.0,0.6,openaq_ground,3.333333333333333,Good
2026-09-05 07:00:00,11.5,42.0,997.0,16.4,279.0,0.0,0.9833333333333332,openaq_ground,5.0,Good
2026-09-05 08:00:00,10.7,45.0,998.2,13.7,269.0,0.0,0.9666666666666668,openaq_ground,5.0,Good
2026-09-05 09:00:00,9.6,56.0,999.8,16.2,241.0,0.0,0.5666666666666667,openaq_ground,2.7777777777777777,Good
2026-09-05 10:00:00,8.4,78.0,1000.9,22.0,246.0,0.3,0.3666666666666667,openaq_ground,1.6666666666666665,Good
2026-09-05 11:00:00,7.9,84.0,1001.9,21.1,256.0,0.3,0.1333333333333333,openaq_ground,0.5555555555555556,Good
2026-09-05 12:00:00,7.4,84.0,1002.3,16.2,247.0,0.1,0.0166666666666666,openaq_ground,0.0,Good
2026-09-05 13:00:00,7.3,86.0,1002.4,12.6,253.0,0.1,0.05,openaq_ground,0.0,Good
2026-09-05 14:00:00,7.3,86.0,1002.5,10.4,256.0,0.0,0.0666666666666666,openaq_ground,0.0,Good
2026-09-05 15:00:00,7.5,84.0,1002.6,9.8,253.0,0.0,0.35,openaq_ground,1.6666666666666665,Good
2026-09-05 16:00:00,7.4,85.0,1002.7,6.3,267.0,0.0,0.5,openaq_ground,2.7777777777777777,Good
2026-09-05 17:00:00,7.5,85.0,1002.9,3.5,294.0,0.0,0.7666666666666666,openaq_ground,3.8888888888888884,Good
2026-09-05 18:00:00,7.2,82.0,1003.3,3.9,223.0,0.0,0.8833333333333334,openaq_ground,4.444444444444445,Good
2026-09-05 19:00:00,7.2,83.0,1002.9,2.8,235.0,0.0,1.1833333333333331,openaq_ground,6.111111111111112,Good
2026-09-05 20:00:00,7.2,85.0,1003.3,1.8,307.0,0.1,1.5166666666666666,openaq_ground,8.333333333333332,Good
2026-09-05 21:00:00,7.3,87.0,1003.6,4.7,16.0,0.3,1.15,openaq_ground,6.111111111111112,Good
2026-09-05 22:00:00,7.5,91.0,1003.3,4.8,29.0,0.6,1.7333333333333334,openaq_ground,9.444444444444445,Good
2026-09-05 23:00:00,7.5,91.0,1003.2,4.2,80.0,0.6,3.483333333333333,openaq_ground,18.88888888888889,Good
2026-09-06 00:00:00,7.3,92.0,1003.1,6.6,123.0,0.9,3.683333333333333,openaq_ground,20.0,Good
2026-09-06 01:00:00,6.9,94.0,1002.6,9.3,99.0,1.4,3.25,openaq_ground,17.77777777777778,Good
2026-09-06 02:00:00,6.6,93.0,1002.3,10.8,87.0,1.0,3.4333333333333336,openaq_ground,18.88888888888889,Good
2026-09-06 03:00:00,6.5,93.0,1002.2,10.5,114.0,0.5,3.466666666666667,openaq_ground,18.88888888888889,Good
2026-09-06 04:00:00,6.5,93.0,1002.7,9.3,127.0,0.5,5.8,openaq_ground,32.22222222222222,Good
2026-09-06 05:00:00,6.3,96.0,1003.4,6.5,118.0,0.6,6.683333333333334,openaq_ground,36.666666666666664,Good
2026-09-06 06:00:00,6.0,96.0,1004.0,4.5,95.0,0.6,7.6,openaq_ground,42.22222222222222,Good
2026-09-06 07:00:00,5.9,96.0,1004.7,3.4,47.0,0.7,6.55,openaq_ground,36.11111111111111,Good
2026-09-06 08:00:00,6.0,95.0,1004.8,0.6,342.0,0.2,5.383333333333333,openaq_ground,29.444444444444443,Good
2026-09-06 09:00:00,5.4,96.0,1005.2,2.0,297.0,0.0,9.966666666666669,openaq_ground,52.49049429657795,Moderate
2026-09-06 10:00:00,4.5,98.0,1005.7,3.2,317.0,0.0,12.633333333333333,openaq_ground,57.52091254752852,Moderate
2026-09-06 11:00:00,3.7,97.0,1006.3,4.0,324.0,0.0,9.016666666666667,openaq_ground,50.0,Good
2026-09-06 12:00:00,3.9,97.0,1006.7,3.1,291.0,0.0,4.1000000000000005,openaq_ground,22.777777777777775,Good
2026-09-06 13:00:00,3.4,97.0,1006.7,3.4,302.0,0.0,2.466666666666667,openaq_ground,13.333333333333332,Good
2026-09-06 14:00:00,3.1,96.0,1007.0,3.9,294.0,0.0,1.0666666666666669,openaq_ground,5.555555555555555,Good
2026-09-06 15:00:00,2.8,97.0,1007.2,4.8,307.0,0.0,1.1833333333333331,openaq_ground,6.111111111111112,Good
2026-09-06 16:00:00,2.4,97.0,1007.3,5.9,322.0,0.0,0.5499999999999999,openaq_ground,2.7777777777777777,Good
2026-09-06 17:00:00,2.3,97.0,1007.6,6.4,328.0,0.0,0.7166666666666667,openaq_ground,3.8888888888888884,Good
2026-09-06 18:00:00,2.4,98.0,1007.8,5.9,329.0,0.0,0.7166666666666667,openaq_ground,3.8888888888888884,Good
2026-09-06 19:00:00,2.3,98.0,1008.2,6.0,335.0,0.0,4.566666666666667,openaq_ground,25.0,Good
2026-09-06 20:00:00,3.4,98.0,1008.7,6.0,333.0,0.0,4.466666666666667,openaq_ground,24.444444444444446,Good
2026-09-06 21:00:00,5.1,99.0,1009.1,3.7,313.0,0.0,1.45,openaq_ground,7.777777777777777,Good
2026-09-06 22:00:00,6.2,92.0,1009.1,3.9,68.0,0.3,1.7499999999999998,openaq_ground,9.444444444444445,Good
2026-09-06 23:00:00,6.9,84.0,1009.0,8.7,68.0,0.1,0.75,openaq_ground,3.8888888888888884,Good
2026-09-07 00:00:00,7.6,77.0,1008.4,11.9,60.0,0.4,0.3666666666666667,openaq_ground,1.6666666666666665,Good
2026-09-07 01:00:00,8.0,71.0,1008.0,13.8,57.0,0.1,0.3,openaq_ground,1.6666666666666665,Good
2026-09-07 02:00:00,8.1,71.0,1007.1,16.1,54.0,0.1,0.5499999999999999,openaq_ground,2.7777777777777777,Good
2026-09-07 03:00:00,7.9,72.0,1006.3,18.6,49.0,0.0,0.3166666666666666,openaq_ground,1.6666666666666665,Good
2026-09-07 04:00:00,7.7,73.0,1005.9,18.9,43.0,0.0,0.5499999999999999,openaq_ground,2.7777777777777777,Good
2026-09-07 05:00:00,7.1,80.0,1005.7,18.4,49.0,0.0,1.85,openaq_ground,10.0,Good
2026-09-07 06:00:00,6.7,83.0,1005.3,18.6,48.0,0.0,1.9,openaq_ground,10.555555555555555,Good
2026-09-07 07:00:00,6.6,82.0,1005.2,19.2,45.0,0.0,1.4666666666666668,openaq_ground,7.777777777777777,Good
2026-09-07 08:00:00,6.9,78.0,1004.9,20.6,36.0,0.0,1.8333333333333333,openaq_ground,10.0,Good
2026-09-07 09:00:00,6.4,78.0,1004.7,21.1,33.0,0.0,1.2833333333333334,openaq_ground,6.666666666666666,Good
2026-09-07 10:00:00,6.0,80.0,1004.6,19.3,32.0,0.0,0.7833333333333333,openaq_ground,3.8888888888888884,Good
2026-09-07 11:00:00,5.6,81.0,1004.3,17.4,27.0,0.0,1.0833333333333333,openaq_ground,5.555555555555555,Good
2026-09-07 12:00:00,5.1,83.0,1004.0,14.4,22.0,0.0,2.0,openaq_ground,11.11111111111111,Good
2026-09-07 13:00:00,4.8,84.0,1004.0,10.9,9.0,0.0,2.283333333333333,openaq_ground,12.222222222222223,Good
2026-09-07 14:00:00,4.1,86.0,1004.6,8.4,350.0,0.0,2.766666666666667,openaq_ground,15.0,Good
2026-09-07 15:00:00,3.5,88.0,1004.5,7.4,338.0,0.0,2.3000000000000003,openaq_ground,12.777777777777777,Good
2026-09-07 16:00:00,3.0,90.0,1004.5,6.4,335.0,0.0,2.0333333333333337,openaq_ground,11.11111111111111,Good
2026-09-07 17:00:00,3.0,89.0,1005.0,6.3,340.0,0.0,2.083333333333333,openaq_ground,11.11111111111111,Good
2026-09-07 18:00:00,1.3,93.0,1005.2,5.2,348.0,0.0,3.333333333333333,openaq_ground,18.333333333333332,Good
2026-09-07 19:00:00,0.7,96.0,1005.5,2.7,352.0,0.0,6.766666666666667,openaq_ground,37.22222222222222,Good
2026-09-07 20:00:00,2.1,94.0,1006.4,1.5,353.0,0.0,4.383333333333334,openaq_ground,23.888888888888886,Good
2026-09-07 21:00:00,6.0,85.0,1007.6,4.0,288.0,0.0,3.066666666666667,openaq_ground,16.666666666666664,Good
2026-09-07 22:00:00,7.4,77.0,1008.3,4.8,239.0,0.0,2.583333333333333,openaq_ground,13.88888888888889,Good
2026-09-07 23:00:00,8.6,71.0,1008.3,4.9,231.0,0.0,2.283333333333333,openaq_ground,12.222222222222223,Good
2026-09-08 00:00:00,9.4,68.0,1008.4,6.3,195.0,0.0,0.9333333333333332,openaq_ground,5.0,Good
2026-09-08 01:00:00,9.8,67.0,1008.3,4.9,204.0,0.0,0.8833333333333334,openaq_ground,4.444444444444445,Good
2026-09-08 02:00:00,10.1,67.0,1007.8,3.1,204.0,0.0,1.3833333333333335,openaq_ground,7.222222222222222,Good
2026-09-08 03:00:00,10.6,68.0,1007.8,5.1,141.0,0.0,1.15,openaq_ground,6.111111111111112,Good
2026-09-08 04:00:00,10.3,70.0,1007.9,7.2,122.0,0.0,1.1,openaq_ground,6.111111111111112,Good
2026-09-08 05:00:00,9.5,75.0,1008.2,7.8,95.0,0.0,2.0,openaq_ground,11.11111111111111,Good
2026-09-08 06:00:00,7.9,85.0,1008.5,4.2,72.0,0.0,4.033333333333333,openaq_ground,22.22222222222222,Good
2026-09-08 07:00:00,6.2,90.0,1009.0,4.0,27.0,0.0,10.933333333333332,openaq_ground,54.35361216730038,Moderate
2026-09-08 08:00:00,5.5,92.0,1009.2,9.2,3.0,0.0,15.1,openaq_ground,62.1787072243346,Moderate
2026-09-08 09:00:00,5.0,92.0,1009.1,10.4,359.0,0.0,17.6,openaq_ground,66.83650190114069,Moderate
2026-09-08 10:00:00,4.7,93.0,1009.0,10.3,357.0,0.0,17.01666666666667,openaq_ground,65.71863117870723,Moderate
2026-09-08 11:00:00,4.5,92.0,1008.5,10.5,354.0,0.0,14.550000000000002,openaq_ground,61.06083650190114,Moderate
2026-09-08 12:00:00,3.6,93.0,1008.3,10.7,351.0,0.0,11.416666666666666,openaq_ground,55.2851711026616,Moderate
2026-09-08 13:00:00,3.3,94.0,1007.9,10.8,350.0,0.0,4.883333333333334,openaq_ground,26.666666666666664,Good
2026-09-08 14:00:00,2.9,96.0,1007.5,10.2,353.0,0.0,2.6666666666666665,openaq_ground,14.444444444444445,Good
2026-09-08 15:00:00,2.9,96.0,1006.4,10.4,358.0,0.0,2.4333333333333336,openaq_ground,13.333333333333332,Good
2026-09-08 16:00:00,2.8,96.0,1005.8,9.4,348.0,0.0,2.2666666666666666,openaq_ground,12.222222222222223,Good
2026-09-08 17:00:00,2.4,95.0,1005.7,8.3,338.0,0.0,2.583333333333333,openaq_ground,13.88888888888889,Good
2026-09-08 18:00:00,0.9,98.0,1005.8,9.9,348.0,0.0,3.2,openaq_ground,17.77777777777778,Good
2026-09-08 19:00:00,0.7,99.0,1005.5,7.2,338.0,0.0,4.1000000000000005,openaq_ground,22.777777777777775,Good
2026-09-08 20:00:00,2.0,96.0,1005.5,6.6,344.0,0.0,5.583333333333333,openaq_ground,30.555555555555554,Good
2026-09-08 21:00:00,5.4,91.0,1005.4,5.7,332.0,0.0,4.866666666666666,openaq_ground,26.666666666666664,Good
2026-09-08 22:00:00,8.7,79.0,1005.0,2.5,274.0,0.0,2.8166666666666664,openaq_ground,15.555555555555554,Good
2026-09-08 23:00:00,10.8,67.0,1003.8,2.3,141.0,0.0,2.5500000000000003,openaq_ground,13.88888888888889,Good
2026-09-09 00:00:00,13.9,61.0,1002.1,5.4,88.0,0.0,2.65,openaq_ground,14.444444444444445,Good
2026-09-09 01:00:00,14.2,67.0,1001.4,4.6,103.0,0.0,2.716666666666667,openaq_ground,15.0,Good
2026-09-09 02:00:00,14.8,68.0,999.8,4.7,74.0,0.0,2.9,openaq_ground,16.11111111111111,Good
2026-09-09 03:00:00,14.9,69.0,999.0,4.0,80.0,0.0,4.4,openaq_ground,24.444444444444446,Good
2026-09-09 04:00:00,12.9,77.0,999.0,4.8,124.0,0.0,5.533333333333332,openaq_ground,30.555555555555554,Good
2026-09-09 05:00:00,12.1,83.0,998.1,2.2,76.0,0.1,7.333333333333333,openaq_ground,40.55555555555555,Good
2026-09-09 06:00:00,11.7,84.0,996.8,6.5,28.0,0.1,12.616666666666667,openaq_ground,57.52091254752852,Moderate
2026-09-09 07:00:00,11.0,82.0,996.6,4.4,339.0,0.0,12.55,openaq_ground,57.334600760456276,Moderate
2026-09-09 08:00:00,10.5,70.0,997.4,12.4,248.0,0.0,2.183333333333333,openaq_ground,11.666666666666666,Good
2026-09-09 09:00:00,8.9,82.0,998.9,22.8,232.0,0.2,1.3166666666666669,openaq_ground,7.222222222222222,Good
2026-09-09 10:00:00,6.9,88.0,999.6,19.6,236.0,0.2,0.2166666666666666,openaq_ground,1.1111111111111112,Good
2026-09-09 11:00:00,5.1,93.0,1000.3,21.2,243.0,0.3,0.0666666666666666,openaq_ground,0.0,Good
2026-09-09 12:00:00,4.5,97.0,1000.5,14.4,247.0,1.6,0.0,openaq_ground,0.0,Good
2026-09-09 13:00:00,3.8,97.0,1000.6,14.1,266.0,0.9,0.0,openaq_ground,0.0,Good
2026-09-09 14:00:00,3.9,96.0,1000.5,10.4,285.0,0.3,0.0,openaq_ground,0.0,Good
2026-09-09 15:00:00,4.0,94.0,1000.4,10.7,275.0,0.2,0.0,openaq_ground,0.0,Good
2026-09-09 16:00:00,3.9,93.0,1000.5,8.8,281.0,0.1,0.0333333333333333,openaq_ground,0.0,Good
2026-09-09 17:00:00,3.9,91.0,1000.7,7.4,292.0,0.0,0.0166666666666666,openaq_ground,0.0,Good
2026-09-09 18:00:00,3.4,89.0,1001.7,9.7,289.0,0.0,0.9333333333333336,openaq_ground,5.0,Good
2026-09-09 19:00:00,3.7,86.0,1002.4,14.0,269.0,0.0,6.416666666666665,openaq_ground,35.55555555555556,Good
2026-09-09 20:00:00,4.5,85.0,1003.1,15.0,266.0,0.0,0.2,openaq_ground,1.1111111111111112,Good
2026-09-09 21:00:00,6.0,81.0,1003.8,16.0,253.0,0.0,0.7166666666666667,openaq_ground,3.8888888888888884,Good
2026-09-09 22:00:00,7.2,70.0,1004.5,23.7,251.0,0.0,1.3333333333333333,openaq_ground,7.222222222222222,Good
2026-09-09 23:00:00,8.0,64.0,1004.8,24.4,245.0,0.0,0.0333333333333333,openaq_ground,0.0,Good
2026-09-10 00:00:00,8.5,63.0,1005.0,24.9,237.0,0.1,0.3833333333333333,openaq_ground,1.6666666666666665,Good
2026-09-10 01:00:00,8.4,62.0,1005.4,24.8,232.0,0.2,0.5166666666666666,openaq_ground,2.7777777777777777,Good
2026-09-10 02:00:00,7.6,70.0,1005.5,22.0,234.0,0.4,1.05,openaq_ground,5.555555555555555,Good
2026-09-10 03:00:00,8.4,64.0,1005.3,19.4,237.0,0.2,1.5,openaq_ground,8.333333333333332,Good
2026-09-10 04:00:00,7.9,65.0,1005.9,19.5,242.0,0.2,1.6833333333333331,openaq_ground,8.88888888888889,Good
2026-09-10 05:00:00,7.4,68.0,1006.4,18.7,248.0,0.1,3.3166666666666664,openaq_ground,18.333333333333332,Good
2026-09-10 06:00:00,6.5,74.0,1006.3,13.7,272.0,0.0,3.75,openaq_ground,20.555555555555557,Good
2026-09-10 07:00:00,5.8,76.0,1007.1,14.1,281.0,0.0,2.15,openaq_ground,11.666666666666666,Good
2026-09-10 08:00:00,4.9,80.0,1007.0,11.0,304.0,0.0,1.6166666666666665,openaq_ground,8.88888888888889,Good
2026-09-10 09:00:00,4.3,81.0,1006.5,9.4,315.0,0.0,1.0333333333333334,openaq_ground,5.555555555555555,Good
2026-09-10 10:00:00,4.0,80.0,1006.1,9.7,326.0,0.0,0.6666666666666666,openaq_ground,3.333333333333333,Good
2026-09-10 11:00:00,4.5,75.0,1005.8,12.1,312.0,0.0,0.5,openaq_ground,2.7777777777777777,Good
2026-09-10 12:00:00,5.1,71.0,1004.1,17.3,329.0,0.0,0.1666666666666666,openaq_ground,0.5555555555555556,Good
2026-09-10 13:00:00,5.0,67.0,1002.7,18.6,338.0,0.0,0.0166666666666666,openaq_ground,0.0,Good
2026-09-10 14:00:00,5.4,63.0,1001.3,17.1,339.0,0.0,0.0,openaq_ground,0.0,Good
2026-09-10 15:00:00,5.4,62.0,1000.0,14.7,332.0,0.0,0.0,openaq_ground,0.0,Good
2026-09-10 16:00:00,4.5,64.0,999.1,10.7,343.0,0.0,0.0833333333333333,openaq_ground,0.0,Good
2026-09-10 17:00:00,4.2,64.0,999.0,8.9,352.0,0.0,0.0666666666666666,openaq_ground,0.0,Good
2026-09-10 18:00:00,4.6,62.0,998.0,11.7,360.0,0.0,0.0999999999999999,openaq_ground,0.0,Good
2026-09-10 19:00:00,5.4,62.0,997.9,8.7,355.0,0.0,0.3333333333333333,openaq_ground,1.6666666666666665,Good
2026-09-10 20:00:00,7.1,63.0,998.0,10.3,349.0,0.0,0.0333333333333333,openaq_ground,0.0,Good
2026-09-10 21:00:00,10.4,58.0,997.6,17.9,294.0,0.0,0.0166666666666666,openaq_ground,0.0,Good
2026-09-10 22:00:00,11.8,59.0,997.3,19.4,271.0,0.0,0.05,openaq_ground,0.0,Good
2026-09-10 23:00:00,11.8,58.0,996.9,23.1,268.0,0.0,0.1666666666666666,openaq_ground,0.5555555555555556,Good
2026-09-11 00:00:00,13.2,56.0,996.1,30.2,261.0,0.0,0.0666666666666666,openaq_ground,0.0,Good
2026-09-11 01:00:00,12.2,62.0,995.9,30.0,258.0,0.1,0.0166666666666666,openaq_ground,0.0,Good
2026-09-11 02:00:00,11.0,71.0,995.6,27.7,242.0,0.2,0.0833333333333333,openaq_ground,0.0,Good
2026-09-11 03:00:00,9.2,78.0,996.7,34.9,244.0,0.6,0.7333333333333334,openaq_ground,3.8888888888888884,Good
2026-09-11 04:00:00,8.0,82.0,997.3,33.3,245.0,0.4,2.0500000000000003,openaq_ground,11.11111111111111,Good
2026-09-11 05:00:00,7.6,76.0,998.0,30.6,250.0,0.1,2.5666666666666664,openaq_ground,13.88888888888889,Good
2026-09-11 06:00:00,8.1,66.0,997.9,31.0,249.0,0.0,3.333333333333333,openaq_ground,18.333333333333332,Good
2026-09-11 07:00:00,7.4,66.0,998.1,28.1,253.0,0.0,2.95,openaq_ground,16.11111111111111,Good
2026-09-11 08:00:00,7.1,67.0,998.5,30.1,253.0,0.0,1.2333333333333334,openaq_ground,6.666666666666666,Good
2026-09-11 09:00:00,6.9,66.0,998.2,32.5,256.0,0.0,0.8333333333333334,openaq_ground,4.444444444444445,Good
2026-09-11 10:00:00,6.6,66.0,998.6,33.9,256.0,0.0,0.9,openaq_ground,5.0,Good
2026-09-11 11:00:00,6.2,69.0,999.8,36.8,256.0,0.1,0.1833333333333333,openaq_ground,0.5555555555555556,Good
2026-09-11 12:00:00,5.1,80.0,1000.7,31.2,265.0,0.5,0.2166666666666666,openaq_ground,1.1111111111111112,Good
2026-09-11 13:00:00,5.1,82.0,1001.4,32.8,267.0,0.2,1.05,openaq_ground,5.555555555555555,Good
2026-09-11 14:00:00,4.8,79.0,1002.2,33.0,262.0,0.1,1.0166666666666666,openaq_ground,5.555555555555555,Good
2026-09-11 15:00:00,4.5,77.0,1002.8,33.1,262.0,0.0,1.1,openaq_ground,6.111111111111112,Good
2026-09-11 16:00:00,4.2,80.0,1003.6,30.7,262.0,0.0,1.8333333333333333,openaq_ground,10.0,Good
2026-09-11 17:00:00,4.4,80.0,1004.7,30.8,260.0,0.0,1.3666666666666665,openaq_ground,7.222222222222222,Good
2026-09-11 18:00:00,4.7,80.0,1005.4,29.0,259.0,0.0,0.6333333333333333,openaq_ground,3.333333333333333,Good
2026-09-11 19:00:00,5.2,79.0,1006.0,28.6,256.0,0.0,0.8833333333333333,openaq_ground,4.444444444444445,Good
2026-09-11 20:00:00,5.7,78.0,1006.8,29.9,256.0,0.0,0.6666666666666666,openaq_ground,3.333333333333333,Good
2026-09-11 21:00:00,6.4,77.0,1007.0,25.1,255.0,0.0,0.65,openaq_ground,3.333333333333333,Good
2026-09-11 22:00:00,7.3,73.0,1007.3,26.2,252.0,0.0,0.7999999999999999,openaq_ground,3.8888888888888884,Good
2026-09-11 23:00:00,8.3,66.0,1007.2,31.6,250.0,0.0,0.9,openaq_ground,5.0,Good
2026-09-12 00:00:00,9.3,61.0,1006.8,25.2,252.0,0.0,0.4333333333333333,openaq_ground,2.2222222222222223,Good
2026-09-12 01:00:00,10.5,53.0,1006.0,28.1,254.0,0.0,0.25,openaq_ground,1.1111111111111112,Good
2026-09-12 02:00:00,10.7,51.0,1005.2,26.2,266.0,0.0,0.1666666666666666,openaq_ground,0.5555555555555556,Good
2026-09-12 03:00:00,11.1,52.0,1004.3,25.0,268.0,0.0,0.2333333333333333,openaq_ground,1.1111111111111112,Good
2026-09-12 04:00:00,11.3,51.0,1004.2,23.7,265.0,0.0,0.4833333333333333,openaq_ground,2.2222222222222223,Good
2026-09-12 05:00:00,10.9,56.0,1004.1,20.4,272.0,0.0,0.8833333333333333,openaq_ground,4.444444444444445,Good
2026-09-12 06:00:00,10.5,55.0,1003.1,17.3,285.0,0.0,0.95,openaq_ground,5.0,Good
2026-09-12 07:00:00,10.3,55.0,1002.8,13.3,293.0,0.0,0.4666666666666667,openaq_ground,2.2222222222222223,Good
2026-09-12 08:00:00,10.7,54.0,1002.5,19.1,282.0,0.0,0.4833333333333333,openaq_ground,2.2222222222222223,Good
2026-09-12 09:00:00,10.2,60.0,1002.1,22.4,266.0,0.0,0.3333333333333333,openaq_ground,1.6666666666666665,Good
2026-09-12 10:00:00,10.0,65.0,1002.5,26.9,263.0,0.0,0.1999999999999999,openaq_ground,0.5555555555555556,Good
2026-09-12 11:00:00,9.7,70.0,1002.8,32.9,262.0,0.2,0.0333333333333333,openaq_ground,0.0,Good
2026-09-12 12:00:00,8.8,75.0,1003.4,33.5,264.0,0.2,0.0,openaq_ground,0.0,Good
2026-09-12 13:00:00,9.3,76.0,1003.9,32.7,255.0,0.1,0.0,openaq_ground,0.0,Good
2026-09-12 14:00:00,8.9,80.0,1005.0,31.7,254.0,0.1,0.0999999999999999,openaq_ground,0.0,Good
2026-09-12 15:00:00,8.6,84.0,1005.9,29.8,249.0,0.0,0.2666666666666666,openaq_ground,1.1111111111111112,Good
2026-09-12 16:00:00,8.3,86.0,1006.9,28.9,244.0,0.1,0.1833333333333333,openaq_ground,0.5555555555555556,Good
2026-09-12 17:00:00,7.8,87.0,1008.4,26.0,238.0,0.7,0.6166666666666667,openaq_ground,3.333333333333333,Good
2026-09-12 18:00:00,7.9,87.0,1009.5,23.7,239.0,0.2,1.2833333333333334,openaq_ground,6.666666666666666,Good
2026-09-12 19:00:00,8.0,81.0,1010.8,22.7,241.0,0.0,1.3333333333333333,openaq_ground,7.222222222222222,Good
2026-09-12 20:00:00,8.3,78.0,1011.6,21.9,238.0,0.0,1.2166666666666668,openaq_ground,6.666666666666666,Good
2026-09-12 21:00:00,8.9,77.0,1012.5,18.7,235.0,0.0,1.1666666666666667,openaq_ground,6.111111111111112,Good
2026-09-12 22:00:00,9.7,75.0,1013.1,19.7,232.0,0.0,1.0166666666666668,openaq_ground,5.555555555555555,Good
2026-09-12 23:00:00,10.5,69.0,1013.7,25.8,240.0,0.2,0.7833333333333333,openaq_ground,3.8888888888888884,Good
2026-09-13 00:00:00,12.1,59.0,1013.5,27.7,243.0,0.2,0.4333333333333333,openaq_ground,2.2222222222222223,Good
2026-09-13 01:00:00,12.5,57.0,1013.5,27.5,246.0,0.0,0.2166666666666666,openaq_ground,1.1111111111111112,Good
2026-09-13 02:00:00,12.9,52.0,1013.6,27.4,245.0,0.0,0.0833333333333333,openaq_ground,0.0,Good
2026-09-13 03:00:00,12.7,55.0,1013.7,27.3,244.0,0.0,0.1166666666666666,openaq_ground,0.5555555555555556,Good
2026-09-13 04:00:00,12.3,60.0,1014.2,23.0,245.0,0.0,0.5166666666666667,openaq_ground,2.7777777777777777,Good
2026-09-13 05:00:00,11.7,67.0,1014.4,16.7,245.0,0.0,0.7833333333333333,openaq_ground,3.8888888888888884,Good
2026-09-13 06:00:00,11.2,71.0,1014.6,14.9,259.0,0.0,1.7833333333333332,openaq_ground,9.444444444444445,Good
2026-09-13 07:00:00,10.8,75.0,1015.0,15.2,265.0,0.1,1.4333333333333331,openaq_ground,7.777777777777777,Good
2026-09-13 08:00:00,10.1,78.0,1015.6,15.3,267.0,0.0,0.9833333333333334,openaq_ground,5.0,Good
2026-09-13 09:00:00,9.7,82.0,1016.2,14.7,262.0,0.0,0.4333333333333333,openaq_ground,2.2222222222222223,Good
2026-09-13 10:00:00,9.6,83.0,1016.5,13.8,255.0,0.0,0.5333333333333333,openaq_ground,2.7777777777777777,Good
2026-09-13 11:00:00,9.5,81.0,1017.1,14.2,261.0,0.0,0.5666666666666667,openaq_ground,2.7777777777777777,Good
2026-09-13 12:00:00,9.3,78.0,1017.2,12.7,262.0,0.0,0.4166666666666667,openaq_ground,2.2222222222222223,Good
2026-09-13 13:00:00,8.7,77.0,1017.5,11.8,263.0,0.0,0.2833333333333334,openaq_ground,1.1111111111111112,Good
2026-09-13 14:00:00,8.6,75.0,1017.6,11.6,278.0,0.0,0.2166666666666666,openaq_ground,1.1111111111111112,Good
2026-09-13 15:00:00,9.1,72.0,1017.5,11.7,285.0,0.0,0.1833333333333333,openaq_ground,0.5555555555555556,Good
2026-09-13 16:00:00,8.4,78.0,1017.3,6.7,308.0,0.0,0.0666666666666666,openaq_ground,0.0,Good
2026-09-13 17:00:00,7.6,82.0,1017.5,5.7,342.0,0.0,0.05,openaq_ground,0.0,Good
2026-09-13 18:00:00,6.5,85.0,1018.1,7.2,1.0,0.0,0.3999999999999999,openaq_ground,1.6666666666666665,Good
2026-09-13 19:00:00,6.9,83.0,1018.1,6.5,360.0,0.0,2.4166666666666665,openaq_ground,13.333333333333332,Good
2026-09-13 20:00:00,8.5,82.0,1018.5,6.3,2.0,0.0,2.6166666666666667,openaq_ground,14.444444444444445,Good
2026-09-13 21:00:00,11.8,75.0,1018.6,5.6,7.0,0.0,1.2166666666666666,openaq_ground,6.666666666666666,Good
2026-09-13 22:00:00,14.1,59.0,1018.7,3.9,13.0,0.0,0.35,openaq_ground,1.6666666666666665,Good
2026-09-13 23:00:00,15.5,52.0,1018.3,3.1,31.0,0.0,0.1333333333333333,openaq_ground,0.5555555555555556,Good
2026-09-14 00:00:00,16.8,41.0,1017.9,3.3,49.0,0.0,0.0833333333333333,openaq_ground,0.0,Good
2026-09-14 01:00:00,17.4,40.0,1017.5,2.8,45.0,0.0,0.25,openaq_ground,1.1111111111111112,Good
2026-09-14 02:00:00,17.9,41.0,1017.0,3.4,58.0,0.0,2.466666666666667,openaq_ground,13.333333333333332,Good
2026-09-14 03:00:00,17.6,48.0,1016.8,4.4,78.0,0.0,12.166666666666666,openaq_ground,56.5893536121673,Moderate
2026-09-14 04:00:00,16.6,58.0,1016.8,5.4,120.0,0.0,6.233333333333333,openaq_ground,34.44444444444444,Good
2026-09-14 05:00:00,14.8,71.0,1017.2,4.6,111.0,0.0,5.416666666666667,openaq_ground,30.0,Good
2026-09-14 06:00:00,12.6,86.0,1017.4,1.9,49.0,0.0,8.133333333333335,openaq_ground,44.99999999999999,Good
2026-09-14 07:00:00,11.4,86.0,1017.6,0.7,346.0,0.0,13.266666666666666,openaq_ground,58.638783269961976,Moderate
2026-09-14 08:00:00,11.8,72.0,1018.0,1.5,194.0,0.0,14.783333333333331,openaq_ground,61.43346007604563,Moderate
2026-09-14 09:00:00,11.7,69.0,1017.7,0.7,14.0,0.0,8.15,openaq_ground,44.99999999999999,Good
2026-09-14 10:00:00,10.8,71.0,1017.7,1.3,360.0,0.0,7.166666666666667,openaq_ground,39.44444444444444,Good
2026-09-14 11:00:00,10.0,75.0,1017.6,2.9,353.0,0.0,4.5,openaq_ground,25.0,Good
2026-09-14 12:00:00,10.8,75.0,1016.9,8.7,13.0,0.0,2.966666666666667,openaq_ground,16.11111111111111,Good
2026-09-14 13:00:00,9.5,80.0,1016.3,7.2,360.0,0.0,2.5500000000000003,openaq_ground,13.88888888888889,Good
2026-09-14 14:00:00,7.9,85.0,1015.8,7.3,353.0,0.0,1.5833333333333333,openaq_ground,8.333333333333332,Good
2026-09-14 15:00:00,7.6,86.0,1015.3,9.0,348.0,0.0,1.25,openaq_ground,6.666666666666666,Good
2026-09-14 16:00:00,7.6,85.0,1015.1,7.3,349.0,0.0,0.7833333333333333,openaq_ground,3.8888888888888884,Good
2026-09-14 17:00:00,6.6,87.0,1014.7,6.3,345.0,0.0,1.1666666666666667,openaq_ground,6.111111111111112,Good
2026-09-14 18:00:00,7.4,80.0,1014.7,10.0,353.0,0.0,1.7,openaq_ground,9.444444444444445,Good
2026-09-14 19:00:00,7.2,81.0,1014.7,8.5,331.0,0.0,2.15,openaq_ground,11.666666666666666,Good
2026-09-14 20:00:00,9.2,81.0,1014.8,7.1,326.0,0.0,1.7666666666666668,openaq_ground,9.444444444444445,Good
2026-09-14 21:00:00,13.5,71.0,1014.3,5.2,319.0,0.0,2.016666666666667,openaq_ground,11.11111111111111,Good
2026-09-14 22:00:00,16.0,56.0,1014.1,6.7,294.0,0.0,1.1,openaq_ground,6.111111111111112,Good
2026-09-14 23:00:00,17.3,49.0,1013.6,10.5,294.0,0.0,0.6166666666666666,openaq_ground,3.333333333333333,Good
2026-09-15 00:00:00,19.5,39.0,1011.9,12.9,314.0,0.0,0.0999999999999999,openaq_ground,0.0,Good
2026-09-15 01:00:00,19.5,40.0,1011.1,15.5,305.0,0.0,0.2166666666666666,openaq_ground,1.1111111111111112,Good
2026-09-15 02:00:00,19.2,44.0,1010.1,15.5,305.0,0.0,0.1333333333333333,openaq_ground,0.5555555555555556,Good
2026-09-15 03:00:00,19.3,45.0,1009.4,13.9,307.0,0.0,0.7333333333333333,openaq_ground,3.8888888888888884,Good
2026-09-15 04:00:00,19.2,46.0,1008.9,9.3,319.0,0.0,0.8833333333333334,openaq_ground,4.444444444444445,Good
2026-09-15 05:00:00,18.3,50.0,1008.3,6.7,324.0,0.0,1.5666666666666669,openaq_ground,8.333333333333332,Good
2026-09-15 06:00:00,15.9,62.0,1007.6,5.9,346.0,0.0,2.65,openaq_ground,14.444444444444445,Good
2026-09-15 07:00:00,14.3,57.0,1006.9,10.0,324.0,0.0,2.216666666666667,openaq_ground,12.222222222222223,Good
2026-09-15 08:00:00,13.1,60.0,1006.5,9.9,338.0,0.0,2.35,openaq_ground,12.777777777777777,Good
2026-09-15 09:00:00,11.9,65.0,1006.0,6.9,335.0,0.0,1.9166666666666667,openaq_ground,10.555555555555555,Good
2026-09-15 10:00:00,11.3,66.0,1005.7,7.6,335.0,0.0,2.2,openaq_ground,12.222222222222223,Good
2026-09-15 11:00:00,10.8,69.0,1005.3,5.8,324.0,0.0,2.0500000000000003,openaq_ground,11.11111111111111,Good
2026-09-15 12:00:00,10.0,71.0,1004.4,7.0,347.0,0.0,1.6833333333333331,openaq_ground,8.88888888888889,Good
2026-09-15 13:00:00,10.4,70.0,1004.1,3.2,333.0,0.0,1.1833333333333331,openaq_ground,6.111111111111112,Good
2026-09-15 14:00:00,10.4,73.0,1004.3,4.0,339.0,0.0,0.7833333333333333,openaq_ground,3.8888888888888884,Good
2026-09-15 15:00:00,11.0,74.0,1003.9,9.0,345.0,0.3,1.0,openaq_ground,5.555555555555555,Good
2026-09-15 16:00:00,11.4,75.0,1003.3,10.1,2.0,0.2,0.5666666666666667,openaq_ground,2.7777777777777777,Good
2026-09-15 17:00:00,10.6,78.0,1003.0,10.1,3.0,0.0,1.1333333333333333,openaq_ground,6.111111111111112,Good
2026-09-15 18:00:00,9.7,81.0,1002.8,7.7,349.0,0.0,0.5166666666666666,openaq_ground,2.7777777777777777,Good
2026-09-15 19:00:00,9.1,88.0,1003.7,9.9,228.0,0.0,0.8833333333333333,openaq_ground,4.444444444444445,Good
2026-09-15 20:00:00,9.2,95.0,1004.4,9.3,189.0,0.4,0.7833333333333332,openaq_ground,3.8888888888888884,Good
2026-09-15 21:00:00,9.2,94.0,1004.7,10.5,186.0,0.2,0.4666666666666666,openaq_ground,2.2222222222222223,Good
2026-09-15 22:00:00,8.9,92.0,1005.0,14.2,182.0,0.1,0.4833333333333333,openaq_ground,2.2222222222222223,Good
2026-09-15 23:00:00,8.6,89.0,1005.3,16.1,184.0,0.3,1.0666666666666669,openaq_ground,5.555555555555555,Good
2026-09-16 00:00:00,8.7,82.0,1005.2,14.9,178.0,0.4,1.0,openaq_ground,5.555555555555555,Good
2026-09-16 01:00:00,7.6,91.0,1005.0,17.0,196.0,1.3,0.7999999999999999,openaq_ground,3.8888888888888884,Good
2026-09-16 02:00:00,7.3,94.0,1005.5,20.9,202.0,2.2,1.0333333333333334,openaq_ground,5.555555555555555,Good
2026-09-16 03:00:00,5.9,92.0,1006.0,23.5,198.0,2.3,1.8,openaq_ground,10.0,Good
2026-09-16 04:00:00,5.9,91.0,1006.4,19.4,197.0,1.6,2.1666666666666665,openaq_ground,11.666666666666666,Good
2026-09-16 05:00:00,5.8,90.0,1006.6,19.9,198.0,1.5,2.9333333333333336,openaq_ground,16.11111111111111,Good
2026-09-16 06:00:00,5.3,90.0,1007.5,17.4,198.0,1.1,4.416666666666667,openaq_ground,24.444444444444446,Good
2026-09-16 07:00:00,5.3,91.0,1007.4,13.3,203.0,0.9,3.5500000000000003,openaq_ground,19.444444444444443,Good
2026-09-16 08:00:00,5.1,92.0,1007.0,10.4,216.0,0.9,3.8333333333333335,openaq_ground,21.11111111111111,Good
2026-09-16 09:00:00,4.6,96.0,1007.4,9.1,255.0,1.3,2.1,openaq_ground,11.666666666666666,Good
2026-09-16 10:00:00,3.9,97.0,1007.0,9.8,290.0,1.3,1.65,openaq_ground,8.88888888888889,Good
2026-09-16 11:00:00,3.8,96.0,1006.8,9.0,303.0,0.8,0.8333333333333334,openaq_ground,4.444444444444445,Good
2026-09-16 12:00:00,4.1,96.0,1006.4,8.7,302.0,0.5,0.0666666666666666,openaq_ground,0.0,Good
2026-09-16 13:00:00,4.1,96.0,1006.2,8.8,296.0,0.2,0.0333333333333333,openaq_ground,0.0,Good
2026-09-16 14:00:00,4.0,96.0,1005.8,8.1,302.0,0.2,0.0166666666666666,openaq_ground,0.0,Good
2026-09-16 15:00:00,3.9,96.0,1005.3,8.7,300.0,0.4,0.0,openaq_ground,0.0,Good
2026-09-16 16:00:00,3.8,96.0,1004.8,7.3,293.0,0.3,0.0,openaq_ground,0.0,Good
2026-09-16 17:00:00,3.9,96.0,1004.8,7.6,288.0,0.2,0.0333333333333333,openaq_ground,0.0,Good
2026-09-16 18:00:00,3.5,94.0,1005.2,10.7,282.0,0.1,0.3833333333333333,openaq_ground,1.6666666666666665,Good
2026-09-16 19:00:00,3.5,93.0,1005.0,11.6,278.0,0.0,1.7000000000000002,openaq_ground,9.444444444444445,Good
2026-09-16 20:00:00,4.4,90.0,1005.1,11.9,276.0,0.0,1.3833333333333335,openaq_ground,7.222222222222222,Good
2026-09-16 21:00:00,5.8,84.0,1004.9,11.9,273.0,0.0,0.75,openaq_ground,3.8888888888888884,Good
2026-09-16 22:00:00,7.3,73.0,1004.7,12.4,273.0,0.0,0.5666666666666667,openaq_ground,2.7777777777777777,Good
2026-09-16 23:00:00,8.6,61.0,1004.1,14.2,266.0,0.0,0.2833333333333333,openaq_ground,1.1111111111111112,Good
2026-09-17 00:00:00,10.1,51.0,1003.4,16.6,264.0,0.0,0.1666666666666666,openaq_ground,0.5555555555555556,Good
2026-09-17 01:00:00,10.5,46.0,1002.5,17.9,274.0,0.0,0.3833333333333333,openaq_ground,1.6666666666666665,Good
2026-09-17 02:00:00,11.2,45.0,1001.7,17.6,285.0,0.0,0.2666666666666666,openaq_ground,1.1111111111111112,Good
2026-09-17 03:00:00,11.1,48.0,1001.2,17.4,297.0,0.0,0.0999999999999999,openaq_ground,0.0,Good
2026-09-17 04:00:00,10.8,50.0,1001.0,15.2,305.0,0.0,0.1833333333333333,openaq_ground,0.5555555555555556,Good
2026-09-17 05:00:00,10.5,53.0,1001.2,14.2,305.0,0.0,1.1,openaq_ground,6.111111111111112,Good
2026-09-17 06:00:00,9.7,58.0,1001.5,9.6,284.0,0.0,0.8666666666666666,openaq_ground,4.444444444444445,Good
2026-09-17 07:00:00,9.3,62.0,1001.9,8.7,257.0,0.0,1.5,openaq_ground,8.333333333333332,Good
2026-09-17 08:00:00,8.2,69.0,1002.1,7.7,269.0,0.0,2.716666666666667,openaq_ground,15.0,Good
2026-09-17 09:00:00,6.7,73.0,1002.0,5.8,344.0,0.0,2.8166666666666664,openaq_ground,15.555555555555554,Good
2026-09-17 10:00:00,5.8,72.0,1001.7,9.1,353.0,0.0,1.35,openaq_ground,7.222222222222222,Good
2026-09-17 11:00:00,5.3,71.0,1001.4,10.2,353.0,0.0,1.75,openaq_ground,9.444444444444445,Good
2026-09-17 12:00:00,5.5,66.0,1000.7,13.1,351.0,0.0,0.9166666666666666,openaq_ground,5.0,Good
2026-09-17 13:00:00,5.6,63.0,999.9,15.5,345.0,0.0,1.9333333333333331,openaq_ground,10.555555555555555,Good
2026-09-17 14:00:00,6.4,59.0,999.1,14.6,334.0,0.0,0.05,openaq_ground,0.0,Good
2026-09-17 15:00:00,6.7,58.0,998.5,14.2,340.0,0.0,0.0333333333333333,openaq_ground,0.0,Good
2026-09-17 16:00:00,6.9,57.0,997.9,13.7,333.0,0.0,0.0666666666666666,openaq_ground,0.0,Good
2026-09-17 17:00:00,7.8,55.0,997.8,13.0,332.0,0.0,0.1,openaq_ground,0.5555555555555556,Good
2026-09-17 18:00:00,7.3,57.0,998.1,9.8,328.0,0.0,0.0666666666666666,openaq_ground,0.0,Good
2026-09-17 19:00:00,8.6,58.0,998.7,9.3,317.0,0.0,1.4666666666666668,openaq_ground,7.777777777777777,Good
2026-09-17 20:00:00,11.0,58.0,999.2,17.8,277.0,0.0,0.6666666666666666,openaq_ground,3.333333333333333,Good
2026-09-17 21:00:00,11.2,62.0,999.7,18.2,274.0,0.0,0.75,openaq_ground,3.8888888888888884,Good
2026-09-17 22:00:00,11.9,64.0,999.6,15.4,263.0,0.0,0.0999999999999999,openaq_ground,0.0,Good
2026-09-17 23:00:00,12.5,62.0,999.6,21.0,257.0,0.0,0.2333333333333333,openaq_ground,1.1111111111111112,Good
2026-09-18 00:00:00,13.4,54.0,999.9,22.4,250.0,0.0,0.1333333333333333,openaq_ground,0.5555555555555556,Good
2026-09-18 01:00:00,13.4,55.0,999.8,22.2,240.0,0.0,0.25,openaq_ground,1.1111111111111112,Good
2026-09-18 02:00:00,11.9,73.0,1000.0,16.8,235.0,0.5,0.2833333333333333,openaq_ground,1.1111111111111112,Good
2026-09-18 03:00:00,12.2,69.0,1000.3,14.0,252.0,0.2,0.5833333333333334,openaq_ground,2.7777777777777777,Good
2026-09-18 04:00:00,12.5,70.0,999.6,7.5,259.0,0.0,0.7333333333333334,openaq_ground,3.8888888888888884,Good
2026-09-18 05:00:00,10.4,88.0,1000.2,4.1,203.0,0.6,2.75,openaq_ground,15.0,Good
2026-09-18 06:00:00,10.0,89.0,999.5,8.8,35.0,0.1,7.783333333333334,openaq_ground,42.77777777777778,Good
2026-09-18 07:00:00,9.4,92.0,999.6,3.2,63.0,0.1,1.3166666666666669,openaq_ground,7.222222222222222,Good
2026-09-18 08:00:00,9.0,92.0,998.8,11.9,39.0,0.0,0.9,openaq_ground,5.0,Good
2026-09-18 09:00:00,8.7,87.0,998.7,12.3,37.0,0.0,0.8666666666666667,openaq_ground,4.444444444444445,Good
2026-09-18 10:00:00,8.4,85.0,997.5,12.2,25.0,0.0,1.1166666666666667,openaq_ground,6.111111111111112,Good
2026-09-18 11:00:00,7.9,85.0,996.9,11.5,11.0,0.0,1.3500000000000003,openaq_ground,7.222222222222222,Good
2026-09-18 12:00:00,9.1,80.0,994.5,13.6,28.0,0.0,1.05,openaq_ground,5.555555555555555,Good
2026-09-18 13:00:00,10.1,68.0,993.1,13.5,25.0,0.0,0.9,openaq_ground,5.0,Good
2026-09-18 14:00:00,10.3,66.0,991.5,12.0,17.0,0.0,0.0333333333333333,openaq_ground,0.0,Good
2026-09-18 15:00:00,9.9,69.0,990.3,8.1,355.0,0.0,0.0,openaq_ground,0.0,Good
2026-09-18 16:00:00,10.0,69.0,990.1,7.1,322.0,0.0,0.0,openaq_ground,0.0,Good
2026-09-18 17:00:00,10.0,71.0,990.2,5.6,291.0,0.0,0.15,openaq_ground,0.5555555555555556,Good
2026-09-18 18:00:00,9.7,72.0,989.5,5.6,358.0,0.0,0.2666666666666666,openaq_ground,1.1111111111111112,Good
2026-09-18 19:00:00,9.3,78.0,989.6,5.8,356.0,0.0,0.7999999999999999,openaq_ground,3.8888888888888884,Good
2026-09-18 20:00:00,11.0,80.0,989.1,8.8,351.0,0.0,0.1166666666666666,openaq_ground,0.5555555555555556,Good
2026-09-18 21:00:00,13.8,72.0,988.4,7.1,344.0,0.0,0.0,openaq_ground,0.0,Good
2026-09-18 22:00:00,15.3,59.0,987.7,6.5,314.0,0.0,0.0333333333333333,openaq_ground,0.0,Good
2026-09-18 23:00:00,16.0,54.0,986.9,7.1,315.0,0.0,0.0,openaq_ground,0.0,Good
2026-09-19 00:00:00,16.8,58.0,985.3,8.8,311.0,0.0,0.0166666666666666,openaq_ground,0.0,Good
2026-09-19 01:00:00,17.6,55.0,984.0,5.0,339.0,0.1,0.2166666666666666,openaq_ground,1.1111111111111112,Good
2026-09-19 02:00:00,17.0,54.0,983.0,11.3,226.0,0.1,0.3833333333333333,openaq_ground,1.6666666666666665,Good
2026-09-19 03:00:00,14.1,82.0,982.3,7.3,140.0,1.2,0.2166666666666666,openaq_ground,1.1111111111111112,Good
2026-09-19 04:00:00,13.3,91.0,981.7,2.5,30.0,1.0,1.6833333333333331,openaq_ground,8.88888888888889,Good
2026-09-19 05:00:00,13.3,78.0,980.6,11.9,273.0,0.0,7.983333333333334,openaq_ground,43.88888888888889,Good
2026-09-19 06:00:00,11.0,93.0,979.9,15.4,306.0,0.0,1.1666666666666667,openaq_ground,6.111111111111112,Good
2026-09-19 07:00:00,10.9,82.0,980.1,22.5,263.0,0.4,0.3499999999999999,openaq_ground,1.6666666666666665,Good
2026-09-19 08:00:00,8.3,86.0,981.8,30.6,237.0,0.6,0.2666666666666666,openaq_ground,1.1111111111111112,Good
2026-09-19 09:00:00,6.0,90.0,983.4,31.5,252.0,1.2,1.5,openaq_ground,8.333333333333332,Good
2026-09-19 10:00:00,6.0,87.0,983.7,28.4,256.0,0.2,1.2999999999999998,openaq_ground,6.666666666666666,Good
2026-09-19 11:00:00,5.1,82.0,984.1,30.3,263.0,0.0,0.3333333333333333,openaq_ground,1.6666666666666665,Good
2026-09-19 12:00:00,5.5,73.0,984.4,31.8,261.0,0.0,0.4833333333333333,openaq_ground,2.2222222222222223,Good
2026-09-19 13:00:00,5.4,74.0,985.3,33.4,263.0,0.1,0.1666666666666666,openaq_ground,0.5555555555555556,Good
2026-09-19 14:00:00,5.3,78.0,986.4,34.4,260.0,0.2,0.0999999999999999,openaq_ground,0.0,Good
2026-09-19 15:00:00,4.3,80.0,987.5,34.2,268.0,0.2,0.0333333333333333,openaq_ground,0.0,Good
2026-09-19 16:00:00,4.3,81.0,988.6,33.4,266.0,0.3,0.2666666666666666,openaq_ground,1.1111111111111112,Good
2026-09-19 17:00:00,4.3,82.0,989.9,32.6,267.0,0.1,0.35,openaq_ground,1.6666666666666665,Good
2026-09-19 18:00:00,4.7,83.0,991.7,31.6,262.0,0.1,0.6,openaq_ground,3.333333333333333,Good
2026-09-19 19:00:00,4.8,82.0,992.7,32.5,262.0,0.1,0.9,openaq_ground,5.0,Good
2026-09-19 20:00:00,5.2,81.0,994.3,28.9,265.0,0.0,1.2,openaq_ground,6.666666666666666,Good
2026-09-19 21:00:00,6.6,74.0,996.0,33.7,256.0,0.0,1.1666666666666667,openaq_ground,6.111111111111112,Good
2026-09-19 22:00:00,7.4,73.0,997.8,34.4,251.0,0.1,1.1666666666666667,openaq_ground,6.111111111111112,Good
2026-09-19 23:00:00,8.3,66.0,999.1,35.9,244.0,0.0,1.1,openaq_ground,6.111111111111112,Good
2026-09-20 00:00:00,9.5,64.0,1000.1,33.3,241.0,0.1,1.3166666666666669,openaq_ground,7.222222222222222,Good
2026-09-20 01:00:00,9.9,57.0,1000.9,38.5,236.0,0.0,2.4166666666666665,openaq_ground,13.333333333333332,Good
2026-09-20 02:00:00,9.8,60.0,1001.2,36.9,240.0,0.0,2.566666666666667,openaq_ground,13.88888888888889,Good
2026-09-20 03:00:00,9.7,60.0,1002.1,34.2,244.0,0.0,2.1333333333333333,openaq_ground,11.666666666666666,Good
2026-09-20 04:00:00,9.9,57.0,1002.9,30.2,246.0,0.0,2.033333333333333,openaq_ground,11.11111111111111,Good
2026-09-20 05:00:00,9.4,62.0,1003.4,23.8,245.0,0.0,3.0666666666666664,openaq_ground,16.666666666666664,Good
2026-09-20 06:00:00,8.9,65.0,1003.5,15.4,244.0,0.0,4.05,openaq_ground,22.22222222222222,Good
2026-09-20 07:00:00,7.6,70.0,1004.0,9.8,244.0,0.0,9.9,openaq_ground,52.49049429657795,Moderate
2026-09-20 08:00:00,6.2,79.0,1004.5,4.7,270.0,0.0,14.633333333333333,openaq_ground,61.247148288973385,Moderate
2026-09-20 09:00:00,5.5,79.0,1004.5,1.2,333.0,0.0,17.433333333333334,openaq_ground,66.4638783269962,Moderate
2026-09-20 10:00:00,4.8,82.0,1004.8,1.5,7.0,0.0,13.6,openaq_ground,59.38403041825095,Moderate
2026-09-20 11:00:00,4.3,83.0,1004.6,3.7,11.0,0.0,8.65,openaq_ground,47.77777777777777,Good
2026-09-20 12:00:00,4.0,83.0,1003.9,7.2,19.0,0.0,4.116666666666666,openaq_ground,22.777777777777775,Good
2026-09-20 13:00:00,4.2,83.0,1003.8,11.6,24.0,0.0,2.1666666666666665,openaq_ground,11.666666666666666,Good
2026-09-20 14:00:00,6.8,80.0,1002.5,15.6,29.0,0.0,2.2833333333333337,openaq_ground,12.222222222222223,Good
2026-09-20 15:00:00,6.9,84.0,1002.0,13.3,30.0,0.0,1.6166666666666665,openaq_ground,8.88888888888889,Good
2026-09-20 16:00:00,5.8,86.0,1001.5,8.7,21.0,0.0,1.5166666666666666,openaq_ground,8.333333333333332,Good
2026-09-20 17:00:00,4.4,89.0,1001.4,4.2,355.0,0.0,1.2333333333333334,openaq_ground,6.666666666666666,Good
2026-09-20 18:00:00,4.8,84.0,1000.1,8.9,8.0,0.0,1.1166666666666667,openaq_ground,6.111111111111112,Good
2026-09-20 19:00:00,5.3,82.0,1000.2,7.4,3.0,0.0,1.5833333333333333,openaq_ground,8.333333333333332,Good
2026-09-20 20:00:00,8.3,75.0,1000.0,10.6,18.0,0.0,1.7166666666666668,openaq_ground,9.444444444444445,Good
2026-09-20 21:00:00,12.4,66.0,999.6,6.9,20.0,0.0,1.5333333333333332,openaq_ground,8.333333333333332,Good
2026-09-20 22:00:00,15.8,52.0,998.9,15.1,340.0,0.0,0.4166666666666667,openaq_ground,2.2222222222222223,Good
2026-09-20 23:00:00,17.1,49.0,998.2,20.3,328.0,0.0,0.0666666666666666,openaq_ground,0.0,Good
2026-09-21 00:00:00,19.6,45.0,997.2,17.4,327.0,0.0,0.0666666666666666,openaq_ground,0.0,Good
2026-09-21 01:00:00,20.9,38.0,996.3,17.4,343.0,0.0,0.0166666666666666,openaq_ground,0.0,Good
2026-09-21 02:00:00,20.2,39.0,994.7,21.0,6.0,0.0,0.0166666666666666,openaq_ground,0.0,Good
2026-09-21 03:00:00,18.3,46.0,994.8,23.2,340.0,0.0,0.0,openaq_ground,0.0,Good
2026-09-21 04:00:00,17.3,49.0,995.1,19.8,343.0,0.0,0.0333333333333333,openaq_ground,0.0,Good
2026-09-21 05:00:00,16.3,51.0,994.9,17.6,332.0,0.0,0.0833333333333333,openaq_ground,0.0,Good
2026-09-21 06:00:00,15.1,56.0,995.5,11.6,324.0,0.0,2.8666666666666667,openaq_ground,15.555555555555554,Good
2026-09-21 07:00:00,11.2,86.0,998.1,30.4,211.0,1.0,1.4833333333333334,openaq_ground,7.777777777777777,Good
2026-09-21 08:00:00,7.0,93.0,1001.7,27.6,240.0,2.7,0.3333333333333333,openaq_ground,1.6666666666666665,Good
2026-09-21 09:00:00,6.0,94.0,1002.8,22.9,250.0,1.9,0.1166666666666666,openaq_ground,0.5555555555555556,Good
2026-09-21 10:00:00,5.6,95.0,1003.4,16.9,268.0,0.6,0.6166666666666667,openaq_ground,3.333333333333333,Good
2026-09-21 11:00:00,5.6,92.0,1003.7,17.4,262.0,0.3,0.75,openaq_ground,3.8888888888888884,Good
2026-09-21 12:00:00,5.7,91.0,1003.7,12.7,276.0,0.2,0.4833333333333333,openaq_ground,2.2222222222222223,Good
2026-09-21 13:00:00,6.0,90.0,1004.3,15.3,273.0,0.2,0.3999999999999999,openaq_ground,1.6666666666666665,Good
2026-09-21 14:00:00,5.8,89.0,1004.8,19.6,264.0,0.0,0.4666666666666667,openaq_ground,2.2222222222222223,Good
2026-09-21 15:00:00,5.3,88.0,1004.9,17.1,258.0,0.0,0.5166666666666666,openaq_ground,2.7777777777777777,Good
2026-09-21 16:00:00,4.8,88.0,1005.4,16.4,255.0,0.0,0.4166666666666667,openaq_ground,2.2222222222222223,Good
2026-09-21 17:00:00,4.9,83.0,1006.0,17.1,263.0,0.0,0.2833333333333334,openaq_ground,1.1111111111111112,Good
2026-09-21 18:00:00,4.6,77.0,1006.5,14.1,281.0,0.0,0.9,openaq_ground,5.0,Good
2026-09-21 19:00:00,4.3,76.0,1007.3,9.7,297.0,0.0,1.2666666666666666,openaq_ground,6.666666666666666,Good
2026-09-21 20:00:00,6.1,74.0,1007.4,8.5,324.0,0.0,1.0666666666666669,openaq_ground,5.555555555555555,Good
2026-09-21 21:00:00,8.4,59.0,1007.7,7.4,309.0,0.0,0.1166666666666666,openaq_ground,0.5555555555555556,Good
2026-09-21 22:00:00,10.5,43.0,1007.3,7.3,344.0,0.0,0.1,openaq_ground,0.5555555555555556,Good
2026-09-21 23:00:00,12.0,40.0,1006.8,12.4,319.0,0.0,0.4666666666666667,openaq_ground,2.2222222222222223,Good
2026-09-22 00:00:00,13.6,34.0,1005.7,17.0,294.0,0.0,0.05,openaq_ground,0.0,Good
2026-09-22 01:00:00,12.8,39.0,1005.6,23.3,273.0,0.0,0.0999999999999999,openaq_ground,0.0,Good
2026-09-22 02:00:00,9.9,71.0,1005.9,19.4,239.0,1.7,0.0666666666666666,openaq_ground,0.0,Good
2026-09-22 03:00:00,9.3,74.0,1006.5,18.1,254.0,0.6,0.2166666666666666,openaq_ground,1.1111111111111112,Good
2026-09-22 04:00:00,7.8,87.0,1008.1,27.6,246.0,0.9,0.65,openaq_ground,3.333333333333333,Good
2026-09-22 05:00:00,6.5,78.0,1009.3,29.4,252.0,0.3,1.4333333333333331,openaq_ground,7.777777777777777,Good
2026-09-22 06:00:00,5.8,75.0,1010.5,27.9,254.0,0.1,0.7333333333333334,openaq_ground,3.8888888888888884,Good
2026-09-22 07:00:00,4.9,75.0,1012.0,28.1,254.0,0.0,0.6,openaq_ground,3.333333333333333,Good
2026-09-22 08:00:00,4.4,76.0,1013.2,26.6,255.0,0.0,0.5,openaq_ground,2.7777777777777777,Good
2026-09-22 09:00:00,4.0,78.0,1014.1,24.0,259.0,0.0,0.2666666666666666,openaq_ground,1.1111111111111112,Good
2026-09-22 10:00:00,3.7,76.0,1015.3,24.2,261.0,0.0,0.2833333333333333,openaq_ground,1.1111111111111112,Good
2026-09-22 11:00:00,3.4,79.0,1016.3,23.9,263.0,0.0,0.1666666666666666,openaq_ground,0.5555555555555556,Good
2026-09-22 12:00:00,2.9,83.0,1017.6,18.1,261.0,0.0,0.05,openaq_ground,0.0,Good
2026-09-22 13:00:00,2.3,85.0,1018.0,14.1,287.0,0.0,0.0166666666666666,openaq_ground,0.0,Good
2026-09-22 14:00:00,2.6,82.0,1018.8,14.4,270.0,0.0,0.0,openaq_ground,0.0,Good
2026-09-22 15:00:00,2.4,81.0,1019.1,15.0,280.0,0.0,0.0,openaq_ground,0.0,Good
2026-09-22 16:00:00,2.1,80.0,1019.6,14.9,283.0,0.0,0.0,openaq_ground,0.0,Good
2026-09-22 17:00:00,2.3,80.0,1020.5,17.7,276.0,0.0,0.0833333333333333,openaq_ground,0.0,Good
2026-09-22 18:00:00,2.2,77.0,1021.5,17.6,268.0,0.0,3.6,openaq_ground,20.0,Good
2026-09-22 19:00:00,2.5,74.0,1022.2,17.8,268.0,0.0,1.2,openaq_ground,6.666666666666666,Good
2026-09-22 20:00:00,4.0,71.0,1022.9,19.9,260.0,0.0,3.4166666666666665,openaq_ground,18.88888888888889,Good
2026-09-22 21:00:00,5.5,69.0,1023.6,19.4,260.0,0.0,1.05,openaq_ground,5.555555555555555,Good
2026-09-22 22:00:00,6.3,64.0,1024.0,21.7,250.0,0.1,2.15,openaq_ground,11.666666666666666,Good
2026-09-22 23:00:00,7.4,59.0,1024.4,22.0,245.0,0.0,1.85,openaq_ground,10.0,Good
2026-09-23 00:00:00,8.1,62.0,1024.4,19.3,239.0,0.1,0.95,openaq_ground,5.0,Good
2026-09-23 01:00:00,7.9,62.0,1024.5,21.5,239.0,0.2,0.5666666666666667,openaq_ground,2.7777777777777777,Good
2026-09-23 02:00:00,8.1,59.0,1024.3,21.7,243.0,0.1,0.5166666666666667,openaq_ground,2.7777777777777777,Good
2026-09-23 03:00:00,8.5,63.0,1024.1,19.2,243.0,0.0,0.55,openaq_ground,2.7777777777777777,Good
2026-09-23 04:00:00,7.2,74.0,1024.5,19.9,244.0,0.5,0.7666666666666666,openaq_ground,3.8888888888888884,Good
2026-09-23 05:00:00,7.6,68.0,1024.4,17.3,248.0,0.0,1.8333333333333333,openaq_ground,10.0,Good
2026-09-23 06:00:00,6.8,76.0,1024.9,15.6,255.0,0.1,1.6666666666666667,openaq_ground,8.88888888888889,Good
2026-09-23 07:00:00,6.0,79.0,1025.3,16.0,267.0,0.0,1.7333333333333334,openaq_ground,9.444444444444445,Good
2026-09-23 08:00:00,5.5,80.0,1025.7,14.3,276.0,0.0,1.45,openaq_ground,7.777777777777777,Good
2026-09-23 09:00:00,5.1,80.0,1025.8,12.0,279.0,0.0,0.8333333333333334,openaq_ground,4.444444444444445,Good
2026-09-23 10:00:00,4.9,79.0,1026.1,11.1,283.0,0.0,0.9166666666666666,openaq_ground,5.0,Good
2026-09-23 11:00:00,4.6,80.0,1026.1,10.9,287.0,0.0,0.7833333333333333,openaq_ground,3.8888888888888884,Good
2026-09-23 12:00:00,3.7,80.0,1026.0,7.7,311.0,0.0,1.05,openaq_ground,5.555555555555555,Good
2026-09-23 13:00:00,3.3,80.0,1026.0,8.6,327.0,0.0,0.7166666666666667,openaq_ground,3.8888888888888884,Good
2026-09-23 14:00:00,3.2,78.0,1025.5,9.3,333.0,0.0,0.1333333333333333,openaq_ground,0.5555555555555556,Good
2026-09-23 15:00:00,3.2,76.0,1025.2,10.4,328.0,0.0,0.1833333333333333,openaq_ground,0.5555555555555556,Good
2026-09-23 16:00:00,3.3,73.0,1024.7,9.6,332.0,0.0,0.0833333333333333,openaq_ground,0.0,Good
2026-09-23 17:00:00,3.4,70.0,1024.4,10.6,328.0,0.0,0.0666666666666666,openaq_ground,0.0,Good
2026-09-23 18:00:00,3.5,69.0,1024.4,13.5,335.0,0.0,0.65,openaq_ground,3.333333333333333,Good
2026-09-23 19:00:00,4.1,66.0,1024.2,14.0,338.0,0.0,1.6833333333333331,openaq_ground,8.88888888888889,Good
2026-09-23 20:00:00,6.2,64.0,1023.9,14.7,331.0,0.0,0.35,openaq_ground,1.6666666666666665,Good
2026-09-23 21:00:00,9.1,60.0,1023.4,12.2,333.0,0.0,0.0833333333333333,openaq_ground,0.0,Good
2026-09-23 22:00:00,10.4,52.0,1023.7,11.9,292.0,0.0,1.7833333333333332,openaq_ground,9.444444444444445,Good
2026-09-23 23:00:00,10.1,59.0,1023.4,5.4,356.0,0.5,3.9166666666666665,openaq_ground,21.666666666666664,Good
2026-09-24 00:00:00,13.6,47.0,1022.1,12.5,302.0,0.0,0.3999999999999999,openaq_ground,1.6666666666666665,Good
2026-09-24 01:00:00,13.6,46.0,1021.7,15.7,255.0,0.0,0.4166666666666667,openaq_ground,2.2222222222222223,Good
2026-09-24 02:00:00,11.8,60.0,1021.9,14.8,226.0,0.0,1.7166666666666666,openaq_ground,9.444444444444445,Good
2026-09-24 03:00:00,11.8,61.0,1021.9,15.1,252.0,0.1,0.6333333333333333,openaq_ground,3.333333333333333,Good
2026-09-24 04:00:00,11.6,63.0,1021.8,19.0,264.0,0.0,0.3166666666666667,openaq_ground,1.6666666666666665,Good
2026-09-24 05:00:00,11.0,68.0,1022.1,16.6,254.0,0.1,0.4833333333333333,openaq_ground,2.2222222222222223,Good
2026-09-24 06:00:00,9.1,86.0,1022.8,16.9,256.0,0.1,0.9,openaq_ground,5.0,Good
2026-09-24 07:00:00,8.4,87.0,1022.9,13.7,266.0,0.0,1.6,openaq_ground,8.88888888888889,Good
2026-09-24 08:00:00,7.5,89.0,1023.4,10.0,276.0,0.0,1.5,openaq_ground,8.333333333333332,Good
2026-09-24 09:00:00,6.7,90.0,1023.3,8.0,297.0,0.0,1.4666666666666668,openaq_ground,7.777777777777777,Good
2026-09-24 10:00:00,6.2,89.0,1023.7,6.1,302.0,0.0,0.9833333333333334,openaq_ground,5.0,Good
2026-09-24 11:00:00,5.8,88.0,1023.8,4.8,299.0,0.0,0.9166666666666666,openaq_ground,5.0,Good
2026-09-24 12:00:00,6.3,88.0,1023.9,5.8,261.0,0.0,0.95,openaq_ground,5.0,Good
2026-09-24 13:00:00,7.0,88.0,1024.1,5.9,272.0,0.0,1.1166666666666667,openaq_ground,6.111111111111112,Good
2026-09-24 14:00:00,6.9,89.0,1023.9,3.8,281.0,0.0,0.7000000000000001,openaq_ground,3.8888888888888884,Good
2026-09-24 15:00:00,7.0,88.0,1023.6,2.5,270.0,0.0,0.55,openaq_ground,2.7777777777777777,Good
2026-09-24 16:00:00,6.8,88.0,1023.5,1.0,301.0,0.0,0.3,openaq_ground,1.6666666666666665,Good
2026-09-24 17:00:00,6.6,89.0,1023.7,0.6,304.0,0.0,0.5166666666666667,openaq_ground,2.7777777777777777,Good
2026-09-24 18:00:00,6.5,93.0,1024.2,0.9,90.0,0.1,1.6,openaq_ground,8.88888888888889,Good
2026-09-24 19:00:00,6.6,94.0,1024.4,0.7,14.0,0.1,2.9333333333333336,openaq_ground,16.11111111111111,Good
2026-09-24 20:00:00,7.5,97.0,1024.8,2.0,27.0,0.1,2.6,openaq_ground,14.444444444444445,Good
2026-09-24 21:00:00,8.0,95.0,1024.9,1.5,76.0,0.0,0.3333333333333333,openaq_ground,1.6666666666666665,Good
2026-09-24 22:00:00,8.5,88.0,1025.0,1.9,68.0,0.1,0.1166666666666666,openaq_ground,0.5555555555555556,Good
2026-09-24 23:00:00,8.9,86.0,1024.9,3.5,55.0,0.1,0.24999999999999994,openaq_ground,1.1111111111111112,Good
2026-09-25 00:00:00,9.3,82.0,1024.4,7.2,68.0,0.3,0.3833333333333333,openaq_ground,1.6666666666666665,Good
2026-09-25 01:00:00,10.2,74.0,1024.1,7.2,63.0,0.0,0.3333333333333333,openaq_ground,1.6666666666666665,Good
2026-09-25 02:00:00,10.7,71.0,1023.5,8.0,59.0,0.1,0.3666666666666667,openaq_ground,1.6666666666666665,Good
2026-09-25 03:00:00,10.3,75.0,1022.9,10.9,54.0,0.1,0.3666666666666667,openaq_ground,1.6666666666666665,Good
2026-09-25 04:00:00,10.1,78.0,1022.9,12.9,49.0,0.0,0.5666666666666667,openaq_ground,2.7777777777777777,Good
2026-09-25 05:00:00,9.3,82.0,1022.8,12.6,48.0,0.0,0.5,openaq_ground,2.7777777777777777,Good
2026-09-25 06:00:00,8.2,86.0,1022.4,13.0,45.0,0.0,4.2,openaq_ground,23.333333333333332,Good
2026-09-25 07:00:00,7.4,90.0,1022.4,12.9,30.0,0.0,3.6666666666666665,openaq_ground,20.0,Good
2026-09-25 08:00:00,7.1,92.0,1022.0,14.7,28.0,0.0,1.7666666666666668,openaq_ground,9.444444444444445,Good
2026-09-25 09:00:00,6.7,93.0,1021.5,14.5,23.0,0.0,1.6333333333333335,openaq_ground,8.88888888888889,Good
2026-09-25 10:00:00,6.2,92.0,1021.0,13.0,17.0,0.0,1.9166666666666667,openaq_ground,10.555555555555555,Good
2026-09-25 11:00:00,5.9,91.0,1020.1,12.8,16.0,0.0,1.9166666666666667,openaq_ground,10.555555555555555,Good
2026-09-25 12:00:00,5.4,93.0,1018.7,13.6,15.0,0.0,2.2,openaq_ground,12.222222222222223,Good
2026-09-25 13:00:00,5.1,92.0,1017.8,12.9,15.0,0.0,2.0166666666666666,openaq_ground,11.11111111111111,Good
2026-09-25 14:00:00,4.8,92.0,1016.4,12.8,11.0,0.0,1.25,openaq_ground,6.666666666666666,Good
2026-09-25 15:00:00,5.0,88.0,1015.2,13.3,10.0,0.0,0.6333333333333333,openaq_ground,3.333333333333333,Good
2026-09-25 16:00:00,6.2,82.0,1014.1,13.4,12.0,0.0,0.1333333333333333,openaq_ground,0.5555555555555556,Good
2026-09-25 17:00:00,6.7,79.0,1013.3,12.8,3.0,0.0,0.1999999999999999,openaq_ground,0.5555555555555556,Good
2026-09-25 18:00:00,6.9,75.0,1012.4,15.3,15.0,0.0,0.3333333333333333,openaq_ground,1.6666666666666665,Good
2026-09-25 19:00:00,8.1,70.0,1011.3,15.5,10.0,0.0,1.0166666666666668,openaq_ground,5.555555555555555,Good
2026-09-25 20:00:00,8.6,73.0,1010.7,13.1,2.0,0.2,1.9333333333333336,openaq_ground,10.555555555555555,Good
2026-09-25 21:00:00,9.6,75.0,1010.3,11.2,349.0,0.0,1.0333333333333332,openaq_ground,5.555555555555555,Good
2026-09-25 22:00:00,12.4,73.0,1009.7,10.1,348.0,0.0,1.0,openaq_ground,5.555555555555555,Good
