datetime,temperature_2m,relative_humidity_2m,surface_pressure,wind_speed_10m,wind_direction_10m,precipitation
2025-09-24 00:00:00,14.9,94,1010.8,20.7,353,0.3
2025-09-24 01:00:00,14.7,96,1010.4,16.9,7,2.5
2025-09-24 02:00:00,14.9,94,1009.6,18.2,3,0.8
2025-09-24 03:00:00,14.7,94,1008.9,16.9,359,0.1
2025-09-24 04:00:00,14.4,95,1008.1,13.4,18,1.8
2025-09-24 05:00:00,14.2,94,1007.3,16.0,8,2.2
2025-09-24 06:00:00,14.6,94,1007.5,18.1,355,0.1
2025-09-24 07:00:00,15.0,94,1007.6,16.5,6,0.3
2025-09-24 08:00:00,15.0,94,1007.3,17.4,13,1.8
2025-09-24 09:00:00,15.8,92,1006.7,22.5,11,0.9
2025-09-24 10:00:00,15.5,94,1005.7,21.5,14,0.8
2025-09-24 11:00:00,15.6,93,1005.2,19.8,12,2.0
2025-09-24 12:00:00,15.7,93,1003.9,19.3,21,1.8
2025-09-24 13:00:00,16.5,87,1002.7,20.1,44,2.9
2025-09-24 14:00:00,16.6,88,1001.8,24.7,29,0.7
2025-09-24 15:00:00,16.4,87,1001.0,27.3,6,0.1
2025-09-24 16:00:00,16.6,88,1000.5,20.4,349,0.1
2025-09-24 17:00:00,16.3,88,1000.2,18.4,348,0.1
2025-09-24 18:00:00,15.4,90,1000.0,15.3,347,0.2
2025-09-24 19:00:00,14.4,94,1000.7,11.6,4,0.5
2025-09-24 20:00:00,14.4,95,1000.5,9.8,18,0.5
2025-09-24 21:00:00,14.3,96,1000.4,9.7,12,0.2
2025-09-24 22:00:00,14.3,98,1000.0,10.6,359,0.1
2025-09-24 23:00:00,14.2,97,999.3,9.8,346,0.1
2025-09-25 00:00:00,14.1,96,998.7,11.2,312,0.3
2025-09-25 01:00:00,13.7,97,998.9,9.9,312,1.7
2025-09-25 02:00:00,13.4,96,998.3,7.3,253,0.5
2025-09-25 03:00:00,12.7,94,997.8,6.5,226,0.0
2025-09-25 04:00:00,12.4,94,997.6,4.6,225,0.0
2025-09-25 05:00:00,12.2,94,997.5,3.7,223,0.0
2025-09-25 06:00:00,12.2,93,997.8,4.9,231,0.0
2025-09-25 07:00:00,12.4,92,998.3,7.9,223,0.0
2025-09-25 08:00:00,13.2,89,998.3,9.7,209,0.0
2025-09-25 09:00:00,14.4,80,998.3,13.4,223,0.0
2025-09-25 10:00:00,15.4,75,998.3,19.1,234,0.1
2025-09-25 11:00:00,15.9,71,998.1,20.8,242,0.0
2025-09-25 12:00:00,16.3,66,998.1,23.9,246,0.0
2025-09-25 13:00:00,15.7,68,997.6,22.5,258,0.0
2025-09-25 14:00:00,16.0,66,997.6,24.0,255,0.0
2025-09-25 15:00:00,15.3,69,997.7,25.2,258,0.0
2025-09-25 16:00:00,14.7,72,998.1,22.0,272,0.0
2025-09-25 17:00:00,13.4,84,998.5,22.0,275,0.9
2025-09-25 18:00:00,13.7,85,999.3,19.7,255,0.1
2025-09-25 19:00:00,12.7,83,1000.5,17.5,243,0.1
2025-09-25 20:00:00,11.8,82,1001.8,14.5,242,0.0
2025-09-25 21:00:00,11.1,81,1002.7,10.8,244,0.0
2025-09-25 22:00:00,10.5,81,1003.3,10.0,253,0.0
2025-09-25 23:00:00,10.1,82,1004.0,8.5,263,0.0
2025-09-26 00:00:00,9.9,82,1004.9,9.5,269,0.0
2025-09-26 01:00:00,10.2,82,1005.4,7.9,274,0.0
2025-09-26 02:00:00,9.7,84,1005.8,6.5,273,0.0
2025-09-26 03:00:00,9.4,84,1006.0,6.2,282,0.0
2025-09-26 04:00:00,9.1,83,1006.7,6.4,295,0.0
2025-09-26 05:00:00,9.0,84,1007.4,5.9,301,0.0
2025-09-26 06:00:00,9.0,84,1008.2,6.5,314,0.0
2025-09-26 07:00:00,10.0,83,1009.3,8.5,318,0.0
2025-09-26 08:00:00,12.0,82,1009.9,8.8,334,0.0
2025-09-26 09:00:00,13.8,68,1010.3,15.8,293,0.1
2025-09-26 10:00:00,14.4,60,1010.5,23.1,285,0.0
2025-09-26 11:00:00,15.5,56,1010.3,23.0,292,0.0
2025-09-26 12:00:00,15.4,56,1010.1,24.8,290,0.0
2025-09-26 13:00:00,15.9,53,1009.6,25.3,295,0.0
2025-09-26 14:00:00,16.0,54,1009.3,25.3,295,0.0
2025-09-26 15:00:00,15.7,60,1009.3,26.8,295,0.0
2025-09-26 16:00:00,15.2,62,1009.7,25.0,298,0.0
2025-09-26 17:00:00,14.2,69,1010.0,19.2,298,0.2
2025-09-26 18:00:00,13.1,79,1011.0,19.8,292,1.0
2025-09-26 19:00:00,12.3,90,1011.1,16.9,309,1.8
2025-09-26 20:00:00,12.6,90,1011.4,20.4,306,0.6
2025-09-26 21:00:00,12.8,90,1011.8,20.7,301,0.9
2025-09-26 22:00:00,12.5,92,1011.9,16.5,297,0.1
2025-09-26 23:00:00,11.9,94,1012.2,12.1,308,0.0
2025-09-27 00:00:00,11.5,94,1012.5,10.1,314,0.0
2025-09-27 01:00:00,10.6,95,1012.4,4.7,317,0.0
2025-09-27 02:00:00,10.0,96,1012.7,5.1,315,0.0
2025-09-27 03:00:00,9.2,97,1012.6,4.2,306,0.0
2025-09-27 04:00:00,8.5,98,1013.2,3.7,321,0.0
2025-09-27 05:00:00,8.0,99,1013.4,3.9,332,0.0
2025-09-27 06:00:00,7.8,98,1014.0,4.7,351,0.0
2025-09-27 07:00:00,9.4,98,1014.9,6.7,2,0.0
2025-09-27 08:00:00,12.1,97,1015.3,4.5,5,0.0
2025-09-27 09:00:00,14.6,86,1015.7,5.0,339,0.1
2025-09-27 10:00:00,16.1,73,1015.8,8.4,307,0.0
2025-09-27 11:00:00,17.0,72,1015.4,7.8,312,0.0
2025-09-27 12:00:00,17.7,69,1015.1,9.1,321,0.0
2025-09-27 13:00:00,18.0,56,1015.0,7.7,301,0.0
2025-09-27 14:00:00,17.4,59,1014.9,12.2,311,0.1
2025-09-27 15:00:00,17.6,61,1014.4,11.6,296,0.4
2025-09-27 16:00:00,17.4,62,1014.3,12.0,288,0.1
2025-09-27 17:00:00,17.1,67,1014.6,7.3,298,0.0
2025-09-27 18:00:00,15.0,78,1015.1,4.3,345,0.0
2025-09-27 19:00:00,13.1,85,1015.8,5.4,4,0.0
2025-09-27 20:00:00,11.9,92,1016.4,5.1,8,0.0
2025-09-27 21:00:00,11.7,95,1016.7,5.6,22,0.0
2025-09-27 22:00:00,11.1,96,1016.6,4.5,23,0.0
2025-09-27 23:00:00,11.1,96,1016.9,6.0,29,0.0
2025-09-28 00:00:00,11.3,96,1016.9,7.4,14,0.0
2025-09-28 01:00:00,10.9,97,1016.8,6.8,11,0.0
2025-09-28 02:00:00,10.1,98,1016.6,4.7,7,0.0
2025-09-28 03:00:00,10.2,98,1016.6,4.0,8,0.0
2025-09-28 04:00:00,10.9,98,1016.9,3.3,54,0.0
2025-09-28 05:00:00,11.2,99,1016.9,7.3,30,0.0
2025-09-28 06:00:00,11.5,99,1017.6,8.0,16,0.0
2025-09-28 07:00:00,12.6,97,1017.9,8.5,358,0.0
2025-09-28 08:00:00,14.1,95,1018.0,10.9,326,0.0
2025-09-28 09:00:00,16.2,83,1018.3,11.9,312,0.1
2025-09-28 10:00:00,17.6,73,1018.2,12.7,309,0.0
2025-09-28 11:00:00,18.9,67,1017.7,13.2,307,0.0
2025-09-28 12:00:00,19.7,64,1016.8,15.8,302,0.2
2025-09-28 13:00:00,19.3,67,1016.1,14.7,295,0.1
2025-09-28 14:00:00,19.1,70,1015.6,18.4,282,0.1
2025-09-28 15:00:00,18.7,74,1015.3,18.7,282,0.1
2025-09-28 16:00:00,18.1,77,1015.3,17.6,281,0.0
2025-09-28 17:00:00,17.4,79,1015.4,15.7,286,0.0
2025-09-28 18:00:00,16.0,86,1015.6,16.2,284,0.0
2025-09-28 19:00:00,15.1,89,1015.9,14.0,286,0.0
2025-09-28 20:00:00,14.8,93,1016.0,8.9,295,0.0
2025-09-28 21:00:00,15.3,92,1016.0,12.7,300,0.1
2025-09-28 22:00:00,15.4,90,1016.1,13.8,278,0.0
2025-09-28 23:00:00,15.1,93,1015.8,9.7,297,0.0
2025-09-29 00:00:00,15.4,92,1015.4,11.5,311,0.0
2025-09-29 01:00:00,15.1,91,1015.0,10.0,326,0.0
2025-09-29 02:00:00,15.3,94,1014.4,12.6,326,0.0
2025-09-29 03:00:00,15.1,94,1013.4,12.5,320,0.0
2025-09-29 04:00:00,14.1,96,1013.4,11.6,317,0.0
2025-09-29 05:00:00,13.7,95,1013.9,12.1,313,0.0
2025-09-29 06:00:00,13.7,94,1014.5,12.4,310,0.0
2025-09-29 07:00:00,14.4,91,1014.7,14.7,311,0.0
2025-09-29 08:00:00,15.8,85,1014.3,22.2,295,0.3
2025-09-29 09:00:00,16.0,85,1013.9,25.1,290,0.1
2025-09-29 10:00:00,15.8,86,1013.3,23.5,288,1.0
2025-09-29 11:00:00,16.5,85,1012.9,25.8,290,0.1
2025-09-29 12:00:00,16.6,84,1012.5,29.6,286,0.7
2025-09-29 13:00:00,17.2,69,1011.8,30.4,289,0.5
2025-09-29 14:00:00,17.1,78,1011.1,27.1,282,0.4
2025-09-29 15:00:00,15.8,81,1010.5,28.0,278,3.1
2025-09-29 16:00:00,15.7,86,1010.3,20.9,280,0.4
2025-09-29 17:00:00,15.2,88,1010.4,19.8,266,0.2
2025-09-29 18:00:00,14.6,89,1011.1,15.6,251,0.1
2025-09-29 19:00:00,13.9,90,1011.8,11.4,246,0.5
2025-09-29 20:00:00,13.0,91,1012.6,11.4,244,0.0
2025-09-29 21:00:00,12.3,92,1012.9,11.3,250,0.0
2025-09-29 22:00:00,11.4,92,1013.0,10.9,261,0.0
2025-09-29 23:00:00,10.8,91,1013.3,9.5,268,0.0
2025-09-30 00:00:00,10.1,89,1013.6,9.4,267,0.0
2025-09-30 01:00:00,10.0,88,1013.0,7.6,266,0.0
2025-09-30 02:00:00,9.3,88,1012.8,8.1,264,0.0
2025-09-30 03:00:00,8.3,90,1012.7,5.8,250,0.0
2025-09-30 04:00:00,8.2,89,1012.9,4.1,221,0.0
2025-09-30 05:00:00,7.9,90,1012.9,2.0,185,0.0
2025-09-30 06:00:00,7.6,91,1013.5,1.8,127,0.0
2025-09-30 07:00:00,8.5,92,1014.1,6.6,123,0.0
2025-09-30 08:00:00,10.2,89,1014.3,4.8,119,0.0
2025-09-30 09:00:00,12.0,79,1014.6,3.6,127,0.0
2025-09-30 10:00:00,13.7,69,1014.1,8.7,225,0.0
2025-09-30 11:00:00,14.8,60,1013.7,11.8,241,0.0
2025-09-30 12:00:00,15.3,56,1013.2,13.7,249,0.0
2025-09-30 13:00:00,15.5,53,1012.3,17.1,249,0.0
2025-09-30 14:00:00,15.3,53,1011.9,18.9,251,0.0
2025-09-30 15:00:00,14.8,54,1011.5,19.8,249,0.0
2025-09-30 16:00:00,14.2,55,1011.2,19.2,253,0.0
2025-09-30 17:00:00,13.6,61,1011.5,16.6,253,0.0
2025-09-30 18:00:00,12.3,66,1012.2,12.9,255,0.0
2025-09-30 19:00:00,11.0,71,1012.3,9.4,271,0.0
2025-09-30 20:00:00,10.3,74,1012.6,9.8,275,0.0
2025-09-30 21:00:00,9.9,76,1012.4,7.0,280,0.0
2025-09-30 22:00:00,8.9,80,1012.0,5.4,290,0.0
2025-09-30 23:00:00,8.8,79,1011.9,4.5,286,0.0
2025-10-01 00:00:00,9.5,77,1011.6,2.4,279,0.0
2025-10-01 01:00:00,9.6,76,1011.3,1.7,311,0.0
2025-10-01 02:00:00,9.5,77,1010.9,2.3,321,0.0
2025-10-01 03:00:00,10.0,77,1010.9,5.2,266,0.0
2025-10-01 04:00:00,10.8,72,1010.5,6.9,265,0.0
2025-10-01 05:00:00,11.1,70,1010.1,7.6,275,0.0
2025-10-01 06:00:00,11.3,69,1010.4,11.2,273,0.0
2025-10-01 07:00:00,11.9,70,1010.8,12.6,266,0.0
2025-10-01 08:00:00,13.2,69,1010.5,15.3,270,0.0
2025-10-01 09:00:00,14.3,60,1010.7,22.8,265,0.0
2025-10-01 10:00:00,14.9,58,1010.9,28.5,266,0.0
2025-10-01 11:00:00,14.7,61,1010.8,29.3,265,0.0
2025-10-01 12:00:00,15.3,62,1010.0,26.1,263,0.1
2025-10-01 13:00:00,15.2,64,1009.6,25.1,265,0.0
2025-10-01 14:00:00,15.9,59,1009.1,27.9,261,0.0
2025-10-01 15:00:00,15.1,66,1008.7,24.7,262,0.0
2025-10-01 16:00:00,15.2,69,1008.6,26.0,262,0.0
2025-10-01 17:00:00,14.6,76,1008.9,23.4,258,0.0
2025-10-01 18:00:00,14.0,79,1009.1,19.0,258,0.0
2025-10-01 19:00:00,13.2,80,1009.2,17.7,261,0.0
2025-10-01 20:00:00,12.8,82,1009.9,15.0,260,0.0
2025-10-01 21:00:00,13.1,81,1010.4,14.1,254,0.0
2025-10-01 22:00:00,12.9,84,1010.6,13.0,252,0.0
2025-10-01 23:00:00,13.0,85,1011.0,13.4,256,0.0
2025-10-02 00:00:00,12.7,89,1011.3,10.6,246,0.0
2025-10-02 01:00:00,12.9,89,1011.2,8.5,242,0.0
2025-10-02 02:00:00,12.5,91,1010.8,4.6,225,0.0
2025-10-02 03:00:00,11.7,91,1010.7,1.7,221,0.0
2025-10-02 04:00:00,11.5,91,1010.9,1.2,297,0.0
2025-10-02 05:00:00,11.6,91,1011.2,1.1,360,0.0
2025-10-02 06:00:00,12.1,89,1011.6,3.4,328,0.0
2025-10-02 07:00:00,12.5,89,1012.2,7.0,334,0.0
2025-10-02 08:00:00,13.7,83,1012.5,9.0,316,0.0
2025-10-02 09:00:00,14.8,80,1012.9,10.1,297,0.0
2025-10-02 10:00:00,16.4,71,1012.7,15.2,280,0.1
2025-10-02 11:00:00,16.4,73,1012.2,16.5,276,0.0
2025-10-02 12:00:00,17.0,74,1011.3,13.2,277,0.0
2025-10-02 13:00:00,18.4,70,1010.5,17.4,287,0.1
2025-10-02 14:00:00,18.2,73,1009.6,20.1,298,0.0
2025-10-02 15:00:00,18.5,75,1009.1,23.1,290,0.3
2025-10-02 16:00:00,17.8,80,1009.0,24.1,284,0.3
2025-10-02 17:00:00,16.8,87,1009.2,25.8,284,0.2
2025-10-02 18:00:00,16.2,92,1009.3,24.1,282,0.1
2025-10-02 19:00:00,15.9,92,1009.3,21.4,288,0.3
2025-10-02 20:00:00,15.7,92,1009.8,20.0,294,0.1
2025-10-02 21:00:00,15.9,92,1009.8,21.3,290,0.1
2025-10-02 22:00:00,15.9,93,1009.8,22.1,296,0.1
2025-10-02 23:00:00,15.5,94,1009.5,20.4,296,0.8
2025-10-03 00:00:00,15.3,94,1009.3,16.6,286,0.2
2025-10-03 01:00:00,15.0,95,1008.8,11.8,289,2.5
2025-10-03 02:00:00,15.2,97,1008.2,13.1,285,1.2
2025-10-03 03:00:00,15.5,97,1007.9,11.5,284,0.1
2025-10-03 04:00:00,15.2,97,1007.5,12.2,308,0.2
2025-10-03 05:00:00,15.1,98,1007.2,11.4,323,0.0
2025-10-03 06:00:00,15.2,98,1007.1,10.6,339,0.0
2025-10-03 07:00:00,15.7,97,1007.2,11.8,343,0.0
2025-10-03 08:00:00,16.2,95,1007.0,14.5,335,0.0
2025-10-03 09:00:00,16.8,92,1006.9,13.4,333,0.1
2025-10-03 10:00:00,18.0,88,1006.3,12.5,332,0.1
2025-10-03 11:00:00,17.6,89,1005.5,11.8,336,0.7
2025-10-03 12:00:00,17.2,91,1004.8,18.6,333,2.1
2025-10-03 13:00:00,17.0,94,1003.9,9.7,349,2.3
2025-10-03 14:00:00,17.1,93,1002.8,11.9,349,1.9
2025-10-03 15:00:00,16.7,94,1002.1,10.2,352,1.4
2025-10-03 16:00:00,16.9,89,1001.5,9.4,340,0.8
2025-10-03 17:00:00,16.7,91,1001.0,8.5,356,0.7
2025-10-03 18:00:00,16.1,91,1001.0,9.9,25,0.9
2025-10-03 19:00:00,15.6,95,1000.8,9.6,16,1.2
2025-10-03 20:00:00,15.7,93,1000.5,10.1,357,0.3
2025-10-03 21:00:00,15.5,94,1000.4,9.8,6,0.1
2025-10-03 22:00:00,15.4,94,999.5,10.0,30,0.0
2025-10-03 23:00:00,14.8,96,999.1,12.8,40,0.0
2025-10-04 00:00:00,15.6,96,997.7,17.7,41,0.0
2025-10-04 01:00:00,15.4,95,997.6,18.6,15,0.6
2025-10-04 02:00:00,15.4,95,996.3,14.5,8,0.8
2025-10-04 03:00:00,14.9,96,995.4,13.9,354,1.5
2025-10-04 04:00:00,14.5,96,995.3,14.1,353,0.0
2025-10-04 05:00:00,14.5,95,994.7,14.8,357,0.0
2025-10-04 06:00:00,14.9,96,994.3,13.2,6,0.0
2025-10-04 07:00:00,14.9,91,994.6,24.8,327,0.6
2025-10-04 08:00:00,14.6,93,994.8,20.5,325,0.7
2025-10-04 09:00:00,15.8,86,994.6,17.5,323,0.1
2025-10-04 10:00:00,16.3,84,994.5,19.1,304,3.5
2025-10-04 11:00:00,15.6,80,994.5,23.9,288,0.2
2025-10-04 12:00:00,16.7,63,993.9,27.5,285,0.3
2025-10-04 13:00:00,16.1,65,993.6,27.1,286,0.1
2025-10-04 14:00:00,16.3,72,993.2,22.4,290,0.1
2025-10-04 15:00:00,15.5,67,992.7,23.1,291,0.1
2025-10-04 16:00:00,14.4,74,992.5,22.1,293,1.2
2025-10-04 17:00:00,13.8,82,992.5,17.4,293,0.4
2025-10-04 18:00:00,13.0,83,992.8,12.5,311,0.2
2025-10-04 19:00:00,11.9,86,993.1,12.5,314,0.0
2025-10-04 20:00:00,11.6,88,993.5,13.0,314,0.0
2025-10-04 21:00:00,11.1,90,993.7,11.8,316,0.0
2025-10-04 22:00:00,10.7,91,993.2,10.9,329,0.0
2025-10-04 23:00:00,10.1,94,993.5,9.0,345,0.0
2025-10-05 00:00:00,10.5,92,993.3,10.2,352,0.0
2025-10-05 01:00:00,10.3,94,993.2,10.3,349,0.0
2025-10-05 02:00:00,9.9,95,992.6,7.2,335,0.0
2025-10-05 03:00:00,9.2,95,992.0,4.8,333,0.0
2025-10-05 04:00:00,8.9,95,991.7,4.2,350,0.0
2025-10-05 05:00:00,8.7,96,991.9,3.0,14,0.0
2025-10-05 06:00:00,8.9,96,991.9,0.4,27,0.0
2025-10-05 07:00:00,9.8,97,992.5,4.5,241,0.0
2025-10-05 08:00:00,11.5,92,992.5,2.9,266,0.0
2025-10-05 09:00:00,13.3,78,993.0,11.6,242,0.1
2025-10-05 10:00:00,14.6,70,992.8,15.6,246,0.2
2025-10-05 11:00:00,15.4,63,993.1,18.4,253,0.2
2025-10-05 12:00:00,16.4,57,993.1,19.4,251,0.0
2025-10-05 13:00:00,16.1,58,993.1,21.5,252,0.1
2025-10-05 14:00:00,15.9,59,993.1,22.1,258,0.0
2025-10-05 15:00:00,15.4,60,993.2,23.7,264,0.0
2025-10-05 16:00:00,14.5,66,993.7,23.4,267,0.2
2025-10-05 17:00:00,14.0,69,994.2,19.1,271,0.0
2025-10-05 18:00:00,12.9,76,994.7,14.6,280,0.0
2025-10-05 19:00:00,11.7,79,995.3,12.4,291,0.0
2025-10-05 20:00:00,11.1,83,996.1,9.6,300,0.0
2025-10-05 21:00:00,11.0,85,996.3,7.3,327,0.0
2025-10-05 22:00:00,11.1,85,996.7,8.4,344,0.0
2025-10-05 23:00:00,10.5,89,997.0,10.4,1,1.8
2025-10-06 00:00:00,10.9,91,997.1,11.0,357,0.1
2025-10-06 01:00:00,10.9,91,997.0,11.1,8,0.1
2025-10-06 02:00:00,10.9,93,996.7,11.4,26,0.1
2025-10-06 03:00:00,10.8,93,996.6,10.7,35,0.1
2025-10-06 04:00:00,10.5,94,996.7,6.6,68,0.0
2025-10-06 05:00:00,9.9,96,997.6,5.0,120,0.0
2025-10-06 06:00:00,10.7,94,998.2,7.5,159,0.0
2025-10-06 07:00:00,11.3,92,999.3,8.8,206,0.0
2025-10-06 08:00:00,12.2,87,1000.5,11.4,209,0.0
2025-10-06 09:00:00,13.6,80,1001.0,11.2,220,0.1
2025-10-06 10:00:00,15.2,71,1000.8,12.4,214,0.0
2025-10-06 11:00:00,16.4,64,1001.4,17.4,231,0.1
2025-10-06 12:00:00,16.7,64,1001.3,18.6,238,0.0
2025-10-06 13:00:00,16.9,61,1001.5,23.1,246,0.0
2025-10-06 14:00:00,15.8,70,1001.6,24.1,255,0.0
2025-10-06 15:00:00,15.4,73,1001.3,24.6,254,0.1
2025-10-06 16:00:00,15.2,73,1001.5,24.0,257,0.0
2025-10-06 17:00:00,14.2,77,1002.1,23.3,261,0.0
2025-10-06 18:00:00,13.2,81,1002.4,18.6,264,0.0
2025-10-06 19:00:00,12.7,79,1002.7,16.4,266,0.0
2025-10-06 20:00:00,12.0,77,1003.1,13.5,272,0.0
2025-10-06 21:00:00,11.6,78,1002.9,9.9,282,0.0
2025-10-06 22:00:00,11.8,78,1002.5,11.1,302,0.0
2025-10-06 23:00:00,12.5,81,1002.7,16.2,307,0.0
2025-10-07 00:00:00,13.5,76,1003.6,21.9,289,0.0
2025-10-07 01:00:00,13.7,78,1003.0,17.4,314,0.0
2025-10-07 02:00:00,13.6,82,1002.2,18.3,320,0.0
2025-10-07 03:00:00,14.1,85,1001.2,22.4,316,0.1
2025-10-07 04:00:00,14.8,86,1000.1,27.1,315,0.1
2025-10-07 05:00:00,15.3,86,999.2,30.8,312,0.1
2025-10-07 06:00:00,14.7,92,999.8,29.0,296,1.3
2025-10-07 07:00:00,14.7,94,1000.0,25.1,285,4.4
2025-10-07 08:00:00,14.5,93,1000.4,23.6,274,2.6
2025-10-07 09:00:00,14.2,92,1001.2,20.8,279,0.8
2025-10-07 10:00:00,14.6,89,1001.6,25.1,273,0.1
2025-10-07 11:00:00,14.9,84,1002.3,28.6,259,1.3
2025-10-07 12:00:00,15.5,69,1003.4,33.4,250,0.3
2025-10-07 13:00:00,15.1,63,1004.2,35.6,247,0.1
2025-10-07 14:00:00,14.9,65,1004.4,37.5,249,0.0
2025-10-07 15:00:00,14.5,65,1004.7,36.2,246,0.0
2025-10-07 16:00:00,13.9,64,1005.4,33.8,243,0.0
2025-10-07 17:00:00,13.2,67,1006.7,29.9,242,0.0
2025-10-07 18:00:00,12.4,67,1007.8,24.2,242,0.0
2025-10-07 19:00:00,11.6,68,1009.3,20.3,240,0.0
2025-10-07 20:00:00,11.4,68,1010.2,20.3,250,0.0
2025-10-07 21:00:00,11.4,69,1011.4,18.9,246,0.0
2025-10-07 22:00:00,11.2,70,1012.2,14.9,236,0.0
2025-10-07 23:00:00,11.0,72,1013.1,14.1,239,0.0
2025-10-08 00:00:00,10.7,73,1014.1,11.2,238,0.0
2025-10-08 01:00:00,9.4,80,1015.2,6.5,236,0.0
2025-10-08 02:00:00,9.4,80,1015.6,6.8,252,0.0
2025-10-08 03:00:00,9.1,81,1015.9,6.3,263,0.0
2025-10-08 04:00:00,9.3,78,1016.4,4.3,285,0.0
2025-10-08 05:00:00,9.3,76,1017.0,2.8,315,0.0
2025-10-08 06:00:00,9.4,79,1017.7,4.9,327,0.0
2025-10-08 07:00:00,11.2,79,1018.6,6.6,311,0.0
2025-10-08 08:00:00,13.4,73,1019.3,6.1,272,0.0
2025-10-08 09:00:00,14.7,64,1019.9,18.3,253,0.0
2025-10-08 10:00:00,15.2,62,1020.3,20.9,253,0.0
2025-10-08 11:00:00,15.6,59,1020.6,23.1,253,0.0
2025-10-08 12:00:00,16.0,56,1020.2,22.3,253,0.0
2025-10-08 13:00:00,15.9,58,1020.4,22.5,251,0.0
2025-10-08 14:00:00,15.7,59,1020.2,21.9,252,0.0
2025-10-08 15:00:00,15.3,60,1020.1,20.9,251,0.0
2025-10-08 16:00:00,15.1,62,1020.2,20.2,250,0.0
2025-10-08 17:00:00,14.6,66,1020.5,15.9,254,0.0
2025-10-08 18:00:00,13.7,69,1021.5,13.2,259,0.0
2025-10-08 19:00:00,12.6,72,1022.1,8.7,262,0.0
2025-10-08 20:00:00,11.8,77,1022.7,5.5,287,0.0
2025-10-08 21:00:00,11.7,77,1023.3,6.3,309,0.0
2025-10-08 22:00:00,11.8,75,1023.4,7.7,309,0.0
2025-10-08 23:00:00,11.6,77,1023.6,6.8,302,0.0
2025-10-09 00:00:00,9.5,82,1023.3,4.8,299,0.0
2025-10-09 01:00:00,9.4,82,1023.1,3.4,317,0.0
2025-10-09 02:00:00,9.0,83,1023.0,3.8,343,0.0
2025-10-09 03:00:00,8.9,85,1023.1,6.3,347,0.0
2025-10-09 04:00:00,9.3,85,1023.1,7.5,340,0.0
2025-10-09 05:00:00,9.8,82,1023.4,7.8,320,0.0
2025-10-09 06:00:00,9.3,82,1023.4,5.7,319,0.0
2025-10-09 07:00:00,10.8,82,1023.7,8.3,342,0.0
2025-10-09 08:00:00,12.8,78,1023.9,10.1,355,0.0
2025-10-09 09:00:00,14.3,73,1024.2,12.5,340,0.0
2025-10-09 10:00:00,15.1,68,1024.3,15.0,320,0.0
2025-10-09 11:00:00,15.4,68,1024.1,14.8,312,0.0
2025-10-09 12:00:00,15.3,70,1024.2,13.2,321,0.0
2025-10-09 13:00:00,15.3,72,1023.8,11.2,339,0.0
2025-10-09 14:00:00,15.7,74,1023.8,12.2,326,0.1
2025-10-09 15:00:00,15.5,79,1023.3,10.7,329,0.1
2025-10-09 16:00:00,15.5,81,1023.3,9.6,334,0.2
2025-10-09 17:00:00,15.2,85,1023.0,10.3,344,0.4
2025-10-09 18:00:00,14.7,88,1022.9,10.7,13,0.4
2025-10-09 19:00:00,14.7,90,1023.0,13.0,6,0.2
2025-10-09 20:00:00,15.0,93,1023.3,14.9,339,0.0
2025-10-09 21:00:00,15.3,93,1023.5,15.4,323,0.0
2025-10-09 22:00:00,15.4,93,1023.9,14.6,321,0.0
2025-10-09 23:00:00,15.5,93,1024.0,15.7,323,0.0
2025-10-10 00:00:00,15.4,94,1023.4,15.8,328,0.0
2025-10-10 01:00:00,15.6,94,1023.7,14.5,314,0.0
2025-10-10 02:00:00,15.8,94,1023.7,14.9,300,0.1
2025-10-10 03:00:00,15.8,94,1022.6,17.1,307,0.0
2025-10-10 04:00:00,15.5,96,1021.7,17.2,312,0.0
2025-10-10 05:00:00,15.5,95,1021.7,15.6,306,0.0
2025-10-10 06:00:00,15.4,96,1022.1,11.2,310,0.0
2025-10-10 07:00:00,16.0,93,1022.2,16.5,311,0.0
2025-10-10 08:00:00,16.6,87,1022.2,18.7,303,0.0
2025-10-10 09:00:00,17.8,79,1022.8,22.1,294,0.1
2025-10-10 10:00:00,18.8,74,1022.8,24.5,293,0.2
2025-10-10 11:00:00,19.4,73,1022.8,24.7,299,0.2
2025-10-10 12:00:00,19.4,71,1022.5,23.5,300,0.1
2025-10-10 13:00:00,18.9,73,1022.8,25.4,295,0.2
2025-10-10 14:00:00,18.1,78,1022.7,20.7,288,0.0
2025-10-10 15:00:00,17.6,82,1022.2,19.4,287,0.0
2025-10-10 16:00:00,17.4,84,1022.3,17.3,283,0.0
2025-10-10 17:00:00,17.3,84,1022.1,14.9,288,0.0
2025-10-10 18:00:00,16.7,85,1022.1,11.8,297,0.0
2025-10-10 19:00:00,15.4,90,1021.9,8.8,321,0.0
2025-10-10 20:00:00,14.8,93,1022.5,9.5,327,0.0
2025-10-10 21:00:00,15.0,94,1022.5,8.9,333,0.0
2025-10-10 22:00:00,15.5,94,1022.0,10.1,344,0.0
2025-10-10 23:00:00,15.6,94,1021.7,10.8,334,0.0
2025-10-11 00:00:00,15.7,93,1021.9,10.5,327,0.0
2025-10-11 01:00:00,15.8,93,1021.5,11.9,331,0.0
2025-10-11 02:00:00,15.7,93,1021.4,11.8,332,0.0
2025-10-11 03:00:00,15.8,93,1021.1,12.1,325,0.0
2025-10-11 04:00:00,16.1,92,1020.7,14.2,331,0.0
2025-10-11 05:00:00,16.2,91,1020.8,14.6,330,0.0
2025-10-11 06:00:00,15.7,92,1021.2,13.0,327,0.0
2025-10-11 07:00:00,16.2,90,1021.6,13.5,322,0.0
2025-10-11 08:00:00,16.7,88,1021.7,17.7,317,0.1
2025-10-11 09:00:00,17.5,83,1021.5,20.6,307,0.2
2025-10-11 10:00:00,17.3,86,1021.5,19.9,307,0.2
2025-10-11 11:00:00,17.9,83,1021.7,23.4,303,0.3
2025-10-11 12:00:00,18.5,78,1020.9,23.7,298,0.3
2025-10-11 13:00:00,19.1,76,1020.8,25.1,299,0.2
2025-10-11 14:00:00,19.6,73,1020.2,24.2,295,0.1
2025-10-11 15:00:00,19.4,74,1019.9,23.0,294,0.1
2025-10-11 16:00:00,18.8,76,1019.7,19.9,295,0.0
2025-10-11 17:00:00,18.3,78,1019.7,17.2,300,0.0
2025-10-11 18:00:00,17.4,82,1019.5,13.5,307,0.0
2025-10-11 19:00:00,16.0,86,1020.0,11.7,313,0.0
2025-10-11 20:00:00,15.1,90,1020.3,10.3,319,0.0
2025-10-11 21:00:00,14.5,92,1020.2,9.5,338,0.0
2025-10-11 22:00:00,13.9,93,1020.2,10.1,343,0.0
2025-10-11 23:00:00,13.6,93,1020.1,10.4,339,0.0
2025-10-12 00:00:00,13.9,93,1020.1,11.1,344,0.0
2025-10-12 01:00:00,14.7,91,1020.0,12.2,340,0.0
2025-10-12 02:00:00,14.9,90,1019.5,12.1,340,0.0
2025-10-12 03:00:00,15.0,90,1019.2,12.8,336,0.0
2025-10-12 04:00:00,14.7,91,1018.8,13.1,333,0.0
2025-10-12 05:00:00,14.6,92,1018.4,14.4,338,0.0
2025-10-12 06:00:00,14.5,92,1017.9,14.2,348,0.1
2025-10-12 07:00:00,14.8,91,1017.4,13.6,355,0.0
2025-10-12 08:00:00,15.5,89,1017.7,11.4,334,0.0
2025-10-12 09:00:00,16.9,83,1017.6,17.8,322,0.0
2025-10-12 10:00:00,18.7,71,1017.5,31.2,306,0.1
2025-10-12 11:00:00,19.0,68,1017.3,34.4,300,0.1
2025-10-12 12:00:00,19.0,69,1016.7,31.7,296,0.2
2025-10-12 13:00:00,18.9,71,1016.2,27.5,297,0.0
2025-10-12 14:00:00,18.2,78,1015.5,23.9,298,0.0
2025-10-12 15:00:00,18.3,78,1015.2,25.9,293,0.0
2025-10-12 16:00:00,17.8,82,1015.0,23.6,295,0.0
2025-10-12 17:00:00,17.9,81,1014.9,22.8,302,0.0
2025-10-12 18:00:00,17.1,83,1015.2,20.6,298,0.0
2025-10-12 19:00:00,16.7,84,1015.1,17.5,302,0.0
2025-10-12 20:00:00,16.6,85,1015.2,17.2,310,0.0
2025-10-12 21:00:00,16.3,87,1015.3,18.5,314,0.0
2025-10-12 22:00:00,15.7,90,1015.3,16.3,311,0.0
2025-10-12 23:00:00,15.6,92,1015.1,15.1,315,0.0
2025-10-13 00:00:00,15.7,92,1014.8,14.3,319,0.0
2025-10-13 01:00:00,15.8,93,1014.8,16.7,324,0.0
2025-10-13 02:00:00,16.3,91,1014.2,20.6,320,0.4
2025-10-13 03:00:00,16.3,93,1013.7,20.1,310,0.2
2025-10-13 04:00:00,16.4,93,1013.7,18.2,305,0.1
2025-10-13 05:00:00,16.2,95,1013.7,15.7,306,0.0
2025-10-13 06:00:00,16.3,96,1013.8,16.7,310,0.0
2025-10-13 07:00:00,17.0,93,1014.0,19.7,309,0.1
2025-10-13 08:00:00,17.5,89,1014.0,19.9,301,0.4
2025-10-13 09:00:00,18.2,84,1014.0,24.0,298,0.2
2025-10-13 10:00:00,19.5,83,1013.7,21.2,304,0.0
2025-10-13 11:00:00,20.0,79,1013.2,23.7,302,0.1
2025-10-13 12:00:00,19.9,74,1011.9,31.2,302,0.2
2025-10-13 13:00:00,19.1,81,1011.1,28.8,309,0.5
2025-10-13 14:00:00,18.4,87,1010.5,26.3,314,0.5
2025-10-13 15:00:00,19.0,81,1010.0,27.3,311,0.3
2025-10-13 16:00:00,17.9,90,1009.6,25.4,311,0.4
2025-10-13 17:00:00,17.7,87,1009.5,29.6,309,0.5
2025-10-13 18:00:00,17.2,93,1008.8,27.9,315,0.6
2025-10-13 19:00:00,17.2,91,1008.9,27.3,311,0.2
2025-10-13 20:00:00,17.1,91,1008.8,25.6,312,0.4
2025-10-13 21:00:00,16.9,93,1008.5,23.7,319,0.4
2025-10-13 22:00:00,16.6,94,1007.8,25.9,326,0.9
2025-10-13 23:00:00,16.5,94,1007.5,26.6,328,0.7
2025-10-14 00:00:00,16.9,94,1006.6,28.5,323,0.9
2025-10-14 01:00:00,17.0,94,1006.1,29.7,319,0.8
2025-10-14 02:00:00,17.0,94,1005.9,29.1,319,0.6
2025-10-14 03:00:00,16.8,94,1005.1,25.6,324,0.9
2025-10-14 04:00:00,16.6,95,1004.9,25.7,319,0.9
2025-10-14 05:00:00,16.6,94,1004.5,25.4,320,1.3
2025-10-14 06:00:00,16.3,93,1004.7,24.7,314,2.3
2025-10-14 07:00:00,16.2,93,1004.7,21.8,320,2.0
2025-10-14 08:00:00,16.1,94,1004.4,18.8,328,3.1
2025-10-14 09:00:00,16.0,95,1003.6,19.0,355,4.8
2025-10-14 10:00:00,16.0,95,1002.7,24.4,345,3.2
2025-10-14 11:00:00,16.3,94,1002.2,28.4,334,3.3
2025-10-14 12:00:00,16.3,92,1000.8,20.1,298,2.6
2025-10-14 13:00:00,18.1,79,1001.1,18.9,279,0.1
2025-10-14 14:00:00,16.8,84,1000.8,21.9,282,0.2
2025-10-14 15:00:00,16.5,75,1000.7,27.9,276,0.1
2025-10-14 16:00:00,15.8,83,1000.8,24.0,273,0.1
2025-10-14 17:00:00,14.6,82,1001.7,26.4,259,0.1
2025-10-14 18:00:00,14.2,83,1002.4,22.3,256,0.0
2025-10-14 19:00:00,13.6,83,1003.3,19.1,251,0.0
2025-10-14 20:00:00,12.9,83,1004.4,18.6,250,0.0
2025-10-14 21:00:00,12.4,88,1005.2,14.7,248,0.0
2025-10-14 22:00:00,12.0,91,1006.1,11.4,254,0.0
2025-10-14 23:00:00,11.6,90,1006.8,11.9,266,0.0
2025-10-15 00:00:00,11.5,83,1007.8,16.1,248,0.0
2025-10-15 01:00:00,11.3,85,1008.5,15.8,253,0.0
2025-10-15 02:00:00,11.1,88,1008.6,13.0,251,0.0
2025-10-15 03:00:00,10.8,90,1009.2,10.8,246,0.0
2025-10-15 04:00:00,10.2,91,1009.8,8.1,239,0.0
2025-10-15 05:00:00,9.4,92,1010.7,5.9,243,0.0
2025-10-15 06:00:00,9.4,91,1011.5,5.8,265,0.0
2025-10-15 07:00:00,11.6,87,1012.0,10.4,256,0.0
2025-10-15 08:00:00,13.2,77,1012.4,12.3,243,0.0
2025-10-15 09:00:00,14.4,66,1012.8,20.4,243,0.1
2025-10-15 10:00:00,14.5,64,1012.8,20.9,247,0.0
2025-10-15 11:00:00,15.2,62,1012.7,21.3,251,0.0
2025-10-15 12:00:00,15.1,61,1012.5,21.9,248,0.0
2025-10-15 13:00:00,15.4,61,1012.3,22.4,249,0.1
2025-10-15 14:00:00,15.7,59,1012.1,22.6,250,0.0
2025-10-15 15:00:00,15.2,59,1011.9,24.5,248,0.1
2025-10-15 16:00:00,14.3,64,1012.3,21.9,246,0.0
2025-10-15 17:00:00,13.8,69,1012.4,20.3,246,0.0
2025-10-15 18:00:00,13.0,72,1012.7,15.4,249,0.0
2025-10-15 19:00:00,11.9,75,1013.3,14.3,253,0.0
2025-10-15 20:00:00,11.4,78,1014.0,11.9,259,0.0
2025-10-15 21:00:00,11.1,80,1014.4,9.6,261,0.0
2025-10-15 22:00:00,11.0,81,1014.4,7.6,275,0.0
2025-10-15 23:00:00,11.0,81,1014.3,8.7,276,0.0
2025-10-16 00:00:00,11.2,80,1014.4,9.7,268,0.0
2025-10-16 01:00:00,11.0,82,1014.2,9.2,268,0.0
2025-10-16 02:00:00,11.0,84,1013.8,8.8,272,0.0
2025-10-16 03:00:00,11.3,83,1014.0,11.2,265,0.0
2025-10-16 04:00:00,11.8,81,1013.8,9.8,265,0.0
2025-10-16 05:00:00,11.1,84,1014.0,7.6,265,0.0
2025-10-16 06:00:00,11.7,81,1014.5,10.3,271,0.0
2025-10-16 07:00:00,13.4,78,1014.7,13.7,265,0.0
2025-10-16 08:00:00,15.1,73,1015.0,20.2,258,0.0
2025-10-16 09:00:00,15.4,73,1015.2,24.0,259,0.0
2025-10-16 10:00:00,16.3,69,1015.1,24.3,256,0.0
2025-10-16 11:00:00,17.2,65,1015.1,25.9,254,0.0
2025-10-16 12:00:00,17.4,59,1014.9,25.5,245,0.0
2025-10-16 13:00:00,17.2,58,1014.6,24.7,249,0.0
2025-10-16 14:00:00,17.2,59,1014.4,26.4,249,0.0
2025-10-16 15:00:00,16.6,59,1014.2,28.9,243,0.0
2025-10-16 16:00:00,15.9,61,1014.4,28.4,242,0.0
2025-10-16 17:00:00,15.2,68,1014.6,22.8,243,0.0
2025-10-16 18:00:00,14.3,72,1014.6,20.0,248,0.0
2025-10-16 19:00:00,13.2,75,1015.9,14.0,226,0.0
2025-10-16 20:00:00,12.8,79,1016.7,11.9,240,0.0
2025-10-16 21:00:00,12.4,82,1016.5,13.2,255,0.0
2025-10-16 22:00:00,12.0,86,1017.2,11.2,228,0.0
2025-10-16 23:00:00,11.0,90,1017.3,7.1,210,0.0
2025-10-17 00:00:00,10.5,89,1017.6,6.9,165,0.0
2025-10-17 01:00:00,9.5,90,1017.7,2.7,212,0.0
2025-10-17 02:00:00,8.8,92,1018.1,3.6,171,0.0
2025-10-17 03:00:00,8.4,92,1018.5,7.3,142,0.0
2025-10-17 04:00:00,7.6,93,1018.9,5.4,143,0.0
2025-10-17 05:00:00,6.9,92,1019.3,3.5,141,0.0
2025-10-17 06:00:00,7.2,93,1020.0,4.6,141,0.0
2025-10-17 07:00:00,9.0,90,1020.7,5.7,148,0.0
2025-10-17 08:00:00,11.4,83,1021.2,3.4,148,0.0
2025-10-17 09:00:00,13.4,75,1021.5,2.2,175,0.0
2025-10-17 10:00:00,15.0,72,1021.4,1.3,270,0.0
2025-10-17 11:00:00,16.6,65,1021.4,4.2,340,0.0
2025-10-17 12:00:00,17.9,58,1020.4,6.4,322,0.0
2025-10-17 13:00:00,18.5,55,1020.0,7.3,303,0.0
2025-10-17 14:00:00,18.8,53,1019.5,7.1,300,0.0
2025-10-17 15:00:00,19.0,53,1018.8,7.0,305,0.0
2025-10-17 16:00:00,19.0,52,1018.6,8.6,296,0.0
2025-10-17 17:00:00,17.4,67,1018.6,16.4,269,0.0
2025-10-17 18:00:00,15.4,77,1018.6,13.9,264,0.0
2025-10-17 19:00:00,13.8,81,1018.9,10.4,285,0.0
2025-10-17 20:00:00,12.6,83,1019.4,8.7,297,0.0
2025-10-17 21:00:00,11.3,87,1019.4,5.1,306,0.0
2025-10-17 22:00:00,10.4,90,1019.4,4.5,337,0.0
2025-10-17 23:00:00,9.7,92,1019.3,4.2,353,0.0
2025-10-18 00:00:00,9.5,93,1019.0,3.4,6,0.0
2025-10-18 01:00:00,8.9,95,1018.5,3.9,13,0.0
2025-10-18 02:00:00,8.5,96,1018.2,3.9,22,0.0
2025-10-18 03:00:00,8.0,97,1018.1,3.9,24,0.0
2025-10-18 04:00:00,7.8,98,1017.8,3.4,47,0.0
2025-10-18 05:00:00,7.8,98,1017.5,3.7,55,0.0
2025-10-18 06:00:00,8.2,97,1017.5,5.3,38,0.0
2025-10-18 07:00:00,10.3,96,1018.1,5.0,358,0.0
2025-10-18 08:00:00,12.5,89,1018.4,3.8,329,0.0
2025-10-18 09:00:00,14.6,80,1018.2,6.7,314,0.0
2025-10-18 10:00:00,16.0,73,1017.8,12.0,305,0.1
2025-10-18 11:00:00,16.6,71,1017.5,14.8,303,0.1
2025-10-18 12:00:00,17.3,65,1016.7,16.1,295,0.1
2025-10-18 13:00:00,17.3,64,1016.1,17.3,293,0.1
2025-10-18 14:00:00,17.5,64,1015.7,16.5,297,0.0
2025-10-18 15:00:00,17.2,64,1015.3,17.8,290,0.0
2025-10-18 16:00:00,16.4,65,1015.2,17.1,278,0.0
2025-10-18 17:00:00,15.8,67,1015.1,13.7,272,0.0
2025-10-18 18:00:00,15.2,74,1014.7,9.4,269,0.0
2025-10-18 19:00:00,12.7,85,1014.8,5.5,279,0.0
2025-10-18 20:00:00,11.8,86,1014.9,2.6,344,0.0
2025-10-18 21:00:00,10.8,89,1015.0,3.8,3,0.0
2025-10-18 22:00:00,10.6,90,1015.2,5.4,8,0.0
2025-10-18 23:00:00,10.5,91,1015.0,6.5,5,0.0
2025-10-19 00:00:00,10.7,93,1014.8,5.8,4,0.0
2025-10-19 01:00:00,11.8,91,1014.6,4.4,351,0.0
2025-10-19 02:00:00,12.2,89,1014.2,5.0,345,0.0
2025-10-19 03:00:00,12.1,88,1014.2,5.6,345,0.0
2025-10-19 04:00:00,11.5,89,1014.2,8.0,344,0.0
2025-10-19 05:00:00,11.5,89,1014.4,10.2,343,0.0
2025-10-19 06:00:00,12.2,89,1014.6,13.0,342,0.0
2025-10-19 07:00:00,13.5,90,1014.7,13.3,351,0.0
2025-10-19 08:00:00,15.6,85,1015.0,12.9,333,0.0
2025-10-19 09:00:00,16.9,78,1015.0,19.7,313,0.1
2025-10-19 10:00:00,17.8,73,1015.1,21.3,297,0.3
2025-10-19 11:00:00,18.6,69,1014.9,23.1,292,0.1
2025-10-19 12:00:00,19.0,65,1014.2,22.4,293,0.0
2025-10-19 13:00:00,19.2,65,1014.3,24.0,283,0.0
2025-10-19 14:00:00,18.8,67,1014.0,23.6,280,0.0
2025-10-19 15:00:00,18.5,69,1013.3,24.1,284,0.0
2025-10-19 16:00:00,18.2,69,1013.1,26.7,280,0.0
2025-10-19 17:00:00,17.2,78,1013.3,21.8,283,0.0
2025-10-19 18:00:00,16.7,81,1013.6,17.1,291,0.0
2025-10-19 19:00:00,16.2,85,1013.9,16.7,290,0.1
2025-10-19 20:00:00,15.8,89,1014.6,15.0,293,0.2
2025-10-19 21:00:00,15.1,93,1015.1,11.2,294,0.0
2025-10-19 22:00:00,14.3,94,1015.8,8.6,271,0.0
2025-10-19 23:00:00,13.7,94,1016.6,6.1,265,0.0
2025-10-20 00:00:00,14.5,92,1016.5,2.9,266,0.0
2025-10-20 01:00:00,13.8,93,1016.6,2.5,274,0.0
2025-10-20 02:00:00,13.0,95,1016.7,2.3,247,0.0
2025-10-20 03:00:00,11.6,98,1016.7,3.5,195,0.0
2025-10-20 04:00:00,10.2,99,1016.8,3.4,164,0.0
2025-10-20 05:00:00,9.8,97,1016.8,1.3,124,0.0
2025-10-20 06:00:00,11.0,92,1016.8,1.7,108,0.0
2025-10-20 07:00:00,12.6,90,1017.0,1.1,72,0.0
2025-10-20 08:00:00,14.5,88,1017.0,2.7,328,0.0
2025-10-20 09:00:00,17.3,78,1017.1,13.5,283,0.0
2025-10-20 10:00:00,18.2,72,1016.8,18.4,278,0.2
2025-10-20 11:00:00,19.1,68,1016.6,19.6,283,0.0
2025-10-20 12:00:00,19.5,64,1016.2,23.1,285,0.1
2025-10-20 13:00:00,20.2,64,1015.8,22.5,285,0.0
2025-10-20 14:00:00,20.0,65,1015.3,21.6,283,0.0
2025-10-20 15:00:00,19.4,67,1014.9,21.6,285,0.0
2025-10-20 16:00:00,18.7,67,1015.2,22.0,287,0.0
2025-10-20 17:00:00,17.9,73,1015.5,19.9,288,0.0
2025-10-20 18:00:00,17.0,80,1015.2,15.9,288,0.0
2025-10-20 19:00:00,15.6,87,1015.2,14.1,297,0.0
2025-10-20 20:00:00,15.0,91,1015.2,13.5,313,0.0
2025-10-20 21:00:00,14.7,92,1015.2,12.7,316,0.0
2025-10-20 22:00:00,14.7,92,1015.1,12.6,316,0.0
2025-10-20 23:00:00,14.8,92,1015.0,14.6,320,0.0
2025-10-21 00:00:00,14.8,90,1014.5,16.9,315,0.0
2025-10-21 01:00:00,14.9,91,1014.1,17.4,307,0.0
2025-10-21 02:00:00,15.1,89,1013.4,18.8,307,0.0
2025-10-21 03:00:00,15.2,89,1012.9,19.5,309,0.0
2025-10-21 04:00:00,15.3,89,1012.4,20.4,316,0.0
2025-10-21 05:00:00,15.3,90,1012.1,19.4,313,0.0
2025-10-21 06:00:00,15.2,91,1012.8,16.2,307,0.0
2025-10-21 07:00:00,16.8,85,1013.0,21.7,303,0.0
2025-10-21 08:00:00,17.8,83,1012.9,28.0,298,0.1
2025-10-21 09:00:00,18.2,81,1012.9,30.3,297,0.2
2025-10-21 10:00:00,19.0,77,1013.0,31.4,293,0.3
2025-10-21 11:00:00,19.6,74,1012.7,36.2,295,0.2
2025-10-21 12:00:00,19.4,76,1012.5,34.5,295,0.0
2025-10-21 13:00:00,19.9,72,1012.0,38.1,293,0.2
2025-10-21 14:00:00,18.6,76,1011.4,33.3,299,0.0
2025-10-21 15:00:00,18.7,76,1011.2,32.8,297,0.0
2025-10-21 16:00:00,18.3,77,1011.1,31.8,297,0.0
2025-10-21 17:00:00,17.7,81,1011.1,30.1,297,0.0
2025-10-21 18:00:00,17.6,84,1010.4,29.1,297,0.0
2025-10-21 19:00:00,17.0,86,1010.4,27.4,297,0.0
2025-10-21 20:00:00,16.8,88,1010.5,27.5,298,0.0
2025-10-21 21:00:00,16.8,88,1010.6,27.8,297,0.0
2025-10-21 22:00:00,17.0,88,1010.6,28.9,297,0.0
2025-10-21 23:00:00,17.1,88,1010.4,29.4,297,0.1
2025-10-22 00:00:00,17.0,91,1010.7,28.4,290,0.3
2025-10-22 01:00:00,16.9,93,1010.4,28.7,286,0.7
2025-10-22 02:00:00,16.4,96,1010.4,20.1,264,0.7
2025-10-22 03:00:00,15.8,91,1010.4,11.8,244,0.1
2025-10-22 04:00:00,15.5,88,1010.5,10.3,254,0.0
2025-10-22 05:00:00,15.4,89,1011.0,9.2,254,0.0
2025-10-22 06:00:00,14.1,92,1011.7,3.3,241,0.0
2025-10-22 07:00:00,14.6,87,1012.4,5.1,264,0.0
2025-10-22 08:00:00,15.4,82,1012.6,7.8,285,0.0
2025-10-22 09:00:00,16.6,77,1012.9,8.6,286,0.0
2025-10-22 10:00:00,18.2,69,1013.0,16.0,278,0.0
2025-10-22 11:00:00,18.7,68,1012.9,17.0,279,0.0
2025-10-22 12:00:00,19.9,64,1011.9,14.9,278,0.0
2025-10-22 13:00:00,20.1,62,1012.1,18.4,272,0.0
2025-10-22 14:00:00,19.9,65,1011.7,16.1,274,0.0
2025-10-22 15:00:00,19.7,67,1011.5,17.1,273,0.0
2025-10-22 16:00:00,19.0,70,1011.3,17.4,277,0.0
2025-10-22 17:00:00,17.9,74,1011.4,16.2,273,0.0
2025-10-22 18:00:00,17.0,80,1011.1,12.3,282,0.0
2025-10-22 19:00:00,15.4,87,1011.2,10.5,290,0.0
2025-10-22 20:00:00,14.7,91,1012.5,9.9,291,0.0
2025-10-22 21:00:00,14.4,93,1012.7,5.2,311,0.0
2025-10-22 22:00:00,15.0,93,1012.6,2.7,340,0.0
2025-10-22 23:00:00,15.8,92,1012.3,3.1,28,0.0
2025-10-23 00:00:00,15.6,94,1011.5,6.9,351,0.0
2025-10-23 01:00:00,16.2,96,1010.8,9.0,329,0.0
2025-10-23 02:00:00,16.7,95,1010.1,15.0,309,0.0
2025-10-23 03:00:00,16.8,93,1009.3,17.1,302,0.0
2025-10-23 04:00:00,16.8,93,1008.9,17.7,309,0.0
2025-10-23 05:00:00,16.4,91,1009.0,17.4,305,0.0
2025-10-23 06:00:00,16.6,92,1009.1,14.8,312,0.0
2025-10-23 07:00:00,17.1,90,1009.4,23.3,300,0.1
2025-10-23 08:00:00,17.9,89,1009.0,15.1,310,0.1
2025-10-23 09:00:00,19.2,82,1008.7,26.9,296,0.4
2025-10-23 10:00:00,20.2,77,1008.6,32.4,297,0.4
2025-10-23 11:00:00,20.2,80,1008.5,34.0,300,0.3
2025-10-23 12:00:00,20.0,82,1006.8,30.5,305,0.3
2025-10-23 13:00:00,19.7,84,1005.5,34.2,305,0.2
2025-10-23 14:00:00,20.1,86,1004.3,27.7,315,0.2
2025-10-23 15:00:00,20.2,84,1003.3,30.1,313,0.0
2025-10-23 16:00:00,19.8,85,1003.1,29.7,308,0.0
2025-10-23 17:00:00,18.9,86,1003.0,31.6,310,0.2
2025-10-23 18:00:00,18.6,89,1001.9,29.0,314,0.1
2025-10-23 19:00:00,18.3,90,1002.0,31.0,308,0.6
2025-10-23 20:00:00,18.1,92,1001.9,30.7,309,1.0
2025-10-23 21:00:00,17.7,95,1002.6,30.0,293,4.9
2025-10-23 22:00:00,17.1,94,1003.8,22.0,262,4.4
2025-10-23 23:00:00,15.9,91,1003.8,13.0,276,1.4
2025-10-24 00:00:00,15.3,89,1004.1,12.5,277,0.1
2025-10-24 01:00:00,15.0,90,1004.6,11.0,271,0.1
2025-10-24 02:00:00,14.7,91,1004.7,12.3,282,0.0
2025-10-24 03:00:00,15.1,91,1004.6,13.1,278,0.0
2025-10-24 04:00:00,15.0,92,1005.0,12.8,264,0.0
2025-10-24 05:00:00,13.9,94,1005.4,11.2,252,0.0
2025-10-24 06:00:00,13.7,93,1006.4,12.4,248,0.0
2025-10-24 07:00:00,14.6,88,1007.4,11.6,238,0.0
2025-10-24 08:00:00,15.5,81,1007.8,13.4,227,0.0
2025-10-24 09:00:00,16.0,69,1008.0,14.4,233,0.0
2025-10-24 10:00:00,16.6,65,1008.0,14.0,229,0.0
2025-10-24 11:00:00,17.4,64,1008.0,11.4,244,0.0
2025-10-24 12:00:00,18.0,61,1007.2,13.1,247,0.0
2025-10-24 13:00:00,18.1,61,1007.3,14.3,252,0.0
2025-10-24 14:00:00,17.9,62,1006.9,14.0,263,0.0
2025-10-24 15:00:00,17.4,64,1006.5,14.9,272,0.0
2025-10-24 16:00:00,16.6,65,1006.4,15.9,264,0.0
2025-10-24 17:00:00,16.1,65,1006.3,15.8,238,0.0
2025-10-24 18:00:00,15.0,73,1006.0,12.3,259,0.0
2025-10-24 19:00:00,13.1,78,1005.9,9.7,269,0.0
2025-10-24 20:00:00,12.3,81,1006.0,6.1,268,0.0
2025-10-24 21:00:00,10.4,87,1006.0,4.9,270,0.0
2025-10-24 22:00:00,9.5,90,1005.9,4.4,263,0.0
2025-10-24 23:00:00,9.0,91,1005.6,1.3,214,0.0
2025-10-25 00:00:00,8.6,93,1005.2,2.0,180,0.0
2025-10-25 01:00:00,7.3,98,1004.6,1.5,194,0.0
2025-10-25 02:00:00,6.6,100,1004.0,1.7,193,0.0
2025-10-25 03:00:00,6.4,100,1003.6,1.5,150,0.0
2025-10-25 04:00:00,6.1,100,1003.0,2.9,137,0.0
2025-10-25 05:00:00,6.0,99,1002.8,3.1,126,0.0
2025-10-25 06:00:00,7.2,97,1003.1,3.7,125,0.0
2025-10-25 07:00:00,9.3,92,1003.4,3.1,83,0.0
2025-10-25 08:00:00,12.0,82,1003.2,2.4,48,0.0
2025-10-25 09:00:00,14.2,74,1003.1,4.3,265,0.0
2025-10-25 10:00:00,15.2,63,1002.6,19.8,240,0.0
2025-10-25 11:00:00,15.5,59,1002.5,21.7,244,0.0
2025-10-25 12:00:00,16.0,57,1001.5,23.8,243,0.0
2025-10-25 13:00:00,15.8,56,1001.3,22.9,242,0.0
2025-10-25 14:00:00,15.4,61,1001.0,23.5,244,0.0
2025-10-25 15:00:00,15.9,57,1000.3,24.1,240,0.0
2025-10-25 16:00:00,15.6,60,1000.2,22.3,241,0.0
2025-10-25 17:00:00,15.3,65,1000.5,19.7,249,0.0
2025-10-25 18:00:00,14.5,68,1000.2,13.3,257,0.0
2025-10-25 19:00:00,13.2,72,1000.4,13.5,272,0.0
2025-10-25 20:00:00,12.9,75,1001.0,17.5,271,0.0
2025-10-25 21:00:00,12.5,81,1001.3,14.8,267,0.1
2025-10-25 22:00:00,12.5,85,1001.5,17.2,255,0.1
2025-10-25 23:00:00,12.3,85,1001.9,14.1,257,0.0
2025-10-26 00:00:00,11.6,82,1001.8,13.0,256,0.0
2025-10-26 01:00:00,11.4,80,1001.8,14.1,254,0.0
2025-10-26 02:00:00,11.2,80,1002.0,15.2,244,0.0
2025-10-26 03:00:00,11.1,81,1002.3,16.0,246,0.0
2025-10-26 04:00:00,11.2,80,1002.4,15.1,245,0.0
2025-10-26 05:00:00,10.7,80,1002.5,11.2,246,0.0
2025-10-26 06:00:00,10.6,84,1002.4,8.3,264,0.0
2025-10-26 07:00:00,12.5,78,1003.1,11.9,260,0.0
2025-10-26 08:00:00,14.0,69,1003.7,19.2,251,0.2
2025-10-26 09:00:00,14.6,64,1004.0,23.1,257,0.1
2025-10-26 10:00:00,15.2,61,1004.4,26.3,263,0.1
2025-10-26 11:00:00,15.8,59,1004.6,27.1,264,0.1
2025-10-26 12:00:00,16.2,57,1004.9,28.1,263,0.1
2025-10-26 13:00:00,16.0,60,1005.0,26.7,265,0.1
2025-10-26 14:00:00,16.0,61,1004.7,26.5,268,0.1
2025-10-26 15:00:00,16.2,61,1004.3,25.6,273,0.1
2025-10-26 16:00:00,15.8,62,1004.4,23.8,273,0.1
2025-10-26 17:00:00,15.2,65,1004.3,21.4,278,0.0
2025-10-26 18:00:00,14.5,72,1004.5,18.1,279,0.0
2025-10-26 19:00:00,13.5,75,1004.8,16.5,283,0.0
2025-10-26 20:00:00,13.4,76,1005.4,14.6,290,0.0
2025-10-26 21:00:00,13.4,76,1006.1,14.5,293,0.0
2025-10-26 22:00:00,13.7,76,1006.2,16.5,301,0.0
2025-10-26 23:00:00,14.0,75,1006.0,14.4,308,0.0
2025-10-27 00:00:00,13.5,78,1005.2,15.4,328,0.0
2025-10-27 01:00:00,14.0,80,1005.0,19.6,311,0.3
2025-10-27 02:00:00,14.2,80,1004.6,18.7,313,0.3
2025-10-27 03:00:00,14.2,82,1004.5,20.0,316,0.1
2025-10-27 04:00:00,14.2,82,1004.4,19.0,318,0.7
2025-10-27 05:00:00,14.0,85,1004.6,19.9,314,0.4
2025-10-27 06:00:00,14.1,86,1005.1,18.7,313,0.4
2025-10-27 07:00:00,14.3,86,1005.2,18.1,329,0.2
2025-10-27 08:00:00,15.8,82,1004.8,17.2,339,0.0
2025-10-27 09:00:00,16.7,76,1004.5,24.2,341,0.2
2025-10-27 10:00:00,17.6,71,1004.5,26.9,334,0.0
2025-10-27 11:00:00,17.9,68,1003.3,25.7,336,0.0
2025-10-27 12:00:00,18.6,63,1002.1,24.3,341,0.0
2025-10-27 13:00:00,19.2,64,1000.5,28.9,343,0.0
2025-10-27 14:00:00,18.5,73,999.3,29.0,354,0.3
2025-10-27 15:00:00,17.7,81,998.6,33.2,340,0.4
2025-10-27 16:00:00,17.1,84,997.9,30.2,343,0.5
2025-10-27 17:00:00,17.5,82,996.5,31.3,349,0.1
2025-10-27 18:00:00,16.7,89,996.2,31.6,344,0.4
2025-10-27 19:00:00,16.5,91,996.1,27.4,334,2.0
2025-10-27 20:00:00,17.2,89,996.5,29.2,331,0.3
2025-10-27 21:00:00,17.2,91,996.4,28.6,335,0.5
2025-10-27 22:00:00,17.5,91,995.8,29.1,338,0.0
2025-10-27 23:00:00,17.8,90,995.0,29.3,337,0.0
2025-10-28 00:00:00,17.0,91,993.5,25.6,350,0.1
2025-10-28 01:00:00,16.7,94,993.3,28.4,338,8.7
2025-10-28 02:00:00,16.6,95,991.6,24.3,343,3.8
2025-10-28 03:00:00,16.5,95,990.7,17.6,340,10.2
2025-10-28 04:00:00,16.6,95,990.6,23.6,305,0.9
2025-10-28 05:00:00,17.1,95,990.8,27.2,291,0.1
2025-10-28 06:00:00,15.8,91,991.6,19.3,288,0.4
2025-10-28 07:00:00,16.7,88,991.7,16.4,287,0.0
2025-10-28 08:00:00,17.1,84,991.5,16.1,295,0.0
2025-10-28 09:00:00,16.1,82,991.5,24.7,290,1.8
2025-10-28 10:00:00,17.2,74,991.7,30.3,281,0.2
2025-10-28 11:00:00,16.3,75,992.1,32.8,281,0.7
2025-10-28 12:00:00,15.0,80,991.0,32.6,268,0.5
2025-10-28 13:00:00,12.3,72,994.0,36.2,236,0.1
2025-10-28 14:00:00,12.1,76,996.1,32.4,252,1.1
2025-10-28 15:00:00,10.8,82,997.2,29.9,244,1.3
2025-10-28 16:00:00,12.3,77,998.2,27.4,255,0.3
2025-10-28 17:00:00,11.5,71,999.9,33.9,253,0.2
2025-10-28 18:00:00,11.1,68,1001.7,30.1,250,0.0
2025-10-28 19:00:00,10.8,63,1003.6,25.6,242,0.0
2025-10-28 20:00:00,10.6,60,1005.4,23.8,248,0.0
2025-10-28 21:00:00,10.5,59,1006.7,21.5,249,0.0
2025-10-28 22:00:00,10.6,59,1007.6,20.6,247,0.0
2025-10-28 23:00:00,10.9,61,1008.8,22.0,251,0.0
2025-10-29 00:00:00,10.8,62,1009.7,20.3,260,0.0
2025-10-29 01:00:00,10.8,64,1010.1,19.0,255,0.0
2025-10-29 02:00:00,10.6,66,1010.4,16.4,258,0.0
2025-10-29 03:00:00,10.9,66,1010.8,16.1,266,0.0
2025-10-29 04:00:00,11.4,65,1011.3,17.0,265,0.0
2025-10-29 05:00:00,11.3,66,1012.1,17.2,265,0.0
2025-10-29 06:00:00,11.2,72,1012.6,13.0,280,0.0
2025-10-29 07:00:00,12.8,70,1013.4,17.9,273,0.0
2025-10-29 08:00:00,14.3,63,1013.6,22.3,268,0.0
2025-10-29 09:00:00,15.3,58,1014.1,28.5,262,0.0
2025-10-29 10:00:00,15.7,59,1014.9,33.4,261,0.0
2025-10-29 11:00:00,15.3,62,1015.4,34.3,262,0.0
2025-10-29 12:00:00,16.2,61,1015.0,30.7,260,0.1
2025-10-29 13:00:00,15.9,64,1015.3,26.5,250,0.1
2025-10-29 14:00:00,16.7,58,1015.1,24.4,247,0.0
2025-10-29 15:00:00,16.2,58,1014.7,24.7,245,0.0
2025-10-29 16:00:00,15.6,60,1014.9,22.1,248,0.0
2025-10-29 17:00:00,15.0,63,1015.4,21.3,246,0.0
2025-10-29 18:00:00,13.7,70,1015.7,15.3,250,0.0
2025-10-29 19:00:00,12.3,75,1016.1,9.3,252,0.0
2025-10-29 20:00:00,11.2,82,1016.7,4.5,268,0.0
2025-10-29 21:00:00,11.4,82,1017.4,4.9,309,0.0
2025-10-29 22:00:00,11.0,84,1017.9,5.1,309,0.0
2025-10-29 23:00:00,10.6,87,1018.2,4.8,318,0.0
2025-10-30 00:00:00,11.0,85,1018.0,6.3,321,0.0
2025-10-30 01:00:00,10.5,88,1018.0,4.8,307,0.0
2025-10-30 02:00:00,9.7,89,1017.8,4.3,318,0.0
2025-10-30 03:00:00,9.7,89,1017.6,2.7,323,0.0
2025-10-30 04:00:00,9.5,89,1017.4,1.4,337,0.0
2025-10-30 05:00:00,8.8,90,1017.7,3.3,351,0.0
2025-10-30 06:00:00,9.7,90,1018.1,2.5,8,0.0
2025-10-30 07:00:00,11.4,87,1018.5,3.2,19,0.0
2025-10-30 08:00:00,13.5,79,1018.7,5.6,358,0.0
2025-10-30 09:00:00,14.9,70,1018.6,5.6,297,0.0
2025-10-30 10:00:00,15.9,63,1018.1,9.0,275,0.0
2025-10-30 11:00:00,16.8,56,1017.5,11.2,274,0.0
2025-10-30 12:00:00,17.1,55,1016.6,10.4,252,0.0
2025-10-30 13:00:00,17.0,54,1016.5,12.1,267,0.0
2025-10-30 14:00:00,16.9,55,1016.1,12.3,264,0.0
2025-10-30 15:00:00,16.7,56,1015.2,11.5,256,0.0
2025-10-30 16:00:00,16.7,56,1014.6,9.3,243,0.0
2025-10-30 17:00:00,16.4,57,1014.8,9.1,248,0.0
2025-10-30 18:00:00,15.2,68,1015.1,8.2,241,0.0
2025-10-30 19:00:00,13.7,73,1015.1,7.8,233,0.0
2025-10-30 20:00:00,13.0,75,1015.2,9.0,239,0.0
2025-10-30 21:00:00,12.1,78,1015.6,8.6,234,0.0
2025-10-30 22:00:00,11.1,83,1015.8,5.7,229,0.0
2025-10-30 23:00:00,10.2,87,1015.5,4.9,216,0.0
2025-10-31 00:00:00,10.0,85,1015.1,4.8,207,0.0
2025-10-31 01:00:00,9.8,85,1014.9,1.3,304,0.0
2025-10-31 02:00:00,9.9,85,1014.5,3.6,303,0.0
2025-10-31 03:00:00,9.6,85,1014.2,2.3,266,0.0
2025-10-31 04:00:00,8.8,89,1013.9,4.3,180,0.0
2025-10-31 05:00:00,8.7,88,1014.1,1.5,144,0.0
2025-10-31 06:00:00,9.6,86,1014.6,4.9,186,0.0
2025-10-31 07:00:00,12.0,83,1015.0,6.8,217,0.0
2025-10-31 08:00:00,14.1,74,1015.2,9.6,227,0.0
2025-10-31 09:00:00,15.4,63,1015.8,18.6,223,0.0
2025-10-31 10:00:00,16.4,59,1015.7,18.8,230,0.0
2025-10-31 11:00:00,17.2,54,1015.7,20.7,231,0.0
2025-10-31 12:00:00,17.9,51,1014.7,22.0,232,0.0
2025-10-31 13:00:00,18.0,49,1014.4,23.6,232,0.0
2025-10-31 14:00:00,18.0,48,1014.4,23.3,233,0.0
2025-10-31 15:00:00,18.4,44,1014.2,23.1,233,0.0
2025-10-31 16:00:00,16.7,56,1014.9,25.3,242,0.0
2025-10-31 17:00:00,15.8,63,1015.9,24.2,245,0.0
2025-10-31 18:00:00,14.9,68,1016.6,20.1,240,0.0
2025-10-31 19:00:00,13.6,72,1017.5,15.2,235,0.0
2025-10-31 20:00:00,12.3,79,1018.4,10.3,230,0.0
2025-10-31 21:00:00,11.5,83,1019.0,9.4,235,0.0
2025-10-31 22:00:00,10.8,85,1019.5,7.1,227,0.0
2025-10-31 23:00:00,9.9,87,1020.0,6.2,213,0.0
2025-11-01 00:00:00,9.9,87,1020.5,6.1,208,0.0
2025-11-01 01:00:00,8.6,88,1020.8,5.4,165,0.0
2025-11-01 02:00:00,8.6,90,1021.3,7.0,125,0.0
2025-11-01 03:00:00,8.0,92,1021.3,6.6,189,0.0
2025-11-01 04:00:00,6.7,96,1021.4,5.0,193,0.0
2025-11-01 05:00:00,6.1,98,1022.0,4.3,158,0.0
2025-11-01 06:00:00,7.4,95,1023.0,7.7,155,0.0
2025-11-01 07:00:00,9.5,92,1023.8,5.6,163,0.0
2025-11-01 08:00:00,12.1,83,1024.3,6.1,183,0.0
2025-11-01 09:00:00,14.4,75,1024.6,5.6,173,0.0
2025-11-01 10:00:00,16.3,71,1024.7,2.5,120,0.0
2025-11-01 11:00:00,17.9,63,1024.8,11.2,40,0.2
2025-11-01 12:00:00,18.5,60,1024.3,9.3,15,0.0
2025-11-01 13:00:00,18.4,60,1024.2,10.2,18,0.1
2025-11-01 14:00:00,18.3,60,1024.0,13.8,12,0.1
2025-11-01 15:00:00,17.9,65,1023.7,13.9,20,0.0
2025-11-01 16:00:00,17.8,66,1023.7,14.7,19,0.0
2025-11-01 17:00:00,17.1,67,1024.1,16.9,22,0.0
2025-11-01 18:00:00,16.2,75,1024.4,10.7,17,0.1
2025-11-01 19:00:00,15.1,77,1025.2,9.0,13,0.2
2025-11-01 20:00:00,14.4,84,1026.0,7.9,43,0.4
2025-11-01 21:00:00,14.0,86,1026.3,11.6,41,0.0
2025-11-01 22:00:00,13.3,88,1026.1,11.4,38,0.0
2025-11-01 23:00:00,12.4,92,1026.0,9.7,39,0.0
2025-11-02 00:00:00,12.0,92,1026.5,8.5,46,0.0
2025-11-02 01:00:00,10.9,94,1026.0,5.3,57,0.0
2025-11-02 02:00:00,10.2,94,1025.5,5.2,65,0.0
2025-11-02 03:00:00,9.9,94,1025.4,3.4,65,0.0
2025-11-02 04:00:00,9.8,93,1025.3,1.1,99,0.0
2025-11-02 05:00:00,9.6,94,1025.3,1.5,120,0.0
2025-11-02 06:00:00,10.1,96,1025.2,3.3,131,0.0
2025-11-02 07:00:00,12.2,94,1025.4,3.0,123,0.0
2025-11-02 08:00:00,14.5,87,1025.6,2.3,72,0.0
2025-11-02 09:00:00,16.1,76,1025.5,3.0,14,0.1
2025-11-02 10:00:00,17.3,69,1025.0,4.9,6,0.0
2025-11-02 11:00:00,18.3,63,1024.7,5.4,4,0.1
2025-11-02 12:00:00,18.9,57,1024.0,1.5,353,0.1
2025-11-02 13:00:00,19.7,56,1023.5,2.8,297,0.0
2025-11-02 14:00:00,20.1,54,1022.9,4.8,295,0.0
2025-11-02 15:00:00,20.2,53,1022.4,6.4,302,0.0
2025-11-02 16:00:00,20.0,53,1022.0,7.0,280,0.0
2025-11-02 17:00:00,18.4,66,1022.2,11.1,236,0.0
2025-11-02 18:00:00,17.2,74,1021.9,9.8,234,0.0
2025-11-02 19:00:00,15.5,79,1022.4,6.4,252,0.0
2025-11-02 20:00:00,13.8,85,1022.8,4.4,258,0.0
2025-11-02 21:00:00,13.5,85,1023.1,0.8,225,0.0
2025-11-02 22:00:00,12.2,89,1023.3,1.5,330,0.0
2025-11-02 23:00:00,11.3,93,1023.1,2.0,355,0.0
2025-11-03 00:00:00,11.0,92,1023.3,0.7,104,0.0
2025-11-03 01:00:00,10.2,93,1023.2,2.1,128,0.0
2025-11-03 02:00:00,9.9,93,1023.1,2.7,138,0.0
2025-11-03 03:00:00,9.5,95,1022.9,2.2,132,0.0
2025-11-03 04:00:00,8.9,97,1022.8,2.0,117,0.0
2025-11-03 05:00:00,8.3,98,1022.8,2.6,106,0.0
2025-11-03 06:00:00,9.2,95,1023.0,4.5,124,0.0
2025-11-03 07:00:00,11.4,90,1023.4,5.5,169,0.0
2025-11-03 08:00:00,13.4,85,1023.6,6.0,171,0.0
2025-11-03 09:00:00,15.4,82,1023.5,4.8,165,0.0
2025-11-03 10:00:00,17.3,75,1023.4,4.1,167,0.0
2025-11-03 11:00:00,18.8,68,1023.4,3.6,160,0.0
2025-11-03 12:00:00,19.8,58,1022.4,2.4,117,0.1
2025-11-03 13:00:00,20.4,56,1022.0,0.8,63,0.0
2025-11-03 14:00:00,20.6,51,1021.5,2.7,332,0.0
2025-11-03 15:00:00,20.6,51,1020.5,4.1,311,0.0
2025-11-03 16:00:00,20.6,51,1020.0,3.3,319,0.0
2025-11-03 17:00:00,19.9,55,1020.3,8.1,21,0.0
2025-11-03 18:00:00,18.4,67,1019.9,15.2,17,0.0
2025-11-03 19:00:00,16.8,74,1020.3,12.4,359,0.0
2025-11-03 20:00:00,15.7,77,1021.1,13.2,356,0.0
2025-11-03 21:00:00,14.6,79,1021.4,11.7,359,0.0
2025-11-03 22:00:00,13.4,84,1021.4,9.2,360,0.0
2025-11-03 23:00:00,12.2,90,1021.3,7.6,1,0.0
2025-11-04 00:00:00,11.2,92,1021.0,5.6,27,0.0
2025-11-04 01:00:00,9.8,94,1020.6,3.8,31,0.0
2025-11-04 02:00:00,9.3,95,1020.1,2.2,55,0.0
2025-11-04 03:00:00,8.7,96,1019.6,1.7,72,0.0
2025-11-04 04:00:00,7.8,100,1019.2,1.5,69,0.0
2025-11-04 05:00:00,7.4,99,1018.8,2.1,70,0.0
2025-11-04 06:00:00,7.8,100,1019.1,3.1,103,0.0
2025-11-04 07:00:00,9.6,98,1019.2,1.7,41,0.0
2025-11-04 08:00:00,12.3,94,1019.2,3.0,25,0.0
2025-11-04 09:00:00,14.8,85,1018.7,4.5,2,0.0
2025-11-04 10:00:00,17.1,72,1018.5,8.4,286,0.0
2025-11-04 11:00:00,18.6,62,1018.2,9.1,262,0.0
2025-11-04 12:00:00,19.7,59,1016.9,7.7,261,0.0
2025-11-04 13:00:00,20.3,56,1016.2,9.4,266,0.0
2025-11-04 14:00:00,20.4,53,1015.6,12.6,273,0.0
2025-11-04 15:00:00,19.9,53,1015.0,16.4,269,0.0
2025-11-04 16:00:00,19.1,56,1014.6,17.6,263,0.0
2025-11-04 17:00:00,17.9,60,1014.7,16.2,256,0.0
2025-11-04 18:00:00,17.0,67,1014.6,13.2,253,0.0
2025-11-04 19:00:00,14.8,76,1015.3,10.8,242,0.0
2025-11-04 20:00:00,13.4,84,1015.8,7.7,249,0.0
2025-11-04 21:00:00,11.8,90,1016.1,5.4,250,0.0
2025-11-04 22:00:00,11.0,90,1016.5,2.7,250,0.0
2025-11-04 23:00:00,10.4,92,1016.6,0.9,233,0.0
2025-11-05 00:00:00,10.0,92,1016.3,0.4,207,0.0
2025-11-05 01:00:00,8.5,98,1015.8,1.2,141,0.0
2025-11-05 02:00:00,8.0,100,1015.7,5.9,160,0.0
2025-11-05 03:00:00,7.5,99,1015.4,5.3,147,0.0
2025-11-05 04:00:00,7.4,99,1015.5,5.9,153,0.0
2025-11-05 05:00:00,7.5,98,1015.3,6.3,162,0.0
2025-11-05 06:00:00,8.4,96,1015.4,8.1,163,0.0
2025-11-05 07:00:00,10.4,93,1015.3,6.0,171,0.0
2025-11-05 08:00:00,12.6,90,1015.4,8.2,172,0.0
2025-11-05 09:00:00,14.6,86,1015.6,7.6,173,0.0
2025-11-05 10:00:00,16.6,77,1015.6,4.9,170,0.0
2025-11-05 11:00:00,18.3,72,1015.3,1.3,180,0.0
2025-11-05 12:00:00,19.8,69,1014.2,4.3,338,0.0
2025-11-05 13:00:00,21.1,66,1013.7,4.4,341,0.0
2025-11-05 14:00:00,22.0,62,1012.9,5.5,322,0.0
2025-11-05 15:00:00,22.4,56,1012.1,7.7,300,0.0
2025-11-05 16:00:00,21.9,56,1011.9,10.5,289,0.0
2025-11-05 17:00:00,20.5,61,1012.2,13.5,279,0.0
2025-11-05 18:00:00,18.5,70,1012.4,14.8,269,0.0
2025-11-05 19:00:00,15.8,77,1012.9,13.5,271,0.0
2025-11-05 20:00:00,14.1,82,1013.6,9.5,271,0.0
2025-11-05 21:00:00,12.4,86,1013.9,3.1,267,0.0
2025-11-05 22:00:00,11.7,88,1014.2,2.2,222,0.0
2025-11-05 23:00:00,10.6,93,1014.4,3.6,189,0.0
2025-11-06 00:00:00,10.2,95,1014.2,4.0,129,0.0
2025-11-06 01:00:00,9.7,95,1014.1,1.3,82,0.0
2025-11-06 02:00:00,9.4,97,1013.8,0.6,146,0.0
2025-11-06 03:00:00,9.0,98,1013.5,2.5,159,0.0
2025-11-06 04:00:00,8.8,96,1013.2,4.7,162,0.0
2025-11-06 05:00:00,8.5,96,1013.4,4.8,155,0.0
2025-11-06 06:00:00,9.8,95,1013.3,7.6,155,0.0
2025-11-06 07:00:00,11.9,91,1013.3,5.9,153,0.0
2025-11-06 08:00:00,14.2,87,1013.7,3.5,152,0.0
2025-11-06 09:00:00,16.4,82,1013.9,2.5,176,0.0
2025-11-06 10:00:00,18.4,78,1014.2,1.7,221,0.0
2025-11-06 11:00:00,19.9,73,1014.3,2.8,285,0.0
2025-11-06 12:00:00,21.5,65,1013.3,6.2,308,0.0
2025-11-06 13:00:00,22.4,60,1012.9,6.0,309,0.0
2025-11-06 14:00:00,23.5,53,1012.4,5.7,298,0.0
2025-11-06 15:00:00,23.5,51,1011.9,10.9,283,0.0
2025-11-06 16:00:00,22.2,59,1012.0,15.8,268,0.0
2025-11-06 17:00:00,21.3,64,1012.3,14.5,253,0.0
2025-11-06 18:00:00,20.3,71,1012.4,12.3,243,0.0
2025-11-06 19:00:00,18.0,78,1012.8,8.1,241,0.0
2025-11-06 20:00:00,16.0,84,1013.4,3.5,235,0.0
2025-11-06 21:00:00,15.1,86,1013.8,1.5,339,0.0
2025-11-06 22:00:00,14.1,91,1014.3,4.3,338,0.0
2025-11-06 23:00:00,13.4,92,1014.5,2.5,339,0.0
2025-11-07 00:00:00,13.1,95,1014.5,0.6,18,0.0
2025-11-07 01:00:00,12.5,96,1014.4,0.5,45,0.0
2025-11-07 02:00:00,12.2,97,1014.2,0.6,146,0.0
2025-11-07 03:00:00,11.6,99,1014.3,1.8,114,0.0
2025-11-07 04:00:00,11.2,99,1014.5,3.6,57,0.0
2025-11-07 05:00:00,10.5,100,1014.6,1.0,135,0.0
2025-11-07 06:00:00,11.2,100,1015.0,5.5,157,0.0
2025-11-07 07:00:00,13.7,96,1015.3,4.1,167,0.0
2025-11-07 08:00:00,16.3,87,1015.4,3.6,162,0.0
2025-11-07 09:00:00,18.4,82,1015.5,3.4,174,0.0
2025-11-07 10:00:00,20.0,75,1015.3,2.4,163,0.0
2025-11-07 11:00:00,21.0,71,1015.4,1.7,198,0.0
2025-11-07 12:00:00,22.6,62,1014.7,3.2,223,0.0
2025-11-07 13:00:00,23.3,60,1014.2,2.8,225,0.0
2025-11-07 14:00:00,23.6,57,1013.8,4.2,245,0.0
2025-11-07 15:00:00,23.3,58,1013.3,7.9,240,0.1
2025-11-07 16:00:00,22.9,61,1013.0,9.3,245,0.2
2025-11-07 17:00:00,22.4,64,1013.1,9.8,256,0.0
2025-11-07 18:00:00,21.5,72,1013.0,11.0,256,0.0
2025-11-07 19:00:00,19.4,79,1013.5,9.6,247,0.0
2025-11-07 20:00:00,17.7,85,1014.0,5.6,248,0.0
2025-11-07 21:00:00,16.3,88,1014.4,2.8,252,0.0
2025-11-07 22:00:00,15.2,93,1014.9,2.2,222,0.0
2025-11-07 23:00:00,14.0,97,1015.2,3.2,180,0.0
2025-11-08 00:00:00,13.5,98,1015.0,3.1,159,0.0
2025-11-08 01:00:00,12.7,98,1014.8,3.7,137,0.0
2025-11-08 02:00:00,12.5,97,1014.6,3.3,135,0.0
2025-11-08 03:00:00,12.1,96,1014.3,4.9,152,0.0
2025-11-08 04:00:00,12.5,94,1014.2,6.4,169,0.0
2025-11-08 05:00:00,12.3,95,1014.3,8.2,166,0.0
2025-11-08 06:00:00,12.8,96,1014.4,8.5,156,0.0
2025-11-08 07:00:00,14.3,94,1014.3,7.0,159,0.0
2025-11-08 08:00:00,16.4,89,1014.4,5.5,161,0.0
2025-11-08 09:00:00,18.4,85,1014.3,3.2,161,0.0
2025-11-08 10:00:00,20.5,78,1014.2,1.7,167,0.0
2025-11-08 11:00:00,22.0,70,1014.1,0.7,256,0.0
2025-11-08 12:00:00,22.8,61,1013.1,2.4,279,0.0
2025-11-08 13:00:00,23.7,57,1012.4,4.8,259,0.0
2025-11-08 14:00:00,24.0,57,1011.8,6.9,256,0.0
2025-11-08 15:00:00,24.0,57,1010.9,7.8,263,0.0
2025-11-08 16:00:00,23.7,58,1010.5,7.2,271,0.0
2025-11-08 17:00:00,23.2,60,1010.5,8.0,279,0.0
2025-11-08 18:00:00,21.9,69,1010.4,9.2,287,0.0
2025-11-08 19:00:00,19.7,78,1011.0,7.9,297,0.0
2025-11-08 20:00:00,18.1,84,1011.6,7.1,313,0.0
2025-11-08 21:00:00,17.0,88,1012.0,7.4,311,0.0
2025-11-08 22:00:00,15.9,92,1011.7,3.6,297,0.0
2025-11-08 23:00:00,15.1,95,1012.1,0.9,233,0.0
2025-11-09 00:00:00,15.8,93,1011.6,4.0,159,0.0
2025-11-09 01:00:00,15.8,91,1011.1,4.1,131,0.0
2025-11-09 02:00:00,15.8,84,1010.7,6.7,124,0.0
2025-11-09 03:00:00,15.4,78,1010.2,8.0,142,0.0
2025-11-09 04:00:00,13.9,83,1010.2,4.5,137,0.0
2025-11-09 05:00:00,14.2,80,1010.1,7.1,146,0.0
2025-11-09 06:00:00,14.3,84,1010.5,7.8,172,0.0
2025-11-09 07:00:00,15.4,80,1010.8,8.5,176,0.0
2025-11-09 08:00:00,16.7,77,1011.1,7.9,167,0.0
2025-11-09 09:00:00,18.2,72,1011.0,7.0,177,0.0
2025-11-09 10:00:00,19.3,68,1010.9,5.4,180,0.0
2025-11-09 11:00:00,20.1,66,1010.6,4.3,182,0.0
2025-11-09 12:00:00,22.0,62,1009.3,1.6,276,0.0
2025-11-09 13:00:00,23.1,63,1008.8,3.5,305,0.0
2025-11-09 14:00:00,23.5,60,1008.3,8.0,310,0.2
2025-11-09 15:00:00,23.6,60,1007.4,9.5,302,0.2
2025-11-09 16:00:00,22.9,63,1006.9,10.5,290,0.3
2025-11-09 17:00:00,22.5,63,1007.0,9.6,275,0.0
2025-11-09 18:00:00,21.4,69,1007.3,6.1,332,0.0
2025-11-09 19:00:00,19.5,82,1007.5,5.9,337,0.0
2025-11-09 20:00:00,18.3,88,1008.0,6.9,335,0.0
2025-11-09 21:00:00,17.1,92,1008.3,5.2,326,0.0
2025-11-09 22:00:00,16.0,94,1008.4,4.0,324,0.0
2025-11-09 23:00:00,15.2,95,1008.2,3.1,353,0.0
2025-11-10 00:00:00,15.5,92,1007.8,3.3,9,0.0
2025-11-10 01:00:00,15.5,93,1007.3,3.3,49,0.9
2025-11-10 02:00:00,15.8,92,1007.4,2.2,360,2.1
2025-11-10 03:00:00,15.8,91,1006.9,0.6,146,3.0
2025-11-10 04:00:00,15.8,94,1006.4,1.1,81,1.6
2025-11-10 05:00:00,16.2,92,1006.1,1.0,135,0.3
2025-11-10 06:00:00,16.8,94,1005.9,5.1,23,0.0
2025-11-10 07:00:00,18.4,93,1006.2,10.6,341,0.2
2025-11-10 08:00:00,19.5,88,1005.9,14.2,348,0.1
2025-11-10 09:00:00,20.3,85,1005.6,15.7,344,0.0
2025-11-10 10:00:00,21.2,78,1005.6,17.1,335,0.0
2025-11-10 11:00:00,21.9,72,1005.6,18.6,321,0.1
2025-11-10 12:00:00,22.4,71,1005.0,16.7,316,0.2
2025-11-10 13:00:00,21.2,75,1004.7,15.5,296,0.4
2025-11-10 14:00:00,21.0,76,1004.4,13.5,329,0.5
2025-11-10 15:00:00,20.1,78,1004.1,18.8,335,0.3
2025-11-10 16:00:00,19.6,86,1003.8,11.5,346,0.4
2025-11-10 17:00:00,19.5,86,1003.5,10.8,345,0.4
2025-11-10 18:00:00,19.0,85,1003.8,11.2,339,0.1
2025-11-10 19:00:00,18.1,93,1004.1,12.1,337,0.8
2025-11-10 20:00:00,17.8,95,1004.2,10.6,341,0.8
2025-11-10 21:00:00,17.6,95,1004.0,10.0,6,0.7
2025-11-10 22:00:00,17.6,95,1003.9,11.4,347,0.9
2025-11-10 23:00:00,17.3,95,1004.2,13.1,331,1.1
2025-11-11 00:00:00,16.7,94,1004.0,9.4,310,2.4
2025-11-11 01:00:00,16.6,95,1003.7,9.0,305,3.3
2025-11-11 02:00:00,16.5,94,1003.7,8.8,296,0.4
2025-11-11 03:00:00,16.0,96,1004.2,7.5,287,0.2
2025-11-11 04:00:00,15.5,93,1004.5,8.6,270,0.0
2025-11-11 05:00:00,14.6,94,1004.9,5.8,266,0.0
2025-11-11 06:00:00,15.4,91,1005.4,3.6,311,0.0
2025-11-11 07:00:00,16.9,88,1005.9,4.8,304,0.0
2025-11-11 08:00:00,17.8,80,1006.4,13.7,257,0.2
2025-11-11 09:00:00,18.5,74,1006.6,15.6,259,0.0
2025-11-11 10:00:00,19.2,71,1006.7,15.5,257,0.0
2025-11-11 11:00:00,19.8,69,1006.9,16.2,253,0.3
2025-11-11 12:00:00,20.6,64,1006.5,12.8,256,0.2
2025-11-11 13:00:00,20.4,64,1006.8,14.1,264,0.4
2025-11-11 14:00:00,20.6,64,1006.7,14.5,259,0.2
2025-11-11 15:00:00,20.6,64,1006.5,15.5,250,0.0
2025-11-11 16:00:00,20.3,65,1006.4,14.5,248,0.0
2025-11-11 17:00:00,19.5,67,1007.1,12.7,259,0.0
2025-11-11 18:00:00,18.5,75,1007.4,12.9,264,0.0
2025-11-11 19:00:00,16.7,81,1008.2,13.6,263,0.0
2025-11-11 20:00:00,15.5,83,1008.4,11.6,254,0.0
2025-11-11 21:00:00,14.4,89,1008.8,4.4,238,0.0
2025-11-11 22:00:00,13.8,89,1009.2,1.5,240,0.0
2025-11-11 23:00:00,13.3,92,1009.4,2.6,214,0.0
2025-11-12 00:00:00,13.3,92,1009.4,2.1,142,0.0
2025-11-12 01:00:00,13.0,92,1009.1,5.5,113,0.0
2025-11-12 02:00:00,13.0,91,1008.1,8.2,128,0.0
2025-11-12 03:00:00,13.0,91,1007.8,6.4,144,0.0
2025-11-12 04:00:00,13.1,92,1007.9,5.2,124,0.0
2025-11-12 05:00:00,13.3,91,1008.1,4.3,118,0.0
2025-11-12 06:00:00,15.0,87,1008.3,9.5,89,0.1
2025-11-12 07:00:00,16.6,83,1008.4,16.4,81,0.2
2025-11-12 08:00:00,17.8,80,1008.2,22.5,70,0.1
2025-11-12 09:00:00,18.4,76,1007.8,24.7,58,0.4
2025-11-12 10:00:00,18.3,77,1007.7,26.9,69,0.4
2025-11-12 11:00:00,18.6,75,1007.1,26.3,72,0.0
2025-11-12 12:00:00,17.7,79,1006.6,19.2,75,0.0
2025-11-12 13:00:00,18.3,77,1005.5,18.0,86,0.1
2025-11-12 14:00:00,18.1,81,1004.4,18.7,83,2.4
2025-11-12 15:00:00,17.0,89,1003.2,19.3,90,2.9
2025-11-12 16:00:00,16.8,91,1001.6,20.6,102,2.1
2025-11-12 17:00:00,16.6,92,1000.3,25.2,87,4.1
2025-11-12 18:00:00,16.2,91,999.4,25.0,76,4.1
2025-11-12 19:00:00,16.7,94,998.5,19.0,70,1.5
2025-11-12 20:00:00,17.4,94,997.5,22.9,57,1.4
2025-11-12 21:00:00,17.7,92,996.2,28.3,58,1.1
2025-11-12 22:00:00,17.7,92,994.5,32.2,55,2.8
2025-11-12 23:00:00,18.1,92,993.0,41.0,51,5.6
2025-11-13 00:00:00,18.7,90,992.4,35.3,34,0.3
2025-11-13 01:00:00,18.7,84,992.1,36.5,26,0.0
2025-11-13 02:00:00,17.7,86,992.3,31.3,13,0.0
2025-11-13 03:00:00,17.0,89,993.2,29.4,2,0.0
2025-11-13 04:00:00,16.2,89,994.3,20.9,333,0.0
2025-11-13 05:00:00,15.6,90,995.4,15.9,338,0.0
2025-11-13 06:00:00,15.8,92,996.5,16.9,332,0.0
2025-11-13 07:00:00,17.0,84,997.8,14.3,301,0.0
2025-11-13 08:00:00,18.1,76,999.1,16.3,295,0.0
2025-11-13 09:00:00,18.9,66,999.8,16.5,292,0.0
2025-11-13 10:00:00,19.6,60,1000.1,16.5,286,0.0
2025-11-13 11:00:00,20.5,57,999.9,14.9,287,0.0
2025-11-13 12:00:00,20.6,59,999.4,10.2,304,0.0
2025-11-13 13:00:00,20.2,63,999.3,11.1,301,0.1
2025-11-13 14:00:00,18.0,78,999.6,13.8,313,2.0
2025-11-13 15:00:00,18.4,68,999.2,14.7,303,0.6
2025-11-13 16:00:00,17.2,80,999.2,13.2,276,0.3
2025-11-13 17:00:00,17.0,81,999.8,13.0,292,0.1
2025-11-13 18:00:00,16.7,84,999.7,11.4,273,0.0
2025-11-13 19:00:00,15.7,90,1000.4,5.0,296,0.0
2025-11-13 20:00:00,14.9,93,1000.8,5.9,320,0.0
2025-11-13 21:00:00,14.4,94,1001.4,6.2,314,0.0
2025-11-13 22:00:00,14.0,95,1001.5,6.7,308,0.0
2025-11-13 23:00:00,13.8,94,1001.4,6.1,293,0.0
2025-11-14 00:00:00,13.6,95,1001.3,4.3,318,0.0
2025-11-14 01:00:00,12.9,98,1001.1,2.9,259,0.0
2025-11-14 02:00:00,12.8,99,1000.8,3.1,291,0.0
2025-11-14 03:00:00,11.9,98,1001.3,10.9,310,3.7
2025-11-14 04:00:00,12.2,96,1001.6,12.6,294,7.1
2025-11-14 05:00:00,12.4,96,1001.6,8.8,229,2.8
2025-11-14 06:00:00,12.6,95,1001.9,2.4,107,0.7
2025-11-14 07:00:00,14.0,92,1002.4,2.9,150,0.0
2025-11-14 08:00:00,15.4,85,1002.4,7.6,208,0.1
2025-11-14 09:00:00,17.0,75,1002.3,9.7,241,0.4
2025-11-14 10:00:00,18.1,73,1002.5,14.7,247,0.2
2025-11-14 11:00:00,18.2,72,1002.8,16.8,249,0.2
2025-11-14 12:00:00,18.1,73,1002.2,21.8,245,0.2
2025-11-14 13:00:00,18.2,67,1002.3,24.0,244,0.1
2025-11-14 14:00:00,18.1,66,1002.4,25.5,247,0.0
2025-11-14 15:00:00,17.9,62,1002.0,25.9,250,0.0
2025-11-14 16:00:00,17.2,64,1002.5,28.3,254,0.0
2025-11-14 17:00:00,16.3,65,1003.3,26.7,254,0.0
2025-11-14 18:00:00,15.9,68,1004.1,18.9,251,0.0
2025-11-14 19:00:00,15.3,68,1004.7,15.6,251,0.0
2025-11-14 20:00:00,14.9,70,1005.2,11.9,252,0.0
2025-11-14 21:00:00,14.6,73,1005.9,11.4,259,0.0
2025-11-14 22:00:00,14.4,76,1006.3,12.6,272,0.0
2025-11-14 23:00:00,14.3,77,1006.3,13.7,281,0.0
2025-11-15 00:00:00,14.1,80,1006.1,11.5,287,0.0
2025-11-15 01:00:00,13.7,82,1006.0,8.9,308,0.0
2025-11-15 02:00:00,13.4,83,1005.8,10.1,327,0.0
2025-11-15 03:00:00,14.1,78,1006.0,13.5,315,0.0
2025-11-15 04:00:00,14.7,76,1006.1,15.8,320,0.0
2025-11-15 05:00:00,15.0,78,1006.4,18.0,318,0.0
2025-11-15 06:00:00,15.7,79,1006.4,20.7,319,0.0
2025-11-15 07:00:00,16.4,81,1006.9,22.7,312,0.2
2025-11-15 08:00:00,16.2,87,1007.8,29.4,292,0.9
2025-11-15 09:00:00,16.4,90,1008.3,21.7,282,0.4
2025-11-15 10:00:00,17.4,81,1009.1,19.0,274,0.0
2025-11-15 11:00:00,18.3,69,1010.1,22.0,259,0.1
2025-11-15 12:00:00,17.6,64,1009.6,18.8,257,0.0
2025-11-15 13:00:00,17.7,62,1009.9,19.0,253,0.0
2025-11-15 14:00:00,18.4,58,1010.3,21.4,250,0.0
2025-11-15 15:00:00,17.9,58,1010.8,21.6,251,0.0
2025-11-15 16:00:00,17.2,57,1011.5,21.5,249,0.0
2025-11-15 17:00:00,16.7,57,1012.2,18.9,249,0.0
2025-11-15 18:00:00,16.0,63,1012.9,14.7,251,0.0
2025-11-15 19:00:00,14.4,67,1014.1,11.3,252,0.0
2025-11-15 20:00:00,12.8,74,1015.3,6.1,265,0.0
2025-11-15 21:00:00,11.7,79,1016.1,5.5,281,0.0
2025-11-15 22:00:00,11.2,78,1016.7,4.4,277,0.0
2025-11-15 23:00:00,10.8,78,1017.2,3.5,258,0.0
2025-11-16 00:00:00,10.1,82,1017.3,3.1,277,0.0
2025-11-16 01:00:00,8.9,85,1017.2,1.6,264,0.0
2025-11-16 02:00:00,7.9,89,1017.5,2.4,153,0.0
2025-11-16 03:00:00,7.6,90,1017.8,6.5,134,0.0
2025-11-16 04:00:00,7.1,89,1018.3,5.3,145,0.0
2025-11-16 05:00:00,6.9,88,1018.9,5.0,150,0.0
2025-11-16 06:00:00,8.5,85,1019.8,6.5,148,0.0
2025-11-16 07:00:00,10.7,85,1020.5,5.2,182,0.0
2025-11-16 08:00:00,13.1,75,1020.9,7.9,180,0.0
2025-11-16 09:00:00,14.7,67,1021.1,8.3,166,0.0
2025-11-16 10:00:00,15.9,63,1021.3,4.9,172,0.0
2025-11-16 11:00:00,16.8,60,1021.7,2.3,209,0.0
2025-11-16 12:00:00,17.8,50,1021.4,1.7,221,0.0
2025-11-16 13:00:00,18.7,55,1021.4,4.4,308,0.0
2025-11-16 14:00:00,19.0,55,1021.4,6.4,317,0.0
2025-11-16 15:00:00,19.5,50,1020.6,4.1,319,0.0
2025-11-16 16:00:00,20.0,47,1020.2,1.9,338,0.0
2025-11-16 17:00:00,19.6,49,1020.1,3.8,49,0.0
2025-11-16 18:00:00,19.2,59,1019.9,6.6,47,0.0
2025-11-16 19:00:00,15.9,68,1020.2,17.2,53,0.0
2025-11-16 20:00:00,13.7,68,1020.2,14.4,67,0.0
2025-11-16 21:00:00,12.9,69,1020.3,14.6,69,0.0
2025-11-16 22:00:00,12.1,74,1020.7,10.9,66,0.0
2025-11-16 23:00:00,11.1,79,1021.0,7.0,72,0.0
2025-11-17 00:00:00,10.8,81,1020.5,6.1,60,0.0
2025-11-17 01:00:00,10.2,82,1020.4,1.1,99,0.0
2025-11-17 02:00:00,9.9,84,1020.4,1.9,131,0.0
2025-11-17 03:00:00,9.7,86,1020.3,2.6,141,0.0
2025-11-17 04:00:00,9.3,88,1020.3,2.3,176,0.0
2025-11-17 05:00:00,9.3,89,1020.6,4.5,175,0.0
2025-11-17 06:00:00,11.0,90,1020.9,7.5,136,0.0
2025-11-17 07:00:00,14.1,88,1020.7,5.2,164,0.0
2025-11-17 08:00:00,17.0,81,1020.3,5.8,83,0.0
2025-11-17 09:00:00,18.9,72,1019.4,14.5,53,0.0
2025-11-17 10:00:00,20.3,65,1018.7,15.0,47,0.0
2025-11-17 11:00:00,21.0,62,1018.3,15.8,44,0.0
2025-11-17 12:00:00,22.1,56,1017.0,15.7,42,0.0
2025-11-17 13:00:00,22.3,57,1016.1,16.7,45,0.0
2025-11-17 14:00:00,22.1,57,1015.7,18.0,48,0.0
2025-11-17 15:00:00,21.4,63,1015.0,23.1,54,0.0
2025-11-17 16:00:00,20.6,66,1014.8,23.8,59,0.0
2025-11-17 17:00:00,19.7,68,1014.6,23.4,57,0.0
2025-11-17 18:00:00,18.8,73,1014.5,19.3,61,0.0
2025-11-17 19:00:00,17.7,78,1014.8,17.2,57,0.0
2025-11-17 20:00:00,16.3,84,1015.0,14.9,59,0.0
2025-11-17 21:00:00,15.9,87,1014.5,14.7,70,0.0
2025-11-17 22:00:00,15.8,89,1014.1,13.4,64,0.0
2025-11-17 23:00:00,15.8,90,1014.0,14.1,56,0.0
2025-11-18 00:00:00,15.4,89,1013.0,12.1,57,0.0
2025-11-18 01:00:00,16.1,87,1011.9,9.0,70,0.0
2025-11-18 02:00:00,16.4,88,1011.0,6.6,77,0.0
2025-11-18 03:00:00,16.4,90,1010.6,4.7,58,0.0
2025-11-18 04:00:00,16.7,91,1010.4,7.7,33,0.1
2025-11-18 05:00:00,16.9,92,1010.8,12.3,22,0.4
2025-11-18 06:00:00,17.0,92,1011.0,9.5,68,0.0
2025-11-18 07:00:00,18.9,87,1011.6,11.1,42,0.0
2025-11-18 08:00:00,19.8,79,1011.8,18.8,25,0.0
2025-11-18 09:00:00,20.8,74,1011.6,20.1,20,0.3
2025-11-18 10:00:00,22.2,72,1011.1,17.9,26,0.1
2025-11-18 11:00:00,22.7,73,1010.9,17.7,30,0.0
2025-11-18 12:00:00,22.8,71,1010.5,22.0,26,0.1
2025-11-18 13:00:00,21.9,75,1010.4,22.1,28,0.3
2025-11-18 14:00:00,20.1,90,1010.4,18.6,36,2.2
2025-11-18 15:00:00,19.7,93,1010.0,16.9,45,3.0
2025-11-18 16:00:00,19.8,91,1009.7,15.2,44,0.8
2025-11-18 17:00:00,20.3,88,1009.6,19.3,40,0.2
2025-11-18 18:00:00,19.8,89,1009.1,21.6,46,0.2
2025-11-18 19:00:00,19.7,88,1009.4,26.1,45,0.5
2025-11-18 20:00:00,19.1,93,1009.5,23.5,49,0.8
2025-11-18 21:00:00,19.0,93,1009.5,23.5,55,1.0
2025-11-18 22:00:00,18.9,93,1008.7,24.7,58,2.8
2025-11-18 23:00:00,18.9,92,1008.2,28.9,61,5.0
2025-11-19 00:00:00,18.7,91,1008.4,22.2,50,3.3
2025-11-19 01:00:00,18.8,93,1007.5,26.2,46,3.4
2025-11-19 02:00:00,19.0,93,1007.4,26.5,43,4.2
2025-11-19 03:00:00,18.9,93,1007.5,23.1,30,4.1
2025-11-19 04:00:00,19.1,94,1007.9,19.0,23,0.6
2025-11-19 05:00:00,18.7,95,1008.3,10.8,33,1.2
2025-11-19 06:00:00,18.2,95,1008.6,10.7,63,1.6
2025-11-19 07:00:00,18.3,95,1008.5,10.9,71,1.7
2025-11-19 08:00:00,18.8,95,1008.4,9.7,63,1.2
2025-11-19 09:00:00,19.5,92,1008.0,11.9,58,0.8
2025-11-19 10:00:00,19.4,93,1008.2,10.0,56,0.8
2025-11-19 11:00:00,19.6,92,1008.5,8.0,42,1.6
2025-11-19 12:00:00,20.6,87,1008.2,12.3,35,0.4
2025-11-19 13:00:00,22.1,78,1008.0,11.3,20,0.1
2025-11-19 14:00:00,22.5,76,1007.4,6.6,344,0.1
2025-11-19 15:00:00,22.6,76,1006.9,6.8,307,0.1
2025-11-19 16:00:00,22.3,77,1007.1,8.3,286,0.2
2025-11-19 17:00:00,22.3,75,1007.3,10.3,277,0.1
2025-11-19 18:00:00,20.2,85,1009.1,7.6,265,0.0
2025-11-19 19:00:00,19.1,90,1009.6,4.7,272,0.0
2025-11-19 20:00:00,18.1,92,1010.5,5.5,283,0.0
2025-11-19 21:00:00,17.5,92,1011.2,5.2,292,0.0
2025-11-19 22:00:00,17.4,91,1011.3,5.7,288,0.0
2025-11-19 23:00:00,17.6,90,1011.7,5.5,289,0.0
2025-11-20 00:00:00,17.8,94,1011.8,4.5,270,0.0
2025-11-20 01:00:00,17.7,93,1012.1,8.6,271,0.3
2025-11-20 02:00:00,17.4,94,1012.0,5.9,282,0.1
2025-11-20 03:00:00,17.2,95,1012.5,6.9,303,0.1
2025-11-20 04:00:00,17.2,96,1013.1,9.1,284,0.0
2025-11-20 05:00:00,16.8,96,1013.9,9.3,280,0.0
2025-11-20 06:00:00,16.7,96,1014.5,9.8,283,0.0
2025-11-20 07:00:00,17.5,91,1015.4,11.0,274,0.0
2025-11-20 08:00:00,18.7,81,1016.0,13.7,270,0.0
2025-11-20 09:00:00,19.7,74,1016.3,14.6,268,0.0
2025-11-20 10:00:00,19.8,76,1016.7,15.0,267,0.2
2025-11-20 11:00:00,20.3,76,1017.2,14.3,276,0.2
2025-11-20 12:00:00,20.8,71,1017.0,13.0,264,0.2
2025-11-20 13:00:00,21.5,69,1016.9,15.0,265,0.2
2025-11-20 14:00:00,21.5,69,1017.0,14.2,261,0.0
2025-11-20 15:00:00,21.8,69,1016.7,13.2,253,0.1
2025-11-20 16:00:00,21.3,71,1016.9,12.8,256,0.0
2025-11-20 17:00:00,21.0,73,1017.0,13.5,257,0.0
2025-11-20 18:00:00,20.0,79,1017.3,13.7,265,0.0
2025-11-20 19:00:00,18.2,85,1017.8,12.4,257,0.0
2025-11-20 20:00:00,16.6,90,1018.3,11.8,261,0.0
2025-11-20 21:00:00,15.7,93,1018.9,8.2,261,0.0
2025-11-20 22:00:00,14.7,94,1019.2,2.3,270,0.0
2025-11-20 23:00:00,14.3,95,1019.4,1.5,256,0.0
2025-11-21 00:00:00,13.7,100,1019.3,1.4,180,0.0
2025-11-21 01:00:00,13.1,100,1018.9,3.2,196,0.0
2025-11-21 02:00:00,13.2,100,1018.9,3.8,180,0.0
2025-11-21 03:00:00,13.2,100,1018.8,5.8,180,0.0
2025-11-21 04:00:00,13.1,100,1019.0,5.7,193,0.0
2025-11-21 05:00:00,13.2,100,1019.2,5.3,188,0.0
2025-11-21 06:00:00,14.2,99,1019.0,4.7,189,0.0
2025-11-21 07:00:00,14.6,99,1019.2,4.0,177,0.0
2025-11-21 08:00:00,15.8,93,1019.1,1.9,163,0.0
2025-11-21 09:00:00,17.3,89,1018.8,0.7,360,0.0
2025-11-21 10:00:00,19.0,81,1018.8,2.5,360,0.1
2025-11-21 11:00:00,20.7,76,1018.7,2.3,328,0.1
2025-11-21 12:00:00,21.5,69,1018.0,2.3,288,0.0
2025-11-21 13:00:00,22.7,66,1017.5,4.5,256,0.0
2025-11-21 14:00:00,23.3,63,1016.9,3.6,300,0.0
2025-11-21 15:00:00,24.2,59,1016.3,7.8,304,0.0
2025-11-21 16:00:00,23.0,65,1016.2,16.1,280,0.0
2025-11-21 17:00:00,20.4,78,1016.5,19.7,265,0.0
2025-11-21 18:00:00,19.4,76,1016.4,15.6,262,0.0
2025-11-21 19:00:00,17.5,81,1016.6,11.4,263,0.0
2025-11-21 20:00:00,15.4,90,1017.1,4.6,279,0.0
2025-11-21 21:00:00,14.5,91,1017.5,2.2,275,0.0
2025-11-21 22:00:00,13.8,93,1017.4,0.7,270,0.0
2025-11-21 23:00:00,12.9,96,1017.4,0.9,307,0.0
2025-11-22 00:00:00,12.7,97,1017.4,1.4,320,0.0
2025-11-22 01:00:00,12.3,98,1017.1,0.9,259,0.0
2025-11-22 02:00:00,11.7,100,1017.1,0.8,207,0.0
2025-11-22 03:00:00,11.7,100,1016.9,4.6,159,0.0
2025-11-22 04:00:00,11.6,99,1016.7,6.3,156,0.0
2025-11-22 05:00:00,11.3,97,1016.7,7.6,165,0.0
2025-11-22 06:00:00,11.8,95,1016.7,7.9,150,0.0
2025-11-22 07:00:00,14.0,90,1017.2,5.6,178,0.0
2025-11-22 08:00:00,15.6,87,1017.4,7.1,186,0.0
2025-11-22 09:00:00,17.4,83,1017.0,6.5,185,0.0
2025-11-22 10:00:00,19.1,76,1017.2,4.2,187,0.0
2025-11-22 11:00:00,20.3,70,1016.9,1.0,248,0.0
2025-11-22 12:00:00,20.9,70,1015.9,3.5,28,0.0
2025-11-22 13:00:00,22.0,66,1015.0,5.3,8,0.0
2025-11-22 14:00:00,22.5,63,1014.3,6.3,336,0.0
2025-11-22 15:00:00,22.8,65,1013.6,8.0,322,0.0
2025-11-22 16:00:00,22.6,66,1013.2,9.4,315,0.0
2025-11-22 17:00:00,22.0,68,1013.0,8.3,303,0.6
2025-11-22 18:00:00,21.3,77,1012.9,7.1,277,0.0
2025-11-22 19:00:00,19.5,84,1013.2,5.0,255,0.0
2025-11-22 20:00:00,18.0,85,1013.4,10.3,263,0.0
2025-11-22 21:00:00,16.8,85,1013.7,6.7,250,0.0
2025-11-22 22:00:00,15.7,91,1013.5,3.5,208,0.0
2025-11-22 23:00:00,15.1,92,1013.4,3.5,215,0.0
2025-11-23 00:00:00,16.1,93,1013.3,4.3,195,0.0
2025-11-23 01:00:00,15.7,92,1012.6,6.9,155,0.0
2025-11-23 02:00:00,15.0,93,1012.3,7.4,148,0.0
2025-11-23 03:00:00,14.2,95,1012.0,5.1,148,0.0
2025-11-23 04:00:00,14.1,96,1011.8,2.4,144,0.0
2025-11-23 05:00:00,14.6,94,1012.0,2.1,160,0.0
2025-11-23 06:00:00,15.4,96,1012.0,3.1,118,0.0
2025-11-23 07:00:00,16.1,96,1012.1,1.0,225,0.0
2025-11-23 08:00:00,16.9,95,1012.2,2.7,274,0.2
2025-11-23 09:00:00,17.8,91,1011.7,2.9,270,0.2
2025-11-23 10:00:00,18.9,86,1011.4,1.5,249,0.0
2025-11-23 11:00:00,20.5,79,1011.1,4.7,317,0.0
2025-11-23 12:00:00,20.7,71,1010.0,9.4,271,0.1
2025-11-23 13:00:00,21.0,69,1009.7,13.0,250,0.4
2025-11-23 14:00:00,21.3,63,1009.1,13.8,252,0.1
2025-11-23 15:00:00,21.1,59,1008.5,16.8,266,0.0
2025-11-23 16:00:00,20.4,62,1008.3,16.8,261,0.0
2025-11-23 17:00:00,19.5,66,1008.4,17.5,256,0.0
2025-11-23 18:00:00,18.6,72,1008.3,15.6,253,0.0
2025-11-23 19:00:00,17.2,77,1008.7,12.7,254,0.0
2025-11-23 20:00:00,16.0,83,1009.4,10.5,254,0.0
2025-11-23 21:00:00,15.4,87,1009.7,7.7,254,0.0
2025-11-23 22:00:00,14.5,90,1009.8,5.2,272,0.0
2025-11-23 23:00:00,14.0,90,1009.8,3.4,313,0.0
2025-11-24 00:00:00,13.9,90,1009.3,3.5,309,0.0
2025-11-24 01:00:00,14.1,91,1009.1,4.5,275,0.0
2025-11-24 02:00:00,14.0,91,1008.7,4.9,234,0.0
2025-11-24 03:00:00,13.8,92,1008.7,3.4,212,0.0
2025-11-24 04:00:00,14.0,92,1008.7,3.4,180,0.0
2025-11-24 05:00:00,13.9,92,1008.8,2.0,207,0.0
2025-11-24 06:00:00,14.4,91,1009.5,4.6,252,0.0
2025-11-24 07:00:00,16.0,86,1010.0,3.5,219,0.0
2025-11-24 08:00:00,17.1,78,1010.2,7.0,215,0.0
2025-11-24 09:00:00,18.1,71,1010.1,7.6,225,0.0
2025-11-24 10:00:00,19.0,66,1009.8,7.4,221,0.0
2025-11-24 11:00:00,20.1,59,1009.8,6.3,217,0.0
2025-11-24 12:00:00,20.5,58,1009.2,4.1,214,0.0
2025-11-24 13:00:00,21.2,57,1008.9,3.4,238,0.0
2025-11-24 14:00:00,21.6,55,1008.6,3.1,280,0.0
2025-11-24 15:00:00,22.2,52,1008.5,5.1,288,0.0
2025-11-24 16:00:00,21.4,55,1008.4,11.6,288,0.0
2025-11-24 17:00:00,19.1,69,1008.9,16.6,274,0.0
2025-11-24 18:00:00,18.4,73,1009.3,10.6,266,0.0
2025-11-24 19:00:00,17.0,81,1010.2,6.9,275,0.0
2025-11-24 20:00:00,15.3,85,1010.7,5.6,291,0.0
2025-11-24 21:00:00,14.0,89,1011.7,4.4,302,0.0
2025-11-24 22:00:00,13.5,89,1012.0,0.3,45,0.0
2025-11-24 23:00:00,12.9,93,1012.2,3.2,93,0.0
2025-11-25 00:00:00,13.5,93,1012.4,5.1,98,0.0
2025-11-25 01:00:00,14.5,91,1012.2,7.6,93,0.0
2025-11-25 02:00:00,14.8,90,1012.0,8.1,94,0.0
2025-11-25 03:00:00,15.0,90,1012.1,9.4,101,0.0
2025-11-25 04:00:00,15.3,90,1012.4,9.7,93,0.0
2025-11-25 05:00:00,15.0,92,1012.6,5.4,96,0.0
2025-11-25 06:00:00,15.8,90,1012.8,6.7,114,0.0
2025-11-25 07:00:00,17.3,87,1013.3,6.9,110,0.0
2025-11-25 08:00:00,18.8,76,1013.7,16.3,68,0.0
2025-11-25 09:00:00,19.4,73,1013.8,16.8,58,0.2
2025-11-25 10:00:00,20.2,71,1013.8,17.9,54,0.0
2025-11-25 11:00:00,21.3,69,1013.9,17.5,50,0.0
2025-11-25 12:00:00,22.0,60,1013.2,19.2,45,0.2
2025-11-25 13:00:00,22.0,59,1012.7,20.6,45,0.2
2025-11-25 14:00:00,21.9,60,1012.5,22.8,44,0.2
2025-11-25 15:00:00,21.1,67,1012.5,22.5,45,0.2
2025-11-25 16:00:00,20.7,68,1012.5,20.1,46,0.0
2025-11-25 17:00:00,20.2,70,1012.4,16.9,43,0.1
2025-11-25 18:00:00,19.6,76,1012.8,15.4,37,0.0
2025-11-25 19:00:00,18.8,79,1012.9,15.7,37,0.0
2025-11-25 20:00:00,17.8,82,1013.5,14.5,38,0.0
2025-11-25 21:00:00,17.1,85,1013.8,12.1,48,0.0
2025-11-25 22:00:00,16.5,88,1013.7,10.8,52,0.0
2025-11-25 23:00:00,16.1,89,1013.6,10.3,55,0.0
2025-11-26 00:00:00,15.9,90,1013.2,10.3,71,0.0
2025-11-26 01:00:00,15.7,91,1012.7,8.6,75,0.0
2025-11-26 02:00:00,15.6,91,1012.2,7.7,78,0.0
2025-11-26 03:00:00,15.9,91,1011.9,6.5,77,0.0
2025-11-26 04:00:00,15.9,93,1011.8,4.7,83,0.0
2025-11-26 05:00:00,15.9,93,1012.3,4.7,86,0.0
2025-11-26 06:00:00,16.9,90,1012.4,8.0,67,0.0
2025-11-26 07:00:00,18.8,85,1012.8,11.0,30,0.0
2025-11-26 08:00:00,20.0,83,1013.1,12.3,21,0.0
2025-11-26 09:00:00,21.4,77,1012.9,13.5,10,0.0
2025-11-26 10:00:00,22.5,73,1012.6,14.8,1,0.1
2025-11-26 11:00:00,23.3,69,1012.5,15.5,355,0.1
2025-11-26 12:00:00,23.7,68,1011.8,15.3,2,0.1
2025-11-26 13:00:00,23.7,67,1011.5,14.8,358,0.0
2025-11-26 14:00:00,23.9,65,1010.9,14.1,346,0.1
2025-11-26 15:00:00,22.9,69,1010.7,14.5,346,0.3
2025-11-26 16:00:00,22.9,70,1010.3,13.9,330,0.2
2025-11-26 17:00:00,22.8,68,1010.1,11.9,309,0.1
2025-11-26 18:00:00,22.0,74,1010.2,9.7,288,0.1
2025-11-26 19:00:00,20.7,84,1010.4,4.1,308,0.0
2025-11-26 20:00:00,19.2,87,1010.6,4.4,19,0.1
2025-11-26 21:00:00,18.6,90,1010.9,6.3,35,0.0
2025-11-26 22:00:00,17.7,93,1010.9,6.4,32,0.0
2025-11-26 23:00:00,16.9,94,1010.8,5.9,20,0.0
2025-11-27 00:00:00,16.9,94,1010.7,7.0,32,0.0
2025-11-27 01:00:00,16.7,95,1010.4,8.2,32,0.0
2025-11-27 02:00:00,16.9,94,1009.8,10.0,39,0.0
2025-11-27 03:00:00,16.6,95,1009.4,9.6,41,0.0
2025-11-27 04:00:00,16.1,96,1009.3,8.8,28,0.0
2025-11-27 05:00:00,15.6,98,1009.3,8.6,29,0.0
2025-11-27 06:00:00,16.2,98,1009.8,6.8,12,0.0
2025-11-27 07:00:00,17.7,92,1009.4,9.2,17,0.0
2025-11-27 08:00:00,19.7,84,1009.3,11.0,4,0.0
2025-11-27 09:00:00,20.8,81,1009.0,11.1,348,0.3
2025-11-27 10:00:00,22.2,74,1008.5,13.6,337,0.3
2025-11-27 11:00:00,23.0,70,1008.0,14.5,329,0.3
2025-11-27 12:00:00,23.8,66,1007.0,12.7,315,0.6
2025-11-27 13:00:00,24.7,63,1006.2,13.6,314,0.0
2025-11-27 14:00:00,24.6,63,1005.8,17.6,303,0.1
2025-11-27 15:00:00,24.3,65,1005.4,18.9,295,0.1
2025-11-27 16:00:00,23.2,72,1005.6,19.8,281,0.1
2025-11-27 17:00:00,22.2,76,1005.5,15.7,275,0.0
2025-11-27 18:00:00,21.7,79,1005.6,12.4,279,0.0
2025-11-27 19:00:00,20.6,85,1005.8,9.1,284,0.0
2025-11-27 20:00:00,19.7,89,1005.9,8.6,282,0.0
2025-11-27 21:00:00,19.2,91,1005.9,7.2,325,0.0
2025-11-27 22:00:00,18.8,94,1005.5,8.3,349,0.0
2025-11-27 23:00:00,18.9,94,1005.8,9.3,332,0.0
2025-11-28 00:00:00,19.2,93,1004.4,10.1,11,0.0
2025-11-28 01:00:00,19.5,90,1004.0,11.2,3,0.0
2025-11-28 02:00:00,19.3,92,1003.4,11.9,358,0.0
2025-11-28 03:00:00,18.8,94,1003.7,8.9,346,0.0
2025-11-28 04:00:00,18.7,95,1003.5,9.3,350,0.0
2025-11-28 05:00:00,18.6,94,1003.6,12.3,357,0.0
2025-11-28 06:00:00,19.1,91,1002.8,19.5,344,4.8
2025-11-28 07:00:00,19.5,93,1003.1,16.3,317,0.7
2025-11-28 08:00:00,20.8,89,1002.9,20.7,283,0.2
2025-11-28 09:00:00,22.2,79,1002.5,22.4,276,0.2
2025-11-28 10:00:00,22.4,78,1002.9,23.4,271,0.1
2025-11-28 11:00:00,22.4,76,1003.0,23.0,264,0.2
2025-11-28 12:00:00,23.4,68,1002.7,17.5,265,0.2
2025-11-28 13:00:00,22.5,71,1002.4,17.8,262,0.0
2025-11-28 14:00:00,22.3,71,1002.5,16.2,262,0.0
2025-11-28 15:00:00,21.8,73,1002.4,17.8,259,0.4
2025-11-28 16:00:00,21.5,75,1002.5,15.3,257,0.0
2025-11-28 17:00:00,21.2,76,1002.8,15.3,258,0.0
2025-11-28 18:00:00,20.7,77,1003.1,16.0,269,0.0
2025-11-28 19:00:00,19.4,84,1003.7,15.3,269,0.0
2025-11-28 20:00:00,18.2,89,1004.2,14.2,271,0.0
2025-11-28 21:00:00,17.5,92,1004.6,13.8,277,0.0
2025-11-28 22:00:00,17.0,94,1005.0,9.4,257,0.0
2025-11-28 23:00:00,16.6,94,1005.3,5.9,252,0.0
2025-11-29 00:00:00,15.3,94,1005.4,5.2,256,0.0
2025-11-29 01:00:00,14.3,92,1005.1,3.0,232,0.0
2025-11-29 02:00:00,13.7,94,1004.5,1.6,186,0.0
2025-11-29 03:00:00,13.1,96,1004.6,1.2,231,0.0
2025-11-29 04:00:00,12.3,98,1005.0,1.8,225,0.0
2025-11-29 05:00:00,11.6,100,1005.4,1.7,198,0.0
2025-11-29 06:00:00,13.0,99,1005.8,3.9,204,0.0
2025-11-29 07:00:00,15.7,93,1006.4,1.3,214,0.0
2025-11-29 08:00:00,17.9,81,1006.8,6.7,207,0.0
2025-11-29 09:00:00,19.4,75,1006.7,5.6,207,0.0
2025-11-29 10:00:00,21.3,66,1006.9,8.9,220,0.0
2025-11-29 11:00:00,22.5,58,1006.4,10.8,226,0.0
2025-11-29 12:00:00,23.3,52,1005.6,12.8,242,0.0
2025-11-29 13:00:00,23.4,50,1005.6,15.9,243,0.0
2025-11-29 14:00:00,23.2,50,1005.5,17.9,251,0.0
2025-11-29 15:00:00,22.6,51,1005.6,18.7,251,0.0
2025-11-29 16:00:00,22.1,53,1005.4,17.7,249,0.0
2025-11-29 17:00:00,21.1,57,1005.4,16.9,250,0.0
2025-11-29 18:00:00,20.1,62,1005.6,14.7,248,0.0
2025-11-29 19:00:00,18.1,70,1005.9,10.4,253,0.0
2025-11-29 20:00:00,16.8,75,1006.3,9.8,263,0.0
2025-11-29 21:00:00,15.8,78,1006.9,9.9,271,0.0
2025-11-29 22:00:00,15.2,81,1006.8,8.5,271,0.0
2025-11-29 23:00:00,14.0,87,1006.2,4.1,232,0.0
2025-11-30 00:00:00,13.2,87,1006.1,3.3,167,0.0
2025-11-30 01:00:00,12.6,90,1005.5,4.2,144,0.0
2025-11-30 02:00:00,11.9,92,1004.7,3.6,135,0.0
2025-11-30 03:00:00,11.4,94,1004.4,3.8,115,0.0
2025-11-30 04:00:00,10.9,95,1003.9,3.9,77,0.0
2025-11-30 05:00:00,10.2,97,1004.8,3.1,360,0.0
2025-11-30 06:00:00,11.9,95,1004.3,5.1,72,0.0
2025-11-30 07:00:00,14.7,88,1004.3,2.9,90,0.0
2025-11-30 08:00:00,17.1,80,1003.8,5.6,65,0.0
2025-11-30 09:00:00,19.4,69,1003.2,7.7,54,0.0
2025-11-30 10:00:00,21.8,69,1002.4,11.8,9,0.0
2025-11-30 11:00:00,23.2,65,1001.5,14.3,346,0.0
2025-11-30 12:00:00,21.0,75,1001.1,17.0,336,0.8
2025-11-30 13:00:00,21.0,72,1000.1,13.7,351,0.2
2025-11-30 14:00:00,21.2,82,999.2,16.6,5,0.2
2025-11-30 15:00:00,20.9,84,998.5,20.7,357,0.9
2025-11-30 16:00:00,19.9,93,998.2,17.7,343,2.5
2025-11-30 17:00:00,19.6,95,997.3,14.6,3,0.8
2025-11-30 18:00:00,20.0,93,996.7,16.7,349,1.9
2025-11-30 19:00:00,19.8,92,996.7,18.3,341,3.7
2025-11-30 20:00:00,19.8,92,996.8,23.2,329,0.0
2025-11-30 21:00:00,19.8,92,997.3,24.1,319,0.1
2025-11-30 22:00:00,19.7,93,997.5,25.1,312,0.2
2025-11-30 23:00:00,19.6,94,997.2,23.9,302,0.3
2025-12-01 00:00:00,19.7,94,997.4,25.9,295,0.1
2025-12-01 01:00:00,19.4,93,997.3,21.5,282,0.1
2025-12-01 02:00:00,18.2,92,997.6,18.0,267,0.0
2025-12-01 03:00:00,17.0,92,998.4,16.8,260,0.0
2025-12-01 04:00:00,15.9,91,999.0,14.6,254,0.0
2025-12-01 05:00:00,15.2,91,999.8,10.3,258,0.0
2025-12-01 06:00:00,15.9,91,999.8,8.4,286,0.0
2025-12-01 07:00:00,17.5,84,1000.6,9.9,273,0.0
2025-12-01 08:00:00,18.7,77,1001.5,17.1,252,0.3
2025-12-01 09:00:00,19.2,68,1001.9,18.9,261,0.0
2025-12-01 10:00:00,20.1,64,1001.8,21.4,267,0.0
2025-12-01 11:00:00,19.8,66,1001.9,21.4,268,0.0
2025-12-01 12:00:00,20.7,61,1002.1,19.6,267,0.0
2025-12-01 13:00:00,20.8,60,1002.1,18.8,266,0.0
2025-12-01 14:00:00,20.8,57,1002.0,18.3,264,0.0
2025-12-01 15:00:00,20.6,58,1001.9,19.6,264,0.0
2025-12-01 16:00:00,20.2,56,1002.6,21.0,264,0.0
2025-12-01 17:00:00,19.7,58,1002.5,16.3,262,0.0
2025-12-01 18:00:00,19.1,64,1002.9,13.3,267,0.0
2025-12-01 19:00:00,17.7,70,1003.4,10.6,291,0.0
2025-12-01 20:00:00,16.3,77,1003.4,9.4,322,0.0
2025-12-01 21:00:00,15.5,80,1003.9,6.1,328,0.0
2025-12-01 22:00:00,14.4,85,1004.0,4.7,337,0.0
2025-12-01 23:00:00,14.0,87,1004.0,3.9,347,0.0
2025-12-02 00:00:00,14.2,88,1004.3,6.9,15,0.0
2025-12-02 01:00:00,13.7,91,1003.7,7.4,23,0.0
2025-12-02 02:00:00,13.4,93,1003.4,4.4,21,0.0
2025-12-02 03:00:00,13.4,92,1003.5,3.7,47,0.0
2025-12-02 04:00:00,13.9,92,1003.6,4.3,57,0.0
2025-12-02 05:00:00,13.9,93,1003.8,4.5,61,0.0
2025-12-02 06:00:00,14.9,90,1003.7,8.6,59,0.0
2025-12-02 07:00:00,16.8,87,1003.8,4.9,66,0.0
2025-12-02 08:00:00,19.0,83,1004.0,5.9,59,0.0
2025-12-02 09:00:00,20.9,75,1003.9,5.0,19,0.0
2025-12-02 10:00:00,22.3,66,1003.8,3.6,357,0.0
2025-12-02 11:00:00,23.2,63,1003.5,3.1,350,0.0
2025-12-02 12:00:00,22.1,68,1003.4,4.7,288,0.0
2025-12-02 13:00:00,23.1,69,1002.9,4.5,344,0.0
2025-12-02 14:00:00,23.1,71,1002.6,10.7,27,0.1
2025-12-02 15:00:00,21.7,74,1002.7,15.9,29,0.4
2025-12-02 16:00:00,22.2,73,1002.0,11.1,34,0.0
2025-12-02 17:00:00,22.1,74,1001.4,11.7,46,0.0
2025-12-02 18:00:00,21.9,75,1001.1,11.6,46,0.1
2025-12-02 19:00:00,20.8,81,1001.1,9.0,53,0.0
2025-12-02 20:00:00,19.9,84,1000.9,14.2,60,0.0
2025-12-02 21:00:00,19.5,87,1001.2,14.5,49,0.0
2025-12-02 22:00:00,19.1,88,1000.8,13.1,54,0.0
2025-12-02 23:00:00,18.7,91,999.7,15.6,59,0.1
2025-12-03 00:00:00,18.4,94,999.1,11.4,96,0.0
2025-12-03 01:00:00,18.0,95,997.6,16.2,58,0.4
2025-12-03 02:00:00,17.7,94,995.9,17.8,54,0.3
2025-12-03 03:00:00,17.5,96,995.2,14.3,73,6.4
2025-12-03 04:00:00,17.5,96,994.5,16.7,48,1.2
2025-12-03 05:00:00,18.2,98,994.6,18.4,349,2.4
2025-12-03 06:00:00,19.7,93,995.3,17.6,327,0.1
2025-12-03 07:00:00,21.2,87,995.2,19.7,324,0.0
2025-12-03 08:00:00,22.2,79,995.4,21.3,326,0.0
2025-12-03 09:00:00,21.4,77,995.0,22.2,323,0.9
2025-12-03 10:00:00,20.3,84,995.0,15.3,339,2.3
2025-12-03 11:00:00,21.5,82,994.0,17.8,328,0.2
2025-12-03 12:00:00,22.2,74,992.5,8.0,329,0.1
2025-12-03 13:00:00,21.5,73,992.7,22.0,330,1.7
2025-12-03 14:00:00,19.0,86,991.9,15.3,347,0.8
2025-12-03 15:00:00,19.7,84,990.1,7.7,351,0.3
2025-12-03 16:00:00,19.6,85,989.1,10.9,309,0.5
2025-12-03 17:00:00,17.9,88,988.9,12.6,283,8.2
2025-12-03 18:00:00,16.9,91,988.2,11.7,275,0.4
2025-12-03 19:00:00,16.7,92,988.4,7.1,280,0.8
2025-12-03 20:00:00,15.9,94,988.3,11.3,299,0.1
2025-12-03 21:00:00,15.8,94,989.0,12.3,300,0.0
2025-12-03 22:00:00,15.4,92,989.3,17.2,286,0.0
2025-12-03 23:00:00,14.9,92,989.3,10.3,289,0.0
2025-12-04 00:00:00,15.1,93,990.5,7.2,248,0.1
2025-12-04 01:00:00,15.0,92,990.9,10.3,232,0.5
2025-12-04 02:00:00,14.8,87,991.7,18.0,224,0.1
2025-12-04 03:00:00,13.6,80,992.8,23.7,214,0.0
2025-12-04 04:00:00,13.3,80,994.1,22.2,214,0.0
2025-12-04 05:00:00,13.1,80,995.7,24.3,215,0.0
2025-12-04 06:00:00,13.5,77,997.2,22.5,215,0.0
2025-12-04 07:00:00,14.4,75,998.6,19.2,224,0.0
2025-12-04 08:00:00,15.5,70,999.7,24.2,219,0.0
2025-12-04 09:00:00,16.3,64,1000.6,27.0,211,0.0
2025-12-04 10:00:00,17.2,58,1001.1,28.3,207,0.0
2025-12-04 11:00:00,17.9,54,1001.8,30.0,205,0.0
2025-12-04 12:00:00,18.9,50,1002.4,25.0,213,0.0
2025-12-04 13:00:00,19.1,49,1002.5,24.5,211,0.1
2025-12-04 14:00:00,19.5,49,1002.9,24.7,214,0.0
2025-12-04 15:00:00,19.4,49,1003.2,24.6,221,0.0
2025-12-04 16:00:00,19.4,48,1003.5,24.7,233,0.0
2025-12-04 17:00:00,18.4,54,1003.9,24.6,238,0.0
2025-12-04 18:00:00,17.6,61,1004.8,20.6,242,0.0
2025-12-04 19:00:00,16.2,64,1005.5,17.1,245,0.0
2025-12-04 20:00:00,15.1,67,1006.0,12.4,251,0.0
2025-12-04 21:00:00,15.2,72,1006.9,17.9,253,0.0
2025-12-04 22:00:00,15.0,78,1007.4,17.7,246,0.0
2025-12-04 23:00:00,15.1,77,1007.7,17.9,241,0.0
2025-12-05 00:00:00,14.6,78,1008.0,15.1,247,0.0
2025-12-05 01:00:00,14.7,78,1008.1,15.9,245,0.0
2025-12-05 02:00:00,14.6,81,1008.2,14.1,242,0.0
2025-12-05 03:00:00,14.6,81,1008.4,13.5,241,0.0
2025-12-05 04:00:00,14.4,82,1008.6,13.3,245,0.0
2025-12-05 05:00:00,14.6,82,1009.1,14.2,243,0.0
2025-12-05 06:00:00,15.2,81,1009.7,14.7,242,0.0
2025-12-05 07:00:00,16.7,78,1010.5,14.0,239,0.0
2025-12-05 08:00:00,17.9,69,1010.8,24.4,232,0.0
2025-12-05 09:00:00,18.5,66,1011.0,27.1,236,0.0
2025-12-05 10:00:00,19.0,66,1011.2,26.0,238,0.0
2025-12-05 11:00:00,20.0,63,1011.3,27.2,241,0.0
2025-12-05 12:00:00,20.3,60,1011.4,26.0,238,0.0
2025-12-05 13:00:00,20.4,58,1011.3,25.9,235,0.0
2025-12-05 14:00:00,19.7,62,1011.4,25.0,234,0.0
2025-12-05 15:00:00,19.8,61,1011.3,22.9,233,0.0
2025-12-05 16:00:00,19.8,62,1011.1,22.1,235,0.0
2025-12-05 17:00:00,19.5,65,1011.2,23.2,238,0.0
2025-12-05 18:00:00,18.8,70,1011.1,17.3,250,0.0
2025-12-05 19:00:00,17.5,76,1011.5,15.5,255,0.0
2025-12-05 20:00:00,16.4,80,1012.1,14.8,249,0.0
2025-12-05 21:00:00,15.9,83,1012.7,10.2,246,0.0
2025-12-05 22:00:00,14.9,88,1012.8,6.1,251,0.0
2025-12-05 23:00:00,14.4,88,1012.8,3.3,241,0.0
2025-12-06 00:00:00,14.0,90,1012.8,5.8,236,0.0
2025-12-06 01:00:00,13.7,90,1012.5,5.0,232,0.0
2025-12-06 02:00:00,13.5,90,1012.4,2.4,216,0.0
2025-12-06 03:00:00,13.5,91,1012.4,0.9,191,0.0
2025-12-06 04:00:00,13.3,92,1012.5,0.8,153,0.0
2025-12-06 05:00:00,12.8,93,1013.0,0.6,146,0.0
2025-12-06 06:00:00,13.8,92,1013.5,1.0,135,0.0
2025-12-06 07:00:00,15.8,92,1014.1,0.2,90,0.0
2025-12-06 08:00:00,17.8,87,1014.7,1.5,216,0.0
2025-12-06 09:00:00,19.7,80,1014.6,4.1,247,0.0
2025-12-06 10:00:00,21.5,76,1014.4,7.2,264,0.0
2025-12-06 11:00:00,23.2,69,1014.4,11.4,259,0.0
2025-12-06 12:00:00,23.7,64,1014.2,14.5,253,0.0
2025-12-06 13:00:00,23.7,63,1013.9,16.3,252,0.0
2025-12-06 14:00:00,23.9,63,1013.8,16.5,254,0.0
2025-12-06 15:00:00,23.5,62,1013.8,17.5,255,0.0
2025-12-06 16:00:00,22.8,66,1013.8,16.3,256,0.0
2025-12-06 17:00:00,22.0,68,1013.7,14.6,256,0.0
2025-12-06 18:00:00,21.2,73,1013.9,14.7,262,0.0
2025-12-06 19:00:00,19.3,82,1014.5,15.0,265,0.0
2025-12-06 20:00:00,17.6,87,1015.0,13.4,265,0.0
2025-12-06 21:00:00,16.6,91,1015.8,8.1,267,0.0
2025-12-06 22:00:00,15.7,93,1015.9,5.2,276,0.0
2025-12-06 23:00:00,14.8,94,1016.0,4.0,278,0.0
2025-12-07 00:00:00,14.5,95,1015.7,3.1,246,0.0
2025-12-07 01:00:00,13.9,97,1015.5,1.5,194,0.0
2025-12-07 02:00:00,13.1,99,1015.3,1.7,148,0.0
2025-12-07 03:00:00,12.2,100,1015.3,4.5,140,0.0
2025-12-07 04:00:00,11.8,100,1015.2,3.7,125,0.0
2025-12-07 05:00:00,11.5,100,1015.2,4.3,123,0.0
2025-12-07 06:00:00,13.3,99,1015.5,5.1,132,0.0
2025-12-07 07:00:00,14.5,94,1015.7,4.8,143,0.0
2025-12-07 08:00:00,16.6,90,1015.9,6.9,155,0.0
2025-12-07 09:00:00,18.7,84,1015.4,5.8,164,0.0
2025-12-07 10:00:00,20.6,81,1015.0,3.4,205,0.0
2025-12-07 11:00:00,22.8,76,1014.8,3.6,267,0.0
2025-12-07 12:00:00,24.3,69,1014.2,5.5,289,0.0
2025-12-07 13:00:00,26.0,59,1013.8,6.9,276,0.0
2025-12-07 14:00:00,26.6,51,1013.3,10.7,262,0.0
2025-12-07 15:00:00,26.1,48,1013.0,13.7,252,0.0
2025-12-07 16:00:00,25.2,49,1012.8,15.4,246,0.0
2025-12-07 17:00:00,23.7,53,1012.8,16.3,247,0.0
2025-12-07 18:00:00,22.5,61,1013.1,14.3,253,0.0
2025-12-07 19:00:00,20.3,68,1013.5,11.8,254,0.0
2025-12-07 20:00:00,18.3,73,1014.1,7.1,251,0.0
2025-12-07 21:00:00,17.0,77,1014.3,0.8,297,0.0
2025-12-07 22:00:00,16.0,81,1014.0,2.5,4,0.0
2025-12-07 23:00:00,15.1,84,1013.8,1.6,333,0.0
2025-12-08 00:00:00,14.4,88,1014.0,2.4,228,0.0
2025-12-08 01:00:00,13.5,90,1013.7,1.5,150,0.0
2025-12-08 02:00:00,13.0,90,1013.5,2.0,117,0.0
2025-12-08 03:00:00,12.8,90,1013.6,1.5,120,0.0
2025-12-08 04:00:00,12.5,88,1013.5,1.5,120,0.0
2025-12-08 05:00:00,12.4,87,1013.5,0.8,117,0.0
2025-12-08 06:00:00,13.4,85,1014.1,3.3,193,0.0
2025-12-08 07:00:00,15.7,85,1014.7,2.8,252,0.0
2025-12-08 08:00:00,18.0,79,1015.0,1.8,349,0.0
2025-12-08 09:00:00,20.7,73,1015.0,3.1,360,0.0
2025-12-08 10:00:00,22.9,67,1015.2,2.2,312,0.0
2025-12-08 11:00:00,24.5,60,1015.2,2.4,13,0.0
2025-12-08 12:00:00,25.7,55,1015.1,3.6,240,0.0
2025-12-08 13:00:00,26.5,50,1014.8,1.7,229,0.0
2025-12-08 14:00:00,27.1,48,1014.6,0.0,270,0.0
2025-12-08 15:00:00,27.5,47,1014.3,1.9,41,0.0
2025-12-08 16:00:00,27.6,48,1014.1,3.0,14,0.0
2025-12-08 17:00:00,27.1,49,1014.0,3.6,311,0.0
2025-12-08 18:00:00,25.3,62,1014.4,10.8,259,0.0
2025-12-08 19:00:00,22.2,72,1014.7,11.2,244,0.0
2025-12-08 20:00:00,20.4,79,1015.3,0.9,37,0.0
2025-12-08 21:00:00,19.1,87,1015.9,4.5,7,0.0
2025-12-08 22:00:00,18.3,88,1016.5,6.0,350,0.0
2025-12-08 23:00:00,17.1,92,1016.7,3.8,360,0.0
2025-12-09 00:00:00,16.9,94,1016.5,4.2,54,0.0
2025-12-09 01:00:00,16.4,96,1016.4,5.1,58,0.0
2025-12-09 02:00:00,15.9,97,1016.7,8.0,40,0.0
2025-12-09 03:00:00,15.4,97,1016.7,6.8,40,0.0
2025-12-09 04:00:00,14.2,98,1016.7,3.6,53,0.0
2025-12-09 05:00:00,13.5,98,1017.1,4.1,56,0.0
2025-12-09 06:00:00,15.2,96,1017.4,8.3,49,0.0
2025-12-09 07:00:00,17.5,92,1017.7,7.3,48,0.0
2025-12-09 08:00:00,19.3,85,1017.9,7.1,41,0.0
2025-12-09 09:00:00,21.0,76,1017.2,6.9,51,0.0
2025-12-09 10:00:00,22.1,74,1016.5,5.6,65,0.0
2025-12-09 11:00:00,23.4,71,1016.3,5.4,50,0.0
2025-12-09 12:00:00,24.7,67,1015.6,2.1,38,0.0
2025-12-09 13:00:00,25.7,65,1015.0,0.9,270,0.0
2025-12-09 14:00:00,26.1,65,1014.7,1.6,276,0.0
2025-12-09 15:00:00,26.4,61,1014.1,2.3,32,0.0
2025-12-09 16:00:00,26.8,57,1013.8,2.9,30,0.0
2025-12-09 17:00:00,26.7,52,1013.5,8.4,42,0.0
2025-12-09 18:00:00,24.7,60,1013.7,18.8,47,0.0
2025-12-09 19:00:00,21.9,72,1014.2,16.3,44,0.0
2025-12-09 20:00:00,19.8,78,1014.9,14.6,45,0.0
2025-12-09 21:00:00,18.6,85,1015.5,15.1,45,0.0
2025-12-09 22:00:00,17.5,90,1015.5,12.5,43,0.0
2025-12-09 23:00:00,16.9,92,1015.5,9.3,41,0.0
2025-12-10 00:00:00,15.8,95,1015.1,4.2,100,0.0
2025-12-10 01:00:00,15.0,96,1014.5,4.7,130,0.0
2025-12-10 02:00:00,14.9,95,1013.9,5.7,127,0.0
2025-12-10 03:00:00,14.5,96,1013.4,5.5,131,0.0
2025-12-10 04:00:00,13.5,99,1013.6,5.6,135,0.0
2025-12-10 05:00:00,12.9,100,1014.1,6.1,140,0.0
2025-12-10 06:00:00,13.3,99,1014.0,6.0,147,0.0
2025-12-10 07:00:00,15.1,98,1014.3,4.8,149,0.0
2025-12-10 08:00:00,17.7,92,1014.3,3.0,166,0.0
2025-12-10 09:00:00,19.9,82,1014.0,2.9,169,0.0
2025-12-10 10:00:00,21.5,76,1013.2,2.6,115,0.0
2025-12-10 11:00:00,22.7,72,1012.8,3.3,144,0.0
2025-12-10 12:00:00,23.5,68,1012.1,3.1,144,0.0
2025-12-10 13:00:00,24.5,62,1011.4,2.3,108,0.0
2025-12-10 14:00:00,25.4,57,1010.9,1.4,90,0.0
2025-12-10 15:00:00,26.2,51,1010.1,1.7,58,0.0
2025-12-10 16:00:00,26.5,48,1009.5,2.7,20,0.0
2025-12-10 17:00:00,26.2,50,1009.2,3.7,281,0.0
2025-12-10 18:00:00,24.4,69,1009.3,12.9,255,0.0
2025-12-10 19:00:00,21.9,82,1009.7,13.1,257,0.0
2025-12-10 20:00:00,20.3,83,1010.2,6.8,282,0.0
2025-12-10 21:00:00,19.3,87,1010.6,3.2,326,0.0
2025-12-10 22:00:00,18.2,92,1010.5,2.8,342,0.0
2025-12-10 23:00:00,17.5,94,1010.3,1.7,13,0.0
2025-12-11 00:00:00,17.5,93,1009.7,6.4,79,0.0
2025-12-11 01:00:00,16.7,94,1009.4,6.4,54,0.0
2025-12-11 02:00:00,16.0,95,1009.1,4.5,34,0.0
2025-12-11 03:00:00,15.2,96,1008.7,1.3,34,0.0
2025-12-11 04:00:00,15.0,96,1008.7,0.2,90,0.0
2025-12-11 05:00:00,15.0,96,1008.7,0.5,135,0.0
2025-12-11 06:00:00,16.4,91,1008.8,3.3,135,0.0
2025-12-11 07:00:00,18.0,88,1009.0,2.2,156,0.0
2025-12-11 08:00:00,19.6,83,1009.0,1.9,163,0.0
2025-12-11 09:00:00,21.0,76,1008.7,3.0,218,0.0
2025-12-11 10:00:00,22.4,69,1008.4,3.9,196,0.0
2025-12-11 11:00:00,23.4,64,1008.1,4.1,135,0.0
2025-12-11 12:00:00,24.7,62,1007.2,3.1,93,0.0
2025-12-11 13:00:00,26.0,60,1006.6,2.0,270,0.0
2025-12-11 14:00:00,25.9,59,1006.2,13.6,265,0.0
2025-12-11 15:00:00,24.0,72,1006.0,19.0,260,0.1
2025-12-11 16:00:00,23.8,67,1005.6,16.2,260,0.0
2025-12-11 17:00:00,22.9,66,1005.3,14.9,262,0.0
2025-12-11 18:00:00,21.9,68,1005.5,12.8,265,0.0
2025-12-11 19:00:00,20.3,77,1005.6,9.6,279,0.0
2025-12-11 20:00:00,18.6,84,1006.0,11.1,286,0.0
2025-12-11 21:00:00,17.4,90,1006.5,9.2,287,0.0
2025-12-11 22:00:00,17.1,91,1006.6,9.4,258,0.0
2025-12-11 23:00:00,16.3,92,1006.4,5.3,252,0.0
2025-12-12 00:00:00,15.9,91,1006.7,5.1,280,0.0
2025-12-12 01:00:00,16.2,89,1006.3,8.3,266,0.0
2025-12-12 02:00:00,16.2,83,1006.1,12.3,233,0.0
2025-12-12 03:00:00,15.9,74,1006.1,13.9,230,0.0
2025-12-12 04:00:00,14.7,74,1006.2,14.8,230,0.0
2025-12-12 05:00:00,14.0,76,1006.5,14.0,228,0.0
2025-12-12 06:00:00,14.4,78,1007.0,11.7,221,0.0
2025-12-12 07:00:00,15.5,75,1007.5,10.8,195,0.0
2025-12-12 08:00:00,16.4,71,1007.7,12.5,195,0.0
2025-12-12 09:00:00,17.4,66,1007.6,15.1,192,0.0
2025-12-12 10:00:00,18.6,59,1007.2,14.7,198,0.0
2025-12-12 11:00:00,19.3,55,1007.0,16.1,202,0.0
2025-12-12 12:00:00,20.7,52,1006.9,14.7,197,0.0
2025-12-12 13:00:00,21.3,50,1006.4,15.5,190,0.0
2025-12-12 14:00:00,21.6,49,1006.1,16.7,188,0.0
2025-12-12 15:00:00,22.1,48,1005.9,15.2,190,0.0
2025-12-12 16:00:00,22.6,46,1005.8,16.3,211,0.0
2025-12-12 17:00:00,23.7,42,1006.0,10.4,200,0.0
2025-12-12 18:00:00,23.3,47,1006.5,6.8,243,0.0
2025-12-12 19:00:00,20.2,70,1007.3,4.3,287,0.0
2025-12-12 20:00:00,18.5,76,1008.5,9.5,89,0.0
2025-12-12 21:00:00,18.4,68,1010.4,19.4,111,0.0
2025-12-12 22:00:00,17.3,61,1011.3,18.1,118,0.0
2025-12-12 23:00:00,16.2,60,1011.9,15.4,117,0.0
2025-12-13 00:00:00,14.9,61,1012.4,13.2,124,0.0
2025-12-13 01:00:00,13.7,65,1012.5,9.0,134,0.0
2025-12-13 02:00:00,12.7,70,1012.6,8.5,145,0.0
2025-12-13 03:00:00,11.9,73,1012.7,6.8,153,0.0
2025-12-13 04:00:00,11.5,75,1013.1,6.8,158,0.0
2025-12-13 05:00:00,11.1,75,1013.9,7.5,153,0.0
2025-12-13 06:00:00,12.2,72,1014.9,10.7,143,0.0
2025-12-13 07:00:00,13.8,69,1015.6,8.6,149,0.0
2025-12-13 08:00:00,15.6,64,1016.3,9.5,129,0.0
2025-12-13 09:00:00,17.5,57,1016.3,10.6,122,0.0
2025-12-13 10:00:00,18.8,54,1016.2,11.9,131,0.0
2025-12-13 11:00:00,20.1,52,1016.5,13.4,133,0.0
2025-12-13 12:00:00,21.5,50,1016.4,10.7,125,0.0
2025-12-13 13:00:00,22.2,48,1016.4,9.4,121,0.0
2025-12-13 14:00:00,23.0,43,1016.1,11.2,145,0.0
2025-12-13 15:00:00,23.0,41,1015.8,13.6,149,0.0
2025-12-13 16:00:00,23.0,41,1015.8,11.1,134,0.0
2025-12-13 17:00:00,21.4,51,1015.9,13.5,38,0.0
2025-12-13 18:00:00,21.0,56,1016.4,15.9,26,0.0
2025-12-13 19:00:00,19.0,66,1017.2,15.2,47,0.0
2025-12-13 20:00:00,17.8,65,1017.9,15.2,49,0.0
2025-12-13 21:00:00,17.0,66,1018.8,13.5,47,0.0
2025-12-13 22:00:00,16.4,67,1019.0,9.9,45,0.0
2025-12-13 23:00:00,15.8,72,1019.7,5.1,354,0.0
2025-12-14 00:00:00,15.8,72,1019.9,9.8,73,0.0
2025-12-14 01:00:00,15.0,72,1019.9,10.8,66,0.0
2025-12-14 02:00:00,14.3,69,1019.9,10.7,63,0.0
2025-12-14 03:00:00,13.4,71,1019.8,8.9,76,0.0
2025-12-14 04:00:00,12.4,77,1019.9,6.7,95,0.0
2025-12-14 05:00:00,11.4,85,1020.4,5.3,123,0.0
2025-12-14 06:00:00,12.5,84,1021.1,6.7,144,0.0
2025-12-14 07:00:00,14.3,81,1021.6,4.0,159,0.0
2025-12-14 08:00:00,16.5,70,1022.1,4.2,110,0.0
2025-12-14 09:00:00,18.1,63,1021.8,6.1,71,0.0
2025-12-14 10:00:00,19.5,58,1021.4,6.1,66,0.0
2025-12-14 11:00:00,20.5,58,1021.1,6.2,75,0.0
2025-12-14 12:00:00,21.9,53,1020.7,8.2,112,0.0
2025-12-14 13:00:00,21.9,52,1020.0,5.8,99,0.0
2025-12-14 14:00:00,23.0,48,1019.5,6.5,82,0.0
2025-12-14 15:00:00,23.4,44,1018.6,6.2,54,0.0
2025-12-14 16:00:00,23.1,44,1018.2,12.0,35,0.0
2025-12-14 17:00:00,21.0,56,1018.4,18.5,35,0.0
2025-12-14 18:00:00,20.6,56,1018.4,16.4,32,0.0
2025-12-14 19:00:00,19.0,63,1019.0,16.3,32,0.0
2025-12-14 20:00:00,17.5,66,1019.5,17.6,38,0.0
2025-12-14 21:00:00,16.3,69,1020.4,16.9,33,0.0
2025-12-14 22:00:00,15.4,74,1020.7,12.6,33,0.0
2025-12-14 23:00:00,14.4,79,1021.0,7.6,54,0.0
2025-12-15 00:00:00,13.8,80,1021.2,7.6,85,0.0
2025-12-15 01:00:00,13.0,84,1020.7,5.8,83,0.0
2025-12-15 02:00:00,12.6,85,1019.9,6.1,78,0.0
2025-12-15 03:00:00,13.1,82,1019.0,8.7,73,0.0
2025-12-15 04:00:00,12.6,86,1018.8,6.5,67,0.0
2025-12-15 05:00:00,11.7,88,1018.8,4.4,63,0.0
2025-12-15 06:00:00,13.3,83,1018.7,5.7,79,0.0
2025-12-15 07:00:00,15.4,81,1018.7,2.7,86,0.0
2025-12-15 08:00:00,18.0,71,1018.4,7.8,48,0.0
2025-12-15 09:00:00,19.4,54,1018.1,15.9,28,0.0
2025-12-15 10:00:00,20.5,52,1017.7,15.3,21,0.0
2025-12-15 11:00:00,21.7,49,1017.5,17.3,5,0.0
2025-12-15 12:00:00,22.5,47,1016.8,14.9,343,0.0
2025-12-15 13:00:00,22.3,48,1016.3,14.4,340,0.0
2025-12-15 14:00:00,22.9,48,1015.7,13.7,344,0.0
2025-12-15 15:00:00,22.6,47,1015.2,12.8,359,0.0
2025-12-15 16:00:00,22.2,52,1014.6,14.9,27,0.0
2025-12-15 17:00:00,21.3,63,1014.3,16.8,37,0.0
2025-12-15 18:00:00,21.3,62,1014.0,16.3,37,0.0
2025-12-15 19:00:00,19.8,72,1014.1,17.3,44,0.0
2025-12-15 20:00:00,18.3,78,1014.1,18.1,32,0.0
2025-12-15 21:00:00,17.3,81,1014.4,13.8,26,0.0
2025-12-15 22:00:00,16.5,85,1014.3,11.4,29,0.0
2025-12-15 23:00:00,16.4,84,1014.5,12.5,33,0.0
2025-12-16 00:00:00,16.9,80,1014.2,11.1,34,0.0
2025-12-16 01:00:00,16.4,81,1013.5,13.5,33,0.0
2025-12-16 02:00:00,16.3,82,1012.8,12.6,19,0.0
2025-12-16 03:00:00,16.5,84,1012.3,13.4,11,0.0
2025-12-16 04:00:00,16.5,85,1012.0,13.7,13,0.0
2025-12-16 05:00:00,16.4,86,1011.9,13.8,16,0.0
2025-12-16 06:00:00,17.3,82,1011.3,15.5,13,0.0
2025-12-16 07:00:00,19.1,77,1011.2,17.1,359,0.0
2025-12-16 08:00:00,20.3,72,1010.9,22.4,345,0.1
2025-12-16 09:00:00,21.4,65,1010.5,24.1,340,0.0
2025-12-16 10:00:00,22.5,59,1009.8,24.1,341,0.0
2025-12-16 11:00:00,23.3,52,1009.5,25.9,340,0.0
2025-12-16 12:00:00,23.5,49,1008.8,24.0,330,0.0
2025-12-16 13:00:00,22.5,55,1008.3,19.1,337,0.0
2025-12-16 14:00:00,22.4,59,1007.5,17.1,338,0.0
2025-12-16 15:00:00,21.1,68,1007.1,24.5,330,0.3
2025-12-16 16:00:00,18.8,90,1007.1,25.3,310,3.3
2025-12-16 17:00:00,18.1,92,1006.5,21.7,327,2.4
2025-12-16 18:00:00,18.2,89,1006.2,21.7,336,0.8
2025-12-16 19:00:00,18.1,90,1006.5,16.4,299,0.3
2025-12-16 20:00:00,17.1,84,1007.0,10.1,258,0.0
2025-12-16 21:00:00,15.9,83,1007.7,13.5,265,0.0
2025-12-16 22:00:00,14.9,86,1007.5,13.8,263,0.0
2025-12-16 23:00:00,14.6,87,1007.7,13.8,258,0.0
2025-12-17 00:00:00,14.5,89,1007.7,7.6,278,0.1
2025-12-17 01:00:00,13.9,88,1007.4,7.0,283,0.0
2025-12-17 02:00:00,13.9,79,1007.0,10.6,272,0.0
2025-12-17 03:00:00,13.8,76,1007.2,14.2,255,0.0
2025-12-17 04:00:00,13.0,79,1007.5,9.6,240,0.0
2025-12-17 05:00:00,12.8,80,1007.9,7.6,239,0.0
2025-12-17 06:00:00,13.5,79,1008.0,8.0,226,0.0
2025-12-17 07:00:00,14.0,72,1008.9,12.2,227,0.0
2025-12-17 08:00:00,13.9,74,1009.6,13.4,243,0.0
2025-12-17 09:00:00,15.4,71,1009.6,16.3,253,0.1
2025-12-17 10:00:00,15.7,64,1009.3,16.9,247,0.1
2025-12-17 11:00:00,17.0,64,1009.4,18.1,243,0.2
2025-12-17 12:00:00,16.2,60,1009.6,18.7,234,0.1
2025-12-17 13:00:00,17.4,52,1009.3,22.2,246,0.0
2025-12-17 14:00:00,17.6,49,1009.0,25.1,244,0.0
2025-12-17 15:00:00,17.4,50,1008.8,26.3,240,0.1
2025-12-17 16:00:00,17.2,53,1008.8,25.2,236,0.1
2025-12-17 17:00:00,17.1,54,1008.7,22.1,236,0.0
2025-12-17 18:00:00,17.0,56,1009.0,17.5,235,0.0
2025-12-17 19:00:00,16.1,63,1009.8,10.0,234,0.0
2025-12-17 20:00:00,14.1,73,1010.3,5.7,226,0.0
2025-12-17 21:00:00,13.0,78,1011.1,5.6,201,0.0
2025-12-17 22:00:00,12.0,84,1011.4,5.4,184,0.0
2025-12-17 23:00:00,11.1,86,1011.6,4.9,170,0.0
2025-12-18 00:00:00,11.2,85,1011.7,4.8,149,0.0
2025-12-18 01:00:00,10.6,84,1011.4,2.0,170,0.0
2025-12-18 02:00:00,10.4,84,1011.2,0.2,180,0.0
2025-12-18 03:00:00,9.5,89,1011.0,2.1,52,0.0
2025-12-18 04:00:00,9.0,92,1011.3,4.1,34,0.0
2025-12-18 05:00:00,8.7,93,1011.9,3.3,9,0.0
2025-12-18 06:00:00,10.7,87,1012.4,4.9,356,0.0
2025-12-18 07:00:00,13.8,83,1012.3,3.9,347,0.0
2025-12-18 08:00:00,16.1,73,1012.2,8.9,264,0.1
2025-12-18 09:00:00,17.3,63,1012.4,17.2,252,0.2
2025-12-18 10:00:00,18.3,57,1011.8,18.8,253,0.0
2025-12-18 11:00:00,19.0,54,1011.4,20.1,252,0.0
2025-12-18 12:00:00,19.7,51,1011.3,19.0,257,0.0
2025-12-18 13:00:00,19.6,49,1011.2,20.2,254,0.0
2025-12-18 14:00:00,19.3,51,1010.8,21.9,260,0.0
2025-12-18 15:00:00,18.8,55,1010.7,21.9,258,0.0
2025-12-18 16:00:00,18.7,55,1010.3,20.9,257,0.0
2025-12-18 17:00:00,18.0,60,1009.9,20.4,254,0.0
2025-12-18 18:00:00,17.8,58,1010.2,16.4,253,0.0
2025-12-18 19:00:00,16.7,64,1010.5,11.7,259,0.0
2025-12-18 20:00:00,15.4,69,1010.6,7.7,271,0.0
2025-12-18 21:00:00,14.8,71,1010.9,6.4,278,0.0
2025-12-18 22:00:00,14.0,75,1010.6,4.6,315,0.0
2025-12-18 23:00:00,14.2,73,1010.2,6.1,320,0.0
2025-12-19 00:00:00,15.0,76,1010.0,7.6,292,0.0
2025-12-19 01:00:00,15.5,80,1009.5,10.8,267,0.0
2025-12-19 02:00:00,15.3,86,1008.9,10.3,271,0.0
2025-12-19 03:00:00,15.2,87,1008.5,9.7,269,0.0
2025-12-19 04:00:00,15.6,86,1008.2,11.6,264,0.0
2025-12-19 05:00:00,15.4,88,1008.1,11.5,266,0.1
2025-12-19 06:00:00,15.6,88,1008.4,10.1,287,0.0
2025-12-19 07:00:00,16.4,84,1008.3,14.6,270,0.0
2025-12-19 08:00:00,17.7,76,1008.0,20.2,261,0.1
2025-12-19 09:00:00,18.4,73,1007.8,20.7,267,0.1
2025-12-19 10:00:00,18.6,72,1007.1,24.5,274,0.1
2025-12-19 11:00:00,18.8,72,1007.1,24.1,270,0.1
2025-12-19 12:00:00,20.1,64,1006.1,25.8,268,0.1
2025-12-19 13:00:00,19.5,64,1005.8,26.6,276,0.0
2025-12-19 14:00:00,19.9,65,1004.8,28.8,276,0.0
2025-12-19 15:00:00,19.0,71,1004.6,31.5,271,0.2
2025-12-19 16:00:00,19.3,67,1004.2,28.2,275,0.1
2025-12-19 17:00:00,18.5,72,1003.8,29.4,272,0.1
2025-12-19 18:00:00,18.3,71,1003.5,24.5,270,0.1
2025-12-19 19:00:00,17.7,75,1003.4,18.8,285,0.0
2025-12-19 20:00:00,17.6,77,1002.8,22.3,295,0.1
2025-12-19 21:00:00,17.3,83,1002.7,21.7,284,0.4
2025-12-19 22:00:00,17.1,86,1002.5,20.7,283,0.2
2025-12-19 23:00:00,16.6,91,1002.7,23.4,273,3.2
2025-12-20 00:00:00,16.5,91,1002.5,19.2,278,0.2
2025-12-20 01:00:00,16.5,91,1001.9,20.2,281,0.3
2025-12-20 02:00:00,16.1,91,1001.5,16.3,276,0.2
2025-12-20 03:00:00,16.3,89,1001.3,13.3,272,0.0
2025-12-20 04:00:00,15.6,88,1001.7,12.5,255,0.0
2025-12-20 05:00:00,15.0,90,1002.3,12.3,245,0.1
2025-12-20 06:00:00,15.5,88,1002.8,10.2,256,0.0
2025-12-20 07:00:00,16.2,81,1003.3,13.2,241,0.0
2025-12-20 08:00:00,17.1,73,1003.9,17.4,238,0.0
2025-12-20 09:00:00,17.8,62,1004.2,22.9,254,0.0
2025-12-20 10:00:00,17.9,58,1004.0,23.2,258,0.0
2025-12-20 11:00:00,18.8,53,1004.4,27.5,261,0.0
2025-12-20 12:00:00,19.8,51,1004.3,25.5,252,0.0
2025-12-20 13:00:00,19.7,49,1004.4,25.1,254,0.0
2025-12-20 14:00:00,19.4,49,1004.4,27.1,254,0.0
2025-12-20 15:00:00,18.7,53,1004.4,25.4,248,0.0
2025-12-20 16:00:00,18.1,53,1004.3,25.9,255,0.0
2025-12-20 17:00:00,17.5,58,1004.4,23.6,251,0.0
2025-12-20 18:00:00,17.0,61,1004.6,20.3,250,0.0
2025-12-20 19:00:00,15.9,68,1004.7,16.6,243,0.0
2025-12-20 20:00:00,15.2,72,1005.1,12.6,253,0.0
2025-12-20 21:00:00,14.6,75,1005.8,13.0,242,0.0
2025-12-20 22:00:00,14.1,78,1005.8,11.7,267,0.0
2025-12-20 23:00:00,14.1,79,1006.0,11.7,269,0.0
2025-12-21 00:00:00,13.9,81,1006.2,11.3,263,0.0
2025-12-21 01:00:00,13.9,81,1006.3,11.2,252,0.0
2025-12-21 02:00:00,14.0,79,1006.3,10.5,241,0.0
2025-12-21 03:00:00,13.6,80,1006.2,9.7,231,0.0
2025-12-21 04:00:00,13.4,82,1006.8,10.0,234,0.1
2025-12-21 05:00:00,13.0,85,1007.4,7.5,255,0.0
2025-12-21 06:00:00,13.8,82,1008.1,7.8,263,0.0
2025-12-21 07:00:00,15.4,71,1008.7,7.7,239,0.0
2025-12-21 08:00:00,16.8,61,1009.2,12.4,239,0.0
2025-12-21 09:00:00,17.7,54,1009.4,19.9,238,0.0
2025-12-21 10:00:00,18.4,50,1009.4,20.1,236,0.0
2025-12-21 11:00:00,18.6,51,1009.6,19.7,239,0.0
2025-12-21 12:00:00,19.7,48,1009.5,19.2,241,0.1
2025-12-21 13:00:00,19.3,49,1009.2,19.2,248,0.0
2025-12-21 14:00:00,18.9,57,1009.6,21.2,243,0.0
2025-12-21 15:00:00,18.3,58,1009.8,21.5,247,0.0
2025-12-21 16:00:00,18.3,57,1009.8,21.0,248,0.0
2025-12-21 17:00:00,17.7,59,1009.7,18.7,250,0.0
2025-12-21 18:00:00,17.5,59,1009.5,15.4,251,0.0
2025-12-21 19:00:00,16.5,65,1009.9,11.0,251,0.0
2025-12-21 20:00:00,15.7,69,1010.1,7.2,243,0.0
2025-12-21 21:00:00,14.7,76,1010.7,4.8,245,0.0
2025-12-21 22:00:00,13.7,80,1010.8,4.9,246,0.0
2025-12-21 23:00:00,13.0,82,1010.7,3.1,220,0.0
2025-12-22 00:00:00,12.6,84,1011.2,3.6,153,0.0
2025-12-22 01:00:00,11.6,90,1011.4,4.8,149,0.0
2025-12-22 02:00:00,11.4,92,1011.2,4.7,130,0.0
2025-12-22 03:00:00,10.7,93,1011.0,4.0,129,0.0
2025-12-22 04:00:00,10.5,93,1010.9,4.1,131,0.0
2025-12-22 05:00:00,10.2,93,1011.4,2.8,130,0.0
2025-12-22 06:00:00,11.4,91,1011.7,2.4,126,0.0
2025-12-22 07:00:00,13.3,88,1012.2,1.2,51,0.0
2025-12-22 08:00:00,15.4,79,1012.4,3.1,31,0.0
2025-12-22 09:00:00,17.2,72,1012.5,4.5,320,0.0
2025-12-22 10:00:00,18.4,65,1012.1,7.1,286,0.0
2025-12-22 11:00:00,19.5,61,1011.9,8.7,266,0.0
2025-12-22 12:00:00,20.9,57,1011.5,11.4,263,0.0
2025-12-22 13:00:00,21.5,58,1011.1,14.8,267,0.0
2025-12-22 14:00:00,21.6,60,1010.9,16.0,271,0.0
2025-12-22 15:00:00,20.9,62,1010.3,13.1,279,0.0
2025-12-22 16:00:00,20.6,66,1009.6,13.5,286,0.0
2025-12-22 17:00:00,21.1,68,1009.1,10.7,305,0.0
2025-12-22 18:00:00,20.0,76,1009.2,9.4,313,0.1
2025-12-22 19:00:00,19.4,82,1009.1,9.3,326,0.0
2025-12-22 20:00:00,19.1,86,1008.7,12.1,355,0.1
2025-12-22 21:00:00,19.1,91,1008.6,13.0,334,0.1
2025-12-22 22:00:00,19.4,92,1008.1,16.4,297,0.2
2025-12-22 23:00:00,19.0,94,1007.7,15.6,300,0.4
2025-12-23 00:00:00,18.8,96,1008.0,13.5,303,0.2
2025-12-23 01:00:00,18.8,96,1007.0,14.5,306,0.2
2025-12-23 02:00:00,18.9,95,1006.5,16.9,301,0.3
2025-12-23 03:00:00,18.8,94,1006.0,16.9,301,0.1
2025-12-23 04:00:00,18.6,95,1006.0,16.8,301,0.0
2025-12-23 05:00:00,18.7,93,1006.0,19.0,300,0.0
2025-12-23 06:00:00,18.8,93,1005.9,21.8,298,0.1
2025-12-23 07:00:00,19.6,90,1005.7,23.0,302,0.2
2025-12-23 08:00:00,20.3,88,1005.6,24.6,306,0.0
2025-12-23 09:00:00,21.2,81,1005.5,27.8,301,0.1
2025-12-23 10:00:00,21.8,76,1004.8,32.0,299,0.2
2025-12-23 11:00:00,21.4,82,1004.6,29.3,299,1.0
2025-12-23 12:00:00,21.6,83,1003.8,33.3,298,1.9
2025-12-23 13:00:00,21.7,81,1003.5,30.4,295,0.4
2025-12-23 14:00:00,21.2,84,1003.0,30.9,297,0.2
2025-12-23 15:00:00,20.9,86,1002.5,27.7,294,0.2
2025-12-23 16:00:00,20.9,88,1002.5,28.1,287,0.4
2025-12-23 17:00:00,20.5,89,1002.4,29.5,283,0.6
2025-12-23 18:00:00,19.8,89,1002.8,19.0,266,0.5
2025-12-23 19:00:00,19.2,87,1003.1,15.3,271,0.1
2025-12-23 20:00:00,18.8,88,1003.4,15.0,276,0.2
2025-12-23 21:00:00,18.6,90,1003.7,12.1,281,0.3
2025-12-23 22:00:00,18.3,92,1003.8,11.6,285,0.7
2025-12-23 23:00:00,18.4,93,1003.1,8.4,295,0.3
2025-12-24 00:00:00,18.8,94,1002.6,11.9,321,0.4
2025-12-24 01:00:00,19.8,94,1001.9,23.5,299,0.8
2025-12-24 02:00:00,19.8,94,1001.4,22.1,298,0.2
2025-12-24 03:00:00,19.7,93,1001.1,22.7,303,0.0
2025-12-24 04:00:00,19.6,93,1001.1,22.1,309,0.0
2025-12-24 05:00:00,19.6,92,1001.3,24.3,308,0.0
2025-12-24 06:00:00,19.9,91,1001.0,27.8,305,0.4
2025-12-24 07:00:00,19.9,90,1001.2,30.4,298,0.8
2025-12-24 08:00:00,19.6,91,1001.6,26.9,289,0.3
2025-12-24 09:00:00,20.6,86,1001.3,17.8,270,0.0
2025-12-24 10:00:00,21.6,77,1001.7,21.9,265,0.0
2025-12-24 11:00:00,21.5,72,1002.0,20.8,261,0.0
2025-12-24 12:00:00,22.2,66,1002.4,20.5,263,0.0
2025-12-24 13:00:00,21.8,67,1002.7,20.6,265,0.0
2025-12-24 14:00:00,21.7,67,1003.1,21.6,257,0.0
2025-12-24 15:00:00,21.7,65,1003.2,21.4,255,0.0
2025-12-24 16:00:00,21.2,65,1003.1,21.2,255,0.0
2025-12-24 17:00:00,20.6,66,1003.0,20.1,257,0.0
2025-12-24 18:00:00,20.1,66,1003.3,18.7,254,0.0
2025-12-24 19:00:00,18.9,75,1003.7,14.1,257,0.0
2025-12-24 20:00:00,17.5,82,1004.2,10.8,266,0.0
2025-12-24 21:00:00,16.5,87,1004.8,7.2,269,0.0
2025-12-24 22:00:00,15.4,91,1004.9,5.8,266,0.0
2025-12-24 23:00:00,14.5,93,1005.2,4.5,275,0.0
2025-12-25 00:00:00,14.2,93,1005.2,2.9,277,0.0
2025-12-25 01:00:00,13.2,96,1004.7,2.3,241,0.0
2025-12-25 02:00:00,12.4,99,1004.3,1.5,194,0.0
2025-12-25 03:00:00,11.8,100,1004.2,0.2,360,0.0
2025-12-25 04:00:00,11.3,100,1004.1,0.8,153,0.0
2025-12-25 05:00:00,10.9,100,1004.6,2.2,156,0.0
2025-12-25 06:00:00,12.3,99,1004.9,3.1,118,0.0
2025-12-25 07:00:00,14.0,99,1004.9,3.6,143,0.0
2025-12-25 08:00:00,15.6,90,1005.0,2.8,40,0.0
2025-12-25 09:00:00,17.4,78,1004.7,1.9,304,0.0
2025-12-25 10:00:00,18.7,72,1004.5,3.2,326,0.0
2025-12-25 11:00:00,20.4,66,1004.2,5.1,306,0.0
2025-12-25 12:00:00,21.9,59,1003.4,6.5,302,0.0
2025-12-25 13:00:00,22.9,58,1003.0,9.7,295,0.0
2025-12-25 14:00:00,22.9,59,1002.5,13.0,287,0.0
2025-12-25 15:00:00,22.6,61,1002.1,13.2,276,0.0
2025-12-25 16:00:00,22.0,62,1001.7,13.3,268,0.0
2025-12-25 17:00:00,21.2,62,1001.6,15.3,267,0.0
2025-12-25 18:00:00,20.5,66,1001.8,13.0,276,0.0
2025-12-25 19:00:00,19.1,75,1002.1,10.1,268,0.0
2025-12-25 20:00:00,17.5,82,1002.5,7.4,271,0.0
2025-12-25 21:00:00,16.1,88,1002.8,4.6,283,0.0
2025-12-25 22:00:00,15.8,88,1002.8,1.4,247,0.0
2025-12-25 23:00:00,14.8,90,1002.7,1.7,139,0.0
2025-12-26 00:00:00,14.2,92,1002.5,4.2,108,0.0
2025-12-26 01:00:00,13.3,94,1002.3,4.0,82,0.0
2025-12-26 02:00:00,12.4,96,1002.2,3.6,53,0.0
2025-12-26 03:00:00,12.0,96,1001.9,2.1,59,0.0
2025-12-26 04:00:00,11.9,97,1001.8,1.0,121,0.0
2025-12-26 05:00:00,11.6,98,1001.9,0.6,146,0.0
2025-12-26 06:00:00,13.4,94,1002.0,3.1,90,0.0
2025-12-26 07:00:00,16.0,89,1002.2,5.1,8,0.0
2025-12-26 08:00:00,18.5,81,1002.1,6.5,3,0.0
2025-12-26 09:00:00,20.6,74,1001.8,11.4,349,0.0
2025-12-26 10:00:00,21.9,66,1001.4,14.5,335,0.0
2025-12-26 11:00:00,23.2,62,1001.5,17.2,329,0.0
2025-12-26 12:00:00,23.9,60,1000.8,17.5,321,0.0
2025-12-26 13:00:00,23.6,58,1000.7,17.7,310,0.0
2025-12-26 14:00:00,22.7,55,1000.9,20.6,306,0.0
2025-12-26 15:00:00,22.4,59,1000.3,17.2,336,0.0
2025-12-26 16:00:00,21.1,65,999.8,17.2,345,0.0
2025-12-26 17:00:00,20.5,75,999.6,10.2,329,0.1
2025-12-26 18:00:00,19.1,88,999.7,8.3,359,1.9
2025-12-26 19:00:00,19.4,89,999.2,13.2,22,0.4
2025-12-26 20:00:00,19.5,90,999.3,16.7,359,0.3
2025-12-26 21:00:00,18.8,95,999.6,13.1,293,0.4
2025-12-26 22:00:00,17.1,92,1000.3,11.3,248,0.1
2025-12-26 23:00:00,17.3,91,1000.8,13.1,257,0.0
2025-12-27 00:00:00,17.4,84,1001.6,13.5,261,0.0
2025-12-27 01:00:00,16.6,86,1001.7,7.6,269,0.0
2025-12-27 02:00:00,16.2,88,1001.8,6.1,304,0.0
2025-12-27 03:00:00,15.8,88,1001.8,6.1,293,0.0
2025-12-27 04:00:00,15.5,88,1002.4,5.7,298,0.0
2025-12-27 05:00:00,15.4,88,1003.3,7.8,314,0.0
2025-12-27 06:00:00,15.7,88,1003.6,7.7,332,0.0
2025-12-27 07:00:00,16.7,86,1004.0,6.3,358,0.0
2025-12-27 08:00:00,18.1,76,1004.5,7.3,316,0.0
2025-12-27 09:00:00,18.1,69,1004.8,9.5,297,0.1
2025-12-27 10:00:00,19.1,63,1004.7,10.3,297,0.0
2025-12-27 11:00:00,19.1,62,1005.0,9.5,309,0.0
2025-12-27 12:00:00,19.0,62,1004.8,9.1,328,0.0
2025-12-27 13:00:00,19.0,64,1003.8,8.6,327,0.1
2025-12-27 14:00:00,18.9,64,1004.2,10.7,330,0.0
2025-12-27 15:00:00,18.4,65,1003.8,10.3,322,0.0
2025-12-27 16:00:00,17.6,70,1003.9,12.2,324,0.1
2025-12-27 17:00:00,16.5,77,1004.2,12.1,318,0.3
2025-12-27 18:00:00,16.5,82,1004.1,7.8,310,1.0
2025-12-27 19:00:00,16.4,87,1004.2,4.9,350,2.1
2025-12-27 20:00:00,15.0,92,1004.4,3.3,29,0.1
2025-12-27 21:00:00,14.9,92,1004.9,4.0,8,0.1
2025-12-27 22:00:00,14.6,93,1005.3,8.1,354,0.0
2025-12-27 23:00:00,14.0,93,1005.3,7.5,350,0.0
2025-12-28 00:00:00,14.1,93,1005.3,5.0,35,0.0
2025-12-28 01:00:00,13.0,95,1005.1,2.7,28,0.0
2025-12-28 02:00:00,12.8,96,1005.1,1.1,351,0.0
2025-12-28 03:00:00,12.5,96,1005.3,0.8,27,0.0
2025-12-28 04:00:00,12.2,96,1005.6,0.7,76,0.0
2025-12-28 05:00:00,12.1,96,1006.0,0.7,90,0.0
2025-12-28 06:00:00,12.7,97,1006.3,5.5,107,0.0
2025-12-28 07:00:00,14.3,96,1007.2,4.7,90,0.0
2025-12-28 08:00:00,16.4,87,1007.7,3.1,114,0.0
2025-12-28 09:00:00,17.9,76,1007.9,2.5,60,0.0
2025-12-28 10:00:00,19.1,69,1007.6,1.0,59,0.0
2025-12-28 11:00:00,20.2,63,1007.5,2.4,144,0.0
2025-12-28 12:00:00,21.0,57,1007.1,3.6,131,0.0
2025-12-28 13:00:00,21.6,54,1006.7,4.0,100,0.0
2025-12-28 14:00:00,22.0,52,1006.2,6.3,77,0.0
2025-12-28 15:00:00,21.5,52,1006.1,11.1,61,0.0
2025-12-28 16:00:00,21.9,48,1006.1,8.3,39,0.0
2025-12-28 17:00:00,20.3,64,1006.2,17.2,29,0.0
2025-12-28 18:00:00,19.6,70,1006.1,9.9,29,0.0
2025-12-28 19:00:00,18.7,76,1006.5,6.4,54,0.0
2025-12-28 20:00:00,17.7,75,1007.2,13.2,73,0.0
2025-12-28 21:00:00,17.0,70,1008.0,15.9,70,0.0
2025-12-28 22:00:00,16.5,77,1007.8,12.2,88,0.0
2025-12-28 23:00:00,16.5,79,1007.2,14.2,111,0.0
2025-12-29 00:00:00,16.0,84,1007.3,13.8,122,0.0
2025-12-29 01:00:00,15.8,85,1006.6,13.3,125,0.0
2025-12-29 02:00:00,16.1,83,1005.2,16.4,129,0.0
2025-12-29 03:00:00,15.7,85,1004.5,15.4,137,0.0
2025-12-29 04:00:00,16.2,77,1004.6,17.9,120,0.0
2025-12-29 05:00:00,16.6,71,1004.5,19.1,120,0.0
2025-12-29 06:00:00,16.6,71,1003.3,23.5,129,0.3
2025-12-29 07:00:00,17.1,72,1003.1,20.7,129,0.0
2025-12-29 08:00:00,18.6,71,1001.9,23.8,118,0.0
2025-12-29 09:00:00,19.1,74,1000.6,20.6,117,0.7
2025-12-29 10:00:00,19.0,78,1000.0,22.5,117,1.3
2025-12-29 11:00:00,18.6,82,998.8,26.4,119,5.4
2025-12-29 12:00:00,18.9,80,997.9,27.1,123,1.3
2025-12-29 13:00:00,19.2,79,996.5,29.6,113,0.8
2025-12-29 14:00:00,19.8,78,995.0,34.1,107,0.4
2025-12-29 15:00:00,20.3,76,994.1,38.7,102,0.0
2025-12-29 16:00:00,20.5,76,993.3,37.7,103,0.0
2025-12-29 17:00:00,20.6,75,992.9,33.7,105,0.0
2025-12-29 18:00:00,20.1,75,993.6,35.2,106,0.0
2025-12-29 19:00:00,19.9,72,994.3,35.4,104,0.0
2025-12-29 20:00:00,19.9,69,994.4,33.9,105,0.0
2025-12-29 21:00:00,19.6,68,994.7,31.5,109,0.0
2025-12-29 22:00:00,19.4,68,994.9,30.0,111,0.0
2025-12-29 23:00:00,19.1,67,994.8,28.4,111,0.0
2025-12-30 00:00:00,18.9,70,995.1,18.7,110,0.0
2025-12-30 01:00:00,18.7,74,994.5,20.4,117,0.0
2025-12-30 02:00:00,18.3,78,993.7,18.3,115,0.0
2025-12-30 03:00:00,18.4,83,993.5,14.7,102,0.1
2025-12-30 04:00:00,18.3,86,993.4,13.9,96,0.7
2025-12-30 05:00:00,18.2,90,993.7,13.5,74,0.2
2025-12-30 06:00:00,17.7,93,994.3,10.7,77,0.3
2025-12-30 07:00:00,18.5,92,994.8,13.4,62,0.3
2025-12-30 08:00:00,19.6,90,995.1,12.6,52,0.0
2025-12-30 09:00:00,21.8,79,995.1,14.5,49,0.0
2025-12-30 10:00:00,23.0,73,994.7,18.2,55,0.1
2025-12-30 11:00:00,22.2,70,995.3,19.7,33,0.1
2025-12-30 12:00:00,24.4,55,994.7,24.3,40,0.0
2025-12-30 13:00:00,24.2,55,994.1,26.7,41,0.1
2025-12-30 14:00:00,24.0,55,994.2,30.2,37,0.1
2025-12-30 15:00:00,23.5,58,994.1,29.5,36,0.1
2025-12-30 16:00:00,23.0,65,993.7,27.7,45,0.3
2025-12-30 17:00:00,22.2,71,993.6,27.8,44,0.4
2025-12-30 18:00:00,21.1,78,993.9,23.4,44,0.4
2025-12-30 19:00:00,20.9,79,994.6,25.7,48,0.0
2025-12-30 20:00:00,20.1,81,995.1,25.3,47,0.0
2025-12-30 21:00:00,19.8,82,995.7,25.2,45,0.0
2025-12-30 22:00:00,19.2,82,995.8,23.7,44,0.0
2025-12-30 23:00:00,18.9,84,996.0,21.7,40,0.1
2025-12-31 00:00:00,18.8,86,996.0,23.7,45,0.1
2025-12-31 01:00:00,18.8,86,996.1,23.0,35,0.1
2025-12-31 02:00:00,18.8,86,996.1,22.1,30,0.0
2025-12-31 03:00:00,18.5,86,995.9,22.2,33,0.0
2025-12-31 04:00:00,18.4,87,996.2,19.8,36,0.0
2025-12-31 05:00:00,18.1,88,996.6,20.2,31,0.0
2025-12-31 06:00:00,18.4,88,997.1,17.7,35,0.1
2025-12-31 07:00:00,19.5,83,997.7,21.0,21,0.0
2025-12-31 08:00:00,20.0,82,998.2,23.1,16,0.1
2025-12-31 09:00:00,20.6,79,998.0,24.3,15,0.2
2025-12-31 10:00:00,20.0,81,998.3,26.0,5,1.1
2025-12-31 11:00:00,20.5,76,998.4,28.3,10,0.8
2025-12-31 12:00:00,21.8,75,998.0,23.6,17,0.2
2025-12-31 13:00:00,22.6,74,997.8,24.1,10,0.0
2025-12-31 14:00:00,22.1,72,997.9,25.7,350,4.1
2025-12-31 15:00:00,22.2,76,997.3,18.9,352,2.5
2025-12-31 16:00:00,21.6,81,997.5,19.8,341,0.9
2025-12-31 17:00:00,20.0,86,997.4,13.1,324,2.5
2025-12-31 18:00:00,19.6,88,998.3,14.9,341,0.8
2025-12-31 19:00:00,20.2,86,998.4,8.7,5,0.1
2025-12-31 20:00:00,18.4,87,998.9,12.1,3,1.7
2025-12-31 21:00:00,18.2,90,999.5,9.2,1,0.4
2025-12-31 22:00:00,17.8,94,999.6,8.5,353,0.0
2025-12-31 23:00:00,17.5,95,999.9,11.2,1,0.0
2026-01-01 00:00:00,17.0,93,999.6,10.0,23,0.0
2026-01-01 01:00:00,16.6,96,999.5,10.3,359,1.0
2026-01-01 02:00:00,16.7,97,999.2,10.0,337,0.4
2026-01-01 03:00:00,16.8,93,999.2,9.1,8,0.3
2026-01-01 04:00:00,16.3,95,999.3,10.8,11,0.1
2026-01-01 05:00:00,15.8,95,999.8,9.6,8,0.6
2026-01-01 06:00:00,16.8,94,999.9,10.1,4,0.0
2026-01-01 07:00:00,17.8,91,1000.4,10.7,348,0.1
2026-01-01 08:00:00,19.2,86,1000.9,14.5,332,0.0
2026-01-01 09:00:00,20.0,80,1001.0,14.4,327,0.0
2026-01-01 10:00:00,20.7,76,1000.8,15.2,316,0.1
2026-01-01 11:00:00,20.8,74,1000.9,13.5,315,0.1
2026-01-01 12:00:00,19.6,82,1001.0,14.3,309,0.2
2026-01-01 13:00:00,21.3,70,1000.5,18.0,302,0.0
2026-01-01 14:00:00,21.8,69,1000.3,18.3,300,0.2
2026-01-01 15:00:00,21.8,70,1000.1,18.7,288,0.1
2026-01-01 16:00:00,21.2,70,999.7,18.2,282,0.1
2026-01-01 17:00:00,21.0,71,999.7,17.7,279,0.0
2026-01-01 18:00:00,20.4,72,1000.1,16.8,282,0.0
2026-01-01 19:00:00,19.2,78,1000.8,13.2,280,0.0
2026-01-01 20:00:00,18.0,82,1001.3,11.5,284,0.0
2026-01-01 21:00:00,17.4,85,1002.0,8.5,295,0.0
2026-01-01 22:00:00,16.8,88,1001.9,6.9,300,0.0
2026-01-01 23:00:00,16.4,89,1002.0,5.2,311,0.0
2026-01-02 00:00:00,16.3,91,1002.0,3.4,328,0.0
2026-01-02 01:00:00,16.3,91,1001.8,5.0,316,0.0
2026-01-02 02:00:00,16.0,93,1001.8,4.5,323,0.0
2026-01-02 03:00:00,15.4,93,1001.8,5.1,318,0.0
2026-01-02 04:00:00,15.5,92,1001.8,6.2,311,0.0
2026-01-02 05:00:00,15.5,92,1002.0,6.0,311,0.0
2026-01-02 06:00:00,16.3,91,1002.2,7.3,306,0.0
2026-01-02 07:00:00,17.7,87,1002.5,5.7,298,0.0
2026-01-02 08:00:00,19.0,78,1002.6,10.0,285,0.0
2026-01-02 09:00:00,20.0,72,1002.4,12.0,283,0.1
2026-01-02 10:00:00,20.7,68,1002.0,14.3,284,0.1
2026-01-02 11:00:00,21.4,66,1002.3,15.3,282,0.1
2026-01-02 12:00:00,22.3,61,1002.3,11.4,283,0.0
2026-01-02 13:00:00,22.6,56,1002.1,12.2,279,0.0
2026-01-02 14:00:00,22.5,55,1001.8,12.0,279,0.0
2026-01-02 15:00:00,22.4,53,1001.5,12.1,270,0.0
2026-01-02 16:00:00,21.8,54,1001.1,11.1,262,0.0
2026-01-02 17:00:00,21.5,57,1000.8,10.1,260,0.0
2026-01-02 18:00:00,21.6,61,1000.6,9.8,262,0.0
2026-01-02 19:00:00,20.1,70,1001.3,10.1,266,0.0
2026-01-02 20:00:00,18.4,77,1002.1,12.9,288,0.4
2026-01-02 21:00:00,16.9,90,1002.9,6.7,279,2.7
2026-01-02 22:00:00,16.1,86,1003.1,9.2,266,3.2
2026-01-02 23:00:00,15.6,93,1003.1,3.3,209,0.6
2026-01-03 00:00:00,15.5,89,1003.0,3.9,193,0.6
2026-01-03 01:00:00,15.2,93,1002.4,5.7,217,2.9
2026-01-03 02:00:00,15.0,95,1002.4,5.2,258,1.3
2026-01-03 03:00:00,15.1,95,1002.1,2.5,262,1.5
2026-01-03 04:00:00,14.9,95,1001.9,3.1,201,0.0
2026-01-03 05:00:00,14.5,96,1001.9,0.7,166,0.0
2026-01-03 06:00:00,15.7,94,1002.1,3.9,34,0.0
2026-01-03 07:00:00,16.7,93,1002.5,7.3,30,0.0
2026-01-03 08:00:00,17.9,88,1003.1,8.2,29,0.1
2026-01-03 09:00:00,19.4,76,1003.1,8.8,26,0.1
2026-01-03 10:00:00,20.3,69,1002.8,10.0,23,0.1
2026-01-03 11:00:00,20.6,68,1003.4,11.4,16,0.2
2026-01-03 12:00:00,21.1,75,1003.5,9.5,68,0.2
2026-01-03 13:00:00,21.7,67,1002.6,12.0,62,0.2
2026-01-03 14:00:00,19.1,81,1002.9,13.9,69,2.7
2026-01-03 15:00:00,20.0,77,1003.3,13.5,81,0.2
2026-01-03 16:00:00,18.0,84,1003.8,11.4,49,6.0
2026-01-03 17:00:00,17.5,85,1004.1,9.0,85,6.4
2026-01-03 18:00:00,16.4,90,1004.7,13.2,112,2.8
2026-01-03 19:00:00,16.2,94,1005.3,9.9,122,4.4
2026-01-03 20:00:00,16.5,93,1006.2,8.3,147,4.5
2026-01-03 21:00:00,16.6,90,1007.0,13.7,125,2.0
2026-01-03 22:00:00,16.3,89,1007.4,13.6,127,1.1
2026-01-03 23:00:00,15.9,85,1007.4,15.6,149,0.4
2026-01-04 00:00:00,15.8,86,1007.7,12.7,148,0.0
2026-01-04 01:00:00,15.0,86,1007.6,12.8,149,0.0
2026-01-04 02:00:00,15.2,84,1007.2,13.4,149,0.0
2026-01-04 03:00:00,14.6,84,1007.1,12.1,150,0.0
2026-01-04 04:00:00,14.4,83,1007.5,11.7,159,0.0
2026-01-04 05:00:00,14.1,84,1008.4,8.6,168,0.0
2026-01-04 06:00:00,15.0,83,1009.0,9.4,167,0.0
2026-01-04 07:00:00,16.4,76,1010.1,13.3,152,0.0
2026-01-04 08:00:00,17.1,71,1010.7,14.4,149,0.0
2026-01-04 09:00:00,18.3,71,1011.0,12.1,157,0.0
2026-01-04 10:00:00,19.6,71,1010.9,12.4,147,0.0
2026-01-04 11:00:00,20.9,68,1011.4,10.4,150,0.0
2026-01-04 12:00:00,21.4,67,1011.1,9.2,169,0.0
2026-01-04 13:00:00,21.9,64,1010.8,8.9,166,0.0
2026-01-04 14:00:00,22.8,60,1010.6,6.5,203,0.0
2026-01-04 15:00:00,22.7,61,1010.6,7.3,254,0.1
2026-01-04 16:00:00,22.6,62,1010.3,9.1,280,0.0
2026-01-04 17:00:00,22.4,63,1010.3,8.5,287,0.0
2026-01-04 18:00:00,22.3,65,1010.4,7.2,267,0.0
2026-01-04 19:00:00,21.2,78,1011.1,3.8,281,0.0
2026-01-04 20:00:00,18.9,86,1011.7,3.7,325,0.0
2026-01-04 21:00:00,18.2,90,1012.4,7.8,4,0.0
2026-01-04 22:00:00,17.6,89,1013.1,10.0,28,0.0
2026-01-04 23:00:00,17.5,87,1013.6,9.8,40,0.0
2026-01-05 00:00:00,16.5,92,1013.9,8.2,38,0.0
2026-01-05 01:00:00,15.9,93,1013.8,9.0,30,0.0
2026-01-05 02:00:00,15.5,93,1013.8,7.6,25,0.0
2026-01-05 03:00:00,15.0,93,1013.9,6.5,34,0.0
2026-01-05 04:00:00,14.6,92,1014.2,6.7,44,0.0
2026-01-05 05:00:00,14.1,91,1014.5,6.4,54,0.0
2026-01-05 06:00:00,14.8,87,1014.7,7.1,56,0.0
2026-01-05 07:00:00,16.6,84,1015.2,5.1,51,0.0
2026-01-05 08:00:00,18.4,79,1015.9,5.1,32,0.0
2026-01-05 09:00:00,20.1,78,1015.8,5.8,353,0.0
2026-01-05 10:00:00,21.3,70,1015.7,7.1,306,0.0
2026-01-05 11:00:00,22.3,64,1016.0,5.5,283,0.0
2026-01-05 12:00:00,23.4,57,1015.6,4.4,277,0.0
2026-01-05 13:00:00,24.1,54,1015.2,4.7,279,0.0
2026-01-05 14:00:00,24.6,53,1014.8,4.9,276,0.0
2026-01-05 15:00:00,24.8,53,1014.2,6.8,273,0.0
2026-01-05 16:00:00,24.7,53,1013.7,7.8,277,0.0
2026-01-05 17:00:00,24.0,56,1013.6,9.8,278,0.0
2026-01-05 18:00:00,22.9,66,1014.0,11.5,269,0.0
2026-01-05 19:00:00,21.0,73,1014.4,10.0,263,0.0
2026-01-05 20:00:00,18.8,79,1014.8,7.8,285,0.0
2026-01-05 21:00:00,17.5,85,1015.5,5.5,302,0.0
2026-01-05 22:00:00,16.1,89,1015.9,2.4,306,0.0
2026-01-05 23:00:00,15.4,92,1016.2,1.9,343,0.0
2026-01-06 00:00:00,15.5,92,1016.2,0.5,315,0.0
2026-01-06 01:00:00,14.7,94,1016.0,0.2,180,0.0
2026-01-06 02:00:00,14.1,97,1015.8,1.5,45,0.0
2026-01-06 03:00:00,13.7,98,1015.6,1.7,49,0.0
2026-01-06 04:00:00,13.8,98,1015.8,1.1,108,0.0
2026-01-06 05:00:00,13.7,99,1016.1,1.8,114,0.0
2026-01-06 06:00:00,14.5,96,1016.3,3.7,125,0.0
2026-01-06 07:00:00,16.1,91,1017.0,3.8,163,0.0
2026-01-06 08:00:00,17.8,84,1017.3,4.4,148,0.0
2026-01-06 09:00:00,19.2,81,1017.2,2.6,168,0.0
2026-01-06 10:00:00,20.8,75,1016.8,2.3,184,0.0
2026-01-06 11:00:00,22.1,67,1016.5,2.4,193,0.0
2026-01-06 12:00:00,23.2,58,1015.9,3.4,227,0.0
2026-01-06 13:00:00,24.0,54,1015.4,4.0,240,0.0
2026-01-06 14:00:00,24.2,55,1015.0,5.6,245,0.0
2026-01-06 15:00:00,24.4,55,1014.4,7.9,240,0.0
2026-01-06 16:00:00,24.1,56,1014.0,9.1,238,0.1
2026-01-06 17:00:00,23.4,56,1013.9,11.1,248,0.0
2026-01-06 18:00:00,22.0,65,1013.9,12.4,251,0.0
2026-01-06 19:00:00,20.4,69,1014.2,9.7,258,0.0
2026-01-06 20:00:00,19.3,74,1014.6,7.0,269,0.0
2026-01-06 21:00:00,18.3,80,1014.9,4.6,239,0.0
2026-01-06 22:00:00,17.8,82,1014.8,5.1,197,0.0
2026-01-06 23:00:00,17.4,84,1014.9,5.2,202,0.0
2026-01-07 00:00:00,16.8,90,1014.8,2.2,228,0.0
2026-01-07 01:00:00,16.3,91,1014.6,0.4,297,0.0
2026-01-07 02:00:00,16.0,93,1014.1,0.3,315,0.0
2026-01-07 03:00:00,15.2,95,1013.9,0.4,297,0.0
2026-01-07 04:00:00,14.7,97,1013.7,0.4,297,0.0
2026-01-07 05:00:00,14.1,100,1013.8,0.2,180,0.0
2026-01-07 06:00:00,14.6,99,1013.8,0.7,194,0.0
2026-01-07 07:00:00,16.2,96,1014.0,0.4,153,0.0
2026-01-07 08:00:00,17.7,89,1014.3,1.3,180,0.0
2026-01-07 09:00:00,19.4,81,1014.1,1.0,239,0.0
2026-01-07 10:00:00,21.1,75,1014.0,1.8,246,0.0
2026-01-07 11:00:00,22.6,71,1013.7,3.9,223,0.0
2026-01-07 12:00:00,24.1,59,1012.5,5.9,239,0.2
2026-01-07 13:00:00,24.5,57,1011.9,11.1,247,0.1
2026-01-07 14:00:00,24.2,58,1011.6,14.8,247,0.0
2026-01-07 15:00:00,24.1,58,1011.2,15.5,242,0.0
2026-01-07 16:00:00,23.8,59,1010.9,15.9,242,0.0
2026-01-07 17:00:00,22.8,64,1010.7,17.5,246,0.0
2026-01-07 18:00:00,21.7,68,1010.8,18.0,241,0.0
2026-01-07 19:00:00,20.2,74,1011.2,14.5,239,0.0
2026-01-07 20:00:00,18.5,80,1011.8,11.2,240,0.0
2026-01-07 21:00:00,17.6,86,1012.2,8.2,244,0.0
2026-01-07 22:00:00,17.1,90,1012.4,5.9,247,0.0
2026-01-07 23:00:00,16.6,92,1012.2,4.3,253,0.0
2026-01-08 00:00:00,16.6,91,1012.1,4.4,258,0.0
2026-01-08 01:00:00,16.3,91,1011.6,3.6,237,0.0
2026-01-08 02:00:00,16.0,91,1011.2,2.1,211,0.0
2026-01-08 03:00:00,15.6,93,1010.9,2.3,209,0.0
2026-01-08 04:00:00,14.8,95,1011.3,3.3,216,0.0
2026-01-08 05:00:00,14.4,96,1011.5,2.4,228,0.0
2026-01-08 06:00:00,15.6,94,1011.6,3.2,218,0.0
2026-01-08 07:00:00,17.3,87,1012.1,4.7,238,0.0
2026-01-08 08:00:00,19.0,77,1012.3,11.0,235,0.0
2026-01-08 09:00:00,20.5,67,1012.0,17.6,234,0.0
2026-01-08 10:00:00,21.1,63,1011.8,18.4,231,0.0
2026-01-08 11:00:00,21.9,62,1011.7,17.5,233,0.0
2026-01-08 12:00:00,23.1,58,1011.0,15.0,223,0.0
2026-01-08 13:00:00,23.7,58,1010.5,16.8,233,0.0
2026-01-08 14:00:00,23.7,61,1010.5,18.4,243,0.0
2026-01-08 15:00:00,23.8,61,1010.1,18.0,246,0.0
2026-01-08 16:00:00,22.5,66,1010.2,22.4,256,0.0
2026-01-08 17:00:00,21.8,66,1010.5,23.4,254,0.0
2026-01-08 18:00:00,21.1,71,1010.7,21.1,251,0.0
2026-01-08 19:00:00,19.9,77,1011.2,17.5,248,0.0
2026-01-08 20:00:00,18.6,81,1011.8,15.9,250,0.0
2026-01-08 21:00:00,17.8,85,1012.5,10.5,237,0.0
2026-01-08 22:00:00,16.5,91,1012.7,5.1,234,0.0
2026-01-08 23:00:00,16.2,91,1012.8,5.3,262,0.0
2026-01-09 00:00:00,15.8,91,1012.7,5.6,268,0.0
2026-01-09 01:00:00,15.4,91,1012.3,5.5,281,0.0
2026-01-09 02:00:00,15.0,92,1012.1,5.6,268,0.0
2026-01-09 03:00:00,15.1,91,1012.0,5.8,263,0.0
2026-01-09 04:00:00,15.0,90,1011.9,5.6,287,0.0
2026-01-09 05:00:00,15.9,89,1012.3,7.7,271,0.0
2026-01-09 06:00:00,16.9,86,1012.7,9.2,259,0.0
2026-01-09 07:00:00,18.8,80,1013.2,12.1,240,0.0
2026-01-09 08:00:00,20.2,73,1013.3,19.6,236,0.0
2026-01-09 09:00:00,21.1,68,1013.5,23.5,238,0.0
2026-01-09 10:00:00,21.9,64,1013.5,24.9,239,0.0
2026-01-09 11:00:00,22.8,59,1013.3,24.5,242,0.0
2026-01-09 12:00:00,23.7,55,1013.1,25.4,241,0.0
2026-01-09 13:00:00,23.7,55,1013.2,26.5,246,0.0
2026-01-09 14:00:00,22.7,62,1012.8,24.0,256,0.0
2026-01-09 15:00:00,23.0,62,1012.3,23.9,260,0.0
2026-01-09 16:00:00,22.6,64,1011.9,27.4,256,0.0
2026-01-09 17:00:00,21.9,66,1012.0,27.7,254,0.0
2026-01-09 18:00:00,21.0,71,1011.8,22.5,254,0.0
2026-01-09 19:00:00,20.5,77,1012.3,14.3,255,0.0
2026-01-09 20:00:00,20.3,80,1013.2,10.5,251,0.0
2026-01-09 21:00:00,20.1,84,1014.1,11.6,262,0.0
2026-01-09 22:00:00,20.0,86,1013.6,20.1,265,0.0
2026-01-09 23:00:00,19.5,89,1013.3,18.7,254,0.0
2026-01-10 00:00:00,18.8,92,1013.6,17.7,248,0.0
2026-01-10 01:00:00,18.5,93,1013.2,12.8,241,0.0
2026-01-10 02:00:00,18.2,93,1013.2,8.7,240,0.0
2026-01-10 03:00:00,17.2,94,1013.1,4.3,237,0.0
2026-01-10 04:00:00,17.1,94,1013.3,3.1,260,0.0
2026-01-10 05:00:00,16.9,94,1013.5,3.1,277,0.0
2026-01-10 06:00:00,17.9,94,1014.1,6.5,294,0.0
2026-01-10 07:00:00,19.3,86,1014.8,12.8,248,0.0
2026-01-10 08:00:00,20.6,78,1015.1,15.7,251,0.0
2026-01-10 09:00:00,21.9,70,1014.9,17.4,253,0.0
2026-01-10 10:00:00,23.1,67,1014.8,19.4,253,0.0
2026-01-10 11:00:00,23.8,66,1014.9,20.2,252,0.0
2026-01-10 12:00:00,24.4,64,1014.8,20.9,246,0.0
2026-01-10 13:00:00,24.6,62,1014.7,21.1,247,0.0
2026-01-10 14:00:00,24.7,62,1014.5,19.9,249,0.0
2026-01-10 15:00:00,24.4,63,1014.2,19.4,252,0.0
2026-01-10 16:00:00,23.9,65,1014.0,18.2,258,0.0
2026-01-10 17:00:00,23.1,67,1014.1,18.3,260,0.0
2026-01-10 18:00:00,21.9,70,1014.4,18.5,259,0.0
2026-01-10 19:00:00,20.5,77,1014.8,14.7,262,0.0
2026-01-10 20:00:00,19.2,83,1015.5,11.2,268,0.0
2026-01-10 21:00:00,18.3,87,1015.9,8.3,275,0.0
2026-01-10 22:00:00,17.4,91,1016.0,5.2,284,0.0
2026-01-10 23:00:00,16.5,94,1015.8,4.6,312,0.0
2026-01-11 00:00:00,16.8,92,1015.8,6.6,311,0.0
2026-01-11 01:00:00,16.4,94,1015.6,6.5,328,0.0
2026-01-11 02:00:00,16.1,96,1015.2,5.5,316,0.0
2026-01-11 03:00:00,15.3,97,1014.6,4.8,301,0.0
2026-01-11 04:00:00,14.9,99,1014.4,3.2,304,0.0
2026-01-11 05:00:00,14.6,100,1014.7,2.9,338,0.0
2026-01-11 06:00:00,15.5,100,1014.9,6.7,344,0.0
2026-01-11 07:00:00,17.9,96,1015.2,5.4,330,0.0
2026-01-11 08:00:00,20.1,84,1015.2,6.7,297,0.0
2026-01-11 09:00:00,21.7,79,1014.9,5.4,296,0.0
2026-01-11 10:00:00,23.5,73,1014.5,9.3,285,0.0
2026-01-11 11:00:00,24.7,66,1014.0,12.9,278,0.0
2026-01-11 12:00:00,25.5,54,1013.5,16.4,282,0.0
2026-01-11 13:00:00,25.4,53,1013.0,16.3,286,0.0
2026-01-11 14:00:00,25.7,53,1012.5,16.8,287,0.0
2026-01-11 15:00:00,25.4,53,1012.2,18.1,283,0.0
2026-01-11 16:00:00,24.5,57,1012.1,19.3,282,0.0
2026-01-11 17:00:00,23.4,65,1012.3,18.7,278,0.0
2026-01-11 18:00:00,22.6,66,1011.9,17.1,282,0.0
2026-01-11 19:00:00,21.3,72,1012.0,14.0,282,0.0
2026-01-11 20:00:00,20.1,80,1012.0,11.0,291,0.0
2026-01-11 21:00:00,19.4,86,1011.9,9.9,315,0.0
2026-01-11 22:00:00,18.7,91,1011.8,9.4,330,0.0
2026-01-11 23:00:00,18.7,94,1011.5,10.8,330,0.0
2026-01-12 00:00:00,18.4,93,1011.3,12.3,331,0.0
2026-01-12 01:00:00,18.7,94,1011.0,13.7,315,0.0
2026-01-12 02:00:00,19.1,92,1010.8,16.1,300,0.0
2026-01-12 03:00:00,19.1,91,1010.8,16.7,298,0.0
2026-01-12 04:00:00,19.0,92,1011.1,17.5,291,0.0
2026-01-12 05:00:00,19.1,91,1011.1,16.9,299,0.0
2026-01-12 06:00:00,19.1,90,1010.8,15.8,312,0.0
2026-01-12 07:00:00,20.6,83,1010.9,15.9,315,0.0
2026-01-12 08:00:00,21.3,79,1011.0,23.3,297,0.2
2026-01-12 09:00:00,21.5,79,1011.2,26.2,287,0.2
2026-01-12 10:00:00,21.5,76,1011.4,14.8,240,0.1
2026-01-12 11:00:00,21.6,73,1012.2,16.8,229,0.0
2026-01-12 12:00:00,20.7,72,1012.5,16.5,236,0.0
2026-01-12 13:00:00,21.5,66,1012.6,18.3,233,0.0
2026-01-12 14:00:00,22.0,60,1012.4,16.6,241,0.0
2026-01-12 15:00:00,22.7,51,1012.1,17.1,244,0.0
2026-01-12 16:00:00,22.5,49,1011.9,17.2,241,0.0
2026-01-12 17:00:00,21.6,50,1011.8,17.5,242,0.0
2026-01-12 18:00:00,20.3,55,1012.3,18.5,245,0.0
2026-01-12 19:00:00,18.5,66,1012.9,15.7,248,0.0
2026-01-12 20:00:00,16.9,71,1013.4,10.6,246,0.0
2026-01-12 21:00:00,15.5,79,1014.2,5.0,235,0.0
2026-01-12 22:00:00,14.7,84,1014.9,4.2,263,0.0
2026-01-12 23:00:00,14.2,85,1014.9,3.3,264,0.0
2026-01-13 00:00:00,14.4,82,1014.8,2.0,175,0.0
2026-01-13 01:00:00,13.4,83,1014.8,3.9,146,0.0
2026-01-13 02:00:00,12.6,86,1014.7,4.0,120,0.0
2026-01-13 03:00:00,12.0,88,1014.6,4.1,165,0.0
2026-01-13 04:00:00,12.5,88,1014.6,3.8,183,0.0
2026-01-13 05:00:00,11.7,90,1014.9,3.2,161,0.0
2026-01-13 06:00:00,12.6,88,1015.1,5.6,165,0.0
2026-01-13 07:00:00,14.6,83,1015.3,4.9,186,0.0
2026-01-13 08:00:00,17.2,78,1015.3,2.9,173,0.0
2026-01-13 09:00:00,19.4,74,1015.3,2.2,42,0.0
2026-01-13 10:00:00,21.2,72,1014.8,7.3,16,0.0
2026-01-13 11:00:00,23.1,60,1014.3,13.8,12,0.0
2026-01-13 12:00:00,24.9,47,1013.7,15.8,7,0.0
2026-01-13 13:00:00,25.4,41,1013.2,16.6,343,0.0
2026-01-13 14:00:00,26.2,41,1012.5,15.3,336,0.0
2026-01-13 15:00:00,26.7,39,1011.7,14.9,359,0.0
2026-01-13 16:00:00,25.5,49,1011.4,14.7,345,0.0
2026-01-13 17:00:00,24.1,60,1011.3,13.7,355,0.0
2026-01-13 18:00:00,22.5,70,1011.6,10.1,344,0.2
2026-01-13 19:00:00,21.4,70,1012.0,8.2,280,0.0
2026-01-13 20:00:00,20.0,71,1012.2,8.1,249,0.0
2026-01-13 21:00:00,19.2,74,1012.6,5.4,256,0.0
2026-01-13 22:00:00,17.8,83,1012.6,3.2,308,0.0
2026-01-13 23:00:00,17.3,88,1012.5,2.6,309,0.0
2026-01-14 00:00:00,17.6,85,1012.1,2.8,345,0.0
2026-01-14 01:00:00,17.6,85,1011.8,0.8,45,0.0
2026-01-14 02:00:00,17.3,85,1011.1,2.1,70,0.0
2026-01-14 03:00:00,17.2,85,1010.7,3.1,93,0.0
2026-01-14 04:00:00,17.4,85,1010.5,5.0,88,0.0
2026-01-14 05:00:00,16.8,91,1010.3,3.9,68,0.0
2026-01-14 06:00:00,17.2,95,1010.4,8.5,58,0.1
2026-01-14 07:00:00,19.0,93,1010.4,6.8,37,0.7
2026-01-14 08:00:00,20.6,89,1010.7,7.5,24,0.3
2026-01-14 09:00:00,22.0,76,1010.4,13.9,1,0.5
2026-01-14 10:00:00,21.9,74,1010.0,11.9,354,0.3
2026-01-14 11:00:00,23.7,63,1009.5,13.2,343,0.1
2026-01-14 12:00:00,25.0,59,1009.0,13.8,333,0.1
2026-01-14 13:00:00,25.6,55,1008.3,15.1,338,0.0
2026-01-14 14:00:00,26.3,50,1007.7,14.2,338,0.0
2026-01-14 15:00:00,25.6,52,1007.5,17.6,334,0.0
2026-01-14 16:00:00,24.0,62,1007.8,17.1,331,0.2
2026-01-14 17:00:00,22.9,68,1007.5,17.3,321,0.2
2026-01-14 18:00:00,21.9,77,1007.3,10.3,1,0.1
2026-01-14 19:00:00,21.4,82,1007.7,10.9,13,0.0
2026-01-14 20:00:00,20.7,88,1008.3,10.9,8,0.1
2026-01-14 21:00:00,20.4,91,1008.6,10.1,10,0.7
2026-01-14 22:00:00,20.1,93,1008.5,9.3,16,0.1
2026-01-14 23:00:00,19.8,94,1008.0,9.0,29,0.1
2026-01-15 00:00:00,20.0,95,1008.6,5.3,45,0.0
2026-01-15 01:00:00,19.0,96,1008.3,11.6,7,1.7
2026-01-15 02:00:00,18.2,93,1007.9,9.9,348,0.5
2026-01-15 03:00:00,18.1,94,1007.1,10.6,62,0.1
2026-01-15 04:00:00,18.3,94,1006.4,13.3,50,0.1
2026-01-15 05:00:00,18.5,93,1006.4,13.0,18,0.3
2026-01-15 06:00:00,18.9,92,1006.2,11.3,39,2.4
2026-01-15 07:00:00,20.2,91,1006.3,14.8,23,0.2
2026-01-15 08:00:00,21.0,89,1006.2,12.4,21,0.2
2026-01-15 09:00:00,21.8,85,1006.1,17.5,22,0.4
2026-01-15 10:00:00,21.7,84,1005.5,15.2,26,0.2
2026-01-15 11:00:00,23.2,81,1005.6,14.9,12,0.2
2026-01-15 12:00:00,22.3,84,1005.1,13.8,336,3.4
2026-01-15 13:00:00,23.2,82,1004.4,13.4,26,0.2
2026-01-15 14:00:00,23.1,74,1004.1,18.3,350,1.2
2026-01-15 15:00:00,23.9,78,1003.3,16.4,1,1.7
2026-01-15 16:00:00,23.6,74,1002.3,22.6,11,0.1
2026-01-15 17:00:00,22.9,79,1002.3,17.5,8,0.1
2026-01-15 18:00:00,21.0,82,1002.5,11.2,1,1.7
2026-01-15 19:00:00,19.6,93,1002.6,6.8,331,3.5
2026-01-15 20:00:00,19.7,94,1002.6,12.0,26,0.9
2026-01-15 21:00:00,19.5,94,1003.2,13.4,348,0.3
2026-01-15 22:00:00,18.8,93,1002.6,16.0,348,0.1
2026-01-15 23:00:00,18.6,93,1002.4,16.4,360,0.1
2026-01-16 00:00:00,18.9,95,1001.9,9.6,16,0.2
2026-01-16 01:00:00,19.0,93,1002.0,9.5,19,0.1
2026-01-16 02:00:00,18.8,93,1001.5,4.9,4,0.2
2026-01-16 03:00:00,18.4,95,1001.1,8.8,35,0.1
2026-01-16 04:00:00,18.4,94,1000.8,10.9,16,0.0
2026-01-16 05:00:00,18.0,96,1000.9,10.9,9,0.0
2026-01-16 06:00:00,18.4,95,1001.0,10.8,357,0.0
2026-01-16 07:00:00,19.5,93,1001.1,15.0,334,0.0
2026-01-16 08:00:00,20.2,88,1001.6,15.2,325,0.2
2026-01-16 09:00:00,21.0,85,1002.0,16.2,308,0.2
2026-01-16 10:00:00,21.9,80,1002.3,15.9,298,0.2
2026-01-16 11:00:00,22.4,76,1002.5,18.4,291,0.1
2026-01-16 12:00:00,23.2,70,1002.8,20.4,281,0.1
2026-01-16 13:00:00,23.4,68,1002.6,20.8,285,0.0
2026-01-16 14:00:00,23.2,67,1002.7,21.4,283,0.0
2026-01-16 15:00:00,22.8,67,1003.0,22.2,281,0.0
2026-01-16 16:00:00,22.1,68,1002.7,20.6,275,0.0
2026-01-16 17:00:00,21.8,67,1002.6,19.1,272,0.0
2026-01-16 18:00:00,21.3,66,1002.8,16.4,271,0.0
2026-01-16 19:00:00,20.1,74,1003.4,13.2,273,0.0
2026-01-16 20:00:00,18.7,79,1004.0,10.5,266,0.0
2026-01-16 21:00:00,17.8,86,1004.4,8.4,260,0.0
2026-01-16 22:00:00,16.7,91,1004.9,5.2,274,0.0
2026-01-16 23:00:00,16.4,91,1005.6,5.8,279,0.0
2026-01-17 00:00:00,16.0,93,1006.0,4.2,230,0.0
2026-01-17 01:00:00,15.5,94,1006.2,0.4,333,0.0
2026-01-17 02:00:00,14.8,97,1006.1,0.8,27,0.0
2026-01-17 03:00:00,14.5,98,1006.0,0.6,56,0.0
2026-01-17 04:00:00,14.2,99,1006.1,0.9,90,0.0
2026-01-17 05:00:00,13.8,100,1006.3,1.5,111,0.0
2026-01-17 06:00:00,14.8,98,1007.2,5.0,116,0.0
2026-01-17 07:00:00,16.4,96,1007.6,4.1,113,0.0
2026-01-17 08:00:00,18.5,87,1007.9,4.5,143,0.0
2026-01-17 09:00:00,19.7,78,1008.1,5.6,159,0.0
2026-01-17 10:00:00,20.7,71,1008.0,8.8,163,0.0
2026-01-17 11:00:00,21.3,68,1008.0,9.8,160,0.0
2026-01-17 12:00:00,23.0,60,1007.6,5.0,159,0.0
2026-01-17 13:00:00,23.6,56,1007.3,2.9,202,0.0
2026-01-17 14:00:00,24.2,54,1007.0,2.0,243,0.0
2026-01-17 15:00:00,24.7,53,1006.7,1.6,27,0.0
2026-01-17 16:00:00,24.9,50,1006.4,2.7,28,0.0
2026-01-17 17:00:00,24.4,52,1006.7,9.3,82,0.0
2026-01-17 18:00:00,22.8,62,1006.6,18.1,85,0.0
2026-01-17 19:00:00,20.9,74,1007.7,16.4,67,0.0
2026-01-17 20:00:00,20.4,76,1008.8,18.1,65,0.0
2026-01-17 21:00:00,19.2,79,1009.6,20.7,75,0.0
2026-01-17 22:00:00,18.2,81,1010.6,12.2,119,0.0
2026-01-17 23:00:00,17.3,70,1010.7,19.6,128,0.0
2026-01-18 00:00:00,16.6,70,1010.9,16.0,136,0.0
2026-01-18 01:00:00,16.4,68,1010.3,18.4,125,0.0
2026-01-18 02:00:00,16.0,68,1010.0,16.8,128,0.0
2026-01-18 03:00:00,15.6,67,1009.7,20.1,132,0.0
2026-01-18 04:00:00,15.2,67,1010.2,19.8,124,0.1
2026-01-18 05:00:00,14.8,68,1010.4,22.4,124,0.1
2026-01-18 06:00:00,14.4,72,1011.8,16.0,120,0.3
2026-01-18 07:00:00,14.0,78,1012.5,16.0,117,1.0
2026-01-18 08:00:00,13.8,86,1013.0,16.5,114,1.0
2026-01-18 09:00:00,14.0,87,1012.3,21.8,111,1.1
2026-01-18 10:00:00,14.3,87,1011.6,22.3,115,1.5
2026-01-18 11:00:00,16.3,80,1012.0,19.7,111,0.5
2026-01-18 12:00:00,18.0,71,1011.6,25.1,111,0.0
2026-01-18 13:00:00,19.0,69,1011.0,24.1,114,0.0
2026-01-18 14:00:00,20.4,65,1010.7,24.3,114,0.0
2026-01-18 15:00:00,21.0,60,1010.5,23.6,116,0.0
2026-01-18 16:00:00,21.5,57,1010.2,24.6,119,0.0
2026-01-18 17:00:00,20.9,58,1010.0,25.4,125,0.0
2026-01-18 18:00:00,20.5,64,1010.5,18.5,125,0.0
2026-01-18 19:00:00,19.2,67,1011.4,19.4,133,0.0
2026-01-18 20:00:00,18.1,65,1012.2,23.8,129,0.0
2026-01-18 21:00:00,17.1,67,1012.7,21.7,123,0.0
2026-01-18 22:00:00,16.4,69,1012.8,18.2,125,0.0
2026-01-18 23:00:00,16.0,70,1012.5,16.5,128,0.0
2026-01-19 00:00:00,16.0,70,1012.8,15.8,138,0.0
2026-01-19 01:00:00,16.4,69,1012.5,16.1,138,0.0
2026-01-19 02:00:00,16.3,70,1012.0,16.2,134,0.0
2026-01-19 03:00:00,16.2,71,1011.7,16.4,135,0.0
2026-01-19 04:00:00,16.0,72,1011.5,15.9,129,0.0
2026-01-19 05:00:00,16.2,72,1011.8,15.6,124,0.0
2026-01-19 06:00:00,15.6,78,1011.2,13.9,144,0.0
2026-01-19 07:00:00,17.6,76,1011.3,15.3,133,0.0
2026-01-19 08:00:00,19.7,71,1011.7,15.8,125,0.0
2026-01-19 09:00:00,21.0,68,1011.4,20.6,113,0.0
2026-01-19 10:00:00,22.3,62,1011.4,21.7,102,0.0
2026-01-19 11:00:00,23.5,57,1011.3,24.7,100,0.0
2026-01-19 12:00:00,24.3,51,1010.5,25.1,95,0.0
2026-01-19 13:00:00,24.4,53,1010.2,24.2,101,0.0
2026-01-19 14:00:00,24.7,51,1009.9,25.0,91,0.0
2026-01-19 15:00:00,24.2,54,1009.4,24.5,90,0.0
2026-01-19 16:00:00,23.8,56,1009.1,22.7,82,0.0
2026-01-19 17:00:00,22.4,66,1009.4,17.3,73,0.0
2026-01-19 18:00:00,21.9,69,1009.1,15.1,78,0.0
2026-01-19 19:00:00,20.8,72,1009.9,15.7,87,0.1
2026-01-19 20:00:00,19.8,76,1010.2,15.7,103,0.2
2026-01-19 21:00:00,18.9,78,1010.4,19.8,112,0.2
2026-01-19 22:00:00,18.3,77,1010.2,23.0,112,0.1
2026-01-19 23:00:00,18.0,77,1009.9,23.6,109,0.1
2026-01-20 00:00:00,17.6,79,1009.7,19.9,108,0.0
2026-01-20 01:00:00,17.5,79,1009.1,19.2,109,0.0
2026-01-20 02:00:00,17.6,77,1008.8,19.5,111,0.0
2026-01-20 03:00:00,17.8,75,1008.0,21.3,108,0.0
2026-01-20 04:00:00,17.9,74,1007.6,23.4,105,0.0
2026-01-20 05:00:00,17.8,74,1007.8,21.2,105,0.0
2026-01-20 06:00:00,17.7,74,1007.4,23.7,105,0.0
2026-01-20 07:00:00,18.0,77,1007.4,24.1,102,0.7
2026-01-20 08:00:00,18.6,79,1007.7,23.2,108,1.6
2026-01-20 09:00:00,18.0,79,1007.8,24.4,108,1.3
2026-01-20 10:00:00,18.3,81,1008.0,21.3,110,0.4
2026-01-20 11:00:00,20.0,77,1008.1,21.1,113,1.3
2026-01-20 12:00:00,17.9,84,1008.5,20.6,119,3.9
2026-01-20 13:00:00,18.7,81,1007.7,17.7,131,0.7
2026-01-20 14:00:00,19.5,81,1006.9,17.2,114,3.0
2026-01-20 15:00:00,19.3,83,1006.6,19.7,111,3.1
2026-01-20 16:00:00,18.5,88,1006.6,19.2,100,2.3
2026-01-20 17:00:00,18.5,83,1005.8,24.4,96,1.2
2026-01-20 18:00:00,17.7,85,1006.5,21.3,111,0.4
2026-01-20 19:00:00,17.3,85,1006.5,19.9,113,2.3
2026-01-20 20:00:00,17.0,85,1006.9,20.3,107,0.6
2026-01-20 21:00:00,16.9,83,1006.7,21.5,102,0.0
2026-01-20 22:00:00,17.1,81,1006.6,20.4,100,0.0
2026-01-20 23:00:00,17.1,84,1006.4,19.5,101,3.3
2026-01-21 00:00:00,16.7,86,1006.5,18.7,111,1.9
2026-01-21 01:00:00,16.9,85,1006.2,19.1,108,0.2
2026-01-21 02:00:00,17.0,85,1005.2,22.3,107,0.2
2026-01-21 03:00:00,17.1,86,1004.9,21.7,102,0.6
2026-01-21 04:00:00,17.0,90,1004.2,25.9,90,4.8
2026-01-21 05:00:00,17.1,90,1003.9,28.4,91,1.1
2026-01-21 06:00:00,17.0,88,1003.7,26.8,92,1.4
2026-01-21 07:00:00,17.1,90,1003.5,27.8,94,2.2
2026-01-21 08:00:00,17.1,90,1003.7,27.2,90,2.8
2026-01-21 09:00:00,17.8,91,1003.2,28.8,88,2.0
2026-01-21 10:00:00,19.0,87,1002.8,30.1,86,1.2
2026-01-21 11:00:00,19.0,90,1002.3,26.6,85,3.1
2026-01-21 12:00:00,18.4,90,1002.1,30.1,88,2.2
2026-01-21 13:00:00,17.8,90,1000.9,29.4,88,2.9
2026-01-21 14:00:00,17.9,90,1000.1,33.1,88,2.6
2026-01-21 15:00:00,18.1,91,998.6,33.2,92,3.0
2026-01-21 16:00:00,18.2,91,997.3,33.9,92,3.6
2026-01-21 17:00:00,18.5,91,995.6,35.0,85,3.8
2026-01-21 18:00:00,18.7,91,994.4,37.1,87,2.0
2026-01-21 19:00:00,18.5,91,993.4,34.9,91,4.2
2026-01-21 20:00:00,18.4,90,992.0,42.3,88,6.7
2026-01-21 21:00:00,18.5,90,990.6,40.3,91,3.8
2026-01-21 22:00:00,18.4,90,988.5,44.9,88,4.5
2026-01-21 23:00:00,18.5,90,986.8,46.2,84,3.2
2026-01-22 00:00:00,19.1,88,986.2,45.2,82,0.9
2026-01-22 01:00:00,19.2,90,985.5,41.0,81,1.4
2026-01-22 02:00:00,19.7,92,984.0,37.8,80,1.4
2026-01-22 03:00:00,19.9,90,983.0,30.9,82,0.5
2026-01-22 04:00:00,19.8,91,982.8,10.7,120,0.1
2026-01-22 05:00:00,19.3,93,983.6,12.5,215,0.3
2026-01-22 06:00:00,18.9,93,984.8,8.1,198,0.2
2026-01-22 07:00:00,19.5,92,985.5,9.8,252,0.1
2026-01-22 08:00:00,20.2,92,986.3,12.3,282,0.1
2026-01-22 09:00:00,21.5,89,987.2,24.6,278,0.0
2026-01-22 10:00:00,22.0,82,987.9,27.2,273,0.0
2026-01-22 11:00:00,21.9,82,988.5,28.3,268,0.0
2026-01-22 12:00:00,22.1,80,988.0,27.2,264,0.2
2026-01-22 13:00:00,22.4,80,988.0,29.6,267,0.4
2026-01-22 14:00:00,22.5,81,988.7,33.2,275,0.4
2026-01-22 15:00:00,21.7,83,988.9,31.2,274,0.1
2026-01-22 16:00:00,21.1,84,988.9,31.1,275,0.1
2026-01-22 17:00:00,20.7,86,989.2,25.4,273,0.1
2026-01-22 18:00:00,20.9,82,989.3,24.3,267,0.0
2026-01-22 19:00:00,20.0,87,989.7,21.5,274,0.0
2026-01-22 20:00:00,19.1,90,990.2,21.2,275,0.0
2026-01-22 21:00:00,18.8,91,990.8,22.1,271,0.0
2026-01-22 22:00:00,18.9,88,991.0,22.0,271,0.0
2026-01-22 23:00:00,18.7,89,991.6,20.2,272,0.0
2026-01-23 00:00:00,18.5,92,991.7,17.2,277,0.0
2026-01-23 01:00:00,18.3,91,991.8,16.5,281,0.0
2026-01-23 02:00:00,18.3,90,991.8,17.9,280,0.0
2026-01-23 03:00:00,18.2,90,991.7,18.3,280,0.0
2026-01-23 04:00:00,18.0,90,991.6,18.7,281,0.0
2026-01-23 05:00:00,17.6,91,991.9,18.1,280,0.0
2026-01-23 06:00:00,17.7,90,992.1,16.4,285,0.0
2026-01-23 07:00:00,18.7,86,992.3,18.4,281,0.0
2026-01-23 08:00:00,19.5,81,992.6,20.3,277,0.0
2026-01-23 09:00:00,20.2,76,992.6,25.0,276,0.0
2026-01-23 10:00:00,20.8,74,992.3,23.6,277,0.1
2026-01-23 11:00:00,20.9,74,992.4,25.4,274,0.1
2026-01-23 12:00:00,21.7,68,991.7,21.3,279,0.2
2026-01-23 13:00:00,21.9,66,991.2,24.2,283,0.0
2026-01-23 14:00:00,21.9,66,990.7,24.8,286,0.0
2026-01-23 15:00:00,22.3,63,990.0,25.2,287,0.0
2026-01-23 16:00:00,21.2,67,989.5,27.3,293,0.1
2026-01-23 17:00:00,19.9,76,989.1,26.8,293,0.4
2026-01-23 18:00:00,18.7,82,988.8,18.7,294,0.5
2026-01-23 19:00:00,18.9,82,988.7,21.0,298,0.0
2026-01-23 20:00:00,18.3,77,988.7,20.1,304,0.0
2026-01-23 21:00:00,17.7,79,988.7,19.3,306,0.0
2026-01-23 22:00:00,17.6,78,988.4,20.2,299,0.0
2026-01-23 23:00:00,17.0,79,988.4,23.9,285,0.1
2026-01-24 00:00:00,16.4,83,987.9,22.9,286,0.1
2026-01-24 01:00:00,16.1,83,987.7,25.7,279,0.3
2026-01-24 02:00:00,15.9,83,987.6,23.0,282,0.1
2026-01-24 03:00:00,15.3,77,987.4,25.1,283,0.1
2026-01-24 04:00:00,15.1,66,987.6,25.6,270,0.0
2026-01-24 05:00:00,15.3,64,987.4,23.6,291,0.0
2026-01-24 06:00:00,14.7,64,987.2,23.7,290,0.0
2026-01-24 07:00:00,14.5,67,987.1,26.3,294,0.0
2026-01-24 08:00:00,15.1,72,987.2,30.1,281,0.1
2026-01-24 09:00:00,15.7,79,987.0,24.1,287,0.3
2026-01-24 10:00:00,17.3,75,986.7,27.2,270,0.1
2026-01-24 11:00:00,17.8,71,987.0,32.0,270,0.8
2026-01-24 12:00:00,17.5,65,986.8,36.2,264,0.2
2026-01-24 13:00:00,16.8,73,986.6,31.7,273,1.7
2026-01-24 14:00:00,18.1,68,986.7,34.9,262,3.8
2026-01-24 15:00:00,17.2,74,986.9,25.9,270,2.3
2026-01-24 16:00:00,16.9,82,987.0,22.3,277,5.5
2026-01-24 17:00:00,16.7,84,987.3,17.7,279,1.4
2026-01-24 18:00:00,16.5,79,987.6,23.2,264,2.3
2026-01-24 19:00:00,16.0,77,988.4,22.7,266,0.2
2026-01-24 20:00:00,15.4,77,988.7,19.5,274,0.1
2026-01-24 21:00:00,15.2,78,989.6,19.0,265,0.1
2026-01-24 22:00:00,15.0,79,989.7,17.1,279,0.1
2026-01-24 23:00:00,14.9,79,989.6,16.4,271,0.0
2026-01-25 00:00:00,14.7,77,989.8,16.8,279,0.0
2026-01-25 01:00:00,14.7,79,989.8,17.9,283,0.0
2026-01-25 02:00:00,15.0,75,989.5,15.8,287,0.0
2026-01-25 03:00:00,15.1,71,989.5,21.4,302,0.0
2026-01-25 04:00:00,14.9,77,989.3,17.1,292,0.0
2026-01-25 05:00:00,14.8,79,990.0,22.0,293,0.1
2026-01-25 06:00:00,15.2,78,990.0,17.7,303,0.1
2026-01-25 07:00:00,16.6,75,990.2,21.1,297,0.0
2026-01-25 08:00:00,17.2,73,990.8,27.9,283,0.1
2026-01-25 09:00:00,17.8,76,991.1,22.8,287,0.4
2026-01-25 10:00:00,18.1,71,991.3,31.7,273,0.4
2026-01-25 11:00:00,18.8,71,991.9,30.3,268,0.2
2026-01-25 12:00:00,19.0,72,992.2,32.4,272,0.5
2026-01-25 13:00:00,19.0,64,992.5,36.8,262,0.2
2026-01-25 14:00:00,19.1,68,992.4,33.9,266,0.4
2026-01-25 15:00:00,18.7,68,992.7,33.6,260,0.3
2026-01-25 16:00:00,18.9,66,993.0,34.1,261,0.2
2026-01-25 17:00:00,18.2,73,993.0,28.3,267,0.2
2026-01-25 18:00:00,18.1,72,993.8,25.6,266,0.2
2026-01-25 19:00:00,17.3,74,994.3,24.1,270,0.0
2026-01-25 20:00:00,16.7,75,994.9,20.3,270,0.0
2026-01-25 21:00:00,16.0,78,995.8,18.6,267,0.0
2026-01-25 22:00:00,15.8,79,996.1,18.0,269,0.0
2026-01-25 23:00:00,15.4,82,996.3,15.7,273,0.0
2026-01-26 00:00:00,15.2,85,996.9,13.1,279,0.0
2026-01-26 01:00:00,15.3,82,996.9,12.9,282,0.1
2026-01-26 02:00:00,15.0,80,996.8,12.0,284,0.0
2026-01-26 03:00:00,14.7,82,997.0,12.1,288,0.0
2026-01-26 04:00:00,14.7,82,997.4,14.2,286,0.1
2026-01-26 05:00:00,14.5,86,997.9,14.8,293,0.2
2026-01-26 06:00:00,14.5,88,998.4,14.3,305,0.1
2026-01-26 07:00:00,15.5,85,999.2,15.3,282,0.0
2026-01-26 08:00:00,16.5,81,999.5,13.3,283,0.1
2026-01-26 09:00:00,17.0,80,999.8,13.5,271,0.1
2026-01-26 10:00:00,17.8,74,1000.0,18.7,273,0.2
2026-01-26 11:00:00,18.6,75,1000.3,18.2,279,0.0
2026-01-26 12:00:00,18.8,75,1000.0,19.3,268,0.1
2026-01-26 13:00:00,19.4,70,1000.0,23.4,254,0.2
2026-01-26 14:00:00,19.6,69,999.9,23.9,260,0.1
2026-01-26 15:00:00,19.7,68,999.8,24.4,262,0.2
2026-01-26 16:00:00,19.3,71,999.9,23.4,263,0.1
2026-01-26 17:00:00,19.0,72,999.8,22.6,265,0.0
2026-01-26 18:00:00,18.8,72,1000.0,17.1,263,0.0
2026-01-26 19:00:00,18.1,76,1000.5,13.5,272,0.0
2026-01-26 20:00:00,16.8,81,1001.1,13.2,280,0.0
2026-01-26 21:00:00,16.1,85,1001.9,10.8,281,0.0
2026-01-26 22:00:00,15.6,88,1002.0,8.6,300,0.0
2026-01-26 23:00:00,15.4,89,1002.2,9.7,320,0.0
2026-01-27 00:00:00,15.3,90,1002.3,7.9,317,0.0
2026-01-27 01:00:00,15.1,92,1002.3,7.8,316,0.0
2026-01-27 02:00:00,14.9,93,1002.3,8.0,326,0.0
2026-01-27 03:00:00,14.6,93,1002.2,7.1,324,0.0
2026-01-27 04:00:00,14.3,94,1002.6,6.4,331,0.0
2026-01-27 05:00:00,14.1,94,1003.1,6.8,338,0.0
2026-01-27 06:00:00,14.8,93,1003.6,6.7,333,0.0
2026-01-27 07:00:00,16.2,90,1004.2,6.2,324,0.0
2026-01-27 08:00:00,17.4,83,1004.6,7.2,283,0.0
2026-01-27 09:00:00,18.2,80,1005.0,7.9,287,0.0
2026-01-27 10:00:00,19.2,75,1005.1,10.7,275,0.1
2026-01-27 11:00:00,20.0,69,1005.0,11.7,269,0.2
2026-01-27 12:00:00,20.6,67,1005.3,12.6,266,0.2
2026-01-27 13:00:00,20.8,65,1005.3,12.2,262,0.1
2026-01-27 14:00:00,21.0,63,1005.4,12.9,264,0.1
2026-01-27 15:00:00,21.0,63,1005.2,12.1,255,0.0
2026-01-27 16:00:00,21.1,62,1005.2,10.6,256,0.0
2026-01-27 17:00:00,21.0,62,1005.4,9.0,260,0.0
2026-01-27 18:00:00,20.5,64,1006.0,7.2,269,0.0
2026-01-27 19:00:00,19.3,75,1007.0,6.4,288,0.0
2026-01-27 20:00:00,17.8,82,1007.8,6.1,298,0.0
2026-01-27 21:00:00,17.2,84,1008.8,6.1,304,0.0
2026-01-27 22:00:00,16.3,88,1009.0,5.4,291,0.0
2026-01-27 23:00:00,15.5,92,1009.6,4.4,289,0.0
2026-01-28 00:00:00,14.9,92,1010.3,2.6,192,0.0
2026-01-28 01:00:00,14.4,93,1010.7,2.4,171,0.0
2026-01-28 02:00:00,14.5,94,1010.8,4.1,142,0.0
2026-01-28 03:00:00,13.7,95,1011.0,4.2,137,0.0
2026-01-28 04:00:00,13.3,95,1011.6,3.9,152,0.0
2026-01-28 05:00:00,13.6,94,1012.4,5.5,163,0.0
2026-01-28 06:00:00,13.9,92,1013.0,7.8,154,0.0
2026-01-28 07:00:00,15.7,91,1013.8,8.0,162,0.0
2026-01-28 08:00:00,18.1,85,1014.3,6.1,152,0.0
2026-01-28 09:00:00,20.3,76,1014.1,10.1,79,0.0
2026-01-28 10:00:00,21.0,72,1014.4,13.3,63,0.3
2026-01-28 11:00:00,21.9,67,1014.7,11.2,62,0.3
2026-01-28 12:00:00,22.5,61,1014.7,8.0,67,0.2
2026-01-28 13:00:00,23.0,60,1014.5,9.8,55,0.0
2026-01-28 14:00:00,23.5,58,1014.2,11.7,49,0.1
2026-01-28 15:00:00,23.6,58,1014.0,15.0,40,0.2
2026-01-28 16:00:00,23.5,61,1013.9,13.7,33,0.3
2026-01-28 17:00:00,22.7,64,1014.4,12.5,18,0.4
2026-01-28 18:00:00,22.1,67,1014.9,9.7,336,0.2
2026-01-28 19:00:00,20.9,78,1015.7,5.3,282,0.0
2026-01-28 20:00:00,19.3,84,1016.3,2.2,279,0.0
2026-01-28 21:00:00,18.1,88,1017.1,3.8,59,0.0
2026-01-28 22:00:00,17.5,87,1017.1,8.9,65,0.0
2026-01-28 23:00:00,16.7,84,1017.0,8.0,56,0.0
2026-01-29 00:00:00,16.0,87,1017.3,8.8,43,0.0
2026-01-29 01:00:00,15.0,92,1016.9,4.9,24,0.0
2026-01-29 02:00:00,14.8,93,1016.2,0.5,90,0.0
2026-01-29 03:00:00,14.5,92,1015.6,1.0,121,0.0
2026-01-29 04:00:00,14.4,93,1015.6,3.2,56,0.0
2026-01-29 05:00:00,13.9,96,1015.8,4.1,41,0.0
2026-01-29 06:00:00,14.2,95,1016.1,3.4,43,0.0
2026-01-29 07:00:00,15.9,94,1016.6,2.5,339,0.0
2026-01-29 08:00:00,18.1,91,1016.9,1.9,299,0.0
2026-01-29 09:00:00,20.6,78,1016.8,9.0,276,0.0
2026-01-29 10:00:00,21.6,73,1016.3,12.0,261,0.1
2026-01-29 11:00:00,22.4,68,1015.9,13.2,258,0.1
2026-01-29 12:00:00,23.4,64,1014.9,14.8,257,0.0
2026-01-29 13:00:00,23.8,62,1014.3,16.9,258,0.0
2026-01-29 14:00:00,23.5,63,1013.7,18.8,249,0.0
2026-01-29 15:00:00,23.1,63,1013.1,19.7,241,0.0
2026-01-29 16:00:00,22.3,62,1012.5,19.5,239,0.0
2026-01-29 17:00:00,21.3,64,1012.4,17.6,244,0.0
2026-01-29 18:00:00,20.6,67,1012.2,16.0,256,0.0
2026-01-29 19:00:00,18.9,75,1012.5,16.1,260,0.0
2026-01-29 20:00:00,17.4,80,1013.1,14.2,252,0.0
2026-01-29 21:00:00,16.6,85,1013.7,12.0,252,0.0
2026-01-29 22:00:00,16.1,87,1013.6,9.5,249,0.0
2026-01-29 23:00:00,15.4,90,1013.7,7.1,243,0.0
2026-01-30 00:00:00,15.0,90,1013.4,6.8,248,0.0
2026-01-30 01:00:00,14.4,90,1012.9,6.1,227,0.0
2026-01-30 02:00:00,13.9,90,1012.3,4.4,210,0.0
2026-01-30 03:00:00,13.5,91,1012.2,4.9,180,0.0
2026-01-30 04:00:00,13.8,92,1012.4,4.8,158,0.0
2026-01-30 05:00:00,13.7,93,1012.5,5.0,165,0.0
2026-01-30 06:00:00,13.8,94,1012.8,5.0,210,0.0
2026-01-30 07:00:00,16.0,90,1013.3,6.2,221,0.0
2026-01-30 08:00:00,17.7,80,1013.5,8.3,204,0.0
2026-01-30 09:00:00,18.9,77,1013.3,8.2,195,0.0
2026-01-30 10:00:00,20.1,73,1012.9,6.7,189,0.0
2026-01-30 11:00:00,21.6,67,1012.8,4.5,203,0.0
2026-01-30 12:00:00,23.2,65,1012.7,6.1,66,0.0
2026-01-30 13:00:00,23.8,63,1012.2,10.6,32,0.0
2026-01-30 14:00:00,24.4,60,1011.7,8.8,17,0.0
2026-01-30 15:00:00,24.8,59,1011.0,8.6,360,0.0
2026-01-30 16:00:00,24.8,58,1010.7,10.1,27,0.0
2026-01-30 17:00:00,24.6,57,1010.8,15.5,43,0.0
2026-01-30 18:00:00,24.1,63,1010.6,15.9,35,0.0
2026-01-30 19:00:00,22.0,72,1011.4,14.1,347,0.0
2026-01-30 20:00:00,19.6,82,1011.9,10.5,305,0.0
2026-01-30 21:00:00,17.9,89,1012.5,6.1,310,0.0
2026-01-30 22:00:00,16.9,93,1012.5,4.8,333,0.0
2026-01-30 23:00:00,16.1,94,1012.7,3.8,3,0.0
2026-01-31 00:00:00,15.9,95,1013.1,2.3,32,0.0
2026-01-31 01:00:00,15.3,96,1012.7,1.4,67,0.0
2026-01-31 02:00:00,15.0,97,1012.2,1.2,63,0.0
2026-01-31 03:00:00,14.8,98,1011.9,0.7,104,0.0
2026-01-31 04:00:00,14.7,98,1011.7,1.2,141,0.0
2026-01-31 05:00:00,14.5,97,1011.6,2.1,160,0.0
2026-01-31 06:00:00,15.0,97,1011.7,2.9,158,0.0
2026-01-31 07:00:00,16.6,96,1012.0,4.6,169,0.0
2026-01-31 08:00:00,19.0,87,1012.0,3.5,165,0.0
2026-01-31 09:00:00,20.7,79,1011.8,1.1,18,0.0
2026-01-31 10:00:00,21.9,71,1011.4,3.1,329,0.1
2026-01-31 11:00:00,23.0,65,1011.0,4.4,328,0.0
2026-01-31 12:00:00,23.8,59,1010.1,4.3,332,0.0
2026-01-31 13:00:00,24.4,55,1009.6,5.1,312,0.0
2026-01-31 14:00:00,24.8,52,1008.9,5.8,296,0.0
2026-01-31 15:00:00,25.2,53,1008.2,7.6,298,0.0
2026-01-31 16:00:00,25.3,52,1007.7,8.9,291,0.0
2026-01-31 17:00:00,24.7,56,1007.5,10.5,267,0.0
2026-01-31 18:00:00,23.3,69,1007.5,14.7,256,0.0
2026-01-31 19:00:00,21.3,76,1007.8,12.9,252,0.0
2026-01-31 20:00:00,19.3,81,1008.6,9.7,259,0.0
2026-01-31 21:00:00,18.0,85,1009.1,5.9,259,0.0
2026-01-31 22:00:00,16.5,90,1009.3,3.1,260,0.0
2026-01-31 23:00:00,15.7,93,1009.4,1.7,238,0.0
2026-02-01 00:00:00,15.0,97,1009.5,3.6,186,0.0
2026-02-01 01:00:00,14.1,99,1009.4,1.9,209,0.0
2026-02-01 02:00:00,13.5,100,1009.4,0.9,191,0.0
2026-02-01 03:00:00,13.0,100,1009.2,2.7,152,0.0
2026-02-01 04:00:00,12.9,99,1009.1,4.2,160,0.0
2026-02-01 05:00:00,12.9,98,1009.3,5.3,162,0.0
2026-02-01 06:00:00,12.8,98,1009.5,5.6,159,0.0
2026-02-01 07:00:00,13.7,97,1009.9,6.3,156,0.0
2026-02-01 08:00:00,15.2,91,1010.2,7.2,161,0.0
2026-02-01 09:00:00,17.1,82,1010.2,7.9,180,0.0
2026-02-01 10:00:00,19.5,69,1009.9,6.4,227,0.0
2026-02-01 11:00:00,21.3,63,1009.6,4.9,268,0.0
2026-02-01 12:00:00,21.5,64,1008.9,2.3,293,0.0
2026-02-01 13:00:00,22.9,64,1008.6,4.2,295,0.0
2026-02-01 14:00:00,23.7,62,1008.1,7.0,291,0.0
2026-02-01 15:00:00,23.7,62,1007.7,9.6,282,0.0
2026-02-01 16:00:00,23.4,62,1007.2,10.3,283,0.0
2026-02-01 17:00:00,22.5,63,1007.0,11.4,289,0.0
2026-02-01 18:00:00,22.0,63,1007.1,11.2,292,0.0
2026-02-01 19:00:00,20.4,73,1007.4,7.2,289,0.0
2026-02-01 20:00:00,18.4,81,1007.7,6.6,303,0.0
2026-02-01 21:00:00,16.9,87,1008.5,5.3,303,0.0
2026-02-01 22:00:00,15.6,91,1008.7,4.1,319,0.0
2026-02-01 23:00:00,15.1,92,1008.7,3.5,325,0.0
2026-02-02 00:00:00,15.3,93,1009.0,1.0,211,0.0
2026-02-02 01:00:00,15.3,95,1008.8,2.3,151,0.0
2026-02-02 02:00:00,16.0,91,1008.7,2.8,117,0.0
2026-02-02 03:00:00,16.6,89,1008.4,2.2,125,0.0
2026-02-02 04:00:00,16.8,89,1007.9,3.0,142,2.4
2026-02-02 05:00:00,16.7,95,1007.8,2.9,158,2.7
2026-02-02 06:00:00,17.1,89,1007.8,2.7,157,0.3
2026-02-02 07:00:00,17.9,87,1007.5,4.5,61,0.0
2026-02-02 08:00:00,19.2,87,1007.4,3.9,24,0.0
2026-02-02 09:00:00,21.0,87,1007.2,5.4,64,0.0
2026-02-02 10:00:00,22.3,87,1007.0,12.4,26,0.2
2026-02-02 11:00:00,24.0,84,1006.8,13.5,8,0.1
2026-02-02 12:00:00,25.2,78,1005.8,20.5,347,0.5
2026-02-02 13:00:00,27.3,69,1004.9,20.8,332,0.3
2026-02-02 14:00:00,24.4,88,1004.9,15.3,304,2.8
2026-02-02 15:00:00,24.2,90,1004.9,13.5,301,4.6
2026-02-02 16:00:00,24.4,89,1004.5,16.2,324,0.5
2026-02-02 17:00:00,24.5,89,1004.0,14.4,327,0.0
2026-02-02 18:00:00,24.3,89,1003.7,17.4,317,0.2
2026-02-02 19:00:00,23.7,92,1004.1,16.5,314,0.2
2026-02-02 20:00:00,22.9,95,1004.6,15.3,314,0.0
2026-02-02 21:00:00,22.5,96,1004.8,12.8,318,0.0
2026-02-02 22:00:00,22.3,96,1005.0,13.6,314,0.2
2026-02-02 23:00:00,21.9,97,1004.9,13.8,319,0.1
2026-02-03 00:00:00,21.9,96,1005.0,11.2,319,0.3
2026-02-03 01:00:00,21.6,95,1004.7,12.0,315,0.1
2026-02-03 02:00:00,21.3,95,1004.4,10.0,321,0.0
2026-02-03 03:00:00,21.1,95,1004.1,7.2,335,0.2
2026-02-03 04:00:00,21.0,95,1004.2,8.2,327,0.6
2026-02-03 05:00:00,20.7,95,1004.1,9.0,314,0.1
2026-02-03 06:00:00,20.2,95,1004.6,10.0,319,0.0
2026-02-03 07:00:00,21.0,89,1005.1,14.1,313,0.0
2026-02-03 08:00:00,21.8,84,1005.4,15.9,335,0.0
2026-02-03 09:00:00,22.1,81,1005.2,20.6,339,0.0
2026-02-03 10:00:00,22.9,83,1005.0,19.4,342,0.3
2026-02-03 11:00:00,23.7,73,1005.4,28.4,303,0.1
2026-02-03 12:00:00,21.7,73,1005.9,24.2,293,0.0
2026-02-03 13:00:00,22.0,67,1005.9,23.7,295,0.0
2026-02-03 14:00:00,22.6,66,1006.1,25.3,289,0.2
2026-02-03 15:00:00,22.1,68,1005.9,22.5,282,0.1
2026-02-03 16:00:00,21.6,67,1005.8,21.6,286,0.1
2026-02-03 17:00:00,21.5,65,1005.3,24.1,294,0.0
2026-02-03 18:00:00,20.2,71,1006.0,21.7,289,0.0
2026-02-03 19:00:00,19.0,77,1006.6,18.4,291,0.0
2026-02-03 20:00:00,18.2,79,1007.1,13.6,302,0.0
2026-02-03 21:00:00,18.0,78,1007.3,13.8,319,0.0
2026-02-03 22:00:00,17.6,82,1007.6,13.3,308,0.2
2026-02-03 23:00:00,17.4,83,1007.5,17.6,304,0.5
2026-02-04 00:00:00,17.6,84,1008.1,13.1,323,0.3
2026-02-04 01:00:00,17.4,86,1008.0,12.1,330,0.1
2026-02-04 02:00:00,16.9,88,1007.9,11.8,310,0.2
2026-02-04 03:00:00,16.4,91,1007.8,7.6,332,0.0
2026-02-04 04:00:00,16.1,93,1007.9,6.0,353,0.0
2026-02-04 05:00:00,16.4,92,1008.3,5.6,7,0.0
2026-02-04 06:00:00,16.6,93,1009.1,6.2,41,0.0
2026-02-04 07:00:00,17.0,92,1009.7,7.3,46,0.1
2026-02-04 08:00:00,18.0,86,1009.9,4.8,34,0.0
2026-02-04 09:00:00,19.3,83,1010.1,3.7,29,0.0
2026-02-04 10:00:00,20.1,80,1010.5,2.4,99,0.0
2026-02-04 11:00:00,21.0,76,1010.5,5.0,131,0.1
2026-02-04 12:00:00,21.3,72,1010.5,9.3,118,0.3
2026-02-04 13:00:00,22.1,67,1010.7,11.2,102,0.1
2026-02-04 14:00:00,22.7,64,1010.6,9.9,102,0.0
2026-02-04 15:00:00,22.7,64,1010.7,10.9,107,0.0
2026-02-04 16:00:00,22.6,65,1011.1,10.6,91,0.0
2026-02-04 17:00:00,22.5,68,1011.3,7.8,81,0.0
2026-02-04 18:00:00,21.6,68,1012.0,9.8,73,0.8
2026-02-04 19:00:00,19.7,82,1012.5,2.8,11,0.2
2026-02-04 20:00:00,19.2,86,1013.1,0.3,225,0.0
2026-02-04 21:00:00,18.8,87,1014.0,4.7,72,0.0
2026-02-04 22:00:00,19.0,85,1014.5,7.6,98,0.0
2026-02-04 23:00:00,18.6,86,1015.1,8.9,108,0.0
2026-02-05 00:00:00,18.4,92,1015.2,9.1,148,0.0
2026-02-05 01:00:00,17.1,85,1015.3,12.0,139,0.0
2026-02-05 02:00:00,16.2,82,1015.1,10.8,128,0.0
2026-02-05 03:00:00,15.7,82,1015.2,10.2,131,0.0
2026-02-05 04:00:00,15.4,82,1015.0,9.6,131,0.0
2026-02-05 05:00:00,14.6,83,1015.4,7.9,133,0.0
2026-02-05 06:00:00,14.3,84,1015.6,9.3,134,0.0
2026-02-05 07:00:00,15.2,83,1016.2,8.3,147,0.0
2026-02-05 08:00:00,16.8,77,1016.4,7.7,150,0.0
2026-02-05 09:00:00,18.3,73,1016.4,7.1,146,0.0
2026-02-05 10:00:00,19.9,67,1016.1,5.3,145,0.0
2026-02-05 11:00:00,21.2,62,1015.8,4.2,155,0.0
2026-02-05 12:00:00,22.1,62,1015.3,4.8,202,0.0
2026-02-05 13:00:00,22.3,62,1015.1,4.7,227,0.0
2026-02-05 14:00:00,23.1,60,1014.6,3.2,199,0.0
2026-02-05 15:00:00,24.0,59,1013.8,7.5,230,0.0
2026-02-05 16:00:00,23.6,62,1013.5,12.7,235,0.0
2026-02-05 17:00:00,23.1,64,1013.3,13.9,249,0.0
2026-02-05 18:00:00,22.2,68,1013.3,13.6,255,0.0
2026-02-05 19:00:00,20.7,78,1013.3,11.1,262,0.0
2026-02-05 20:00:00,18.9,87,1013.4,8.3,275,0.0
2026-02-05 21:00:00,17.9,92,1013.8,6.0,287,0.0
2026-02-05 22:00:00,16.8,94,1013.9,2.0,297,0.0
2026-02-05 23:00:00,16.2,95,1014.0,2.5,300,0.0
2026-02-06 00:00:00,15.6,99,1014.1,2.6,304,0.0
2026-02-06 01:00:00,14.6,100,1014.2,2.7,293,0.0
2026-02-06 02:00:00,14.1,100,1014.2,1.6,276,0.0
2026-02-06 03:00:00,14.0,100,1014.1,1.3,262,0.0
2026-02-06 04:00:00,14.3,100,1014.1,4.6,249,0.0
2026-02-06 05:00:00,14.2,100,1014.5,4.8,250,0.0
2026-02-06 06:00:00,14.3,100,1015.3,5.2,266,0.0
2026-02-06 07:00:00,15.0,99,1015.6,5.0,244,0.0
2026-02-06 08:00:00,16.9,90,1016.0,4.8,228,0.0
2026-02-06 09:00:00,19.2,76,1016.0,14.3,230,0.2
2026-02-06 10:00:00,20.6,68,1015.8,17.5,240,0.0
2026-02-06 11:00:00,21.5,61,1015.8,19.8,234,0.0
2026-02-06 12:00:00,21.5,59,1015.6,20.1,237,0.0
2026-02-06 13:00:00,22.1,54,1015.2,19.4,239,0.0
2026-02-06 14:00:00,21.8,55,1014.7,21.2,239,0.0
2026-02-06 15:00:00,21.5,57,1014.4,20.8,240,0.0
2026-02-06 16:00:00,21.2,59,1014.3,21.9,240,0.0
2026-02-06 17:00:00,20.4,61,1014.5,20.4,240,0.0
2026-02-06 18:00:00,19.4,66,1014.5,18.7,240,0.0
2026-02-06 19:00:00,18.0,73,1014.9,15.6,244,0.0
2026-02-06 20:00:00,16.7,77,1015.1,12.9,247,0.0
2026-02-06 21:00:00,15.9,80,1015.7,9.2,244,0.0
2026-02-06 22:00:00,14.8,86,1015.8,5.5,247,0.0
2026-02-06 23:00:00,14.5,86,1015.9,3.1,257,0.0
2026-02-07 00:00:00,14.6,85,1015.6,1.5,263,0.0
2026-02-07 01:00:00,14.2,86,1015.6,0.9,259,0.0
2026-02-07 02:00:00,13.7,88,1015.6,0.4,63,0.0
2026-02-07 03:00:00,12.9,91,1015.5,2.3,94,0.0
2026-02-07 04:00:00,12.6,94,1015.4,2.2,90,0.0
2026-02-07 05:00:00,12.8,94,1015.8,0.7,76,0.0
2026-02-07 06:00:00,12.8,95,1016.2,0.6,72,0.0
2026-02-07 07:00:00,14.8,93,1016.7,2.7,42,0.0
2026-02-07 08:00:00,17.5,84,1016.9,3.8,59,0.0
2026-02-07 09:00:00,20.0,77,1017.0,7.2,199,0.0
2026-02-07 10:00:00,22.6,64,1016.5,16.4,215,0.0
2026-02-07 11:00:00,23.2,61,1016.4,19.6,221,0.0
2026-02-07 12:00:00,24.3,56,1015.9,19.7,225,0.0
2026-02-07 13:00:00,24.6,56,1015.5,22.0,232,0.0
2026-02-07 14:00:00,24.1,59,1015.5,22.2,235,0.0
2026-02-07 15:00:00,24.1,59,1015.2,22.5,235,0.0
2026-02-07 16:00:00,23.8,59,1014.7,24.1,232,0.0
2026-02-07 17:00:00,22.6,66,1014.7,22.7,236,0.0
2026-02-07 18:00:00,21.7,71,1015.1,19.0,244,0.0
2026-02-07 19:00:00,20.7,78,1015.4,15.4,253,0.0
2026-02-07 20:00:00,19.8,83,1015.8,13.9,259,0.0
2026-02-07 21:00:00,19.5,86,1016.2,12.8,259,0.0
2026-02-07 22:00:00,19.2,87,1016.0,12.1,255,0.0
2026-02-07 23:00:00,18.7,90,1015.7,10.5,258,0.0
2026-02-08 00:00:00,18.7,90,1015.7,8.8,258,0.0
2026-02-08 01:00:00,18.6,90,1015.3,9.2,253,0.0
2026-02-08 02:00:00,18.3,92,1014.9,9.1,260,0.0
2026-02-08 03:00:00,18.2,92,1014.7,9.0,269,0.0
2026-02-08 04:00:00,18.1,93,1014.4,9.4,267,0.0
2026-02-08 05:00:00,18.3,92,1014.7,11.3,272,0.0
2026-02-08 06:00:00,18.3,93,1014.9,11.7,265,0.0
2026-02-08 07:00:00,19.5,89,1015.2,12.4,257,0.0
2026-02-08 08:00:00,20.1,86,1015.2,10.2,261,0.0
2026-02-08 09:00:00,21.0,82,1014.9,14.8,246,0.1
2026-02-08 10:00:00,22.6,72,1014.9,15.8,241,0.0
2026-02-08 11:00:00,23.2,68,1014.9,15.3,236,0.0
2026-02-08 12:00:00,24.3,62,1014.3,14.0,238,0.0
2026-02-08 13:00:00,24.9,57,1013.9,14.8,247,0.0
2026-02-08 14:00:00,24.7,54,1013.9,17.4,249,0.0
2026-02-08 15:00:00,24.2,54,1013.7,19.7,252,0.0
2026-02-08 16:00:00,23.2,59,1013.7,21.4,247,0.0
2026-02-08 17:00:00,22.2,62,1013.7,19.0,243,0.0
2026-02-08 18:00:00,21.1,68,1014.0,15.9,252,0.0
2026-02-08 19:00:00,19.3,77,1014.7,11.6,258,0.0
2026-02-08 20:00:00,17.7,83,1015.4,11.3,269,0.0
2026-02-08 21:00:00,16.9,86,1015.9,8.3,284,0.0
2026-02-08 22:00:00,15.9,92,1016.2,3.6,303,0.0
2026-02-08 23:00:00,15.6,93,1016.7,1.9,331,0.0
2026-02-09 00:00:00,16.4,90,1017.0,4.2,263,0.0
2026-02-09 01:00:00,15.6,95,1016.7,3.5,219,0.0
2026-02-09 02:00:00,16.0,92,1016.4,4.8,193,0.0
2026-02-09 03:00:00,15.5,95,1016.5,3.6,183,0.0
2026-02-09 04:00:00,16.0,93,1016.4,1.1,99,0.0
2026-02-09 05:00:00,15.6,95,1017.0,1.9,17,0.0
2026-02-09 06:00:00,14.7,97,1017.1,0.4,360,0.0
2026-02-09 07:00:00,16.0,95,1018.0,0.5,315,0.0
2026-02-09 08:00:00,18.1,87,1018.1,0.5,180,0.0
2026-02-09 09:00:00,20.3,80,1017.9,2.0,5,0.0
2026-02-09 10:00:00,22.1,72,1017.8,9.0,12,0.1
2026-02-09 11:00:00,23.4,65,1017.6,7.2,3,0.1
2026-02-09 12:00:00,24.6,59,1016.9,5.8,9,0.0
2026-02-09 13:00:00,25.4,54,1016.8,6.0,344,0.0
2026-02-09 14:00:00,25.7,52,1016.5,5.5,337,0.0
2026-02-09 15:00:00,25.8,51,1016.3,5.3,350,0.0
2026-02-09 16:00:00,25.3,52,1016.2,9.5,10,0.0
2026-02-09 17:00:00,23.9,60,1016.5,9.4,359,0.0
2026-02-09 18:00:00,23.0,66,1016.7,10.0,353,0.0
2026-02-09 19:00:00,22.3,71,1017.1,7.8,356,0.0
2026-02-09 20:00:00,21.4,77,1017.7,8.0,354,0.0
2026-02-09 21:00:00,20.5,83,1018.3,6.1,355,0.0
2026-02-09 22:00:00,19.7,88,1018.3,5.3,12,0.0
2026-02-09 23:00:00,19.3,90,1018.6,8.2,32,0.0
2026-02-10 00:00:00,18.5,94,1018.7,8.9,38,0.0
2026-02-10 01:00:00,18.5,93,1018.7,7.9,24,0.2
2026-02-10 02:00:00,17.9,96,1018.6,6.5,14,0.7
2026-02-10 03:00:00,17.4,97,1018.4,2.7,32,0.1
2026-02-10 04:00:00,17.0,95,1018.3,1.7,103,0.0
2026-02-10 05:00:00,16.6,95,1018.4,4.2,102,0.0
2026-02-10 06:00:00,16.4,94,1018.5,4.7,88,0.0
2026-02-10 07:00:00,17.4,95,1019.2,4.0,126,0.0
2026-02-10 08:00:00,19.6,89,1019.5,2.4,117,0.0
2026-02-10 09:00:00,21.5,75,1019.8,6.2,33,0.1
2026-02-10 10:00:00,22.6,68,1019.4,6.6,21,0.1
2026-02-10 11:00:00,23.5,63,1019.1,7.6,15,0.2
2026-02-10 12:00:00,24.2,57,1018.1,4.7,28,0.2
2026-02-10 13:00:00,25.0,52,1017.7,6.9,17,0.0
2026-02-10 14:00:00,25.1,51,1016.9,7.1,19,0.0
2026-02-10 15:00:00,24.9,52,1016.6,6.9,5,0.0
2026-02-10 16:00:00,24.7,51,1016.4,9.5,1,0.0
2026-02-10 17:00:00,23.6,56,1016.4,10.9,8,0.0
2026-02-10 18:00:00,23.2,62,1016.0,9.7,16,0.0
2026-02-10 19:00:00,22.0,69,1016.3,7.4,23,0.0
2026-02-10 20:00:00,20.9,77,1016.6,8.5,35,0.1
2026-02-10 21:00:00,20.1,82,1017.1,9.4,48,0.0
2026-02-10 22:00:00,19.4,85,1017.1,10.5,49,0.1
2026-02-10 23:00:00,18.9,87,1017.0,9.3,49,0.0
2026-02-11 00:00:00,18.3,83,1016.9,7.0,44,0.0
2026-02-11 01:00:00,18.0,87,1016.5,0.6,146,0.0
2026-02-11 02:00:00,17.7,89,1016.0,2.4,144,0.0
2026-02-11 03:00:00,17.2,93,1015.8,3.5,156,0.0
2026-02-11 04:00:00,16.8,94,1015.4,4.4,150,0.0
2026-02-11 05:00:00,16.5,95,1015.2,4.2,130,0.0
2026-02-11 06:00:00,16.6,95,1015.5,5.4,165,0.0
2026-02-11 07:00:00,17.6,95,1015.9,6.1,177,0.0
2026-02-11 08:00:00,19.7,88,1016.1,5.4,160,0.0
2026-02-11 09:00:00,21.3,79,1015.7,4.9,147,0.0
2026-02-11 10:00:00,22.8,69,1015.2,5.8,150,0.0
2026-02-11 11:00:00,23.9,62,1015.0,7.2,166,0.1
2026-02-11 12:00:00,25.0,58,1014.1,7.3,160,0.0
2026-02-11 13:00:00,25.7,55,1013.4,6.5,167,0.0
2026-02-11 14:00:00,26.1,54,1012.8,6.9,160,0.0
2026-02-11 15:00:00,26.3,55,1012.3,7.1,146,0.0
2026-02-11 16:00:00,25.1,60,1011.9,9.8,85,0.0
2026-02-11 17:00:00,24.1,66,1011.5,10.4,79,0.0
2026-02-11 18:00:00,24.1,69,1011.4,12.6,93,0.1
2026-02-11 19:00:00,23.0,73,1011.8,12.1,87,0.0
2026-02-11 20:00:00,21.3,77,1012.9,7.4,86,0.0
2026-02-11 21:00:00,20.2,78,1013.7,10.8,72,0.0
2026-02-11 22:00:00,19.1,84,1014.0,9.0,74,0.0
2026-02-11 23:00:00,18.3,90,1013.9,5.8,83,0.0
2026-02-12 00:00:00,18.2,90,1013.7,8.6,112,0.0
2026-02-12 01:00:00,17.8,91,1013.2,8.6,113,0.0
2026-02-12 02:00:00,17.3,92,1012.9,7.3,115,0.0
2026-02-12 03:00:00,16.8,92,1012.7,6.9,121,0.0
2026-02-12 04:00:00,16.5,93,1012.3,7.6,137,0.0
2026-02-12 05:00:00,16.3,93,1012.1,8.1,135,0.0
2026-02-12 06:00:00,16.4,92,1012.3,8.1,137,0.0
2026-02-12 07:00:00,17.9,89,1012.4,8.1,149,0.0
2026-02-12 08:00:00,20.4,80,1012.4,8.5,111,0.0
2026-02-12 09:00:00,22.1,68,1012.2,19.7,74,0.0
2026-02-12 10:00:00,23.2,67,1012.2,19.7,66,0.0
2026-02-12 11:00:00,23.4,65,1011.8,23.6,64,0.1
2026-02-12 12:00:00,23.6,64,1011.4,22.3,63,0.6
2026-02-12 13:00:00,24.3,61,1010.8,22.1,61,0.0
2026-02-12 14:00:00,24.4,59,1010.3,22.5,62,0.0
2026-02-12 15:00:00,23.9,61,1009.6,23.2,65,0.0
2026-02-12 16:00:00,23.8,62,1009.3,23.9,62,0.0
2026-02-12 17:00:00,22.7,67,1009.0,23.6,62,0.1
2026-02-12 18:00:00,22.2,69,1009.0,20.3,67,0.0
2026-02-12 19:00:00,21.3,74,1009.3,18.2,63,0.0
2026-02-12 20:00:00,20.7,79,1009.1,16.9,76,0.0
2026-02-12 21:00:00,20.3,84,1009.6,15.7,74,0.0
2026-02-12 22:00:00,20.3,84,1009.7,16.6,71,0.1
2026-02-12 23:00:00,20.2,86,1009.1,16.5,82,0.9
2026-02-13 00:00:00,19.8,91,1008.9,18.0,88,0.0
2026-02-13 01:00:00,20.1,91,1008.2,19.0,86,0.5
2026-02-13 02:00:00,20.0,92,1007.1,18.5,83,0.1
2026-02-13 03:00:00,20.1,92,1006.5,13.9,84,0.2
2026-02-13 04:00:00,20.1,91,1005.9,15.4,79,0.6
2026-02-13 05:00:00,20.1,92,1006.1,16.0,78,0.6
2026-02-13 06:00:00,20.3,94,1006.3,15.0,73,0.2
2026-02-13 07:00:00,20.7,93,1006.4,15.6,66,0.4
2026-02-13 08:00:00,22.2,90,1006.6,16.8,52,0.0
2026-02-13 09:00:00,23.8,81,1006.3,21.7,37,0.0
2026-02-13 10:00:00,24.6,78,1006.2,21.2,37,0.1
2026-02-13 11:00:00,25.0,79,1006.6,19.3,20,0.3
2026-02-13 12:00:00,23.7,87,1006.2,15.5,4,3.7
2026-02-13 13:00:00,25.5,81,1005.0,15.6,33,0.1
2026-02-13 14:00:00,25.6,77,1004.6,21.2,10,5.3
2026-02-13 15:00:00,23.1,89,1004.8,20.0,19,5.1
2026-02-13 16:00:00,23.4,89,1004.7,15.1,20,3.2
2026-02-13 17:00:00,22.8,91,1004.9,15.2,343,3.5
2026-02-13 18:00:00,22.5,93,1004.3,12.0,348,0.8
2026-02-13 19:00:00,22.0,94,1004.8,7.2,346,2.4
2026-02-13 20:00:00,21.8,96,1005.3,6.3,20,1.8
2026-02-13 21:00:00,21.7,96,1005.7,6.0,10,1.7
2026-02-13 22:00:00,21.4,97,1005.5,8.1,18,2.4
2026-02-13 23:00:00,21.3,96,1005.3,7.9,11,2.6
2026-02-14 00:00:00,20.8,97,1005.0,7.6,38,0.1
2026-02-14 01:00:00,20.6,98,1004.5,9.2,91,4.7
2026-02-14 02:00:00,20.4,98,1004.1,9.3,58,1.9
2026-02-14 03:00:00,20.4,98,1003.9,9.4,45,2.2
2026-02-14 04:00:00,20.3,98,1003.3,7.4,360,0.7
2026-02-14 05:00:00,20.3,98,1003.8,6.0,344,0.3
2026-02-14 06:00:00,20.5,97,1003.9,2.2,351,0.7
2026-02-14 07:00:00,20.9,95,1004.2,1.0,338,0.0
2026-02-14 08:00:00,21.3,94,1004.7,4.3,225,0.4
2026-02-14 09:00:00,21.2,95,1004.6,7.8,195,0.5
2026-02-14 10:00:00,21.6,91,1004.4,11.2,217,0.5
2026-02-14 11:00:00,22.0,88,1004.4,10.6,219,0.3
2026-02-14 12:00:00,22.7,79,1003.9,9.6,230,0.2
2026-02-14 13:00:00,22.7,79,1003.4,13.5,240,0.0
2026-02-14 14:00:00,22.2,81,1002.5,13.5,247,0.0
2026-02-14 15:00:00,22.1,80,1002.1,13.6,246,0.0
2026-02-14 16:00:00,21.9,78,1001.9,13.9,246,0.0
2026-02-14 17:00:00,21.5,77,1001.5,12.9,249,0.0
2026-02-14 18:00:00,20.9,79,1001.1,10.9,254,0.0
2026-02-14 19:00:00,20.1,81,1000.9,10.2,256,0.0
2026-02-14 20:00:00,19.8,83,1001.1,8.0,261,0.0
2026-02-14 21:00:00,20.1,83,1001.2,8.5,246,0.0
2026-02-14 22:00:00,20.2,82,1001.1,13.5,228,0.0
2026-02-14 23:00:00,19.5,79,1000.9,16.3,225,0.0
2026-02-15 00:00:00,17.7,83,1001.0,16.2,233,0.0
2026-02-15 01:00:00,16.9,83,1000.6,15.2,227,0.0
2026-02-15 02:00:00,16.7,81,1000.3,14.4,228,0.0
2026-02-15 03:00:00,16.5,81,999.7,12.8,230,0.0
2026-02-15 04:00:00,16.0,83,999.1,11.4,243,0.0
2026-02-15 05:00:00,15.3,88,999.0,10.0,257,0.0
2026-02-15 06:00:00,15.4,89,998.7,11.2,258,0.0
2026-02-15 07:00:00,16.7,87,998.9,9.5,256,0.0
2026-02-15 08:00:00,18.3,76,998.9,10.5,218,0.0
2026-02-15 09:00:00,18.6,71,998.7,8.2,190,0.0
2026-02-15 10:00:00,19.1,70,998.7,2.7,160,0.1
2026-02-15 11:00:00,19.0,70,998.8,2.0,117,0.1
2026-02-15 12:00:00,17.7,74,998.2,11.3,222,0.1
2026-02-15 13:00:00,17.1,78,998.2,20.2,175,0.3
2026-02-15 14:00:00,17.5,67,998.3,25.2,190,0.1
2026-02-15 15:00:00,17.7,60,998.0,32.9,192,0.0
2026-02-15 16:00:00,17.9,59,998.0,28.2,195,0.0
2026-02-15 17:00:00,16.9,57,998.5,33.3,197,0.0
2026-02-15 18:00:00,16.5,57,998.8,24.1,205,0.0
2026-02-15 19:00:00,15.5,58,999.1,21.0,201,0.0
2026-02-15 20:00:00,15.5,56,999.1,23.1,205,0.0
2026-02-15 21:00:00,15.0,56,999.4,17.0,221,0.0
2026-02-15 22:00:00,14.1,62,999.1,13.9,234,0.0
2026-02-15 23:00:00,14.7,68,998.8,13.2,242,0.0
2026-02-16 00:00:00,14.7,74,998.3,10.4,256,0.0
2026-02-16 01:00:00,15.4,72,997.9,15.1,255,0.0
2026-02-16 02:00:00,15.7,72,997.7,16.3,250,0.1
2026-02-16 03:00:00,15.6,74,997.3,16.6,260,0.4
2026-02-16 04:00:00,15.3,78,997.5,20.8,256,0.5
2026-02-16 05:00:00,15.2,80,997.8,21.1,246,0.2
2026-02-16 06:00:00,15.4,76,998.1,19.5,252,0.0
2026-02-16 07:00:00,16.2,71,998.6,21.1,267,0.0
2026-02-16 08:00:00,17.3,65,998.9,22.7,263,0.0
2026-02-16 09:00:00,18.4,64,998.7,26.2,262,0.0
2026-02-16 10:00:00,18.9,62,999.1,26.0,260,0.0
2026-02-16 11:00:00,19.8,58,999.5,23.3,261,0.0
2026-02-16 12:00:00,19.9,58,999.8,24.1,261,0.0
2026-02-16 13:00:00,20.1,58,1000.0,18.9,257,0.0
2026-02-16 14:00:00,20.2,60,1000.0,13.7,270,0.0
2026-02-16 15:00:00,20.5,64,1000.0,16.2,261,0.0
2026-02-16 16:00:00,20.0,60,1000.4,20.4,266,0.4
2026-02-16 17:00:00,18.8,70,1001.0,17.6,272,0.0
2026-02-16 18:00:00,18.7,71,1001.3,15.5,285,0.0
2026-02-16 19:00:00,18.1,70,1001.9,12.1,276,0.0
2026-02-16 20:00:00,17.5,72,1002.7,6.1,310,0.0
2026-02-16 21:00:00,17.0,73,1003.5,12.6,333,0.0
2026-02-16 22:00:00,17.3,72,1004.0,14.0,306,0.0
2026-02-16 23:00:00,17.1,74,1004.3,12.5,307,0.0
2026-02-17 00:00:00,15.7,84,1004.6,10.3,324,0.0
2026-02-17 01:00:00,15.4,87,1004.5,7.8,341,0.0
2026-02-17 02:00:00,14.8,92,1004.3,9.4,360,0.0
2026-02-17 03:00:00,14.6,92,1004.4,10.3,2,0.0
2026-02-17 04:00:00,14.7,90,1004.4,9.9,358,0.0
2026-02-17 05:00:00,14.5,91,1004.6,10.7,353,0.0
2026-02-17 06:00:00,13.8,92,1004.7,9.5,9,0.0
2026-02-17 07:00:00,14.9,90,1005.0,11.2,15,0.0
2026-02-17 08:00:00,17.1,83,1005.7,11.9,5,0.0
2026-02-17 09:00:00,18.9,74,1005.4,12.8,1,0.0
2026-02-17 10:00:00,20.2,64,1005.3,14.3,349,0.0
2026-02-17 11:00:00,21.2,59,1005.1,15.1,331,0.0
2026-02-17 12:00:00,20.8,63,1004.6,14.0,323,0.0
2026-02-17 13:00:00,20.3,69,1004.8,13.5,316,0.0
2026-02-17 14:00:00,20.0,73,1004.5,14.3,304,0.1
2026-02-17 15:00:00,20.2,72,1004.1,14.4,312,0.4
2026-02-17 16:00:00,20.5,72,1003.8,13.4,321,0.3
2026-02-17 17:00:00,20.1,72,1003.6,11.3,318,0.3
2026-02-17 18:00:00,19.6,77,1003.4,9.4,317,0.2
2026-02-17 19:00:00,18.6,83,1003.4,5.3,303,0.1
2026-02-17 20:00:00,17.1,87,1003.3,4.7,302,0.0
2026-02-17 21:00:00,16.6,88,1004.0,4.4,351,0.0
2026-02-17 22:00:00,16.8,91,1004.0,3.2,360,0.0
2026-02-17 23:00:00,16.4,93,1004.1,2.5,360,0.0
2026-02-18 00:00:00,17.3,91,1003.7,5.0,19,0.0
2026-02-18 01:00:00,16.5,93,1003.4,3.4,3,0.0
2026-02-18 02:00:00,16.4,93,1002.9,0.9,349,0.0
2026-02-18 03:00:00,16.1,93,1002.8,1.1,252,0.0
2026-02-18 04:00:00,15.1,95,1002.2,1.8,217,0.0
2026-02-18 05:00:00,14.5,97,1002.1,0.9,169,0.0
2026-02-18 06:00:00,13.7,100,1002.2,2.7,172,0.0
2026-02-18 07:00:00,14.4,99,1002.4,3.6,160,0.0
2026-02-18 08:00:00,16.0,97,1002.6,1.4,180,0.0
2026-02-18 09:00:00,18.2,86,1002.4,6.2,280,0.0
2026-02-18 10:00:00,19.9,73,1002.5,11.2,280,0.1
2026-02-18 11:00:00,20.8,67,1002.5,13.7,271,0.3
2026-02-18 12:00:00,21.3,64,1001.8,14.4,260,0.2
2026-02-18 13:00:00,22.1,58,1001.4,16.1,260,0.0
2026-02-18 14:00:00,21.8,58,1001.0,20.8,266,0.0
2026-02-18 15:00:00,21.3,60,1000.8,21.7,265,0.0
2026-02-18 16:00:00,20.9,61,1000.7,21.4,264,0.0
2026-02-18 17:00:00,20.2,63,1000.7,20.4,262,0.0
2026-02-18 18:00:00,19.4,67,1000.7,16.6,266,0.0
2026-02-18 19:00:00,18.0,73,1001.1,13.9,268,0.0
2026-02-18 20:00:00,17.0,77,1001.7,11.4,274,0.0
2026-02-18 21:00:00,16.3,81,1002.3,9.4,283,0.0
2026-02-18 22:00:00,15.8,84,1002.6,7.6,292,0.0
2026-02-18 23:00:00,15.4,86,1002.7,6.6,303,0.0
2026-02-19 00:00:00,15.3,86,1002.9,8.0,304,0.0
2026-02-19 01:00:00,15.3,87,1003.0,9.2,291,0.0
2026-02-19 02:00:00,15.4,87,1003.0,9.6,282,0.0
2026-02-19 03:00:00,15.2,88,1003.2,9.0,282,0.0
2026-02-19 04:00:00,14.9,90,1003.4,6.2,292,0.0
2026-02-19 05:00:00,15.1,89,1004.0,7.7,286,0.0
2026-02-19 06:00:00,15.2,89,1004.3,9.3,278,0.0
2026-02-19 07:00:00,16.5,86,1004.8,11.3,269,0.0
2026-02-19 08:00:00,18.1,78,1005.0,17.9,255,0.0
2026-02-19 09:00:00,19.1,73,1005.5,22.8,251,0.2
2026-02-19 10:00:00,19.8,69,1005.9,23.8,256,0.1
2026-02-19 11:00:00,21.0,62,1006.2,26.1,258,0.0
2026-02-19 12:00:00,21.0,60,1006.2,26.0,260,0.1
2026-02-19 13:00:00,21.2,59,1006.4,26.4,259,0.0
2026-02-19 14:00:00,21.2,62,1006.4,24.3,258,0.0
2026-02-19 15:00:00,21.0,64,1006.4,23.7,255,0.0
2026-02-19 16:00:00,20.9,67,1006.3,20.2,271,0.0
2026-02-19 17:00:00,21.2,65,1006.2,23.5,274,0.0
2026-02-19 18:00:00,20.3,71,1006.1,18.4,287,0.0
2026-02-19 19:00:00,19.6,76,1006.0,17.2,303,0.1
2026-02-19 20:00:00,19.2,83,1006.1,18.3,309,0.2
2026-02-19 21:00:00,19.3,86,1006.2,20.5,306,0.1
2026-02-19 22:00:00,19.3,89,1005.9,21.5,293,0.0
2026-02-19 23:00:00,19.3,90,1005.9,15.5,279,0.1
2026-02-20 00:00:00,17.6,92,1006.2,11.2,271,0.0
2026-02-20 01:00:00,16.6,92,1006.2,10.3,263,0.0
2026-02-20 02:00:00,16.0,92,1006.3,9.6,262,0.0
2026-02-20 03:00:00,15.4,90,1006.3,7.9,267,0.0
2026-02-20 04:00:00,15.1,88,1006.3,9.1,278,0.0
2026-02-20 05:00:00,14.8,87,1006.5,10.0,277,0.0
2026-02-20 06:00:00,14.5,86,1006.8,8.4,280,0.0
2026-02-20 07:00:00,15.6,85,1007.2,8.0,280,0.0
2026-02-20 08:00:00,17.9,76,1007.6,11.5,248,0.0
2026-02-20 09:00:00,19.0,68,1007.9,20.7,247,0.0
2026-02-20 10:00:00,19.8,62,1007.9,23.3,248,0.0
2026-02-20 11:00:00,20.3,62,1008.2,24.7,248,0.0
2026-02-20 12:00:00,20.9,56,1007.5,26.4,249,0.0
2026-02-20 13:00:00,21.1,54,1007.4,28.0,248,0.0
2026-02-20 14:00:00,21.3,54,1007.4,29.8,243,0.0
2026-02-20 15:00:00,21.2,56,1007.1,28.4,241,0.0
2026-02-20 16:00:00,20.7,65,1006.8,24.9,246,0.0
2026-02-20 17:00:00,20.2,70,1006.8,26.0,249,0.0
2026-02-20 18:00:00,19.6,69,1006.9,21.7,246,0.0
2026-02-20 19:00:00,18.3,74,1007.5,19.2,243,0.0
2026-02-20 20:00:00,17.4,77,1008.1,16.7,244,0.0
2026-02-20 21:00:00,16.7,76,1008.7,16.9,246,0.0
2026-02-20 22:00:00,16.0,76,1009.2,14.8,248,0.0
2026-02-20 23:00:00,15.6,74,1009.9,12.5,243,0.0
2026-02-21 00:00:00,14.8,78,1010.1,10.3,230,0.0
2026-02-21 01:00:00,13.8,80,1010.1,7.4,227,0.0
2026-02-21 02:00:00,12.2,86,1010.0,5.3,188,0.0
2026-02-21 03:00:00,11.7,87,1010.3,7.3,144,0.0
2026-02-21 04:00:00,10.9,89,1010.2,9.5,151,0.0
2026-02-21 05:00:00,10.3,91,1010.4,8.5,163,0.0
2026-02-21 06:00:00,9.8,90,1011.1,7.7,156,0.0
2026-02-21 07:00:00,10.7,88,1011.7,7.8,154,0.0
2026-02-21 08:00:00,13.1,82,1012.3,3.4,183,0.0
2026-02-21 09:00:00,15.3,74,1012.5,3.9,202,0.0
2026-02-21 10:00:00,17.2,68,1012.5,4.8,211,0.0
2026-02-21 11:00:00,18.7,63,1012.5,5.9,227,0.0
2026-02-21 12:00:00,20.1,54,1011.6,5.7,226,0.0
2026-02-21 13:00:00,21.2,50,1011.3,4.2,252,0.0
2026-02-21 14:00:00,22.2,52,1010.8,3.8,262,0.0
2026-02-21 15:00:00,22.4,55,1010.3,7.2,252,0.0
2026-02-21 16:00:00,21.6,57,1010.0,11.1,250,0.0
2026-02-21 17:00:00,20.3,58,1010.1,14.4,250,0.0
2026-02-21 18:00:00,19.0,61,1010.1,15.1,252,0.0
2026-02-21 19:00:00,17.2,69,1010.5,11.8,257,0.0
2026-02-21 20:00:00,15.7,74,1010.9,9.9,254,0.0
2026-02-21 21:00:00,14.7,78,1011.6,6.4,248,0.0
2026-02-21 22:00:00,13.6,83,1011.6,4.4,240,0.0
2026-02-21 23:00:00,13.3,83,1011.8,2.3,241,0.0
2026-02-22 00:00:00,13.1,84,1012.0,1.4,230,0.0
2026-02-22 01:00:00,12.2,86,1011.7,0.8,117,0.0
2026-02-22 02:00:00,11.5,89,1011.4,1.6,96,0.0
2026-02-22 03:00:00,11.0,91,1011.2,2.0,95,0.0
2026-02-22 04:00:00,10.8,92,1010.7,1.3,106,0.0
2026-02-22 05:00:00,10.3,94,1010.5,1.0,112,0.0
2026-02-22 06:00:00,10.2,94,1010.6,0.9,90,0.0
2026-02-22 07:00:00,11.7,93,1010.9,1.7,58,0.0
2026-02-22 08:00:00,14.6,85,1011.1,1.5,45,0.0
2026-02-22 09:00:00,17.2,72,1011.3,2.6,214,0.0
2026-02-22 10:00:00,18.7,61,1011.1,15.4,249,0.0
2026-02-22 11:00:00,19.2,56,1011.3,19.4,248,0.0
2026-02-22 12:00:00,21.0,47,1010.5,18.0,241,0.0
2026-02-22 13:00:00,22.9,43,1009.7,21.3,240,0.0
2026-02-22 14:00:00,21.1,51,1009.8,19.1,244,0.0
2026-02-22 15:00:00,21.9,50,1008.9,21.5,240,0.0
2026-02-22 16:00:00,21.0,56,1008.8,23.4,253,0.0
2026-02-22 17:00:00,20.1,63,1008.8,20.3,253,0.0
2026-02-22 18:00:00,18.9,65,1008.9,15.6,263,0.0
2026-02-22 19:00:00,17.6,72,1009.2,12.1,266,0.0
2026-02-22 20:00:00,17.4,76,1009.5,6.3,277,0.0
2026-02-22 21:00:00,17.3,83,1009.5,10.5,290,0.0
2026-02-22 22:00:00,17.0,89,1009.3,14.6,249,0.0
2026-02-22 23:00:00,15.5,86,1009.9,13.4,224,0.0
2026-02-23 00:00:00,13.9,89,1010.7,7.7,205,0.0
2026-02-23 01:00:00,13.0,92,1010.8,5.1,157,0.0
2026-02-23 02:00:00,12.0,93,1010.8,4.5,140,0.0
2026-02-23 03:00:00,11.5,94,1010.9,2.3,129,0.0
2026-02-23 04:00:00,11.0,96,1010.9,1.8,114,0.0
2026-02-23 05:00:00,10.5,97,1011.2,1.3,106,0.0
2026-02-23 06:00:00,10.2,97,1012.3,4.3,112,0.0
2026-02-23 07:00:00,11.2,95,1013.2,5.5,134,0.0
2026-02-23 08:00:00,13.5,90,1013.5,3.2,153,0.0
2026-02-23 09:00:00,15.7,82,1013.7,4.1,167,0.0
2026-02-23 10:00:00,17.7,71,1013.8,7.1,174,0.0
2026-02-23 11:00:00,19.2,66,1014.0,5.5,161,0.0
2026-02-23 12:00:00,20.6,57,1013.2,4.1,105,0.0
2026-02-23 13:00:00,21.7,55,1013.2,2.7,67,0.0
2026-02-23 14:00:00,22.1,55,1013.1,1.1,171,0.0
2026-02-23 15:00:00,22.3,54,1012.6,0.6,162,0.0
2026-02-23 16:00:00,22.5,49,1012.3,2.7,32,0.0
2026-02-23 17:00:00,22.5,49,1012.4,5.6,25,0.0
2026-02-23 18:00:00,22.0,56,1012.8,5.2,329,0.0
2026-02-23 19:00:00,19.6,69,1013.5,9.6,282,0.0
2026-02-23 20:00:00,17.2,79,1014.4,12.9,282,0.0
2026-02-23 21:00:00,16.0,83,1014.9,9.1,285,0.0
2026-02-23 22:00:00,15.0,88,1015.2,5.5,289,0.0
2026-02-23 23:00:00,13.8,92,1015.9,2.9,317,0.0
2026-02-24 00:00:00,13.6,92,1015.9,1.8,354,0.0
2026-02-24 01:00:00,12.9,93,1015.8,0.7,256,0.0
2026-02-24 02:00:00,12.3,96,1016.1,1.9,158,0.0
2026-02-24 03:00:00,11.9,98,1016.4,2.4,77,0.0
2026-02-24 04:00:00,11.7,99,1016.5,0.5,360,0.0
2026-02-24 05:00:00,11.5,99,1016.7,0.6,288,0.0
2026-02-24 06:00:00,11.1,99,1017.8,0.6,108,0.0
2026-02-24 07:00:00,12.2,99,1018.1,3.0,73,0.0
2026-02-24 08:00:00,14.4,95,1018.2,0.9,37,0.0
2026-02-24 09:00:00,16.7,83,1018.2,2.0,207,0.0
2026-02-24 10:00:00,18.6,76,1018.2,3.0,245,0.0
2026-02-24 11:00:00,20.6,70,1018.4,6.0,243,0.0
2026-02-24 12:00:00,22.1,64,1017.7,6.9,233,0.0
2026-02-24 13:00:00,22.9,58,1017.7,11.8,243,0.0
2026-02-24 14:00:00,23.0,57,1017.6,15.4,243,0.0
2026-02-24 15:00:00,22.8,61,1017.3,15.5,231,0.0
2026-02-24 16:00:00,23.2,60,1017.1,14.2,216,0.0
2026-02-24 17:00:00,22.9,61,1016.7,13.1,249,0.0
2026-02-24 18:00:00,20.6,72,1017.3,15.8,241,0.0
2026-02-24 19:00:00,19.1,80,1017.8,11.5,253,0.0
2026-02-24 20:00:00,18.1,85,1018.5,7.2,264,0.0
2026-02-24 21:00:00,17.6,88,1019.0,4.2,252,0.0
2026-02-24 22:00:00,17.3,87,1018.9,3.9,196,0.0
2026-02-24 23:00:00,17.1,89,1019.2,5.8,141,0.0
2026-02-25 00:00:00,16.8,91,1019.8,5.2,121,0.0
2026-02-25 01:00:00,16.1,93,1019.9,5.4,124,0.0
2026-02-25 02:00:00,15.7,92,1020.0,5.2,119,0.0
2026-02-25 03:00:00,15.3,91,1020.1,5.5,126,0.0
2026-02-25 04:00:00,14.5,92,1020.2,4.8,124,0.0
2026-02-25 05:00:00,14.3,90,1020.3,6.2,139,0.0
2026-02-25 06:00:00,14.1,87,1020.8,8.1,137,0.0
2026-02-25 07:00:00,14.8,84,1021.2,9.2,138,0.0
2026-02-25 08:00:00,17.0,79,1021.6,5.6,151,0.0
2026-02-25 09:00:00,19.2,72,1021.7,5.6,112,0.0
2026-02-25 10:00:00,20.7,64,1021.6,8.6,75,0.0
2026-02-25 11:00:00,21.8,62,1021.5,9.4,64,0.0
2026-02-25 12:00:00,22.8,60,1020.8,6.2,54,0.0
2026-02-25 13:00:00,23.7,59,1020.4,3.6,60,0.0
2026-02-25 14:00:00,24.2,57,1020.1,2.6,146,0.0
2026-02-25 15:00:00,24.2,56,1019.4,5.2,146,0.0
2026-02-25 16:00:00,24.3,53,1018.9,4.8,112,0.0
2026-02-25 17:00:00,24.5,49,1018.4,3.1,59,0.0
2026-02-25 18:00:00,23.7,58,1018.1,6.2,33,0.0
2026-02-25 19:00:00,22.2,66,1017.9,9.3,10,0.0
2026-02-25 20:00:00,20.6,78,1018.4,12.5,352,0.0
2026-02-25 21:00:00,19.8,82,1018.8,14.5,343,0.0
2026-02-25 22:00:00,19.0,85,1018.7,12.5,342,0.0
2026-02-25 23:00:00,17.8,92,1018.6,7.9,360,0.0
2026-02-26 00:00:00,17.3,93,1018.3,6.0,357,0.0
2026-02-26 01:00:00,16.8,94,1018.2,4.8,11,0.1
2026-02-26 02:00:00,16.6,95,1017.7,4.1,13,0.0
2026-02-26 03:00:00,16.5,95,1017.6,2.7,37,0.0
2026-02-26 04:00:00,16.7,94,1017.3,3.6,27,0.0
2026-02-26 05:00:00,16.9,93,1017.3,5.1,27,0.0
2026-02-26 06:00:00,17.1,91,1017.1,5.4,26,0.0
2026-02-26 07:00:00,17.5,91,1017.2,6.0,37,0.0
2026-02-26 08:00:00,18.8,85,1017.1,6.2,17,0.0
2026-02-26 09:00:00,20.2,78,1016.7,8.5,358,0.0
2026-02-26 10:00:00,21.3,70,1016.5,8.8,348,0.0
2026-02-26 11:00:00,22.3,63,1016.2,7.7,323,0.1
2026-02-26 12:00:00,23.4,58,1015.0,6.0,331,0.0
2026-02-26 13:00:00,23.9,55,1014.3,6.5,332,0.0
2026-02-26 14:00:00,24.1,55,1013.9,10.7,327,0.0
2026-02-26 15:00:00,23.8,56,1013.5,14.2,299,0.0
2026-02-26 16:00:00,23.4,59,1013.4,14.0,277,0.0
2026-02-26 17:00:00,22.6,62,1013.4,14.1,268,0.0
2026-02-26 18:00:00,22.0,65,1013.1,11.7,266,0.0
2026-02-26 19:00:00,20.2,72,1013.3,10.2,261,0.0
2026-02-26 20:00:00,18.7,78,1013.6,6.7,254,0.0
2026-02-26 21:00:00,17.4,86,1013.6,4.7,279,0.0
2026-02-26 22:00:00,16.9,89,1013.3,4.6,301,0.0
2026-02-26 23:00:00,16.1,93,1013.0,4.4,308,0.0
2026-02-27 00:00:00,16.6,93,1013.4,4.8,318,0.0
2026-02-27 01:00:00,16.3,95,1013.1,4.5,323,0.0
2026-02-27 02:00:00,16.2,96,1012.8,4.0,321,0.0
2026-02-27 03:00:00,16.0,96,1012.6,2.2,325,0.0
2026-02-27 04:00:00,15.5,97,1012.3,1.5,324,0.0
2026-02-27 05:00:00,15.1,98,1012.2,1.3,326,0.0
2026-02-27 06:00:00,14.7,100,1012.6,0.4,117,0.0
2026-02-27 07:00:00,15.6,100,1013.3,2.3,129,0.0
2026-02-27 08:00:00,17.4,92,1013.6,1.3,180,0.0
2026-02-27 09:00:00,19.3,84,1013.6,3.0,218,0.0
2026-02-27 10:00:00,20.8,77,1013.8,5.5,226,0.0
2026-02-27 11:00:00,21.8,73,1013.7,5.8,216,0.0
2026-02-27 12:00:00,20.9,77,1013.3,6.4,218,0.0
2026-02-27 13:00:00,22.8,71,1012.8,5.2,196,0.1
2026-02-27 14:00:00,23.8,66,1012.1,5.9,198,0.0
2026-02-27 15:00:00,20.8,74,1012.5,14.8,216,1.0
2026-02-27 16:00:00,22.0,71,1012.1,7.7,231,0.1
2026-02-27 17:00:00,22.8,66,1012.3,9.8,210,0.0
2026-02-27 18:00:00,21.9,71,1012.3,8.7,233,0.1
2026-02-27 19:00:00,20.5,75,1013.0,7.0,241,0.0
2026-02-27 20:00:00,18.9,82,1014.1,4.2,115,0.0
2026-02-27 21:00:00,18.6,85,1014.6,5.2,121,0.0
2026-02-27 22:00:00,18.2,88,1015.0,8.0,106,0.0
2026-02-27 23:00:00,17.5,92,1015.4,7.7,106,0.0
2026-02-28 00:00:00,17.2,92,1015.8,7.9,120,0.0
2026-02-28 01:00:00,16.9,93,1015.9,9.5,136,0.0
2026-02-28 02:00:00,16.3,91,1015.6,9.9,136,0.0
2026-02-28 03:00:00,15.9,89,1015.7,10.6,137,0.0
2026-02-28 04:00:00,15.4,88,1015.6,10.2,138,0.0
2026-02-28 05:00:00,15.1,86,1015.8,10.3,137,0.0
2026-02-28 06:00:00,14.7,86,1016.1,11.2,138,0.0
2026-02-28 07:00:00,15.4,83,1016.8,12.2,135,0.0
2026-02-28 08:00:00,17.1,78,1017.0,10.8,134,0.0
2026-02-28 09:00:00,18.6,72,1017.3,12.4,112,0.0
2026-02-28 10:00:00,19.7,69,1017.3,13.3,99,0.0
2026-02-28 11:00:00,20.9,64,1017.0,13.9,94,0.0
2026-02-28 12:00:00,21.9,60,1016.2,14.0,59,0.0
2026-02-28 13:00:00,22.3,57,1015.7,13.6,55,0.1
2026-02-28 14:00:00,22.4,57,1015.2,15.1,54,0.1
2026-02-28 15:00:00,22.2,59,1014.8,13.4,44,0.0
2026-02-28 16:00:00,21.3,61,1014.4,13.8,53,0.1
2026-02-28 17:00:00,19.9,76,1014.8,8.4,16,1.7
2026-02-28 18:00:00,20.7,67,1014.3,9.7,47,0.0
2026-02-28 19:00:00,19.7,70,1014.5,8.7,48,0.0
2026-02-28 20:00:00,18.3,76,1014.9,7.7,54,0.0
2026-02-28 21:00:00,16.9,84,1015.2,4.4,71,0.0
2026-02-28 22:00:00,16.7,85,1015.0,5.1,73,0.0
2026-02-28 23:00:00,16.8,81,1015.1,9.0,80,0.0
2026-03-01 00:00:00,16.6,81,1015.0,9.8,83,0.0
2026-03-01 01:00:00,15.7,84,1014.7,8.7,84,0.0
2026-03-01 02:00:00,15.3,84,1013.8,7.1,100,0.0
2026-03-01 03:00:00,14.7,85,1013.2,5.7,127,0.0
2026-03-01 04:00:00,14.1,89,1012.8,5.3,142,0.0
2026-03-01 05:00:00,13.6,91,1012.5,5.4,132,0.0
2026-03-01 06:00:00,13.6,93,1012.3,6.0,129,0.0
2026-03-01 07:00:00,14.5,91,1012.3,7.1,135,0.0
2026-03-01 08:00:00,16.7,84,1012.1,4.8,151,0.0
2026-03-01 09:00:00,18.4,77,1011.8,3.6,147,0.0
2026-03-01 10:00:00,20.1,70,1011.5,1.0,45,0.0
2026-03-01 11:00:00,20.8,67,1010.8,2.0,297,0.0
2026-03-01 12:00:00,21.4,62,1009.3,0.7,284,0.0
2026-03-01 13:00:00,22.6,59,1007.9,2.7,270,0.0
2026-03-01 14:00:00,23.3,54,1006.6,6.7,262,0.1
2026-03-01 15:00:00,22.9,55,1005.7,12.8,268,0.2
2026-03-01 16:00:00,21.3,66,1005.3,17.2,242,0.1
2026-03-01 17:00:00,20.8,68,1005.0,15.1,245,0.0
2026-03-01 18:00:00,20.5,68,1004.0,11.2,254,0.0
2026-03-01 19:00:00,18.8,77,1004.1,11.5,262,0.0
2026-03-01 20:00:00,17.7,77,1004.5,12.6,243,0.0
2026-03-01 21:00:00,16.5,81,1004.7,11.7,232,0.0
2026-03-01 22:00:00,15.8,83,1004.6,8.4,235,0.0
2026-03-01 23:00:00,14.6,88,1004.3,5.2,236,0.0
2026-03-02 00:00:00,13.7,89,1003.5,4.3,253,0.0
2026-03-02 01:00:00,13.2,87,1002.9,2.1,301,0.0
2026-03-02 02:00:00,13.1,86,1001.8,2.7,312,0.0
2026-03-02 03:00:00,12.7,86,1001.1,3.1,230,0.0
2026-03-02 04:00:00,12.0,90,1000.7,4.6,169,0.0
2026-03-02 05:00:00,12.0,91,1001.1,14.2,168,0.0
2026-03-02 06:00:00,11.6,91,1001.0,12.6,181,0.0
2026-03-02 07:00:00,12.1,83,1001.2,14.9,195,0.0
2026-03-02 08:00:00,12.7,64,1001.6,19.7,184,0.0
2026-03-02 09:00:00,13.4,61,1002.0,21.9,189,0.0
2026-03-02 10:00:00,15.3,60,1002.4,20.0,171,0.0
2026-03-02 11:00:00,16.4,56,1002.5,20.4,182,0.0
2026-03-02 12:00:00,17.1,50,1001.9,19.8,187,0.0
2026-03-02 13:00:00,17.6,46,1001.6,21.4,190,0.0
2026-03-02 14:00:00,18.0,42,1001.5,21.5,185,0.0
2026-03-02 15:00:00,17.9,38,1001.4,24.0,188,0.0
2026-03-02 16:00:00,17.0,41,1001.7,30.5,192,0.0
2026-03-02 17:00:00,15.6,46,1002.6,32.0,186,0.0
2026-03-02 18:00:00,14.7,50,1003.2,28.4,189,0.0
2026-03-02 19:00:00,12.9,53,1004.0,28.5,190,0.0
2026-03-02 20:00:00,12.0,57,1005.2,27.5,186,0.0
2026-03-02 21:00:00,11.1,57,1006.0,24.8,189,0.0
2026-03-02 22:00:00,10.5,61,1006.6,20.6,190,0.0
2026-03-02 23:00:00,10.1,60,1007.3,19.0,195,0.0
2026-03-03 00:00:00,9.2,65,1008.1,15.8,195,0.0
2026-03-03 01:00:00,8.7,67,1008.6,13.1,193,0.0
2026-03-03 02:00:00,8.3,68,1008.9,13.2,200,0.0
2026-03-03 03:00:00,8.4,65,1009.1,16.4,204,0.0
2026-03-03 04:00:00,8.2,67,1009.2,15.5,203,0.0
2026-03-03 05:00:00,8.3,69,1009.5,16.7,196,0.0
2026-03-03 06:00:00,7.3,74,1010.3,10.5,186,0.0
2026-03-03 07:00:00,8.0,73,1011.0,12.5,184,0.0
2026-03-03 08:00:00,10.2,66,1011.5,17.2,187,0.0
2026-03-03 09:00:00,11.9,62,1011.7,19.4,193,0.0
2026-03-03 10:00:00,14.1,50,1011.5,24.1,194,0.0
2026-03-03 11:00:00,14.9,51,1011.7,28.0,201,0.0
2026-03-03 12:00:00,16.0,46,1011.5,23.1,193,0.0
2026-03-03 13:00:00,17.1,40,1011.4,23.4,192,0.0
2026-03-03 14:00:00,17.8,37,1011.3,23.7,186,0.0
2026-03-03 15:00:00,17.7,41,1011.0,25.2,190,0.0
2026-03-03 16:00:00,17.8,41,1011.0,23.7,186,0.0
2026-03-03 17:00:00,17.0,42,1011.6,25.1,205,0.0
2026-03-03 18:00:00,16.5,44,1012.0,20.9,204,0.0
2026-03-03 19:00:00,14.3,51,1013.0,23.1,194,0.0
2026-03-03 20:00:00,13.4,54,1014.1,19.5,197,0.0
2026-03-03 21:00:00,12.6,57,1014.8,19.5,192,0.0
2026-03-03 22:00:00,12.0,61,1015.1,19.0,187,0.0
2026-03-03 23:00:00,11.5,63,1015.9,17.5,184,0.0
2026-03-04 00:00:00,10.7,64,1016.4,13.6,195,0.0
2026-03-04 01:00:00,9.9,69,1016.8,10.5,185,0.0
2026-03-04 02:00:00,9.5,70,1016.6,10.9,187,0.0
2026-03-04 03:00:00,9.2,72,1017.0,12.2,182,0.0
2026-03-04 04:00:00,8.9,74,1017.3,12.4,179,0.0
2026-03-04 05:00:00,8.6,76,1017.8,13.5,168,0.0
2026-03-04 06:00:00,8.0,79,1018.1,13.7,175,0.0
2026-03-04 07:00:00,8.5,80,1018.5,12.6,183,0.0
2026-03-04 08:00:00,10.5,77,1019.2,8.0,174,0.0
2026-03-04 09:00:00,12.8,71,1019.4,8.8,185,0.0
2026-03-04 10:00:00,15.1,62,1019.6,9.0,195,0.0
2026-03-04 11:00:00,16.9,54,1019.9,8.4,195,0.0
2026-03-04 12:00:00,18.1,47,1019.4,5.8,231,0.0
2026-03-04 13:00:00,19.0,46,1019.5,7.9,201,0.0
2026-03-04 14:00:00,19.5,49,1019.2,9.2,187,0.0
2026-03-04 15:00:00,20.0,48,1018.7,9.5,170,0.0
2026-03-04 16:00:00,20.4,46,1018.2,8.1,181,0.0
2026-03-04 17:00:00,20.4,46,1018.0,6.8,182,0.0
2026-03-04 18:00:00,19.4,53,1018.1,5.5,247,0.0
2026-03-04 19:00:00,16.6,66,1018.5,18.0,269,0.0
2026-03-04 20:00:00,14.8,75,1019.2,17.8,250,0.0
2026-03-04 21:00:00,14.2,79,1019.6,7.8,230,0.0
2026-03-04 22:00:00,13.0,86,1019.4,2.3,231,0.0
2026-03-04 23:00:00,12.9,86,1019.7,0.7,180,0.0
2026-03-05 00:00:00,12.1,86,1020.3,2.6,102,0.0
2026-03-05 01:00:00,11.1,87,1020.3,1.7,108,0.0
2026-03-05 02:00:00,10.7,89,1020.2,1.7,103,0.0
2026-03-05 03:00:00,10.3,90,1020.3,1.5,120,0.0
2026-03-05 04:00:00,9.5,92,1020.1,2.9,133,0.0
2026-03-05 05:00:00,9.3,91,1020.0,3.3,158,0.0
2026-03-05 06:00:00,8.9,90,1020.6,2.6,146,0.0
2026-03-05 07:00:00,9.9,86,1021.3,4.5,187,0.0
2026-03-05 08:00:00,11.7,81,1021.8,3.1,187,0.0
2026-03-05 09:00:00,14.0,75,1021.9,4.0,180,0.0
2026-03-05 10:00:00,16.1,68,1021.9,3.1,183,0.0
2026-03-05 11:00:00,18.0,60,1021.8,2.3,180,0.0
2026-03-05 12:00:00,19.2,56,1021.2,2.1,211,0.0
2026-03-05 13:00:00,20.6,53,1020.9,2.5,150,0.0
2026-03-05 14:00:00,21.1,52,1020.5,5.1,122,0.0
2026-03-05 15:00:00,21.5,52,1019.6,6.9,118,0.0
2026-03-05 16:00:00,21.6,51,1018.9,6.9,129,0.0
2026-03-05 17:00:00,21.7,49,1018.7,6.7,199,0.0
2026-03-05 18:00:00,18.9,60,1018.9,19.4,244,0.0
2026-03-05 19:00:00,16.7,65,1019.1,14.7,245,0.0
2026-03-05 20:00:00,15.6,69,1019.5,8.2,237,0.0
2026-03-05 21:00:00,14.1,78,1020.2,5.0,206,0.0
2026-03-05 22:00:00,13.4,82,1020.4,3.5,195,0.0
2026-03-05 23:00:00,12.9,84,1020.6,1.4,180,0.0
2026-03-06 00:00:00,12.2,87,1020.8,2.1,121,0.0
2026-03-06 01:00:00,11.2,90,1020.5,1.7,108,0.0
2026-03-06 02:00:00,10.8,91,1020.0,0.9,101,0.0
2026-03-06 03:00:00,10.5,91,1020.1,0.7,180,0.0
2026-03-06 04:00:00,10.2,93,1020.0,0.4,207,0.0
2026-03-06 05:00:00,9.9,94,1020.3,0.5,135,0.0
2026-03-06 06:00:00,9.4,93,1020.7,2.3,157,0.0
2026-03-06 07:00:00,10.7,90,1021.5,2.6,168,0.0
2026-03-06 08:00:00,12.2,88,1021.6,1.6,180,0.0
2026-03-06 09:00:00,14.9,79,1021.7,0.4,153,0.0
2026-03-06 10:00:00,17.2,68,1021.5,0.8,117,0.0
2026-03-06 11:00:00,18.6,62,1021.2,1.3,106,0.0
2026-03-06 12:00:00,20.1,56,1020.0,5.2,241,0.0
2026-03-06 13:00:00,21.3,51,1019.2,6.6,229,0.0
2026-03-06 14:00:00,22.0,49,1018.7,9.0,235,0.0
2026-03-06 15:00:00,22.0,49,1018.4,11.3,237,0.0
2026-03-06 16:00:00,21.6,49,1018.0,13.8,241,0.0
2026-03-06 17:00:00,20.5,51,1018.1,16.7,242,0.0
2026-03-06 18:00:00,19.4,54,1017.8,15.4,240,0.0
2026-03-06 19:00:00,17.4,62,1017.8,13.5,241,0.0
2026-03-06 20:00:00,16.1,67,1018.2,10.3,245,0.0
2026-03-06 21:00:00,14.9,72,1018.5,6.2,248,0.0
2026-03-06 22:00:00,13.5,81,1019.0,4.6,257,0.0
2026-03-06 23:00:00,12.6,85,1019.2,3.5,255,0.0
2026-03-07 00:00:00,12.0,87,1018.9,1.6,207,0.0
2026-03-07 01:00:00,11.1,90,1019.1,0.8,135,0.0
2026-03-07 02:00:00,10.5,92,1019.2,1.0,121,0.0
2026-03-07 03:00:00,10.2,94,1018.9,0.8,117,0.0
2026-03-07 04:00:00,10.0,95,1018.8,0.7,90,0.0
2026-03-07 05:00:00,9.7,96,1018.6,1.1,99,0.0
2026-03-07 06:00:00,9.3,97,1018.6,1.5,104,0.0
2026-03-07 07:00:00,10.2,97,1019.0,4.2,115,0.0
2026-03-07 08:00:00,12.6,90,1019.1,1.5,201,0.0
2026-03-07 09:00:00,15.4,80,1018.9,1.0,59,0.0
2026-03-07 10:00:00,17.6,73,1018.7,2.1,38,0.0
2026-03-07 11:00:00,19.1,68,1018.7,1.9,34,0.0
2026-03-07 12:00:00,20.2,61,1017.3,3.6,225,0.0
2026-03-07 13:00:00,21.2,57,1016.9,3.6,213,0.0
2026-03-07 14:00:00,22.0,54,1016.2,2.4,197,0.0
2026-03-07 15:00:00,22.9,51,1015.4,2.9,187,0.0
2026-03-07 16:00:00,23.0,50,1014.8,3.5,165,0.0
2026-03-07 17:00:00,22.6,51,1014.6,4.3,204,0.0
2026-03-07 18:00:00,21.5,55,1014.6,9.2,227,0.0
2026-03-07 19:00:00,18.7,69,1014.8,13.0,242,0.0
2026-03-07 20:00:00,16.9,76,1015.4,10.5,243,0.0
2026-03-07 21:00:00,15.6,84,1016.1,2.8,255,0.0
2026-03-07 22:00:00,15.2,84,1016.2,0.8,315,0.0
2026-03-07 23:00:00,14.6,86,1016.1,1.0,112,0.0
2026-03-08 00:00:00,14.6,90,1015.6,7.7,126,0.0
2026-03-08 01:00:00,13.7,93,1014.9,5.5,139,0.0
2026-03-08 02:00:00,12.7,95,1014.4,2.0,180,0.0
2026-03-08 03:00:00,12.0,97,1014.1,3.6,233,0.0
2026-03-08 04:00:00,12.0,98,1013.9,4.6,206,0.0
2026-03-08 05:00:00,11.8,99,1014.0,6.0,173,0.0
2026-03-08 06:00:00,12.4,99,1013.6,5.4,146,0.0
2026-03-08 07:00:00,12.8,99,1013.7,4.8,153,0.0
2026-03-08 08:00:00,13.6,98,1013.6,3.6,183,0.0
2026-03-08 09:00:00,14.9,94,1013.6,2.5,172,0.0
2026-03-08 10:00:00,16.6,88,1013.3,0.6,72,0.0
2026-03-08 11:00:00,18.4,78,1013.1,3.9,323,0.0
2026-03-08 12:00:00,20.1,65,1012.1,3.8,270,0.1
2026-03-08 13:00:00,20.8,62,1011.5,6.5,275,0.0
2026-03-08 14:00:00,21.3,58,1010.9,9.3,261,0.0
2026-03-08 15:00:00,21.5,57,1010.2,10.9,251,0.0
2026-03-08 16:00:00,21.2,59,1009.8,10.9,251,0.0
2026-03-08 17:00:00,20.8,57,1009.6,9.0,260,0.0
2026-03-08 18:00:00,20.5,57,1009.0,8.2,262,0.0
2026-03-08 19:00:00,18.4,65,1008.8,12.5,265,0.0
2026-03-08 20:00:00,16.9,72,1009.3,11.2,269,0.0
2026-03-08 21:00:00,15.7,81,1009.6,10.1,282,0.0
2026-03-08 22:00:00,14.9,88,1009.7,8.0,280,0.0
2026-03-08 23:00:00,13.8,93,1009.7,4.8,283,0.0
2026-03-09 00:00:00,13.3,93,1009.3,0.6,146,0.0
2026-03-09 01:00:00,12.4,95,1009.4,1.9,151,0.0
2026-03-09 02:00:00,12.1,96,1009.2,0.7,104,0.0
2026-03-09 03:00:00,12.8,96,1009.3,1.5,30,0.0
2026-03-09 04:00:00,13.1,95,1009.4,0.8,135,0.0
2026-03-09 05:00:00,13.2,94,1009.6,2.6,115,0.0
2026-03-09 06:00:00,12.2,97,1009.5,2.0,95,0.0
2026-03-09 07:00:00,12.6,95,1009.9,0.4,63,0.0
2026-03-09 08:00:00,15.1,88,1009.9,0.5,90,0.0
2026-03-09 09:00:00,17.5,80,1009.6,3.0,107,0.0
2026-03-09 10:00:00,19.4,71,1009.5,2.3,209,0.0
2026-03-09 11:00:00,20.6,62,1010.0,6.2,232,0.1
2026-03-09 12:00:00,21.9,55,1009.0,7.3,239,0.0
2026-03-09 13:00:00,21.8,55,1009.0,9.3,216,0.0
2026-03-09 14:00:00,22.1,53,1008.9,11.8,216,0.0
2026-03-09 15:00:00,21.6,54,1008.7,12.4,221,0.0
2026-03-09 16:00:00,21.4,54,1008.7,11.1,220,0.0
2026-03-09 17:00:00,21.0,56,1008.8,10.8,213,0.0
2026-03-09 18:00:00,20.7,56,1008.7,8.0,208,0.0
2026-03-09 19:00:00,18.4,71,1009.3,3.9,217,0.0
2026-03-09 20:00:00,17.8,70,1009.9,7.2,266,0.0
2026-03-09 21:00:00,16.6,73,1010.5,9.3,262,0.0
2026-03-09 22:00:00,14.8,82,1010.4,2.7,217,0.0
2026-03-09 23:00:00,13.9,86,1010.9,4.3,152,0.0
2026-03-10 00:00:00,14.6,84,1011.7,10.5,117,0.0
2026-03-10 01:00:00,14.7,84,1011.8,8.7,156,0.0
2026-03-10 02:00:00,14.2,86,1012.0,10.4,154,0.0
2026-03-10 03:00:00,14.0,87,1012.4,11.1,148,0.0
2026-03-10 04:00:00,13.8,87,1012.7,10.9,144,0.0
2026-03-10 05:00:00,14.1,83,1012.9,11.1,144,0.0
2026-03-10 06:00:00,14.8,77,1013.6,11.7,144,0.0
2026-03-10 07:00:00,15.0,76,1014.2,12.5,145,0.0
2026-03-10 08:00:00,16.4,71,1014.5,12.3,143,0.0
2026-03-10 09:00:00,18.0,62,1015.0,15.5,125,0.0
2026-03-10 10:00:00,19.4,58,1015.1,14.1,115,0.0
2026-03-10 11:00:00,20.6,57,1015.3,13.9,107,0.0
2026-03-10 12:00:00,22.2,53,1014.8,14.3,95,0.0
2026-03-10 13:00:00,23.1,48,1014.2,12.9,65,0.0
2026-03-10 14:00:00,23.0,48,1013.5,12.5,67,0.0
2026-03-10 15:00:00,23.1,47,1013.2,13.7,76,0.0
2026-03-10 16:00:00,22.4,50,1013.3,17.1,73,0.0
2026-03-10 17:00:00,21.1,55,1014.1,18.4,63,0.0
2026-03-10 18:00:00,20.6,56,1014.4,15.6,67,0.0
2026-03-10 19:00:00,19.2,64,1014.8,15.9,63,0.0
2026-03-10 20:00:00,18.3,66,1015.5,15.9,59,0.0
2026-03-10 21:00:00,17.5,65,1016.1,15.9,75,0.0
2026-03-10 22:00:00,16.7,62,1016.4,14.9,82,0.0
2026-03-10 23:00:00,15.7,66,1016.0,14.2,97,0.0
2026-03-11 00:00:00,14.8,72,1016.3,12.6,116,0.0
2026-03-11 01:00:00,14.2,73,1016.3,10.1,114,0.0
2026-03-11 02:00:00,13.9,73,1016.0,10.3,117,0.0
2026-03-11 03:00:00,13.6,73,1016.2,11.4,128,0.0
2026-03-11 04:00:00,13.7,71,1015.7,12.6,123,0.0
2026-03-11 05:00:00,13.7,70,1015.6,13.0,116,0.0
2026-03-11 06:00:00,13.2,72,1015.4,10.9,129,0.0
2026-03-11 07:00:00,13.3,73,1016.0,10.3,128,0.0
2026-03-11 08:00:00,14.1,73,1015.9,9.6,150,0.0
2026-03-11 09:00:00,15.4,69,1015.7,11.2,131,0.0
2026-03-11 10:00:00,16.8,63,1015.8,13.7,109,0.0
2026-03-11 11:00:00,17.9,62,1015.0,16.6,96,0.0
2026-03-11 12:00:00,19.0,60,1013.8,16.6,89,0.0
2026-03-11 13:00:00,19.2,59,1013.2,21.7,71,0.0
2026-03-11 14:00:00,18.8,61,1012.7,20.9,77,0.0
2026-03-11 15:00:00,19.2,58,1012.3,21.9,79,0.0
2026-03-11 16:00:00,18.7,59,1011.5,22.4,79,0.0
2026-03-11 17:00:00,18.2,60,1011.5,20.7,73,0.0
2026-03-11 18:00:00,17.8,61,1011.5,11.9,92,0.0
2026-03-11 19:00:00,16.6,66,1011.9,13.3,92,0.0
2026-03-11 20:00:00,16.2,68,1011.9,16.1,96,0.0
2026-03-11 21:00:00,15.8,71,1011.9,16.1,104,0.0
2026-03-11 22:00:00,15.3,73,1012.0,14.1,105,0.0
2026-03-11 23:00:00,14.8,71,1012.2,13.7,99,0.0
2026-03-12 00:00:00,14.1,72,1011.5,14.0,134,0.0
2026-03-12 01:00:00,13.4,72,1011.1,15.5,137,0.0
2026-03-12 02:00:00,13.1,72,1010.5,15.2,126,0.0
2026-03-12 03:00:00,12.9,73,1010.0,14.7,123,0.0
2026-03-12 04:00:00,12.5,75,1010.0,15.0,132,0.0
2026-03-12 05:00:00,12.2,77,1010.9,12.2,121,0.0
2026-03-12 06:00:00,12.5,75,1010.4,18.0,133,0.0
2026-03-12 07:00:00,13.2,75,1011.1,13.1,126,0.0
2026-03-12 08:00:00,14.8,75,1011.1,11.6,129,0.0
2026-03-12 09:00:00,17.6,68,1011.2,11.7,93,0.0
2026-03-12 10:00:00,18.8,64,1010.8,19.8,82,0.0
2026-03-12 11:00:00,19.8,63,1010.8,25.9,68,0.0
2026-03-12 12:00:00,19.5,67,1009.9,27.1,72,0.0
2026-03-12 13:00:00,20.6,64,1009.5,29.9,69,0.0
2026-03-12 14:00:00,21.0,65,1008.6,30.8,65,0.0
2026-03-12 15:00:00,21.2,65,1007.8,31.3,66,0.0
2026-03-12 16:00:00,20.8,69,1007.5,29.7,64,0.0
2026-03-12 17:00:00,20.3,72,1007.6,29.2,66,0.0
2026-03-12 18:00:00,19.5,78,1007.8,21.3,70,0.0
2026-03-12 19:00:00,19.0,82,1007.8,19.2,70,0.0
2026-03-12 20:00:00,19.0,83,1008.0,17.5,69,0.0
2026-03-12 21:00:00,19.0,85,1008.1,16.3,68,0.0
2026-03-12 22:00:00,19.1,85,1008.1,17.8,66,0.1
2026-03-12 23:00:00,18.9,88,1008.0,16.2,61,0.3
2026-03-13 00:00:00,19.3,85,1007.1,19.7,69,0.1
2026-03-13 01:00:00,19.4,86,1006.5,19.9,68,0.4
2026-03-13 02:00:00,19.2,89,1005.8,18.0,72,1.4
2026-03-13 03:00:00,19.4,90,1005.2,16.4,64,0.0
2026-03-13 04:00:00,19.5,90,1004.7,17.8,72,0.0
2026-03-13 05:00:00,19.6,90,1004.2,17.7,75,0.2
2026-03-13 06:00:00,19.2,93,1004.2,14.5,67,0.9
2026-03-13 07:00:00,19.8,93,1004.2,16.4,63,0.2
2026-03-13 08:00:00,21.0,91,1004.2,18.6,58,0.2
2026-03-13 09:00:00,21.7,87,1004.0,17.5,56,0.0
2026-03-13 10:00:00,23.3,78,1003.8,23.2,45,0.0
2026-03-13 11:00:00,23.9,77,1003.7,19.5,41,0.1
2026-03-13 12:00:00,25.6,68,1002.7,19.1,26,0.3
2026-03-13 13:00:00,26.4,65,1002.1,20.4,26,0.2
2026-03-13 14:00:00,27.0,61,1001.5,18.6,19,0.0
2026-03-13 15:00:00,26.7,59,1000.9,17.1,12,0.0
2026-03-13 16:00:00,26.4,59,1000.5,17.0,16,0.0
2026-03-13 17:00:00,25.4,67,1000.4,15.9,35,0.0
2026-03-13 18:00:00,24.6,74,1000.6,11.4,33,0.0
2026-03-13 19:00:00,23.2,79,1001.0,11.4,28,0.1
2026-03-13 20:00:00,22.2,84,1001.4,11.0,25,0.4
2026-03-13 21:00:00,21.5,92,1001.5,11.4,25,0.3
2026-03-13 22:00:00,21.2,94,1001.3,10.6,28,0.2
2026-03-13 23:00:00,20.8,97,1001.1,11.4,336,1.8
2026-03-14 00:00:00,21.2,95,1001.0,10.5,19,2.0
2026-03-14 01:00:00,21.3,95,1001.0,11.9,357,0.1
2026-03-14 02:00:00,20.8,96,1000.8,13.4,311,0.7
2026-03-14 03:00:00,19.8,97,1000.7,11.4,286,2.1
2026-03-14 04:00:00,19.5,98,1000.5,6.8,295,1.4
2026-03-14 05:00:00,20.0,96,1000.7,9.8,275,0.2
2026-03-14 06:00:00,19.7,95,1001.3,13.9,249,0.0
2026-03-14 07:00:00,18.8,90,1002.4,15.9,244,0.0
2026-03-14 08:00:00,18.7,86,1003.2,13.6,241,0.0
2026-03-14 09:00:00,19.9,81,1003.7,19.8,216,0.0
2026-03-14 10:00:00,20.3,77,1004.4,16.5,217,0.0
2026-03-14 11:00:00,21.4,70,1004.8,15.9,227,0.0
2026-03-14 12:00:00,22.3,60,1004.2,14.5,235,0.0
2026-03-14 13:00:00,23.0,56,1004.1,15.3,248,0.0
2026-03-14 14:00:00,22.7,55,1003.7,18.4,253,0.0
2026-03-14 15:00:00,21.4,61,1003.5,20.3,248,0.0
2026-03-14 16:00:00,21.1,63,1003.9,21.7,243,0.0
2026-03-14 17:00:00,20.3,60,1004.5,23.7,246,0.0
2026-03-14 18:00:00,18.8,65,1005.1,21.0,249,0.0
2026-03-14 19:00:00,17.5,69,1006.0,20.5,247,0.0
2026-03-14 20:00:00,16.7,69,1006.6,18.0,241,0.0
2026-03-14 21:00:00,16.0,71,1007.5,15.6,235,0.0
2026-03-14 22:00:00,16.0,72,1007.8,13.6,223,0.0
2026-03-14 23:00:00,15.8,72,1008.1,13.3,221,0.0
2026-03-15 00:00:00,15.4,67,1008.8,12.5,216,0.0
2026-03-15 01:00:00,14.8,68,1009.0,10.8,216,0.0
2026-03-15 02:00:00,14.3,70,1009.1,9.5,212,0.0
2026-03-15 03:00:00,14.1,72,1009.0,7.5,210,0.0
2026-03-15 04:00:00,12.8,80,1008.8,4.8,207,0.0
2026-03-15 05:00:00,11.7,84,1009.1,3.4,183,0.0
2026-03-15 06:00:00,11.1,87,1009.3,3.2,153,0.0
2026-03-15 07:00:00,11.3,88,1010.0,3.4,183,0.0
2026-03-15 08:00:00,13.3,83,1010.7,3.2,183,0.0
2026-03-15 09:00:00,15.9,72,1011.0,5.0,193,0.0
2026-03-15 10:00:00,17.9,65,1011.0,7.5,201,0.0
2026-03-15 11:00:00,20.0,57,1010.9,8.6,209,0.0
2026-03-15 12:00:00,21.3,53,1010.4,8.0,222,0.0
2026-03-15 13:00:00,22.3,49,1010.1,9.6,232,0.0
2026-03-15 14:00:00,22.8,46,1009.7,12.2,244,0.0
2026-03-15 15:00:00,21.9,51,1009.5,16.8,247,0.0
2026-03-15 16:00:00,21.0,56,1009.8,17.6,247,0.0
2026-03-15 17:00:00,20.0,60,1010.2,16.6,250,0.0
2026-03-15 18:00:00,18.5,66,1010.9,15.9,256,0.0
2026-03-15 19:00:00,16.7,74,1011.3,11.4,276,0.0
2026-03-15 20:00:00,15.6,79,1012.1,6.0,309,0.0
2026-03-15 21:00:00,14.8,84,1012.7,4.9,352,0.0
2026-03-15 22:00:00,13.8,89,1013.0,4.4,353,0.0
2026-03-15 23:00:00,13.1,91,1013.1,4.0,18,0.0
2026-03-16 00:00:00,12.9,89,1013.8,2.1,52,0.0
2026-03-16 01:00:00,11.9,93,1014.1,2.9,79,0.0
2026-03-16 02:00:00,11.3,95,1014.2,3.1,83,0.0
2026-03-16 03:00:00,10.8,96,1014.1,2.3,86,0.0
2026-03-16 04:00:00,10.4,98,1014.2,1.8,101,0.0
2026-03-16 05:00:00,10.3,97,1014.2,2.2,99,0.0
2026-03-16 06:00:00,10.4,95,1014.6,1.1,108,0.0
2026-03-16 07:00:00,10.7,97,1015.2,1.5,126,0.0
2026-03-16 08:00:00,13.1,90,1015.6,4.0,172,0.0
2026-03-16 09:00:00,15.5,81,1016.0,4.6,189,0.0
2026-03-16 10:00:00,17.5,75,1016.3,4.0,201,0.0
2026-03-16 11:00:00,19.2,66,1016.3,2.0,243,0.0
2026-03-16 12:00:00,19.5,61,1016.0,2.7,337,0.0
2026-03-16 13:00:00,20.5,57,1015.6,4.3,358,0.0
2026-03-16 14:00:00,21.3,54,1015.1,3.8,352,0.0
2026-03-16 15:00:00,21.5,54,1014.6,3.3,283,0.0
2026-03-16 16:00:00,21.2,57,1014.6,7.8,251,0.0
2026-03-16 17:00:00,20.1,63,1014.7,14.2,250,0.0
2026-03-16 18:00:00,19.0,66,1015.1,14.4,252,0.0
2026-03-16 19:00:00,17.5,72,1015.5,13.3,249,0.0
2026-03-16 20:00:00,16.3,78,1016.2,10.5,239,0.0
2026-03-16 21:00:00,14.8,86,1017.0,4.7,230,0.0
2026-03-16 22:00:00,14.3,87,1017.5,1.7,198,0.0
2026-03-16 23:00:00,14.1,88,1017.8,1.5,144,0.0
2026-03-17 00:00:00,13.2,90,1018.1,2.2,145,0.0
2026-03-17 01:00:00,12.3,92,1018.4,2.0,175,0.0
2026-03-17 02:00:00,11.6,95,1018.7,2.2,194,0.0
2026-03-17 03:00:00,10.9,96,1018.5,3.1,190,0.0
2026-03-17 04:00:00,10.3,97,1018.3,4.1,182,0.0
2026-03-17 05:00:00,10.0,98,1018.5,3.3,167,0.0
2026-03-17 06:00:00,9.9,96,1019.0,3.6,143,0.0
2026-03-17 07:00:00,10.6,95,1019.7,2.9,137,0.0
2026-03-17 08:00:00,13.0,87,1020.1,2.6,164,0.0
2026-03-17 09:00:00,15.2,81,1020.6,2.2,189,0.0
2026-03-17 10:00:00,17.4,73,1020.4,4.1,193,0.0
2026-03-17 11:00:00,19.0,67,1020.5,5.6,174,0.0
2026-03-17 12:00:00,19.4,64,1020.5,4.1,182,0.0
2026-03-17 13:00:00,20.5,56,1019.6,4.6,189,0.0
2026-03-17 14:00:00,21.1,51,1018.9,5.9,200,0.0
2026-03-17 15:00:00,21.5,44,1018.8,3.8,163,0.0
2026-03-17 16:00:00,22.0,40,1018.4,4.4,125,0.0
2026-03-17 17:00:00,21.9,42,1018.3,5.3,98,0.0
2026-03-17 18:00:00,21.0,51,1018.6,9.4,60,0.0
2026-03-17 19:00:00,19.4,57,1019.0,7.3,31,0.0
2026-03-17 20:00:00,17.3,66,1019.5,4.6,351,0.0
2026-03-17 21:00:00,15.5,76,1020.0,3.5,351,0.0
2026-03-17 22:00:00,14.4,82,1020.0,4.2,47,0.0
2026-03-17 23:00:00,14.0,85,1020.1,4.8,37,0.0
2026-03-18 00:00:00,13.8,86,1020.2,1.8,66,0.0
2026-03-18 01:00:00,12.8,90,1020.1,1.3,196,0.0
2026-03-18 02:00:00,12.2,93,1020.1,4.5,164,0.0
2026-03-18 03:00:00,12.1,94,1019.9,4.6,129,0.0
2026-03-18 04:00:00,11.5,95,1019.5,4.1,124,0.0
2026-03-18 05:00:00,10.9,95,1019.5,3.6,160,0.0
2026-03-18 06:00:00,11.0,95,1019.2,6.1,146,0.0
2026-03-18 07:00:00,11.0,95,1019.2,6.2,158,0.0
2026-03-18 08:00:00,13.8,87,1019.7,7.2,186,0.0
2026-03-18 09:00:00,16.7,77,1019.7,6.7,174,0.0
2026-03-18 10:00:00,19.2,70,1019.4,5.9,169,0.0
2026-03-18 11:00:00,20.8,63,1019.3,4.2,170,0.0
2026-03-18 12:00:00,21.5,56,1018.7,3.8,191,0.0
2026-03-18 13:00:00,22.0,54,1017.8,4.8,205,0.0
2026-03-18 14:00:00,22.3,53,1017.0,4.9,172,0.0
2026-03-18 15:00:00,22.9,45,1016.1,5.9,153,0.0
2026-03-18 16:00:00,22.8,40,1015.7,6.1,156,0.0
2026-03-18 17:00:00,22.5,38,1015.4,4.6,171,0.0
2026-03-18 18:00:00,22.4,36,1015.1,5.2,229,0.0
2026-03-18 19:00:00,20.1,54,1015.1,13.8,249,0.0
2026-03-18 20:00:00,17.9,71,1015.8,7.5,240,0.0
2026-03-18 21:00:00,16.3,80,1016.1,4.0,188,0.0
2026-03-18 22:00:00,16.0,78,1016.2,7.3,163,0.0
2026-03-18 23:00:00,15.2,84,1015.9,9.9,179,0.0
2026-03-19 00:00:00,14.9,86,1015.5,8.2,161,0.0
2026-03-19 01:00:00,14.3,92,1015.0,6.8,158,0.0
2026-03-19 02:00:00,14.1,93,1014.4,10.7,167,0.0
2026-03-19 03:00:00,13.7,94,1014.1,11.4,156,0.0
2026-03-19 04:00:00,13.2,95,1013.5,12.1,174,0.0
2026-03-19 05:00:00,13.4,92,1012.9,15.4,166,0.0
2026-03-19 06:00:00,13.6,90,1013.0,15.3,159,0.0
2026-03-19 07:00:00,13.7,89,1013.2,14.6,164,0.0
2026-03-19 08:00:00,16.7,74,1013.2,20.4,154,0.0
2026-03-19 09:00:00,18.7,66,1012.6,18.5,161,0.0
2026-03-19 10:00:00,20.4,60,1012.5,19.4,145,0.0
2026-03-19 11:00:00,21.9,55,1012.4,17.9,144,0.0
2026-03-19 12:00:00,23.6,50,1011.6,14.8,148,0.0
2026-03-19 13:00:00,24.4,46,1010.8,14.0,148,0.0
2026-03-19 14:00:00,25.1,42,1009.8,15.0,160,0.0
2026-03-19 15:00:00,24.7,43,1009.2,15.3,164,0.0
2026-03-19 16:00:00,24.3,43,1009.0,17.7,150,0.0
2026-03-19 17:00:00,22.5,48,1008.9,19.1,145,0.0
2026-03-19 18:00:00,21.4,51,1008.9,15.7,144,0.0
2026-03-19 19:00:00,19.8,55,1009.1,12.5,150,0.0
2026-03-19 20:00:00,18.7,59,1009.6,9.2,152,0.0
2026-03-19 21:00:00,17.8,63,1009.9,8.1,159,0.0
2026-03-19 22:00:00,16.9,67,1009.6,8.8,182,0.0
2026-03-19 23:00:00,16.0,71,1009.6,9.9,202,0.0
2026-03-20 00:00:00,15.5,70,1009.6,9.3,161,0.0
2026-03-20 01:00:00,14.6,73,1009.7,8.3,136,0.0
2026-03-20 02:00:00,13.9,76,1009.5,7.8,146,0.0
2026-03-20 03:00:00,13.4,78,1009.5,8.7,163,0.0
2026-03-20 04:00:00,12.8,81,1009.5,7.6,172,0.0
2026-03-20 05:00:00,11.8,86,1009.7,5.8,166,0.0
2026-03-20 06:00:00,11.2,89,1010.0,5.3,170,0.0
2026-03-20 07:00:00,11.0,90,1010.3,7.1,174,0.0
2026-03-20 08:00:00,13.3,80,1010.8,6.0,183,0.0
2026-03-20 09:00:00,16.3,68,1011.1,4.4,201,0.0
2026-03-20 10:00:00,19.3,58,1011.2,4.7,196,0.0
2026-03-20 11:00:00,21.1,51,1011.4,2.3,203,0.0
2026-03-20 12:00:00,21.7,49,1011.1,0.6,214,0.0
2026-03-20 13:00:00,23.1,46,1011.1,1.2,117,0.0
2026-03-20 14:00:00,23.4,46,1010.8,3.0,123,0.0
2026-03-20 15:00:00,23.6,46,1010.4,5.1,98,0.0
2026-03-20 16:00:00,24.2,45,1010.2,6.3,75,0.0
2026-03-20 17:00:00,24.1,44,1010.4,2.4,13,0.0
2026-03-20 18:00:00,23.1,46,1011.0,4.9,270,0.0
2026-03-20 19:00:00,20.3,60,1011.7,11.1,293,0.0
2026-03-20 20:00:00,18.4,68,1012.6,11.4,309,0.0
2026-03-20 21:00:00,17.2,74,1013.4,9.4,324,0.0
2026-03-20 22:00:00,16.3,79,1013.7,6.6,331,0.0
2026-03-20 23:00:00,15.5,83,1014.2,7.1,350,0.0
2026-03-21 00:00:00,14.9,87,1015.2,2.1,52,0.0
2026-03-21 01:00:00,13.9,90,1015.6,2.1,110,0.0
2026-03-21 02:00:00,13.4,91,1015.7,2.9,94,0.0
2026-03-21 03:00:00,13.2,91,1015.6,2.0,135,0.0
2026-03-21 04:00:00,12.9,93,1015.7,4.5,151,0.0
2026-03-21 05:00:00,12.5,94,1015.6,5.0,134,0.0
2026-03-21 06:00:00,12.2,94,1016.0,6.3,141,0.0
2026-03-21 07:00:00,12.3,93,1016.7,6.6,158,0.0
2026-03-21 08:00:00,14.8,82,1017.2,5.3,170,0.0
2026-03-21 09:00:00,17.5,74,1017.7,4.8,149,0.0
2026-03-21 10:00:00,19.5,69,1017.9,6.3,97,0.0
2026-03-21 11:00:00,20.6,65,1017.9,8.1,32,0.1
2026-03-21 12:00:00,22.6,56,1017.3,9.5,360,1.0
2026-03-21 13:00:00,23.1,52,1016.9,8.9,352,0.1
2026-03-21 14:00:00,23.7,49,1016.3,7.6,346,0.1
2026-03-21 15:00:00,24.0,47,1015.8,5.8,14,0.0
2026-03-21 16:00:00,24.3,44,1015.4,5.6,50,0.0
2026-03-21 17:00:00,24.3,43,1015.4,4.4,69,0.0
2026-03-21 18:00:00,23.3,43,1016.3,3.7,14,0.0
2026-03-21 19:00:00,20.5,60,1017.2,13.6,51,0.0
2026-03-21 20:00:00,19.5,69,1018.1,14.5,36,0.0
2026-03-21 21:00:00,18.7,74,1018.6,9.8,23,0.0
2026-03-21 22:00:00,18.0,78,1018.6,7.8,37,0.0
2026-03-21 23:00:00,16.9,85,1019.0,10.3,47,0.0
2026-03-22 00:00:00,16.2,93,1019.0,9.4,52,0.0
2026-03-22 01:00:00,15.7,95,1019.1,9.2,51,0.0
2026-03-22 02:00:00,15.1,96,1019.0,5.5,49,0.0
2026-03-22 03:00:00,14.2,97,1019.2,3.7,55,0.0
2026-03-22 04:00:00,13.8,98,1019.1,2.2,81,0.0
2026-03-22 05:00:00,13.2,100,1019.4,2.6,124,0.0
2026-03-22 06:00:00,13.3,100,1019.6,4.1,103,0.0
2026-03-22 07:00:00,13.6,99,1020.3,4.3,118,0.0
2026-03-22 08:00:00,15.5,94,1020.7,2.8,140,0.0
2026-03-22 09:00:00,18.1,83,1021.0,3.0,115,0.0
2026-03-22 10:00:00,20.2,73,1021.0,4.8,63,0.0
2026-03-22 11:00:00,21.8,63,1021.2,5.6,57,0.1
2026-03-22 12:00:00,22.9,57,1020.6,4.2,47,0.0
2026-03-22 13:00:00,23.9,52,1020.3,2.3,32,0.0
2026-03-22 14:00:00,24.1,50,1019.8,2.0,315,0.0
2026-03-22 15:00:00,24.1,49,1019.7,1.2,297,0.0
2026-03-22 16:00:00,24.3,47,1019.5,4.6,69,0.0
2026-03-22 17:00:00,23.3,53,1019.7,15.0,48,0.0
2026-03-22 18:00:00,21.6,69,1020.4,15.8,36,0.0
2026-03-22 19:00:00,19.8,79,1021.3,15.4,43,0.1
2026-03-22 20:00:00,19.0,82,1021.9,14.9,27,0.1
2026-03-22 21:00:00,18.4,85,1022.5,10.8,21,0.0
2026-03-22 22:00:00,17.8,88,1022.8,9.4,32,0.0
2026-03-22 23:00:00,17.3,91,1023.3,8.3,63,0.0
2026-03-23 00:00:00,16.6,91,1023.4,7.3,81,0.0
2026-03-23 01:00:00,16.4,92,1023.6,7.1,97,0.0
2026-03-23 02:00:00,16.3,92,1024.0,7.0,102,0.0
2026-03-23 03:00:00,16.3,91,1024.0,7.6,109,0.1
2026-03-23 04:00:00,16.1,92,1024.2,7.8,97,0.1
2026-03-23 05:00:00,16.1,92,1024.4,8.5,96,0.0
2026-03-23 06:00:00,15.4,94,1024.9,8.9,119,0.0
2026-03-23 07:00:00,15.0,95,1025.5,9.0,123,0.0
2026-03-23 08:00:00,17.0,88,1025.9,7.5,117,0.0
2026-03-23 09:00:00,19.1,78,1026.0,9.2,96,0.0
2026-03-23 10:00:00,21.0,66,1026.1,14.1,75,0.0
2026-03-23 11:00:00,22.0,61,1026.2,14.3,70,0.1
2026-03-23 12:00:00,23.2,56,1025.6,13.0,79,0.3
2026-03-23 13:00:00,23.1,60,1025.4,14.6,74,0.4
2026-03-23 14:00:00,22.9,61,1025.0,16.0,73,0.0
2026-03-23 15:00:00,22.5,61,1024.8,19.3,66,0.0
2026-03-23 16:00:00,21.6,65,1024.8,20.9,58,0.0
2026-03-23 17:00:00,20.9,68,1024.9,18.3,45,0.0
2026-03-23 18:00:00,20.0,70,1025.3,16.9,30,0.0
2026-03-23 19:00:00,19.0,73,1025.7,13.4,33,0.0
2026-03-23 20:00:00,17.9,75,1026.6,10.6,30,0.0
2026-03-23 21:00:00,17.1,78,1027.3,8.3,39,0.0
2026-03-23 22:00:00,16.8,80,1027.5,8.9,58,0.0
2026-03-23 23:00:00,16.4,80,1027.9,8.0,62,0.0
2026-03-24 00:00:00,15.1,85,1027.6,6.1,90,0.0
2026-03-24 01:00:00,14.1,87,1027.8,5.6,84,0.0
2026-03-24 02:00:00,14.5,84,1027.7,8.4,101,0.0
2026-03-24 03:00:00,14.3,78,1027.1,10.3,109,0.0
2026-03-24 04:00:00,13.6,80,1027.0,7.6,124,0.0
2026-03-24 05:00:00,12.8,84,1027.1,8.1,127,0.0
2026-03-24 06:00:00,12.2,89,1027.3,8.5,126,0.0
2026-03-24 07:00:00,12.5,86,1027.9,6.9,121,0.0
2026-03-24 08:00:00,14.6,80,1027.9,8.8,109,0.0
2026-03-24 09:00:00,17.2,69,1028.0,9.8,98,0.0
2026-03-24 10:00:00,18.9,63,1027.6,12.1,87,0.0
2026-03-24 11:00:00,20.0,60,1027.6,12.7,78,0.0
2026-03-24 12:00:00,20.9,52,1027.3,15.0,66,0.0
2026-03-24 13:00:00,21.2,49,1026.7,15.3,70,0.0
2026-03-24 14:00:00,21.2,47,1026.4,15.5,70,0.0
2026-03-24 15:00:00,21.5,48,1025.7,16.4,65,0.0
2026-03-24 16:00:00,20.5,57,1025.5,17.8,66,0.0
2026-03-24 17:00:00,20.2,58,1025.5,14.9,68,0.0
2026-03-24 18:00:00,19.1,63,1024.8,14.0,61,0.0
2026-03-24 19:00:00,17.8,70,1025.2,13.5,61,0.0
2026-03-24 20:00:00,17.1,76,1025.9,12.9,70,0.0
2026-03-24 21:00:00,16.9,78,1025.9,12.2,82,0.0
2026-03-24 22:00:00,16.7,79,1025.3,13.0,89,0.0
2026-03-24 23:00:00,16.5,82,1025.7,11.4,101,0.0
2026-03-25 00:00:00,16.6,83,1025.5,10.8,105,0.0
2026-03-25 01:00:00,16.4,85,1025.5,9.8,118,0.0
2026-03-25 02:00:00,16.4,85,1024.9,12.3,113,0.0
2026-03-25 03:00:00,16.7,83,1024.1,13.3,103,0.0
2026-03-25 04:00:00,16.9,83,1023.9,14.1,104,0.0
2026-03-25 05:00:00,17.0,82,1024.5,14.3,107,0.0
2026-03-25 06:00:00,16.9,83,1024.3,15.9,108,0.0
2026-03-25 07:00:00,17.2,82,1024.3,17.5,102,0.0
2026-03-25 08:00:00,17.7,80,1024.2,17.0,103,0.0
2026-03-25 09:00:00,18.1,78,1024.2,18.0,97,0.0
2026-03-25 10:00:00,18.5,78,1024.5,19.1,93,0.0
2026-03-25 11:00:00,19.2,76,1024.6,26.1,72,0.3
2026-03-25 12:00:00,18.6,79,1024.0,22.1,80,0.2
2026-03-25 13:00:00,19.3,74,1023.4,23.4,75,0.0
2026-03-25 14:00:00,19.3,73,1022.8,22.8,74,0.0
2026-03-25 15:00:00,19.3,73,1022.5,23.9,80,0.0
2026-03-25 16:00:00,18.7,78,1022.2,21.0,80,0.1
2026-03-25 17:00:00,18.6,79,1021.5,23.2,84,0.3
2026-03-25 18:00:00,18.4,80,1021.2,20.2,85,0.2
2026-03-25 19:00:00,18.1,81,1021.2,19.7,76,0.0
2026-03-25 20:00:00,17.8,83,1021.4,20.4,76,0.0
2026-03-25 21:00:00,17.8,83,1021.1,22.5,76,0.1
2026-03-25 22:00:00,17.9,82,1020.2,24.3,73,0.0
2026-03-25 23:00:00,17.8,83,1020.4,22.4,75,0.0
2026-03-26 00:00:00,17.8,84,1019.9,24.4,75,0.0
2026-03-26 01:00:00,17.7,86,1019.2,24.8,68,0.3
2026-03-26 02:00:00,17.5,87,1018.9,24.1,69,0.5
2026-03-26 03:00:00,17.3,89,1017.8,27.3,71,0.7
2026-03-26 04:00:00,16.8,91,1017.6,25.2,63,0.8
2026-03-26 05:00:00,16.8,91,1016.8,28.1,67,1.1
2026-03-26 06:00:00,16.7,89,1017.1,25.4,68,1.4
2026-03-26 07:00:00,16.6,91,1016.0,29.4,68,2.6
2026-03-26 08:00:00,16.7,91,1015.7,30.3,65,3.4
2026-03-26 09:00:00,17.0,91,1015.5,30.1,61,2.5
2026-03-26 10:00:00,17.4,91,1015.2,33.7,59,2.4
2026-03-26 11:00:00,18.0,91,1014.3,34.3,60,2.9
2026-03-26 12:00:00,17.1,91,1014.0,34.8,62,3.6
2026-03-26 13:00:00,17.1,90,1013.8,33.2,63,6.8
2026-03-26 14:00:00,17.1,91,1013.2,34.5,61,4.5
2026-03-26 15:00:00,17.2,90,1011.8,36.5,65,3.3
2026-03-26 16:00:00,17.2,90,1011.5,36.7,61,5.6
2026-03-26 17:00:00,17.3,91,1011.9,35.5,61,4.4
2026-03-26 18:00:00,17.3,89,1012.1,34.5,58,1.4
2026-03-26 19:00:00,17.4,86,1011.4,41.4,60,0.3
2026-03-26 20:00:00,17.4,87,1011.2,42.4,59,3.2
2026-03-26 21:00:00,17.6,88,1011.7,35.0,68,3.7
2026-03-26 22:00:00,18.0,88,1010.9,35.9,61,0.4
2026-03-26 23:00:00,18.3,88,1010.5,37.9,55,0.4
2026-03-27 00:00:00,18.1,90,1011.0,31.3,56,2.3
2026-03-27 01:00:00,18.1,92,1010.9,31.2,56,2.0
2026-03-27 02:00:00,18.2,92,1010.2,33.2,56,11.7
2026-03-27 03:00:00,18.4,92,1009.6,32.9,53,1.3
2026-03-27 04:00:00,18.5,91,1009.4,33.2,49,2.0
2026-03-27 05:00:00,18.9,89,1009.8,30.6,51,0.5
2026-03-27 06:00:00,18.8,90,1010.1,29.0,57,1.2
2026-03-27 07:00:00,19.1,90,1010.4,27.3,58,0.1
2026-03-27 08:00:00,19.6,90,1010.8,25.3,54,0.1
2026-03-27 09:00:00,20.3,89,1011.3,18.3,46,0.0
2026-03-27 10:00:00,22.5,77,1011.4,14.6,9,0.0
2026-03-27 11:00:00,23.9,70,1011.4,11.7,359,0.0
2026-03-27 12:00:00,22.3,81,1012.1,24.3,44,0.0
2026-03-27 13:00:00,23.1,78,1011.7,21.2,48,0.6
2026-03-27 14:00:00,24.0,71,1011.3,17.1,32,0.4
2026-03-27 15:00:00,23.8,71,1011.1,14.2,32,0.1
2026-03-27 16:00:00,24.0,70,1011.0,11.1,46,0.0
2026-03-27 17:00:00,23.5,75,1010.9,9.8,46,0.1
2026-03-27 18:00:00,21.3,84,1011.9,15.0,48,0.3
2026-03-27 19:00:00,20.0,90,1012.4,12.6,46,0.0
2026-03-27 20:00:00,19.3,92,1012.9,11.8,43,0.0
2026-03-27 21:00:00,18.8,93,1013.3,9.7,47,0.0
2026-03-27 22:00:00,17.7,95,1013.6,4.8,45,0.0
2026-03-27 23:00:00,17.1,96,1013.6,2.8,40,0.0
2026-03-28 00:00:00,16.9,97,1013.5,0.7,270,0.0
2026-03-28 01:00:00,16.0,100,1013.3,1.7,122,0.0
2026-03-28 02:00:00,16.1,100,1013.3,4.0,120,0.0
2026-03-28 03:00:00,15.6,99,1013.0,3.0,166,0.0
2026-03-28 04:00:00,15.8,99,1012.9,3.6,207,0.0
2026-03-28 05:00:00,15.6,99,1013.2,3.3,229,0.0
2026-03-28 06:00:00,15.4,99,1013.2,4.1,151,0.0
2026-03-28 07:00:00,15.0,99,1013.4,3.4,164,0.0
2026-03-28 08:00:00,15.4,99,1013.9,3.2,164,0.0
2026-03-28 09:00:00,16.4,98,1014.5,3.2,218,0.0
2026-03-28 10:00:00,17.5,99,1014.7,2.7,208,0.0
2026-03-28 11:00:00,19.7,86,1014.8,2.2,204,0.1
2026-03-28 12:00:00,22.0,74,1014.1,4.7,266,0.1
2026-03-28 13:00:00,23.2,68,1013.9,7.8,277,0.0
2026-03-28 14:00:00,23.5,65,1013.5,9.8,276,0.0
2026-03-28 15:00:00,23.4,64,1013.2,10.3,270,0.0
2026-03-28 16:00:00,23.0,64,1013.1,9.9,270,0.0
2026-03-28 17:00:00,22.3,68,1013.2,9.2,276,0.0
2026-03-28 18:00:00,20.3,79,1013.2,10.5,282,0.0
2026-03-28 19:00:00,18.6,85,1013.4,10.7,278,0.0
2026-03-28 20:00:00,17.5,91,1013.8,8.6,282,0.0
2026-03-28 21:00:00,16.7,94,1014.5,6.1,289,0.0
2026-03-28 22:00:00,15.3,99,1014.7,1.5,291,0.0
2026-03-28 23:00:00,14.8,100,1014.8,1.5,187,0.0
2026-03-29 00:00:00,14.2,100,1014.6,3.2,153,0.0
2026-03-29 01:00:00,13.9,100,1014.5,2.9,176,0.0
2026-03-29 02:00:00,14.1,100,1014.7,4.0,201,0.0
2026-03-29 03:00:00,14.1,99,1014.4,4.2,170,0.0
2026-03-29 04:00:00,14.1,99,1014.2,4.5,173,0.0
2026-03-29 05:00:00,14.1,97,1014.0,5.3,162,0.0
2026-03-29 06:00:00,13.7,98,1013.8,4.6,154,0.0
2026-03-29 07:00:00,13.5,99,1014.2,3.6,180,0.0
2026-03-29 08:00:00,13.6,99,1014.3,4.0,170,0.0
2026-03-29 09:00:00,14.8,98,1014.1,3.8,131,0.0
2026-03-29 10:00:00,17.2,88,1013.6,4.3,57,0.0
2026-03-29 11:00:00,19.3,79,1013.6,4.0,350,0.0
2026-03-29 12:00:00,20.2,79,1013.2,3.4,286,0.0
2026-03-29 13:00:00,21.0,75,1012.9,4.3,285,0.0
2026-03-29 14:00:00,20.6,74,1012.2,5.5,311,0.0
2026-03-29 15:00:00,21.7,66,1012.0,8.0,316,0.0
2026-03-29 16:00:00,21.7,67,1011.5,8.8,305,0.0
2026-03-29 17:00:00,20.7,75,1011.2,7.8,261,0.0
2026-03-29 18:00:00,19.5,80,1010.8,4.9,278,0.0
2026-03-29 19:00:00,18.8,81,1011.6,12.2,287,0.1
2026-03-29 20:00:00,18.2,83,1011.3,6.4,310,0.2
2026-03-29 21:00:00,17.8,89,1011.6,5.7,319,0.3
2026-03-29 22:00:00,17.7,91,1011.3,6.7,6,0.2
2026-03-29 23:00:00,17.5,95,1010.2,9.5,69,1.5
2026-03-30 00:00:00,17.0,92,1009.6,3.9,103,0.3
2026-03-30 01:00:00,17.1,93,1008.4,12.6,65,4.7
2026-03-30 02:00:00,16.7,85,1007.3,16.9,38,1.7
2026-03-30 03:00:00,16.2,87,1006.3,12.8,55,0.5
2026-03-30 04:00:00,16.4,89,1005.5,14.7,59,0.2
2026-03-30 05:00:00,17.7,93,1004.8,16.0,8,0.2
2026-03-30 06:00:00,18.7,95,1004.8,19.6,309,0.2
2026-03-30 07:00:00,18.9,94,1005.1,20.0,296,0.1
2026-03-30 08:00:00,19.3,92,1005.2,18.8,287,0.0
2026-03-30 09:00:00,20.4,86,1005.7,19.0,279,0.0
2026-03-30 10:00:00,21.0,79,1006.0,21.0,280,0.1
2026-03-30 11:00:00,21.6,74,1005.8,22.3,276,0.0
2026-03-30 12:00:00,21.9,75,1005.2,21.4,277,0.0
2026-03-30 13:00:00,22.1,69,1004.9,22.0,274,0.2
2026-03-30 14:00:00,21.1,78,1004.6,19.6,272,0.1
2026-03-30 15:00:00,21.0,80,1004.4,16.3,277,0.3
2026-03-30 16:00:00,20.6,82,1004.2,11.5,272,0.0
2026-03-30 17:00:00,20.6,81,1004.0,12.5,266,0.0
2026-03-30 18:00:00,20.0,85,1004.4,9.7,273,0.0
2026-03-30 19:00:00,19.1,89,1005.0,9.7,266,0.0
2026-03-30 20:00:00,18.2,92,1005.9,10.9,253,0.0
2026-03-30 21:00:00,17.6,93,1006.4,10.0,253,0.0
2026-03-30 22:00:00,17.3,93,1006.9,9.7,254,0.0
2026-03-30 23:00:00,17.1,93,1007.3,9.2,244,0.0
2026-03-31 00:00:00,17.0,93,1007.5,8.9,262,0.0
2026-03-31 01:00:00,17.3,91,1007.6,13.5,249,0.0
2026-03-31 02:00:00,16.8,87,1008.1,16.3,244,0.0
2026-03-31 03:00:00,16.0,87,1008.1,14.0,240,0.0
2026-03-31 04:00:00,15.8,85,1008.2,13.9,243,0.0
2026-03-31 05:00:00,15.9,81,1008.5,16.0,239,0.0
2026-03-31 06:00:00,15.7,81,1009.1,15.3,240,0.0
2026-03-31 07:00:00,15.8,81,1009.4,15.7,242,0.0
2026-03-31 08:00:00,16.8,79,1010.1,16.8,241,0.0
2026-03-31 09:00:00,17.8,70,1010.6,24.4,234,0.0
2026-03-31 10:00:00,18.7,65,1011.1,27.5,230,0.0
2026-03-31 11:00:00,19.5,60,1011.6,27.5,226,0.0
2026-03-31 12:00:00,19.7,57,1011.5,26.9,224,0.0
2026-03-31 13:00:00,20.1,54,1011.5,24.7,222,0.0
2026-03-31 14:00:00,20.0,55,1011.3,21.0,223,0.0
2026-03-31 15:00:00,20.3,55,1010.9,16.7,225,0.0
2026-03-31 16:00:00,20.7,55,1010.8,11.5,210,0.0
2026-03-31 17:00:00,20.4,61,1011.1,9.3,170,0.0
2026-03-31 18:00:00,18.4,70,1012.0,1.8,281,0.0
2026-03-31 19:00:00,16.7,75,1012.7,9.1,284,0.0
2026-03-31 20:00:00,15.4,80,1013.5,5.9,256,0.0
2026-03-31 21:00:00,14.5,84,1014.8,6.2,144,0.0
2026-03-31 22:00:00,15.9,77,1015.5,14.8,108,0.0
2026-03-31 23:00:00,16.1,76,1016.6,11.7,111,0.0
2026-04-01 00:00:00,14.2,81,1017.3,11.8,140,0.0
2026-04-01 01:00:00,13.4,80,1017.9,9.6,152,0.0
2026-04-01 02:00:00,12.4,83,1018.3,9.3,162,0.0
2026-04-01 03:00:00,11.8,84,1018.3,8.8,161,0.0
2026-04-01 04:00:00,11.5,85,1018.6,9.9,159,0.0
2026-04-01 05:00:00,11.3,85,1019.0,10.7,151,0.0
2026-04-01 06:00:00,10.9,87,1019.4,7.4,158,0.0
2026-04-01 07:00:00,10.8,88,1020.4,7.5,156,0.0
2026-04-01 08:00:00,12.8,83,1020.8,7.4,151,0.0
2026-04-01 09:00:00,14.8,77,1021.4,7.0,148,0.0
2026-04-01 10:00:00,16.2,73,1021.7,8.5,142,0.0
2026-04-01 11:00:00,17.4,68,1021.8,8.2,130,0.0
2026-04-01 12:00:00,18.8,64,1021.7,6.1,113,0.0
2026-04-01 13:00:00,19.5,61,1021.7,3.9,103,0.0
2026-04-01 14:00:00,19.6,62,1021.6,3.6,147,0.0
2026-04-01 15:00:00,19.9,60,1021.4,5.5,161,0.0
2026-04-01 16:00:00,19.9,60,1021.2,4.0,183,0.0
2026-04-01 17:00:00,19.5,62,1021.1,2.5,184,0.0
2026-04-01 18:00:00,18.0,76,1021.6,4.2,355,0.0
2026-04-01 19:00:00,16.4,82,1022.6,6.9,6,0.0
2026-04-01 20:00:00,15.4,83,1023.7,7.6,27,0.0
2026-04-01 21:00:00,14.7,84,1024.4,8.9,25,0.0
2026-04-01 22:00:00,13.9,85,1024.9,8.7,38,0.0
2026-04-01 23:00:00,13.6,85,1025.3,7.4,39,0.0
2026-04-02 00:00:00,13.9,83,1025.5,8.4,70,0.0
2026-04-02 01:00:00,14.4,81,1025.8,5.7,81,0.0
2026-04-02 02:00:00,14.0,83,1026.2,3.9,112,0.0
2026-04-02 03:00:00,14.0,80,1026.0,5.2,92,0.0
2026-04-02 04:00:00,14.3,75,1026.0,8.0,59,0.0
2026-04-02 05:00:00,13.4,75,1026.0,8.1,43,0.0
2026-04-02 06:00:00,12.8,81,1026.6,4.7,62,0.0
2026-04-02 07:00:00,12.6,83,1027.4,4.9,96,0.0
2026-04-02 08:00:00,14.1,80,1028.0,4.4,120,0.0
2026-04-02 09:00:00,15.7,71,1028.4,4.5,113,0.0
2026-04-02 10:00:00,16.9,66,1028.6,4.8,110,0.0
2026-04-02 11:00:00,18.0,66,1028.6,3.6,108,0.0
2026-04-02 12:00:00,18.9,63,1028.2,2.2,156,0.0
2026-04-02 13:00:00,19.6,64,1027.8,3.1,180,0.0
2026-04-02 14:00:00,20.1,62,1027.0,3.7,166,0.0
2026-04-02 15:00:00,20.2,60,1026.7,2.7,160,0.0
2026-04-02 16:00:00,20.3,58,1026.4,1.9,112,0.0
2026-04-02 17:00:00,20.2,57,1026.0,1.3,16,0.0
2026-04-02 18:00:00,18.6,72,1026.4,3.2,3,0.0
2026-04-02 19:00:00,17.0,74,1027.2,12.1,42,0.0
2026-04-02 20:00:00,15.3,74,1027.9,11.6,32,0.0
2026-04-02 21:00:00,14.2,79,1028.4,8.9,28,0.0
2026-04-02 22:00:00,13.6,83,1028.7,6.5,23,0.0
2026-04-02 23:00:00,12.4,88,1028.7,4.1,29,0.0
2026-04-03 00:00:00,12.6,86,1029.2,3.5,62,0.0
2026-04-03 01:00:00,12.7,88,1029.2,2.0,85,0.0
2026-04-03 02:00:00,13.1,88,1029.0,1.9,107,0.0
2026-04-03 03:00:00,13.3,87,1028.6,1.7,108,0.0
2026-04-03 04:00:00,13.1,86,1028.2,0.6,146,0.0
2026-04-03 05:00:00,12.9,86,1028.1,1.1,162,0.0
2026-04-03 06:00:00,12.6,89,1028.3,3.3,131,0.0
2026-04-03 07:00:00,12.0,91,1028.4,4.6,121,0.0
2026-04-03 08:00:00,13.9,89,1028.5,5.4,127,0.0
2026-04-03 09:00:00,16.3,77,1028.4,3.6,120,0.0
2026-04-03 10:00:00,17.7,71,1028.2,4.1,92,0.0
2026-04-03 11:00:00,18.9,67,1027.7,3.3,77,0.0
2026-04-03 12:00:00,19.7,63,1027.1,4.2,97,0.0
2026-04-03 13:00:00,20.2,60,1026.5,4.0,90,0.0
2026-04-03 14:00:00,20.5,58,1025.9,2.9,79,0.0
2026-04-03 15:00:00,20.5,56,1025.3,2.2,35,0.0
2026-04-03 16:00:00,20.4,55,1024.8,2.9,349,0.0
2026-04-03 17:00:00,20.0,59,1024.6,4.5,344,0.0
2026-04-03 18:00:00,18.2,71,1024.5,6.3,7,0.0
2026-04-03 19:00:00,16.8,77,1024.7,13.1,36,0.0
2026-04-03 20:00:00,15.7,77,1025.0,13.5,33,0.0
2026-04-03 21:00:00,14.5,81,1025.1,10.7,31,0.0
2026-04-03 22:00:00,13.3,87,1025.0,5.8,22,0.0
2026-04-03 23:00:00,12.6,88,1024.9,0.8,27,0.0
2026-04-04 00:00:00,12.6,90,1024.9,0.5,180,0.0
2026-04-04 01:00:00,12.0,91,1024.7,2.3,162,0.0
2026-04-04 02:00:00,11.9,91,1024.5,3.4,148,0.0
2026-04-04 03:00:00,11.8,91,1023.8,4.4,142,0.0
2026-04-04 04:00:00,11.4,92,1023.6,5.3,145,0.0
2026-04-04 05:00:00,11.0,94,1023.5,6.3,143,0.0
2026-04-04 06:00:00,10.8,94,1023.4,5.1,132,0.0
2026-04-04 07:00:00,10.6,94,1023.6,3.8,155,0.0
2026-04-04 08:00:00,13.1,91,1023.8,5.5,161,0.0
2026-04-04 09:00:00,16.0,83,1023.9,4.6,154,0.0
2026-04-04 10:00:00,18.0,74,1023.5,5.2,112,0.0
2026-04-04 11:00:00,19.4,67,1023.3,7.6,56,0.0
2026-04-04 12:00:00,20.4,60,1022.2,7.1,45,0.0
2026-04-04 13:00:00,20.7,58,1021.8,8.8,35,0.0
2026-04-04 14:00:00,20.3,61,1021.0,10.9,40,0.1
2026-04-04 15:00:00,19.6,67,1020.7,12.4,48,0.0
2026-04-04 16:00:00,19.5,67,1020.5,12.5,50,0.0
2026-04-04 17:00:00,18.7,73,1020.3,10.0,41,0.0
2026-04-04 18:00:00,17.6,79,1020.3,6.9,59,0.0
2026-04-04 19:00:00,16.4,84,1020.5,7.2,62,0.0
2026-04-04 20:00:00,15.7,85,1020.9,8.4,62,0.0
2026-04-04 21:00:00,15.1,85,1021.0,7.9,70,0.0
2026-04-04 22:00:00,14.1,88,1021.0,4.9,73,0.0
2026-04-04 23:00:00,13.3,88,1021.0,3.2,87,0.0
2026-04-05 00:00:00,13.5,89,1020.7,5.8,112,0.0
2026-04-05 01:00:00,13.1,90,1020.8,5.2,106,0.0
2026-04-05 02:00:00,13.2,89,1020.8,6.4,108,0.0
2026-04-05 03:00:00,13.6,87,1020.4,7.5,127,0.0
2026-04-05 04:00:00,13.6,87,1020.1,6.7,136,0.0
2026-04-05 05:00:00,13.4,88,1020.1,8.2,144,0.0
2026-04-05 06:00:00,13.1,88,1020.3,10.1,131,0.0
2026-04-05 07:00:00,13.1,87,1020.7,9.7,117,0.0
2026-04-05 08:00:00,15.1,82,1021.1,10.6,109,0.0
2026-04-05 09:00:00,16.9,81,1021.6,10.5,97,0.0
2026-04-05 10:00:00,18.0,79,1022.0,13.5,88,0.0
2026-04-05 11:00:00,18.6,77,1021.9,15.9,84,0.0
2026-04-05 12:00:00,19.1,70,1021.2,18.8,73,0.0
2026-04-05 13:00:00,19.6,68,1020.8,20.3,67,0.1
2026-04-05 14:00:00,19.3,70,1020.3,22.8,68,0.0
2026-04-05 15:00:00,19.0,71,1020.2,22.2,68,0.0
2026-04-05 16:00:00,18.9,71,1020.1,20.8,65,0.0
2026-04-05 17:00:00,18.4,74,1020.1,16.7,66,0.0
2026-04-05 18:00:00,17.2,78,1020.1,13.9,73,0.0
2026-04-05 19:00:00,16.5,81,1020.4,10.6,86,0.0
2026-04-05 20:00:00,15.7,84,1020.7,10.8,92,0.0
2026-04-05 21:00:00,15.5,85,1020.6,11.7,94,0.0
2026-04-05 22:00:00,15.5,84,1020.7,14.1,93,0.0
2026-04-05 23:00:00,15.5,84,1020.8,15.1,88,0.0
2026-04-06 00:00:00,15.0,87,1020.6,15.7,95,0.0
2026-04-06 01:00:00,15.1,86,1020.7,17.8,90,0.0
2026-04-06 02:00:00,15.0,86,1020.7,15.8,97,0.0
2026-04-06 03:00:00,15.5,84,1020.2,15.6,101,0.0
2026-04-06 04:00:00,15.8,82,1019.9,16.2,92,0.0
2026-04-06 05:00:00,15.6,83,1019.9,13.2,95,0.2
2026-04-06 06:00:00,15.3,81,1019.6,12.3,115,0.1
2026-04-06 07:00:00,15.0,80,1019.3,15.3,106,0.0
2026-04-06 08:00:00,15.8,79,1019.4,17.0,96,0.0
2026-04-06 09:00:00,17.3,75,1019.2,19.8,83,0.0
2026-04-06 10:00:00,17.9,75,1018.8,23.1,85,0.0
2026-04-06 11:00:00,19.0,69,1018.5,33.8,75,0.0
2026-04-06 12:00:00,19.9,65,1017.8,31.5,74,0.0
2026-04-06 13:00:00,19.8,66,1017.6,28.1,71,0.0
2026-04-06 14:00:00,20.1,64,1017.0,29.4,74,0.0
2026-04-06 15:00:00,19.9,62,1016.9,29.4,72,0.0
2026-04-06 16:00:00,19.7,63,1016.7,25.3,71,0.0
2026-04-06 17:00:00,18.7,71,1016.7,21.6,65,0.0
2026-04-06 18:00:00,17.5,76,1016.8,18.7,67,0.0
2026-04-06 19:00:00,17.3,75,1016.8,17.7,75,0.0
2026-04-06 20:00:00,17.3,74,1016.8,18.5,83,0.0
2026-04-06 21:00:00,17.1,75,1016.7,19.6,92,0.0
2026-04-06 22:00:00,17.2,77,1016.6,19.3,85,0.0
2026-04-06 23:00:00,17.1,79,1016.9,19.4,84,0.0
2026-04-07 00:00:00,16.7,81,1016.2,21.3,86,0.0
2026-04-07 01:00:00,16.7,83,1016.0,19.6,91,0.1
2026-04-07 02:00:00,16.5,83,1016.0,22.2,85,0.1
2026-04-07 03:00:00,16.2,84,1015.5,22.7,90,0.2
2026-04-07 04:00:00,16.3,85,1015.2,22.7,88,0.0
2026-04-07 05:00:00,16.3,85,1015.1,21.1,90,0.1
2026-04-07 06:00:00,16.0,85,1015.3,23.3,94,0.0
2026-04-07 07:00:00,15.8,83,1015.3,24.9,95,0.0
2026-04-07 08:00:00,15.9,82,1015.7,24.3,89,0.0
2026-04-07 09:00:00,16.1,81,1015.5,27.0,90,0.1
2026-04-07 10:00:00,16.2,85,1015.1,27.0,88,0.5
2026-04-07 11:00:00,16.7,87,1015.1,28.3,88,0.9
2026-04-07 12:00:00,16.5,86,1014.5,27.5,90,1.4
2026-04-07 13:00:00,17.0,86,1014.1,27.9,87,1.2
2026-04-07 14:00:00,16.7,91,1013.4,25.9,84,1.4
2026-04-07 15:00:00,17.0,90,1012.7,26.8,80,1.3
2026-04-07 16:00:00,17.1,91,1012.4,27.5,71,1.2
2026-04-07 17:00:00,17.1,91,1012.2,27.3,67,1.0
2026-04-07 18:00:00,17.3,89,1012.3,24.7,65,0.4
2026-04-07 19:00:00,17.5,88,1012.6,25.2,62,0.1
2026-04-07 20:00:00,17.9,87,1012.5,26.9,60,0.0
2026-04-07 21:00:00,18.1,86,1012.4,27.1,60,0.0
2026-04-07 22:00:00,18.2,87,1012.3,27.0,55,0.0
2026-04-07 23:00:00,18.5,86,1012.5,27.1,53,0.0
2026-04-08 00:00:00,18.1,87,1012.1,26.2,63,0.0
2026-04-08 01:00:00,18.6,85,1012.2,25.9,58,0.0
2026-04-08 02:00:00,18.5,86,1011.7,26.7,57,0.1
2026-04-08 03:00:00,18.6,87,1011.3,26.2,47,0.1
2026-04-08 04:00:00,18.7,89,1010.9,23.0,45,0.0
2026-04-08 05:00:00,18.6,90,1011.2,21.1,40,0.7
2026-04-08 06:00:00,19.0,89,1010.5,24.7,44,0.1
2026-04-08 07:00:00,18.6,93,1010.8,25.3,43,2.4
2026-04-08 08:00:00,19.1,91,1011.1,28.2,36,3.9
2026-04-08 09:00:00,19.6,90,1011.5,26.5,33,0.1
2026-04-08 10:00:00,20.3,88,1011.9,24.6,32,0.5
2026-04-08 11:00:00,20.5,87,1012.3,25.6,28,0.5
2026-04-08 12:00:00,19.7,92,1011.9,12.6,1,0.1
2026-04-08 13:00:00,21.6,85,1011.1,16.7,7,0.2
2026-04-08 14:00:00,22.9,79,1010.6,16.8,357,0.1
2026-04-08 15:00:00,22.6,78,1010.3,15.6,349,0.0
2026-04-08 16:00:00,21.7,83,1010.4,11.1,330,0.6
2026-04-08 17:00:00,20.8,91,1010.9,7.5,294,0.5
2026-04-08 18:00:00,20.0,91,1011.0,7.6,269,0.0
2026-04-08 19:00:00,19.1,93,1011.7,8.6,269,0.0
2026-04-08 20:00:00,18.3,94,1012.6,7.6,278,0.0
2026-04-08 21:00:00,16.9,95,1013.3,7.6,289,0.0
2026-04-08 22:00:00,15.8,96,1013.3,5.6,297,0.0
2026-04-08 23:00:00,14.1,98,1013.4,4.1,283,0.0
2026-04-09 00:00:00,13.9,100,1013.3,2.2,294,0.0
2026-04-09 01:00:00,14.2,100,1013.4,0.4,270,0.0
2026-04-09 02:00:00,14.7,100,1013.2,3.5,171,0.0
2026-04-09 03:00:00,14.8,100,1013.1,4.3,185,0.0
2026-04-09 04:00:00,14.5,100,1013.2,6.7,188,0.0
2026-04-09 05:00:00,14.0,99,1013.8,10.4,166,0.0
2026-04-09 06:00:00,14.0,97,1014.0,8.4,157,0.0
2026-04-09 07:00:00,13.7,96,1013.9,10.2,159,0.0
2026-04-09 08:00:00,13.8,96,1014.0,12.5,168,0.0
2026-04-09 09:00:00,14.7,92,1014.3,11.4,167,0.0
2026-04-09 10:00:00,16.0,90,1014.8,8.6,160,0.0
2026-04-09 11:00:00,17.6,82,1015.0,7.0,162,0.0
2026-04-09 12:00:00,18.9,74,1014.2,5.8,178,0.0
2026-04-09 13:00:00,20.1,69,1013.3,6.0,189,0.0
2026-04-09 14:00:00,20.8,65,1012.6,5.1,198,0.0
2026-04-09 15:00:00,21.1,63,1012.5,6.3,211,0.0
2026-04-09 16:00:00,21.0,62,1012.4,4.0,188,0.0
2026-04-09 17:00:00,20.4,69,1012.2,2.3,148,0.0
2026-04-09 18:00:00,18.6,74,1012.4,0.5,270,0.0
2026-04-09 19:00:00,16.7,80,1013.1,3.5,255,0.0
2026-04-09 20:00:00,15.5,86,1013.5,6.4,254,0.0
2026-04-09 21:00:00,14.0,91,1013.7,3.7,219,0.0
2026-04-09 22:00:00,13.6,92,1014.0,7.9,180,0.0
2026-04-09 23:00:00,13.5,92,1014.1,7.2,167,0.0
2026-04-10 00:00:00,13.2,92,1014.0,6.4,137,0.0
2026-04-10 01:00:00,13.3,93,1014.2,6.9,157,0.0
2026-04-10 02:00:00,13.0,96,1014.6,6.9,173,0.0
2026-04-10 03:00:00,12.6,98,1013.9,9.1,173,0.0
2026-04-10 04:00:00,12.4,98,1013.6,8.9,167,0.0
2026-04-10 05:00:00,12.0,98,1014.0,8.6,168,0.0
2026-04-10 06:00:00,11.7,98,1014.0,11.3,172,0.0
2026-04-10 07:00:00,11.8,98,1014.0,10.9,163,0.0
2026-04-10 08:00:00,13.2,96,1014.3,9.9,168,0.0
2026-04-10 09:00:00,15.1,94,1015.0,9.6,177,0.0
2026-04-10 10:00:00,17.5,88,1014.8,10.5,175,0.0
2026-04-10 11:00:00,19.5,83,1014.5,10.5,172,0.0
2026-04-10 12:00:00,20.8,79,1013.6,9.0,174,0.0
2026-04-10 13:00:00,21.8,76,1012.7,9.7,177,0.0
2026-04-10 14:00:00,22.3,74,1012.0,7.7,144,0.2
2026-04-10 15:00:00,22.0,75,1011.7,9.6,96,0.2
2026-04-10 16:00:00,21.3,78,1011.8,9.3,66,0.0
2026-04-10 17:00:00,21.0,80,1012.0,7.4,97,0.2
2026-04-10 18:00:00,19.1,86,1012.3,5.0,88,0.0
2026-04-10 19:00:00,18.2,89,1012.7,6.3,110,0.0
2026-04-10 20:00:00,17.8,88,1013.1,10.5,103,0.0
2026-04-10 21:00:00,17.2,90,1013.6,8.7,128,0.0
2026-04-10 22:00:00,17.0,86,1013.8,15.0,146,0.0
2026-04-10 23:00:00,16.2,75,1013.8,15.2,140,0.0
2026-04-11 00:00:00,15.7,75,1013.7,15.7,135,0.0
2026-04-11 01:00:00,15.7,75,1013.2,16.2,139,0.0
2026-04-11 02:00:00,15.6,76,1013.1,16.1,140,0.0
2026-04-11 03:00:00,15.6,77,1012.5,16.9,133,0.0
2026-04-11 04:00:00,15.7,77,1012.4,16.9,136,0.0
2026-04-11 05:00:00,15.6,77,1012.2,17.4,140,0.0
2026-04-11 06:00:00,15.5,76,1011.5,19.8,141,0.0
2026-04-11 07:00:00,15.7,77,1011.3,18.6,137,0.0
2026-04-11 08:00:00,16.7,77,1011.5,17.3,129,0.0
2026-04-11 09:00:00,18.6,72,1011.3,18.9,121,0.0
2026-04-11 10:00:00,20.1,68,1010.9,15.3,121,0.0
2026-04-11 11:00:00,20.8,69,1010.3,17.2,122,0.0
2026-04-11 12:00:00,21.5,66,1009.8,18.7,101,0.0
2026-04-11 13:00:00,22.4,64,1008.5,26.3,91,0.0
2026-04-11 14:00:00,22.7,65,1007.3,24.0,101,0.0
2026-04-11 15:00:00,23.1,63,1006.3,26.7,100,0.0
2026-04-11 16:00:00,22.9,66,1005.8,22.4,96,0.0
2026-04-11 17:00:00,22.0,69,1005.4,21.2,102,0.0
2026-04-11 18:00:00,21.3,70,1005.3,18.8,107,0.0
2026-04-11 19:00:00,21.3,69,1005.2,18.8,107,0.0
2026-04-11 20:00:00,20.8,73,1004.7,20.1,105,0.1
2026-04-11 21:00:00,19.8,81,1004.2,23.9,107,0.7
2026-04-11 22:00:00,19.8,80,1003.5,23.5,111,0.1
2026-04-11 23:00:00,19.9,79,1002.4,26.6,116,0.0
2026-04-12 00:00:00,19.5,83,1000.8,28.5,135,2.1
2026-04-12 01:00:00,18.8,89,999.1,30.6,127,2.4
2026-04-12 02:00:00,19.1,90,996.9,35.4,121,4.1
2026-04-12 03:00:00,19.6,91,995.5,34.3,99,3.5
2026-04-12 04:00:00,20.0,91,994.6,34.2,87,3.2
2026-04-12 05:00:00,20.3,91,993.9,34.0,84,1.5
2026-04-12 06:00:00,20.6,89,992.8,32.1,86,0.5
2026-04-12 07:00:00,20.4,91,991.8,31.9,91,0.8
2026-04-12 08:00:00,20.5,91,990.4,33.9,92,1.0
2026-04-12 09:00:00,20.8,91,989.2,33.5,92,2.2
2026-04-12 10:00:00,21.1,89,988.0,36.1,86,1.7
2026-04-12 11:00:00,21.2,88,986.3,25.5,95,1.5
2026-04-12 12:00:00,21.0,91,984.4,14.6,154,2.1
2026-04-12 13:00:00,21.0,92,983.5,19.1,209,1.9
2026-04-12 14:00:00,20.4,93,983.0,31.5,239,3.3
2026-04-12 15:00:00,20.1,91,983.9,31.9,230,2.2
2026-04-12 16:00:00,19.4,92,986.5,32.0,265,2.9
2026-04-12 17:00:00,18.7,90,989.3,42.2,260,0.4
2026-04-12 18:00:00,18.5,87,992.1,41.8,264,0.0
2026-04-12 19:00:00,18.5,84,995.2,38.0,270,0.0
2026-04-12 20:00:00,18.4,83,997.0,30.6,272,0.0
2026-04-12 21:00:00,18.5,83,998.6,25.8,277,0.0
2026-04-12 22:00:00,18.6,88,1000.3,21.7,290,0.3
2026-04-12 23:00:00,18.5,89,1001.6,23.1,294,0.2
2026-04-13 00:00:00,18.2,86,1002.4,19.1,293,0.0
2026-04-13 01:00:00,17.5,87,1002.6,15.7,294,0.0
2026-04-13 02:00:00,17.2,87,1003.1,12.5,313,0.0
2026-04-13 03:00:00,17.0,89,1003.3,10.8,332,0.0
2026-04-13 04:00:00,16.9,90,1003.3,10.6,339,0.0
2026-04-13 05:00:00,16.9,90,1003.4,11.9,346,0.0
2026-04-13 06:00:00,16.9,91,1003.4,15.1,357,0.0
2026-04-13 07:00:00,16.6,93,1004.0,17.5,1,0.0
2026-04-13 08:00:00,17.6,90,1004.5,18.4,1,0.0
2026-04-13 09:00:00,18.8,85,1004.7,22.3,350,0.0
2026-04-13 10:00:00,19.6,80,1004.4,25.4,342,0.0
2026-04-13 11:00:00,20.8,74,1003.7,26.1,339,0.1
2026-04-13 12:00:00,20.8,78,1003.1,22.0,347,0.2
2026-04-13 13:00:00,20.6,77,1002.5,24.8,338,0.2
2026-04-13 14:00:00,19.6,83,1001.9,26.9,317,0.3
2026-04-13 15:00:00,18.9,83,1001.8,25.0,322,0.3
2026-04-13 16:00:00,17.9,92,1002.0,19.6,319,1.3
2026-04-13 17:00:00,17.8,91,1001.7,18.3,314,1.4
2026-04-13 18:00:00,16.7,88,1002.0,12.7,324,0.9
2026-04-13 19:00:00,16.6,94,1002.5,11.1,351,0.2
2026-04-13 20:00:00,16.4,94,1002.6,15.7,320,0.9
2026-04-13 21:00:00,16.5,94,1002.8,12.6,318,0.0
2026-04-13 22:00:00,15.9,95,1002.9,12.2,344,0.0
2026-04-13 23:00:00,15.6,96,1002.8,11.9,345,0.0
2026-04-14 00:00:00,15.4,96,1002.7,9.3,342,0.0
2026-04-14 01:00:00,14.8,97,1002.6,7.0,342,0.0
2026-04-14 02:00:00,14.3,98,1002.6,6.0,343,0.0
2026-04-14 03:00:00,14.0,97,1002.3,5.9,342,0.0
2026-04-14 04:00:00,13.8,95,1002.3,7.0,337,0.1
2026-04-14 05:00:00,13.8,94,1002.4,4.3,345,0.1
2026-04-14 06:00:00,13.8,95,1002.4,8.9,335,0.0
2026-04-14 07:00:00,14.0,92,1002.2,6.3,345,0.1
2026-04-14 08:00:00,14.9,93,1002.5,10.3,359,0.0
2026-04-14 09:00:00,16.5,89,1002.7,9.4,348,0.2
2026-04-14 10:00:00,17.9,85,1002.2,11.0,339,0.1
2026-04-14 11:00:00,18.1,76,1001.9,18.5,303,1.9
2026-04-14 12:00:00,18.0,76,1001.7,13.7,325,3.9
2026-04-14 13:00:00,16.0,78,1001.5,23.1,302,1.7
2026-04-14 14:00:00,15.5,92,1000.6,8.6,292,1.3
2026-04-14 15:00:00,16.3,89,999.7,10.0,296,0.5
2026-04-14 16:00:00,15.5,88,999.8,12.5,305,2.0
2026-04-14 17:00:00,15.3,90,999.8,13.6,310,0.1
2026-04-14 18:00:00,14.2,91,999.3,9.2,310,0.1
2026-04-14 19:00:00,13.6,93,999.4,9.2,320,0.0
2026-04-14 20:00:00,13.4,93,999.3,8.6,350,0.0
2026-04-14 21:00:00,12.9,94,998.9,10.7,353,0.1
2026-04-14 22:00:00,13.6,88,999.1,17.0,307,0.1
2026-04-14 23:00:00,12.8,90,999.3,12.6,294,0.4
2026-04-15 00:00:00,13.0,91,998.6,14.9,292,1.3
2026-04-15 01:00:00,12.9,91,998.4,12.5,298,0.0
2026-04-15 02:00:00,12.8,89,998.3,17.5,282,0.0
2026-04-15 03:00:00,12.4,90,998.2,15.6,286,0.1
2026-04-15 04:00:00,12.3,90,998.6,15.8,272,0.6
2026-04-15 05:00:00,11.6,90,998.8,16.4,273,0.3
2026-04-15 06:00:00,12.1,90,998.8,7.3,280,0.3
2026-04-15 07:00:00,11.8,93,1000.0,12.2,250,1.3
2026-04-15 08:00:00,12.2,86,1000.2,13.9,284,0.5
2026-04-15 09:00:00,14.6,82,1000.6,16.4,274,0.0
2026-04-15 10:00:00,13.9,84,1000.9,13.3,291,0.1
2026-04-15 11:00:00,16.7,76,1001.2,19.6,272,0.0
2026-04-15 12:00:00,17.7,66,1001.2,23.6,262,0.0
2026-04-15 13:00:00,18.2,58,1001.1,30.1,259,0.1
2026-04-15 14:00:00,18.4,57,1000.9,34.6,256,0.0
2026-04-15 15:00:00,18.1,61,1001.1,33.7,255,0.0
2026-04-15 16:00:00,17.7,68,1001.2,27.3,256,0.0
2026-04-15 17:00:00,16.9,72,1001.6,21.2,258,0.0
2026-04-15 18:00:00,15.6,76,1002.1,16.6,261,0.0
2026-04-15 19:00:00,15.3,77,1002.9,14.7,259,0.0
2026-04-15 20:00:00,15.1,77,1003.6,15.0,264,0.0
2026-04-15 21:00:00,15.1,78,1004.1,15.0,266,0.0
2026-04-15 22:00:00,14.7,79,1004.1,12.3,267,0.0
2026-04-15 23:00:00,14.1,81,1004.4,9.9,292,0.0
2026-04-16 00:00:00,14.9,78,1004.2,13.5,293,0.0
2026-04-16 01:00:00,15.1,79,1004.2,13.8,294,0.0
2026-04-16 02:00:00,15.5,76,1003.8,18.3,289,0.0
2026-04-16 03:00:00,15.8,73,1003.1,17.8,288,0.0
2026-04-16 04:00:00,15.9,73,1002.4,20.5,297,0.0
2026-04-16 05:00:00,15.5,82,1002.6,25.5,279,1.9
2026-04-16 06:00:00,15.3,86,1002.5,25.5,275,0.7
2026-04-16 07:00:00,15.1,89,1003.0,19.9,265,0.4
2026-04-16 08:00:00,15.4,86,1003.6,17.5,262,0.2
2026-04-16 09:00:00,16.6,81,1004.2,15.7,260,0.0
2026-04-16 10:00:00,17.2,69,1004.7,22.5,246,0.1
2026-04-16 11:00:00,17.9,64,1005.1,25.1,247,0.0
2026-04-16 12:00:00,18.1,57,1005.1,29.8,247,0.1
2026-04-16 13:00:00,17.6,59,1005.3,30.6,246,0.0
2026-04-16 14:00:00,17.7,57,1005.2,28.2,245,0.0
2026-04-16 15:00:00,17.3,57,1005.3,27.8,243,0.0
2026-04-16 16:00:00,16.6,60,1005.8,25.9,241,0.0
2026-04-16 17:00:00,15.7,65,1006.3,22.1,243,0.0
2026-04-16 18:00:00,14.4,67,1006.8,17.6,245,0.0
2026-04-16 19:00:00,14.1,67,1007.4,15.3,250,0.0
2026-04-16 20:00:00,14.2,65,1007.9,15.7,251,0.0
2026-04-16 21:00:00,14.4,63,1008.3,14.7,243,0.0
2026-04-16 22:00:00,14.1,66,1008.8,14.1,251,0.0
2026-04-16 23:00:00,14.2,68,1009.3,14.9,258,0.0
2026-04-17 00:00:00,13.7,72,1009.5,12.8,254,0.0
2026-04-17 01:00:00,13.4,75,1009.8,12.1,268,0.0
2026-04-17 02:00:00,13.4,76,1010.3,10.1,271,0.0
2026-04-17 03:00:00,13.3,77,1010.4,7.7,270,0.0
2026-04-17 04:00:00,13.1,80,1010.3,6.7,276,0.0
2026-04-17 05:00:00,13.2,81,1010.8,6.0,280,0.0
2026-04-17 06:00:00,13.5,81,1011.1,6.4,302,0.0
2026-04-17 07:00:00,13.3,83,1011.7,6.9,313,0.0
2026-04-17 08:00:00,14.2,84,1012.2,8.6,311,0.0
2026-04-17 09:00:00,15.6,81,1012.6,6.9,309,0.0
2026-04-17 10:00:00,16.8,72,1012.7,11.5,268,0.1
2026-04-17 11:00:00,17.8,67,1012.3,14.6,261,0.0
2026-04-17 12:00:00,18.1,66,1012.2,16.2,271,0.0
2026-04-17 13:00:00,18.5,65,1011.6,17.8,278,0.0
2026-04-17 14:00:00,18.3,67,1011.4,20.4,278,0.1
2026-04-17 15:00:00,18.5,64,1010.9,19.5,282,0.0
2026-04-17 16:00:00,18.3,64,1010.9,16.6,286,0.0
2026-04-17 17:00:00,17.4,69,1010.7,10.9,294,0.0
2026-04-17 18:00:00,15.8,74,1010.5,8.7,320,0.0
2026-04-17 19:00:00,15.7,75,1010.6,10.9,338,0.0
2026-04-17 20:00:00,15.4,80,1010.8,11.8,331,0.0
2026-04-17 21:00:00,14.6,86,1010.9,10.7,352,0.0
2026-04-17 22:00:00,14.2,87,1011.1,12.4,358,0.0
2026-04-17 23:00:00,14.3,84,1011.0,14.2,356,0.0
2026-04-18 00:00:00,14.8,80,1010.1,15.6,353,0.0
2026-04-18 01:00:00,14.4,81,1010.0,15.7,350,0.0
2026-04-18 02:00:00,14.6,79,1009.7,16.9,351,0.0
2026-04-18 03:00:00,14.6,78,1009.3,17.7,348,0.0
2026-04-18 04:00:00,14.4,77,1008.7,17.6,354,0.0
2026-04-18 05:00:00,14.1,77,1008.2,17.5,360,0.0
2026-04-18 06:00:00,14.5,74,1007.5,18.0,1,0.0
2026-04-18 07:00:00,14.6,76,1007.5,18.2,357,0.0
2026-04-18 08:00:00,14.8,83,1007.3,23.6,357,3.3
2026-04-18 09:00:00,15.7,81,1007.9,22.1,359,0.0
2026-04-18 10:00:00,17.6,78,1007.5,21.2,350,0.0
2026-04-18 11:00:00,18.8,75,1006.9,25.8,355,0.0
2026-04-18 12:00:00,20.3,72,1006.0,24.1,351,0.5
2026-04-18 13:00:00,19.6,75,1005.4,26.0,337,0.1
2026-04-18 14:00:00,19.5,78,1004.4,18.4,358,0.2
2026-04-18 15:00:00,19.7,77,1003.7,21.6,353,0.2
2026-04-18 16:00:00,19.5,75,1003.5,23.0,351,0.2
2026-04-18 17:00:00,19.1,76,1002.8,26.8,360,0.0
2026-04-18 18:00:00,18.3,76,1002.2,24.6,5,0.0
2026-04-18 19:00:00,17.0,87,1002.4,22.6,351,3.3
2026-04-18 20:00:00,17.7,84,1002.0,25.3,4,1.4
2026-04-18 21:00:00,18.1,81,1001.8,29.6,4,0.1
2026-04-18 22:00:00,17.4,83,1001.8,29.7,2,0.0
2026-04-18 23:00:00,16.7,89,1001.4,27.6,356,0.7
2026-04-19 00:00:00,16.4,94,1000.8,23.4,1,3.8
2026-04-19 01:00:00,16.3,94,1000.0,16.9,2,4.3
2026-04-19 02:00:00,16.5,94,999.7,27.2,331,4.0
2026-04-19 03:00:00,16.0,94,999.7,19.7,326,0.9
2026-04-19 04:00:00,15.2,96,999.5,15.1,329,2.3
2026-04-19 05:00:00,14.9,97,999.6,10.4,334,1.5
2026-04-19 06:00:00,14.6,95,1000.6,7.8,355,0.5
2026-04-19 07:00:00,13.8,97,1000.7,7.8,5,0.0
2026-04-19 08:00:00,14.5,97,1001.2,8.7,4,0.0
2026-04-19 09:00:00,16.2,93,1001.2,7.1,10,0.0
2026-04-19 10:00:00,17.6,82,1000.8,10.5,20,0.0
2026-04-19 11:00:00,18.6,73,1001.1,12.6,17,0.0
2026-04-19 12:00:00,20.0,61,999.8,17.5,26,0.1
2026-04-19 13:00:00,20.4,63,998.9,18.6,20,0.4
2026-04-19 14:00:00,19.4,67,998.2,19.4,19,0.5
2026-04-19 15:00:00,19.5,70,997.1,16.4,5,0.1
2026-04-19 16:00:00,16.3,83,997.8,17.4,322,3.2
2026-04-19 17:00:00,15.8,89,997.0,11.6,356,0.6
2026-04-19 18:00:00,15.0,88,996.8,4.5,61,0.0
2026-04-19 19:00:00,14.1,89,996.7,11.4,67,0.0
2026-04-19 20:00:00,13.8,89,997.5,16.5,39,0.6
2026-04-19 21:00:00,13.7,90,997.6,9.9,12,0.0
2026-04-19 22:00:00,13.2,92,998.1,6.3,27,0.0
2026-04-19 23:00:00,12.7,93,998.0,6.6,47,0.0
2026-04-20 00:00:00,12.7,95,997.7,8.9,58,0.0
2026-04-20 01:00:00,12.1,95,997.6,7.3,48,0.0
2026-04-20 02:00:00,11.1,97,997.3,5.2,63,0.0
2026-04-20 03:00:00,10.6,97,996.9,4.4,83,0.0
2026-04-20 04:00:00,10.5,97,996.7,3.5,129,0.0
2026-04-20 05:00:00,11.6,94,996.6,2.4,63,0.2
2026-04-20 06:00:00,11.8,95,995.7,9.6,99,1.9
2026-04-20 07:00:00,12.2,91,995.7,5.5,81,0.1
2026-04-20 08:00:00,13.0,88,996.4,6.1,88,0.1
2026-04-20 09:00:00,14.2,88,997.0,5.5,11,0.0
2026-04-20 10:00:00,15.2,81,997.2,8.2,338,0.0
2026-04-20 11:00:00,16.0,72,997.4,10.6,337,0.0
2026-04-20 12:00:00,17.4,65,997.2,10.8,350,0.0
2026-04-20 13:00:00,18.2,58,996.4,10.8,345,0.0
2026-04-20 14:00:00,18.4,57,995.8,11.6,345,0.0
2026-04-20 15:00:00,16.4,69,996.1,12.5,4,0.1
2026-04-20 16:00:00,15.3,78,996.2,10.1,2,0.3
2026-04-20 17:00:00,15.4,80,995.9,3.4,357,0.0
2026-04-20 18:00:00,14.9,84,995.9,5.6,33,0.0
2026-04-20 19:00:00,13.5,92,996.9,1.5,249,1.2
2026-04-20 20:00:00,13.5,94,996.7,3.2,199,0.5
2026-04-20 21:00:00,13.2,95,997.1,4.9,180,0.4
2026-04-20 22:00:00,13.0,94,997.2,7.6,166,0.5
2026-04-20 23:00:00,12.6,96,997.6,5.6,173,0.5
2026-04-21 00:00:00,12.5,96,997.8,3.9,152,0.8
2026-04-21 01:00:00,12.4,97,998.3,3.2,180,0.5
2026-04-21 02:00:00,12.0,95,998.4,4.9,219,0.9
2026-04-21 03:00:00,11.9,94,998.5,7.8,188,1.2
2026-04-21 04:00:00,11.8,94,998.5,8.7,193,0.7
2026-04-21 05:00:00,11.4,94,998.6,5.0,195,0.1
2026-04-21 06:00:00,11.0,92,998.9,6.3,185,0.0
2026-04-21 07:00:00,11.0,92,999.6,11.2,191,0.0
2026-04-21 08:00:00,11.3,90,1000.2,14.5,191,0.2
2026-04-21 09:00:00,11.3,87,1001.2,15.2,190,0.1
2026-04-21 10:00:00,12.9,81,1001.7,16.0,189,0.0
2026-04-21 11:00:00,13.1,75,1001.6,20.0,191,0.0
2026-04-21 12:00:00,13.6,72,1002.1,20.5,188,0.0
2026-04-21 13:00:00,13.4,75,1001.9,19.7,194,0.2
2026-04-21 14:00:00,13.2,75,1001.6,17.7,190,0.0
2026-04-21 15:00:00,13.3,72,1001.7,20.6,189,0.0
2026-04-21 16:00:00,11.9,74,1001.5,23.6,187,0.0
2026-04-21 17:00:00,11.4,75,1001.6,24.5,187,0.0
2026-04-21 18:00:00,10.8,79,1002.5,20.6,186,0.0
2026-04-21 19:00:00,10.8,80,1003.2,17.7,193,0.3
2026-04-21 20:00:00,10.9,79,1003.4,16.5,198,0.0
2026-04-21 21:00:00,10.6,79,1003.8,16.3,209,0.0
2026-04-21 22:00:00,10.6,79,1003.9,16.3,212,0.0
2026-04-21 23:00:00,10.4,80,1003.9,16.1,211,0.0
2026-04-22 00:00:00,10.1,79,1004.5,16.4,185,0.0
2026-04-22 01:00:00,10.1,81,1005.0,13.9,177,0.2
2026-04-22 02:00:00,10.1,83,1005.5,10.9,189,0.1
2026-04-22 03:00:00,10.1,82,1005.6,10.3,193,0.0
2026-04-22 04:00:00,10.0,82,1006.0,11.0,194,0.0
2026-04-22 05:00:00,9.9,81,1006.6,11.2,195,0.0
2026-04-22 06:00:00,10.4,78,1006.8,10.6,189,0.0
2026-04-22 07:00:00,10.1,80,1007.2,10.9,189,0.0
2026-04-22 08:00:00,10.5,81,1008.3,11.0,185,0.0
2026-04-22 09:00:00,11.8,76,1009.3,10.5,185,0.0
2026-04-22 10:00:00,12.2,77,1010.0,9.6,186,0.0
2026-04-22 11:00:00,13.1,72,1010.5,10.1,192,0.0
2026-04-22 12:00:00,14.5,70,1010.4,10.6,182,0.0
2026-04-22 13:00:00,15.6,63,1010.0,12.3,183,0.0
2026-04-22 14:00:00,16.4,55,1010.3,12.4,170,0.0
2026-04-22 15:00:00,16.5,55,1010.8,11.9,177,0.0
2026-04-22 16:00:00,15.5,64,1011.2,14.4,189,0.0
2026-04-22 17:00:00,14.4,73,1011.9,11.6,204,0.0
2026-04-22 18:00:00,13.8,79,1012.8,6.4,164,0.0
2026-04-22 19:00:00,13.2,78,1013.8,8.2,123,0.0
2026-04-22 20:00:00,12.4,71,1014.7,9.6,111,0.0
2026-04-22 21:00:00,11.3,74,1015.6,10.3,157,0.0
2026-04-22 22:00:00,10.2,79,1016.5,12.8,174,0.0
2026-04-22 23:00:00,9.5,75,1016.7,14.8,166,0.0
2026-04-23 00:00:00,8.9,79,1016.9,8.1,163,0.0
2026-04-23 01:00:00,7.6,84,1017.3,6.4,155,0.0
2026-04-23 02:00:00,6.9,85,1017.7,9.0,164,0.0
2026-04-23 03:00:00,6.4,86,1017.6,8.9,156,0.0
2026-04-23 04:00:00,5.9,87,1017.7,7.9,147,0.0
2026-04-23 05:00:00,5.5,88,1018.1,9.4,151,0.0
2026-04-23 06:00:00,4.5,92,1018.5,11.1,153,0.0
2026-04-23 07:00:00,4.1,92,1018.9,10.8,159,0.0
2026-04-23 08:00:00,5.3,90,1019.3,11.8,161,0.0
2026-04-23 09:00:00,7.4,84,1019.8,8.9,172,0.0
2026-04-23 10:00:00,9.7,80,1019.9,7.7,179,0.0
2026-04-23 11:00:00,11.0,73,1020.1,8.1,184,0.0
2026-04-23 12:00:00,12.2,69,1019.9,9.0,165,0.0
2026-04-23 13:00:00,13.9,66,1019.3,8.0,162,0.0
2026-04-23 14:00:00,14.9,58,1019.0,5.4,146,0.1
2026-04-23 15:00:00,15.4,53,1018.8,4.8,119,0.0
2026-04-23 16:00:00,15.3,54,1019.0,1.1,171,0.0
2026-04-23 17:00:00,14.1,67,1019.2,4.4,305,0.0
2026-04-23 18:00:00,11.8,74,1019.8,4.9,276,0.0
2026-04-23 19:00:00,11.5,71,1020.4,2.0,275,0.0
2026-04-23 20:00:00,10.4,75,1020.9,5.1,162,0.0
2026-04-23 21:00:00,11.7,72,1021.1,14.3,139,0.0
2026-04-23 22:00:00,11.7,66,1021.9,13.5,124,0.0
2026-04-23 23:00:00,10.3,72,1022.1,13.6,137,0.0
2026-04-24 00:00:00,9.1,78,1022.1,13.6,148,0.0
2026-04-24 01:00:00,8.7,79,1022.1,14.2,160,0.0
2026-04-24 02:00:00,8.6,79,1022.0,13.4,160,0.0
2026-04-24 03:00:00,8.4,81,1021.7,11.3,160,0.0
2026-04-24 04:00:00,8.0,82,1021.9,11.0,161,0.0
2026-04-24 05:00:00,7.7,83,1022.2,12.0,162,0.0
2026-04-24 06:00:00,7.6,83,1022.3,13.5,157,0.0
2026-04-24 07:00:00,7.2,84,1022.5,13.8,156,0.0
2026-04-24 08:00:00,7.7,85,1022.9,12.1,165,0.0
2026-04-24 09:00:00,9.6,83,1023.3,12.2,164,0.0
2026-04-24 10:00:00,11.8,78,1023.3,10.6,170,0.0
2026-04-24 11:00:00,13.4,74,1023.2,9.0,167,0.0
2026-04-24 12:00:00,15.8,65,1022.3,7.9,150,0.0
2026-04-24 13:00:00,16.5,63,1021.6,6.7,146,0.0
2026-04-24 14:00:00,17.0,61,1021.1,5.8,141,0.0
2026-04-24 15:00:00,17.1,56,1020.7,3.1,121,0.0
2026-04-24 16:00:00,16.9,56,1020.7,1.8,204,0.0
2026-04-24 17:00:00,15.5,75,1020.7,2.8,235,0.0
2026-04-24 18:00:00,13.2,74,1021.1,0.5,315,0.0
2026-04-24 19:00:00,11.2,83,1021.6,3.6,37,0.0
2026-04-24 20:00:00,10.4,87,1021.7,3.6,57,0.0
2026-04-24 21:00:00,10.3,85,1022.0,0.6,72,0.0
2026-04-24 22:00:00,9.7,86,1022.1,2.7,200,0.0
2026-04-24 23:00:00,9.2,88,1022.5,5.6,195,0.0
2026-04-25 00:00:00,8.5,89,1022.2,4.3,147,0.0
2026-04-25 01:00:00,8.1,89,1022.5,8.4,160,0.0
2026-04-25 02:00:00,7.7,89,1022.3,10.7,164,0.0
2026-04-25 03:00:00,7.1,90,1021.8,8.5,162,0.0
2026-04-25 04:00:00,6.0,92,1021.2,5.2,153,0.0
2026-04-25 05:00:00,5.5,92,1021.7,3.7,141,0.0
2026-04-25 06:00:00,5.4,92,1021.8,4.2,137,0.0
2026-04-25 07:00:00,4.7,92,1022.3,5.1,157,0.0
2026-04-25 08:00:00,6.6,89,1022.5,8.8,179,0.0
2026-04-25 09:00:00,8.7,85,1022.9,6.9,186,0.0
2026-04-25 10:00:00,11.0,81,1023.0,5.8,176,0.0
2026-04-25 11:00:00,13.1,75,1022.9,4.9,174,0.0
2026-04-25 12:00:00,15.0,66,1021.9,2.5,172,0.0
2026-04-25 13:00:00,16.2,62,1021.1,1.3,196,0.0
2026-04-25 14:00:00,17.0,61,1020.6,0.9,270,0.0
2026-04-25 15:00:00,17.4,62,1020.1,0.9,307,0.0
2026-04-25 16:00:00,17.3,63,1020.0,1.5,346,0.0
2026-04-25 17:00:00,16.0,76,1019.8,2.5,330,0.0
2026-04-25 18:00:00,13.4,78,1020.1,4.6,301,0.0
2026-04-25 19:00:00,12.3,82,1020.6,7.1,286,0.0
2026-04-25 20:00:00,10.4,88,1020.9,5.3,288,0.0
2026-04-25 21:00:00,8.9,92,1021.0,3.9,298,0.0
2026-04-25 22:00:00,8.4,93,1021.1,0.8,315,0.0
2026-04-25 23:00:00,7.9,95,1021.1,0.8,117,0.0
2026-04-26 00:00:00,7.6,98,1020.9,1.7,108,0.0
2026-04-26 01:00:00,7.3,98,1020.7,1.2,117,0.0
2026-04-26 02:00:00,6.9,99,1020.2,3.5,159,0.0
2026-04-26 03:00:00,6.2,97,1019.8,5.1,135,0.0
2026-04-26 04:00:00,5.3,98,1019.5,3.7,119,0.0
2026-04-26 05:00:00,4.6,100,1019.5,2.1,105,0.0
2026-04-26 06:00:00,4.0,100,1019.8,2.5,86,0.0
2026-04-26 07:00:00,3.8,100,1020.0,0.8,315,0.0
2026-04-26 08:00:00,4.6,98,1020.1,0.8,333,0.0
2026-04-26 09:00:00,6.9,96,1020.2,1.5,216,0.0
2026-04-26 10:00:00,9.3,94,1019.9,0.9,259,0.0
2026-04-26 11:00:00,11.9,88,1019.3,0.8,315,0.0
2026-04-26 12:00:00,14.4,82,1018.2,4.0,36,0.0
2026-04-26 13:00:00,16.1,77,1017.4,7.3,17,0.0
2026-04-26 14:00:00,17.3,74,1016.5,7.9,283,0.0
2026-04-26 15:00:00,17.3,73,1015.9,16.5,260,0.0
2026-04-26 16:00:00,17.2,74,1015.5,13.9,257,0.0
2026-04-26 17:00:00,16.2,79,1015.0,13.5,260,0.0
2026-04-26 18:00:00,14.4,86,1015.2,11.2,264,0.0
2026-04-26 19:00:00,13.4,90,1015.8,9.9,285,0.0
2026-04-26 20:00:00,12.9,91,1015.7,6.8,302,0.0
2026-04-26 21:00:00,12.2,91,1015.9,5.3,305,0.0
2026-04-26 22:00:00,11.8,92,1016.2,5.5,289,0.0
2026-04-26 23:00:00,11.2,94,1015.9,5.6,264,0.0
2026-04-27 00:00:00,10.9,94,1015.7,5.7,257,0.0
2026-04-27 01:00:00,10.8,94,1015.5,4.1,247,0.0
2026-04-27 02:00:00,10.9,93,1015.4,2.5,249,0.0
2026-04-27 03:00:00,10.4,94,1015.3,1.2,153,0.0
2026-04-27 04:00:00,9.0,98,1015.3,4.3,118,0.0
2026-04-27 05:00:00,8.8,99,1015.6,6.0,100,0.0
2026-04-27 06:00:00,8.2,100,1015.7,5.1,108,0.0
2026-04-27 07:00:00,7.9,100,1016.2,6.2,134,0.0
2026-04-27 08:00:00,8.4,99,1016.9,6.4,137,0.0
2026-04-27 09:00:00,9.3,99,1017.6,5.8,144,0.0
2026-04-27 10:00:00,10.9,94,1017.8,6.9,155,0.0
2026-04-27 11:00:00,12.6,89,1017.9,7.5,160,0.0
2026-04-27 12:00:00,14.9,84,1017.3,4.3,156,0.0
2026-04-27 13:00:00,16.0,78,1016.9,2.9,133,0.0
2026-04-27 14:00:00,16.7,70,1016.4,4.7,133,0.0
2026-04-27 15:00:00,17.1,66,1016.2,5.1,157,0.0
2026-04-27 16:00:00,17.2,66,1016.3,2.7,200,0.0
2026-04-27 17:00:00,15.7,80,1016.4,2.7,250,0.0
2026-04-27 18:00:00,14.1,81,1016.9,1.2,219,0.0
2026-04-27 19:00:00,13.2,84,1017.4,1.0,112,0.0
2026-04-27 20:00:00,12.1,87,1017.9,2.0,80,0.0
2026-04-27 21:00:00,11.1,89,1018.4,1.5,54,0.0
2026-04-27 22:00:00,10.3,90,1019.2,1.2,51,0.0
2026-04-27 23:00:00,9.6,93,1019.7,1.7,58,0.0
2026-04-28 00:00:00,9.2,93,1019.9,2.4,99,0.0
2026-04-28 01:00:00,8.5,94,1020.5,3.6,135,0.0
2026-04-28 02:00:00,8.1,95,1020.7,3.7,137,0.0
2026-04-28 03:00:00,7.7,96,1020.8,4.1,142,0.0
2026-04-28 04:00:00,7.5,96,1020.6,4.8,153,0.0
2026-04-28 05:00:00,7.3,97,1020.7,4.7,152,0.0
2026-04-28 06:00:00,7.6,96,1021.2,4.1,157,0.0
2026-04-28 07:00:00,7.6,96,1021.8,5.2,168,0.0
2026-04-28 08:00:00,9.0,96,1022.3,7.0,167,0.0
2026-04-28 09:00:00,11.6,92,1023.2,5.8,178,0.0
2026-04-28 10:00:00,13.9,88,1023.2,5.1,184,0.0
2026-04-28 11:00:00,16.0,83,1023.5,3.8,175,0.0
2026-04-28 12:00:00,17.7,77,1022.7,1.5,166,0.0
2026-04-28 13:00:00,18.7,72,1021.9,1.5,166,0.1
2026-04-28 14:00:00,18.9,69,1021.7,0.5,180,0.0
2026-04-28 15:00:00,18.8,69,1021.7,1.6,6,0.0
2026-04-28 16:00:00,18.5,70,1022.0,5.5,19,0.0
2026-04-28 17:00:00,17.3,79,1022.3,7.1,351,0.0
2026-04-28 18:00:00,15.8,86,1022.6,6.7,324,0.0
2026-04-28 19:00:00,14.5,89,1023.4,3.5,336,0.0
2026-04-28 20:00:00,13.7,91,1023.8,3.3,9,0.0
2026-04-28 21:00:00,13.0,94,1024.3,3.9,13,0.0
2026-04-28 22:00:00,11.9,96,1024.5,3.5,28,0.0
2026-04-28 23:00:00,11.3,97,1025.0,2.4,36,0.0
2026-04-29 00:00:00,10.7,98,1024.9,3.2,56,0.0
2026-04-29 01:00:00,10.1,98,1025.0,3.1,69,0.0
2026-04-29 02:00:00,10.0,98,1024.9,1.3,82,0.0
2026-04-29 03:00:00,9.9,99,1024.8,1.2,153,0.0
2026-04-29 04:00:00,9.6,99,1024.8,2.7,180,0.0
2026-04-29 05:00:00,9.3,100,1025.0,3.2,183,0.0
2026-04-29 06:00:00,8.8,100,1025.3,4.2,170,0.0
2026-04-29 07:00:00,8.2,100,1025.6,3.6,177,0.0
2026-04-29 08:00:00,8.8,99,1025.9,3.7,169,0.0
2026-04-29 09:00:00,10.3,97,1026.3,3.9,158,0.0
2026-04-29 10:00:00,12.6,93,1026.5,4.0,150,0.0
2026-04-29 11:00:00,14.6,89,1026.6,1.6,117,0.0
2026-04-29 12:00:00,16.4,84,1025.9,2.1,285,0.0
2026-04-29 13:00:00,17.7,77,1025.1,4.7,272,0.0
2026-04-29 14:00:00,18.4,71,1024.5,6.7,275,0.1
2026-04-29 15:00:00,18.5,69,1024.1,6.7,267,0.0
2026-04-29 16:00:00,18.4,69,1024.1,5.8,266,0.0
2026-04-29 17:00:00,17.2,79,1024.1,4.5,268,0.0
2026-04-29 18:00:00,15.1,84,1024.0,5.6,270,0.0
2026-04-29 19:00:00,13.9,89,1024.3,5.6,276,0.0
2026-04-29 20:00:00,12.5,92,1024.5,4.8,283,0.0
2026-04-29 21:00:00,11.4,95,1024.7,4.8,283,0.0
2026-04-29 22:00:00,10.6,96,1025.4,5.0,272,0.0
2026-04-29 23:00:00,10.1,97,1025.8,4.7,263,0.0
2026-04-30 00:00:00,9.9,100,1026.1,1.1,189,0.0
2026-04-30 01:00:00,9.5,100,1026.3,0.7,194,0.0
2026-04-30 02:00:00,9.3,99,1026.2,2.2,171,0.0
2026-04-30 03:00:00,9.3,99,1026.3,5.4,154,0.0
2026-04-30 04:00:00,9.4,100,1026.2,4.5,137,0.0
2026-04-30 05:00:00,9.5,100,1026.4,2.8,135,0.0
2026-04-30 06:00:00,9.2,100,1027.1,5.1,148,0.0
2026-04-30 07:00:00,9.0,100,1027.6,2.7,184,0.0
2026-04-30 08:00:00,9.4,99,1028.2,1.7,131,0.0
2026-04-30 09:00:00,10.6,100,1028.9,2.5,180,0.0
2026-04-30 10:00:00,12.1,95,1029.3,8.8,179,0.0
2026-04-30 11:00:00,15.3,86,1029.6,7.8,187,0.0
2026-04-30 12:00:00,17.7,72,1029.6,11.4,145,0.0
2026-04-30 13:00:00,18.6,58,1029.0,14.5,136,0.1
2026-04-30 14:00:00,18.6,58,1028.9,14.7,133,0.0
2026-04-30 15:00:00,18.4,55,1028.8,16.2,132,0.0
2026-04-30 16:00:00,17.6,61,1029.2,13.9,140,0.0
2026-04-30 17:00:00,16.1,67,1029.5,11.4,143,0.0
2026-04-30 18:00:00,14.1,72,1030.1,13.9,143,0.0
2026-04-30 19:00:00,13.2,69,1031.0,14.5,134,0.0
2026-04-30 20:00:00,12.2,70,1031.4,15.0,136,0.0
2026-04-30 21:00:00,11.5,69,1031.7,15.3,131,0.0
2026-04-30 22:00:00,10.6,71,1032.5,12.1,131,0.0
2026-04-30 23:00:00,9.9,73,1033.1,10.4,138,0.0
2026-05-01 00:00:00,9.7,74,1033.3,13.1,136,0.0
2026-05-01 01:00:00,8.8,76,1033.5,10.2,149,0.0
2026-05-01 02:00:00,8.0,80,1033.3,9.6,163,0.0
2026-05-01 03:00:00,7.6,80,1033.0,11.5,153,0.0
2026-05-01 04:00:00,7.5,80,1032.6,12.0,152,0.0
2026-05-01 05:00:00,7.4,80,1032.6,11.8,151,0.0
2026-05-01 06:00:00,6.7,81,1032.9,11.3,147,0.0
2026-05-01 07:00:00,5.9,84,1033.2,9.3,151,0.0
2026-05-01 08:00:00,6.9,83,1033.6,9.9,159,0.0
2026-05-01 09:00:00,9.4,80,1034.0,8.1,176,0.0
2026-05-01 10:00:00,11.7,74,1033.9,7.9,160,0.0
2026-05-01 11:00:00,13.4,69,1033.9,8.2,126,0.0
2026-05-01 12:00:00,15.0,64,1033.2,8.3,106,0.0
2026-05-01 13:00:00,15.8,61,1032.4,8.3,94,0.0
2026-05-01 14:00:00,16.2,60,1031.9,7.9,79,0.0
2026-05-01 15:00:00,16.3,59,1031.5,7.9,78,0.0
2026-05-01 16:00:00,16.0,61,1031.3,7.5,75,0.0
2026-05-01 17:00:00,14.4,74,1031.1,4.8,65,0.0
2026-05-01 18:00:00,12.8,76,1031.3,7.3,52,0.0
2026-05-01 19:00:00,12.1,79,1031.9,10.6,50,0.0
2026-05-01 20:00:00,10.5,86,1032.0,5.6,65,0.0
2026-05-01 21:00:00,9.4,86,1032.2,4.9,100,0.0
2026-05-01 22:00:00,8.9,88,1032.4,5.6,105,0.0
2026-05-01 23:00:00,8.6,88,1032.5,6.1,120,0.0
2026-05-02 00:00:00,8.4,89,1032.4,8.3,141,0.0
2026-05-02 01:00:00,7.2,91,1032.7,5.4,138,0.0
2026-05-02 02:00:00,6.7,92,1032.8,5.6,165,0.0
2026-05-02 03:00:00,6.4,94,1032.4,8.9,174,0.0
2026-05-02 04:00:00,6.1,95,1032.0,10.4,169,0.0
2026-05-02 05:00:00,6.1,94,1031.9,11.0,166,0.0
2026-05-02 06:00:00,5.5,95,1032.1,9.7,161,0.0
2026-05-02 07:00:00,5.1,95,1032.2,8.5,159,0.0
2026-05-02 08:00:00,6.3,93,1032.5,10.4,162,0.0
2026-05-02 09:00:00,8.9,88,1032.8,7.9,177,0.0
2026-05-02 10:00:00,11.5,83,1032.6,7.9,181,0.0
2026-05-02 11:00:00,13.7,77,1032.5,8.3,175,0.0
2026-05-02 12:00:00,15.7,72,1031.5,4.9,163,0.0
2026-05-02 13:00:00,16.7,69,1030.6,3.6,174,0.0
2026-05-02 14:00:00,17.0,66,1029.9,4.6,193,0.0
2026-05-02 15:00:00,16.6,64,1029.5,5.7,191,0.0
2026-05-02 16:00:00,16.0,63,1029.3,5.4,180,0.0
2026-05-02 17:00:00,14.1,75,1029.1,5.0,165,0.0
2026-05-02 18:00:00,12.0,81,1029.1,5.1,157,0.0
2026-05-02 19:00:00,10.9,82,1029.6,2.8,125,0.0
2026-05-02 20:00:00,10.4,83,1029.9,1.1,108,0.0
2026-05-02 21:00:00,10.0,83,1030.2,0.7,90,0.0
2026-05-02 22:00:00,9.2,86,1030.7,1.0,59,0.0
2026-05-02 23:00:00,8.8,87,1031.2,0.9,79,0.0
2026-05-03 00:00:00,8.2,88,1031.2,2.8,125,0.0
2026-05-03 01:00:00,7.5,88,1031.5,2.6,141,0.0
2026-05-03 02:00:00,6.8,90,1031.7,4.9,152,0.0
2026-05-03 03:00:00,7.0,92,1031.5,7.4,157,0.0
2026-05-03 04:00:00,6.6,94,1031.2,9.1,162,0.0
2026-05-03 05:00:00,6.3,94,1031.2,8.5,159,0.0
2026-05-03 06:00:00,5.6,95,1031.6,7.7,147,0.0
2026-05-03 07:00:00,5.1,97,1031.6,7.0,162,0.0
2026-05-03 08:00:00,5.8,98,1032.2,8.5,167,0.0
2026-05-03 09:00:00,8.1,94,1032.4,6.8,182,0.0
2026-05-03 10:00:00,10.7,88,1032.2,6.2,188,0.0
2026-05-03 11:00:00,12.8,83,1032.3,6.0,189,0.0
2026-05-03 12:00:00,14.9,76,1031.5,3.3,189,0.0
2026-05-03 13:00:00,16.1,68,1030.6,3.2,207,0.0
2026-05-03 14:00:00,16.5,61,1030.2,3.7,209,0.0
2026-05-03 15:00:00,16.4,59,1029.7,4.0,185,0.0
2026-05-03 16:00:00,15.9,61,1029.4,3.8,172,0.0
2026-05-03 17:00:00,13.9,77,1029.3,3.1,173,0.0
2026-05-03 18:00:00,12.3,75,1029.7,1.1,108,0.0
2026-05-03 19:00:00,11.6,76,1029.9,0.2,90,0.0
2026-05-03 20:00:00,10.7,79,1030.1,0.9,217,0.0
2026-05-03 21:00:00,10.0,82,1030.5,0.5,90,0.0
2026-05-03 22:00:00,9.4,84,1030.9,0.3,45,0.0
2026-05-03 23:00:00,8.9,86,1031.3,0.7,76,0.0
2026-05-04 00:00:00,8.2,89,1031.7,2.6,102,0.0
2026-05-04 01:00:00,7.8,90,1032.0,2.3,135,0.0
2026-05-04 02:00:00,7.6,91,1032.0,5.1,170,0.0
2026-05-04 03:00:00,7.3,94,1031.5,6.5,166,0.0
2026-05-04 04:00:00,6.4,99,1031.0,8.5,163,0.0
2026-05-04 05:00:00,5.9,98,1030.7,8.8,160,0.0
2026-05-04 06:00:00,5.4,100,1031.0,8.6,158,0.0
2026-05-04 07:00:00,5.5,100,1031.5,7.1,173,0.0
2026-05-04 08:00:00,6.3,99,1032.1,6.8,168,0.0
2026-05-04 09:00:00,8.6,97,1032.5,7.8,171,0.0
2026-05-04 10:00:00,11.2,90,1032.3,6.8,183,0.0
2026-05-04 11:00:00,13.3,85,1032.3,5.9,180,0.0
2026-05-04 12:00:00,14.8,79,1031.4,5.6,186,0.0
2026-05-04 13:00:00,16.0,71,1030.7,3.5,195,0.0
2026-05-04 14:00:00,16.4,67,1030.3,1.9,197,0.0
2026-05-04 15:00:00,16.6,66,1029.9,2.7,180,0.0
2026-05-04 16:00:00,16.3,67,1029.7,3.5,189,0.0
2026-05-04 17:00:00,14.9,76,1029.7,5.5,193,0.0
2026-05-04 18:00:00,12.9,80,1030.1,6.7,174,0.0
2026-05-04 19:00:00,11.7,82,1030.5,4.9,147,0.0
2026-05-04 20:00:00,10.6,88,1031.1,4.2,100,0.0
2026-05-04 21:00:00,9.9,92,1031.4,4.4,81,0.0
2026-05-04 22:00:00,9.4,92,1031.6,2.7,110,0.0
2026-05-04 23:00:00,8.8,92,1031.6,2.7,143,0.0
2026-05-05 00:00:00,8.4,93,1031.6,6.2,159,0.0
2026-05-05 01:00:00,8.3,94,1031.6,9.3,172,0.0
2026-05-05 02:00:00,8.7,92,1031.2,9.5,169,0.0
2026-05-05 03:00:00,8.5,92,1030.7,11.2,168,0.0
2026-05-05 04:00:00,8.4,91,1030.2,10.5,164,0.0
2026-05-05 05:00:00,9.2,87,1030.0,10.4,162,0.0
2026-05-05 06:00:00,9.4,87,1030.0,8.8,157,0.0
2026-05-05 07:00:00,8.7,91,1030.0,8.4,160,0.0
2026-05-05 08:00:00,9.4,89,1030.2,8.5,155,0.0
2026-05-05 09:00:00,11.0,86,1030.5,6.2,170,0.0
2026-05-05 10:00:00,13.2,83,1030.8,6.4,172,0.0
2026-05-05 11:00:00,14.9,81,1030.4,6.3,160,0.0
2026-05-05 12:00:00,17.0,75,1029.3,6.7,124,0.0
2026-05-05 13:00:00,18.0,72,1028.5,7.3,83,0.0
2026-05-05 14:00:00,18.4,69,1028.0,11.1,58,0.0
2026-05-05 15:00:00,18.1,70,1027.6,10.0,62,0.0
2026-05-05 16:00:00,17.6,75,1027.6,9.8,67,0.0
2026-05-05 17:00:00,16.4,80,1027.4,10.5,71,0.0
2026-05-05 18:00:00,14.9,86,1027.5,9.0,68,0.0
2026-05-05 19:00:00,14.0,89,1027.7,7.5,55,0.0
2026-05-05 20:00:00,13.3,91,1027.9,6.4,63,0.0
2026-05-05 21:00:00,12.7,91,1028.0,6.0,87,0.0
2026-05-05 22:00:00,12.0,91,1028.1,4.1,103,0.0
2026-05-05 23:00:00,11.7,92,1028.1,2.3,122,0.0
2026-05-06 00:00:00,11.6,92,1027.5,3.7,133,0.0
2026-05-06 01:00:00,11.4,93,1027.6,3.2,142,0.0
2026-05-06 02:00:00,11.1,94,1027.2,4.0,144,0.0
2026-05-06 03:00:00,10.6,95,1026.6,4.1,146,0.0
2026-05-06 04:00:00,10.1,95,1026.1,4.5,143,0.0
2026-05-06 05:00:00,9.9,94,1026.1,4.5,151,0.0
2026-05-06 06:00:00,11.0,94,1026.0,5.6,140,0.0
2026-05-06 07:00:00,10.6,94,1026.1,4.2,155,0.0
2026-05-06 08:00:00,12.0,91,1026.5,5.0,150,0.0
2026-05-06 09:00:00,14.2,90,1026.7,2.5,150,0.0
2026-05-06 10:00:00,15.9,88,1026.8,1.2,141,0.0
2026-05-06 11:00:00,17.7,82,1026.5,7.8,46,0.0
2026-05-06 12:00:00,19.0,78,1025.3,9.5,25,0.3
2026-05-06 13:00:00,19.5,73,1024.5,11.5,17,0.1
2026-05-06 14:00:00,19.7,71,1024.3,11.5,11,0.0
2026-05-06 15:00:00,19.6,71,1024.0,10.0,15,0.1
2026-05-06 16:00:00,19.2,76,1024.0,8.7,34,0.1
2026-05-06 17:00:00,18.0,81,1024.0,7.8,34,0.0
2026-05-06 18:00:00,16.6,87,1023.8,6.2,52,0.0
2026-05-06 19:00:00,15.7,90,1024.2,10.5,61,0.0
2026-05-06 20:00:00,14.9,91,1024.4,13.0,52,0.0
2026-05-06 21:00:00,14.4,93,1024.2,12.4,50,0.0
2026-05-06 22:00:00,14.1,93,1024.2,10.5,49,0.0
2026-05-06 23:00:00,13.7,94,1024.0,9.6,50,0.0
2026-05-07 00:00:00,13.9,94,1023.9,12.0,54,0.0
2026-05-07 01:00:00,13.6,96,1023.8,11.5,49,0.0
2026-05-07 02:00:00,13.6,96,1023.6,9.1,58,0.0
2026-05-07 03:00:00,13.4,95,1023.1,7.1,75,0.0
2026-05-07 04:00:00,13.2,95,1022.5,6.9,85,0.0
2026-05-07 05:00:00,13.2,96,1022.2,10.1,80,0.0
2026-05-07 06:00:00,13.1,96,1022.1,9.5,76,0.0
2026-05-07 07:00:00,13.0,97,1022.0,9.4,58,0.0
2026-05-07 08:00:00,13.3,99,1022.2,10.9,56,0.0
2026-05-07 09:00:00,14.6,98,1022.2,11.3,48,0.0
2026-05-07 10:00:00,16.2,92,1021.9,13.3,38,0.0
2026-05-07 11:00:00,18.2,83,1021.5,16.5,22,0.0
2026-05-07 12:00:00,19.4,73,1020.4,20.7,13,0.0
2026-05-07 13:00:00,19.8,71,1019.9,19.1,4,0.0
2026-05-07 14:00:00,19.9,69,1019.3,18.2,2,0.0
2026-05-07 15:00:00,20.1,66,1018.8,18.5,7,0.0
2026-05-07 16:00:00,19.4,71,1018.6,17.5,9,0.0
2026-05-07 17:00:00,18.1,78,1018.4,15.2,10,0.0
2026-05-07 18:00:00,16.7,84,1018.2,13.5,25,0.0
2026-05-07 19:00:00,15.8,87,1018.3,15.3,37,0.0
2026-05-07 20:00:00,15.2,88,1018.2,15.7,43,0.0
2026-05-07 21:00:00,14.8,88,1018.0,15.4,45,0.0
2026-05-07 22:00:00,15.2,87,1018.2,13.8,39,0.0
2026-05-07 23:00:00,15.1,89,1018.5,11.3,31,0.0
2026-05-08 00:00:00,15.3,90,1017.5,14.3,41,0.0
2026-05-08 01:00:00,15.4,92,1017.1,14.3,40,0.0
2026-05-08 02:00:00,15.4,93,1016.7,13.5,37,0.0
2026-05-08 03:00:00,15.4,93,1015.8,13.9,37,0.0
2026-05-08 04:00:00,15.2,93,1015.2,13.8,41,0.0
2026-05-08 05:00:00,15.1,93,1014.8,13.6,42,0.0
2026-05-08 06:00:00,15.0,92,1014.7,14.1,46,0.0
2026-05-08 07:00:00,14.7,92,1014.0,15.3,49,0.0
2026-05-08 08:00:00,15.0,90,1014.2,15.4,45,0.0
2026-05-08 09:00:00,16.9,82,1014.3,17.9,30,0.0
2026-05-08 10:00:00,17.7,83,1013.7,17.7,33,0.0
2026-05-08 11:00:00,19.0,74,1013.5,26.1,10,0.0
2026-05-08 12:00:00,19.1,75,1012.3,23.0,12,0.0
2026-05-08 13:00:00,18.9,78,1010.9,22.8,18,0.0
2026-05-08 14:00:00,18.7,80,1009.6,24.5,25,0.0
2026-05-08 15:00:00,18.5,80,1008.9,25.6,20,0.0
2026-05-08 16:00:00,18.4,81,1008.1,25.0,18,0.0
2026-05-08 17:00:00,18.1,82,1007.9,24.3,12,0.0
2026-05-08 18:00:00,17.7,85,1006.9,25.9,15,0.9
2026-05-08 19:00:00,17.7,87,1006.2,26.8,20,0.5
2026-05-08 20:00:00,17.2,91,1005.6,28.6,13,1.0
2026-05-08 21:00:00,17.5,89,1004.9,31.5,9,0.7
2026-05-08 22:00:00,17.5,90,1005.1,29.9,2,4.7
2026-05-08 23:00:00,17.5,90,1004.4,29.6,3,1.4
2026-05-09 00:00:00,17.2,92,1003.3,29.2,6,1.8
2026-05-09 01:00:00,17.4,94,1003.5,27.9,335,3.2
2026-05-09 02:00:00,17.2,93,1003.2,22.7,310,2.0
2026-05-09 03:00:00,16.7,92,1002.8,16.0,308,0.1
2026-05-09 04:00:00,16.0,93,1002.5,13.4,313,0.0
2026-05-09 05:00:00,15.1,94,1002.4,10.4,316,0.0
2026-05-09 06:00:00,14.4,95,1002.7,9.1,333,0.0
2026-05-09 07:00:00,13.8,96,1002.6,9.7,348,0.0
2026-05-09 08:00:00,14.4,95,1002.9,12.1,339,0.1
2026-05-09 09:00:00,16.2,89,1003.1,16.3,315,0.1
2026-05-09 10:00:00,17.2,84,1003.2,15.2,303,0.1
2026-05-09 11:00:00,18.0,81,1002.9,17.5,300,0.0
2026-05-09 12:00:00,18.4,70,1002.0,19.8,290,0.1
2026-05-09 13:00:00,18.7,67,1001.1,20.7,287,0.0
2026-05-09 14:00:00,18.5,68,1000.4,20.9,281,0.1
2026-05-09 15:00:00,17.9,70,1000.2,19.5,274,0.0
2026-05-09 16:00:00,17.2,72,1000.0,15.1,270,0.0
2026-05-09 17:00:00,15.5,80,1000.4,16.2,273,0.0
2026-05-09 18:00:00,14.1,89,1000.1,11.5,293,0.1
2026-05-09 19:00:00,13.5,93,1000.2,10.0,303,0.1
2026-05-09 20:00:00,13.1,95,1000.6,11.9,319,0.0
2026-05-09 21:00:00,13.2,95,1000.8,9.9,307,0.0
2026-05-09 22:00:00,13.3,94,1000.5,8.4,295,0.0
2026-05-09 23:00:00,13.1,93,1000.8,9.3,278,0.4
2026-05-10 00:00:00,13.0,92,1000.6,7.3,287,0.0
2026-05-10 01:00:00,12.2,93,1000.4,6.1,284,0.0
2026-05-10 02:00:00,11.8,93,1000.0,7.2,242,0.0
2026-05-10 03:00:00,11.6,92,999.8,7.2,273,0.0
2026-05-10 04:00:00,11.8,91,999.6,9.6,261,0.0
2026-05-10 05:00:00,11.6,89,999.8,8.0,261,0.0
2026-05-10 06:00:00,11.8,88,999.8,8.5,275,0.0
2026-05-10 07:00:00,12.1,88,1000.1,10.3,274,0.0
2026-05-10 08:00:00,13.1,87,1000.4,12.5,249,0.0
2026-05-10 09:00:00,14.8,83,1000.7,15.7,242,0.0
2026-05-10 10:00:00,16.1,77,1000.9,16.5,243,0.0
2026-05-10 11:00:00,16.9,71,1001.1,22.8,242,0.0
2026-05-10 12:00:00,17.4,66,1000.4,31.1,244,0.0
2026-05-10 13:00:00,17.2,72,1000.1,29.0,245,0.0
2026-05-10 14:00:00,17.0,74,1000.1,26.7,242,0.0
2026-05-10 15:00:00,16.7,75,1000.1,24.4,245,0.0
2026-05-10 16:00:00,16.7,76,1000.3,25.1,245,0.0
2026-05-10 17:00:00,15.9,78,1000.6,27.6,243,0.0
2026-05-10 18:00:00,15.1,80,1001.3,20.8,249,0.0
2026-05-10 19:00:00,15.4,79,1002.2,15.1,245,0.2
2026-05-10 20:00:00,15.6,82,1002.5,17.0,242,0.2
2026-05-10 21:00:00,15.5,82,1003.2,15.7,236,0.0
2026-05-10 22:00:00,15.0,83,1003.9,15.4,243,0.0
2026-05-10 23:00:00,14.8,83,1004.7,14.8,244,0.0
2026-05-11 00:00:00,14.0,86,1005.2,12.7,237,0.0
2026-05-11 01:00:00,13.7,86,1005.9,11.0,232,0.0
2026-05-11 02:00:00,12.8,89,1006.3,7.4,223,0.0
2026-05-11 03:00:00,11.4,90,1006.8,5.8,214,0.0
2026-05-11 04:00:00,10.7,90,1007.3,5.2,194,0.0
2026-05-11 05:00:00,10.3,90,1008.2,3.8,197,0.0
2026-05-11 06:00:00,10.8,90,1009.3,8.3,131,0.0
2026-05-11 07:00:00,10.4,94,1010.4,9.4,157,0.0
2026-05-11 08:00:00,10.7,94,1011.6,10.6,161,0.0
2026-05-11 09:00:00,12.5,90,1012.8,7.4,158,0.0
2026-05-11 10:00:00,14.1,79,1013.6,11.2,143,0.0
2026-05-11 11:00:00,14.3,71,1014.2,12.1,134,0.0
2026-05-11 12:00:00,14.7,69,1014.2,13.1,143,0.0
2026-05-11 13:00:00,15.0,68,1014.3,11.2,131,0.0
2026-05-11 14:00:00,15.7,66,1014.3,8.6,113,0.0
2026-05-11 15:00:00,15.8,65,1014.6,7.9,106,0.0
2026-05-11 16:00:00,15.6,68,1014.8,5.7,114,0.0
2026-05-11 17:00:00,14.7,76,1015.2,5.5,153,0.0
2026-05-11 18:00:00,13.7,77,1015.9,8.6,149,0.0
2026-05-11 19:00:00,13.3,80,1016.9,5.6,117,0.0
2026-05-11 20:00:00,12.9,84,1017.4,4.3,88,0.0
2026-05-11 21:00:00,12.7,86,1018.0,5.1,98,0.0
2026-05-11 22:00:00,12.6,84,1018.4,6.1,92,0.1
2026-05-11 23:00:00,12.4,80,1018.8,6.0,100,0.1
2026-05-12 00:00:00,11.4,90,1018.8,6.2,158,0.2
2026-05-12 01:00:00,11.0,93,1019.1,6.4,137,0.6
2026-05-12 02:00:00,10.9,94,1019.1,7.2,148,0.4
2026-05-12 03:00:00,10.8,92,1018.7,10.1,158,0.1
2026-05-12 04:00:00,10.8,91,1018.2,11.1,155,0.1
2026-05-12 05:00:00,10.8,91,1018.2,11.5,151,0.1
2026-05-12 06:00:00,10.5,92,1018.3,11.0,162,0.0
2026-05-12 07:00:00,10.6,91,1018.4,12.1,160,0.3
2026-05-12 08:00:00,10.5,93,1018.8,11.7,157,1.1
2026-05-12 09:00:00,11.1,91,1019.0,11.1,166,0.9
2026-05-12 10:00:00,12.1,92,1018.7,10.4,166,0.2
2026-05-12 11:00:00,13.7,87,1018.6,11.3,172,0.4
2026-05-12 12:00:00,15.3,81,1017.3,12.6,158,1.7
2026-05-12 13:00:00,16.4,77,1016.5,10.7,150,0.0
2026-05-12 14:00:00,16.6,75,1016.0,8.6,157,0.0
2026-05-12 15:00:00,16.6,75,1016.0,8.1,163,0.0
2026-05-12 16:00:00,16.4,76,1015.6,8.0,171,0.0
2026-05-12 17:00:00,15.3,82,1015.9,9.4,192,0.0
2026-05-12 18:00:00,13.6,87,1016.4,7.5,159,0.0
2026-05-12 19:00:00,13.6,84,1017.1,8.4,160,0.0
2026-05-12 20:00:00,12.6,84,1017.1,5.5,153,0.0
2026-05-12 21:00:00,11.2,85,1017.0,3.4,148,0.0
2026-05-12 22:00:00,10.9,85,1017.6,8.1,176,0.0
2026-05-12 23:00:00,10.2,84,1018.1,9.3,172,0.0
2026-05-13 00:00:00,9.2,91,1018.1,7.6,152,0.0
2026-05-13 01:00:00,8.7,92,1018.3,4.8,151,0.0
2026-05-13 02:00:00,8.3,93,1018.6,6.9,152,0.0
2026-05-13 03:00:00,7.8,95,1018.7,8.8,163,0.0
2026-05-13 04:00:00,7.4,96,1018.6,9.4,162,0.0
2026-05-13 05:00:00,7.4,96,1019.3,12.7,162,0.0
2026-05-13 06:00:00,7.9,89,1020.0,16.5,162,0.0
2026-05-13 07:00:00,7.9,86,1020.8,15.9,160,0.0
2026-05-13 08:00:00,8.4,83,1021.8,15.5,160,0.0
2026-05-13 09:00:00,10.2,76,1022.5,14.8,157,0.0
2026-05-13 10:00:00,11.9,74,1022.9,14.5,159,0.0
2026-05-13 11:00:00,13.5,72,1023.3,14.0,156,0.0
2026-05-13 12:00:00,15.2,70,1022.8,11.3,151,0.0
2026-05-13 13:00:00,16.2,67,1022.5,10.7,158,0.0
2026-05-13 14:00:00,16.7,63,1022.4,10.5,160,0.0
2026-05-13 15:00:00,16.7,61,1022.4,11.4,161,0.0
2026-05-13 16:00:00,16.2,68,1022.5,10.7,163,0.0
2026-05-13 17:00:00,14.4,74,1022.9,10.6,161,0.0
2026-05-13 18:00:00,12.7,78,1023.8,11.1,148,0.0
2026-05-13 19:00:00,12.0,77,1024.6,10.9,140,0.0
2026-05-13 20:00:00,11.1,77,1025.2,11.5,131,0.0
2026-05-13 21:00:00,10.7,74,1025.9,12.7,123,0.0
2026-05-13 22:00:00,10.5,74,1026.6,10.0,120,0.0
2026-05-13 23:00:00,9.7,77,1027.2,6.1,133,0.0
2026-05-14 00:00:00,9.2,79,1027.2,6.9,141,0.0
2026-05-14 01:00:00,8.6,81,1027.3,6.3,149,0.0
2026-05-14 02:00:00,8.1,83,1027.4,6.0,147,0.0
2026-05-14 03:00:00,7.7,85,1027.4,5.4,150,0.0
2026-05-14 04:00:00,7.3,87,1027.3,4.9,156,0.0
2026-05-14 05:00:00,6.8,88,1027.6,4.8,160,0.0
2026-05-14 06:00:00,6.3,90,1027.9,5.1,141,0.0
2026-05-14 07:00:00,5.4,92,1028.4,4.3,156,0.0
2026-05-14 08:00:00,6.2,91,1029.1,6.1,156,0.0
2026-05-14 09:00:00,8.1,88,1029.8,5.4,186,0.0
2026-05-14 10:00:00,10.6,83,1029.8,6.1,177,0.0
2026-05-14 11:00:00,12.7,77,1029.8,7.7,171,0.0
2026-05-14 12:00:00,14.7,72,1029.2,9.4,157,0.0
2026-05-14 13:00:00,15.7,66,1028.6,10.8,142,0.0
2026-05-14 14:00:00,16.1,63,1028.4,11.8,136,0.0
2026-05-14 15:00:00,16.0,61,1028.3,10.6,137,0.0
2026-05-14 16:00:00,15.7,67,1028.2,7.6,142,0.0
2026-05-14 17:00:00,13.5,80,1028.5,5.1,176,0.0
2026-05-14 18:00:00,11.8,86,1029.1,7.3,171,0.0
2026-05-14 19:00:00,10.6,86,1029.6,7.6,152,0.0
2026-05-14 20:00:00,10.1,85,1030.1,8.4,146,0.0
2026-05-14 21:00:00,9.5,86,1030.4,8.3,147,0.0
2026-05-14 22:00:00,8.7,88,1030.8,8.6,150,0.0
2026-05-14 23:00:00,8.0,89,1031.0,8.9,153,0.0
2026-05-15 00:00:00,7.3,90,1031.2,8.6,165,0.0
2026-05-15 01:00:00,6.9,90,1031.5,6.5,172,0.0
2026-05-15 02:00:00,6.3,90,1031.6,5.6,158,0.0
2026-05-15 03:00:00,5.8,91,1031.5,5.7,143,0.0
2026-05-15 04:00:00,5.6,90,1031.4,6.1,148,0.0
2026-05-15 05:00:00,5.4,91,1031.5,6.9,149,0.0
2026-05-15 06:00:00,5.2,90,1031.7,8.8,152,0.0
2026-05-15 07:00:00,4.9,90,1031.9,7.6,162,0.0
2026-05-15 08:00:00,5.5,89,1032.5,8.7,158,0.0
2026-05-15 09:00:00,7.5,88,1033.0,7.6,176,0.0
2026-05-15 10:00:00,9.8,84,1033.1,7.6,177,0.0
2026-05-15 11:00:00,11.8,79,1032.9,7.4,173,0.0
2026-05-15 12:00:00,13.9,76,1032.3,6.8,177,0.0
2026-05-15 13:00:00,15.1,70,1031.5,7.5,170,0.0
2026-05-15 14:00:00,15.6,67,1031.0,7.2,155,0.0
2026-05-15 15:00:00,15.8,65,1030.6,6.7,126,0.0
2026-05-15 16:00:00,15.4,70,1030.7,4.9,94,0.0
2026-05-15 17:00:00,13.5,78,1031.0,1.3,82,0.0
2026-05-15 18:00:00,11.5,82,1031.1,2.4,81,0.0
2026-05-15 19:00:00,10.5,83,1031.5,4.6,72,0.0
2026-05-15 20:00:00,9.4,86,1031.8,4.3,62,0.0
2026-05-15 21:00:00,8.9,86,1032.2,0.8,63,0.0
2026-05-15 22:00:00,8.4,88,1032.6,1.5,210,0.0
2026-05-15 23:00:00,8.5,89,1033.0,6.1,182,0.0
2026-05-16 00:00:00,7.4,91,1033.0,7.2,158,0.0
2026-05-16 01:00:00,6.7,93,1033.3,7.8,165,0.0
2026-05-16 02:00:00,6.1,94,1033.2,7.6,161,0.0
2026-05-16 03:00:00,5.8,94,1033.0,8.2,158,0.0
2026-05-16 04:00:00,5.8,93,1032.7,9.0,164,0.0
2026-05-16 05:00:00,5.6,93,1032.8,8.5,159,0.0
2026-05-16 06:00:00,4.9,93,1032.9,9.2,149,0.0
2026-05-16 07:00:00,4.9,92,1033.0,8.1,152,0.0
2026-05-16 08:00:00,5.4,91,1033.5,9.7,161,0.0
2026-05-16 09:00:00,7.2,89,1033.9,10.1,169,0.0
2026-05-16 10:00:00,9.2,85,1034.1,10.1,170,0.0
2026-05-16 11:00:00,11.3,80,1033.9,10.7,164,0.0
2026-05-16 12:00:00,13.2,77,1033.0,10.0,165,0.0
2026-05-16 13:00:00,14.3,74,1032.3,9.8,167,0.0
2026-05-16 14:00:00,14.8,71,1031.9,9.7,169,0.0
2026-05-16 15:00:00,14.9,69,1031.6,9.6,168,0.0
2026-05-16 16:00:00,14.6,72,1031.5,7.6,175,0.0
2026-05-16 17:00:00,12.8,81,1031.6,5.4,184,0.0
2026-05-16 18:00:00,10.9,86,1031.9,5.6,149,0.0
2026-05-16 19:00:00,10.1,87,1032.2,7.5,150,0.0
2026-05-16 20:00:00,9.8,83,1032.5,13.0,136,0.0
2026-05-16 21:00:00,9.6,78,1032.9,16.2,136,0.0
2026-05-16 22:00:00,8.9,79,1033.3,14.9,139,0.0
2026-05-16 23:00:00,8.2,80,1033.3,12.3,142,0.0
2026-05-17 00:00:00,7.5,80,1033.4,12.5,145,0.0
2026-05-17 01:00:00,7.1,82,1033.5,10.4,148,0.0
2026-05-17 02:00:00,6.7,84,1033.4,8.2,151,0.0
2026-05-17 03:00:00,6.3,86,1033.2,7.5,153,0.0
2026-05-17 04:00:00,6.1,87,1032.7,7.6,155,0.0
2026-05-17 05:00:00,6.1,87,1032.6,8.1,159,0.0
2026-05-17 06:00:00,5.7,88,1032.9,10.4,163,0.0
2026-05-17 07:00:00,5.5,88,1032.9,7.9,168,0.0
2026-05-17 08:00:00,6.2,88,1033.3,10.2,166,0.0
2026-05-17 09:00:00,8.6,83,1033.5,9.8,166,0.0
2026-05-17 10:00:00,10.7,80,1033.5,10.7,174,0.0
2026-05-17 11:00:00,12.4,78,1033.2,10.6,178,0.0
2026-05-17 12:00:00,14.5,73,1031.8,11.5,166,0.0
2026-05-17 13:00:00,15.8,67,1031.0,13.9,128,0.0
2026-05-17 14:00:00,16.1,64,1030.8,14.3,115,0.0
2026-05-17 15:00:00,16.0,65,1030.3,11.2,120,0.0
2026-05-17 16:00:00,15.7,70,1030.3,6.6,137,0.0
2026-05-17 17:00:00,13.7,80,1030.4,6.0,173,0.0
2026-05-17 18:00:00,12.4,83,1030.5,10.1,160,0.0
2026-05-17 19:00:00,11.8,82,1030.7,12.0,148,0.0
2026-05-17 20:00:00,11.3,81,1031.1,14.3,143,0.0
2026-05-17 21:00:00,10.5,81,1031.6,13.8,139,0.0
2026-05-17 22:00:00,9.7,82,1031.9,12.6,147,0.0
2026-05-17 23:00:00,8.9,83,1032.3,11.2,156,0.0
2026-05-18 00:00:00,8.2,83,1032.2,12.2,154,0.0
2026-05-18 01:00:00,7.8,83,1032.1,13.0,158,0.0
2026-05-18 02:00:00,7.7,83,1031.8,13.4,154,0.0
2026-05-18 03:00:00,7.5,84,1031.5,13.5,150,0.0
2026-05-18 04:00:00,7.3,86,1031.2,12.3,151,0.0
2026-05-18 05:00:00,7.0,88,1031.1,11.0,157,0.0
2026-05-18 06:00:00,6.4,88,1031.3,11.8,157,0.0
2026-05-18 07:00:00,6.1,89,1031.3,10.4,163,0.0
2026-05-18 08:00:00,6.6,87,1031.5,11.6,161,0.0
2026-05-18 09:00:00,8.9,80,1031.8,11.6,165,0.0
2026-05-18 10:00:00,11.0,78,1031.8,10.7,167,0.0
2026-05-18 11:00:00,12.8,76,1031.7,10.5,167,0.0
2026-05-18 12:00:00,14.5,74,1030.6,9.3,165,0.0
2026-05-18 13:00:00,15.6,71,1029.8,8.5,153,0.0
2026-05-18 14:00:00,16.4,66,1029.3,8.4,127,0.0
2026-05-18 15:00:00,16.4,64,1028.7,6.5,136,0.0
2026-05-18 16:00:00,15.9,74,1028.7,5.1,188,0.0
2026-05-18 17:00:00,13.9,85,1028.7,6.6,215,0.0
2026-05-18 18:00:00,11.9,88,1028.8,3.9,152,0.0
2026-05-18 19:00:00,11.7,89,1029.1,5.1,141,0.0
2026-05-18 20:00:00,10.9,90,1029.3,7.7,155,0.0
2026-05-18 21:00:00,10.3,90,1029.5,9.3,146,0.0
2026-05-18 22:00:00,9.9,89,1029.7,9.9,147,0.0
2026-05-18 23:00:00,9.6,89,1029.4,10.2,150,0.0
2026-05-19 00:00:00,9.2,90,1029.3,11.2,150,0.0
2026-05-19 01:00:00,8.8,90,1029.2,10.1,155,0.0
2026-05-19 02:00:00,8.4,91,1029.0,9.5,159,0.0
2026-05-19 03:00:00,8.0,91,1028.7,9.6,159,0.0
2026-05-19 04:00:00,7.9,91,1028.3,9.9,159,0.0
2026-05-19 05:00:00,7.8,91,1028.3,10.0,157,0.0
2026-05-19 06:00:00,7.4,92,1028.5,12.1,153,0.0
2026-05-19 07:00:00,7.3,92,1028.5,11.0,157,0.0
2026-05-19 08:00:00,7.6,92,1028.8,11.3,158,0.0
2026-05-19 09:00:00,9.7,88,1029.2,10.8,159,0.0
2026-05-19 10:00:00,11.5,84,1029.2,10.4,166,0.0
2026-05-19 11:00:00,13.2,80,1029.0,9.8,157,0.0
2026-05-19 12:00:00,15.2,75,1027.8,8.5,144,0.0
2026-05-19 13:00:00,16.0,71,1026.9,6.1,140,0.0
2026-05-19 14:00:00,16.4,68,1026.4,5.2,136,0.0
2026-05-19 15:00:00,16.5,66,1025.8,4.6,135,0.0
2026-05-19 16:00:00,16.1,71,1025.5,2.7,143,0.0
2026-05-19 17:00:00,14.0,79,1025.5,1.8,217,0.0
2026-05-19 18:00:00,12.5,81,1025.9,0.6,214,0.0
2026-05-19 19:00:00,11.7,84,1026.1,1.3,180,0.0
2026-05-19 20:00:00,10.6,87,1026.4,2.7,132,0.0
2026-05-19 21:00:00,9.7,89,1026.5,4.2,115,0.0
2026-05-19 22:00:00,8.8,92,1026.5,3.0,107,0.0
2026-05-19 23:00:00,8.3,93,1026.4,2.2,114,0.0
2026-05-20 00:00:00,7.2,93,1026.0,3.6,108,0.0
2026-05-20 01:00:00,6.5,94,1025.8,2.8,125,0.0
2026-05-20 02:00:00,6.1,95,1025.6,3.5,156,0.0
2026-05-20 03:00:00,6.2,95,1025.3,5.9,166,0.0
2026-05-20 04:00:00,6.0,96,1025.0,9.2,160,0.0
2026-05-20 05:00:00,6.0,94,1025.0,8.9,159,0.0
2026-05-20 06:00:00,5.7,94,1025.1,8.3,146,0.0
2026-05-20 07:00:00,5.6,94,1024.8,5.7,143,0.0
2026-05-20 08:00:00,6.0,94,1024.9,6.6,147,0.0
2026-05-20 09:00:00,8.5,89,1025.2,6.8,168,0.0
2026-05-20 10:00:00,10.7,87,1025.4,7.2,181,0.0
2026-05-20 11:00:00,12.7,84,1025.6,7.9,176,0.0
2026-05-20 12:00:00,14.9,80,1024.9,6.8,163,0.0
2026-05-20 13:00:00,16.0,75,1024.3,4.0,126,0.0
2026-05-20 14:00:00,16.7,70,1023.7,4.9,84,0.0
2026-05-20 15:00:00,16.7,67,1022.9,8.0,76,0.0
2026-05-20 16:00:00,16.0,73,1022.4,10.4,72,0.0
2026-05-20 17:00:00,14.1,80,1022.1,11.1,76,0.0
2026-05-20 18:00:00,12.4,84,1022.2,14.2,70,0.0
2026-05-20 19:00:00,11.7,89,1022.4,13.8,58,0.0
2026-05-20 20:00:00,11.1,90,1022.3,11.3,59,0.0
2026-05-20 21:00:00,10.4,90,1022.2,8.9,69,0.0
2026-05-20 22:00:00,9.5,90,1022.2,6.1,93,0.0
2026-05-20 23:00:00,8.7,90,1022.4,4.8,135,0.0
2026-05-21 00:00:00,8.1,89,1022.6,6.0,141,0.0
2026-05-21 01:00:00,6.8,92,1022.6,5.6,159,0.0
2026-05-21 02:00:00,6.0,93,1022.4,4.6,162,0.0
2026-05-21 03:00:00,6.0,92,1021.7,6.5,141,0.0
2026-05-21 04:00:00,5.8,92,1021.2,5.8,144,0.0
2026-05-21 05:00:00,5.5,92,1021.6,5.2,164,0.0
2026-05-21 06:00:00,5.3,93,1021.4,9.8,149,0.0
2026-05-21 07:00:00,6.0,91,1021.5,8.3,124,0.0
2026-05-21 08:00:00,7.8,87,1021.9,7.6,144,0.0
2026-05-21 09:00:00,9.4,85,1022.2,7.8,172,0.0
2026-05-21 10:00:00,11.9,84,1022.2,6.4,148,0.0
2026-05-21 11:00:00,14.5,80,1021.9,8.2,104,0.0
2026-05-21 12:00:00,16.7,76,1021.3,10.5,74,0.0
2026-05-21 13:00:00,17.4,73,1020.7,10.4,60,0.0
2026-05-21 14:00:00,17.7,69,1020.7,11.0,41,0.0
2026-05-21 15:00:00,17.4,71,1020.7,12.1,42,0.0
2026-05-21 16:00:00,16.5,78,1020.9,13.0,63,0.0
2026-05-21 17:00:00,14.6,86,1021.3,11.8,77,0.0
2026-05-21 18:00:00,13.2,89,1021.7,11.9,94,0.0
2026-05-21 19:00:00,12.6,89,1022.5,9.4,92,0.0
2026-05-21 20:00:00,11.9,90,1023.0,6.3,83,0.0
2026-05-21 21:00:00,10.8,91,1023.0,4.4,78,0.0
2026-05-21 22:00:00,10.2,93,1023.1,2.7,110,0.0
2026-05-21 23:00:00,9.7,94,1023.6,4.2,155,0.0
2026-05-22 00:00:00,10.1,94,1023.4,9.2,135,0.0
2026-05-22 01:00:00,9.6,94,1023.6,4.7,148,0.0
2026-05-22 02:00:00,8.5,95,1023.6,5.4,178,0.0
2026-05-22 03:00:00,8.5,94,1023.7,8.3,162,0.0
2026-05-22 04:00:00,8.2,94,1023.8,9.3,167,0.0
2026-05-22 05:00:00,8.0,93,1023.8,9.4,163,0.0
2026-05-22 06:00:00,8.1,91,1024.2,10.4,159,0.0
2026-05-22 07:00:00,7.8,91,1024.1,10.1,163,0.0
2026-05-22 08:00:00,8.0,88,1024.7,9.9,164,0.0
2026-05-22 09:00:00,9.6,86,1024.8,10.6,179,0.0
2026-05-22 10:00:00,11.4,84,1025.1,11.5,180,0.0
2026-05-22 11:00:00,13.5,83,1025.2,11.2,168,0.0
2026-05-22 12:00:00,15.7,79,1024.4,9.7,155,0.0
2026-05-22 13:00:00,17.0,71,1024.0,9.0,96,0.0
2026-05-22 14:00:00,17.4,64,1023.7,13.7,67,0.0
2026-05-22 15:00:00,16.9,66,1023.6,14.1,74,0.0
2026-05-22 16:00:00,16.0,71,1023.8,11.4,85,0.0
2026-05-22 17:00:00,14.5,75,1023.9,11.3,88,0.0
2026-05-22 18:00:00,13.2,77,1023.9,12.6,92,0.0
2026-05-22 19:00:00,12.4,80,1024.4,10.8,100,0.0
2026-05-22 20:00:00,11.9,82,1024.7,10.8,111,0.0
2026-05-22 21:00:00,11.4,83,1024.7,9.8,120,0.0
2026-05-22 22:00:00,10.5,87,1024.5,11.7,131,0.0
2026-05-22 23:00:00,10.1,87,1024.4,10.0,144,0.0
2026-05-23 00:00:00,9.9,86,1024.3,10.4,148,0.0
2026-05-23 01:00:00,9.4,89,1024.6,9.2,159,0.0
2026-05-23 02:00:00,9.0,90,1024.2,9.7,155,0.0
2026-05-23 03:00:00,8.9,91,1023.9,9.4,157,0.0
2026-05-23 04:00:00,8.7,90,1023.8,10.3,165,0.0
2026-05-23 05:00:00,8.4,91,1024.1,11.5,170,0.0
2026-05-23 06:00:00,8.4,90,1024.3,13.1,162,0.0
2026-05-23 07:00:00,8.7,89,1024.7,12.5,160,0.0
2026-05-23 08:00:00,9.4,88,1025.0,12.4,158,0.0
2026-05-23 09:00:00,11.0,87,1025.4,11.1,167,0.0
2026-05-23 10:00:00,13.4,85,1025.7,8.8,169,0.0
2026-05-23 11:00:00,15.6,82,1025.6,8.3,158,0.0
2026-05-23 12:00:00,16.2,80,1025.1,11.0,154,0.0
2026-05-23 13:00:00,17.6,75,1024.3,11.2,130,0.0
2026-05-23 14:00:00,17.7,75,1024.2,11.1,110,0.1
2026-05-23 15:00:00,17.4,79,1024.1,9.7,89,0.3
2026-05-23 16:00:00,16.9,82,1023.9,8.6,98,0.0
2026-05-23 17:00:00,15.4,86,1023.8,9.0,85,0.0
2026-05-23 18:00:00,14.1,90,1024.3,10.9,71,0.0
2026-05-23 19:00:00,13.4,90,1024.6,9.4,86,0.0
2026-05-23 20:00:00,13.0,90,1024.7,7.4,97,0.0
2026-05-23 21:00:00,12.6,90,1024.9,8.1,121,0.0
2026-05-23 22:00:00,11.5,92,1025.4,8.8,137,0.0
2026-05-23 23:00:00,10.8,93,1025.7,8.2,139,0.0
2026-05-24 00:00:00,10.9,91,1025.7,10.5,142,0.0
2026-05-24 01:00:00,10.6,88,1025.9,11.8,154,0.0
2026-05-24 02:00:00,10.0,84,1025.8,11.0,148,0.0
2026-05-24 03:00:00,9.7,85,1025.5,10.8,142,0.0
2026-05-24 04:00:00,9.5,88,1025.3,9.2,147,0.0
2026-05-24 05:00:00,9.4,89,1025.5,9.7,146,0.0
2026-05-24 06:00:00,9.7,87,1025.7,12.5,143,0.0
2026-05-24 07:00:00,10.0,87,1026.0,13.9,142,0.0
2026-05-24 08:00:00,10.7,86,1026.3,14.7,138,0.0
2026-05-24 09:00:00,12.8,82,1026.6,15.2,133,0.0
2026-05-24 10:00:00,14.7,78,1026.6,15.9,138,0.0
2026-05-24 11:00:00,15.9,72,1026.2,17.7,125,0.0
2026-05-24 12:00:00,16.9,68,1025.9,17.0,114,0.0
2026-05-24 13:00:00,17.4,63,1025.2,15.9,108,0.0
2026-05-24 14:00:00,17.6,61,1024.5,14.8,103,0.0
2026-05-24 15:00:00,17.5,63,1024.4,14.5,96,0.0
2026-05-24 16:00:00,16.5,71,1024.5,9.1,100,0.0
2026-05-24 17:00:00,14.3,82,1024.9,4.9,123,0.0
2026-05-24 18:00:00,13.0,85,1025.1,10.5,139,0.0
2026-05-24 19:00:00,12.7,78,1025.3,14.5,126,0.0
2026-05-24 20:00:00,12.2,77,1025.9,15.3,126,0.0
2026-05-24 21:00:00,11.1,81,1026.0,11.7,136,0.0
2026-05-24 22:00:00,10.2,85,1026.2,10.4,144,0.0
2026-05-24 23:00:00,9.6,87,1026.3,9.5,148,0.0
2026-05-25 00:00:00,9.0,88,1026.3,11.9,155,0.0
2026-05-25 01:00:00,8.6,88,1026.1,11.5,157,0.0
2026-05-25 02:00:00,8.4,89,1025.8,11.5,148,0.0
2026-05-25 03:00:00,8.2,88,1025.5,10.5,142,0.0
2026-05-25 04:00:00,7.7,89,1025.0,8.6,144,0.0
2026-05-25 05:00:00,7.1,90,1025.2,7.5,150,0.0
2026-05-25 06:00:00,6.4,91,1025.3,8.8,147,0.0
2026-05-25 07:00:00,5.9,92,1025.6,7.3,149,0.0
2026-05-25 08:00:00,5.9,93,1026.0,7.2,152,0.0
2026-05-25 09:00:00,8.1,85,1026.1,5.9,160,0.0
2026-05-25 10:00:00,10.0,84,1026.1,6.1,177,0.0
2026-05-25 11:00:00,11.8,80,1026.1,6.5,167,0.0
2026-05-25 12:00:00,14.0,72,1025.2,5.1,138,0.0
2026-05-25 13:00:00,14.8,67,1024.3,4.0,126,0.0
2026-05-25 14:00:00,15.2,65,1023.7,4.1,105,0.0
2026-05-25 15:00:00,15.3,64,1023.3,3.8,82,0.0
2026-05-25 16:00:00,14.8,70,1023.2,1.9,107,0.0
2026-05-25 17:00:00,12.9,75,1023.3,1.6,174,0.0
2026-05-25 18:00:00,11.2,79,1023.3,2.2,166,0.0
2026-05-25 19:00:00,10.4,82,1023.4,2.7,148,0.0
2026-05-25 20:00:00,9.3,86,1023.9,2.0,85,0.0
2026-05-25 21:00:00,8.5,90,1024.1,4.6,39,0.0
2026-05-25 22:00:00,7.4,93,1024.1,2.5,21,0.0
2026-05-25 23:00:00,7.2,95,1024.4,0.6,18,0.0
2026-05-26 00:00:00,6.8,96,1024.5,1.1,171,0.0
2026-05-26 01:00:00,6.7,94,1024.5,3.1,170,0.0
2026-05-26 02:00:00,6.5,93,1024.3,4.2,170,0.0
2026-05-26 03:00:00,6.0,94,1023.8,3.6,177,0.0
2026-05-26 04:00:00,5.6,95,1023.2,3.1,177,0.0
2026-05-26 05:00:00,5.3,96,1023.1,3.3,158,0.0
2026-05-26 06:00:00,4.7,100,1023.4,2.3,119,0.0
2026-05-26 07:00:00,4.4,100,1023.9,0.4,27,0.0
2026-05-26 08:00:00,4.6,99,1023.9,4.1,2,0.0
2026-05-26 09:00:00,6.1,98,1024.1,3.7,23,0.0
2026-05-26 10:00:00,8.1,97,1024.4,2.2,55,0.0
2026-05-26 11:00:00,9.9,95,1024.7,5.0,103,0.0
2026-05-26 12:00:00,12.1,89,1023.9,2.3,72,0.0
2026-05-26 13:00:00,14.0,83,1023.1,3.2,56,0.0
2026-05-26 14:00:00,15.3,80,1022.2,1.4,337,0.0
2026-05-26 15:00:00,16.3,77,1021.8,4.7,212,0.0
2026-05-26 16:00:00,16.1,81,1021.9,5.5,189,0.0
2026-05-26 17:00:00,13.8,87,1022.5,5.7,189,0.0
2026-05-26 18:00:00,12.3,86,1022.9,5.5,193,0.0
2026-05-26 19:00:00,11.3,88,1023.3,2.2,171,0.0
2026-05-26 20:00:00,10.0,92,1023.7,3.0,166,0.0
2026-05-26 21:00:00,9.2,93,1024.1,2.0,135,0.0
2026-05-26 22:00:00,8.6,94,1024.8,3.3,144,0.0
2026-05-26 23:00:00,8.5,94,1025.4,6.1,168,0.0
2026-05-27 00:00:00,8.1,93,1025.7,8.3,158,0.0
2026-05-27 01:00:00,8.2,90,1025.7,8.4,149,0.0
2026-05-27 02:00:00,7.9,87,1025.7,7.8,136,0.0
2026-05-27 03:00:00,7.3,88,1025.5,5.9,142,0.0
2026-05-27 04:00:00,7.1,88,1025.3,7.2,141,0.0
2026-05-27 05:00:00,6.9,89,1025.8,7.1,156,0.0
2026-05-27 06:00:00,6.8,89,1025.9,8.6,154,0.0
2026-05-27 07:00:00,6.4,90,1026.3,6.4,162,0.0
2026-05-27 08:00:00,6.9,90,1026.7,7.2,161,0.0
2026-05-27 09:00:00,8.3,89,1027.1,6.9,165,0.0
2026-05-27 10:00:00,9.8,88,1027.3,3.4,186,0.0
2026-05-27 11:00:00,11.8,83,1027.6,3.7,194,0.0
2026-05-27 12:00:00,13.9,78,1026.6,3.3,174,0.0
2026-05-27 13:00:00,15.0,75,1025.5,1.0,45,0.0
2026-05-27 14:00:00,15.4,75,1024.8,0.9,349,0.0
2026-05-27 15:00:00,15.5,76,1024.4,1.2,333,0.0
2026-05-27 16:00:00,15.3,78,1024.4,2.2,305,0.0
2026-05-27 17:00:00,13.5,85,1024.5,3.4,313,0.0
2026-05-27 18:00:00,12.0,88,1024.1,1.5,346,0.0
2026-05-27 19:00:00,11.4,90,1024.1,0.9,360,0.0
2026-05-27 20:00:00,10.5,92,1024.1,2.0,350,0.0
2026-05-27 21:00:00,10.0,94,1023.9,3.8,335,0.0
2026-05-27 22:00:00,9.9,94,1023.6,1.2,297,0.0
2026-05-27 23:00:00,9.1,98,1023.7,1.3,188,0.0
2026-05-28 00:00:00,8.5,100,1023.5,2.6,129,0.0
2026-05-28 01:00:00,8.3,100,1023.1,1.0,112,0.0
2026-05-28 02:00:00,7.8,100,1022.6,0.5,90,0.0
2026-05-28 03:00:00,7.5,100,1022.1,1.3,98,0.0
2026-05-28 04:00:00,7.7,99,1021.3,1.9,61,0.0
2026-05-28 05:00:00,7.2,100,1021.1,3.2,19,0.0
2026-05-28 06:00:00,7.5,99,1021.0,5.1,42,0.0
2026-05-28 07:00:00,7.5,100,1021.3,5.0,15,0.0
2026-05-28 08:00:00,7.5,100,1021.9,1.8,84,0.0
2026-05-28 09:00:00,8.2,100,1022.0,3.1,152,0.0
2026-05-28 10:00:00,8.9,99,1021.8,1.6,186,0.0
2026-05-28 11:00:00,10.3,100,1021.6,0.4,270,0.0
2026-05-28 12:00:00,12.6,92,1020.5,1.1,261,0.0
2026-05-28 13:00:00,14.0,87,1019.4,1.4,203,0.0
2026-05-28 14:00:00,15.0,84,1019.0,1.8,127,0.0
2026-05-28 15:00:00,15.1,84,1018.5,4.3,105,0.0
2026-05-28 16:00:00,14.9,86,1018.4,3.7,104,0.0
2026-05-28 17:00:00,13.3,92,1018.7,1.7,103,0.0
2026-05-28 18:00:00,12.4,94,1019.0,0.3,45,0.0
2026-05-28 19:00:00,11.0,97,1019.4,3.6,297,0.0
2026-05-28 20:00:00,10.1,96,1019.7,4.7,277,0.0
2026-05-28 21:00:00,9.0,98,1019.7,2.0,280,0.0
2026-05-28 22:00:00,8.3,100,1019.7,0.6,326,0.0
2026-05-28 23:00:00,7.7,100,1019.9,0.3,45,0.0
2026-05-29 00:00:00,7.7,99,1019.9,2.7,113,0.0
2026-05-29 01:00:00,7.8,99,1019.9,3.4,122,0.0
2026-05-29 02:00:00,7.9,100,1019.7,1.3,135,0.0
2026-05-29 03:00:00,7.6,100,1019.7,1.8,156,0.0
2026-05-29 04:00:00,7.7,99,1019.5,5.3,145,0.0
2026-05-29 05:00:00,7.7,98,1019.7,6.3,160,0.0
2026-05-29 06:00:00,7.1,99,1019.9,5.7,167,0.0
2026-05-29 07:00:00,7.1,100,1020.4,5.4,182,0.0
2026-05-29 08:00:00,7.1,100,1021.2,7.1,174,0.0
2026-05-29 09:00:00,7.7,99,1021.7,7.3,155,0.0
2026-05-29 10:00:00,8.6,99,1021.7,6.5,156,0.0
2026-05-29 11:00:00,9.6,96,1021.8,7.5,165,0.0
2026-05-29 12:00:00,11.9,88,1020.9,5.4,176,0.0
2026-05-29 13:00:00,12.9,86,1020.2,3.9,204,0.0
2026-05-29 14:00:00,13.5,85,1019.7,3.5,201,0.0
2026-05-29 15:00:00,13.8,82,1019.7,4.7,182,0.0
2026-05-29 16:00:00,13.4,83,1019.6,4.9,170,0.0
2026-05-29 17:00:00,11.4,92,1019.7,1.7,162,0.0
2026-05-29 18:00:00,10.0,94,1019.8,4.8,135,0.0
2026-05-29 19:00:00,9.4,96,1020.3,2.7,148,0.0
2026-05-29 20:00:00,9.2,96,1021.0,1.3,188,0.0
2026-05-29 21:00:00,8.7,97,1021.5,1.3,180,0.0
2026-05-29 22:00:00,8.3,96,1021.7,3.7,137,0.0
2026-05-29 23:00:00,7.8,96,1021.8,3.2,117,0.0
2026-05-30 00:00:00,6.2,99,1022.1,2.0,175,0.0
2026-05-30 01:00:00,5.8,100,1022.2,1.4,230,0.0
2026-05-30 02:00:00,5.9,100,1021.8,3.0,142,0.0
2026-05-30 03:00:00,6.3,100,1021.4,4.0,148,0.0
2026-05-30 04:00:00,6.3,96,1021.0,4.9,163,0.0
2026-05-30 05:00:00,6.3,94,1020.9,4.3,163,0.0
2026-05-30 06:00:00,6.3,95,1021.3,6.3,153,0.0
2026-05-30 07:00:00,5.9,97,1021.9,3.3,171,0.0
2026-05-30 08:00:00,6.4,97,1022.2,5.4,159,0.0
2026-05-30 09:00:00,8.2,94,1022.6,6.1,156,0.0
2026-05-30 10:00:00,10.7,94,1022.8,5.4,143,0.0
2026-05-30 11:00:00,13.1,92,1022.6,4.6,126,0.0
2026-05-30 12:00:00,16.5,79,1021.8,11.7,67,0.0
2026-05-30 13:00:00,17.2,75,1021.0,16.5,55,0.1
2026-05-30 14:00:00,17.2,72,1020.3,18.9,52,0.0
2026-05-30 15:00:00,17.1,71,1019.9,18.6,45,0.0
2026-05-30 16:00:00,16.1,77,1019.7,18.8,52,0.0
2026-05-30 17:00:00,14.7,83,1019.9,18.5,54,0.0
2026-05-30 18:00:00,13.7,87,1020.1,18.0,55,0.0
2026-05-30 19:00:00,13.3,87,1020.2,17.6,56,0.0
2026-05-30 20:00:00,13.1,88,1020.2,17.5,54,0.0
2026-05-30 21:00:00,13.0,88,1020.3,17.4,53,0.0
2026-05-30 22:00:00,12.9,89,1020.2,16.6,54,0.0
2026-05-30 23:00:00,13.2,87,1020.2,16.1,50,0.0
2026-05-31 00:00:00,13.3,86,1020.3,16.1,51,0.0
2026-05-31 01:00:00,14.0,83,1020.1,17.3,48,0.0
2026-05-31 02:00:00,13.9,84,1019.7,17.7,51,0.0
2026-05-31 03:00:00,13.3,87,1018.9,17.3,56,0.0
2026-05-31 04:00:00,12.9,89,1018.6,17.7,53,0.0
2026-05-31 05:00:00,13.2,88,1018.3,17.8,50,0.0
2026-05-31 06:00:00,13.1,89,1018.4,18.4,53,0.0
2026-05-31 07:00:00,13.2,88,1018.1,18.2,51,0.0
2026-05-31 08:00:00,13.6,87,1018.7,17.3,42,0.0
2026-05-31 09:00:00,15.2,82,1018.6,18.2,45,0.0
2026-05-31 10:00:00,16.7,77,1018.5,20.7,39,0.0
2026-05-31 11:00:00,17.5,75,1018.6,21.7,35,0.0
2026-05-31 12:00:00,18.3,74,1017.7,26.1,36,0.0
2026-05-31 13:00:00,18.2,74,1017.2,25.8,31,0.0
2026-05-31 14:00:00,17.6,78,1016.7,21.2,37,0.1
2026-05-31 15:00:00,18.0,75,1016.3,21.9,42,0.0
2026-05-31 16:00:00,17.6,76,1016.5,22.0,42,0.0
2026-05-31 17:00:00,16.7,76,1016.5,22.7,43,0.0
2026-05-31 18:00:00,16.4,77,1016.3,21.7,49,0.0
2026-05-31 19:00:00,16.1,80,1016.2,21.7,48,0.0
2026-05-31 20:00:00,16.1,80,1016.4,23.9,44,0.0
2026-05-31 21:00:00,16.3,78,1016.2,25.6,45,0.0
2026-05-31 22:00:00,16.6,79,1015.9,25.3,45,0.0
2026-05-31 23:00:00,16.8,80,1016.3,24.0,40,0.0
2026-06-01 00:00:00,16.0,90,1016.9,23.4,39,0.0
2026-06-01 01:00:00,15.9,91,1016.4,21.7,37,0.5
2026-06-01 02:00:00,15.9,89,1016.1,22.2,40,0.1
2026-06-01 03:00:00,16.2,87,1015.2,22.0,44,0.0
2026-06-01 04:00:00,16.0,87,1015.2,24.5,36,0.0
2026-06-01 05:00:00,16.2,87,1015.2,24.9,36,0.0
2026-06-01 06:00:00,15.8,90,1014.8,22.7,44,0.0
2026-06-01 07:00:00,16.0,88,1015.0,23.1,41,0.0
2026-06-01 08:00:00,16.0,88,1015.2,25.0,41,0.0
2026-06-01 09:00:00,16.7,86,1015.3,25.2,42,0.0
2026-06-01 10:00:00,17.6,83,1014.9,27.2,42,0.0
2026-06-01 11:00:00,18.2,82,1014.6,26.0,43,0.0
2026-06-01 12:00:00,18.3,80,1013.6,27.0,46,0.0
2026-06-01 13:00:00,18.1,80,1011.8,28.3,50,0.0
2026-06-01 14:00:00,18.0,81,1011.6,26.9,38,0.0
2026-06-01 15:00:00,17.8,83,1011.2,25.0,39,0.1
2026-06-01 16:00:00,17.6,85,1010.6,23.9,44,0.0
2026-06-01 17:00:00,17.3,87,1010.6,24.8,40,0.3
2026-06-01 18:00:00,17.1,91,1010.6,25.1,36,0.5
2026-06-01 19:00:00,17.1,92,1009.9,23.7,41,0.6
2026-06-01 20:00:00,17.0,91,1009.3,27.6,43,0.3
2026-06-01 21:00:00,17.0,92,1008.8,26.2,44,0.8
2026-06-01 22:00:00,17.0,92,1008.6,28.7,43,0.6
2026-06-01 23:00:00,17.2,91,1008.4,30.2,37,0.6
2026-06-02 00:00:00,17.2,91,1007.3,30.8,41,0.4
2026-06-02 01:00:00,17.3,92,1006.6,28.4,41,1.7
2026-06-02 02:00:00,17.3,92,1007.1,24.1,38,1.8
2026-06-02 03:00:00,16.9,92,1006.4,23.8,40,3.0
2026-06-02 04:00:00,16.8,92,1004.4,28.2,59,3.9
2026-06-02 05:00:00,16.9,92,1003.1,30.6,53,2.0
2026-06-02 06:00:00,16.8,93,1003.8,23.6,49,2.1
2026-06-02 07:00:00,16.9,93,1002.9,24.0,49,0.7
2026-06-02 08:00:00,16.8,93,1002.7,23.4,43,2.9
2026-06-02 09:00:00,17.3,92,1002.4,22.5,46,0.2
2026-06-02 10:00:00,17.7,92,1002.4,22.7,34,0.6
2026-06-02 11:00:00,18.4,91,1003.1,28.1,356,0.4
2026-06-02 12:00:00,19.0,87,1003.0,23.0,325,0.7
2026-06-02 13:00:00,18.6,85,1002.4,17.7,315,0.2
2026-06-02 14:00:00,18.5,82,1002.5,17.3,300,0.1
2026-06-02 15:00:00,18.4,82,1002.6,13.9,304,0.0
2026-06-02 16:00:00,18.0,82,1003.1,12.3,307,0.0
2026-06-02 17:00:00,16.6,87,1003.5,7.3,301,0.0
2026-06-02 18:00:00,15.2,90,1003.6,4.5,2,0.0
2026-06-02 19:00:00,14.2,93,1003.8,4.4,9,0.0
2026-06-02 20:00:00,13.3,95,1003.8,1.8,45,0.0
2026-06-02 21:00:00,12.6,98,1004.3,2.6,39,0.0
2026-06-02 22:00:00,12.6,99,1004.5,2.8,40,0.0
2026-06-02 23:00:00,12.5,100,1004.7,0.5,90,0.0
2026-06-03 00:00:00,12.0,99,1004.6,0.3,135,0.0
2026-06-03 01:00:00,12.1,98,1004.4,2.6,115,0.0
2026-06-03 02:00:00,11.9,95,1004.5,4.2,59,0.1
2026-06-03 03:00:00,12.0,95,1004.1,2.8,117,0.8
2026-06-03 04:00:00,12.2,96,1003.9,5.4,159,0.5
2026-06-03 05:00:00,12.1,96,1004.2,2.9,158,0.9
2026-06-03 06:00:00,11.9,96,1004.1,7.5,125,1.9
2026-06-03 07:00:00,12.2,95,1004.9,4.0,148,2.9
2026-06-03 08:00:00,12.2,95,1005.0,8.7,175,0.6
2026-06-03 09:00:00,12.6,96,1005.9,5.7,171,0.1
2026-06-03 10:00:00,13.1,95,1006.4,4.3,182,0.2
2026-06-03 11:00:00,13.9,93,1006.8,4.8,202,0.2
2026-06-03 12:00:00,15.7,86,1006.9,11.3,227,0.1
2026-06-03 13:00:00,16.4,81,1006.8,13.4,226,0.2
2026-06-03 14:00:00,16.9,76,1006.9,15.0,230,0.1
2026-06-03 15:00:00,16.5,76,1007.1,13.4,233,0.0
2026-06-03 16:00:00,15.8,77,1007.8,11.4,251,0.0
2026-06-03 17:00:00,14.1,79,1008.4,14.7,264,0.0
2026-06-03 18:00:00,12.8,83,1009.2,13.3,262,0.0
2026-06-03 19:00:00,12.2,84,1010.1,10.2,262,0.0
2026-06-03 20:00:00,11.4,86,1010.5,6.1,267,0.0
2026-06-03 21:00:00,10.4,88,1010.9,4.9,276,0.0
2026-06-03 22:00:00,9.9,89,1011.3,4.3,275,0.0
2026-06-03 23:00:00,9.7,89,1011.7,2.2,284,0.0
2026-06-04 00:00:00,9.1,90,1011.9,1.3,315,0.0
2026-06-04 01:00:00,8.7,92,1012.0,0.6,326,0.0
2026-06-04 02:00:00,8.1,95,1012.5,1.5,315,0.0
2026-06-04 03:00:00,8.0,96,1012.3,0.6,72,0.0
2026-06-04 04:00:00,7.9,95,1012.0,1.9,49,0.0
2026-06-04 05:00:00,7.9,97,1012.1,3.9,37,0.0
2026-06-04 06:00:00,7.0,97,1012.5,4.8,70,0.0
2026-06-04 07:00:00,6.9,98,1012.6,5.2,59,0.0
2026-06-04 08:00:00,7.7,97,1012.5,4.8,79,0.1
2026-06-04 09:00:00,9.6,94,1013.2,5.0,92,0.0
2026-06-04 10:00:00,11.6,92,1013.1,4.5,104,0.0
2026-06-04 11:00:00,13.1,90,1013.3,4.1,92,0.0
2026-06-04 12:00:00,16.6,83,1012.2,7.7,21,0.2
2026-06-04 13:00:00,16.5,84,1011.5,15.0,350,0.7
2026-06-04 14:00:00,16.3,87,1011.1,13.9,349,0.6
2026-06-04 15:00:00,16.3,84,1011.0,11.8,9,0.2
2026-06-04 16:00:00,15.6,86,1010.8,11.2,21,0.2
2026-06-04 17:00:00,15.0,91,1011.1,10.3,5,0.1
2026-06-04 18:00:00,14.6,95,1011.0,11.4,355,1.1
2026-06-04 19:00:00,14.4,95,1010.7,13.4,352,0.3
2026-06-04 20:00:00,14.3,95,1010.8,13.9,3,0.3
2026-06-04 21:00:00,14.3,93,1010.9,13.0,6,0.1
2026-06-04 22:00:00,14.0,94,1010.8,11.5,9,0.0
2026-06-04 23:00:00,13.8,94,1011.1,9.5,360,0.0
2026-06-05 00:00:00,14.5,94,1010.7,10.4,351,0.0
2026-06-05 01:00:00,14.4,94,1010.2,11.5,8,0.0
2026-06-05 02:00:00,13.8,95,1009.8,9.7,10,0.0
2026-06-05 03:00:00,14.4,94,1009.6,12.2,2,0.0
2026-06-05 04:00:00,14.7,94,1008.8,14.2,356,0.0
2026-06-05 05:00:00,14.9,95,1008.5,14.8,2,0.0
2026-06-05 06:00:00,14.8,95,1008.0,14.4,10,0.0
2026-06-05 07:00:00,15.0,94,1008.1,16.0,12,0.0
2026-06-05 08:00:00,15.4,93,1008.5,19.7,6,0.0
2026-06-05 09:00:00,16.0,91,1008.4,23.0,9,0.0
2026-06-05 10:00:00,16.4,88,1007.8,24.1,12,0.0
2026-06-05 11:00:00,17.1,84,1007.4,27.2,8,0.0
2026-06-05 12:00:00,16.7,89,1005.8,25.8,12,0.0
2026-06-05 13:00:00,17.2,87,1004.9,26.1,13,0.2
2026-06-05 14:00:00,17.9,85,1004.2,26.8,3,0.1
2026-06-05 15:00:00,16.9,90,1003.6,27.5,359,1.4
2026-06-05 16:00:00,16.3,92,1003.6,23.9,1,1.4
2026-06-05 17:00:00,16.3,91,1003.2,22.0,0,1.1
2026-06-05 18:00:00,15.8,94,1002.3,22.2,4,3.0
2026-06-05 19:00:00,15.6,94,1002.0,17.9,357,4.3
2026-06-05 20:00:00,16.0,93,1001.7,21.2,353,2.4
2026-06-05 21:00:00,15.9,93,1001.5,21.8,345,1.7
2026-06-05 22:00:00,15.4,88,1000.7,19.5,357,1.8
2026-06-05 23:00:00,14.5,90,1000.7,15.9,354,0.1
2026-06-06 00:00:00,15.0,92,1000.2,19.5,4,1.2
2026-06-06 01:00:00,14.6,94,999.1,14.7,352,0.1
2026-06-06 02:00:00,13.8,93,999.3,18.9,328,0.2
2026-06-06 03:00:00,14.3,93,999.4,19.8,322,0.2
2026-06-06 04:00:00,14.1,93,999.1,19.8,322,0.1
2026-06-06 05:00:00,13.8,92,999.2,19.8,308,0.2
2026-06-06 06:00:00,12.7,93,999.2,13.2,340,0.3
2026-06-06 07:00:00,12.9,92,999.6,13.6,334,0.1
2026-06-06 08:00:00,12.5,94,1000.3,13.4,348,0.0
2026-06-06 09:00:00,13.2,94,1000.9,13.2,336,0.2
2026-06-06 10:00:00,13.9,92,1001.9,15.6,291,0.5
2026-06-06 11:00:00,14.6,86,1002.1,15.0,290,0.1
2026-06-06 12:00:00,15.2,80,1001.6,16.0,304,0.1
2026-06-06 13:00:00,15.9,83,1001.3,17.7,298,0.1
2026-06-06 14:00:00,15.9,82,1001.4,20.1,285,0.3
2026-06-06 15:00:00,15.9,81,1001.5,18.1,290,0.1
2026-06-06 16:00:00,15.3,80,1002.1,18.1,281,0.2
2026-06-06 17:00:00,14.6,81,1002.7,12.4,286,0.0
2026-06-06 18:00:00,13.6,83,1003.1,11.4,282,0.0
2026-06-06 19:00:00,13.0,87,1003.4,8.2,278,0.0
2026-06-06 20:00:00,12.7,89,1004.1,11.8,283,0.2
2026-06-06 21:00:00,12.4,91,1004.7,13.3,283,0.3
2026-06-06 22:00:00,12.0,93,1005.6,16.1,264,0.3
2026-06-06 23:00:00,11.7,94,1006.0,16.0,255,0.3
2026-06-07 00:00:00,12.0,91,1006.1,14.7,255,0.2
2026-06-07 01:00:00,11.9,92,1006.3,13.7,252,0.0
2026-06-07 02:00:00,11.8,93,1006.7,10.1,259,0.0
2026-06-07 03:00:00,11.9,90,1007.3,12.5,242,0.0
2026-06-07 04:00:00,11.4,90,1007.5,9.1,243,0.0
2026-06-07 05:00:00,11.0,89,1007.9,8.9,252,0.0
2026-06-07 06:00:00,10.7,88,1008.6,10.4,253,0.0
2026-06-07 07:00:00,10.9,87,1009.2,9.4,240,0.0
2026-06-07 08:00:00,10.6,89,1009.9,7.0,241,0.0
2026-06-07 09:00:00,12.3,88,1010.5,10.3,221,0.0
2026-06-07 10:00:00,13.8,80,1011.3,14.6,206,0.0
2026-06-07 11:00:00,14.9,74,1012.0,12.4,194,0.0
2026-06-07 12:00:00,15.4,64,1011.6,16.5,188,0.0
2026-06-07 13:00:00,15.7,63,1011.5,14.8,193,0.0
2026-06-07 14:00:00,15.8,62,1011.8,13.2,185,0.0
2026-06-07 15:00:00,15.8,62,1012.0,9.7,177,0.0
2026-06-07 16:00:00,15.1,74,1012.4,4.0,144,0.0
2026-06-07 17:00:00,12.8,79,1013.1,2.7,274,0.0
2026-06-07 18:00:00,11.5,83,1013.8,6.7,278,0.0
2026-06-07 19:00:00,11.3,82,1014.5,8.2,256,0.0
2026-06-07 20:00:00,10.7,83,1015.2,6.6,254,0.0
2026-06-07 21:00:00,10.1,84,1015.5,5.8,268,0.0
2026-06-07 22:00:00,10.0,82,1016.0,6.0,279,0.0
2026-06-07 23:00:00,10.1,82,1016.0,5.9,284,0.0
2026-06-08 00:00:00,9.9,83,1016.0,6.4,280,0.0
2026-06-08 01:00:00,9.8,84,1016.1,6.7,264,0.0
2026-06-08 02:00:00,9.6,85,1016.0,6.0,279,0.0
2026-06-08 03:00:00,9.5,85,1016.1,5.1,274,0.0
2026-06-08 04:00:00,9.5,85,1016.0,4.7,270,0.0
2026-06-08 05:00:00,9.6,84,1015.9,5.8,265,0.0
2026-06-08 06:00:00,9.4,84,1016.1,5.7,288,0.0
2026-06-08 07:00:00,11.9,78,1016.2,9.4,273,0.0
2026-06-08 08:00:00,12.3,78,1016.2,12.8,272,0.0
2026-06-08 09:00:00,13.5,78,1016.4,14.3,256,0.0
2026-06-08 10:00:00,15.2,75,1016.4,18.3,247,0.0
2026-06-08 11:00:00,15.9,72,1016.5,24.3,246,0.0
2026-06-08 12:00:00,16.3,69,1015.8,24.6,247,0.0
2026-06-08 13:00:00,16.5,67,1015.0,27.2,247,0.0
2026-06-08 14:00:00,16.3,67,1014.4,27.9,245,0.0
2026-06-08 15:00:00,15.9,74,1014.2,25.9,249,0.0
2026-06-08 16:00:00,15.1,79,1014.0,23.1,248,0.0
2026-06-08 17:00:00,14.4,80,1014.1,24.1,243,0.0
2026-06-08 18:00:00,13.8,79,1014.3,22.1,246,0.0
2026-06-08 19:00:00,14.0,78,1013.9,24.1,248,0.0
2026-06-08 20:00:00,14.2,76,1013.6,27.2,251,0.0
2026-06-08 21:00:00,14.7,74,1012.8,31.8,251,0.0
2026-06-08 22:00:00,14.6,77,1012.7,30.6,249,0.0
2026-06-08 23:00:00,14.8,77,1012.6,32.0,244,0.0
2026-06-09 00:00:00,14.7,76,1013.1,32.3,247,0.0
2026-06-09 01:00:00,14.3,73,1013.1,27.5,239,0.0
2026-06-09 02:00:00,13.7,73,1013.9,25.1,227,0.0
2026-06-09 03:00:00,13.5,72,1014.4,23.2,223,0.0
2026-06-09 04:00:00,12.9,74,1014.6,18.7,221,0.0
2026-06-09 05:00:00,12.6,73,1014.8,16.2,222,0.0
2026-06-09 06:00:00,11.6,74,1015.1,14.1,212,0.0
2026-06-09 07:00:00,10.3,80,1016.0,7.8,188,0.0
2026-06-09 08:00:00,9.1,86,1017.1,6.5,156,0.0
2026-06-09 09:00:00,10.4,85,1018.4,7.1,161,0.0
2026-06-09 10:00:00,12.3,78,1019.0,4.0,185,0.0
2026-06-09 11:00:00,13.3,73,1019.7,8.8,163,0.0
2026-06-09 12:00:00,14.2,68,1019.3,11.3,193,0.0
2026-06-09 13:00:00,14.8,63,1019.0,13.0,190,0.0
2026-06-09 14:00:00,14.7,57,1019.4,22.0,183,0.0
2026-06-09 15:00:00,13.8,62,1020.1,22.7,172,0.0
2026-06-09 16:00:00,12.9,62,1021.0,18.5,180,0.0
2026-06-09 17:00:00,11.7,56,1021.7,19.3,194,0.0
2026-06-09 18:00:00,10.9,53,1022.4,20.0,198,0.0
2026-06-09 19:00:00,10.6,53,1023.2,21.6,203,0.0
2026-06-09 20:00:00,10.0,54,1024.0,19.9,206,0.0
2026-06-09 21:00:00,9.2,56,1024.7,17.8,198,0.0
2026-06-09 22:00:00,8.3,62,1025.3,15.5,188,0.0
2026-06-09 23:00:00,7.6,66,1025.8,15.0,183,0.0
2026-06-10 00:00:00,7.4,68,1026.2,13.1,189,0.0
2026-06-10 01:00:00,6.9,69,1026.4,13.4,187,0.0
2026-06-10 02:00:00,6.3,71,1026.9,12.3,177,0.0
2026-06-10 03:00:00,5.7,73,1027.1,9.8,167,0.0
2026-06-10 04:00:00,5.1,76,1027.4,7.3,157,0.0
2026-06-10 05:00:00,4.8,78,1027.8,6.6,154,0.0
2026-06-10 06:00:00,3.6,81,1028.5,7.2,145,0.0
2026-06-10 07:00:00,3.1,83,1028.9,5.9,149,0.0
2026-06-10 08:00:00,3.1,83,1029.5,4.4,125,0.0
2026-06-10 09:00:00,4.9,81,1030.3,5.0,105,0.0
2026-06-10 10:00:00,6.6,76,1030.5,2.2,99,0.0
2026-06-10 11:00:00,8.1,72,1030.6,2.5,176,0.0
2026-06-10 12:00:00,10.2,68,1030.0,4.2,173,0.0
2026-06-10 13:00:00,11.2,66,1029.3,5.1,186,0.0
2026-06-10 14:00:00,11.8,62,1029.1,5.3,213,0.0
2026-06-10 15:00:00,12.4,61,1029.0,5.3,225,0.0
2026-06-10 16:00:00,12.0,71,1029.5,3.4,196,0.0
2026-06-10 17:00:00,10.0,75,1029.8,1.5,144,0.0
2026-06-10 18:00:00,8.6,75,1030.3,2.2,125,0.0
2026-06-10 19:00:00,8.3,74,1030.6,1.3,164,0.0
2026-06-10 20:00:00,8.0,75,1031.0,0.8,243,0.0
2026-06-10 21:00:00,7.3,77,1031.2,0.5,90,0.0
2026-06-10 22:00:00,6.7,77,1031.4,2.6,106,0.0
2026-06-10 23:00:00,6.1,81,1031.7,3.1,149,0.0
2026-06-11 00:00:00,4.5,91,1031.5,5.1,148,0.0
2026-06-11 01:00:00,4.0,92,1031.4,4.3,147,0.0
2026-06-11 02:00:00,3.6,93,1031.6,3.7,145,0.0
2026-06-11 03:00:00,3.3,93,1031.8,3.9,143,0.0
2026-06-11 04:00:00,3.2,93,1031.4,4.9,152,0.0
2026-06-11 05:00:00,3.1,94,1031.4,5.1,162,0.0
2026-06-11 06:00:00,3.1,94,1031.8,5.7,167,0.0
2026-06-11 07:00:00,3.0,94,1032.2,6.3,165,0.0
2026-06-11 08:00:00,3.0,94,1032.7,5.9,160,0.0
2026-06-11 09:00:00,4.4,92,1033.1,7.0,176,0.0
2026-06-11 10:00:00,6.1,91,1033.3,5.1,188,0.0
2026-06-11 11:00:00,7.9,89,1033.2,4.7,189,0.0
2026-06-11 12:00:00,9.5,84,1032.6,6.3,185,0.0
2026-06-11 13:00:00,10.8,78,1031.8,5.1,184,0.0
2026-06-11 14:00:00,11.6,73,1031.1,2.9,176,0.0
2026-06-11 15:00:00,11.8,72,1030.8,1.4,130,0.0
2026-06-11 16:00:00,11.4,76,1030.7,1.5,97,0.0
2026-06-11 17:00:00,9.2,83,1030.7,1.6,63,0.0
2026-06-11 18:00:00,7.9,85,1031.0,1.9,68,0.0
2026-06-11 19:00:00,7.6,84,1031.1,0.8,63,0.0
2026-06-11 20:00:00,6.9,87,1031.3,1.8,6,0.0
2026-06-11 21:00:00,6.2,91,1031.3,2.1,345,0.0
2026-06-11 22:00:00,5.8,93,1031.3,1.1,9,0.0
2026-06-11 23:00:00,5.5,95,1031.4,0.8,45,0.0
2026-06-12 00:00:00,5.0,95,1031.3,1.4,67,0.0
2026-06-12 01:00:00,4.9,95,1030.7,3.0,57,0.0
2026-06-12 02:00:00,4.2,97,1030.4,3.9,53,0.0
2026-06-12 03:00:00,4.5,99,1030.2,5.9,40,0.0
2026-06-12 04:00:00,5.0,99,1030.0,5.3,35,0.0
2026-06-12 05:00:00,5.3,99,1029.7,5.8,39,0.0
2026-06-12 06:00:00,4.3,100,1029.6,5.0,41,0.0
2026-06-12 07:00:00,4.7,100,1029.8,5.2,44,0.0
2026-06-12 08:00:00,4.6,100,1030.0,4.2,50,0.0
2026-06-12 09:00:00,6.8,99,1030.4,3.8,45,0.0
2026-06-12 10:00:00,9.2,97,1030.4,5.6,45,0.0
2026-06-12 11:00:00,12.0,90,1030.2,6.2,44,0.0
2026-06-12 12:00:00,13.5,83,1029.3,3.2,34,0.0
2026-06-12 13:00:00,14.8,79,1028.4,9.1,221,0.0
2026-06-12 14:00:00,15.4,72,1027.7,14.4,228,0.0
2026-06-12 15:00:00,15.3,69,1027.5,15.5,228,0.0
2026-06-12 16:00:00,14.8,71,1027.3,13.4,239,0.0
2026-06-12 17:00:00,13.4,80,1027.4,10.5,257,0.0
2026-06-12 18:00:00,12.1,87,1027.3,6.2,263,0.0
2026-06-12 19:00:00,10.8,90,1027.4,3.5,261,0.0
2026-06-12 20:00:00,9.2,94,1027.7,4.9,163,0.0
2026-06-12 21:00:00,8.3,94,1027.9,5.6,153,0.0
2026-06-12 22:00:00,7.6,94,1028.5,6.3,156,0.0
2026-06-12 23:00:00,7.2,93,1029.0,6.6,139,0.0
2026-06-13 00:00:00,6.3,92,1029.1,7.4,137,0.0
2026-06-13 01:00:00,6.1,93,1029.2,6.9,160,0.0
2026-06-13 02:00:00,5.7,94,1029.3,5.8,164,0.0
2026-06-13 03:00:00,5.4,93,1029.3,5.6,159,0.0
2026-06-13 04:00:00,4.9,93,1029.2,4.2,144,0.0
2026-06-13 05:00:00,4.7,92,1029.4,1.9,112,0.0
2026-06-13 06:00:00,3.9,92,1029.6,3.3,144,0.0
2026-06-13 07:00:00,3.7,93,1029.9,3.5,145,0.0
2026-06-13 08:00:00,3.7,94,1030.5,3.6,131,0.0
2026-06-13 09:00:00,5.6,91,1031.2,3.8,149,0.0
2026-06-13 10:00:00,7.7,89,1031.5,3.4,196,0.0
2026-06-13 11:00:00,9.3,86,1031.6,3.5,189,0.0
2026-06-13 12:00:00,11.2,83,1030.4,4.2,175,0.0
2026-06-13 13:00:00,12.3,80,1029.6,2.7,203,0.0
2026-06-13 14:00:00,13.0,77,1029.2,1.9,221,0.0
2026-06-13 15:00:00,13.1,77,1029.0,1.5,225,0.0
2026-06-13 16:00:00,12.8,79,1028.8,0.8,45,0.0
2026-06-13 17:00:00,10.7,87,1029.0,0.7,104,0.0
2026-06-13 18:00:00,9.5,88,1029.0,2.4,73,0.0
2026-06-13 19:00:00,9.2,88,1029.1,1.3,45,0.0
2026-06-13 20:00:00,8.6,91,1029.5,1.3,360,0.0
2026-06-13 21:00:00,7.9,94,1029.6,0.8,333,0.0
2026-06-13 22:00:00,7.3,97,1030.0,0.4,27,0.0
2026-06-13 23:00:00,6.7,100,1030.3,0.9,37,0.0
2026-06-14 00:00:00,5.9,100,1030.2,2.1,75,0.0
2026-06-14 01:00:00,5.3,100,1030.0,1.4,67,0.0
2026-06-14 02:00:00,5.1,100,1030.0,1.0,59,0.0
2026-06-14 03:00:00,5.0,99,1029.8,0.6,56,0.0
2026-06-14 04:00:00,5.0,99,1029.6,0.8,45,0.0
2026-06-14 05:00:00,4.9,98,1029.6,1.8,24,0.0
2026-06-14 06:00:00,4.3,98,1029.8,1.5,45,0.0
2026-06-14 07:00:00,4.1,100,1030.2,3.1,31,0.0
2026-06-14 08:00:00,4.0,99,1030.4,3.8,17,0.0
2026-06-14 09:00:00,4.7,100,1030.4,2.9,30,0.0
2026-06-14 10:00:00,6.2,99,1030.4,1.1,72,0.0
2026-06-14 11:00:00,7.5,99,1030.5,2.4,17,0.0
2026-06-14 12:00:00,9.3,92,1029.1,2.2,346,0.0
2026-06-14 13:00:00,9.6,99,1028.3,2.5,315,0.0
2026-06-14 14:00:00,11.0,94,1027.5,3.5,332,0.0
2026-06-14 15:00:00,12.3,92,1027.1,5.2,2,0.0
2026-06-14 16:00:00,12.7,91,1026.8,6.8,32,0.0
2026-06-14 17:00:00,11.9,95,1026.9,8.4,23,0.0
2026-06-14 18:00:00,11.8,96,1027.0,9.4,13,0.0
2026-06-14 19:00:00,11.6,96,1027.0,7.1,353,0.0
2026-06-14 20:00:00,11.1,97,1027.2,6.9,332,0.0
2026-06-14 21:00:00,10.1,98,1027.2,6.1,326,0.0
2026-06-14 22:00:00,9.1,98,1027.1,5.7,328,0.0
2026-06-14 23:00:00,8.9,100,1027.1,7.3,329,0.0
2026-06-15 00:00:00,8.2,99,1026.9,6.1,14,0.0
2026-06-15 01:00:00,8.5,100,1026.9,6.6,11,0.0
2026-06-15 02:00:00,8.8,100,1026.7,8.4,7,0.0
2026-06-15 03:00:00,9.1,100,1026.2,8.2,8,0.0
2026-06-15 04:00:00,9.0,99,1025.4,7.6,4,0.1
2026-06-15 05:00:00,8.8,99,1024.6,6.2,8,0.1
2026-06-15 06:00:00,8.8,98,1024.7,9.1,7,0.0
2026-06-15 07:00:00,9.2,97,1024.5,7.7,359,0.0
2026-06-15 08:00:00,9.3,97,1024.5,7.2,1,0.0
2026-06-15 09:00:00,10.8,96,1024.6,9.4,348,0.0
2026-06-15 10:00:00,12.8,94,1024.6,8.0,351,0.0
2026-06-15 11:00:00,14.7,88,1024.5,10.8,330,0.0
2026-06-15 12:00:00,15.3,85,1023.5,12.1,313,0.1
2026-06-15 13:00:00,15.5,81,1022.6,12.6,301,0.0
2026-06-15 14:00:00,15.6,77,1021.8,13.7,280,0.0
2026-06-15 15:00:00,15.3,79,1021.4,12.7,283,0.0
2026-06-15 16:00:00,14.8,84,1021.3,10.6,296,0.0
2026-06-15 17:00:00,13.7,89,1021.2,9.6,322,0.0
2026-06-15 18:00:00,13.3,92,1021.4,9.7,344,0.0
2026-06-15 19:00:00,13.0,94,1021.4,9.5,349,0.0
2026-06-15 20:00:00,12.5,95,1021.6,11.1,353,0.0
2026-06-15 21:00:00,12.2,95,1021.8,11.3,343,0.1
2026-06-15 22:00:00,11.5,95,1021.5,9.6,343,0.2
2026-06-15 23:00:00,11.5,95,1021.2,9.4,358,0.1
2026-06-16 00:00:00,10.3,95,1021.1,8.9,13,0.0
2026-06-16 01:00:00,10.3,95,1020.8,7.7,1,0.0
2026-06-16 02:00:00,10.3,96,1020.6,8.9,8,0.0
2026-06-16 03:00:00,10.9,94,1020.2,11.8,351,0.0
2026-06-16 04:00:00,11.3,94,1019.8,9.9,341,0.7
2026-06-16 05:00:00,11.1,91,1019.1,11.2,360,5.4
2026-06-16 06:00:00,10.7,92,1018.7,14.1,2,1.1
2026-06-16 07:00:00,10.5,96,1018.5,11.9,360,0.1
2026-06-16 08:00:00,10.8,95,1018.7,11.2,356,0.7
2026-06-16 09:00:00,11.3,90,1019.0,10.8,334,2.5
2026-06-16 10:00:00,11.5,94,1019.4,7.9,360,1.1
2026-06-16 11:00:00,11.8,96,1019.4,6.8,333,1.4
2026-06-16 12:00:00,12.9,93,1018.9,3.9,294,0.3
2026-06-16 13:00:00,14.1,82,1018.0,7.8,274,0.0
2026-06-16 14:00:00,14.4,76,1017.3,12.7,263,0.1
2026-06-16 15:00:00,14.3,71,1017.0,13.6,255,0.0
2026-06-16 16:00:00,13.6,74,1016.7,11.5,270,0.0
2026-06-16 17:00:00,11.9,78,1016.9,11.3,288,0.0
2026-06-16 18:00:00,10.5,81,1016.8,9.9,273,0.0
2026-06-16 19:00:00,9.6,84,1016.9,6.8,282,0.0
2026-06-16 20:00:00,8.7,86,1016.8,5.3,308,0.0
2026-06-16 21:00:00,7.9,88,1016.4,4.2,342,0.0
2026-06-16 22:00:00,7.2,89,1016.2,3.8,360,0.0
2026-06-16 23:00:00,6.8,90,1016.2,3.3,347,0.0
2026-06-17 00:00:00,5.6,94,1016.1,0.7,270,0.0
2026-06-17 01:00:00,5.3,96,1015.7,0.4,27,0.0
2026-06-17 02:00:00,5.2,96,1015.4,0.5,45,0.0
2026-06-17 03:00:00,5.2,95,1015.1,1.0,225,0.0
2026-06-17 04:00:00,5.2,95,1014.4,1.6,153,0.0
2026-06-17 05:00:00,4.5,97,1014.2,2.2,125,0.0
2026-06-17 06:00:00,4.1,97,1013.9,2.6,74,0.0
2026-06-17 07:00:00,4.7,96,1013.5,4.0,51,0.0
2026-06-17 08:00:00,6.6,94,1013.8,2.6,34,0.0
2026-06-17 09:00:00,9.2,90,1014.0,7.0,271,0.0
2026-06-17 10:00:00,12.2,82,1014.1,13.2,233,0.0
2026-06-17 11:00:00,13.2,81,1013.9,12.2,254,0.2
2026-06-17 12:00:00,14.1,74,1012.8,14.6,256,0.0
2026-06-17 13:00:00,14.4,71,1012.5,19.1,244,0.0
2026-06-17 14:00:00,14.5,70,1012.1,17.6,245,0.1
2026-06-17 15:00:00,13.8,77,1011.8,12.2,246,0.0
2026-06-17 16:00:00,13.8,78,1011.6,8.0,247,0.0
2026-06-17 17:00:00,12.3,84,1011.6,6.3,265,0.0
2026-06-17 18:00:00,11.3,85,1011.4,8.0,275,0.0
2026-06-17 19:00:00,10.2,88,1011.3,5.4,272,0.0
2026-06-17 20:00:00,9.7,89,1011.5,2.1,301,0.0
2026-06-17 21:00:00,9.2,92,1011.4,0.4,360,0.0
2026-06-17 22:00:00,8.6,94,1011.5,1.0,45,0.0
2026-06-17 23:00:00,8.2,95,1011.8,4.5,53,0.0
2026-06-18 00:00:00,8.2,97,1011.6,6.5,82,0.0
2026-06-18 01:00:00,8.2,97,1011.5,4.0,72,0.0
2026-06-18 02:00:00,8.6,96,1011.3,3.6,53,0.0
2026-06-18 03:00:00,8.6,96,1011.1,1.8,233,0.1
2026-06-18 04:00:00,8.7,97,1010.7,4.2,234,0.4
2026-06-18 05:00:00,9.3,94,1010.2,0.4,153,0.5
2026-06-18 06:00:00,8.9,95,1010.5,1.0,149,0.1
2026-06-18 07:00:00,8.9,95,1010.9,1.2,129,0.0
2026-06-18 08:00:00,8.3,97,1011.0,2.0,80,0.0
2026-06-18 09:00:00,9.4,98,1011.2,6.4,79,0.0
2026-06-18 10:00:00,10.5,96,1011.2,3.1,87,0.0
2026-06-18 11:00:00,11.8,93,1011.4,2.3,4,0.0
2026-06-18 12:00:00,13.0,86,1010.2,2.8,305,0.0
2026-06-18 13:00:00,14.2,79,1009.2,11.0,259,0.0
2026-06-18 14:00:00,14.5,70,1008.8,17.7,253,0.0
2026-06-18 15:00:00,13.9,76,1008.7,16.9,249,0.0
2026-06-18 16:00:00,13.5,82,1008.8,12.4,256,0.0
2026-06-18 17:00:00,13.0,82,1009.3,14.0,248,0.0
2026-06-18 18:00:00,12.1,86,1009.5,11.8,243,0.0
2026-06-18 19:00:00,12.2,86,1009.8,8.8,244,0.0
2026-06-18 20:00:00,11.4,88,1010.1,5.9,256,0.0
2026-06-18 21:00:00,11.2,90,1010.5,4.5,268,0.0
2026-06-18 22:00:00,10.2,89,1010.8,2.5,249,0.0
2026-06-18 23:00:00,9.7,91,1011.3,1.9,139,0.0
2026-06-19 00:00:00,8.4,91,1011.9,3.7,101,0.1
2026-06-19 01:00:00,7.6,93,1012.0,3.8,131,0.0
2026-06-19 02:00:00,6.3,97,1012.5,4.4,187,0.0
2026-06-19 03:00:00,6.1,96,1013.3,6.0,159,0.0
2026-06-19 04:00:00,6.1,94,1013.5,8.1,167,0.0
2026-06-19 05:00:00,6.1,94,1014.2,9.7,158,0.0
2026-06-19 06:00:00,5.5,95,1015.2,7.5,169,0.0
2026-06-19 07:00:00,5.2,95,1016.1,9.6,171,0.0
2026-06-19 08:00:00,5.3,94,1016.6,9.5,159,0.0
2026-06-19 09:00:00,6.8,92,1017.5,9.7,155,0.0
2026-06-19 10:00:00,9.0,88,1018.5,7.8,172,0.0
2026-06-19 11:00:00,10.5,86,1019.6,8.3,185,0.0
2026-06-19 12:00:00,12.0,82,1019.3,7.6,183,0.0
2026-06-19 13:00:00,13.2,76,1019.3,8.3,181,0.0
2026-06-19 14:00:00,13.8,70,1019.0,8.6,169,0.0
2026-06-19 15:00:00,13.9,69,1019.0,7.2,153,0.0
2026-06-19 16:00:00,13.2,78,1019.6,3.1,183,0.0
2026-06-19 17:00:00,11.1,81,1020.4,0.9,259,0.0
2026-06-19 18:00:00,10.0,84,1020.2,0.6,56,0.0
2026-06-19 19:00:00,9.3,87,1020.8,0.2,360,0.0
2026-06-19 20:00:00,8.6,90,1021.7,0.5,315,0.0
2026-06-19 21:00:00,7.7,92,1021.9,1.9,17,0.0
2026-06-19 22:00:00,6.6,96,1022.2,1.8,349,0.0
2026-06-19 23:00:00,5.9,98,1023.0,0.9,11,0.0
2026-06-20 00:00:00,5.2,97,1023.2,4.0,39,0.0
2026-06-20 01:00:00,4.9,98,1023.1,2.4,13,0.0
2026-06-20 02:00:00,4.5,100,1023.2,1.3,45,0.0
2026-06-20 03:00:00,4.2,100,1023.3,1.3,82,0.0
2026-06-20 04:00:00,4.5,99,1023.3,3.5,66,0.0
2026-06-20 05:00:00,3.9,99,1023.4,1.5,54,0.0
2026-06-20 06:00:00,3.2,100,1023.8,3.2,63,0.0
2026-06-20 07:00:00,3.2,100,1023.9,4.5,50,0.0
2026-06-20 08:00:00,3.0,98,1024.2,3.8,25,0.0
2026-06-20 09:00:00,4.1,98,1024.5,4.4,35,0.0
2026-06-20 10:00:00,6.0,97,1024.6,3.1,7,0.0
2026-06-20 11:00:00,7.5,96,1025.1,2.0,27,0.0
2026-06-20 12:00:00,10.4,89,1024.3,3.2,34,0.0
2026-06-20 13:00:00,11.9,86,1023.3,5.9,31,0.0
2026-06-20 14:00:00,13.8,84,1022.5,5.9,358,0.0
2026-06-20 15:00:00,14.6,84,1022.0,7.3,349,0.0
2026-06-20 16:00:00,14.7,86,1022.1,10.9,327,0.0
2026-06-20 17:00:00,14.2,89,1022.1,12.1,332,0.0
2026-06-20 18:00:00,13.8,90,1021.5,13.7,342,0.0
2026-06-20 19:00:00,14.0,90,1021.5,15.2,330,0.0
2026-06-20 20:00:00,14.0,90,1021.6,15.6,326,0.0
2026-06-20 21:00:00,13.7,92,1021.4,14.8,328,0.0
2026-06-20 22:00:00,13.4,93,1021.2,15.1,337,0.0
2026-06-20 23:00:00,13.3,93,1021.1,15.4,342,0.0
2026-06-21 00:00:00,13.9,92,1021.2,15.2,334,0.0
2026-06-21 01:00:00,13.9,91,1020.5,15.6,336,0.0
2026-06-21 02:00:00,13.9,91,1020.2,15.6,330,0.0
2026-06-21 03:00:00,14.4,90,1020.0,17.1,318,0.0
2026-06-21 04:00:00,14.8,89,1019.5,20.2,315,0.0
2026-06-21 05:00:00,15.0,89,1018.9,20.9,310,0.0
2026-06-21 06:00:00,15.1,89,1018.7,21.0,306,0.0
2026-06-21 07:00:00,15.3,87,1018.6,21.8,303,0.0
2026-06-21 08:00:00,15.2,88,1018.6,22.3,302,0.0
2026-06-21 09:00:00,15.7,88,1018.7,23.1,298,0.1
2026-06-21 10:00:00,15.5,91,1019.1,23.0,295,0.3
2026-06-21 11:00:00,15.3,95,1019.1,19.2,285,0.9
2026-06-21 12:00:00,16.0,91,1018.3,11.4,265,1.1
2026-06-21 13:00:00,16.6,84,1017.6,13.2,253,0.0
2026-06-21 14:00:00,16.9,80,1016.8,16.7,256,0.1
2026-06-21 15:00:00,16.6,80,1016.7,16.3,259,0.0
2026-06-21 16:00:00,15.9,84,1017.0,15.4,264,0.0
2026-06-21 17:00:00,14.7,87,1017.4,15.1,270,0.0
2026-06-21 18:00:00,13.4,91,1017.4,11.7,280,0.0
2026-06-21 19:00:00,12.9,92,1017.7,10.9,282,0.0
2026-06-21 20:00:00,12.5,92,1017.9,10.6,285,0.0
2026-06-21 21:00:00,12.2,92,1018.0,10.0,279,0.0
2026-06-21 22:00:00,12.3,92,1018.0,9.8,275,0.1
2026-06-21 23:00:00,12.9,91,1018.2,10.6,271,0.1
2026-06-22 00:00:00,12.8,92,1018.4,9.9,261,0.0
2026-06-22 01:00:00,12.2,92,1018.5,10.0,249,0.0
2026-06-22 02:00:00,11.4,93,1018.6,8.4,227,0.0
2026-06-22 03:00:00,10.3,95,1018.7,6.0,205,0.0
2026-06-22 04:00:00,8.7,98,1018.7,3.8,197,0.0
2026-06-22 05:00:00,7.6,99,1018.9,3.1,263,0.0
2026-06-22 06:00:00,6.6,100,1019.2,0.8,135,0.0
2026-06-22 07:00:00,6.0,100,1020.0,10.1,149,0.0
2026-06-22 08:00:00,5.7,100,1020.7,10.0,188,0.0
2026-06-22 09:00:00,6.5,100,1021.6,8.5,162,0.0
2026-06-22 10:00:00,8.1,99,1022.1,7.7,152,0.0
2026-06-22 11:00:00,10.4,93,1022.0,4.6,162,0.0
2026-06-22 12:00:00,13.0,84,1021.3,7.6,161,0.0
2026-06-22 13:00:00,14.5,76,1020.6,7.8,143,0.0
2026-06-22 14:00:00,15.3,70,1020.2,8.4,118,0.0
2026-06-22 15:00:00,15.4,69,1020.2,6.9,120,0.0
2026-06-22 16:00:00,14.8,79,1020.6,3.1,152,0.0
2026-06-22 17:00:00,12.7,85,1021.0,3.1,170,0.0
2026-06-22 18:00:00,11.3,89,1021.2,5.1,132,0.0
2026-06-22 19:00:00,10.5,91,1021.3,4.4,120,0.0
2026-06-22 20:00:00,10.5,91,1021.5,4.8,117,0.0
2026-06-22 21:00:00,9.4,92,1021.7,4.5,130,0.0
2026-06-22 22:00:00,10.1,89,1022.0,6.7,134,0.0
2026-06-22 23:00:00,9.9,88,1022.3,5.1,148,0.0
2026-06-23 00:00:00,8.4,90,1022.5,7.3,149,0.0
2026-06-23 01:00:00,8.0,90,1022.1,7.7,150,0.0
2026-06-23 02:00:00,7.6,91,1021.9,7.7,149,0.0
2026-06-23 03:00:00,7.1,91,1021.6,7.3,142,0.0
2026-06-23 04:00:00,6.6,92,1021.4,4.9,147,0.0
2026-06-23 05:00:00,6.8,91,1021.1,6.3,145,0.0
2026-06-23 06:00:00,7.6,88,1021.3,8.2,131,0.0
2026-06-23 07:00:00,7.2,90,1021.4,7.3,140,0.0
2026-06-23 08:00:00,7.5,89,1021.5,8.5,138,0.0
2026-06-23 09:00:00,9.0,87,1021.5,7.1,137,0.0
2026-06-23 10:00:00,11.1,85,1021.4,5.6,138,0.0
2026-06-23 11:00:00,13.3,77,1020.7,10.2,98,0.0
2026-06-23 12:00:00,14.5,76,1019.7,15.0,84,0.0
2026-06-23 13:00:00,14.1,79,1018.8,18.8,80,0.0
2026-06-23 14:00:00,14.1,81,1017.6,20.7,83,0.0
2026-06-23 15:00:00,13.9,83,1017.0,18.2,88,0.0
2026-06-23 16:00:00,13.8,86,1016.8,14.5,82,0.0
2026-06-23 17:00:00,13.2,91,1016.8,13.0,80,0.0
2026-06-23 18:00:00,12.3,92,1016.6,13.0,76,0.0
2026-06-23 19:00:00,12.1,92,1016.5,13.5,65,0.0
2026-06-23 20:00:00,12.1,92,1016.3,15.7,71,0.0
2026-06-23 21:00:00,12.1,92,1015.8,17.0,70,0.0
2026-06-23 22:00:00,12.1,91,1015.4,17.7,68,0.0
2026-06-23 23:00:00,12.2,91,1015.2,16.8,66,0.0
2026-06-24 00:00:00,12.0,90,1014.7,17.3,78,0.0
2026-06-24 01:00:00,12.3,89,1013.9,18.7,70,0.0
2026-06-24 02:00:00,12.4,88,1013.4,19.4,63,0.0
2026-06-24 03:00:00,12.7,87,1012.9,21.5,60,0.0
2026-06-24 04:00:00,12.9,88,1012.1,22.5,60,0.0
2026-06-24 05:00:00,13.1,87,1011.7,23.9,56,0.0
2026-06-24 06:00:00,13.2,87,1011.4,23.8,59,0.0
2026-06-24 07:00:00,13.8,85,1010.9,25.9,57,0.0
2026-06-24 08:00:00,13.5,87,1011.2,25.8,50,0.3
2026-06-24 09:00:00,13.1,90,1011.3,23.8,51,2.6
2026-06-24 10:00:00,13.3,90,1010.3,25.9,55,5.2
2026-06-24 11:00:00,13.6,89,1009.1,30.3,55,2.4
2026-06-24 12:00:00,13.4,90,1008.9,22.6,63,3.0
2026-06-24 13:00:00,13.2,92,1006.9,20.5,69,4.8
2026-06-24 14:00:00,13.6,90,1004.9,26.2,64,6.2
2026-06-24 15:00:00,14.2,91,1003.6,35.8,56,4.8
2026-06-24 16:00:00,14.0,92,1002.8,26.4,47,1.8
2026-06-24 17:00:00,13.6,93,1002.2,30.2,53,2.0
2026-06-24 18:00:00,13.6,92,1001.4,25.2,58,0.1
2026-06-24 19:00:00,14.1,91,1000.7,27.9,53,0.0
2026-06-24 20:00:00,14.4,91,1000.2,26.7,45,0.0
2026-06-24 21:00:00,14.0,91,1000.0,27.5,48,0.1
2026-06-24 22:00:00,13.5,93,999.3,23.3,46,0.4
2026-06-24 23:00:00,13.4,94,998.7,24.2,46,0.6
2026-06-25 00:00:00,13.4,92,998.4,18.1,46,0.0
2026-06-25 01:00:00,13.0,92,997.7,18.6,49,0.0
2026-06-25 02:00:00,12.5,93,997.2,17.1,53,0.0
2026-06-25 03:00:00,12.3,92,996.7,16.3,62,0.0
2026-06-25 04:00:00,12.1,91,996.6,14.9,71,0.0
2026-06-25 05:00:00,12.1,90,996.6,13.7,85,0.0
2026-06-25 06:00:00,11.8,90,996.6,13.1,97,0.0
2026-06-25 07:00:00,11.8,90,996.5,11.0,108,0.0
2026-06-25 08:00:00,11.5,91,996.9,12.6,133,0.0
2026-06-25 09:00:00,12.4,91,997.6,13.4,145,0.0
2026-06-25 10:00:00,14.0,90,997.7,14.4,162,0.0
2026-06-25 11:00:00,15.4,83,997.7,14.3,147,0.0
2026-06-25 12:00:00,16.5,79,997.1,11.8,156,0.0
2026-06-25 13:00:00,16.5,80,996.3,10.3,165,0.3
2026-06-25 14:00:00,13.7,92,996.5,16.5,170,3.2
2026-06-25 15:00:00,14.3,91,996.1,9.8,185,0.9
2026-06-25 16:00:00,13.8,93,996.8,5.0,226,0.3
2026-06-25 17:00:00,12.8,94,997.3,9.6,188,1.6
2026-06-25 18:00:00,12.2,96,997.1,7.3,163,0.4
2026-06-25 19:00:00,12.2,95,997.5,11.0,146,0.2
2026-06-25 20:00:00,11.7,94,997.8,11.1,122,0.9
2026-06-25 21:00:00,10.4,85,998.1,19.2,125,0.6
2026-06-25 22:00:00,10.1,81,997.7,21.2,123,0.0
2026-06-25 23:00:00,10.2,76,997.4,30.0,131,0.0
2026-06-26 00:00:00,9.2,87,999.2,2.5,69,0.0
2026-06-26 01:00:00,9.8,86,999.3,3.2,164,0.4
2026-06-26 02:00:00,9.5,89,999.5,7.7,177,1.3
2026-06-26 03:00:00,9.3,91,999.4,8.7,228,1.6
2026-06-26 04:00:00,9.1,90,999.3,13.0,207,1.1
2026-06-26 05:00:00,8.9,90,999.1,14.4,210,1.4
2026-06-26 06:00:00,8.4,90,999.4,17.9,197,1.0
2026-06-26 07:00:00,8.4,89,999.2,17.9,204,1.0
2026-06-26 08:00:00,8.8,87,999.5,20.3,197,0.1
2026-06-26 09:00:00,9.4,84,999.9,23.9,194,0.0
2026-06-26 10:00:00,10.3,79,1000.0,27.7,192,0.0
2026-06-26 11:00:00,11.2,77,1000.2,26.2,194,0.0
2026-06-26 12:00:00,12.7,73,999.8,24.2,198,0.0
2026-06-26 13:00:00,12.9,70,999.4,28.8,202,0.0
2026-06-26 14:00:00,12.7,70,998.9,29.3,201,0.0
2026-06-26 15:00:00,12.2,72,999.3,25.5,205,0.0
2026-06-26 16:00:00,11.8,72,999.9,26.4,200,0.0
2026-06-26 17:00:00,10.8,74,1000.5,25.6,197,0.0
2026-06-26 18:00:00,9.9,76,1001.2,19.9,195,0.0
2026-06-26 19:00:00,9.1,80,1001.8,18.0,189,0.2
2026-06-26 20:00:00,8.7,86,1002.6,17.0,185,1.0
2026-06-26 21:00:00,8.8,88,1003.0,17.4,186,1.0
2026-06-26 22:00:00,8.9,88,1003.3,17.7,171,0.0
2026-06-26 23:00:00,9.0,86,1003.9,19.4,174,0.0
2026-06-27 00:00:00,8.5,92,1004.3,12.7,167,0.0
2026-06-27 01:00:00,8.2,92,1004.6,14.6,164,0.0
2026-06-27 02:00:00,8.3,92,1004.8,16.7,169,0.0
2026-06-27 03:00:00,8.1,91,1005.1,16.9,169,0.0
2026-06-27 04:00:00,7.5,91,1005.2,15.6,166,0.0
2026-06-27 05:00:00,7.0,91,1005.3,14.0,165,0.0
2026-06-27 06:00:00,6.7,90,1006.2,14.5,168,0.0
2026-06-27 07:00:00,6.4,92,1006.6,12.1,162,0.0
2026-06-27 08:00:00,7.2,94,1007.0,13.2,163,0.0
2026-06-27 09:00:00,8.5,93,1007.5,11.8,159,0.0
2026-06-27 10:00:00,9.9,92,1007.8,10.0,173,0.0
2026-06-27 11:00:00,11.7,89,1008.0,9.6,175,0.0
2026-06-27 12:00:00,13.4,86,1007.4,8.8,185,0.0
2026-06-27 13:00:00,14.9,84,1007.0,8.7,186,0.0
2026-06-27 14:00:00,15.9,79,1006.7,10.1,185,0.0
2026-06-27 15:00:00,16.3,75,1006.8,12.7,188,0.0
2026-06-27 16:00:00,15.6,80,1007.3,13.5,189,0.0
2026-06-27 17:00:00,14.3,83,1007.8,15.0,187,0.0
2026-06-27 18:00:00,13.1,89,1008.6,13.0,166,0.0
2026-06-27 19:00:00,12.8,88,1009.0,11.2,184,0.1
2026-06-27 20:00:00,12.2,91,1009.5,10.6,171,0.0
2026-06-27 21:00:00,11.4,93,1009.8,10.3,167,0.0
2026-06-27 22:00:00,10.7,93,1010.3,11.3,171,0.0
2026-06-27 23:00:00,10.2,93,1010.9,11.1,171,0.0
2026-06-28 00:00:00,9.4,94,1011.2,12.1,162,0.0
2026-06-28 01:00:00,9.3,94,1011.2,12.9,161,0.0
2026-06-28 02:00:00,9.1,94,1011.5,13.8,162,0.0
2026-06-28 03:00:00,9.0,95,1011.5,14.3,165,0.0
2026-06-28 04:00:00,9.0,94,1011.5,15.0,166,0.0
2026-06-28 05:00:00,9.0,94,1011.6,15.2,163,0.0
2026-06-28 06:00:00,9.0,95,1012.6,13.5,164,0.0
2026-06-28 07:00:00,9.2,94,1013.3,14.5,166,0.0
2026-06-28 08:00:00,9.3,93,1013.9,15.9,162,0.0
2026-06-28 09:00:00,10.6,90,1014.6,15.2,163,0.0
2026-06-28 10:00:00,13.0,83,1015.1,14.0,162,0.0
2026-06-28 11:00:00,14.5,82,1015.4,10.6,179,0.0
2026-06-28 12:00:00,15.4,81,1014.7,9.6,184,0.0
2026-06-28 13:00:00,16.4,77,1014.1,11.0,183,0.0
2026-06-28 14:00:00,17.0,76,1014.0,11.7,177,0.0
2026-06-28 15:00:00,17.1,74,1014.0,11.8,163,0.0
2026-06-28 16:00:00,16.4,80,1014.4,8.9,172,0.0
2026-06-28 17:00:00,14.3,89,1014.9,6.3,175,0.0
2026-06-28 18:00:00,13.0,89,1015.7,8.8,137,0.0
2026-06-28 19:00:00,12.7,81,1016.8,13.1,117,0.0
2026-06-28 20:00:00,11.9,79,1017.5,11.8,126,0.0
2026-06-28 21:00:00,10.7,83,1017.9,9.8,145,0.0
2026-06-28 22:00:00,10.0,85,1018.3,6.9,152,0.0
2026-06-28 23:00:00,9.3,88,1018.6,5.5,142,0.0
2026-06-29 00:00:00,9.6,86,1018.9,5.4,127,0.0
2026-06-29 01:00:00,9.6,87,1019.2,6.1,133,0.0
2026-06-29 02:00:00,9.4,89,1019.7,8.2,151,0.0
2026-06-29 03:00:00,9.0,91,1020.0,8.5,167,0.1
2026-06-29 04:00:00,8.9,91,1020.1,11.4,164,1.3
2026-06-29 05:00:00,9.4,86,1020.4,17.0,144,0.0
2026-06-29 06:00:00,8.2,85,1021.2,13.4,148,0.0
2026-06-29 07:00:00,8.3,79,1022.3,16.7,139,0.0
2026-06-29 08:00:00,8.3,77,1023.2,18.7,141,0.0
2026-06-29 09:00:00,9.4,76,1023.9,16.1,153,0.0
2026-06-29 10:00:00,11.2,71,1024.3,16.1,151,0.0
2026-06-29 11:00:00,12.1,72,1024.6,11.6,164,0.0
2026-06-29 12:00:00,13.5,68,1023.8,10.5,160,0.0
2026-06-29 13:00:00,14.1,65,1023.6,16.0,140,0.0
2026-06-29 14:00:00,14.3,63,1023.3,17.7,141,0.0
2026-06-29 15:00:00,14.2,63,1023.2,16.2,141,0.0
2026-06-29 16:00:00,13.5,68,1023.7,12.6,149,0.0
2026-06-29 17:00:00,11.8,73,1024.2,11.1,158,0.0
2026-06-29 18:00:00,10.6,77,1024.7,11.1,143,0.0
2026-06-29 19:00:00,9.9,77,1025.5,12.9,127,0.0
2026-06-29 20:00:00,9.6,76,1026.1,12.9,132,0.0
2026-06-29 21:00:00,8.8,80,1026.7,10.5,145,0.0
2026-06-29 22:00:00,8.2,83,1027.0,10.4,154,0.0
2026-06-29 23:00:00,7.8,83,1027.3,11.5,158,0.0
2026-06-30 00:00:00,7.2,83,1027.8,13.0,153,0.0
2026-06-30 01:00:00,6.8,84,1027.9,14.1,155,0.0
2026-06-30 02:00:00,7.1,80,1028.1,16.9,151,0.0
2026-06-30 03:00:00,7.3,77,1028.3,18.2,149,0.0
2026-06-30 04:00:00,7.0,77,1028.2,17.0,148,0.0
2026-06-30 05:00:00,6.6,79,1028.1,15.6,150,0.0
2026-06-30 06:00:00,5.8,81,1028.7,16.5,149,0.0
2026-06-30 07:00:00,5.6,83,1029.0,15.2,149,0.0
2026-06-30 08:00:00,5.5,85,1029.7,13.4,149,0.0
2026-06-30 09:00:00,7.1,81,1030.1,12.3,150,0.0
2026-06-30 10:00:00,9.2,77,1030.6,10.2,152,0.0
2026-06-30 11:00:00,10.6,74,1030.6,9.4,151,0.0
2026-06-30 12:00:00,12.3,71,1029.7,9.8,145,0.0
2026-06-30 13:00:00,13.0,68,1029.3,8.9,146,0.0
2026-06-30 14:00:00,13.3,67,1028.8,7.9,147,0.0
2026-06-30 15:00:00,13.4,65,1028.6,7.0,151,0.0
2026-06-30 16:00:00,12.7,73,1028.6,6.7,171,0.0
2026-06-30 17:00:00,10.7,80,1028.6,7.3,189,0.0
2026-06-30 18:00:00,8.8,83,1028.7,6.8,163,0.0
2026-06-30 19:00:00,7.6,86,1028.9,5.4,140,0.0
2026-06-30 20:00:00,6.4,88,1029.1,3.5,102,0.0
2026-06-30 21:00:00,5.8,89,1029.5,1.3,124,0.0
2026-06-30 22:00:00,5.7,87,1029.8,4.4,159,0.0
2026-06-30 23:00:00,5.0,90,1030.0,8.3,156,0.0
2026-07-01 00:00:00,4.7,89,1030.0,9.4,149,0.0
2026-07-01 01:00:00,4.5,88,1030.1,9.1,159,0.0
2026-07-01 02:00:00,4.1,89,1029.9,8.6,157,0.0
2026-07-01 03:00:00,3.8,89,1029.7,7.8,151,0.0
2026-07-01 04:00:00,3.5,89,1029.6,6.5,156,0.0
2026-07-01 05:00:00,3.4,89,1029.6,8.4,161,0.0
2026-07-01 06:00:00,2.7,90,1029.8,10.1,156,0.0
2026-07-01 07:00:00,2.7,90,1030.4,8.3,153,0.0
2026-07-01 08:00:00,2.5,91,1030.9,8.6,157,0.0
2026-07-01 09:00:00,4.0,87,1031.4,10.3,165,0.0
2026-07-01 10:00:00,5.8,86,1031.9,8.0,175,0.0
2026-07-01 11:00:00,7.9,84,1032.0,6.7,175,0.0
2026-07-01 12:00:00,10.1,80,1030.9,7.4,167,0.0
2026-07-01 13:00:00,11.5,76,1030.1,7.5,172,0.0
2026-07-01 14:00:00,12.3,71,1029.6,7.6,168,0.0
2026-07-01 15:00:00,12.4,67,1029.3,6.9,160,0.0
2026-07-01 16:00:00,12.0,74,1029.2,4.6,171,0.0
2026-07-01 17:00:00,9.5,81,1029.1,3.6,189,0.0
2026-07-01 18:00:00,7.6,84,1029.3,5.3,156,0.0
2026-07-01 19:00:00,6.9,85,1029.6,5.5,144,0.0
2026-07-01 20:00:00,5.8,88,1030.0,5.1,135,0.0
2026-07-01 21:00:00,5.1,88,1030.4,4.7,137,0.0
2026-07-01 22:00:00,4.7,87,1030.6,5.0,150,0.0
2026-07-01 23:00:00,4.7,86,1031.0,5.8,164,0.0
2026-07-02 00:00:00,3.7,89,1031.2,7.7,155,0.0
2026-07-02 01:00:00,3.4,89,1031.2,6.7,160,0.0
2026-07-02 02:00:00,3.1,89,1031.3,7.6,161,0.0
2026-07-02 03:00:00,2.8,90,1031.3,8.4,165,0.0
2026-07-02 04:00:00,2.5,90,1031.0,7.9,164,0.0
2026-07-02 05:00:00,2.2,89,1031.1,6.6,163,0.0
2026-07-02 06:00:00,2.0,90,1031.4,8.4,155,0.0
2026-07-02 07:00:00,1.8,90,1031.6,8.2,154,0.0
2026-07-02 08:00:00,1.8,90,1032.1,8.3,156,0.0
2026-07-02 09:00:00,3.7,85,1032.3,9.2,163,0.0
2026-07-02 10:00:00,5.8,82,1032.6,6.8,180,0.0
2026-07-02 11:00:00,7.6,81,1032.8,6.1,183,0.0
2026-07-02 12:00:00,9.6,79,1031.5,5.8,180,0.0
2026-07-02 13:00:00,10.9,77,1030.7,5.8,184,0.0
2026-07-02 14:00:00,11.7,74,1030.3,4.9,180,0.0
2026-07-02 15:00:00,11.9,73,1030.0,4.5,182,0.0
2026-07-02 16:00:00,11.3,77,1030.1,5.9,200,0.0
2026-07-02 17:00:00,8.9,83,1030.2,5.7,193,0.0
2026-07-02 18:00:00,7.2,84,1030.4,5.8,150,0.0
2026-07-02 19:00:00,6.8,85,1030.6,5.6,140,0.0
2026-07-02 20:00:00,5.5,88,1030.7,4.1,131,0.0
2026-07-02 21:00:00,4.7,89,1030.7,3.3,126,0.0
2026-07-02 22:00:00,4.0,91,1030.6,3.3,135,0.0
2026-07-02 23:00:00,3.6,92,1030.9,3.4,148,0.0
2026-07-03 00:00:00,2.7,94,1031.0,4.9,152,0.0
2026-07-03 01:00:00,1.9,97,1030.9,4.8,165,0.0
2026-07-03 02:00:00,1.7,98,1030.8,5.2,168,0.0
2026-07-03 03:00:00,1.6,98,1030.6,7.0,162,0.0
2026-07-03 04:00:00,1.5,98,1030.2,7.7,164,0.0
2026-07-03 05:00:00,1.3,97,1029.9,6.7,161,0.0
2026-07-03 06:00:00,0.5,99,1030.3,8.6,150,0.0
2026-07-03 07:00:00,0.8,99,1030.4,8.1,155,0.0
2026-07-03 08:00:00,0.7,100,1030.4,6.8,158,0.0
2026-07-03 09:00:00,1.7,99,1030.7,5.6,184,0.0
2026-07-03 10:00:00,4.0,95,1030.9,4.9,190,0.0
2026-07-03 11:00:00,6.4,90,1030.8,5.4,195,0.0
2026-07-03 12:00:00,9.3,84,1029.5,5.6,178,0.0
2026-07-03 13:00:00,10.7,82,1028.5,4.5,182,0.0
2026-07-03 14:00:00,11.5,81,1027.6,3.1,201,0.0
2026-07-03 15:00:00,11.7,81,1026.7,3.2,183,0.0
2026-07-03 16:00:00,11.4,83,1026.8,3.1,183,0.0
2026-07-03 17:00:00,8.9,90,1026.7,3.9,196,0.0
2026-07-03 18:00:00,7.1,93,1026.8,5.5,167,0.0
2026-07-03 19:00:00,5.9,95,1026.8,5.2,151,0.0
2026-07-03 20:00:00,5.1,96,1026.5,3.8,115,0.0
2026-07-03 21:00:00,4.5,96,1026.3,2.6,78,0.0
2026-07-03 22:00:00,3.8,99,1026.1,1.1,90,0.0
2026-07-03 23:00:00,3.1,100,1026.1,1.5,144,0.0
2026-07-04 00:00:00,2.2,100,1026.0,2.6,129,0.0
2026-07-04 01:00:00,1.9,99,1025.4,1.2,153,0.0
2026-07-04 02:00:00,1.7,100,1024.9,1.6,180,0.0
2026-07-04 03:00:00,1.6,98,1024.6,1.8,169,0.0
2026-07-04 04:00:00,1.5,97,1024.1,2.7,172,0.0
2026-07-04 05:00:00,1.7,96,1023.4,3.8,161,0.0
2026-07-04 06:00:00,0.7,95,1023.1,4.7,171,0.0
2026-07-04 07:00:00,0.6,94,1022.7,4.2,185,0.0
2026-07-04 08:00:00,1.2,91,1022.8,3.5,189,0.0
2026-07-04 09:00:00,3.1,87,1022.6,2.9,169,0.0
2026-07-04 10:00:00,5.6,86,1022.1,1.9,124,0.0
2026-07-04 11:00:00,8.3,87,1021.3,5.1,80,0.0
2026-07-04 12:00:00,11.8,80,1019.6,10.6,66,0.0
2026-07-04 13:00:00,13.5,75,1018.1,15.1,55,0.0
2026-07-04 14:00:00,13.9,72,1017.1,20.6,40,0.0
2026-07-04 15:00:00,13.8,72,1016.4,19.4,36,0.1
2026-07-04 16:00:00,13.3,75,1015.6,17.4,45,0.0
2026-07-04 17:00:00,11.7,82,1015.1,15.9,46,0.0
2026-07-04 18:00:00,10.4,87,1014.7,16.0,45,0.0
2026-07-04 19:00:00,10.1,86,1014.1,17.8,44,0.0
2026-07-04 20:00:00,10.3,84,1013.5,19.7,42,0.0
2026-07-04 21:00:00,10.6,83,1012.9,18.7,42,0.0
2026-07-04 22:00:00,11.1,81,1012.3,17.8,40,0.0
2026-07-04 23:00:00,11.4,81,1011.8,19.2,37,0.2
2026-07-05 00:00:00,11.4,87,1010.9,18.6,34,0.3
2026-07-05 01:00:00,11.0,90,1010.1,12.5,30,1.2
2026-07-05 02:00:00,11.5,90,1009.2,22.7,31,0.7
2026-07-05 03:00:00,11.4,91,1008.1,24.3,32,1.0
2026-07-05 04:00:00,11.8,91,1007.2,26.4,19,0.4
2026-07-05 05:00:00,12.2,93,1007.2,21.7,355,0.0
2026-07-05 06:00:00,11.3,95,1007.6,15.9,347,0.0
2026-07-05 07:00:00,10.1,96,1007.6,11.0,339,0.0
2026-07-05 08:00:00,9.2,96,1008.1,5.9,358,0.0
2026-07-05 09:00:00,10.3,97,1008.4,6.1,12,0.0
2026-07-05 10:00:00,12.3,95,1008.3,3.2,52,0.0
2026-07-05 11:00:00,14.0,87,1008.2,4.5,56,0.0
2026-07-05 12:00:00,15.6,77,1007.1,6.9,335,0.1
2026-07-05 13:00:00,15.8,70,1006.3,11.6,300,0.2
2026-07-05 14:00:00,16.1,66,1005.4,11.4,299,0.0
2026-07-05 15:00:00,15.8,66,1005.0,10.2,307,0.0
2026-07-05 16:00:00,15.2,71,1005.2,8.3,327,0.1
2026-07-05 17:00:00,13.0,82,1005.2,5.8,330,0.1
2026-07-05 18:00:00,11.7,88,1004.5,9.4,26,0.0
2026-07-05 19:00:00,11.2,91,1004.5,12.8,38,0.0
2026-07-05 20:00:00,10.9,91,1003.8,15.2,44,0.0
2026-07-05 21:00:00,10.8,90,1003.0,15.7,44,0.0
2026-07-05 22:00:00,10.6,89,1002.4,16.4,52,0.0
2026-07-05 23:00:00,10.8,89,1002.0,16.9,56,0.0
2026-07-06 00:00:00,11.2,89,1000.7,18.4,63,0.0
2026-07-06 01:00:00,11.7,86,999.5,22.5,63,0.4
2026-07-06 02:00:00,12.1,83,998.6,24.4,50,0.2
2026-07-06 03:00:00,11.4,90,997.7,24.5,49,2.0
2026-07-06 04:00:00,11.1,91,996.6,26.0,57,2.8
2026-07-06 05:00:00,11.5,89,996.1,28.8,54,6.1
2026-07-06 06:00:00,11.0,90,996.3,19.8,49,0.6
2026-07-06 07:00:00,10.6,89,996.5,20.2,53,0.0
2026-07-06 08:00:00,10.4,87,996.5,20.4,63,0.0
2026-07-06 09:00:00,11.4,83,996.6,23.1,56,0.0
2026-07-06 10:00:00,12.1,80,997.1,23.4,54,0.1
2026-07-06 11:00:00,13.1,73,997.2,24.2,41,0.1
2026-07-06 12:00:00,13.8,71,997.1,22.7,42,0.2
2026-07-06 13:00:00,12.9,73,996.9,19.6,23,0.5
2026-07-06 14:00:00,13.5,72,996.3,17.0,53,0.0
2026-07-06 15:00:00,13.5,72,996.4,15.1,51,0.1
2026-07-06 16:00:00,13.0,76,996.8,13.7,55,0.0
2026-07-06 17:00:00,11.7,81,996.8,13.3,80,0.0
2026-07-06 18:00:00,10.4,82,997.6,11.0,86,0.0
2026-07-06 19:00:00,9.8,85,997.9,11.2,92,0.0
2026-07-06 20:00:00,9.6,85,998.0,12.2,99,0.0
2026-07-06 21:00:00,9.4,85,998.0,12.4,88,0.0
2026-07-06 22:00:00,9.4,86,998.2,15.8,79,0.0
2026-07-06 23:00:00,9.1,88,998.4,16.5,77,0.0
2026-07-07 00:00:00,8.5,89,999.2,16.3,95,0.0
2026-07-07 01:00:00,8.5,89,998.6,15.2,95,0.0
2026-07-07 02:00:00,8.3,88,998.3,15.7,106,0.0
2026-07-07 03:00:00,7.9,89,998.0,15.0,114,0.0
2026-07-07 04:00:00,7.8,89,997.6,13.9,115,0.0
2026-07-07 05:00:00,7.9,89,997.3,14.9,110,0.0
2026-07-07 06:00:00,7.7,90,997.8,16.2,120,0.0
2026-07-07 07:00:00,8.2,88,998.0,15.1,125,0.0
2026-07-07 08:00:00,8.4,87,998.1,14.7,130,0.0
2026-07-07 09:00:00,9.3,85,997.8,19.5,132,0.0
2026-07-07 10:00:00,10.6,83,997.9,17.8,129,0.1
2026-07-07 11:00:00,12.2,79,998.0,15.8,124,0.0
2026-07-07 12:00:00,12.0,82,997.4,19.8,117,0.1
2026-07-07 13:00:00,12.4,83,996.3,19.2,125,0.2
2026-07-07 14:00:00,12.6,83,995.4,21.4,131,0.4
2026-07-07 15:00:00,12.2,87,995.0,22.2,122,0.4
2026-07-07 16:00:00,12.1,87,994.9,20.3,121,0.2
2026-07-07 17:00:00,11.7,86,995.0,20.2,119,0.0
2026-07-07 18:00:00,10.8,86,995.4,20.7,123,0.0
2026-07-07 19:00:00,10.7,85,995.3,20.1,127,0.0
2026-07-07 20:00:00,10.4,85,995.4,18.1,138,0.0
2026-07-07 21:00:00,10.1,85,995.4,16.4,145,0.0
2026-07-07 22:00:00,9.7,86,995.5,14.8,148,0.0
2026-07-07 23:00:00,9.2,86,995.4,16.2,156,0.0
2026-07-08 00:00:00,9.0,84,995.4,16.3,154,0.0
2026-07-08 01:00:00,8.8,85,995.2,15.2,156,0.0
2026-07-08 02:00:00,8.5,85,995.0,13.9,156,0.0
2026-07-08 03:00:00,8.2,85,995.2,16.2,171,0.0
2026-07-08 04:00:00,8.2,84,994.7,17.8,166,0.0
2026-07-08 05:00:00,7.5,87,994.7,16.3,166,0.0
2026-07-08 06:00:00,7.4,87,994.6,16.6,171,0.0
2026-07-08 07:00:00,7.6,85,995.1,16.6,164,0.0
2026-07-08 08:00:00,7.3,87,995.2,13.8,154,0.0
2026-07-08 09:00:00,8.4,86,995.7,12.6,163,0.0
2026-07-08 10:00:00,10.1,84,996.0,10.1,175,0.0
2026-07-08 11:00:00,11.7,80,996.5,10.7,171,0.0
2026-07-08 12:00:00,13.4,72,995.9,8.3,184,0.0
2026-07-08 13:00:00,14.5,67,995.1,5.9,178,0.0
2026-07-08 14:00:00,15.2,64,994.5,4.7,184,0.0
2026-07-08 15:00:00,15.4,66,994.4,5.4,188,0.0
2026-07-08 16:00:00,14.5,74,994.8,8.5,181,0.0
2026-07-08 17:00:00,12.5,82,995.0,5.8,175,0.0
2026-07-08 18:00:00,11.4,80,995.6,8.0,222,0.0
2026-07-08 19:00:00,10.6,82,996.4,10.0,197,0.0
2026-07-08 20:00:00,9.8,85,996.7,11.4,185,0.0
2026-07-08 21:00:00,9.4,86,997.0,15.3,181,0.0
2026-07-08 22:00:00,9.0,88,997.3,15.3,177,0.0
2026-07-08 23:00:00,9.0,85,997.5,15.5,180,0.0
2026-07-09 00:00:00,7.9,89,997.7,7.6,165,0.0
2026-07-09 01:00:00,7.7,87,997.8,8.3,174,0.0
2026-07-09 02:00:00,7.7,88,997.8,9.9,189,0.0
2026-07-09 03:00:00,8.1,87,997.8,17.0,186,0.0
2026-07-09 04:00:00,8.3,87,997.7,20.2,182,0.0
2026-07-09 05:00:00,8.7,85,998.1,20.7,195,0.5
2026-07-09 06:00:00,7.9,89,999.0,19.7,184,0.0
2026-07-09 07:00:00,8.2,90,999.3,20.7,177,0.2
2026-07-09 08:00:00,8.4,91,1000.2,14.4,172,0.6
2026-07-09 09:00:00,9.2,91,1000.8,9.2,215,1.3
2026-07-09 10:00:00,10.2,89,1001.6,15.7,189,0.1
2026-07-09 11:00:00,11.6,85,1001.8,19.0,184,0.1
2026-07-09 12:00:00,12.5,79,1001.2,20.1,193,0.0
2026-07-09 13:00:00,12.3,78,1001.1,20.1,196,0.0
2026-07-09 14:00:00,12.0,74,1001.0,22.6,200,0.0
2026-07-09 15:00:00,11.6,71,1001.5,24.0,193,0.0
2026-07-09 16:00:00,11.1,70,1001.9,24.7,191,0.0
2026-07-09 17:00:00,10.5,68,1002.5,27.2,190,0.0
2026-07-09 18:00:00,10.2,68,1002.8,24.7,190,0.0
2026-07-09 19:00:00,9.9,68,1003.6,28.0,190,0.0
2026-07-09 20:00:00,8.9,75,1004.3,25.3,188,0.3
2026-07-09 21:00:00,8.3,82,1004.6,23.0,192,2.0
2026-07-09 22:00:00,8.2,80,1004.9,18.8,195,0.2
2026-07-09 23:00:00,8.1,79,1005.2,19.1,196,0.0
2026-07-10 00:00:00,8.0,79,1005.4,19.6,190,0.0
2026-07-10 01:00:00,8.2,79,1005.6,17.6,194,0.0
2026-07-10 02:00:00,7.9,79,1006.0,15.7,198,0.0
2026-07-10 03:00:00,7.6,80,1006.7,12.8,200,0.0
2026-07-10 04:00:00,7.3,80,1007.1,13.6,208,0.0
2026-07-10 05:00:00,7.1,80,1007.4,13.4,206,0.0
2026-07-10 06:00:00,6.3,83,1007.8,11.2,191,0.0
2026-07-10 07:00:00,6.1,84,1008.4,10.1,202,0.0
2026-07-10 08:00:00,6.0,85,1009.1,8.0,207,0.0
2026-07-10 09:00:00,7.3,84,1010.0,7.0,198,0.0
2026-07-10 10:00:00,9.3,74,1010.7,8.5,192,0.0
2026-07-10 11:00:00,10.7,71,1010.7,8.9,199,0.0
2026-07-10 12:00:00,12.4,63,1010.3,11.4,203,0.0
2026-07-10 13:00:00,13.0,61,1009.7,13.8,187,0.0
2026-07-10 14:00:00,13.4,64,1009.6,14.9,172,0.0
2026-07-10 15:00:00,13.4,63,1009.7,14.8,164,0.0
2026-07-10 16:00:00,12.8,68,1010.0,11.9,158,0.0
2026-07-10 17:00:00,11.0,75,1010.4,8.3,164,0.0
2026-07-10 18:00:00,9.7,79,1010.7,9.2,138,0.0
2026-07-10 19:00:00,8.7,81,1011.7,11.6,132,0.0
2026-07-10 20:00:00,7.9,80,1012.4,11.9,142,0.0
2026-07-10 21:00:00,7.3,80,1013.1,12.7,147,0.0
2026-07-10 22:00:00,6.6,80,1013.4,11.2,150,0.0
2026-07-10 23:00:00,6.1,79,1014.1,12.2,152,0.0
2026-07-11 00:00:00,5.3,82,1014.4,13.4,151,0.0
2026-07-11 01:00:00,5.0,76,1014.4,12.9,145,0.0
2026-07-11 02:00:00,4.6,75,1014.6,12.3,146,0.0
2026-07-11 03:00:00,4.1,79,1014.6,10.7,151,0.0
2026-07-11 04:00:00,3.7,83,1014.5,9.5,155,0.0
2026-07-11 05:00:00,3.4,86,1014.8,8.7,158,0.0
2026-07-11 06:00:00,2.8,87,1015.0,11.4,155,0.0
2026-07-11 07:00:00,2.3,88,1015.6,10.6,162,0.0
2026-07-11 08:00:00,2.0,89,1016.1,10.1,168,0.0
2026-07-11 09:00:00,3.5,88,1016.7,9.9,170,0.0
2026-07-11 10:00:00,5.5,83,1017.0,7.9,176,0.0
2026-07-11 11:00:00,7.4,78,1017.2,9.4,180,0.0
2026-07-11 12:00:00,9.8,73,1016.5,9.2,169,0.0
2026-07-11 13:00:00,10.8,70,1015.6,8.2,158,0.0
2026-07-11 14:00:00,11.4,67,1015.1,6.9,147,0.0
2026-07-11 15:00:00,11.6,65,1015.0,6.2,134,0.0
2026-07-11 16:00:00,11.3,69,1015.3,3.9,114,0.0
2026-07-11 17:00:00,9.3,76,1015.7,1.5,76,0.0
2026-07-11 18:00:00,7.2,78,1015.7,4.5,90,0.0
2026-07-11 19:00:00,6.7,78,1016.3,4.6,126,0.0
2026-07-11 20:00:00,6.1,85,1016.9,7.2,166,0.0
2026-07-11 21:00:00,5.2,88,1017.3,9.5,159,0.0
2026-07-11 22:00:00,4.8,88,1017.5,9.0,147,0.0
2026-07-11 23:00:00,4.3,87,1018.0,6.2,147,0.0
2026-07-12 00:00:00,3.7,87,1018.3,7.9,153,0.0
2026-07-12 01:00:00,3.2,87,1018.4,7.6,158,0.0
2026-07-12 02:00:00,2.9,87,1018.6,7.1,150,0.0
2026-07-12 03:00:00,2.6,88,1018.6,7.5,153,0.0
2026-07-12 04:00:00,2.2,89,1018.4,6.1,148,0.0
2026-07-12 05:00:00,1.8,89,1018.6,5.4,140,0.0
2026-07-12 06:00:00,1.5,90,1019.0,8.6,151,0.0
2026-07-12 07:00:00,1.3,89,1019.6,7.3,150,0.0
2026-07-12 08:00:00,1.2,90,1020.1,6.8,145,0.0
2026-07-12 09:00:00,2.9,88,1020.7,6.9,157,0.0
2026-07-12 10:00:00,5.4,85,1021.3,4.2,187,0.0
2026-07-12 11:00:00,7.7,81,1021.7,3.5,195,0.0
2026-07-12 12:00:00,9.9,78,1020.7,4.9,170,0.0
2026-07-12 13:00:00,11.3,72,1020.1,4.4,161,0.0
2026-07-12 14:00:00,11.9,68,1019.6,3.5,145,0.0
2026-07-12 15:00:00,12.1,65,1019.3,3.2,133,0.0
2026-07-12 16:00:00,11.7,69,1019.6,3.2,133,0.0
2026-07-12 17:00:00,9.5,77,1019.8,2.7,148,0.0
2026-07-12 18:00:00,7.4,80,1020.0,4.8,132,0.0
2026-07-12 19:00:00,6.8,82,1020.4,5.0,128,0.0
2026-07-12 20:00:00,5.5,86,1021.0,4.8,110,0.0
2026-07-12 21:00:00,4.7,88,1021.2,4.3,88,0.0
2026-07-12 22:00:00,4.1,89,1021.3,2.9,90,0.0
2026-07-12 23:00:00,3.9,88,1021.6,1.5,126,0.0
2026-07-13 00:00:00,4.0,88,1021.7,3.2,117,0.0
2026-07-13 01:00:00,3.4,90,1021.7,2.3,162,0.0
2026-07-13 02:00:00,2.9,91,1021.8,3.3,158,0.0
2026-07-13 03:00:00,2.6,91,1021.9,2.8,162,0.0
2026-07-13 04:00:00,2.5,91,1021.7,2.4,144,0.0
2026-07-13 05:00:00,2.3,91,1021.5,3.2,137,0.0
2026-07-13 06:00:00,1.6,92,1021.9,3.2,146,0.0
2026-07-13 07:00:00,1.6,93,1022.2,1.8,169,0.0
2026-07-13 08:00:00,2.2,92,1022.6,1.7,148,0.0
2026-07-13 09:00:00,4.8,87,1023.1,2.4,144,0.0
2026-07-13 10:00:00,7.8,82,1023.3,1.5,346,0.0
2026-07-13 11:00:00,10.2,81,1023.3,2.7,53,0.0
2026-07-13 12:00:00,12.8,80,1022.5,6.4,58,0.0
2026-07-13 13:00:00,14.2,72,1021.5,12.9,30,0.0
2026-07-13 14:00:00,14.8,65,1021.1,15.0,19,0.0
2026-07-13 15:00:00,14.6,66,1020.8,13.8,15,0.0
2026-07-13 16:00:00,14.0,72,1020.9,10.4,23,0.0
2026-07-13 17:00:00,12.2,79,1020.9,10.8,37,0.0
2026-07-13 18:00:00,10.4,88,1020.8,13.2,52,0.0
2026-07-13 19:00:00,9.8,90,1021.0,13.5,46,0.0
2026-07-13 20:00:00,9.4,90,1021.2,13.0,43,0.0
2026-07-13 21:00:00,9.2,89,1021.3,11.5,42,0.0
2026-07-13 22:00:00,9.1,89,1021.7,10.6,42,0.0
2026-07-13 23:00:00,9.5,88,1022.1,11.1,32,0.0
2026-07-14 00:00:00,10.5,87,1021.9,13.5,13,0.5
2026-07-14 01:00:00,10.2,88,1021.9,14.6,9,0.4
2026-07-14 02:00:00,10.6,92,1021.6,15.2,17,0.4
2026-07-14 03:00:00,10.6,93,1021.5,12.9,21,0.0
2026-07-14 04:00:00,10.4,93,1021.4,8.5,6,0.0
2026-07-14 05:00:00,9.9,93,1021.7,8.3,18,0.0
2026-07-14 06:00:00,10.0,94,1022.0,9.0,26,0.1
2026-07-14 07:00:00,10.0,94,1021.9,11.1,44,0.5
2026-07-14 08:00:00,10.1,94,1022.3,9.5,39,0.1
2026-07-14 09:00:00,10.6,94,1022.7,8.7,42,0.0
2026-07-14 10:00:00,11.6,95,1023.3,5.2,68,0.0
2026-07-14 11:00:00,12.4,92,1023.4,3.8,85,0.0
2026-07-14 12:00:00,14.0,86,1022.6,7.0,334,0.0
2026-07-14 13:00:00,15.1,81,1021.6,8.3,318,0.0
2026-07-14 14:00:00,15.9,77,1021.2,8.6,309,0.0
2026-07-14 15:00:00,16.0,76,1020.9,13.5,289,0.1
2026-07-14 16:00:00,15.3,79,1021.1,13.6,281,0.0
2026-07-14 17:00:00,13.6,87,1021.6,9.2,287,0.0
2026-07-14 18:00:00,11.1,91,1022.1,5.9,301,0.0
2026-07-14 19:00:00,10.5,92,1022.5,5.6,310,0.0
2026-07-14 20:00:00,9.6,94,1022.9,4.2,320,0.0
2026-07-14 21:00:00,8.7,97,1023.3,3.2,344,0.0
2026-07-14 22:00:00,8.0,99,1023.5,3.3,354,0.0
2026-07-14 23:00:00,7.5,99,1023.9,3.6,351,0.0
2026-07-15 00:00:00,7.1,100,1024.3,1.7,13,0.0
2026-07-15 01:00:00,7.2,100,1024.3,2.4,42,0.0
2026-07-15 02:00:00,7.1,99,1024.4,6.5,39,0.0
2026-07-15 03:00:00,6.9,100,1024.5,7.0,46,0.0
2026-07-15 04:00:00,7.4,100,1024.4,5.7,66,0.0
2026-07-15 05:00:00,7.8,99,1024.5,5.2,74,0.0
2026-07-15 06:00:00,7.6,98,1024.7,5.8,74,0.0
2026-07-15 07:00:00,7.5,100,1024.9,3.2,38,0.0
2026-07-15 08:00:00,7.7,99,1025.2,3.5,24,0.0
2026-07-15 09:00:00,8.3,100,1025.5,5.0,26,0.0
2026-07-15 10:00:00,9.1,100,1025.6,5.9,20,0.0
2026-07-15 11:00:00,10.3,97,1025.6,5.7,11,0.0
2026-07-15 12:00:00,13.1,92,1024.8,5.8,2,0.0
2026-07-15 13:00:00,14.7,86,1023.9,5.4,312,0.1
2026-07-15 14:00:00,15.6,81,1023.4,9.0,269,0.2
2026-07-15 15:00:00,15.8,82,1023.2,10.2,249,0.0
2026-07-15 16:00:00,15.3,84,1023.2,8.3,264,0.1
2026-07-15 17:00:00,13.9,89,1023.3,6.8,287,0.0
2026-07-15 18:00:00,11.7,91,1023.5,4.8,307,0.0
2026-07-15 19:00:00,11.2,93,1023.8,5.4,312,0.0
2026-07-15 20:00:00,10.4,94,1023.8,6.0,314,0.0
2026-07-15 21:00:00,9.8,96,1023.9,6.5,316,0.0
2026-07-15 22:00:00,9.8,96,1023.7,6.4,317,0.0
2026-07-15 23:00:00,9.7,96,1023.7,6.5,314,0.0
2026-07-16 00:00:00,9.5,96,1023.6,7.1,330,0.0
2026-07-16 01:00:00,9.9,96,1023.4,7.4,326,0.0
2026-07-16 02:00:00,10.5,95,1023.2,8.0,320,0.0
2026-07-16 03:00:00,10.2,95,1023.2,6.9,319,0.0
2026-07-16 04:00:00,9.8,95,1022.6,5.6,310,0.0
2026-07-16 05:00:00,9.4,96,1022.5,5.8,309,0.0
2026-07-16 06:00:00,8.2,99,1022.6,5.7,336,0.0
2026-07-16 07:00:00,8.5,100,1022.9,7.4,346,0.0
2026-07-16 08:00:00,8.7,100,1023.1,7.4,360,0.0
2026-07-16 09:00:00,9.9,100,1023.3,7.0,10,0.0
2026-07-16 10:00:00,12.1,96,1023.5,6.2,350,0.0
2026-07-16 11:00:00,14.0,90,1023.6,7.5,316,0.1
2026-07-16 12:00:00,15.3,84,1022.7,9.4,308,0.2
2026-07-16 13:00:00,16.1,72,1021.9,16.0,268,0.1
2026-07-16 14:00:00,16.2,66,1021.4,17.2,265,0.0
2026-07-16 15:00:00,15.9,66,1021.1,16.7,262,0.0
2026-07-16 16:00:00,15.2,74,1021.2,14.6,265,0.0
2026-07-16 17:00:00,13.8,81,1021.0,13.3,270,0.0
2026-07-16 18:00:00,12.3,86,1021.7,12.2,262,0.0
2026-07-16 19:00:00,12.0,88,1022.1,11.5,271,0.0
2026-07-16 20:00:00,11.3,90,1022.7,9.6,262,0.0
2026-07-16 21:00:00,10.5,92,1023.0,7.5,255,0.0
2026-07-16 22:00:00,9.7,92,1022.9,6.4,259,0.0
2026-07-16 23:00:00,8.9,93,1022.9,5.5,247,0.0
2026-07-17 00:00:00,8.1,96,1023.1,2.1,211,0.0
2026-07-17 01:00:00,7.9,97,1023.2,0.4,117,0.0
2026-07-17 02:00:00,7.8,97,1023.3,0.4,90,0.0
2026-07-17 03:00:00,7.4,97,1023.5,0.6,146,0.0
2026-07-17 04:00:00,6.8,98,1023.1,1.6,153,0.0
2026-07-17 05:00:00,6.3,99,1023.3,0.9,143,0.0
2026-07-17 06:00:00,6.1,99,1023.6,3.5,125,0.0
2026-07-17 07:00:00,5.6,99,1024.1,5.5,126,0.0
2026-07-17 08:00:00,5.5,99,1024.8,5.7,122,0.0
2026-07-17 09:00:00,6.9,99,1025.2,4.4,102,0.0
2026-07-17 10:00:00,9.3,97,1025.3,1.8,66,0.0
2026-07-17 11:00:00,11.9,87,1025.6,1.2,141,0.0
2026-07-17 12:00:00,13.1,82,1024.9,4.7,184,0.0
2026-07-17 13:00:00,14.2,73,1024.1,11.7,225,0.0
2026-07-17 14:00:00,14.5,62,1023.7,16.7,235,0.0
2026-07-17 15:00:00,14.4,63,1023.3,18.2,240,0.0
2026-07-17 16:00:00,13.6,70,1023.4,16.7,244,0.0
2026-07-17 17:00:00,12.5,74,1023.5,13.8,246,0.0
2026-07-17 18:00:00,11.2,79,1023.8,10.8,240,0.0
2026-07-17 19:00:00,10.5,82,1023.9,7.7,254,0.0
2026-07-17 20:00:00,9.9,84,1023.8,6.3,267,0.0
2026-07-17 21:00:00,9.5,85,1023.6,5.9,272,0.0
2026-07-17 22:00:00,9.7,86,1023.7,7.7,282,0.0
2026-07-17 23:00:00,9.7,87,1023.8,8.4,280,0.0
2026-07-18 00:00:00,10.2,84,1024.0,8.9,264,0.0
2026-07-18 01:00:00,10.1,84,1023.9,8.9,263,0.0
2026-07-18 02:00:00,9.6,86,1023.9,8.3,266,0.0
2026-07-18 03:00:00,9.4,86,1023.8,6.7,265,0.0
2026-07-18 04:00:00,8.6,87,1023.4,4.7,254,0.0
2026-07-18 05:00:00,8.5,87,1023.3,4.2,263,0.0
2026-07-18 06:00:00,8.0,88,1023.5,2.2,235,0.0
2026-07-18 07:00:00,8.0,88,1023.5,2.3,241,0.0
2026-07-18 08:00:00,8.2,89,1023.7,3.2,286,0.0
2026-07-18 09:00:00,10.6,86,1024.1,7.4,284,0.0
2026-07-18 10:00:00,12.8,79,1024.1,9.7,252,0.0
2026-07-18 11:00:00,14.0,69,1024.4,15.8,246,0.0
2026-07-18 12:00:00,14.4,64,1023.8,21.2,239,0.0
2026-07-18 13:00:00,14.4,64,1023.0,22.1,237,0.0
2026-07-18 14:00:00,14.7,63,1022.2,21.4,237,0.0
2026-07-18 15:00:00,14.8,65,1021.9,18.7,242,0.0
2026-07-18 16:00:00,14.2,73,1021.9,17.1,245,0.0
2026-07-18 17:00:00,13.0,80,1021.8,13.9,239,0.0
2026-07-18 18:00:00,11.2,86,1022.2,10.6,259,0.0
2026-07-18 19:00:00,10.7,88,1022.5,9.2,263,0.0
2026-07-18 20:00:00,10.1,89,1021.7,6.5,226,0.0
2026-07-18 21:00:00,8.6,91,1021.7,3.8,229,0.0
2026-07-18 22:00:00,8.3,92,1021.9,5.7,288,0.0
2026-07-18 23:00:00,9.2,90,1021.7,6.3,275,0.0
2026-07-19 00:00:00,8.4,91,1021.9,6.0,280,0.0
2026-07-19 01:00:00,8.8,89,1021.6,6.5,293,0.0
2026-07-19 02:00:00,9.2,89,1021.8,9.7,292,0.0
2026-07-19 03:00:00,9.8,87,1021.7,10.7,265,0.0
2026-07-19 04:00:00,9.9,87,1021.1,10.7,258,0.0
2026-07-19 05:00:00,10.0,86,1020.8,10.7,254,0.0
2026-07-19 06:00:00,9.0,87,1020.8,9.4,238,0.0
2026-07-19 07:00:00,8.3,90,1020.9,6.9,245,0.0
2026-07-19 08:00:00,8.3,89,1021.3,7.1,249,0.0
2026-07-19 09:00:00,10.5,86,1021.8,10.2,247,0.0
2026-07-19 10:00:00,12.8,80,1022.2,10.9,237,0.0
2026-07-19 11:00:00,14.3,70,1022.1,13.8,237,0.0
2026-07-19 12:00:00,14.9,68,1021.6,13.5,226,0.0
2026-07-19 13:00:00,15.4,63,1021.0,15.8,227,0.0
2026-07-19 14:00:00,15.4,63,1020.4,14.8,222,0.0
2026-07-19 15:00:00,15.0,68,1020.0,15.0,223,0.0
2026-07-19 16:00:00,14.5,74,1020.5,11.8,236,0.0
2026-07-19 17:00:00,12.9,81,1020.7,8.3,257,0.0
2026-07-19 18:00:00,11.1,87,1020.9,5.7,252,0.0
2026-07-19 19:00:00,9.9,89,1021.4,5.0,240,0.0
2026-07-19 20:00:00,8.8,92,1021.4,4.3,222,0.0
2026-07-19 21:00:00,7.7,96,1021.2,3.8,163,0.0
2026-07-19 22:00:00,7.6,96,1021.2,5.6,119,0.0
2026-07-19 23:00:00,7.0,98,1021.5,1.3,98,0.0
2026-07-20 00:00:00,6.5,99,1021.9,2.6,115,0.0
2026-07-20 01:00:00,6.5,100,1022.4,0.4,207,0.0
2026-07-20 02:00:00,6.9,99,1022.2,2.4,171,0.0
2026-07-20 03:00:00,7.2,96,1021.9,6.1,137,0.0
2026-07-20 04:00:00,7.1,95,1021.6,3.6,153,0.0
2026-07-20 05:00:00,6.9,94,1021.7,3.8,149,0.0
2026-07-20 06:00:00,7.0,91,1022.1,6.1,140,0.0
2026-07-20 07:00:00,6.9,91,1022.9,5.5,148,0.0
2026-07-20 08:00:00,7.3,90,1023.1,7.7,150,0.0
2026-07-20 09:00:00,8.4,87,1023.4,8.1,155,0.0
2026-07-20 10:00:00,9.9,84,1023.7,6.5,148,0.0
2026-07-20 11:00:00,11.2,80,1024.1,7.3,152,0.0
2026-07-20 12:00:00,12.1,81,1023.5,7.8,157,0.2
2026-07-20 13:00:00,12.0,84,1023.0,9.7,169,0.2
2026-07-20 14:00:00,12.2,84,1022.7,12.0,159,0.3
2026-07-20 15:00:00,12.0,86,1022.6,10.4,165,0.2
2026-07-20 16:00:00,11.7,89,1023.0,10.0,171,0.1
2026-07-20 17:00:00,11.0,91,1023.1,6.7,160,0.3
2026-07-20 18:00:00,9.9,94,1023.5,5.8,146,0.2
2026-07-20 19:00:00,9.5,95,1024.1,3.8,121,0.3
2026-07-20 20:00:00,9.3,95,1024.5,2.4,167,0.2
2026-07-20 21:00:00,9.4,95,1024.8,6.5,183,0.3
2026-07-20 22:00:00,9.2,94,1024.8,7.2,167,0.2
2026-07-20 23:00:00,8.8,94,1024.7,6.2,150,0.1
2026-07-21 00:00:00,8.6,93,1024.9,9.8,148,0.3
2026-07-21 01:00:00,7.7,93,1024.9,10.2,144,0.0
2026-07-21 02:00:00,7.9,92,1024.9,7.2,148,0.1
2026-07-21 03:00:00,7.7,92,1024.9,10.3,174,0.0
2026-07-21 04:00:00,7.4,91,1024.6,8.9,153,0.0
2026-07-21 05:00:00,7.4,91,1024.6,7.6,161,0.0
2026-07-21 06:00:00,6.5,92,1025.0,6.6,163,0.0
2026-07-21 07:00:00,5.8,93,1025.1,6.5,161,0.0
2026-07-21 08:00:00,5.0,94,1025.4,6.1,156,0.0
2026-07-21 09:00:00,6.4,93,1025.5,7.5,163,0.0
2026-07-21 10:00:00,8.0,90,1025.4,7.6,179,0.0
2026-07-21 11:00:00,9.6,83,1025.5,9.0,181,0.0
2026-07-21 12:00:00,11.5,74,1024.5,6.0,170,0.0
2026-07-21 13:00:00,12.4,67,1023.6,3.5,159,0.0
2026-07-21 14:00:00,12.9,67,1023.0,2.3,162,0.0
2026-07-21 15:00:00,13.2,69,1022.8,2.2,175,0.0
2026-07-21 16:00:00,13.1,70,1022.6,2.6,196,0.0
2026-07-21 17:00:00,11.3,80,1022.9,1.7,212,0.0
2026-07-21 18:00:00,8.8,84,1022.5,4.7,238,0.0
2026-07-21 19:00:00,7.5,87,1023.2,5.5,229,0.0
2026-07-21 20:00:00,6.4,90,1023.4,1.9,214,0.0
2026-07-21 21:00:00,5.5,94,1023.3,0.6,146,0.0
2026-07-21 22:00:00,4.6,97,1023.2,0.6,162,0.0
2026-07-21 23:00:00,3.9,100,1023.2,0.7,166,0.0
2026-07-22 00:00:00,3.3,98,1023.3,1.8,127,0.0
2026-07-22 01:00:00,3.1,98,1023.0,0.8,117,0.0
2026-07-22 02:00:00,3.0,99,1022.8,0.3,45,0.0
2026-07-22 03:00:00,2.7,100,1022.3,0.6,18,0.0
2026-07-22 04:00:00,2.7,98,1021.8,2.2,35,0.0
2026-07-22 05:00:00,3.6,97,1021.5,3.9,22,0.0
2026-07-22 06:00:00,2.7,98,1021.8,1.6,27,0.0
2026-07-22 07:00:00,2.6,99,1021.9,3.6,9,0.0
2026-07-22 08:00:00,3.0,99,1022.1,6.0,27,0.0
2026-07-22 09:00:00,4.3,99,1022.2,6.0,39,0.0
2026-07-22 10:00:00,6.3,96,1022.1,5.4,42,0.0
2026-07-22 11:00:00,8.2,95,1021.7,5.6,42,0.0
2026-07-22 12:00:00,9.8,93,1020.7,5.9,40,0.0
2026-07-22 13:00:00,11.5,85,1019.8,6.4,40,0.0
2026-07-22 14:00:00,12.7,81,1019.1,4.2,54,0.0
2026-07-22 15:00:00,13.2,80,1018.9,2.5,180,0.0
2026-07-22 16:00:00,13.2,81,1019.0,3.1,208,0.0
2026-07-22 17:00:00,12.2,86,1019.0,1.9,253,0.0
2026-07-22 18:00:00,10.4,88,1019.3,2.5,300,0.0
2026-07-22 19:00:00,9.9,86,1019.4,6.0,280,0.0
2026-07-22 20:00:00,8.8,88,1019.5,4.9,287,0.0
2026-07-22 21:00:00,7.9,89,1019.5,1.5,284,0.0
2026-07-22 22:00:00,6.8,94,1019.6,1.1,171,0.0
2026-07-22 23:00:00,5.5,100,1019.7,3.3,151,0.0
2026-07-23 00:00:00,5.0,100,1020.2,7.4,113,0.0
2026-07-23 01:00:00,4.7,100,1020.1,5.5,107,0.0
2026-07-23 02:00:00,4.4,100,1020.2,3.6,123,0.0
2026-07-23 03:00:00,4.1,99,1020.1,3.1,135,0.0
2026-07-23 04:00:00,3.8,99,1019.8,3.3,131,0.0
2026-07-23 05:00:00,3.5,100,1019.5,1.0,149,0.0
2026-07-23 06:00:00,2.7,100,1019.8,1.7,131,0.0
2026-07-23 07:00:00,2.5,99,1019.9,2.2,180,0.0
2026-07-23 08:00:00,2.5,98,1020.5,2.1,200,0.0
2026-07-23 09:00:00,3.4,100,1020.8,1.3,146,0.0
2026-07-23 10:00:00,4.9,99,1020.8,1.8,84,0.0
2026-07-23 11:00:00,6.2,99,1020.9,1.6,27,0.0
2026-07-23 12:00:00,9.4,90,1019.7,3.6,30,0.0
2026-07-23 13:00:00,10.5,87,1018.9,3.4,354,0.0
2026-07-23 14:00:00,11.4,85,1018.1,3.3,351,0.0
2026-07-23 15:00:00,11.8,83,1017.6,4.2,342,0.0
2026-07-23 16:00:00,11.8,83,1017.3,5.0,322,0.0
2026-07-23 17:00:00,10.8,90,1017.1,3.2,308,0.0
2026-07-23 18:00:00,8.6,94,1016.6,2.8,305,0.0
2026-07-23 19:00:00,9.4,94,1016.9,3.3,347,0.0
2026-07-23 20:00:00,9.8,93,1016.9,5.4,21,0.0
2026-07-23 21:00:00,9.7,93,1016.4,6.8,18,0.1
2026-07-23 22:00:00,9.2,94,1016.2,6.6,22,0.2
2026-07-23 23:00:00,8.6,95,1016.2,6.4,22,0.2
2026-07-24 00:00:00,9.6,96,1015.6,7.9,17,0.2
2026-07-24 01:00:00,9.7,96,1014.7,8.3,11,0.0
2026-07-24 02:00:00,9.7,96,1014.3,7.8,4,0.0
2026-07-24 03:00:00,9.4,95,1013.7,6.5,3,0.0
2026-07-24 04:00:00,9.2,95,1013.0,6.4,16,0.0
2026-07-24 05:00:00,8.1,96,1012.3,8.7,27,0.0
2026-07-24 06:00:00,7.1,96,1011.8,8.6,31,0.0
2026-07-24 07:00:00,7.2,94,1011.6,9.0,15,0.0
2026-07-24 08:00:00,8.8,91,1011.5,11.8,7,0.0
2026-07-24 09:00:00,9.8,88,1011.1,13.3,9,0.0
2026-07-24 10:00:00,11.5,84,1010.5,15.4,5,0.0
2026-07-24 11:00:00,12.5,82,1009.9,16.4,358,0.0
2026-07-24 12:00:00,13.0,82,1008.2,16.3,7,0.0
2026-07-24 13:00:00,14.3,78,1006.5,17.7,5,0.0
2026-07-24 14:00:00,14.3,80,1005.1,17.7,355,0.2
2026-07-24 15:00:00,13.5,86,1004.2,18.1,353,0.9
2026-07-24 16:00:00,13.1,88,1003.7,20.4,356,0.7
2026-07-24 17:00:00,12.7,89,1002.8,22.0,1,1.9
2026-07-24 18:00:00,12.3,90,1001.3,22.0,360,2.5
2026-07-24 19:00:00,12.4,89,1000.5,27.2,347,0.8
2026-07-24 20:00:00,11.4,91,1000.6,19.9,344,0.2
2026-07-24 21:00:00,11.1,95,999.9,18.4,338,2.0
2026-07-24 22:00:00,11.7,94,999.3,17.1,318,0.3
2026-07-24 23:00:00,10.8,95,998.6,12.8,332,0.2
2026-07-25 00:00:00,10.7,95,997.9,12.6,322,0.9
2026-07-25 01:00:00,10.4,95,996.5,8.8,340,0.6
2026-07-25 02:00:00,9.7,95,996.3,15.9,328,0.8
2026-07-25 03:00:00,10.3,94,995.6,16.2,315,0.7
2026-07-25 04:00:00,9.7,94,994.7,16.3,295,0.5
2026-07-25 05:00:00,9.6,92,994.4,15.2,307,1.0
2026-07-25 06:00:00,9.9,92,994.0,16.1,307,1.5
2026-07-25 07:00:00,8.9,91,994.3,18.0,286,2.0
2026-07-25 08:00:00,8.9,85,994.2,18.1,283,0.1
2026-07-25 09:00:00,9.4,86,994.5,13.4,285,0.3
2026-07-25 10:00:00,10.2,85,994.6,17.5,261,0.3
2026-07-25 11:00:00,11.5,80,995.0,13.6,255,0.2
2026-07-25 12:00:00,11.5,73,994.7,20.7,259,1.3
2026-07-25 13:00:00,11.1,80,994.4,22.9,243,0.6
2026-07-25 14:00:00,11.6,82,994.7,29.4,244,0.9
2026-07-25 15:00:00,11.2,79,995.3,31.3,241,0.7
2026-07-25 16:00:00,11.2,72,996.4,31.5,240,0.1
2026-07-25 17:00:00,10.6,68,997.5,29.4,239,0.0
2026-07-25 18:00:00,9.8,66,998.2,24.8,240,0.2
2026-07-25 19:00:00,9.8,65,999.2,23.5,239,0.0
2026-07-25 20:00:00,9.7,63,1000.2,22.1,238,0.0
2026-07-25 21:00:00,9.6,61,1000.8,19.8,238,0.0
2026-07-25 22:00:00,8.9,65,1001.5,15.0,225,0.0
2026-07-25 23:00:00,7.7,73,1002.3,9.9,222,0.0
2026-07-26 00:00:00,7.1,78,1003.0,8.2,206,0.0
2026-07-26 01:00:00,6.0,83,1003.2,5.6,186,0.0
2026-07-26 02:00:00,5.2,86,1003.1,4.0,144,0.0
2026-07-26 03:00:00,4.7,90,1002.9,4.8,119,0.0
2026-07-26 04:00:00,4.2,92,1003.0,5.9,113,0.0
2026-07-26 05:00:00,4.0,93,1003.3,6.6,111,0.0
2026-07-26 06:00:00,2.8,97,1003.4,5.1,122,0.0
2026-07-26 07:00:00,3.1,96,1003.7,3.2,164,0.0
2026-07-26 08:00:00,3.8,94,1004.0,4.6,64,0.0
2026-07-26 09:00:00,4.8,93,1004.3,6.7,63,0.0
2026-07-26 10:00:00,5.9,90,1004.7,2.6,129,0.0
2026-07-26 11:00:00,6.8,87,1004.9,4.4,142,0.0
2026-07-26 12:00:00,8.6,84,1004.0,6.7,134,0.0
2026-07-26 13:00:00,9.1,82,1003.3,8.4,152,0.0
2026-07-26 14:00:00,9.4,81,1003.0,8.9,148,0.0
2026-07-26 15:00:00,9.8,80,1003.3,7.2,166,0.0
2026-07-26 16:00:00,10.0,80,1003.9,4.2,162,0.0
2026-07-26 17:00:00,9.1,86,1004.7,3.6,171,0.0
2026-07-26 18:00:00,7.9,88,1005.4,9.1,165,0.0
2026-07-26 19:00:00,6.9,88,1006.4,10.8,169,0.0
2026-07-26 20:00:00,6.4,89,1007.3,11.9,155,0.0
2026-07-26 21:00:00,5.6,88,1008.2,10.8,154,0.0
2026-07-26 22:00:00,4.8,88,1009.3,10.3,164,0.0
2026-07-26 23:00:00,4.4,87,1010.2,9.7,168,0.0
2026-07-27 00:00:00,3.7,84,1011.0,10.8,159,0.0
2026-07-27 01:00:00,3.4,84,1011.6,9.5,151,0.0
2026-07-27 02:00:00,3.1,85,1011.9,10.1,153,0.0
2026-07-27 03:00:00,2.4,88,1012.2,10.0,159,0.0
2026-07-27 04:00:00,1.4,91,1012.6,8.6,157,0.0
2026-07-27 05:00:00,0.9,91,1013.1,7.9,150,0.0
2026-07-27 06:00:00,0.2,93,1013.5,7.1,146,0.0
2026-07-27 07:00:00,0.1,91,1014.2,6.8,151,0.0
2026-07-27 08:00:00,0.7,88,1015.0,7.4,162,0.0
2026-07-27 09:00:00,2.6,84,1015.6,8.9,167,0.0
2026-07-27 10:00:00,4.9,79,1016.1,6.5,186,0.0
2026-07-27 11:00:00,7.1,74,1016.5,8.0,189,0.0
2026-07-27 12:00:00,8.6,69,1015.8,5.6,207,0.0
2026-07-27 13:00:00,10.1,66,1015.4,6.2,218,0.0
2026-07-27 14:00:00,11.2,60,1014.7,8.0,207,0.0
2026-07-27 15:00:00,11.9,55,1014.5,15.6,209,0.0
2026-07-27 16:00:00,11.4,67,1014.8,10.5,215,0.0
2026-07-27 17:00:00,9.6,78,1015.1,6.1,236,0.0
2026-07-27 18:00:00,6.8,83,1015.6,5.1,234,0.0
2026-07-27 19:00:00,5.8,86,1016.2,3.8,229,0.0
2026-07-27 20:00:00,4.5,89,1016.7,4.3,163,0.0
2026-07-27 21:00:00,3.8,88,1017.2,5.8,144,0.0
2026-07-27 22:00:00,2.8,90,1017.7,5.1,163,0.0
2026-07-27 23:00:00,2.2,92,1018.3,4.3,178,0.0
2026-07-28 00:00:00,2.2,87,1018.7,7.8,148,0.0
2026-07-28 01:00:00,1.6,86,1018.5,6.7,160,0.0
2026-07-28 02:00:00,1.2,86,1018.8,6.3,160,0.0
2026-07-28 03:00:00,0.9,86,1018.9,6.8,155,0.0
2026-07-28 04:00:00,0.3,87,1018.9,5.8,164,0.0
2026-07-28 05:00:00,-0.2,88,1019.2,5.3,156,0.0
2026-07-28 06:00:00,-0.8,89,1019.7,6.5,150,0.0
2026-07-28 07:00:00,-1.2,90,1020.2,5.9,160,0.0
2026-07-28 08:00:00,-0.9,89,1020.7,7.6,161,0.0
2026-07-28 09:00:00,0.8,89,1021.2,8.6,170,0.0
2026-07-28 10:00:00,3.0,86,1021.7,7.0,176,0.0
2026-07-28 11:00:00,5.5,81,1022.2,7.6,184,0.0
2026-07-28 12:00:00,7.9,76,1021.4,7.9,191,0.0
2026-07-28 13:00:00,9.3,71,1020.7,7.6,199,0.0
2026-07-28 14:00:00,10.2,68,1020.1,6.5,210,0.0
2026-07-28 15:00:00,10.7,63,1020.2,6.0,226,0.0
2026-07-28 16:00:00,10.4,62,1020.4,5.1,219,0.0
2026-07-28 17:00:00,8.9,70,1020.9,1.1,261,0.0
2026-07-28 18:00:00,6.7,75,1021.4,3.7,104,0.0
2026-07-28 19:00:00,6.1,83,1022.1,5.8,116,0.0
2026-07-28 20:00:00,4.6,88,1022.4,5.9,128,0.0
2026-07-28 21:00:00,3.8,88,1023.0,4.7,133,0.0
2026-07-28 22:00:00,3.2,89,1023.5,5.4,138,0.0
2026-07-28 23:00:00,2.6,91,1023.7,5.4,140,0.0
2026-07-29 00:00:00,1.9,86,1024.1,6.3,156,0.0
2026-07-29 01:00:00,1.4,85,1024.2,5.1,163,0.0
2026-07-29 02:00:00,1.2,84,1024.4,4.6,167,0.0
2026-07-29 03:00:00,1.0,86,1024.3,5.1,162,0.0
2026-07-29 04:00:00,0.8,89,1024.3,4.9,147,0.0
2026-07-29 05:00:00,0.7,89,1024.4,5.4,143,0.0
2026-07-29 06:00:00,0.5,89,1024.5,9.3,153,0.0
2026-07-29 07:00:00,0.4,89,1024.6,7.6,162,0.0
2026-07-29 08:00:00,0.6,90,1025.2,5.8,158,0.0
2026-07-29 09:00:00,2.8,88,1025.5,4.6,191,0.0
2026-07-29 10:00:00,5.6,85,1025.7,3.1,204,0.0
2026-07-29 11:00:00,8.2,81,1025.9,3.4,183,0.0
2026-07-29 12:00:00,10.6,78,1024.7,2.9,150,0.0
2026-07-29 13:00:00,12.1,75,1023.9,1.4,90,0.0
2026-07-29 14:00:00,12.8,71,1023.1,1.9,34,0.0
2026-07-29 15:00:00,13.0,68,1022.8,4.9,356,0.0
2026-07-29 16:00:00,13.0,68,1022.7,3.4,3,0.0
2026-07-29 17:00:00,11.2,77,1022.7,2.1,128,0.0
2026-07-29 18:00:00,8.3,86,1022.2,5.4,75,0.0
2026-07-29 19:00:00,8.1,88,1022.4,8.2,49,0.0
2026-07-29 20:00:00,7.6,89,1022.6,10.7,41,0.0
2026-07-29 21:00:00,7.0,91,1022.6,9.4,40,0.0
2026-07-29 22:00:00,6.1,93,1022.7,6.8,40,0.0
2026-07-29 23:00:00,5.3,94,1023.0,4.0,60,0.0
2026-07-30 00:00:00,4.9,94,1022.9,5.6,63,0.0
2026-07-30 01:00:00,4.5,95,1022.6,3.4,65,0.0
2026-07-30 02:00:00,4.1,97,1022.2,1.5,104,0.0
2026-07-30 03:00:00,3.8,98,1021.6,1.3,135,0.0
2026-07-30 04:00:00,3.6,98,1021.2,2.3,119,0.0
2026-07-30 05:00:00,3.7,96,1020.8,3.1,100,0.0
2026-07-30 06:00:00,2.8,96,1021.0,2.0,100,0.0
2026-07-30 07:00:00,2.6,98,1021.0,1.0,112,0.0
2026-07-30 08:00:00,3.1,97,1021.3,1.4,113,0.0
2026-07-30 09:00:00,5.4,94,1021.0,4.2,83,0.0
2026-07-30 10:00:00,8.1,91,1020.8,1.8,53,0.0
2026-07-30 11:00:00,10.7,85,1020.6,2.6,51,0.0
2026-07-30 12:00:00,13.2,74,1019.3,5.7,37,0.0
2026-07-30 13:00:00,14.6,69,1018.0,9.6,26,0.0
2026-07-30 14:00:00,15.1,64,1016.8,15.1,1,0.0
2026-07-30 15:00:00,15.0,65,1015.9,16.0,7,0.0
2026-07-30 16:00:00,14.4,72,1015.5,14.8,2,0.0
2026-07-30 17:00:00,12.9,79,1015.2,12.2,9,0.0
2026-07-30 18:00:00,11.0,87,1014.4,12.5,27,0.0
2026-07-30 19:00:00,10.5,90,1014.1,14.7,27,0.0
2026-07-30 20:00:00,10.6,90,1013.6,15.8,17,0.0
2026-07-30 21:00:00,10.4,89,1013.0,15.2,23,0.0
2026-07-30 22:00:00,10.5,86,1012.4,16.2,17,0.0
2026-07-30 23:00:00,11.1,83,1011.8,18.6,2,0.0
2026-07-31 00:00:00,11.7,82,1011.0,20.0,1,0.0
2026-07-31 01:00:00,11.8,84,1010.2,20.1,354,0.2
2026-07-31 02:00:00,11.6,89,1009.2,20.0,352,1.3
2026-07-31 03:00:00,11.4,90,1007.9,17.6,347,3.2
2026-07-31 04:00:00,10.5,94,1007.5,5.6,245,3.2
2026-07-31 05:00:00,10.0,94,1007.1,3.5,15,2.4
2026-07-31 06:00:00,9.7,95,1007.4,9.7,318,0.1
2026-07-31 07:00:00,9.0,96,1007.5,8.8,298,0.1
2026-07-31 08:00:00,9.3,93,1007.7,11.0,311,0.0
2026-07-31 09:00:00,11.3,89,1008.0,14.3,289,0.1
2026-07-31 10:00:00,12.2,87,1008.3,18.1,276,0.5
2026-07-31 11:00:00,12.8,89,1008.0,17.2,298,0.2
2026-07-31 12:00:00,12.9,83,1007.2,16.6,288,1.4
2026-07-31 13:00:00,13.8,73,1006.3,23.4,272,0.1
2026-07-31 14:00:00,13.9,69,1005.7,26.2,274,0.2
2026-07-31 15:00:00,13.7,68,1005.4,25.2,269,0.1
2026-07-31 16:00:00,12.9,72,1005.5,19.6,272,0.1
2026-07-31 17:00:00,11.1,77,1006.1,19.3,255,0.1
2026-07-31 18:00:00,10.3,78,1006.1,13.0,268,0.3
2026-07-31 19:00:00,9.1,85,1006.6,6.1,275,0.0
2026-07-31 20:00:00,8.8,88,1007.1,6.7,279,0.3
2026-07-31 21:00:00,7.8,89,1007.3,5.8,309,0.1
2026-07-31 22:00:00,7.9,89,1007.6,6.9,343,0.0
2026-07-31 23:00:00,7.1,91,1007.9,7.6,338,0.0
2026-08-01 00:00:00,6.4,91,1007.9,5.0,339,0.0
2026-08-01 01:00:00,5.8,90,1008.1,3.5,321,0.0
2026-08-01 02:00:00,6.0,88,1008.2,1.5,324,0.0
2026-08-01 03:00:00,5.8,89,1008.3,0.6,288,0.0
2026-08-01 04:00:00,4.5,95,1008.4,3.6,180,0.0
2026-08-01 05:00:00,4.3,96,1008.8,5.2,155,0.0
2026-08-01 06:00:00,3.2,96,1009.4,4.8,121,0.0
2026-08-01 07:00:00,3.5,95,1010.1,2.1,128,0.0
2026-08-01 08:00:00,4.1,95,1010.9,1.9,139,0.0
2026-08-01 09:00:00,5.7,93,1011.8,4.9,156,0.0
2026-08-01 10:00:00,7.6,90,1012.3,4.1,165,0.0
2026-08-01 11:00:00,9.8,83,1013.0,8.4,165,0.0
2026-08-01 12:00:00,11.7,72,1012.5,11.0,145,0.0
2026-08-01 13:00:00,12.7,63,1012.3,12.5,125,0.0
2026-08-01 14:00:00,13.0,56,1012.2,13.8,116,0.0
2026-08-01 15:00:00,12.9,55,1012.5,12.6,124,0.0
2026-08-01 16:00:00,12.5,61,1013.0,10.7,143,0.0
2026-08-01 17:00:00,10.9,69,1013.6,10.5,163,0.0
2026-08-01 18:00:00,9.0,71,1014.7,13.6,152,0.0
2026-08-01 19:00:00,8.6,64,1015.7,18.2,132,0.0
2026-08-01 20:00:00,7.4,67,1016.6,15.7,132,0.0
2026-08-01 21:00:00,6.1,71,1017.6,14.3,147,0.0
2026-08-01 22:00:00,5.3,73,1018.3,11.5,148,0.0
2026-08-01 23:00:00,4.6,74,1018.9,9.4,154,0.0
2026-08-02 00:00:00,3.8,75,1019.4,10.5,156,0.0
2026-08-02 01:00:00,3.3,77,1019.6,7.8,154,0.0
2026-08-02 02:00:00,2.7,80,1019.7,7.7,152,0.0
2026-08-02 03:00:00,2.2,82,1019.9,9.7,161,0.0
2026-08-02 04:00:00,1.4,86,1019.8,10.3,161,0.0
2026-08-02 05:00:00,0.8,87,1020.3,9.9,161,0.0
2026-08-02 06:00:00,-0.3,90,1020.8,7.8,157,0.0
2026-08-02 07:00:00,-0.2,87,1021.2,7.9,164,0.0
2026-08-02 08:00:00,0.2,85,1021.5,5.8,166,0.0
2026-08-02 09:00:00,2.0,86,1022.0,4.9,163,0.0
2026-08-02 10:00:00,4.2,81,1022.3,3.1,173,0.0
2026-08-02 11:00:00,6.8,73,1022.8,3.1,183,0.0
2026-08-02 12:00:00,8.6,66,1021.7,2.2,228,0.0
2026-08-02 13:00:00,10.4,63,1021.1,1.5,277,0.0
2026-08-02 14:00:00,11.6,64,1020.8,1.3,262,0.0
2026-08-02 15:00:00,12.4,64,1020.6,1.8,191,0.0
2026-08-02 16:00:00,12.6,65,1020.5,3.6,221,0.0
2026-08-02 17:00:00,11.0,75,1020.7,6.2,260,0.0
2026-08-02 18:00:00,9.0,78,1021.0,9.8,262,0.0
2026-08-02 19:00:00,7.7,82,1021.3,7.3,259,0.0
2026-08-02 20:00:00,6.0,86,1021.7,4.7,272,0.0
2026-08-02 21:00:00,5.2,88,1021.8,1.0,301,0.0
2026-08-02 22:00:00,4.7,90,1022.1,0.4,90,0.0
2026-08-02 23:00:00,4.0,93,1022.0,0.4,117,0.0
2026-08-03 00:00:00,3.0,95,1022.1,1.1,108,0.0
2026-08-03 01:00:00,2.9,95,1022.0,0.8,63,0.0
2026-08-03 02:00:00,2.4,96,1021.3,2.6,34,0.0
2026-08-03 03:00:00,2.3,96,1021.1,3.3,36,0.0
2026-08-03 04:00:00,2.2,97,1020.6,4.1,41,0.0
2026-08-03 05:00:00,2.1,99,1020.4,4.0,39,0.0
2026-08-03 06:00:00,1.7,100,1020.3,4.7,43,0.0
2026-08-03 07:00:00,2.1,99,1020.1,2.8,35,0.0
2026-08-03 08:00:00,4.1,97,1020.2,3.1,353,0.0
2026-08-03 09:00:00,7.7,93,1020.1,5.9,290,0.0
2026-08-03 10:00:00,11.8,86,1019.8,12.1,238,0.0
2026-08-03 11:00:00,13.9,71,1019.8,21.9,242,0.0
2026-08-03 12:00:00,14.3,68,1019.0,24.8,238,0.0
2026-08-03 13:00:00,14.5,66,1018.2,27.4,239,0.0
2026-08-03 14:00:00,14.5,66,1017.5,29.2,241,0.0
2026-08-03 15:00:00,13.9,74,1017.1,25.6,248,0.0
2026-08-03 16:00:00,13.8,73,1017.0,23.7,246,0.0
2026-08-03 17:00:00,12.7,76,1016.5,23.5,248,0.0
2026-08-03 18:00:00,11.5,81,1016.3,21.8,248,0.0
2026-08-03 19:00:00,11.2,81,1016.4,21.1,247,0.0
2026-08-03 20:00:00,11.2,80,1016.3,22.0,249,0.0
2026-08-03 21:00:00,11.3,80,1016.0,22.3,249,0.0
2026-08-03 22:00:00,11.3,81,1015.8,21.9,249,0.0
2026-08-03 23:00:00,11.5,81,1015.7,21.5,251,0.0
2026-08-04 00:00:00,11.0,83,1015.9,16.7,251,0.0
2026-08-04 01:00:00,11.1,84,1015.4,20.2,251,0.1
2026-08-04 02:00:00,10.9,87,1014.7,21.1,259,0.2
2026-08-04 03:00:00,11.1,84,1014.1,22.1,254,0.0
2026-08-04 04:00:00,10.9,84,1014.0,20.0,244,0.0
2026-08-04 05:00:00,10.6,85,1014.5,18.0,241,0.0
2026-08-04 06:00:00,10.2,85,1014.5,14.7,239,0.0
2026-08-04 07:00:00,10.2,85,1014.7,14.7,239,0.0
2026-08-04 08:00:00,10.2,86,1015.2,15.9,233,0.0
2026-08-04 09:00:00,11.2,77,1015.5,17.9,221,0.0
2026-08-04 10:00:00,12.5,73,1015.6,13.3,232,0.0
2026-08-04 11:00:00,13.3,62,1015.6,22.4,233,0.0
2026-08-04 12:00:00,12.8,64,1015.0,21.0,240,0.0
2026-08-04 13:00:00,13.6,59,1014.0,26.9,240,0.0
2026-08-04 14:00:00,12.4,67,1013.8,27.4,243,0.1
2026-08-04 15:00:00,11.5,67,1013.9,22.1,195,0.1
2026-08-04 16:00:00,10.1,65,1014.7,20.3,201,0.0
2026-08-04 17:00:00,7.8,58,1015.7,27.0,195,0.0
2026-08-04 18:00:00,7.8,56,1016.8,26.1,182,0.0
2026-08-04 19:00:00,7.4,57,1017.7,19.8,183,0.0
2026-08-04 20:00:00,6.3,62,1018.5,20.4,182,0.0
2026-08-04 21:00:00,4.8,70,1019.7,20.5,179,0.0
2026-08-04 22:00:00,3.9,75,1020.6,20.2,175,0.0
2026-08-04 23:00:00,3.3,75,1021.2,16.9,179,0.0
2026-08-05 00:00:00,2.3,77,1021.6,14.6,183,0.0
2026-08-05 01:00:00,2.2,73,1022.1,14.2,195,0.0
2026-08-05 02:00:00,2.7,69,1022.5,16.8,195,0.0
2026-08-05 03:00:00,2.9,71,1022.8,16.9,203,0.0
2026-08-05 04:00:00,3.0,73,1023.1,14.7,215,0.0
2026-08-05 05:00:00,3.2,75,1023.8,13.1,218,0.0
2026-08-05 06:00:00,2.5,79,1024.2,8.0,211,0.0
2026-08-05 07:00:00,3.2,80,1024.6,10.7,205,0.0
2026-08-05 08:00:00,3.8,79,1025.4,11.3,211,0.0
2026-08-05 09:00:00,5.6,70,1025.8,16.7,196,0.0
2026-08-05 10:00:00,6.6,70,1026.0,15.2,190,0.0
2026-08-05 11:00:00,7.7,66,1026.5,13.0,197,0.0
2026-08-05 12:00:00,9.2,60,1025.9,10.3,213,0.0
2026-08-05 13:00:00,9.8,58,1025.6,13.8,186,0.0
2026-08-05 14:00:00,9.8,56,1025.4,14.4,178,0.0
2026-08-05 15:00:00,10.0,55,1025.3,11.6,187,0.0
2026-08-05 16:00:00,9.7,57,1025.7,13.7,197,0.0
2026-08-05 17:00:00,8.4,66,1026.4,13.3,199,0.0
2026-08-05 18:00:00,6.5,71,1026.7,6.6,189,0.0
2026-08-05 19:00:00,5.7,72,1027.3,6.6,191,0.0
2026-08-05 20:00:00,5.3,72,1027.7,8.7,185,0.0
2026-08-05 21:00:00,4.6,73,1028.0,9.2,180,0.0
2026-08-05 22:00:00,3.7,78,1028.6,8.7,166,0.0
2026-08-05 23:00:00,2.9,82,1029.0,10.1,158,0.0
2026-08-06 00:00:00,1.9,86,1029.2,10.5,153,0.0
2026-08-06 01:00:00,1.2,88,1029.4,8.6,157,0.0
2026-08-06 02:00:00,0.8,88,1029.7,7.9,164,0.0
2026-08-06 03:00:00,0.5,89,1029.7,6.9,152,0.0
2026-08-06 04:00:00,0.0,89,1029.8,5.0,150,0.0
2026-08-06 05:00:00,-0.3,88,1030.0,4.2,168,0.0
2026-08-06 06:00:00,-0.8,88,1030.4,5.4,154,0.0
2026-08-06 07:00:00,-1.2,90,1030.9,5.5,167,0.0
2026-08-06 08:00:00,-0.7,90,1031.3,8.9,166,0.0
2026-08-06 09:00:00,1.2,88,1031.4,6.9,171,0.0
2026-08-06 10:00:00,3.6,85,1031.9,5.2,194,0.0
2026-08-06 11:00:00,5.9,78,1032.5,6.1,194,0.0
2026-08-06 12:00:00,7.8,72,1031.6,3.1,190,0.0
2026-08-06 13:00:00,9.2,62,1030.7,0.2,270,0.0
2026-08-06 14:00:00,9.8,57,1030.1,1.0,248,0.0
2026-08-06 15:00:00,10.0,61,1030.1,3.9,193,0.0
2026-08-06 16:00:00,9.7,63,1030.3,5.6,163,0.0
2026-08-06 17:00:00,8.1,76,1030.2,3.5,118,0.0
2026-08-06 18:00:00,6.4,74,1030.1,0.8,63,0.0
2026-08-06 19:00:00,6.0,73,1030.4,0.3,45,0.0
2026-08-06 20:00:00,5.2,75,1030.7,0.6,18,0.0
2026-08-06 21:00:00,4.4,77,1031.0,0.2,90,0.0
2026-08-06 22:00:00,3.2,82,1031.2,1.7,139,0.0
2026-08-06 23:00:00,2.2,84,1031.3,3.5,165,0.0
2026-08-07 00:00:00,1.0,88,1031.4,5.3,147,0.0
2026-08-07 01:00:00,0.4,89,1031.3,5.1,163,0.0
2026-08-07 02:00:00,0.1,90,1031.1,3.5,159,0.0
2026-08-07 03:00:00,-0.1,89,1031.3,3.1,152,0.0
2026-08-07 04:00:00,-0.4,86,1031.0,5.5,148,0.0
2026-08-07 05:00:00,-0.6,83,1030.8,5.6,140,0.0
2026-08-07 06:00:00,-1.9,86,1031.5,3.7,157,0.0
2026-08-07 07:00:00,-2.1,87,1032.0,2.7,118,0.0
2026-08-07 08:00:00,-1.0,85,1032.2,4.5,146,0.0
2026-08-07 09:00:00,0.9,86,1032.5,2.6,245,0.0
2026-08-07 10:00:00,3.1,85,1032.5,1.0,121,0.0
2026-08-07 11:00:00,5.9,79,1032.6,1.1,90,0.0
2026-08-07 12:00:00,7.5,77,1031.8,1.2,231,0.0
2026-08-07 13:00:00,9.6,70,1030.5,3.8,355,0.0
2026-08-07 14:00:00,10.6,66,1030.1,3.1,294,0.0
2026-08-07 15:00:00,11.1,66,1029.4,3.6,237,0.0
2026-08-07 16:00:00,11.1,66,1029.1,4.6,244,0.0
2026-08-07 17:00:00,10.1,75,1028.9,2.0,265,0.0
2026-08-07 18:00:00,7.6,76,1028.9,4.2,280,0.0
2026-08-07 19:00:00,6.7,80,1029.0,4.0,273,0.0
2026-08-07 20:00:00,6.3,81,1028.8,0.6,288,0.0
2026-08-07 21:00:00,5.5,84,1028.8,1.1,90,0.0
2026-08-07 22:00:00,5.3,85,1028.6,2.3,39,0.0
2026-08-07 23:00:00,5.1,86,1028.3,4.8,13,0.0
2026-08-08 00:00:00,4.0,87,1028.5,0.6,124,0.0
2026-08-08 01:00:00,4.1,87,1028.5,0.4,63,0.0
2026-08-08 02:00:00,4.6,88,1028.3,2.1,59,0.0
2026-08-08 03:00:00,4.8,89,1027.4,5.4,53,0.0
2026-08-08 04:00:00,3.6,93,1026.7,4.2,40,0.0
2026-08-08 05:00:00,2.7,95,1027.0,3.1,28,0.0
2026-08-08 06:00:00,3.2,93,1026.8,4.8,63,0.0
2026-08-08 07:00:00,3.0,92,1026.9,4.5,23,0.0
2026-08-08 08:00:00,3.8,89,1026.9,3.2,43,0.0
2026-08-08 09:00:00,6.7,83,1027.1,3.1,54,0.0
2026-08-08 10:00:00,9.1,80,1026.7,3.2,47,0.0
2026-08-08 11:00:00,11.4,76,1026.4,5.4,34,0.0
2026-08-08 12:00:00,11.6,71,1025.4,5.8,76,0.0
2026-08-08 13:00:00,12.6,68,1024.1,6.2,60,0.0
2026-08-08 14:00:00,13.1,66,1023.4,4.8,11,0.0
2026-08-08 15:00:00,13.6,61,1023.1,8.8,321,0.0
2026-08-08 16:00:00,13.3,67,1022.5,6.9,353,0.0
2026-08-08 17:00:00,12.1,74,1022.8,8.0,18,0.0
2026-08-08 18:00:00,9.6,82,1022.3,11.9,56,0.0
2026-08-08 19:00:00,9.6,79,1022.7,11.8,66,0.0
2026-08-08 20:00:00,9.9,76,1022.1,11.1,68,0.0
2026-08-08 21:00:00,9.7,75,1022.2,11.9,60,0.0
2026-08-08 22:00:00,9.7,75,1021.8,14.1,62,0.0
2026-08-08 23:00:00,9.0,80,1021.5,13.8,53,0.0
2026-08-09 00:00:00,9.1,81,1021.2,14.4,56,0.0
2026-08-09 01:00:00,9.2,82,1020.7,14.1,51,0.0
2026-08-09 02:00:00,9.6,81,1020.1,15.6,55,0.0
2026-08-09 03:00:00,10.1,81,1019.3,16.1,55,0.1
2026-08-09 04:00:00,9.6,87,1018.6,15.0,50,0.7
2026-08-09 05:00:00,9.8,91,1018.4,14.5,58,0.9
2026-08-09 06:00:00,9.7,91,1018.0,17.2,59,0.6
2026-08-09 07:00:00,10.1,92,1018.2,16.7,41,1.7
2026-08-09 08:00:00,10.5,92,1018.0,15.1,35,3.9
2026-08-09 09:00:00,10.7,92,1017.8,16.9,38,3.9
2026-08-09 10:00:00,11.7,93,1017.4,19.4,25,3.1
2026-08-09 11:00:00,13.1,92,1017.4,20.2,357,0.5
2026-08-09 12:00:00,14.3,90,1016.8,17.0,340,0.0
2026-08-09 13:00:00,14.1,90,1016.3,14.8,320,0.3
2026-08-09 14:00:00,14.7,84,1015.6,12.5,313,0.1
2026-08-09 15:00:00,14.7,83,1015.6,12.1,316,0.1
2026-08-09 16:00:00,14.4,85,1015.3,9.3,319,0.1
2026-08-09 17:00:00,13.4,89,1015.9,8.3,327,0.1
2026-08-09 18:00:00,12.5,92,1015.8,6.8,328,0.0
2026-08-09 19:00:00,12.1,91,1016.0,6.0,323,0.0
2026-08-09 20:00:00,11.4,92,1016.3,10.0,343,0.3
2026-08-09 21:00:00,10.5,97,1016.1,8.8,343,0.0
2026-08-09 22:00:00,9.2,100,1016.1,5.0,345,0.0
2026-08-09 23:00:00,8.0,100,1016.2,5.1,356,0.0
2026-08-10 00:00:00,8.1,100,1015.8,1.6,354,0.0
2026-08-10 01:00:00,7.0,100,1015.8,1.0,301,0.0
2026-08-10 02:00:00,6.3,99,1015.7,1.4,230,0.0
2026-08-10 03:00:00,5.6,100,1015.4,3.3,186,0.0
2026-08-10 04:00:00,5.6,98,1015.1,2.9,184,0.0
2026-08-10 05:00:00,5.6,97,1015.7,1.8,169,0.0
2026-08-10 06:00:00,5.1,98,1015.6,0.6,162,0.0
2026-08-10 07:00:00,4.9,100,1016.1,0.7,346,0.0
2026-08-10 08:00:00,5.0,100,1016.5,2.5,330,0.0
2026-08-10 09:00:00,6.2,99,1017.1,3.6,354,0.0
2026-08-10 10:00:00,8.0,100,1017.0,4.7,360,0.0
2026-08-10 11:00:00,9.9,95,1017.3,5.4,356,0.0
2026-08-10 12:00:00,13.2,83,1016.3,6.6,311,0.1
2026-08-10 13:00:00,14.7,71,1015.5,15.3,253,0.2
2026-08-10 14:00:00,15.1,67,1014.9,17.8,254,0.0
2026-08-10 15:00:00,15.0,66,1014.7,17.0,257,0.0
2026-08-10 16:00:00,14.4,69,1014.7,16.8,257,0.0
2026-08-10 17:00:00,13.2,74,1015.1,15.2,256,0.0
2026-08-10 18:00:00,11.6,81,1015.8,12.2,254,0.0
2026-08-10 19:00:00,10.7,85,1016.1,10.7,257,0.0
2026-08-10 20:00:00,9.7,88,1016.3,6.6,259,0.0
2026-08-10 21:00:00,8.7,89,1016.4,2.1,285,0.0
2026-08-10 22:00:00,8.5,89,1017.0,1.4,320,0.0
2026-08-10 23:00:00,8.1,91,1017.1,0.3,315,0.0
2026-08-11 00:00:00,6.7,95,1017.1,1.9,139,0.0
2026-08-11 01:00:00,5.9,98,1017.2,2.4,126,0.0
2026-08-11 02:00:00,5.4,99,1017.4,2.8,75,0.0
2026-08-11 03:00:00,5.3,97,1016.9,3.3,77,0.0
2026-08-11 04:00:00,5.3,96,1016.6,1.3,90,0.0
2026-08-11 05:00:00,4.8,98,1017.0,2.8,145,0.0
2026-08-11 06:00:00,4.4,98,1016.8,4.2,149,0.0
2026-08-11 07:00:00,4.0,100,1017.1,4.2,160,0.0
2026-08-11 08:00:00,5.2,99,1017.5,7.2,174,0.0
2026-08-11 09:00:00,6.8,96,1018.0,9.8,173,0.0
2026-08-11 10:00:00,9.1,92,1018.0,8.7,174,0.0
2026-08-11 11:00:00,10.9,85,1017.9,8.6,170,0.0
2026-08-11 12:00:00,12.7,78,1017.0,6.0,171,0.0
2026-08-11 13:00:00,13.9,74,1016.2,5.6,147,0.0
2026-08-11 14:00:00,14.7,68,1015.7,4.6,116,0.0
2026-08-11 15:00:00,15.1,62,1015.4,5.6,68,0.0
2026-08-11 16:00:00,14.9,62,1015.4,5.9,31,0.0
2026-08-11 17:00:00,13.3,77,1015.4,3.2,360,0.0
2026-08-11 18:00:00,11.6,78,1015.4,1.0,59,0.0
2026-08-11 19:00:00,11.3,80,1015.5,7.2,103,0.0
2026-08-11 20:00:00,10.6,76,1015.4,7.8,86,0.0
2026-08-11 21:00:00,10.4,70,1015.5,11.9,80,0.0
2026-08-11 22:00:00,10.3,72,1016.2,11.5,61,0.0
2026-08-11 23:00:00,9.7,79,1016.5,9.3,61,0.0
2026-08-12 00:00:00,9.8,86,1016.2,10.2,103,0.0
2026-08-12 01:00:00,10.5,85,1016.0,15.5,100,0.0
2026-08-12 02:00:00,10.5,82,1015.8,19.1,93,0.0
2026-08-12 03:00:00,10.2,82,1015.3,19.6,87,0.0
2026-08-12 04:00:00,10.4,80,1015.1,17.6,90,0.0
2026-08-12 05:00:00,10.4,79,1014.9,16.0,98,0.0
2026-08-12 06:00:00,9.9,82,1015.5,12.3,113,0.0
2026-08-12 07:00:00,9.7,84,1015.5,12.6,119,0.0
2026-08-12 08:00:00,10.1,84,1015.4,13.5,113,0.0
2026-08-12 09:00:00,11.5,81,1015.5,14.7,96,0.0
2026-08-12 10:00:00,12.8,79,1015.1,16.6,92,0.0
2026-08-12 11:00:00,13.5,77,1014.7,21.0,78,0.0
2026-08-12 12:00:00,14.2,75,1014.5,24.4,67,0.0
2026-08-12 13:00:00,14.3,74,1013.9,23.8,68,0.6
2026-08-12 14:00:00,14.1,74,1013.4,22.4,68,0.0
2026-08-12 15:00:00,14.0,77,1013.0,21.3,70,0.0
2026-08-12 16:00:00,13.5,82,1012.8,16.0,67,0.2
2026-08-12 17:00:00,12.7,86,1012.8,15.2,69,0.4
2026-08-12 18:00:00,12.2,90,1012.7,13.7,72,0.7
2026-08-12 19:00:00,12.1,92,1012.5,12.9,75,1.5
2026-08-12 20:00:00,11.9,93,1012.2,14.8,76,1.3
2026-08-12 21:00:00,11.9,92,1011.9,17.8,72,0.7
2026-08-12 22:00:00,12.0,92,1011.9,16.5,72,0.4
2026-08-12 23:00:00,12.1,92,1011.5,16.4,66,0.0
2026-08-13 00:00:00,11.9,93,1011.4,14.8,63,0.5
2026-08-13 01:00:00,12.4,92,1010.7,15.9,70,0.7
2026-08-13 02:00:00,12.5,92,1010.1,16.3,71,1.1
2026-08-13 03:00:00,12.4,93,1009.6,12.4,77,5.0
2026-08-13 04:00:00,12.6,93,1009.4,15.7,77,4.9
2026-08-13 05:00:00,12.7,92,1009.0,19.6,70,6.1
2026-08-13 06:00:00,12.3,93,1008.8,14.7,59,2.7
2026-08-13 07:00:00,12.2,93,1008.8,8.6,74,0.2
2026-08-13 08:00:00,12.5,94,1009.1,7.2,77,0.4
2026-08-13 09:00:00,13.2,94,1009.4,4.7,88,0.4
2026-08-13 10:00:00,14.6,89,1009.3,5.8,51,0.0
2026-08-13 11:00:00,15.5,86,1009.1,4.3,327,0.0
2026-08-13 12:00:00,16.5,79,1007.9,13.2,61,0.0
2026-08-13 13:00:00,17.2,78,1006.7,10.6,51,0.1
2026-08-13 14:00:00,17.9,75,1006.4,11.5,34,0.1
2026-08-13 15:00:00,16.6,81,1006.4,9.4,24,0.2
2026-08-13 16:00:00,16.2,84,1006.2,8.5,55,0.2
2026-08-13 17:00:00,15.2,90,1006.5,10.1,74,0.0
2026-08-13 18:00:00,14.2,90,1006.1,9.9,55,0.0
2026-08-13 19:00:00,13.5,92,1006.0,7.6,65,0.0
2026-08-13 20:00:00,13.3,93,1006.5,8.9,65,0.0
2026-08-13 21:00:00,13.1,94,1006.5,7.6,71,0.0
2026-08-13 22:00:00,13.0,94,1006.7,10.1,84,0.0
2026-08-13 23:00:00,12.8,94,1006.6,12.5,72,0.0
2026-08-14 00:00:00,12.9,95,1006.2,10.6,75,0.4
2026-08-14 01:00:00,12.9,95,1006.1,11.2,87,0.0
2026-08-14 02:00:00,12.7,95,1005.8,9.2,93,0.0
2026-08-14 03:00:00,12.7,95,1005.5,11.4,105,0.0
2026-08-14 04:00:00,12.7,95,1005.1,13.0,101,0.0
2026-08-14 05:00:00,13.1,94,1004.9,13.2,107,0.0
2026-08-14 06:00:00,13.0,93,1004.9,17.3,98,0.1
2026-08-14 07:00:00,12.7,93,1005.1,14.6,99,0.2
2026-08-14 08:00:00,12.9,94,1005.8,13.2,136,1.7
2026-08-14 09:00:00,13.9,93,1005.8,15.1,102,0.9
2026-08-14 10:00:00,14.7,91,1006.0,17.3,89,0.4
2026-08-14 11:00:00,15.2,85,1006.1,20.9,91,0.1
2026-08-14 12:00:00,15.4,83,1005.7,16.4,93,0.1
2026-08-14 13:00:00,15.9,79,1004.8,16.8,94,0.1
2026-08-14 14:00:00,16.3,74,1004.3,16.1,94,0.0
2026-08-14 15:00:00,16.5,74,1004.1,13.4,101,0.0
2026-08-14 16:00:00,16.3,76,1003.9,10.5,109,0.0
2026-08-14 17:00:00,15.6,82,1003.8,6.7,124,0.0
2026-08-14 18:00:00,13.9,87,1004.0,8.2,131,0.0
2026-08-14 19:00:00,13.0,90,1004.3,8.7,128,0.0
2026-08-14 20:00:00,12.5,91,1004.5,10.9,149,0.0
2026-08-14 21:00:00,12.4,91,1004.7,11.5,151,0.0
2026-08-14 22:00:00,11.8,92,1004.7,11.0,165,0.7
2026-08-14 23:00:00,11.8,93,1004.8,13.4,174,1.2
2026-08-15 00:00:00,11.9,94,1004.2,13.3,172,0.3
2026-08-15 01:00:00,12.0,93,1004.3,15.7,175,0.8
2026-08-15 02:00:00,11.8,93,1004.2,14.5,174,0.6
2026-08-15 03:00:00,11.8,93,1003.8,14.2,168,0.5
2026-08-15 04:00:00,11.6,93,1003.4,13.6,169,0.2
2026-08-15 05:00:00,11.3,93,1004.1,12.6,167,0.1
2026-08-15 06:00:00,10.7,94,1004.2,11.4,169,0.0
2026-08-15 07:00:00,10.6,94,1004.5,11.3,170,0.0
2026-08-15 08:00:00,11.2,93,1004.6,12.8,169,0.0
2026-08-15 09:00:00,13.2,92,1004.8,12.8,182,0.0
2026-08-15 10:00:00,14.6,84,1004.9,13.9,177,0.0
2026-08-15 11:00:00,16.1,77,1004.9,13.5,185,0.0
2026-08-15 12:00:00,17.8,67,1004.1,15.5,184,0.0
2026-08-15 13:00:00,18.5,66,1003.3,14.0,193,0.0
2026-08-15 14:00:00,17.1,77,1002.8,13.0,156,0.6
2026-08-15 15:00:00,18.3,74,1002.4,6.6,197,0.1
2026-08-15 16:00:00,14.6,90,1003.3,12.5,187,5.9
2026-08-15 17:00:00,14.1,94,1003.5,8.6,234,1.3
2026-08-15 18:00:00,13.7,91,1003.4,4.9,264,0.3
2026-08-15 19:00:00,13.2,93,1003.8,6.9,255,0.0
2026-08-15 20:00:00,12.6,94,1003.9,5.4,220,0.0
2026-08-15 21:00:00,12.0,95,1004.0,6.8,222,0.0
2026-08-15 22:00:00,11.2,94,1004.4,6.0,185,0.0
2026-08-15 23:00:00,10.7,94,1004.4,5.4,172,0.0
2026-08-16 00:00:00,11.4,96,1004.6,5.9,169,0.0
2026-08-16 01:00:00,10.8,98,1004.6,4.1,236,0.0
2026-08-16 02:00:00,10.5,98,1004.7,4.3,272,0.0
2026-08-16 03:00:00,9.8,98,1004.6,3.6,221,0.1
2026-08-16 04:00:00,10.0,98,1004.4,5.7,131,0.3
2026-08-16 05:00:00,9.6,99,1004.4,3.8,155,0.0
2026-08-16 06:00:00,9.5,98,1004.8,5.5,128,0.0
2026-08-16 07:00:00,9.6,98,1004.9,2.7,138,0.1
2026-08-16 08:00:00,10.1,98,1005.2,4.3,132,0.1
2026-08-16 09:00:00,11.2,96,1005.7,5.4,140,0.2
2026-08-16 10:00:00,12.3,90,1006.1,5.3,188,0.9
2026-08-16 11:00:00,12.9,90,1006.2,3.3,171,0.5
2026-08-16 12:00:00,13.0,84,1006.3,12.0,126,0.1
2026-08-16 13:00:00,13.1,81,1005.9,14.8,139,0.2
2026-08-16 14:00:00,13.1,80,1005.9,14.1,133,0.3
2026-08-16 15:00:00,11.9,89,1006.6,16.8,161,0.9
2026-08-16 16:00:00,11.4,91,1007.1,12.8,158,0.8
2026-08-16 17:00:00,10.9,89,1007.5,16.5,149,1.0
2026-08-16 18:00:00,9.6,84,1008.6,19.9,133,0.7
2026-08-16 19:00:00,9.1,82,1009.3,19.2,134,0.3
2026-08-16 20:00:00,8.6,81,1009.8,16.0,144,0.1
2026-08-16 21:00:00,8.2,79,1010.4,17.7,156,0.0
2026-08-16 22:00:00,7.7,78,1010.7,21.0,168,0.1
2026-08-16 23:00:00,7.5,78,1011.4,18.2,177,0.2
2026-08-17 00:00:00,6.3,89,1011.8,15.4,191,0.4
2026-08-17 01:00:00,6.7,86,1012.4,13.5,183,0.2
2026-08-17 02:00:00,6.8,83,1012.5,15.0,175,0.1
2026-08-17 03:00:00,6.6,79,1012.1,18.2,173,0.0
2026-08-17 04:00:00,6.0,79,1012.3,18.7,177,0.0
2026-08-17 05:00:00,5.5,80,1012.9,16.3,175,0.0
2026-08-17 06:00:00,4.9,82,1013.3,13.0,190,0.0
2026-08-17 07:00:00,5.2,80,1014.1,11.7,203,0.0
2026-08-17 08:00:00,5.6,80,1015.1,11.3,207,0.0
2026-08-17 09:00:00,7.3,69,1015.6,17.6,188,0.0
2026-08-17 10:00:00,8.5,66,1016.1,16.7,196,0.0
2026-08-17 11:00:00,9.4,62,1016.3,19.3,196,0.0
2026-08-17 12:00:00,10.8,63,1016.3,17.0,184,0.0
2026-08-17 13:00:00,11.4,63,1015.7,15.4,201,0.0
2026-08-17 14:00:00,11.7,60,1015.2,17.8,196,0.0
2026-08-17 15:00:00,12.2,52,1015.3,15.2,186,0.0
2026-08-17 16:00:00,11.5,55,1015.5,19.9,198,0.0
2026-08-17 17:00:00,10.2,61,1016.0,19.0,198,0.0
2026-08-17 18:00:00,8.6,65,1015.8,14.5,197,0.0
2026-08-17 19:00:00,7.7,68,1016.6,13.1,199,0.0
2026-08-17 20:00:00,6.6,72,1017.0,11.8,196,0.0
2026-08-17 21:00:00,5.6,76,1017.2,8.8,199,0.0
2026-08-17 22:00:00,4.8,79,1017.6,7.6,202,0.0
2026-08-17 23:00:00,4.4,80,1017.8,6.8,212,0.0
2026-08-18 00:00:00,4.3,80,1017.6,6.8,209,0.0
2026-08-18 01:00:00,4.0,81,1017.5,6.6,201,0.0
2026-08-18 02:00:00,3.4,82,1017.5,6.3,178,0.0
2026-08-18 03:00:00,3.0,82,1017.3,5.9,180,0.0
2026-08-18 04:00:00,2.6,83,1017.1,3.6,171,0.0
2026-08-18 05:00:00,2.0,85,1017.2,4.8,151,0.0
2026-08-18 06:00:00,1.5,88,1017.5,5.7,148,0.0
2026-08-18 07:00:00,1.1,88,1017.8,3.0,166,0.0
2026-08-18 08:00:00,2.6,85,1018.2,6.1,236,0.0
2026-08-18 09:00:00,5.4,81,1019.0,8.1,177,0.0
2026-08-18 10:00:00,7.6,77,1018.9,9.7,182,0.0
2026-08-18 11:00:00,9.8,72,1018.9,10.6,195,0.0
2026-08-18 12:00:00,11.9,66,1018.2,14.5,197,0.0
2026-08-18 13:00:00,12.7,60,1017.5,25.4,194,0.0
2026-08-18 14:00:00,13.1,54,1017.1,29.0,190,0.0
2026-08-18 15:00:00,13.0,56,1016.9,25.8,195,0.0
2026-08-18 16:00:00,12.6,59,1016.7,21.4,197,0.0
2026-08-18 17:00:00,11.4,63,1017.4,23.7,189,0.0
2026-08-18 18:00:00,10.0,66,1017.4,13.4,198,0.0
2026-08-18 19:00:00,8.4,74,1018.0,7.7,217,0.0
2026-08-18 20:00:00,7.2,78,1018.3,7.6,243,0.0
2026-08-18 21:00:00,7.0,75,1018.7,11.4,206,0.0
2026-08-18 22:00:00,7.1,72,1019.2,16.1,193,0.0
2026-08-18 23:00:00,7.2,75,1019.5,18.1,199,0.0
2026-08-19 00:00:00,7.4,78,1019.5,18.4,207,0.0
2026-08-19 01:00:00,7.7,69,1019.5,25.1,200,0.0
2026-08-19 02:00:00,7.2,64,1019.5,23.6,199,0.0
2026-08-19 03:00:00,6.9,67,1019.6,22.9,193,0.0
2026-08-19 04:00:00,6.4,71,1019.7,22.5,196,0.0
2026-08-19 05:00:00,6.3,70,1020.2,21.2,204,0.0
2026-08-19 06:00:00,5.8,70,1021.1,16.9,197,0.0
2026-08-19 07:00:00,5.3,72,1021.6,13.4,200,0.0
2026-08-19 08:00:00,5.7,75,1022.8,11.3,198,0.0
2026-08-19 09:00:00,7.4,71,1023.5,13.3,198,0.0
2026-08-19 10:00:00,8.7,66,1023.6,16.0,201,0.0
2026-08-19 11:00:00,9.9,57,1023.7,17.1,209,0.0
2026-08-19 12:00:00,11.2,55,1023.0,15.8,199,0.0
2026-08-19 13:00:00,11.7,54,1022.2,15.0,193,0.0
2026-08-19 14:00:00,11.9,52,1021.9,14.1,182,0.0
2026-08-19 15:00:00,11.9,54,1022.0,13.5,178,0.0
2026-08-19 16:00:00,11.5,58,1022.3,12.8,191,0.0
2026-08-19 17:00:00,10.5,67,1022.5,9.9,199,0.0
2026-08-19 18:00:00,9.1,69,1022.8,9.1,163,0.0
2026-08-19 19:00:00,8.3,69,1023.6,10.8,185,0.0
2026-08-19 20:00:00,7.3,71,1024.3,10.3,179,0.0
2026-08-19 21:00:00,6.1,77,1024.9,10.6,148,0.0
2026-08-19 22:00:00,5.3,81,1025.6,10.2,143,0.0
2026-08-19 23:00:00,4.4,84,1026.0,8.7,146,0.0
2026-08-20 00:00:00,3.5,86,1025.9,5.3,142,0.0
2026-08-20 01:00:00,2.9,87,1026.1,2.8,165,0.0
2026-08-20 02:00:00,2.8,85,1026.1,4.8,158,0.0
2026-08-20 03:00:00,2.6,88,1026.1,4.5,173,0.0
2026-08-20 04:00:00,2.4,87,1025.9,2.2,185,0.0
2026-08-20 05:00:00,2.2,88,1026.3,3.6,150,0.0
2026-08-20 06:00:00,1.6,89,1026.3,1.9,131,0.0
2026-08-20 07:00:00,1.8,88,1026.7,0.7,180,0.0
2026-08-20 08:00:00,2.9,87,1027.4,1.6,297,0.0
2026-08-20 09:00:00,4.5,89,1027.8,0.6,326,0.0
2026-08-20 10:00:00,7.0,85,1027.8,1.6,354,0.0
2026-08-20 11:00:00,9.8,78,1027.8,3.4,344,0.0
2026-08-20 12:00:00,12.3,72,1026.8,3.5,321,0.0
2026-08-20 13:00:00,13.3,71,1026.0,8.4,235,0.0
2026-08-20 14:00:00,13.6,69,1025.5,13.4,229,0.0
2026-08-20 15:00:00,13.7,67,1025.2,15.2,229,0.0
2026-08-20 16:00:00,13.7,69,1025.3,12.7,231,0.0
2026-08-20 17:00:00,12.8,74,1025.4,9.3,243,0.0
2026-08-20 18:00:00,10.4,83,1025.2,6.5,257,0.0
2026-08-20 19:00:00,9.2,86,1025.5,5.9,268,0.0
2026-08-20 20:00:00,7.8,89,1025.7,4.7,279,0.0
2026-08-20 21:00:00,6.6,91,1025.8,3.4,286,0.0
2026-08-20 22:00:00,5.7,94,1025.9,2.0,280,0.0
2026-08-20 23:00:00,5.1,95,1025.9,0.8,225,0.0
2026-08-21 00:00:00,4.1,99,1026.0,2.0,117,0.0
2026-08-21 01:00:00,4.1,99,1026.0,0.6,72,0.0
2026-08-21 02:00:00,3.7,100,1025.9,0.9,53,0.0
2026-08-21 03:00:00,3.3,100,1025.5,1.3,34,0.0
2026-08-21 04:00:00,2.8,100,1025.5,1.3,16,0.0
2026-08-21 05:00:00,2.5,100,1025.7,2.4,27,0.0
2026-08-21 06:00:00,2.4,100,1026.2,0.9,79,0.0
2026-08-21 07:00:00,2.1,100,1026.5,2.3,29,0.0
2026-08-21 08:00:00,3.5,99,1027.0,4.5,23,0.0
2026-08-21 09:00:00,5.3,99,1027.3,5.4,26,0.0
2026-08-21 10:00:00,7.8,94,1027.1,5.1,18,0.0
2026-08-21 11:00:00,10.6,88,1026.9,5.9,23,0.0
2026-08-21 12:00:00,12.2,81,1026.1,6.9,28,0.0
2026-08-21 13:00:00,13.6,78,1025.2,4.5,355,0.0
2026-08-21 14:00:00,14.5,70,1024.6,9.6,256,0.0
2026-08-21 15:00:00,14.2,66,1024.3,14.0,250,0.0
2026-08-21 16:00:00,14.0,68,1024.2,13.8,253,0.0
2026-08-21 17:00:00,12.9,75,1024.3,11.2,266,0.0
2026-08-21 18:00:00,11.1,82,1024.3,9.4,277,0.0
2026-08-21 19:00:00,10.1,87,1024.5,9.7,282,0.0
2026-08-21 20:00:00,9.6,89,1024.7,7.2,282,0.0
2026-08-21 21:00:00,9.5,90,1025.0,5.6,295,0.0
2026-08-21 22:00:00,8.7,92,1024.7,5.2,304,0.0
2026-08-21 23:00:00,8.1,95,1024.8,4.4,308,0.0
2026-08-22 00:00:00,7.0,99,1024.7,3.2,341,0.0
2026-08-22 01:00:00,7.2,99,1024.6,3.9,326,0.0
2026-08-22 02:00:00,8.4,96,1024.4,4.5,299,0.1
2026-08-22 03:00:00,9.4,94,1023.9,5.6,297,0.1
2026-08-22 04:00:00,10.0,93,1023.4,7.1,297,0.0
2026-08-22 05:00:00,10.1,91,1023.4,7.6,284,0.0
2026-08-22 06:00:00,9.7,92,1023.7,5.5,281,0.0
2026-08-22 07:00:00,10.0,92,1023.9,6.9,279,0.0
2026-08-22 08:00:00,10.7,92,1024.2,6.9,285,0.0
2026-08-22 09:00:00,12.1,88,1024.3,6.3,290,0.0
2026-08-22 10:00:00,13.9,76,1024.1,10.7,278,0.0
2026-08-22 11:00:00,14.7,61,1024.0,17.8,269,0.0
2026-08-22 12:00:00,15.1,59,1023.1,18.0,271,0.0
2026-08-22 13:00:00,15.1,59,1022.2,20.3,269,0.0
2026-08-22 14:00:00,14.9,60,1021.6,19.9,275,0.0
2026-08-22 15:00:00,14.7,63,1021.3,19.1,278,0.0
2026-08-22 16:00:00,14.3,67,1021.3,17.2,281,0.0
2026-08-22 17:00:00,13.6,71,1021.5,13.5,289,0.0
2026-08-22 18:00:00,11.8,77,1021.5,10.6,305,0.0
2026-08-22 19:00:00,11.1,78,1021.8,12.6,317,0.0
2026-08-22 20:00:00,10.5,78,1021.8,13.6,326,0.0
2026-08-22 21:00:00,9.9,79,1021.9,12.5,332,0.0
2026-08-22 22:00:00,9.4,80,1021.7,13.3,337,0.0
2026-08-22 23:00:00,8.9,82,1021.4,13.6,340,0.0
2026-08-23 00:00:00,8.9,83,1021.0,11.4,344,0.0
2026-08-23 01:00:00,8.4,85,1020.4,12.5,348,0.0
2026-08-23 02:00:00,8.3,87,1020.1,12.5,345,0.0
2026-08-23 03:00:00,8.3,89,1019.5,13.2,343,0.0
2026-08-23 04:00:00,8.4,90,1019.0,15.0,349,0.0
2026-08-23 05:00:00,8.5,91,1019.0,15.9,350,0.0
2026-08-23 06:00:00,8.9,89,1018.6,17.5,351,0.0
2026-08-23 07:00:00,9.5,89,1018.3,19.5,348,0.0
2026-08-23 08:00:00,10.7,87,1018.1,20.0,341,0.0
2026-08-23 09:00:00,13.8,78,1017.6,23.1,326,0.0
2026-08-23 10:00:00,16.0,70,1017.2,25.1,318,0.0
2026-08-23 11:00:00,16.2,68,1017.3,33.8,304,0.1
2026-08-23 12:00:00,16.5,70,1016.1,37.2,303,0.2
2026-08-23 13:00:00,16.3,74,1015.1,39.3,299,0.2
2026-08-23 14:00:00,14.8,86,1014.7,39.5,295,1.0
2026-08-23 15:00:00,13.9,90,1015.3,24.6,275,0.8
2026-08-23 16:00:00,14.9,83,1015.4,20.3,269,0.1
2026-08-23 17:00:00,13.9,79,1016.2,19.1,259,0.0
2026-08-23 18:00:00,12.3,76,1017.1,16.6,257,0.0
2026-08-23 19:00:00,11.9,76,1018.1,16.2,255,0.0
2026-08-23 20:00:00,11.5,76,1018.9,14.8,248,0.0
2026-08-23 21:00:00,11.2,78,1019.5,14.8,249,0.0
2026-08-23 22:00:00,10.9,77,1020.1,15.7,250,0.0
2026-08-23 23:00:00,10.9,77,1020.4,15.1,245,0.0
2026-08-24 00:00:00,10.0,78,1021.0,10.5,253,0.0
2026-08-24 01:00:00,10.4,77,1021.3,12.8,261,0.0
2026-08-24 02:00:00,10.7,76,1021.5,14.2,261,0.0
2026-08-24 03:00:00,10.9,75,1021.5,15.4,246,0.0
2026-08-24 04:00:00,11.1,78,1021.8,17.6,241,0.0
2026-08-24 05:00:00,10.7,81,1022.3,14.0,250,0.0
2026-08-24 06:00:00,9.6,82,1023.4,8.6,248,0.0
2026-08-24 07:00:00,8.9,81,1024.2,6.9,233,0.0
2026-08-24 08:00:00,10.1,80,1025.1,7.1,240,0.0
2026-08-24 09:00:00,12.1,76,1026.0,9.4,235,0.0
2026-08-24 10:00:00,13.6,67,1026.3,13.3,230,0.0
2026-08-24 11:00:00,14.6,59,1026.5,18.2,231,0.0
2026-08-24 12:00:00,15.3,55,1026.0,18.5,229,0.0
2026-08-24 13:00:00,15.5,53,1025.3,18.8,236,0.0
2026-08-24 14:00:00,15.4,54,1024.8,18.7,238,0.0
2026-08-24 15:00:00,15.1,55,1024.8,17.3,239,0.0
2026-08-24 16:00:00,14.5,59,1025.1,16.0,241,0.0
2026-08-24 17:00:00,13.4,66,1025.3,13.2,250,0.0
2026-08-24 18:00:00,11.5,71,1025.6,11.6,254,0.0
2026-08-24 19:00:00,10.9,72,1026.0,12.6,253,0.0
2026-08-24 20:00:00,10.0,76,1026.3,9.6,256,0.0
2026-08-24 21:00:00,9.2,79,1026.5,7.3,259,0.0
2026-08-24 22:00:00,8.5,82,1026.8,6.5,262,0.0
2026-08-24 23:00:00,7.8,84,1027.0,5.6,268,0.0
2026-08-25 00:00:00,7.0,85,1026.9,4.9,287,0.0
2026-08-25 01:00:00,6.7,86,1026.8,4.5,286,0.0
2026-08-25 02:00:00,6.5,87,1026.6,3.8,273,0.0
2026-08-25 03:00:00,6.3,87,1026.0,2.3,252,0.0
2026-08-25 04:00:00,6.1,88,1026.0,1.4,203,0.0
2026-08-25 05:00:00,5.9,89,1026.4,1.0,149,0.0
2026-08-25 06:00:00,5.6,89,1026.5,1.3,360,0.0
2026-08-25 07:00:00,5.6,89,1026.7,1.3,352,0.0
2026-08-25 08:00:00,7.8,85,1027.1,3.1,350,0.0
2026-08-25 09:00:00,10.9,82,1027.2,2.7,360,0.0
2026-08-25 10:00:00,13.8,68,1027.3,13.8,253,0.0
2026-08-25 11:00:00,14.4,58,1027.2,23.3,248,0.0
2026-08-25 12:00:00,15.0,56,1026.5,23.3,244,0.0
2026-08-25 13:00:00,15.0,56,1025.9,24.1,243,0.0
2026-08-25 14:00:00,15.0,56,1025.2,23.6,247,0.0
2026-08-25 15:00:00,15.0,57,1024.6,24.0,247,0.0
2026-08-25 16:00:00,14.6,61,1024.5,20.6,247,0.0
2026-08-25 17:00:00,13.5,69,1024.8,17.8,252,0.0
2026-08-25 18:00:00,12.3,78,1024.9,12.5,255,0.0
2026-08-25 19:00:00,11.5,83,1025.3,10.3,263,0.0
2026-08-25 20:00:00,11.0,86,1025.2,8.8,270,0.0
2026-08-25 21:00:00,10.4,87,1025.2,9.6,275,0.0
2026-08-25 22:00:00,10.1,87,1025.6,11.2,272,0.0
2026-08-25 23:00:00,10.1,87,1025.7,10.9,261,0.0
2026-08-26 00:00:00,9.6,87,1025.3,8.0,262,0.0
2026-08-26 01:00:00,9.7,86,1025.2,8.2,260,0.0
2026-08-26 02:00:00,9.8,82,1024.6,8.5,271,0.0
2026-08-26 03:00:00,9.4,82,1024.0,7.7,270,0.0
2026-08-26 04:00:00,8.5,83,1023.9,5.3,278,0.0
2026-08-26 05:00:00,8.5,83,1024.4,3.8,270,0.0
2026-08-26 06:00:00,8.4,84,1024.5,4.3,272,0.0
2026-08-26 07:00:00,8.4,86,1024.9,3.5,279,0.0
2026-08-26 08:00:00,10.5,85,1025.2,5.1,280,0.0
2026-08-26 09:00:00,12.7,84,1025.4,6.5,264,0.0
2026-08-26 10:00:00,14.5,76,1025.3,11.4,258,0.0
2026-08-26 11:00:00,15.6,67,1025.1,17.6,254,0.0
2026-08-26 12:00:00,16.2,64,1024.2,18.3,255,0.0
2026-08-26 13:00:00,16.3,63,1023.4,19.6,253,0.0
2026-08-26 14:00:00,16.2,65,1022.9,19.8,255,0.0
2026-08-26 15:00:00,15.6,67,1022.6,17.6,262,0.0
2026-08-26 16:00:00,14.9,72,1022.5,15.8,268,0.0
2026-08-26 17:00:00,14.2,80,1022.5,14.1,276,0.0
2026-08-26 18:00:00,13.0,85,1022.4,11.8,277,0.0
2026-08-26 19:00:00,12.4,89,1022.7,9.7,289,0.0
2026-08-26 20:00:00,11.9,91,1023.0,8.4,304,0.0
2026-08-26 21:00:00,11.8,92,1023.3,8.2,322,0.0
2026-08-26 22:00:00,11.6,93,1023.6,8.5,328,0.0
2026-08-26 23:00:00,11.7,94,1023.7,8.8,332,0.0
2026-08-27 00:00:00,11.6,95,1023.6,7.1,333,0.0
2026-08-27 01:00:00,11.3,96,1023.9,5.6,335,0.0
2026-08-27 02:00:00,10.8,97,1023.7,5.4,330,0.0
2026-08-27 03:00:00,10.3,99,1023.3,6.8,328,0.0
2026-08-27 04:00:00,9.8,100,1023.2,5.6,320,0.0
2026-08-27 05:00:00,9.4,100,1023.4,3.8,289,0.0
2026-08-27 06:00:00,9.3,100,1024.4,1.5,187,0.0
2026-08-27 07:00:00,9.8,100,1024.8,2.6,129,0.0
2026-08-27 08:00:00,10.8,99,1025.4,3.6,110,0.0
2026-08-27 09:00:00,12.3,95,1026.1,2.7,132,0.0
2026-08-27 10:00:00,13.4,88,1026.1,0.7,166,0.0
2026-08-27 11:00:00,14.7,80,1026.4,1.5,7,0.0
2026-08-27 12:00:00,16.3,74,1026.0,4.0,63,0.1
2026-08-27 13:00:00,17.1,68,1025.4,3.6,49,0.0
2026-08-27 14:00:00,17.5,65,1024.8,4.6,11,0.0
2026-08-27 15:00:00,17.6,63,1024.1,7.6,12,0.0
2026-08-27 16:00:00,17.3,63,1024.1,9.0,29,0.0
2026-08-27 17:00:00,16.3,72,1024.1,5.6,42,0.0
2026-08-27 18:00:00,14.3,74,1024.2,6.9,49,0.0
2026-08-27 19:00:00,13.2,69,1024.5,11.0,42,0.0
2026-08-27 20:00:00,12.9,77,1025.1,14.6,29,0.0
2026-08-27 21:00:00,12.0,86,1025.1,14.7,29,0.0
2026-08-27 22:00:00,11.4,88,1025.2,14.0,38,0.0
2026-08-27 23:00:00,11.3,94,1025.1,14.1,47,0.0
2026-08-28 00:00:00,11.5,95,1024.7,13.9,48,0.0
2026-08-28 01:00:00,11.5,95,1024.7,14.6,45,0.0
2026-08-28 02:00:00,11.3,95,1023.9,14.4,48,0.0
2026-08-28 03:00:00,10.9,94,1023.0,13.4,47,0.0
2026-08-28 04:00:00,10.8,94,1022.5,14.5,45,0.0
2026-08-28 05:00:00,10.9,94,1022.3,14.8,33,0.0
2026-08-28 06:00:00,10.5,95,1021.7,11.8,36,0.0
2026-08-28 07:00:00,10.3,95,1021.6,11.6,37,0.0
2026-08-28 08:00:00,11.4,94,1022.0,11.8,38,0.0
2026-08-28 09:00:00,13.5,85,1021.9,12.6,14,0.0
2026-08-28 10:00:00,15.1,75,1021.6,15.5,1,0.0
2026-08-28 11:00:00,16.1,64,1021.5,23.2,354,0.0
2026-08-28 12:00:00,16.5,60,1020.4,18.7,358,0.0
2026-08-28 13:00:00,17.0,58,1019.4,19.5,348,0.0
2026-08-28 14:00:00,16.5,64,1018.4,20.7,352,0.0
2026-08-28 15:00:00,15.9,69,1017.7,19.8,352,0.0
2026-08-28 16:00:00,15.7,73,1017.3,19.2,355,0.1
2026-08-28 17:00:00,15.2,75,1016.8,16.6,359,0.0
2026-08-28 18:00:00,13.7,82,1016.7,13.3,10,0.1
2026-08-28 19:00:00,13.9,82,1016.5,14.8,6,0.3
2026-08-28 20:00:00,13.3,87,1016.2,16.5,10,0.3
2026-08-28 21:00:00,13.1,91,1015.9,16.6,13,1.0
2026-08-28 22:00:00,12.9,93,1015.6,15.5,3,0.1
2026-08-28 23:00:00,12.9,94,1015.1,15.5,358,0.0
2026-08-29 00:00:00,13.2,94,1014.6,14.2,351,0.0
2026-08-29 01:00:00,13.2,95,1014.5,12.5,353,0.0
2026-08-29 02:00:00,13.0,94,1013.9,13.1,353,0.3
2026-08-29 03:00:00,12.6,95,1012.9,9.3,352,1.0
2026-08-29 04:00:00,12.6,94,1012.2,10.3,357,0.4
2026-08-29 05:00:00,12.5,95,1012.0,10.7,352,1.4
2026-08-29 06:00:00,12.9,96,1011.9,13.6,355,0.5
2026-08-29 07:00:00,12.8,95,1011.9,11.5,358,1.7
2026-08-29 08:00:00,13.0,95,1012.1,9.8,355,0.9
2026-08-29 09:00:00,13.7,95,1012.4,10.6,334,0.9
2026-08-29 10:00:00,14.5,92,1012.0,9.6,343,0.6
2026-08-29 11:00:00,15.3,90,1011.4,12.2,351,0.5
2026-08-29 12:00:00,15.2,90,1010.5,12.3,355,0.9
2026-08-29 13:00:00,14.9,93,1009.8,11.1,353,1.1
2026-08-29 14:00:00,14.8,90,1008.7,8.3,359,1.4
2026-08-29 15:00:00,14.4,95,1008.0,5.5,341,2.0
2026-08-29 16:00:00,14.4,96,1007.5,1.1,18,1.7
2026-08-29 17:00:00,14.1,95,1007.2,1.7,41,1.8
2026-08-29 18:00:00,13.4,96,1006.4,4.1,142,1.6
2026-08-29 19:00:00,13.0,97,1005.8,8.2,144,1.4
2026-08-29 20:00:00,12.9,96,1005.2,11.3,155,1.7
2026-08-29 21:00:00,12.1,94,1004.4,14.9,181,2.2
2026-08-29 22:00:00,11.2,91,1004.5,15.7,193,1.7
2026-08-29 23:00:00,10.9,91,1004.2,13.5,205,1.1
2026-08-30 00:00:00,10.8,92,1003.4,11.5,194,0.9
2026-08-30 01:00:00,10.7,91,1003.1,11.3,209,0.9
2026-08-30 02:00:00,10.6,89,1002.7,15.0,210,0.0
2026-08-30 03:00:00,10.6,85,1002.6,15.3,205,0.0
2026-08-30 04:00:00,10.5,84,1002.3,13.7,210,0.0
2026-08-30 05:00:00,9.6,86,1002.1,11.5,222,0.0
2026-08-30 06:00:00,9.9,82,1002.3,14.5,228,0.0
2026-08-30 07:00:00,10.3,81,1002.6,12.9,223,0.0
2026-08-30 08:00:00,11.7,79,1003.1,15.5,226,0.0
2026-08-30 09:00:00,13.6,76,1003.2,25.7,235,0.0
2026-08-30 10:00:00,14.3,76,1003.4,27.1,242,0.0
2026-08-30 11:00:00,15.2,75,1003.5,26.8,242,0.0
2026-08-30 12:00:00,15.9,69,1002.2,29.0,240,0.0
2026-08-30 13:00:00,16.0,68,1001.8,32.2,241,0.0
2026-08-30 14:00:00,15.9,67,1001.3,33.8,241,0.0
2026-08-30 15:00:00,15.6,67,1001.6,33.2,240,0.0
2026-08-30 16:00:00,15.0,72,1001.8,30.8,247,0.0
2026-08-30 17:00:00,14.3,76,1002.3,28.8,251,0.0
2026-08-30 18:00:00,13.5,78,1002.4,26.9,249,0.0
2026-08-30 19:00:00,13.3,81,1002.5,25.4,251,0.0
2026-08-30 20:00:00,13.3,81,1002.7,24.9,250,0.0
2026-08-30 21:00:00,12.8,83,1003.5,23.4,246,0.0
2026-08-30 22:00:00,12.7,83,1003.5,21.9,248,0.0
2026-08-30 23:00:00,12.6,82,1003.8,22.7,251,0.0
2026-08-31 00:00:00,12.5,83,1003.6,24.3,251,0.0
2026-08-31 01:00:00,12.7,81,1004.0,24.5,249,0.0
2026-08-31 02:00:00,12.6,81,1004.2,25.4,253,0.0
2026-08-31 03:00:00,12.5,82,1004.1,25.3,253,0.0
2026-08-31 04:00:00,12.3,81,1004.0,23.6,257,0.0
2026-08-31 05:00:00,12.1,82,1004.4,23.0,258,0.0
2026-08-31 06:00:00,12.0,81,1004.8,22.1,258,0.0
2026-08-31 07:00:00,12.4,79,1005.7,22.3,254,0.0
2026-08-31 08:00:00,13.0,79,1005.8,22.4,259,0.0
2026-08-31 09:00:00,13.9,76,1005.8,27.4,256,0.1
2026-08-31 10:00:00,14.6,73,1005.9,28.7,258,0.2
2026-08-31 11:00:00,14.9,72,1005.8,34.6,255,0.3
2026-08-31 12:00:00,15.3,71,1005.2,33.2,259,0.3
2026-08-31 13:00:00,15.4,71,1004.8,33.0,259,0.3
2026-08-31 14:00:00,14.9,73,1004.5,32.8,258,0.4
2026-08-31 15:00:00,14.6,75,1004.2,33.9,257,0.5
2026-08-31 16:00:00,13.9,79,1004.7,30.2,255,0.4
2026-08-31 17:00:00,13.6,80,1004.9,27.7,251,0.2
2026-08-31 18:00:00,13.1,80,1004.9,27.9,245,0.1
2026-08-31 19:00:00,12.7,78,1005.7,25.7,243,0.0
2026-08-31 20:00:00,12.3,76,1005.8,22.7,245,0.0
2026-08-31 21:00:00,12.1,77,1006.1,22.7,245,0.0
2026-08-31 22:00:00,12.3,75,1006.5,23.8,247,0.0
2026-08-31 23:00:00,12.2,75,1006.9,26.5,248,0.1
2026-09-01 00:00:00,12.3,75,1006.8,25.9,245,0.0
2026-09-01 01:00:00,12.1,76,1006.9,25.4,244,0.0
2026-09-01 02:00:00,12.0,77,1007.1,25.9,241,0.0
2026-09-01 03:00:00,11.7,77,1007.2,25.6,236,0.0
2026-09-01 04:00:00,11.3,77,1007.3,24.0,235,0.0
2026-09-01 05:00:00,11.2,77,1007.9,23.0,232,0.0
2026-09-01 06:00:00,11.1,72,1008.6,22.9,228,0.0
2026-09-01 07:00:00,10.6,70,1009.2,20.0,229,0.0
2026-09-01 08:00:00,11.3,72,1010.1,18.2,232,0.0
2026-09-01 09:00:00,12.7,68,1011.0,22.7,241,0.0
2026-09-01 10:00:00,13.2,66,1011.8,27.0,236,0.0
2026-09-01 11:00:00,13.6,65,1012.5,29.3,236,0.0
2026-09-01 12:00:00,14.1,61,1012.5,30.1,236,0.0
2026-09-01 13:00:00,14.2,59,1012.0,30.1,236,0.0
2026-09-01 14:00:00,14.0,59,1012.0,31.6,234,0.0
2026-09-01 15:00:00,13.6,60,1012.1,27.6,237,0.0
2026-09-01 16:00:00,13.4,61,1012.4,24.8,238,0.0
2026-09-01 17:00:00,12.6,63,1013.3,23.4,235,0.0
2026-09-01 18:00:00,11.9,66,1013.5,18.9,238,0.0
2026-09-01 19:00:00,11.6,69,1014.1,17.0,234,0.0
2026-09-01 20:00:00,11.3,71,1014.7,15.0,235,0.0
2026-09-01 21:00:00,11.7,67,1015.0,16.6,238,0.0
2026-09-01 22:00:00,12.0,65,1015.3,17.7,240,0.0
2026-09-01 23:00:00,11.9,65,1016.0,16.7,243,0.0
2026-09-02 00:00:00,11.8,67,1015.8,16.9,248,0.0
2026-09-02 01:00:00,11.7,68,1016.2,16.5,250,0.0
2026-09-02 02:00:00,11.5,71,1016.1,16.4,255,0.0
2026-09-02 03:00:00,11.0,72,1015.5,16.0,253,0.0
2026-09-02 04:00:00,10.8,74,1015.1,14.7,250,0.0
2026-09-02 05:00:00,10.7,75,1015.3,15.7,255,0.0
2026-09-02 06:00:00,10.3,79,1015.7,13.1,257,0.0
2026-09-02 07:00:00,11.2,79,1015.9,16.3,253,0.0
2026-09-02 08:00:00,12.6,81,1016.5,17.8,252,0.0
2026-09-02 09:00:00,13.9,77,1016.7,21.5,251,0.0
2026-09-02 10:00:00,14.8,70,1016.5,26.8,249,0.0
2026-09-02 11:00:00,15.5,65,1016.6,28.7,250,0.0
2026-09-02 12:00:00,15.6,66,1016.4,26.9,254,0.0
2026-09-02 13:00:00,15.7,68,1016.0,27.7,257,0.0
2026-09-02 14:00:00,15.7,68,1015.6,26.6,257,0.0
2026-09-02 15:00:00,15.3,69,1015.5,25.9,258,0.0
2026-09-02 16:00:00,14.6,74,1015.4,22.1,263,0.0
2026-09-02 17:00:00,13.9,79,1015.4,18.6,268,0.0
2026-09-02 18:00:00,13.3,83,1015.4,14.5,265,0.0
2026-09-02 19:00:00,13.1,83,1015.7,12.9,264,0.0
2026-09-02 20:00:00,13.0,82,1015.8,11.8,263,0.0
2026-09-02 21:00:00,12.7,78,1016.0,11.7,259,0.0
2026-09-02 22:00:00,11.6,80,1016.2,10.4,262,0.0
2026-09-02 23:00:00,10.7,84,1016.2,7.0,269,0.0
2026-09-03 00:00:00,11.6,78,1016.0,6.5,294,0.0
2026-09-03 01:00:00,11.8,80,1016.4,6.8,295,0.0
2026-09-03 02:00:00,10.7,87,1016.5,5.3,308,0.0
2026-09-03 03:00:00,10.3,88,1016.3,7.8,312,0.0
2026-09-03 04:00:00,10.5,87,1016.0,9.9,303,0.0
2026-09-03 05:00:00,10.4,89,1016.1,10.3,305,0.0
2026-09-03 06:00:00,9.8,90,1016.2,7.9,309,0.0
2026-09-03 07:00:00,10.7,92,1016.3,9.1,321,0.0
2026-09-03 08:00:00,12.0,91,1016.6,9.2,327,0.0
2026-09-03 09:00:00,14.2,81,1016.9,11.2,282,0.0
2026-09-03 10:00:00,15.1,71,1016.9,17.9,265,0.0
2026-09-03 11:00:00,15.8,66,1017.0,19.4,268,0.0
2026-09-03 12:00:00,16.6,58,1016.1,18.9,267,0.0
2026-09-03 13:00:00,16.4,62,1015.6,20.3,276,0.0
2026-09-03 14:00:00,16.3,65,1014.9,20.4,282,0.0
2026-09-03 15:00:00,15.5,69,1014.9,20.1,285,0.0
2026-09-03 16:00:00,14.7,75,1014.6,13.6,298,0.0
2026-09-03 17:00:00,14.3,79,1014.7,13.1,317,0.1
2026-09-03 18:00:00,13.7,83,1014.0,14.0,331,0.3
2026-09-03 19:00:00,13.4,87,1013.9,17.0,312,0.1
2026-09-03 20:00:00,13.4,91,1014.1,15.2,304,0.1
2026-09-03 21:00:00,13.2,93,1014.3,13.8,299,0.0
2026-09-03 22:00:00,13.1,93,1014.3,14.8,304,0.1
2026-09-03 23:00:00,12.6,94,1014.4,14.3,309,0.3
2026-09-04 00:00:00,12.7,94,1013.8,14.7,298,0.5
2026-09-04 01:00:00,12.6,94,1013.5,13.8,317,0.2
2026-09-04 02:00:00,13.0,94,1013.3,17.9,311,0.2
2026-09-04 03:00:00,12.8,93,1012.6,18.2,309,0.0
2026-09-04 04:00:00,12.9,92,1012.4,19.2,305,0.0
2026-09-04 05:00:00,12.7,92,1012.2,18.6,307,0.0
2026-09-04 06:00:00,12.6,91,1012.3,18.4,309,0.0
2026-09-04 07:00:00,12.6,90,1011.9,18.8,316,0.0
2026-09-04 08:00:00,13.7,88,1011.9,21.4,318,0.0
2026-09-04 09:00:00,15.3,82,1011.4,20.5,317,0.0
2026-09-04 10:00:00,16.2,73,1011.1,30.7,305,0.0
2026-09-04 11:00:00,15.9,77,1011.0,28.6,308,0.2
2026-09-04 12:00:00,16.7,75,1009.9,32.3,305,0.3
2026-09-04 13:00:00,16.3,77,1008.8,26.7,314,0.1
2026-09-04 14:00:00,16.6,78,1008.1,33.1,305,0.2
2026-09-04 15:00:00,15.5,90,1007.4,27.8,288,0.7
2026-09-04 16:00:00,14.9,95,1007.7,25.3,285,1.1
2026-09-04 17:00:00,15.1,92,1008.1,19.5,276,0.3
2026-09-04 18:00:00,14.9,90,1008.1,18.4,258,0.0
2026-09-04 19:00:00,13.5,88,1009.0,18.6,252,0.0
2026-09-04 20:00:00,12.3,85,1010.0,17.4,248,0.0
2026-09-04 21:00:00,11.5,83,1010.9,14.9,250,0.0
2026-09-04 22:00:00,11.3,83,1011.8,14.0,250,0.0
2026-09-04 23:00:00,11.5,83,1011.9,15.6,259,0.0
2026-09-05 00:00:00,11.9,84,1012.1,14.6,257,0.0
2026-09-05 01:00:00,11.7,85,1012.6,14.3,253,0.0
2026-09-05 02:00:00,11.3,85,1013.0,12.3,252,0.0
2026-09-05 03:00:00,11.0,84,1013.1,11.7,260,0.0
2026-09-05 04:00:00,10.9,83,1013.7,11.2,258,0.0
2026-09-05 05:00:00,10.6,84,1014.2,10.1,266,0.0
2026-09-05 06:00:00,9.7,87,1014.7,9.0,275,0.0
2026-09-05 07:00:00,9.7,88,1015.4,10.7,275,0.0
2026-09-05 08:00:00,11.4,86,1015.9,12.6,268,0.0
2026-09-05 09:00:00,13.6,76,1016.2,15.2,254,0.0
2026-09-05 10:00:00,14.7,67,1016.3,20.4,253,0.0
2026-09-05 11:00:00,15.2,63,1016.3,20.9,255,0.0
2026-09-05 12:00:00,15.9,59,1015.8,19.0,253,0.0
2026-09-05 13:00:00,15.9,59,1015.3,20.7,255,0.0
2026-09-05 14:00:00,15.5,59,1015.1,21.5,254,0.0
2026-09-05 15:00:00,15.1,59,1014.8,20.9,255,0.0
2026-09-05 16:00:00,14.7,63,1014.9,17.6,259,0.0
2026-09-05 17:00:00,13.9,68,1014.8,14.9,263,0.0
2026-09-05 18:00:00,12.1,73,1014.4,10.4,272,0.0
2026-09-05 19:00:00,10.9,78,1014.4,6.0,295,0.0
2026-09-05 20:00:00,10.5,80,1014.8,8.2,302,0.0
2026-09-05 21:00:00,10.3,81,1015.5,9.5,280,0.0
2026-09-05 22:00:00,10.0,84,1015.4,6.5,294,0.0
2026-09-05 23:00:00,9.9,84,1015.2,7.6,304,0.0
2026-09-06 00:00:00,9.9,84,1014.9,8.8,293,0.0
2026-09-06 01:00:00,10.1,84,1014.6,9.1,308,0.0
2026-09-06 02:00:00,10.2,86,1014.2,8.6,303,0.0
2026-09-06 03:00:00,9.6,89,1013.3,5.8,324,0.0
2026-09-06 04:00:00,9.4,89,1013.4,4.2,5,0.0
2026-09-06 05:00:00,9.4,90,1014.0,6.0,16,0.0
2026-09-06 06:00:00,8.4,92,1013.7,7.8,19,0.1
2026-09-06 07:00:00,8.7,93,1014.3,7.3,16,0.0
2026-09-06 08:00:00,10.7,90,1014.3,9.2,359,0.0
2026-09-06 09:00:00,13.0,87,1014.3,9.5,350,0.0
2026-09-06 10:00:00,14.4,78,1013.7,16.6,311,0.1
2026-09-06 11:00:00,15.1,73,1012.9,18.9,304,0.2
2026-09-06 12:00:00,14.9,76,1011.9,20.2,315,0.2
2026-09-06 13:00:00,15.6,71,1011.0,17.4,314,0.1
2026-09-06 14:00:00,16.5,58,1009.8,21.4,299,0.0
2026-09-06 15:00:00,16.4,63,1009.2,23.6,301,0.0
2026-09-06 16:00:00,15.6,74,1009.0,22.6,300,0.2
2026-09-06 17:00:00,14.2,88,1008.4,19.4,320,2.4
2026-09-06 18:00:00,13.8,87,1007.5,15.8,333,0.4
2026-09-06 19:00:00,13.4,89,1007.2,12.5,344,1.0
2026-09-06 20:00:00,13.5,89,1006.4,18.3,345,0.1
2026-09-06 21:00:00,14.0,91,1005.6,21.3,342,0.0
2026-09-06 22:00:00,14.5,92,1005.3,20.7,341,0.0
2026-09-06 23:00:00,14.8,92,1004.8,20.1,340,0.0
2026-09-07 00:00:00,14.5,91,1003.7,19.8,350,0.1
2026-09-07 01:00:00,14.4,90,1003.2,20.7,349,0.0
2026-09-07 02:00:00,14.2,92,1002.2,19.9,346,0.6
2026-09-07 03:00:00,14.2,93,1000.8,19.6,346,0.5
2026-09-07 04:00:00,14.4,94,999.8,20.5,347,0.3
2026-09-07 05:00:00,14.3,94,999.4,19.8,358,0.7
2026-09-07 06:00:00,14.2,91,999.0,20.8,351,0.7
2026-09-07 07:00:00,14.2,95,998.5,19.7,339,0.3
2026-09-07 08:00:00,14.1,96,998.9,15.9,314,1.0
2026-09-07 09:00:00,13.9,94,999.1,10.5,292,0.9
2026-09-07 10:00:00,14.0,93,999.2,8.1,295,0.3
2026-09-07 11:00:00,14.6,85,998.8,5.6,320,0.1
2026-09-07 12:00:00,15.6,82,998.2,15.2,346,0.6
2026-09-07 13:00:00,13.3,89,997.8,16.1,349,1.2
2026-09-07 14:00:00,14.2,89,996.7,17.4,353,2.0
2026-09-07 15:00:00,14.6,87,996.0,10.5,5,0.2
2026-09-07 16:00:00,13.5,87,996.2,12.8,359,3.1
2026-09-07 17:00:00,13.0,92,996.2,5.8,90,1.0
2026-09-07 18:00:00,12.7,93,996.2,6.0,83,0.3
2026-09-07 19:00:00,12.2,95,997.0,9.6,139,2.4
2026-09-07 20:00:00,11.4,90,997.2,22.5,134,0.8
2026-09-07 21:00:00,10.4,87,998.2,24.6,124,0.1
2026-09-07 22:00:00,10.2,84,999.1,21.1,128,0.0
2026-09-07 23:00:00,10.1,81,999.7,18.2,141,0.0
2026-09-08 00:00:00,10.4,81,999.9,13.4,147,0.0
2026-09-08 01:00:00,10.2,79,1000.6,14.3,166,0.0
2026-09-08 02:00:00,10.1,75,1001.2,16.3,160,0.0
2026-09-08 03:00:00,10.0,74,1001.1,16.3,161,0.0
2026-09-08 04:00:00,9.7,73,1001.7,15.8,163,0.0
2026-09-08 05:00:00,9.5,74,1002.1,13.4,156,0.0
2026-09-08 06:00:00,8.8,77,1002.7,11.3,162,0.0
2026-09-08 07:00:00,8.1,81,1003.4,8.1,179,0.0
2026-09-08 08:00:00,9.3,84,1004.1,7.2,177,0.0
2026-09-08 09:00:00,10.9,74,1004.7,6.5,167,0.0
2026-09-08 10:00:00,12.0,71,1005.1,3.0,194,0.0
2026-09-08 11:00:00,13.4,69,1005.1,3.4,286,0.0
2026-09-08 12:00:00,14.7,64,1004.7,1.2,219,0.0
2026-09-08 13:00:00,15.7,64,1004.1,3.9,133,0.0
2026-09-08 14:00:00,15.7,68,1003.6,9.4,125,0.0
2026-09-08 15:00:00,15.6,67,1003.8,10.7,125,0.0
2026-09-08 16:00:00,15.6,68,1003.8,6.9,141,0.0
2026-09-08 17:00:00,15.2,72,1004.2,3.2,227,0.0
2026-09-08 18:00:00,12.7,77,1004.4,0.7,166,0.0
2026-09-08 19:00:00,11.8,80,1005.3,11.0,273,0.0
2026-09-08 20:00:00,10.4,81,1005.7,10.4,260,0.0
2026-09-08 21:00:00,9.5,85,1006.2,6.6,259,0.0
2026-09-08 22:00:00,8.6,88,1006.3,1.2,243,0.0
2026-09-08 23:00:00,8.2,89,1006.4,0.6,146,0.0
2026-09-09 00:00:00,7.1,94,1006.9,3.9,68,0.0
2026-09-09 01:00:00,6.4,96,1007.1,1.5,30,0.0
2026-09-09 02:00:00,5.8,98,1007.4,4.0,111,0.0
2026-09-09 03:00:00,5.5,97,1006.9,1.8,96,0.0
2026-09-09 04:00:00,5.4,97,1007.1,1.3,172,0.0
2026-09-09 05:00:00,5.4,97,1007.6,3.5,165,0.0
2026-09-09 06:00:00,5.4,95,1007.9,7.7,155,0.0
2026-09-09 07:00:00,5.1,98,1008.3,8.5,162,0.0
2026-09-09 08:00:00,7.5,93,1008.6,6.8,177,0.0
2026-09-09 09:00:00,10.4,87,1008.6,5.6,176,0.0
2026-09-09 10:00:00,12.6,79,1008.4,4.7,137,0.0
2026-09-09 11:00:00,14.4,70,1008.2,3.8,101,0.1
2026-09-09 12:00:00,15.4,62,1008.0,4.5,95,0.1
2026-09-09 13:00:00,16.2,60,1007.3,4.7,86,0.0
2026-09-09 14:00:00,16.8,55,1006.4,3.7,79,0.0
2026-09-09 15:00:00,16.7,54,1005.9,2.4,73,0.0
2026-09-09 16:00:00,16.4,55,1005.9,1.5,54,0.0
2026-09-09 17:00:00,15.7,67,1006.1,2.7,62,0.0
2026-09-09 18:00:00,13.7,73,1006.1,3.0,104,0.0
2026-09-09 19:00:00,12.3,79,1006.9,1.6,63,0.0
2026-09-09 20:00:00,11.4,84,1006.9,1.9,17,0.0
2026-09-09 21:00:00,10.9,87,1006.9,0.8,315,0.0
2026-09-09 22:00:00,9.8,90,1007.0,0.7,180,0.0
2026-09-09 23:00:00,9.4,93,1006.8,1.0,121,0.0
2026-09-10 00:00:00,8.4,94,1006.9,0.2,90,0.0
2026-09-10 01:00:00,7.3,98,1006.8,2.1,340,0.0
2026-09-10 02:00:00,6.7,99,1006.5,3.3,351,0.0
2026-09-10 03:00:00,6.1,97,1006.2,5.2,314,0.0
2026-09-10 04:00:00,6.0,97,1006.0,4.0,333,0.0
2026-09-10 05:00:00,6.3,97,1005.9,3.3,351,0.0
2026-09-10 06:00:00,7.3,91,1005.8,3.8,315,0.0
2026-09-10 07:00:00,8.1,91,1005.9,3.5,325,0.0
2026-09-10 08:00:00,10.4,90,1005.9,4.3,358,0.0
2026-09-10 09:00:00,12.8,84,1006.1,5.9,317,0.0
2026-09-10 10:00:00,14.2,71,1005.7,17.5,282,0.1
2026-09-10 11:00:00,14.2,71,1005.4,20.3,284,0.1
2026-09-10 12:00:00,14.2,74,1005.0,20.3,282,0.3
2026-09-10 13:00:00,14.6,71,1004.1,16.5,283,0.0
2026-09-10 14:00:00,14.2,70,1003.5,16.2,285,0.0
2026-09-10 15:00:00,13.8,71,1003.2,15.2,284,0.0
2026-09-10 16:00:00,13.9,71,1002.8,12.2,283,0.0
2026-09-10 17:00:00,13.5,75,1002.6,8.7,287,0.0
2026-09-10 18:00:00,11.8,84,1002.4,4.5,320,0.0
2026-09-10 19:00:00,11.3,86,1002.5,7.3,353,0.1
2026-09-10 20:00:00,10.7,92,1002.6,5.8,5,0.7
2026-09-10 21:00:00,10.7,93,1002.5,7.2,37,1.1
2026-09-10 22:00:00,10.7,93,1002.4,9.2,45,0.6
2026-09-10 23:00:00,10.5,96,1002.3,10.7,41,0.4
2026-09-11 00:00:00,10.5,95,1001.8,12.3,46,0.6
2026-09-11 01:00:00,10.5,95,1002.0,10.6,60,2.3
2026-09-11 02:00:00,10.5,95,1002.1,7.8,64,1.1
2026-09-11 03:00:00,10.6,95,1001.7,4.3,73,0.9
2026-09-11 04:00:00,10.7,95,1001.8,6.7,117,0.5
2026-09-11 05:00:00,10.5,95,1002.5,4.6,126,0.4
2026-09-11 06:00:00,10.3,95,1002.8,5.7,171,0.1
2026-09-11 07:00:00,10.4,95,1004.0,13.6,191,0.1
2026-09-11 08:00:00,10.4,90,1004.8,16.2,176,0.0
2026-09-11 09:00:00,11.1,86,1005.1,13.9,176,0.0
2026-09-11 10:00:00,12.6,79,1005.6,14.8,185,0.0
2026-09-11 11:00:00,13.6,73,1005.8,12.2,199,0.0
2026-09-11 12:00:00,14.3,71,1005.4,10.3,207,0.0
2026-09-11 13:00:00,15.4,66,1004.9,16.5,234,0.0
2026-09-11 14:00:00,14.0,62,1004.7,22.5,244,0.0
2026-09-11 15:00:00,13.8,57,1004.6,24.9,237,0.0
2026-09-11 16:00:00,13.6,58,1004.3,23.8,238,0.0
2026-09-11 17:00:00,12.8,66,1004.8,20.7,237,0.0
2026-09-11 18:00:00,12.0,68,1004.5,16.3,242,0.0
2026-09-11 19:00:00,12.4,69,1004.4,16.7,251,0.0
2026-09-11 20:00:00,12.3,73,1004.3,16.8,265,0.0
2026-09-11 21:00:00,12.1,81,1003.9,17.0,263,0.0
2026-09-11 22:00:00,12.1,84,1004.1,18.7,259,0.0
2026-09-11 23:00:00,11.9,85,1004.2,19.4,252,0.0
2026-09-12 00:00:00,11.6,81,1004.1,18.4,247,0.0
2026-09-12 01:00:00,12.0,78,1004.1,18.3,250,0.0
2026-09-12 02:00:00,12.3,76,1004.0,21.5,244,0.0
2026-09-12 03:00:00,12.0,79,1003.6,24.6,241,0.0
2026-09-12 04:00:00,11.8,79,1004.0,24.9,239,0.0
2026-09-12 05:00:00,11.7,79,1004.8,24.3,238,0.0
2026-09-12 06:00:00,11.3,81,1005.7,21.7,233,0.0
2026-09-12 07:00:00,11.4,80,1006.6,20.0,232,0.0
2026-09-12 08:00:00,12.5,78,1007.7,18.5,226,0.0
2026-09-12 09:00:00,13.8,73,1008.1,21.0,222,0.1
2026-09-12 10:00:00,14.4,68,1008.8,22.4,227,0.0
2026-09-12 11:00:00,15.0,60,1009.2,24.7,223,0.0
2026-09-12 12:00:00,15.5,53,1009.2,23.7,227,0.0
2026-09-12 13:00:00,15.8,54,1009.2,22.6,233,0.0
2026-09-12 14:00:00,15.8,56,1009.0,19.3,245,0.0
2026-09-12 15:00:00,15.9,58,1009.0,18.2,250,0.0
2026-09-12 16:00:00,15.0,62,1009.4,22.0,255,0.0
2026-09-12 17:00:00,13.5,71,1010.1,21.9,253,0.0
2026-09-12 18:00:00,11.9,74,1010.6,16.6,251,0.0
2026-09-12 19:00:00,11.1,75,1011.3,17.9,251,0.0
2026-09-12 20:00:00,10.7,74,1012.1,16.3,242,0.0
2026-09-12 21:00:00,10.4,74,1012.6,12.0,242,0.0
2026-09-12 22:00:00,10.5,73,1013.0,11.5,247,0.0
2026-09-12 23:00:00,11.1,72,1013.5,12.6,251,0.0
2026-09-13 00:00:00,10.9,73,1013.3,12.3,256,0.0
2026-09-13 01:00:00,11.2,73,1013.3,14.3,253,0.0
2026-09-13 02:00:00,11.1,76,1013.1,16.1,252,0.0
2026-09-13 03:00:00,11.1,76,1012.6,16.7,253,0.0
2026-09-13 04:00:00,11.1,77,1012.5,17.9,252,0.0
2026-09-13 05:00:00,11.2,79,1012.9,18.5,246,0.0
2026-09-13 06:00:00,11.2,78,1013.2,17.4,249,0.0
2026-09-13 07:00:00,11.5,77,1013.5,18.8,244,0.0
2026-09-13 08:00:00,12.6,75,1014.3,21.2,238,0.0
2026-09-13 09:00:00,13.7,70,1014.7,22.9,238,0.0
2026-09-13 10:00:00,14.6,64,1015.3,27.2,231,0.0
2026-09-13 11:00:00,15.2,60,1015.4,28.8,231,0.0
2026-09-13 12:00:00,15.4,63,1015.2,26.4,229,0.0
2026-09-13 13:00:00,15.6,63,1015.1,23.6,232,0.0
2026-09-13 14:00:00,15.6,64,1014.8,21.6,234,0.0
2026-09-13 15:00:00,15.5,63,1014.9,20.3,238,0.0
2026-09-13 16:00:00,14.9,67,1015.2,18.2,244,0.0
2026-09-13 17:00:00,14.2,73,1015.6,15.8,249,0.0
2026-09-13 18:00:00,12.6,78,1015.7,13.3,254,0.0
2026-09-13 19:00:00,11.7,82,1016.5,13.2,253,0.0
2026-09-13 20:00:00,11.0,86,1017.0,11.7,253,0.0
2026-09-13 21:00:00,10.6,89,1017.2,9.3,257,0.0
2026-09-13 22:00:00,9.7,91,1018.0,4.2,260,0.0
2026-09-13 23:00:00,9.4,92,1018.4,1.3,236,0.0
2026-09-14 00:00:00,8.2,95,1018.6,1.5,104,0.0
2026-09-14 01:00:00,7.8,94,1018.9,0.6,108,0.0
2026-09-14 02:00:00,7.4,97,1019.2,0.4,153,0.0
2026-09-14 03:00:00,7.1,99,1019.0,0.4,27,0.0
2026-09-14 04:00:00,6.8,100,1019.3,0.9,101,0.0
2026-09-14 05:00:00,6.9,99,1019.8,4.2,102,0.0
2026-09-14 06:00:00,6.1,100,1020.0,4.9,92,0.0
2026-09-14 07:00:00,6.8,100,1020.5,2.7,90,0.0
2026-09-14 08:00:00,8.0,99,1021.1,2.8,63,0.0
2026-09-14 09:00:00,9.1,99,1021.3,3.7,35,0.0
2026-09-14 10:00:00,11.5,90,1021.7,4.7,32,0.0
2026-09-14 11:00:00,14.1,80,1021.5,3.5,246,0.0
2026-09-14 12:00:00,15.8,72,1020.8,10.7,226,0.1
2026-09-14 13:00:00,16.3,65,1020.4,16.2,231,0.1
2026-09-14 14:00:00,16.6,63,1020.2,17.6,235,0.0
2026-09-14 15:00:00,16.2,66,1020.1,18.6,238,0.0
2026-09-14 16:00:00,15.4,71,1020.3,18.2,235,0.0
2026-09-14 17:00:00,14.6,74,1020.3,15.9,244,0.0
2026-09-14 18:00:00,13.0,79,1020.3,15.5,250,0.0
2026-09-14 19:00:00,12.0,84,1020.9,12.9,245,0.0
2026-09-14 20:00:00,11.1,89,1021.3,9.4,240,0.0
2026-09-14 21:00:00,10.0,90,1021.5,5.4,230,0.0
2026-09-14 22:00:00,9.4,91,1021.9,1.7,252,0.0
2026-09-14 23:00:00,9.0,92,1022.0,0.8,315,0.0
2026-09-15 00:00:00,8.1,93,1021.8,0.3,45,0.0
2026-09-15 01:00:00,7.6,96,1022.0,0.0,270,0.0
2026-09-15 02:00:00,6.9,100,1021.8,0.5,135,0.0
2026-09-15 03:00:00,6.3,100,1021.4,1.5,104,0.0
2026-09-15 04:00:00,5.7,100,1021.3,3.1,97,0.0
2026-09-15 05:00:00,5.3,100,1021.4,1.9,107,0.0
2026-09-15 06:00:00,4.4,100,1021.8,3.9,143,0.0
2026-09-15 07:00:00,5.2,100,1022.1,5.7,152,0.0
2026-09-15 08:00:00,6.4,98,1022.4,6.2,159,0.0
2026-09-15 09:00:00,7.6,94,1022.4,5.4,159,0.0
2026-09-15 10:00:00,10.1,87,1022.3,4.6,167,0.0
2026-09-15 11:00:00,11.9,84,1022.1,3.9,158,0.0
2026-09-15 12:00:00,13.3,76,1021.3,1.8,186,0.0
2026-09-15 13:00:00,14.3,71,1020.5,1.4,50,0.0
2026-09-15 14:00:00,15.1,69,1019.4,2.8,333,0.0
2026-09-15 15:00:00,15.4,69,1018.9,6.6,279,0.1
2026-09-15 16:00:00,15.1,67,1018.6,10.1,267,0.0
2026-09-15 17:00:00,14.5,69,1018.3,11.0,268,0.0
2026-09-15 18:00:00,12.8,76,1018.4,11.7,268,0.0
2026-09-15 19:00:00,11.4,82,1018.5,13.5,258,0.0
2026-09-15 20:00:00,10.5,87,1018.4,9.8,252,0.0
2026-09-15 21:00:00,9.5,89,1018.2,5.4,249,0.0
2026-09-15 22:00:00,8.7,91,1018.3,1.7,238,0.0
2026-09-15 23:00:00,8.0,93,1017.9,0.6,214,0.0
2026-09-16 00:00:00,7.0,98,1017.4,0.4,90,0.0
2026-09-16 01:00:00,6.6,100,1017.2,0.2,90,0.0
2026-09-16 02:00:00,6.5,100,1016.9,0.4,90,0.0
2026-09-16 03:00:00,6.7,98,1016.4,0.8,153,0.0
2026-09-16 04:00:00,6.9,96,1015.9,1.5,144,0.0
2026-09-16 05:00:00,6.8,94,1015.7,1.5,126,0.0
2026-09-16 06:00:00,7.2,95,1015.6,2.8,101,0.0
2026-09-16 07:00:00,7.8,95,1015.3,1.6,63,0.0
2026-09-16 08:00:00,9.8,91,1015.2,2.8,15,0.0
2026-09-16 09:00:00,11.9,84,1014.8,2.9,338,0.0
2026-09-16 10:00:00,13.7,73,1014.4,10.0,261,0.1
2026-09-16 11:00:00,14.4,67,1013.9,14.6,254,0.0
2026-09-16 12:00:00,14.1,67,1013.3,13.6,259,0.0
2026-09-16 13:00:00,14.4,66,1012.7,14.1,266,0.0
2026-09-16 14:00:00,14.2,66,1012.0,14.1,272,0.0
2026-09-16 15:00:00,13.9,66,1011.6,14.8,274,0.0
2026-09-16 16:00:00,13.4,65,1011.3,15.3,271,0.0
2026-09-16 17:00:00,12.9,70,1011.3,13.4,274,0.0
2026-09-16 18:00:00,12.1,75,1011.4,9.7,295,0.0
2026-09-16 19:00:00,11.0,79,1011.1,7.0,310,0.0
2026-09-16 20:00:00,10.6,81,1010.9,5.6,318,0.0
2026-09-16 21:00:00,10.2,84,1010.7,5.4,339,0.0
2026-09-16 22:00:00,10.2,85,1010.5,6.6,11,0.0
2026-09-16 23:00:00,10.1,85,1010.2,8.1,17,0.0
2026-09-17 00:00:00,10.4,80,1009.7,7.7,24,0.0
2026-09-17 01:00:00,10.0,82,1009.3,8.9,21,0.0
2026-09-17 02:00:00,10.0,83,1008.7,9.4,31,0.0
2026-09-17 03:00:00,10.2,82,1007.9,8.9,38,0.0
2026-09-17 04:00:00,10.1,83,1007.4,9.0,52,0.0
2026-09-17 05:00:00,9.8,85,1007.2,7.4,58,0.0
2026-09-17 06:00:00,8.3,90,1006.8,9.4,52,0.0
2026-09-17 07:00:00,9.1,88,1006.8,10.1,43,0.0
2026-09-17 08:00:00,11.0,88,1006.8,9.6,40,0.0
2026-09-17 09:00:00,13.0,81,1006.6,10.2,26,0.0
2026-09-17 10:00:00,14.8,69,1006.5,14.9,359,0.0
2026-09-17 11:00:00,15.6,67,1005.8,18.0,349,0.0
2026-09-17 12:00:00,16.6,61,1004.8,15.9,345,0.0
2026-09-17 13:00:00,16.9,58,1004.0,17.8,346,0.0
2026-09-17 14:00:00,17.0,57,1003.3,16.2,343,0.0
2026-09-17 15:00:00,17.1,58,1002.9,13.2,356,0.0
2026-09-17 16:00:00,16.9,64,1002.6,11.4,11,0.0
2026-09-17 17:00:00,16.1,73,1002.5,10.9,17,0.1
2026-09-17 18:00:00,14.1,82,1002.6,11.8,27,0.1
2026-09-17 19:00:00,13.0,86,1002.5,8.5,32,0.0
2026-09-17 20:00:00,12.3,87,1002.7,10.1,59,0.0
2026-09-17 21:00:00,12.3,88,1002.8,11.9,68,0.0
2026-09-17 22:00:00,12.1,90,1003.1,11.1,61,0.0
2026-09-17 23:00:00,11.6,89,1003.2,5.1,67,0.5
2026-09-18 00:00:00,11.3,95,1002.7,8.6,80,0.1
2026-09-18 01:00:00,11.5,94,1002.6,7.9,86,0.0
2026-09-18 02:00:00,11.7,94,1001.9,6.8,101,0.2
2026-09-18 03:00:00,11.8,94,1001.5,8.4,105,0.2
2026-09-18 04:00:00,11.9,94,1000.9,11.2,114,0.2
2026-09-18 05:00:00,12.0,94,1000.7,11.0,116,0.5
2026-09-18 06:00:00,11.9,93,1000.9,11.4,129,0.7
2026-09-18 07:00:00,11.8,94,1000.8,12.6,132,2.8
2026-09-18 08:00:00,11.9,94,1000.4,14.2,159,4.3
2026-09-18 09:00:00,13.1,91,1000.5,12.6,139,2.3
2026-09-18 10:00:00,15.8,85,1000.1,11.8,101,0.2
2026-09-18 11:00:00,17.2,78,999.9,9.2,70,0.1
2026-09-18 12:00:00,17.9,69,999.5,12.2,64,0.1
2026-09-18 13:00:00,18.1,69,999.2,13.5,53,0.0
2026-09-18 14:00:00,17.9,70,998.6,8.4,50,0.1
2026-09-18 15:00:00,17.7,70,998.4,6.2,64,0.1
2026-09-18 16:00:00,17.2,71,998.3,2.9,60,0.2
2026-09-18 17:00:00,13.9,91,999.1,12.7,330,6.3
2026-09-18 18:00:00,14.1,90,999.6,0.5,45,1.3
2026-09-18 19:00:00,12.4,94,1000.2,5.4,266,0.1
2026-09-18 20:00:00,11.8,95,1000.8,4.6,252,0.0
2026-09-18 21:00:00,11.0,96,1001.1,5.6,241,0.0
2026-09-18 22:00:00,10.4,96,1001.3,5.5,261,0.0
2026-09-18 23:00:00,10.3,95,1001.5,8.1,267,0.0
2026-09-19 00:00:00,9.8,95,1002.0,10.8,259,0.0
2026-09-19 01:00:00,10.1,93,1002.2,9.1,253,0.0
2026-09-19 02:00:00,9.9,93,1002.2,8.2,248,0.0
2026-09-19 03:00:00,9.4,94,1001.6,5.2,245,0.0
2026-09-19 04:00:00,8.6,95,1001.5,4.8,257,0.0
2026-09-19 05:00:00,8.4,96,1001.6,3.4,238,0.0
2026-09-19 06:00:00,7.1,98,1001.9,2.2,132,0.0
2026-09-19 07:00:00,7.9,97,1002.4,3.6,135,0.0
2026-09-19 08:00:00,9.5,95,1002.7,4.0,162,0.0
2026-09-19 09:00:00,12.0,91,1002.6,6.0,205,0.0
2026-09-19 10:00:00,14.7,78,1002.5,17.9,234,0.0
2026-09-19 11:00:00,15.4,69,1002.2,26.3,241,0.0
2026-09-19 12:00:00,15.4,69,1001.6,29.0,240,0.0
2026-09-19 13:00:00,15.1,69,1001.3,29.1,241,0.0
2026-09-19 14:00:00,14.8,71,1001.0,27.2,246,0.0
2026-09-19 15:00:00,14.3,77,1000.8,26.6,248,0.0
2026-09-19 16:00:00,13.9,81,1000.5,19.8,260,0.0
2026-09-19 17:00:00,13.7,83,1000.0,21.8,267,0.0
2026-09-19 18:00:00,13.5,82,999.8,20.9,268,0.1
2026-09-19 19:00:00,13.2,85,999.5,25.4,271,0.0
2026-09-19 20:00:00,12.8,86,999.3,25.9,272,0.0
2026-09-19 21:00:00,12.7,86,998.8,22.0,278,0.0
2026-09-19 22:00:00,12.8,87,998.2,21.7,283,0.0
2026-09-19 23:00:00,13.0,87,997.9,20.9,277,0.0
