datetime,pm25,source
2025-09-30 00:00:00,0.589,openaq_ground
2025-09-30 01:00:00,0.4695,openaq_ground
2025-09-30 02:00:00,0.6225999999999999,openaq_ground
2025-09-30 03:00:00,0.5391,openaq_ground
2025-09-30 04:00:00,0.64835,openaq_ground
2025-09-30 05:00:00,0.9406,openaq_ground
2025-09-30 06:00:00,0.59985,openaq_ground
2025-09-30 07:00:00,1.1945000000000001,openaq_ground
2025-09-30 08:00:00,1.6828999999999998,openaq_ground
2025-09-30 09:00:00,3.2918,openaq_ground
2025-09-30 10:00:00,2.4055,openaq_ground
2025-09-30 11:00:00,2.54,openaq_ground
2025-09-30 12:00:00,2.184,openaq_ground
2025-09-30 13:00:00,1.3635000000000002,openaq_ground
2025-09-30 15:00:00,0.9690000000000001,openaq_ground
2025-09-30 16:00:00,1.2870000000000001,openaq_ground
2025-09-30 17:00:00,1.185,openaq_ground
2025-09-30 18:00:00,1.4255,openaq_ground
2025-09-30 19:00:00,1.6840000000000002,openaq_ground
2025-09-30 20:00:00,2.4355,openaq_ground
2025-09-30 21:00:00,1.138,openaq_ground
2025-09-30 22:00:00,0.74675,openaq_ground
2025-09-30 23:00:00,0.59,openaq_ground
2025-10-01 00:00:00,0.91295,openaq_ground
2025-10-01 01:00:00,1.171,openaq_ground
2025-10-01 02:00:00,1.605,openaq_ground
2025-10-01 03:00:00,2.95,openaq_ground
2025-10-01 04:00:00,4.0649999999999995,openaq_ground
2025-10-01 05:00:00,1.6824999999999999,openaq_ground
2025-10-01 06:00:00,1.32925,openaq_ground
2025-10-01 07:00:00,1.342,openaq_ground
2025-10-01 08:00:00,1.425,openaq_ground
2025-10-01 09:00:00,1.6535,openaq_ground
2025-10-01 10:00:00,1.6415,openaq_ground
2025-10-01 11:00:00,1.203,openaq_ground
2025-10-01 12:00:00,1.2315,openaq_ground
2025-10-01 13:00:00,1.2409999999999999,openaq_ground
2025-10-01 14:00:00,1.1215,openaq_ground
2025-10-01 15:00:00,1.342,openaq_ground
2025-10-01 16:00:00,1.264,openaq_ground
2025-10-01 17:00:00,1.1035,openaq_ground
2025-10-01 18:00:00,1.472,openaq_ground
2025-10-01 19:00:00,1.4025,openaq_ground
2025-10-01 20:00:00,1.754,openaq_ground
2025-10-01 21:00:00,1.7525,openaq_ground
2025-10-01 22:00:00,3.2785,openaq_ground
2025-10-01 23:00:00,3.505,openaq_ground
2025-10-02 00:00:00,3.95,openaq_ground
2025-10-02 01:00:00,2.5300000000000002,openaq_ground
2025-10-02 02:00:00,1.6045,openaq_ground
2025-10-02 03:00:00,1.10854,openaq_ground
2025-10-02 04:00:00,1.1751,openaq_ground
2025-10-02 05:00:00,2.16115,openaq_ground
2025-10-02 06:00:00,2.5715,openaq_ground
2025-10-02 07:00:00,4.025,openaq_ground
2025-10-02 08:00:00,2.9945,openaq_ground
2025-10-02 09:00:00,2.5210000000000004,openaq_ground
2025-10-02 10:00:00,2.7359999999999998,openaq_ground
2025-10-02 11:00:00,2.6675,openaq_ground
2025-10-02 12:00:00,2.8165,openaq_ground
2025-10-02 13:00:00,3.1425,openaq_ground
2025-10-02 14:00:00,2.8215,openaq_ground
2025-10-02 15:00:00,1.254,openaq_ground
2025-10-02 16:00:00,1.6935,openaq_ground
2025-10-02 17:00:00,2.6789,openaq_ground
2025-10-02 18:00:00,2.2735,openaq_ground
2025-10-02 19:00:00,1.4475,openaq_ground
2025-10-02 20:00:00,1.15935,openaq_ground
2025-10-02 21:00:00,1.0945,openaq_ground
2025-10-02 22:00:00,1.143,openaq_ground
2025-10-02 23:00:00,1.4535,openaq_ground
2025-10-03 00:00:00,2.8565,openaq_ground
2025-10-03 01:00:00,2.9450499999999997,openaq_ground
2025-10-03 02:00:00,1.914,openaq_ground
2025-10-03 03:00:00,1.9405000000000001,openaq_ground
2025-10-03 04:00:00,0.6225,openaq_ground
2025-10-03 05:00:00,3.318,openaq_ground
2025-10-03 06:00:00,1.9825,openaq_ground
2025-10-03 07:00:00,2.876,openaq_ground
2025-10-03 08:00:00,2.4659999999999997,openaq_ground
2025-10-03 09:00:00,2.7394999999999996,openaq_ground
2025-10-03 10:00:00,2.187,openaq_ground
2025-10-03 11:00:00,2.392,openaq_ground
2025-10-03 12:00:00,2.009,openaq_ground
2025-10-03 13:00:00,1.9505,openaq_ground
2025-10-03 14:00:00,2.303,openaq_ground
2025-10-03 15:00:00,3.725,openaq_ground
2025-10-03 16:00:00,4.398,openaq_ground
2025-10-03 17:00:00,4.869999999999999,openaq_ground
2025-10-03 18:00:00,4.285,openaq_ground
2025-10-03 19:00:00,3.08,openaq_ground
2025-10-03 20:00:00,3.3449999999999998,openaq_ground
2025-10-03 21:00:00,2.549,openaq_ground
2025-10-03 22:00:00,1.042,openaq_ground
2025-10-03 23:00:00,0.6819999999999999,openaq_ground
2025-10-04 00:00:00,0.56715,openaq_ground
2025-10-04 01:00:00,0.502,openaq_ground
2025-10-04 02:00:00,0.29655,openaq_ground
2025-10-04 03:00:00,0.17485,openaq_ground
2025-10-04 04:00:00,0.2145,openaq_ground
2025-10-04 05:00:00,0.40875,openaq_ground
2025-10-04 07:00:00,0.39640000000000003,openaq_ground
2025-10-04 08:00:00,0.8856999999999999,openaq_ground
2025-10-04 09:00:00,0.8426999999999999,openaq_ground
2025-10-04 10:00:00,0.6532,openaq_ground
2025-10-04 11:00:00,0.3185,openaq_ground
2025-10-04 12:00:00,0.19175,openaq_ground
2025-10-04 13:00:00,0.14375000000000002,openaq_ground
2025-10-04 14:00:00,0.1295,openaq_ground
2025-10-04 15:00:00,0.42079999999999995,openaq_ground
2025-10-04 16:00:00,0.513,openaq_ground
2025-10-04 17:00:00,0.30989999999999995,openaq_ground
2025-10-04 18:00:00,0.15209999999999999,openaq_ground
2025-10-04 19:00:00,0.46925,openaq_ground
2025-10-04 20:00:00,0.364915,openaq_ground
2025-10-04 21:00:00,0.93,openaq_ground
2025-10-04 22:00:00,0.79855,openaq_ground
2025-10-04 23:00:00,0.58145,openaq_ground
2025-10-05 00:00:00,0.3815,openaq_ground
2025-10-05 01:00:00,0.336415,openaq_ground
2025-10-05 02:00:00,0.64475,openaq_ground
2025-10-05 03:00:00,0.7269,openaq_ground
2025-10-05 04:00:00,1.28355,openaq_ground
2025-10-05 05:00:00,1.0525,openaq_ground
2025-10-05 06:00:00,1.38425,openaq_ground
2025-10-05 07:00:00,1.27995,openaq_ground
2025-10-05 08:00:00,1.31475,openaq_ground
2025-10-05 09:00:00,1.2648,openaq_ground
2025-10-05 10:00:00,0.88735,openaq_ground
2025-10-05 11:00:00,0.72785,openaq_ground
2025-10-05 12:00:00,1.06485,openaq_ground
2025-10-05 13:00:00,1.3272499999999998,openaq_ground
2025-10-05 14:00:00,1.5095,openaq_ground
2025-10-05 15:00:00,0.6909000000000001,openaq_ground
2025-10-05 16:00:00,0.61095,openaq_ground
2025-10-05 17:00:00,0.8186500000000001,openaq_ground
2025-10-05 18:00:00,0.6990000000000001,openaq_ground
2025-10-05 19:00:00,0.4485,openaq_ground
2025-10-05 20:00:00,0.75335,openaq_ground
2025-10-05 21:00:00,0.49365000000000003,openaq_ground
2025-10-05 22:00:00,0.8254,openaq_ground
2025-10-05 23:00:00,1.39385,openaq_ground
2025-10-06 00:00:00,1.8265,openaq_ground
2025-10-06 01:00:00,1.3795000000000002,openaq_ground
2025-10-06 02:00:00,0.99405,openaq_ground
2025-10-06 03:00:00,1.14985,openaq_ground
2025-10-06 04:00:00,1.3666,openaq_ground
2025-10-06 05:00:00,1.6108,openaq_ground
2025-10-06 06:00:00,1.8465,openaq_ground
2025-10-06 07:00:00,1.9745,openaq_ground
2025-10-06 08:00:00,1.742,openaq_ground
2025-10-06 09:00:00,1.3895,openaq_ground
2025-10-06 10:00:00,1.7496,openaq_ground
2025-10-06 11:00:00,1.5326,openaq_ground
2025-10-06 12:00:00,1.72795,openaq_ground
2025-10-06 13:00:00,1.9721499999999998,openaq_ground
2025-10-06 14:00:00,2.3285,openaq_ground
2025-10-06 15:00:00,2.4090000000000003,openaq_ground
2025-10-06 16:00:00,3.145,openaq_ground
2025-10-06 17:00:00,3.2245000000000004,openaq_ground
2025-10-06 18:00:00,3.5775,openaq_ground
2025-10-06 19:00:00,1.276,openaq_ground
2025-10-06 20:00:00,0.7000000000000001,openaq_ground
2025-10-06 21:00:00,1.7645,openaq_ground
2025-10-06 22:00:00,1.6569999999999998,openaq_ground
2025-10-06 23:00:00,2.35665,openaq_ground
2025-10-07 00:00:00,1.9275,openaq_ground
2025-10-07 01:00:00,1.52,openaq_ground
2025-10-07 02:00:00,1.473,openaq_ground
2025-10-07 03:00:00,1.397,openaq_ground
2025-10-07 04:00:00,1.6270000000000002,openaq_ground
2025-10-07 05:00:00,2.123,openaq_ground
2025-10-07 06:00:00,2.032,openaq_ground
2025-10-07 07:00:00,1.3245,openaq_ground
2025-10-07 08:00:00,2.3065,openaq_ground
2025-10-07 09:00:00,2.6805000000000003,openaq_ground
2025-10-07 10:00:00,1.4205,openaq_ground
2025-10-07 11:00:00,1.73495,openaq_ground
2025-10-07 12:00:00,1.3071499999999998,openaq_ground
2025-10-07 13:00:00,1.3085,openaq_ground
2025-10-07 14:00:00,0.9701000000000001,openaq_ground
2025-10-07 15:00:00,1.00195,openaq_ground
2025-10-07 16:00:00,0.9892,openaq_ground
2025-10-07 17:00:00,0.89215,openaq_ground
2025-10-07 18:00:00,1.26645,openaq_ground
2025-10-07 19:00:00,1.1856,openaq_ground
2025-10-07 20:00:00,0.80205,openaq_ground
2025-10-07 21:00:00,0.4537,openaq_ground
2025-10-07 22:00:00,0.81055,openaq_ground
2025-10-07 23:00:00,0.809165,openaq_ground
2025-10-08 00:00:00,1.395,openaq_ground
2025-10-08 01:00:00,1.191,openaq_ground
2025-10-08 02:00:00,0.79,openaq_ground
2025-10-08 03:00:00,0.50475,openaq_ground
2025-10-08 04:00:00,0.53555,openaq_ground
2025-10-08 05:00:00,0.7455,openaq_ground
2025-10-08 06:00:00,10.65452,openaq_ground
2025-10-08 07:00:00,5.5,openaq_ground
2025-10-08 08:00:00,0.88595,openaq_ground
2025-10-08 09:00:00,2.1,openaq_ground
2025-10-08 10:00:00,1.71995,openaq_ground
2025-10-08 11:00:00,1.1933500000000001,openaq_ground
2025-10-08 12:00:00,0.94555,openaq_ground
2025-10-08 13:00:00,1.099165,openaq_ground
2025-10-08 14:00:00,1.3160999999999998,openaq_ground
2025-10-08 15:00:00,1.2505,openaq_ground
2025-10-08 16:00:00,1.256,openaq_ground
2025-10-08 17:00:00,1.675,openaq_ground
2025-10-08 18:00:00,1.4205,openaq_ground
2025-10-08 19:00:00,1.3259999999999998,openaq_ground
2025-10-08 20:00:00,1.0052,openaq_ground
2025-10-08 21:00:00,1.2930000000000001,openaq_ground
2025-10-08 22:00:00,0.8286,openaq_ground
2025-10-08 23:00:00,0.58675,openaq_ground
2025-10-09 00:00:00,0.69265,openaq_ground
2025-10-09 01:00:00,0.829,openaq_ground
2025-10-09 02:00:00,0.9295,openaq_ground
2025-10-09 03:00:00,1.559,openaq_ground
2025-10-09 04:00:00,1.54055,openaq_ground
2025-10-09 05:00:00,1.8195,openaq_ground
2025-10-09 06:00:00,2.548,openaq_ground
2025-10-09 07:00:00,2.368,openaq_ground
2025-10-09 08:00:00,0.375,openaq_ground
2025-10-09 09:00:00,0.258,openaq_ground
2025-10-09 10:00:00,0.163,openaq_ground
2025-10-09 11:00:00,3.043,openaq_ground
2025-10-09 12:00:00,2.567,openaq_ground
2025-10-09 13:00:00,2.363,openaq_ground
2025-10-09 14:00:00,2.2995,openaq_ground
2025-10-09 15:00:00,2.2225,openaq_ground
2025-10-09 16:00:00,2.3896,openaq_ground
2025-10-09 17:00:00,2.36905,openaq_ground
2025-10-09 18:00:00,2.3689999999999998,openaq_ground
2025-10-09 19:00:00,2.464,openaq_ground
2025-10-09 20:00:00,2.378,openaq_ground
2025-10-09 21:00:00,2.655,openaq_ground
2025-10-09 22:00:00,2.9749999999999996,openaq_ground
2025-10-09 23:00:00,2.3395,openaq_ground
2025-10-10 00:00:00,1.9340000000000002,openaq_ground
2025-10-10 01:00:00,1.443,openaq_ground
2025-10-10 02:00:00,1.6360000000000001,openaq_ground
2025-10-10 03:00:00,1.9650999999999998,openaq_ground
2025-10-10 04:00:00,2.1759999999999997,openaq_ground
2025-10-10 05:00:00,2.133,openaq_ground
2025-10-10 06:00:00,3.1485,openaq_ground
2025-10-10 07:00:00,5.51,openaq_ground
2025-10-10 08:00:00,3.145,openaq_ground
2025-10-10 09:00:00,2.7465,openaq_ground
2025-10-10 10:00:00,2.6725,openaq_ground
2025-10-10 11:00:00,2.402,openaq_ground
2025-10-10 12:00:00,2.087,openaq_ground
2025-10-10 13:00:00,1.7905,openaq_ground
2025-10-10 14:00:00,2.394,openaq_ground
2025-10-10 15:00:00,2.447,openaq_ground
2025-10-10 16:00:00,2.215,openaq_ground
2025-10-10 17:00:00,1.869,openaq_ground
2025-10-10 18:00:00,1.6909,openaq_ground
2025-10-10 19:00:00,1.9775,openaq_ground
2025-10-10 20:00:00,2.181,openaq_ground
2025-10-10 21:00:00,1.9135,openaq_ground
2025-10-10 22:00:00,1.714,openaq_ground
2025-10-10 23:00:00,1.195,openaq_ground
2025-10-11 00:00:00,1.16,openaq_ground
2025-10-11 01:00:00,0.97775,openaq_ground
2025-10-11 02:00:00,0.9364150000000001,openaq_ground
2025-10-11 03:00:00,0.8869,openaq_ground
2025-10-11 04:00:00,0.68,openaq_ground
2025-10-11 05:00:00,0.9410000000000001,openaq_ground
2025-10-11 06:00:00,1.3639999999999999,openaq_ground
2025-10-11 07:00:00,1.7845,openaq_ground
2025-10-11 08:00:00,1.589,openaq_ground
2025-10-11 09:00:00,1.9349999999999998,openaq_ground
2025-10-11 10:00:00,1.6865,openaq_ground
2025-10-11 12:00:00,1.4135,openaq_ground
2025-10-11 13:00:00,1.42165,openaq_ground
2025-10-11 14:00:00,1.6718499999999998,openaq_ground
2025-10-11 15:00:00,1.81295,openaq_ground
2025-10-11 16:00:00,1.98,openaq_ground
2025-10-11 17:00:00,1.502,openaq_ground
2025-10-11 18:00:00,1.143,openaq_ground
2025-10-11 19:00:00,0.9964999999999999,openaq_ground
2025-10-11 20:00:00,1.9455,openaq_ground
2025-10-11 21:00:00,1.1995,openaq_ground
2025-10-11 22:00:00,1.0245,openaq_ground
2025-10-11 23:00:00,0.8614999999999999,openaq_ground
2025-10-12 00:00:00,0.8425,openaq_ground
2025-10-12 01:00:00,0.6693,openaq_ground
2025-10-12 02:00:00,0.7345,openaq_ground
2025-10-12 03:00:00,0.7606499999999999,openaq_ground
2025-10-12 04:00:00,0.974165,openaq_ground
2025-10-12 05:00:00,0.9205,openaq_ground
2025-10-12 06:00:00,0.95065,openaq_ground
2025-10-12 07:00:00,1.715,openaq_ground
2025-10-12 08:00:00,1.3365,openaq_ground
2025-10-12 09:00:00,1.656,openaq_ground
2025-10-12 10:00:00,1.495,openaq_ground
2025-10-12 11:00:00,1.7108999999999999,openaq_ground
2025-10-12 12:00:00,2.19825,openaq_ground
2025-10-12 13:00:00,2.0375,openaq_ground
2025-10-12 14:00:00,2.349,openaq_ground
2025-10-12 15:00:00,2.3030000000000004,openaq_ground
2025-10-12 16:00:00,2.3579999999999997,openaq_ground
2025-10-12 17:00:00,2.444,openaq_ground
2025-10-12 18:00:00,2.4050000000000002,openaq_ground
2025-10-12 19:00:00,2.3865,openaq_ground
2025-10-12 20:00:00,1.6065,openaq_ground
2025-10-12 21:00:00,1.4555,openaq_ground
2025-10-12 22:00:00,1.4004999999999999,openaq_ground
2025-10-12 23:00:00,1.96,openaq_ground
2025-10-13 00:00:00,1.315,openaq_ground
2025-10-13 01:00:00,1.905,openaq_ground
2025-10-13 02:00:00,2.135,openaq_ground
2025-10-13 03:00:00,1.91,openaq_ground
2025-10-13 04:00:00,1.8849999999999998,openaq_ground
2025-10-13 05:00:00,2.875,openaq_ground
2025-10-13 06:00:00,2.885,openaq_ground
2025-10-13 07:00:00,2.435,openaq_ground
2025-10-13 08:00:00,2.065,openaq_ground
2025-10-13 09:00:00,1.361,openaq_ground
2025-10-13 10:00:00,1.3699999999999999,openaq_ground
2025-10-13 11:00:00,1.147,openaq_ground
2025-10-13 12:00:00,0.907,openaq_ground
2025-10-13 13:00:00,1.2455,openaq_ground
2025-10-13 14:00:00,0.76505,openaq_ground
2025-10-13 15:00:00,0.18,openaq_ground
2025-10-13 16:00:00,0.3115,openaq_ground
2025-10-13 17:00:00,0.512,openaq_ground
2025-10-13 18:00:00,0.3705,openaq_ground
2025-10-13 19:00:00,0.14709999999999998,openaq_ground
2025-10-13 20:00:00,0.176915,openaq_ground
2025-10-13 21:00:00,0.2435,openaq_ground
2025-10-13 22:00:00,0.297,openaq_ground
2025-10-13 23:00:00,1.1796499999999999,openaq_ground
2025-10-14 00:00:00,1.3054999999999999,openaq_ground
2025-10-14 01:00:00,1.2505000000000002,openaq_ground
2025-10-14 02:00:00,2.3725,openaq_ground
2025-10-14 03:00:00,3.09,openaq_ground
2025-10-14 04:00:00,4.16,openaq_ground
2025-10-14 05:00:00,2.895,openaq_ground
2025-10-14 06:00:00,2.8200000000000003,openaq_ground
2025-10-14 07:00:00,2.4050000000000002,openaq_ground
2025-10-14 08:00:00,2.48,openaq_ground
2025-10-14 09:00:00,1.31,openaq_ground
2025-10-14 10:00:00,1.0035,openaq_ground
2025-10-14 11:00:00,1.192,openaq_ground
2025-10-14 12:00:00,0.9525,openaq_ground
2025-10-14 13:00:00,1.055,openaq_ground
2025-10-14 14:00:00,0.686,openaq_ground
2025-10-14 15:00:00,0.8413999999999999,openaq_ground
2025-10-14 16:00:00,0.86535,openaq_ground
2025-10-14 17:00:00,0.48600000000000004,openaq_ground
2025-10-14 18:00:00,0.6878350000000001,openaq_ground
2025-10-14 19:00:00,0.34185000000000004,openaq_ground
2025-10-14 20:00:00,0.5221,openaq_ground
2025-10-14 21:00:00,0.294,openaq_ground
2025-10-14 22:00:00,0.16335,openaq_ground
2025-10-14 23:00:00,0.171,openaq_ground
2025-10-15 00:00:00,0.29674999999999996,openaq_ground
2025-10-15 01:00:00,0.1635,openaq_ground
2025-10-15 02:00:00,0.5009,openaq_ground
2025-10-15 03:00:00,0.18975,openaq_ground
2025-10-15 04:00:00,0.3755,openaq_ground
2025-10-15 05:00:00,0.17884999999999998,openaq_ground
2025-10-15 06:00:00,0.53925,openaq_ground
2025-10-15 07:00:00,0.762,openaq_ground
2025-10-15 08:00:00,0.7185,openaq_ground
2025-10-15 09:00:00,1.445,openaq_ground
2025-10-15 10:00:00,0.5466500000000001,openaq_ground
2025-10-15 11:00:00,0.5312,openaq_ground
2025-10-15 12:00:00,0.8453999999999999,openaq_ground
2025-10-15 13:00:00,0.4671,openaq_ground
2025-10-15 14:00:00,0.29183499999999996,openaq_ground
2025-10-15 15:00:00,0.22275,openaq_ground
2025-10-15 16:00:00,0.3355,openaq_ground
2025-10-15 17:00:00,0.545,openaq_ground
2025-10-15 18:00:00,0.40650000000000003,openaq_ground
2025-10-15 19:00:00,0.3676,openaq_ground
2025-10-15 20:00:00,0.266,openaq_ground
2025-10-15 21:00:00,0.1444,openaq_ground
2025-10-15 22:00:00,0.43255,openaq_ground
2025-10-15 23:00:00,0.6990000000000001,openaq_ground
2025-10-16 00:00:00,0.9285,openaq_ground
2025-10-16 01:00:00,0.7925,openaq_ground
2025-10-16 02:00:00,0.942,openaq_ground
2025-10-16 03:00:00,0.857,openaq_ground
2025-10-16 04:00:00,1.5150000000000001,openaq_ground
2025-10-16 05:00:00,1.71,openaq_ground
2025-10-16 06:00:00,1.945,openaq_ground
2025-10-16 07:00:00,1.76,openaq_ground
2025-10-16 08:00:00,1.7,openaq_ground
2025-10-16 09:00:00,1.19,openaq_ground
2025-10-16 10:00:00,1.31,openaq_ground
2025-10-16 11:00:00,0.214,openaq_ground
2025-10-16 12:00:00,0.0381,openaq_ground
2025-10-16 13:00:00,0.169,openaq_ground
2025-10-16 14:00:00,0.073,openaq_ground
2025-10-16 15:00:00,0.0467,openaq_ground
2025-10-16 16:00:00,0.0918,openaq_ground
2025-10-16 17:00:00,0.194,openaq_ground
2025-10-16 18:00:00,2.479,openaq_ground
2025-10-16 19:00:00,3.49,openaq_ground
2025-10-16 20:00:00,3.675,openaq_ground
2025-10-16 21:00:00,2.795,openaq_ground
2025-10-16 22:00:00,1.6304999999999998,openaq_ground
2025-10-16 23:00:00,1.4665000000000001,openaq_ground
2025-10-17 00:00:00,1.3506,openaq_ground
2025-10-17 01:00:00,2.2750000000000004,openaq_ground
2025-10-17 02:00:00,3.4699999999999998,openaq_ground
2025-10-17 03:00:00,3.0949999999999998,openaq_ground
2025-10-17 04:00:00,4.265000000000001,openaq_ground
2025-10-17 05:00:00,3.5,openaq_ground
2025-10-17 06:00:00,4.625,openaq_ground
2025-10-17 07:00:00,6.59,openaq_ground
2025-10-17 08:00:00,4.955,openaq_ground
2025-10-17 09:00:00,8.344999999999999,openaq_ground
2025-10-17 10:00:00,9.62,openaq_ground
2025-10-17 11:00:00,6.94,openaq_ground
2025-10-17 12:00:00,5.345000000000001,openaq_ground
2025-10-17 13:00:00,3.8449999999999998,openaq_ground
2025-10-17 14:00:00,3.39,openaq_ground
2025-10-17 15:00:00,4.41,openaq_ground
2025-10-17 16:00:00,3.63,openaq_ground
2025-10-17 17:00:00,2.2035,openaq_ground
2025-10-17 18:00:00,2.241,openaq_ground
2025-10-17 19:00:00,2.2015000000000002,openaq_ground
2025-10-17 20:00:00,2.5665,openaq_ground
2025-10-17 21:00:00,2.7045,openaq_ground
2025-10-17 22:00:00,2.825,openaq_ground
2025-10-17 23:00:00,1.871,openaq_ground
2025-10-18 00:00:00,1.7385,openaq_ground
2025-10-18 01:00:00,1.41,openaq_ground
2025-10-18 02:00:00,1.195,openaq_ground
2025-10-18 03:00:00,1.17365,openaq_ground
2025-10-18 04:00:00,1.2824499999999999,openaq_ground
2025-10-18 05:00:00,1.08455,openaq_ground
2025-10-18 06:00:00,1.3824,openaq_ground
2025-10-18 07:00:00,1.773,openaq_ground
2025-10-18 08:00:00,2.7880000000000003,openaq_ground
2025-10-18 09:00:00,2.182,openaq_ground
2025-10-18 10:00:00,1.5844999999999998,openaq_ground
2025-10-18 11:00:00,1.6520000000000001,openaq_ground
2025-10-18 12:00:00,1.3255,openaq_ground
2025-10-18 13:00:00,1.5495,openaq_ground
2025-10-18 14:00:00,0.927,openaq_ground
2025-10-18 15:00:00,0.8400000000000001,openaq_ground
2025-10-18 16:00:00,1.105,openaq_ground
2025-10-18 17:00:00,1.274,openaq_ground
2025-10-18 18:00:00,1.4295,openaq_ground
2025-10-18 19:00:00,1.6775,openaq_ground
2025-10-18 20:00:00,1.371,openaq_ground
2025-10-18 21:00:00,0.881,openaq_ground
2025-10-18 22:00:00,1.565,openaq_ground
2025-10-18 23:00:00,1.1385,openaq_ground
2025-10-19 00:00:00,1.119,openaq_ground
2025-10-19 01:00:00,1.1715,openaq_ground
2025-10-19 02:00:00,1.204,openaq_ground
2025-10-19 03:00:00,1.3639999999999999,openaq_ground
2025-10-19 04:00:00,1.061,openaq_ground
2025-10-19 05:00:00,0.9735,openaq_ground
2025-10-19 06:00:00,1.35,openaq_ground
2025-10-19 07:00:00,1.451,openaq_ground
2025-10-19 08:00:00,2.165,openaq_ground
2025-10-19 09:00:00,2.11,openaq_ground
2025-10-19 10:00:00,2.265,openaq_ground
2025-10-19 11:00:00,2.075,openaq_ground
2025-10-19 12:00:00,2.08,openaq_ground
2025-10-19 13:00:00,1.935,openaq_ground
2025-10-19 14:00:00,1.72,openaq_ground
2025-10-19 15:00:00,2.105,openaq_ground
2025-10-19 16:00:00,2.133,openaq_ground
2025-10-19 17:00:00,1.9585000000000001,openaq_ground
2025-10-19 18:00:00,2.5,openaq_ground
2025-10-19 19:00:00,2.33,openaq_ground
2025-10-19 20:00:00,2.12,openaq_ground
2025-10-19 21:00:00,1.72,openaq_ground
2025-10-19 22:00:00,2.085,openaq_ground
2025-10-19 23:00:00,1.165,openaq_ground
2025-10-20 00:00:00,0.9179999999999999,openaq_ground
2025-10-20 01:00:00,0.7304999999999999,openaq_ground
2025-10-20 02:00:00,0.30000000000000004,openaq_ground
2025-10-20 03:00:00,0.537,openaq_ground
2025-10-20 04:00:00,1.9035,openaq_ground
2025-10-20 08:00:00,3.065,openaq_ground
2025-10-20 09:00:00,2.135,openaq_ground
2025-10-20 10:00:00,1.81,openaq_ground
2025-10-20 11:00:00,1.69,openaq_ground
2025-10-20 12:00:00,1.58,openaq_ground
2025-10-20 13:00:00,1.7650000000000001,openaq_ground
2025-10-20 14:00:00,1.5910000000000002,openaq_ground
2025-10-20 15:00:00,2.215,openaq_ground
2025-10-20 16:00:00,1.7850000000000001,openaq_ground
2025-10-20 17:00:00,1.7000000000000002,openaq_ground
2025-10-20 18:00:00,1.374,openaq_ground
2025-10-20 19:00:00,1.95,openaq_ground
2025-10-20 20:00:00,2.38,openaq_ground
2025-10-20 21:00:00,2.0149999999999997,openaq_ground
2025-10-20 22:00:00,1.42,openaq_ground
2025-10-20 23:00:00,1.6400000000000001,openaq_ground
2025-10-21 00:00:00,1.45,openaq_ground
2025-10-21 01:00:00,1.3050000000000002,openaq_ground
2025-10-21 02:00:00,1.5165,openaq_ground
2025-10-21 03:00:00,1.695,openaq_ground
2025-10-21 04:00:00,2.335,openaq_ground
2025-10-21 05:00:00,2.755,openaq_ground
2025-10-21 06:00:00,4.26,openaq_ground
2025-10-21 07:00:00,2.75,openaq_ground
2025-10-21 08:00:00,3.47,openaq_ground
2025-10-21 09:00:00,4.135,openaq_ground
2025-10-21 10:00:00,3.4850000000000003,openaq_ground
2025-10-21 11:00:00,3.5649999999999995,openaq_ground
2025-10-21 12:00:00,3.355,openaq_ground
2025-10-21 13:00:00,3.53,openaq_ground
2025-10-21 14:00:00,3.465,openaq_ground
2025-10-21 15:00:00,3.7700000000000005,openaq_ground
2025-10-21 16:00:00,3.98,openaq_ground
2025-10-21 17:00:00,3.9699999999999998,openaq_ground
2025-10-21 18:00:00,3.66,openaq_ground
2025-10-21 19:00:00,0.4995,openaq_ground
2025-10-21 20:00:00,0.3045,openaq_ground
2025-10-21 21:00:00,0.16449999999999998,openaq_ground
2025-10-21 22:00:00,0.179,openaq_ground
2025-10-21 23:00:00,1.0255,openaq_ground
2025-10-22 00:00:00,4.135,openaq_ground
2025-10-22 01:00:00,5.1,openaq_ground
2025-10-22 02:00:00,6.085,openaq_ground
2025-10-22 03:00:00,6.225,openaq_ground
2025-10-22 04:00:00,6.095000000000001,openaq_ground
2025-10-22 05:00:00,5.54,openaq_ground
2025-10-22 06:00:00,3.835,openaq_ground
2025-10-22 07:00:00,3.63,openaq_ground
2025-10-22 08:00:00,3.9,openaq_ground
2025-10-22 09:00:00,4.385,openaq_ground
2025-10-22 10:00:00,4.885,openaq_ground
2025-10-22 11:00:00,5.445,openaq_ground
2025-10-22 12:00:00,5.495,openaq_ground
2025-10-22 13:00:00,5.195,openaq_ground
2025-10-22 14:00:00,4.48,openaq_ground
2025-10-22 15:00:00,3.995,openaq_ground
2025-10-22 16:00:00,3.135,openaq_ground
2025-10-22 17:00:00,3.11,openaq_ground
2025-10-22 18:00:00,3.8649999999999998,openaq_ground
2025-10-22 19:00:00,3.525,openaq_ground
2025-10-22 20:00:00,1.1875,openaq_ground
2025-10-22 21:00:00,0.9705,openaq_ground
2025-10-22 22:00:00,0.8905,openaq_ground
2025-10-22 23:00:00,1.2655,openaq_ground
2025-10-23 00:00:00,0.772,openaq_ground
2025-10-23 01:00:00,0.89,openaq_ground
2025-10-23 02:00:00,0.848,openaq_ground
2025-10-23 03:00:00,1.775,openaq_ground
2025-10-23 04:00:00,2.7199999999999998,openaq_ground
2025-10-23 05:00:00,3.02,openaq_ground
2025-10-23 06:00:00,4.08,openaq_ground
2025-10-23 07:00:00,4.1899999999999995,openaq_ground
2025-10-23 08:00:00,4.5649999999999995,openaq_ground
2025-10-23 09:00:00,4.01,openaq_ground
2025-10-23 10:00:00,1.8900000000000001,openaq_ground
2025-10-23 11:00:00,0.896,openaq_ground
2025-10-23 12:00:00,1.3479999999999999,openaq_ground
2025-10-23 13:00:00,1.1465,openaq_ground
2025-10-23 14:00:00,0.9079999999999999,openaq_ground
2025-10-23 15:00:00,1.7005000000000001,openaq_ground
2025-10-23 16:00:00,1.981,openaq_ground
2025-10-23 17:00:00,1.956,openaq_ground
2025-10-23 18:00:00,2.289,openaq_ground
2025-10-23 19:00:00,3.835,openaq_ground
2025-10-23 20:00:00,3.0199999999999996,openaq_ground
2025-10-23 21:00:00,2.3499999999999996,openaq_ground
2025-10-23 22:00:00,2.205,openaq_ground
2025-10-23 23:00:00,2.075,openaq_ground
2025-10-24 00:00:00,2.42,openaq_ground
2025-10-24 01:00:00,2.385,openaq_ground
2025-10-24 02:00:00,2.27,openaq_ground
2025-10-24 03:00:00,2.2199999999999998,openaq_ground
2025-10-24 04:00:00,2.3,openaq_ground
2025-10-24 05:00:00,2.25,openaq_ground
2025-10-24 06:00:00,2.1399999999999997,openaq_ground
2025-10-24 07:00:00,2.06,openaq_ground
2025-10-24 08:00:00,2.46,openaq_ground
2025-10-24 09:00:00,3.08,openaq_ground
2025-10-24 10:00:00,2.9749999999999996,openaq_ground
2025-10-24 11:00:00,2.8200000000000003,openaq_ground
2025-10-24 12:00:00,2.5250000000000004,openaq_ground
2025-10-24 13:00:00,2.52,openaq_ground
2025-10-24 14:00:00,1.4849999999999999,openaq_ground
2025-10-24 15:00:00,1.6749999999999998,openaq_ground
2025-10-24 16:00:00,1.73,openaq_ground
2025-10-24 17:00:00,1.26,openaq_ground
2025-10-24 18:00:00,2.9130000000000003,openaq_ground
2025-10-24 19:00:00,1.096,openaq_ground
2025-10-24 20:00:00,2.5685000000000002,openaq_ground
2025-10-24 21:00:00,0.401,openaq_ground
2025-10-24 22:00:00,0.5655,openaq_ground
2025-10-24 23:00:00,0.5755,openaq_ground
2025-10-25 00:00:00,0.3005,openaq_ground
2025-10-25 01:00:00,0.2425,openaq_ground
2025-10-25 02:00:00,0.3574,openaq_ground
2025-10-25 03:00:00,0.56815,openaq_ground
2025-10-25 04:00:00,0.45635000000000003,openaq_ground
2025-10-25 05:00:00,0.5956,openaq_ground
2025-10-25 06:00:00,0.91835,openaq_ground
2025-10-25 07:00:00,1.45525,openaq_ground
2025-10-25 08:00:00,1.2059499999999999,openaq_ground
2025-10-25 09:00:00,0.6625,openaq_ground
2025-10-25 10:00:00,0.29433499999999996,openaq_ground
2025-10-25 11:00:00,0.525,openaq_ground
2025-10-25 12:00:00,0.5314150000000001,openaq_ground
2025-10-25 13:00:00,0.4015,openaq_ground
2025-10-25 14:00:00,0.6395,openaq_ground
2025-10-25 15:00:00,0.40549999999999997,openaq_ground
2025-10-25 16:00:00,0.3775,openaq_ground
2025-10-25 17:00:00,0.2671,openaq_ground
2025-10-25 18:00:00,0.21525,openaq_ground
2025-10-25 19:00:00,0.45990000000000003,openaq_ground
2025-10-25 20:00:00,0.71075,openaq_ground
2025-10-25 21:00:00,0.09204999999999999,openaq_ground
2025-10-25 23:00:00,0.186,openaq_ground
2025-10-26 00:00:00,0.03865,openaq_ground
2025-10-26 01:00:00,0.03105,openaq_ground
2025-10-26 02:00:00,0.0775,openaq_ground
2025-10-26 03:00:00,0.2735,openaq_ground
2025-10-26 04:00:00,0.1135,openaq_ground
2025-10-26 05:00:00,0.2335,openaq_ground
2025-10-26 06:00:00,0.1604,openaq_ground
2025-10-26 07:00:00,0.54405,openaq_ground
2025-10-26 08:00:00,0.24439999999999998,openaq_ground
2025-10-26 09:00:00,0.4995,openaq_ground
2025-10-26 10:00:00,0.665,openaq_ground
2025-10-26 11:00:00,0.4395,openaq_ground
2025-10-26 12:00:00,0.5275,openaq_ground
2025-10-26 13:00:00,0.5523600000000001,openaq_ground
2025-10-26 14:00:00,0.66,openaq_ground
2025-10-26 15:00:00,0.654165,openaq_ground
2025-10-26 16:00:00,0.5711,openaq_ground
2025-10-26 17:00:00,0.57195,openaq_ground
2025-10-26 18:00:00,0.5904999999999999,openaq_ground
2025-10-26 19:00:00,0.5169,openaq_ground
2025-10-26 20:00:00,1.0515,openaq_ground
2025-10-26 21:00:00,1.5030000000000001,openaq_ground
2025-10-26 22:00:00,1.053,openaq_ground
2025-10-26 23:00:00,1.205,openaq_ground
2025-10-27 00:00:00,1.415,openaq_ground
2025-10-27 01:00:00,2.49,openaq_ground
2025-10-27 02:00:00,2.08,openaq_ground
2025-10-27 03:00:00,3.67,openaq_ground
2025-10-27 04:00:00,3.5149999999999997,openaq_ground
2025-10-27 05:00:00,4.53,openaq_ground
2025-10-27 06:00:00,2.7,openaq_ground
2025-10-27 07:00:00,2.305,openaq_ground
2025-10-27 08:00:00,2.4499999999999997,openaq_ground
2025-10-27 09:00:00,2.5749999999999997,openaq_ground
2025-10-27 10:00:00,3.015,openaq_ground
2025-10-27 11:00:00,2.5165,openaq_ground
2025-10-27 12:00:00,2.188,openaq_ground
2025-10-27 13:00:00,0.7595000000000001,openaq_ground
2025-10-27 14:00:00,0.388,openaq_ground
2025-10-27 15:00:00,0.3905,openaq_ground
2025-10-27 16:00:00,3.1599999999999997,openaq_ground
2025-10-27 17:00:00,4.479,openaq_ground
2025-10-27 18:00:00,5.5249999999999995,openaq_ground
2025-10-27 19:00:00,5.485,openaq_ground
2025-10-27 20:00:00,4.62,openaq_ground
2025-10-27 21:00:00,2.9299999999999997,openaq_ground
2025-10-27 22:00:00,1.885,openaq_ground
2025-10-27 23:00:00,0.6960000000000001,openaq_ground
2025-10-28 00:00:00,0.79515,openaq_ground
2025-10-28 01:00:00,0.25335,openaq_ground
2025-10-28 02:00:00,1.1985000000000001,openaq_ground
2025-10-28 03:00:00,0.724,openaq_ground
2025-10-28 04:00:00,0.7545,openaq_ground
2025-10-28 05:00:00,1.1995,openaq_ground
2025-10-28 06:00:00,1.14,openaq_ground
2025-10-28 07:00:00,1.25,openaq_ground
2025-10-28 08:00:00,2.05,openaq_ground
2025-10-28 09:00:00,3.71,openaq_ground
2025-10-28 10:00:00,1.005,openaq_ground
2025-10-28 11:00:00,0.9095,openaq_ground
2025-10-28 12:00:00,0.5685,openaq_ground
2025-10-28 13:00:00,0.5815,openaq_ground
2025-10-28 14:00:00,0.904,openaq_ground
2025-10-28 15:00:00,0.9015,openaq_ground
2025-10-28 16:00:00,0.695,openaq_ground
2025-10-28 17:00:00,0.621,openaq_ground
2025-10-28 18:00:00,1.0635,openaq_ground
2025-10-28 19:00:00,1.13,openaq_ground
2025-10-28 20:00:00,0.6485000000000001,openaq_ground
2025-10-28 21:00:00,0.645,openaq_ground
2025-10-28 22:00:00,0.7394999999999999,openaq_ground
2025-10-28 23:00:00,0.7825,openaq_ground
2025-10-29 00:00:00,1.1084999999999998,openaq_ground
2025-10-29 01:00:00,1.16,openaq_ground
2025-10-29 02:00:00,1.165,openaq_ground
2025-10-29 03:00:00,0.9375,openaq_ground
2025-10-29 04:00:00,1.255,openaq_ground
2025-10-29 05:00:00,1.785,openaq_ground
2025-10-29 06:00:00,1.67,openaq_ground
2025-10-29 07:00:00,1.45,openaq_ground
2025-10-29 08:00:00,2.795,openaq_ground
2025-10-29 09:00:00,3.3,openaq_ground
2025-10-29 10:00:00,3.525,openaq_ground
2025-10-29 11:00:00,2.4779999999999998,openaq_ground
2025-10-29 12:00:00,2.2095,openaq_ground
2025-10-29 13:00:00,1.3615,openaq_ground
2025-10-29 14:00:00,1.13035,openaq_ground
2025-10-29 15:00:00,1.16845,openaq_ground
2025-10-29 16:00:00,1.34755,openaq_ground
2025-10-29 17:00:00,1.375,openaq_ground
2025-10-29 18:00:00,1.6626,openaq_ground
2025-10-29 19:00:00,1.6668,openaq_ground
2025-10-29 20:00:00,0.8905,openaq_ground
2025-10-29 21:00:00,0.7102499999999999,openaq_ground
2025-10-29 22:00:00,0.586415,openaq_ground
2025-10-29 23:00:00,0.6206,openaq_ground
2025-10-30 00:00:00,0.655,openaq_ground
2025-10-30 01:00:00,0.73,openaq_ground
2025-10-30 02:00:00,0.623,openaq_ground
2025-10-30 03:00:00,1.054,openaq_ground
2025-10-30 04:00:00,1.26,openaq_ground
2025-10-30 05:00:00,1.054,openaq_ground
2025-10-30 06:00:00,1.43,openaq_ground
2025-10-30 07:00:00,0.5625,openaq_ground
2025-10-30 08:00:00,0.742,openaq_ground
2025-10-30 09:00:00,1.58,openaq_ground
2025-10-30 10:00:00,1.488,openaq_ground
2025-10-30 11:00:00,0.9768,openaq_ground
2025-10-30 12:00:00,1.1745,openaq_ground
2025-10-30 13:00:00,1.8542500000000002,openaq_ground
2025-10-30 14:00:00,1.7995,openaq_ground
2025-10-30 15:00:00,1.1814149999999999,openaq_ground
2025-10-30 16:00:00,1.31335,openaq_ground
2025-10-30 17:00:00,1.061415,openaq_ground
2025-10-30 18:00:00,1.0164149999999998,openaq_ground
2025-10-30 19:00:00,0.46115,openaq_ground
2025-10-30 20:00:00,0.2334,openaq_ground
2025-10-30 21:00:00,0.10114999999999999,openaq_ground
2025-10-30 22:00:00,0.15460000000000002,openaq_ground
2025-10-30 23:00:00,0.757,openaq_ground
2025-10-31 00:00:00,0.21450000000000002,openaq_ground
2025-10-31 01:00:00,0.1975,openaq_ground
2025-10-31 02:00:00,0.8454999999999999,openaq_ground
2025-10-31 03:00:00,0.44499999999999995,openaq_ground
2025-10-31 04:00:00,0.5075000000000001,openaq_ground
2025-10-31 05:00:00,0.9695,openaq_ground
2025-10-31 06:00:00,0.316,openaq_ground
2025-10-31 07:00:00,0.7625,openaq_ground
2025-10-31 08:00:00,0.4425,openaq_ground
2025-10-31 09:00:00,0.5115000000000001,openaq_ground
2025-10-31 10:00:00,0.8085,openaq_ground
2025-10-31 11:00:00,0.24350000000000002,openaq_ground
2025-10-31 12:00:00,0.34235000000000004,openaq_ground
2025-10-31 13:00:00,0.27475,openaq_ground
2025-10-31 14:00:00,0.266,openaq_ground
2025-10-31 15:00:00,0.33975,openaq_ground
2025-10-31 16:00:00,0.2176,openaq_ground
2025-10-31 17:00:00,0.5983499999999999,openaq_ground
2025-10-31 18:00:00,0.6697500000000001,openaq_ground
2025-10-31 19:00:00,0.6185999999999999,openaq_ground
2025-10-31 20:00:00,0.5820000000000001,openaq_ground
2025-10-31 21:00:00,0.741,openaq_ground
2025-10-31 22:00:00,1.15,openaq_ground
2025-10-31 23:00:00,2.005,openaq_ground
2025-11-01 00:00:00,1.17,openaq_ground
2025-11-01 01:00:00,1.0235,openaq_ground
2025-11-01 02:00:00,0.8635,openaq_ground
2025-11-01 03:00:00,1.2115,openaq_ground
2025-11-01 04:00:00,0.67855,openaq_ground
2025-11-01 05:00:00,0.9206000000000001,openaq_ground
2025-11-01 06:00:00,1.0645,openaq_ground
2025-11-01 07:00:00,1.323,openaq_ground
2025-11-01 08:00:00,1.2382,openaq_ground
2025-11-01 09:00:00,1.2618999999999998,openaq_ground
2025-11-01 10:00:00,1.37925,openaq_ground
2025-11-01 11:00:00,1.034,openaq_ground
2025-11-01 12:00:00,1.3253000000000001,openaq_ground
2025-11-01 13:00:00,0.8725499999999999,openaq_ground
2025-11-01 14:00:00,0.74275,openaq_ground
2025-11-01 15:00:00,0.6937000000000001,openaq_ground
2025-11-01 16:00:00,0.85525,openaq_ground
2025-11-01 17:00:00,0.5742499999999999,openaq_ground
2025-11-01 18:00:00,0.7565999999999999,openaq_ground
2025-11-01 19:00:00,0.7475499999999999,openaq_ground
2025-11-01 20:00:00,0.9119999999999999,openaq_ground
2025-11-01 21:00:00,0.621,openaq_ground
2025-11-01 22:00:00,0.6305000000000001,openaq_ground
2025-11-01 23:00:00,0.8300000000000001,openaq_ground
2025-11-02 00:00:00,0.6575,openaq_ground
2025-11-02 01:00:00,1.304,openaq_ground
2025-11-02 02:00:00,0.3545,openaq_ground
2025-11-02 03:00:00,0.4563,openaq_ground
2025-11-02 04:00:00,0.440915,openaq_ground
2025-11-02 05:00:00,0.4979,openaq_ground
2025-11-02 06:00:00,0.87165,openaq_ground
2025-11-02 07:00:00,0.8503,openaq_ground
2025-11-02 08:00:00,0.9051,openaq_ground
2025-11-02 09:00:00,0.8289,openaq_ground
2025-11-02 10:00:00,0.905,openaq_ground
2025-11-02 11:00:00,1.0139,openaq_ground
2025-11-02 12:00:00,1.0932499999999998,openaq_ground
2025-11-02 13:00:00,0.7269000000000001,openaq_ground
2025-11-02 14:00:00,1.151,openaq_ground
2025-11-02 15:00:00,1.421,openaq_ground
2025-11-02 16:00:00,0.992,openaq_ground
2025-11-02 17:00:00,1.492,openaq_ground
2025-11-02 18:00:00,4.3935,openaq_ground
2025-11-02 19:00:00,1.1,openaq_ground
2025-11-02 20:00:00,0.6505,openaq_ground
2025-11-02 21:00:00,0.616,openaq_ground
2025-11-02 22:00:00,0.2675,openaq_ground
2025-11-02 23:00:00,0.3715,openaq_ground
2025-11-03 00:00:00,0.491,openaq_ground
2025-11-03 01:00:00,1.2345,openaq_ground
2025-11-03 02:00:00,2.015,openaq_ground
2025-11-03 03:00:00,2.04,openaq_ground
2025-11-03 04:00:00,2.83,openaq_ground
2025-11-03 05:00:00,2.52,openaq_ground
2025-11-03 06:00:00,2.965,openaq_ground
2025-11-03 07:00:00,2.49,openaq_ground
2025-11-03 08:00:00,1.705,openaq_ground
2025-11-03 09:00:00,0.9970000000000001,openaq_ground
2025-11-03 10:00:00,0.474,openaq_ground
2025-11-03 11:00:00,0.4315,openaq_ground
2025-11-03 12:00:00,0.363415,openaq_ground
2025-11-03 13:00:00,0.5164150000000001,openaq_ground
2025-11-03 14:00:00,0.5619000000000001,openaq_ground
2025-11-03 15:00:00,0.62819,openaq_ground
2025-11-03 16:00:00,0.8725999999999999,openaq_ground
2025-11-03 17:00:00,0.8975,openaq_ground
2025-11-03 18:00:00,0.8156000000000001,openaq_ground
2025-11-03 19:00:00,0.9395,openaq_ground
2025-11-03 20:00:00,0.931,openaq_ground
2025-11-03 21:00:00,1.21,openaq_ground
2025-11-03 22:00:00,1.9900000000000002,openaq_ground
2025-11-03 23:00:00,2.186,openaq_ground
2025-11-04 00:00:00,1.71,openaq_ground
2025-11-04 01:00:00,0.9115,openaq_ground
2025-11-04 02:00:00,1.2999999999999998,openaq_ground
2025-11-04 03:00:00,1.9449999999999998,openaq_ground
2025-11-04 04:00:00,1.98,openaq_ground
2025-11-04 05:00:00,1.38,openaq_ground
2025-11-04 06:00:00,1.185,openaq_ground
2025-11-04 07:00:00,1.4449999999999998,openaq_ground
2025-11-04 08:00:00,1.995,openaq_ground
2025-11-04 09:00:00,1.4655,openaq_ground
2025-11-04 10:00:00,1.714,openaq_ground
2025-11-04 11:00:00,2.258,openaq_ground
2025-11-04 12:00:00,2.626,openaq_ground
2025-11-04 13:00:00,2.733,openaq_ground
2025-11-04 14:00:00,2.924,openaq_ground
2025-11-04 15:00:00,3.118,openaq_ground
2025-11-04 16:00:00,3.275,openaq_ground
2025-11-04 17:00:00,3.25,openaq_ground
2025-11-04 18:00:00,5.029999999999999,openaq_ground
2025-11-04 19:00:00,5.38,openaq_ground
2025-11-04 20:00:00,3.965,openaq_ground
2025-11-04 21:00:00,2.84,openaq_ground
2025-11-04 22:00:00,1.2325,openaq_ground
2025-11-04 23:00:00,0.7140000000000001,openaq_ground
2025-11-05 00:00:00,0.48550000000000004,openaq_ground
2025-11-05 01:00:00,1.625,openaq_ground
2025-11-05 02:00:00,1.75,openaq_ground
2025-11-05 03:00:00,1.0165,openaq_ground
2025-11-05 04:00:00,0.847,openaq_ground
2025-11-05 05:00:00,1.62,openaq_ground
2025-11-05 07:00:00,9.435,openaq_ground
2025-11-05 08:00:00,5.53,openaq_ground
2025-11-05 09:00:00,8.024999999999999,openaq_ground
2025-11-05 10:00:00,7.535,openaq_ground
2025-11-05 11:00:00,4.930000000000001,openaq_ground
2025-11-05 12:00:00,3.0335,openaq_ground
2025-11-05 13:00:00,4.0,openaq_ground
2025-11-05 14:00:00,7.42,openaq_ground
2025-11-05 15:00:00,7.76,openaq_ground
2025-11-05 16:00:00,8.34,openaq_ground
2025-11-05 17:00:00,6.555,openaq_ground
2025-11-05 18:00:00,4.715,openaq_ground
2025-11-05 19:00:00,2.9349999999999996,openaq_ground
2025-11-05 20:00:00,2.715,openaq_ground
2025-11-05 21:00:00,0.491,openaq_ground
2025-11-05 22:00:00,0.643,openaq_ground
2025-11-05 23:00:00,0.47565,openaq_ground
2025-11-06 00:00:00,1.233,openaq_ground
2025-11-06 01:00:00,0.8045,openaq_ground
2025-11-06 02:00:00,0.43400000000000005,openaq_ground
2025-11-06 03:00:00,0.5125,openaq_ground
2025-11-06 04:00:00,1.0125,openaq_ground
2025-11-06 05:00:00,0.8075,openaq_ground
2025-11-06 06:00:00,0.977,openaq_ground
2025-11-06 07:00:00,1.26,openaq_ground
2025-11-06 08:00:00,1.8279999999999998,openaq_ground
2025-11-06 09:00:00,1.855,openaq_ground
2025-11-06 10:00:00,1.374,openaq_ground
2025-11-06 11:00:00,0.4643,openaq_ground
2025-11-06 12:00:00,0.50095,openaq_ground
2025-11-06 13:00:00,0.74335,openaq_ground
2025-11-06 14:00:00,0.83975,openaq_ground
2025-11-06 15:00:00,0.5525,openaq_ground
2025-11-06 16:00:00,0.632,openaq_ground
2025-11-06 17:00:00,0.5668500000000001,openaq_ground
2025-11-06 18:00:00,1.315,openaq_ground
2025-11-06 19:00:00,2.89,openaq_ground
2025-11-06 20:00:00,3.1550000000000002,openaq_ground
2025-11-06 21:00:00,0.9390000000000001,openaq_ground
2025-11-06 22:00:00,0.4365,openaq_ground
2025-11-06 23:00:00,0.16544999999999999,openaq_ground
2025-11-07 00:00:00,0.2516,openaq_ground
2025-11-07 01:00:00,0.15539999999999998,openaq_ground
2025-11-07 02:00:00,0.1091,openaq_ground
2025-11-07 03:00:00,0.0721,openaq_ground
2025-11-07 04:00:00,0.110915,openaq_ground
2025-11-07 05:00:00,0.2455,openaq_ground
2025-11-07 06:00:00,0.5195,openaq_ground
2025-11-07 07:00:00,1.857,openaq_ground
2025-11-07 08:00:00,3.05,openaq_ground
2025-11-07 09:00:00,4.109999999999999,openaq_ground
2025-11-07 10:00:00,3.53,openaq_ground
2025-11-07 11:00:00,2.425,openaq_ground
2025-11-07 12:00:00,1.7915,openaq_ground
2025-11-07 13:00:00,1.3940000000000001,openaq_ground
2025-11-07 14:00:00,1.6825,openaq_ground
2025-11-07 15:00:00,2.26,openaq_ground
2025-11-07 16:00:00,2.66,openaq_ground
2025-11-07 17:00:00,6.205,openaq_ground
2025-11-07 18:00:00,6.24,openaq_ground
2025-11-07 19:00:00,8.29,openaq_ground
2025-11-07 20:00:00,5.67,openaq_ground
2025-11-07 21:00:00,2.9349999999999996,openaq_ground
2025-11-07 22:00:00,1.32,openaq_ground
2025-11-07 23:00:00,0.971,openaq_ground
2025-11-08 00:00:00,0.26485,openaq_ground
2025-11-08 01:00:00,0.14730000000000001,openaq_ground
2025-11-08 02:00:00,0.172,openaq_ground
2025-11-08 03:00:00,0.447,openaq_ground
2025-11-08 04:00:00,0.28700000000000003,openaq_ground
2025-11-08 05:00:00,0.7785,openaq_ground
2025-11-08 06:00:00,1.385,openaq_ground
2025-11-08 07:00:00,0.7985,openaq_ground
2025-11-08 08:00:00,3.58,openaq_ground
2025-11-08 09:00:00,2.33,openaq_ground
2025-11-08 10:00:00,1.335,openaq_ground
2025-11-08 11:00:00,0.5725,openaq_ground
2025-11-08 12:00:00,0.8410000000000001,openaq_ground
2025-11-08 13:00:00,1.04,openaq_ground
2025-11-08 14:00:00,1.4255,openaq_ground
2025-11-08 15:00:00,1.668,openaq_ground
2025-11-08 16:00:00,2.902,openaq_ground
2025-11-08 17:00:00,3.754,openaq_ground
2025-11-08 18:00:00,3.025,openaq_ground
2025-11-08 19:00:00,3.355,openaq_ground
2025-11-08 20:00:00,3.225,openaq_ground
2025-11-08 21:00:00,2.645,openaq_ground
2025-11-08 22:00:00,1.206,openaq_ground
2025-11-08 23:00:00,0.9465,openaq_ground
2025-11-09 00:00:00,1.09235,openaq_ground
2025-11-09 01:00:00,0.6584,openaq_ground
2025-11-09 02:00:00,0.4875,openaq_ground
2025-11-09 03:00:00,0.2211,openaq_ground
2025-11-09 04:00:00,0.33,openaq_ground
2025-11-09 05:00:00,0.5694,openaq_ground
2025-11-09 06:00:00,0.87475,openaq_ground
2025-11-09 07:00:00,1.03415,openaq_ground
2025-11-09 08:00:00,5.325,openaq_ground
2025-11-09 09:00:00,2.0949999999999998,openaq_ground
2025-11-09 10:00:00,0.9785,openaq_ground
2025-11-09 11:00:00,0.6925,openaq_ground
2025-11-09 12:00:00,0.54735,openaq_ground
2025-11-09 13:00:00,0.57535,openaq_ground
2025-11-09 14:00:00,0.5611,openaq_ground
2025-11-09 15:00:00,0.6003499999999999,openaq_ground
2025-11-09 16:00:00,0.8419000000000001,openaq_ground
2025-11-09 17:00:00,1.0574999999999999,openaq_ground
2025-11-09 18:00:00,0.77085,openaq_ground
2025-11-09 19:00:00,0.757,openaq_ground
2025-11-09 20:00:00,0.48874999999999996,openaq_ground
2025-11-09 21:00:00,0.5561,openaq_ground
2025-11-09 22:00:00,0.57,openaq_ground
2025-11-09 23:00:00,0.5169,openaq_ground
2025-11-10 00:00:00,0.468915,openaq_ground
2025-11-10 01:00:00,0.8049000000000001,openaq_ground
2025-11-10 02:00:00,0.73775,openaq_ground
2025-11-10 03:00:00,0.6389,openaq_ground
2025-11-10 04:00:00,1.6833500000000001,openaq_ground
2025-11-10 05:00:00,0.10475,openaq_ground
2025-11-10 06:00:00,0.15485,openaq_ground
2025-11-10 07:00:00,0.4019,openaq_ground
2025-11-10 08:00:00,0.328,openaq_ground
2025-11-10 09:00:00,0.405,openaq_ground
2025-11-10 10:00:00,0.5377500000000001,openaq_ground
2025-11-10 11:00:00,0.73335,openaq_ground
2025-11-10 12:00:00,0.69715,openaq_ground
2025-11-10 13:00:00,1.0264149999999999,openaq_ground
2025-11-10 14:00:00,1.1334,openaq_ground
2025-11-10 15:00:00,1.2925,openaq_ground
2025-11-10 16:00:00,1.313,openaq_ground
2025-11-10 17:00:00,1.4336499999999999,openaq_ground
2025-11-10 18:00:00,1.8245,openaq_ground
2025-11-10 19:00:00,1.248,openaq_ground
2025-11-10 20:00:00,0.6379999999999999,openaq_ground
2025-11-10 21:00:00,0.276,openaq_ground
2025-11-10 22:00:00,0.13115000000000002,openaq_ground
2025-11-10 23:00:00,0.026365,openaq_ground
2025-11-11 00:00:00,0.066,openaq_ground
2025-11-11 01:00:00,0.122415,openaq_ground
2025-11-11 02:00:00,0.2159,openaq_ground
2025-11-11 03:00:00,0.1001,openaq_ground
2025-11-11 04:00:00,0.1311,openaq_ground
2025-11-11 05:00:00,0.46099999999999997,openaq_ground
2025-11-11 06:00:00,1.64,openaq_ground
2025-11-11 07:00:00,1.385,openaq_ground
2025-11-11 08:00:00,1.1655,openaq_ground
2025-11-11 09:00:00,0.953,openaq_ground
2025-11-11 10:00:00,0.87475,openaq_ground
2025-11-11 11:00:00,0.9930000000000001,openaq_ground
2025-11-11 12:00:00,1.1960000000000002,openaq_ground
2025-11-11 13:00:00,1.142,openaq_ground
2025-11-11 14:00:00,1.3875,openaq_ground
2025-11-11 15:00:00,1.3350000000000002,openaq_ground
2025-11-11 16:00:00,1.3466500000000001,openaq_ground
2025-11-11 17:00:00,1.255,openaq_ground
2025-11-11 18:00:00,1.15915,openaq_ground
2025-11-11 19:00:00,1.3739999999999999,openaq_ground
2025-11-11 20:00:00,1.2915,openaq_ground
2025-11-11 21:00:00,0.9335,openaq_ground
2025-11-11 22:00:00,0.957,openaq_ground
2025-11-11 23:00:00,2.142,openaq_ground
2025-11-12 00:00:00,1.792,openaq_ground
2025-11-12 01:00:00,1.0145,openaq_ground
2025-11-12 02:00:00,1.1661,openaq_ground
2025-11-12 03:00:00,0.23675,openaq_ground
2025-11-12 04:00:00,0.43935,openaq_ground
2025-11-12 05:00:00,0.466165,openaq_ground
2025-11-12 12:00:00,0.0347,openaq_ground
2025-11-12 13:00:00,0.586415,openaq_ground
2025-11-12 14:00:00,1.9559,openaq_ground
2025-11-12 15:00:00,2.2169999999999996,openaq_ground
2025-11-12 16:00:00,2.1445,openaq_ground
2025-11-12 17:00:00,2.094,openaq_ground
2025-11-12 18:00:00,2.1734999999999998,openaq_ground
2025-11-12 19:00:00,2.0675,openaq_ground
2025-11-12 20:00:00,1.5170000000000001,openaq_ground
2025-11-12 21:00:00,0.95,openaq_ground
2025-11-12 22:00:00,2.505,openaq_ground
2025-11-12 23:00:00,1.4969999999999999,openaq_ground
2025-11-13 00:00:00,1.0194999999999999,openaq_ground
2025-11-13 01:00:00,0.0629,openaq_ground
2025-11-13 02:00:00,0.097,openaq_ground
2025-11-13 03:00:00,0.1265,openaq_ground
2025-11-13 04:00:00,0.28515,openaq_ground
2025-11-13 06:00:00,0.34185000000000004,openaq_ground
2025-11-13 07:00:00,0.9633499999999999,openaq_ground
2025-11-13 08:00:00,0.9216,openaq_ground
2025-11-13 09:00:00,0.76285,openaq_ground
2025-11-13 10:00:00,0.9115,openaq_ground
2025-11-13 11:00:00,0.9045000000000001,openaq_ground
2025-11-13 12:00:00,0.7045,openaq_ground
2025-11-13 13:00:00,0.8239000000000001,openaq_ground
2025-11-13 14:00:00,0.7765,openaq_ground
2025-11-13 15:00:00,1.1764999999999999,openaq_ground
2025-11-13 16:00:00,1.257,openaq_ground
2025-11-13 17:00:00,0.9125,openaq_ground
2025-11-13 18:00:00,1.1514,openaq_ground
2025-11-13 19:00:00,0.905,openaq_ground
2025-11-13 20:00:00,0.48,openaq_ground
2025-11-13 21:00:00,0.23125,openaq_ground
2025-11-13 22:00:00,5.7765,openaq_ground
2025-11-13 23:00:00,1.3239999999999998,openaq_ground
2025-11-14 00:00:00,0.30310000000000004,openaq_ground
2025-11-14 02:00:00,0.406,openaq_ground
2025-11-14 03:00:00,0.3905,openaq_ground
2025-11-14 04:00:00,0.6715,openaq_ground
2025-11-14 13:00:00,0.9016500000000001,openaq_ground
2025-11-14 14:00:00,1.00675,openaq_ground
2025-11-14 15:00:00,0.90985,openaq_ground
2025-11-14 16:00:00,0.79615,openaq_ground
2025-11-14 17:00:00,0.87775,openaq_ground
2025-11-14 18:00:00,1.011415,openaq_ground
2025-11-14 19:00:00,1.3434,openaq_ground
2025-11-14 20:00:00,1.1872500000000001,openaq_ground
2025-11-14 21:00:00,1.3924999999999998,openaq_ground
2025-11-14 22:00:00,1.0165,openaq_ground
2025-11-14 23:00:00,1.5,openaq_ground
2025-11-15 00:00:00,1.4505,openaq_ground
2025-11-15 01:00:00,0.7019,openaq_ground
2025-11-15 02:00:00,0.3535,openaq_ground
2025-11-15 03:00:00,0.402665,openaq_ground
2025-11-15 04:00:00,0.23275,openaq_ground
2025-11-15 05:00:00,0.27775,openaq_ground
2025-11-15 06:00:00,0.458915,openaq_ground
2025-11-15 07:00:00,0.626415,openaq_ground
2025-11-15 08:00:00,0.53935,openaq_ground
2025-11-15 09:00:00,0.851415,openaq_ground
2025-11-15 10:00:00,1.41775,openaq_ground
2025-11-15 11:00:00,1.2317500000000001,openaq_ground
2025-11-15 12:00:00,1.514,openaq_ground
2025-11-15 13:00:00,2.453,openaq_ground
2025-11-15 14:00:00,2.4515000000000002,openaq_ground
2025-11-15 15:00:00,2.0655,openaq_ground
2025-11-15 16:00:00,1.7105,openaq_ground
2025-11-15 17:00:00,1.982,openaq_ground
2025-11-15 18:00:00,1.976,openaq_ground
2025-11-15 19:00:00,1.145,openaq_ground
2025-11-15 20:00:00,0.7345,openaq_ground
2025-11-15 21:00:00,0.318,openaq_ground
2025-11-15 22:00:00,0.371,openaq_ground
2025-11-15 23:00:00,0.2661,openaq_ground
2025-11-16 00:00:00,0.0619,openaq_ground
2025-11-16 01:00:00,0.12435,openaq_ground
2025-11-16 02:00:00,0.0875,openaq_ground
2025-11-16 04:00:00,0.3175,openaq_ground
2025-11-16 05:00:00,0.3196,openaq_ground
2025-11-16 06:00:00,0.381915,openaq_ground
2025-11-16 07:00:00,0.3345,openaq_ground
2025-11-16 08:00:00,0.25965,openaq_ground
2025-11-16 09:00:00,0.28616499999999995,openaq_ground
2025-11-16 10:00:00,0.255,openaq_ground
2025-11-16 11:00:00,0.27690000000000003,openaq_ground
2025-11-16 12:00:00,0.28175,openaq_ground
2025-11-16 13:00:00,0.4105,openaq_ground
2025-11-16 14:00:00,0.3765,openaq_ground
2025-11-16 15:00:00,0.501415,openaq_ground
2025-11-16 16:00:00,0.425,openaq_ground
2025-11-16 17:00:00,0.5364150000000001,openaq_ground
2025-11-16 18:00:00,0.6665,openaq_ground
2025-11-16 19:00:00,0.4889,openaq_ground
2025-11-16 20:00:00,0.3715,openaq_ground
2025-11-16 21:00:00,0.48285,openaq_ground
2025-11-16 22:00:00,0.496,openaq_ground
2025-11-16 23:00:00,0.45914999999999995,openaq_ground
2025-11-17 00:00:00,0.38039999999999996,openaq_ground
2025-11-17 01:00:00,0.35675,openaq_ground
2025-11-17 02:00:00,0.3065,openaq_ground
2025-11-17 03:00:00,0.55535,openaq_ground
2025-11-17 04:00:00,1.4845,openaq_ground
2025-11-17 05:00:00,1.9529999999999998,openaq_ground
2025-11-17 06:00:00,2.2805,openaq_ground
2025-11-17 09:00:00,1.561,openaq_ground
2025-11-17 10:00:00,1.2054999999999998,openaq_ground
2025-11-17 11:00:00,1.2585,openaq_ground
2025-11-17 12:00:00,1.465,openaq_ground
2025-11-17 13:00:00,1.4024999999999999,openaq_ground
2025-11-17 14:00:00,1.111,openaq_ground
2025-11-17 15:00:00,0.48,openaq_ground
2025-11-17 16:00:00,0.3471,openaq_ground
2025-11-17 17:00:00,0.361,openaq_ground
2025-11-17 18:00:00,0.30824999999999997,openaq_ground
2025-11-17 19:00:00,0.3415,openaq_ground
2025-11-17 20:00:00,0.094665,openaq_ground
2025-11-17 21:00:00,0.0695,openaq_ground
2025-11-17 22:00:00,0.0271,openaq_ground
2025-11-17 23:00:00,0.02845,openaq_ground
2025-11-18 00:00:00,0.0745,openaq_ground
2025-11-18 01:00:00,0.006274999999999999,openaq_ground
2025-11-18 02:00:00,3.0895,openaq_ground
2025-11-18 03:00:00,5.12,openaq_ground
2025-11-18 05:00:00,1.7845,openaq_ground
2025-11-18 06:00:00,2.898,openaq_ground
2025-11-18 07:00:00,2.8449999999999998,openaq_ground
2025-11-18 08:00:00,1.42,openaq_ground
2025-11-18 09:00:00,0.312,openaq_ground
2025-11-18 10:00:00,0.495,openaq_ground
2025-11-18 11:00:00,0.195,openaq_ground
2025-11-18 12:00:00,0.04585,openaq_ground
2025-11-18 13:00:00,0.042749999999999996,openaq_ground
2025-11-18 14:00:00,0.04655,openaq_ground
2025-11-18 15:00:00,0.0645,openaq_ground
2025-11-18 16:00:00,0.1005,openaq_ground
2025-11-18 17:00:00,0.04445,openaq_ground
2025-11-18 18:00:00,0.1445,openaq_ground
2025-11-18 19:00:00,0.1345,openaq_ground
2025-11-18 20:00:00,0.10225,openaq_ground
2025-11-18 21:00:00,0.071,openaq_ground
2025-11-18 22:00:00,0.04445,openaq_ground
2025-11-18 23:00:00,0.0514,openaq_ground
2025-11-19 00:00:00,0.01595,openaq_ground
2025-11-19 01:00:00,0.162,openaq_ground
2025-11-19 02:00:00,0.32725,openaq_ground
2025-11-19 03:00:00,0.298,openaq_ground
2025-11-19 04:00:00,0.145,openaq_ground
2025-11-19 05:00:00,0.846415,openaq_ground
2025-11-19 06:00:00,0.9683499999999999,openaq_ground
2025-11-19 07:00:00,0.45265,openaq_ground
2025-11-19 08:00:00,0.325915,openaq_ground
2025-11-19 09:00:00,0.39275,openaq_ground
2025-11-19 10:00:00,0.29885,openaq_ground
2025-11-19 11:00:00,0.01595,openaq_ground
2025-11-19 12:00:00,0.089,openaq_ground
2025-11-19 13:00:00,0.179915,openaq_ground
2025-11-19 14:00:00,0.10225000000000001,openaq_ground
2025-11-19 15:00:00,0.2905,openaq_ground
2025-11-19 16:00:00,0.71775,openaq_ground
2025-11-19 17:00:00,1.36885,openaq_ground
2025-11-19 18:00:00,1.03975,openaq_ground
2025-11-19 19:00:00,0.6666,openaq_ground
2025-11-19 20:00:00,0.2036,openaq_ground
2025-11-19 21:00:00,0.336,openaq_ground
2025-11-19 22:00:00,0.26435000000000003,openaq_ground
2025-11-19 23:00:00,0.16875,openaq_ground
2025-11-20 00:00:00,0.414,openaq_ground
2025-11-20 01:00:00,0.3599,openaq_ground
2025-11-20 02:00:00,0.33799999999999997,openaq_ground
2025-11-20 03:00:00,0.40465,openaq_ground
2025-11-20 04:00:00,0.33385,openaq_ground
2025-11-20 05:00:00,0.22590000000000002,openaq_ground
2025-11-20 06:00:00,0.27349999999999997,openaq_ground
2025-11-20 07:00:00,0.9975,openaq_ground
2025-11-20 08:00:00,0.7525,openaq_ground
2025-11-20 09:00:00,0.41659999999999997,openaq_ground
2025-11-20 10:00:00,0.565,openaq_ground
2025-11-20 11:00:00,1.0076,openaq_ground
2025-11-20 12:00:00,1.4450999999999998,openaq_ground
2025-11-20 13:00:00,1.6755000000000002,openaq_ground
2025-11-20 14:00:00,1.414,openaq_ground
2025-11-20 15:00:00,1.74865,openaq_ground
2025-11-20 16:00:00,1.802,openaq_ground
2025-11-20 17:00:00,1.5069000000000001,openaq_ground
2025-11-20 18:00:00,1.9135,openaq_ground
2025-11-20 19:00:00,1.144,openaq_ground
2025-11-20 20:00:00,1.613,openaq_ground
2025-11-20 21:00:00,0.9175,openaq_ground
2025-11-20 22:00:00,0.6095,openaq_ground
2025-11-20 23:00:00,0.5544,openaq_ground
2025-11-21 00:00:00,0.6094999999999999,openaq_ground
2025-11-21 01:00:00,0.8274999999999999,openaq_ground
2025-11-21 02:00:00,0.9238500000000001,openaq_ground
2025-11-21 03:00:00,0.77,openaq_ground
2025-11-21 04:00:00,0.671,openaq_ground
2025-11-21 05:00:00,0.6845,openaq_ground
2025-11-21 06:00:00,0.729,openaq_ground
2025-11-21 07:00:00,1.4849999999999999,openaq_ground
2025-11-21 08:00:00,1.4075,openaq_ground
2025-11-21 09:00:00,1.474,openaq_ground
2025-11-21 10:00:00,1.2289999999999999,openaq_ground
2025-11-21 11:00:00,1.2815,openaq_ground
2025-11-21 12:00:00,1.33225,openaq_ground
2025-11-21 13:00:00,1.583,openaq_ground
2025-11-21 14:00:00,1.6615,openaq_ground
2025-11-21 15:00:00,1.6480000000000001,openaq_ground
2025-11-21 16:00:00,2.0275,openaq_ground
2025-11-21 17:00:00,2.5675,openaq_ground
2025-11-21 18:00:00,2.175,openaq_ground
2025-11-21 19:00:00,2.205,openaq_ground
2025-11-21 20:00:00,2.025,openaq_ground
2025-11-21 21:00:00,1.91,openaq_ground
2025-11-21 22:00:00,1.8185,openaq_ground
2025-11-21 23:00:00,1.5370000000000001,openaq_ground
2025-11-22 00:00:00,1.2235,openaq_ground
2025-11-22 01:00:00,1.1325,openaq_ground
2025-11-22 02:00:00,0.9785,openaq_ground
2025-11-22 03:00:00,0.585,openaq_ground
2025-11-22 04:00:00,3.525,openaq_ground
2025-11-22 05:00:00,3.94,openaq_ground
2025-11-22 06:00:00,3.13,openaq_ground
2025-11-22 07:00:00,3.095,openaq_ground
2025-11-22 08:00:00,2.82,openaq_ground
2025-11-22 09:00:00,2.61,openaq_ground
2025-11-22 10:00:00,2.35,openaq_ground
2025-11-22 11:00:00,1.8639999999999999,openaq_ground
2025-11-22 12:00:00,2.0645000000000002,openaq_ground
2025-11-22 13:00:00,1.7294999999999998,openaq_ground
2025-11-22 14:00:00,2.174,openaq_ground
2025-11-22 15:00:00,2.025,openaq_ground
2025-11-22 16:00:00,2.1719999999999997,openaq_ground
2025-11-22 17:00:00,1.909,openaq_ground
2025-11-22 18:00:00,2.13,openaq_ground
2025-11-22 19:00:00,1.4289999999999998,openaq_ground
2025-11-22 20:00:00,1.825,openaq_ground
2025-11-22 21:00:00,0.6135,openaq_ground
2025-11-22 22:00:00,0.5951500000000001,openaq_ground
2025-11-22 23:00:00,0.7669999999999999,openaq_ground
2025-11-23 00:00:00,0.5304,openaq_ground
2025-11-23 01:00:00,0.24115,openaq_ground
2025-11-23 02:00:00,0.3931,openaq_ground
2025-11-23 03:00:00,0.29675,openaq_ground
2025-11-23 04:00:00,0.3895,openaq_ground
2025-11-23 05:00:00,0.51775,openaq_ground
2025-11-23 06:00:00,0.97,openaq_ground
2025-11-23 07:00:00,1.7455,openaq_ground
2025-11-23 08:00:00,1.9340000000000002,openaq_ground
2025-11-23 09:00:00,0.8939999999999999,openaq_ground
2025-11-23 13:00:00,0.85525,openaq_ground
2025-11-23 14:00:00,0.8125,openaq_ground
2025-11-23 15:00:00,0.86385,openaq_ground
2025-11-23 16:00:00,0.85735,openaq_ground
2025-11-23 17:00:00,0.8836499999999999,openaq_ground
2025-11-23 18:00:00,0.85035,openaq_ground
2025-11-23 19:00:00,1.0899999999999999,openaq_ground
2025-11-23 20:00:00,0.7028500000000001,openaq_ground
2025-11-23 21:00:00,0.2016,openaq_ground
2025-11-23 22:00:00,0.1404,openaq_ground
2025-11-23 23:00:00,0.070915,openaq_ground
2025-11-24 00:00:00,0.09309999999999999,openaq_ground
2025-11-24 01:00:00,0.084,openaq_ground
2025-11-24 02:00:00,0.141,openaq_ground
2025-11-24 04:00:00,0.1215,openaq_ground
2025-11-24 05:00:00,0.15615,openaq_ground
2025-11-24 06:00:00,0.2056,openaq_ground
2025-11-24 07:00:00,0.372,openaq_ground
2025-11-24 08:00:00,0.4465,openaq_ground
2025-11-24 09:00:00,0.4515,openaq_ground
2025-11-24 10:00:00,0.65385,openaq_ground
2025-11-24 11:00:00,1.0446499999999999,openaq_ground
2025-11-24 12:00:00,0.6224999999999999,openaq_ground
2025-11-24 13:00:00,0.72375,openaq_ground
2025-11-24 14:00:00,0.9014150000000001,openaq_ground
2025-11-24 15:00:00,0.8989,openaq_ground
2025-11-24 16:00:00,0.962,openaq_ground
2025-11-24 17:00:00,3.5205,openaq_ground
2025-11-24 18:00:00,5.155,openaq_ground
2025-11-24 19:00:00,5.435,openaq_ground
2025-11-24 20:00:00,4.295,openaq_ground
2025-11-24 21:00:00,3.725,openaq_ground
2025-11-24 22:00:00,3.0300000000000002,openaq_ground
2025-11-24 23:00:00,2.68,openaq_ground
2025-11-25 00:00:00,2.2985,openaq_ground
2025-11-25 01:00:00,2.524,openaq_ground
2025-11-25 02:00:00,2.359,openaq_ground
2025-11-25 03:00:00,2.5435,openaq_ground
2025-11-25 04:00:00,2.6334999999999997,openaq_ground
2025-11-25 05:00:00,2.8005,openaq_ground
2025-11-25 06:00:00,3.1294999999999997,openaq_ground
2025-11-25 07:00:00,3.995,openaq_ground
2025-11-25 08:00:00,4.15,openaq_ground
2025-11-25 09:00:00,3.705,openaq_ground
2025-11-25 10:00:00,3.845,openaq_ground
2025-11-25 11:00:00,4.085,openaq_ground
2025-11-25 12:00:00,4.415,openaq_ground
2025-11-25 13:00:00,4.404999999999999,openaq_ground
2025-11-25 14:00:00,3.55,openaq_ground
2025-11-25 15:00:00,3.085,openaq_ground
2025-11-25 16:00:00,2.41,openaq_ground
2025-11-25 17:00:00,1.5835,openaq_ground
2025-11-25 18:00:00,1.589,openaq_ground
2025-11-25 19:00:00,1.0855,openaq_ground
2025-11-25 20:00:00,0.99275,openaq_ground
2025-11-25 21:00:00,0.91835,openaq_ground
2025-11-25 22:00:00,0.77315,openaq_ground
2025-11-25 23:00:00,0.67865,openaq_ground
2025-11-26 00:00:00,0.43775,openaq_ground
2025-11-26 01:00:00,0.49025,openaq_ground
2025-11-26 02:00:00,0.38335,openaq_ground
2025-11-26 03:00:00,0.3936,openaq_ground
2025-11-26 04:00:00,0.65,openaq_ground
2025-11-26 05:00:00,0.9327500000000001,openaq_ground
2025-11-26 06:00:00,1.54165,openaq_ground
2025-11-26 07:00:00,1.73,openaq_ground
2025-11-26 08:00:00,1.3345,openaq_ground
2025-11-26 09:00:00,1.254,openaq_ground
2025-11-26 10:00:00,1.14845,openaq_ground
2025-11-26 11:00:00,0.98,openaq_ground
2025-11-26 12:00:00,1.17835,openaq_ground
2025-11-26 13:00:00,1.4124999999999999,openaq_ground
2025-11-26 14:00:00,1.385,openaq_ground
2025-11-26 15:00:00,1.3895,openaq_ground
2025-11-26 16:00:00,1.2966,openaq_ground
2025-11-26 17:00:00,1.3419999999999999,openaq_ground
2025-11-26 18:00:00,1.3425,openaq_ground
2025-11-26 19:00:00,1.258,openaq_ground
2025-11-26 20:00:00,0.8355,openaq_ground
2025-11-26 21:00:00,0.66625,openaq_ground
2025-11-26 22:00:00,0.5334,openaq_ground
2025-11-26 23:00:00,0.54615,openaq_ground
2025-11-27 00:00:00,0.9836499999999999,openaq_ground
2025-11-27 01:00:00,0.845,openaq_ground
2025-11-27 02:00:00,0.7255,openaq_ground
2025-11-27 03:00:00,0.527,openaq_ground
2025-11-27 04:00:00,0.4174,openaq_ground
2025-11-27 05:00:00,0.7955000000000001,openaq_ground
2025-11-27 06:00:00,1.0205,openaq_ground
2025-11-27 07:00:00,0.9349999999999999,openaq_ground
2025-11-27 08:00:00,1.0295,openaq_ground
2025-11-27 09:00:00,1.181,openaq_ground
2025-11-27 10:00:00,1.168,openaq_ground
2025-11-27 11:00:00,1.1285,openaq_ground
2025-11-27 12:00:00,1.355,openaq_ground
2025-11-27 13:00:00,1.2805,openaq_ground
2025-11-27 14:00:00,1.5635000000000001,openaq_ground
2025-11-27 15:00:00,1.245,openaq_ground
2025-11-27 16:00:00,1.4860000000000002,openaq_ground
2025-11-27 17:00:00,1.334,openaq_ground
2025-11-27 18:00:00,0.38150000000000006,openaq_ground
2025-11-27 19:00:00,0.8700000000000001,openaq_ground
2025-11-27 20:00:00,1.151,openaq_ground
2025-11-27 21:00:00,0.5225,openaq_ground
2025-11-27 22:00:00,0.14985,openaq_ground
2025-11-27 23:00:00,0.12085,openaq_ground
2025-11-28 00:00:00,0.0048850000000000005,openaq_ground
2025-11-28 01:00:00,0.213,openaq_ground
2025-11-28 02:00:00,0.164665,openaq_ground
2025-11-28 03:00:00,0.13615,openaq_ground
2025-11-28 04:00:00,0.277,openaq_ground
2025-11-28 05:00:00,0.5525,openaq_ground
2025-11-28 06:00:00,0.5740000000000001,openaq_ground
2025-11-28 07:00:00,0.9258500000000001,openaq_ground
2025-11-28 08:00:00,1.6715,openaq_ground
2025-11-28 09:00:00,2.505,openaq_ground
2025-11-28 10:00:00,1.9195,openaq_ground
2025-11-28 11:00:00,0.8519,openaq_ground
2025-11-28 12:00:00,0.358915,openaq_ground
2025-11-28 13:00:00,0.54,openaq_ground
2025-11-28 14:00:00,1.124165,openaq_ground
2025-11-28 15:00:00,1.8396,openaq_ground
2025-11-28 16:00:00,3.9775,openaq_ground
2025-11-28 17:00:00,2.5225,openaq_ground
2025-11-28 18:00:00,2.3215000000000003,openaq_ground
2025-11-28 19:00:00,1.5230000000000001,openaq_ground
2025-11-28 20:00:00,1.101,openaq_ground
2025-11-28 21:00:00,0.889,openaq_ground
2025-11-28 22:00:00,0.93,openaq_ground
2025-11-28 23:00:00,0.9339999999999999,openaq_ground
2025-11-29 00:00:00,0.6985,openaq_ground
2025-11-29 01:00:00,0.51025,openaq_ground
2025-11-29 02:00:00,0.6635,openaq_ground
2025-11-29 03:00:00,0.6215,openaq_ground
2025-11-29 04:00:00,0.6355000000000001,openaq_ground
2025-11-29 05:00:00,0.831,openaq_ground
2025-11-29 06:00:00,1.2374999999999998,openaq_ground
2025-11-29 07:00:00,0.984,openaq_ground
2025-11-29 08:00:00,1.5165,openaq_ground
2025-11-29 09:00:00,1.464,openaq_ground
2025-11-29 10:00:00,1.5345,openaq_ground
2025-11-29 11:00:00,1.6099999999999999,openaq_ground
2025-11-29 12:00:00,1.9364999999999999,openaq_ground
2025-11-29 13:00:00,2.6705,openaq_ground
2025-11-29 14:00:00,3.9299999999999997,openaq_ground
2025-11-29 15:00:00,2.1265,openaq_ground
2025-11-29 16:00:00,2.5700000000000003,openaq_ground
2025-11-29 17:00:00,2.223,openaq_ground
2025-11-29 18:00:00,1.694,openaq_ground
2025-11-29 19:00:00,1.3704999999999998,openaq_ground
2025-11-29 20:00:00,1.20075,openaq_ground
2025-11-29 21:00:00,1.5130000000000001,openaq_ground
2025-11-29 22:00:00,2.6665,openaq_ground
2025-11-29 23:00:00,2.4539999999999997,openaq_ground
2025-11-30 00:00:00,2.5285,openaq_ground
2025-11-30 01:00:00,2.4090000000000003,openaq_ground
2025-11-30 02:00:00,3.0915,openaq_ground
2025-11-30 03:00:00,3.25,openaq_ground
2025-11-30 04:00:00,1.504,openaq_ground
2025-11-30 05:00:00,1.9665,openaq_ground
2025-11-30 06:00:00,2.2815,openaq_ground
2025-11-30 07:00:00,3.255,openaq_ground
2025-11-30 08:00:00,3.1790000000000003,openaq_ground
2025-11-30 09:00:00,3.0265,openaq_ground
2025-11-30 10:00:00,3.213,openaq_ground
2025-11-30 11:00:00,3.3150000000000004,openaq_ground
2025-11-30 12:00:00,3.783,openaq_ground
2025-11-30 13:00:00,3.439,openaq_ground
2025-11-30 14:00:00,3.2395,openaq_ground
2025-11-30 15:00:00,2.774,openaq_ground
2025-11-30 16:00:00,1.8045,openaq_ground
2025-11-30 17:00:00,1.4400000000000002,openaq_ground
2025-11-30 18:00:00,0.9815,openaq_ground
2025-11-30 19:00:00,0.7815,openaq_ground
2025-11-30 20:00:00,0.45790000000000003,openaq_ground
2025-11-30 21:00:00,0.434,openaq_ground
2025-11-30 22:00:00,0.507,openaq_ground
2025-11-30 23:00:00,0.493,openaq_ground
2025-12-01 00:00:00,0.435,openaq_ground
2025-12-01 01:00:00,0.566,openaq_ground
2025-12-01 02:00:00,0.6935,openaq_ground
2025-12-01 03:00:00,0.5675,openaq_ground
2025-12-01 04:00:00,0.5579999999999999,openaq_ground
2025-12-01 05:00:00,0.7685,openaq_ground
2025-12-01 06:00:00,0.995,openaq_ground
2025-12-01 07:00:00,0.73,openaq_ground
2025-12-01 09:00:00,1.1885000000000001,openaq_ground
2025-12-01 10:00:00,0.9885,openaq_ground
2025-12-01 11:00:00,0.9725,openaq_ground
2025-12-01 12:00:00,0.9009,openaq_ground
2025-12-01 13:00:00,1.0814,openaq_ground
2025-12-01 14:00:00,1.2575,openaq_ground
2025-12-01 15:00:00,1.2790000000000001,openaq_ground
2025-12-01 16:00:00,1.003,openaq_ground
2025-12-01 17:00:00,1.3399999999999999,openaq_ground
2025-12-01 18:00:00,1.0775,openaq_ground
2025-12-01 19:00:00,1.0465,openaq_ground
2025-12-01 20:00:00,0.8704999999999999,openaq_ground
2025-12-01 21:00:00,0.959,openaq_ground
2025-12-01 22:00:00,0.7695000000000001,openaq_ground
2025-12-01 23:00:00,0.994,openaq_ground
2025-12-02 00:00:00,2.52,openaq_ground
2025-12-02 01:00:00,1.529,openaq_ground
2025-12-02 02:00:00,1.1625,openaq_ground
2025-12-02 03:00:00,0.7895,openaq_ground
2025-12-02 04:00:00,0.4565,openaq_ground
2025-12-02 05:00:00,0.79,openaq_ground
2025-12-02 06:00:00,0.9385000000000001,openaq_ground
2025-12-02 07:00:00,0.6415,openaq_ground
2025-12-02 08:00:00,0.6995,openaq_ground
2025-12-02 09:00:00,0.62615,openaq_ground
2025-12-02 10:00:00,0.24960000000000002,openaq_ground
2025-12-02 11:00:00,0.595,openaq_ground
2025-12-02 12:00:00,0.8895,openaq_ground
2025-12-02 13:00:00,0.5545,openaq_ground
2025-12-02 14:00:00,0.40199999999999997,openaq_ground
2025-12-02 15:00:00,0.4385,openaq_ground
2025-12-02 16:00:00,0.5705,openaq_ground
2025-12-02 17:00:00,0.7075,openaq_ground
2025-12-02 18:00:00,0.725,openaq_ground
2025-12-02 19:00:00,0.8014,openaq_ground
2025-12-02 20:00:00,0.9811,openaq_ground
2025-12-02 21:00:00,1.2971499999999998,openaq_ground
2025-12-02 22:00:00,1.4031,openaq_ground
2025-12-02 23:00:00,1.17535,openaq_ground
2025-12-03 00:00:00,1.632,openaq_ground
2025-12-03 01:00:00,1.4588999999999999,openaq_ground
2025-12-03 02:00:00,0.5774999999999999,openaq_ground
2025-12-03 03:00:00,0.72085,openaq_ground
2025-12-03 04:00:00,0.6085,openaq_ground
2025-12-03 05:00:00,0.3535,openaq_ground
2025-12-03 06:00:00,0.37365,openaq_ground
2025-12-03 07:00:00,0.3791,openaq_ground
2025-12-03 08:00:00,0.43074999999999997,openaq_ground
2025-12-03 09:00:00,0.35464999999999997,openaq_ground
2025-12-03 10:00:00,0.40775,openaq_ground
2025-12-03 11:00:00,0.272835,openaq_ground
2025-12-03 12:00:00,0.7956000000000001,openaq_ground
2025-12-03 13:00:00,0.64835,openaq_ground
2025-12-03 14:00:00,0.4889,openaq_ground
2025-12-03 15:00:00,0.505,openaq_ground
2025-12-03 16:00:00,0.7100000000000001,openaq_ground
2025-12-03 17:00:00,0.49365000000000003,openaq_ground
2025-12-03 18:00:00,0.3539,openaq_ground
2025-12-03 19:00:00,0.1945,openaq_ground
2025-12-03 20:00:00,0.20485,openaq_ground
2025-12-03 21:00:00,1.2325,openaq_ground
2025-12-03 22:00:00,0.0438,openaq_ground
2025-12-03 23:00:00,0.04655,openaq_ground
2025-12-04 00:00:00,0.0347,openaq_ground
2025-12-04 01:00:00,0.084,openaq_ground
2025-12-04 02:00:00,0.8919,openaq_ground
2025-12-04 03:00:00,0.6928500000000001,openaq_ground
2025-12-04 04:00:00,0.69025,openaq_ground
2025-12-04 05:00:00,0.9044,openaq_ground
2025-12-04 06:00:00,2.45,openaq_ground
2025-12-04 07:00:00,1.5470000000000002,openaq_ground
2025-12-04 08:00:00,1.512,openaq_ground
2025-12-04 09:00:00,1.408,openaq_ground
2025-12-04 10:00:00,1.2145000000000001,openaq_ground
2025-12-04 11:00:00,0.68615,openaq_ground
2025-12-04 12:00:00,0.7599,openaq_ground
2025-12-04 13:00:00,0.9408500000000001,openaq_ground
2025-12-04 14:00:00,0.6456000000000001,openaq_ground
2025-12-04 15:00:00,0.5226,openaq_ground
2025-12-04 16:00:00,0.6709,openaq_ground
2025-12-04 17:00:00,0.5804999999999999,openaq_ground
2025-12-04 18:00:00,0.436,openaq_ground
2025-12-04 19:00:00,2.283,openaq_ground
2025-12-04 20:00:00,0.8445,openaq_ground
2025-12-04 21:00:00,0.31934999999999997,openaq_ground
2025-12-04 22:00:00,0.4439,openaq_ground
2025-12-04 23:00:00,0.43835,openaq_ground
2025-12-05 00:00:00,0.47375,openaq_ground
2025-12-05 01:00:00,1.077,openaq_ground
2025-12-05 02:00:00,1.4835,openaq_ground
2025-12-05 03:00:00,1.7280000000000002,openaq_ground
2025-12-05 04:00:00,2.3505,openaq_ground
2025-12-05 05:00:00,2.048,openaq_ground
2025-12-05 06:00:00,2.097,openaq_ground
2025-12-05 07:00:00,2.6799999999999997,openaq_ground
2025-12-05 08:00:00,3.4699999999999998,openaq_ground
2025-12-05 09:00:00,2.915,openaq_ground
2025-12-05 10:00:00,4.09,openaq_ground
2025-12-05 11:00:00,5.095,openaq_ground
2025-12-05 12:00:00,5.550000000000001,openaq_ground
2025-12-05 13:00:00,1.8375000000000001,openaq_ground
2025-12-05 14:00:00,2.1725,openaq_ground
2025-12-05 15:00:00,2.5425,openaq_ground
2025-12-05 16:00:00,2.822,openaq_ground
2025-12-05 17:00:00,3.1305,openaq_ground
2025-12-05 18:00:00,4.745,openaq_ground
2025-12-05 19:00:00,3.8249999999999997,openaq_ground
2025-12-05 20:00:00,2.5700000000000003,openaq_ground
2025-12-05 21:00:00,2.001,openaq_ground
2025-12-05 22:00:00,2.1985,openaq_ground
2025-12-05 23:00:00,2.181,openaq_ground
2025-12-06 00:00:00,1.946,openaq_ground
2025-12-06 01:00:00,1.7405000000000002,openaq_ground
2025-12-06 02:00:00,1.6195000000000002,openaq_ground
2025-12-06 03:00:00,1.505,openaq_ground
2025-12-06 04:00:00,1.556,openaq_ground
2025-12-06 05:00:00,1.2745,openaq_ground
2025-12-06 06:00:00,1.536,openaq_ground
2025-12-06 07:00:00,1.9364999999999999,openaq_ground
2025-12-06 08:00:00,2.1635,openaq_ground
2025-12-06 09:00:00,2.0395,openaq_ground
2025-12-06 10:00:00,3.232,openaq_ground
2025-12-06 11:00:00,3.0375,openaq_ground
2025-12-06 12:00:00,2.1515,openaq_ground
2025-12-06 13:00:00,2.55,openaq_ground
2025-12-06 14:00:00,3.8850000000000002,openaq_ground
2025-12-06 15:00:00,1.8335,openaq_ground
2025-12-06 16:00:00,1.849,openaq_ground
2025-12-06 17:00:00,1.5605,openaq_ground
2025-12-06 18:00:00,1.5165,openaq_ground
2025-12-06 19:00:00,1.5755000000000001,openaq_ground
2025-12-06 20:00:00,1.022,openaq_ground
2025-12-06 21:00:00,0.7265,openaq_ground
2025-12-06 22:00:00,0.7515000000000001,openaq_ground
2025-12-06 23:00:00,1.069,openaq_ground
2025-12-07 00:00:00,1.0310000000000001,openaq_ground
2025-12-07 01:00:00,0.6915,openaq_ground
2025-12-07 02:00:00,0.4225,openaq_ground
2025-12-07 03:00:00,0.40249999999999997,openaq_ground
2025-12-07 04:00:00,0.6865,openaq_ground
2025-12-07 05:00:00,0.7985,openaq_ground
2025-12-07 06:00:00,1.0150000000000001,openaq_ground
2025-12-07 07:00:00,0.982,openaq_ground
2025-12-07 08:00:00,1.1145,openaq_ground
2025-12-07 09:00:00,1.049,openaq_ground
2025-12-07 10:00:00,1.1435,openaq_ground
2025-12-07 11:00:00,1.882,openaq_ground
2025-12-07 12:00:00,2.901,openaq_ground
2025-12-07 13:00:00,3.1390000000000002,openaq_ground
2025-12-07 14:00:00,3.0919999999999996,openaq_ground
2025-12-07 15:00:00,3.335,openaq_ground
2025-12-07 16:00:00,2.8000000000000003,openaq_ground
2025-12-07 17:00:00,3.337,openaq_ground
2025-12-07 18:00:00,2.8979999999999997,openaq_ground
2025-12-07 19:00:00,2.885,openaq_ground
2025-12-07 20:00:00,1.375,openaq_ground
2025-12-07 21:00:00,1.3929999999999998,openaq_ground
2025-12-07 22:00:00,1.534,openaq_ground
2025-12-07 23:00:00,1.3679999999999999,openaq_ground
2025-12-08 00:00:00,1.5935,openaq_ground
2025-12-08 01:00:00,1.6800000000000002,openaq_ground
2025-12-08 02:00:00,1.2085000000000001,openaq_ground
2025-12-08 03:00:00,0.7865,openaq_ground
2025-12-08 04:00:00,0.9504999999999999,openaq_ground
2025-12-08 05:00:00,0.9495,openaq_ground
2025-12-08 06:00:00,1.149,openaq_ground
2025-12-08 07:00:00,0.9365,openaq_ground
2025-12-08 08:00:00,1.266,openaq_ground
2025-12-08 09:00:00,1.6375,openaq_ground
2025-12-08 10:00:00,2.0345,openaq_ground
2025-12-08 11:00:00,2.0875,openaq_ground
2025-12-08 12:00:00,2.415,openaq_ground
2025-12-08 13:00:00,2.15,openaq_ground
2025-12-08 14:00:00,2.4234999999999998,openaq_ground
2025-12-08 15:00:00,2.2375,openaq_ground
2025-12-08 16:00:00,2.427,openaq_ground
2025-12-08 17:00:00,2.9535,openaq_ground
2025-12-08 18:00:00,3.182,openaq_ground
2025-12-08 19:00:00,1.3565,openaq_ground
2025-12-08 20:00:00,0.6605,openaq_ground
2025-12-08 21:00:00,0.45,openaq_ground
2025-12-08 22:00:00,0.318,openaq_ground
2025-12-08 23:00:00,0.36524999999999996,openaq_ground
2025-12-09 00:00:00,0.41615,openaq_ground
2025-12-09 01:00:00,0.53085,openaq_ground
2025-12-09 02:00:00,1.0069,openaq_ground
2025-12-09 03:00:00,0.7111,openaq_ground
2025-12-09 04:00:00,0.33965,openaq_ground
2025-12-09 05:00:00,0.38389999999999996,openaq_ground
2025-12-09 06:00:00,0.3895,openaq_ground
2025-12-09 07:00:00,0.5156000000000001,openaq_ground
2025-12-09 08:00:00,0.59115,openaq_ground
2025-12-09 09:00:00,0.57,openaq_ground
2025-12-09 10:00:00,0.55835,openaq_ground
2025-12-09 11:00:00,0.7416499999999999,openaq_ground
2025-12-09 12:00:00,0.7949999999999999,openaq_ground
2025-12-09 13:00:00,0.8485,openaq_ground
2025-12-09 14:00:00,1.002,openaq_ground
2025-12-09 15:00:00,1.08,openaq_ground
2025-12-09 16:00:00,1.3345,openaq_ground
2025-12-09 17:00:00,1.609,openaq_ground
2025-12-09 18:00:00,1.704,openaq_ground
2025-12-09 19:00:00,1.3415,openaq_ground
2025-12-09 20:00:00,1.093,openaq_ground
2025-12-09 21:00:00,0.8255,openaq_ground
2025-12-09 22:00:00,0.7545,openaq_ground
2025-12-09 23:00:00,0.5405,openaq_ground
2025-12-10 00:00:00,0.4584,openaq_ground
2025-12-10 01:00:00,0.9930000000000001,openaq_ground
2025-12-10 02:00:00,0.9944999999999999,openaq_ground
2025-12-10 03:00:00,0.921,openaq_ground
2025-12-10 04:00:00,2.141,openaq_ground
2025-12-10 05:00:00,4.1450000000000005,openaq_ground
2025-12-10 06:00:00,4.73,openaq_ground
2025-12-10 07:00:00,4.47,openaq_ground
2025-12-10 08:00:00,4.109999999999999,openaq_ground
2025-12-10 09:00:00,3.425,openaq_ground
2025-12-10 10:00:00,1.595,openaq_ground
2025-12-10 11:00:00,1.4505,openaq_ground
2025-12-10 12:00:00,1.4895,openaq_ground
2025-12-10 13:00:00,1.184,openaq_ground
2025-12-10 14:00:00,1.2165000000000001,openaq_ground
2025-12-10 15:00:00,1.3575,openaq_ground
2025-12-10 16:00:00,1.2309999999999999,openaq_ground
2025-12-10 17:00:00,1.333,openaq_ground
2025-12-10 18:00:00,1.898,openaq_ground
2025-12-10 19:00:00,2.275,openaq_ground
2025-12-10 20:00:00,2.885,openaq_ground
2025-12-10 21:00:00,2.895,openaq_ground
2025-12-10 22:00:00,2.915,openaq_ground
2025-12-10 23:00:00,3.09,openaq_ground
2025-12-11 00:00:00,3.1799999999999997,openaq_ground
2025-12-11 01:00:00,3.01,openaq_ground
2025-12-11 02:00:00,2.0700000000000003,openaq_ground
2025-12-11 03:00:00,1.435,openaq_ground
2025-12-11 04:00:00,1.105,openaq_ground
2025-12-11 05:00:00,1.4100000000000001,openaq_ground
2025-12-11 06:00:00,1.65,openaq_ground
2025-12-11 07:00:00,12.579999999999998,openaq_ground
2025-12-11 08:00:00,7.84,openaq_ground
2025-12-11 09:00:00,2.022,openaq_ground
2025-12-11 10:00:00,2.0549999999999997,openaq_ground
2025-12-11 11:00:00,1.9885,openaq_ground
2025-12-11 12:00:00,1.981,openaq_ground
2025-12-11 13:00:00,1.838,openaq_ground
2025-12-11 14:00:00,1.5505,openaq_ground
2025-12-11 15:00:00,1.125,openaq_ground
2025-12-11 16:00:00,0.899,openaq_ground
2025-12-11 17:00:00,0.695,openaq_ground
2025-12-11 18:00:00,1.8725,openaq_ground
2025-12-11 19:00:00,3.7700000000000005,openaq_ground
2025-12-11 20:00:00,2.175,openaq_ground
2025-12-11 21:00:00,1.475,openaq_ground
2025-12-11 22:00:00,1.31,openaq_ground
2025-12-11 23:00:00,1.46,openaq_ground
2025-12-12 00:00:00,1.3895,openaq_ground
2025-12-12 01:00:00,2.778,openaq_ground
2025-12-12 02:00:00,3.7,openaq_ground
2025-12-12 03:00:00,3.235,openaq_ground
2025-12-12 04:00:00,1.945,openaq_ground
2025-12-12 05:00:00,1.501,openaq_ground
2025-12-12 06:00:00,1.106,openaq_ground
2025-12-12 07:00:00,1.3865,openaq_ground
2025-12-12 08:00:00,1.6895,openaq_ground
2025-12-12 09:00:00,2.13,openaq_ground
2025-12-12 10:00:00,2.0229999999999997,openaq_ground
2025-12-12 11:00:00,2.269,openaq_ground
2025-12-12 12:00:00,2.4185,openaq_ground
2025-12-12 13:00:00,2.48,openaq_ground
2025-12-12 14:00:00,2.26,openaq_ground
2025-12-12 15:00:00,1.5805,openaq_ground
2025-12-12 16:00:00,1.088,openaq_ground
2025-12-12 17:00:00,0.8565,openaq_ground
2025-12-12 18:00:00,1.0825,openaq_ground
2025-12-12 19:00:00,1.081,openaq_ground
2025-12-12 20:00:00,0.5175,openaq_ground
2025-12-12 21:00:00,0.5075000000000001,openaq_ground
2025-12-12 22:00:00,0.4755,openaq_ground
2025-12-12 23:00:00,0.375,openaq_ground
2025-12-13 00:00:00,0.327,openaq_ground
2025-12-13 01:00:00,0.212,openaq_ground
2025-12-13 02:00:00,0.23115000000000002,openaq_ground
2025-12-13 03:00:00,0.2744,openaq_ground
2025-12-13 04:00:00,10.2389,openaq_ground
2025-12-13 05:00:00,1.89165,openaq_ground
2025-12-13 06:00:00,0.76025,openaq_ground
2025-12-13 07:00:00,1.6185,openaq_ground
2025-12-13 08:00:00,1.8235000000000001,openaq_ground
2025-12-13 09:00:00,3.0035,openaq_ground
2025-12-13 10:00:00,1.7405,openaq_ground
2025-12-13 11:00:00,1.662,openaq_ground
2025-12-13 12:00:00,1.851,openaq_ground
2025-12-13 13:00:00,3.0855,openaq_ground
2025-12-13 14:00:00,2.54,openaq_ground
2025-12-13 15:00:00,3.04,openaq_ground
2025-12-13 16:00:00,2.06,openaq_ground
2025-12-13 17:00:00,1.9695,openaq_ground
2025-12-13 18:00:00,3.0505,openaq_ground
2025-12-13 19:00:00,1.274,openaq_ground
2025-12-13 20:00:00,0.9850000000000001,openaq_ground
2025-12-13 21:00:00,0.9515,openaq_ground
2025-12-13 22:00:00,1.48,openaq_ground
2025-12-13 23:00:00,1.32,openaq_ground
2025-12-14 00:00:00,1.661,openaq_ground
2025-12-14 01:00:00,0.9644999999999999,openaq_ground
2025-12-14 02:00:00,0.7335,openaq_ground
2025-12-14 03:00:00,0.6955,openaq_ground
2025-12-14 04:00:00,0.6960000000000001,openaq_ground
2025-12-14 05:00:00,0.6695,openaq_ground
2025-12-14 06:00:00,0.3424,openaq_ground
2025-12-14 07:00:00,0.441,openaq_ground
2025-12-14 08:00:00,0.4056,openaq_ground
2025-12-14 09:00:00,0.4395,openaq_ground
2025-12-14 10:00:00,0.44085,openaq_ground
2025-12-14 11:00:00,0.57225,openaq_ground
2025-12-14 12:00:00,0.5306,openaq_ground
2025-12-14 13:00:00,0.443,openaq_ground
2025-12-14 14:00:00,0.48950000000000005,openaq_ground
2025-12-14 15:00:00,0.4679,openaq_ground
2025-12-14 16:00:00,0.5121,openaq_ground
2025-12-14 17:00:00,0.3389,openaq_ground
2025-12-14 18:00:00,0.3405,openaq_ground
2025-12-14 19:00:00,0.35085,openaq_ground
2025-12-14 20:00:00,0.3065,openaq_ground
2025-12-14 21:00:00,0.3495,openaq_ground
2025-12-14 22:00:00,0.29425,openaq_ground
2025-12-14 23:00:00,0.31035,openaq_ground
2025-12-15 00:00:00,0.33515,openaq_ground
2025-12-15 01:00:00,0.32725,openaq_ground
2025-12-15 02:00:00,0.38034999999999997,openaq_ground
2025-12-15 03:00:00,0.245,openaq_ground
2025-12-15 04:00:00,0.4835,openaq_ground
2025-12-15 05:00:00,0.7889999999999999,openaq_ground
2025-12-15 06:00:00,0.9545,openaq_ground
2025-12-15 07:00:00,0.937,openaq_ground
2025-12-15 08:00:00,1.074,openaq_ground
2025-12-15 09:00:00,1.08,openaq_ground
2025-12-15 10:00:00,1.0205,openaq_ground
2025-12-15 11:00:00,1.1315,openaq_ground
2025-12-15 12:00:00,1.3515,openaq_ground
2025-12-15 13:00:00,1.442,openaq_ground
2025-12-15 14:00:00,1.587,openaq_ground
2025-12-15 15:00:00,1.4249999999999998,openaq_ground
2025-12-15 16:00:00,1.5530000000000002,openaq_ground
2025-12-15 17:00:00,1.8735,openaq_ground
2025-12-15 18:00:00,1.583,openaq_ground
2025-12-15 19:00:00,1.2389999999999999,openaq_ground
2025-12-15 20:00:00,0.8855000000000001,openaq_ground
2025-12-15 21:00:00,0.7445,openaq_ground
2025-12-15 22:00:00,1.067,openaq_ground
2025-12-15 23:00:00,1.6355,openaq_ground
2025-12-16 00:00:00,1.4360000000000002,openaq_ground
2025-12-16 01:00:00,1.5470000000000002,openaq_ground
2025-12-16 02:00:00,2.1045,openaq_ground
2025-12-16 03:00:00,1.0165,openaq_ground
2025-12-16 04:00:00,0.6715,openaq_ground
2025-12-16 05:00:00,1.1265,openaq_ground
2025-12-16 06:00:00,0.7535000000000001,openaq_ground
2025-12-16 07:00:00,0.9415,openaq_ground
2025-12-16 08:00:00,1.074,openaq_ground
2025-12-16 09:00:00,1.099,openaq_ground
2025-12-16 10:00:00,1.504,openaq_ground
2025-12-16 11:00:00,1.1079999999999999,openaq_ground
2025-12-16 12:00:00,0.84,openaq_ground
2025-12-16 13:00:00,0.65415,openaq_ground
2025-12-16 14:00:00,0.4234,openaq_ground
2025-12-16 15:00:00,0.6489,openaq_ground
2025-12-16 16:00:00,0.63775,openaq_ground
2025-12-16 17:00:00,0.5455,openaq_ground
2025-12-16 18:00:00,0.48935,openaq_ground
2025-12-16 19:00:00,0.31275,openaq_ground
2025-12-16 20:00:00,0.2874,openaq_ground
2025-12-16 21:00:00,0.18175000000000002,openaq_ground
2025-12-16 22:00:00,0.079,openaq_ground
2025-12-16 23:00:00,0.0815,openaq_ground
2025-12-17 00:00:00,0.100665,openaq_ground
2025-12-17 01:00:00,0.04445,openaq_ground
2025-12-17 02:00:00,0.07266500000000001,openaq_ground
2025-12-17 03:00:00,0.06585,openaq_ground
2025-12-17 04:00:00,0.131835,openaq_ground
2025-12-17 05:00:00,1.271415,openaq_ground
2025-12-17 06:00:00,0.5215,openaq_ground
2025-12-17 07:00:00,0.6831,openaq_ground
2025-12-17 09:00:00,0.9515,openaq_ground
2025-12-17 10:00:00,1.0195,openaq_ground
2025-12-17 11:00:00,1.0705,openaq_ground
2025-12-17 12:00:00,1.2595,openaq_ground
2025-12-17 13:00:00,0.994,openaq_ground
2025-12-17 14:00:00,0.83665,openaq_ground
2025-12-17 15:00:00,0.8017500000000001,openaq_ground
2025-12-17 16:00:00,0.894,openaq_ground
2025-12-17 17:00:00,0.824,openaq_ground
2025-12-17 18:00:00,0.4925,openaq_ground
2025-12-17 19:00:00,0.43060000000000004,openaq_ground
2025-12-17 20:00:00,0.13975,openaq_ground
2025-12-17 21:00:00,0.1956,openaq_ground
2025-12-17 22:00:00,0.20115,openaq_ground
2025-12-17 23:00:00,0.08600000000000001,openaq_ground
2025-12-18 00:00:00,0.114,openaq_ground
2025-12-18 01:00:00,0.066,openaq_ground
2025-12-18 02:00:00,0.074915,openaq_ground
2025-12-18 03:00:00,0.1291,openaq_ground
2025-12-18 04:00:00,0.52,openaq_ground
2025-12-18 05:00:00,0.12985,openaq_ground
2025-12-18 06:00:00,0.3061,openaq_ground
2025-12-18 07:00:00,0.4535,openaq_ground
2025-12-18 08:00:00,0.828,openaq_ground
2025-12-18 09:00:00,0.7305,openaq_ground
2025-12-18 10:00:00,1.027,openaq_ground
2025-12-18 11:00:00,0.5800000000000001,openaq_ground
2025-12-18 12:00:00,0.43125,openaq_ground
2025-12-18 13:00:00,0.4265,openaq_ground
2025-12-18 14:00:00,0.3076,openaq_ground
2025-12-18 15:00:00,0.0915,openaq_ground
2025-12-18 16:00:00,0.10350000000000001,openaq_ground
2025-12-18 17:00:00,0.109915,openaq_ground
2025-12-18 18:00:00,0.104,openaq_ground
2025-12-18 19:00:00,0.0645,openaq_ground
2025-12-18 20:00:00,0.0298,openaq_ground
2025-12-18 21:00:00,0.0201,openaq_ground
2025-12-18 22:00:00,0.15365,openaq_ground
2025-12-18 23:00:00,0.06595,openaq_ground
2025-12-19 00:00:00,0.053500000000000006,openaq_ground
2025-12-19 01:00:00,0.050715,openaq_ground
2025-12-19 02:00:00,0.0935,openaq_ground
2025-12-19 03:00:00,0.17265,openaq_ground
2025-12-19 04:00:00,0.135665,openaq_ground
2025-12-19 05:00:00,0.11685000000000001,openaq_ground
2025-12-19 06:00:00,0.4061,openaq_ground
2025-12-19 07:00:00,0.6954,openaq_ground
2025-12-19 08:00:00,0.6416,openaq_ground
2025-12-19 09:00:00,0.6099,openaq_ground
2025-12-19 10:00:00,0.8483499999999999,openaq_ground
2025-12-19 11:00:00,1.0555,openaq_ground
2025-12-19 12:00:00,1.349,openaq_ground
2025-12-19 13:00:00,1.3245,openaq_ground
2025-12-19 14:00:00,1.978,openaq_ground
2025-12-19 15:00:00,1.896,openaq_ground
2025-12-19 16:00:00,2.7035,openaq_ground
2025-12-19 17:00:00,3.36,openaq_ground
2025-12-19 18:00:00,3.185,openaq_ground
2025-12-19 19:00:00,2.33,openaq_ground
2025-12-19 20:00:00,1.6219999999999999,openaq_ground
2025-12-19 21:00:00,1.057,openaq_ground
2025-12-19 22:00:00,0.618,openaq_ground
2025-12-19 23:00:00,0.495,openaq_ground
2025-12-20 00:00:00,0.4355,openaq_ground
2025-12-20 01:00:00,0.593,openaq_ground
2025-12-20 02:00:00,0.6465000000000001,openaq_ground
2025-12-20 03:00:00,0.7775,openaq_ground
2025-12-20 04:00:00,0.8679999999999999,openaq_ground
2025-12-20 05:00:00,0.5075,openaq_ground
2025-12-20 06:00:00,1.792,openaq_ground
2025-12-20 07:00:00,0.5614,openaq_ground
2025-12-20 08:00:00,0.4356,openaq_ground
2025-12-20 09:00:00,0.49524999999999997,openaq_ground
2025-12-20 10:00:00,0.5489,openaq_ground
2025-12-20 11:00:00,0.63615,openaq_ground
2025-12-20 12:00:00,0.5314,openaq_ground
2025-12-20 13:00:00,0.39725,openaq_ground
2025-12-20 14:00:00,0.5005,openaq_ground
2025-12-20 15:00:00,0.3839,openaq_ground
2025-12-20 16:00:00,0.27225,openaq_ground
2025-12-20 17:00:00,0.2551,openaq_ground
2025-12-20 18:00:00,0.279,openaq_ground
2025-12-20 19:00:00,0.148,openaq_ground
2025-12-20 20:00:00,0.19535,openaq_ground
2025-12-20 21:00:00,0.4195,openaq_ground
2025-12-20 22:00:00,0.0132,openaq_ground
2025-12-20 23:00:00,0.0565,openaq_ground
2025-12-21 00:00:00,0.03475,openaq_ground
2025-12-21 01:00:00,0.0257,openaq_ground
2025-12-21 02:00:00,0.01665,openaq_ground
2025-12-21 03:00:00,0.00765,openaq_ground
2025-12-21 04:00:00,0.0111,openaq_ground
2025-12-21 05:00:00,0.05,openaq_ground
2025-12-21 06:00:00,0.1005,openaq_ground
2025-12-21 07:00:00,0.22985,openaq_ground
2025-12-21 08:00:00,0.21035,openaq_ground
2025-12-21 09:00:00,0.43316499999999997,openaq_ground
2025-12-21 10:00:00,0.15375,openaq_ground
2025-12-21 11:00:00,0.1375,openaq_ground
2025-12-21 12:00:00,0.124415,openaq_ground
2025-12-21 13:00:00,0.127,openaq_ground
2025-12-21 14:00:00,0.148,openaq_ground
2025-12-21 15:00:00,0.23825,openaq_ground
2025-12-21 16:00:00,0.33890000000000003,openaq_ground
2025-12-21 17:00:00,0.3054,openaq_ground
2025-12-21 18:00:00,0.2805,openaq_ground
2025-12-21 19:00:00,0.163,openaq_ground
2025-12-21 20:00:00,0.064,openaq_ground
2025-12-21 21:00:00,0.112,openaq_ground
2025-12-21 22:00:00,0.2006,openaq_ground
2025-12-21 23:00:00,0.2645,openaq_ground
2025-12-22 00:00:00,0.2291,openaq_ground
2025-12-22 01:00:00,0.2745,openaq_ground
2025-12-22 02:00:00,0.7305,openaq_ground
2025-12-22 03:00:00,0.69725,openaq_ground
2025-12-22 04:00:00,0.35085,openaq_ground
2025-12-22 05:00:00,1.04165,openaq_ground
2025-12-22 06:00:00,0.6525,openaq_ground
2025-12-22 07:00:00,2.084,openaq_ground
2025-12-22 08:00:00,1.893,openaq_ground
2025-12-22 09:00:00,1.9525,openaq_ground
2025-12-22 10:00:00,1.6195,openaq_ground
2025-12-22 11:00:00,1.584,openaq_ground
2025-12-22 12:00:00,1.4325,openaq_ground
2025-12-22 13:00:00,1.423,openaq_ground
2025-12-22 14:00:00,1.26,openaq_ground
2025-12-22 15:00:00,1.1199999999999999,openaq_ground
2025-12-22 16:00:00,1.1500000000000001,openaq_ground
2025-12-22 17:00:00,0.988,openaq_ground
2025-12-22 18:00:00,1.194,openaq_ground
2025-12-22 19:00:00,0.8375,openaq_ground
2025-12-22 20:00:00,0.9255000000000001,openaq_ground
2025-12-22 21:00:00,0.9825,openaq_ground
2025-12-22 22:00:00,0.842,openaq_ground
2025-12-22 23:00:00,0.8059999999999999,openaq_ground
2025-12-23 00:00:00,1.1775,openaq_ground
2025-12-23 01:00:00,1.3575,openaq_ground
2025-12-23 02:00:00,1.2899999999999998,openaq_ground
2025-12-23 03:00:00,1.178,openaq_ground
2025-12-23 04:00:00,1.968,openaq_ground
2025-12-23 05:00:00,2.034,openaq_ground
2025-12-23 06:00:00,2.675,openaq_ground
2025-12-23 07:00:00,2.286,openaq_ground
2025-12-23 08:00:00,2.1525,openaq_ground
2025-12-23 09:00:00,2.0635,openaq_ground
2025-12-23 10:00:00,2.1905,openaq_ground
2025-12-23 11:00:00,2.09,openaq_ground
2025-12-23 12:00:00,1.738,openaq_ground
2025-12-23 13:00:00,1.8105,openaq_ground
2025-12-23 14:00:00,1.697,openaq_ground
2025-12-23 15:00:00,1.719,openaq_ground
2025-12-23 16:00:00,1.5859999999999999,openaq_ground
2025-12-23 17:00:00,1.3775000000000002,openaq_ground
2025-12-23 18:00:00,1.2930000000000001,openaq_ground
2025-12-23 19:00:00,1.6465,openaq_ground
2025-12-23 20:00:00,1.5505,openaq_ground
2025-12-23 21:00:00,0.2725,openaq_ground
2025-12-23 22:00:00,0.6295000000000001,openaq_ground
2025-12-23 23:00:00,1.2630000000000001,openaq_ground
2025-12-24 00:00:00,0.34500000000000003,openaq_ground
2025-12-24 01:00:00,0.13935,openaq_ground
2025-12-24 02:00:00,1.2685000000000002,openaq_ground
2025-12-24 03:00:00,0.0514,openaq_ground
2025-12-24 04:00:00,0.12725,openaq_ground
2025-12-24 05:00:00,0.2251,openaq_ground
2025-12-24 06:00:00,0.43535,openaq_ground
2025-12-24 07:00:00,0.7686499999999999,openaq_ground
2025-12-24 08:00:00,0.91315,openaq_ground
2025-12-24 09:00:00,1.9108999999999998,openaq_ground
2025-12-24 10:00:00,1.7619,openaq_ground
2025-12-24 11:00:00,1.9845,openaq_ground
2025-12-24 12:00:00,1.6755,openaq_ground
2025-12-24 13:00:00,1.5265,openaq_ground
2025-12-24 14:00:00,1.4569999999999999,openaq_ground
2025-12-24 15:00:00,1.394,openaq_ground
2025-12-24 16:00:00,2.2310000000000003,openaq_ground
2025-12-24 17:00:00,2.014,openaq_ground
2025-12-24 18:00:00,1.9585,openaq_ground
2025-12-24 19:00:00,3.23,openaq_ground
2025-12-24 20:00:00,3.44,openaq_ground
2025-12-24 21:00:00,1.79,openaq_ground
2025-12-24 22:00:00,1.3650000000000002,openaq_ground
2025-12-24 23:00:00,1.414,openaq_ground
2025-12-25 00:00:00,1.0285,openaq_ground
2025-12-25 01:00:00,0.9305000000000001,openaq_ground
2025-12-25 02:00:00,0.873,openaq_ground
2025-12-25 03:00:00,0.758,openaq_ground
2025-12-25 04:00:00,0.8815000000000001,openaq_ground
2025-12-25 05:00:00,0.84,openaq_ground
2025-12-25 06:00:00,0.6940000000000001,openaq_ground
2025-12-25 07:00:00,0.8425,openaq_ground
2025-12-25 08:00:00,1.673,openaq_ground
2025-12-25 09:00:00,1.714,openaq_ground
2025-12-25 10:00:00,1.1465,openaq_ground
2025-12-25 11:00:00,0.877,openaq_ground
2025-12-25 12:00:00,0.8711,openaq_ground
2025-12-25 13:00:00,1.36115,openaq_ground
2025-12-25 14:00:00,1.3569,openaq_ground
2025-12-25 15:00:00,1.791,openaq_ground
2025-12-25 16:00:00,2.074,openaq_ground
2025-12-25 17:00:00,1.8755000000000002,openaq_ground
2025-12-25 18:00:00,1.202,openaq_ground
2025-12-25 19:00:00,0.746,openaq_ground
2025-12-25 20:00:00,0.5395,openaq_ground
2025-12-25 21:00:00,0.39225,openaq_ground
2025-12-25 22:00:00,0.4359,openaq_ground
2025-12-25 23:00:00,0.23465,openaq_ground
2025-12-26 00:00:00,0.421,openaq_ground
2025-12-26 01:00:00,0.53,openaq_ground
2025-12-26 02:00:00,1.295,openaq_ground
2025-12-26 03:00:00,1.268,openaq_ground
2025-12-26 04:00:00,1.435,openaq_ground
2025-12-26 05:00:00,2.01,openaq_ground
2025-12-26 06:00:00,2.6575,openaq_ground
2025-12-26 07:00:00,2.4899999999999998,openaq_ground
2025-12-26 08:00:00,1.5215,openaq_ground
2025-12-26 09:00:00,0.785,openaq_ground
2025-12-26 10:00:00,0.55225,openaq_ground
2025-12-26 11:00:00,0.92335,openaq_ground
2025-12-26 12:00:00,1.568,openaq_ground
2025-12-26 13:00:00,1.6295,openaq_ground
2025-12-26 14:00:00,1.209,openaq_ground
2025-12-26 15:00:00,0.6668499999999999,openaq_ground
2025-12-26 16:00:00,0.6808500000000001,openaq_ground
2025-12-26 17:00:00,0.7816500000000001,openaq_ground
2025-12-26 18:00:00,0.8356,openaq_ground
2025-12-26 19:00:00,0.86335,openaq_ground
2025-12-26 20:00:00,0.84835,openaq_ground
2025-12-26 21:00:00,0.7170500000000001,openaq_ground
2025-12-26 22:00:00,0.37385,openaq_ground
2025-12-26 23:00:00,0.29465,openaq_ground
2025-12-27 00:00:00,0.2016,openaq_ground
2025-12-27 01:00:00,0.16765,openaq_ground
2025-12-27 02:00:00,0.12035,openaq_ground
2025-12-27 03:00:00,0.13875,openaq_ground
2025-12-27 04:00:00,0.29735,openaq_ground
2025-12-27 05:00:00,0.4675,openaq_ground
2025-12-27 06:00:00,0.257165,openaq_ground
2025-12-27 07:00:00,0.5214,openaq_ground
2025-12-27 08:00:00,0.57415,openaq_ground
2025-12-27 09:00:00,4.1284,openaq_ground
2025-12-27 10:00:00,12.4139,openaq_ground
2025-12-27 11:00:00,4.6109,openaq_ground
2025-12-27 12:00:00,2.3866500000000004,openaq_ground
2025-12-27 13:00:00,3.69475,openaq_ground
2025-12-27 14:00:00,1.23665,openaq_ground
2025-12-27 15:00:00,0.94835,openaq_ground
2025-12-27 16:00:00,0.8559,openaq_ground
2025-12-27 17:00:00,0.74475,openaq_ground
2025-12-27 18:00:00,0.7681,openaq_ground
2025-12-27 19:00:00,0.82865,openaq_ground
2025-12-27 20:00:00,0.29300000000000004,openaq_ground
2025-12-27 21:00:00,0.44185,openaq_ground
2025-12-27 22:00:00,0.231,openaq_ground
2025-12-27 23:00:00,0.06385,openaq_ground
2025-12-28 00:00:00,0.01875,openaq_ground
2025-12-28 01:00:00,0.029865000000000003,openaq_ground
2025-12-28 02:00:00,0.0929,openaq_ground
2025-12-28 03:00:00,0.0835,openaq_ground
2025-12-28 04:00:00,0.0805,openaq_ground
2025-12-28 05:00:00,0.645,openaq_ground
2025-12-28 06:00:00,0.28725,openaq_ground
2025-12-28 07:00:00,0.15285,openaq_ground
2025-12-28 08:00:00,0.19325,openaq_ground
2025-12-28 09:00:00,0.38484999999999997,openaq_ground
2025-12-28 10:00:00,1.5831,openaq_ground
2025-12-28 11:00:00,5.1450000000000005,openaq_ground
2025-12-28 12:00:00,4.095,openaq_ground
2025-12-28 13:00:00,2.4850000000000003,openaq_ground
2025-12-28 14:00:00,2.1399999999999997,openaq_ground
2025-12-28 15:00:00,1.125,openaq_ground
2025-12-28 16:00:00,0.9635,openaq_ground
2025-12-28 17:00:00,0.311,openaq_ground
2025-12-28 18:00:00,0.33340000000000003,openaq_ground
2025-12-28 19:00:00,0.502165,openaq_ground
2025-12-28 20:00:00,0.54115,openaq_ground
2025-12-28 21:00:00,0.4081,openaq_ground
2025-12-28 22:00:00,0.64685,openaq_ground
2025-12-29 00:00:00,0.0555,openaq_ground
2025-12-29 01:00:00,0.10325000000000001,openaq_ground
2025-12-29 02:00:00,0.16965,openaq_ground
2025-12-29 03:00:00,0.1425,openaq_ground
2025-12-29 04:00:00,0.7716500000000001,openaq_ground
2025-12-29 05:00:00,0.8806,openaq_ground
2025-12-29 06:00:00,2.08225,openaq_ground
2025-12-29 07:00:00,0.9690000000000001,openaq_ground
2025-12-29 08:00:00,0.8189000000000001,openaq_ground
2025-12-29 09:00:00,1.1364999999999998,openaq_ground
2025-12-29 10:00:00,1.149,openaq_ground
2025-12-29 11:00:00,1.1925,openaq_ground
2025-12-29 12:00:00,0.9764999999999999,openaq_ground
2025-12-29 13:00:00,0.7646,openaq_ground
2025-12-29 14:00:00,0.7194,openaq_ground
2025-12-29 15:00:00,0.8029999999999999,openaq_ground
2025-12-29 16:00:00,0.7309000000000001,openaq_ground
2025-12-29 17:00:00,0.85925,openaq_ground
2025-12-29 18:00:00,1.3384,openaq_ground
2025-12-29 19:00:00,1.2285,openaq_ground
2025-12-29 20:00:00,0.902,openaq_ground
2025-12-29 21:00:00,0.534,openaq_ground
2025-12-29 22:00:00,0.5800000000000001,openaq_ground
2025-12-29 23:00:00,0.4535,openaq_ground
2025-12-30 00:00:00,0.7225,openaq_ground
2025-12-30 01:00:00,1.0555,openaq_ground
2025-12-30 02:00:00,1.392,openaq_ground
2025-12-30 03:00:00,1.0585,openaq_ground
2025-12-30 05:00:00,2.088,openaq_ground
2025-12-30 06:00:00,2.5985,openaq_ground
2025-12-30 07:00:00,2.5949999999999998,openaq_ground
2025-12-30 08:00:00,2.919,openaq_ground
2025-12-30 09:00:00,3.1305,openaq_ground
2025-12-30 10:00:00,2.7045,openaq_ground
2025-12-30 11:00:00,3.252,openaq_ground
2025-12-30 12:00:00,3.1895000000000002,openaq_ground
2025-12-30 13:00:00,3.7279999999999998,openaq_ground
2025-12-30 14:00:00,2.747,openaq_ground
2025-12-30 15:00:00,2.6814999999999998,openaq_ground
2025-12-30 16:00:00,2.2795,openaq_ground
2025-12-30 17:00:00,2.466,openaq_ground
2025-12-30 19:00:00,1.8370000000000002,openaq_ground
2025-12-30 20:00:00,1.8519999999999999,openaq_ground
2025-12-30 21:00:00,1.8505,openaq_ground
2025-12-30 22:00:00,1.7000000000000002,openaq_ground
2025-12-30 23:00:00,1.7750000000000001,openaq_ground
2025-12-31 00:00:00,1.19,openaq_ground
2025-12-31 01:00:00,1.2770000000000001,openaq_ground
2025-12-31 02:00:00,1.08,openaq_ground
2025-12-31 03:00:00,0.3815,openaq_ground
2025-12-31 04:00:00,1.0175,openaq_ground
2025-12-31 05:00:00,2.915,openaq_ground
2025-12-31 06:00:00,2.62,openaq_ground
2025-12-31 07:00:00,2.4775,openaq_ground
2025-12-31 08:00:00,3.049,openaq_ground
2025-12-31 09:00:00,6.92,openaq_ground
2025-12-31 10:00:00,5.68,openaq_ground
2025-12-31 11:00:00,6.955,openaq_ground
2025-12-31 12:00:00,5.9799999999999995,openaq_ground
2025-12-31 13:00:00,4.295,openaq_ground
2025-12-31 14:00:00,1.815,openaq_ground
2025-12-31 15:00:00,1.1015,openaq_ground
2025-12-31 16:00:00,0.7525,openaq_ground
2025-12-31 17:00:00,0.832,openaq_ground
2025-12-31 18:00:00,1.164,openaq_ground
2025-12-31 19:00:00,0.7985,openaq_ground
2025-12-31 20:00:00,0.7585000000000001,openaq_ground
2025-12-31 21:00:00,0.5025,openaq_ground
2025-12-31 22:00:00,0.3835,openaq_ground
2025-12-31 23:00:00,0.28400000000000003,openaq_ground
2026-01-01 00:00:00,0.168,openaq_ground
2026-01-01 01:00:00,0.25815,openaq_ground
2026-01-01 02:00:00,0.1505,openaq_ground
2026-01-01 03:00:00,0.28065,openaq_ground
2026-01-01 04:00:00,0.3575,openaq_ground
2026-01-01 05:00:00,0.32149999999999995,openaq_ground
2026-01-01 06:00:00,0.15235,openaq_ground
2026-01-01 07:00:00,0.32299999999999995,openaq_ground
2026-01-01 08:00:00,0.9099999999999999,openaq_ground
2026-01-01 09:00:00,0.8049999999999999,openaq_ground
2026-01-01 10:00:00,0.709,openaq_ground
2026-01-01 11:00:00,0.6675,openaq_ground
2026-01-01 12:00:00,0.7414999999999999,openaq_ground
2026-01-01 13:00:00,0.647,openaq_ground
2026-01-01 14:00:00,0.6385000000000001,openaq_ground
2026-01-01 15:00:00,0.5888500000000001,openaq_ground
2026-01-01 16:00:00,0.41575,openaq_ground
2026-01-01 17:00:00,0.38134999999999997,openaq_ground
2026-01-01 18:00:00,0.76615,openaq_ground
2026-01-01 19:00:00,0.8505,openaq_ground
2026-01-01 20:00:00,0.8961,openaq_ground
2026-01-01 21:00:00,0.6924,openaq_ground
2026-01-01 22:00:00,0.40435,openaq_ground
2026-01-01 23:00:00,0.4105,openaq_ground
2026-01-02 00:00:00,0.388,openaq_ground
2026-01-02 01:00:00,0.6685,openaq_ground
2026-01-02 02:00:00,0.7705,openaq_ground
2026-01-02 03:00:00,1.0574999999999999,openaq_ground
2026-01-02 04:00:00,2.5315,openaq_ground
2026-01-02 05:00:00,0.6715,openaq_ground
2026-01-02 06:00:00,0.5581,openaq_ground
2026-01-02 07:00:00,0.57,openaq_ground
2026-01-02 08:00:00,0.2785,openaq_ground
2026-01-02 09:00:00,0.48624999999999996,openaq_ground
2026-01-02 10:00:00,0.399165,openaq_ground
2026-01-02 11:00:00,0.43985,openaq_ground
2026-01-02 12:00:00,0.80365,openaq_ground
2026-01-02 13:00:00,0.5495,openaq_ground
2026-01-02 14:00:00,0.07425000000000001,openaq_ground
2026-01-02 15:00:00,0.0809,openaq_ground
2026-01-02 16:00:00,0.00278,openaq_ground
2026-01-02 17:00:00,0.020864999999999998,openaq_ground
2026-01-02 18:00:00,0.00905,openaq_ground
2026-01-02 19:00:00,0.0271,openaq_ground
2026-01-02 20:00:00,0.84275,openaq_ground
2026-01-02 21:00:00,0.13835,openaq_ground
2026-01-02 22:00:00,0.12409999999999999,openaq_ground
2026-01-02 23:00:00,0.171,openaq_ground
2026-01-03 00:00:00,0.0208,openaq_ground
2026-01-03 01:00:00,0.01665,openaq_ground
2026-01-03 02:00:00,0.0493,openaq_ground
2026-01-03 03:00:00,0.010465,openaq_ground
2026-01-03 04:00:00,0.4326,openaq_ground
2026-01-03 05:00:00,0.016665,openaq_ground
2026-01-03 06:00:00,0.1325,openaq_ground
2026-01-03 07:00:00,0.0679,openaq_ground
2026-01-03 08:00:00,0.234,openaq_ground
2026-01-03 09:00:00,0.46125,openaq_ground
2026-01-03 10:00:00,0.6308499999999999,openaq_ground
2026-01-03 11:00:00,0.772,openaq_ground
2026-01-03 12:00:00,0.7150000000000001,openaq_ground
2026-01-03 13:00:00,0.11989999999999999,openaq_ground
2026-01-03 14:00:00,0.0118,openaq_ground
2026-01-03 15:00:00,0.0104,openaq_ground
2026-01-03 16:00:00,0.04515,openaq_ground
2026-01-03 17:00:00,0.04655,openaq_ground
2026-01-03 18:00:00,0.01735,openaq_ground
2026-01-03 19:00:00,0.4105,openaq_ground
2026-01-03 20:00:00,0.02915,openaq_ground
2026-01-03 21:00:00,0.0625,openaq_ground
2026-01-03 22:00:00,0.0,openaq_ground
2026-01-03 23:00:00,0.0354,openaq_ground
2026-01-04 00:00:00,0.0,openaq_ground
2026-01-04 01:00:00,0.0097,openaq_ground
2026-01-04 02:00:00,0.0,openaq_ground
2026-01-04 03:00:00,0.0236,openaq_ground
2026-01-04 04:00:00,0.0153,openaq_ground
2026-01-04 05:00:00,0.03895,openaq_ground
2026-01-04 06:00:00,0.00695,openaq_ground
2026-01-04 07:00:00,0.0595,openaq_ground
2026-01-04 08:00:00,0.1095,openaq_ground
2026-01-04 09:00:00,0.10959999999999999,openaq_ground
2026-01-04 11:00:00,0.0505,openaq_ground
2026-01-04 12:00:00,0.096,openaq_ground
2026-01-04 13:00:00,0.1436,openaq_ground
2026-01-04 14:00:00,0.35635,openaq_ground
2026-01-04 15:00:00,0.35515,openaq_ground
2026-01-04 16:00:00,0.3625,openaq_ground
2026-01-04 17:00:00,0.25285,openaq_ground
2026-01-04 18:00:00,0.24785000000000001,openaq_ground
2026-01-04 19:00:00,0.39225,openaq_ground
2026-01-04 20:00:00,0.247,openaq_ground
2026-01-04 21:00:00,0.351,openaq_ground
2026-01-04 22:00:00,0.2605,openaq_ground
2026-01-04 23:00:00,0.644,openaq_ground
2026-01-05 00:00:00,0.23349999999999999,openaq_ground
2026-01-05 01:00:00,0.7415,openaq_ground
2026-01-05 02:00:00,0.998,openaq_ground
2026-01-05 03:00:00,1.016,openaq_ground
2026-01-05 04:00:00,1.43,openaq_ground
2026-01-05 05:00:00,2.605,openaq_ground
2026-01-05 06:00:00,1.9500000000000002,openaq_ground
2026-01-05 07:00:00,2.195,openaq_ground
2026-01-05 08:00:00,2.8,openaq_ground
2026-01-05 09:00:00,1.814,openaq_ground
2026-01-05 10:00:00,2.248,openaq_ground
2026-01-05 11:00:00,2.1635,openaq_ground
2026-01-05 12:00:00,2.0015,openaq_ground
2026-01-05 13:00:00,1.537,openaq_ground
2026-01-05 14:00:00,1.6735,openaq_ground
2026-01-05 15:00:00,2.0615,openaq_ground
2026-01-05 16:00:00,2.1905,openaq_ground
2026-01-05 17:00:00,2.1500000000000004,openaq_ground
2026-01-05 18:00:00,2.2145,openaq_ground
2026-01-05 19:00:00,2.48,openaq_ground
2026-01-05 20:00:00,2.39,openaq_ground
2026-01-05 21:00:00,2.925,openaq_ground
2026-01-05 22:00:00,7.035,openaq_ground
2026-01-05 23:00:00,2.8449999999999998,openaq_ground
2026-01-06 00:00:00,2.78,openaq_ground
2026-01-06 01:00:00,2.8,openaq_ground
2026-01-06 02:00:00,2.59,openaq_ground
2026-01-06 03:00:00,2.45,openaq_ground
2026-01-06 04:00:00,3.09,openaq_ground
2026-01-06 05:00:00,2.67,openaq_ground
2026-01-06 06:00:00,0.9829999999999999,openaq_ground
2026-01-06 07:00:00,0.367,openaq_ground
2026-01-06 08:00:00,0.5085000000000001,openaq_ground
2026-01-06 09:00:00,0.4345,openaq_ground
2026-01-06 10:00:00,0.5705,openaq_ground
2026-01-06 11:00:00,0.4329,openaq_ground
2026-01-06 12:00:00,0.58425,openaq_ground
2026-01-06 13:00:00,0.5264,openaq_ground
2026-01-06 14:00:00,0.6325000000000001,openaq_ground
2026-01-06 15:00:00,0.76085,openaq_ground
2026-01-06 16:00:00,0.72915,openaq_ground
2026-01-06 17:00:00,0.8745999999999999,openaq_ground
2026-01-06 18:00:00,0.829,openaq_ground
2026-01-06 19:00:00,0.885,openaq_ground
2026-01-06 20:00:00,0.8865,openaq_ground
2026-01-06 21:00:00,0.7224999999999999,openaq_ground
2026-01-06 22:00:00,0.5415,openaq_ground
2026-01-06 23:00:00,1.386,openaq_ground
2026-01-07 00:00:00,0.6005,openaq_ground
2026-01-07 01:00:00,0.299,openaq_ground
2026-01-07 02:00:00,0.3385,openaq_ground
2026-01-07 03:00:00,0.333,openaq_ground
2026-01-07 04:00:00,0.511,openaq_ground
2026-01-07 05:00:00,0.499,openaq_ground
2026-01-07 06:00:00,0.26249999999999996,openaq_ground
2026-01-07 07:00:00,0.23935,openaq_ground
2026-01-07 08:00:00,0.34040000000000004,openaq_ground
2026-01-07 09:00:00,0.575,openaq_ground
2026-01-07 10:00:00,0.7745,openaq_ground
2026-01-07 11:00:00,1.05,openaq_ground
2026-01-07 12:00:00,1.014,openaq_ground
2026-01-07 13:00:00,1.2935,openaq_ground
2026-01-07 14:00:00,1.383,openaq_ground
2026-01-07 15:00:00,1.3375000000000001,openaq_ground
2026-01-07 16:00:00,1.204,openaq_ground
2026-01-07 17:00:00,1.0805,openaq_ground
2026-01-07 18:00:00,0.881,openaq_ground
2026-01-07 19:00:00,0.4455,openaq_ground
2026-01-07 20:00:00,0.13325,openaq_ground
2026-01-07 21:00:00,0.30400000000000005,openaq_ground
2026-01-07 22:00:00,0.1436,openaq_ground
2026-01-07 23:00:00,0.21315,openaq_ground
2026-01-08 00:00:00,0.33425,openaq_ground
2026-01-08 01:00:00,0.3785,openaq_ground
2026-01-08 02:00:00,0.5425,openaq_ground
2026-01-08 03:00:00,0.512,openaq_ground
2026-01-08 04:00:00,0.6625000000000001,openaq_ground
2026-01-08 05:00:00,0.8105,openaq_ground
2026-01-08 06:00:00,0.7595000000000001,openaq_ground
2026-01-08 07:00:00,1.0145,openaq_ground
2026-01-08 08:00:00,1.3645,openaq_ground
2026-01-08 09:00:00,1.506,openaq_ground
2026-01-08 10:00:00,1.589,openaq_ground
2026-01-08 11:00:00,1.895,openaq_ground
2026-01-08 12:00:00,2.05,openaq_ground
2026-01-08 13:00:00,2.2800000000000002,openaq_ground
2026-01-08 14:00:00,2.305,openaq_ground
2026-01-08 15:00:00,2.455,openaq_ground
2026-01-08 16:00:00,2.5100000000000002,openaq_ground
2026-01-08 17:00:00,2.485,openaq_ground
2026-01-08 18:00:00,2.015,openaq_ground
2026-01-08 19:00:00,1.5350000000000001,openaq_ground
2026-01-08 20:00:00,3.4005,openaq_ground
2026-01-08 21:00:00,0.8045,openaq_ground
2026-01-08 22:00:00,0.7224999999999999,openaq_ground
2026-01-08 23:00:00,0.6445,openaq_ground
2026-01-09 00:00:00,0.40865,openaq_ground
2026-01-09 01:00:00,0.21875,openaq_ground
2026-01-09 02:00:00,0.135665,openaq_ground
2026-01-09 03:00:00,0.2815,openaq_ground
2026-01-09 04:00:00,0.495,openaq_ground
2026-01-09 05:00:00,0.7295,openaq_ground
2026-01-09 06:00:00,0.9755,openaq_ground
2026-01-09 07:00:00,1.049,openaq_ground
2026-01-09 08:00:00,1.034,openaq_ground
2026-01-09 09:00:00,1.463,openaq_ground
2026-01-09 10:00:00,1.5835000000000001,openaq_ground
2026-01-09 11:00:00,1.8885,openaq_ground
2026-01-09 12:00:00,2.46,openaq_ground
2026-01-09 13:00:00,2.88,openaq_ground
2026-01-09 14:00:00,2.77,openaq_ground
2026-01-09 15:00:00,2.74,openaq_ground
2026-01-09 16:00:00,2.995,openaq_ground
2026-01-09 17:00:00,2.75,openaq_ground
2026-01-09 18:00:00,2.9800000000000004,openaq_ground
2026-01-09 19:00:00,2.775,openaq_ground
2026-01-09 20:00:00,2.4050000000000002,openaq_ground
2026-01-09 21:00:00,2.1799999999999997,openaq_ground
2026-01-09 22:00:00,1.6150000000000002,openaq_ground
2026-01-09 23:00:00,1.617,openaq_ground
2026-01-10 00:00:00,1.07,openaq_ground
2026-01-10 01:00:00,3.237,openaq_ground
2026-01-10 02:00:00,2.583,openaq_ground
2026-01-10 03:00:00,0.9435,openaq_ground
2026-01-10 04:00:00,0.839,openaq_ground
2026-01-10 05:00:00,0.7775,openaq_ground
2026-01-10 06:00:00,1.1175,openaq_ground
2026-01-10 07:00:00,1.8205,openaq_ground
2026-01-10 08:00:00,1.5055,openaq_ground
2026-01-10 09:00:00,2.1149999999999998,openaq_ground
2026-01-10 10:00:00,2.1319999999999997,openaq_ground
2026-01-10 11:00:00,2.0115,openaq_ground
2026-01-10 12:00:00,2.0355,openaq_ground
2026-01-10 13:00:00,2.021,openaq_ground
2026-01-10 14:00:00,2.0665,openaq_ground
2026-01-10 15:00:00,1.927,openaq_ground
2026-01-10 16:00:00,1.7754999999999999,openaq_ground
2026-01-10 17:00:00,1.6115,openaq_ground
2026-01-10 18:00:00,1.6335000000000002,openaq_ground
2026-01-10 19:00:00,1.3679999999999999,openaq_ground
2026-01-10 20:00:00,1.0030000000000001,openaq_ground
2026-01-10 21:00:00,0.7535000000000001,openaq_ground
2026-01-10 22:00:00,0.51,openaq_ground
2026-01-10 23:00:00,0.423,openaq_ground
2026-01-11 00:00:00,0.464,openaq_ground
2026-01-11 01:00:00,0.381,openaq_ground
2026-01-11 02:00:00,0.3315,openaq_ground
2026-01-11 03:00:00,0.486,openaq_ground
2026-01-11 04:00:00,0.34299999999999997,openaq_ground
2026-01-11 05:00:00,0.593,openaq_ground
2026-01-11 06:00:00,0.8775,openaq_ground
2026-01-11 07:00:00,1.299,openaq_ground
2026-01-11 08:00:00,1.385,openaq_ground
2026-01-11 09:00:00,1.4175,openaq_ground
2026-01-11 10:00:00,1.694,openaq_ground
2026-01-11 11:00:00,1.7890000000000001,openaq_ground
2026-01-11 12:00:00,1.8655,openaq_ground
2026-01-11 13:00:00,1.915,openaq_ground
2026-01-11 14:00:00,1.7235,openaq_ground
2026-01-11 15:00:00,1.885,openaq_ground
2026-01-11 16:00:00,1.98,openaq_ground
2026-01-11 17:00:00,1.9,openaq_ground
2026-01-11 18:00:00,2.02,openaq_ground
2026-01-11 19:00:00,1.7850000000000001,openaq_ground
2026-01-11 20:00:00,1.251,openaq_ground
2026-01-11 21:00:00,1.142,openaq_ground
2026-01-11 22:00:00,1.189,openaq_ground
2026-01-11 23:00:00,1.7999999999999998,openaq_ground
2026-01-12 00:00:00,3.415,openaq_ground
2026-01-12 01:00:00,3.69,openaq_ground
2026-01-12 02:00:00,4.155,openaq_ground
2026-01-12 03:00:00,3.215,openaq_ground
2026-01-12 04:00:00,2.15,openaq_ground
2026-01-12 05:00:00,1.552,openaq_ground
2026-01-12 06:00:00,0.7505000000000001,openaq_ground
2026-01-12 07:00:00,0.848,openaq_ground
2026-01-12 08:00:00,0.7285,openaq_ground
2026-01-12 09:00:00,0.7735000000000001,openaq_ground
2026-01-12 10:00:00,0.831,openaq_ground
2026-01-12 11:00:00,0.6205,openaq_ground
2026-01-12 12:00:00,0.485,openaq_ground
2026-01-12 13:00:00,0.631,openaq_ground
2026-01-12 14:00:00,0.628,openaq_ground
2026-01-12 15:00:00,0.8541,openaq_ground
2026-01-12 16:00:00,0.8176000000000001,openaq_ground
2026-01-12 17:00:00,1.198,openaq_ground
2026-01-12 18:00:00,1.2149999999999999,openaq_ground
2026-01-12 19:00:00,1.3515,openaq_ground
2026-01-12 20:00:00,1.345,openaq_ground
2026-01-12 21:00:00,1.316,openaq_ground
2026-01-12 22:00:00,1.0225,openaq_ground
2026-01-12 23:00:00,0.639,openaq_ground
2026-01-13 00:00:00,0.587,openaq_ground
2026-01-13 01:00:00,0.517,openaq_ground
2026-01-13 02:00:00,0.6649999999999999,openaq_ground
2026-01-13 03:00:00,0.996,openaq_ground
2026-01-13 04:00:00,1.1885,openaq_ground
2026-01-13 05:00:00,1.1225,openaq_ground
2026-01-13 06:00:00,1.597,openaq_ground
2026-01-13 07:00:00,1.5525,openaq_ground
2026-01-13 08:00:00,1.884,openaq_ground
2026-01-13 09:00:00,1.86,openaq_ground
2026-01-13 10:00:00,1.875,openaq_ground
2026-01-13 11:00:00,1.8849999999999998,openaq_ground
2026-01-13 12:00:00,2.025,openaq_ground
2026-01-13 13:00:00,2.37,openaq_ground
2026-01-13 14:00:00,2.275,openaq_ground
2026-01-13 15:00:00,2.7399999999999998,openaq_ground
2026-01-13 16:00:00,2.965,openaq_ground
2026-01-13 17:00:00,3.13,openaq_ground
2026-01-13 18:00:00,3.01,openaq_ground
2026-01-13 19:00:00,2.4,openaq_ground
2026-01-13 20:00:00,1.4244999999999999,openaq_ground
2026-01-13 21:00:00,1.0375,openaq_ground
2026-01-13 22:00:00,0.655,openaq_ground
2026-01-13 23:00:00,0.9045000000000001,openaq_ground
2026-01-14 00:00:00,1.1464999999999999,openaq_ground
2026-01-14 01:00:00,1.096,openaq_ground
2026-01-14 02:00:00,0.909,openaq_ground
2026-01-14 03:00:00,1.076,openaq_ground
2026-01-14 04:00:00,1.185,openaq_ground
2026-01-14 05:00:00,1.2755,openaq_ground
2026-01-14 06:00:00,1.7000000000000002,openaq_ground
2026-01-14 07:00:00,1.335,openaq_ground
2026-01-14 08:00:00,1.465,openaq_ground
2026-01-14 09:00:00,1.369,openaq_ground
2026-01-14 10:00:00,1.5775,openaq_ground
2026-01-14 11:00:00,2.031,openaq_ground
2026-01-14 12:00:00,1.87,openaq_ground
2026-01-14 13:00:00,2.0155,openaq_ground
2026-01-14 14:00:00,1.855,openaq_ground
2026-01-14 15:00:00,1.94,openaq_ground
2026-01-14 16:00:00,1.8285,openaq_ground
2026-01-14 17:00:00,1.9665000000000001,openaq_ground
2026-01-14 18:00:00,1.95,openaq_ground
2026-01-14 19:00:00,1.7320000000000002,openaq_ground
2026-01-14 20:00:00,1.289,openaq_ground
2026-01-14 21:00:00,1.4745,openaq_ground
2026-01-14 22:00:00,1.0255,openaq_ground
2026-01-14 23:00:00,0.861,openaq_ground
2026-01-15 00:00:00,1.183,openaq_ground
2026-01-15 01:00:00,1.167,openaq_ground
2026-01-15 02:00:00,1.8094999999999999,openaq_ground
2026-01-15 03:00:00,1.059,openaq_ground
2026-01-15 04:00:00,0.8485,openaq_ground
2026-01-15 05:00:00,1.153,openaq_ground
2026-01-15 06:00:00,1.108,openaq_ground
2026-01-15 07:00:00,1.172,openaq_ground
2026-01-15 08:00:00,0.6505000000000001,openaq_ground
2026-01-15 09:00:00,0.368,openaq_ground
2026-01-15 10:00:00,0.08885,openaq_ground
2026-01-15 11:00:00,0.034765,openaq_ground
2026-01-15 12:00:00,0.0389,openaq_ground
2026-01-15 13:00:00,0.05495,openaq_ground
2026-01-15 14:00:00,0.1181,openaq_ground
2026-01-15 15:00:00,0.3921,openaq_ground
2026-01-15 16:00:00,0.42085,openaq_ground
2026-01-15 17:00:00,0.35450000000000004,openaq_ground
2026-01-15 18:00:00,0.50715,openaq_ground
2026-01-15 19:00:00,0.29660000000000003,openaq_ground
2026-01-15 20:00:00,0.12525,openaq_ground
2026-01-15 21:00:00,0.22285,openaq_ground
2026-01-15 22:00:00,0.054915,openaq_ground
2026-01-15 23:00:00,0.026435,openaq_ground
2026-01-16 00:00:00,0.0382,openaq_ground
2026-01-16 01:00:00,0.0097,openaq_ground
2026-01-16 02:00:00,0.00555,openaq_ground
2026-01-16 03:00:00,0.0,openaq_ground
2026-01-16 04:00:00,0.041665,openaq_ground
2026-01-16 05:00:00,0.109,openaq_ground
2026-01-16 06:00:00,0.0935,openaq_ground
2026-01-16 07:00:00,0.1355,openaq_ground
2026-01-16 08:00:00,0.347,openaq_ground
2026-01-16 09:00:00,5.3069,openaq_ground
2026-01-16 10:00:00,4.50335,openaq_ground
2026-01-16 11:00:00,0.86,openaq_ground
2026-01-16 12:00:00,0.8321500000000001,openaq_ground
2026-01-16 13:00:00,0.8623999999999999,openaq_ground
2026-01-16 14:00:00,0.9065,openaq_ground
2026-01-16 15:00:00,0.942,openaq_ground
2026-01-16 16:00:00,0.4951,openaq_ground
2026-01-16 17:00:00,0.36584999999999995,openaq_ground
2026-01-16 18:00:00,0.41935,openaq_ground
2026-01-16 19:00:00,0.43315,openaq_ground
2026-01-16 20:00:00,0.8076000000000001,openaq_ground
2026-01-16 21:00:00,0.256,openaq_ground
2026-01-16 22:00:00,0.149,openaq_ground
2026-01-16 23:00:00,0.15949999999999998,openaq_ground
2026-01-17 00:00:00,0.266,openaq_ground
2026-01-17 01:00:00,0.238,openaq_ground
2026-01-17 02:00:00,0.24925,openaq_ground
2026-01-17 03:00:00,0.22415,openaq_ground
2026-01-17 04:00:00,0.467165,openaq_ground
2026-01-17 05:00:00,0.168,openaq_ground
2026-01-17 06:00:00,0.43666499999999997,openaq_ground
2026-01-17 07:00:00,0.4855,openaq_ground
2026-01-17 08:00:00,2.456,openaq_ground
2026-01-17 09:00:00,3.275,openaq_ground
2026-01-17 10:00:00,3.325,openaq_ground
2026-01-17 11:00:00,3.04,openaq_ground
2026-01-17 12:00:00,2.4050000000000002,openaq_ground
2026-01-17 13:00:00,1.031,openaq_ground
2026-01-17 14:00:00,0.642,openaq_ground
2026-01-17 15:00:00,0.382,openaq_ground
2026-01-17 16:00:00,0.175,openaq_ground
2026-01-17 17:00:00,2.719165,openaq_ground
2026-01-17 18:00:00,0.166,openaq_ground
2026-01-17 19:00:00,0.0721,openaq_ground
2026-01-17 20:00:00,0.093665,openaq_ground
2026-01-17 21:00:00,0.056415,openaq_ground
2026-01-17 22:00:00,0.07440000000000001,openaq_ground
2026-01-17 23:00:00,0.36150000000000004,openaq_ground
2026-01-18 00:00:00,0.3355,openaq_ground
2026-01-18 01:00:00,0.36650000000000005,openaq_ground
2026-01-18 02:00:00,0.1885,openaq_ground
2026-01-18 03:00:00,0.17615,openaq_ground
2026-01-18 04:00:00,0.277,openaq_ground
2026-01-18 05:00:00,0.207,openaq_ground
2026-01-18 06:00:00,0.157,openaq_ground
2026-01-18 07:00:00,0.08610000000000001,openaq_ground
2026-01-18 08:00:00,0.002805,openaq_ground
2026-01-18 09:00:00,0.00278,openaq_ground
2026-01-18 10:00:00,0.00555,openaq_ground
2026-01-18 11:00:00,0.0,openaq_ground
2026-01-18 12:00:00,0.024315000000000003,openaq_ground
2026-01-18 13:00:00,0.01805,openaq_ground
2026-01-18 14:00:00,0.0104,openaq_ground
2026-01-18 15:00:00,0.058899999999999994,openaq_ground
2026-01-18 16:00:00,0.03475,openaq_ground
2026-01-18 17:00:00,0.049300000000000004,openaq_ground
2026-01-18 18:00:00,0.0675,openaq_ground
2026-01-18 19:00:00,0.11815,openaq_ground
2026-01-18 20:00:00,0.11665,openaq_ground
2026-01-18 21:00:00,0.13475,openaq_ground
2026-01-18 22:00:00,0.27815,openaq_ground
2026-01-18 23:00:00,0.2331,openaq_ground
2026-01-19 00:00:00,0.3675,openaq_ground
2026-01-19 01:00:00,1.2555,openaq_ground
2026-01-19 02:00:00,0.666,openaq_ground
2026-01-19 03:00:00,1.3995,openaq_ground
2026-01-19 04:00:00,1.182,openaq_ground
2026-01-19 05:00:00,1.545,openaq_ground
2026-01-19 06:00:00,1.3579999999999999,openaq_ground
2026-01-19 07:00:00,1.472,openaq_ground
2026-01-19 08:00:00,1.3095,openaq_ground
2026-01-19 09:00:00,1.372,openaq_ground
2026-01-19 10:00:00,1.236,openaq_ground
2026-01-19 11:00:00,1.539,openaq_ground
2026-01-19 12:00:00,1.774,openaq_ground
2026-01-19 13:00:00,1.711,openaq_ground
2026-01-19 14:00:00,1.5875,openaq_ground
2026-01-19 15:00:00,1.716,openaq_ground
2026-01-19 16:00:00,1.218,openaq_ground
2026-01-19 17:00:00,1.371,openaq_ground
2026-01-19 18:00:00,1.836,openaq_ground
2026-01-19 19:00:00,1.786,openaq_ground
2026-01-19 20:00:00,1.2985,openaq_ground
2026-01-19 21:00:00,1.5035,openaq_ground
2026-01-19 22:00:00,1.2530000000000001,openaq_ground
2026-01-19 23:00:00,0.6990000000000001,openaq_ground
2026-01-20 00:00:00,0.32225000000000004,openaq_ground
2026-01-20 01:00:00,0.484,openaq_ground
2026-01-20 02:00:00,0.09809999999999999,openaq_ground
2026-01-20 03:00:00,0.032,openaq_ground
2026-01-20 04:00:00,0.0382,openaq_ground
2026-01-20 05:00:00,0.048600000000000004,openaq_ground
2026-01-20 06:00:00,0.0278,openaq_ground
2026-01-20 07:00:00,0.01595,openaq_ground
2026-01-20 08:00:00,0.04375,openaq_ground
2026-01-20 09:00:00,0.1175,openaq_ground
2026-01-20 10:00:00,0.2035,openaq_ground
2026-01-20 11:00:00,0.114665,openaq_ground
2026-01-20 12:00:00,0.0562,openaq_ground
2026-01-20 13:00:00,0.0859,openaq_ground
2026-01-20 14:00:00,0.00765,openaq_ground
2026-01-20 15:00:00,0.0486,openaq_ground
2026-01-20 16:00:00,0.112,openaq_ground
2026-01-20 17:00:00,0.0493,openaq_ground
2026-01-20 18:00:00,0.06685,openaq_ground
2026-01-20 19:00:00,0.02915,openaq_ground
2026-01-20 20:00:00,0.055,openaq_ground
2026-01-20 21:00:00,0.3585,openaq_ground
2026-01-20 22:00:00,0.577,openaq_ground
2026-01-20 23:00:00,0.053450000000000004,openaq_ground
2026-01-21 00:00:00,0.0472,openaq_ground
2026-01-21 01:00:00,0.059899999999999995,openaq_ground
2026-01-21 02:00:00,0.223,openaq_ground
2026-01-21 03:00:00,0.24634999999999999,openaq_ground
2026-01-21 04:00:00,0.09935,openaq_ground
2026-01-21 05:00:00,0.21135,openaq_ground
2026-01-21 06:00:00,0.324,openaq_ground
2026-01-21 07:00:00,0.0695,openaq_ground
2026-01-21 08:00:00,0.045149999999999996,openaq_ground
2026-01-21 09:00:00,0.9583499999999999,openaq_ground
2026-01-21 10:00:00,1.3142500000000001,openaq_ground
2026-01-21 11:00:00,0.99375,openaq_ground
2026-01-21 12:00:00,0.15675,openaq_ground
2026-01-21 13:00:00,0.0292,openaq_ground
2026-01-21 14:00:00,0.00835,openaq_ground
2026-01-21 15:00:00,0.0,openaq_ground
2026-01-21 16:00:00,0.0,openaq_ground
2026-01-21 17:00:00,0.161,openaq_ground
2026-01-21 18:00:00,0.055,openaq_ground
2026-01-21 19:00:00,0.0,openaq_ground
2026-01-21 20:00:00,0.0,openaq_ground
2026-01-21 21:00:00,0.0229,openaq_ground
2026-01-21 22:00:00,0.2251,openaq_ground
2026-01-21 23:00:00,1.4061000000000001,openaq_ground
2026-01-22 00:00:00,1.935,openaq_ground
2026-01-22 01:00:00,1.3844999999999998,openaq_ground
2026-01-22 02:00:00,0.9964999999999999,openaq_ground
2026-01-22 03:00:00,0.8555,openaq_ground
2026-01-22 04:00:00,0.8424999999999999,openaq_ground
2026-01-22 05:00:00,1.252,openaq_ground
2026-01-22 06:00:00,1.2890000000000001,openaq_ground
2026-01-22 07:00:00,1.247,openaq_ground
2026-01-22 08:00:00,1.065,openaq_ground
2026-01-22 09:00:00,0.8654999999999999,openaq_ground
2026-01-22 10:00:00,1.078,openaq_ground
2026-01-22 11:00:00,1.615,openaq_ground
2026-01-22 12:00:00,1.956,openaq_ground
2026-01-22 13:00:00,1.4095,openaq_ground
2026-01-22 14:00:00,1.2995,openaq_ground
2026-01-22 15:00:00,0.5705,openaq_ground
2026-01-22 16:00:00,0.4555,openaq_ground
2026-01-22 17:00:00,0.696,openaq_ground
2026-01-22 18:00:00,1.1404999999999998,openaq_ground
2026-01-22 19:00:00,0.8595,openaq_ground
2026-01-22 20:00:00,0.52,openaq_ground
2026-01-22 21:00:00,0.2875,openaq_ground
2026-01-22 22:00:00,0.155,openaq_ground
2026-01-22 23:00:00,0.1871,openaq_ground
2026-01-23 00:00:00,0.115165,openaq_ground
2026-01-23 01:00:00,0.07775,openaq_ground
2026-01-23 02:00:00,0.07390000000000001,openaq_ground
2026-01-23 03:00:00,0.261165,openaq_ground
2026-01-23 04:00:00,0.7595,openaq_ground
2026-01-23 05:00:00,1.3885,openaq_ground
2026-01-23 06:00:00,1.5915000000000001,openaq_ground
2026-01-23 07:00:00,1.7520000000000002,openaq_ground
2026-01-23 08:00:00,1.469,openaq_ground
2026-01-23 09:00:00,1.913,openaq_ground
2026-01-23 10:00:00,1.834,openaq_ground
2026-01-23 11:00:00,1.198,openaq_ground
2026-01-23 12:00:00,1.3584999999999998,openaq_ground
2026-01-23 13:00:00,2.1189999999999998,openaq_ground
2026-01-23 14:00:00,1.7315,openaq_ground
2026-01-23 15:00:00,1.218,openaq_ground
2026-01-23 16:00:00,1.1084999999999998,openaq_ground
2026-01-23 17:00:00,1.4625,openaq_ground
2026-01-23 18:00:00,1.8455,openaq_ground
2026-01-23 19:00:00,1.625,openaq_ground
2026-01-23 20:00:00,1.421,openaq_ground
2026-01-23 21:00:00,1.4715,openaq_ground
2026-01-23 22:00:00,1.0310000000000001,openaq_ground
2026-01-23 23:00:00,1.3090000000000002,openaq_ground
2026-01-24 00:00:00,1.6515,openaq_ground
2026-01-24 01:00:00,1.8940000000000001,openaq_ground
2026-01-24 02:00:00,1.4344999999999999,openaq_ground
2026-01-24 03:00:00,1.573,openaq_ground
2026-01-24 04:00:00,1.609,openaq_ground
2026-01-24 05:00:00,1.85,openaq_ground
2026-01-24 06:00:00,2.005,openaq_ground
2026-01-24 07:00:00,1.7295,openaq_ground
2026-01-24 08:00:00,1.9929999999999999,openaq_ground
2026-01-24 09:00:00,1.913,openaq_ground
2026-01-24 10:00:00,1.806,openaq_ground
2026-01-24 11:00:00,1.4815,openaq_ground
2026-01-24 12:00:00,1.481,openaq_ground
2026-01-24 13:00:00,1.345,openaq_ground
2026-01-24 14:00:00,1.548,openaq_ground
2026-01-24 15:00:00,1.3785,openaq_ground
2026-01-24 16:00:00,1.3345,openaq_ground
2026-01-24 17:00:00,1.481,openaq_ground
2026-01-24 18:00:00,1.4615,openaq_ground
2026-01-24 19:00:00,1.6204999999999998,openaq_ground
2026-01-24 20:00:00,1.473,openaq_ground
2026-01-24 21:00:00,1.4609999999999999,openaq_ground
2026-01-24 22:00:00,1.4055,openaq_ground
2026-01-24 23:00:00,1.0225,openaq_ground
2026-01-25 00:00:00,0.6585,openaq_ground
2026-01-25 01:00:00,1.0145,openaq_ground
2026-01-25 02:00:00,0.8175,openaq_ground
2026-01-25 03:00:00,0.5385,openaq_ground
2026-01-25 04:00:00,0.37350000000000005,openaq_ground
2026-01-25 05:00:00,0.6519999999999999,openaq_ground
2026-01-25 06:00:00,0.709,openaq_ground
2026-01-25 07:00:00,1.135,openaq_ground
2026-01-25 08:00:00,1.2534999999999998,openaq_ground
2026-01-25 09:00:00,1.1855,openaq_ground
2026-01-25 10:00:00,1.4,openaq_ground
2026-01-25 11:00:00,1.5574999999999999,openaq_ground
2026-01-25 12:00:00,1.522,openaq_ground
2026-01-25 13:00:00,1.362,openaq_ground
2026-01-25 14:00:00,1.4575,openaq_ground
2026-01-25 15:00:00,1.783,openaq_ground
2026-01-25 16:00:00,1.408,openaq_ground
2026-01-25 17:00:00,1.877,openaq_ground
2026-01-25 18:00:00,1.699,openaq_ground
2026-01-25 19:00:00,1.4985,openaq_ground
2026-01-25 20:00:00,2.5775,openaq_ground
2026-01-25 21:00:00,0.7955,openaq_ground
2026-01-25 22:00:00,0.88,openaq_ground
2026-01-25 23:00:00,0.375,openaq_ground
2026-01-26 00:00:00,0.3515,openaq_ground
2026-01-26 01:00:00,0.21889999999999998,openaq_ground
2026-01-26 02:00:00,0.1429,openaq_ground
2026-01-26 03:00:00,0.1255,openaq_ground
2026-01-26 04:00:00,0.11825000000000001,openaq_ground
2026-01-26 05:00:00,0.3605,openaq_ground
2026-01-26 06:00:00,0.2736,openaq_ground
2026-01-26 07:00:00,0.48260000000000003,openaq_ground
2026-01-26 08:00:00,0.3775,openaq_ground
2026-01-26 09:00:00,0.39675,openaq_ground
2026-01-26 10:00:00,0.5774999999999999,openaq_ground
2026-01-26 11:00:00,0.48765,openaq_ground
2026-01-26 12:00:00,0.2806,openaq_ground
2026-01-26 13:00:00,0.182915,openaq_ground
2026-01-26 14:00:00,0.35265,openaq_ground
2026-01-26 15:00:00,0.43085,openaq_ground
2026-01-26 16:00:00,0.6496500000000001,openaq_ground
2026-01-26 17:00:00,0.84985,openaq_ground
2026-01-26 18:00:00,1.0805,openaq_ground
2026-01-26 19:00:00,1.248,openaq_ground
2026-01-26 20:00:00,0.86775,openaq_ground
2026-01-26 21:00:00,0.65725,openaq_ground
2026-01-26 22:00:00,0.2305,openaq_ground
2026-01-26 23:00:00,0.0458,openaq_ground
2026-01-27 00:00:00,0.147915,openaq_ground
2026-01-27 01:00:00,0.18275,openaq_ground
2026-01-27 02:00:00,0.11525,openaq_ground
2026-01-27 03:00:00,0.1825,openaq_ground
2026-01-27 04:00:00,0.253,openaq_ground
2026-01-27 05:00:00,0.101165,openaq_ground
2026-01-27 06:00:00,0.304915,openaq_ground
2026-01-27 07:00:00,0.03125,openaq_ground
2026-01-27 08:00:00,0.051,openaq_ground
2026-01-27 09:00:00,0.056249999999999994,openaq_ground
2026-01-27 10:00:00,0.207665,openaq_ground
2026-01-27 11:00:00,0.171415,openaq_ground
2026-01-27 12:00:00,0.128415,openaq_ground
2026-01-27 13:00:00,0.232165,openaq_ground
2026-01-27 14:00:00,0.271,openaq_ground
2026-01-27 15:00:00,0.41015,openaq_ground
2026-01-27 16:00:00,0.26665,openaq_ground
2026-01-27 17:00:00,0.2715,openaq_ground
2026-01-27 18:00:00,0.38515,openaq_ground
2026-01-27 19:00:00,0.5051,openaq_ground
2026-01-27 20:00:00,1.1560000000000001,openaq_ground
2026-01-27 21:00:00,0.15985,openaq_ground
2026-01-27 22:00:00,0.28624999999999995,openaq_ground
2026-01-27 23:00:00,0.26375,openaq_ground
2026-01-28 00:00:00,0.2478,openaq_ground
2026-01-28 01:00:00,0.2589,openaq_ground
2026-01-28 02:00:00,0.22985,openaq_ground
2026-01-28 03:00:00,0.271415,openaq_ground
2026-01-28 04:00:00,0.343,openaq_ground
2026-01-28 05:00:00,0.538,openaq_ground
2026-01-28 06:00:00,0.59165,openaq_ground
2026-01-28 07:00:00,0.782,openaq_ground
2026-01-28 08:00:00,0.69225,openaq_ground
2026-01-28 09:00:00,0.94175,openaq_ground
2026-01-28 10:00:00,1.3715000000000002,openaq_ground
2026-01-28 11:00:00,1.1875,openaq_ground
2026-01-28 12:00:00,1.0454999999999999,openaq_ground
2026-01-28 13:00:00,1.077,openaq_ground
2026-01-28 14:00:00,1.0095,openaq_ground
2026-01-28 15:00:00,1.2134999999999998,openaq_ground
2026-01-28 16:00:00,1.066,openaq_ground
2026-01-28 17:00:00,1.489,openaq_ground
2026-01-28 18:00:00,1.752,openaq_ground
2026-01-28 19:00:00,1.1105,openaq_ground
2026-01-28 20:00:00,0.5680000000000001,openaq_ground
2026-01-28 21:00:00,0.681,openaq_ground
2026-01-28 22:00:00,1.449,openaq_ground
2026-01-28 23:00:00,0.8175,openaq_ground
2026-01-29 00:00:00,1.105,openaq_ground
2026-01-29 01:00:00,1.1515,openaq_ground
2026-01-29 02:00:00,0.9235,openaq_ground
2026-01-29 03:00:00,0.8885,openaq_ground
2026-01-29 04:00:00,0.7829999999999999,openaq_ground
2026-01-29 05:00:00,0.601,openaq_ground
2026-01-29 06:00:00,0.6785,openaq_ground
2026-01-29 07:00:00,0.933,openaq_ground
2026-01-29 08:00:00,0.47550000000000003,openaq_ground
2026-01-29 09:00:00,0.24715,openaq_ground
2026-01-29 10:00:00,0.2805,openaq_ground
2026-01-29 11:00:00,0.13525,openaq_ground
2026-01-29 12:00:00,0.1981,openaq_ground
2026-01-29 13:00:00,0.11549999999999999,openaq_ground
2026-01-29 14:00:00,0.10425000000000001,openaq_ground
2026-01-29 15:00:00,0.107,openaq_ground
2026-01-29 16:00:00,0.11574999999999999,openaq_ground
2026-01-29 17:00:00,0.176415,openaq_ground
2026-01-29 18:00:00,0.1771,openaq_ground
2026-01-29 19:00:00,0.07785,openaq_ground
2026-01-29 20:00:00,0.07985,openaq_ground
2026-01-29 21:00:00,0.0724,openaq_ground
2026-01-29 22:00:00,0.379,openaq_ground
2026-01-29 23:00:00,0.2,openaq_ground
2026-01-30 00:00:00,0.391,openaq_ground
2026-01-30 01:00:00,0.376,openaq_ground
2026-01-30 02:00:00,0.135,openaq_ground
2026-01-30 03:00:00,0.0472,openaq_ground
2026-01-30 04:00:00,0.18150000000000002,openaq_ground
2026-01-30 05:00:00,2.23,openaq_ground
2026-01-30 06:00:00,2.81,openaq_ground
2026-01-30 07:00:00,2.05,openaq_ground
2026-01-30 08:00:00,1.013,openaq_ground
2026-01-30 09:00:00,0.944,openaq_ground
2026-01-30 10:00:00,1.1125,openaq_ground
2026-01-30 11:00:00,1.542,openaq_ground
2026-01-30 12:00:00,2.0005,openaq_ground
2026-01-30 13:00:00,2.08,openaq_ground
2026-01-30 14:00:00,2.425,openaq_ground
2026-01-30 15:00:00,2.5700000000000003,openaq_ground
2026-01-30 16:00:00,2.29,openaq_ground
2026-01-30 17:00:00,2.395,openaq_ground
2026-01-30 18:00:00,2.5100000000000002,openaq_ground
2026-01-30 19:00:00,3.155,openaq_ground
2026-01-30 20:00:00,2.27,openaq_ground
2026-01-30 21:00:00,2.21,openaq_ground
2026-01-30 22:00:00,2.035,openaq_ground
2026-01-30 23:00:00,1.809,openaq_ground
2026-01-31 00:00:00,1.4,openaq_ground
2026-01-31 01:00:00,1.348,openaq_ground
2026-01-31 02:00:00,1.178,openaq_ground
2026-01-31 03:00:00,2.3235,openaq_ground
2026-01-31 04:00:00,1.2155,openaq_ground
2026-01-31 05:00:00,2.4850000000000003,openaq_ground
2026-01-31 06:00:00,4.255,openaq_ground
2026-01-31 07:00:00,4.515,openaq_ground
2026-01-31 08:00:00,3.985,openaq_ground
2026-01-31 09:00:00,2.9,openaq_ground
2026-01-31 10:00:00,2.3449999999999998,openaq_ground
2026-01-31 11:00:00,2.4450000000000003,openaq_ground
2026-01-31 12:00:00,2.1799999999999997,openaq_ground
2026-01-31 13:00:00,1.935,openaq_ground
2026-01-31 14:00:00,2.03,openaq_ground
2026-01-31 15:00:00,2.285,openaq_ground
2026-01-31 16:00:00,2.645,openaq_ground
2026-01-31 17:00:00,2.745,openaq_ground
2026-01-31 18:00:00,3.045,openaq_ground
2026-01-31 19:00:00,3.8099999999999996,openaq_ground
2026-01-31 20:00:00,1.72,openaq_ground
2026-01-31 21:00:00,1.77,openaq_ground
2026-01-31 22:00:00,1.7399999999999998,openaq_ground
2026-01-31 23:00:00,1.2605,openaq_ground
2026-02-01 00:00:00,1.478,openaq_ground
2026-02-01 01:00:00,2.09,openaq_ground
2026-02-01 02:00:00,2.36,openaq_ground
2026-02-01 03:00:00,2.885,openaq_ground
2026-02-01 04:00:00,2.805,openaq_ground
2026-02-01 05:00:00,3.31,openaq_ground
2026-02-01 06:00:00,4.08,openaq_ground
2026-02-01 07:00:00,4.1499999999999995,openaq_ground
2026-02-01 08:00:00,4.5649999999999995,openaq_ground
2026-02-01 09:00:00,4.495,openaq_ground
2026-02-01 10:00:00,3.33,openaq_ground
2026-02-01 11:00:00,2.505,openaq_ground
2026-02-01 12:00:00,2.025,openaq_ground
2026-02-01 13:00:00,1.81,openaq_ground
2026-02-01 14:00:00,1.8649999999999998,openaq_ground
2026-02-01 15:00:00,1.7999999999999998,openaq_ground
2026-02-01 16:00:00,1.724,openaq_ground
2026-02-01 17:00:00,1.091,openaq_ground
2026-02-01 18:00:00,0.3665,openaq_ground
2026-02-01 19:00:00,0.20465,openaq_ground
2026-02-01 20:00:00,0.3785,openaq_ground
2026-02-01 21:00:00,0.53835,openaq_ground
2026-02-01 22:00:00,0.627,openaq_ground
2026-02-01 23:00:00,1.8010000000000002,openaq_ground
2026-02-02 00:00:00,1.374,openaq_ground
2026-02-02 01:00:00,0.4155,openaq_ground
2026-02-02 02:00:00,0.202,openaq_ground
2026-02-02 03:00:00,0.151415,openaq_ground
2026-02-02 04:00:00,0.0132,openaq_ground
2026-02-02 05:00:00,0.02085,openaq_ground
2026-02-02 06:00:00,0.0354,openaq_ground
2026-02-02 07:00:00,0.0146,openaq_ground
2026-02-02 08:00:00,0.01365,openaq_ground
2026-02-02 09:00:00,0.0146,openaq_ground
2026-02-02 10:00:00,0.0472,openaq_ground
2026-02-02 11:00:00,0.004165,openaq_ground
2026-02-02 12:00:00,0.00625,openaq_ground
2026-02-02 13:00:00,0.00835,openaq_ground
2026-02-02 14:00:00,0.0,openaq_ground
2026-02-02 15:00:00,0.00695,openaq_ground
2026-02-02 16:00:00,0.0,openaq_ground
2026-02-02 17:00:00,0.0936,openaq_ground
2026-02-02 18:00:00,0.15705000000000002,openaq_ground
2026-02-02 19:00:00,0.13679999999999998,openaq_ground
2026-02-02 20:00:00,0.0926,openaq_ground
2026-02-02 21:00:00,0.39590000000000003,openaq_ground
2026-02-02 22:00:00,1.06165,openaq_ground
2026-02-02 23:00:00,2.1395,openaq_ground
2026-02-03 00:00:00,1.83,openaq_ground
2026-02-03 01:00:00,1.2634999999999998,openaq_ground
2026-02-03 02:00:00,0.984,openaq_ground
2026-02-03 03:00:00,0.722,openaq_ground
2026-02-03 04:00:00,0.577,openaq_ground
2026-02-03 05:00:00,0.968,openaq_ground
2026-02-03 06:00:00,2.32,openaq_ground
2026-02-03 07:00:00,2.885,openaq_ground
2026-02-03 08:00:00,2.79,openaq_ground
2026-02-03 09:00:00,2.62,openaq_ground
2026-02-03 10:00:00,2.65,openaq_ground
2026-02-03 11:00:00,1.78,openaq_ground
2026-02-03 12:00:00,1.557,openaq_ground
2026-02-03 13:00:00,1.4445000000000001,openaq_ground
2026-02-03 14:00:00,1.1625,openaq_ground
2026-02-03 15:00:00,1.204,openaq_ground
2026-02-03 16:00:00,1.2334999999999998,openaq_ground
2026-02-03 17:00:00,1.151,openaq_ground
2026-02-03 18:00:00,1.7375,openaq_ground
2026-02-03 19:00:00,0.7565000000000001,openaq_ground
2026-02-03 20:00:00,0.7567499999999999,openaq_ground
2026-02-03 21:00:00,0.7845,openaq_ground
2026-02-03 22:00:00,0.1736,openaq_ground
2026-02-03 23:00:00,0.39535000000000003,openaq_ground
2026-02-04 00:00:00,0.40615,openaq_ground
2026-02-04 01:00:00,0.168,openaq_ground
2026-02-04 02:00:00,0.1314,openaq_ground
2026-02-04 03:00:00,0.17909999999999998,openaq_ground
2026-02-04 04:00:00,0.4835,openaq_ground
2026-02-04 05:00:00,1.7165,openaq_ground
2026-02-04 06:00:00,1.3995,openaq_ground
2026-02-04 07:00:00,0.9615,openaq_ground
2026-02-04 08:00:00,1.0545,openaq_ground
2026-02-04 09:00:00,1.3395,openaq_ground
2026-02-04 10:00:00,1.246,openaq_ground
2026-02-04 11:00:00,1.058,openaq_ground
2026-02-04 12:00:00,0.5395,openaq_ground
2026-02-04 13:00:00,0.402,openaq_ground
2026-02-04 14:00:00,0.412,openaq_ground
2026-02-04 15:00:00,0.45339999999999997,openaq_ground
2026-02-04 16:00:00,0.5725,openaq_ground
2026-02-04 17:00:00,0.5926,openaq_ground
2026-02-04 18:00:00,0.7709999999999999,openaq_ground
2026-02-04 19:00:00,0.4721,openaq_ground
2026-02-04 20:00:00,0.38,openaq_ground
2026-02-04 21:00:00,0.35575,openaq_ground
2026-02-04 22:00:00,0.977,openaq_ground
2026-02-04 23:00:00,0.44734999999999997,openaq_ground
2026-02-05 00:00:00,1.1604999999999999,openaq_ground
2026-02-05 01:00:00,1.2235,openaq_ground
2026-02-05 02:00:00,1.288,openaq_ground
2026-02-05 03:00:00,1.6685,openaq_ground
2026-02-05 04:00:00,1.8,openaq_ground
2026-02-05 05:00:00,1.4300000000000002,openaq_ground
2026-02-05 06:00:00,1.2075,openaq_ground
2026-02-05 07:00:00,1.575,openaq_ground
2026-02-05 08:00:00,1.314,openaq_ground
2026-02-05 09:00:00,1.0105,openaq_ground
2026-02-05 10:00:00,1.5310000000000001,openaq_ground
2026-02-05 11:00:00,2.3385,openaq_ground
2026-02-05 12:00:00,3.235,openaq_ground
2026-02-05 13:00:00,3.2699999999999996,openaq_ground
2026-02-05 14:00:00,2.815,openaq_ground
2026-02-05 15:00:00,2.59,openaq_ground
2026-02-05 16:00:00,2.165,openaq_ground
2026-02-05 17:00:00,1.0905,openaq_ground
2026-02-05 18:00:00,1.065,openaq_ground
2026-02-05 19:00:00,0.7645,openaq_ground
2026-02-05 20:00:00,0.6735,openaq_ground
2026-02-05 21:00:00,0.7290000000000001,openaq_ground
2026-02-05 22:00:00,0.334,openaq_ground
2026-02-05 23:00:00,0.23,openaq_ground
2026-02-06 00:00:00,0.327,openaq_ground
2026-02-06 01:00:00,0.1355,openaq_ground
2026-02-06 02:00:00,0.20750000000000002,openaq_ground
2026-02-06 03:00:00,0.1495,openaq_ground
2026-02-06 04:00:00,5.9345,openaq_ground
2026-02-06 05:00:00,1.6280000000000001,openaq_ground
2026-02-06 06:00:00,0.245,openaq_ground
2026-02-06 07:00:00,0.5539999999999999,openaq_ground
2026-02-06 08:00:00,0.4566,openaq_ground
2026-02-06 09:00:00,0.508,openaq_ground
2026-02-06 10:00:00,0.572,openaq_ground
2026-02-06 11:00:00,0.61,openaq_ground
2026-02-06 12:00:00,0.585,openaq_ground
2026-02-06 13:00:00,0.5795,openaq_ground
2026-02-06 14:00:00,0.5945,openaq_ground
2026-02-06 15:00:00,0.794,openaq_ground
2026-02-06 16:00:00,1.0905,openaq_ground
2026-02-06 17:00:00,1.419,openaq_ground
2026-02-06 18:00:00,1.359,openaq_ground
2026-02-06 19:00:00,1.56,openaq_ground
2026-02-06 20:00:00,1.335,openaq_ground
2026-02-06 21:00:00,1.245,openaq_ground
2026-02-06 22:00:00,1.23,openaq_ground
2026-02-06 23:00:00,1.1219999999999999,openaq_ground
2026-02-07 00:00:00,1.5699999999999998,openaq_ground
2026-02-07 01:00:00,1.295,openaq_ground
2026-02-07 02:00:00,0.7809999999999999,openaq_ground
2026-02-07 03:00:00,1.0145,openaq_ground
2026-02-07 04:00:00,1.198,openaq_ground
2026-02-07 05:00:00,1.404,openaq_ground
2026-02-07 06:00:00,2.041,openaq_ground
2026-02-07 07:00:00,1.3595,openaq_ground
2026-02-07 08:00:00,1.7854999999999999,openaq_ground
2026-02-07 09:00:00,1.915,openaq_ground
2026-02-07 10:00:00,1.8800000000000001,openaq_ground
2026-02-07 11:00:00,1.6575,openaq_ground
2026-02-07 12:00:00,1.74,openaq_ground
2026-02-07 13:00:00,1.575,openaq_ground
2026-02-07 14:00:00,1.4249999999999998,openaq_ground
2026-02-07 15:00:00,1.687,openaq_ground
2026-02-07 16:00:00,1.4955,openaq_ground
2026-02-07 17:00:00,1.5775000000000001,openaq_ground
2026-02-07 18:00:00,1.563,openaq_ground
2026-02-07 19:00:00,1.5305,openaq_ground
2026-02-07 20:00:00,1.1444999999999999,openaq_ground
2026-02-07 21:00:00,1.2625,openaq_ground
2026-02-07 22:00:00,1.44,openaq_ground
2026-02-07 23:00:00,1.3479999999999999,openaq_ground
2026-02-08 00:00:00,0.9665,openaq_ground
2026-02-08 01:00:00,1.096,openaq_ground
2026-02-08 02:00:00,1.2414999999999998,openaq_ground
2026-02-08 03:00:00,1.392,openaq_ground
2026-02-08 04:00:00,1.1625,openaq_ground
2026-02-08 05:00:00,1.4549999999999998,openaq_ground
2026-02-08 06:00:00,2.035,openaq_ground
2026-02-08 07:00:00,2.37,openaq_ground
2026-02-08 08:00:00,1.7165,openaq_ground
2026-02-08 09:00:00,1.657,openaq_ground
2026-02-08 10:00:00,1.69,openaq_ground
2026-02-08 11:00:00,1.7,openaq_ground
2026-02-08 12:00:00,1.459,openaq_ground
2026-02-08 13:00:00,1.228,openaq_ground
2026-02-08 14:00:00,1.6355000000000002,openaq_ground
2026-02-08 15:00:00,1.7115,openaq_ground
2026-02-08 16:00:00,1.597,openaq_ground
2026-02-08 17:00:00,1.5645,openaq_ground
2026-02-08 18:00:00,1.814,openaq_ground
2026-02-08 19:00:00,1.9005,openaq_ground
2026-02-08 20:00:00,2.131,openaq_ground
2026-02-08 21:00:00,1.8085,openaq_ground
2026-02-08 22:00:00,1.6375,openaq_ground
2026-02-08 23:00:00,1.6695,openaq_ground
2026-02-09 00:00:00,1.7634999999999998,openaq_ground
2026-02-09 01:00:00,1.509,openaq_ground
2026-02-09 02:00:00,1.365,openaq_ground
2026-02-09 03:00:00,0.803,openaq_ground
2026-02-09 04:00:00,0.6905,openaq_ground
2026-02-09 05:00:00,0.8275,openaq_ground
2026-02-09 06:00:00,1.2065000000000001,openaq_ground
2026-02-09 07:00:00,1.7885,openaq_ground
2026-02-09 08:00:00,2.1235,openaq_ground
2026-02-09 09:00:00,2.168,openaq_ground
2026-02-09 10:00:00,2.545,openaq_ground
2026-02-09 11:00:00,2.955,openaq_ground
2026-02-09 12:00:00,2.9800000000000004,openaq_ground
2026-02-09 13:00:00,2.9299999999999997,openaq_ground
2026-02-09 14:00:00,3.84,openaq_ground
2026-02-09 15:00:00,4.28,openaq_ground
2026-02-09 16:00:00,3.13,openaq_ground
2026-02-09 17:00:00,3.035,openaq_ground
2026-02-09 18:00:00,3.175,openaq_ground
2026-02-09 19:00:00,3.0949999999999998,openaq_ground
2026-02-09 20:00:00,2.565,openaq_ground
2026-02-09 21:00:00,2.078,openaq_ground
2026-02-09 22:00:00,2.1,openaq_ground
2026-02-09 23:00:00,1.9245,openaq_ground
2026-02-10 00:00:00,2.005,openaq_ground
2026-02-10 01:00:00,1.935,openaq_ground
2026-02-10 02:00:00,1.8615,openaq_ground
2026-02-10 03:00:00,2.073,openaq_ground
2026-02-10 04:00:00,2.4029999999999996,openaq_ground
2026-02-10 05:00:00,2.362,openaq_ground
2026-02-10 06:00:00,2.37,openaq_ground
2026-02-10 07:00:00,2.2445,openaq_ground
2026-02-10 08:00:00,2.192,openaq_ground
2026-02-10 09:00:00,2.5475,openaq_ground
2026-02-10 10:00:00,2.86,openaq_ground
2026-02-10 11:00:00,3.0149999999999997,openaq_ground
2026-02-10 12:00:00,3.215,openaq_ground
2026-02-10 13:00:00,3.5100000000000002,openaq_ground
2026-02-10 14:00:00,3.5199999999999996,openaq_ground
2026-02-10 15:00:00,4.065,openaq_ground
2026-02-10 16:00:00,4.65,openaq_ground
2026-02-10 17:00:00,4.76,openaq_ground
2026-02-10 18:00:00,5.78,openaq_ground
2026-02-10 19:00:00,5.86,openaq_ground
2026-02-10 20:00:00,3.865,openaq_ground
2026-02-10 21:00:00,3.045,openaq_ground
2026-02-10 22:00:00,3.055,openaq_ground
2026-02-10 23:00:00,3.245,openaq_ground
2026-02-11 00:00:00,3.215,openaq_ground
2026-02-11 01:00:00,2.555,openaq_ground
2026-02-11 02:00:00,2.815,openaq_ground
2026-02-11 03:00:00,3.6,openaq_ground
2026-02-11 04:00:00,3.835,openaq_ground
2026-02-11 05:00:00,3.915,openaq_ground
2026-02-11 06:00:00,3.06,openaq_ground
2026-02-11 07:00:00,3.2750000000000004,openaq_ground
2026-02-11 08:00:00,3.33,openaq_ground
2026-02-11 09:00:00,3.36,openaq_ground
2026-02-11 10:00:00,3.315,openaq_ground
2026-02-11 11:00:00,3.285,openaq_ground
2026-02-11 12:00:00,3.585,openaq_ground
2026-02-11 13:00:00,3.7350000000000003,openaq_ground
2026-02-11 14:00:00,3.91,openaq_ground
2026-02-11 15:00:00,3.725,openaq_ground
2026-02-11 16:00:00,3.75,openaq_ground
2026-02-11 17:00:00,3.29,openaq_ground
2026-02-11 18:00:00,3.175,openaq_ground
2026-02-11 19:00:00,2.3049999999999997,openaq_ground
2026-02-11 20:00:00,1.47,openaq_ground
2026-02-11 21:00:00,4.3385,openaq_ground
2026-02-11 22:00:00,2.3689999999999998,openaq_ground
2026-02-11 23:00:00,0.708,openaq_ground
2026-02-12 00:00:00,0.567,openaq_ground
2026-02-12 01:00:00,0.4895,openaq_ground
2026-02-12 02:00:00,0.4505,openaq_ground
2026-02-12 03:00:00,1.0935,openaq_ground
2026-02-12 04:00:00,0.6815,openaq_ground
2026-02-12 05:00:00,0.40650000000000003,openaq_ground
2026-02-12 06:00:00,0.5545,openaq_ground
2026-02-12 07:00:00,0.7495,openaq_ground
2026-02-12 08:00:00,1.097,openaq_ground
2026-02-12 09:00:00,1.052,openaq_ground
2026-02-12 10:00:00,0.6285000000000001,openaq_ground
2026-02-12 11:00:00,0.422,openaq_ground
2026-02-12 12:00:00,1.0125,openaq_ground
2026-02-12 13:00:00,0.44200000000000006,openaq_ground
2026-02-12 14:00:00,0.4075,openaq_ground
2026-02-12 15:00:00,0.239,openaq_ground
2026-02-12 16:00:00,0.13715,openaq_ground
2026-02-12 17:00:00,0.0542,openaq_ground
2026-02-12 18:00:00,0.0305,openaq_ground
2026-02-12 19:00:00,0.127,openaq_ground
2026-02-12 20:00:00,0.13835,openaq_ground
2026-02-12 21:00:00,0.03265,openaq_ground
2026-02-12 22:00:00,0.1951,openaq_ground
2026-02-12 23:00:00,0.6950000000000001,openaq_ground
2026-02-13 00:00:00,0.86275,openaq_ground
2026-02-13 01:00:00,1.3684,openaq_ground
2026-02-13 02:00:00,0.9039,openaq_ground
2026-02-13 03:00:00,0.371,openaq_ground
2026-02-13 04:00:00,0.49884999999999996,openaq_ground
2026-02-13 05:00:00,0.6605000000000001,openaq_ground
2026-02-13 06:00:00,0.5225,openaq_ground
2026-02-13 07:00:00,0.3245,openaq_ground
2026-02-13 08:00:00,0.39915,openaq_ground
2026-02-13 09:00:00,0.5666,openaq_ground
2026-02-13 10:00:00,0.54835,openaq_ground
2026-02-13 11:00:00,0.7256499999999999,openaq_ground
2026-02-13 12:00:00,0.94615,openaq_ground
2026-02-13 13:00:00,1.5013500000000002,openaq_ground
2026-02-13 14:00:00,1.0625,openaq_ground
2026-02-13 15:00:00,1.179,openaq_ground
2026-02-13 16:00:00,1.465,openaq_ground
2026-02-13 17:00:00,0.473,openaq_ground
2026-02-13 18:00:00,0.4595,openaq_ground
2026-02-13 19:00:00,0.4285,openaq_ground
2026-02-13 20:00:00,0.43,openaq_ground
2026-02-13 21:00:00,1.4285,openaq_ground
2026-02-13 22:00:00,1.9195000000000002,openaq_ground
2026-02-13 23:00:00,2.159,openaq_ground
2026-02-14 00:00:00,1.7655,openaq_ground
2026-02-14 01:00:00,2.0425,openaq_ground
2026-02-14 02:00:00,1.894,openaq_ground
2026-02-14 03:00:00,1.906,openaq_ground
2026-02-14 04:00:00,2.218,openaq_ground
2026-02-14 05:00:00,2.318,openaq_ground
2026-02-14 06:00:00,2.494,openaq_ground
2026-02-14 07:00:00,2.286,openaq_ground
2026-02-14 08:00:00,2.551,openaq_ground
2026-02-14 09:00:00,2.805,openaq_ground
2026-02-14 10:00:00,3.215,openaq_ground
2026-02-14 11:00:00,2.55,openaq_ground
2026-02-14 12:00:00,2.625,openaq_ground
2026-02-14 13:00:00,2.0785,openaq_ground
2026-02-14 14:00:00,1.528,openaq_ground
2026-02-14 15:00:00,1.4184999999999999,openaq_ground
2026-02-14 16:00:00,1.0925,openaq_ground
2026-02-14 17:00:00,1.363,openaq_ground
2026-02-14 18:00:00,1.6885,openaq_ground
2026-02-14 19:00:00,1.4585,openaq_ground
2026-02-14 20:00:00,1.3575000000000002,openaq_ground
2026-02-14 21:00:00,0.9275,openaq_ground
2026-02-14 22:00:00,0.8480000000000001,openaq_ground
2026-02-14 23:00:00,0.755,openaq_ground
2026-02-15 00:00:00,0.622,openaq_ground
2026-02-15 01:00:00,2.0985,openaq_ground
2026-02-15 02:00:00,2.5535,openaq_ground
2026-02-15 03:00:00,1.905,openaq_ground
2026-02-15 04:00:00,1.565,openaq_ground
2026-02-15 05:00:00,1.905,openaq_ground
2026-02-15 06:00:00,1.4925,openaq_ground
2026-02-15 07:00:00,1.3699999999999999,openaq_ground
2026-02-15 08:00:00,1.2505000000000002,openaq_ground
2026-02-15 09:00:00,1.4104999999999999,openaq_ground
2026-02-15 10:00:00,1.044,openaq_ground
2026-02-15 11:00:00,0.709,openaq_ground
2026-02-15 12:00:00,0.589,openaq_ground
2026-02-15 13:00:00,0.875,openaq_ground
2026-02-15 14:00:00,1.0455,openaq_ground
2026-02-15 15:00:00,0.933,openaq_ground
2026-02-15 16:00:00,1.353,openaq_ground
2026-02-15 17:00:00,1.412,openaq_ground
2026-02-15 18:00:00,1.082,openaq_ground
2026-02-15 19:00:00,1.2575,openaq_ground
2026-02-15 20:00:00,1.387,openaq_ground
2026-02-15 21:00:00,0.93,openaq_ground
2026-02-15 22:00:00,0.7080000000000001,openaq_ground
2026-02-15 23:00:00,0.9265,openaq_ground
2026-02-16 00:00:00,0.50565,openaq_ground
2026-02-16 01:00:00,0.25825,openaq_ground
2026-02-16 02:00:00,0.34450000000000003,openaq_ground
2026-02-16 03:00:00,0.272,openaq_ground
2026-02-16 04:00:00,0.2469,openaq_ground
2026-02-16 05:00:00,1.3,openaq_ground
2026-02-16 06:00:00,0.913,openaq_ground
2026-02-16 07:00:00,2.105,openaq_ground
2026-02-16 08:00:00,2.275,openaq_ground
2026-02-16 09:00:00,1.9035,openaq_ground
2026-02-16 10:00:00,1.7850000000000001,openaq_ground
2026-02-16 11:00:00,1.8325,openaq_ground
2026-02-16 12:00:00,1.7185000000000001,openaq_ground
2026-02-16 13:00:00,1.496,openaq_ground
2026-02-16 14:00:00,1.594,openaq_ground
2026-02-16 15:00:00,1.5585,openaq_ground
2026-02-16 16:00:00,1.4585000000000001,openaq_ground
2026-02-16 17:00:00,1.54,openaq_ground
2026-02-16 18:00:00,1.6145,openaq_ground
2026-02-16 19:00:00,1.5255,openaq_ground
2026-02-16 20:00:00,0.976,openaq_ground
2026-02-16 21:00:00,1.4285,openaq_ground
2026-02-16 22:00:00,0.6425000000000001,openaq_ground
2026-02-16 23:00:00,0.6384,openaq_ground
2026-02-17 00:00:00,0.71225,openaq_ground
2026-02-17 01:00:00,0.3086,openaq_ground
2026-02-17 02:00:00,0.29985,openaq_ground
2026-02-17 03:00:00,0.17025,openaq_ground
2026-02-17 04:00:00,0.18675,openaq_ground
2026-02-17 05:00:00,0.179,openaq_ground
2026-02-17 06:00:00,0.280415,openaq_ground
2026-02-17 07:00:00,0.268,openaq_ground
2026-02-17 08:00:00,0.861415,openaq_ground
2026-02-17 09:00:00,0.18239999999999998,openaq_ground
2026-02-17 10:00:00,0.4625,openaq_ground
2026-02-17 11:00:00,0.8525,openaq_ground
2026-02-17 12:00:00,0.7315,openaq_ground
2026-02-17 13:00:00,0.5825,openaq_ground
2026-02-17 14:00:00,1.0725,openaq_ground
2026-02-17 15:00:00,1.12,openaq_ground
2026-02-17 16:00:00,1.1965,openaq_ground
2026-02-17 17:00:00,0.905,openaq_ground
2026-02-17 18:00:00,1.2815,openaq_ground
2026-02-17 19:00:00,1.1845,openaq_ground
2026-02-17 20:00:00,0.6165,openaq_ground
2026-02-17 21:00:00,0.15810000000000002,openaq_ground
2026-02-17 22:00:00,0.02785,openaq_ground
2026-02-17 23:00:00,0.0056,openaq_ground
2026-02-18 00:00:00,0.0,openaq_ground
2026-02-18 01:00:00,0.0146,openaq_ground
2026-02-18 02:00:00,0.0,openaq_ground
2026-02-18 03:00:00,0.0111,openaq_ground
2026-02-18 04:00:00,0.00139,openaq_ground
2026-02-18 05:00:00,0.0,openaq_ground
2026-02-18 06:00:00,0.0,openaq_ground
2026-02-18 07:00:00,0.0889,openaq_ground
2026-02-18 08:00:00,0.2465,openaq_ground
2026-02-18 09:00:00,0.3715,openaq_ground
2026-02-18 10:00:00,0.2175,openaq_ground
2026-02-18 11:00:00,0.4035,openaq_ground
2026-02-18 12:00:00,0.55,openaq_ground
2026-02-18 13:00:00,0.65,openaq_ground
2026-02-18 14:00:00,0.64,openaq_ground
2026-02-18 15:00:00,0.87,openaq_ground
2026-02-18 16:00:00,0.69,openaq_ground
2026-02-18 17:00:00,0.575,openaq_ground
2026-02-18 18:00:00,0.2915,openaq_ground
2026-02-18 19:00:00,0.3235,openaq_ground
2026-02-18 20:00:00,0.1755,openaq_ground
2026-02-18 21:00:00,0.1371,openaq_ground
2026-02-18 22:00:00,0.153,openaq_ground
2026-02-18 23:00:00,0.6024999999999999,openaq_ground
2026-02-19 00:00:00,0.11109999999999999,openaq_ground
2026-02-19 01:00:00,0.0625,openaq_ground
2026-02-19 02:00:00,0.105,openaq_ground
2026-02-19 03:00:00,0.17335,openaq_ground
2026-02-19 04:00:00,0.0774,openaq_ground
2026-02-19 05:00:00,0.191165,openaq_ground
2026-02-19 06:00:00,0.22835,openaq_ground
2026-02-19 07:00:00,0.4857,openaq_ground
2026-02-19 08:00:00,0.6576,openaq_ground
2026-02-19 09:00:00,1.28775,openaq_ground
2026-02-19 10:00:00,0.809165,openaq_ground
2026-02-19 11:00:00,0.67,openaq_ground
2026-02-19 12:00:00,1.52,openaq_ground
2026-02-19 13:00:00,3.28025,openaq_ground
2026-02-19 14:00:00,2.4326,openaq_ground
2026-02-19 15:00:00,2.22085,openaq_ground
2026-02-19 16:00:00,1.93,openaq_ground
2026-02-19 17:00:00,1.874165,openaq_ground
2026-02-19 18:00:00,1.7056,openaq_ground
2026-02-19 19:00:00,1.84,openaq_ground
2026-02-19 20:00:00,1.50275,openaq_ground
2026-02-19 21:00:00,1.2725,openaq_ground
2026-02-19 22:00:00,1.084,openaq_ground
2026-02-19 23:00:00,0.825,openaq_ground
2026-02-20 00:00:00,0.738,openaq_ground
2026-02-20 01:00:00,0.7745,openaq_ground
2026-02-20 02:00:00,0.7845000000000001,openaq_ground
2026-02-20 03:00:00,0.6849999999999999,openaq_ground
2026-02-20 04:00:00,0.8315,openaq_ground
2026-02-20 05:00:00,0.7945,openaq_ground
2026-02-20 06:00:00,1.492,openaq_ground
2026-02-20 07:00:00,1.8215,openaq_ground
2026-02-20 08:00:00,1.5150000000000001,openaq_ground
2026-02-20 09:00:00,1.6475,openaq_ground
2026-02-20 10:00:00,1.6635,openaq_ground
2026-02-20 11:00:00,1.7615,openaq_ground
2026-02-20 12:00:00,1.6375,openaq_ground
2026-02-20 13:00:00,1.4415,openaq_ground
2026-02-20 14:00:00,1.02115,openaq_ground
2026-02-20 15:00:00,1.1281,openaq_ground
2026-02-20 16:00:00,1.0661,openaq_ground
2026-02-20 17:00:00,1.21335,openaq_ground
2026-02-20 18:00:00,1.12175,openaq_ground
2026-02-20 19:00:00,1.0205,openaq_ground
2026-02-20 20:00:00,1.08085,openaq_ground
2026-02-20 21:00:00,1.0515,openaq_ground
2026-02-20 22:00:00,1.0855,openaq_ground
2026-02-20 23:00:00,0.932,openaq_ground
2026-02-21 00:00:00,1.0035,openaq_ground
2026-02-21 01:00:00,1.4554999999999998,openaq_ground
2026-02-21 02:00:00,1.1515,openaq_ground
2026-02-21 03:00:00,0.8955,openaq_ground
2026-02-21 04:00:00,1.2175,openaq_ground
2026-02-21 05:00:00,0.8919999999999999,openaq_ground
2026-02-21 06:00:00,0.993,openaq_ground
2026-02-21 07:00:00,1.001,openaq_ground
2026-02-21 08:00:00,1.4459,openaq_ground
2026-02-21 09:00:00,1.4633500000000002,openaq_ground
2026-02-21 10:00:00,1.75,openaq_ground
2026-02-21 11:00:00,1.685,openaq_ground
2026-02-21 12:00:00,1.85,openaq_ground
2026-02-21 13:00:00,2.01,openaq_ground
2026-02-21 14:00:00,1.95,openaq_ground
2026-02-21 15:00:00,1.715,openaq_ground
2026-02-21 16:00:00,1.86,openaq_ground
2026-02-21 17:00:00,1.67,openaq_ground
2026-02-21 18:00:00,1.465,openaq_ground
2026-02-21 19:00:00,2.115,openaq_ground
2026-02-21 20:00:00,1.705,openaq_ground
2026-02-21 21:00:00,1.00775,openaq_ground
2026-02-21 22:00:00,0.722,openaq_ground
2026-02-21 23:00:00,0.7020000000000001,openaq_ground
2026-02-22 00:00:00,0.35675,openaq_ground
2026-02-22 01:00:00,0.4176,openaq_ground
2026-02-22 02:00:00,0.27240000000000003,openaq_ground
2026-02-22 03:00:00,0.41775,openaq_ground
2026-02-22 04:00:00,0.6239,openaq_ground
2026-02-22 05:00:00,0.5630000000000001,openaq_ground
2026-02-22 06:00:00,0.7565000000000001,openaq_ground
2026-02-22 07:00:00,0.8335,openaq_ground
2026-02-22 08:00:00,1.157,openaq_ground
2026-02-22 09:00:00,1.7661,openaq_ground
2026-02-22 10:00:00,1.63775,openaq_ground
2026-02-22 11:00:00,1.59,openaq_ground
2026-02-22 12:00:00,1.7,openaq_ground
2026-02-22 13:00:00,1.52335,openaq_ground
2026-02-22 14:00:00,1.505,openaq_ground
2026-02-22 15:00:00,1.3456000000000001,openaq_ground
2026-02-22 16:00:00,1.435,openaq_ground
2026-02-22 17:00:00,1.5,openaq_ground
2026-02-22 18:00:00,1.735,openaq_ground
2026-02-22 19:00:00,1.675,openaq_ground
2026-02-22 20:00:00,1.18,openaq_ground
2026-02-22 21:00:00,0.879,openaq_ground
2026-02-22 22:00:00,0.9235,openaq_ground
2026-02-22 23:00:00,0.6,openaq_ground
2026-02-23 00:00:00,0.9097500000000001,openaq_ground
2026-02-23 01:00:00,0.9976,openaq_ground
2026-02-23 02:00:00,1.0905,openaq_ground
2026-02-23 03:00:00,1.1815,openaq_ground
2026-02-23 04:00:00,2.274,openaq_ground
2026-02-23 05:00:00,1.88,openaq_ground
2026-02-23 06:00:00,2.0385,openaq_ground
2026-02-23 07:00:00,2.275,openaq_ground
2026-02-23 08:00:00,2.325,openaq_ground
2026-02-23 09:00:00,2.6681,openaq_ground
2026-02-23 10:00:00,3.7069,openaq_ground
2026-02-23 11:00:00,2.76,openaq_ground
2026-02-23 12:00:00,3.17,openaq_ground
2026-02-23 13:00:00,2.611415,openaq_ground
2026-02-23 14:00:00,2.555,openaq_ground
2026-02-23 15:00:00,2.53835,openaq_ground
2026-02-23 16:00:00,2.88,openaq_ground
2026-02-23 17:00:00,2.78,openaq_ground
2026-02-23 18:00:00,2.305,openaq_ground
2026-02-23 19:00:00,2.54,openaq_ground
2026-02-23 20:00:00,1.94465,openaq_ground
2026-02-23 21:00:00,1.6285,openaq_ground
2026-02-23 22:00:00,1.4460000000000002,openaq_ground
2026-02-23 23:00:00,1.2725,openaq_ground
2026-02-24 00:00:00,1.201,openaq_ground
2026-02-24 01:00:00,0.8455,openaq_ground
2026-02-24 02:00:00,0.3625,openaq_ground
2026-02-24 03:00:00,0.378,openaq_ground
2026-02-24 04:00:00,0.502,openaq_ground
2026-02-24 05:00:00,1.171,openaq_ground
2026-02-24 06:00:00,0.9105,openaq_ground
2026-02-24 07:00:00,1.033,openaq_ground
2026-02-24 08:00:00,1.2,openaq_ground
2026-02-24 09:00:00,1.35,openaq_ground
2026-02-24 10:00:00,1.35,openaq_ground
2026-02-24 11:00:00,1.55,openaq_ground
2026-02-24 12:00:00,1.95,openaq_ground
2026-02-24 13:00:00,2.25,openaq_ground
2026-02-24 14:00:00,1.7,openaq_ground
2026-02-24 15:00:00,1.65,openaq_ground
2026-02-24 16:00:00,1.8,openaq_ground
2026-02-24 17:00:00,1.65,openaq_ground
2026-02-24 18:00:00,1.8,openaq_ground
2026-02-24 19:00:00,1.5,openaq_ground
2026-02-24 20:00:00,1.45,openaq_ground
2026-02-24 21:00:00,1.25,openaq_ground
2026-02-24 22:00:00,1.3499999999999999,openaq_ground
2026-02-24 23:00:00,1.95,openaq_ground
2026-02-25 00:00:00,1.35,openaq_ground
2026-02-25 01:00:00,1.75,openaq_ground
2026-02-25 02:00:00,1.95,openaq_ground
2026-02-25 03:00:00,1.9,openaq_ground
2026-02-25 04:00:00,2.0,openaq_ground
2026-02-25 05:00:00,2.05,openaq_ground
2026-02-25 06:00:00,2.25,openaq_ground
2026-02-25 07:00:00,2.15,openaq_ground
2026-02-25 08:00:00,1.9000000000000001,openaq_ground
2026-02-25 09:00:00,2.1,openaq_ground
2026-02-25 10:00:00,1.65,openaq_ground
2026-02-25 11:00:00,1.4,openaq_ground
2026-02-25 12:00:00,1.2,openaq_ground
2026-02-25 13:00:00,1.25,openaq_ground
2026-02-25 14:00:00,1.75,openaq_ground
2026-02-25 15:00:00,1.85,openaq_ground
2026-02-25 16:00:00,1.95,openaq_ground
2026-02-25 17:00:00,2.0,openaq_ground
2026-02-25 18:00:00,2.2,openaq_ground
2026-02-25 19:00:00,2.4,openaq_ground
2026-02-25 20:00:00,2.1,openaq_ground
2026-02-25 21:00:00,2.05,openaq_ground
2026-02-25 22:00:00,1.4000000000000001,openaq_ground
2026-02-25 23:00:00,1.1500000000000001,openaq_ground
2026-02-26 00:00:00,1.05,openaq_ground
2026-02-26 01:00:00,1.1500000000000001,openaq_ground
2026-02-26 02:00:00,1.3,openaq_ground
2026-02-26 03:00:00,1.75,openaq_ground
2026-02-26 04:00:00,1.9500000000000002,openaq_ground
2026-02-26 05:00:00,3.0500000000000003,openaq_ground
2026-02-26 06:00:00,3.3,openaq_ground
2026-02-26 07:00:00,3.75,openaq_ground
2026-02-26 08:00:00,3.65,openaq_ground
2026-02-26 09:00:00,3.85,openaq_ground
2026-02-26 10:00:00,3.9,openaq_ground
2026-02-26 11:00:00,3.75,openaq_ground
2026-02-26 12:00:00,4.75,openaq_ground
2026-02-26 13:00:00,4.65,openaq_ground
2026-02-26 14:00:00,4.45,openaq_ground
2026-02-26 15:00:00,4.55,openaq_ground
2026-02-26 16:00:00,4.7,openaq_ground
2026-02-26 17:00:00,4.45,openaq_ground
2026-02-26 18:00:00,5.5,openaq_ground
2026-02-26 19:00:00,5.25,openaq_ground
2026-02-26 20:00:00,3.4000000000000004,openaq_ground
2026-02-26 21:00:00,2.15,openaq_ground
2026-02-26 22:00:00,1.5499999999999998,openaq_ground
2026-02-26 23:00:00,1.6,openaq_ground
2026-02-27 00:00:00,1.6,openaq_ground
2026-02-27 01:00:00,1.15,openaq_ground
2026-02-27 02:00:00,0.7,openaq_ground
2026-02-27 03:00:00,0.45,openaq_ground
2026-02-27 04:00:00,0.0,openaq_ground
2026-02-27 05:00:00,0.4,openaq_ground
2026-02-27 06:00:00,0.2,openaq_ground
2026-02-27 07:00:00,0.3,openaq_ground
2026-02-27 08:00:00,0.45,openaq_ground
2026-02-27 09:00:00,0.9,openaq_ground
2026-02-27 10:00:00,1.7000000000000002,openaq_ground
2026-02-27 11:00:00,0.85,openaq_ground
2026-02-27 12:00:00,1.05,openaq_ground
2026-02-27 13:00:00,2.65,openaq_ground
2026-02-27 14:00:00,2.25,openaq_ground
2026-02-27 15:00:00,1.95,openaq_ground
2026-02-27 16:00:00,1.85,openaq_ground
2026-02-27 17:00:00,1.75,openaq_ground
2026-02-27 18:00:00,1.85,openaq_ground
2026-02-27 19:00:00,1.7,openaq_ground
2026-02-27 20:00:00,1.35,openaq_ground
2026-02-27 21:00:00,1.85,openaq_ground
2026-02-27 22:00:00,0.75,openaq_ground
2026-02-27 23:00:00,1.0,openaq_ground
2026-02-28 00:00:00,1.05,openaq_ground
2026-02-28 01:00:00,1.4,openaq_ground
2026-02-28 02:00:00,1.15,openaq_ground
2026-02-28 03:00:00,1.5,openaq_ground
2026-02-28 04:00:00,1.35,openaq_ground
2026-02-28 05:00:00,1.6,openaq_ground
2026-02-28 06:00:00,0.95,openaq_ground
2026-02-28 07:00:00,0.75,openaq_ground
2026-02-28 08:00:00,0.8,openaq_ground
2026-02-28 09:00:00,0.8,openaq_ground
2026-02-28 10:00:00,0.95,openaq_ground
2026-02-28 11:00:00,1.05,openaq_ground
2026-02-28 12:00:00,0.9,openaq_ground
2026-02-28 13:00:00,1.05,openaq_ground
2026-02-28 14:00:00,0.85,openaq_ground
2026-02-28 15:00:00,0.7,openaq_ground
2026-02-28 16:00:00,0.7,openaq_ground
2026-02-28 17:00:00,6.95,openaq_ground
2026-02-28 18:00:00,1.05,openaq_ground
2026-02-28 19:00:00,1.1,openaq_ground
2026-02-28 20:00:00,1.0,openaq_ground
2026-02-28 21:00:00,1.1,openaq_ground
2026-02-28 22:00:00,1.1,openaq_ground
2026-02-28 23:00:00,0.9,openaq_ground
2026-03-01 00:00:00,0.5,openaq_ground
2026-03-01 01:00:00,0.45,openaq_ground
2026-03-01 02:00:00,0.2,openaq_ground
2026-03-01 03:00:00,0.3,openaq_ground
2026-03-01 04:00:00,0.65,openaq_ground
2026-03-01 05:00:00,0.9,openaq_ground
2026-03-01 06:00:00,1.15,openaq_ground
2026-03-01 07:00:00,1.6,openaq_ground
2026-03-01 08:00:00,1.2000000000000002,openaq_ground
2026-03-01 09:00:00,0.5,openaq_ground
2026-03-01 10:00:00,0.55,openaq_ground
2026-03-01 11:00:00,0.5,openaq_ground
2026-03-01 12:00:00,0.35,openaq_ground
2026-03-01 13:00:00,0.25,openaq_ground
2026-03-01 14:00:00,0.25,openaq_ground
2026-03-01 15:00:00,0.45,openaq_ground
2026-03-01 16:00:00,0.45,openaq_ground
2026-03-01 17:00:00,0.35,openaq_ground
2026-03-01 18:00:00,0.4,openaq_ground
2026-03-01 19:00:00,0.35,openaq_ground
2026-03-01 20:00:00,0.25,openaq_ground
2026-03-01 21:00:00,0.05,openaq_ground
2026-03-01 22:00:00,0.05,openaq_ground
2026-03-01 23:00:00,0.05,openaq_ground
2026-03-02 00:00:00,0.0,openaq_ground
2026-03-02 01:00:00,0.0,openaq_ground
2026-03-02 02:00:00,0.0,openaq_ground
2026-03-02 03:00:00,0.05,openaq_ground
2026-03-02 04:00:00,0.65,openaq_ground
2026-03-02 05:00:00,0.4,openaq_ground
2026-03-02 06:00:00,0.55,openaq_ground
2026-03-02 07:00:00,0.75,openaq_ground
2026-03-02 08:00:00,0.1,openaq_ground
2026-03-02 09:00:00,0.0,openaq_ground
2026-03-02 10:00:00,0.0,openaq_ground
2026-03-02 11:00:00,0.05,openaq_ground
2026-03-02 12:00:00,0.05,openaq_ground
2026-03-02 13:00:00,0.05,openaq_ground
2026-03-02 14:00:00,0.05,openaq_ground
2026-03-02 15:00:00,0.1,openaq_ground
2026-03-02 16:00:00,0.15000000000000002,openaq_ground
2026-03-02 17:00:00,0.2,openaq_ground
2026-03-02 18:00:00,0.2,openaq_ground
2026-03-02 19:00:00,0.25,openaq_ground
2026-03-02 20:00:00,0.1,openaq_ground
2026-03-02 21:00:00,0.05,openaq_ground
2026-03-02 22:00:00,0.05,openaq_ground
2026-03-02 23:00:00,0.25,openaq_ground
2026-03-03 00:00:00,0.0,openaq_ground
2026-03-03 01:00:00,0.05,openaq_ground
2026-03-03 02:00:00,0.0,openaq_ground
2026-03-03 03:00:00,0.05,openaq_ground
2026-03-03 04:00:00,0.2,openaq_ground
2026-03-03 05:00:00,0.05,openaq_ground
2026-03-03 06:00:00,0.15000000000000002,openaq_ground
2026-03-03 07:00:00,0.15,openaq_ground
2026-03-03 08:00:00,0.3,openaq_ground
2026-03-03 09:00:00,0.25,openaq_ground
2026-03-03 10:00:00,0.3,openaq_ground
2026-03-03 11:00:00,0.15,openaq_ground
2026-03-03 12:00:00,0.25,openaq_ground
2026-03-03 13:00:00,0.25,openaq_ground
2026-03-03 14:00:00,0.15,openaq_ground
2026-03-03 15:00:00,0.25,openaq_ground
2026-03-03 16:00:00,0.15,openaq_ground
2026-03-03 17:00:00,0.1,openaq_ground
2026-03-03 18:00:00,0.2,openaq_ground
2026-03-03 19:00:00,0.35,openaq_ground
2026-03-03 20:00:00,0.15,openaq_ground
2026-03-03 21:00:00,0.05,openaq_ground
2026-03-03 22:00:00,0.15,openaq_ground
2026-03-03 23:00:00,0.2,openaq_ground
2026-03-04 00:00:00,0.05,openaq_ground
2026-03-04 01:00:00,0.0,openaq_ground
2026-03-04 02:00:00,0.0,openaq_ground
2026-03-04 03:00:00,0.0,openaq_ground
2026-03-04 04:00:00,0.2,openaq_ground
2026-03-04 05:00:00,0.1,openaq_ground
2026-03-04 06:00:00,0.3,openaq_ground
2026-03-04 07:00:00,0.3,openaq_ground
2026-03-04 08:00:00,0.35,openaq_ground
2026-03-04 09:00:00,1.2,openaq_ground
2026-03-04 10:00:00,1.25,openaq_ground
2026-03-04 11:00:00,1.75,openaq_ground
2026-03-04 12:00:00,2.6,openaq_ground
2026-03-04 13:00:00,1.7,openaq_ground
2026-03-04 14:00:00,1.55,openaq_ground
2026-03-04 15:00:00,1.35,openaq_ground
2026-03-04 16:00:00,1.45,openaq_ground
2026-03-04 17:00:00,1.1,openaq_ground
2026-03-04 18:00:00,1.3,openaq_ground
2026-03-04 19:00:00,1.6,openaq_ground
2026-03-04 20:00:00,0.85,openaq_ground
2026-03-04 21:00:00,3.1,openaq_ground
2026-03-04 22:00:00,0.55,openaq_ground
2026-03-04 23:00:00,0.35,openaq_ground
2026-03-05 00:00:00,1.35,openaq_ground
2026-03-05 01:00:00,0.3,openaq_ground
2026-03-05 02:00:00,0.25,openaq_ground
2026-03-05 03:00:00,0.2,openaq_ground
2026-03-05 04:00:00,0.05,openaq_ground
2026-03-05 05:00:00,0.1,openaq_ground
2026-03-05 06:00:00,0.15,openaq_ground
2026-03-05 07:00:00,0.25,openaq_ground
2026-03-05 08:00:00,0.4,openaq_ground
2026-03-05 09:00:00,0.5,openaq_ground
2026-03-05 10:00:00,1.2,openaq_ground
2026-03-05 11:00:00,1.5,openaq_ground
2026-03-05 12:00:00,1.2,openaq_ground
2026-03-05 13:00:00,1.7,openaq_ground
2026-03-05 14:00:00,1.1,openaq_ground
2026-03-05 15:00:00,0.9,openaq_ground
2026-03-05 16:00:00,1.55,openaq_ground
2026-03-05 17:00:00,1.15,openaq_ground
2026-03-05 18:00:00,1.2,openaq_ground
2026-03-05 19:00:00,1.05,openaq_ground
2026-03-05 20:00:00,1.25,openaq_ground
2026-03-05 21:00:00,0.75,openaq_ground
2026-03-05 22:00:00,0.25,openaq_ground
2026-03-05 23:00:00,0.1,openaq_ground
2026-03-06 00:00:00,0.15,openaq_ground
2026-03-06 01:00:00,0.25,openaq_ground
2026-03-06 02:00:00,0.1,openaq_ground
2026-03-06 03:00:00,0.0,openaq_ground
2026-03-06 04:00:00,0.0,openaq_ground
2026-03-06 05:00:00,0.0,openaq_ground
2026-03-06 06:00:00,0.05,openaq_ground
2026-03-06 07:00:00,0.25,openaq_ground
2026-03-06 08:00:00,0.6,openaq_ground
2026-03-06 09:00:00,0.75,openaq_ground
2026-03-06 10:00:00,1.1,openaq_ground
2026-03-06 11:00:00,1.25,openaq_ground
2026-03-06 12:00:00,1.35,openaq_ground
2026-03-06 13:00:00,1.5,openaq_ground
2026-03-06 14:00:00,1.75,openaq_ground
2026-03-06 15:00:00,0.75,openaq_ground
2026-03-06 16:00:00,0.95,openaq_ground
2026-03-06 17:00:00,1.1,openaq_ground
2026-03-06 18:00:00,1.0,openaq_ground
2026-03-06 19:00:00,1.05,openaq_ground
2026-03-06 20:00:00,0.95,openaq_ground
2026-03-06 21:00:00,0.3,openaq_ground
2026-03-06 22:00:00,0.05,openaq_ground
2026-03-06 23:00:00,0.1,openaq_ground
2026-03-07 00:00:00,0.1,openaq_ground
2026-03-07 01:00:00,0.2,openaq_ground
2026-03-07 02:00:00,0.2,openaq_ground
2026-03-07 03:00:00,0.3,openaq_ground
2026-03-07 04:00:00,0.3,openaq_ground
2026-03-07 05:00:00,0.7000000000000001,openaq_ground
2026-03-07 06:00:00,0.3,openaq_ground
2026-03-07 07:00:00,0.15,openaq_ground
2026-03-07 08:00:00,0.5,openaq_ground
2026-03-07 09:00:00,1.15,openaq_ground
2026-03-07 10:00:00,1.2,openaq_ground
2026-03-07 11:00:00,0.6,openaq_ground
2026-03-07 12:00:00,0.55,openaq_ground
2026-03-07 13:00:00,1.2,openaq_ground
2026-03-07 14:00:00,2.05,openaq_ground
2026-03-07 15:00:00,2.3,openaq_ground
2026-03-07 16:00:00,2.15,openaq_ground
2026-03-07 17:00:00,2.05,openaq_ground
2026-03-07 18:00:00,1.55,openaq_ground
2026-03-07 19:00:00,1.65,openaq_ground
2026-03-07 20:00:00,1.35,openaq_ground
2026-03-07 21:00:00,3.75,openaq_ground
2026-03-07 22:00:00,0.35,openaq_ground
2026-03-07 23:00:00,0.2,openaq_ground
2026-03-08 00:00:00,1.35,openaq_ground
2026-03-08 01:00:00,0.3,openaq_ground
2026-03-08 02:00:00,0.1,openaq_ground
2026-03-08 03:00:00,0.15,openaq_ground
2026-03-08 04:00:00,0.15,openaq_ground
2026-03-08 05:00:00,0.05,openaq_ground
2026-03-08 06:00:00,0.35,openaq_ground
2026-03-08 07:00:00,0.7000000000000001,openaq_ground
2026-03-08 08:00:00,1.25,openaq_ground
2026-03-08 09:00:00,1.0,openaq_ground
2026-03-08 10:00:00,1.2,openaq_ground
2026-03-08 11:00:00,1.45,openaq_ground
2026-03-08 12:00:00,1.7,openaq_ground
2026-03-08 13:00:00,2.15,openaq_ground
2026-03-08 14:00:00,3.0,openaq_ground
2026-03-08 15:00:00,3.55,openaq_ground
2026-03-08 16:00:00,3.95,openaq_ground
2026-03-08 17:00:00,3.1,openaq_ground
2026-03-08 18:00:00,2.5,openaq_ground
2026-03-08 19:00:00,2.5,openaq_ground
2026-03-08 20:00:00,3.7,openaq_ground
2026-03-08 21:00:00,3.2,openaq_ground
2026-03-08 22:00:00,0.9500000000000001,openaq_ground
2026-03-08 23:00:00,0.8500000000000001,openaq_ground
2026-03-09 00:00:00,0.8,openaq_ground
2026-03-09 01:00:00,0.1,openaq_ground
2026-03-09 02:00:00,0.05,openaq_ground
2026-03-09 03:00:00,0.0,openaq_ground
2026-03-09 04:00:00,0.0,openaq_ground
2026-03-09 05:00:00,0.4,openaq_ground
2026-03-09 06:00:00,0.1,openaq_ground
2026-03-09 07:00:00,0.15000000000000002,openaq_ground
2026-03-09 08:00:00,0.5,openaq_ground
2026-03-09 09:00:00,0.75,openaq_ground
2026-03-09 10:00:00,0.65,openaq_ground
2026-03-09 11:00:00,0.6,openaq_ground
2026-03-09 12:00:00,0.55,openaq_ground
2026-03-09 13:00:00,0.55,openaq_ground
2026-03-09 14:00:00,0.7,openaq_ground
2026-03-09 15:00:00,0.85,openaq_ground
2026-03-09 16:00:00,0.8,openaq_ground
2026-03-09 17:00:00,1.1500000000000001,openaq_ground
2026-03-09 18:00:00,1.5999999999999999,openaq_ground
2026-03-09 19:00:00,1.75,openaq_ground
2026-03-09 20:00:00,2.95,openaq_ground
2026-03-09 21:00:00,1.8,openaq_ground
2026-03-09 22:00:00,2.55,openaq_ground
2026-03-09 23:00:00,2.35,openaq_ground
2026-03-10 00:00:00,1.25,openaq_ground
2026-03-10 01:00:00,0.25,openaq_ground
2026-03-10 02:00:00,0.45,openaq_ground
2026-03-10 03:00:00,0.7,openaq_ground
2026-03-10 04:00:00,1.0,openaq_ground
2026-03-10 05:00:00,1.75,openaq_ground
2026-03-10 06:00:00,1.75,openaq_ground
2026-03-10 07:00:00,1.4,openaq_ground
2026-03-10 08:00:00,1.7,openaq_ground
2026-03-10 09:00:00,2.25,openaq_ground
2026-03-10 10:00:00,1.8499999999999999,openaq_ground
2026-03-10 11:00:00,1.9,openaq_ground
2026-03-10 12:00:00,1.9500000000000002,openaq_ground
2026-03-10 13:00:00,1.85,openaq_ground
2026-03-10 14:00:00,1.9000000000000001,openaq_ground
2026-03-10 15:00:00,1.1,openaq_ground
2026-03-10 16:00:00,1.15,openaq_ground
2026-03-10 17:00:00,1.7999999999999998,openaq_ground
2026-03-10 18:00:00,0.85,openaq_ground
2026-03-10 19:00:00,0.85,openaq_ground
2026-03-10 20:00:00,0.6,openaq_ground
2026-03-10 21:00:00,0.65,openaq_ground
2026-03-10 22:00:00,0.8,openaq_ground
2026-03-10 23:00:00,1.2999999999999998,openaq_ground
2026-03-11 00:00:00,1.2999999999999998,openaq_ground
2026-03-11 01:00:00,0.85,openaq_ground
2026-03-11 02:00:00,0.6,openaq_ground
2026-03-11 03:00:00,0.25,openaq_ground
2026-03-11 04:00:00,0.39999999999999997,openaq_ground
2026-03-11 05:00:00,2.05,openaq_ground
2026-03-11 06:00:00,0.44999999999999996,openaq_ground
2026-03-11 07:00:00,0.4,openaq_ground
2026-03-11 08:00:00,0.4,openaq_ground
2026-03-11 09:00:00,0.45,openaq_ground
2026-03-11 10:00:00,0.45,openaq_ground
2026-03-11 11:00:00,0.4,openaq_ground
2026-03-11 12:00:00,0.35,openaq_ground
2026-03-11 13:00:00,0.45,openaq_ground
2026-03-11 14:00:00,0.65,openaq_ground
2026-03-11 15:00:00,0.65,openaq_ground
2026-03-11 16:00:00,0.55,openaq_ground
2026-03-11 17:00:00,0.55,openaq_ground
2026-03-11 18:00:00,1.25,openaq_ground
2026-03-11 19:00:00,0.8,openaq_ground
2026-03-11 20:00:00,0.7000000000000001,openaq_ground
2026-03-11 21:00:00,0.35,openaq_ground
2026-03-11 22:00:00,0.75,openaq_ground
2026-03-11 23:00:00,1.4500000000000002,openaq_ground
2026-03-12 00:00:00,2.25,openaq_ground
2026-03-12 01:00:00,0.8999999999999999,openaq_ground
2026-03-12 02:00:00,0.8,openaq_ground
2026-03-12 03:00:00,0.65,openaq_ground
2026-03-12 04:00:00,1.0,openaq_ground
2026-03-12 05:00:00,0.7000000000000001,openaq_ground
2026-03-12 06:00:00,0.65,openaq_ground
2026-03-12 07:00:00,0.45,openaq_ground
2026-03-12 08:00:00,0.4,openaq_ground
2026-03-12 09:00:00,0.75,openaq_ground
2026-03-12 10:00:00,0.5,openaq_ground
2026-03-12 11:00:00,0.35,openaq_ground
2026-03-12 12:00:00,0.35,openaq_ground
2026-03-12 13:00:00,0.25,openaq_ground
2026-03-12 14:00:00,0.05,openaq_ground
2026-03-12 15:00:00,0.0,openaq_ground
2026-03-12 16:00:00,0.0,openaq_ground
2026-03-12 17:00:00,0.1,openaq_ground
2026-03-12 18:00:00,0.25,openaq_ground
2026-03-12 19:00:00,0.35,openaq_ground
2026-03-12 20:00:00,0.65,openaq_ground
2026-03-12 21:00:00,1.6500000000000001,openaq_ground
2026-03-12 22:00:00,1.6,openaq_ground
2026-03-12 23:00:00,1.85,openaq_ground
2026-03-13 00:00:00,2.25,openaq_ground
2026-03-13 01:00:00,2.95,openaq_ground
2026-03-13 02:00:00,4.2,openaq_ground
2026-03-13 03:00:00,4.65,openaq_ground
2026-03-13 04:00:00,6.05,openaq_ground
2026-03-13 05:00:00,8.0,openaq_ground
2026-03-13 06:00:00,7.25,openaq_ground
2026-03-13 07:00:00,6.75,openaq_ground
2026-03-13 08:00:00,6.3,openaq_ground
2026-03-13 09:00:00,4.25,openaq_ground
2026-03-13 10:00:00,1.5999999999999999,openaq_ground
2026-03-13 11:00:00,1.3,openaq_ground
2026-03-13 12:00:00,1.4500000000000002,openaq_ground
2026-03-13 13:00:00,0.2,openaq_ground
2026-03-13 14:00:00,0.05,openaq_ground
2026-03-13 15:00:00,0.05,openaq_ground
2026-03-13 16:00:00,0.0,openaq_ground
2026-03-13 17:00:00,0.0,openaq_ground
2026-03-13 18:00:00,0.55,openaq_ground
2026-03-13 19:00:00,0.45,openaq_ground
2026-03-13 20:00:00,1.05,openaq_ground
2026-03-13 21:00:00,1.25,openaq_ground
2026-03-13 22:00:00,1.2,openaq_ground
2026-03-13 23:00:00,0.8,openaq_ground
2026-03-14 00:00:00,0.6,openaq_ground
2026-03-14 01:00:00,1.0,openaq_ground
2026-03-14 02:00:00,1.55,openaq_ground
2026-03-14 03:00:00,2.05,openaq_ground
2026-03-14 04:00:00,2.6,openaq_ground
2026-03-14 05:00:00,2.55,openaq_ground
2026-03-14 06:00:00,1.9500000000000002,openaq_ground
2026-03-14 07:00:00,2.15,openaq_ground
2026-03-14 08:00:00,2.75,openaq_ground
2026-03-14 09:00:00,1.9,openaq_ground
2026-03-14 10:00:00,1.5,openaq_ground
2026-03-14 11:00:00,1.35,openaq_ground
2026-03-14 12:00:00,1.1,openaq_ground
2026-03-14 13:00:00,0.9500000000000001,openaq_ground
2026-03-14 14:00:00,1.0,openaq_ground
2026-03-14 15:00:00,0.95,openaq_ground
2026-03-14 16:00:00,0.9,openaq_ground
2026-03-14 17:00:00,0.75,openaq_ground
2026-03-14 18:00:00,0.8,openaq_ground
2026-03-14 19:00:00,1.85,openaq_ground
2026-03-14 20:00:00,0.8,openaq_ground
2026-03-14 21:00:00,0.5,openaq_ground
2026-03-14 22:00:00,0.25,openaq_ground
2026-03-14 23:00:00,0.15000000000000002,openaq_ground
2026-03-15 00:00:00,0.25,openaq_ground
2026-03-15 01:00:00,0.25,openaq_ground
2026-03-15 02:00:00,0.44999999999999996,openaq_ground
2026-03-15 03:00:00,0.5,openaq_ground
2026-03-15 04:00:00,1.05,openaq_ground
2026-03-15 05:00:00,1.25,openaq_ground
2026-03-15 06:00:00,0.9,openaq_ground
2026-03-15 07:00:00,0.8500000000000001,openaq_ground
2026-03-15 08:00:00,1.8,openaq_ground
2026-03-15 09:00:00,1.2,openaq_ground
2026-03-15 10:00:00,1.1,openaq_ground
2026-03-15 11:00:00,1.95,openaq_ground
2026-03-15 12:00:00,1.25,openaq_ground
2026-03-15 13:00:00,1.15,openaq_ground
2026-03-15 14:00:00,1.0,openaq_ground
2026-03-15 15:00:00,1.5,openaq_ground
2026-03-15 16:00:00,1.05,openaq_ground
2026-03-15 17:00:00,1.2,openaq_ground
2026-03-15 18:00:00,1.1,openaq_ground
2026-03-15 19:00:00,0.9,openaq_ground
2026-03-15 20:00:00,0.4,openaq_ground
2026-03-15 21:00:00,0.7,openaq_ground
2026-03-15 22:00:00,0.2,openaq_ground
2026-03-15 23:00:00,0.1,openaq_ground
2026-03-16 00:00:00,0.35,openaq_ground
2026-03-16 01:00:00,0.3,openaq_ground
2026-03-16 02:00:00,0.05,openaq_ground
2026-03-16 03:00:00,0.1,openaq_ground
2026-03-16 04:00:00,0.1,openaq_ground
2026-03-16 05:00:00,0.05,openaq_ground
2026-03-16 06:00:00,0.15000000000000002,openaq_ground
2026-03-16 07:00:00,0.39999999999999997,openaq_ground
2026-03-16 08:00:00,1.0,openaq_ground
2026-03-16 09:00:00,0.85,openaq_ground
2026-03-16 10:00:00,0.65,openaq_ground
2026-03-16 11:00:00,0.5,openaq_ground
2026-03-16 12:00:00,0.5,openaq_ground
2026-03-16 13:00:00,0.7,openaq_ground
2026-03-16 14:00:00,0.9,openaq_ground
2026-03-16 15:00:00,0.95,openaq_ground
2026-03-16 16:00:00,1.05,openaq_ground
2026-03-16 17:00:00,1.0,openaq_ground
2026-03-16 18:00:00,0.85,openaq_ground
2026-03-16 19:00:00,1.0,openaq_ground
2026-03-16 20:00:00,0.65,openaq_ground
2026-03-16 21:00:00,0.25,openaq_ground
2026-03-16 22:00:00,0.1,openaq_ground
2026-03-16 23:00:00,0.1,openaq_ground
2026-03-17 00:00:00,0.1,openaq_ground
2026-03-17 01:00:00,0.1,openaq_ground
2026-03-17 02:00:00,0.15,openaq_ground
2026-03-17 03:00:00,0.2,openaq_ground
2026-03-17 04:00:00,0.25,openaq_ground
2026-03-17 05:00:00,0.25,openaq_ground
2026-03-17 06:00:00,0.65,openaq_ground
2026-03-17 07:00:00,0.8,openaq_ground
2026-03-17 08:00:00,0.5,openaq_ground
2026-03-17 09:00:00,0.7,openaq_ground
2026-03-17 10:00:00,0.8,openaq_ground
2026-03-17 11:00:00,0.75,openaq_ground
2026-03-17 12:00:00,0.7,openaq_ground
2026-03-17 13:00:00,0.8,openaq_ground
2026-03-17 14:00:00,1.2,openaq_ground
2026-03-17 15:00:00,0.9,openaq_ground
2026-03-17 16:00:00,0.7,openaq_ground
2026-03-17 17:00:00,0.5,openaq_ground
2026-03-17 18:00:00,0.5,openaq_ground
2026-03-17 19:00:00,0.8,openaq_ground
2026-03-17 20:00:00,1.25,openaq_ground
2026-03-17 21:00:00,1.2999999999999998,openaq_ground
2026-03-17 22:00:00,2.1,openaq_ground
2026-03-17 23:00:00,3.5999999999999996,openaq_ground
2026-03-18 00:00:00,3.6,openaq_ground
2026-03-18 01:00:00,4.0,openaq_ground
2026-03-18 02:00:00,4.55,openaq_ground
2026-03-18 03:00:00,2.8,openaq_ground
2026-03-18 04:00:00,2.45,openaq_ground
2026-03-18 05:00:00,1.95,openaq_ground
2026-03-18 06:00:00,1.4,openaq_ground
2026-03-18 07:00:00,1.3,openaq_ground
2026-03-18 08:00:00,0.75,openaq_ground
2026-03-18 09:00:00,0.5,openaq_ground
2026-03-18 10:00:00,0.4,openaq_ground
2026-03-18 11:00:00,0.55,openaq_ground
2026-03-18 12:00:00,0.5,openaq_ground
2026-03-18 13:00:00,0.5,openaq_ground
2026-03-18 14:00:00,0.5,openaq_ground
2026-03-18 15:00:00,0.65,openaq_ground
2026-03-18 16:00:00,0.85,openaq_ground
2026-03-18 17:00:00,1.3,openaq_ground
2026-03-18 18:00:00,1.6,openaq_ground
2026-03-18 19:00:00,2.15,openaq_ground
2026-03-18 20:00:00,3.4,openaq_ground
2026-03-18 21:00:00,6.6499999999999995,openaq_ground
2026-03-18 22:00:00,6.6,openaq_ground
2026-03-18 23:00:00,5.05,openaq_ground
2026-03-19 00:00:00,4.5,openaq_ground
2026-03-19 01:00:00,4.3,openaq_ground
2026-03-19 02:00:00,3.8000000000000003,openaq_ground
2026-03-19 03:00:00,2.5,openaq_ground
2026-03-19 04:00:00,2.75,openaq_ground
2026-03-19 05:00:00,2.8,openaq_ground
2026-03-19 06:00:00,2.5999999999999996,openaq_ground
2026-03-19 07:00:00,2.65,openaq_ground
2026-03-19 08:00:00,2.75,openaq_ground
2026-03-19 09:00:00,3.05,openaq_ground
2026-03-19 10:00:00,2.5,openaq_ground
2026-03-19 11:00:00,3.4,openaq_ground
2026-03-19 12:00:00,3.75,openaq_ground
2026-03-19 13:00:00,3.05,openaq_ground
2026-03-19 14:00:00,2.6,openaq_ground
2026-03-19 15:00:00,2.55,openaq_ground
2026-03-19 16:00:00,2.55,openaq_ground
2026-03-19 17:00:00,2.45,openaq_ground
2026-03-19 18:00:00,2.45,openaq_ground
2026-03-19 19:00:00,2.75,openaq_ground
2026-03-19 20:00:00,3.7,openaq_ground
2026-03-19 21:00:00,3.9000000000000004,openaq_ground
2026-03-19 22:00:00,3.6,openaq_ground
2026-03-19 23:00:00,3.5999999999999996,openaq_ground
2026-03-20 00:00:00,3.25,openaq_ground
2026-03-20 01:00:00,3.0,openaq_ground
2026-03-20 02:00:00,3.05,openaq_ground
2026-03-20 03:00:00,2.35,openaq_ground
2026-03-20 04:00:00,1.05,openaq_ground
2026-03-20 05:00:00,1.1,openaq_ground
2026-03-20 06:00:00,1.4500000000000002,openaq_ground
2026-03-20 07:00:00,1.7000000000000002,openaq_ground
2026-03-20 08:00:00,2.2,openaq_ground
2026-03-20 09:00:00,3.0,openaq_ground
2026-03-20 10:00:00,3.0,openaq_ground
2026-03-20 11:00:00,5.0,openaq_ground
2026-03-20 12:00:00,4.65,openaq_ground
2026-03-20 13:00:00,3.95,openaq_ground
2026-03-20 14:00:00,3.15,openaq_ground
2026-03-20 15:00:00,3.0999999999999996,openaq_ground
2026-03-20 16:00:00,2.7,openaq_ground
2026-03-20 17:00:00,2.65,openaq_ground
2026-03-20 18:00:00,2.8499999999999996,openaq_ground
2026-03-20 19:00:00,4.0,openaq_ground
2026-03-20 20:00:00,2.9,openaq_ground
2026-03-20 21:00:00,3.25,openaq_ground
2026-03-20 22:00:00,3.2,openaq_ground
2026-03-20 23:00:00,3.0,openaq_ground
2026-03-21 00:00:00,2.3,openaq_ground
2026-03-21 01:00:00,1.7,openaq_ground
2026-03-21 02:00:00,1.75,openaq_ground
2026-03-21 03:00:00,1.85,openaq_ground
2026-03-21 04:00:00,2.3499999999999996,openaq_ground
2026-03-21 05:00:00,3.4,openaq_ground
2026-03-21 06:00:00,4.85,openaq_ground
2026-03-21 07:00:00,4.65,openaq_ground
2026-03-21 08:00:00,4.3,openaq_ground
2026-03-21 09:00:00,5.25,openaq_ground
2026-03-21 10:00:00,5.55,openaq_ground
2026-03-21 11:00:00,5.7,openaq_ground
2026-03-21 12:00:00,6.1,openaq_ground
2026-03-21 13:00:00,6.55,openaq_ground
2026-03-21 14:00:00,6.6,openaq_ground
2026-03-21 15:00:00,5.75,openaq_ground
2026-03-21 16:00:00,5.0,openaq_ground
2026-03-21 17:00:00,4.1,openaq_ground
2026-03-21 18:00:00,3.55,openaq_ground
2026-03-21 19:00:00,3.3,openaq_ground
2026-03-21 20:00:00,4.35,openaq_ground
2026-03-21 21:00:00,5.9,openaq_ground
2026-03-21 22:00:00,3.3,openaq_ground
2026-03-21 23:00:00,2.1,openaq_ground
2026-03-22 00:00:00,1.75,openaq_ground
2026-03-22 01:00:00,1.45,openaq_ground
2026-03-22 02:00:00,0.8,openaq_ground
2026-03-22 03:00:00,0.7,openaq_ground
2026-03-22 04:00:00,0.9500000000000001,openaq_ground
2026-03-22 05:00:00,1.4,openaq_ground
2026-03-22 06:00:00,3.45,openaq_ground
2026-03-22 07:00:00,3.05,openaq_ground
2026-03-22 08:00:00,2.25,openaq_ground
2026-03-22 09:00:00,2.05,openaq_ground
2026-03-22 10:00:00,2.1,openaq_ground
2026-03-22 11:00:00,2.2,openaq_ground
2026-03-22 12:00:00,2.05,openaq_ground
2026-03-22 13:00:00,2.15,openaq_ground
2026-03-22 14:00:00,1.9,openaq_ground
2026-03-22 15:00:00,2.0,openaq_ground
2026-03-22 16:00:00,1.95,openaq_ground
2026-03-22 17:00:00,1.65,openaq_ground
2026-03-22 18:00:00,1.7,openaq_ground
2026-03-22 19:00:00,1.85,openaq_ground
2026-03-22 20:00:00,1.5,openaq_ground
2026-03-22 21:00:00,1.35,openaq_ground
2026-03-22 22:00:00,1.05,openaq_ground
2026-03-22 23:00:00,1.15,openaq_ground
2026-03-23 00:00:00,1.55,openaq_ground
2026-03-23 01:00:00,1.2,openaq_ground
2026-03-23 02:00:00,1.75,openaq_ground
2026-03-23 03:00:00,1.7999999999999998,openaq_ground
2026-03-23 04:00:00,2.5,openaq_ground
2026-03-23 05:00:00,2.25,openaq_ground
2026-03-23 06:00:00,1.7999999999999998,openaq_ground
2026-03-23 07:00:00,1.7,openaq_ground
2026-03-23 08:00:00,3.0500000000000003,openaq_ground
2026-03-23 09:00:00,3.35,openaq_ground
2026-03-23 10:00:00,1.25,openaq_ground
2026-03-23 11:00:00,0.44999999999999996,openaq_ground
2026-03-23 12:00:00,0.4,openaq_ground
2026-03-23 13:00:00,0.3,openaq_ground
2026-03-23 14:00:00,0.25,openaq_ground
2026-03-23 15:00:00,0.2,openaq_ground
2026-03-23 16:00:00,0.15,openaq_ground
2026-03-23 17:00:00,0.3,openaq_ground
2026-03-23 18:00:00,0.55,openaq_ground
2026-03-23 19:00:00,0.85,openaq_ground
2026-03-23 20:00:00,0.15,openaq_ground
2026-03-23 21:00:00,0.05,openaq_ground
2026-03-23 22:00:00,0.0,openaq_ground
2026-03-23 23:00:00,0.05,openaq_ground
2026-03-24 00:00:00,0.0,openaq_ground
2026-03-24 01:00:00,0.0,openaq_ground
2026-03-24 02:00:00,0.0,openaq_ground
2026-03-24 03:00:00,0.15000000000000002,openaq_ground
2026-03-24 04:00:00,0.45,openaq_ground
2026-03-24 05:00:00,0.0,openaq_ground
2026-03-24 06:00:00,0.1,openaq_ground
2026-03-24 07:00:00,0.1,openaq_ground
2026-03-24 08:00:00,0.05,openaq_ground
2026-03-24 09:00:00,0.1,openaq_ground
2026-03-24 10:00:00,0.05,openaq_ground
2026-03-24 11:00:00,0.15000000000000002,openaq_ground
2026-03-24 12:00:00,0.15,openaq_ground
2026-03-24 13:00:00,0.3,openaq_ground
2026-03-24 14:00:00,0.1,openaq_ground
2026-03-24 15:00:00,0.1,openaq_ground
2026-03-24 16:00:00,0.25,openaq_ground
2026-03-24 17:00:00,0.4,openaq_ground
2026-03-24 18:00:00,0.3,openaq_ground
2026-03-24 19:00:00,0.2,openaq_ground
2026-03-24 20:00:00,0.2,openaq_ground
2026-03-24 21:00:00,0.25,openaq_ground
2026-03-24 22:00:00,0.6000000000000001,openaq_ground
2026-03-24 23:00:00,0.9,openaq_ground
2026-03-25 00:00:00,1.1,openaq_ground
2026-03-25 01:00:00,1.2,openaq_ground
2026-03-25 02:00:00,1.2,openaq_ground
2026-03-25 03:00:00,1.05,openaq_ground
2026-03-25 04:00:00,0.8500000000000001,openaq_ground
2026-03-25 05:00:00,1.2,openaq_ground
2026-03-25 06:00:00,1.2,openaq_ground
2026-03-25 07:00:00,0.95,openaq_ground
2026-03-25 08:00:00,1.4000000000000001,openaq_ground
2026-03-25 09:00:00,1.9,openaq_ground
2026-03-25 10:00:00,2.0,openaq_ground
2026-03-25 11:00:00,2.45,openaq_ground
2026-03-25 12:00:00,2.15,openaq_ground
2026-03-25 13:00:00,1.7,openaq_ground
2026-03-25 14:00:00,1.65,openaq_ground
2026-03-25 15:00:00,0.75,openaq_ground
2026-03-25 16:00:00,0.8500000000000001,openaq_ground
2026-03-25 17:00:00,1.6500000000000001,openaq_ground
2026-03-25 18:00:00,1.75,openaq_ground
2026-03-25 19:00:00,1.45,openaq_ground
2026-03-25 20:00:00,1.5,openaq_ground
2026-03-25 21:00:00,1.4500000000000002,openaq_ground
2026-03-25 22:00:00,1.75,openaq_ground
2026-03-25 23:00:00,1.3499999999999999,openaq_ground
2026-03-26 00:00:00,1.35,openaq_ground
2026-03-26 01:00:00,1.35,openaq_ground
2026-03-26 02:00:00,1.85,openaq_ground
2026-03-26 03:00:00,1.6,openaq_ground
2026-03-26 04:00:00,1.7999999999999998,openaq_ground
2026-03-26 05:00:00,1.45,openaq_ground
2026-03-26 06:00:00,1.85,openaq_ground
2026-03-26 07:00:00,1.8,openaq_ground
2026-03-26 08:00:00,1.2,openaq_ground
2026-03-26 09:00:00,1.2,openaq_ground
2026-03-26 10:00:00,1.6,openaq_ground
2026-03-26 11:00:00,1.15,openaq_ground
2026-03-26 12:00:00,1.0,openaq_ground
2026-03-26 13:00:00,1.3,openaq_ground
2026-03-26 14:00:00,0.6000000000000001,openaq_ground
2026-03-26 15:00:00,0.25,openaq_ground
2026-03-26 16:00:00,0.45,openaq_ground
2026-03-26 17:00:00,0.15,openaq_ground
2026-03-26 18:00:00,0.55,openaq_ground
2026-03-26 19:00:00,0.6,openaq_ground
2026-03-26 20:00:00,1.6,openaq_ground
2026-03-26 21:00:00,1.35,openaq_ground
2026-03-26 22:00:00,1.3,openaq_ground
2026-03-26 23:00:00,1.45,openaq_ground
2026-03-27 00:00:00,1.15,openaq_ground
2026-03-27 01:00:00,0.85,openaq_ground
2026-03-27 02:00:00,0.6000000000000001,openaq_ground
2026-03-27 03:00:00,0.75,openaq_ground
2026-03-27 04:00:00,0.7,openaq_ground
2026-03-27 05:00:00,0.9,openaq_ground
2026-03-27 06:00:00,1.2,openaq_ground
2026-03-27 07:00:00,2.05,openaq_ground
2026-03-27 08:00:00,1.95,openaq_ground
2026-03-27 09:00:00,1.7,openaq_ground
2026-03-27 10:00:00,1.6,openaq_ground
2026-03-27 11:00:00,1.7,openaq_ground
2026-03-27 12:00:00,2.35,openaq_ground
2026-03-27 13:00:00,2.55,openaq_ground
2026-03-27 14:00:00,2.65,openaq_ground
2026-03-27 15:00:00,2.25,openaq_ground
2026-03-27 16:00:00,1.85,openaq_ground
2026-03-27 17:00:00,2.2,openaq_ground
2026-03-27 18:00:00,1.6,openaq_ground
2026-03-27 19:00:00,1.25,openaq_ground
2026-03-27 20:00:00,2.4,openaq_ground
2026-03-27 21:00:00,2.7,openaq_ground
2026-03-27 22:00:00,2.4,openaq_ground
2026-03-27 23:00:00,2.0,openaq_ground
2026-03-28 00:00:00,2.3,openaq_ground
2026-03-28 01:00:00,2.0,openaq_ground
2026-03-28 02:00:00,2.4000000000000004,openaq_ground
2026-03-28 03:00:00,1.7000000000000002,openaq_ground
2026-03-28 04:00:00,1.65,openaq_ground
2026-03-28 05:00:00,1.9,openaq_ground
2026-03-28 06:00:00,2.45,openaq_ground
2026-03-28 07:00:00,2.15,openaq_ground
2026-03-28 08:00:00,2.1,openaq_ground
2026-03-28 09:00:00,1.85,openaq_ground
2026-03-28 10:00:00,2.35,openaq_ground
2026-03-28 11:00:00,2.65,openaq_ground
2026-03-28 12:00:00,3.2,openaq_ground
2026-03-28 13:00:00,3.0,openaq_ground
2026-03-28 14:00:00,5.05,openaq_ground
2026-03-28 15:00:00,4.65,openaq_ground
2026-03-28 16:00:00,3.75,openaq_ground
2026-03-28 17:00:00,2.55,openaq_ground
2026-03-28 18:00:00,1.75,openaq_ground
2026-03-28 19:00:00,2.7,openaq_ground
2026-03-28 20:00:00,4.45,openaq_ground
2026-03-28 21:00:00,5.2,openaq_ground
2026-03-28 22:00:00,5.35,openaq_ground
2026-03-29 00:00:00,3.25,openaq_ground
2026-03-29 01:00:00,4.25,openaq_ground
2026-03-29 02:00:00,4.1,openaq_ground
2026-03-29 03:00:00,3.45,openaq_ground
2026-03-29 04:00:00,4.05,openaq_ground
2026-03-29 05:00:00,3.55,openaq_ground
2026-03-29 06:00:00,3.45,openaq_ground
2026-03-29 07:00:00,3.4000000000000004,openaq_ground
2026-03-29 08:00:00,3.35,openaq_ground
2026-03-29 09:00:00,2.35,openaq_ground
2026-03-29 10:00:00,2.4,openaq_ground
2026-03-29 11:00:00,2.15,openaq_ground
2026-03-29 12:00:00,0.6,openaq_ground
2026-03-29 13:00:00,0.35,openaq_ground
2026-03-29 14:00:00,0.15,openaq_ground
2026-03-29 15:00:00,0.4,openaq_ground
2026-03-29 16:00:00,0.9,openaq_ground
2026-03-29 17:00:00,1.25,openaq_ground
2026-03-29 18:00:00,1.35,openaq_ground
2026-03-29 19:00:00,1.2,openaq_ground
2026-03-29 20:00:00,1.2,openaq_ground
2026-03-29 21:00:00,0.8,openaq_ground
2026-03-29 22:00:00,1.05,openaq_ground
2026-03-29 23:00:00,0.85,openaq_ground
2026-03-30 00:00:00,0.35,openaq_ground
2026-03-30 01:00:00,0.39999999999999997,openaq_ground
2026-03-30 02:00:00,0.3,openaq_ground
2026-03-30 03:00:00,0.39999999999999997,openaq_ground
2026-03-30 04:00:00,0.3,openaq_ground
2026-03-30 05:00:00,0.6,openaq_ground
2026-03-30 06:00:00,0.35,openaq_ground
2026-03-30 07:00:00,0.5,openaq_ground
2026-03-30 08:00:00,0.7,openaq_ground
2026-03-30 09:00:00,0.15,openaq_ground
2026-03-30 10:00:00,0.4,openaq_ground
2026-03-30 11:00:00,0.25,openaq_ground
2026-03-30 12:00:00,0.8,openaq_ground
2026-03-30 13:00:00,1.2,openaq_ground
2026-03-30 14:00:00,1.0,openaq_ground
2026-03-30 15:00:00,1.9,openaq_ground
2026-03-30 16:00:00,1.8499999999999999,openaq_ground
2026-03-30 17:00:00,1.1500000000000001,openaq_ground
2026-03-30 18:00:00,0.75,openaq_ground
2026-03-30 19:00:00,0.95,openaq_ground
2026-03-30 20:00:00,1.4,openaq_ground
2026-03-30 21:00:00,1.9,openaq_ground
2026-03-30 22:00:00,1.5,openaq_ground
2026-03-30 23:00:00,1.5,openaq_ground
2026-03-31 00:00:00,2.05,openaq_ground
2026-03-31 01:00:00,1.75,openaq_ground
2026-03-31 02:00:00,1.15,openaq_ground
2026-03-31 03:00:00,0.65,openaq_ground
2026-03-31 04:00:00,1.0,openaq_ground
2026-03-31 05:00:00,1.1,openaq_ground
2026-03-31 06:00:00,2.0999999999999996,openaq_ground
2026-03-31 07:00:00,1.9,openaq_ground
2026-03-31 08:00:00,1.6,openaq_ground
2026-03-31 09:00:00,1.55,openaq_ground
2026-03-31 10:00:00,1.35,openaq_ground
2026-03-31 11:00:00,1.35,openaq_ground
2026-03-31 12:00:00,2.05,openaq_ground
2026-03-31 13:00:00,2.05,openaq_ground
2026-03-31 14:00:00,2.15,openaq_ground
2026-03-31 15:00:00,1.8,openaq_ground
2026-03-31 16:00:00,1.15,openaq_ground
2026-03-31 17:00:00,0.65,openaq_ground
2026-03-31 18:00:00,0.4,openaq_ground
2026-03-31 19:00:00,0.4,openaq_ground
2026-03-31 20:00:00,0.4,openaq_ground
2026-03-31 21:00:00,0.35,openaq_ground
2026-03-31 22:00:00,0.35,openaq_ground
2026-03-31 23:00:00,0.45,openaq_ground
2026-04-01 00:00:00,0.25,openaq_ground
2026-04-01 01:00:00,0.1,openaq_ground
2026-04-01 02:00:00,0.35,openaq_ground
2026-04-01 03:00:00,0.3,openaq_ground
2026-04-01 04:00:00,0.44999999999999996,openaq_ground
2026-04-01 05:00:00,0.55,openaq_ground
2026-04-01 06:00:00,0.5,openaq_ground
2026-04-01 07:00:00,0.6000000000000001,openaq_ground
2026-04-01 08:00:00,0.55,openaq_ground
2026-04-01 09:00:00,0.7,openaq_ground
2026-04-01 10:00:00,0.55,openaq_ground
2026-04-01 11:00:00,0.5,openaq_ground
2026-04-01 12:00:00,0.55,openaq_ground
2026-04-01 13:00:00,0.7,openaq_ground
2026-04-01 14:00:00,0.8,openaq_ground
2026-04-01 15:00:00,0.75,openaq_ground
2026-04-01 16:00:00,0.8,openaq_ground
2026-04-01 17:00:00,1.0,openaq_ground
2026-04-01 18:00:00,1.2,openaq_ground
2026-04-01 19:00:00,1.55,openaq_ground
2026-04-01 20:00:00,1.3,openaq_ground
2026-04-01 21:00:00,1.0,openaq_ground
2026-04-01 22:00:00,0.9,openaq_ground
2026-04-01 23:00:00,1.0,openaq_ground
2026-04-02 00:00:00,1.4500000000000002,openaq_ground
2026-04-02 01:00:00,2.25,openaq_ground
2026-04-02 02:00:00,3.2,openaq_ground
2026-04-02 03:00:00,4.0,openaq_ground
2026-04-02 04:00:00,4.65,openaq_ground
2026-04-02 05:00:00,5.75,openaq_ground
2026-04-02 06:00:00,6.1,openaq_ground
2026-04-02 07:00:00,5.05,openaq_ground
2026-04-02 08:00:00,5.4,openaq_ground
2026-04-02 09:00:00,3.6500000000000004,openaq_ground
2026-04-02 10:00:00,1.85,openaq_ground
2026-04-02 11:00:00,0.35,openaq_ground
2026-04-02 12:00:00,0.05,openaq_ground
2026-04-02 13:00:00,0.1,openaq_ground
2026-04-02 14:00:00,0.1,openaq_ground
2026-04-02 15:00:00,0.1,openaq_ground
2026-04-02 16:00:00,0.1,openaq_ground
2026-04-02 17:00:00,0.35,openaq_ground
2026-04-02 18:00:00,0.85,openaq_ground
2026-04-02 19:00:00,1.3,openaq_ground
2026-04-02 20:00:00,0.65,openaq_ground
2026-04-02 21:00:00,1.3,openaq_ground
2026-04-02 22:00:00,1.6,openaq_ground
2026-04-02 23:00:00,2.4499999999999997,openaq_ground
2026-04-03 00:00:00,2.15,openaq_ground
2026-04-03 01:00:00,1.9,openaq_ground
2026-04-03 02:00:00,0.39999999999999997,openaq_ground
2026-04-03 03:00:00,0.5,openaq_ground
2026-04-03 04:00:00,0.35,openaq_ground
2026-04-03 05:00:00,0.95,openaq_ground
2026-04-03 06:00:00,0.3,openaq_ground
2026-04-03 07:00:00,0.85,openaq_ground
2026-04-03 08:00:00,0.6,openaq_ground
2026-04-03 09:00:00,0.15000000000000002,openaq_ground
2026-04-03 10:00:00,0.05,openaq_ground
2026-04-03 11:00:00,0.05,openaq_ground
2026-04-03 12:00:00,0.1,openaq_ground
2026-04-03 13:00:00,0.05,openaq_ground
2026-04-03 14:00:00,0.05,openaq_ground
2026-04-03 15:00:00,0.0,openaq_ground
2026-04-03 16:00:00,0.1,openaq_ground
2026-04-03 17:00:00,0.05,openaq_ground
2026-04-03 18:00:00,0.15,openaq_ground
2026-04-03 19:00:00,0.3,openaq_ground
2026-04-03 20:00:00,0.25,openaq_ground
2026-04-03 21:00:00,0.05,openaq_ground
2026-04-03 22:00:00,0.05,openaq_ground
2026-04-03 23:00:00,0.05,openaq_ground
2026-04-04 00:00:00,0.05,openaq_ground
2026-04-04 01:00:00,0.05,openaq_ground
2026-04-04 02:00:00,0.05,openaq_ground
2026-04-04 03:00:00,0.05,openaq_ground
2026-04-04 04:00:00,0.05,openaq_ground
2026-04-04 05:00:00,0.45,openaq_ground
2026-04-04 06:00:00,0.1,openaq_ground
2026-04-04 07:00:00,0.15,openaq_ground
2026-04-04 08:00:00,0.1,openaq_ground
2026-04-04 09:00:00,0.05,openaq_ground
2026-04-04 10:00:00,0.1,openaq_ground
2026-04-04 11:00:00,0.1,openaq_ground
2026-04-04 13:00:00,0.1,openaq_ground
2026-04-04 14:00:00,0.1,openaq_ground
2026-04-04 15:00:00,0.15,openaq_ground
2026-04-04 16:00:00,0.15,openaq_ground
2026-04-04 17:00:00,0.15,openaq_ground
2026-04-04 18:00:00,0.3,openaq_ground
2026-04-04 19:00:00,0.55,openaq_ground
2026-04-04 20:00:00,1.3,openaq_ground
2026-04-04 21:00:00,0.2,openaq_ground
2026-04-04 22:00:00,0.15,openaq_ground
2026-04-04 23:00:00,0.1,openaq_ground
2026-04-05 00:00:00,0.15,openaq_ground
2026-04-05 01:00:00,0.15,openaq_ground
2026-04-05 02:00:00,0.1,openaq_ground
2026-04-05 03:00:00,0.15,openaq_ground
2026-04-05 04:00:00,0.1,openaq_ground
2026-04-05 05:00:00,0.4,openaq_ground
2026-04-05 06:00:00,0.35,openaq_ground
2026-04-05 07:00:00,0.55,openaq_ground
2026-04-05 08:00:00,0.55,openaq_ground
2026-04-05 09:00:00,0.45,openaq_ground
2026-04-05 10:00:00,0.2,openaq_ground
2026-04-05 11:00:00,0.15,openaq_ground
2026-04-05 12:00:00,0.3,openaq_ground
2026-04-05 13:00:00,0.25,openaq_ground
2026-04-05 14:00:00,0.2,openaq_ground
2026-04-05 15:00:00,0.1,openaq_ground
2026-04-05 16:00:00,0.05,openaq_ground
2026-04-05 17:00:00,0.1,openaq_ground
2026-04-05 18:00:00,0.1,openaq_ground
2026-04-05 19:00:00,0.25,openaq_ground
2026-04-05 20:00:00,0.5,openaq_ground
2026-04-05 21:00:00,0.2,openaq_ground
2026-04-05 22:00:00,0.25,openaq_ground
2026-04-05 23:00:00,0.2,openaq_ground
2026-04-06 00:00:00,0.05,openaq_ground
2026-04-06 01:00:00,0.1,openaq_ground
2026-04-06 02:00:00,0.15,openaq_ground
2026-04-06 03:00:00,0.65,openaq_ground
2026-04-06 04:00:00,0.65,openaq_ground
2026-04-06 05:00:00,0.55,openaq_ground
2026-04-06 06:00:00,1.15,openaq_ground
2026-04-06 07:00:00,0.55,openaq_ground
2026-04-06 08:00:00,0.45,openaq_ground
2026-04-06 09:00:00,0.4,openaq_ground
2026-04-06 10:00:00,0.45,openaq_ground
2026-04-06 11:00:00,0.55,openaq_ground
2026-04-06 12:00:00,0.65,openaq_ground
2026-04-06 13:00:00,0.55,openaq_ground
2026-04-06 14:00:00,0.85,openaq_ground
2026-04-06 15:00:00,1.05,openaq_ground
2026-04-06 16:00:00,1.45,openaq_ground
2026-04-06 17:00:00,1.5,openaq_ground
2026-04-06 18:00:00,1.1,openaq_ground
2026-04-06 19:00:00,0.75,openaq_ground
2026-04-06 20:00:00,0.8,openaq_ground
2026-04-06 21:00:00,0.65,openaq_ground
2026-04-06 22:00:00,0.8,openaq_ground
2026-04-06 23:00:00,0.85,openaq_ground
2026-04-07 00:00:00,0.95,openaq_ground
2026-04-07 01:00:00,1.15,openaq_ground
2026-04-07 02:00:00,1.05,openaq_ground
2026-04-07 03:00:00,1.15,openaq_ground
2026-04-07 04:00:00,1.25,openaq_ground
2026-04-07 05:00:00,1.2,openaq_ground
2026-04-07 06:00:00,1.6,openaq_ground
2026-04-07 07:00:00,2.5999999999999996,openaq_ground
2026-04-07 08:00:00,3.0,openaq_ground
2026-04-07 09:00:00,2.55,openaq_ground
2026-04-07 10:00:00,3.45,openaq_ground
2026-04-07 11:00:00,3.5,openaq_ground
2026-04-07 12:00:00,3.45,openaq_ground
2026-04-07 13:00:00,3.3,openaq_ground
2026-04-07 14:00:00,2.9,openaq_ground
2026-04-07 15:00:00,2.4000000000000004,openaq_ground
2026-04-07 16:00:00,1.55,openaq_ground
2026-04-07 17:00:00,1.6,openaq_ground
2026-04-07 18:00:00,0.55,openaq_ground
2026-04-07 19:00:00,1.05,openaq_ground
2026-04-07 20:00:00,1.0,openaq_ground
2026-04-07 21:00:00,0.0,openaq_ground
2026-04-07 22:00:00,0.05,openaq_ground
2026-04-07 23:00:00,0.15,openaq_ground
2026-04-08 00:00:00,0.25,openaq_ground
2026-04-08 01:00:00,0.6,openaq_ground
2026-04-08 02:00:00,0.25,openaq_ground
2026-04-08 03:00:00,0.05,openaq_ground
2026-04-08 04:00:00,0.0,openaq_ground
2026-04-08 05:00:00,0.05,openaq_ground
2026-04-08 06:00:00,0.15,openaq_ground
2026-04-08 07:00:00,0.05,openaq_ground
2026-04-08 08:00:00,0.05,openaq_ground
2026-04-08 09:00:00,0.1,openaq_ground
2026-04-08 10:00:00,0.15,openaq_ground
2026-04-08 11:00:00,0.1,openaq_ground
2026-04-08 12:00:00,0.1,openaq_ground
2026-04-08 13:00:00,0.1,openaq_ground
2026-04-08 14:00:00,0.45,openaq_ground
2026-04-08 15:00:00,2.25,openaq_ground
2026-04-08 16:00:00,2.2,openaq_ground
2026-04-08 17:00:00,1.55,openaq_ground
2026-04-08 18:00:00,0.45,openaq_ground
2026-04-08 19:00:00,0.8,openaq_ground
2026-04-08 20:00:00,0.25,openaq_ground
2026-04-08 21:00:00,0.1,openaq_ground
2026-04-08 22:00:00,0.1,openaq_ground
2026-04-08 23:00:00,0.25,openaq_ground
2026-04-09 00:00:00,0.4,openaq_ground
2026-04-09 01:00:00,0.1,openaq_ground
2026-04-09 02:00:00,0.2,openaq_ground
2026-04-09 03:00:00,0.3,openaq_ground
2026-04-09 04:00:00,0.5,openaq_ground
2026-04-09 05:00:00,0.35,openaq_ground
2026-04-09 06:00:00,0.4,openaq_ground
2026-04-09 07:00:00,0.15,openaq_ground
2026-04-09 08:00:00,0.4,openaq_ground
2026-04-09 09:00:00,0.4,openaq_ground
2026-04-09 10:00:00,0.35,openaq_ground
2026-04-09 11:00:00,0.45,openaq_ground
2026-04-09 12:00:00,0.75,openaq_ground
2026-04-09 13:00:00,1.1,openaq_ground
2026-04-09 14:00:00,0.9,openaq_ground
2026-04-09 15:00:00,1.2,openaq_ground
2026-04-09 16:00:00,0.75,openaq_ground
2026-04-09 17:00:00,0.9,openaq_ground
2026-04-09 18:00:00,0.95,openaq_ground
2026-04-09 19:00:00,1.15,openaq_ground
2026-04-09 20:00:00,1.35,openaq_ground
2026-04-09 21:00:00,1.45,openaq_ground
2026-04-09 22:00:00,1.65,openaq_ground
2026-04-09 23:00:00,3.2,openaq_ground
2026-04-10 00:00:00,2.3,openaq_ground
2026-04-10 01:00:00,1.9,openaq_ground
2026-04-10 02:00:00,0.9,openaq_ground
2026-04-10 03:00:00,1.85,openaq_ground
2026-04-10 04:00:00,2.4,openaq_ground
2026-04-10 05:00:00,3.25,openaq_ground
2026-04-10 06:00:00,5.0,openaq_ground
2026-04-10 07:00:00,8.25,openaq_ground
2026-04-10 08:00:00,9.25,openaq_ground
2026-04-10 09:00:00,6.85,openaq_ground
2026-04-10 10:00:00,7.050000000000001,openaq_ground
2026-04-10 11:00:00,6.1499999999999995,openaq_ground
2026-04-10 12:00:00,3.45,openaq_ground
2026-04-10 13:00:00,1.2999999999999998,openaq_ground
2026-04-10 14:00:00,1.1,openaq_ground
2026-04-10 15:00:00,1.4,openaq_ground
2026-04-10 16:00:00,0.75,openaq_ground
2026-04-10 17:00:00,0.55,openaq_ground
2026-04-10 18:00:00,0.55,openaq_ground
2026-04-10 19:00:00,0.5,openaq_ground
2026-04-10 20:00:00,0.85,openaq_ground
2026-04-10 21:00:00,1.0,openaq_ground
2026-04-10 22:00:00,1.1,openaq_ground
2026-04-10 23:00:00,1.1500000000000001,openaq_ground
2026-04-11 00:00:00,0.9500000000000001,openaq_ground
2026-04-11 01:00:00,0.9,openaq_ground
2026-04-11 02:00:00,0.55,openaq_ground
2026-04-11 03:00:00,0.45,openaq_ground
2026-04-11 04:00:00,0.3,openaq_ground
2026-04-11 05:00:00,0.1,openaq_ground
2026-04-11 06:00:00,0.05,openaq_ground
2026-04-11 07:00:00,0.05,openaq_ground
2026-04-11 08:00:00,0.3,openaq_ground
2026-04-11 09:00:00,0.9,openaq_ground
2026-04-11 10:00:00,0.65,openaq_ground
2026-04-11 11:00:00,0.65,openaq_ground
2026-04-11 12:00:00,0.3,openaq_ground
2026-04-11 13:00:00,0.0,openaq_ground
2026-04-11 14:00:00,0.1,openaq_ground
2026-04-11 15:00:00,0.1,openaq_ground
2026-04-11 16:00:00,0.3,openaq_ground
2026-04-11 17:00:00,0.95,openaq_ground
2026-04-11 18:00:00,0.35,openaq_ground
2026-04-11 19:00:00,0.2,openaq_ground
2026-04-11 20:00:00,0.0,openaq_ground
2026-04-11 21:00:00,0.2,openaq_ground
2026-04-11 22:00:00,0.1,openaq_ground
2026-04-11 23:00:00,0.05,openaq_ground
2026-04-12 00:00:00,0.0,openaq_ground
2026-04-12 01:00:00,0.15,openaq_ground
2026-04-12 02:00:00,1.05,openaq_ground
2026-04-12 03:00:00,1.0,openaq_ground
2026-04-12 04:00:00,1.25,openaq_ground
2026-04-12 05:00:00,1.1,openaq_ground
2026-04-12 06:00:00,1.25,openaq_ground
2026-04-12 07:00:00,2.15,openaq_ground
2026-04-12 08:00:00,2.05,openaq_ground
2026-04-12 09:00:00,2.1,openaq_ground
2026-04-12 10:00:00,2.4,openaq_ground
2026-04-12 11:00:00,2.7,openaq_ground
2026-04-12 12:00:00,2.6999999999999997,openaq_ground
2026-04-12 13:00:00,2.0,openaq_ground
2026-04-12 14:00:00,1.65,openaq_ground
2026-04-12 15:00:00,1.8,openaq_ground
2026-04-12 16:00:00,1.5,openaq_ground
2026-04-12 17:00:00,1.3,openaq_ground
2026-04-12 18:00:00,1.45,openaq_ground
2026-04-12 19:00:00,1.25,openaq_ground
2026-04-12 20:00:00,0.85,openaq_ground
2026-04-12 21:00:00,0.55,openaq_ground
2026-04-12 22:00:00,0.5,openaq_ground
2026-04-12 23:00:00,0.15,openaq_ground
2026-04-13 00:00:00,0.25,openaq_ground
2026-04-13 01:00:00,0.3,openaq_ground
2026-04-13 02:00:00,0.1,openaq_ground
2026-04-13 03:00:00,0.2,openaq_ground
2026-04-13 04:00:00,0.05,openaq_ground
2026-04-13 05:00:00,0.15,openaq_ground
2026-04-13 06:00:00,0.2,openaq_ground
2026-04-13 07:00:00,0.4,openaq_ground
2026-04-13 08:00:00,0.35,openaq_ground
2026-04-13 09:00:00,0.5,openaq_ground
2026-04-13 10:00:00,0.5,openaq_ground
2026-04-13 11:00:00,0.4,openaq_ground
2026-04-13 12:00:00,0.55,openaq_ground
2026-04-13 13:00:00,0.45,openaq_ground
2026-04-13 14:00:00,0.35,openaq_ground
2026-04-13 15:00:00,0.35,openaq_ground
2026-04-13 16:00:00,0.35,openaq_ground
2026-04-13 17:00:00,0.55,openaq_ground
2026-04-13 18:00:00,0.65,openaq_ground
2026-04-13 19:00:00,0.7,openaq_ground
2026-04-13 20:00:00,0.55,openaq_ground
2026-04-13 21:00:00,0.55,openaq_ground
2026-04-13 22:00:00,0.65,openaq_ground
2026-04-13 23:00:00,0.4,openaq_ground
2026-04-14 00:00:00,0.3,openaq_ground
2026-04-14 01:00:00,0.1,openaq_ground
2026-04-14 02:00:00,0.25,openaq_ground
2026-04-14 03:00:00,0.15,openaq_ground
2026-04-14 04:00:00,0.1,openaq_ground
2026-04-14 05:00:00,0.05,openaq_ground
2026-04-14 06:00:00,0.35,openaq_ground
2026-04-14 07:00:00,0.4,openaq_ground
2026-04-14 08:00:00,0.65,openaq_ground
2026-04-14 09:00:00,0.5,openaq_ground
2026-04-14 10:00:00,0.35,openaq_ground
2026-04-14 11:00:00,0.8,openaq_ground
2026-04-14 12:00:00,0.45,openaq_ground
2026-04-14 13:00:00,0.4,openaq_ground
2026-04-14 14:00:00,0.5,openaq_ground
2026-04-14 15:00:00,0.35,openaq_ground
2026-04-14 16:00:00,0.5,openaq_ground
2026-04-14 17:00:00,0.7,openaq_ground
2026-04-14 18:00:00,0.7000000000000001,openaq_ground
2026-04-14 19:00:00,1.1,openaq_ground
2026-04-14 20:00:00,1.35,openaq_ground
2026-04-14 21:00:00,1.3,openaq_ground
2026-04-14 22:00:00,1.2999999999999998,openaq_ground
2026-04-14 23:00:00,1.35,openaq_ground
2026-04-15 00:00:00,2.45,openaq_ground
2026-04-15 01:00:00,2.45,openaq_ground
2026-04-15 02:00:00,1.5999999999999999,openaq_ground
2026-04-15 03:00:00,1.9,openaq_ground
2026-04-15 04:00:00,1.35,openaq_ground
2026-04-15 05:00:00,1.75,openaq_ground
2026-04-15 06:00:00,1.85,openaq_ground
2026-04-15 07:00:00,1.35,openaq_ground
2026-04-15 08:00:00,1.0,openaq_ground
2026-04-15 09:00:00,1.2,openaq_ground
2026-04-15 10:00:00,1.1,openaq_ground
2026-04-15 11:00:00,1.05,openaq_ground
2026-04-15 12:00:00,0.95,openaq_ground
2026-04-15 13:00:00,1.0,openaq_ground
2026-04-15 14:00:00,1.0,openaq_ground
2026-04-15 15:00:00,0.95,openaq_ground
2026-04-15 16:00:00,0.95,openaq_ground
2026-04-15 17:00:00,1.0,openaq_ground
2026-04-15 18:00:00,1.05,openaq_ground
2026-04-15 19:00:00,1.0,openaq_ground
2026-04-15 20:00:00,0.85,openaq_ground
2026-04-15 21:00:00,1.45,openaq_ground
2026-04-15 22:00:00,1.5,openaq_ground
2026-04-15 23:00:00,1.0999999999999999,openaq_ground
2026-04-16 00:00:00,0.85,openaq_ground
2026-04-16 01:00:00,1.45,openaq_ground
2026-04-16 02:00:00,0.8,openaq_ground
2026-04-16 03:00:00,0.6,openaq_ground
2026-04-16 04:00:00,0.8,openaq_ground
2026-04-16 05:00:00,1.3499999999999999,openaq_ground
2026-04-16 08:00:00,1.0,openaq_ground
2026-04-16 09:00:00,1.0,openaq_ground
2026-04-16 10:00:00,0.95,openaq_ground
2026-04-16 11:00:00,0.8,openaq_ground
2026-04-16 12:00:00,0.65,openaq_ground
2026-04-16 13:00:00,0.5,openaq_ground
2026-04-16 14:00:00,0.7,openaq_ground
2026-04-16 15:00:00,0.55,openaq_ground
2026-04-16 16:00:00,0.65,openaq_ground
2026-04-16 17:00:00,0.75,openaq_ground
2026-04-16 18:00:00,0.55,openaq_ground
2026-04-16 19:00:00,0.35,openaq_ground
2026-04-16 20:00:00,0.7,openaq_ground
2026-04-16 21:00:00,0.55,openaq_ground
2026-04-16 22:00:00,0.55,openaq_ground
2026-04-16 23:00:00,0.39999999999999997,openaq_ground
2026-04-17 00:00:00,0.3,openaq_ground
2026-04-17 01:00:00,0.39999999999999997,openaq_ground
2026-04-17 02:00:00,0.3,openaq_ground
2026-04-17 03:00:00,0.39999999999999997,openaq_ground
2026-04-17 04:00:00,0.1,openaq_ground
2026-04-17 05:00:00,0.1,openaq_ground
2026-04-17 06:00:00,3.0,openaq_ground
2026-04-17 07:00:00,3.3,openaq_ground
2026-04-17 08:00:00,2.85,openaq_ground
2026-04-17 09:00:00,1.1,openaq_ground
2026-04-17 10:00:00,0.7,openaq_ground
2026-04-17 11:00:00,1.1,openaq_ground
2026-04-17 12:00:00,0.75,openaq_ground
2026-04-17 13:00:00,0.65,openaq_ground
2026-04-17 14:00:00,0.8,openaq_ground
2026-04-17 15:00:00,0.5,openaq_ground
2026-04-17 16:00:00,0.45,openaq_ground
2026-04-17 17:00:00,0.2,openaq_ground
2026-04-17 18:00:00,0.15,openaq_ground
2026-04-17 19:00:00,0.35,openaq_ground
2026-04-17 20:00:00,0.65,openaq_ground
2026-04-17 21:00:00,0.6,openaq_ground
2026-04-17 22:00:00,0.65,openaq_ground
2026-04-17 23:00:00,0.65,openaq_ground
2026-04-18 00:00:00,0.55,openaq_ground
2026-04-18 01:00:00,0.55,openaq_ground
2026-04-18 02:00:00,0.75,openaq_ground
2026-04-18 03:00:00,1.05,openaq_ground
2026-04-18 04:00:00,1.1500000000000001,openaq_ground
2026-04-18 05:00:00,1.25,openaq_ground
2026-04-18 07:00:00,0.7999999999999999,openaq_ground
2026-04-18 08:00:00,0.25,openaq_ground
2026-04-18 09:00:00,0.5,openaq_ground
2026-04-18 10:00:00,0.6,openaq_ground
2026-04-18 11:00:00,0.75,openaq_ground
2026-04-18 12:00:00,0.1,openaq_ground
2026-04-18 13:00:00,0.0,openaq_ground
2026-04-18 14:00:00,0.0,openaq_ground
2026-04-18 15:00:00,0.05,openaq_ground
2026-04-18 16:00:00,0.15,openaq_ground
2026-04-18 17:00:00,0.65,openaq_ground
2026-04-18 18:00:00,0.4,openaq_ground
2026-04-18 19:00:00,0.15,openaq_ground
2026-04-18 20:00:00,0.15,openaq_ground
2026-04-18 21:00:00,0.05,openaq_ground
2026-04-18 22:00:00,0.2,openaq_ground
2026-04-18 23:00:00,0.25,openaq_ground
2026-04-19 00:00:00,0.15,openaq_ground
2026-04-19 01:00:00,0.2,openaq_ground
2026-04-19 02:00:00,0.35,openaq_ground
2026-04-19 03:00:00,0.3,openaq_ground
2026-04-19 04:00:00,0.15000000000000002,openaq_ground
2026-04-19 05:00:00,0.2,openaq_ground
2026-04-19 06:00:00,1.1,openaq_ground
2026-04-19 07:00:00,1.4,openaq_ground
2026-04-19 08:00:00,0.6,openaq_ground
2026-04-19 09:00:00,0.8,openaq_ground
2026-04-19 10:00:00,0.2,openaq_ground
2026-04-19 11:00:00,0.35,openaq_ground
2026-04-19 12:00:00,0.1,openaq_ground
2026-04-19 13:00:00,0.1,openaq_ground
2026-04-19 14:00:00,0.05,openaq_ground
2026-04-19 15:00:00,0.05,openaq_ground
2026-04-19 16:00:00,0.0,openaq_ground
2026-04-19 17:00:00,0.0,openaq_ground
2026-04-19 18:00:00,0.0,openaq_ground
2026-04-19 19:00:00,1.05,openaq_ground
2026-04-19 20:00:00,0.0,openaq_ground
2026-04-19 21:00:00,0.0,openaq_ground
2026-04-19 22:00:00,0.05,openaq_ground
2026-04-19 23:00:00,0.05,openaq_ground
2026-04-20 00:00:00,0.05,openaq_ground
2026-04-20 01:00:00,0.45,openaq_ground
2026-04-20 02:00:00,0.1,openaq_ground
2026-04-20 03:00:00,0.15000000000000002,openaq_ground
2026-04-20 04:00:00,0.25,openaq_ground
2026-04-20 05:00:00,0.3,openaq_ground
2026-04-20 06:00:00,1.1,openaq_ground
2026-04-20 07:00:00,5.15,openaq_ground
2026-04-20 08:00:00,1.5,openaq_ground
2026-04-20 09:00:00,1.0,openaq_ground
2026-04-20 10:00:00,1.65,openaq_ground
2026-04-20 11:00:00,1.85,openaq_ground
2026-04-20 12:00:00,1.85,openaq_ground
2026-04-20 13:00:00,2.1,openaq_ground
2026-04-20 14:00:00,2.15,openaq_ground
2026-04-20 15:00:00,3.0999999999999996,openaq_ground
2026-04-20 16:00:00,3.55,openaq_ground
2026-04-20 17:00:00,2.65,openaq_ground
2026-04-20 18:00:00,2.55,openaq_ground
2026-04-20 19:00:00,2.55,openaq_ground
2026-04-20 20:00:00,4.65,openaq_ground
2026-04-20 21:00:00,5.8,openaq_ground
2026-04-20 22:00:00,2.9,openaq_ground
2026-04-20 23:00:00,0.75,openaq_ground
2026-04-21 00:00:00,0.05,openaq_ground
2026-04-21 01:00:00,0.05,openaq_ground
2026-04-21 02:00:00,0.0,openaq_ground
2026-04-21 03:00:00,0.0,openaq_ground
2026-04-21 04:00:00,0.0,openaq_ground
2026-04-21 05:00:00,0.0,openaq_ground
2026-04-21 06:00:00,2.1999999999999997,openaq_ground
2026-04-21 07:00:00,11.100000000000001,openaq_ground
2026-04-21 08:00:00,5.25,openaq_ground
2026-04-21 09:00:00,1.3,openaq_ground
2026-04-21 10:00:00,0.35,openaq_ground
2026-04-21 11:00:00,0.3,openaq_ground
2026-04-21 12:00:00,0.05,openaq_ground
2026-04-21 13:00:00,0.05,openaq_ground
2026-04-21 14:00:00,0.1,openaq_ground
2026-04-21 15:00:00,0.1,openaq_ground
2026-04-21 16:00:00,0.05,openaq_ground
2026-04-21 17:00:00,0.05,openaq_ground
2026-04-21 18:00:00,0.1,openaq_ground
2026-04-21 19:00:00,0.05,openaq_ground
2026-04-21 20:00:00,0.05,openaq_ground
2026-04-21 21:00:00,0.15,openaq_ground
2026-04-21 22:00:00,0.05,openaq_ground
2026-04-21 23:00:00,0.0,openaq_ground
2026-04-22 00:00:00,0.0,openaq_ground
2026-04-22 01:00:00,0.0,openaq_ground
2026-04-22 02:00:00,0.0,openaq_ground
2026-04-22 03:00:00,0.0,openaq_ground
2026-04-22 04:00:00,0.05,openaq_ground
2026-04-22 05:00:00,0.25,openaq_ground
2026-04-22 06:00:00,0.44999999999999996,openaq_ground
2026-04-22 07:00:00,1.05,openaq_ground
2026-04-22 08:00:00,1.95,openaq_ground
2026-04-22 09:00:00,0.25,openaq_ground
2026-04-22 10:00:00,0.0,openaq_ground
2026-04-22 11:00:00,0.1,openaq_ground
2026-04-22 12:00:00,0.1,openaq_ground
2026-04-22 13:00:00,0.15000000000000002,openaq_ground
2026-04-22 14:00:00,0.05,openaq_ground
2026-04-22 15:00:00,0.1,openaq_ground
2026-04-22 16:00:00,0.05,openaq_ground
2026-04-22 17:00:00,0.0,openaq_ground
2026-04-22 18:00:00,0.0,openaq_ground
2026-04-22 19:00:00,0.0,openaq_ground
2026-04-22 20:00:00,0.0,openaq_ground
2026-04-22 21:00:00,0.05,openaq_ground
2026-04-22 22:00:00,0.05,openaq_ground
2026-04-22 23:00:00,0.0,openaq_ground
2026-04-23 00:00:00,0.1,openaq_ground
2026-04-23 01:00:00,0.05,openaq_ground
2026-04-23 02:00:00,0.15000000000000002,openaq_ground
2026-04-23 03:00:00,0.1,openaq_ground
2026-04-23 04:00:00,0.39999999999999997,openaq_ground
2026-04-23 05:00:00,0.39999999999999997,openaq_ground
2026-04-23 06:00:00,0.8500000000000001,openaq_ground
2026-04-23 07:00:00,3.9499999999999997,openaq_ground
2026-04-23 08:00:00,9.2,openaq_ground
2026-04-23 09:00:00,3.75,openaq_ground
2026-04-23 10:00:00,0.9,openaq_ground
2026-04-23 11:00:00,0.25,openaq_ground
2026-04-23 12:00:00,0.35,openaq_ground
2026-04-23 13:00:00,0.15000000000000002,openaq_ground
2026-04-23 14:00:00,0.2,openaq_ground
2026-04-23 15:00:00,0.4,openaq_ground
2026-04-23 16:00:00,0.35,openaq_ground
2026-04-23 17:00:00,0.15000000000000002,openaq_ground
2026-04-23 18:00:00,0.1,openaq_ground
2026-04-23 19:00:00,0.1,openaq_ground
2026-04-23 20:00:00,0.1,openaq_ground
2026-04-23 21:00:00,0.05,openaq_ground
2026-04-23 22:00:00,0.1,openaq_ground
2026-04-23 23:00:00,0.2,openaq_ground
2026-04-24 00:00:00,0.3,openaq_ground
2026-04-24 01:00:00,0.55,openaq_ground
2026-04-24 02:00:00,0.8,openaq_ground
2026-04-24 03:00:00,1.1,openaq_ground
2026-04-24 05:00:00,22.35,openaq_ground
2026-04-24 06:00:00,13.95,openaq_ground
2026-04-24 07:00:00,7.75,openaq_ground
2026-04-24 08:00:00,4.800000000000001,openaq_ground
2026-04-24 09:00:00,4.35,openaq_ground
2026-04-24 10:00:00,4.2,openaq_ground
2026-04-24 11:00:00,3.3,openaq_ground
2026-04-24 12:00:00,1.9,openaq_ground
2026-04-24 13:00:00,1.7,openaq_ground
2026-04-24 14:00:00,1.4,openaq_ground
2026-04-24 15:00:00,0.8,openaq_ground
2026-04-24 16:00:00,0.75,openaq_ground
2026-04-24 17:00:00,0.6000000000000001,openaq_ground
2026-04-24 18:00:00,0.65,openaq_ground
2026-04-24 19:00:00,0.75,openaq_ground
2026-04-24 20:00:00,1.25,openaq_ground
2026-04-24 21:00:00,1.05,openaq_ground
2026-04-24 22:00:00,0.45,openaq_ground
2026-04-24 23:00:00,0.95,openaq_ground
2026-04-25 00:00:00,2.25,openaq_ground
2026-04-25 01:00:00,2.05,openaq_ground
2026-04-25 02:00:00,1.85,openaq_ground
2026-04-25 03:00:00,1.0,openaq_ground
2026-04-25 04:00:00,0.95,openaq_ground
2026-04-25 05:00:00,0.7000000000000001,openaq_ground
2026-04-25 06:00:00,2.0,openaq_ground
2026-04-25 07:00:00,2.3,openaq_ground
2026-04-25 08:00:00,7.1,openaq_ground
2026-04-25 09:00:00,6.05,openaq_ground
2026-04-25 10:00:00,5.85,openaq_ground
2026-04-25 11:00:00,6.0,openaq_ground
2026-04-25 12:00:00,6.6,openaq_ground
2026-04-25 13:00:00,6.5,openaq_ground
2026-04-25 14:00:00,4.35,openaq_ground
2026-04-25 15:00:00,3.45,openaq_ground
2026-04-25 16:00:00,4.6,openaq_ground
2026-04-25 17:00:00,4.65,openaq_ground
2026-04-25 18:00:00,4.55,openaq_ground
2026-04-25 19:00:00,3.1500000000000004,openaq_ground
2026-04-25 20:00:00,4.9,openaq_ground
2026-04-25 21:00:00,2.4,openaq_ground
2026-04-25 22:00:00,0.6,openaq_ground
2026-04-25 23:00:00,0.85,openaq_ground
2026-04-26 00:00:00,1.15,openaq_ground
2026-04-26 01:00:00,0.8500000000000001,openaq_ground
2026-04-26 02:00:00,0.8999999999999999,openaq_ground
2026-04-26 03:00:00,1.0,openaq_ground
2026-04-26 04:00:00,1.65,openaq_ground
2026-04-26 05:00:00,2.6999999999999997,openaq_ground
2026-04-26 06:00:00,4.5,openaq_ground
2026-04-26 07:00:00,5.25,openaq_ground
2026-04-26 08:00:00,5.85,openaq_ground
2026-04-26 09:00:00,5.8500000000000005,openaq_ground
2026-04-26 10:00:00,6.55,openaq_ground
2026-04-26 11:00:00,5.5,openaq_ground
2026-04-26 12:00:00,4.9,openaq_ground
2026-04-26 13:00:00,3.5,openaq_ground
2026-04-26 14:00:00,2.3,openaq_ground
2026-04-26 15:00:00,2.15,openaq_ground
2026-04-26 16:00:00,2.15,openaq_ground
2026-04-26 17:00:00,1.55,openaq_ground
2026-04-26 18:00:00,1.15,openaq_ground
2026-04-26 19:00:00,1.35,openaq_ground
2026-04-26 20:00:00,1.2,openaq_ground
2026-04-26 21:00:00,1.15,openaq_ground
2026-04-26 22:00:00,0.85,openaq_ground
2026-04-26 23:00:00,1.7,openaq_ground
2026-04-27 00:00:00,2.3,openaq_ground
2026-04-27 01:00:00,2.6500000000000004,openaq_ground
2026-04-27 02:00:00,3.15,openaq_ground
2026-04-27 03:00:00,3.3,openaq_ground
2026-04-27 04:00:00,3.05,openaq_ground
2026-04-27 05:00:00,3.8499999999999996,openaq_ground
2026-04-27 06:00:00,3.9,openaq_ground
2026-04-27 07:00:00,4.1,openaq_ground
2026-04-27 08:00:00,2.85,openaq_ground
2026-04-27 09:00:00,3.5,openaq_ground
2026-04-27 10:00:00,3.35,openaq_ground
2026-04-27 11:00:00,4.55,openaq_ground
2026-04-27 12:00:00,4.95,openaq_ground
2026-04-27 13:00:00,4.9,openaq_ground
2026-04-27 14:00:00,4.5,openaq_ground
2026-04-27 15:00:00,4.05,openaq_ground
2026-04-27 16:00:00,4.6499999999999995,openaq_ground
2026-04-27 17:00:00,4.5,openaq_ground
2026-04-27 18:00:00,4.5,openaq_ground
2026-04-27 19:00:00,4.85,openaq_ground
2026-04-27 20:00:00,5.1499999999999995,openaq_ground
2026-04-27 21:00:00,4.449999999999999,openaq_ground
2026-04-27 22:00:00,2.1,openaq_ground
2026-04-27 23:00:00,1.45,openaq_ground
2026-04-28 00:00:00,1.05,openaq_ground
2026-04-28 01:00:00,0.85,openaq_ground
2026-04-28 02:00:00,0.75,openaq_ground
2026-04-28 03:00:00,0.9500000000000001,openaq_ground
2026-04-28 04:00:00,0.9,openaq_ground
2026-04-28 05:00:00,1.25,openaq_ground
2026-04-28 06:00:00,2.05,openaq_ground
2026-04-28 07:00:00,7.55,openaq_ground
2026-04-28 08:00:00,1.8,openaq_ground
2026-04-28 09:00:00,2.05,openaq_ground
2026-04-28 10:00:00,1.5,openaq_ground
2026-04-28 11:00:00,1.45,openaq_ground
2026-04-28 12:00:00,1.8,openaq_ground
2026-04-28 13:00:00,2.1,openaq_ground
2026-04-28 14:00:00,2.55,openaq_ground
2026-04-28 15:00:00,2.15,openaq_ground
2026-04-28 16:00:00,1.9500000000000002,openaq_ground
2026-04-28 17:00:00,2.3,openaq_ground
2026-04-28 18:00:00,2.7,openaq_ground
2026-04-28 19:00:00,2.3000000000000003,openaq_ground
2026-04-28 20:00:00,2.5999999999999996,openaq_ground
2026-04-28 21:00:00,2.75,openaq_ground
2026-04-28 22:00:00,1.4500000000000002,openaq_ground
2026-04-28 23:00:00,0.85,openaq_ground
2026-04-29 00:00:00,0.55,openaq_ground
2026-04-29 01:00:00,0.44999999999999996,openaq_ground
2026-04-29 02:00:00,0.35,openaq_ground
2026-04-29 03:00:00,0.35,openaq_ground
2026-04-29 04:00:00,0.75,openaq_ground
2026-04-29 05:00:00,0.95,openaq_ground
2026-04-29 06:00:00,1.5,openaq_ground
2026-04-29 07:00:00,1.75,openaq_ground
2026-04-29 08:00:00,3.25,openaq_ground
2026-04-29 09:00:00,4.85,openaq_ground
2026-04-29 10:00:00,4.6,openaq_ground
2026-04-29 11:00:00,5.4,openaq_ground
2026-04-29 12:00:00,7.4,openaq_ground
2026-04-29 13:00:00,7.7,openaq_ground
2026-04-29 14:00:00,7.3,openaq_ground
2026-04-29 15:00:00,5.55,openaq_ground
2026-04-29 16:00:00,3.8000000000000003,openaq_ground
2026-04-29 17:00:00,3.95,openaq_ground
2026-04-29 18:00:00,5.449999999999999,openaq_ground
2026-04-29 19:00:00,4.25,openaq_ground
2026-04-29 20:00:00,4.5,openaq_ground
2026-04-29 21:00:00,3.9499999999999997,openaq_ground
2026-04-29 22:00:00,3.5,openaq_ground
2026-04-29 23:00:00,2.7,openaq_ground
2026-04-30 00:00:00,2.8,openaq_ground
2026-04-30 01:00:00,2.5,openaq_ground
2026-04-30 02:00:00,1.95,openaq_ground
2026-04-30 03:00:00,1.65,openaq_ground
2026-04-30 04:00:00,1.7,openaq_ground
2026-04-30 05:00:00,1.9000000000000001,openaq_ground
2026-04-30 06:00:00,3.9000000000000004,openaq_ground
2026-04-30 07:00:00,2.2,openaq_ground
2026-04-30 08:00:00,1.5,openaq_ground
2026-04-30 09:00:00,1.6,openaq_ground
2026-04-30 10:00:00,1.0,openaq_ground
2026-04-30 11:00:00,1.45,openaq_ground
2026-04-30 12:00:00,1.35,openaq_ground
2026-04-30 13:00:00,0.75,openaq_ground
2026-04-30 14:00:00,0.8,openaq_ground
2026-04-30 15:00:00,0.65,openaq_ground
2026-04-30 16:00:00,0.8,openaq_ground
2026-04-30 17:00:00,1.0,openaq_ground
2026-04-30 18:00:00,0.8,openaq_ground
2026-04-30 19:00:00,0.9,openaq_ground
2026-04-30 20:00:00,0.8,openaq_ground
2026-04-30 21:00:00,0.9,openaq_ground
2026-04-30 22:00:00,0.9,openaq_ground
2026-04-30 23:00:00,0.8500000000000001,openaq_ground
2026-05-01 00:00:00,1.05,openaq_ground
2026-05-01 01:00:00,1.15,openaq_ground
2026-05-01 02:00:00,1.0,openaq_ground
2026-05-01 03:00:00,0.7999999999999999,openaq_ground
2026-05-01 04:00:00,0.75,openaq_ground
2026-05-01 05:00:00,1.2,openaq_ground
2026-05-01 06:00:00,1.75,openaq_ground
2026-05-01 07:00:00,1.55,openaq_ground
2026-05-01 08:00:00,1.0,openaq_ground
2026-05-01 09:00:00,0.8,openaq_ground
2026-05-01 10:00:00,0.9,openaq_ground
2026-05-01 11:00:00,1.15,openaq_ground
2026-05-01 12:00:00,0.95,openaq_ground
2026-05-01 13:00:00,0.85,openaq_ground
2026-05-01 14:00:00,0.9,openaq_ground
2026-05-01 15:00:00,0.75,openaq_ground
2026-05-01 16:00:00,0.8,openaq_ground
2026-05-01 17:00:00,1.2,openaq_ground
2026-05-01 18:00:00,1.25,openaq_ground
2026-05-01 19:00:00,1.35,openaq_ground
2026-05-01 20:00:00,1.6500000000000001,openaq_ground
2026-05-01 21:00:00,0.9500000000000001,openaq_ground
2026-05-01 22:00:00,0.55,openaq_ground
2026-05-01 23:00:00,0.5,openaq_ground
2026-05-02 00:00:00,0.05,openaq_ground
2026-05-02 01:00:00,0.1,openaq_ground
2026-05-02 02:00:00,0.2,openaq_ground
2026-05-02 03:00:00,0.2,openaq_ground
2026-05-02 04:00:00,0.1,openaq_ground
2026-05-02 05:00:00,0.95,openaq_ground
2026-05-02 06:00:00,3.7,openaq_ground
2026-05-02 07:00:00,3.4,openaq_ground
2026-05-02 08:00:00,2.25,openaq_ground
2026-05-02 09:00:00,1.8,openaq_ground
2026-05-02 10:00:00,2.4,openaq_ground
2026-05-02 11:00:00,2.8499999999999996,openaq_ground
2026-05-02 12:00:00,3.0999999999999996,openaq_ground
2026-05-02 13:00:00,3.3,openaq_ground
2026-05-02 14:00:00,5.8999999999999995,openaq_ground
2026-05-02 15:00:00,4.95,openaq_ground
2026-05-02 16:00:00,4.25,openaq_ground
2026-05-02 17:00:00,3.4,openaq_ground
2026-05-02 18:00:00,3.05,openaq_ground
2026-05-02 19:00:00,2.8,openaq_ground
2026-05-02 20:00:00,2.4499999999999997,openaq_ground
2026-05-02 21:00:00,2.9,openaq_ground
2026-05-02 22:00:00,1.35,openaq_ground
2026-05-02 23:00:00,1.6,openaq_ground
2026-05-03 00:00:00,1.8,openaq_ground
2026-05-03 01:00:00,2.8,openaq_ground
2026-05-03 02:00:00,4.45,openaq_ground
2026-05-03 03:00:00,3.0,openaq_ground
2026-05-03 04:00:00,2.25,openaq_ground
2026-05-03 05:00:00,3.2,openaq_ground
2026-05-03 06:00:00,4.95,openaq_ground
2026-05-03 07:00:00,6.75,openaq_ground
2026-05-03 08:00:00,4.95,openaq_ground
2026-05-03 09:00:00,5.5,openaq_ground
2026-05-03 10:00:00,5.3999999999999995,openaq_ground
2026-05-03 11:00:00,5.6000000000000005,openaq_ground
2026-05-03 12:00:00,5.6000000000000005,openaq_ground
2026-05-03 13:00:00,7.25,openaq_ground
2026-05-03 14:00:00,8.200000000000001,openaq_ground
2026-05-03 15:00:00,7.85,openaq_ground
2026-05-03 16:00:00,6.75,openaq_ground
2026-05-03 17:00:00,6.05,openaq_ground
2026-05-03 18:00:00,4.9,openaq_ground
2026-05-03 19:00:00,4.05,openaq_ground
2026-05-03 20:00:00,4.3,openaq_ground
2026-05-03 21:00:00,3.65,openaq_ground
2026-05-03 22:00:00,2.6999999999999997,openaq_ground
2026-05-03 23:00:00,2.15,openaq_ground
2026-05-04 00:00:00,1.5999999999999999,openaq_ground
2026-05-04 01:00:00,1.0499999999999998,openaq_ground
2026-05-04 02:00:00,0.35,openaq_ground
2026-05-04 03:00:00,0.35,openaq_ground
2026-05-04 04:00:00,3.55,openaq_ground
2026-05-04 05:00:00,2.0,openaq_ground
2026-05-04 06:00:00,2.8,openaq_ground
2026-05-04 07:00:00,5.8999999999999995,openaq_ground
2026-05-04 08:00:00,5.55,openaq_ground
2026-05-04 09:00:00,3.25,openaq_ground
2026-05-04 10:00:00,2.6999999999999997,openaq_ground
2026-05-04 11:00:00,1.1,openaq_ground
2026-05-04 12:00:00,0.39999999999999997,openaq_ground
2026-05-04 13:00:00,0.3,openaq_ground
2026-05-04 14:00:00,0.75,openaq_ground
2026-05-04 15:00:00,1.2,openaq_ground
2026-05-04 16:00:00,1.95,openaq_ground
2026-05-04 17:00:00,3.3499999999999996,openaq_ground
2026-05-04 18:00:00,4.65,openaq_ground
2026-05-04 19:00:00,7.45,openaq_ground
2026-05-04 20:00:00,8.85,openaq_ground
2026-05-04 21:00:00,7.3500000000000005,openaq_ground
2026-05-04 22:00:00,7.800000000000001,openaq_ground
2026-05-04 23:00:00,7.4,openaq_ground
2026-05-05 00:00:00,8.45,openaq_ground
2026-05-05 01:00:00,7.5,openaq_ground
2026-05-05 02:00:00,5.550000000000001,openaq_ground
2026-05-05 03:00:00,2.6500000000000004,openaq_ground
2026-05-05 04:00:00,2.05,openaq_ground
2026-05-05 05:00:00,3.8499999999999996,openaq_ground
2026-05-05 06:00:00,4.1,openaq_ground
2026-05-05 07:00:00,5.0,openaq_ground
2026-05-05 08:00:00,4.45,openaq_ground
2026-05-05 09:00:00,2.3,openaq_ground
2026-05-05 10:00:00,1.75,openaq_ground
2026-05-05 11:00:00,0.9500000000000001,openaq_ground
2026-05-05 12:00:00,1.1,openaq_ground
2026-05-05 13:00:00,1.1,openaq_ground
2026-05-05 14:00:00,0.7,openaq_ground
2026-05-05 15:00:00,0.2,openaq_ground
2026-05-05 16:00:00,0.1,openaq_ground
2026-05-05 17:00:00,0.05,openaq_ground
2026-05-05 18:00:00,0.0,openaq_ground
2026-05-05 19:00:00,0.05,openaq_ground
2026-05-05 20:00:00,0.3,openaq_ground
2026-05-05 21:00:00,0.25,openaq_ground
2026-05-05 22:00:00,0.3,openaq_ground
2026-05-05 23:00:00,0.35,openaq_ground
2026-05-06 00:00:00,0.2,openaq_ground
2026-05-06 01:00:00,0.3,openaq_ground
2026-05-06 02:00:00,0.2,openaq_ground
2026-05-06 03:00:00,0.25,openaq_ground
2026-05-06 04:00:00,0.35,openaq_ground
2026-05-06 05:00:00,0.5,openaq_ground
2026-05-06 06:00:00,1.2,openaq_ground
2026-05-06 07:00:00,2.8,openaq_ground
2026-05-06 08:00:00,0.7,openaq_ground
2026-05-06 09:00:00,0.35,openaq_ground
2026-05-06 10:00:00,0.35,openaq_ground
2026-05-06 11:00:00,0.8,openaq_ground
2026-05-06 12:00:00,0.4,openaq_ground
2026-05-06 13:00:00,0.55,openaq_ground
2026-05-06 14:00:00,0.5,openaq_ground
2026-05-06 15:00:00,0.95,openaq_ground
2026-05-06 16:00:00,0.85,openaq_ground
2026-05-06 17:00:00,0.85,openaq_ground
2026-05-06 18:00:00,0.95,openaq_ground
2026-05-06 19:00:00,1.85,openaq_ground
2026-05-06 20:00:00,0.95,openaq_ground
2026-05-06 21:00:00,1.25,openaq_ground
2026-05-06 22:00:00,1.6,openaq_ground
2026-05-06 23:00:00,1.55,openaq_ground
2026-05-07 00:00:00,1.55,openaq_ground
2026-05-07 01:00:00,1.1,openaq_ground
2026-05-07 02:00:00,1.1500000000000001,openaq_ground
2026-05-07 03:00:00,1.4500000000000002,openaq_ground
2026-05-07 04:00:00,1.5,openaq_ground
2026-05-07 05:00:00,1.75,openaq_ground
2026-05-07 06:00:00,3.55,openaq_ground
2026-05-07 07:00:00,3.75,openaq_ground
2026-05-07 08:00:00,2.3,openaq_ground
2026-05-07 09:00:00,1.8499999999999999,openaq_ground
2026-05-07 10:00:00,1.6500000000000001,openaq_ground
2026-05-07 11:00:00,1.9,openaq_ground
2026-05-07 12:00:00,1.5,openaq_ground
2026-05-07 13:00:00,1.2999999999999998,openaq_ground
2026-05-07 14:00:00,1.05,openaq_ground
2026-05-07 15:00:00,0.9,openaq_ground
2026-05-07 16:00:00,0.85,openaq_ground
2026-05-07 17:00:00,0.85,openaq_ground
2026-05-07 18:00:00,0.85,openaq_ground
2026-05-07 19:00:00,0.85,openaq_ground
2026-05-07 20:00:00,0.6,openaq_ground
2026-05-07 21:00:00,0.55,openaq_ground
2026-05-07 22:00:00,0.55,openaq_ground
2026-05-07 23:00:00,0.7000000000000001,openaq_ground
2026-05-08 00:00:00,0.75,openaq_ground
2026-05-08 01:00:00,0.7000000000000001,openaq_ground
2026-05-08 02:00:00,0.3,openaq_ground
2026-05-08 03:00:00,0.45,openaq_ground
2026-05-08 04:00:00,0.65,openaq_ground
2026-05-08 05:00:00,0.85,openaq_ground
2026-05-08 06:00:00,1.1,openaq_ground
2026-05-08 07:00:00,0.95,openaq_ground
2026-05-08 09:00:00,1.05,openaq_ground
2026-05-08 10:00:00,1.25,openaq_ground
2026-05-08 11:00:00,0.75,openaq_ground
2026-05-08 12:00:00,0.85,openaq_ground
2026-05-08 13:00:00,0.65,openaq_ground
2026-05-08 14:00:00,0.75,openaq_ground
2026-05-08 15:00:00,0.85,openaq_ground
2026-05-08 16:00:00,1.25,openaq_ground
2026-05-08 17:00:00,1.35,openaq_ground
2026-05-08 18:00:00,1.3,openaq_ground
2026-05-08 19:00:00,1.55,openaq_ground
2026-05-08 20:00:00,1.55,openaq_ground
2026-05-08 21:00:00,1.2,openaq_ground
2026-05-08 22:00:00,0.75,openaq_ground
2026-05-08 23:00:00,0.9,openaq_ground
2026-05-09 00:00:00,0.9,openaq_ground
2026-05-09 01:00:00,1.1,openaq_ground
2026-05-09 02:00:00,2.05,openaq_ground
2026-05-09 03:00:00,1.05,openaq_ground
2026-05-09 04:00:00,1.6,openaq_ground
2026-05-09 05:00:00,1.6500000000000001,openaq_ground
2026-05-09 06:00:00,3.4,openaq_ground
2026-05-09 07:00:00,2.45,openaq_ground
2026-05-09 08:00:00,1.1,openaq_ground
2026-05-09 09:00:00,0.5,openaq_ground
2026-05-09 10:00:00,2.2,openaq_ground
2026-05-09 11:00:00,1.1,openaq_ground
2026-05-09 12:00:00,0.65,openaq_ground
2026-05-09 13:00:00,0.75,openaq_ground
2026-05-09 14:00:00,0.8,openaq_ground
2026-05-09 15:00:00,0.5,openaq_ground
2026-05-09 16:00:00,0.35,openaq_ground
2026-05-09 17:00:00,0.2,openaq_ground
2026-05-09 18:00:00,0.25,openaq_ground
2026-05-09 19:00:00,0.15,openaq_ground
2026-05-09 20:00:00,0.35,openaq_ground
2026-05-09 21:00:00,0.55,openaq_ground
2026-05-09 22:00:00,0.45,openaq_ground
2026-05-09 23:00:00,0.25,openaq_ground
2026-05-10 00:00:00,0.2,openaq_ground
2026-05-10 01:00:00,0.35,openaq_ground
2026-05-10 02:00:00,0.2,openaq_ground
2026-05-10 03:00:00,0.95,openaq_ground
2026-05-10 04:00:00,0.9,openaq_ground
2026-05-10 05:00:00,1.4000000000000001,openaq_ground
2026-05-10 06:00:00,1.5999999999999999,openaq_ground
2026-05-10 07:00:00,1.8,openaq_ground
2026-05-10 08:00:00,1.25,openaq_ground
2026-05-10 09:00:00,0.85,openaq_ground
2026-05-10 10:00:00,0.6,openaq_ground
2026-05-10 11:00:00,0.45,openaq_ground
2026-05-10 12:00:00,0.4,openaq_ground
2026-05-10 13:00:00,0.45,openaq_ground
2026-05-10 14:00:00,0.85,openaq_ground
2026-05-10 15:00:00,0.45,openaq_ground
2026-05-10 16:00:00,0.5,openaq_ground
2026-05-10 17:00:00,0.85,openaq_ground
2026-05-10 18:00:00,0.9,openaq_ground
2026-05-10 19:00:00,1.05,openaq_ground
2026-05-10 20:00:00,1.35,openaq_ground
2026-05-10 21:00:00,1.05,openaq_ground
2026-05-10 22:00:00,0.35,openaq_ground
2026-05-10 23:00:00,0.3,openaq_ground
2026-05-11 00:00:00,1.3,openaq_ground
2026-05-11 01:00:00,0.35,openaq_ground
2026-05-11 02:00:00,0.4,openaq_ground
2026-05-11 03:00:00,0.5,openaq_ground
2026-05-11 04:00:00,0.5,openaq_ground
2026-05-11 05:00:00,0.85,openaq_ground
2026-05-11 06:00:00,4.2,openaq_ground
2026-05-11 07:00:00,5.050000000000001,openaq_ground
2026-05-11 08:00:00,1.2000000000000002,openaq_ground
2026-05-11 09:00:00,0.0,openaq_ground
2026-05-11 10:00:00,0.3,openaq_ground
2026-05-11 11:00:00,0.0,openaq_ground
2026-05-11 12:00:00,0.1,openaq_ground
2026-05-11 13:00:00,0.15,openaq_ground
2026-05-11 14:00:00,0.2,openaq_ground
2026-05-11 15:00:00,0.1,openaq_ground
2026-05-11 16:00:00,0.05,openaq_ground
2026-05-11 17:00:00,0.05,openaq_ground
2026-05-11 18:00:00,0.65,openaq_ground
2026-05-11 19:00:00,0.35,openaq_ground
2026-05-11 20:00:00,1.0,openaq_ground
2026-05-11 23:00:00,1.0,openaq_ground
2026-05-12 00:00:00,1.15,openaq_ground
2026-05-12 01:00:00,3.65,openaq_ground
2026-05-12 02:00:00,3.9000000000000004,openaq_ground
2026-05-12 03:00:00,3.75,openaq_ground
2026-05-12 04:00:00,5.0,openaq_ground
2026-05-12 05:00:00,4.35,openaq_ground
2026-05-12 06:00:00,2.8499999999999996,openaq_ground
2026-05-12 07:00:00,0.8500000000000001,openaq_ground
2026-05-12 08:00:00,0.45,openaq_ground
2026-05-12 09:00:00,0.65,openaq_ground
2026-05-12 10:00:00,0.9,openaq_ground
2026-05-12 11:00:00,0.9,openaq_ground
2026-05-12 12:00:00,0.8,openaq_ground
2026-05-12 13:00:00,0.3,openaq_ground
2026-05-12 14:00:00,0.25,openaq_ground
2026-05-12 15:00:00,0.35,openaq_ground
2026-05-12 16:00:00,0.3,openaq_ground
2026-05-12 17:00:00,0.55,openaq_ground
2026-05-12 18:00:00,0.5,openaq_ground
2026-05-12 19:00:00,1.05,openaq_ground
2026-05-12 20:00:00,3.3,openaq_ground
2026-05-12 21:00:00,4.6499999999999995,openaq_ground
2026-05-12 22:00:00,4.2,openaq_ground
2026-05-12 23:00:00,1.95,openaq_ground
2026-05-13 00:00:00,1.3,openaq_ground
2026-05-13 01:00:00,1.35,openaq_ground
2026-05-13 02:00:00,1.1,openaq_ground
2026-05-13 03:00:00,1.1,openaq_ground
2026-05-13 04:00:00,1.0,openaq_ground
2026-05-13 05:00:00,1.35,openaq_ground
2026-05-13 06:00:00,2.85,openaq_ground
2026-05-13 07:00:00,1.9500000000000002,openaq_ground
2026-05-13 08:00:00,2.05,openaq_ground
2026-05-13 09:00:00,1.3,openaq_ground
2026-05-13 10:00:00,8.35,openaq_ground
2026-05-13 11:00:00,11.4,openaq_ground
2026-05-13 12:00:00,7.65,openaq_ground
2026-05-13 13:00:00,3.25,openaq_ground
2026-05-13 14:00:00,2.2,openaq_ground
2026-05-13 15:00:00,1.5,openaq_ground
2026-05-13 16:00:00,1.0,openaq_ground
2026-05-13 17:00:00,0.7000000000000001,openaq_ground
2026-05-13 18:00:00,1.5,openaq_ground
2026-05-13 19:00:00,1.3499999999999999,openaq_ground
2026-05-13 20:00:00,1.25,openaq_ground
2026-05-13 21:00:00,0.6000000000000001,openaq_ground
2026-05-13 22:00:00,0.1,openaq_ground
2026-05-13 23:00:00,0.0,openaq_ground
2026-05-14 00:00:00,0.0,openaq_ground
2026-05-14 01:00:00,0.0,openaq_ground
2026-05-14 02:00:00,0.0,openaq_ground
2026-05-14 03:00:00,0.05,openaq_ground
2026-05-14 04:00:00,0.0,openaq_ground
2026-05-14 05:00:00,0.1,openaq_ground
2026-05-14 06:00:00,1.15,openaq_ground
2026-05-14 07:00:00,1.7,openaq_ground
2026-05-14 08:00:00,3.5,openaq_ground
2026-05-14 09:00:00,4.05,openaq_ground
2026-05-14 10:00:00,7.55,openaq_ground
2026-05-14 11:00:00,9.25,openaq_ground
2026-05-14 12:00:00,5.55,openaq_ground
2026-05-14 13:00:00,5.2,openaq_ground
2026-05-14 14:00:00,5.6,openaq_ground
2026-05-14 15:00:00,6.800000000000001,openaq_ground
2026-05-14 16:00:00,4.6,openaq_ground
2026-05-14 17:00:00,2.5,openaq_ground
2026-05-14 18:00:00,2.55,openaq_ground
2026-05-14 19:00:00,3.6,openaq_ground
2026-05-14 20:00:00,5.0,openaq_ground
2026-05-14 21:00:00,3.25,openaq_ground
2026-05-14 22:00:00,2.4,openaq_ground
2026-05-14 23:00:00,1.4,openaq_ground
2026-05-15 00:00:00,1.25,openaq_ground
2026-05-15 01:00:00,1.6,openaq_ground
2026-05-15 02:00:00,3.4000000000000004,openaq_ground
2026-05-15 03:00:00,0.5,openaq_ground
2026-05-15 04:00:00,0.15000000000000002,openaq_ground
2026-05-15 05:00:00,0.8,openaq_ground
2026-05-15 06:00:00,1.7999999999999998,openaq_ground
2026-05-15 07:00:00,2.3,openaq_ground
2026-05-15 08:00:00,3.9499999999999997,openaq_ground
2026-05-15 09:00:00,3.85,openaq_ground
2026-05-15 10:00:00,5.75,openaq_ground
2026-05-15 11:00:00,11.25,openaq_ground
2026-05-15 12:00:00,10.7,openaq_ground
2026-05-15 13:00:00,6.15,openaq_ground
2026-05-15 14:00:00,2.35,openaq_ground
2026-05-15 15:00:00,1.5999999999999999,openaq_ground
2026-05-15 16:00:00,1.1,openaq_ground
2026-05-15 17:00:00,0.9,openaq_ground
2026-05-15 18:00:00,1.25,openaq_ground
2026-05-15 19:00:00,1.45,openaq_ground
2026-05-15 20:00:00,3.35,openaq_ground
2026-05-15 21:00:00,2.45,openaq_ground
2026-05-15 22:00:00,1.45,openaq_ground
2026-05-15 23:00:00,1.1500000000000001,openaq_ground
2026-05-16 00:00:00,1.55,openaq_ground
2026-05-16 01:00:00,1.6500000000000001,openaq_ground
2026-05-16 02:00:00,1.6,openaq_ground
2026-05-16 03:00:00,1.05,openaq_ground
2026-05-16 04:00:00,1.35,openaq_ground
2026-05-16 05:00:00,2.7,openaq_ground
2026-05-16 06:00:00,7.25,openaq_ground
2026-05-16 07:00:00,6.0,openaq_ground
2026-05-16 09:00:00,4.75,openaq_ground
2026-05-16 10:00:00,6.05,openaq_ground
2026-05-16 11:00:00,17.95,openaq_ground
2026-05-16 12:00:00,10.45,openaq_ground
2026-05-16 13:00:00,6.05,openaq_ground
2026-05-16 14:00:00,1.4,openaq_ground
2026-05-16 15:00:00,4.6,openaq_ground
2026-05-16 16:00:00,0.9,openaq_ground
2026-05-16 17:00:00,1.0,openaq_ground
2026-05-16 18:00:00,2.0,openaq_ground
2026-05-16 19:00:00,0.8500000000000001,openaq_ground
2026-05-16 20:00:00,1.05,openaq_ground
2026-05-16 21:00:00,0.4,openaq_ground
2026-05-16 22:00:00,0.1,openaq_ground
2026-05-16 23:00:00,0.15,openaq_ground
2026-05-17 00:00:00,0.0,openaq_ground
2026-05-17 01:00:00,0.0,openaq_ground
2026-05-17 02:00:00,0.0,openaq_ground
2026-05-17 03:00:00,2.15,openaq_ground
2026-05-17 04:00:00,2.9,openaq_ground
2026-05-17 05:00:00,4.3,openaq_ground
2026-05-17 06:00:00,4.8500000000000005,openaq_ground
2026-05-17 07:00:00,9.5,openaq_ground
2026-05-17 08:00:00,4.8,openaq_ground
2026-05-17 09:00:00,5.95,openaq_ground
2026-05-17 10:00:00,6.9,openaq_ground
2026-05-17 11:00:00,6.7,openaq_ground
2026-05-17 12:00:00,3.4,openaq_ground
2026-05-17 13:00:00,1.8,openaq_ground
2026-05-17 14:00:00,1.4000000000000001,openaq_ground
2026-05-17 15:00:00,0.7999999999999999,openaq_ground
2026-05-17 16:00:00,2.85,openaq_ground
2026-05-17 17:00:00,3.0,openaq_ground
2026-05-17 18:00:00,1.3,openaq_ground
2026-05-17 19:00:00,1.0,openaq_ground
2026-05-17 20:00:00,2.5,openaq_ground
2026-05-17 21:00:00,0.6000000000000001,openaq_ground
2026-05-17 22:00:00,0.35,openaq_ground
2026-05-17 23:00:00,0.1,openaq_ground
2026-05-18 00:00:00,0.05,openaq_ground
2026-05-18 01:00:00,0.0,openaq_ground
2026-05-18 02:00:00,0.15,openaq_ground
2026-05-18 03:00:00,0.2,openaq_ground
2026-05-18 04:00:00,0.55,openaq_ground
2026-05-18 05:00:00,3.65,openaq_ground
2026-05-18 06:00:00,5.5,openaq_ground
2026-05-18 07:00:00,7.199999999999999,openaq_ground
2026-05-18 08:00:00,5.3500000000000005,openaq_ground
2026-05-18 09:00:00,1.8,openaq_ground
2026-05-18 10:00:00,4.7,openaq_ground
2026-05-18 11:00:00,5.0,openaq_ground
2026-05-18 12:00:00,3.25,openaq_ground
2026-05-18 13:00:00,3.2,openaq_ground
2026-05-18 14:00:00,2.1,openaq_ground
2026-05-18 15:00:00,1.7999999999999998,openaq_ground
2026-05-18 16:00:00,2.0,openaq_ground
2026-05-18 17:00:00,1.7,openaq_ground
2026-05-18 18:00:00,2.3499999999999996,openaq_ground
2026-05-18 19:00:00,3.3,openaq_ground
2026-05-18 20:00:00,3.3499999999999996,openaq_ground
2026-05-18 21:00:00,2.3,openaq_ground
2026-05-18 22:00:00,1.1,openaq_ground
2026-05-18 23:00:00,1.6,openaq_ground
2026-05-19 00:00:00,1.05,openaq_ground
2026-05-19 01:00:00,0.6000000000000001,openaq_ground
2026-05-19 02:00:00,0.7,openaq_ground
2026-05-19 03:00:00,0.75,openaq_ground
2026-05-19 04:00:00,1.0,openaq_ground
2026-05-19 05:00:00,3.25,openaq_ground
2026-05-19 06:00:00,4.6,openaq_ground
2026-05-19 07:00:00,4.65,openaq_ground
2026-05-19 08:00:00,4.4,openaq_ground
2026-05-19 09:00:00,6.7,openaq_ground
2026-05-19 10:00:00,4.65,openaq_ground
2026-05-19 11:00:00,3.75,openaq_ground
2026-05-19 12:00:00,2.5,openaq_ground
2026-05-19 13:00:00,2.3000000000000003,openaq_ground
2026-05-19 14:00:00,2.0,openaq_ground
2026-05-19 15:00:00,1.5,openaq_ground
2026-05-19 16:00:00,1.2,openaq_ground
2026-05-19 17:00:00,1.1500000000000001,openaq_ground
2026-05-19 18:00:00,1.2,openaq_ground
2026-05-19 19:00:00,1.55,openaq_ground
2026-05-19 20:00:00,1.25,openaq_ground
2026-05-19 21:00:00,0.5,openaq_ground
2026-05-19 22:00:00,0.3,openaq_ground
2026-05-19 23:00:00,0.1,openaq_ground
2026-05-20 00:00:00,0.05,openaq_ground
2026-05-20 01:00:00,0.05,openaq_ground
2026-05-20 02:00:00,0.05,openaq_ground
2026-05-20 03:00:00,0.05,openaq_ground
2026-05-20 04:00:00,0.05,openaq_ground
2026-05-20 05:00:00,0.15,openaq_ground
2026-05-20 06:00:00,1.1500000000000001,openaq_ground
2026-05-20 07:00:00,0.15000000000000002,openaq_ground
2026-05-20 08:00:00,0.6,openaq_ground
2026-05-20 09:00:00,0.4,openaq_ground
2026-05-20 10:00:00,0.4,openaq_ground
2026-05-20 11:00:00,0.45,openaq_ground
2026-05-20 12:00:00,0.39999999999999997,openaq_ground
2026-05-20 13:00:00,0.25,openaq_ground
2026-05-20 14:00:00,0.15000000000000002,openaq_ground
2026-05-20 15:00:00,0.2,openaq_ground
2026-05-20 16:00:00,0.05,openaq_ground
2026-05-20 17:00:00,0.0,openaq_ground
2026-05-20 18:00:00,0.1,openaq_ground
2026-05-20 19:00:00,0.05,openaq_ground
2026-05-20 20:00:00,0.15,openaq_ground
2026-05-20 21:00:00,0.2,openaq_ground
2026-05-20 22:00:00,0.15,openaq_ground
2026-05-20 23:00:00,0.3,openaq_ground
2026-05-21 00:00:00,0.25,openaq_ground
2026-05-21 01:00:00,0.1,openaq_ground
2026-05-21 02:00:00,0.2,openaq_ground
2026-05-21 03:00:00,0.3,openaq_ground
2026-05-21 04:00:00,0.45,openaq_ground
2026-05-21 05:00:00,0.45,openaq_ground
2026-05-21 06:00:00,0.7000000000000001,openaq_ground
2026-05-21 07:00:00,1.1,openaq_ground
2026-05-21 08:00:00,2.3000000000000003,openaq_ground
2026-05-21 09:00:00,1.25,openaq_ground
2026-05-21 10:00:00,1.6,openaq_ground
2026-05-21 11:00:00,0.95,openaq_ground
2026-05-21 12:00:00,0.44999999999999996,openaq_ground
2026-05-21 13:00:00,0.35,openaq_ground
2026-05-21 14:00:00,0.2,openaq_ground
2026-05-21 15:00:00,0.25,openaq_ground
2026-05-21 16:00:00,0.3,openaq_ground
2026-05-21 17:00:00,0.3,openaq_ground
2026-05-21 18:00:00,0.35,openaq_ground
2026-05-21 19:00:00,0.2,openaq_ground
2026-05-21 20:00:00,0.2,openaq_ground
2026-05-21 21:00:00,0.15,openaq_ground
2026-05-21 22:00:00,0.05,openaq_ground
2026-05-21 23:00:00,0.05,openaq_ground
2026-05-22 00:00:00,0.55,openaq_ground
2026-05-22 01:00:00,0.25,openaq_ground
2026-05-22 02:00:00,0.05,openaq_ground
2026-05-22 03:00:00,0.0,openaq_ground
2026-05-22 04:00:00,0.05,openaq_ground
2026-05-22 05:00:00,0.25,openaq_ground
2026-05-22 06:00:00,0.25,openaq_ground
2026-05-22 07:00:00,0.4,openaq_ground
2026-05-22 08:00:00,0.8500000000000001,openaq_ground
2026-05-22 09:00:00,2.35,openaq_ground
2026-05-22 10:00:00,3.05,openaq_ground
2026-05-22 11:00:00,2.1,openaq_ground
2026-05-22 12:00:00,1.0,openaq_ground
2026-05-22 13:00:00,0.65,openaq_ground
2026-05-22 14:00:00,0.6,openaq_ground
2026-05-22 15:00:00,0.2,openaq_ground
2026-05-22 16:00:00,0.3,openaq_ground
2026-05-22 17:00:00,0.55,openaq_ground
2026-05-22 18:00:00,0.3,openaq_ground
2026-05-22 19:00:00,0.3,openaq_ground
2026-05-22 20:00:00,0.5,openaq_ground
2026-05-22 21:00:00,0.8,openaq_ground
2026-05-22 22:00:00,0.75,openaq_ground
2026-05-22 23:00:00,1.2,openaq_ground
2026-05-23 00:00:00,1.2,openaq_ground
2026-05-23 01:00:00,1.1500000000000001,openaq_ground
2026-05-23 02:00:00,0.7000000000000001,openaq_ground
2026-05-23 03:00:00,1.3,openaq_ground
2026-05-23 04:00:00,1.55,openaq_ground
2026-05-23 05:00:00,2.9,openaq_ground
2026-05-23 06:00:00,2.55,openaq_ground
2026-05-23 07:00:00,3.75,openaq_ground
2026-05-23 08:00:00,3.75,openaq_ground
2026-05-23 09:00:00,1.9,openaq_ground
2026-05-23 10:00:00,1.9000000000000001,openaq_ground
2026-05-23 11:00:00,1.75,openaq_ground
2026-05-23 12:00:00,1.2,openaq_ground
2026-05-23 13:00:00,0.9,openaq_ground
2026-05-23 14:00:00,0.95,openaq_ground
2026-05-23 15:00:00,1.45,openaq_ground
2026-05-23 16:00:00,2.1,openaq_ground
2026-05-23 17:00:00,2.05,openaq_ground
2026-05-23 18:00:00,1.75,openaq_ground
2026-05-23 19:00:00,1.35,openaq_ground
2026-05-23 20:00:00,2.0,openaq_ground
2026-05-23 21:00:00,1.55,openaq_ground
2026-05-23 22:00:00,1.0,openaq_ground
2026-05-23 23:00:00,1.0,openaq_ground
2026-05-24 00:00:00,1.2999999999999998,openaq_ground
2026-05-24 01:00:00,0.95,openaq_ground
2026-05-24 02:00:00,1.0,openaq_ground
2026-05-24 03:00:00,1.0,openaq_ground
2026-05-24 04:00:00,1.4,openaq_ground
2026-05-24 05:00:00,1.3,openaq_ground
2026-05-24 06:00:00,6.300000000000001,openaq_ground
2026-05-24 07:00:00,4.45,openaq_ground
2026-05-24 08:00:00,2.55,openaq_ground
2026-05-24 09:00:00,1.85,openaq_ground
2026-05-24 10:00:00,0.75,openaq_ground
2026-05-24 11:00:00,0.3,openaq_ground
2026-05-24 12:00:00,0.3,openaq_ground
2026-05-24 13:00:00,0.8,openaq_ground
2026-05-24 14:00:00,0.2,openaq_ground
2026-05-24 15:00:00,0.45,openaq_ground
2026-05-24 16:00:00,0.35,openaq_ground
2026-05-24 17:00:00,0.25,openaq_ground
2026-05-24 18:00:00,0.3,openaq_ground
2026-05-24 19:00:00,0.7,openaq_ground
2026-05-24 20:00:00,0.5,openaq_ground
2026-05-24 21:00:00,0.8,openaq_ground
2026-05-24 22:00:00,0.9,openaq_ground
2026-05-24 23:00:00,0.8500000000000001,openaq_ground
2026-05-25 00:00:00,0.7,openaq_ground
2026-05-25 01:00:00,0.55,openaq_ground
2026-05-25 02:00:00,0.65,openaq_ground
2026-05-25 03:00:00,1.1,openaq_ground
2026-05-25 04:00:00,1.5,openaq_ground
2026-05-25 05:00:00,1.7,openaq_ground
2026-05-25 06:00:00,2.3,openaq_ground
2026-05-25 07:00:00,2.9,openaq_ground
2026-05-25 08:00:00,2.3,openaq_ground
2026-05-25 09:00:00,2.25,openaq_ground
2026-05-25 10:00:00,1.75,openaq_ground
2026-05-25 11:00:00,2.3000000000000003,openaq_ground
2026-05-25 12:00:00,3.5500000000000003,openaq_ground
2026-05-25 13:00:00,6.75,openaq_ground
2026-05-25 14:00:00,6.75,openaq_ground
2026-05-25 15:00:00,6.9,openaq_ground
2026-05-25 16:00:00,6.449999999999999,openaq_ground
2026-05-25 17:00:00,6.550000000000001,openaq_ground
2026-05-25 18:00:00,8.0,openaq_ground
2026-05-25 19:00:00,7.5,openaq_ground
2026-05-25 20:00:00,8.35,openaq_ground
2026-05-25 21:00:00,7.05,openaq_ground
2026-05-25 22:00:00,4.55,openaq_ground
2026-05-25 23:00:00,1.5,openaq_ground
2026-05-26 00:00:00,1.35,openaq_ground
2026-05-26 01:00:00,0.5,openaq_ground
2026-05-26 02:00:00,0.25,openaq_ground
2026-05-26 03:00:00,0.1,openaq_ground
2026-05-26 04:00:00,1.05,openaq_ground
2026-05-26 05:00:00,1.95,openaq_ground
2026-05-26 06:00:00,3.4,openaq_ground
2026-05-26 07:00:00,3.9,openaq_ground
2026-05-26 08:00:00,7.45,openaq_ground
2026-05-26 09:00:00,8.0,openaq_ground
2026-05-26 10:00:00,7.85,openaq_ground
2026-05-26 11:00:00,6.949999999999999,openaq_ground
2026-05-26 12:00:00,5.15,openaq_ground
2026-05-26 13:00:00,2.75,openaq_ground
2026-05-26 14:00:00,7.05,openaq_ground
2026-05-26 15:00:00,7.45,openaq_ground
2026-05-26 16:00:00,6.2,openaq_ground
2026-05-26 17:00:00,5.05,openaq_ground
2026-05-26 18:00:00,5.3,openaq_ground
2026-05-26 19:00:00,5.300000000000001,openaq_ground
2026-05-26 20:00:00,7.5,openaq_ground
2026-05-26 21:00:00,7.8,openaq_ground
2026-05-26 22:00:00,6.8500000000000005,openaq_ground
2026-05-26 23:00:00,4.9,openaq_ground
2026-05-27 00:00:00,2.8,openaq_ground
2026-05-27 01:00:00,3.65,openaq_ground
2026-05-27 02:00:00,2.3,openaq_ground
2026-05-27 03:00:00,2.05,openaq_ground
2026-05-27 04:00:00,2.5,openaq_ground
2026-05-27 05:00:00,3.25,openaq_ground
2026-05-27 06:00:00,6.75,openaq_ground
2026-05-27 07:00:00,3.95,openaq_ground
2026-05-27 08:00:00,5.3,openaq_ground
2026-05-27 09:00:00,6.9,openaq_ground
2026-05-27 10:00:00,10.7,openaq_ground
2026-05-27 11:00:00,13.3,openaq_ground
2026-05-27 12:00:00,15.05,openaq_ground
2026-05-27 13:00:00,14.399999999999999,openaq_ground
2026-05-27 14:00:00,5.550000000000001,openaq_ground
2026-05-27 15:00:00,7.9,openaq_ground
2026-05-27 16:00:00,10.25,openaq_ground
2026-05-27 17:00:00,11.65,openaq_ground
2026-05-27 18:00:00,9.45,openaq_ground
2026-05-27 19:00:00,7.25,openaq_ground
2026-05-27 20:00:00,4.2,openaq_ground
2026-05-27 21:00:00,2.7,openaq_ground
2026-05-27 22:00:00,2.1,openaq_ground
2026-05-27 23:00:00,2.3,openaq_ground
2026-05-28 00:00:00,1.8499999999999999,openaq_ground
2026-05-28 01:00:00,1.85,openaq_ground
2026-05-28 02:00:00,2.25,openaq_ground
2026-05-28 03:00:00,1.25,openaq_ground
2026-05-28 04:00:00,0.6499999999999999,openaq_ground
2026-05-28 05:00:00,1.8499999999999999,openaq_ground
2026-05-28 06:00:00,6.95,openaq_ground
2026-05-28 07:00:00,10.75,openaq_ground
2026-05-28 08:00:00,19.3,openaq_ground
2026-05-28 09:00:00,16.4,openaq_ground
2026-05-28 10:00:00,15.75,openaq_ground
2026-05-28 11:00:00,9.4,openaq_ground
2026-05-28 12:00:00,10.25,openaq_ground
2026-05-28 13:00:00,6.1000000000000005,openaq_ground
2026-05-28 14:00:00,7.6,openaq_ground
2026-05-28 15:00:00,7.55,openaq_ground
2026-05-28 16:00:00,6.6499999999999995,openaq_ground
2026-05-28 17:00:00,4.9,openaq_ground
2026-05-28 18:00:00,4.05,openaq_ground
2026-05-28 19:00:00,1.1,openaq_ground
2026-05-28 20:00:00,1.85,openaq_ground
2026-05-28 21:00:00,4.6,openaq_ground
2026-05-28 22:00:00,1.65,openaq_ground
2026-05-28 23:00:00,0.35,openaq_ground
2026-05-29 00:00:00,0.8,openaq_ground
2026-05-29 01:00:00,1.05,openaq_ground
2026-05-29 02:00:00,1.0999999999999999,openaq_ground
2026-05-29 03:00:00,1.3,openaq_ground
2026-05-29 04:00:00,1.05,openaq_ground
2026-05-29 05:00:00,2.1,openaq_ground
2026-05-29 06:00:00,7.75,openaq_ground
2026-05-29 07:00:00,3.7,openaq_ground
2026-05-29 08:00:00,4.1499999999999995,openaq_ground
2026-05-29 09:00:00,5.3999999999999995,openaq_ground
2026-05-29 10:00:00,4.8,openaq_ground
2026-05-29 11:00:00,11.3,openaq_ground
2026-05-29 12:00:00,13.399999999999999,openaq_ground
2026-05-29 13:00:00,6.8500000000000005,openaq_ground
2026-05-29 14:00:00,4.5,openaq_ground
2026-05-29 15:00:00,3.85,openaq_ground
2026-05-29 16:00:00,4.1,openaq_ground
2026-05-29 17:00:00,4.15,openaq_ground
2026-05-29 18:00:00,3.8,openaq_ground
2026-05-29 19:00:00,4.4,openaq_ground
2026-05-29 20:00:00,5.35,openaq_ground
2026-05-29 21:00:00,3.65,openaq_ground
2026-05-29 22:00:00,0.9,openaq_ground
2026-05-29 23:00:00,0.7,openaq_ground
2026-05-30 00:00:00,0.55,openaq_ground
2026-05-30 01:00:00,0.75,openaq_ground
2026-05-30 02:00:00,0.6000000000000001,openaq_ground
2026-05-30 03:00:00,0.7000000000000001,openaq_ground
2026-05-30 04:00:00,0.7000000000000001,openaq_ground
2026-05-30 05:00:00,0.9500000000000001,openaq_ground
2026-05-30 06:00:00,1.3,openaq_ground
2026-05-30 07:00:00,1.1500000000000001,openaq_ground
2026-05-30 08:00:00,1.25,openaq_ground
2026-05-30 09:00:00,1.75,openaq_ground
2026-05-30 10:00:00,1.4,openaq_ground
2026-05-30 11:00:00,0.9,openaq_ground
2026-05-30 12:00:00,0.85,openaq_ground
2026-05-30 13:00:00,0.9,openaq_ground
2026-05-30 14:00:00,0.9,openaq_ground
2026-05-30 15:00:00,1.0,openaq_ground
2026-05-30 16:00:00,0.95,openaq_ground
2026-05-30 17:00:00,1.2,openaq_ground
2026-05-30 18:00:00,1.25,openaq_ground
2026-05-30 19:00:00,1.25,openaq_ground
2026-05-30 20:00:00,1.3,openaq_ground
2026-05-30 21:00:00,1.45,openaq_ground
2026-05-30 22:00:00,1.6,openaq_ground
2026-05-30 23:00:00,1.75,openaq_ground
2026-05-31 00:00:00,2.0500000000000003,openaq_ground
2026-05-31 01:00:00,2.4499999999999997,openaq_ground
2026-05-31 02:00:00,2.0,openaq_ground
2026-05-31 03:00:00,1.95,openaq_ground
2026-05-31 04:00:00,2.1,openaq_ground
2026-05-31 05:00:00,2.25,openaq_ground
2026-05-31 06:00:00,2.25,openaq_ground
2026-05-31 07:00:00,2.15,openaq_ground
2026-05-31 08:00:00,2.1,openaq_ground
2026-05-31 09:00:00,1.8,openaq_ground
2026-05-31 10:00:00,2.3499999999999996,openaq_ground
2026-05-31 11:00:00,2.5,openaq_ground
2026-05-31 12:00:00,2.5500000000000003,openaq_ground
2026-05-31 13:00:00,2.25,openaq_ground
2026-05-31 14:00:00,2.3000000000000003,openaq_ground
2026-05-31 15:00:00,2.2,openaq_ground
2026-05-31 16:00:00,2.25,openaq_ground
2026-05-31 17:00:00,2.3000000000000003,openaq_ground
2026-05-31 18:00:00,2.1999999999999997,openaq_ground
2026-05-31 19:00:00,2.45,openaq_ground
2026-05-31 20:00:00,2.65,openaq_ground
2026-05-31 21:00:00,2.65,openaq_ground
2026-05-31 22:00:00,2.85,openaq_ground
2026-05-31 23:00:00,3.05,openaq_ground
2026-06-01 00:00:00,3.45,openaq_ground
2026-06-01 01:00:00,2.6,openaq_ground
2026-06-01 02:00:00,2.65,openaq_ground
2026-06-01 03:00:00,3.5,openaq_ground
2026-06-01 04:00:00,3.4,openaq_ground
2026-06-01 05:00:00,3.25,openaq_ground
2026-06-01 06:00:00,3.7,openaq_ground
2026-06-01 07:00:00,3.5500000000000003,openaq_ground
2026-06-01 08:00:00,3.25,openaq_ground
2026-06-01 09:00:00,3.65,openaq_ground
2026-06-01 10:00:00,3.55,openaq_ground
2026-06-01 11:00:00,3.8000000000000003,openaq_ground
2026-06-01 12:00:00,4.7,openaq_ground
2026-06-01 13:00:00,4.5,openaq_ground
2026-06-01 14:00:00,4.6,openaq_ground
2026-06-01 15:00:00,5.4,openaq_ground
2026-06-01 16:00:00,3.0,openaq_ground
2026-06-01 17:00:00,2.3,openaq_ground
2026-06-01 18:00:00,1.4500000000000002,openaq_ground
2026-06-01 19:00:00,0.35,openaq_ground
2026-06-01 20:00:00,0.05,openaq_ground
2026-06-01 21:00:00,0.0,openaq_ground
2026-06-01 22:00:00,0.1,openaq_ground
2026-06-01 23:00:00,0.1,openaq_ground
2026-06-02 00:00:00,0.35,openaq_ground
2026-06-02 01:00:00,0.5,openaq_ground
2026-06-02 02:00:00,0.55,openaq_ground
2026-06-02 03:00:00,0.5,openaq_ground
2026-06-02 04:00:00,0.7000000000000001,openaq_ground
2026-06-02 05:00:00,1.9000000000000001,openaq_ground
2026-06-02 06:00:00,2.9,openaq_ground
2026-06-02 07:00:00,3.05,openaq_ground
2026-06-02 08:00:00,3.9,openaq_ground
2026-06-02 09:00:00,3.0999999999999996,openaq_ground
2026-06-02 10:00:00,1.95,openaq_ground
2026-06-02 11:00:00,1.5,openaq_ground
2026-06-02 12:00:00,1.05,openaq_ground
2026-06-02 13:00:00,0.9,openaq_ground
2026-06-02 14:00:00,0.6499999999999999,openaq_ground
2026-06-02 15:00:00,0.2,openaq_ground
2026-06-02 16:00:00,0.15,openaq_ground
2026-06-02 17:00:00,0.3,openaq_ground
2026-06-02 18:00:00,0.05,openaq_ground
2026-06-02 19:00:00,0.35,openaq_ground
2026-06-02 20:00:00,0.55,openaq_ground
2026-06-02 21:00:00,0.15,openaq_ground
2026-06-02 22:00:00,0.05,openaq_ground
2026-06-02 23:00:00,0.25,openaq_ground
2026-06-03 00:00:00,0.65,openaq_ground
2026-06-03 01:00:00,0.6000000000000001,openaq_ground
2026-06-03 02:00:00,0.5,openaq_ground
2026-06-03 03:00:00,0.55,openaq_ground
2026-06-03 04:00:00,1.0,openaq_ground
2026-06-03 05:00:00,1.55,openaq_ground
2026-06-03 06:00:00,4.95,openaq_ground
2026-06-03 07:00:00,3.95,openaq_ground
2026-06-03 08:00:00,4.95,openaq_ground
2026-06-03 09:00:00,4.050000000000001,openaq_ground
2026-06-03 10:00:00,4.15,openaq_ground
2026-06-03 11:00:00,4.7,openaq_ground
2026-06-03 12:00:00,4.95,openaq_ground
2026-06-03 13:00:00,1.4500000000000002,openaq_ground
2026-06-03 14:00:00,0.75,openaq_ground
2026-06-03 15:00:00,0.65,openaq_ground
2026-06-03 16:00:00,0.65,openaq_ground
2026-06-03 17:00:00,0.3,openaq_ground
2026-06-03 18:00:00,0.2,openaq_ground
2026-06-03 19:00:00,2.0,openaq_ground
2026-06-03 20:00:00,0.8,openaq_ground
2026-06-03 21:00:00,0.35,openaq_ground
2026-06-03 22:00:00,0.5,openaq_ground
2026-06-03 23:00:00,1.1,openaq_ground
2026-06-04 00:00:00,1.3,openaq_ground
2026-06-04 01:00:00,0.39999999999999997,openaq_ground
2026-06-04 02:00:00,0.4,openaq_ground
2026-06-04 03:00:00,0.7,openaq_ground
2026-06-04 04:00:00,0.95,openaq_ground
2026-06-04 05:00:00,1.85,openaq_ground
2026-06-04 06:00:00,3.65,openaq_ground
2026-06-04 07:00:00,6.300000000000001,openaq_ground
2026-06-04 08:00:00,4.75,openaq_ground
2026-06-04 09:00:00,2.8,openaq_ground
2026-06-04 10:00:00,1.4,openaq_ground
2026-06-04 11:00:00,1.1,openaq_ground
2026-06-04 12:00:00,0.65,openaq_ground
2026-06-04 13:00:00,0.7,openaq_ground
2026-06-04 14:00:00,0.55,openaq_ground
2026-06-04 15:00:00,0.5,openaq_ground
2026-06-04 16:00:00,0.6,openaq_ground
2026-06-04 17:00:00,0.65,openaq_ground
2026-06-04 18:00:00,0.8,openaq_ground
2026-06-04 19:00:00,0.85,openaq_ground
2026-06-04 20:00:00,0.75,openaq_ground
2026-06-04 21:00:00,0.75,openaq_ground
2026-06-04 22:00:00,0.8,openaq_ground
2026-06-04 23:00:00,0.8,openaq_ground
2026-06-05 00:00:00,0.85,openaq_ground
2026-06-05 01:00:00,0.95,openaq_ground
2026-06-05 02:00:00,1.1,openaq_ground
2026-06-05 03:00:00,1.05,openaq_ground
2026-06-05 04:00:00,1.3,openaq_ground
2026-06-05 05:00:00,1.2,openaq_ground
2026-06-05 06:00:00,1.05,openaq_ground
2026-06-05 07:00:00,1.15,openaq_ground
2026-06-05 08:00:00,0.44999999999999996,openaq_ground
2026-06-05 09:00:00,0.95,openaq_ground
2026-06-05 10:00:00,0.85,openaq_ground
2026-06-05 11:00:00,0.3,openaq_ground
2026-06-05 12:00:00,0.3,openaq_ground
2026-06-05 13:00:00,0.25,openaq_ground
2026-06-05 14:00:00,0.1,openaq_ground
2026-06-05 15:00:00,0.15,openaq_ground
2026-06-05 16:00:00,0.25,openaq_ground
2026-06-05 17:00:00,0.3,openaq_ground
2026-06-05 18:00:00,1.15,openaq_ground
2026-06-05 19:00:00,0.7,openaq_ground
2026-06-05 20:00:00,0.9,openaq_ground
2026-06-05 21:00:00,0.3,openaq_ground
2026-06-05 22:00:00,0.05,openaq_ground
2026-06-05 23:00:00,0.05,openaq_ground
2026-06-06 00:00:00,0.2,openaq_ground
2026-06-06 01:00:00,0.1,openaq_ground
2026-06-06 02:00:00,0.2,openaq_ground
2026-06-06 03:00:00,0.45,openaq_ground
2026-06-06 04:00:00,0.65,openaq_ground
2026-06-06 05:00:00,2.8,openaq_ground
2026-06-06 06:00:00,3.75,openaq_ground
2026-06-06 07:00:00,2.65,openaq_ground
2026-06-06 08:00:00,2.9,openaq_ground
2026-06-06 09:00:00,1.6,openaq_ground
2026-06-06 10:00:00,2.0,openaq_ground
2026-06-06 11:00:00,1.1500000000000001,openaq_ground
2026-06-06 12:00:00,0.75,openaq_ground
2026-06-06 13:00:00,0.3,openaq_ground
2026-06-06 14:00:00,0.55,openaq_ground
2026-06-06 15:00:00,0.4,openaq_ground
2026-06-06 16:00:00,0.5,openaq_ground
2026-06-06 17:00:00,0.65,openaq_ground
2026-06-06 18:00:00,0.65,openaq_ground
2026-06-06 19:00:00,0.8,openaq_ground
2026-06-06 20:00:00,0.8,openaq_ground
2026-06-06 21:00:00,0.55,openaq_ground
2026-06-06 22:00:00,1.25,openaq_ground
2026-06-06 23:00:00,1.55,openaq_ground
2026-06-07 00:00:00,1.6,openaq_ground
2026-06-07 01:00:00,1.4500000000000002,openaq_ground
2026-06-07 02:00:00,3.3000000000000003,openaq_ground
2026-06-07 03:00:00,4.9,openaq_ground
2026-06-07 04:00:00,4.1,openaq_ground
2026-06-07 05:00:00,4.15,openaq_ground
2026-06-07 06:00:00,3.5,openaq_ground
2026-06-07 07:00:00,3.4,openaq_ground
2026-06-07 08:00:00,3.25,openaq_ground
2026-06-07 09:00:00,2.65,openaq_ground
2026-06-07 10:00:00,2.2,openaq_ground
2026-06-07 11:00:00,1.9,openaq_ground
2026-06-07 12:00:00,1.2,openaq_ground
2026-06-07 13:00:00,1.35,openaq_ground
2026-06-07 14:00:00,0.85,openaq_ground
2026-06-07 15:00:00,0.75,openaq_ground
2026-06-07 16:00:00,0.8,openaq_ground
2026-06-07 17:00:00,0.45,openaq_ground
2026-06-07 18:00:00,0.55,openaq_ground
2026-06-07 19:00:00,0.75,openaq_ground
2026-06-07 20:00:00,0.7,openaq_ground
2026-06-07 21:00:00,0.65,openaq_ground
2026-06-07 22:00:00,0.39999999999999997,openaq_ground
2026-06-07 23:00:00,0.45,openaq_ground
2026-06-08 00:00:00,0.45,openaq_ground
2026-06-08 01:00:00,0.55,openaq_ground
2026-06-08 02:00:00,0.6,openaq_ground
2026-06-08 03:00:00,0.55,openaq_ground
2026-06-08 04:00:00,0.9,openaq_ground
2026-06-08 05:00:00,1.95,openaq_ground
2026-06-08 06:00:00,2.35,openaq_ground
2026-06-08 07:00:00,2.65,openaq_ground
2026-06-08 08:00:00,2.8,openaq_ground
2026-06-08 09:00:00,2.35,openaq_ground
2026-06-08 10:00:00,2.5,openaq_ground
2026-06-08 11:00:00,2.15,openaq_ground
2026-06-08 12:00:00,1.7,openaq_ground
2026-06-08 13:00:00,2.55,openaq_ground
2026-06-08 14:00:00,2.35,openaq_ground
2026-06-08 15:00:00,3.2,openaq_ground
2026-06-08 16:00:00,3.6999999999999997,openaq_ground
2026-06-08 17:00:00,3.85,openaq_ground
2026-06-08 18:00:00,3.7,openaq_ground
2026-06-08 19:00:00,2.2,openaq_ground
2026-06-08 20:00:00,1.7999999999999998,openaq_ground
2026-06-08 21:00:00,1.6,openaq_ground
2026-06-08 22:00:00,1.7,openaq_ground
2026-06-08 23:00:00,1.8499999999999999,openaq_ground
2026-06-09 00:00:00,2.3,openaq_ground
2026-06-09 01:00:00,2.05,openaq_ground
2026-06-09 02:00:00,2.0,openaq_ground
2026-06-09 03:00:00,2.15,openaq_ground
2026-06-09 04:00:00,5.8999999999999995,openaq_ground
2026-06-09 05:00:00,16.1,openaq_ground
2026-06-09 06:00:00,3.8000000000000003,openaq_ground
2026-06-09 07:00:00,2.75,openaq_ground
2026-06-09 08:00:00,2.45,openaq_ground
2026-06-09 09:00:00,1.3,openaq_ground
2026-06-09 10:00:00,1.5,openaq_ground
2026-06-09 11:00:00,1.2,openaq_ground
2026-06-09 12:00:00,3.85,openaq_ground
2026-06-09 13:00:00,3.8,openaq_ground
2026-06-09 14:00:00,2.9,openaq_ground
2026-06-09 15:00:00,3.35,openaq_ground
2026-06-09 16:00:00,1.5,openaq_ground
2026-06-09 17:00:00,1.0,openaq_ground
2026-06-09 18:00:00,1.8499999999999999,openaq_ground
2026-06-09 19:00:00,1.35,openaq_ground
2026-06-09 20:00:00,3.9000000000000004,openaq_ground
2026-06-09 21:00:00,2.5,openaq_ground
2026-06-09 22:00:00,1.65,openaq_ground
2026-06-09 23:00:00,1.95,openaq_ground
2026-06-10 00:00:00,1.4,openaq_ground
2026-06-10 01:00:00,10.15,openaq_ground
2026-06-10 02:00:00,2.25,openaq_ground
2026-06-10 03:00:00,0.7,openaq_ground
2026-06-10 04:00:00,6.3,openaq_ground
2026-06-10 05:00:00,8.450000000000001,openaq_ground
2026-06-10 06:00:00,5.75,openaq_ground
2026-06-10 07:00:00,4.949999999999999,openaq_ground
2026-06-10 08:00:00,8.5,openaq_ground
2026-06-10 09:00:00,8.5,openaq_ground
2026-06-10 10:00:00,9.5,openaq_ground
2026-06-10 11:00:00,9.8,openaq_ground
2026-06-10 12:00:00,10.9,openaq_ground
2026-06-10 13:00:00,12.8,openaq_ground
2026-06-10 14:00:00,12.2,openaq_ground
2026-06-10 15:00:00,9.049999999999999,openaq_ground
2026-06-10 16:00:00,9.55,openaq_ground
2026-06-10 17:00:00,8.5,openaq_ground
2026-06-10 18:00:00,6.8500000000000005,openaq_ground
2026-06-10 19:00:00,5.65,openaq_ground
2026-06-10 20:00:00,4.75,openaq_ground
2026-06-10 21:00:00,6.1,openaq_ground
2026-06-10 22:00:00,4.05,openaq_ground
2026-06-10 23:00:00,3.5,openaq_ground
2026-06-11 00:00:00,2.05,openaq_ground
2026-06-11 01:00:00,3.7,openaq_ground
2026-06-11 02:00:00,2.75,openaq_ground
2026-06-11 03:00:00,0.6,openaq_ground
2026-06-11 04:00:00,0.8,openaq_ground
2026-06-11 05:00:00,14.1,openaq_ground
2026-06-11 06:00:00,12.5,openaq_ground
2026-06-11 07:00:00,11.450000000000001,openaq_ground
2026-06-11 08:00:00,7.0,openaq_ground
2026-06-11 09:00:00,6.65,openaq_ground
2026-06-11 10:00:00,6.75,openaq_ground
2026-06-11 11:00:00,6.35,openaq_ground
2026-06-11 12:00:00,7.55,openaq_ground
2026-06-11 13:00:00,13.65,openaq_ground
2026-06-11 14:00:00,13.5,openaq_ground
2026-06-11 15:00:00,5.3,openaq_ground
2026-06-11 16:00:00,2.9,openaq_ground
2026-06-11 17:00:00,2.15,openaq_ground
2026-06-11 18:00:00,3.0,openaq_ground
2026-06-11 19:00:00,2.65,openaq_ground
2026-06-11 20:00:00,2.0,openaq_ground
2026-06-11 21:00:00,1.85,openaq_ground
2026-06-11 22:00:00,1.0,openaq_ground
2026-06-11 23:00:00,0.35,openaq_ground
2026-06-12 00:00:00,0.35,openaq_ground
2026-06-12 01:00:00,0.4,openaq_ground
2026-06-12 02:00:00,0.95,openaq_ground
2026-06-12 03:00:00,0.75,openaq_ground
2026-06-12 04:00:00,0.85,openaq_ground
2026-06-12 05:00:00,3.05,openaq_ground
2026-06-12 06:00:00,2.8000000000000003,openaq_ground
2026-06-12 07:00:00,4.6000000000000005,openaq_ground
2026-06-12 08:00:00,6.65,openaq_ground
2026-06-12 09:00:00,6.6000000000000005,openaq_ground
2026-06-12 10:00:00,4.15,openaq_ground
2026-06-12 11:00:00,3.9,openaq_ground
2026-06-12 12:00:00,1.75,openaq_ground
2026-06-12 13:00:00,1.25,openaq_ground
2026-06-12 14:00:00,1.6,openaq_ground
2026-06-12 15:00:00,0.95,openaq_ground
2026-06-12 16:00:00,1.2000000000000002,openaq_ground
2026-06-12 17:00:00,2.05,openaq_ground
2026-06-12 18:00:00,2.6,openaq_ground
2026-06-12 19:00:00,37.15,openaq_ground
2026-06-12 20:00:00,17.1,openaq_ground
2026-06-12 21:00:00,6.75,openaq_ground
2026-06-12 22:00:00,13.0,openaq_ground
2026-06-12 23:00:00,11.399999999999999,openaq_ground
2026-06-13 00:00:00,2.65,openaq_ground
2026-06-13 01:00:00,3.45,openaq_ground
2026-06-13 02:00:00,2.1,openaq_ground
2026-06-13 03:00:00,0.95,openaq_ground
2026-06-13 04:00:00,0.85,openaq_ground
2026-06-13 05:00:00,4.85,openaq_ground
2026-06-13 06:00:00,20.45,openaq_ground
2026-06-13 07:00:00,12.4,openaq_ground
2026-06-13 08:00:00,12.6,openaq_ground
2026-06-13 09:00:00,14.6,openaq_ground
2026-06-13 10:00:00,25.549999999999997,openaq_ground
2026-06-13 11:00:00,18.6,openaq_ground
2026-06-13 12:00:00,25.75,openaq_ground
2026-06-13 13:00:00,21.5,openaq_ground
2026-06-13 14:00:00,16.3,openaq_ground
2026-06-13 15:00:00,13.85,openaq_ground
2026-06-13 16:00:00,10.85,openaq_ground
2026-06-13 17:00:00,7.6499999999999995,openaq_ground
2026-06-13 18:00:00,8.35,openaq_ground
2026-06-13 19:00:00,6.0,openaq_ground
2026-06-13 20:00:00,7.449999999999999,openaq_ground
2026-06-13 21:00:00,12.35,openaq_ground
2026-06-13 22:00:00,8.0,openaq_ground
2026-06-13 23:00:00,5.45,openaq_ground
2026-06-14 00:00:00,1.8499999999999999,openaq_ground
2026-06-14 01:00:00,2.0,openaq_ground
2026-06-14 02:00:00,19.849999999999998,openaq_ground
2026-06-14 03:00:00,4.25,openaq_ground
2026-06-14 04:00:00,2.45,openaq_ground
2026-06-14 05:00:00,6.15,openaq_ground
2026-06-14 06:00:00,10.7,openaq_ground
2026-06-14 07:00:00,16.55,openaq_ground
2026-06-14 08:00:00,13.5,openaq_ground
2026-06-14 09:00:00,3.55,openaq_ground
2026-06-14 10:00:00,3.15,openaq_ground
2026-06-14 11:00:00,1.6,openaq_ground
2026-06-14 12:00:00,1.0,openaq_ground
2026-06-14 13:00:00,1.1,openaq_ground
2026-06-14 14:00:00,1.45,openaq_ground
2026-06-14 15:00:00,2.7,openaq_ground
2026-06-14 16:00:00,3.2,openaq_ground
2026-06-14 17:00:00,3.4499999999999997,openaq_ground
2026-06-14 18:00:00,3.5,openaq_ground
2026-06-14 19:00:00,3.6,openaq_ground
2026-06-14 20:00:00,1.65,openaq_ground
2026-06-14 21:00:00,9.05,openaq_ground
2026-06-14 22:00:00,4.45,openaq_ground
2026-06-14 23:00:00,10.85,openaq_ground
2026-06-15 00:00:00,6.8999999999999995,openaq_ground
2026-06-15 01:00:00,1.0,openaq_ground
2026-06-15 02:00:00,1.2,openaq_ground
2026-06-15 03:00:00,2.4,openaq_ground
2026-06-15 04:00:00,5.55,openaq_ground
2026-06-15 05:00:00,4.25,openaq_ground
2026-06-15 06:00:00,5.25,openaq_ground
2026-06-15 07:00:00,12.2,openaq_ground
2026-06-15 08:00:00,6.5,openaq_ground
2026-06-15 09:00:00,5.2,openaq_ground
2026-06-15 10:00:00,8.35,openaq_ground
2026-06-15 11:00:00,4.4,openaq_ground
2026-06-15 12:00:00,3.3499999999999996,openaq_ground
2026-06-15 13:00:00,5.25,openaq_ground
2026-06-15 14:00:00,3.4000000000000004,openaq_ground
2026-06-15 15:00:00,2.65,openaq_ground
2026-06-15 16:00:00,2.5999999999999996,openaq_ground
2026-06-15 17:00:00,2.15,openaq_ground
2026-06-15 18:00:00,2.0,openaq_ground
2026-06-15 19:00:00,1.8499999999999999,openaq_ground
2026-06-15 20:00:00,1.85,openaq_ground
2026-06-15 21:00:00,1.35,openaq_ground
2026-06-15 22:00:00,1.65,openaq_ground
2026-06-15 23:00:00,0.75,openaq_ground
2026-06-16 00:00:00,7.4,openaq_ground
2026-06-16 01:00:00,5.7,openaq_ground
2026-06-16 02:00:00,7.75,openaq_ground
2026-06-16 03:00:00,8.450000000000001,openaq_ground
2026-06-16 04:00:00,6.3,openaq_ground
2026-06-16 05:00:00,11.35,openaq_ground
2026-06-16 06:00:00,4.6,openaq_ground
2026-06-16 07:00:00,12.6,openaq_ground
2026-06-16 08:00:00,12.35,openaq_ground
2026-06-16 09:00:00,6.05,openaq_ground
2026-06-16 10:00:00,4.0,openaq_ground
2026-06-16 11:00:00,2.15,openaq_ground
2026-06-16 12:00:00,1.55,openaq_ground
2026-06-16 13:00:00,0.4,openaq_ground
2026-06-16 14:00:00,0.2,openaq_ground
2026-06-16 15:00:00,0.1,openaq_ground
2026-06-16 16:00:00,0.1,openaq_ground
2026-06-16 17:00:00,0.1,openaq_ground
2026-06-16 18:00:00,0.1,openaq_ground
2026-06-16 19:00:00,0.35,openaq_ground
2026-06-16 20:00:00,5.65,openaq_ground
2026-06-16 21:00:00,3.7,openaq_ground
2026-06-16 22:00:00,5.6,openaq_ground
2026-06-16 23:00:00,11.7,openaq_ground
2026-06-17 00:00:00,5.8,openaq_ground
2026-06-17 01:00:00,4.0,openaq_ground
2026-06-17 02:00:00,3.0,openaq_ground
2026-06-17 03:00:00,1.35,openaq_ground
2026-06-17 04:00:00,1.6,openaq_ground
2026-06-17 05:00:00,10.5,openaq_ground
2026-06-17 06:00:00,5.5,openaq_ground
2026-06-17 07:00:00,5.8500000000000005,openaq_ground
2026-06-17 08:00:00,4.85,openaq_ground
2026-06-17 09:00:00,6.15,openaq_ground
2026-06-17 10:00:00,4.8,openaq_ground
2026-06-17 11:00:00,4.35,openaq_ground
2026-06-17 12:00:00,1.85,openaq_ground
2026-06-17 13:00:00,1.0,openaq_ground
2026-06-17 14:00:00,1.0,openaq_ground
2026-06-17 15:00:00,3.6,openaq_ground
2026-06-17 16:00:00,2.4499999999999997,openaq_ground
2026-06-17 17:00:00,1.5,openaq_ground
2026-06-17 18:00:00,1.9000000000000001,openaq_ground
2026-06-17 19:00:00,10.0,openaq_ground
2026-06-17 20:00:00,9.85,openaq_ground
2026-06-17 21:00:00,2.8,openaq_ground
2026-06-17 22:00:00,6.2,openaq_ground
2026-06-17 23:00:00,2.1,openaq_ground
2026-06-18 00:00:00,0.75,openaq_ground
2026-06-18 01:00:00,0.3,openaq_ground
2026-06-18 02:00:00,0.1,openaq_ground
2026-06-18 03:00:00,0.25,openaq_ground
2026-06-18 04:00:00,1.1,openaq_ground
2026-06-18 05:00:00,3.5999999999999996,openaq_ground
2026-06-18 06:00:00,4.8,openaq_ground
2026-06-18 07:00:00,5.0,openaq_ground
2026-06-18 08:00:00,3.95,openaq_ground
2026-06-18 09:00:00,2.8499999999999996,openaq_ground
2026-06-18 10:00:00,1.2,openaq_ground
2026-06-18 11:00:00,0.45,openaq_ground
2026-06-18 12:00:00,0.65,openaq_ground
2026-06-18 13:00:00,0.4,openaq_ground
2026-06-18 14:00:00,0.25,openaq_ground
2026-06-18 15:00:00,0.25,openaq_ground
2026-06-18 16:00:00,0.2,openaq_ground
2026-06-18 17:00:00,0.2,openaq_ground
2026-06-18 18:00:00,0.5,openaq_ground
2026-06-18 19:00:00,0.8,openaq_ground
2026-06-18 20:00:00,3.4,openaq_ground
2026-06-18 21:00:00,3.55,openaq_ground
2026-06-18 22:00:00,9.9,openaq_ground
2026-06-18 23:00:00,5.3,openaq_ground
2026-06-19 00:00:00,2.2,openaq_ground
2026-06-19 01:00:00,0.5,openaq_ground
2026-06-19 02:00:00,0.75,openaq_ground
2026-06-19 03:00:00,1.0,openaq_ground
2026-06-19 04:00:00,1.0,openaq_ground
2026-06-19 05:00:00,5.15,openaq_ground
2026-06-19 06:00:00,5.0,openaq_ground
2026-06-19 07:00:00,12.75,openaq_ground
2026-06-19 08:00:00,10.25,openaq_ground
2026-06-19 09:00:00,9.65,openaq_ground
2026-06-19 10:00:00,20.25,openaq_ground
2026-06-19 11:00:00,22.4,openaq_ground
2026-06-19 12:00:00,19.75,openaq_ground
2026-06-19 13:00:00,14.95,openaq_ground
2026-06-19 14:00:00,11.9,openaq_ground
2026-06-19 15:00:00,10.950000000000001,openaq_ground
2026-06-19 16:00:00,5.25,openaq_ground
2026-06-19 17:00:00,5.55,openaq_ground
2026-06-19 18:00:00,4.55,openaq_ground
2026-06-19 19:00:00,7.5,openaq_ground
2026-06-19 20:00:00,8.15,openaq_ground
2026-06-19 21:00:00,8.3,openaq_ground
2026-06-19 22:00:00,8.1,openaq_ground
2026-06-19 23:00:00,4.2,openaq_ground
2026-06-20 00:00:00,1.7,openaq_ground
2026-06-20 01:00:00,0.8,openaq_ground
2026-06-20 02:00:00,0.75,openaq_ground
2026-06-20 03:00:00,2.2,openaq_ground
2026-06-20 04:00:00,2.65,openaq_ground
2026-06-20 05:00:00,1.6,openaq_ground
2026-06-20 06:00:00,4.35,openaq_ground
2026-06-20 07:00:00,2.95,openaq_ground
2026-06-20 08:00:00,4.15,openaq_ground
2026-06-20 09:00:00,3.15,openaq_ground
2026-06-20 10:00:00,2.55,openaq_ground
2026-06-20 11:00:00,2.15,openaq_ground
2026-06-20 12:00:00,1.55,openaq_ground
2026-06-20 13:00:00,1.0,openaq_ground
2026-06-20 14:00:00,1.1500000000000001,openaq_ground
2026-06-20 15:00:00,0.6,openaq_ground
2026-06-20 16:00:00,0.4,openaq_ground
2026-06-20 17:00:00,0.2,openaq_ground
2026-06-20 18:00:00,0.15,openaq_ground
2026-06-20 19:00:00,0.15,openaq_ground
2026-06-20 20:00:00,0.8,openaq_ground
2026-06-20 21:00:00,0.3,openaq_ground
2026-06-20 22:00:00,0.6,openaq_ground
2026-06-20 23:00:00,0.6,openaq_ground
2026-06-21 00:00:00,0.3,openaq_ground
2026-06-21 01:00:00,0.1,openaq_ground
2026-06-21 02:00:00,10.6,openaq_ground
2026-06-21 03:00:00,6.15,openaq_ground
2026-06-21 04:00:00,5.6499999999999995,openaq_ground
2026-06-21 05:00:00,5.8999999999999995,openaq_ground
2026-06-21 06:00:00,8.549999999999999,openaq_ground
2026-06-21 07:00:00,10.75,openaq_ground
2026-06-21 08:00:00,7.25,openaq_ground
2026-06-21 09:00:00,6.8999999999999995,openaq_ground
2026-06-21 10:00:00,6.3,openaq_ground
2026-06-21 11:00:00,3.85,openaq_ground
2026-06-21 12:00:00,2.3,openaq_ground
2026-06-21 13:00:00,1.4,openaq_ground
2026-06-21 14:00:00,0.55,openaq_ground
2026-06-21 15:00:00,0.25,openaq_ground
2026-06-21 16:00:00,0.4,openaq_ground
2026-06-21 17:00:00,0.65,openaq_ground
2026-06-21 18:00:00,9.05,openaq_ground
2026-06-21 19:00:00,11.55,openaq_ground
2026-06-21 20:00:00,12.75,openaq_ground
2026-06-21 21:00:00,13.15,openaq_ground
2026-06-21 22:00:00,0.55,openaq_ground
2026-06-21 23:00:00,0.6,openaq_ground
2026-06-22 00:00:00,0.5,openaq_ground
2026-06-22 01:00:00,0.39999999999999997,openaq_ground
2026-06-22 02:00:00,0.45,openaq_ground
2026-06-22 03:00:00,0.75,openaq_ground
2026-06-22 04:00:00,8.25,openaq_ground
2026-06-22 05:00:00,3.0,openaq_ground
2026-06-22 06:00:00,5.75,openaq_ground
2026-06-22 07:00:00,5.0,openaq_ground
2026-06-22 08:00:00,5.6,openaq_ground
2026-06-22 09:00:00,6.3,openaq_ground
2026-06-22 10:00:00,19.4,openaq_ground
2026-06-22 11:00:00,20.1,openaq_ground
2026-06-22 12:00:00,14.95,openaq_ground
2026-06-22 13:00:00,13.9,openaq_ground
2026-06-22 14:00:00,5.8,openaq_ground
2026-06-22 15:00:00,1.6,openaq_ground
2026-06-22 16:00:00,1.6,openaq_ground
2026-06-22 17:00:00,0.85,openaq_ground
2026-06-22 18:00:00,0.3,openaq_ground
2026-06-22 19:00:00,0.2,openaq_ground
2026-06-22 20:00:00,0.55,openaq_ground
2026-06-22 21:00:00,0.05,openaq_ground
2026-06-22 22:00:00,0.75,openaq_ground
2026-06-22 23:00:00,0.15,openaq_ground
2026-06-23 00:00:00,0.55,openaq_ground
2026-06-23 01:00:00,0.55,openaq_ground
2026-06-23 02:00:00,0.6,openaq_ground
2026-06-23 03:00:00,0.8500000000000001,openaq_ground
2026-06-23 04:00:00,0.7000000000000001,openaq_ground
2026-06-23 05:00:00,1.6,openaq_ground
2026-06-23 06:00:00,1.1,openaq_ground
2026-06-23 07:00:00,1.3,openaq_ground
2026-06-23 08:00:00,0.9,openaq_ground
2026-06-23 09:00:00,0.7,openaq_ground
2026-06-23 10:00:00,0.9,openaq_ground
2026-06-23 11:00:00,0.8,openaq_ground
2026-06-23 12:00:00,0.65,openaq_ground
2026-06-23 13:00:00,0.8,openaq_ground
2026-06-23 14:00:00,1.05,openaq_ground
2026-06-23 15:00:00,1.1500000000000001,openaq_ground
2026-06-23 16:00:00,0.9,openaq_ground
2026-06-23 17:00:00,0.75,openaq_ground
2026-06-23 18:00:00,0.7,openaq_ground
2026-06-23 19:00:00,1.2000000000000002,openaq_ground
2026-06-23 20:00:00,1.5,openaq_ground
2026-06-23 21:00:00,1.4,openaq_ground
2026-06-23 22:00:00,1.8,openaq_ground
2026-06-23 23:00:00,1.8,openaq_ground
2026-06-24 00:00:00,1.3,openaq_ground
2026-06-24 01:00:00,0.8500000000000001,openaq_ground
2026-06-24 02:00:00,0.9500000000000001,openaq_ground
2026-06-24 03:00:00,1.1,openaq_ground
2026-06-24 04:00:00,1.1500000000000001,openaq_ground
2026-06-24 05:00:00,2.25,openaq_ground
2026-06-24 06:00:00,2.55,openaq_ground
2026-06-24 07:00:00,2.1,openaq_ground
2026-06-24 08:00:00,1.4000000000000001,openaq_ground
2026-06-24 09:00:00,1.15,openaq_ground
2026-06-24 10:00:00,0.9,openaq_ground
2026-06-24 11:00:00,0.9500000000000001,openaq_ground
2026-06-24 12:00:00,0.7,openaq_ground
2026-06-24 13:00:00,0.55,openaq_ground
2026-06-24 14:00:00,0.4,openaq_ground
2026-06-24 15:00:00,0.45,openaq_ground
2026-06-24 16:00:00,0.2,openaq_ground
2026-06-24 17:00:00,0.1,openaq_ground
2026-06-24 18:00:00,0.25,openaq_ground
2026-06-24 19:00:00,0.8,openaq_ground
2026-06-24 20:00:00,1.55,openaq_ground
2026-06-24 21:00:00,11.4,openaq_ground
2026-06-24 22:00:00,2.5,openaq_ground
2026-06-24 23:00:00,1.2,openaq_ground
2026-06-25 00:00:00,3.0,openaq_ground
2026-06-25 01:00:00,5.95,openaq_ground
2026-06-25 02:00:00,5.949999999999999,openaq_ground
2026-06-25 03:00:00,7.3,openaq_ground
2026-06-25 04:00:00,5.2,openaq_ground
2026-06-25 05:00:00,3.6,openaq_ground
2026-06-25 06:00:00,3.1,openaq_ground
2026-06-25 07:00:00,5.25,openaq_ground
2026-06-25 08:00:00,3.25,openaq_ground
2026-06-25 09:00:00,2.7,openaq_ground
2026-06-25 10:00:00,1.9,openaq_ground
2026-06-25 11:00:00,1.65,openaq_ground
2026-06-25 12:00:00,1.9,openaq_ground
2026-06-25 13:00:00,1.5,openaq_ground
2026-06-25 14:00:00,1.1,openaq_ground
2026-06-25 15:00:00,0.25,openaq_ground
2026-06-25 16:00:00,0.15,openaq_ground
2026-06-25 17:00:00,0.0,openaq_ground
2026-06-25 18:00:00,0.2,openaq_ground
2026-06-25 19:00:00,7.75,openaq_ground
2026-06-25 20:00:00,3.1,openaq_ground
2026-06-25 21:00:00,0.75,openaq_ground
2026-06-25 22:00:00,0.55,openaq_ground
2026-06-25 23:00:00,0.75,openaq_ground
2026-06-26 00:00:00,0.9,openaq_ground
2026-06-26 01:00:00,0.95,openaq_ground
2026-06-26 02:00:00,8.0,openaq_ground
2026-06-26 03:00:00,8.8,openaq_ground
2026-06-26 04:00:00,3.35,openaq_ground
2026-06-26 05:00:00,9.05,openaq_ground
2026-06-26 06:00:00,5.449999999999999,openaq_ground
2026-06-26 07:00:00,7.2,openaq_ground
2026-06-26 08:00:00,8.549999999999999,openaq_ground
2026-06-26 09:00:00,1.1,openaq_ground
2026-06-26 10:00:00,1.2,openaq_ground
2026-06-26 11:00:00,1.1500000000000001,openaq_ground
2026-06-26 12:00:00,1.0,openaq_ground
2026-06-26 13:00:00,1.35,openaq_ground
2026-06-26 14:00:00,0.9,openaq_ground
2026-06-26 15:00:00,0.25,openaq_ground
2026-06-26 16:00:00,0.0,openaq_ground
2026-06-26 17:00:00,0.05,openaq_ground
2026-06-26 18:00:00,0.05,openaq_ground
2026-06-26 19:00:00,0.2,openaq_ground
2026-06-26 20:00:00,0.7,openaq_ground
2026-06-26 21:00:00,0.5,openaq_ground
2026-06-26 22:00:00,1.1,openaq_ground
2026-06-27 00:00:00,0.15,openaq_ground
2026-06-27 01:00:00,0.05,openaq_ground
2026-06-27 02:00:00,0.05,openaq_ground
2026-06-27 03:00:00,0.1,openaq_ground
2026-06-27 04:00:00,0.45,openaq_ground
2026-06-27 05:00:00,1.85,openaq_ground
2026-06-27 06:00:00,2.25,openaq_ground
2026-06-27 07:00:00,6.05,openaq_ground
2026-06-27 08:00:00,5.4,openaq_ground
2026-06-27 09:00:00,5.35,openaq_ground
2026-06-27 10:00:00,8.9,openaq_ground
2026-06-27 11:00:00,3.4,openaq_ground
2026-06-27 12:00:00,1.9500000000000002,openaq_ground
2026-06-27 13:00:00,9.8,openaq_ground
2026-06-27 14:00:00,3.1500000000000004,openaq_ground
2026-06-27 15:00:00,2.5500000000000003,openaq_ground
2026-06-27 16:00:00,2.45,openaq_ground
2026-06-27 17:00:00,2.05,openaq_ground
2026-06-27 18:00:00,1.0999999999999999,openaq_ground
2026-06-27 19:00:00,4.199999999999999,openaq_ground
2026-06-27 20:00:00,2.3,openaq_ground
2026-06-27 21:00:00,1.05,openaq_ground
2026-06-27 22:00:00,0.5,openaq_ground
2026-06-27 23:00:00,0.4,openaq_ground
2026-06-28 00:00:00,0.15000000000000002,openaq_ground
2026-06-28 01:00:00,0.1,openaq_ground
2026-06-28 02:00:00,0.1,openaq_ground
2026-06-28 03:00:00,0.05,openaq_ground
2026-06-28 04:00:00,0.8,openaq_ground
2026-06-28 05:00:00,1.35,openaq_ground
2026-06-28 06:00:00,4.449999999999999,openaq_ground
2026-06-28 07:00:00,4.0,openaq_ground
2026-06-28 08:00:00,7.1000000000000005,openaq_ground
2026-06-28 09:00:00,5.199999999999999,openaq_ground
2026-06-28 10:00:00,3.4,openaq_ground
2026-06-28 11:00:00,4.05,openaq_ground
2026-06-28 12:00:00,3.7,openaq_ground
2026-06-28 13:00:00,4.2,openaq_ground
2026-06-28 14:00:00,0.65,openaq_ground
2026-06-28 15:00:00,0.3,openaq_ground
2026-06-28 16:00:00,0.05,openaq_ground
2026-06-28 17:00:00,0.05,openaq_ground
2026-06-28 18:00:00,0.15000000000000002,openaq_ground
2026-06-28 19:00:00,0.15,openaq_ground
2026-06-28 20:00:00,0.15,openaq_ground
2026-06-28 21:00:00,0.25,openaq_ground
2026-06-28 22:00:00,9.2,openaq_ground
2026-06-28 23:00:00,5.0,openaq_ground
2026-06-29 00:00:00,3.55,openaq_ground
2026-06-29 01:00:00,0.75,openaq_ground
2026-06-29 02:00:00,1.75,openaq_ground
2026-06-29 03:00:00,3.25,openaq_ground
2026-06-29 04:00:00,1.45,openaq_ground
2026-06-29 05:00:00,0.8,openaq_ground
2026-06-29 06:00:00,8.75,openaq_ground
2026-06-29 07:00:00,5.8999999999999995,openaq_ground
2026-06-29 08:00:00,7.800000000000001,openaq_ground
2026-06-29 09:00:00,4.550000000000001,openaq_ground
2026-06-29 10:00:00,4.7,openaq_ground
2026-06-29 11:00:00,8.65,openaq_ground
2026-06-29 12:00:00,1.3,openaq_ground
2026-06-29 13:00:00,0.75,openaq_ground
2026-06-29 14:00:00,1.45,openaq_ground
2026-06-29 15:00:00,0.1,openaq_ground
2026-06-29 16:00:00,0.15000000000000002,openaq_ground
2026-06-29 17:00:00,0.05,openaq_ground
2026-06-29 18:00:00,1.45,openaq_ground
2026-06-29 19:00:00,1.6,openaq_ground
2026-06-29 20:00:00,1.6,openaq_ground
2026-06-29 21:00:00,3.65,openaq_ground
2026-06-29 22:00:00,10.05,openaq_ground
2026-06-29 23:00:00,1.2,openaq_ground
2026-06-30 00:00:00,0.05,openaq_ground
2026-06-30 01:00:00,1.55,openaq_ground
2026-06-30 02:00:00,0.55,openaq_ground
2026-06-30 03:00:00,0.5,openaq_ground
2026-06-30 04:00:00,0.85,openaq_ground
2026-06-30 05:00:00,2.2,openaq_ground
2026-06-30 06:00:00,5.05,openaq_ground
2026-06-30 07:00:00,5.050000000000001,openaq_ground
2026-06-30 08:00:00,7.0,openaq_ground
2026-06-30 09:00:00,15.0,openaq_ground
2026-06-30 10:00:00,20.700000000000003,openaq_ground
2026-06-30 11:00:00,23.349999999999998,openaq_ground
2026-06-30 12:00:00,17.5,openaq_ground
2026-06-30 13:00:00,9.7,openaq_ground
2026-06-30 14:00:00,6.05,openaq_ground
2026-06-30 15:00:00,7.75,openaq_ground
2026-06-30 16:00:00,6.0,openaq_ground
2026-06-30 17:00:00,4.1,openaq_ground
2026-06-30 18:00:00,5.3,openaq_ground
2026-06-30 19:00:00,3.95,openaq_ground
2026-06-30 20:00:00,4.6499999999999995,openaq_ground
2026-06-30 21:00:00,4.5,openaq_ground
2026-06-30 22:00:00,16.400000000000002,openaq_ground
2026-06-30 23:00:00,28.1,openaq_ground
2026-07-01 00:00:00,3.6,openaq_ground
2026-07-01 01:00:00,1.45,openaq_ground
2026-07-01 02:00:00,1.3,openaq_ground
2026-07-01 03:00:00,4.0,openaq_ground
2026-07-01 04:00:00,3.1999999999999997,openaq_ground
2026-07-01 05:00:00,4.949999999999999,openaq_ground
2026-07-01 06:00:00,9.1,openaq_ground
2026-07-01 07:00:00,10.75,openaq_ground
2026-07-01 08:00:00,11.85,openaq_ground
2026-07-01 09:00:00,14.9,openaq_ground
2026-07-01 10:00:00,16.8,openaq_ground
2026-07-01 11:00:00,23.75,openaq_ground
2026-07-01 12:00:00,20.15,openaq_ground
2026-07-01 13:00:00,18.8,openaq_ground
2026-07-01 14:00:00,13.45,openaq_ground
2026-07-01 15:00:00,11.1,openaq_ground
2026-07-01 16:00:00,14.75,openaq_ground
2026-07-01 17:00:00,10.25,openaq_ground
2026-07-01 18:00:00,10.95,openaq_ground
2026-07-01 19:00:00,11.3,openaq_ground
2026-07-01 20:00:00,8.4,openaq_ground
2026-07-01 21:00:00,7.35,openaq_ground
2026-07-01 22:00:00,5.3999999999999995,openaq_ground
2026-07-01 23:00:00,3.0,openaq_ground
2026-07-02 00:00:00,2.35,openaq_ground
2026-07-02 01:00:00,2.0,openaq_ground
2026-07-02 02:00:00,0.8999999999999999,openaq_ground
2026-07-02 03:00:00,0.35,openaq_ground
2026-07-02 04:00:00,0.44999999999999996,openaq_ground
2026-07-02 05:00:00,0.85,openaq_ground
2026-07-02 06:00:00,5.45,openaq_ground
2026-07-02 07:00:00,13.65,openaq_ground
2026-07-02 08:00:00,9.9,openaq_ground
2026-07-02 09:00:00,15.350000000000001,openaq_ground
2026-07-02 10:00:00,28.45,openaq_ground
2026-07-02 11:00:00,32.35,openaq_ground
2026-07-02 12:00:00,28.05,openaq_ground
2026-07-02 13:00:00,19.549999999999997,openaq_ground
2026-07-02 14:00:00,20.7,openaq_ground
2026-07-02 15:00:00,22.55,openaq_ground
2026-07-02 16:00:00,19.0,openaq_ground
2026-07-02 17:00:00,17.4,openaq_ground
2026-07-02 18:00:00,16.45,openaq_ground
2026-07-02 19:00:00,20.1,openaq_ground
2026-07-02 20:00:00,30.0,openaq_ground
2026-07-02 21:00:00,28.0,openaq_ground
2026-07-02 22:00:00,20.55,openaq_ground
2026-07-02 23:00:00,15.950000000000001,openaq_ground
2026-07-03 00:00:00,8.950000000000001,openaq_ground
2026-07-03 01:00:00,3.4000000000000004,openaq_ground
2026-07-03 02:00:00,1.9,openaq_ground
2026-07-03 03:00:00,1.6500000000000001,openaq_ground
2026-07-03 04:00:00,2.25,openaq_ground
2026-07-03 05:00:00,13.1,openaq_ground
2026-07-03 06:00:00,9.15,openaq_ground
2026-07-03 07:00:00,11.0,openaq_ground
2026-07-03 08:00:00,11.6,openaq_ground
2026-07-03 09:00:00,14.649999999999999,openaq_ground
2026-07-03 10:00:00,13.35,openaq_ground
2026-07-03 11:00:00,11.9,openaq_ground
2026-07-03 12:00:00,15.25,openaq_ground
2026-07-03 13:00:00,14.95,openaq_ground
2026-07-03 14:00:00,15.25,openaq_ground
2026-07-03 15:00:00,12.5,openaq_ground
2026-07-03 16:00:00,13.149999999999999,openaq_ground
2026-07-03 17:00:00,9.65,openaq_ground
2026-07-03 18:00:00,3.8499999999999996,openaq_ground
2026-07-03 19:00:00,6.85,openaq_ground
2026-07-03 20:00:00,2.1,openaq_ground
2026-07-03 21:00:00,1.55,openaq_ground
2026-07-03 22:00:00,0.1,openaq_ground
2026-07-03 23:00:00,0.0,openaq_ground
2026-07-04 00:00:00,0.05,openaq_ground
2026-07-04 01:00:00,0.05,openaq_ground
2026-07-04 02:00:00,0.1,openaq_ground
2026-07-04 03:00:00,0.15,openaq_ground
2026-07-04 04:00:00,1.25,openaq_ground
2026-07-04 05:00:00,1.4,openaq_ground
2026-07-04 06:00:00,0.8500000000000001,openaq_ground
2026-07-04 07:00:00,1.2,openaq_ground
2026-07-04 08:00:00,0.8500000000000001,openaq_ground
2026-07-04 09:00:00,0.75,openaq_ground
2026-07-04 10:00:00,0.75,openaq_ground
2026-07-04 11:00:00,1.05,openaq_ground
2026-07-04 12:00:00,0.6000000000000001,openaq_ground
2026-07-04 13:00:00,0.35,openaq_ground
2026-07-04 14:00:00,0.4,openaq_ground
2026-07-04 15:00:00,0.05,openaq_ground
2026-07-04 16:00:00,0.05,openaq_ground
2026-07-04 17:00:00,0.0,openaq_ground
2026-07-04 18:00:00,0.15,openaq_ground
2026-07-04 19:00:00,0.4,openaq_ground
2026-07-04 20:00:00,1.6,openaq_ground
2026-07-04 21:00:00,0.55,openaq_ground
2026-07-04 22:00:00,0.8,openaq_ground
2026-07-04 23:00:00,0.4,openaq_ground
2026-07-05 00:00:00,0.5,openaq_ground
2026-07-05 01:00:00,0.35,openaq_ground
2026-07-05 02:00:00,0.35,openaq_ground
2026-07-05 03:00:00,4.45,openaq_ground
2026-07-05 04:00:00,4.1,openaq_ground
2026-07-05 05:00:00,3.95,openaq_ground
2026-07-05 06:00:00,4.45,openaq_ground
2026-07-05 07:00:00,3.7,openaq_ground
2026-07-05 08:00:00,1.9500000000000002,openaq_ground
2026-07-05 09:00:00,1.2000000000000002,openaq_ground
2026-07-05 10:00:00,0.7,openaq_ground
2026-07-05 11:00:00,0.39999999999999997,openaq_ground
2026-07-05 12:00:00,0.65,openaq_ground
2026-07-05 13:00:00,0.25,openaq_ground
2026-07-05 14:00:00,0.0,openaq_ground
2026-07-05 15:00:00,0.0,openaq_ground
2026-07-05 16:00:00,0.0,openaq_ground
2026-07-05 17:00:00,0.0,openaq_ground
2026-07-05 18:00:00,0.15,openaq_ground
2026-07-05 19:00:00,0.5,openaq_ground
2026-07-05 20:00:00,1.45,openaq_ground
2026-07-05 21:00:00,0.05,openaq_ground
2026-07-05 22:00:00,0.1,openaq_ground
2026-07-05 23:00:00,0.3,openaq_ground
2026-07-06 00:00:00,0.05,openaq_ground
2026-07-06 01:00:00,0.7000000000000001,openaq_ground
2026-07-06 02:00:00,0.15000000000000002,openaq_ground
2026-07-06 03:00:00,0.1,openaq_ground
2026-07-06 04:00:00,3.2,openaq_ground
2026-07-06 05:00:00,3.9,openaq_ground
2026-07-06 06:00:00,2.05,openaq_ground
2026-07-06 07:00:00,1.15,openaq_ground
2026-07-06 08:00:00,0.7,openaq_ground
2026-07-06 09:00:00,0.25,openaq_ground
2026-07-06 10:00:00,0.2,openaq_ground
2026-07-06 11:00:00,0.1,openaq_ground
2026-07-06 12:00:00,0.2,openaq_ground
2026-07-06 13:00:00,0.2,openaq_ground
2026-07-06 14:00:00,0.1,openaq_ground
2026-07-06 15:00:00,0.15,openaq_ground
2026-07-06 16:00:00,0.15,openaq_ground
2026-07-06 17:00:00,0.0,openaq_ground
2026-07-06 18:00:00,0.1,openaq_ground
2026-07-06 19:00:00,0.45,openaq_ground
2026-07-06 20:00:00,0.75,openaq_ground
2026-07-06 21:00:00,0.75,openaq_ground
2026-07-06 22:00:00,0.45,openaq_ground
2026-07-06 23:00:00,1.3,openaq_ground
2026-07-07 00:00:00,4.0,openaq_ground
2026-07-07 01:00:00,0.8,openaq_ground
2026-07-07 02:00:00,1.1,openaq_ground
2026-07-07 03:00:00,0.85,openaq_ground
2026-07-07 04:00:00,1.05,openaq_ground
2026-07-07 05:00:00,4.1,openaq_ground
2026-07-07 06:00:00,2.3499999999999996,openaq_ground
2026-07-07 07:00:00,10.6,openaq_ground
2026-07-07 08:00:00,6.5,openaq_ground
2026-07-07 09:00:00,5.95,openaq_ground
2026-07-07 10:00:00,1.75,openaq_ground
2026-07-07 11:00:00,2.45,openaq_ground
2026-07-07 12:00:00,1.05,openaq_ground
2026-07-07 13:00:00,0.35,openaq_ground
2026-07-07 14:00:00,0.1,openaq_ground
2026-07-07 15:00:00,0.0,openaq_ground
2026-07-07 16:00:00,0.0,openaq_ground
2026-07-07 17:00:00,0.15,openaq_ground
2026-07-07 18:00:00,0.1,openaq_ground
2026-07-07 19:00:00,0.05,openaq_ground
2026-07-07 20:00:00,5.35,openaq_ground
2026-07-07 21:00:00,5.0,openaq_ground
2026-07-07 22:00:00,6.6499999999999995,openaq_ground
2026-07-07 23:00:00,6.15,openaq_ground
2026-07-08 00:00:00,0.05,openaq_ground
2026-07-08 01:00:00,3.0,openaq_ground
2026-07-08 02:00:00,14.55,openaq_ground
2026-07-08 03:00:00,3.0,openaq_ground
2026-07-08 04:00:00,1.9,openaq_ground
2026-07-08 05:00:00,4.95,openaq_ground
2026-07-08 06:00:00,12.0,openaq_ground
2026-07-08 07:00:00,3.5999999999999996,openaq_ground
2026-07-08 08:00:00,4.5,openaq_ground
2026-07-08 09:00:00,1.9000000000000001,openaq_ground
2026-07-08 10:00:00,2.75,openaq_ground
2026-07-08 11:00:00,2.75,openaq_ground
2026-07-08 12:00:00,2.55,openaq_ground
2026-07-08 13:00:00,1.7999999999999998,openaq_ground
2026-07-08 14:00:00,1.5499999999999998,openaq_ground
2026-07-08 15:00:00,0.65,openaq_ground
2026-07-08 16:00:00,0.45,openaq_ground
2026-07-08 17:00:00,0.2,openaq_ground
2026-07-08 18:00:00,0.15,openaq_ground
2026-07-08 19:00:00,1.35,openaq_ground
2026-07-08 20:00:00,0.7,openaq_ground
2026-07-08 21:00:00,1.7,openaq_ground
2026-07-08 22:00:00,4.300000000000001,openaq_ground
2026-07-08 23:00:00,14.450000000000001,openaq_ground
2026-07-09 00:00:00,1.3,openaq_ground
2026-07-09 01:00:00,5.9,openaq_ground
2026-07-09 02:00:00,2.1999999999999997,openaq_ground
2026-07-09 03:00:00,0.25,openaq_ground
2026-07-09 04:00:00,0.35,openaq_ground
2026-07-09 05:00:00,1.3,openaq_ground
2026-07-09 06:00:00,1.2,openaq_ground
2026-07-09 07:00:00,1.0,openaq_ground
2026-07-09 08:00:00,1.25,openaq_ground
2026-07-09 09:00:00,0.6000000000000001,openaq_ground
2026-07-09 10:00:00,0.55,openaq_ground
2026-07-09 11:00:00,0.75,openaq_ground
2026-07-09 12:00:00,0.45,openaq_ground
2026-07-09 13:00:00,0.3,openaq_ground
2026-07-09 14:00:00,0.15,openaq_ground
2026-07-09 15:00:00,0.1,openaq_ground
2026-07-09 16:00:00,0.15,openaq_ground
2026-07-09 17:00:00,0.15,openaq_ground
2026-07-09 18:00:00,0.15,openaq_ground
2026-07-09 19:00:00,0.2,openaq_ground
2026-07-09 20:00:00,7.05,openaq_ground
2026-07-09 21:00:00,13.5,openaq_ground
2026-07-09 22:00:00,2.9,openaq_ground
2026-07-09 23:00:00,3.55,openaq_ground
2026-07-10 00:00:00,3.2,openaq_ground
2026-07-10 01:00:00,0.4,openaq_ground
2026-07-10 02:00:00,0.05,openaq_ground
2026-07-10 03:00:00,0.05,openaq_ground
2026-07-10 04:00:00,0.45,openaq_ground
2026-07-10 05:00:00,4.6,openaq_ground
2026-07-10 06:00:00,17.25,openaq_ground
2026-07-10 07:00:00,13.7,openaq_ground
2026-07-10 08:00:00,22.7,openaq_ground
2026-07-10 09:00:00,20.1,openaq_ground
2026-07-10 10:00:00,21.25,openaq_ground
2026-07-10 11:00:00,22.2,openaq_ground
2026-07-10 12:00:00,21.15,openaq_ground
2026-07-10 13:00:00,6.4,openaq_ground
2026-07-10 14:00:00,1.5,openaq_ground
2026-07-10 15:00:00,0.6000000000000001,openaq_ground
2026-07-10 16:00:00,0.35,openaq_ground
2026-07-10 17:00:00,0.1,openaq_ground
2026-07-10 18:00:00,0.15000000000000002,openaq_ground
2026-07-10 19:00:00,0.4,openaq_ground
2026-07-10 20:00:00,3.0999999999999996,openaq_ground
2026-07-10 21:00:00,5.8,openaq_ground
2026-07-10 22:00:00,12.950000000000001,openaq_ground
2026-07-10 23:00:00,0.6000000000000001,openaq_ground
2026-07-11 00:00:00,1.7,openaq_ground
2026-07-11 01:00:00,9.1,openaq_ground
2026-07-11 02:00:00,7.85,openaq_ground
2026-07-11 03:00:00,1.75,openaq_ground
2026-07-11 04:00:00,8.4,openaq_ground
2026-07-11 05:00:00,3.5500000000000003,openaq_ground
2026-07-11 06:00:00,8.25,openaq_ground
2026-07-11 07:00:00,10.85,openaq_ground
2026-07-11 08:00:00,17.85,openaq_ground
2026-07-11 09:00:00,29.3,openaq_ground
2026-07-11 10:00:00,26.25,openaq_ground
2026-07-11 11:00:00,28.15,openaq_ground
2026-07-11 12:00:00,22.95,openaq_ground
2026-07-11 13:00:00,27.05,openaq_ground
2026-07-11 14:00:00,32.65,openaq_ground
2026-07-11 15:00:00,32.15,openaq_ground
2026-07-11 16:00:00,15.299999999999999,openaq_ground
2026-07-11 17:00:00,18.950000000000003,openaq_ground
2026-07-11 18:00:00,15.850000000000001,openaq_ground
2026-07-11 19:00:00,12.100000000000001,openaq_ground
2026-07-11 20:00:00,10.5,openaq_ground
2026-07-11 21:00:00,19.150000000000002,openaq_ground
2026-07-11 22:00:00,12.9,openaq_ground
2026-07-11 23:00:00,2.45,openaq_ground
2026-07-12 00:00:00,1.0,openaq_ground
2026-07-12 01:00:00,0.65,openaq_ground
2026-07-12 02:00:00,0.35,openaq_ground
2026-07-12 03:00:00,0.6,openaq_ground
2026-07-12 04:00:00,0.85,openaq_ground
2026-07-12 05:00:00,2.95,openaq_ground
2026-07-12 06:00:00,10.05,openaq_ground
2026-07-12 07:00:00,13.4,openaq_ground
2026-07-12 08:00:00,11.05,openaq_ground
2026-07-12 09:00:00,10.649999999999999,openaq_ground
2026-07-12 10:00:00,10.1,openaq_ground
2026-07-12 11:00:00,10.4,openaq_ground
2026-07-12 12:00:00,5.9,openaq_ground
2026-07-12 13:00:00,4.35,openaq_ground
2026-07-12 14:00:00,6.25,openaq_ground
2026-07-12 15:00:00,8.8,openaq_ground
2026-07-12 16:00:00,5.8,openaq_ground
2026-07-12 17:00:00,6.5,openaq_ground
2026-07-12 18:00:00,7.25,openaq_ground
2026-07-12 19:00:00,5.6,openaq_ground
2026-07-12 20:00:00,9.25,openaq_ground
2026-07-12 21:00:00,3.05,openaq_ground
2026-07-12 22:00:00,1.25,openaq_ground
2026-07-12 23:00:00,0.44999999999999996,openaq_ground
2026-07-13 00:00:00,0.1,openaq_ground
2026-07-13 01:00:00,0.25,openaq_ground
2026-07-13 02:00:00,0.05,openaq_ground
2026-07-13 03:00:00,0.0,openaq_ground
2026-07-13 04:00:00,1.3,openaq_ground
2026-07-13 05:00:00,1.85,openaq_ground
2026-07-13 06:00:00,2.35,openaq_ground
2026-07-13 07:00:00,3.0500000000000003,openaq_ground
2026-07-13 08:00:00,1.65,openaq_ground
2026-07-13 09:00:00,1.5499999999999998,openaq_ground
2026-07-13 10:00:00,1.2,openaq_ground
2026-07-13 11:00:00,1.05,openaq_ground
2026-07-13 12:00:00,0.6,openaq_ground
2026-07-13 13:00:00,1.0,openaq_ground
2026-07-13 14:00:00,0.45,openaq_ground
2026-07-13 15:00:00,0.25,openaq_ground
2026-07-13 16:00:00,0.05,openaq_ground
2026-07-13 17:00:00,0.05,openaq_ground
2026-07-13 18:00:00,0.05,openaq_ground
2026-07-13 19:00:00,0.1,openaq_ground
2026-07-13 20:00:00,0.15,openaq_ground
2026-07-13 21:00:00,0.15,openaq_ground
2026-07-13 22:00:00,0.25,openaq_ground
2026-07-13 23:00:00,0.15,openaq_ground
2026-07-14 00:00:00,0.3,openaq_ground
2026-07-14 01:00:00,0.3,openaq_ground
2026-07-14 02:00:00,0.25,openaq_ground
2026-07-14 03:00:00,0.25,openaq_ground
2026-07-14 04:00:00,0.44999999999999996,openaq_ground
2026-07-14 05:00:00,1.35,openaq_ground
2026-07-14 06:00:00,5.55,openaq_ground
2026-07-14 07:00:00,9.35,openaq_ground
2026-07-14 08:00:00,9.2,openaq_ground
2026-07-14 09:00:00,7.65,openaq_ground
2026-07-14 10:00:00,8.55,openaq_ground
2026-07-14 11:00:00,4.95,openaq_ground
2026-07-14 12:00:00,5.4,openaq_ground
2026-07-14 13:00:00,1.7,openaq_ground
2026-07-14 14:00:00,1.05,openaq_ground
2026-07-14 15:00:00,0.55,openaq_ground
2026-07-14 16:00:00,0.95,openaq_ground
2026-07-14 17:00:00,1.3,openaq_ground
2026-07-14 18:00:00,1.45,openaq_ground
2026-07-14 19:00:00,1.75,openaq_ground
2026-07-14 20:00:00,1.7999999999999998,openaq_ground
2026-07-14 21:00:00,1.65,openaq_ground
2026-07-14 22:00:00,1.3,openaq_ground
2026-07-14 23:00:00,0.45,openaq_ground
2026-07-15 00:00:00,0.25,openaq_ground
2026-07-15 01:00:00,1.1,openaq_ground
2026-07-15 02:00:00,0.75,openaq_ground
2026-07-15 03:00:00,0.75,openaq_ground
2026-07-15 04:00:00,1.4,openaq_ground
2026-07-15 05:00:00,2.95,openaq_ground
2026-07-15 06:00:00,3.75,openaq_ground
2026-07-15 07:00:00,5.95,openaq_ground
2026-07-15 08:00:00,6.300000000000001,openaq_ground
2026-07-15 09:00:00,5.7,openaq_ground
2026-07-15 10:00:00,6.050000000000001,openaq_ground
2026-07-15 11:00:00,4.95,openaq_ground
2026-07-15 12:00:00,3.6,openaq_ground
2026-07-15 13:00:00,1.55,openaq_ground
2026-07-15 14:00:00,0.55,openaq_ground
2026-07-15 15:00:00,0.35,openaq_ground
2026-07-15 16:00:00,0.3,openaq_ground
2026-07-15 17:00:00,0.05,openaq_ground
2026-07-15 18:00:00,0.1,openaq_ground
2026-07-15 19:00:00,0.3,openaq_ground
2026-07-15 20:00:00,2.75,openaq_ground
2026-07-15 21:00:00,1.5999999999999999,openaq_ground
2026-07-15 22:00:00,1.5,openaq_ground
2026-07-15 23:00:00,1.25,openaq_ground
2026-07-16 00:00:00,1.35,openaq_ground
2026-07-16 01:00:00,1.4000000000000001,openaq_ground
2026-07-16 02:00:00,0.9,openaq_ground
2026-07-16 03:00:00,0.65,openaq_ground
2026-07-16 04:00:00,0.8,openaq_ground
2026-07-16 05:00:00,5.05,openaq_ground
2026-07-16 06:00:00,4.800000000000001,openaq_ground
2026-07-16 07:00:00,7.6000000000000005,openaq_ground
2026-07-16 08:00:00,9.65,openaq_ground
2026-07-16 09:00:00,13.5,openaq_ground
2026-07-16 10:00:00,5.35,openaq_ground
2026-07-16 11:00:00,4.45,openaq_ground
2026-07-16 12:00:00,3.7,openaq_ground
2026-07-16 13:00:00,1.5999999999999999,openaq_ground
2026-07-16 14:00:00,0.95,openaq_ground
2026-07-16 15:00:00,1.35,openaq_ground
2026-07-16 16:00:00,1.2,openaq_ground
2026-07-16 17:00:00,0.9500000000000001,openaq_ground
2026-07-16 18:00:00,0.75,openaq_ground
2026-07-16 19:00:00,1.5,openaq_ground
2026-07-16 20:00:00,1.3,openaq_ground
2026-07-16 21:00:00,1.2,openaq_ground
2026-07-16 22:00:00,0.2,openaq_ground
2026-07-16 23:00:00,0.25,openaq_ground
2026-07-17 00:00:00,0.3,openaq_ground
2026-07-17 01:00:00,0.2,openaq_ground
2026-07-17 02:00:00,0.45,openaq_ground
2026-07-17 03:00:00,1.0,openaq_ground
2026-07-17 04:00:00,1.3,openaq_ground
2026-07-17 05:00:00,3.3,openaq_ground
2026-07-17 06:00:00,4.55,openaq_ground
2026-07-17 07:00:00,4.95,openaq_ground
2026-07-17 08:00:00,2.65,openaq_ground
2026-07-17 09:00:00,2.05,openaq_ground
2026-07-17 10:00:00,1.7,openaq_ground
2026-07-17 11:00:00,1.5,openaq_ground
2026-07-17 12:00:00,0.8500000000000001,openaq_ground
2026-07-17 13:00:00,0.25,openaq_ground
2026-07-17 14:00:00,0.1,openaq_ground
2026-07-17 15:00:00,0.05,openaq_ground
2026-07-17 16:00:00,0.2,openaq_ground
2026-07-17 17:00:00,0.3,openaq_ground
2026-07-17 18:00:00,0.45,openaq_ground
2026-07-17 19:00:00,0.75,openaq_ground
2026-07-17 20:00:00,0.75,openaq_ground
2026-07-17 21:00:00,0.7,openaq_ground
2026-07-17 22:00:00,0.65,openaq_ground
2026-07-17 23:00:00,0.4,openaq_ground
2026-07-18 00:00:00,0.35,openaq_ground
2026-07-18 01:00:00,0.6,openaq_ground
2026-07-18 02:00:00,4.25,openaq_ground
2026-07-18 03:00:00,8.5,openaq_ground
2026-07-18 04:00:00,9.15,openaq_ground
2026-07-18 05:00:00,4.45,openaq_ground
2026-07-18 06:00:00,17.7,openaq_ground
2026-07-18 07:00:00,5.8,openaq_ground
2026-07-18 08:00:00,8.25,openaq_ground
2026-07-18 09:00:00,11.25,openaq_ground
2026-07-18 10:00:00,4.2,openaq_ground
2026-07-18 11:00:00,5.35,openaq_ground
2026-07-18 12:00:00,0.65,openaq_ground
2026-07-18 13:00:00,0.55,openaq_ground
2026-07-18 14:00:00,0.5,openaq_ground
2026-07-18 15:00:00,0.55,openaq_ground
2026-07-18 16:00:00,0.5,openaq_ground
2026-07-18 17:00:00,0.3,openaq_ground
2026-07-18 18:00:00,0.25,openaq_ground
2026-07-18 19:00:00,0.55,openaq_ground
2026-07-18 20:00:00,0.45,openaq_ground
2026-07-18 21:00:00,0.6,openaq_ground
2026-07-18 22:00:00,0.2,openaq_ground
2026-07-18 23:00:00,0.05,openaq_ground
2026-07-19 00:00:00,9.15,openaq_ground
2026-07-19 01:00:00,8.45,openaq_ground
2026-07-19 02:00:00,7.6,openaq_ground
2026-07-19 03:00:00,4.85,openaq_ground
2026-07-19 04:00:00,11.55,openaq_ground
2026-07-19 05:00:00,5.2,openaq_ground
2026-07-19 06:00:00,4.45,openaq_ground
2026-07-19 07:00:00,10.950000000000001,openaq_ground
2026-07-19 08:00:00,18.6,openaq_ground
2026-07-19 09:00:00,19.049999999999997,openaq_ground
2026-07-19 10:00:00,10.25,openaq_ground
2026-07-19 11:00:00,10.5,openaq_ground
2026-07-19 12:00:00,8.8,openaq_ground
2026-07-19 13:00:00,5.1,openaq_ground
2026-07-19 14:00:00,4.3,openaq_ground
2026-07-19 15:00:00,4.3999999999999995,openaq_ground
2026-07-19 16:00:00,3.0999999999999996,openaq_ground
2026-07-19 17:00:00,2.0500000000000003,openaq_ground
2026-07-19 18:00:00,2.9,openaq_ground
2026-07-19 19:00:00,5.4,openaq_ground
2026-07-19 20:00:00,5.699999999999999,openaq_ground
2026-07-19 21:00:00,4.6499999999999995,openaq_ground
2026-07-19 22:00:00,17.55,openaq_ground
2026-07-19 23:00:00,6.7,openaq_ground
2026-07-20 00:00:00,1.7000000000000002,openaq_ground
2026-07-20 01:00:00,1.05,openaq_ground
2026-07-20 02:00:00,0.55,openaq_ground
2026-07-20 03:00:00,1.0,openaq_ground
2026-07-20 04:00:00,1.2,openaq_ground
2026-07-20 05:00:00,1.0,openaq_ground
2026-07-20 06:00:00,3.45,openaq_ground
2026-07-20 07:00:00,2.65,openaq_ground
2026-07-20 08:00:00,2.7,openaq_ground
2026-07-20 09:00:00,6.55,openaq_ground
2026-07-20 10:00:00,9.3,openaq_ground
2026-07-20 11:00:00,7.05,openaq_ground
2026-07-20 12:00:00,6.5,openaq_ground
2026-07-20 13:00:00,3.0500000000000003,openaq_ground
2026-07-20 14:00:00,2.05,openaq_ground
2026-07-20 15:00:00,1.6,openaq_ground
2026-07-20 16:00:00,2.1999999999999997,openaq_ground
2026-07-20 17:00:00,2.9499999999999997,openaq_ground
2026-07-20 18:00:00,2.4,openaq_ground
2026-07-20 19:00:00,1.75,openaq_ground
2026-07-20 20:00:00,20.05,openaq_ground
2026-07-20 21:00:00,24.35,openaq_ground
2026-07-20 22:00:00,10.9,openaq_ground
2026-07-20 23:00:00,3.25,openaq_ground
2026-07-21 00:00:00,1.5,openaq_ground
2026-07-21 01:00:00,2.75,openaq_ground
2026-07-21 02:00:00,3.75,openaq_ground
2026-07-21 03:00:00,6.65,openaq_ground
2026-07-21 04:00:00,8.649999999999999,openaq_ground
2026-07-21 05:00:00,4.8,openaq_ground
2026-07-21 06:00:00,6.65,openaq_ground
2026-07-21 07:00:00,14.55,openaq_ground
2026-07-21 08:00:00,10.950000000000001,openaq_ground
2026-07-21 09:00:00,9.0,openaq_ground
2026-07-21 10:00:00,8.9,openaq_ground
2026-07-21 11:00:00,7.3500000000000005,openaq_ground
2026-07-21 12:00:00,7.85,openaq_ground
2026-07-21 13:00:00,9.3,openaq_ground
2026-07-21 14:00:00,6.85,openaq_ground
2026-07-21 15:00:00,5.0,openaq_ground
2026-07-21 16:00:00,2.8000000000000003,openaq_ground
2026-07-21 17:00:00,4.45,openaq_ground
2026-07-21 18:00:00,2.1,openaq_ground
2026-07-21 19:00:00,2.15,openaq_ground
2026-07-21 20:00:00,9.25,openaq_ground
2026-07-21 21:00:00,5.25,openaq_ground
2026-07-21 22:00:00,5.95,openaq_ground
2026-07-21 23:00:00,2.5,openaq_ground
2026-07-22 00:00:00,5.2,openaq_ground
2026-07-22 01:00:00,1.3,openaq_ground
2026-07-22 02:00:00,9.6,openaq_ground
2026-07-22 03:00:00,6.05,openaq_ground
2026-07-22 04:00:00,7.4,openaq_ground
2026-07-22 05:00:00,7.6499999999999995,openaq_ground
2026-07-22 06:00:00,19.0,openaq_ground
2026-07-22 07:00:00,14.95,openaq_ground
2026-07-22 08:00:00,10.4,openaq_ground
2026-07-22 09:00:00,5.1000000000000005,openaq_ground
2026-07-22 10:00:00,4.35,openaq_ground
2026-07-22 11:00:00,3.25,openaq_ground
2026-07-22 12:00:00,5.4,openaq_ground
2026-07-22 13:00:00,2.9,openaq_ground
2026-07-22 14:00:00,1.75,openaq_ground
2026-07-22 15:00:00,1.55,openaq_ground
2026-07-22 16:00:00,0.8,openaq_ground
2026-07-22 17:00:00,0.9,openaq_ground
2026-07-22 18:00:00,1.3,openaq_ground
2026-07-22 19:00:00,0.5,openaq_ground
2026-07-22 20:00:00,1.05,openaq_ground
2026-07-22 21:00:00,3.5500000000000003,openaq_ground
2026-07-22 22:00:00,4.6,openaq_ground
2026-07-22 23:00:00,4.05,openaq_ground
2026-07-23 00:00:00,2.0,openaq_ground
2026-07-23 01:00:00,3.2,openaq_ground
2026-07-23 02:00:00,1.9,openaq_ground
2026-07-23 03:00:00,3.35,openaq_ground
2026-07-23 04:00:00,3.6,openaq_ground
2026-07-23 05:00:00,5.3,openaq_ground
2026-07-23 06:00:00,16.15,openaq_ground
2026-07-23 07:00:00,15.25,openaq_ground
2026-07-23 08:00:00,12.85,openaq_ground
2026-07-23 09:00:00,12.05,openaq_ground
2026-07-23 10:00:00,3.35,openaq_ground
2026-07-23 11:00:00,2.85,openaq_ground
2026-07-23 12:00:00,2.55,openaq_ground
2026-07-23 13:00:00,2.2,openaq_ground
2026-07-23 14:00:00,0.55,openaq_ground
2026-07-23 15:00:00,0.2,openaq_ground
2026-07-23 16:00:00,0.05,openaq_ground
2026-07-23 17:00:00,0.0,openaq_ground
2026-07-23 18:00:00,0.05,openaq_ground
2026-07-23 19:00:00,0.05,openaq_ground
2026-07-23 20:00:00,0.05,openaq_ground
2026-07-23 21:00:00,0.0,openaq_ground
2026-07-23 22:00:00,0.4,openaq_ground
2026-07-23 23:00:00,2.0,openaq_ground
2026-07-24 00:00:00,2.4,openaq_ground
2026-07-24 01:00:00,1.95,openaq_ground
2026-07-24 02:00:00,1.85,openaq_ground
2026-07-24 03:00:00,0.05,openaq_ground
2026-07-24 04:00:00,0.4,openaq_ground
2026-07-24 05:00:00,3.0,openaq_ground
2026-07-24 06:00:00,11.350000000000001,openaq_ground
2026-07-24 07:00:00,12.350000000000001,openaq_ground
2026-07-24 08:00:00,4.3999999999999995,openaq_ground
2026-07-24 09:00:00,3.35,openaq_ground
2026-07-24 10:00:00,0.55,openaq_ground
2026-07-24 11:00:00,0.8,openaq_ground
2026-07-24 12:00:00,1.45,openaq_ground
2026-07-24 13:00:00,0.75,openaq_ground
2026-07-24 14:00:00,0.6,openaq_ground
2026-07-24 15:00:00,0.2,openaq_ground
2026-07-24 16:00:00,0.25,openaq_ground
2026-07-24 17:00:00,0.25,openaq_ground
2026-07-24 18:00:00,0.7000000000000001,openaq_ground
2026-07-24 19:00:00,7.75,openaq_ground
2026-07-24 20:00:00,1.2,openaq_ground
2026-07-24 21:00:00,0.35,openaq_ground
2026-07-24 22:00:00,10.200000000000001,openaq_ground
2026-07-24 23:00:00,12.95,openaq_ground
2026-07-25 00:00:00,5.6,openaq_ground
2026-07-25 01:00:00,5.2,openaq_ground
2026-07-25 02:00:00,2.5,openaq_ground
2026-07-25 03:00:00,3.3,openaq_ground
2026-07-25 04:00:00,8.350000000000001,openaq_ground
2026-07-25 05:00:00,8.65,openaq_ground
2026-07-25 06:00:00,8.35,openaq_ground
2026-07-25 07:00:00,6.2,openaq_ground
2026-07-25 08:00:00,7.3500000000000005,openaq_ground
2026-07-25 09:00:00,5.65,openaq_ground
2026-07-25 10:00:00,6.9,openaq_ground
2026-07-25 11:00:00,5.050000000000001,openaq_ground
2026-07-25 12:00:00,1.1,openaq_ground
2026-07-25 13:00:00,1.85,openaq_ground
2026-07-25 14:00:00,1.1,openaq_ground
2026-07-25 15:00:00,0.7000000000000001,openaq_ground
2026-07-25 16:00:00,0.45,openaq_ground
2026-07-25 17:00:00,0.7000000000000001,openaq_ground
2026-07-25 18:00:00,0.05,openaq_ground
2026-07-25 19:00:00,0.35,openaq_ground
2026-07-25 20:00:00,1.7,openaq_ground
2026-07-25 21:00:00,1.3,openaq_ground
2026-07-25 22:00:00,0.3,openaq_ground
2026-07-25 23:00:00,0.4,openaq_ground
2026-07-26 00:00:00,0.8,openaq_ground
2026-07-26 01:00:00,1.0,openaq_ground
2026-07-26 02:00:00,1.8,openaq_ground
2026-07-26 03:00:00,3.0,openaq_ground
2026-07-26 04:00:00,1.75,openaq_ground
2026-07-26 05:00:00,4.95,openaq_ground
2026-07-26 06:00:00,12.299999999999999,openaq_ground
2026-07-26 07:00:00,10.7,openaq_ground
2026-07-26 08:00:00,9.25,openaq_ground
2026-07-26 09:00:00,5.75,openaq_ground
2026-07-26 10:00:00,3.5,openaq_ground
2026-07-26 11:00:00,5.0,openaq_ground
2026-07-26 12:00:00,1.2,openaq_ground
2026-07-26 13:00:00,0.55,openaq_ground
2026-07-26 14:00:00,0.3,openaq_ground
2026-07-26 15:00:00,0.75,openaq_ground
2026-07-26 16:00:00,1.0,openaq_ground
2026-07-26 17:00:00,1.05,openaq_ground
2026-07-26 18:00:00,0.45,openaq_ground
2026-07-26 19:00:00,5.8500000000000005,openaq_ground
2026-07-26 20:00:00,8.75,openaq_ground
2026-07-26 21:00:00,7.2,openaq_ground
2026-07-26 22:00:00,4.25,openaq_ground
2026-07-26 23:00:00,7.6,openaq_ground
2026-07-27 00:00:00,5.8,openaq_ground
2026-07-27 01:00:00,6.5,openaq_ground
2026-07-27 02:00:00,12.0,openaq_ground
2026-07-27 03:00:00,6.15,openaq_ground
2026-07-27 04:00:00,3.05,openaq_ground
2026-07-27 05:00:00,7.5,openaq_ground
2026-07-27 06:00:00,16.5,openaq_ground
2026-07-27 07:00:00,7.6,openaq_ground
2026-07-27 08:00:00,7.550000000000001,openaq_ground
2026-07-27 09:00:00,10.1,openaq_ground
2026-07-27 10:00:00,10.35,openaq_ground
2026-07-27 11:00:00,8.35,openaq_ground
2026-07-27 12:00:00,5.45,openaq_ground
2026-07-27 13:00:00,6.0,openaq_ground
2026-07-27 14:00:00,3.75,openaq_ground
2026-07-27 15:00:00,3.3,openaq_ground
2026-07-27 16:00:00,3.95,openaq_ground
2026-07-27 17:00:00,4.0,openaq_ground
2026-07-27 18:00:00,1.95,openaq_ground
2026-07-27 19:00:00,1.45,openaq_ground
2026-07-27 20:00:00,12.3,openaq_ground
2026-07-27 21:00:00,10.149999999999999,openaq_ground
2026-07-27 22:00:00,4.95,openaq_ground
2026-07-27 23:00:00,7.949999999999999,openaq_ground
2026-07-28 00:00:00,8.850000000000001,openaq_ground
2026-07-28 01:00:00,0.2,openaq_ground
2026-07-28 02:00:00,0.2,openaq_ground
2026-07-28 03:00:00,0.15,openaq_ground
2026-07-28 04:00:00,0.35,openaq_ground
2026-07-28 05:00:00,1.0,openaq_ground
2026-07-28 06:00:00,9.1,openaq_ground
2026-07-28 07:00:00,5.449999999999999,openaq_ground
2026-07-28 08:00:00,8.45,openaq_ground
2026-07-28 09:00:00,9.95,openaq_ground
2026-07-28 10:00:00,9.95,openaq_ground
2026-07-28 11:00:00,19.85,openaq_ground
2026-07-28 12:00:00,23.7,openaq_ground
2026-07-28 13:00:00,22.25,openaq_ground
2026-07-28 14:00:00,19.4,openaq_ground
2026-07-28 15:00:00,16.4,openaq_ground
2026-07-28 16:00:00,19.35,openaq_ground
2026-07-28 17:00:00,15.75,openaq_ground
2026-07-28 18:00:00,16.25,openaq_ground
2026-07-28 19:00:00,14.75,openaq_ground
2026-07-28 20:00:00,21.1,openaq_ground
2026-07-28 21:00:00,15.9,openaq_ground
2026-07-28 22:00:00,6.8,openaq_ground
2026-07-28 23:00:00,1.85,openaq_ground
2026-07-29 00:00:00,1.2999999999999998,openaq_ground
2026-07-29 01:00:00,0.39999999999999997,openaq_ground
2026-07-29 02:00:00,0.2,openaq_ground
2026-07-29 03:00:00,0.1,openaq_ground
2026-07-29 04:00:00,0.2,openaq_ground
2026-07-29 05:00:00,1.2,openaq_ground
2026-07-29 06:00:00,4.45,openaq_ground
2026-07-29 07:00:00,6.2,openaq_ground
2026-07-29 08:00:00,4.8,openaq_ground
2026-07-29 09:00:00,4.0,openaq_ground
2026-07-29 10:00:00,3.6,openaq_ground
2026-07-29 11:00:00,1.4500000000000002,openaq_ground
2026-07-29 12:00:00,1.1,openaq_ground
2026-07-29 13:00:00,1.3,openaq_ground
2026-07-29 14:00:00,0.85,openaq_ground
2026-07-29 15:00:00,0.65,openaq_ground
2026-07-29 16:00:00,0.25,openaq_ground
2026-07-29 17:00:00,0.5,openaq_ground
2026-07-29 18:00:00,1.35,openaq_ground
2026-07-29 19:00:00,2.1,openaq_ground
2026-07-29 20:00:00,3.2,openaq_ground
2026-07-29 21:00:00,0.9500000000000001,openaq_ground
2026-07-29 22:00:00,1.0,openaq_ground
2026-07-29 23:00:00,0.1,openaq_ground
2026-07-30 00:00:00,0.1,openaq_ground
2026-07-30 01:00:00,4.25,openaq_ground
2026-07-30 02:00:00,1.2,openaq_ground
2026-07-30 03:00:00,2.3,openaq_ground
2026-07-30 04:00:00,0.05,openaq_ground
2026-07-30 05:00:00,1.35,openaq_ground
2026-07-30 06:00:00,3.9,openaq_ground
2026-07-30 07:00:00,2.6,openaq_ground
2026-07-30 08:00:00,1.7999999999999998,openaq_ground
2026-07-30 09:00:00,1.0999999999999999,openaq_ground
2026-07-30 10:00:00,0.65,openaq_ground
2026-07-30 11:00:00,0.45,openaq_ground
2026-07-30 12:00:00,0.3,openaq_ground
2026-07-30 13:00:00,0.8,openaq_ground
2026-07-30 14:00:00,0.45,openaq_ground
2026-07-30 15:00:00,0.15000000000000002,openaq_ground
2026-07-30 16:00:00,0.2,openaq_ground
2026-07-30 17:00:00,0.45,openaq_ground
2026-07-30 18:00:00,0.35,openaq_ground
2026-07-30 19:00:00,0.9,openaq_ground
2026-07-30 20:00:00,0.75,openaq_ground
2026-07-30 21:00:00,0.75,openaq_ground
2026-07-30 22:00:00,2.1,openaq_ground
2026-07-30 23:00:00,2.6,openaq_ground
2026-07-31 00:00:00,0.7,openaq_ground
2026-07-31 01:00:00,0.55,openaq_ground
2026-07-31 02:00:00,1.35,openaq_ground
2026-07-31 03:00:00,0.65,openaq_ground
2026-07-31 04:00:00,0.7999999999999999,openaq_ground
2026-07-31 05:00:00,1.3,openaq_ground
2026-07-31 06:00:00,1.25,openaq_ground
2026-07-31 07:00:00,3.9,openaq_ground
2026-07-31 08:00:00,6.6,openaq_ground
2026-07-31 09:00:00,12.85,openaq_ground
2026-07-31 10:00:00,6.3999999999999995,openaq_ground
2026-07-31 11:00:00,6.3999999999999995,openaq_ground
2026-07-31 12:00:00,2.2,openaq_ground
2026-07-31 13:00:00,1.3,openaq_ground
2026-07-31 14:00:00,0.95,openaq_ground
2026-07-31 15:00:00,0.95,openaq_ground
2026-07-31 16:00:00,1.35,openaq_ground
2026-07-31 17:00:00,2.9000000000000004,openaq_ground
2026-07-31 18:00:00,2.9,openaq_ground
2026-07-31 19:00:00,1.6,openaq_ground
2026-07-31 20:00:00,4.1,openaq_ground
2026-07-31 21:00:00,12.75,openaq_ground
2026-07-31 22:00:00,6.3,openaq_ground
2026-07-31 23:00:00,1.65,openaq_ground
2026-08-01 00:00:00,0.6000000000000001,openaq_ground
2026-08-01 01:00:00,0.8,openaq_ground
2026-08-01 02:00:00,0.7,openaq_ground
2026-08-01 03:00:00,0.4,openaq_ground
2026-08-01 04:00:00,0.75,openaq_ground
2026-08-01 05:00:00,11.35,openaq_ground
2026-08-01 06:00:00,5.3,openaq_ground
2026-08-01 07:00:00,6.8999999999999995,openaq_ground
2026-08-01 08:00:00,6.1499999999999995,openaq_ground
2026-08-01 09:00:00,3.25,openaq_ground
2026-08-01 10:00:00,6.3,openaq_ground
2026-08-01 11:00:00,4.05,openaq_ground
2026-08-01 12:00:00,3.8,openaq_ground
2026-08-01 13:00:00,2.65,openaq_ground
2026-08-01 14:00:00,2.7,openaq_ground
2026-08-01 15:00:00,1.9,openaq_ground
2026-08-01 16:00:00,1.6500000000000001,openaq_ground
2026-08-01 17:00:00,1.25,openaq_ground
2026-08-01 18:00:00,0.75,openaq_ground
2026-08-01 19:00:00,2.75,openaq_ground
2026-08-01 20:00:00,2.4499999999999997,openaq_ground
2026-08-01 21:00:00,1.3499999999999999,openaq_ground
2026-08-01 22:00:00,0.4,openaq_ground
2026-08-01 23:00:00,0.5,openaq_ground
2026-08-02 00:00:00,0.45,openaq_ground
2026-08-02 01:00:00,3.55,openaq_ground
2026-08-02 02:00:00,9.2,openaq_ground
2026-08-02 03:00:00,4.65,openaq_ground
2026-08-02 04:00:00,2.95,openaq_ground
2026-08-02 05:00:00,3.8,openaq_ground
2026-08-02 06:00:00,8.15,openaq_ground
2026-08-02 07:00:00,15.5,openaq_ground
2026-08-02 08:00:00,10.65,openaq_ground
2026-08-02 09:00:00,8.1,openaq_ground
2026-08-02 10:00:00,9.0,openaq_ground
2026-08-02 11:00:00,8.65,openaq_ground
2026-08-02 12:00:00,8.200000000000001,openaq_ground
2026-08-02 13:00:00,6.15,openaq_ground
2026-08-02 14:00:00,4.1,openaq_ground
2026-08-02 15:00:00,3.0,openaq_ground
2026-08-02 16:00:00,1.35,openaq_ground
2026-08-02 17:00:00,1.1,openaq_ground
2026-08-02 18:00:00,1.45,openaq_ground
2026-08-02 19:00:00,1.1500000000000001,openaq_ground
2026-08-02 20:00:00,1.4,openaq_ground
2026-08-02 21:00:00,0.65,openaq_ground
2026-08-02 22:00:00,0.15,openaq_ground
2026-08-02 23:00:00,0.2,openaq_ground
2026-08-03 00:00:00,9.25,openaq_ground
2026-08-03 01:00:00,4.85,openaq_ground
2026-08-03 02:00:00,1.75,openaq_ground
2026-08-03 03:00:00,0.75,openaq_ground
2026-08-03 04:00:00,9.350000000000001,openaq_ground
2026-08-03 05:00:00,2.65,openaq_ground
2026-08-03 06:00:00,19.1,openaq_ground
2026-08-03 07:00:00,18.25,openaq_ground
2026-08-03 08:00:00,6.2,openaq_ground
2026-08-03 09:00:00,4.1499999999999995,openaq_ground
2026-08-03 10:00:00,3.6,openaq_ground
2026-08-03 11:00:00,1.0,openaq_ground
2026-08-03 12:00:00,0.8,openaq_ground
2026-08-03 13:00:00,0.65,openaq_ground
2026-08-03 14:00:00,0.75,openaq_ground
2026-08-03 15:00:00,0.45,openaq_ground
2026-08-03 16:00:00,0.45,openaq_ground
2026-08-03 17:00:00,0.7000000000000001,openaq_ground
2026-08-03 18:00:00,0.8,openaq_ground
2026-08-03 19:00:00,1.8,openaq_ground
2026-08-03 20:00:00,1.5,openaq_ground
2026-08-03 21:00:00,1.3499999999999999,openaq_ground
2026-08-03 22:00:00,1.5,openaq_ground
2026-08-03 23:00:00,1.0,openaq_ground
2026-08-04 00:00:00,0.85,openaq_ground
2026-08-04 01:00:00,0.75,openaq_ground
2026-08-04 02:00:00,1.3,openaq_ground
2026-08-04 03:00:00,1.5,openaq_ground
2026-08-04 04:00:00,6.4,openaq_ground
2026-08-04 05:00:00,10.85,openaq_ground
2026-08-04 06:00:00,4.449999999999999,openaq_ground
2026-08-04 07:00:00,4.35,openaq_ground
2026-08-04 08:00:00,2.9,openaq_ground
2026-08-04 09:00:00,0.75,openaq_ground
2026-08-04 10:00:00,0.75,openaq_ground
2026-08-04 11:00:00,0.3,openaq_ground
2026-08-04 12:00:00,0.1,openaq_ground
2026-08-04 13:00:00,0.8,openaq_ground
2026-08-04 14:00:00,0.2,openaq_ground
2026-08-04 15:00:00,0.2,openaq_ground
2026-08-04 16:00:00,0.05,openaq_ground
2026-08-04 17:00:00,0.15000000000000002,openaq_ground
2026-08-04 18:00:00,0.25,openaq_ground
2026-08-04 19:00:00,1.9,openaq_ground
2026-08-04 20:00:00,6.3,openaq_ground
2026-08-04 21:00:00,3.25,openaq_ground
2026-08-04 22:00:00,1.1,openaq_ground
2026-08-04 23:00:00,2.25,openaq_ground
2026-08-05 00:00:00,9.65,openaq_ground
2026-08-05 01:00:00,8.55,openaq_ground
2026-08-05 02:00:00,5.55,openaq_ground
2026-08-05 03:00:00,4.95,openaq_ground
2026-08-05 04:00:00,10.95,openaq_ground
2026-08-05 05:00:00,12.0,openaq_ground
2026-08-05 06:00:00,9.5,openaq_ground
2026-08-05 07:00:00,9.35,openaq_ground
2026-08-05 08:00:00,15.45,openaq_ground
2026-08-05 09:00:00,10.75,openaq_ground
2026-08-05 10:00:00,11.35,openaq_ground
2026-08-05 11:00:00,10.45,openaq_ground
2026-08-05 12:00:00,16.4,openaq_ground
2026-08-05 13:00:00,15.4,openaq_ground
2026-08-05 14:00:00,16.4,openaq_ground
2026-08-05 15:00:00,16.35,openaq_ground
2026-08-05 16:00:00,14.25,openaq_ground
2026-08-05 17:00:00,10.85,openaq_ground
2026-08-05 18:00:00,4.0,openaq_ground
2026-08-05 19:00:00,2.25,openaq_ground
2026-08-05 20:00:00,5.25,openaq_ground
2026-08-05 21:00:00,5.8,openaq_ground
2026-08-05 22:00:00,6.6,openaq_ground
2026-08-05 23:00:00,1.95,openaq_ground
2026-08-06 00:00:00,3.05,openaq_ground
2026-08-06 01:00:00,4.35,openaq_ground
2026-08-06 02:00:00,1.8,openaq_ground
2026-08-06 03:00:00,0.19999999999999998,openaq_ground
2026-08-06 04:00:00,0.7000000000000001,openaq_ground
2026-08-06 05:00:00,4.033333333333333,openaq_ground
2026-08-06 06:00:00,17.233333333333334,openaq_ground
2026-08-06 07:00:00,13.333333333333334,openaq_ground
2026-08-06 08:00:00,18.066666666666666,openaq_ground
2026-08-06 09:00:00,17.03333333333333,openaq_ground
2026-08-06 10:00:00,19.166666666666668,openaq_ground
2026-08-06 11:00:00,18.166666666666668,openaq_ground
2026-08-06 12:00:00,18.766666666666666,openaq_ground
2026-08-06 13:00:00,14.266666666666666,openaq_ground
2026-08-06 14:00:00,12.433333333333332,openaq_ground
2026-08-06 15:00:00,14.966666666666667,openaq_ground
2026-08-06 16:00:00,11.466666666666667,openaq_ground
2026-08-06 17:00:00,9.299999999999999,openaq_ground
2026-08-06 18:00:00,8.233333333333334,openaq_ground
2026-08-06 19:00:00,7.8,openaq_ground
2026-08-06 20:00:00,9.433333333333334,openaq_ground
2026-08-06 21:00:00,10.066666666666668,openaq_ground
2026-08-06 22:00:00,4.0,openaq_ground
2026-08-06 23:00:00,0.7000000000000001,openaq_ground
2026-08-07 00:00:00,0.20000000000000004,openaq_ground
2026-08-07 01:00:00,0.16666666666666666,openaq_ground
2026-08-07 02:00:00,0.19999999999999998,openaq_ground
2026-08-07 03:00:00,0.19999999999999998,openaq_ground
2026-08-07 04:00:00,1.2333333333333334,openaq_ground
2026-08-07 05:00:00,4.033333333333333,openaq_ground
2026-08-07 06:00:00,6.466666666666666,openaq_ground
2026-08-07 07:00:00,13.233333333333334,openaq_ground
2026-08-07 08:00:00,15.799999999999999,openaq_ground
2026-08-07 09:00:00,13.466666666666667,openaq_ground
2026-08-07 10:00:00,13.533333333333331,openaq_ground
2026-08-07 11:00:00,8.733333333333334,openaq_ground
2026-08-07 12:00:00,8.299999999999999,openaq_ground
2026-08-07 13:00:00,8.533333333333333,openaq_ground
2026-08-07 14:00:00,4.2,openaq_ground
2026-08-07 15:00:00,3.4666666666666663,openaq_ground
2026-08-07 16:00:00,3.033333333333333,openaq_ground
2026-08-07 17:00:00,2.766666666666667,openaq_ground
2026-08-07 18:00:00,2.4,openaq_ground
2026-08-07 19:00:00,2.766666666666667,openaq_ground
2026-08-07 20:00:00,2.966666666666667,openaq_ground
2026-08-07 21:00:00,0.4000000000000001,openaq_ground
2026-08-07 22:00:00,0.26666666666666666,openaq_ground
2026-08-07 23:00:00,0.06666666666666667,openaq_ground
2026-08-08 00:00:00,0.06666666666666667,openaq_ground
2026-08-08 01:00:00,0.16666666666666666,openaq_ground
2026-08-08 02:00:00,0.26666666666666666,openaq_ground
2026-08-08 03:00:00,0.9666666666666667,openaq_ground
2026-08-08 04:00:00,0.43333333333333335,openaq_ground
2026-08-08 05:00:00,1.8333333333333333,openaq_ground
2026-08-08 06:00:00,2.6999999999999997,openaq_ground
2026-08-08 07:00:00,2.4,openaq_ground
2026-08-08 08:00:00,4.966666666666666,openaq_ground
2026-08-08 09:00:00,6.5,openaq_ground
2026-08-08 10:00:00,6.800000000000001,openaq_ground
2026-08-08 11:00:00,7.366666666666667,openaq_ground
2026-08-08 12:00:00,3.8000000000000003,openaq_ground
2026-08-08 13:00:00,1.8,openaq_ground
2026-08-08 14:00:00,0.3666666666666667,openaq_ground
2026-08-08 15:00:00,0.3666666666666667,openaq_ground
2026-08-08 16:00:00,0.26666666666666666,openaq_ground
2026-08-08 17:00:00,0.2333333333333333,openaq_ground
2026-08-08 18:00:00,0.26666666666666666,openaq_ground
2026-08-08 19:00:00,0.03333333333333333,openaq_ground
2026-08-08 20:00:00,0.03333333333333333,openaq_ground
2026-08-08 21:00:00,0.06666666666666667,openaq_ground
2026-08-08 22:00:00,0.0,openaq_ground
2026-08-08 23:00:00,0.0,openaq_ground
2026-08-09 00:00:00,0.03333333333333333,openaq_ground
2026-08-09 01:00:00,0.03333333333333333,openaq_ground
2026-08-09 02:00:00,0.06666666666666667,openaq_ground
2026-08-09 03:00:00,0.19999999999999998,openaq_ground
2026-08-09 04:00:00,0.6666666666666666,openaq_ground
2026-08-09 05:00:00,0.7999999999999999,openaq_ground
2026-08-09 06:00:00,1.5999999999999999,openaq_ground
2026-08-09 07:00:00,3.3000000000000003,openaq_ground
2026-08-09 08:00:00,12.799999999999999,openaq_ground
2026-08-09 09:00:00,14.700000000000001,openaq_ground
2026-08-09 10:00:00,13.433333333333332,openaq_ground
2026-08-09 11:00:00,12.1,openaq_ground
2026-08-09 12:00:00,9.1,openaq_ground
2026-08-09 13:00:00,6.033333333333332,openaq_ground
2026-08-09 14:00:00,3.1333333333333333,openaq_ground
2026-08-09 15:00:00,1.3666666666666665,openaq_ground
2026-08-09 16:00:00,0.43333333333333335,openaq_ground
2026-08-09 17:00:00,0.3,openaq_ground
2026-08-09 18:00:00,0.6,openaq_ground
2026-08-09 19:00:00,1.6000000000000003,openaq_ground
2026-08-09 20:00:00,2.433333333333333,openaq_ground
2026-08-09 21:00:00,2.6333333333333333,openaq_ground
2026-08-09 22:00:00,1.0333333333333334,openaq_ground
2026-08-09 23:00:00,0.46666666666666673,openaq_ground
2026-08-10 00:00:00,0.19999999999999998,openaq_ground
2026-08-10 01:00:00,0.2333333333333333,openaq_ground
2026-08-10 02:00:00,0.09999999999999999,openaq_ground
2026-08-10 03:00:00,0.16666666666666666,openaq_ground
2026-08-10 04:00:00,0.5,openaq_ground
2026-08-10 05:00:00,1.7333333333333334,openaq_ground
2026-08-10 06:00:00,7.1000000000000005,openaq_ground
2026-08-10 07:00:00,8.633333333333333,openaq_ground
2026-08-10 08:00:00,11.0,openaq_ground
2026-08-10 09:00:00,9.866666666666667,openaq_ground
2026-08-10 10:00:00,8.299999999999999,openaq_ground
2026-08-10 11:00:00,7.566666666666666,openaq_ground
2026-08-10 12:00:00,9.533333333333333,openaq_ground
2026-08-10 13:00:00,8.666666666666666,openaq_ground
2026-08-10 14:00:00,8.200000000000001,openaq_ground
2026-08-10 15:00:00,4.633333333333334,openaq_ground
2026-08-10 16:00:00,5.533333333333334,openaq_ground
2026-08-10 17:00:00,5.633333333333333,openaq_ground
2026-08-10 18:00:00,5.5,openaq_ground
2026-08-10 19:00:00,3.1999999999999997,openaq_ground
2026-08-10 20:00:00,5.433333333333334,openaq_ground
2026-08-10 21:00:00,4.933333333333333,openaq_ground
2026-08-10 22:00:00,1.5666666666666664,openaq_ground
2026-08-10 23:00:00,0.8333333333333334,openaq_ground
2026-08-11 00:00:00,0.39999999999999997,openaq_ground
2026-08-11 01:00:00,0.06666666666666667,openaq_ground
2026-08-11 02:00:00,0.06666666666666667,openaq_ground
2026-08-11 03:00:00,0.03333333333333333,openaq_ground
2026-08-11 04:00:00,0.7000000000000001,openaq_ground
2026-08-11 05:00:00,0.6,openaq_ground
2026-08-11 06:00:00,1.5,openaq_ground
2026-08-11 07:00:00,5.633333333333333,openaq_ground
2026-08-11 08:00:00,11.466666666666667,openaq_ground
2026-08-11 09:00:00,15.066666666666665,openaq_ground
2026-08-11 10:00:00,10.4,openaq_ground
2026-08-11 11:00:00,7.3999999999999995,openaq_ground
2026-08-11 12:00:00,1.8333333333333333,openaq_ground
2026-08-11 13:00:00,0.8999999999999999,openaq_ground
2026-08-11 14:00:00,0.7666666666666666,openaq_ground
2026-08-11 15:00:00,0.6,openaq_ground
2026-08-11 16:00:00,0.6666666666666666,openaq_ground
2026-08-11 17:00:00,0.5333333333333333,openaq_ground
2026-08-11 18:00:00,0.5666666666666667,openaq_ground
2026-08-11 19:00:00,0.7666666666666666,openaq_ground
2026-08-11 20:00:00,0.7000000000000001,openaq_ground
2026-08-11 21:00:00,0.4000000000000001,openaq_ground
2026-08-11 22:00:00,0.3,openaq_ground
2026-08-11 23:00:00,0.5,openaq_ground
2026-08-12 00:00:00,0.4000000000000001,openaq_ground
2026-08-12 01:00:00,0.3,openaq_ground
2026-08-12 02:00:00,0.3,openaq_ground
2026-08-12 03:00:00,0.8666666666666667,openaq_ground
2026-08-12 04:00:00,2.6999999999999997,openaq_ground
2026-08-12 05:00:00,2.733333333333333,openaq_ground
2026-08-12 06:00:00,2.1999999999999997,openaq_ground
2026-08-12 07:00:00,1.3,openaq_ground
2026-08-12 08:00:00,0.7999999999999999,openaq_ground
2026-08-12 09:00:00,0.6333333333333334,openaq_ground
2026-08-12 10:00:00,0.5333333333333333,openaq_ground
2026-08-12 11:00:00,0.6,openaq_ground
2026-08-12 12:00:00,0.3,openaq_ground
2026-08-12 13:00:00,0.3333333333333333,openaq_ground
2026-08-12 14:00:00,0.5,openaq_ground
2026-08-12 15:00:00,0.7,openaq_ground
2026-08-12 16:00:00,0.4,openaq_ground
2026-08-12 17:00:00,0.7,openaq_ground
2026-08-12 18:00:00,1.0,openaq_ground
2026-08-12 19:00:00,1.25,openaq_ground
2026-08-12 20:00:00,1.65,openaq_ground
2026-08-12 21:00:00,0.75,openaq_ground
2026-08-12 22:00:00,0.1,openaq_ground
2026-08-12 23:00:00,0.1,openaq_ground
2026-08-13 00:00:00,0.0,openaq_ground
2026-08-13 01:00:00,0.7666666666666666,openaq_ground
2026-08-13 02:00:00,0.7,openaq_ground
2026-08-13 03:00:00,0.7,openaq_ground
2026-08-13 04:00:00,0.55,openaq_ground
2026-08-13 05:00:00,0.9500000000000001,openaq_ground
2026-08-13 06:00:00,5.5,openaq_ground
2026-08-13 07:00:00,6.5,openaq_ground
2026-08-13 08:00:00,11.55,openaq_ground
2026-08-13 09:00:00,8.35,openaq_ground
2026-08-13 10:00:00,3.0500000000000003,openaq_ground
2026-08-13 11:00:00,3.0500000000000003,openaq_ground
2026-08-13 12:00:00,2.3,openaq_ground
2026-08-13 13:00:00,0.85,openaq_ground
2026-08-13 14:00:00,0.6,openaq_ground
2026-08-13 15:00:00,0.35,openaq_ground
2026-08-13 16:00:00,0.15,openaq_ground
2026-08-13 17:00:00,0.05,openaq_ground
2026-08-13 18:00:00,0.2,openaq_ground
2026-08-13 19:00:00,0.05,openaq_ground
2026-08-13 20:00:00,0.2,openaq_ground
2026-08-13 21:00:00,0.25,openaq_ground
2026-08-13 22:00:00,0.1,openaq_ground
2026-08-13 23:00:00,0.1,openaq_ground
2026-08-14 00:00:00,0.15000000000000002,openaq_ground
2026-08-14 01:00:00,0.05,openaq_ground
2026-08-14 02:00:00,0.15000000000000002,openaq_ground
2026-08-14 03:00:00,0.35,openaq_ground
2026-08-14 04:00:00,2.1,openaq_ground
2026-08-14 05:00:00,1.5,openaq_ground
2026-08-14 06:00:00,3.3,openaq_ground
2026-08-14 07:00:00,2.8,openaq_ground
2026-08-14 08:00:00,2.6999999999999997,openaq_ground
2026-08-14 09:00:00,1.65,openaq_ground
2026-08-14 10:00:00,1.5,openaq_ground
2026-08-14 11:00:00,1.75,openaq_ground
2026-08-14 12:00:00,2.0,openaq_ground
2026-08-14 13:00:00,1.6,openaq_ground
2026-08-14 14:00:00,0.7,openaq_ground
2026-08-14 15:00:00,0.44999999999999996,openaq_ground
2026-08-14 16:00:00,0.25,openaq_ground
2026-08-14 17:00:00,0.2,openaq_ground
2026-08-14 18:00:00,0.6000000000000001,openaq_ground
2026-08-14 19:00:00,0.75,openaq_ground
2026-08-14 20:00:00,1.4,openaq_ground
2026-08-14 21:00:00,15.9,openaq_ground
2026-08-14 22:00:00,11.85,openaq_ground
2026-08-14 23:00:00,15.65,openaq_ground
2026-08-15 00:00:00,0.7,openaq_ground
2026-08-15 01:00:00,5.6499999999999995,openaq_ground
2026-08-15 02:00:00,4.35,openaq_ground
2026-08-15 03:00:00,17.35,openaq_ground
2026-08-15 04:00:00,7.5,openaq_ground
2026-08-15 05:00:00,8.65,openaq_ground
2026-08-15 06:00:00,9.25,openaq_ground
2026-08-15 07:00:00,5.25,openaq_ground
2026-08-15 08:00:00,9.5,openaq_ground
2026-08-15 09:00:00,13.0,openaq_ground
2026-08-15 10:00:00,7.3,openaq_ground
2026-08-15 11:00:00,1.95,openaq_ground
2026-08-15 12:00:00,2.3,openaq_ground
2026-08-15 13:00:00,2.45,openaq_ground
2026-08-15 14:00:00,1.7999999999999998,openaq_ground
2026-08-15 15:00:00,1.4000000000000001,openaq_ground
2026-08-15 16:00:00,1.05,openaq_ground
2026-08-15 17:00:00,0.8500000000000001,openaq_ground
2026-08-15 18:00:00,0.8,openaq_ground
2026-08-15 19:00:00,0.75,openaq_ground
2026-08-15 20:00:00,0.95,openaq_ground
2026-08-15 21:00:00,0.35,openaq_ground
2026-08-15 22:00:00,8.2,openaq_ground
2026-08-15 23:00:00,4.35,openaq_ground
2026-08-16 00:00:00,9.55,openaq_ground
2026-08-16 01:00:00,7.45,openaq_ground
2026-08-16 02:00:00,3.05,openaq_ground
2026-08-16 03:00:00,6.3999999999999995,openaq_ground
2026-08-16 04:00:00,6.75,openaq_ground
2026-08-16 05:00:00,1.4000000000000001,openaq_ground
2026-08-16 06:00:00,0.9,openaq_ground
2026-08-16 07:00:00,4.05,openaq_ground
2026-08-16 08:00:00,8.25,openaq_ground
2026-08-16 09:00:00,3.6,openaq_ground
2026-08-16 10:00:00,1.5,openaq_ground
2026-08-16 11:00:00,0.55,openaq_ground
2026-08-16 12:00:00,1.9,openaq_ground
2026-08-16 13:00:00,0.1,openaq_ground
2026-08-16 14:00:00,0.0,openaq_ground
2026-08-16 15:00:00,0.0,openaq_ground
2026-08-16 16:00:00,0.0,openaq_ground
2026-08-16 17:00:00,0.05,openaq_ground
2026-08-16 18:00:00,0.05,openaq_ground
2026-08-16 19:00:00,1.35,openaq_ground
2026-08-16 20:00:00,7.0,openaq_ground
2026-08-16 21:00:00,6.45,openaq_ground
2026-08-16 22:00:00,5.3500000000000005,openaq_ground
2026-08-16 23:00:00,2.75,openaq_ground
2026-08-17 00:00:00,2.0,openaq_ground
2026-08-17 01:00:00,2.45,openaq_ground
2026-08-17 02:00:00,0.35,openaq_ground
2026-08-17 06:00:00,12.299999999999999,openaq_ground
2026-08-17 07:00:00,2.05,openaq_ground
2026-08-17 08:00:00,1.15,openaq_ground
2026-08-17 09:00:00,0.6000000000000001,openaq_ground
2026-08-17 10:00:00,0.45,openaq_ground
2026-08-17 11:00:00,0.25,openaq_ground
2026-08-17 12:00:00,0.6,openaq_ground
2026-08-17 13:00:00,0.45,openaq_ground
2026-08-17 14:00:00,0.15,openaq_ground
2026-08-17 15:00:00,0.4,openaq_ground
2026-08-17 16:00:00,0.35,openaq_ground
2026-08-17 17:00:00,0.3,openaq_ground
2026-08-17 18:00:00,0.25,openaq_ground
2026-08-17 19:00:00,0.9,openaq_ground
2026-08-17 20:00:00,0.65,openaq_ground
2026-08-17 21:00:00,10.15,openaq_ground
2026-08-17 22:00:00,8.05,openaq_ground
2026-08-17 23:00:00,1.2,openaq_ground
2026-08-18 00:00:00,2.05,openaq_ground
2026-08-18 01:00:00,5.45,openaq_ground
2026-08-18 02:00:00,1.7,openaq_ground
2026-08-18 03:00:00,2.9499999999999997,openaq_ground
2026-08-18 04:00:00,5.1,openaq_ground
2026-08-18 05:00:00,7.3500000000000005,openaq_ground
2026-08-18 06:00:00,2.6,openaq_ground
2026-08-18 07:00:00,2.8,openaq_ground
2026-08-18 08:00:00,3.5999999999999996,openaq_ground
2026-08-18 09:00:00,2.3499999999999996,openaq_ground
2026-08-18 10:00:00,3.25,openaq_ground
2026-08-18 11:00:00,1.9,openaq_ground
2026-08-18 12:00:00,1.85,openaq_ground
2026-08-18 13:00:00,1.0,openaq_ground
2026-08-18 14:00:00,0.7000000000000001,openaq_ground
2026-08-18 15:00:00,1.95,openaq_ground
2026-08-18 16:00:00,3.65,openaq_ground
2026-08-18 17:00:00,0.65,openaq_ground
2026-08-18 18:00:00,2.0,openaq_ground
2026-08-18 19:00:00,1.55,openaq_ground
2026-08-18 20:00:00,0.8500000000000001,openaq_ground
2026-08-18 21:00:00,0.7999999999999999,openaq_ground
2026-08-18 22:00:00,0.2,openaq_ground
2026-08-18 23:00:00,0.1,openaq_ground
2026-08-19 00:00:00,0.1,openaq_ground
2026-08-19 01:00:00,0.05,openaq_ground
2026-08-19 02:00:00,0.05,openaq_ground
2026-08-19 03:00:00,0.05,openaq_ground
2026-08-19 04:00:00,0.1,openaq_ground
2026-08-19 05:00:00,1.05,openaq_ground
2026-08-19 06:00:00,3.3,openaq_ground
2026-08-19 07:00:00,11.4,openaq_ground
2026-08-19 08:00:00,11.85,openaq_ground
2026-08-19 09:00:00,8.15,openaq_ground
2026-08-19 10:00:00,15.8,openaq_ground
2026-08-19 11:00:00,12.7,openaq_ground
2026-08-19 12:00:00,9.15,openaq_ground
2026-08-19 13:00:00,7.6,openaq_ground
2026-08-19 14:00:00,6.3500000000000005,openaq_ground
2026-08-19 15:00:00,7.35,openaq_ground
2026-08-19 16:00:00,6.6,openaq_ground
2026-08-19 17:00:00,3.5,openaq_ground
2026-08-19 18:00:00,2.25,openaq_ground
2026-08-19 19:00:00,3.75,openaq_ground
2026-08-19 20:00:00,3.7,openaq_ground
2026-08-19 21:00:00,1.7,openaq_ground
2026-08-19 22:00:00,1.4500000000000002,openaq_ground
2026-08-19 23:00:00,0.3666666666666667,openaq_ground
2026-08-20 00:00:00,0.06666666666666667,openaq_ground
2026-08-20 01:00:00,0.09999999999999999,openaq_ground
2026-08-20 02:00:00,0.06666666666666667,openaq_ground
2026-08-20 03:00:00,0.13333333333333333,openaq_ground
2026-08-20 05:00:00,1.8999999999999997,openaq_ground
2026-08-20 06:00:00,8.233333333333333,openaq_ground
2026-08-20 07:00:00,7.3999999999999995,openaq_ground
2026-08-20 08:00:00,10.0,openaq_ground
2026-08-20 09:00:00,6.7,openaq_ground
2026-08-20 10:00:00,5.966666666666666,openaq_ground
2026-08-20 11:00:00,3.0666666666666664,openaq_ground
2026-08-20 12:00:00,2.6333333333333333,openaq_ground
2026-08-20 13:00:00,3.3000000000000003,openaq_ground
2026-08-20 14:00:00,2.9666666666666663,openaq_ground
2026-08-20 15:00:00,4.333333333333334,openaq_ground
2026-08-20 16:00:00,1.7999999999999998,openaq_ground
2026-08-20 17:00:00,1.7333333333333332,openaq_ground
2026-08-20 18:00:00,1.5333333333333332,openaq_ground
2026-08-20 19:00:00,2.1999999999999997,openaq_ground
2026-08-20 20:00:00,4.066666666666666,openaq_ground
2026-08-20 21:00:00,3.3666666666666667,openaq_ground
2026-08-20 22:00:00,1.2333333333333334,openaq_ground
2026-08-20 23:00:00,0.5666666666666668,openaq_ground
2026-08-21 00:00:00,0.13333333333333333,openaq_ground
2026-08-21 01:00:00,0.26666666666666666,openaq_ground
2026-08-21 02:00:00,0.19999999999999998,openaq_ground
2026-08-21 03:00:00,0.25,openaq_ground
2026-08-21 04:00:00,0.19999999999999998,openaq_ground
2026-08-21 05:00:00,0.75,openaq_ground
2026-08-21 06:00:00,2.5,openaq_ground
2026-08-21 07:00:00,7.933333333333333,openaq_ground
2026-08-21 08:00:00,9.466666666666667,openaq_ground
2026-08-21 09:00:00,17.2,openaq_ground
2026-08-21 10:00:00,10.45,openaq_ground
2026-08-21 11:00:00,11.1,openaq_ground
2026-08-21 12:00:00,8.45,openaq_ground
2026-08-21 13:00:00,4.75,openaq_ground
2026-08-21 14:00:00,4.3,openaq_ground
2026-08-21 15:00:00,2.3499999999999996,openaq_ground
2026-08-21 16:00:00,1.4,openaq_ground
2026-08-21 17:00:00,3.2,openaq_ground
2026-08-21 18:00:00,1.25,openaq_ground
2026-08-21 19:00:00,0.8,openaq_ground
2026-08-21 20:00:00,0.8,openaq_ground
2026-08-21 21:00:00,0.4,openaq_ground
2026-08-21 22:00:00,0.85,openaq_ground
2026-08-21 23:00:00,1.2,openaq_ground
2026-08-22 00:00:00,0.8,openaq_ground
2026-08-22 01:00:00,0.8,openaq_ground
2026-08-22 02:00:00,0.8,openaq_ground
2026-08-22 03:00:00,0.4,openaq_ground
2026-08-22 04:00:00,0.6000000000000001,openaq_ground
2026-08-22 05:00:00,2.4,openaq_ground
2026-08-22 06:00:00,2.9,openaq_ground
2026-08-22 07:00:00,8.2,openaq_ground
2026-08-22 08:00:00,7.7,openaq_ground
2026-08-22 09:00:00,4.25,openaq_ground
2026-08-22 10:00:00,2.3499999999999996,openaq_ground
2026-08-22 11:00:00,2.55,openaq_ground
2026-08-22 12:00:00,1.9,openaq_ground
2026-08-22 13:00:00,0.9,openaq_ground
2026-08-22 14:00:00,0.3,openaq_ground
2026-08-22 15:00:00,0.2,openaq_ground
2026-08-22 16:00:00,0.2,openaq_ground
2026-08-22 17:00:00,0.1,openaq_ground
2026-08-22 18:00:00,0.0,openaq_ground
2026-08-22 19:00:00,0.1,openaq_ground
2026-08-22 20:00:00,2.1,openaq_ground
2026-08-22 21:00:00,0.4,openaq_ground
2026-08-22 22:00:00,0.4,openaq_ground
2026-08-22 23:00:00,0.9,openaq_ground
2026-08-23 00:00:00,0.9,openaq_ground
2026-08-23 01:00:00,0.8,openaq_ground
2026-08-23 02:00:00,1.4,openaq_ground
2026-08-23 03:00:00,2.9,openaq_ground
2026-08-23 04:00:00,3.1500000000000004,openaq_ground
2026-08-23 05:00:00,3.65,openaq_ground
2026-08-23 06:00:00,5.3500000000000005,openaq_ground
2026-08-23 07:00:00,8.2,openaq_ground
2026-08-23 08:00:00,7.8,openaq_ground
2026-08-23 09:00:00,5.5,openaq_ground
2026-08-23 10:00:00,3.8,openaq_ground
2026-08-23 11:00:00,4.1,openaq_ground
2026-08-23 12:00:00,3.05,openaq_ground
2026-08-23 13:00:00,2.45,openaq_ground
2026-08-23 14:00:00,2.05,openaq_ground
2026-08-23 15:00:00,1.8,openaq_ground
2026-08-23 16:00:00,1.65,openaq_ground
2026-08-23 17:00:00,1.2999999999999998,openaq_ground
2026-08-23 18:00:00,1.0999999999999999,openaq_ground
2026-08-23 19:00:00,1.3,openaq_ground
2026-08-23 20:00:00,1.4000000000000001,openaq_ground
2026-08-23 21:00:00,1.85,openaq_ground
2026-08-23 22:00:00,1.55,openaq_ground
2026-08-23 23:00:00,1.5499999999999998,openaq_ground
2026-08-24 00:00:00,1.5,openaq_ground
2026-08-24 01:00:00,0.8,openaq_ground
2026-08-24 02:00:00,0.65,openaq_ground
2026-08-24 03:00:00,0.65,openaq_ground
2026-08-24 04:00:00,0.95,openaq_ground
2026-08-24 05:00:00,1.65,openaq_ground
2026-08-24 06:00:00,2.766666666666667,openaq_ground
2026-08-24 07:00:00,5.133333333333334,openaq_ground
2026-08-24 08:00:00,3.566666666666667,openaq_ground
2026-08-24 09:00:00,5.8,openaq_ground
2026-08-24 10:00:00,6.266666666666667,openaq_ground
2026-08-24 11:00:00,5.599999999999999,openaq_ground
2026-08-24 12:00:00,5.366666666666667,openaq_ground
2026-08-24 13:00:00,4.266666666666667,openaq_ground
2026-08-24 14:00:00,2.6999999999999997,openaq_ground
2026-08-24 15:00:00,2.2,openaq_ground
2026-08-24 16:00:00,1.55,openaq_ground
2026-08-24 17:00:00,1.4,openaq_ground
2026-08-24 18:00:00,1.45,openaq_ground
2026-08-24 19:00:00,1.1333333333333333,openaq_ground
2026-08-24 20:00:00,3.0999999999999996,openaq_ground
2026-08-24 21:00:00,15.6,openaq_ground
2026-08-24 22:00:00,2.966666666666667,openaq_ground
2026-08-24 23:00:00,2.566666666666667,openaq_ground
2026-08-25 00:00:00,0.8666666666666667,openaq_ground
2026-08-25 01:00:00,5.166666666666667,openaq_ground
2026-08-25 02:00:00,0.05,openaq_ground
2026-08-25 03:00:00,0.0,openaq_ground
2026-08-25 04:00:00,0.05,openaq_ground
2026-08-25 05:00:00,0.05,openaq_ground
2026-08-25 06:00:00,0.05,openaq_ground
2026-08-25 07:00:00,0.15000000000000002,openaq_ground
2026-08-25 08:00:00,0.2,openaq_ground
2026-08-25 09:00:00,0.15,openaq_ground
2026-08-25 10:00:00,0.35,openaq_ground
2026-08-25 11:00:00,0.3,openaq_ground
2026-08-25 12:00:00,0.25,openaq_ground
2026-08-25 13:00:00,0.15,openaq_ground
2026-08-25 14:00:00,0.4,openaq_ground
2026-08-25 15:00:00,0.55,openaq_ground
2026-08-25 16:00:00,0.2,openaq_ground
2026-08-25 17:00:00,0.2,openaq_ground
2026-08-25 18:00:00,0.25,openaq_ground
2026-08-25 19:00:00,0.35,openaq_ground
2026-08-25 20:00:00,0.1,openaq_ground
2026-08-25 21:00:00,0.1,openaq_ground
2026-08-25 22:00:00,0.1,openaq_ground
2026-08-25 23:00:00,0.05,openaq_ground
2026-08-26 00:00:00,0.0,openaq_ground
2026-08-26 01:00:00,0.0,openaq_ground
2026-08-26 02:00:00,0.8666666666666667,openaq_ground
2026-08-26 03:00:00,0.46666666666666673,openaq_ground
2026-08-26 04:00:00,0.7000000000000001,openaq_ground
2026-08-26 05:00:00,1.2,openaq_ground
2026-08-26 06:00:00,2.766666666666667,openaq_ground
2026-08-26 07:00:00,1.9333333333333333,openaq_ground
2026-08-26 08:00:00,1.4333333333333333,openaq_ground
2026-08-26 09:00:00,1.1333333333333333,openaq_ground
2026-08-26 10:00:00,1.2,openaq_ground
2026-08-26 11:00:00,2.3666666666666667,openaq_ground
2026-08-26 12:00:00,1.8,openaq_ground
2026-08-26 13:00:00,1.0999999999999999,openaq_ground
2026-08-26 14:00:00,0.8333333333333334,openaq_ground
2026-08-26 15:00:00,1.3,openaq_ground
2026-08-26 16:00:00,1.1333333333333335,openaq_ground
2026-08-26 17:00:00,1.7666666666666666,openaq_ground
2026-08-26 18:00:00,1.7000000000000002,openaq_ground
2026-08-26 19:00:00,1.2666666666666666,openaq_ground
2026-08-26 20:00:00,3.8000000000000003,openaq_ground
2026-08-26 21:00:00,1.7666666666666666,openaq_ground
2026-08-26 22:00:00,5.866666666666666,openaq_ground
2026-08-26 23:00:00,1.1333333333333333,openaq_ground
2026-08-27 00:00:00,1.0666666666666667,openaq_ground
2026-08-27 01:00:00,0.5,openaq_ground
2026-08-27 02:00:00,0.3666666666666667,openaq_ground
2026-08-27 03:00:00,0.3666666666666667,openaq_ground
2026-08-27 04:00:00,0.43333333333333335,openaq_ground
2026-08-27 05:00:00,1.0,openaq_ground
2026-08-27 06:00:00,1.2666666666666666,openaq_ground
2026-08-27 07:00:00,1.9000000000000001,openaq_ground
2026-08-27 08:00:00,1.8,openaq_ground
2026-08-27 09:00:00,3.2999999999999994,openaq_ground
2026-08-27 10:00:00,0.6333333333333334,openaq_ground
2026-08-27 11:00:00,0.5,openaq_ground
2026-08-27 12:00:00,0.3333333333333333,openaq_ground
2026-08-27 13:00:00,0.2333333333333333,openaq_ground
2026-08-27 14:00:00,0.09999999999999999,openaq_ground
2026-08-27 15:00:00,0.13333333333333333,openaq_ground
2026-08-27 16:00:00,0.19999999999999998,openaq_ground
2026-08-27 17:00:00,0.13333333333333333,openaq_ground
2026-08-27 18:00:00,0.16666666666666666,openaq_ground
2026-08-27 19:00:00,0.35,openaq_ground
2026-08-27 20:00:00,0.25,openaq_ground
2026-08-27 21:00:00,0.3,openaq_ground
2026-08-27 22:00:00,0.39999999999999997,openaq_ground
2026-08-27 23:00:00,0.44999999999999996,openaq_ground
2026-08-28 00:00:00,0.4,openaq_ground
2026-08-28 01:00:00,0.75,openaq_ground
2026-08-28 02:00:00,0.6000000000000001,openaq_ground
2026-08-28 03:00:00,0.75,openaq_ground
2026-08-28 04:00:00,0.65,openaq_ground
2026-08-28 05:00:00,1.0,openaq_ground
2026-08-28 06:00:00,0.9,openaq_ground
2026-08-28 07:00:00,2.35,openaq_ground
2026-08-28 08:00:00,1.7,openaq_ground
2026-08-28 09:00:00,1.6500000000000001,openaq_ground
2026-08-28 10:00:00,1.7,openaq_ground
2026-08-28 11:00:00,1.3,openaq_ground
2026-08-28 12:00:00,0.7999999999999999,openaq_ground
2026-08-28 13:00:00,0.75,openaq_ground
2026-08-28 14:00:00,0.8,openaq_ground
2026-08-28 15:00:00,0.9,openaq_ground
2026-08-28 16:00:00,0.5666666666666668,openaq_ground
2026-08-28 17:00:00,0.46666666666666673,openaq_ground
2026-08-28 18:00:00,0.26666666666666666,openaq_ground
2026-08-28 19:00:00,0.26666666666666666,openaq_ground
2026-08-28 20:00:00,1.9333333333333333,openaq_ground
2026-08-28 21:00:00,0.6666666666666666,openaq_ground
2026-08-28 22:00:00,1.2666666666666668,openaq_ground
2026-08-28 23:00:00,2.1666666666666665,openaq_ground
2026-08-29 00:00:00,1.3,openaq_ground
2026-08-29 01:00:00,1.0666666666666667,openaq_ground
2026-08-29 02:00:00,1.7999999999999998,openaq_ground
2026-08-29 03:00:00,1.3999999999999997,openaq_ground
2026-08-29 04:00:00,1.3666666666666665,openaq_ground
2026-08-29 05:00:00,2.1999999999999997,openaq_ground
2026-08-29 06:00:00,5.033333333333333,openaq_ground
2026-08-29 07:00:00,1.4000000000000001,openaq_ground
2026-08-29 08:00:00,1.1333333333333333,openaq_ground
2026-08-29 09:00:00,0.7999999999999999,openaq_ground
2026-08-29 10:00:00,0.6333333333333334,openaq_ground
2026-08-29 11:00:00,0.7333333333333334,openaq_ground
2026-08-29 12:00:00,0.7666666666666666,openaq_ground
2026-08-29 13:00:00,0.39999999999999997,openaq_ground
2026-08-29 14:00:00,0.3333333333333333,openaq_ground
2026-08-29 15:00:00,0.3333333333333333,openaq_ground
2026-08-29 16:00:00,0.3,openaq_ground
2026-08-29 17:00:00,0.2333333333333333,openaq_ground
2026-08-29 18:00:00,0.4000000000000001,openaq_ground
2026-08-29 19:00:00,0.5666666666666668,openaq_ground
2026-08-29 20:00:00,9.933333333333334,openaq_ground
2026-08-29 21:00:00,3.3666666666666667,openaq_ground
2026-08-29 22:00:00,1.1333333333333333,openaq_ground
2026-08-29 23:00:00,0.3666666666666667,openaq_ground
2026-08-30 00:00:00,0.3,openaq_ground
2026-08-30 01:00:00,0.39999999999999997,openaq_ground
2026-08-30 02:00:00,0.5,openaq_ground
2026-08-30 03:00:00,0.5,openaq_ground
2026-08-30 04:00:00,0.7000000000000001,openaq_ground
2026-08-30 05:00:00,1.1,openaq_ground
2026-08-30 06:00:00,1.0666666666666667,openaq_ground
2026-08-30 07:00:00,1.0333333333333334,openaq_ground
2026-08-30 08:00:00,0.9333333333333332,openaq_ground
2026-08-30 09:00:00,0.8333333333333334,openaq_ground
2026-08-30 10:00:00,1.0999999999999999,openaq_ground
2026-08-30 11:00:00,1.0999999999999999,openaq_ground
2026-08-30 12:00:00,0.7000000000000001,openaq_ground
2026-08-30 13:00:00,0.9666666666666667,openaq_ground
2026-08-30 14:00:00,0.8333333333333334,openaq_ground
2026-08-30 15:00:00,0.6333333333333333,openaq_ground
2026-08-30 16:00:00,0.8666666666666667,openaq_ground
2026-08-30 17:00:00,0.7333333333333333,openaq_ground
2026-08-30 18:00:00,1.2333333333333334,openaq_ground
2026-08-30 19:00:00,0.5666666666666667,openaq_ground
2026-08-30 20:00:00,0.8000000000000002,openaq_ground
2026-08-30 21:00:00,1.0333333333333332,openaq_ground
2026-08-30 22:00:00,0.7999999999999999,openaq_ground
2026-08-30 23:00:00,0.5666666666666667,openaq_ground
2026-08-31 00:00:00,0.7333333333333334,openaq_ground
2026-08-31 01:00:00,0.7000000000000001,openaq_ground
2026-08-31 02:00:00,1.0333333333333332,openaq_ground
2026-08-31 03:00:00,1.3333333333333333,openaq_ground
2026-08-31 04:00:00,2.1999999999999997,openaq_ground
2026-08-31 05:00:00,1.7999999999999998,openaq_ground
2026-08-31 06:00:00,1.4333333333333336,openaq_ground
2026-08-31 07:00:00,1.5666666666666667,openaq_ground
2026-08-31 08:00:00,1.6666666666666667,openaq_ground
2026-08-31 09:00:00,1.6333333333333335,openaq_ground
2026-08-31 10:00:00,1.2666666666666666,openaq_ground
2026-08-31 11:00:00,1.6333333333333335,openaq_ground
2026-08-31 12:00:00,1.2333333333333332,openaq_ground
2026-08-31 13:00:00,0.9666666666666668,openaq_ground
2026-08-31 14:00:00,1.0333333333333334,openaq_ground
2026-08-31 15:00:00,1.0333333333333334,openaq_ground
2026-08-31 16:00:00,1.1333333333333333,openaq_ground
2026-08-31 17:00:00,0.7333333333333333,openaq_ground
2026-08-31 18:00:00,0.5,openaq_ground
2026-08-31 19:00:00,0.7999999999999999,openaq_ground
2026-08-31 20:00:00,1.1333333333333335,openaq_ground
2026-08-31 21:00:00,1.3666666666666665,openaq_ground
2026-08-31 22:00:00,1.366666666666667,openaq_ground
2026-08-31 23:00:00,1.3,openaq_ground
2026-09-01 00:00:00,0.775,openaq_ground
2026-09-01 01:00:00,0.95,openaq_ground
2026-09-01 02:00:00,1.275,openaq_ground
2026-09-01 03:00:00,0.9,openaq_ground
2026-09-01 04:00:00,0.9750000000000001,openaq_ground
2026-09-01 05:00:00,1.5,openaq_ground
2026-09-01 06:00:00,2.075,openaq_ground
2026-09-01 07:00:00,2.075,openaq_ground
2026-09-01 08:00:00,2.0250000000000004,openaq_ground
2026-09-01 09:00:00,1.4749999999999999,openaq_ground
2026-09-01 10:00:00,1.425,openaq_ground
2026-09-01 11:00:00,1.2249999999999999,openaq_ground
2026-09-01 12:00:00,0.9,openaq_ground
2026-09-01 13:00:00,0.775,openaq_ground
2026-09-01 14:00:00,0.55,openaq_ground
2026-09-01 15:00:00,0.675,openaq_ground
2026-09-01 16:00:00,0.75,openaq_ground
2026-09-01 17:00:00,0.5,openaq_ground
2026-09-01 18:00:00,0.275,openaq_ground
2026-09-01 19:00:00,0.35000000000000003,openaq_ground
2026-09-01 20:00:00,0.15,openaq_ground
2026-09-01 21:00:00,0.225,openaq_ground
2026-09-01 22:00:00,0.1,openaq_ground
2026-09-01 23:00:00,0.05,openaq_ground
2026-09-02 00:00:00,0.025,openaq_ground
2026-09-02 01:00:00,0.07500000000000001,openaq_ground
2026-09-02 02:00:00,0.30000000000000004,openaq_ground
2026-09-02 03:00:00,0.07500000000000001,openaq_ground
2026-09-02 04:00:00,0.19999999999999998,openaq_ground
2026-09-02 05:00:00,0.09999999999999999,openaq_ground
2026-09-02 06:00:00,0.525,openaq_ground
2026-09-02 07:00:00,0.575,openaq_ground
2026-09-02 08:00:00,1.0,openaq_ground
2026-09-02 09:00:00,0.4,openaq_ground
2026-09-02 10:00:00,0.25,openaq_ground
2026-09-02 11:00:00,0.475,openaq_ground
2026-09-02 12:00:00,2.025,openaq_ground
2026-09-02 13:00:00,1.4500000000000002,openaq_ground
2026-09-02 14:00:00,0.675,openaq_ground
2026-09-02 15:00:00,0.8999999999999999,openaq_ground
2026-09-02 16:00:00,0.5,openaq_ground
2026-09-02 17:00:00,0.025,openaq_ground
2026-09-02 18:00:00,0.47500000000000003,openaq_ground
2026-09-02 19:00:00,0.7000000000000001,openaq_ground
2026-09-02 20:00:00,0.775,openaq_ground
2026-09-02 21:00:00,0.3,openaq_ground
2026-09-02 22:00:00,0.2,openaq_ground
2026-09-02 23:00:00,0.1,openaq_ground
2026-09-03 00:00:00,0.2,openaq_ground
2026-09-03 01:00:00,0.175,openaq_ground
2026-09-03 02:00:00,0.225,openaq_ground
2026-09-03 03:00:00,0.35,openaq_ground
2026-09-03 04:00:00,0.6,openaq_ground
2026-09-03 05:00:00,1.875,openaq_ground
2026-09-03 06:00:00,3.5500000000000003,openaq_ground
2026-09-03 07:00:00,2.575,openaq_ground
2026-09-03 08:00:00,2.175,openaq_ground
2026-09-03 09:00:00,2.05,openaq_ground
2026-09-03 10:00:00,2.0999999999999996,openaq_ground
2026-09-03 11:00:00,1.8,openaq_ground
2026-09-03 12:00:00,1.5999999999999999,openaq_ground
2026-09-03 13:00:00,1.45,openaq_ground
2026-09-03 14:00:00,1.3,openaq_ground
2026-09-03 15:00:00,1.2750000000000001,openaq_ground
2026-09-03 16:00:00,1.0,openaq_ground
2026-09-03 17:00:00,1.025,openaq_ground
2026-09-03 18:00:00,0.95,openaq_ground
2026-09-03 19:00:00,1.0750000000000002,openaq_ground
2026-09-03 20:00:00,0.9249999999999999,openaq_ground
2026-09-03 21:00:00,0.725,openaq_ground
2026-09-03 22:00:00,0.75,openaq_ground
2026-09-03 23:00:00,0.625,openaq_ground
2026-09-04 00:00:00,0.825,openaq_ground
2026-09-04 01:00:00,0.975,openaq_ground
2026-09-04 02:00:00,1.0999999999999999,openaq_ground
2026-09-04 03:00:00,0.9000000000000001,openaq_ground
2026-09-04 04:00:00,1.5999999999999999,openaq_ground
2026-09-04 05:00:00,3.425,openaq_ground
2026-09-04 06:00:00,6.425,openaq_ground
2026-09-04 07:00:00,5.125,openaq_ground
2026-09-04 08:00:00,3.275,openaq_ground
2026-09-04 09:00:00,2.825,openaq_ground
2026-09-04 10:00:00,1.575,openaq_ground
2026-09-04 11:00:00,1.45,openaq_ground
2026-09-04 12:00:00,1.15,openaq_ground
2026-09-04 13:00:00,0.975,openaq_ground
2026-09-04 14:00:00,1.025,openaq_ground
2026-09-04 15:00:00,0.8999999999999999,openaq_ground
2026-09-04 16:00:00,0.8,openaq_ground
2026-09-04 17:00:00,0.625,openaq_ground
2026-09-04 18:00:00,0.75,openaq_ground
2026-09-04 19:00:00,0.8,openaq_ground
2026-09-04 20:00:00,0.95,openaq_ground
2026-09-04 21:00:00,1.175,openaq_ground
2026-09-04 22:00:00,1.0,openaq_ground
2026-09-04 23:00:00,0.675,openaq_ground
2026-09-05 00:00:00,0.675,openaq_ground
2026-09-05 01:00:00,0.7000000000000001,openaq_ground
2026-09-05 02:00:00,0.7999999999999999,openaq_ground
2026-09-05 03:00:00,0.75,openaq_ground
2026-09-05 04:00:00,0.8250000000000001,openaq_ground
2026-09-05 05:00:00,1.15,openaq_ground
2026-09-05 06:00:00,4.725,openaq_ground
2026-09-05 07:00:00,5.85,openaq_ground
2026-09-05 08:00:00,8.925,openaq_ground
2026-09-05 09:00:00,10.2,openaq_ground
2026-09-05 10:00:00,11.875,openaq_ground
2026-09-05 11:00:00,10.825,openaq_ground
2026-09-05 12:00:00,7.475,openaq_ground
2026-09-05 13:00:00,6.7,openaq_ground
2026-09-05 14:00:00,5.9,openaq_ground
2026-09-05 15:00:00,3.9749999999999996,openaq_ground
2026-09-05 16:00:00,2.225,openaq_ground
2026-09-05 17:00:00,2.4749999999999996,openaq_ground
2026-09-05 18:00:00,2.05,openaq_ground
2026-09-05 19:00:00,2.1,openaq_ground
2026-09-05 20:00:00,2.725,openaq_ground
2026-09-05 21:00:00,1.4,openaq_ground
2026-09-05 22:00:00,0.8,openaq_ground
2026-09-05 23:00:00,0.9,openaq_ground
2026-09-06 00:00:00,0.9500000000000001,openaq_ground
2026-09-06 01:00:00,0.975,openaq_ground
2026-09-06 02:00:00,0.725,openaq_ground
2026-09-06 03:00:00,1.1666666666666667,openaq_ground
2026-09-06 04:00:00,1.6666666666666667,openaq_ground
2026-09-06 05:00:00,3.9,openaq_ground
2026-09-06 06:00:00,3.1,openaq_ground
2026-09-06 07:00:00,3.6,openaq_ground
2026-09-06 08:00:00,2.7999999999999994,openaq_ground
2026-09-06 09:00:00,2.6,openaq_ground
2026-09-06 10:00:00,2.3333333333333335,openaq_ground
2026-09-06 11:00:00,2.1666666666666665,openaq_ground
2026-09-06 12:00:00,2.4,openaq_ground
2026-09-06 13:00:00,2.533333333333333,openaq_ground
2026-09-06 14:00:00,1.9666666666666668,openaq_ground
2026-09-06 15:00:00,1.4333333333333333,openaq_ground
2026-09-06 16:00:00,1.1333333333333335,openaq_ground
2026-09-06 17:00:00,1.0999999999999999,openaq_ground
2026-09-06 18:00:00,0.5333333333333333,openaq_ground
2026-09-06 19:00:00,0.7000000000000001,openaq_ground
2026-09-06 20:00:00,0.4666666666666666,openaq_ground
2026-09-06 21:00:00,0.9,openaq_ground
2026-09-06 22:00:00,1.4333333333333333,openaq_ground
2026-09-06 23:00:00,1.2,openaq_ground
2026-09-07 00:00:00,1.5999999999999999,openaq_ground
2026-09-07 01:00:00,2.1,openaq_ground
2026-09-07 02:00:00,2.466666666666667,openaq_ground
2026-09-07 03:00:00,1.0,openaq_ground
2026-09-07 04:00:00,1.0666666666666667,openaq_ground
2026-09-07 05:00:00,0.7666666666666666,openaq_ground
2026-09-07 06:00:00,0.7000000000000001,openaq_ground
2026-09-07 07:00:00,0.7666666666666667,openaq_ground
2026-09-07 08:00:00,1.5999999999999999,openaq_ground
2026-09-07 09:00:00,1.1333333333333335,openaq_ground
2026-09-07 10:00:00,1.7333333333333334,openaq_ground
2026-09-07 11:00:00,0.7333333333333334,openaq_ground
2026-09-07 12:00:00,0.7666666666666667,openaq_ground
2026-09-07 13:00:00,0.43333333333333335,openaq_ground
2026-09-07 14:00:00,0.06666666666666667,openaq_ground
2026-09-07 15:00:00,0.0,openaq_ground
2026-09-07 16:00:00,0.0,openaq_ground
2026-09-07 17:00:00,0.0,openaq_ground
2026-09-07 18:00:00,0.0,openaq_ground
2026-09-07 19:00:00,0.06666666666666667,openaq_ground
2026-09-07 20:00:00,0.0,openaq_ground
2026-09-07 21:00:00,0.03333333333333333,openaq_ground
2026-09-07 22:00:00,0.06666666666666667,openaq_ground
2026-09-07 23:00:00,0.13333333333333333,openaq_ground
2026-09-08 00:00:00,0.03333333333333333,openaq_ground
2026-09-08 01:00:00,0.03333333333333333,openaq_ground
2026-09-08 02:00:00,0.03333333333333333,openaq_ground
2026-09-08 03:00:00,0.06666666666666667,openaq_ground
2026-09-08 04:00:00,0.0,openaq_ground
2026-09-08 05:00:00,0.03333333333333333,openaq_ground
2026-09-08 06:00:00,0.9333333333333332,openaq_ground
2026-09-08 07:00:00,2.6333333333333333,openaq_ground
2026-09-08 08:00:00,0.9333333333333332,openaq_ground
2026-09-08 09:00:00,2.1,openaq_ground
2026-09-08 10:00:00,2.3333333333333335,openaq_ground
2026-09-08 11:00:00,2.3000000000000003,openaq_ground
2026-09-08 12:00:00,1.4000000000000001,openaq_ground
2026-09-08 13:00:00,1.0333333333333332,openaq_ground
2026-09-08 14:00:00,0.5666666666666667,openaq_ground
2026-09-08 15:00:00,1.85,openaq_ground
2026-09-08 16:00:00,2.65,openaq_ground
2026-09-08 17:00:00,2.75,openaq_ground
2026-09-08 18:00:00,1.3,openaq_ground
2026-09-08 19:00:00,1.8499999999999999,openaq_ground
2026-09-08 20:00:00,0.5333333333333333,openaq_ground
2026-09-08 21:00:00,0.19999999999999998,openaq_ground
2026-09-08 22:00:00,0.16666666666666666,openaq_ground
2026-09-08 23:00:00,0.03333333333333333,openaq_ground
2026-09-09 00:00:00,0.03333333333333333,openaq_ground
2026-09-09 01:00:00,0.0,openaq_ground
2026-09-09 02:00:00,0.03333333333333333,openaq_ground
2026-09-09 03:00:00,0.0,openaq_ground
2026-09-09 04:00:00,0.0,openaq_ground
2026-09-09 05:00:00,0.13333333333333333,openaq_ground
2026-09-09 06:00:00,0.2333333333333333,openaq_ground
2026-09-09 07:00:00,3.233333333333333,openaq_ground
2026-09-09 08:00:00,1.8333333333333333,openaq_ground
2026-09-09 09:00:00,1.0333333333333334,openaq_ground
2026-09-09 10:00:00,5.3,openaq_ground
2026-09-09 11:00:00,6.133333333333334,openaq_ground
2026-09-09 12:00:00,4.933333333333333,openaq_ground
2026-09-09 13:00:00,2.966666666666667,openaq_ground
2026-09-09 14:00:00,2.2666666666666666,openaq_ground
2026-09-09 15:00:00,1.7,openaq_ground
2026-09-09 16:00:00,1.2666666666666666,openaq_ground
2026-09-09 17:00:00,0.7999999999999999,openaq_ground
2026-09-09 18:00:00,0.8999999999999999,openaq_ground
2026-09-09 19:00:00,0.8666666666666667,openaq_ground
2026-09-09 20:00:00,0.7333333333333334,openaq_ground
2026-09-09 21:00:00,0.19999999999999998,openaq_ground
2026-09-09 22:00:00,0.03333333333333333,openaq_ground
2026-09-09 23:00:00,0.0,openaq_ground
2026-09-10 00:00:00,0.0,openaq_ground
2026-09-10 01:00:00,0.0,openaq_ground
2026-09-10 02:00:00,0.0,openaq_ground
2026-09-10 03:00:00,0.03333333333333333,openaq_ground
2026-09-10 04:00:00,0.03333333333333333,openaq_ground
2026-09-10 05:00:00,0.03333333333333333,openaq_ground
2026-09-10 06:00:00,0.7333333333333334,openaq_ground
2026-09-10 07:00:00,0.7999999999999999,openaq_ground
2026-09-10 08:00:00,0.3666666666666667,openaq_ground
2026-09-10 09:00:00,0.4000000000000001,openaq_ground
2026-09-10 10:00:00,0.7333333333333334,openaq_ground
2026-09-10 11:00:00,0.7333333333333334,openaq_ground
2026-09-10 12:00:00,0.10000000000000002,openaq_ground
2026-09-10 13:00:00,0.2333333333333333,openaq_ground
2026-09-10 14:00:00,0.26666666666666666,openaq_ground
2026-09-10 15:00:00,0.3333333333333333,openaq_ground
2026-09-10 16:00:00,0.5333333333333333,openaq_ground
2026-09-10 17:00:00,0.03333333333333333,openaq_ground
2026-09-10 18:00:00,0.13333333333333333,openaq_ground
2026-09-10 19:00:00,0.43333333333333335,openaq_ground
2026-09-10 20:00:00,0.13333333333333333,openaq_ground
2026-09-10 21:00:00,0.13333333333333333,openaq_ground
2026-09-10 22:00:00,0.06666666666666667,openaq_ground
2026-09-10 23:00:00,0.13333333333333333,openaq_ground
2026-09-11 00:00:00,0.3,openaq_ground
2026-09-11 01:00:00,0.2333333333333333,openaq_ground
2026-09-11 02:00:00,0.09999999999999999,openaq_ground
2026-09-11 03:00:00,0.13333333333333333,openaq_ground
2026-09-11 04:00:00,0.3666666666666667,openaq_ground
2026-09-11 05:00:00,0.8333333333333334,openaq_ground
2026-09-11 06:00:00,1.0666666666666667,openaq_ground
2026-09-11 07:00:00,0.7333333333333334,openaq_ground
2026-09-11 08:00:00,0.7000000000000001,openaq_ground
2026-09-11 09:00:00,0.6333333333333333,openaq_ground
2026-09-11 10:00:00,0.3,openaq_ground
2026-09-11 11:00:00,0.4666666666666666,openaq_ground
2026-09-11 12:00:00,0.43333333333333335,openaq_ground
2026-09-11 13:00:00,0.4000000000000001,openaq_ground
2026-09-11 14:00:00,0.43333333333333335,openaq_ground
2026-09-11 15:00:00,0.6666666666666666,openaq_ground
2026-09-11 16:00:00,0.6666666666666666,openaq_ground
2026-09-11 17:00:00,0.9333333333333332,openaq_ground
2026-09-11 18:00:00,0.8666666666666667,openaq_ground
2026-09-11 19:00:00,1.1666666666666667,openaq_ground
2026-09-11 20:00:00,1.0999999999999999,openaq_ground
2026-09-11 21:00:00,1.2666666666666666,openaq_ground
2026-09-11 22:00:00,1.4666666666666668,openaq_ground
2026-09-11 23:00:00,1.1,openaq_ground
2026-09-12 00:00:00,1.1333333333333333,openaq_ground
2026-09-12 01:00:00,0.7999999999999999,openaq_ground
2026-09-12 02:00:00,0.9666666666666667,openaq_ground
2026-09-12 03:00:00,0.9,openaq_ground
2026-09-12 04:00:00,1.0,openaq_ground
2026-09-12 05:00:00,1.4666666666666668,openaq_ground
2026-09-12 06:00:00,1.6666666666666667,openaq_ground
2026-09-12 07:00:00,1.4333333333333333,openaq_ground
2026-09-12 08:00:00,0.9333333333333332,openaq_ground
2026-09-12 09:00:00,0.6333333333333333,openaq_ground
2026-09-12 10:00:00,0.5333333333333333,openaq_ground
2026-09-12 11:00:00,0.5,openaq_ground
2026-09-12 12:00:00,0.3,openaq_ground
2026-09-12 13:00:00,0.3,openaq_ground
2026-09-12 14:00:00,0.3666666666666667,openaq_ground
2026-09-12 15:00:00,0.3,openaq_ground
2026-09-12 16:00:00,0.26666666666666666,openaq_ground
2026-09-12 17:00:00,0.3,openaq_ground
2026-09-12 18:00:00,0.19999999999999998,openaq_ground
2026-09-12 19:00:00,0.2333333333333333,openaq_ground
2026-09-12 20:00:00,0.3666666666666667,openaq_ground
2026-09-12 21:00:00,0.2333333333333333,openaq_ground
2026-09-12 22:00:00,0.2333333333333333,openaq_ground
2026-09-12 23:00:00,0.3,openaq_ground
2026-09-13 00:00:00,0.3,openaq_ground
2026-09-13 01:00:00,0.26666666666666666,openaq_ground
2026-09-13 02:00:00,0.3333333333333333,openaq_ground
2026-09-13 03:00:00,0.26666666666666666,openaq_ground
2026-09-13 04:00:00,0.3,openaq_ground
2026-09-13 05:00:00,0.7000000000000001,openaq_ground
2026-09-13 06:00:00,1.5,openaq_ground
2026-09-13 07:00:00,1.5,openaq_ground
2026-09-13 08:00:00,1.4333333333333333,openaq_ground
2026-09-13 09:00:00,1.2,openaq_ground
2026-09-13 10:00:00,0.9,openaq_ground
2026-09-13 11:00:00,0.6666666666666666,openaq_ground
2026-09-13 12:00:00,0.39999999999999997,openaq_ground
2026-09-13 13:00:00,0.2333333333333333,openaq_ground
2026-09-13 14:00:00,0.3666666666666667,openaq_ground
2026-09-13 15:00:00,0.3,openaq_ground
2026-09-13 16:00:00,0.26666666666666666,openaq_ground
2026-09-13 17:00:00,0.3,openaq_ground
2026-09-13 18:00:00,0.3666666666666667,openaq_ground
2026-09-13 19:00:00,0.3666666666666667,openaq_ground
2026-09-13 20:00:00,0.5333333333333333,openaq_ground
2026-09-13 21:00:00,0.39999999999999997,openaq_ground
2026-09-13 22:00:00,0.03333333333333333,openaq_ground
2026-09-13 23:00:00,0.09999999999999999,openaq_ground
2026-09-14 00:00:00,0.03333333333333333,openaq_ground
2026-09-14 01:00:00,0.03333333333333333,openaq_ground
2026-09-14 02:00:00,0.03333333333333333,openaq_ground
2026-09-14 03:00:00,0.16666666666666666,openaq_ground
2026-09-14 04:00:00,0.16666666666666666,openaq_ground
2026-09-14 05:00:00,0.3,openaq_ground
2026-09-14 06:00:00,1.0666666666666667,openaq_ground
2026-09-14 07:00:00,2.9,openaq_ground
2026-09-14 08:00:00,2.466666666666667,openaq_ground
2026-09-14 09:00:00,1.2,openaq_ground
2026-09-14 10:00:00,1.0333333333333334,openaq_ground
2026-09-14 11:00:00,0.7000000000000001,openaq_ground
2026-09-14 12:00:00,0.6333333333333334,openaq_ground
2026-09-14 13:00:00,0.9,openaq_ground
2026-09-14 14:00:00,0.8666666666666667,openaq_ground
2026-09-14 15:00:00,0.8000000000000002,openaq_ground
2026-09-14 16:00:00,0.8333333333333334,openaq_ground
2026-09-14 17:00:00,0.7333333333333333,openaq_ground
2026-09-14 18:00:00,0.6333333333333333,openaq_ground
2026-09-14 19:00:00,0.26666666666666666,openaq_ground
2026-09-14 20:00:00,0.26666666666666666,openaq_ground
2026-09-14 21:00:00,0.06666666666666667,openaq_ground
2026-09-14 22:00:00,0.0,openaq_ground
2026-09-14 23:00:00,0.26666666666666666,openaq_ground
2026-09-15 00:00:00,0.0,openaq_ground
2026-09-15 01:00:00,0.0,openaq_ground
2026-09-15 02:00:00,0.03333333333333333,openaq_ground
2026-09-15 03:00:00,0.0,openaq_ground
2026-09-15 04:00:00,0.03333333333333333,openaq_ground
2026-09-15 05:00:00,0.26666666666666666,openaq_ground
2026-09-15 06:00:00,1.633333333333333,openaq_ground
2026-09-15 07:00:00,2.2,openaq_ground
2026-09-15 08:00:00,1.6666666666666667,openaq_ground
2026-09-15 09:00:00,2.2666666666666666,openaq_ground
2026-09-15 10:00:00,2.0,openaq_ground
2026-09-15 11:00:00,1.5333333333333332,openaq_ground
2026-09-15 12:00:00,1.5333333333333332,openaq_ground
2026-09-15 13:00:00,0.5666666666666667,openaq_ground
2026-09-15 14:00:00,0.26666666666666666,openaq_ground
2026-09-15 15:00:00,0.5666666666666667,openaq_ground
2026-09-15 16:00:00,0.46666666666666673,openaq_ground
2026-09-15 17:00:00,0.6666666666666666,openaq_ground
2026-09-15 18:00:00,0.3333333333333333,openaq_ground
2026-09-15 19:00:00,1.2666666666666666,openaq_ground
2026-09-15 20:00:00,0.5666666666666667,openaq_ground
2026-09-15 21:00:00,0.3,openaq_ground
2026-09-15 22:00:00,0.3666666666666667,openaq_ground
2026-09-15 23:00:00,0.2333333333333333,openaq_ground
2026-09-16 00:00:00,0.16666666666666666,openaq_ground
2026-09-16 01:00:00,0.09999999999999999,openaq_ground
2026-09-16 02:00:00,0.13333333333333333,openaq_ground
2026-09-16 03:00:00,0.2333333333333333,openaq_ground
2026-09-16 04:00:00,0.16666666666666666,openaq_ground
2026-09-16 05:00:00,0.3333333333333333,openaq_ground
2026-09-16 06:00:00,1.0,openaq_ground
2026-09-16 07:00:00,0.7666666666666667,openaq_ground
2026-09-16 08:00:00,0.7000000000000001,openaq_ground
2026-09-16 09:00:00,0.6666666666666666,openaq_ground
2026-09-16 10:00:00,1.1333333333333333,openaq_ground
2026-09-16 11:00:00,0.6666666666666666,openaq_ground
2026-09-16 12:00:00,0.7000000000000001,openaq_ground
2026-09-16 13:00:00,1.2333333333333332,openaq_ground
2026-09-16 14:00:00,0.46666666666666673,openaq_ground
2026-09-16 15:00:00,0.2333333333333333,openaq_ground
2026-09-16 16:00:00,0.19999999999999998,openaq_ground
2026-09-16 17:00:00,0.03333333333333333,openaq_ground
2026-09-16 18:00:00,0.06666666666666667,openaq_ground
2026-09-16 19:00:00,0.0,openaq_ground
2026-09-16 20:00:00,0.03333333333333333,openaq_ground
2026-09-16 21:00:00,0.0,openaq_ground
2026-09-16 22:00:00,0.0,openaq_ground
2026-09-16 23:00:00,0.0,openaq_ground
2026-09-17 00:00:00,0.03333333333333333,openaq_ground
2026-09-17 01:00:00,0.09999999999999999,openaq_ground
2026-09-17 02:00:00,0.03333333333333333,openaq_ground
2026-09-17 03:00:00,0.16666666666666666,openaq_ground
2026-09-17 04:00:00,0.6666666666666666,openaq_ground
2026-09-17 05:00:00,0.5666666666666668,openaq_ground
2026-09-17 06:00:00,0.5333333333333333,openaq_ground
2026-09-17 07:00:00,1.0666666666666667,openaq_ground
2026-09-17 08:00:00,0.7666666666666666,openaq_ground
2026-09-17 09:00:00,0.7999999999999999,openaq_ground
2026-09-17 10:00:00,0.43333333333333335,openaq_ground
2026-09-17 11:00:00,0.6,openaq_ground
2026-09-17 12:00:00,0.3666666666666667,openaq_ground
2026-09-17 13:00:00,0.2333333333333333,openaq_ground
2026-09-17 14:00:00,0.13333333333333333,openaq_ground
2026-09-17 15:00:00,0.06666666666666667,openaq_ground
2026-09-17 16:00:00,0.13333333333333333,openaq_ground
2026-09-17 17:00:00,0.03333333333333333,openaq_ground
2026-09-17 18:00:00,0.03333333333333333,openaq_ground
2026-09-17 19:00:00,0.13333333333333333,openaq_ground
2026-09-17 20:00:00,0.16666666666666666,openaq_ground
2026-09-17 21:00:00,0.06666666666666667,openaq_ground
2026-09-17 22:00:00,0.09999999999999999,openaq_ground
2026-09-17 23:00:00,0.03333333333333333,openaq_ground
2026-09-18 00:00:00,0.0,openaq_ground
2026-09-18 01:00:00,0.0,openaq_ground
2026-09-18 02:00:00,0.03333333333333333,openaq_ground
2026-09-18 03:00:00,0.0,openaq_ground
2026-09-18 04:00:00,0.03333333333333333,openaq_ground
2026-09-18 05:00:00,0.5,openaq_ground
2026-09-18 06:00:00,1.7333333333333332,openaq_ground
2026-09-18 07:00:00,2.5,openaq_ground
2026-09-18 08:00:00,2.4,openaq_ground
2026-09-18 09:00:00,2.1666666666666665,openaq_ground
2026-09-18 10:00:00,1.4000000000000001,openaq_ground
2026-09-18 11:00:00,0.9666666666666667,openaq_ground
2026-09-18 12:00:00,0.5666666666666667,openaq_ground
2026-09-18 13:00:00,0.39999999999999997,openaq_ground
2026-09-18 14:00:00,0.46666666666666673,openaq_ground
2026-09-18 15:00:00,0.43333333333333335,openaq_ground
2026-09-18 16:00:00,0.3333333333333333,openaq_ground
2026-09-18 17:00:00,0.3,openaq_ground
2026-09-18 18:00:00,0.3,openaq_ground
2026-09-18 19:00:00,0.5,openaq_ground
2026-09-18 20:00:00,0.46666666666666673,openaq_ground
2026-09-18 21:00:00,0.2333333333333333,openaq_ground
2026-09-18 22:00:00,0.13333333333333333,openaq_ground
2026-09-18 23:00:00,0.09999999999999999,openaq_ground
2026-09-19 00:00:00,0.19999999999999998,openaq_ground
2026-09-19 01:00:00,0.19999999999999998,openaq_ground
2026-09-19 02:00:00,0.3,openaq_ground
2026-09-19 03:00:00,0.3,openaq_ground
2026-09-19 04:00:00,0.3333333333333333,openaq_ground
2026-09-19 05:00:00,0.39999999999999997,openaq_ground
2026-09-19 06:00:00,0.7000000000000001,openaq_ground
2026-09-19 07:00:00,0.8333333333333334,openaq_ground
2026-09-19 08:00:00,1.0666666666666667,openaq_ground
2026-09-19 09:00:00,1.3333333333333333,openaq_ground
2026-09-19 10:00:00,1.8333333333333333,openaq_ground
2026-09-19 11:00:00,2.9,openaq_ground
2026-09-19 12:00:00,3.533333333333333,openaq_ground
2026-09-19 13:00:00,4.4,openaq_ground
2026-09-19 14:00:00,4.966666666666666,openaq_ground
2026-09-19 15:00:00,4.966666666666667,openaq_ground
2026-09-19 16:00:00,4.966666666666667,openaq_ground
2026-09-19 17:00:00,4.433333333333334,openaq_ground
2026-09-19 18:00:00,3.8000000000000003,openaq_ground
2026-09-19 19:00:00,3.733333333333333,openaq_ground
2026-09-19 20:00:00,2.9333333333333336,openaq_ground
2026-09-19 21:00:00,1.7333333333333334,openaq_ground
2026-09-19 22:00:00,2.4,openaq_ground
2026-09-19 23:00:00,1.7666666666666666,openaq_ground
2026-09-20 00:00:00,1.9000000000000001,openaq_ground
2026-09-20 01:00:00,1.5666666666666667,openaq_ground
2026-09-20 02:00:00,1.3,openaq_ground
2026-09-20 03:00:00,1.1666666666666667,openaq_ground
2026-09-20 04:00:00,1.4333333333333333,openaq_ground
2026-09-20 05:00:00,1.7333333333333334,openaq_ground
2026-09-20 06:00:00,2.4,openaq_ground
2026-09-20 07:00:00,2.6999999999999997,openaq_ground
2026-09-20 08:00:00,2.033333333333333,openaq_ground
2026-09-20 09:00:00,1.6000000000000003,openaq_ground
2026-09-20 10:00:00,1.5999999999999999,openaq_ground
2026-09-20 11:00:00,1.4333333333333333,openaq_ground
2026-09-20 12:00:00,1.3333333333333333,openaq_ground
2026-09-20 13:00:00,1.5333333333333332,openaq_ground
2026-09-20 14:00:00,1.5,openaq_ground
2026-09-20 15:00:00,1.6333333333333335,openaq_ground
2026-09-20 16:00:00,1.3333333333333333,openaq_ground
2026-09-20 17:00:00,1.3666666666666665,openaq_ground
2026-09-20 18:00:00,1.3333333333333333,openaq_ground
2026-09-20 19:00:00,1.4333333333333333,openaq_ground
2026-09-20 20:00:00,1.3666666666666665,openaq_ground
2026-09-20 21:00:00,1.0999999999999999,openaq_ground
2026-09-20 22:00:00,0.8333333333333334,openaq_ground
2026-09-20 23:00:00,0.8000000000000002,openaq_ground
2026-09-21 00:00:00,0.5333333333333333,openaq_ground
2026-09-21 01:00:00,0.9666666666666667,openaq_ground
2026-09-21 02:00:00,0.6666666666666666,openaq_ground
2026-09-21 03:00:00,0.6333333333333333,openaq_ground
2026-09-21 04:00:00,0.7666666666666666,openaq_ground
2026-09-21 05:00:00,1.0666666666666667,openaq_ground
2026-09-21 06:00:00,1.5666666666666667,openaq_ground
2026-09-21 07:00:00,1.4333333333333333,openaq_ground
2026-09-21 08:00:00,1.4333333333333333,openaq_ground
2026-09-21 09:00:00,1.0,openaq_ground
2026-09-21 10:00:00,1.0,openaq_ground
2026-09-21 11:00:00,1.4666666666666668,openaq_ground
2026-09-21 12:00:00,1.1333333333333333,openaq_ground
2026-09-21 13:00:00,0.9333333333333335,openaq_ground
2026-09-21 14:00:00,0.9333333333333335,openaq_ground
2026-09-21 15:00:00,1.0333333333333334,openaq_ground
2026-09-21 16:00:00,1.0666666666666667,openaq_ground
2026-09-21 17:00:00,1.0999999999999999,openaq_ground
2026-09-21 18:00:00,1.0666666666666667,openaq_ground
2026-09-21 19:00:00,1.0999999999999999,openaq_ground
2026-09-21 20:00:00,1.0333333333333334,openaq_ground
2026-09-21 21:00:00,1.0666666666666667,openaq_ground
2026-09-21 22:00:00,0.8666666666666667,openaq_ground
2026-09-21 23:00:00,0.8666666666666667,openaq_ground
2026-09-22 00:00:00,1.8333333333333333,openaq_ground
2026-09-22 01:00:00,2.1,openaq_ground
2026-09-22 02:00:00,3.133333333333333,openaq_ground
2026-09-22 03:00:00,1.8333333333333333,openaq_ground
2026-09-22 04:00:00,7.8999999999999995,openaq_ground
2026-09-22 05:00:00,3.7999999999999994,openaq_ground
2026-09-22 06:00:00,8.9,openaq_ground
2026-09-22 07:00:00,8.2,openaq_ground
2026-09-22 08:00:00,2.733333333333333,openaq_ground
2026-09-22 09:00:00,1.0666666666666667,openaq_ground
2026-09-22 10:00:00,1.0666666666666667,openaq_ground
2026-09-22 11:00:00,1.1666666666666667,openaq_ground
2026-09-22 12:00:00,1.2,openaq_ground
2026-09-22 13:00:00,1.3666666666666665,openaq_ground
2026-09-22 14:00:00,1.0333333333333332,openaq_ground
2026-09-22 15:00:00,0.7999999999999999,openaq_ground
2026-09-22 16:00:00,0.7000000000000001,openaq_ground
2026-09-22 17:00:00,0.7000000000000001,openaq_ground
2026-09-22 18:00:00,0.8333333333333334,openaq_ground
2026-09-22 19:00:00,1.2,openaq_ground
2026-09-22 20:00:00,6.0,openaq_ground
2026-09-22 21:00:00,5.033333333333333,openaq_ground
2026-09-22 22:00:00,1.5666666666666667,openaq_ground
2026-09-22 23:00:00,1.3,openaq_ground
2026-09-23 00:00:00,5.166666666666667,openaq_ground
2026-09-23 01:00:00,4.6,openaq_ground
2026-09-23 02:00:00,0.6333333333333334,openaq_ground
2026-09-23 03:00:00,0.7666666666666667,openaq_ground
2026-09-23 04:00:00,0.6666666666666666,openaq_ground
2026-09-23 05:00:00,0.3666666666666667,openaq_ground
2026-09-23 06:00:00,0.5,openaq_ground
2026-09-23 07:00:00,0.75,openaq_ground
2026-09-23 08:00:00,0.45,openaq_ground
2026-09-23 09:00:00,0.85,openaq_ground
2026-09-23 10:00:00,1.05,openaq_ground
2026-09-23 11:00:00,0.7,openaq_ground
2026-09-23 12:00:00,0.65,openaq_ground
2026-09-23 13:00:00,1.1500000000000001,openaq_ground
2026-09-23 14:00:00,0.5,openaq_ground
2026-09-23 15:00:00,0.65,openaq_ground
2026-09-23 16:00:00,0.5,openaq_ground
2026-09-23 17:00:00,0.15000000000000002,openaq_ground
2026-09-23 18:00:00,0.8500000000000001,openaq_ground
2026-09-23 19:00:00,0.45,openaq_ground
2026-09-23 20:00:00,0.15000000000000002,openaq_ground
2026-09-23 21:00:00,0.3,openaq_ground
2026-09-23 22:00:00,1.05,openaq_ground
2026-09-23 23:00:00,0.35,openaq_ground
2026-09-24 00:00:00,0.1,openaq_ground
2026-09-24 01:00:00,0.1,openaq_ground
2026-09-24 02:00:00,0.05,openaq_ground
2026-09-24 03:00:00,0.6,openaq_ground
2026-09-24 04:00:00,0.25,openaq_ground
2026-09-24 05:00:00,0.35,openaq_ground
2026-09-24 06:00:00,0.65,openaq_ground
2026-09-24 07:00:00,4.15,openaq_ground
2026-09-24 08:00:00,2.8,openaq_ground
2026-09-24 09:00:00,2.45,openaq_ground
2026-09-24 10:00:00,1.5,openaq_ground
2026-09-24 11:00:00,1.5,openaq_ground
2026-09-24 12:00:00,1.8,openaq_ground
2026-09-24 13:00:00,1.5999999999999999,openaq_ground
2026-09-24 14:00:00,1.65,openaq_ground
2026-09-24 15:00:00,1.2,openaq_ground
2026-09-24 16:00:00,1.0,openaq_ground
2026-09-24 17:00:00,0.5,openaq_ground
2026-09-24 18:00:00,0.25,openaq_ground
2026-09-24 19:00:00,0.9500000000000001,openaq_ground
2026-09-24 20:00:00,3.1,openaq_ground
2026-09-24 21:00:00,6.0,openaq_ground
2026-09-24 22:00:00,1.05,openaq_ground
2026-09-25 00:00:00,0.06666666666666667,openaq_ground
2026-09-25 01:00:00,4.333333333333333,openaq_ground
2026-09-25 02:00:00,1.0666666666666667,openaq_ground
2026-09-25 03:00:00,0.09999999999999999,openaq_ground
2026-09-25 04:00:00,0.09999999999999999,openaq_ground
2026-09-25 05:00:00,0.19999999999999998,openaq_ground
2026-09-25 06:00:00,0.9666666666666667,openaq_ground
2026-09-25 07:00:00,1.9666666666666668,openaq_ground
2026-09-25 08:00:00,1.4333333333333333,openaq_ground
2026-09-25 09:00:00,0.7999999999999999,openaq_ground
2026-09-25 10:00:00,0.3,openaq_ground
2026-09-25 11:00:00,0.19999999999999998,openaq_ground
2026-09-25 12:00:00,0.13333333333333333,openaq_ground
2026-09-25 13:00:00,0.09999999999999999,openaq_ground
2026-09-25 14:00:00,0.2333333333333333,openaq_ground
2026-09-25 15:00:00,0.3,openaq_ground
2026-09-25 16:00:00,0.13333333333333333,openaq_ground
2026-09-25 17:00:00,0.3666666666666667,openaq_ground
2026-09-25 18:00:00,0.2333333333333333,openaq_ground
2026-09-25 19:00:00,0.3666666666666667,openaq_ground
2026-09-25 20:00:00,0.3,openaq_ground
2026-09-25 21:00:00,0.5666666666666667,openaq_ground
2026-09-25 22:00:00,0.8666666666666667,openaq_ground
