datetime,temperature_2m,relative_humidity_2m,surface_pressure,wind_speed_10m,wind_direction_10m,precipitation,pm25,pm10,no2,source,aqi,risk_category
2025-07-31 00:00:00,26.3,97.0,975.5,7.9,123.0,1.6,50.0,28.5,16.5,openaq_ground,136.7035175879397,Unhealthy (Sensitive Groups)
2025-07-31 01:00:00,26.2,95.0,975.1,9.8,142.0,0.3,48.3,15.3,26.7,openaq_ground,132.5175879396985,Unhealthy (Sensitive Groups)
2025-07-31 02:00:00,25.8,98.0,974.8,6.4,148.0,3.5,43.0,35.8,32.2,openaq_ground,119.46733668341709,Unhealthy (Sensitive Groups)
2025-07-31 03:00:00,25.5,98.0,974.3,6.2,147.0,5.8,23.0,43.5,31.6,openaq_ground,73.92274678111588,Moderate
2025-07-31 04:00:00,25.3,98.0,974.5,6.8,138.0,3.4,38.5,65.3,30.1,openaq_ground,108.38693467336684,Unhealthy (Sensitive Groups)
2025-07-31 05:00:00,25.4,98.0,974.7,5.3,123.0,1.0,85.3,108.0,28.1,openaq_ground,166.38672286617492,Unhealthy
2025-07-31 06:00:00,25.7,97.0,974.9,7.5,132.0,1.4,72.3,119.0,23.5,openaq_ground,159.67439409905163,Unhealthy
2025-07-31 07:00:00,25.4,97.0,975.7,4.9,156.0,8.0,31.0,96.3,16.6,openaq_ground,90.74678111587983,Moderate
2025-07-31 08:00:00,25.7,95.0,975.9,8.4,127.0,2.9,40.0,27.0,16.9,openaq_ground,112.08040201005025,Unhealthy (Sensitive Groups)
2025-07-31 09:00:00,26.4,91.0,976.3,9.9,147.0,0.3,40.7,22.7,18.7,openaq_ground,113.80402010050253,Unhealthy (Sensitive Groups)
2025-07-31 10:00:00,28.0,85.0,976.3,8.7,143.0,0.3,42.0,23.3,16.5,openaq_ground,117.00502512562814,Unhealthy (Sensitive Groups)
2025-07-31 11:00:00,28.9,82.0,975.8,7.8,151.0,0.2,41.5,34.5,18.2,openaq_ground,115.77386934673368,Unhealthy (Sensitive Groups)
2025-07-31 12:00:00,29.7,78.0,974.9,8.5,162.0,0.1,41.0,35.3,25.2,openaq_ground,114.5427135678392,Unhealthy (Sensitive Groups)
2025-07-31 13:00:00,29.9,76.0,974.2,8.5,155.0,0.0,21.0,36.7,28.9,openaq_ground,69.71673819742489,Moderate
2025-07-31 14:00:00,30.4,74.0,973.5,6.4,153.0,0.0,15.0,48.0,20.6,openaq_ground,57.09871244635193,Moderate
2025-07-31 15:00:00,30.8,72.0,973.1,6.6,163.0,0.0,15.75,62.0,22.0,openaq_ground,58.675965665236056,Moderate
2025-07-31 16:00:00,31.2,70.0,972.5,4.0,190.0,0.0,16.5,82.5,32.6,openaq_ground,64.61111111111111,Moderate
2025-07-31 17:00:00,31.5,69.0,972.5,1.5,173.0,0.0,17.25,72.0,28.4,openaq_ground,61.8304721030043,Moderate
2025-07-31 18:00:00,28.9,85.0,975.1,2.2,215.0,0.1,18.0,62.0,22.3,openaq_ground,63.407725321888414,Moderate
2025-07-31 19:00:00,28.1,88.0,975.0,2.7,293.0,0.2,30.0,73.8,26.0,openaq_ground,88.64377682403435,Moderate
2025-07-31 20:00:00,27.8,89.0,975.8,2.9,47.0,0.1,42.0,83.5,23.5,openaq_ground,117.00502512562814,Unhealthy (Sensitive Groups)
2025-07-31 21:00:00,27.4,92.0,976.8,2.6,74.0,0.0,42.0,66.8,17.6,openaq_ground,117.00502512562814,Unhealthy (Sensitive Groups)
2025-07-31 22:00:00,27.3,93.0,976.7,2.2,132.0,0.0,39.375,92.8,12.2,openaq_ground,110.54145728643216,Unhealthy (Sensitive Groups)
2025-07-31 23:00:00,27.0,95.0,976.6,3.9,114.0,0.0,36.75,38.0,6.4,openaq_ground,104.07788944723617,Unhealthy (Sensitive Groups)
2025-08-01 00:00:00,26.5,93.0,976.4,3.4,174.0,0.2,34.125,47.5,6.0175,openaq_ground,97.318669527897,Moderate
2025-08-01 01:00:00,26.3,90.0,976.0,5.4,132.0,1.3,31.5,57.0,5.635,openaq_ground,91.79828326180258,Moderate
2025-08-01 02:00:00,26.0,94.0,975.4,5.1,132.0,0.1,28.875,66.5,5.2525,openaq_ground,86.27789699570815,Moderate
2025-08-01 03:00:00,25.7,96.0,975.3,3.9,158.0,0.0,26.25,76.0,4.87,openaq_ground,80.75751072961374,Moderate
2025-08-01 05:00:00,25.5,97.0,975.9,3.1,170.0,0.0,21.0,25.0,17.0,openaq_ground,69.71673819742489,Moderate
2025-08-01 06:00:00,25.8,96.0,976.2,5.6,228.0,0.1,30.0,96.8,10.1,openaq_ground,88.64377682403435,Moderate
2025-08-01 07:00:00,26.4,93.0,976.2,2.6,196.0,0.1,24.0,51.0,13.9,openaq_ground,76.02575107296138,Moderate
2025-08-01 08:00:00,27.8,86.0,976.9,5.2,243.0,0.0,22.75,51.5625,14.85,openaq_ground,73.3969957081545,Moderate
2025-08-01 09:00:00,29.1,78.0,977.2,6.1,251.0,0.0,21.5,52.125,15.8,openaq_ground,70.76824034334764,Moderate
2025-08-01 10:00:00,29.9,74.0,976.9,4.9,242.0,0.0,20.25,52.6875,16.75,openaq_ground,68.13948497854078,Moderate
2025-08-01 11:00:00,30.9,72.0,976.6,3.1,216.0,0.1,19.0,53.25,17.7,openaq_ground,65.5107296137339,Moderate
2025-08-01 12:00:00,31.4,72.0,976.0,3.3,167.0,0.2,17.75,53.8125,18.65,openaq_ground,62.88197424892704,Moderate
2025-08-01 13:00:00,32.0,70.0,975.2,3.6,210.0,0.2,16.5,54.375,19.6,openaq_ground,60.25321888412017,Moderate
2025-08-01 15:00:00,30.8,75.0,973.9,10.6,251.0,2.9,14.0,55.5,21.5,openaq_ground,54.99570815450644,Moderate
2025-08-01 16:00:00,29.1,85.0,973.9,4.0,280.0,2.1,15.0,60.3,14.7,openaq_ground,57.09871244635193,Moderate
2025-08-01 17:00:00,29.3,84.0,974.2,4.1,315.0,0.0,23.0,64.0,15.4,openaq_ground,73.92274678111588,Moderate
2025-08-01 18:00:00,28.8,87.0,975.5,1.4,293.0,0.0,25.0,75.0,16.0,openaq_ground,78.12875536480686,Moderate
2025-08-01 19:00:00,28.4,91.0,976.1,1.9,163.0,0.0,33.0,70.8,21.7,openaq_ground,94.95278969957081,Moderate
2025-08-01 20:00:00,28.2,92.0,976.5,2.3,209.0,0.0,28.5,58.3,17.0,openaq_ground,85.4892703862661,Moderate
2025-08-01 21:00:00,28.2,89.0,977.1,4.6,231.0,0.0,15.0,44.0,16.7,openaq_ground,57.09871244635193,Moderate
2025-08-01 22:00:00,28.0,85.0,977.1,6.3,246.0,0.0,15.8,53.8,19.1,openaq_ground,58.78111587982833,Moderate
2025-08-01 23:00:00,27.5,84.0,976.8,4.8,250.0,0.0,16.5,56.3,17.8,openaq_ground,60.25321888412017,Moderate
2025-08-02 00:00:00,27.1,85.0,976.4,5.0,232.0,0.0,13.5,56.0,18.6,openaq_ground,53.94420600858369,Moderate
2025-08-02 01:00:00,26.9,86.0,975.7,6.2,249.0,0.0,22.0,65.3,32.6,openaq_ground,71.8197424892704,Moderate
2025-08-02 02:00:00,26.6,87.0,975.1,5.5,257.0,0.0,31.5,93.3,16.5,openaq_ground,91.79828326180258,Moderate
2025-08-02 03:00:00,26.4,88.0,975.4,4.3,248.0,0.0,25.5,74.0,12.6,openaq_ground,79.18025751072962,Moderate
2025-08-02 04:00:00,26.3,89.0,975.7,4.2,245.0,0.0,31.0,98.3,16.0,openaq_ground,90.74678111587983,Moderate
2025-08-02 05:00:00,26.0,90.0,976.2,4.9,242.0,0.0,34.3,105.0,14.2,openaq_ground,97.68669527896995,Moderate
2025-08-02 06:00:00,27.5,86.0,976.4,5.5,257.0,0.0,35.5,96.3,14.0,openaq_ground,101.0,Unhealthy (Sensitive Groups)
2025-08-02 07:00:00,28.0,85.0,977.0,4.8,255.0,0.0,35.3,90.0,10.8,openaq_ground,99.78969957081546,Moderate
2025-08-02 08:00:00,28.6,81.0,977.5,5.6,245.0,0.0,30.0,82.5,13.9,openaq_ground,88.64377682403435,Moderate
2025-08-02 09:00:00,29.2,78.0,978.0,6.3,252.0,0.0,30.3,98.8,13.8,openaq_ground,89.274678111588,Moderate
2025-08-02 10:00:00,30.2,72.0,978.2,8.6,258.0,0.0,30.3,103.0,13.0,openaq_ground,89.274678111588,Moderate
2025-08-02 11:00:00,31.1,70.0,977.7,8.9,245.0,0.0,27.3,88.3,9.98,openaq_ground,82.9656652360515,Moderate
2025-08-02 12:00:00,31.7,70.0,976.8,9.2,247.0,0.0,25.3,83.0,17.2,openaq_ground,78.75965665236052,Moderate
2025-08-02 13:00:00,32.2,68.0,975.6,10.2,256.0,0.0,25.8,86.3,19.2,openaq_ground,79.81115879828327,Moderate
2025-08-02 14:00:00,32.4,66.0,974.6,10.9,264.0,0.0,24.3,67.5,27.8,openaq_ground,76.65665236051503,Moderate
2025-08-02 15:00:00,32.4,65.0,974.3,10.8,269.0,0.0,22.5,57.5,22.8,openaq_ground,72.87124463519314,Moderate
2025-08-02 16:00:00,32.0,69.0,973.8,9.2,287.0,0.0,24.0,41.0,26.1,openaq_ground,76.02575107296138,Moderate
2025-08-02 17:00:00,31.1,76.0,974.0,5.2,241.0,0.9,23.0,52.0,30.6,openaq_ground,73.92274678111588,Moderate
2025-08-02 18:00:00,30.5,74.0,975.6,6.2,278.0,0.0,20.0,49.0,30.9,openaq_ground,67.61373390557941,Moderate
2025-08-02 19:00:00,29.5,76.0,976.2,7.7,267.0,0.0,15.5,44.5,13.9,openaq_ground,58.15021459227468,Moderate
2025-08-02 20:00:00,28.7,79.0,976.9,5.8,250.0,0.0,11.0,32.3,9.7,openaq_ground,45.833333333333336,Good
2025-08-02 21:00:00,28.5,81.0,977.3,5.6,248.0,0.0,10.5,24.8,14.6,openaq_ground,43.75,Good
2025-08-02 22:00:00,28.4,82.0,977.1,4.6,231.0,0.0,10.0,22.5,20.7,openaq_ground,41.66666666666667,Good
2025-08-02 23:00:00,28.2,83.0,977.1,4.4,215.0,0.0,14.0,36.8,30.9,openaq_ground,54.99570815450644,Moderate
2025-08-03 00:00:00,28.1,83.0,977.2,6.5,194.0,0.0,15.8,38.8,30.1,openaq_ground,58.78111587982833,Moderate
2025-08-03 01:00:00,27.9,82.0,976.7,7.5,210.0,0.0,14.3,44.3,30.8,openaq_ground,55.62660944206009,Moderate
2025-08-03 02:00:00,27.5,83.0,976.1,7.0,220.0,0.0,22.0,72.5,18.0,openaq_ground,71.8197424892704,Moderate
2025-08-03 03:00:00,27.2,85.0,976.2,7.3,205.0,0.0,25.3,96.8,9.85,openaq_ground,78.75965665236052,Moderate
2025-08-03 04:00:00,27.0,87.0,976.5,7.5,215.0,0.0,26.5,86.5,10.8,openaq_ground,81.28326180257511,Moderate
2025-08-03 05:00:00,27.0,88.0,976.7,7.3,228.0,0.0,29.0,102.0,8.83,openaq_ground,86.54077253218884,Moderate
2025-08-03 06:00:00,26.8,91.0,976.9,11.8,243.0,0.1,31.8,119.0,13.5,openaq_ground,92.42918454935624,Moderate
2025-08-03 07:00:00,27.6,87.0,977.6,8.7,248.0,0.0,33.8,118.0,11.3,openaq_ground,96.63519313304721,Moderate
2025-08-03 08:00:00,29.2,79.0,978.2,7.8,255.0,0.0,36.0,120.0,11.6,openaq_ground,102.23115577889448,Unhealthy (Sensitive Groups)
2025-08-03 09:00:00,30.1,71.0,978.5,9.4,272.0,0.0,43.3,129.0,9.13,openaq_ground,120.20603015075376,Unhealthy (Sensitive Groups)
2025-08-03 10:00:00,31.2,68.0,978.8,10.9,279.0,0.0,38.0,142.0,13.5,openaq_ground,107.15577889447236,Unhealthy (Sensitive Groups)
2025-08-03 11:00:00,32.1,66.0,978.4,11.6,286.0,0.0,37.0,148.0,13.9,openaq_ground,104.69346733668341,Unhealthy (Sensitive Groups)
2025-08-03 12:00:00,32.7,66.0,978.1,10.5,289.0,0.1,34.8,144.0,13.9,openaq_ground,98.7381974248927,Moderate
2025-08-03 13:00:00,32.9,65.0,977.5,8.9,283.0,0.0,37.0,146.0,19.8,openaq_ground,104.69346733668341,Unhealthy (Sensitive Groups)
2025-08-03 14:00:00,33.1,66.0,976.9,8.7,284.0,0.0,36.8,151.0,26.5,openaq_ground,104.20100502512562,Unhealthy (Sensitive Groups)
2025-08-03 15:00:00,32.9,66.0,976.0,7.8,278.0,0.0,36.8,147.0,25.9,openaq_ground,104.20100502512562,Unhealthy (Sensitive Groups)
2025-08-03 16:00:00,31.1,74.0,975.9,10.1,295.0,0.5,38.3,134.0,29.1,openaq_ground,107.89447236180904,Unhealthy (Sensitive Groups)
2025-08-03 17:00:00,31.4,74.0,975.7,5.1,280.0,0.0,36.0,116.0,28.6,openaq_ground,102.23115577889448,Unhealthy (Sensitive Groups)
2025-08-03 18:00:00,31.1,73.0,976.8,4.2,275.0,0.0,36.5,115.0,27.6,openaq_ground,103.46231155778895,Unhealthy (Sensitive Groups)
2025-08-03 19:00:00,30.3,77.0,977.1,3.9,242.0,0.0,36.0,115.0,21.8,openaq_ground,102.23115577889448,Unhealthy (Sensitive Groups)
2025-08-03 20:00:00,29.6,80.0,977.7,5.5,224.0,0.0,33.0,110.0,15.8,openaq_ground,94.95278969957081,Moderate
2025-08-03 21:00:00,29.1,80.0,978.5,6.7,232.0,0.0,33.0,108.0,15.1,openaq_ground,94.95278969957081,Moderate
2025-08-03 22:00:00,28.7,80.0,978.8,5.2,250.0,0.0,31.8,102.0,18.9,openaq_ground,92.42918454935624,Moderate
2025-08-03 23:00:00,28.4,82.0,978.8,5.3,232.0,0.0,28.0,82.5,15.6,openaq_ground,84.43776824034336,Moderate
2025-08-04 00:00:00,28.0,84.0,978.4,4.4,235.0,0.0,28.0,80.5,13.1,openaq_ground,84.43776824034336,Moderate
2025-08-04 01:00:00,27.6,87.0,978.1,3.3,234.0,0.0,27.3,88.5,16.5,openaq_ground,82.9656652360515,Moderate
2025-08-04 02:00:00,27.0,89.0,978.4,9.0,68.0,0.1,24.0,90.3,17.3,openaq_ground,76.02575107296138,Moderate
2025-08-04 03:00:00,26.3,93.0,978.0,4.8,135.0,0.0,22.0,93.5,15.5,openaq_ground,71.8197424892704,Moderate
2025-08-04 04:00:00,26.2,95.0,978.1,4.7,173.0,0.0,24.0,98.7,13.7,openaq_ground,76.02575107296138,Moderate
2025-08-04 05:00:00,26.3,95.0,978.4,2.6,168.0,0.0,23.0,97.0,11.9,openaq_ground,73.92274678111588,Moderate
2025-08-04 06:00:00,28.2,76.0,978.5,9.4,272.0,0.0,37.8,109.0,16.3,openaq_ground,106.66331658291456,Unhealthy (Sensitive Groups)
2025-08-04 07:00:00,28.3,76.0,979.2,10.9,261.0,0.0,65.5,116.0,15.0,openaq_ground,156.16332982086408,Unhealthy
2025-08-04 08:00:00,28.4,76.0,979.6,12.1,260.0,0.0,43.8,116.0,14.2,openaq_ground,121.43718592964824,Unhealthy (Sensitive Groups)
2025-08-04 09:00:00,29.0,76.0,980.0,11.9,256.0,0.0,44.5,123.0,18.0,openaq_ground,123.1608040201005,Unhealthy (Sensitive Groups)
2025-08-04 10:00:00,29.2,76.0,980.2,11.8,263.0,0.0,39.8,122.0,16.3,openaq_ground,111.58793969849245,Unhealthy (Sensitive Groups)
2025-08-04 11:00:00,29.4,77.0,980.2,8.5,257.0,0.0,39.0,124.0,15.7,openaq_ground,109.61809045226131,Unhealthy (Sensitive Groups)
2025-08-04 12:00:00,29.5,76.0,979.6,10.2,249.0,0.0,40.8,108.0,14.3,openaq_ground,114.0502512562814,Unhealthy (Sensitive Groups)
2025-08-04 13:00:00,29.8,75.0,978.9,10.1,246.0,0.0,36.3,104.0,22.5,openaq_ground,102.96984924623115,Unhealthy (Sensitive Groups)
2025-08-04 14:00:00,30.2,75.0,978.3,9.1,253.0,0.0,31.0,86.0,32.5,openaq_ground,90.74678111587983,Moderate
2025-08-04 15:00:00,30.5,75.0,977.5,7.9,254.0,0.0,23.5,48.5,29.8,openaq_ground,74.97424892703863,Moderate
2025-08-04 16:00:00,31.0,75.0,977.1,7.6,252.0,0.0,28.3,57.3,28.5,openaq_ground,85.06866952789701,Moderate
2025-08-04 17:00:00,30.6,78.0,977.1,6.7,224.0,0.0,29.0,70.0,20.1,openaq_ground,86.54077253218884,Moderate
2025-08-04 18:00:00,29.4,83.0,977.9,5.0,182.0,0.0,35.0,71.5,34.4,openaq_ground,99.1587982832618,Moderate
2025-08-04 19:00:00,28.7,86.0,978.2,5.2,194.0,0.0,34.3,78.0,25.6,openaq_ground,97.68669527896995,Moderate
2025-08-04 20:00:00,28.6,85.0,978.7,5.8,178.0,0.0,27.3,80.8,7.45,openaq_ground,82.9656652360515,Moderate
2025-08-04 21:00:00,28.5,85.0,979.4,5.1,186.0,0.0,23.0,76.8,19.9,openaq_ground,73.92274678111588,Moderate
2025-08-04 22:00:00,28.3,87.0,979.5,6.1,194.0,0.0,26.0,66.3,15.3,openaq_ground,80.23175965665237,Moderate
2025-08-04 23:00:00,28.1,87.0,979.1,7.2,199.0,0.0,25.0,65.5,15.9,openaq_ground,78.12875536480686,Moderate
2025-08-05 00:00:00,27.8,87.0,978.7,7.6,202.0,0.0,22.0,69.8,18.7,openaq_ground,71.8197424892704,Moderate
2025-08-05 01:00:00,27.5,87.0,978.1,6.1,199.0,0.0,21.8,71.0,18.9,openaq_ground,71.3991416309013,Moderate
2025-08-05 02:00:00,27.3,87.0,977.6,6.8,217.0,0.0,22.3,79.3,18.5,openaq_ground,72.45064377682404,Moderate
2025-08-05 03:00:00,27.1,86.0,977.5,7.0,228.0,0.0,23.3,87.5,16.9,openaq_ground,74.55364806866953,Moderate
2025-08-05 04:00:00,27.2,85.0,977.7,8.5,246.0,0.0,19.3,95.0,15.2,openaq_ground,70.79797979797979,Moderate
2025-08-05 05:00:00,27.1,84.0,977.9,9.5,255.0,0.0,29.7,102.0,18.8,openaq_ground,88.01287553648069,Moderate
2025-08-05 06:00:00,27.5,79.0,978.0,10.9,261.0,0.0,32.0,99.3,12.8,openaq_ground,92.84978540772534,Moderate
2025-08-05 07:00:00,28.0,77.0,978.5,10.7,264.0,0.0,29.0,88.0,10.2,openaq_ground,86.54077253218884,Moderate
2025-08-05 08:00:00,28.7,76.0,979.1,8.8,266.0,0.0,35.0,96.0,13.9,openaq_ground,99.1587982832618,Moderate
2025-08-05 09:00:00,29.7,74.0,979.5,7.4,264.0,0.0,41.0,100.0,13.9,openaq_ground,114.5427135678392,Unhealthy (Sensitive Groups)
2025-08-05 10:00:00,30.1,73.0,980.1,5.1,306.0,0.1,38.3,101.0,12.1,openaq_ground,107.89447236180904,Unhealthy (Sensitive Groups)
2025-08-05 11:00:00,28.6,78.0,980.5,9.8,325.0,0.5,33.0,92.0,12.2,openaq_ground,94.95278969957081,Moderate
2025-08-05 12:00:00,27.1,88.0,979.9,2.4,197.0,5.0,32.8,90.3,21.4,openaq_ground,94.53218884120172,Moderate
2025-08-05 13:00:00,26.9,91.0,979.3,7.5,120.0,1.9,29.5,88.0,25.8,openaq_ground,87.5922746781116,Moderate
2025-08-05 14:00:00,27.8,89.0,978.6,7.3,164.0,0.3,22.3,61.8,33.7,openaq_ground,72.45064377682404,Moderate
2025-08-05 15:00:00,28.6,86.0,978.2,4.0,188.0,0.1,23.0,67.8,35.7,openaq_ground,73.92274678111588,Moderate
2025-08-05 16:00:00,28.9,84.0,978.2,5.0,178.0,0.0,37.0,76.0,39.2,openaq_ground,104.69346733668341,Unhealthy (Sensitive Groups)
2025-08-05 17:00:00,28.8,85.0,978.2,2.2,166.0,0.0,37.0,73.0,37.7,openaq_ground,104.69346733668341,Unhealthy (Sensitive Groups)
2025-08-05 18:00:00,28.7,87.0,978.8,3.1,121.0,0.4,36.0,92.5,33.2,openaq_ground,102.23115577889448,Unhealthy (Sensitive Groups)
2025-08-05 19:00:00,27.9,90.0,979.1,7.0,130.0,0.0,38.0,77.0,28.0,openaq_ground,107.15577889447236,Unhealthy (Sensitive Groups)
2025-08-05 20:00:00,27.6,89.0,979.6,6.4,137.0,0.0,28.5,64.5,26.3,openaq_ground,85.4892703862661,Moderate
2025-08-05 21:00:00,27.4,88.0,980.1,7.3,142.0,0.0,25.5,70.8,27.1,openaq_ground,79.18025751072962,Moderate
2025-08-05 22:00:00,27.2,88.0,980.3,7.8,146.0,0.0,21.3,66.8,18.4,openaq_ground,70.34763948497854,Moderate
2025-08-05 23:00:00,27.0,88.0,979.8,7.4,151.0,0.0,23.3,67.0,24.9,openaq_ground,74.55364806866953,Moderate
2025-08-06 00:00:00,27.0,88.0,979.6,7.4,162.0,0.0,25.3,69.3,19.5,openaq_ground,78.75965665236052,Moderate
2025-08-06 01:00:00,27.0,88.0,979.0,8.7,163.0,0.0,21.0,66.3,21.2,openaq_ground,69.71673819742489,Moderate
2025-08-06 02:00:00,26.7,90.0,978.4,7.5,170.0,0.0,23.5,66.5,20.6,openaq_ground,74.97424892703863,Moderate
2025-08-06 03:00:00,26.4,91.0,978.6,6.6,193.0,0.0,22.0,74.0,16.7,openaq_ground,71.8197424892704,Moderate
2025-08-06 04:00:00,26.3,90.0,979.3,5.9,232.0,0.0,24.5,86.0,15.5,openaq_ground,77.07725321888412,Moderate
2025-08-06 05:00:00,26.3,88.0,979.7,5.9,270.0,0.0,34.0,104.0,14.7,openaq_ground,97.05579399141632,Moderate
2025-08-06 06:00:00,27.1,82.0,980.1,7.7,252.0,0.2,40.0,115.0,14.0,openaq_ground,112.08040201005025,Unhealthy (Sensitive Groups)
2025-08-06 07:00:00,27.3,80.0,980.3,7.8,251.0,0.0,41.5,125.0,12.3,openaq_ground,115.77386934673368,Unhealthy (Sensitive Groups)
2025-08-06 08:00:00,28.1,79.0,981.0,6.8,248.0,0.0,45.3,131.0,13.9,openaq_ground,125.13065326633165,Unhealthy (Sensitive Groups)
2025-08-06 09:00:00,29.0,75.0,981.2,7.9,259.0,0.0,42.3,123.0,13.2,openaq_ground,117.74371859296483,Unhealthy (Sensitive Groups)
2025-08-06 10:00:00,30.0,72.0,981.2,7.4,264.0,0.0,39.5,123.0,8.63,openaq_ground,110.84924623115577,Unhealthy (Sensitive Groups)
2025-08-06 11:00:00,30.5,71.0,981.1,6.0,261.0,0.0,35.5,118.0,14.9,openaq_ground,101.0,Unhealthy (Sensitive Groups)
2025-08-06 12:00:00,31.0,70.0,980.8,5.1,264.0,0.0,28.7,117.0,16.8,openaq_ground,85.9098712446352,Moderate
2025-08-06 13:00:00,31.0,70.0,979.9,4.5,299.0,0.0,31.0,112.0,16.4,openaq_ground,90.74678111587983,Moderate
2025-08-06 14:00:00,31.4,69.0,979.1,3.6,279.0,0.0,33.3,107.0,20.8,openaq_ground,95.58369098712447,Moderate
2025-08-06 15:00:00,32.1,67.0,978.1,3.8,265.0,0.0,31.7,99.7,20.9,openaq_ground,92.21888412017168,Moderate
2025-08-06 16:00:00,31.7,68.0,977.3,2.7,266.0,0.1,34.0,96.5,20.3,openaq_ground,97.05579399141632,Moderate
2025-08-06 17:00:00,29.9,73.0,977.3,9.0,240.0,0.2,37.0,101.0,26.1,openaq_ground,104.69346733668341,Unhealthy (Sensitive Groups)
2025-08-06 18:00:00,29.7,78.0,978.0,4.3,315.0,0.0,44.5,119.0,34.8,openaq_ground,123.1608040201005,Unhealthy (Sensitive Groups)
2025-08-06 19:00:00,28.9,82.0,978.4,3.1,277.0,0.0,37.5,113.0,31.4,openaq_ground,105.92462311557789,Unhealthy (Sensitive Groups)
2025-08-06 20:00:00,28.4,85.0,978.7,4.3,242.0,0.0,32.0,90.5,23.4,openaq_ground,92.84978540772534,Moderate
2025-08-06 21:00:00,28.2,87.0,979.2,3.2,254.0,0.0,29.5,78.5,20.6,openaq_ground,87.5922746781116,Moderate
2025-08-06 22:00:00,28.0,88.0,979.5,2.4,222.0,0.0,30.0,70.8,19.5,openaq_ground,88.64377682403435,Moderate
2025-08-06 23:00:00,27.7,88.0,979.3,3.8,229.0,0.0,24.0,61.7,14.0,openaq_ground,76.02575107296138,Moderate
2025-08-07 00:00:00,27.5,86.0,979.0,4.2,220.0,0.0,18.0,65.3,13.2,openaq_ground,63.407725321888414,Moderate
2025-08-07 01:00:00,27.2,87.0,978.4,4.3,208.0,0.0,17.8,75.0,16.3,openaq_ground,62.987124463519315,Moderate
2025-08-07 02:00:00,27.0,86.0,978.1,5.7,233.0,0.0,18.5,88.0,14.4,openaq_ground,67.33333333333334,Moderate
2025-08-07 03:00:00,26.8,84.0,978.3,6.8,267.0,0.0,24.5,102.0,13.4,openaq_ground,77.07725321888412,Moderate
2025-08-07 04:00:00,26.4,82.0,978.6,7.2,271.0,0.0,30.3,111.0,16.2,openaq_ground,89.274678111588,Moderate
2025-08-07 05:00:00,26.0,81.0,978.7,7.4,270.0,0.0,34.0,130.0,12.4,openaq_ground,97.05579399141632,Moderate
2025-08-07 06:00:00,27.3,78.0,978.7,9.8,277.0,0.0,33.8,143.0,14.2,openaq_ground,96.63519313304721,Moderate
2025-08-07 07:00:00,28.0,77.0,979.3,10.2,279.0,0.0,34.3,159.0,12.5,openaq_ground,102.97979797979798,Unhealthy (Sensitive Groups)
2025-08-07 08:00:00,29.1,75.0,979.9,9.8,276.0,0.0,38.5,158.0,10.8,openaq_ground,108.38693467336684,Unhealthy (Sensitive Groups)
2025-08-07 09:00:00,30.5,71.0,980.1,9.7,280.0,0.0,36.8,109.0,11.1,openaq_ground,104.20100502512562,Unhealthy (Sensitive Groups)
2025-08-07 10:00:00,31.8,67.0,980.1,11.0,284.0,0.0,28.0,115.0,9.37,openaq_ground,84.43776824034336,Moderate
2025-08-07 11:00:00,32.8,59.0,979.8,11.5,295.0,0.0,29.0,126.0,14.9,openaq_ground,86.54077253218884,Moderate
2025-08-07 12:00:00,33.4,57.0,979.1,11.1,292.0,0.0,26.3,121.0,12.3,openaq_ground,83.66666666666667,Moderate
2025-08-07 13:00:00,33.7,56.0,978.0,11.1,283.0,0.0,27.0,105.0,16.5,openaq_ground,82.33476394849785,Moderate
2025-08-07 14:00:00,33.9,56.0,976.9,11.8,277.0,0.0,27.0,114.0,19.8,openaq_ground,82.33476394849785,Moderate
2025-08-07 15:00:00,33.8,56.0,975.9,12.2,278.0,0.0,30.0,122.0,33.4,openaq_ground,88.64377682403435,Moderate
2025-08-07 16:00:00,33.5,57.0,975.4,12.8,281.0,0.0,37.3,119.0,30.7,openaq_ground,105.4321608040201,Unhealthy (Sensitive Groups)
2025-08-07 17:00:00,32.7,62.0,975.4,10.0,278.0,0.0,32.0,105.0,25.5,openaq_ground,92.84978540772534,Moderate
2025-08-07 18:00:00,31.4,69.0,976.2,6.3,290.0,0.0,28.0,88.0,23.7,openaq_ground,84.43776824034336,Moderate
2025-08-07 19:00:00,30.3,73.0,976.2,6.7,278.0,0.0,30.0,82.0,23.7,openaq_ground,88.64377682403435,Moderate
2025-08-07 20:00:00,29.7,75.0,976.9,6.0,275.0,0.0,26.5,89.5,16.8,openaq_ground,81.28326180257511,Moderate
2025-08-07 21:00:00,29.2,78.0,977.7,5.3,242.0,0.0,32.3,96.0,15.0,openaq_ground,93.48068669527896,Moderate
2025-08-07 22:00:00,28.8,78.0,978.0,6.4,254.0,0.0,26.3,82.8,13.0,openaq_ground,80.86266094420601,Moderate
2025-08-07 23:00:00,28.4,77.0,978.0,6.9,263.0,0.0,21.8,77.5,13.5,openaq_ground,71.3991416309013,Moderate
2025-08-08 00:00:00,27.9,77.0,977.7,7.7,252.0,0.0,16.8,74.3,9.7,openaq_ground,60.88412017167382,Moderate
2025-08-08 01:00:00,27.6,78.0,977.3,8.0,254.0,0.0,22.3,78.8,15.2,openaq_ground,72.45064377682404,Moderate
2025-08-08 02:00:00,27.3,79.0,977.4,7.7,252.0,0.0,24.0,87.8,13.4,openaq_ground,76.02575107296138,Moderate
2025-08-08 03:00:00,27.1,77.0,977.3,9.1,261.0,0.0,25.3,106.0,13.6,openaq_ground,78.75965665236052,Moderate
2025-08-08 04:00:00,26.8,77.0,977.6,9.5,268.0,0.0,24.3,117.0,12.8,openaq_ground,81.68686868686869,Moderate
2025-08-08 05:00:00,26.4,77.0,978.0,8.3,264.0,0.0,34.0,153.0,11.5,openaq_ground,99.5050505050505,Moderate
2025-08-08 06:00:00,27.9,72.0,978.1,11.9,271.0,0.0,37.0,158.0,13.4,openaq_ground,104.69346733668341,Unhealthy (Sensitive Groups)
2025-08-08 07:00:00,28.4,71.0,978.6,11.9,269.0,0.0,40.7,156.0,7.17,openaq_ground,113.80402010050253,Unhealthy (Sensitive Groups)
2025-08-08 08:00:00,29.4,70.0,979.0,9.4,273.0,0.0,43.3,156.0,11.4,openaq_ground,120.20603015075376,Unhealthy (Sensitive Groups)
2025-08-08 09:00:00,30.5,67.0,979.5,10.2,283.0,0.0,28.5,133.0,13.3,openaq_ground,89.60606060606061,Moderate
2025-08-08 10:00:00,31.5,64.0,979.9,10.3,282.0,0.0,27.0,126.0,11.9,openaq_ground,86.14141414141415,Moderate
2025-08-08 11:00:00,31.8,64.0,980.0,9.2,277.0,0.0,27.0,131.0,12.7,openaq_ground,88.61616161616162,Moderate
2025-08-08 12:00:00,32.0,65.0,979.9,8.1,266.0,0.0,28.0,122.0,13.6,openaq_ground,84.43776824034336,Moderate
2025-08-08 13:00:00,32.8,61.0,979.6,8.3,276.0,0.0,30.3,117.0,20.1,openaq_ground,89.274678111588,Moderate
2025-08-08 14:00:00,33.1,58.0,978.9,7.9,287.0,0.0,27.5,118.0,24.9,openaq_ground,83.3862660944206,Moderate
2025-08-08 15:00:00,33.0,58.0,978.6,6.3,297.0,0.0,26.3,118.0,30.9,openaq_ground,82.18181818181819,Moderate
2025-08-08 16:00:00,32.8,61.0,978.4,4.5,310.0,0.0,29.0,113.0,31.9,openaq_ground,86.54077253218884,Moderate
2025-08-08 17:00:00,32.6,62.0,978.6,3.0,295.0,0.0,35.0,110.0,20.0,openaq_ground,99.1587982832618,Moderate
2025-08-08 18:00:00,32.3,63.0,979.5,3.3,324.0,0.0,25.5,44.0,12.6,openaq_ground,79.18025751072962,Moderate
2025-08-08 19:00:00,30.9,72.0,979.9,2.1,38.0,0.0,24.3,38.0,8.5,openaq_ground,76.65665236051503,Moderate
2025-08-08 20:00:00,30.0,76.0,980.6,3.9,74.0,0.0,18.3,30.3,15.6,openaq_ground,64.03862660944206,Moderate
2025-08-08 21:00:00,29.5,79.0,981.1,3.3,126.0,0.0,17.5,35.3,29.4,openaq_ground,62.35622317596567,Moderate
2025-08-08 22:00:00,29.1,79.0,981.5,5.0,134.0,0.0,17.5,40.96666666666666,24.733333333333334,openaq_ground,62.35622317596567,Moderate
2025-08-08 23:00:00,28.3,84.0,981.8,7.5,125.0,0.0,17.5,46.63333333333333,20.066666666666666,openaq_ground,62.35622317596567,Moderate
2025-08-09 00:00:00,27.8,88.0,981.4,5.4,120.0,0.0,17.5,52.3,15.4,openaq_ground,62.35622317596567,Moderate
2025-08-09 01:00:00,27.7,88.0,981.0,4.7,137.0,0.0,10.0,37.3,11.2,openaq_ground,41.66666666666667,Good
2025-08-09 02:00:00,27.6,88.0,980.7,5.9,157.0,0.0,12.0,22.5,9.1,openaq_ground,50.0,Good
2025-08-09 03:00:00,27.5,87.0,980.4,4.7,187.0,0.0,13.7,28.7,8.9,openaq_ground,54.36480686695279,Moderate
2025-08-09 04:00:00,27.2,88.0,980.9,3.3,158.0,0.0,15.5,32.5,9.78,openaq_ground,58.15021459227468,Moderate
2025-08-09 05:00:00,27.1,88.0,981.5,5.0,136.0,0.0,22.8,38.5,17.0,openaq_ground,73.50214592274679,Moderate
2025-08-09 06:00:00,27.2,85.0,981.6,7.2,288.0,0.1,24.3,39.3,16.9,openaq_ground,76.65665236051503,Moderate
2025-08-09 07:00:00,27.7,82.0,982.2,3.3,311.0,0.0,29.5,49.0,12.9,openaq_ground,87.5922746781116,Moderate
2025-08-09 08:00:00,27.6,83.0,982.8,2.7,94.0,0.0,25.3,33.5,14.8,openaq_ground,78.75965665236052,Moderate
2025-08-09 09:00:00,26.9,90.0,983.2,4.9,57.0,4.5,26.8,42.8,19.6,openaq_ground,81.91416309012877,Moderate
2025-08-09 10:00:00,26.1,91.0,982.7,7.2,341.0,3.5,28.8,43.8,20.3,openaq_ground,86.12017167381975,Moderate
2025-08-09 11:00:00,27.6,85.0,983.2,3.0,287.0,0.7,29.0,33.5,19.0,openaq_ground,86.54077253218884,Moderate
2025-08-09 12:00:00,28.6,79.0,982.4,3.9,294.0,0.0,30.3,43.5,19.3,openaq_ground,89.274678111588,Moderate
2025-08-09 13:00:00,29.4,77.0,981.7,3.3,311.0,0.0,25.0,51.0,31.6,openaq_ground,78.12875536480686,Moderate
2025-08-09 14:00:00,30.2,74.0,981.0,3.0,303.0,0.1,25.0,51.0,21.06666666666667,openaq_ground,78.12875536480686,Moderate
2025-08-09 15:00:00,30.5,72.0,980.0,5.9,284.0,0.0,25.0,51.0,10.533333333333335,openaq_ground,78.12875536480686,Moderate
2025-08-09 16:00:00,30.5,72.0,979.2,6.0,286.0,0.0,25.0,51.0,0.0,openaq_ground,78.12875536480686,Moderate
2025-08-09 17:00:00,30.4,73.0,979.2,5.7,314.0,0.0,38.5,64.5,7.05,openaq_ground,108.38693467336684,Unhealthy (Sensitive Groups)
2025-08-09 18:00:00,27.6,83.0,980.4,4.0,324.0,0.0,52.0,78.0,19.3,openaq_ground,141.6281407035176,Unhealthy (Sensitive Groups)
2025-08-09 19:00:00,26.9,88.0,980.6,3.2,326.0,0.0,51.0,74.0,24.5,openaq_ground,139.16582914572865,Unhealthy (Sensitive Groups)
2025-08-09 20:00:00,26.7,89.0,980.7,2.8,349.0,0.0,44.0,63.0,25.1,openaq_ground,121.92964824120602,Unhealthy (Sensitive Groups)
2025-08-09 21:00:00,26.6,89.0,981.1,2.8,315.0,0.0,34.7,60.7,29.0,openaq_ground,98.52789699570816,Moderate
2025-08-09 22:00:00,26.4,90.0,981.1,2.6,286.0,0.0,38.8,65.0,26.1,openaq_ground,109.12562814070351,Unhealthy (Sensitive Groups)
2025-08-09 23:00:00,26.2,91.0,981.0,2.2,279.0,0.0,34.5,57.3,21.6,openaq_ground,98.10729613733906,Moderate
2025-08-10 00:00:00,25.9,92.0,980.8,1.8,246.0,0.0,33.0,52.0,17.7,openaq_ground,94.95278969957081,Moderate
2025-08-10 01:00:00,26.1,92.0,980.5,1.8,270.0,0.0,32.8,72.0,21.4,openaq_ground,94.53218884120172,Moderate
2025-08-10 02:00:00,26.1,92.0,980.4,2.0,297.0,0.0,43.7,94.7,17.6,openaq_ground,121.19095477386935,Unhealthy (Sensitive Groups)
2025-08-10 03:00:00,26.1,93.0,980.4,1.7,58.0,0.0,47.0,101.0,18.3,openaq_ground,129.31658291457288,Unhealthy (Sensitive Groups)
2025-08-10 04:00:00,26.1,91.0,980.9,3.1,54.0,0.1,41.5,81.7,13.4,openaq_ground,115.77386934673368,Unhealthy (Sensitive Groups)
2025-08-10 05:00:00,25.9,91.0,981.0,2.3,342.0,0.4,41.5,97.0,9.0,openaq_ground,115.77386934673368,Unhealthy (Sensitive Groups)
2025-08-10 06:00:00,26.6,92.0,980.9,2.3,288.0,0.1,36.5,81.7,10.5,openaq_ground,103.46231155778895,Unhealthy (Sensitive Groups)
2025-08-10 07:00:00,27.2,89.0,981.1,2.6,348.0,0.0,34.5,85.3,9.33,openaq_ground,98.10729613733906,Moderate
2025-08-10 08:00:00,28.2,86.0,981.5,2.7,8.0,0.0,33.0,90.0,13.2,openaq_ground,94.95278969957081,Moderate
2025-08-10 09:00:00,29.0,83.0,981.9,3.5,21.0,0.1,42.0,100.0,10.5,openaq_ground,117.00502512562814,Unhealthy (Sensitive Groups)
2025-08-10 10:00:00,30.0,78.0,981.7,2.9,349.0,0.1,39.8,101.0,14.7,openaq_ground,111.58793969849245,Unhealthy (Sensitive Groups)
2025-08-10 11:00:00,31.0,75.0,981.4,3.1,336.0,0.2,30.7,104.0,12.1,openaq_ground,90.11587982832619,Moderate
2025-08-10 12:00:00,31.5,73.0,980.6,3.6,327.0,0.2,27.3,101.0,16.7,openaq_ground,82.9656652360515,Moderate
2025-08-10 13:00:00,31.9,72.0,979.9,3.4,302.0,0.2,29.8,99.5,13.5,openaq_ground,88.22317596566525,Moderate
2025-08-10 14:00:00,32.1,72.0,978.9,4.5,299.0,0.2,30.8,93.3,19.2,openaq_ground,90.32618025751074,Moderate
2025-08-10 15:00:00,32.1,70.0,977.7,5.7,311.0,0.1,35.0,96.5,21.1,openaq_ground,99.1587982832618,Moderate
2025-08-10 16:00:00,32.1,69.0,977.0,5.9,310.0,0.0,33.3,96.8,28.7,openaq_ground,95.58369098712447,Moderate
2025-08-10 17:00:00,31.9,72.0,976.8,5.4,312.0,0.0,37.0,102.0,33.6,openaq_ground,104.69346733668341,Unhealthy (Sensitive Groups)
2025-08-10 18:00:00,30.8,75.0,978.0,3.9,286.0,0.0,42.0,108.0,26.3,openaq_ground,117.00502512562814,Unhealthy (Sensitive Groups)
2025-08-10 19:00:00,30.0,81.0,978.4,2.9,270.0,0.0,39.0,99.0,21.3,openaq_ground,109.61809045226131,Unhealthy (Sensitive Groups)
2025-08-10 20:00:00,29.4,84.0,979.0,2.3,238.0,0.0,30.3,78.3,12.8,openaq_ground,89.274678111588,Moderate
2025-08-10 21:00:00,28.8,85.0,979.5,2.3,203.0,0.0,25.7,75.7,15.9,openaq_ground,79.60085836909872,Moderate
2025-08-10 22:00:00,28.3,87.0,979.5,2.8,195.0,0.0,22.3,69.8,14.8,openaq_ground,72.45064377682404,Moderate
2025-08-10 23:00:00,28.0,87.0,979.5,3.4,180.0,0.0,26.0,73.5,16.7,openaq_ground,80.23175965665237,Moderate
2025-08-11 00:00:00,27.9,83.0,979.0,5.3,218.0,0.0,26.5,77.3,15.4,openaq_ground,81.28326180257511,Moderate
2025-08-11 01:00:00,27.6,83.0,978.7,4.1,221.0,0.0,27.0,78.3,19.4,openaq_ground,82.33476394849785,Moderate
2025-08-11 02:00:00,27.4,82.0,978.5,5.5,224.0,0.0,22.3,88.8,15.8,openaq_ground,72.45064377682404,Moderate
2025-08-11 03:00:00,27.1,83.0,978.3,5.3,232.0,0.0,20.8,89.5,11.4,openaq_ground,69.2961373390558,Moderate
2025-08-11 04:00:00,26.8,84.0,978.6,6.0,241.0,0.0,30.0,86.5,11.9,openaq_ground,88.64377682403435,Moderate
2025-08-11 05:00:00,26.6,84.0,979.0,5.9,250.0,0.0,33.0,90.7,11.4,openaq_ground,94.95278969957081,Moderate
2025-08-11 06:00:00,28.2,80.0,978.4,10.7,275.0,0.0,32.0,96.0,17.2,openaq_ground,92.84978540772534,Moderate
2025-08-11 07:00:00,28.6,79.0,979.3,11.0,273.0,0.0,35.0,115.0,15.1,openaq_ground,99.1587982832618,Moderate
2025-08-11 08:00:00,29.5,77.0,979.6,9.6,257.0,0.0,36.3,115.0,10.8,openaq_ground,102.96984924623115,Unhealthy (Sensitive Groups)
2025-08-11 09:00:00,30.6,72.0,980.0,10.4,269.0,0.0,36.8,102.0,12.9,openaq_ground,104.20100502512562,Unhealthy (Sensitive Groups)
2025-08-11 10:00:00,31.5,68.0,980.0,11.3,279.0,0.0,28.3,102.0,13.1,openaq_ground,85.06866952789701,Moderate
2025-08-11 11:00:00,32.6,65.0,979.6,10.7,286.0,0.0,26.8,104.0,9.95,openaq_ground,81.91416309012877,Moderate
2025-08-11 12:00:00,33.3,63.0,979.1,9.7,292.0,0.0,32.5,99.5,26.4,openaq_ground,93.90128755364807,Moderate
2025-08-11 13:00:00,33.6,63.0,978.1,10.1,297.0,0.0,37.3,118.0,31.8,openaq_ground,105.4321608040201,Unhealthy (Sensitive Groups)
2025-08-11 14:00:00,33.9,60.0,977.1,10.0,300.0,0.0,51.3,150.0,39.4,openaq_ground,139.90452261306532,Unhealthy (Sensitive Groups)
2025-08-11 15:00:00,32.9,64.0,976.5,8.4,305.0,0.0,66.8,168.0,38.5,openaq_ground,156.8345626975764,Unhealthy
2025-08-11 16:00:00,32.7,64.0,976.4,5.0,305.0,0.0,49.3,141.0,40.0,openaq_ground,134.97989949748742,Unhealthy (Sensitive Groups)
2025-08-11 17:00:00,31.8,73.0,976.4,2.3,337.0,0.0,52.0,146.0,34.8,openaq_ground,141.6281407035176,Unhealthy (Sensitive Groups)
2025-08-11 18:00:00,30.5,81.0,977.7,4.2,108.0,0.1,52.0,132.0,21.9,openaq_ground,141.6281407035176,Unhealthy (Sensitive Groups)
2025-08-11 19:00:00,29.5,87.0,978.0,6.6,158.0,0.1,48.0,127.0,16.7,openaq_ground,131.7788944723618,Unhealthy (Sensitive Groups)
2025-08-11 20:00:00,28.6,91.0,978.8,0.9,11.0,0.1,44.8,113.0,22.6,openaq_ground,123.89949748743717,Unhealthy (Sensitive Groups)
2025-08-11 21:00:00,28.0,93.0,979.3,6.8,145.0,1.3,38.3,79.8,16.6,openaq_ground,107.89447236180904,Unhealthy (Sensitive Groups)
2025-08-11 22:00:00,28.0,92.0,979.1,8.0,172.0,0.0,21.0,30.8,10.7,openaq_ground,69.71673819742489,Moderate
2025-08-11 23:00:00,27.8,92.0,979.0,7.2,181.0,0.0,20.5,31.0,11.6,openaq_ground,68.66523605150215,Moderate
2025-08-12 00:00:00,27.5,90.0,978.7,7.4,177.0,0.0,18.8,35.8,13.9,openaq_ground,65.09012875536482,Moderate
2025-08-12 01:00:00,27.2,89.0,978.2,7.8,187.0,0.0,17.3,41.0,26.0,openaq_ground,61.93562231759657,Moderate
2025-08-12 02:00:00,27.1,88.0,977.8,6.5,175.0,0.3,15.0,42.0,25.2,openaq_ground,57.09871244635193,Moderate
2025-08-12 03:00:00,26.9,89.0,977.8,5.0,199.0,0.0,15.0,44.0,20.1,openaq_ground,57.09871244635193,Moderate
2025-08-12 04:00:00,26.7,91.0,978.1,3.6,229.0,0.0,26.0,85.0,20.4,openaq_ground,80.23175965665237,Moderate
2025-08-12 05:00:00,26.7,92.0,978.1,1.8,191.0,0.0,37.0,70.5,18.3,openaq_ground,104.69346733668341,Unhealthy (Sensitive Groups)
2025-08-12 06:00:00,27.1,84.0,979.2,7.1,249.0,0.0,39.3,50.5,10.9,openaq_ground,110.35678391959799,Unhealthy (Sensitive Groups)
2025-08-12 07:00:00,27.1,82.0,979.7,7.1,260.0,0.2,42.0,111.0,12.4,openaq_ground,117.00502512562814,Unhealthy (Sensitive Groups)
2025-08-12 08:00:00,26.9,85.0,980.2,8.2,232.0,1.1,30.5,77.3,21.3,openaq_ground,89.69527896995709,Moderate
2025-08-12 09:00:00,26.3,91.0,980.5,11.4,235.0,1.2,33.0,72.0,14.0,openaq_ground,94.95278969957081,Moderate
2025-08-12 10:00:00,27.3,87.0,980.2,7.9,266.0,1.1,36.7,83.7,16.2,openaq_ground,103.95477386934674,Unhealthy (Sensitive Groups)
2025-08-12 11:00:00,29.5,77.0,979.7,6.0,287.0,0.0,36.8,88.0,17.1,openaq_ground,104.20100502512562,Unhealthy (Sensitive Groups)
2025-08-12 12:00:00,31.2,71.0,979.0,5.9,284.0,0.0,31.8,89.3,24.3,openaq_ground,92.42918454935624,Moderate
2025-08-12 13:00:00,32.2,67.0,978.0,6.2,296.0,0.0,30.3,101.0,22.9,openaq_ground,89.274678111588,Moderate
2025-08-12 14:00:00,33.0,63.0,977.0,6.4,286.0,0.0,36.0,95.8,20.3,openaq_ground,102.23115577889448,Unhealthy (Sensitive Groups)
2025-08-12 15:00:00,33.3,62.0,976.0,7.2,284.0,0.0,32.5,92.5,18.1,openaq_ground,93.90128755364807,Moderate
2025-08-12 16:00:00,32.9,63.0,975.2,8.8,289.0,0.0,31.5,93.3,22.5,openaq_ground,91.79828326180258,Moderate
2025-08-12 17:00:00,32.3,65.0,974.7,7.6,289.0,0.0,33.0,91.0,21.4,openaq_ground,94.95278969957081,Moderate
2025-08-12 18:00:00,31.4,73.0,976.0,3.1,306.0,0.0,33.0,88.0,15.0,openaq_ground,94.95278969957081,Moderate
2025-08-12 19:00:00,30.6,76.0,976.5,3.5,291.0,0.0,33.3,84.5,10.9,openaq_ground,95.58369098712447,Moderate
2025-08-12 20:00:00,30.1,79.0,976.8,3.4,288.0,0.0,34.0,85.8,14.6,openaq_ground,97.05579399141632,Moderate
2025-08-12 21:00:00,29.6,82.0,977.4,2.8,259.0,0.0,33.0,94.5,15.6,openaq_ground,94.95278969957081,Moderate
2025-08-12 22:00:00,29.2,83.0,977.2,2.4,234.0,0.0,29.5,95.0,18.8,openaq_ground,87.5922746781116,Moderate
2025-08-12 23:00:00,28.6,84.0,977.3,4.4,210.0,0.0,29.5,95.3,19.8,openaq_ground,87.5922746781116,Moderate
2025-08-13 00:00:00,28.2,85.0,977.2,5.1,219.0,0.0,40.0,109.0,18.6,openaq_ground,112.08040201005025,Unhealthy (Sensitive Groups)
2025-08-13 01:00:00,27.8,87.0,976.5,3.6,243.0,0.0,43.5,109.0,22.3,openaq_ground,120.69849246231156,Unhealthy (Sensitive Groups)
2025-08-13 02:00:00,27.6,87.0,976.1,4.6,259.0,0.0,32.5,99.0,18.8,openaq_ground,93.90128755364807,Moderate
2025-08-13 03:00:00,27.3,88.0,976.0,5.6,264.0,0.0,22.5,94.0,16.5,openaq_ground,72.87124463519314,Moderate
2025-08-13 04:00:00,27.1,87.0,976.4,6.2,249.0,0.0,21.8,87.3,13.0,openaq_ground,71.3991416309013,Moderate
2025-08-13 05:00:00,26.9,85.0,976.6,7.1,249.0,0.0,18.5,86.5,12.9,openaq_ground,66.5909090909091,Moderate
2025-08-13 06:00:00,28.0,87.0,977.2,7.4,269.0,0.0,29.8,93.8,15.8,openaq_ground,88.22317596566525,Moderate
2025-08-13 07:00:00,28.7,84.0,977.8,7.3,261.0,0.0,32.5,106.0,20.8,openaq_ground,93.90128755364807,Moderate
2025-08-13 08:00:00,29.4,78.0,977.9,7.7,269.0,0.0,35.5,115.0,14.7,openaq_ground,101.0,Unhealthy (Sensitive Groups)
2025-08-13 09:00:00,30.3,71.0,978.3,7.7,273.0,0.0,39.8,110.0,18.0,openaq_ground,111.58793969849245,Unhealthy (Sensitive Groups)
2025-08-13 10:00:00,31.4,67.0,978.2,8.5,282.0,0.0,35.7,108.0,20.9,openaq_ground,101.4924623115578,Unhealthy (Sensitive Groups)
2025-08-13 11:00:00,32.4,64.0,978.0,8.3,292.0,0.0,30.0,106.0,15.7,openaq_ground,88.64377682403435,Moderate
2025-08-13 12:00:00,32.6,62.0,977.4,8.5,287.0,0.0,33.5,98.0,18.9,openaq_ground,96.00429184549357,Moderate
2025-08-13 13:00:00,33.0,60.0,976.8,7.6,277.0,0.0,35.0,95.0,10.5,openaq_ground,99.1587982832618,Moderate
2025-08-13 14:00:00,33.4,59.0,975.9,7.9,270.0,0.0,33.2,89.66666666666667,12.7625,openaq_ground,95.37339055793993,Moderate
2025-08-13 15:00:00,33.4,59.0,975.2,6.8,272.0,0.0,31.4,84.33333333333333,15.025,openaq_ground,91.58798283261802,Moderate
2025-08-13 16:00:00,33.3,59.0,974.9,6.3,275.0,0.0,29.6,79.0,17.2875,openaq_ground,87.80257510729615,Moderate
2025-08-13 17:00:00,32.8,62.0,975.5,4.5,236.0,0.0,27.8,73.66666666666667,19.55,openaq_ground,84.01716738197425,Moderate
2025-08-13 18:00:00,32.1,66.0,976.4,4.6,318.0,0.0,26.0,68.33333333333334,21.8125,openaq_ground,80.23175965665237,Moderate
2025-08-13 19:00:00,31.1,73.0,976.7,3.0,327.0,0.0,24.2,63.0,24.075000000000003,openaq_ground,76.44635193133047,Moderate
2025-08-13 23:00:00,29.3,79.0,978.6,4.6,135.0,0.0,17.0,42.0,11.1,openaq_ground,61.30472103004292,Moderate
2025-08-14 00:00:00,29.0,80.0,978.4,5.1,148.0,0.0,16.0,24.8,12.3,openaq_ground,59.201716738197426,Moderate
2025-08-14 01:00:00,28.5,82.0,978.3,5.0,150.0,0.0,13.8,19.0,15.7,openaq_ground,54.57510729613734,Moderate
2025-08-14 02:00:00,28.2,83.0,978.2,5.7,127.0,0.0,15.3,22.3,29.0,openaq_ground,57.72961373390558,Moderate
2025-08-14 03:00:00,27.9,85.0,978.5,6.0,119.0,0.0,20.3,20.3,26.7,openaq_ground,68.24463519313305,Moderate
2025-08-14 04:00:00,27.5,88.0,978.8,6.1,137.0,0.0,14.0,12.3,22.1,openaq_ground,54.99570815450644,Moderate
2025-08-14 05:00:00,27.1,90.0,978.9,5.4,132.0,0.0,10.0,12.8,22.4,openaq_ground,41.66666666666667,Good
2025-08-14 06:00:00,26.9,92.0,980.3,5.3,152.0,2.5,10.5,19.3,18.6,openaq_ground,43.75,Good
2025-08-14 07:00:00,26.4,96.0,980.5,6.8,143.0,1.3,19.3,33.8,24.2,openaq_ground,66.14163090128756,Moderate
2025-08-14 08:00:00,26.7,95.0,980.8,2.5,135.0,1.1,12.5,10.8,22.8,openaq_ground,51.8412017167382,Moderate
2025-08-14 09:00:00,27.6,92.0,981.7,6.4,117.0,0.4,9.33,8.0,21.2,openaq_ground,38.875,Good
2025-08-14 10:00:00,28.5,85.0,981.8,7.5,111.0,0.0,12.0,11.0,14.3,openaq_ground,50.0,Good
2025-08-14 11:00:00,28.9,84.0,981.5,5.1,117.0,0.1,22.0,44.0,30.6,openaq_ground,71.8197424892704,Moderate
2025-08-14 12:00:00,29.6,80.0,980.8,5.7,108.0,0.1,22.8,34.3,27.3,openaq_ground,73.50214592274679,Moderate
2025-08-14 13:00:00,28.5,79.0,980.4,7.5,117.0,0.8,32.7,21.3,29.9,openaq_ground,94.32188841201717,Moderate
2025-08-14 14:00:00,27.7,87.0,979.8,5.4,111.0,1.1,48.3,70.0,25.1,openaq_ground,132.5175879396985,Unhealthy (Sensitive Groups)
2025-08-14 15:00:00,28.1,87.0,978.6,3.3,81.0,0.6,47.8,72.3,27.8,openaq_ground,131.28643216080403,Unhealthy (Sensitive Groups)
2025-08-14 16:00:00,29.0,81.0,977.7,5.0,46.0,0.2,36.0,88.0,41.8,openaq_ground,102.23115577889448,Unhealthy (Sensitive Groups)
2025-08-14 17:00:00,28.5,84.0,977.7,6.0,39.0,0.0,28.0,97.0,32.4,openaq_ground,84.43776824034336,Moderate
2025-08-14 18:00:00,28.2,87.0,979.0,3.9,34.0,0.0,47.0,67.0,9.7,openaq_ground,129.31658291457288,Unhealthy (Sensitive Groups)
2025-08-14 19:00:00,27.5,90.0,979.2,4.4,35.0,0.0,38.3,59.8,18.5,openaq_ground,107.89447236180904,Unhealthy (Sensitive Groups)
2025-08-14 20:00:00,27.1,92.0,979.8,3.1,54.0,0.0,27.5,58.3,10.6,openaq_ground,83.3862660944206,Moderate
2025-08-14 21:00:00,26.8,93.0,980.4,2.8,75.0,0.0,22.3,48.5,11.8,openaq_ground,72.45064377682404,Moderate
2025-08-14 22:00:00,26.6,94.0,980.5,2.6,106.0,0.0,52.0,66.3,19.3,openaq_ground,141.6281407035176,Unhealthy (Sensitive Groups)
2025-08-14 23:00:00,26.3,95.0,980.4,2.1,105.0,0.0,71.0,103.0,19.3,openaq_ground,159.00316122233932,Unhealthy
2025-08-15 00:00:00,26.3,95.0,979.9,3.5,118.0,0.0,50.3,87.7,19.1,openaq_ground,137.44221105527637,Unhealthy (Sensitive Groups)
2025-08-15 01:00:00,26.2,95.0,979.6,4.3,114.0,0.0,38.5,81.0,22.3,openaq_ground,108.38693467336684,Unhealthy (Sensitive Groups)
2025-08-15 02:00:00,26.1,95.0,979.2,4.4,109.0,0.0,60.3,109.0,16.4,openaq_ground,153.47839831401475,Unhealthy
2025-08-15 03:00:00,25.8,95.0,979.0,5.1,80.0,0.0,67.0,125.0,23.5,openaq_ground,156.93782929399367,Unhealthy
2025-08-15 04:00:00,25.6,96.0,979.0,5.2,70.0,0.0,56.0,82.8,24.4,openaq_ground,151.2581664910432,Unhealthy
2025-08-15 05:00:00,25.3,97.0,979.4,4.4,63.0,0.0,55.7,81.8,21.7,openaq_ground,151.10326659641728,Unhealthy
2025-08-15 06:00:00,26.0,94.0,980.0,7.0,86.0,2.0,52.0,57.5,24.4,openaq_ground,141.6281407035176,Unhealthy (Sensitive Groups)
2025-08-15 07:00:00,26.5,93.0,980.2,5.4,105.0,0.3,56.8,48.8,13.6,openaq_ground,151.67123287671234,Unhealthy
2025-08-15 08:00:00,27.6,89.0,980.2,2.6,115.0,0.1,43.8,63.8,17.8,openaq_ground,121.43718592964824,Unhealthy (Sensitive Groups)
2025-08-15 09:00:00,29.0,84.0,980.6,4.0,122.0,0.1,43.3,43.3,25.5,openaq_ground,120.20603015075376,Unhealthy (Sensitive Groups)
2025-08-15 10:00:00,29.9,80.0,980.4,3.1,135.0,0.3,45.3,59.3,23.2,openaq_ground,125.13065326633165,Unhealthy (Sensitive Groups)
2025-08-15 11:00:00,30.5,77.0,980.1,2.8,153.0,0.3,48.3,79.5,25.3,openaq_ground,132.5175879396985,Unhealthy (Sensitive Groups)
2025-08-15 12:00:00,31.4,72.0,979.6,3.3,234.0,0.1,47.7,64.0,28.2,openaq_ground,131.04020100502512,Unhealthy (Sensitive Groups)
2025-08-15 13:00:00,31.5,72.0,978.5,0.0,270.0,0.1,46.0,49.8,19.6,openaq_ground,126.85427135678393,Unhealthy (Sensitive Groups)
2025-08-15 14:00:00,31.7,72.0,977.3,0.7,14.0,0.1,43.8,75.8,13.0,openaq_ground,121.43718592964824,Unhealthy (Sensitive Groups)
2025-08-15 15:00:00,31.4,75.0,976.3,3.4,74.0,0.2,51.3,89.8,17.7,openaq_ground,139.90452261306532,Unhealthy (Sensitive Groups)
2025-08-15 16:00:00,31.1,77.0,975.6,2.5,86.0,0.1,61.3,104.0,27.0,openaq_ground,153.99473129610115,Unhealthy
2025-08-15 17:00:00,30.5,77.0,975.4,5.0,92.0,0.9,60.0,94.0,40.1,openaq_ground,153.32349841938884,Unhealthy
2025-08-15 18:00:00,29.8,83.0,976.2,3.1,54.0,0.0,67.5,111.0,22.3,openaq_ground,157.19599578503687,Unhealthy
2025-08-15 19:00:00,28.9,87.0,976.7,3.7,61.0,0.0,52.0,102.0,23.3,openaq_ground,141.6281407035176,Unhealthy (Sensitive Groups)
2025-08-15 20:00:00,28.5,89.0,977.7,3.1,77.0,0.0,50.5,85.3,13.8,openaq_ground,137.93467336683418,Unhealthy (Sensitive Groups)
2025-08-15 21:00:00,28.3,88.0,978.3,4.3,135.0,0.0,44.5,80.0,19.8,openaq_ground,123.1608040201005,Unhealthy (Sensitive Groups)
2025-08-15 22:00:00,27.8,89.0,978.3,4.9,152.0,0.0,39.5,106.0,11.0,openaq_ground,110.84924623115577,Unhealthy (Sensitive Groups)
2025-08-15 23:00:00,27.5,91.0,978.3,5.1,153.0,0.0,38.3,70.0,13.4,openaq_ground,107.89447236180904,Unhealthy (Sensitive Groups)
2025-08-16 00:00:00,27.3,92.0,978.3,4.7,140.0,0.0,38.0,51.3,12.5,openaq_ground,107.15577889447236,Unhealthy (Sensitive Groups)
2025-08-16 01:00:00,27.0,94.0,977.9,4.8,119.0,0.0,38.5,51.5,20.4,openaq_ground,108.38693467336684,Unhealthy (Sensitive Groups)
2025-08-16 02:00:00,26.8,96.0,977.7,5.2,104.0,0.0,51.5,108.0,23.8,openaq_ground,140.39698492462313,Unhealthy (Sensitive Groups)
2025-08-16 03:00:00,26.7,97.0,977.5,5.4,88.0,0.0,55.3,91.3,24.8,openaq_ground,149.7537688442211,Unhealthy (Sensitive Groups)
2025-08-16 04:00:00,26.5,97.0,977.7,4.2,80.0,0.0,40.5,70.3,20.6,openaq_ground,113.31155778894473,Unhealthy (Sensitive Groups)
2025-08-16 05:00:00,26.4,97.0,978.0,3.6,96.0,0.0,34.8,50.5,21.1,openaq_ground,98.7381974248927,Moderate
2025-08-16 06:00:00,27.3,96.0,977.8,5.9,121.0,0.0,30.8,70.3,18.4,openaq_ground,90.32618025751074,Moderate
2025-08-16 07:00:00,28.1,93.0,978.4,4.5,119.0,0.0,37.5,81.0,13.1,openaq_ground,105.92462311557789,Unhealthy (Sensitive Groups)
2025-08-16 08:00:00,28.9,89.0,979.0,4.1,105.0,0.0,35.3,73.0,17.1,openaq_ground,99.78969957081546,Moderate
2025-08-16 09:00:00,30.1,81.0,979.3,6.7,121.0,0.2,44.0,50.0,19.9,openaq_ground,121.92964824120602,Unhealthy (Sensitive Groups)
2025-08-16 10:00:00,29.5,81.0,979.2,3.2,153.0,3.1,51.7,94.0,22.2,openaq_ground,140.8894472361809,Unhealthy (Sensitive Groups)
2025-08-16 11:00:00,28.3,85.0,979.1,8.3,138.0,0.5,53.3,122.0,22.6,openaq_ground,144.8291457286432,Unhealthy (Sensitive Groups)
2025-08-16 12:00:00,29.0,84.0,978.4,3.2,87.0,0.1,47.5,70.3,31.3,openaq_ground,130.54773869346735,Unhealthy (Sensitive Groups)
2025-08-16 13:00:00,30.5,77.0,977.4,3.0,128.0,0.1,47.7,54.0,44.0,openaq_ground,131.04020100502512,Unhealthy (Sensitive Groups)
2025-08-16 14:00:00,30.8,74.0,976.4,2.6,141.0,0.1,52.0,86.0,36.3,openaq_ground,141.6281407035176,Unhealthy (Sensitive Groups)
2025-08-16 15:00:00,31.2,73.0,975.1,2.2,99.0,0.0,52.8,91.8,28.9,openaq_ground,143.59798994974875,Unhealthy (Sensitive Groups)
2025-08-16 16:00:00,31.1,74.0,974.5,3.8,41.0,0.0,45.0,79.8,20.2,openaq_ground,124.39195979899498,Unhealthy (Sensitive Groups)
2025-08-16 17:00:00,30.9,75.0,974.6,4.0,51.0,0.0,42.0,46.0,18.8,openaq_ground,117.00502512562814,Unhealthy (Sensitive Groups)
2025-08-16 18:00:00,29.9,83.0,975.5,6.3,27.0,0.0,44.5,85.5,13.0,openaq_ground,123.1608040201005,Unhealthy (Sensitive Groups)
2025-08-16 19:00:00,28.7,87.0,976.0,6.2,64.0,0.0,54.3,89.5,19.0,openaq_ground,147.29145728643215,Unhealthy (Sensitive Groups)
2025-08-16 20:00:00,28.3,88.0,976.9,5.0,75.0,0.0,38.8,83.8,11.2,openaq_ground,109.12562814070351,Unhealthy (Sensitive Groups)
2025-08-16 21:00:00,28.2,90.0,977.7,5.8,85.0,0.0,32.5,60.5,22.2,openaq_ground,93.90128755364807,Moderate
2025-08-16 22:00:00,28.1,91.0,978.0,6.0,87.0,0.0,32.3,80.3,14.9,openaq_ground,93.48068669527896,Moderate
2025-08-16 23:00:00,27.9,91.0,978.5,6.0,87.0,0.0,40.0,73.8,18.4,openaq_ground,112.08040201005025,Unhealthy (Sensitive Groups)
2025-08-17 00:00:00,27.7,91.0,978.5,6.3,90.0,0.0,31.5,69.3,14.3,openaq_ground,91.79828326180258,Moderate
2025-08-17 01:00:00,27.5,91.0,978.2,5.8,90.0,0.0,25.7,50.8,22.7,openaq_ground,79.60085836909872,Moderate
2025-08-17 02:00:00,27.4,91.0,978.1,5.6,97.0,0.0,31.0,79.8,19.8,openaq_ground,90.74678111587983,Moderate
2025-08-17 03:00:00,27.3,92.0,977.9,5.8,104.0,0.0,46.5,71.0,22.8,openaq_ground,128.0854271356784,Unhealthy (Sensitive Groups)
2025-08-17 04:00:00,27.3,92.0,978.2,5.2,110.0,0.1,37.0,68.7,23.6,openaq_ground,104.69346733668341,Unhealthy (Sensitive Groups)
2025-08-17 05:00:00,27.3,92.0,978.6,5.1,96.0,0.2,38.3,69.8,27.1,openaq_ground,107.89447236180904,Unhealthy (Sensitive Groups)
2025-08-17 06:00:00,27.7,93.0,978.8,5.6,68.0,0.0,51.3,98.3,15.7,openaq_ground,139.90452261306532,Unhealthy (Sensitive Groups)
2025-08-17 07:00:00,28.0,92.0,979.2,5.9,59.0,0.0,55.0,79.5,19.5,openaq_ground,149.01507537688443,Unhealthy (Sensitive Groups)
2025-08-17 08:00:00,28.1,92.0,979.2,6.8,73.0,0.0,37.8,78.5,20.6,openaq_ground,106.66331658291456,Unhealthy (Sensitive Groups)
2025-08-17 09:00:00,29.7,85.0,979.7,5.6,65.0,0.0,34.5,58.5,22.5,openaq_ground,98.10729613733906,Moderate
2025-08-17 10:00:00,31.2,78.0,979.9,7.2,102.0,0.1,23.5,50.5,29.2,openaq_ground,74.97424892703863,Moderate
2025-08-17 11:00:00,32.0,74.0,979.7,8.7,107.0,0.0,39.5,62.3,34.2,openaq_ground,110.84924623115577,Unhealthy (Sensitive Groups)
2025-08-17 12:00:00,28.6,85.0,979.0,10.3,101.0,3.1,32.8,59.3,30.9,openaq_ground,94.53218884120172,Moderate
2025-08-17 13:00:00,28.8,85.0,978.3,4.8,77.0,0.1,18.0,24.5,30.5,openaq_ground,63.407725321888414,Moderate
2025-08-17 14:00:00,30.6,80.0,977.2,4.5,61.0,0.0,29.3,66.3,27.0,openaq_ground,87.1716738197425,Moderate
2025-08-17 15:00:00,31.5,76.0,976.5,5.9,59.0,0.0,44.8,75.0,19.0,openaq_ground,123.89949748743717,Unhealthy (Sensitive Groups)
2025-08-17 16:00:00,31.6,75.0,976.0,5.5,67.0,0.0,38.3,74.5,26.2,openaq_ground,107.89447236180904,Unhealthy (Sensitive Groups)
2025-08-17 17:00:00,31.4,74.0,976.2,7.8,75.0,0.0,45.0,73.0,26.0,openaq_ground,124.39195979899498,Unhealthy (Sensitive Groups)
2025-08-17 18:00:00,30.3,80.0,977.2,7.2,87.0,0.0,61.5,82.5,20.1,openaq_ground,154.09799789251844,Unhealthy
2025-08-17 19:00:00,29.3,85.0,977.4,6.1,88.0,0.0,65.7,74.8,17.4,openaq_ground,156.26659641728136,Unhealthy
2025-08-17 20:00:00,28.7,89.0,978.1,4.3,68.0,0.0,26.7,62.0,19.4,openaq_ground,81.70386266094421,Moderate
2025-08-17 21:00:00,28.4,91.0,979.2,4.0,60.0,0.0,16.8,47.5,14.7,openaq_ground,60.88412017167382,Moderate
2025-08-17 22:00:00,28.2,92.0,979.8,5.2,70.0,0.0,26.0,55.3,19.0,openaq_ground,80.23175965665237,Moderate
2025-08-17 23:00:00,28.2,92.0,980.4,6.5,76.0,0.0,54.3,50.5,25.9,openaq_ground,147.29145728643215,Unhealthy (Sensitive Groups)
2025-08-18 00:00:00,28.0,91.0,980.4,7.0,80.0,0.0,37.9,55.5,27.75,openaq_ground,106.90954773869346,Unhealthy (Sensitive Groups)
2025-08-18 01:00:00,27.8,92.0,980.2,6.8,87.0,0.0,21.5,60.5,29.6,openaq_ground,70.76824034334764,Moderate
2025-08-18 02:00:00,27.6,92.0,979.8,7.3,101.0,0.0,21.0,73.5,30.9,openaq_ground,69.71673819742489,Moderate
2025-08-18 03:00:00,27.4,93.0,979.5,8.6,106.0,0.0,83.3,80.0,32.9,openaq_ground,165.3540569020021,Unhealthy
2025-08-18 04:00:00,27.3,93.0,979.7,7.2,108.0,0.0,54.5,87.8,30.0,openaq_ground,147.78391959798995,Unhealthy (Sensitive Groups)
2025-08-18 05:00:00,27.2,94.0,980.3,8.1,103.0,0.0,37.8,70.8,25.2,openaq_ground,106.66331658291456,Unhealthy (Sensitive Groups)
2025-08-18 06:00:00,27.9,90.0,980.3,9.2,113.0,0.0,50.3,80.5,22.1,openaq_ground,137.44221105527637,Unhealthy (Sensitive Groups)
2025-08-18 07:00:00,28.5,90.0,981.0,7.6,93.0,0.0,77.0,72.3,25.5,openaq_ground,162.10115911485775,Unhealthy
2025-08-18 08:00:00,27.5,87.0,981.9,14.2,102.0,5.4,34.0,64.0,25.2,openaq_ground,97.05579399141632,Moderate
2025-08-18 09:00:00,28.1,89.0,982.6,6.9,75.0,3.0,26.3,41.3,17.9,openaq_ground,80.86266094420601,Moderate
2025-08-18 10:00:00,29.7,83.0,982.3,8.8,91.0,0.1,21.3,47.0,14.0,openaq_ground,70.34763948497854,Moderate
2025-08-18 11:00:00,31.0,76.0,981.6,10.3,96.0,0.1,30.0,55.8,25.5,openaq_ground,88.64377682403435,Moderate
2025-08-18 12:00:00,31.4,74.0,981.1,9.4,97.0,0.1,18.3,56.8,32.4,openaq_ground,64.03862660944206,Moderate
2025-08-18 13:00:00,31.6,72.0,980.2,8.7,85.0,0.2,16.5,31.5,39.9,openaq_ground,60.25321888412017,Moderate
2025-08-18 14:00:00,31.7,71.0,979.0,9.0,75.0,0.1,24.3,81.8,42.3,openaq_ground,76.65665236051503,Moderate
2025-08-18 15:00:00,31.8,69.0,977.9,10.0,83.0,0.0,61.0,102.0,43.3,openaq_ground,153.83983140147524,Unhealthy
2025-08-18 16:00:00,31.7,69.0,977.1,9.4,82.0,0.0,35.7,92.8,32.6,openaq_ground,101.4924623115578,Unhealthy (Sensitive Groups)
2025-08-18 17:00:00,31.1,72.0,976.9,8.5,73.0,0.0,21.0,68.0,24.6,openaq_ground,69.71673819742489,Moderate
2025-08-18 18:00:00,30.6,77.0,978.1,5.6,75.0,0.0,37.0,62.5,29.2,openaq_ground,104.69346733668341,Unhealthy (Sensitive Groups)
2025-08-18 19:00:00,29.5,81.0,978.5,7.1,75.0,0.0,52.0,55.5,19.2,openaq_ground,141.6281407035176,Unhealthy (Sensitive Groups)
2025-08-18 20:00:00,28.8,82.0,979.2,7.2,84.0,0.0,26.0,64.3,17.2,openaq_ground,80.23175965665237,Moderate
2025-08-18 21:00:00,28.5,85.0,980.1,6.1,93.0,0.0,20.3,55.0,17.6,openaq_ground,68.24463519313305,Moderate
2025-08-18 22:00:00,28.2,87.0,980.2,6.5,84.0,0.0,30.3,71.8,17.3,openaq_ground,89.274678111588,Moderate
2025-08-18 23:00:00,28.0,89.0,980.2,7.6,91.0,0.0,53.0,79.0,18.6,openaq_ground,144.09045226130655,Unhealthy (Sensitive Groups)
2025-08-19 00:00:00,27.7,89.0,979.8,8.3,104.0,0.0,36.8,79.3,22.0,openaq_ground,104.20100502512562,Unhealthy (Sensitive Groups)
2025-08-19 01:00:00,27.3,89.0,979.4,7.3,99.0,0.0,30.0,66.3,19.0,openaq_ground,88.64377682403435,Moderate
2025-08-19 02:00:00,27.1,89.0,979.0,7.2,96.0,0.0,68.0,75.7,29.4,openaq_ground,157.4541622760801,Unhealthy
2025-08-19 03:00:00,26.9,90.0,978.9,6.0,87.0,0.0,56.3,71.3,23.3,openaq_ground,151.4130663856691,Unhealthy
2025-08-19 04:00:00,26.8,91.0,978.7,6.0,83.0,0.0,33.0,70.0,19.6,openaq_ground,94.95278969957081,Moderate
2025-08-19 05:00:00,26.6,92.0,978.7,6.9,97.0,0.0,17.5,48.0,16.1,openaq_ground,62.35622317596567,Moderate
2025-08-19 06:00:00,27.9,89.0,979.7,5.6,90.0,0.0,21.0,48.8,18.2,openaq_ground,69.71673819742489,Moderate
2025-08-19 07:00:00,28.7,89.0,979.9,6.5,87.0,0.0,44.5,49.3,17.0,openaq_ground,123.1608040201005,Unhealthy (Sensitive Groups)
2025-08-19 08:00:00,29.8,84.0,979.9,7.7,89.0,0.1,21.7,63.0,12.7,openaq_ground,71.18884120171674,Moderate
2025-08-19 09:00:00,30.7,80.0,980.3,8.4,100.0,0.2,17.8,25.8,38.0,openaq_ground,62.987124463519315,Moderate
2025-08-19 10:00:00,31.9,72.0,980.2,7.9,107.0,0.1,41.5,68.3,41.7,openaq_ground,115.77386934673368,Unhealthy (Sensitive Groups)
2025-08-19 11:00:00,29.4,80.0,980.3,9.9,117.0,4.6,49.5,77.5,34.6,openaq_ground,135.47236180904522,Unhealthy (Sensitive Groups)
2025-08-19 12:00:00,30.9,72.0,979.5,6.5,141.0,0.1,26.0,79.5,28.0,openaq_ground,80.23175965665237,Moderate
2025-08-19 13:00:00,31.1,69.0,978.7,11.6,114.0,0.2,20.3,45.5,28.5,openaq_ground,68.24463519313305,Moderate
2025-08-19 14:00:00,31.2,72.0,977.7,5.2,86.0,0.1,30.8,81.0,30.2,openaq_ground,90.32618025751074,Moderate
2025-08-19 15:00:00,31.6,70.0,976.2,5.2,61.0,0.0,68.0,105.0,35.8,openaq_ground,157.4541622760801,Unhealthy
2025-08-19 16:00:00,31.5,69.0,975.7,6.4,54.0,0.0,45.0,101.0,29.6,openaq_ground,124.39195979899498,Unhealthy (Sensitive Groups)
2025-08-19 17:00:00,31.1,70.0,975.3,7.7,66.0,0.0,36.0,67.0,16.0,openaq_ground,102.23115577889448,Unhealthy (Sensitive Groups)
2025-08-19 18:00:00,29.5,81.0,976.9,7.9,41.0,0.0,70.0,91.5,24.2,openaq_ground,158.4868282402529,Unhealthy
2025-08-19 19:00:00,28.9,85.0,977.1,7.5,48.0,0.0,61.5,89.3,29.1,openaq_ground,154.09799789251844,Unhealthy
2025-08-19 20:00:00,28.7,86.0,977.8,7.1,63.0,0.0,32.0,70.0,25.4,openaq_ground,92.84978540772534,Moderate
2025-08-19 21:00:00,28.6,87.0,978.6,7.3,74.0,0.0,24.8,49.5,16.8,openaq_ground,77.70815450643778,Moderate
2025-08-19 22:00:00,28.4,87.0,978.8,7.4,90.0,0.0,21.0,46.0,16.7,openaq_ground,69.71673819742489,Moderate
2025-08-19 23:00:00,28.3,86.0,979.0,8.6,106.0,0.0,39.0,40.0,20.9,openaq_ground,109.61809045226131,Unhealthy (Sensitive Groups)
2025-08-20 00:00:00,27.9,85.0,978.8,8.6,110.0,0.0,27.0,45.65,21.8,openaq_ground,82.33476394849785,Moderate
2025-08-20 01:00:00,27.5,86.0,978.6,8.5,103.0,0.0,15.0,51.3,24.1,openaq_ground,57.09871244635193,Moderate
2025-08-20 02:00:00,27.3,87.0,978.3,7.9,102.0,0.0,28.0,63.3,25.7,openaq_ground,84.43776824034336,Moderate
2025-08-20 03:00:00,27.0,89.0,978.5,6.9,99.0,0.0,46.3,67.5,28.0,openaq_ground,127.5929648241206,Unhealthy (Sensitive Groups)
2025-08-20 04:00:00,26.8,90.0,978.7,6.7,90.0,0.0,28.8,69.0,19.3,openaq_ground,86.12017167381975,Moderate
2025-08-20 05:00:00,26.8,90.0,978.9,7.5,98.0,0.0,19.7,66.0,27.4,openaq_ground,66.98283261802575,Moderate
2025-08-20 06:00:00,27.8,88.0,978.9,8.9,118.0,1.3,19.5,52.3,28.9,openaq_ground,66.56223175965665,Moderate
2025-08-20 07:00:00,27.8,90.0,979.2,10.0,111.0,1.7,29.0,48.8,22.0,openaq_ground,86.54077253218884,Moderate
2025-08-20 08:00:00,28.2,86.0,979.8,10.0,116.0,1.0,16.5,74.8,28.5,openaq_ground,60.8,Moderate
2025-08-20 09:00:00,28.6,83.0,979.8,9.5,105.0,0.9,13.0,44.0,33.7,openaq_ground,52.892703862660944,Moderate
2025-08-20 10:00:00,30.1,75.0,979.9,10.7,104.0,0.1,9.75,19.8,32.5,openaq_ground,40.625,Good
2025-08-20 11:00:00,30.7,71.0,979.4,11.8,99.0,0.1,18.3,64.8,29.9,openaq_ground,64.03862660944206,Moderate
2025-08-20 12:00:00,31.6,67.0,978.5,11.2,96.0,0.1,17.8,84.8,32.2,openaq_ground,65.74949494949495,Moderate
2025-08-20 13:00:00,32.3,63.0,977.2,11.2,91.0,0.1,15.8,49.8,44.3,openaq_ground,58.78111587982833,Moderate
2025-08-20 14:00:00,32.6,62.0,975.9,11.0,87.0,0.1,22.5,35.5,43.7,openaq_ground,72.87124463519314,Moderate
2025-08-20 15:00:00,32.7,61.0,975.0,12.1,86.0,0.1,28.0,61.5,38.3,openaq_ground,84.43776824034336,Moderate
2025-08-20 16:00:00,31.4,68.0,974.8,12.3,84.0,0.1,30.0,69.3,34.3,openaq_ground,88.64377682403435,Moderate
2025-08-20 17:00:00,30.8,73.0,974.7,10.0,82.0,0.0,27.0,61.0,30.2,openaq_ground,82.33476394849785,Moderate
2025-08-20 18:00:00,31.0,69.0,976.2,10.5,84.0,0.0,20.0,54.5,24.5,openaq_ground,67.61373390557941,Moderate
2025-08-20 19:00:00,29.8,77.0,976.6,10.3,88.0,0.0,33.3,50.5,24.2,openaq_ground,95.58369098712447,Moderate
2025-08-20 20:00:00,29.4,79.0,977.3,10.9,99.0,0.0,32.5,55.5,27.4,openaq_ground,93.90128755364807,Moderate
2025-08-20 21:00:00,29.0,82.0,978.2,9.3,98.0,0.0,25.0,62.7,26.9,openaq_ground,78.12875536480686,Moderate
2025-08-20 22:00:00,28.6,84.0,978.5,7.4,94.0,0.0,22.3,56.3,29.6,openaq_ground,72.45064377682404,Moderate
2025-08-20 23:00:00,28.3,87.0,979.3,7.3,97.0,0.0,31.3,56.8,30.8,openaq_ground,91.37768240343348,Moderate
2025-08-21 00:00:00,28.0,88.0,979.4,6.9,95.0,0.0,30.8,60.3,33.1,openaq_ground,90.32618025751074,Moderate
2025-08-21 01:00:00,27.8,89.0,979.2,7.6,78.0,0.0,33.8,71.8,32.1,openaq_ground,96.63519313304721,Moderate
2025-08-21 02:00:00,27.4,90.0,978.8,6.9,70.0,0.6,33.0,69.5,34.8,openaq_ground,94.95278969957081,Moderate
2025-08-21 03:00:00,26.0,97.0,979.4,6.3,173.0,11.0,49.0,86.3,32.7,openaq_ground,134.24120603015075,Unhealthy (Sensitive Groups)
2025-08-21 04:00:00,25.7,98.0,979.0,8.3,60.0,0.4,38.3,115.0,32.3,openaq_ground,107.89447236180904,Unhealthy (Sensitive Groups)
2025-08-21 05:00:00,25.6,96.0,979.1,7.4,49.0,0.5,22.8,78.8,27.5,openaq_ground,73.50214592274679,Moderate
2025-08-21 06:00:00,26.3,90.0,979.6,7.3,59.0,0.0,19.0,48.0,30.8,openaq_ground,65.5107296137339,Moderate
2025-08-21 07:00:00,27.3,87.0,979.8,6.2,60.0,0.0,32.8,66.3,22.0,openaq_ground,94.53218884120172,Moderate
2025-08-21 08:00:00,28.8,81.0,979.9,8.2,82.0,0.0,28.0,88.7,32.6,openaq_ground,84.43776824034336,Moderate
2025-08-21 09:00:00,30.3,73.0,979.8,9.6,94.0,0.0,26.5,70.0,31.7,openaq_ground,81.28326180257511,Moderate
2025-08-21 10:00:00,31.6,65.0,979.6,12.8,94.0,0.0,26.5,33.0,33.6,openaq_ground,81.28326180257511,Moderate
2025-08-21 11:00:00,32.3,62.0,979.2,12.2,103.0,0.0,22.5,57.0,32.7,openaq_ground,72.87124463519314,Moderate
2025-08-21 12:00:00,32.9,60.0,978.5,10.9,112.0,0.1,24.0,76.3,32.9,openaq_ground,76.02575107296138,Moderate
2025-08-21 13:00:00,33.2,60.0,977.5,8.9,109.0,0.2,24.3,46.8,35.8,openaq_ground,76.65665236051503,Moderate
2025-08-21 14:00:00,33.6,58.0,976.4,7.5,101.0,0.1,25.0,33.8,31.5,openaq_ground,78.12875536480686,Moderate
2025-08-21 15:00:00,33.1,60.0,975.6,7.6,112.0,0.0,25.8,51.0,29.1,openaq_ground,79.81115879828327,Moderate
2025-08-21 16:00:00,31.6,65.0,975.3,5.9,113.0,0.8,26.5,53.5,24.8,openaq_ground,81.28326180257511,Moderate
2025-08-21 17:00:00,31.3,66.0,974.6,2.9,79.0,0.1,22.0,61.0,18.4,openaq_ground,71.8197424892704,Moderate
2025-08-21 18:00:00,31.2,70.0,975.9,3.4,122.0,0.0,34.5,54.5,27.7,openaq_ground,98.10729613733906,Moderate
2025-08-21 19:00:00,30.7,79.0,976.6,1.1,90.0,0.0,38.3,68.0,26.2,openaq_ground,107.89447236180904,Unhealthy (Sensitive Groups)
2025-08-21 20:00:00,30.3,78.0,977.4,3.2,133.0,0.0,38.5,74.8,19.8,openaq_ground,108.38693467336684,Unhealthy (Sensitive Groups)
2025-08-21 21:00:00,29.6,83.0,977.9,3.0,147.0,0.0,35.8,81.8,21.2,openaq_ground,101.73869346733667,Unhealthy (Sensitive Groups)
2025-08-21 22:00:00,29.1,88.0,977.9,1.8,174.0,0.0,33.0,49.0,18.1,openaq_ground,94.95278969957081,Moderate
2025-08-21 23:00:00,28.8,90.0,977.9,0.9,191.0,0.0,34.8,72.3,19.9,openaq_ground,98.7381974248927,Moderate
2025-08-22 00:00:00,28.6,90.0,978.2,1.8,96.0,0.0,35.0,81.8,26.2,openaq_ground,99.1587982832618,Moderate
2025-08-22 01:00:00,28.4,89.0,977.4,3.7,51.0,0.0,57.5,106.0,40.3,openaq_ground,152.03266596417282,Unhealthy
2025-08-22 02:00:00,28.0,89.0,976.9,6.5,82.0,0.0,90.3,155.0,40.3,openaq_ground,168.96838777660696,Unhealthy
2025-08-22 03:00:00,27.4,89.0,977.1,6.7,106.0,0.2,86.0,150.0,26.5,openaq_ground,166.7481559536354,Unhealthy
2025-08-22 04:00:00,25.6,94.0,976.9,7.4,103.0,2.0,56.8,105.0,26.4,openaq_ground,151.67123287671234,Unhealthy
2025-08-22 05:00:00,25.3,94.0,977.1,3.8,149.0,0.0,42.0,79.5,32.5,openaq_ground,117.00502512562814,Unhealthy (Sensitive Groups)
2025-08-22 06:00:00,27.9,89.0,976.6,0.2,90.0,0.1,45.0,51.0,31.5,openaq_ground,124.39195979899498,Unhealthy (Sensitive Groups)
2025-08-22 07:00:00,28.6,84.0,977.0,4.4,300.0,0.1,45.0,84.7,33.2,openaq_ground,124.39195979899498,Unhealthy (Sensitive Groups)
2025-08-22 08:00:00,29.3,80.0,977.0,0.2,90.0,0.5,44.3,101.0,36.3,openaq_ground,122.66834170854271,Unhealthy (Sensitive Groups)
2025-08-22 09:00:00,30.7,75.0,977.3,0.9,127.0,0.0,39.5,57.8,36.0,openaq_ground,110.84924623115577,Unhealthy (Sensitive Groups)
2025-08-22 10:00:00,32.1,68.0,977.3,2.5,135.0,0.0,43.75,71.4,34.65,openaq_ground,121.3140703517588,Unhealthy (Sensitive Groups)
2025-08-22 11:00:00,33.3,61.0,976.8,4.0,129.0,0.0,48.0,85.0,33.3,openaq_ground,131.7788944723618,Unhealthy (Sensitive Groups)
2025-08-22 12:00:00,34.1,57.0,976.1,4.0,117.0,0.0,45.3,107.0,40.4,openaq_ground,125.13065326633165,Unhealthy (Sensitive Groups)
2025-08-22 13:00:00,34.2,55.0,975.2,5.0,103.0,0.0,40.0,66.8,32.9,openaq_ground,112.08040201005025,Unhealthy (Sensitive Groups)
2025-08-22 14:00:00,34.0,55.0,974.0,4.2,80.0,0.0,43.43333333333333,75.86666666666666,33.96666666666667,openaq_ground,120.53433835845895,Unhealthy (Sensitive Groups)
2025-08-22 15:00:00,34.1,54.0,972.7,4.1,45.0,0.0,46.86666666666667,84.93333333333334,35.03333333333333,openaq_ground,128.98827470686768,Unhealthy (Sensitive Groups)
2025-08-22 16:00:00,33.8,55.0,972.4,2.8,297.0,0.0,50.3,94.0,36.1,openaq_ground,137.44221105527637,Unhealthy (Sensitive Groups)
2025-08-22 17:00:00,33.1,57.0,972.6,1.6,243.0,0.0,51.0,102.0,34.3,openaq_ground,139.16582914572865,Unhealthy (Sensitive Groups)
2025-08-22 18:00:00,31.5,70.0,973.8,7.6,181.0,0.0,41.0,62.0,28.1,openaq_ground,114.5427135678392,Unhealthy (Sensitive Groups)
2025-08-22 19:00:00,30.5,76.0,974.8,6.0,187.0,0.0,41.5,79.8,27.3,openaq_ground,115.77386934673368,Unhealthy (Sensitive Groups)
2025-08-22 20:00:00,30.1,78.0,975.4,3.6,210.0,0.0,46.3,88.3,24.3,openaq_ground,127.5929648241206,Unhealthy (Sensitive Groups)
2025-08-22 21:00:00,29.5,82.0,976.7,3.7,157.0,0.0,38.8,76.8,23.8,openaq_ground,109.12562814070351,Unhealthy (Sensitive Groups)
2025-08-22 22:00:00,29.1,83.0,976.8,7.3,128.0,0.4,40.8,46.5,26.9,openaq_ground,114.0502512562814,Unhealthy (Sensitive Groups)
2025-08-22 23:00:00,28.6,87.0,976.7,6.0,123.0,0.0,37.0,62.0,22.5,openaq_ground,104.69346733668341,Unhealthy (Sensitive Groups)
2025-08-23 00:00:00,28.3,86.0,976.2,7.3,113.0,0.3,27.8,54.5,19.7,openaq_ground,84.01716738197425,Moderate
2025-08-23 01:00:00,27.9,89.0,975.7,6.2,112.0,0.0,28.3,55.3,31.5,openaq_ground,85.06866952789701,Moderate
2025-08-23 02:00:00,27.4,90.0,975.3,4.6,108.0,0.2,34.3,37.7,34.0,openaq_ground,97.68669527896995,Moderate
2025-08-23 03:00:00,26.3,93.0,975.4,3.1,90.0,1.8,38.3,78.0,29.6,openaq_ground,107.89447236180904,Unhealthy (Sensitive Groups)
2025-08-23 04:00:00,25.6,95.0,975.8,1.8,349.0,3.3,33.8,76.3,24.0,openaq_ground,96.63519313304721,Moderate
2025-08-23 05:00:00,25.7,97.0,976.0,3.0,14.0,0.2,27.3,68.3,24.3,openaq_ground,82.9656652360515,Moderate
2025-08-23 06:00:00,26.5,94.0,975.9,3.0,65.0,0.0,28.8,43.3,32.2,openaq_ground,86.12017167381975,Moderate
2025-08-23 07:00:00,27.4,89.0,976.2,2.2,55.0,0.0,30.5,79.8,28.0,openaq_ground,89.69527896995709,Moderate
2025-08-23 08:00:00,28.7,83.0,976.8,4.1,90.0,0.0,30.5,102.0,23.7,openaq_ground,89.69527896995709,Moderate
2025-08-23 09:00:00,30.1,74.0,977.1,7.1,96.0,0.0,32.3,90.5,23.2,openaq_ground,93.48068669527896,Moderate
2025-08-23 10:00:00,31.3,69.0,977.6,7.2,104.0,0.0,23.8,18.0,27.2,openaq_ground,75.60515021459229,Moderate
2025-08-23 11:00:00,31.9,66.0,977.0,5.9,88.0,0.0,20.3,44.3,20.2,openaq_ground,68.24463519313305,Moderate
2025-08-23 12:00:00,32.6,63.0,976.2,6.4,79.0,0.0,12.8,36.3,39.7,openaq_ground,52.472103004291846,Moderate
2025-08-23 13:00:00,30.1,71.0,975.4,11.2,86.0,1.2,14.5,46.0,39.8,openaq_ground,56.047210300429185,Moderate
2025-08-23 14:00:00,30.2,74.0,974.1,3.8,79.0,1.7,14.0,42.0,49.3,openaq_ground,54.99570815450644,Moderate
2025-08-23 15:00:00,31.0,72.0,973.7,7.5,69.0,0.3,25.7,40.0,42.5,openaq_ground,79.60085836909872,Moderate
2025-08-23 16:00:00,28.7,80.0,973.7,2.9,97.0,2.2,38.0,39.8,41.2,openaq_ground,107.15577889447236,Unhealthy (Sensitive Groups)
2025-08-23 17:00:00,28.4,83.0,973.9,3.1,62.0,1.2,23.0,51.0,46.9,openaq_ground,73.92274678111588,Moderate
2025-08-23 18:00:00,27.9,86.0,975.0,2.4,48.0,0.2,25.5,33.0,37.2,openaq_ground,79.18025751072962,Moderate
2025-08-23 19:00:00,27.4,90.0,975.5,5.7,24.0,0.4,42.0,63.3,37.7,openaq_ground,117.00502512562814,Unhealthy (Sensitive Groups)
2025-08-23 20:00:00,27.2,92.0,976.3,5.6,61.0,0.0,56.3,70.5,27.1,openaq_ground,151.4130663856691,Unhealthy
2025-08-23 21:00:00,26.8,93.0,977.0,8.2,71.0,0.1,16.5,35.0,30.2,openaq_ground,60.25321888412017,Moderate
2025-08-23 22:00:00,26.5,93.0,977.3,6.6,74.0,0.1,17.5,19.5,29.7,openaq_ground,62.35622317596567,Moderate
2025-08-23 23:00:00,26.3,94.0,976.8,6.2,80.0,0.0,36.0,60.5,25.0,openaq_ground,102.23115577889448,Unhealthy (Sensitive Groups)
2025-08-24 00:00:00,26.2,95.0,976.9,5.6,92.0,0.0,40.3,57.8,26.5,openaq_ground,112.81909547738692,Unhealthy (Sensitive Groups)
2025-08-24 01:00:00,26.1,95.0,976.2,4.9,88.0,0.0,34.5,65.0,31.3,openaq_ground,98.10729613733906,Moderate
2025-08-24 02:00:00,25.9,95.0,975.8,6.8,90.0,0.0,31.3,51.5,30.9,openaq_ground,91.37768240343348,Moderate
2025-08-24 03:00:00,25.9,95.0,976.0,5.0,109.0,0.0,30.3,63.3,27.3,openaq_ground,89.274678111588,Moderate
2025-08-24 04:00:00,25.8,95.0,976.1,7.5,98.0,0.0,37.5,39.8,22.0,openaq_ground,105.92462311557789,Unhealthy (Sensitive Groups)
2025-08-24 05:00:00,25.7,95.0,976.2,5.6,112.0,0.0,19.8,54.0,25.0,openaq_ground,67.19313304721031,Moderate
2025-08-24 06:00:00,26.1,95.0,976.8,4.9,126.0,0.0,17.0,26.3,24.7,openaq_ground,61.30472103004292,Moderate
2025-08-24 07:00:00,26.9,92.0,977.2,6.1,120.0,0.0,19.3,52.5,26.9,openaq_ground,66.14163090128756,Moderate
2025-08-24 08:00:00,27.9,86.0,977.5,11.1,121.0,0.0,17.8,60.3,24.9,openaq_ground,62.987124463519315,Moderate
2025-08-24 09:00:00,29.2,79.0,978.2,11.0,122.0,0.1,16.8,70.0,26.4,openaq_ground,60.88412017167382,Moderate
2025-08-24 10:00:00,30.2,77.0,978.5,10.8,111.0,0.1,7.5,45.0,32.7,openaq_ground,41.666666666666664,Good
2025-08-24 11:00:00,31.1,72.0,978.2,9.9,109.0,0.2,10.8,45.3,42.8,openaq_ground,45.00000000000001,Good
2025-08-24 12:00:00,29.1,80.0,977.7,10.5,98.0,3.5,16.3,52.7,33.1,openaq_ground,59.832618025751074,Moderate
2025-08-24 13:00:00,30.8,75.0,976.6,5.5,71.0,0.1,17.5,54.3,32.3,openaq_ground,62.35622317596567,Moderate
2025-08-24 14:00:00,29.0,79.0,975.5,14.7,72.0,1.5,20.0,28.0,31.0,openaq_ground,67.61373390557941,Moderate
2025-08-24 15:00:00,29.4,81.0,974.9,8.3,20.0,0.4,27.0,52.8,25.4,openaq_ground,82.33476394849785,Moderate
2025-08-24 16:00:00,28.4,84.0,974.8,7.0,136.0,1.3,35.3,47.5,35.8,openaq_ground,99.78969957081546,Moderate
2025-08-24 17:00:00,26.6,87.0,975.5,9.9,78.0,4.3,24.0,52.0,32.3,openaq_ground,76.02575107296138,Moderate
2025-08-24 18:00:00,28.0,84.0,975.9,10.1,121.0,0.0,17.5,40.0,25.9,openaq_ground,62.35622317596567,Moderate
2025-08-24 19:00:00,27.5,85.0,976.4,9.3,124.0,0.1,19.8,52.5,32.1,openaq_ground,67.19313304721031,Moderate
2025-08-24 20:00:00,27.1,88.0,976.9,4.9,88.0,0.0,33.0,40.0,22.6,openaq_ground,94.95278969957081,Moderate
2025-08-24 21:00:00,27.0,89.0,977.2,6.3,83.0,0.0,16.5,48.0,19.7,openaq_ground,60.25321888412017,Moderate
2025-08-24 22:00:00,26.8,90.0,977.4,8.8,73.0,0.1,9.5,24.0,17.2,openaq_ground,39.583333333333336,Good
2025-08-24 23:00:00,26.4,91.0,977.6,12.4,77.0,0.1,14.3,25.3,25.7,openaq_ground,55.62660944206009,Moderate
2025-08-25 00:00:00,25.6,92.0,977.5,11.4,78.0,0.2,23.3,37.8,28.9,openaq_ground,74.55364806866953,Moderate
2025-08-25 01:00:00,25.3,93.0,976.7,10.4,98.0,0.2,21.0,50.0,26.0,openaq_ground,69.71673819742489,Moderate
2025-08-25 02:00:00,25.3,93.0,976.4,9.8,108.0,0.5,23.0,19.0,25.3,openaq_ground,73.92274678111588,Moderate
2025-08-25 03:00:00,24.6,96.0,976.5,10.7,119.0,2.8,29.8,52.0,22.9,openaq_ground,88.22317596566525,Moderate
2025-08-25 04:00:00,24.4,96.0,976.4,11.0,120.0,3.6,30.0,57.0,27.6,openaq_ground,88.64377682403435,Moderate
2025-08-25 05:00:00,24.5,96.0,976.6,12.7,103.0,0.7,26.5,48.5,24.4,openaq_ground,81.28326180257511,Moderate
2025-08-25 06:00:00,25.3,95.0,976.0,11.5,110.0,1.1,28.8,38.5,32.4,openaq_ground,86.12017167381975,Moderate
2025-08-25 07:00:00,25.5,94.0,976.5,9.6,124.0,5.4,38.5,61.8,27.6,openaq_ground,108.38693467336684,Unhealthy (Sensitive Groups)
2025-08-25 08:00:00,25.8,95.0,976.8,15.9,113.0,0.5,47.3,66.0,31.7,openaq_ground,130.05527638190955,Unhealthy (Sensitive Groups)
2025-08-25 09:00:00,26.6,92.0,977.3,14.5,118.0,0.3,35.0,74.5,28.8,openaq_ground,99.1587982832618,Moderate
2025-08-25 10:00:00,27.2,88.0,977.2,13.0,114.0,0.5,27.5,41.3,31.8,openaq_ground,83.3862660944206,Moderate
2025-08-25 11:00:00,28.8,80.0,976.9,14.5,107.0,0.2,29.3,62.3,32.1,openaq_ground,87.1716738197425,Moderate
2025-08-25 12:00:00,28.9,81.0,976.1,12.6,114.0,0.1,26.0,65.5,34.9,openaq_ground,80.23175965665237,Moderate
2025-08-25 13:00:00,28.9,81.0,974.8,13.0,104.0,0.1,34.5,76.8,38.4,openaq_ground,98.10729613733906,Moderate
2025-08-25 14:00:00,28.3,81.0,974.3,13.2,104.0,0.4,37.5,55.3,28.4,openaq_ground,105.92462311557789,Unhealthy (Sensitive Groups)
2025-08-25 15:00:00,29.0,79.0,973.3,13.0,108.0,0.1,23.8,25.0,31.9,openaq_ground,75.60515021459229,Moderate
2025-08-25 16:00:00,27.0,86.0,973.3,12.3,112.0,0.7,29.5,66.3,29.0,openaq_ground,87.5922746781116,Moderate
2025-08-25 17:00:00,26.8,87.0,973.7,6.9,107.0,0.6,49.0,64.0,27.5,openaq_ground,134.24120603015075,Unhealthy (Sensitive Groups)
2025-08-25 18:00:00,27.4,87.0,974.6,9.9,99.0,0.0,22.0,35.0,25.6,openaq_ground,71.8197424892704,Moderate
2025-08-25 19:00:00,27.2,88.0,975.0,10.6,108.0,0.0,16.3,23.5,22.2,openaq_ground,59.832618025751074,Moderate
2025-08-25 20:00:00,27.0,88.0,975.8,11.7,115.0,0.1,11.3,22.8,18.1,openaq_ground,47.08333333333334,Good
2025-08-25 21:00:00,26.7,89.0,976.8,11.2,123.0,1.1,27.3,39.3,21.9,openaq_ground,82.9656652360515,Moderate
2025-08-25 22:00:00,26.0,93.0,977.1,13.2,120.0,0.4,19.8,50.0,19.2,openaq_ground,67.19313304721031,Moderate
2025-08-25 23:00:00,25.8,94.0,977.3,11.3,126.0,0.1,12.8,30.0,16.7,openaq_ground,52.472103004291846,Moderate
2025-08-26 00:00:00,25.7,95.0,977.4,11.4,129.0,0.0,19.8,32.8,21.1,openaq_ground,67.19313304721031,Moderate
2025-08-26 01:00:00,25.3,96.0,977.3,12.3,127.0,1.8,37.8,40.5,23.8,openaq_ground,106.66331658291456,Unhealthy (Sensitive Groups)
2025-08-26 02:00:00,25.1,97.0,977.1,13.1,120.0,0.2,21.5,36.0,26.1,openaq_ground,70.76824034334764,Moderate
2025-08-26 03:00:00,25.5,94.0,977.2,17.0,122.0,0.1,15.8,29.8,24.0,openaq_ground,58.78111587982833,Moderate
2025-08-26 04:00:00,25.4,95.0,977.3,16.8,127.0,0.2,34.0,42.5,29.2,openaq_ground,97.05579399141632,Moderate
2025-08-26 05:00:00,25.2,96.0,977.9,14.1,124.0,0.0,54.5,46.3,28.9,openaq_ground,147.78391959798995,Unhealthy (Sensitive Groups)
2025-08-26 06:00:00,26.0,94.0,978.2,12.5,120.0,0.2,21.8,47.3,26.2,openaq_ground,71.3991416309013,Moderate
2025-08-26 07:00:00,26.0,91.0,979.3,16.4,125.0,1.5,19.0,59.3,28.6,openaq_ground,65.5107296137339,Moderate
2025-08-26 08:00:00,26.4,91.0,979.4,18.0,126.0,0.8,22.0,66.0,30.3,openaq_ground,71.8197424892704,Moderate
2025-08-26 09:00:00,27.5,88.0,980.3,14.1,128.0,0.3,28.0,47.5,30.6,openaq_ground,84.43776824034336,Moderate
2025-08-26 10:00:00,28.9,81.0,980.5,14.6,130.0,0.1,34.0,29.0,30.9,openaq_ground,97.05579399141632,Moderate
2025-08-26 11:00:00,29.6,77.0,980.3,13.4,126.0,0.2,26.8,23.0,32.4,openaq_ground,81.91416309012877,Moderate
2025-08-26 12:00:00,29.7,75.0,979.2,12.6,133.0,0.1,4.0,10.8,26.6,openaq_ground,16.666666666666668,Good
2025-08-26 13:00:00,29.9,77.0,978.8,11.5,132.0,0.1,10.8,32.0,33.8,openaq_ground,45.00000000000001,Good
2025-08-26 14:00:00,28.7,81.0,978.2,12.6,121.0,0.9,35.5,50.0,30.9,openaq_ground,101.0,Unhealthy (Sensitive Groups)
2025-08-26 15:00:00,28.8,83.0,977.1,8.2,112.0,0.1,21.0,58.3,28.1,openaq_ground,69.71673819742489,Moderate
2025-08-26 16:00:00,29.5,80.0,976.4,9.2,116.0,0.0,16.3,52.3,38.0,openaq_ground,59.832618025751074,Moderate
2025-08-26 17:00:00,29.4,79.0,977.0,8.3,120.0,0.0,13.0,68.0,45.3,openaq_ground,57.43434343434343,Moderate
2025-08-26 18:00:00,27.6,89.0,977.9,4.5,119.0,0.0,55.5,71.5,41.3,openaq_ground,151.0,Unhealthy
2025-08-26 19:00:00,27.2,91.0,978.4,7.4,108.0,0.0,38.5,73.0,36.1,openaq_ground,108.38693467336684,Unhealthy (Sensitive Groups)
2025-08-26 20:00:00,26.7,92.0,978.8,7.8,116.0,0.1,47.25,82.0,33.65,openaq_ground,129.9321608040201,Unhealthy (Sensitive Groups)
2025-08-26 21:00:00,26.4,93.0,979.5,5.8,104.0,0.0,56.0,91.0,31.2,openaq_ground,151.2581664910432,Unhealthy
2025-08-26 22:00:00,26.3,95.0,979.6,7.7,114.0,0.0,32.0,87.7,26.3,openaq_ground,92.84978540772534,Moderate
2025-08-26 23:00:00,26.2,96.0,979.7,7.8,113.0,0.0,31.3,69.8,26.2,openaq_ground,91.37768240343348,Moderate
2025-08-27 00:00:00,26.0,96.0,979.6,8.2,104.0,0.0,27.0,43.0,24.4,openaq_ground,82.33476394849785,Moderate
2025-08-27 01:00:00,25.8,96.0,979.1,8.3,103.0,0.0,40.25,61.25,25.25,openaq_ground,112.69597989949749,Unhealthy (Sensitive Groups)
2025-08-27 02:00:00,25.6,97.0,978.8,7.0,119.0,0.0,53.5,79.5,26.1,openaq_ground,145.321608040201,Unhealthy (Sensitive Groups)
2025-08-27 03:00:00,25.5,98.0,978.6,7.1,114.0,0.0,46.0,74.0,27.4,openaq_ground,126.85427135678393,Unhealthy (Sensitive Groups)
2025-08-27 04:00:00,25.4,98.0,978.8,4.7,94.0,0.0,42.0,84.8,31.4,openaq_ground,117.00502512562814,Unhealthy (Sensitive Groups)
2025-08-27 05:00:00,25.2,98.0,979.0,5.9,104.0,0.0,37.5,63.8,24.3,openaq_ground,105.92462311557789,Unhealthy (Sensitive Groups)
2025-08-27 06:00:00,26.1,95.0,979.1,4.5,113.0,0.1,32.7,16.0,32.1,openaq_ground,94.32188841201717,Moderate
2025-08-27 07:00:00,26.7,92.0,979.9,6.4,130.0,0.5,13.8,25.5,33.0,openaq_ground,54.57510729613734,Moderate
2025-08-27 08:00:00,27.3,89.0,979.9,6.7,121.0,0.3,11.3,20.5,27.5,openaq_ground,47.08333333333334,Good
2025-08-27 09:00:00,28.5,85.0,980.4,8.4,115.0,0.0,24.0,32.0,35.5,openaq_ground,76.02575107296138,Moderate
2025-08-27 10:00:00,29.7,82.0,980.4,7.0,125.0,0.0,38.3,55.0,38.4,openaq_ground,107.89447236180904,Unhealthy (Sensitive Groups)
2025-08-27 11:00:00,30.6,78.0,980.0,6.6,135.0,0.0,23.3,67.7,29.8,openaq_ground,74.55364806866953,Moderate
2025-08-27 12:00:00,31.2,74.0,979.1,6.9,131.0,0.2,16.0,32.0,27.2,openaq_ground,59.201716738197426,Moderate
2025-08-27 13:00:00,31.9,71.0,978.2,6.8,125.0,0.1,21.5,46.8,21.1,openaq_ground,70.76824034334764,Moderate
2025-08-27 14:00:00,32.5,69.0,977.2,5.9,133.0,0.0,35.8,51.8,20.5,openaq_ground,101.73869346733667,Unhealthy (Sensitive Groups)
2025-08-27 15:00:00,32.6,68.0,976.1,4.6,129.0,0.0,31.0,71.5,31.2,openaq_ground,90.74678111587983,Moderate
2025-08-27 16:00:00,32.3,67.0,975.3,4.5,133.0,0.0,36.8,85.5,41.0,openaq_ground,104.20100502512562,Unhealthy (Sensitive Groups)
2025-08-27 17:00:00,31.8,70.0,975.1,4.0,126.0,0.0,36.0,105.0,32.9,openaq_ground,102.23115577889448,Unhealthy (Sensitive Groups)
2025-08-27 18:00:00,29.1,84.0,976.6,2.0,90.0,0.0,44.5,74.0,23.9,openaq_ground,123.1608040201005,Unhealthy (Sensitive Groups)
2025-08-27 19:00:00,28.5,90.0,977.2,1.8,37.0,0.0,26.3,64.3,33.1,openaq_ground,80.86266094420601,Moderate
2025-08-27 20:00:00,28.3,91.0,978.0,1.8,143.0,0.0,28.8,59.8,41.3,openaq_ground,86.12017167381975,Moderate
2025-08-27 21:00:00,28.0,92.0,978.8,2.7,110.0,0.0,36.8,88.8,37.9,openaq_ground,104.20100502512562,Unhealthy (Sensitive Groups)
2025-08-27 22:00:00,27.9,92.0,979.0,5.2,96.0,0.0,44.0,89.5,33.0,openaq_ground,121.92964824120602,Unhealthy (Sensitive Groups)
2025-08-27 23:00:00,26.8,93.0,979.3,7.8,128.0,0.2,41.5,86.3,34.5,openaq_ground,115.77386934673368,Unhealthy (Sensitive Groups)
2025-08-28 00:00:00,26.7,93.0,978.8,4.7,122.0,0.2,46.0,79.0,32.0,openaq_ground,126.85427135678393,Unhealthy (Sensitive Groups)
2025-08-28 01:00:00,26.5,95.0,978.5,6.9,95.0,0.0,67.8,137.0,39.0,openaq_ground,157.3508956796628,Unhealthy
2025-08-28 02:00:00,25.9,94.0,978.6,7.3,101.0,1.9,103.0,169.0,41.3,openaq_ground,175.5258166491043,Unhealthy
2025-08-28 03:00:00,25.8,96.0,978.4,4.3,112.0,0.2,95.0,156.0,33.3,openaq_ground,171.39515279241306,Unhealthy
2025-08-28 04:00:00,25.5,98.0,978.4,1.3,180.0,0.1,66.5,108.0,37.2,openaq_ground,156.67966280295047,Unhealthy
2025-08-28 05:00:00,25.3,97.0,978.5,5.0,134.0,1.3,59.7,126.0,27.7,openaq_ground,153.1685985247629,Unhealthy
2025-08-28 06:00:00,26.7,97.0,979.0,5.9,78.0,0.0,76.0,129.0,40.2,openaq_ground,161.58482613277133,Unhealthy
2025-08-28 07:00:00,27.3,93.0,979.5,3.3,81.0,0.2,62.3,129.0,28.9,openaq_ground,154.51106427818758,Unhealthy
2025-08-28 08:00:00,28.2,89.0,979.8,5.2,102.0,0.0,46.8,81.8,22.4,openaq_ground,128.82412060301507,Unhealthy (Sensitive Groups)
2025-08-28 09:00:00,29.6,82.0,979.7,7.0,111.0,0.0,42.7,77.8,27.0,openaq_ground,118.72864321608041,Unhealthy (Sensitive Groups)
2025-08-28 10:00:00,30.8,77.0,979.7,6.2,120.0,0.1,44.8,92.5,31.5,openaq_ground,123.89949748743717,Unhealthy (Sensitive Groups)
2025-08-28 11:00:00,31.3,76.0,979.0,6.3,125.0,0.0,51.3,124.0,38.7,openaq_ground,139.90452261306532,Unhealthy (Sensitive Groups)
2025-08-28 12:00:00,32.0,73.0,978.1,5.8,126.0,0.0,46.3,88.7,37.8,openaq_ground,127.5929648241206,Unhealthy (Sensitive Groups)
2025-08-28 13:00:00,32.2,73.0,977.1,5.6,135.0,0.1,51.5,111.0,36.2,openaq_ground,140.39698492462313,Unhealthy (Sensitive Groups)
2025-08-28 14:00:00,32.2,73.0,975.8,4.9,147.0,0.1,63.3,110.0,39.5,openaq_ground,155.02739726027397,Unhealthy
2025-08-28 15:00:00,32.4,73.0,974.8,3.2,146.0,0.0,56.5,115.0,38.5,openaq_ground,151.5163329820864,Unhealthy
2025-08-28 16:00:00,30.5,76.0,974.6,4.3,158.0,0.2,50.0,108.0,33.7,openaq_ground,136.7035175879397,Unhealthy (Sensitive Groups)
2025-08-28 17:00:00,29.7,77.0,974.5,3.6,288.0,1.4,44.0,127.0,32.9,openaq_ground,121.92964824120602,Unhealthy (Sensitive Groups)
2025-08-28 18:00:00,29.5,82.0,976.3,8.0,128.0,0.1,75.0,112.0,30.8,openaq_ground,161.06849315068493,Unhealthy
2025-08-28 19:00:00,29.0,85.0,976.9,6.6,143.0,0.0,62.0,101.0,23.6,openaq_ground,154.35616438356163,Unhealthy
2025-08-28 20:00:00,28.6,87.0,978.1,5.8,175.0,0.0,47.5,71.0,25.9,openaq_ground,130.54773869346735,Unhealthy (Sensitive Groups)
2025-08-28 21:00:00,28.2,90.0,978.8,3.6,198.0,0.0,59.0,84.3,24.9,openaq_ground,152.80716543730242,Unhealthy
2025-08-28 22:00:00,27.5,92.0,979.3,3.4,93.0,2.3,75.5,108.0,26.1,openaq_ground,161.32665964172813,Unhealthy
2025-08-28 23:00:00,25.9,97.0,979.3,9.7,74.0,7.3,64.7,103.0,23.0,openaq_ground,155.75026343519494,Unhealthy
2025-08-29 00:00:00,25.9,97.0,979.1,6.1,78.0,0.2,49.0,91.0,29.3,openaq_ground,134.24120603015075,Unhealthy (Sensitive Groups)
2025-08-29 01:00:00,26.0,97.0,978.3,9.1,97.0,0.1,61.0,98.8,26.5,openaq_ground,153.83983140147524,Unhealthy
2025-08-29 02:00:00,25.8,96.0,978.1,9.5,105.0,0.9,75.0,103.0,27.3,openaq_ground,161.06849315068493,Unhealthy
2025-08-29 03:00:00,25.4,95.0,978.1,1.3,254.0,3.0,47.3,80.8,26.8,openaq_ground,130.05527638190955,Unhealthy (Sensitive Groups)
2025-08-29 04:00:00,25.0,95.0,978.6,1.8,186.0,6.8,27.0,41.3,27.1,openaq_ground,82.33476394849785,Moderate
2025-08-29 05:00:00,25.2,96.0,978.7,6.8,101.0,0.1,47.0,31.3,28.3,openaq_ground,129.31658291457288,Unhealthy (Sensitive Groups)
2025-08-29 06:00:00,27.4,95.0,979.1,8.0,126.0,0.0,54.3,63.5,41.5,openaq_ground,147.29145728643215,Unhealthy (Sensitive Groups)
2025-08-29 07:00:00,26.9,95.0,979.8,12.2,123.0,0.6,73.3,99.3,12.0,openaq_ground,160.19072708113805,Unhealthy
2025-08-29 08:00:00,27.6,92.0,979.8,10.5,131.0,0.0,53.0,93.8,25.4,openaq_ground,144.09045226130655,Unhealthy (Sensitive Groups)
2025-08-29 09:00:00,28.4,87.0,980.3,10.3,134.0,0.0,22.3,43.8,23.2,openaq_ground,72.45064377682404,Moderate
2025-08-29 10:00:00,29.1,86.0,980.0,8.5,118.0,0.1,36.0,57.5,28.3,openaq_ground,102.23115577889448,Unhealthy (Sensitive Groups)
2025-08-29 11:00:00,30.0,83.0,979.8,9.0,137.0,0.1,32.0,68.5,31.7,openaq_ground,92.84978540772534,Moderate
2025-08-29 12:00:00,31.1,76.0,979.4,9.6,131.0,0.1,36.5,96.8,35.8,openaq_ground,103.46231155778895,Unhealthy (Sensitive Groups)
2025-08-29 13:00:00,31.3,75.0,978.5,7.3,152.0,0.1,35.5,71.5,37.0,openaq_ground,101.0,Unhealthy (Sensitive Groups)
2025-08-29 14:00:00,31.0,72.0,977.6,10.8,108.0,0.2,45.0,73.5,40.0,openaq_ground,124.39195979899498,Unhealthy (Sensitive Groups)
2025-08-29 15:00:00,29.6,78.0,977.0,8.1,93.0,0.3,42.5,59.8,41.2,openaq_ground,118.23618090452261,Unhealthy (Sensitive Groups)
2025-08-29 16:00:00,29.4,80.0,977.4,8.8,107.0,0.0,34.5,67.8,39.8,openaq_ground,98.10729613733906,Moderate
2025-08-29 17:00:00,29.2,81.0,977.2,8.8,91.0,0.0,6.0,67.0,35.9,openaq_ground,56.93939393939394,Moderate
2025-08-29 18:00:00,28.4,84.0,978.2,7.7,102.0,0.0,54.0,62.0,33.1,openaq_ground,146.55276381909547,Unhealthy (Sensitive Groups)
2025-08-29 19:00:00,27.9,87.0,979.4,6.9,96.0,0.0,60.0,56.0,23.7,openaq_ground,153.32349841938884,Unhealthy
2025-08-29 20:00:00,27.6,89.0,980.2,7.2,87.0,0.0,20.0,45.5,21.1,openaq_ground,67.61373390557941,Moderate
2025-08-29 21:00:00,27.2,90.0,980.7,8.1,91.0,0.0,30.0,38.3,18.1,openaq_ground,88.64377682403435,Moderate
2025-08-29 22:00:00,26.9,90.0,981.4,8.6,98.0,0.0,28.3,32.8,24.2,openaq_ground,85.06866952789701,Moderate
2025-08-29 23:00:00,26.7,92.0,981.7,8.0,96.0,0.0,20.8,39.3,21.7,openaq_ground,69.2961373390558,Moderate
2025-08-30 00:00:00,26.5,93.0,981.4,8.8,95.0,0.0,14.0,35.0,24.8,openaq_ground,54.99570815450644,Moderate
2025-08-30 01:00:00,26.4,93.0,981.0,9.4,94.0,0.0,32.0,39.0,26.3,openaq_ground,92.84978540772534,Moderate
2025-08-30 02:00:00,26.3,93.0,981.1,8.7,103.0,0.0,37.3,47.3,25.9,openaq_ground,105.4321608040201,Unhealthy (Sensitive Groups)
2025-08-30 03:00:00,26.2,93.0,980.6,9.3,99.0,0.0,49.8,67.5,27.6,openaq_ground,136.2110552763819,Unhealthy (Sensitive Groups)
2025-08-30 04:00:00,26.1,94.0,980.9,8.6,105.0,0.0,31.5,78.3,22.6,openaq_ground,91.79828326180258,Moderate
2025-08-30 05:00:00,26.0,94.0,981.0,9.0,106.0,0.0,17.5,70.0,26.8,openaq_ground,62.35622317596567,Moderate
2025-08-30 06:00:00,26.3,98.0,981.5,10.8,108.0,0.2,53.3,70.0,28.1,openaq_ground,144.8291457286432,Unhealthy (Sensitive Groups)
2025-08-30 07:00:00,26.4,93.0,982.3,11.3,107.0,1.8,51.8,80.0,20.4,openaq_ground,141.1356783919598,Unhealthy (Sensitive Groups)
2025-08-30 08:00:00,26.7,91.0,981.9,12.3,112.0,1.1,33.3,93.0,9.0,openaq_ground,95.58369098712447,Moderate
2025-08-30 09:00:00,28.0,87.0,982.2,11.5,119.0,0.0,28.0,46.0,45.4,openaq_ground,84.43776824034336,Moderate
2025-08-30 10:00:00,29.1,81.0,982.4,10.5,115.0,0.1,33.8,60.3,5.45,openaq_ground,96.63519313304721,Moderate
2025-08-30 11:00:00,30.1,76.0,982.1,7.9,111.0,0.1,24.8,68.3,12.8,openaq_ground,77.70815450643778,Moderate
2025-08-30 12:00:00,30.8,72.0,981.4,7.1,105.0,0.1,24.8,64.3,59.6,openaq_ground,77.70815450643778,Moderate
2025-08-30 13:00:00,31.5,68.0,980.2,6.5,104.0,0.0,18.5,47.8,10.6,openaq_ground,64.45922746781116,Moderate
2025-08-30 14:00:00,31.6,67.0,979.2,6.7,104.0,0.0,24.3,69.5,8.4,openaq_ground,76.65665236051503,Moderate
2025-08-30 15:00:00,31.8,66.0,978.5,6.3,103.0,0.0,39.3,83.8,17.3,openaq_ground,110.35678391959799,Unhealthy (Sensitive Groups)
2025-08-30 16:00:00,31.4,68.0,978.1,6.3,93.0,0.0,39.8,112.0,12.7,openaq_ground,111.58793969849245,Unhealthy (Sensitive Groups)
2025-08-30 17:00:00,30.6,73.0,977.6,6.3,88.0,0.4,21.0,107.0,13.4,openaq_ground,76.73737373737373,Moderate
2025-08-30 18:00:00,29.5,80.0,979.2,5.1,96.0,0.0,74.5,122.0,14.4,openaq_ground,160.81032665964173,Unhealthy
2025-08-30 19:00:00,28.8,84.0,979.5,4.1,90.0,0.0,70.8,108.0,9.75,openaq_ground,158.89989462592203,Unhealthy
2025-08-30 20:00:00,28.4,86.0,980.6,4.3,95.0,0.0,42.0,88.5,10.5,openaq_ground,117.00502512562814,Unhealthy (Sensitive Groups)
2025-08-30 21:00:00,28.1,87.0,981.2,6.5,98.0,0.0,34.0,70.3,10.5,openaq_ground,97.05579399141632,Moderate
2025-08-30 22:00:00,27.8,89.0,981.0,6.6,101.0,0.0,48.3,81.8,9.15,openaq_ground,132.5175879396985,Unhealthy (Sensitive Groups)
2025-08-30 23:00:00,27.5,89.0,980.9,6.7,106.0,0.0,50.0,102.0,5.33,openaq_ground,136.7035175879397,Unhealthy (Sensitive Groups)
2025-08-31 00:00:00,27.2,90.0,980.4,6.5,104.0,0.0,32.5,68.0,11.9,openaq_ground,93.90128755364807,Moderate
2025-08-31 01:00:00,26.9,92.0,980.2,6.7,106.0,0.0,25.0,37.5,5.3,openaq_ground,78.12875536480686,Moderate
2025-08-31 02:00:00,26.7,93.0,979.3,9.6,106.0,0.0,14.8,21.3,7.3,openaq_ground,56.67811158798283,Moderate
2025-08-31 03:00:00,26.0,95.0,978.4,8.8,121.0,0.0,23.3,35.7,14.1,openaq_ground,74.55364806866953,Moderate
2025-08-31 04:00:00,25.2,96.0,979.4,9.7,100.0,0.0,6.0,37.8,10.6,openaq_ground,35.0,Good
2025-08-31 05:00:00,24.5,96.0,980.0,15.8,107.0,0.2,31.0,23.8,13.3,openaq_ground,90.74678111587983,Moderate
2025-08-31 06:00:00,25.7,96.0,979.2,9.7,117.0,0.1,37.7,54.0,13.5,openaq_ground,106.41708542713569,Unhealthy (Sensitive Groups)
2025-08-31 07:00:00,25.8,94.0,980.4,9.1,120.0,0.1,43.8,69.8,16.1,openaq_ground,121.43718592964824,Unhealthy (Sensitive Groups)
2025-08-31 08:00:00,25.4,96.0,980.5,9.9,135.0,2.1,22.0,75.0,16.0,openaq_ground,71.8197424892704,Moderate
2025-08-31 09:00:00,27.0,88.0,980.7,10.5,139.0,0.7,36.5,70.0,11.0,openaq_ground,103.46231155778895,Unhealthy (Sensitive Groups)
2025-08-31 10:00:00,28.5,85.0,981.0,9.9,132.0,0.1,51.0,86.0,19.6,openaq_ground,139.16582914572865,Unhealthy (Sensitive Groups)
2025-08-31 11:00:00,29.2,81.0,980.7,9.4,121.0,0.1,51.0,118.0,16.3,openaq_ground,139.16582914572865,Unhealthy (Sensitive Groups)
2025-08-31 12:00:00,28.2,85.0,979.3,7.8,151.0,1.8,32.5,75.0,11.8,openaq_ground,93.90128755364807,Moderate
2025-08-31 13:00:00,29.3,82.0,978.1,4.2,133.0,0.3,19.3,67.0,14.4,openaq_ground,66.14163090128756,Moderate
2025-08-31 14:00:00,30.0,79.0,976.9,6.0,123.0,0.2,37.5,69.0,20.7,openaq_ground,105.92462311557789,Unhealthy (Sensitive Groups)
2025-08-31 15:00:00,28.4,82.0,976.3,11.4,97.0,3.7,50.5,73.3,17.8,openaq_ground,137.93467336683418,Unhealthy (Sensitive Groups)
2025-08-31 16:00:00,26.8,87.0,976.1,9.2,116.0,2.4,32.5,58.5,15.7,openaq_ground,93.90128755364807,Moderate
2025-08-31 17:00:00,26.5,90.0,976.4,6.0,164.0,0.1,19.0,12.0,11.6,openaq_ground,65.5107296137339,Moderate
2025-08-31 18:00:00,25.9,91.0,977.3,4.5,83.0,0.0,29.0,58.0,11.8,openaq_ground,86.54077253218884,Moderate
2025-08-31 19:00:00,25.8,93.0,977.4,5.4,90.0,0.0,35.3,60.5,9.45,openaq_ground,99.78969957081546,Moderate
2025-08-31 20:00:00,25.8,94.0,977.7,6.2,102.0,0.1,15.7,44.0,5.5,openaq_ground,58.57081545064378,Moderate
2025-08-31 21:00:00,25.8,95.0,978.3,7.3,106.0,0.3,6.0,22.0,15.9,openaq_ground,25.0,Good
2025-08-31 22:00:00,25.7,96.0,978.2,8.5,111.0,0.3,13.5,33.8,5.6,openaq_ground,53.94420600858369,Moderate
2025-08-31 23:00:00,25.5,98.0,977.8,10.7,113.0,0.5,16.0,61.8,13.7,openaq_ground,59.201716738197426,Moderate
2025-09-01 00:00:00,25.4,94.0,977.2,12.2,121.0,1.7,10.5,40.0,5.5,openaq_ground,43.75,Good
2025-09-01 01:00:00,24.7,95.0,976.7,8.8,133.0,0.9,13.0,35.0,14.3,openaq_ground,52.892703862660944,Moderate
2025-09-01 02:00:00,24.3,97.0,976.1,8.4,137.0,1.0,17.5,43.5,12.3,openaq_ground,62.35622317596567,Moderate
2025-09-01 03:00:00,24.0,99.0,975.9,8.9,151.0,5.8,25.0,69.0,13.2,openaq_ground,78.12875536480686,Moderate
2025-09-01 04:00:00,24.1,98.0,975.6,8.9,132.0,2.6,19.0,54.0,12.2,openaq_ground,65.5107296137339,Moderate
2025-09-01 05:00:00,24.1,98.0,975.9,9.4,113.0,1.9,13.0,39.0,11.2,openaq_ground,52.892703862660944,Moderate
2025-09-01 06:00:00,24.6,96.0,975.6,6.8,90.0,1.5,19.5,48.5,12.8,openaq_ground,66.56223175965665,Moderate
2025-09-01 07:00:00,24.6,96.0,976.0,9.2,123.0,1.3,29.5,67.5,8.75,openaq_ground,87.5922746781116,Moderate
2025-09-01 08:00:00,24.6,95.0,975.8,6.7,134.0,2.0,21.5,46.5,8.98,openaq_ground,70.76824034334764,Moderate
2025-09-01 09:00:00,25.1,94.0,976.3,7.9,129.0,1.4,22.8,11.8,14.1,openaq_ground,73.50214592274679,Moderate
2025-09-01 10:00:00,26.3,88.0,976.2,10.2,141.0,0.3,13.0,20.7,10.8,openaq_ground,52.892703862660944,Moderate
2025-09-01 11:00:00,27.7,84.0,976.2,7.6,118.0,0.1,11.7,39.3,8.47,openaq_ground,48.75,Good
2025-09-01 12:00:00,29.2,77.0,975.7,7.5,125.0,0.3,9.0,38.0,12.8,openaq_ground,37.5,Good
2025-09-01 13:00:00,28.1,80.0,974.7,11.0,142.0,2.5,3.5,32.5,11.1,openaq_ground,30.09259259259259,Good
2025-09-01 14:00:00,28.1,83.0,973.6,11.5,98.0,0.6,2.0,27.0,17.7,openaq_ground,25.0,Good
2025-09-01 15:00:00,27.7,84.0,972.8,15.7,112.0,0.1,19.3,29.3,15.3,openaq_ground,66.14163090128756,Moderate
2025-09-01 16:00:00,26.1,89.0,973.5,13.2,143.0,0.4,12.8,36.0,6.78,openaq_ground,52.472103004291846,Moderate
2025-09-01 17:00:00,25.8,91.0,973.4,10.8,123.0,0.4,9.0,34.0,9.27,openaq_ground,37.5,Good
2025-09-01 18:00:00,24.9,94.0,974.5,17.5,104.0,0.9,22.0,32.0,7.5,openaq_ground,71.8197424892704,Moderate
2025-09-01 19:00:00,24.5,96.0,974.9,14.8,106.0,0.7,30.0,34.3,5.4,openaq_ground,88.64377682403435,Moderate
2025-09-01 20:00:00,24.4,96.0,975.8,14.6,116.0,1.2,10.0,35.0,5.6,openaq_ground,41.66666666666667,Good
2025-09-01 21:00:00,24.3,97.0,976.3,15.3,115.0,0.7,9.5,2.0,5.8,openaq_ground,39.583333333333336,Good
2025-09-01 22:00:00,24.2,98.0,976.5,12.5,110.0,1.9,9.33,13.3,9.28,openaq_ground,38.875,Good
2025-09-01 23:00:00,24.4,97.0,976.2,14.0,122.0,1.3,12.3,47.0,5.0,openaq_ground,51.4206008583691,Moderate
2025-09-02 00:00:00,24.2,99.0,975.8,13.2,133.0,2.8,12.8,47.0,9.33,openaq_ground,52.472103004291846,Moderate
2025-09-02 01:00:00,24.2,98.0,975.3,11.3,149.0,0.5,12.0,30.0,5.45,openaq_ground,50.0,Good
2025-09-02 02:00:00,23.8,98.0,974.8,14.2,148.0,3.5,18.0,33.8,15.0,openaq_ground,63.407725321888414,Moderate
2025-09-02 03:00:00,24.0,98.0,974.5,13.9,141.0,1.9,32.8,48.5,12.0,openaq_ground,94.53218884120172,Moderate
2025-09-02 04:00:00,23.8,97.0,974.6,12.1,132.0,1.1,21.0,36.0,10.1,openaq_ground,69.71673819742489,Moderate
2025-09-02 05:00:00,23.9,98.0,975.0,12.8,124.0,0.3,17.0,20.8,6.63,openaq_ground,61.30472103004292,Moderate
2025-09-02 06:00:00,24.2,96.0,976.1,14.5,121.0,0.9,14.0,45.5,16.0,openaq_ground,54.99570815450644,Moderate
2025-09-02 07:00:00,24.0,98.0,976.7,13.7,117.0,1.2,34.3,57.0,21.1,openaq_ground,97.68669527896995,Moderate
2025-09-02 08:00:00,24.4,94.0,977.2,12.4,118.0,0.8,19.5,59.0,19.2,openaq_ground,66.56223175965665,Moderate
2025-09-02 09:00:00,24.9,90.0,977.9,15.6,112.0,0.1,14.7,4.5,12.4,openaq_ground,56.467811158798284,Moderate
2025-09-02 10:00:00,26.1,86.0,978.2,14.5,118.0,0.0,16.8,15.0,12.9,openaq_ground,60.88412017167382,Moderate
2025-09-02 11:00:00,26.9,83.0,978.1,13.1,133.0,0.1,25.0,29.0,16.6,openaq_ground,78.12875536480686,Moderate
2025-09-02 12:00:00,26.6,84.0,977.8,10.8,136.0,0.9,13.3,44.0,21.4,openaq_ground,53.52360515021459,Moderate
2025-09-02 13:00:00,27.0,81.0,977.0,13.8,111.0,0.8,8.25,22.0,20.8,openaq_ground,34.375,Good
2025-09-02 14:00:00,26.4,86.0,976.2,10.7,113.0,1.3,12.3,21.5,14.0,openaq_ground,51.4206008583691,Moderate
2025-09-02 15:00:00,26.4,86.0,975.8,11.4,96.0,1.7,33.0,24.8,12.1,openaq_ground,94.95278969957081,Moderate
2025-09-02 16:00:00,26.1,88.0,975.7,13.6,108.0,0.6,12.0,39.0,12.3,openaq_ground,50.0,Good
2025-09-02 17:00:00,25.9,90.0,975.8,12.9,96.0,0.4,26.666666666666664,39.333333333333336,6.73,openaq_ground,81.63376251788269,Moderate
2025-09-02 18:00:00,24.6,98.0,976.8,13.5,109.0,2.4,41.33333333333333,39.666666666666664,7.5,openaq_ground,115.36348408710217,Unhealthy (Sensitive Groups)
2025-09-02 19:00:00,24.6,96.0,977.4,14.2,117.0,0.4,56.0,40.0,8.27,openaq_ground,151.2581664910432,Unhealthy
2025-09-02 20:00:00,24.8,95.0,978.2,13.6,124.0,0.0,53.5,42.0,11.5,openaq_ground,145.321608040201,Unhealthy (Sensitive Groups)
2025-09-02 21:00:00,24.9,95.0,978.7,11.9,124.0,0.0,47.5,48.5,11.2,openaq_ground,130.54773869346735,Unhealthy (Sensitive Groups)
2025-09-02 22:00:00,24.9,96.0,979.1,10.7,121.0,0.0,44.0,53.0,7.13,openaq_ground,121.92964824120602,Unhealthy (Sensitive Groups)
2025-09-02 23:00:00,24.9,96.0,979.6,10.2,120.0,0.0,16.3,62.0,9.03,openaq_ground,59.832618025751074,Moderate
2025-09-03 00:00:00,24.8,96.0,979.5,10.4,129.0,0.0,5.0,55.0,6.1,openaq_ground,51.0,Moderate
2025-09-03 01:00:00,24.5,96.0,979.0,9.4,132.0,0.0,50.0,48.0,8.88,openaq_ground,136.7035175879397,Unhealthy (Sensitive Groups)
2025-09-03 02:00:00,24.3,97.0,978.9,8.1,135.0,0.0,40.0,51.3,11.7,openaq_ground,112.08040201005025,Unhealthy (Sensitive Groups)
2025-09-03 03:00:00,24.2,97.0,978.7,9.3,118.0,0.0,20.0,79.0,14.5,openaq_ground,67.61373390557941,Moderate
2025-09-03 04:00:00,24.1,98.0,978.8,9.6,120.0,0.0,28.0,42.0,9.83,openaq_ground,84.43776824034336,Moderate
2025-09-03 05:00:00,24.1,98.0,979.1,6.0,117.0,0.0,41.0,45.8,11.6,openaq_ground,114.5427135678392,Unhealthy (Sensitive Groups)
2025-09-03 06:00:00,24.1,96.0,979.9,6.6,139.0,8.3,68.0,64.8,10.5,openaq_ground,157.4541622760801,Unhealthy
2025-09-03 07:00:00,24.8,95.0,980.9,5.5,171.0,1.9,25.8,88.0,8.73,openaq_ground,79.81115879828327,Moderate
2025-09-03 08:00:00,25.4,93.0,980.7,2.5,172.0,0.3,7.0,23.0,10.7,openaq_ground,29.166666666666668,Good
2025-09-03 09:00:00,26.6,88.0,981.2,4.5,133.0,0.1,20.15,23.0,7.03,openaq_ground,67.92918454935622,Moderate
2025-09-03 10:00:00,27.8,86.0,981.3,1.0,59.0,0.1,33.3,27.5,16.1,openaq_ground,95.58369098712447,Moderate
2025-09-03 11:00:00,29.2,81.0,981.1,5.4,48.0,0.1,14.0,36.3,14.3,openaq_ground,54.99570815450644,Moderate
2025-09-03 12:00:00,29.4,76.0,980.7,9.1,58.0,0.7,24.8,23.8,22.8,openaq_ground,77.70815450643778,Moderate
2025-09-03 13:00:00,27.9,82.0,980.1,10.4,73.0,0.4,31.5,52.0,13.5,openaq_ground,91.79828326180258,Moderate
2025-09-03 14:00:00,28.4,79.0,978.8,9.8,73.0,0.2,63.0,40.0,14.6,openaq_ground,154.87249736564806,Unhealthy
2025-09-03 15:00:00,28.8,78.0,977.9,9.2,70.0,0.5,25.8,53.0,9.57,openaq_ground,79.81115879828327,Moderate
2025-09-03 16:00:00,28.4,80.0,977.6,9.7,79.0,0.1,10.0,29.0,10.3,openaq_ground,41.66666666666667,Good
2025-09-03 17:00:00,28.0,83.0,977.4,9.2,74.0,0.0,7.0,47.0,15.1,openaq_ground,43.51851851851852,Good
2025-09-03 18:00:00,26.2,86.0,978.9,9.5,79.0,0.0,56.5,65.5,12.7,openaq_ground,151.5163329820864,Unhealthy
2025-09-03 19:00:00,25.9,85.0,979.3,8.4,83.0,0.0,31.5,62.5,10.5,openaq_ground,91.79828326180258,Moderate
2025-09-03 20:00:00,25.8,87.0,980.0,6.7,81.0,0.1,8.25,14.0,11.1,openaq_ground,34.375,Good
2025-09-03 21:00:00,25.6,90.0,980.6,6.7,74.0,0.4,15.3,34.0,6.53,openaq_ground,57.72961373390558,Moderate
2025-09-03 22:00:00,25.4,91.0,980.5,6.8,63.0,1.1,36.3,41.5,6.95,openaq_ground,102.96984924623115,Unhealthy (Sensitive Groups)
2025-09-03 23:00:00,25.1,95.0,981.0,4.8,42.0,0.4,16.0,73.0,4.6,openaq_ground,59.90909090909091,Moderate
2025-09-04 00:00:00,25.1,96.0,980.9,5.3,18.0,0.4,4.75,15.5,12.2,openaq_ground,19.791666666666668,Good
2025-09-04 01:00:00,25.0,96.0,980.5,6.3,18.0,0.6,29.0,54.5,4.1,openaq_ground,86.54077253218884,Moderate
2025-09-04 02:00:00,24.8,97.0,980.0,7.3,23.0,0.5,78.3,79.0,14.4,openaq_ground,162.77239199157006,Unhealthy
2025-09-04 03:00:00,24.7,97.0,979.5,8.6,30.0,0.3,36.0,71.7,16.9,openaq_ground,102.23115577889448,Unhealthy (Sensitive Groups)
2025-09-04 04:00:00,24.8,97.0,979.6,9.3,36.0,0.1,25.0,51.0,9.15,openaq_ground,78.12875536480686,Moderate
2025-09-04 05:00:00,24.5,97.0,979.9,8.2,38.0,1.7,50.3,61.5,8.9,openaq_ground,137.44221105527637,Unhealthy (Sensitive Groups)
2025-09-04 06:00:00,24.2,96.0,981.0,12.0,16.0,12.0,50.8,48.8,8.45,openaq_ground,138.67336683417085,Unhealthy (Sensitive Groups)
2025-09-04 07:00:00,24.2,96.0,981.1,4.3,42.0,1.8,13.3,60.0,9.35,openaq_ground,53.52360515021459,Moderate
2025-09-04 08:00:00,25.2,94.0,981.5,3.7,51.0,0.0,17.5,53.0,13.3,openaq_ground,62.35622317596567,Moderate
2025-09-04 09:00:00,26.8,89.0,981.8,4.2,36.0,0.0,33.8,85.5,18.5,openaq_ground,96.63519313304721,Moderate
2025-09-04 10:00:00,28.6,84.0,982.2,3.4,43.0,0.0,56.5,51.5,16.0,openaq_ground,151.5163329820864,Unhealthy
2025-09-04 11:00:00,30.0,77.0,981.8,4.0,69.0,0.0,24.3,60.5,9.73,openaq_ground,76.65665236051503,Moderate
2025-09-04 12:00:00,31.0,72.0,981.2,3.7,61.0,0.0,12.0,13.5,16.0,openaq_ground,50.0,Good
2025-09-04 13:00:00,31.4,69.0,979.8,3.2,52.0,0.0,23.5,46.5,16.5,openaq_ground,74.97424892703863,Moderate
2025-09-04 14:00:00,31.4,67.0,979.1,8.2,49.0,0.0,56.5,49.8,16.0,openaq_ground,151.5163329820864,Unhealthy
2025-09-04 15:00:00,30.0,76.0,978.2,7.9,90.0,0.3,29.8,61.0,14.6,openaq_ground,88.22317596566525,Moderate
2025-09-04 16:00:00,29.1,81.0,978.0,5.6,65.0,0.0,17.5,34.0,10.7,openaq_ground,62.35622317596567,Moderate
2025-09-04 17:00:00,28.9,82.0,977.9,5.6,48.0,0.0,19.0,61.0,9.0,openaq_ground,65.5107296137339,Moderate
2025-09-04 18:00:00,27.8,86.0,978.8,4.8,34.0,0.0,54.5,82.0,18.1,openaq_ground,147.78391959798995,Unhealthy (Sensitive Groups)
2025-09-04 19:00:00,27.4,88.0,979.2,4.9,33.0,0.0,36.0,83.0,17.0,openaq_ground,102.23115577889448,Unhealthy (Sensitive Groups)
2025-09-04 20:00:00,27.0,89.0,979.8,5.4,48.0,0.0,37.8,53.0,3.8,openaq_ground,106.66331658291456,Unhealthy (Sensitive Groups)
2025-09-04 21:00:00,26.7,89.0,980.1,5.7,49.0,0.0,40.0,75.8,10.6,openaq_ground,112.08040201005025,Unhealthy (Sensitive Groups)
2025-09-04 22:00:00,26.4,91.0,980.0,4.3,57.0,0.0,48.8,64.8,9.3,openaq_ground,133.74874371859295,Unhealthy (Sensitive Groups)
2025-09-04 23:00:00,26.2,91.0,980.5,4.0,58.0,0.0,15.3,70.0,11.2,openaq_ground,58.42424242424242,Moderate
2025-09-05 00:00:00,26.0,91.0,980.0,4.1,38.0,0.0,4.0,42.0,10.5,openaq_ground,38.888888888888886,Good
2025-09-05 01:00:00,25.9,92.0,979.9,5.7,79.0,0.0,61.0,46.8,13.1,openaq_ground,153.83983140147524,Unhealthy
2025-09-05 02:00:00,25.7,93.0,979.8,5.0,44.0,0.0,50.7,60.3,12.4,openaq_ground,138.42713567839198,Unhealthy (Sensitive Groups)
2025-09-05 03:00:00,25.5,92.0,980.0,7.1,52.0,0.4,18.0,48.5,10.1,openaq_ground,63.407725321888414,Moderate
2025-09-05 04:00:00,25.4,93.0,980.0,5.5,36.0,0.3,8.67,28.8,12.7,openaq_ground,36.125,Good
2025-09-05 05:00:00,25.2,94.0,980.2,5.5,41.0,0.0,29.3,54.0,15.1,openaq_ground,87.1716738197425,Moderate
2025-09-05 06:00:00,26.7,86.0,980.5,10.7,78.0,0.0,60.7,59.0,7.8,openaq_ground,153.68493150684932,Unhealthy
2025-09-05 07:00:00,27.1,84.0,981.0,11.9,87.0,0.0,29.8,68.5,21.049999999999997,openaq_ground,88.22317596566525,Moderate
2025-09-05 08:00:00,28.0,80.0,981.5,12.6,88.0,0.0,25.0,36.0,34.3,openaq_ground,78.12875536480686,Moderate
2025-09-05 09:00:00,29.0,74.0,981.8,16.8,94.0,0.0,34.0,61.8,39.9,openaq_ground,97.05579399141632,Moderate
2025-09-05 10:00:00,29.8,75.0,981.6,13.4,85.0,0.0,36.3,47.5,36.8,openaq_ground,102.96984924623115,Unhealthy (Sensitive Groups)
2025-09-05 11:00:00,30.5,73.0,981.1,13.1,81.0,0.0,15.5,70.0,41.7,openaq_ground,58.42424242424242,Moderate
2025-09-05 12:00:00,31.0,72.0,980.2,14.0,82.0,0.1,11.3,52.0,53.9,openaq_ground,48.148148148148145,Good
2025-09-05 13:00:00,29.9,75.0,979.3,17.0,100.0,1.6,19.5,56.0,45.2,openaq_ground,66.56223175965665,Moderate
2025-09-05 14:00:00,30.5,76.0,978.0,10.6,60.0,1.5,62.5,74.8,44.5,openaq_ground,154.61433087460486,Unhealthy
2025-09-05 15:00:00,29.6,71.0,977.5,13.5,80.0,0.1,35.7,81.0,42.5,openaq_ground,101.4924623115578,Unhealthy (Sensitive Groups)
2025-09-05 16:00:00,28.7,79.0,977.7,12.5,86.0,0.4,19.8,59.8,39.7,openaq_ground,67.19313304721031,Moderate
2025-09-05 17:00:00,27.0,87.0,977.7,9.7,105.0,0.4,16.0,80.0,40.2,openaq_ground,63.37373737373737,Moderate
2025-09-05 18:00:00,27.1,89.0,979.1,8.8,102.0,0.0,60.5,84.5,44.7,openaq_ground,153.58166491043204,Unhealthy
2025-09-05 19:00:00,26.9,91.0,980.1,5.3,72.0,0.0,38.3,70.3,39.6,openaq_ground,107.89447236180904,Unhealthy (Sensitive Groups)
2025-09-05 20:00:00,26.8,92.0,980.5,7.6,76.0,0.0,22.8,34.5,35.0,openaq_ground,73.50214592274679,Moderate
2025-09-05 21:00:00,26.7,91.0,981.2,9.0,85.0,0.0,25.3,52.7,35.1,openaq_ground,78.75965665236052,Moderate
2025-09-05 22:00:00,26.6,91.0,981.3,9.1,81.0,0.0,49.5,61.5,34.5,openaq_ground,135.47236180904522,Unhealthy (Sensitive Groups)
2025-09-05 23:00:00,26.4,93.0,981.4,9.2,79.0,0.0,26.0,60.5,37.8,openaq_ground,80.23175965665237,Moderate
2025-09-06 00:00:00,25.4,96.0,981.2,10.5,115.0,4.7,12.3,19.0,44.8,openaq_ground,51.4206008583691,Moderate
2025-09-06 01:00:00,24.8,96.0,980.8,12.5,96.0,3.8,23.5,57.5,37.4,openaq_ground,74.97424892703863,Moderate
2025-09-06 02:00:00,24.5,95.0,980.5,14.1,92.0,0.1,65.5,77.8,44.0,openaq_ground,156.16332982086408,Unhealthy
2025-09-06 03:00:00,24.6,96.0,980.5,11.5,98.0,0.1,40.3,80.5,41.8,openaq_ground,112.81909547738692,Unhealthy (Sensitive Groups)
2025-09-06 04:00:00,24.7,96.0,980.5,9.8,108.0,0.1,24.5,72.0,37.2,openaq_ground,77.07725321888412,Moderate
2025-09-06 05:00:00,24.6,96.0,981.0,7.2,89.0,0.0,31.0,85.5,37.5,openaq_ground,90.74678111587983,Moderate
2025-09-06 06:00:00,26.0,92.0,980.9,7.7,99.0,0.0,66.8,77.8,39.4,openaq_ground,156.8345626975764,Unhealthy
2025-09-06 07:00:00,26.6,91.0,981.5,7.7,93.0,0.0,42.5,74.5,35.8,openaq_ground,118.23618090452261,Unhealthy (Sensitive Groups)
2025-09-06 08:00:00,27.8,86.0,982.0,10.1,102.0,0.0,22.8,47.3,46.5,openaq_ground,73.50214592274679,Moderate
2025-09-06 09:00:00,29.2,78.0,982.4,12.6,114.0,0.0,25.3,65.8,48.9,openaq_ground,78.75965665236052,Moderate
2025-09-06 10:00:00,30.3,72.0,982.4,13.5,117.0,0.2,53.0,64.3,37.5,openaq_ground,144.09045226130655,Unhealthy (Sensitive Groups)
2025-09-06 11:00:00,30.8,71.0,982.2,11.8,113.0,0.1,24.0,75.8,43.7,openaq_ground,76.02575107296138,Moderate
2025-09-06 12:00:00,31.2,72.0,981.4,11.9,113.0,0.1,14.5,44.0,47.5,openaq_ground,56.047210300429185,Moderate
2025-09-06 13:00:00,31.2,72.0,980.0,11.9,112.0,0.1,18.3,69.8,49.4,openaq_ground,64.03862660944206,Moderate
2025-09-06 14:00:00,31.2,73.0,978.8,11.1,115.0,0.2,57.0,75.0,55.4,openaq_ground,151.77449947312962,Unhealthy
2025-09-06 15:00:00,29.5,80.0,977.9,8.9,98.0,2.4,42.5,70.3,51.4,openaq_ground,118.23618090452261,Unhealthy (Sensitive Groups)
2025-09-06 16:00:00,29.3,80.0,977.8,10.0,104.0,1.2,31.0,65.5,51.1,openaq_ground,90.74678111587983,Moderate
2025-09-06 17:00:00,28.6,83.0,978.3,8.8,75.0,0.2,19.0,94.0,49.3,openaq_ground,70.30303030303031,Moderate
2025-09-06 18:00:00,28.8,83.0,979.4,7.1,81.0,0.0,62.0,68.5,38.5,openaq_ground,154.35616438356163,Unhealthy
2025-09-06 19:00:00,28.3,85.0,980.1,7.8,67.0,0.0,46.8,62.5,39.8,openaq_ground,128.82412060301507,Unhealthy (Sensitive Groups)
2025-09-06 20:00:00,27.7,88.0,980.4,10.7,82.0,0.0,28.5,51.8,36.6,openaq_ground,85.4892703862661,Moderate
2025-09-06 21:00:00,26.8,88.0,981.2,8.5,96.0,0.0,39.3,70.3,34.4,openaq_ground,110.35678391959799,Unhealthy (Sensitive Groups)
2025-09-06 22:00:00,26.4,89.0,981.4,9.1,100.0,0.0,61.3,78.0,39.2,openaq_ground,153.99473129610115,Unhealthy
2025-09-06 23:00:00,26.2,90.0,981.5,9.0,105.0,0.0,42.5,80.8,38.7,openaq_ground,118.23618090452261,Unhealthy (Sensitive Groups)
2025-09-07 00:00:00,26.1,90.0,981.0,11.0,128.0,0.0,30.8,59.0,37.6,openaq_ground,90.32618025751074,Moderate
2025-09-07 01:00:00,25.2,93.0,980.8,10.7,121.0,1.2,23.0,77.3,33.3,openaq_ground,73.92274678111588,Moderate
2025-09-07 02:00:00,25.3,95.0,980.1,8.8,125.0,0.0,62.0,81.5,38.0,openaq_ground,154.35616438356163,Unhealthy
2025-09-07 03:00:00,25.1,96.0,980.6,6.6,139.0,0.0,46.3,82.8,36.8,openaq_ground,127.5929648241206,Unhealthy (Sensitive Groups)
2025-09-07 04:00:00,24.9,96.0,980.2,6.6,137.0,0.0,21.8,58.3,39.7,openaq_ground,71.3991416309013,Moderate
2025-09-07 05:00:00,24.8,96.0,980.6,5.8,112.0,0.0,23.0,67.8,38.2,openaq_ground,73.92274678111588,Moderate
2025-09-07 06:00:00,25.8,95.0,980.3,9.0,105.0,0.0,59.3,73.3,32.9,openaq_ground,152.96206533192836,Unhealthy
2025-09-07 07:00:00,26.6,93.0,980.9,7.6,91.0,0.0,36.8,78.0,36.8,openaq_ground,104.20100502512562,Unhealthy (Sensitive Groups)
2025-09-07 08:00:00,27.9,87.0,981.2,9.0,100.0,0.0,16.0,37.3,43.7,openaq_ground,59.201716738197426,Moderate
2025-09-07 09:00:00,29.3,81.0,981.7,9.3,118.0,0.0,13.3,44.8,42.0,openaq_ground,53.52360515021459,Moderate
2025-09-07 10:00:00,30.5,75.0,982.1,9.8,126.0,0.1,44.0,65.5,41.8,openaq_ground,121.92964824120602,Unhealthy (Sensitive Groups)
2025-09-07 11:00:00,31.3,72.0,981.8,9.0,136.0,0.0,25.8,79.5,44.4,openaq_ground,79.81115879828327,Moderate
2025-09-07 12:00:00,31.8,69.0,981.1,9.6,137.0,0.0,19.0,38.0,45.5,openaq_ground,65.5107296137339,Moderate
2025-09-07 13:00:00,31.9,68.0,979.9,8.9,137.0,0.0,10.8,48.3,44.6,openaq_ground,45.00000000000001,Good
2025-09-07 14:00:00,31.9,70.0,978.3,7.9,139.0,0.0,40.5,63.8,31.3,openaq_ground,113.31155778894473,Unhealthy (Sensitive Groups)
2025-09-07 15:00:00,31.2,74.0,977.2,9.3,118.0,0.2,37.7,70.0,32.0,openaq_ground,106.41708542713569,Unhealthy (Sensitive Groups)
2025-09-07 16:00:00,30.8,76.0,977.2,5.4,143.0,0.1,29.0,66.8,38.5,openaq_ground,86.54077253218884,Moderate
2025-09-07 17:00:00,29.9,78.0,977.4,5.6,159.0,0.7,42.75,69.0,30.2,openaq_ground,118.85175879396985,Unhealthy (Sensitive Groups)
2025-09-07 18:00:00,28.0,88.0,979.0,6.5,104.0,0.0,56.5,72.5,27.7,openaq_ground,151.5163329820864,Unhealthy
2025-09-07 19:00:00,27.4,89.0,979.8,5.8,104.0,0.0,52.5,74.0,36.0,openaq_ground,142.85929648241205,Unhealthy (Sensitive Groups)
2025-09-07 20:00:00,27.0,90.0,980.7,5.2,112.0,0.0,27.3,59.5,27.5,openaq_ground,82.9656652360515,Moderate
2025-09-07 21:00:00,26.7,90.0,981.3,5.2,115.0,0.0,17.8,59.8,31.4,openaq_ground,62.987124463519315,Moderate
2025-09-07 22:00:00,26.5,91.0,981.7,6.2,112.0,0.0,40.0,59.5,24.7,openaq_ground,112.08040201005025,Unhealthy (Sensitive Groups)
2025-09-07 23:00:00,26.2,92.0,981.4,5.7,103.0,0.0,34.3,63.8,28.5,openaq_ground,97.68669527896995,Moderate
2025-09-08 00:00:00,26.0,93.0,980.8,5.7,125.0,0.0,26.0,47.5,30.8,openaq_ground,80.23175965665237,Moderate
2025-09-08 01:00:00,25.8,95.0,980.1,4.5,130.0,0.0,54.0,61.5,35.3,openaq_ground,146.55276381909547,Unhealthy (Sensitive Groups)
2025-09-08 02:00:00,25.5,96.0,979.8,3.3,119.0,0.0,57.0,79.3,40.3,openaq_ground,151.77449947312962,Unhealthy
2025-09-08 03:00:00,25.3,97.0,979.8,2.7,132.0,0.0,59.5,77.0,40.8,openaq_ground,153.0653319283456,Unhealthy
2025-09-08 04:00:00,25.2,98.0,980.1,3.1,130.0,0.0,30.8,80.0,37.5,openaq_ground,90.32618025751074,Moderate
2025-09-08 05:00:00,25.2,98.0,980.4,4.2,140.0,0.0,13.0,59.3,39.4,openaq_ground,53.12828282828283,Moderate
2025-09-08 06:00:00,25.8,96.0,981.2,5.9,135.0,0.0,43.8,54.0,33.5,openaq_ground,121.43718592964824,Unhealthy (Sensitive Groups)
2025-09-08 07:00:00,26.7,93.0,981.6,5.1,141.0,0.0,36.5,61.3,35.4,openaq_ground,103.46231155778895,Unhealthy (Sensitive Groups)
2025-09-08 08:00:00,27.9,89.0,981.8,5.8,144.0,0.0,39.95454545454545,65.0,34.154545454545456,openaq_ground,111.96847875742348,Unhealthy (Sensitive Groups)
2025-09-08 09:00:00,29.2,81.0,982.7,6.1,157.0,0.1,43.40909090909091,68.7,32.90909090909091,openaq_ground,120.47464595705802,Unhealthy (Sensitive Groups)
2025-09-08 10:00:00,30.3,74.0,982.9,5.1,172.0,0.1,46.86363636363636,72.4,31.663636363636364,openaq_ground,128.98081315669253,Unhealthy (Sensitive Groups)
2025-09-08 11:00:00,30.9,72.0,982.7,3.8,175.0,0.1,50.31818181818182,76.1,30.418181818181818,openaq_ground,137.48698035632708,Unhealthy (Sensitive Groups)
2025-09-08 12:00:00,31.4,71.0,982.2,4.0,183.0,0.1,53.77272727272727,79.8,29.172727272727272,openaq_ground,145.99314755596163,Unhealthy (Sensitive Groups)
2025-09-08 13:00:00,31.5,70.0,981.3,4.5,196.0,0.1,57.22727272727273,83.5,27.927272727272726,openaq_ground,151.89184787814924,Unhealthy
2025-09-08 18:00:00,30.5,72.0,980.8,3.8,172.0,0.0,74.5,102.0,21.7,openaq_ground,160.81032665964173,Unhealthy
2025-09-08 19:00:00,29.3,78.0,981.5,2.9,158.0,0.0,74.3,87.8,23.8,openaq_ground,160.70706006322445,Unhealthy
2025-09-08 20:00:00,28.8,80.0,982.2,1.5,144.0,0.0,22.3,67.5,29.6,openaq_ground,72.45064377682404,Moderate
2025-09-08 21:00:00,28.4,81.0,982.8,1.3,124.0,0.0,8.0,81.0,26.1,openaq_ground,63.868686868686865,Moderate
2025-09-08 22:00:00,28.0,82.0,982.9,0.9,101.0,0.0,31.0,56.8,22.1,openaq_ground,90.74678111587983,Moderate
2025-09-08 23:00:00,27.5,84.0,982.6,1.8,135.0,0.0,43.5,58.5,23.7,openaq_ground,120.69849246231156,Unhealthy (Sensitive Groups)
2025-09-09 00:00:00,27.1,85.0,982.4,3.5,165.0,0.0,18.0,63.3,21.8,openaq_ground,63.407725321888414,Moderate
2025-09-09 01:00:00,26.6,85.0,982.1,3.8,185.0,0.0,33.0,60.5,15.9,openaq_ground,94.95278969957081,Moderate
2025-09-09 02:00:00,26.3,84.0,981.8,5.2,239.0,0.0,44.8,85.3,16.0,openaq_ground,123.89949748743717,Unhealthy (Sensitive Groups)
2025-09-09 03:00:00,26.0,86.0,981.6,6.7,262.0,0.0,63.3,109.0,18.5,openaq_ground,155.02739726027397,Unhealthy
2025-09-09 04:00:00,25.9,87.0,981.9,7.7,273.0,0.0,30.0,102.0,21.1,openaq_ground,88.64377682403435,Moderate
2025-09-09 05:00:00,25.8,88.0,982.2,7.9,274.0,0.0,30.0,86.0,14.4,openaq_ground,88.64377682403435,Moderate
2025-09-09 06:00:00,26.7,86.0,982.7,7.2,276.0,0.0,40.5,74.5,14.8,openaq_ground,113.31155778894473,Unhealthy (Sensitive Groups)
2025-09-09 07:00:00,27.5,84.0,983.4,6.7,275.0,0.0,59.3,71.0,25.2,openaq_ground,152.96206533192836,Unhealthy
2025-09-09 08:00:00,28.6,80.0,983.8,7.7,286.0,0.0,21.0,110.0,24.7,openaq_ground,78.22222222222223,Moderate
2025-09-09 09:00:00,30.0,74.0,984.3,8.0,290.0,0.0,9.75,47.8,24.2,openaq_ground,44.25925925925926,Good
2025-09-09 10:00:00,30.5,70.0,984.6,9.3,298.0,0.3,24.0,50.0,23.7,openaq_ground,76.02575107296138,Moderate
2025-09-09 11:00:00,31.3,66.0,984.5,8.9,294.0,0.1,48.5,51.666666666666664,23.2,openaq_ground,133.01005025125627,Unhealthy (Sensitive Groups)
2025-09-09 12:00:00,31.9,64.0,984.0,8.1,295.0,0.0,73.0,53.333333333333336,22.7,openaq_ground,160.0358271865121,Unhealthy
2025-09-09 13:00:00,32.4,64.0,983.0,8.8,293.0,0.0,55.75,55.0,22.2,openaq_ground,151.1290832455216,Unhealthy
2025-09-09 14:00:00,32.3,63.0,982.0,10.0,291.0,0.0,38.5,62.0,26.9,openaq_ground,108.38693467336684,Unhealthy (Sensitive Groups)
2025-09-09 15:00:00,32.4,63.0,981.2,9.9,292.0,0.0,55.0,83.0,27.2,openaq_ground,149.01507537688443,Unhealthy (Sensitive Groups)
2025-09-09 16:00:00,32.0,62.0,980.8,10.8,296.0,0.0,31.0,77.0,25.7,openaq_ground,90.74678111587983,Moderate
2025-09-09 17:00:00,31.2,68.0,980.5,8.2,303.0,0.0,37.333333333333336,79.0,19.8,openaq_ground,105.5142378559464,Unhealthy (Sensitive Groups)
2025-09-09 18:00:00,30.3,72.0,981.6,5.6,299.0,0.0,43.666666666666664,71.0,19.200000000000003,openaq_ground,121.10887772194305,Unhealthy (Sensitive Groups)
2025-09-09 19:00:00,29.5,76.0,981.8,6.4,292.0,0.0,50.0,63.0,18.6,openaq_ground,136.7035175879397,Unhealthy (Sensitive Groups)
2025-09-09 20:00:00,29.0,79.0,982.2,7.6,289.0,0.0,39.0,63.8,33.1,openaq_ground,109.61809045226131,Unhealthy (Sensitive Groups)
2025-09-09 21:00:00,28.6,78.0,982.8,7.8,285.0,0.0,9.5,66.8,24.0,openaq_ground,56.84040404040404,Moderate
2025-09-09 22:00:00,28.1,78.0,982.8,6.9,284.0,0.0,31.8,67.0,20.0,openaq_ground,92.42918454935624,Moderate
2025-09-09 23:00:00,27.7,79.0,982.8,7.0,280.0,0.0,56.3,65.8,24.7,openaq_ground,151.4130663856691,Unhealthy
2025-09-10 00:00:00,27.3,80.0,982.4,7.3,281.0,0.0,24.0,76.8,25.3,openaq_ground,76.02575107296138,Moderate
2025-09-10 01:00:00,26.9,80.0,982.1,7.6,282.0,0.0,26.0,71.0,22.3,openaq_ground,80.23175965665237,Moderate
2025-09-10 02:00:00,26.4,81.0,981.9,7.8,279.0,0.0,40.0,84.3,16.5,openaq_ground,112.08040201005025,Unhealthy (Sensitive Groups)
2025-09-10 03:00:00,26.1,83.0,981.9,7.6,275.0,0.0,71.5,87.0,18.6,openaq_ground,159.2613277133825,Unhealthy
2025-09-10 04:00:00,25.8,84.0,981.9,8.2,280.0,0.0,40.0,82.5,20.9,openaq_ground,112.08040201005025,Unhealthy (Sensitive Groups)
2025-09-10 05:00:00,25.6,85.0,982.2,9.1,280.0,0.0,32.0,80.8,16.9,openaq_ground,92.84978540772534,Moderate
2025-09-10 06:00:00,27.1,88.0,982.2,10.6,288.0,0.0,42.3,88.8,17.8,openaq_ground,117.74371859296483,Unhealthy (Sensitive Groups)
2025-09-10 07:00:00,27.8,86.0,983.1,7.9,283.0,0.0,64.0,93.0,19.2,openaq_ground,155.38883034773446,Unhealthy
2025-09-10 08:00:00,28.9,81.0,983.4,9.7,281.0,0.0,31.8,100.0,11.5,openaq_ground,92.42918454935624,Moderate
2025-09-10 09:00:00,30.1,75.0,983.8,13.2,284.0,0.0,19.0,80.5,0.4,openaq_ground,65.5107296137339,Moderate
2025-09-10 10:00:00,31.2,69.0,983.8,14.1,289.0,0.0,32.8,91.3,0.4203703703703704,openaq_ground,94.53218884120172,Moderate
2025-09-10 11:00:00,32.1,62.0,983.7,14.6,294.0,0.0,40.5,94.8,0.44074074074074077,openaq_ground,113.31155778894473,Unhealthy (Sensitive Groups)
2025-09-10 12:00:00,32.7,59.0,982.9,14.8,294.0,0.0,21.0,87.0,0.46111111111111114,openaq_ground,69.71673819742489,Moderate
2025-09-10 13:00:00,33.1,56.0,981.9,15.1,293.0,0.0,24.15,39.0,0.4814814814814815,openaq_ground,76.3412017167382,Moderate
2025-09-10 14:00:00,33.2,55.0,980.9,15.6,293.0,0.0,27.3,94.8,0.5018518518518519,openaq_ground,82.9656652360515,Moderate
2025-09-10 15:00:00,32.9,56.0,979.8,15.6,294.0,0.0,61.5,108.0,0.5222222222222223,openaq_ground,154.09799789251844,Unhealthy
2025-09-10 16:00:00,32.2,59.0,979.2,15.3,294.0,0.0,27.0,98.8,,openaq_ground,82.33476394849785,Moderate
2025-09-10 17:00:00,31.3,63.0,978.9,13.9,295.0,0.0,40.25,59.0,,openaq_ground,112.69597989949749,Unhealthy (Sensitive Groups)
2025-09-10 18:00:00,30.1,66.0,979.6,11.5,295.0,0.0,53.5,98.0,,openaq_ground,145.321608040201,Unhealthy (Sensitive Groups)
2025-09-10 19:00:00,29.3,70.0,979.6,10.4,293.0,0.0,68.8,95.0,,openaq_ground,157.8672286617492,Unhealthy
2025-09-10 20:00:00,28.6,73.0,980.2,9.5,291.0,0.0,20.3,97.0,,openaq_ground,71.78787878787878,Moderate
2025-09-10 21:00:00,28.0,76.0,980.8,8.7,278.0,0.0,2.33,50.7,,openaq_ground,46.94444444444445,Good
2025-09-10 22:00:00,27.4,79.0,980.8,7.9,281.0,0.0,17.8,72.8,,openaq_ground,62.987124463519315,Moderate
2025-09-10 23:00:00,26.9,80.0,981.0,7.3,280.0,0.0,56.3,77.3,,openaq_ground,151.4130663856691,Unhealthy
2025-09-11 00:00:00,26.5,81.0,980.8,7.9,271.0,0.0,21.0,74.0,,openaq_ground,69.71673819742489,Moderate
2025-09-11 01:00:00,26.0,80.0,980.8,7.6,273.0,0.0,19.0,55.0,,openaq_ground,65.5107296137339,Moderate
2025-09-11 02:00:00,25.7,79.0,980.4,8.3,276.0,0.0,40.3,94.7,,openaq_ground,112.81909547738692,Unhealthy (Sensitive Groups)
2025-09-11 03:00:00,25.5,79.0,980.4,8.6,278.0,0.0,72.0,116.0,,openaq_ground,159.5194942044257,Unhealthy
2025-09-11 04:00:00,25.1,79.0,980.7,9.0,267.0,0.0,39.0,133.0,,openaq_ground,109.61809045226131,Unhealthy (Sensitive Groups)
2025-09-11 05:00:00,24.7,79.0,981.1,9.9,266.0,0.0,22.0,110.0,,openaq_ground,78.22222222222223,Moderate
2025-09-11 06:00:00,26.4,77.0,981.3,12.0,279.0,0.0,42.7,111.0,,openaq_ground,118.72864321608041,Unhealthy (Sensitive Groups)
2025-09-11 07:00:00,27.2,76.0,981.9,11.2,282.0,0.0,65.7,122.0,,openaq_ground,156.26659641728136,Unhealthy
2025-09-11 08:00:00,28.3,73.0,982.1,11.3,278.0,0.0,29.0,117.0,,openaq_ground,86.54077253218884,Moderate
2025-09-11 09:00:00,29.7,69.0,982.6,13.5,284.0,0.0,5.0,63.8,,openaq_ground,55.355555555555554,Moderate
2025-09-11 10:00:00,30.9,63.0,982.7,14.9,292.0,0.0,32.7,87.0,,openaq_ground,94.32188841201717,Moderate
2025-09-11 11:00:00,32.0,58.0,982.5,15.2,296.0,0.0,71.8,102.0,,openaq_ground,159.41622760800843,Unhealthy
2025-09-11 12:00:00,32.5,55.0,981.9,14.1,289.0,0.0,23.0,91.7,0.95,openaq_ground,73.92274678111588,Moderate
2025-09-11 13:00:00,32.6,54.0,981.3,13.8,283.0,0.0,23.0,64.0,2.5,openaq_ground,73.92274678111588,Moderate
2025-09-11 14:00:00,32.8,53.0,980.3,14.1,280.0,0.0,29.3,91.3,2.75,openaq_ground,87.1716738197425,Moderate
2025-09-11 15:00:00,32.8,52.0,979.7,14.7,278.0,0.0,48.8,92.8,1.63,openaq_ground,133.74874371859295,Unhealthy (Sensitive Groups)
2025-09-11 16:00:00,32.3,54.0,979.2,14.4,282.0,0.0,51.0,92.3,0.95,openaq_ground,139.16582914572865,Unhealthy (Sensitive Groups)
2025-09-11 17:00:00,31.5,57.0,979.5,11.6,283.0,0.0,45.75,84.0,0.467,openaq_ground,126.23869346733669,Unhealthy (Sensitive Groups)
2025-09-11 18:00:00,30.2,65.0,980.2,6.8,310.0,0.0,40.5,87.0,0.95,openaq_ground,113.31155778894473,Unhealthy (Sensitive Groups)
2025-09-11 19:00:00,29.4,69.0,980.7,6.0,303.0,0.0,51.0,88.3,2.63,openaq_ground,139.16582914572865,Unhealthy (Sensitive Groups)
2025-09-11 20:00:00,28.9,70.0,981.4,6.0,286.0,0.0,54.0,80.5,1.3,openaq_ground,146.55276381909547,Unhealthy (Sensitive Groups)
2025-09-11 21:00:00,28.1,75.0,982.2,4.5,272.0,0.0,22.0,75.5,1.3,openaq_ground,71.8197424892704,Moderate
2025-09-11 22:00:00,27.5,79.0,982.3,4.0,275.0,0.0,22.0,83.0,2.43,openaq_ground,71.8197424892704,Moderate
2025-09-11 23:00:00,26.9,83.0,982.2,3.8,273.0,0.0,48.5,75.8,1.78,openaq_ground,133.01005025125627,Unhealthy (Sensitive Groups)
2025-09-12 00:00:00,26.5,84.0,982.2,4.5,256.0,0.0,50.0,71.3,2.38,openaq_ground,136.7035175879397,Unhealthy (Sensitive Groups)
2025-09-12 01:00:00,26.1,83.0,981.9,5.4,249.0,0.0,24.0,81.0,1.23,openaq_ground,76.02575107296138,Moderate
2025-09-12 02:00:00,25.7,80.0,981.4,5.4,255.0,0.0,28.0,92.3,1.45,openaq_ground,84.43776824034336,Moderate
2025-09-12 03:00:00,25.3,78.0,981.4,7.1,255.0,0.0,43.3,101.0,1.63,openaq_ground,120.20603015075376,Unhealthy (Sensitive Groups)
2025-09-12 04:00:00,24.9,78.0,981.6,7.6,265.0,0.0,53.0,106.0,0.45,openaq_ground,144.09045226130655,Unhealthy (Sensitive Groups)
2025-09-12 05:00:00,24.6,80.0,981.8,7.8,262.0,0.0,27.0,105.0,1.2,openaq_ground,82.33476394849785,Moderate
2025-09-12 06:00:00,25.9,80.0,982.8,10.1,273.0,0.0,28.0,108.0,1.25,openaq_ground,84.43776824034336,Moderate
2025-09-12 07:00:00,26.9,77.0,983.5,8.8,274.0,0.0,40.7,103.0,2.27,openaq_ground,113.80402010050253,Unhealthy (Sensitive Groups)
2025-09-12 08:00:00,28.3,71.0,984.1,9.9,273.0,0.0,60.0,105.0,1.97,openaq_ground,153.32349841938884,Unhealthy
2025-09-12 09:00:00,29.8,66.0,984.7,10.9,277.0,0.0,16.0,99.3,0.667,openaq_ground,72.92626262626263,Moderate
2025-09-12 10:00:00,31.1,61.0,984.6,11.2,292.0,0.1,24.3,96.3,1.85,openaq_ground,76.65665236051503,Moderate
2025-09-12 11:00:00,32.1,56.0,984.3,10.3,295.0,0.1,41.5,83.3,3.07,openaq_ground,115.77386934673368,Unhealthy (Sensitive Groups)
2025-09-12 12:00:00,33.0,52.0,983.5,9.8,287.0,0.0,43.0,80.0,0.4,openaq_ground,119.46733668341709,Unhealthy (Sensitive Groups)
2025-09-12 13:00:00,33.3,50.0,982.7,9.6,283.0,0.0,26.0,88.3,1.75,openaq_ground,80.23175965665237,Moderate
2025-09-12 14:00:00,33.5,49.0,981.8,10.2,279.0,0.0,26.8,96.3,1.9,openaq_ground,81.91416309012877,Moderate
2025-09-12 15:00:00,33.3,50.0,981.0,11.3,278.0,0.0,35.8,93.5,2.18,openaq_ground,101.73869346733667,Unhealthy (Sensitive Groups)
2025-09-12 16:00:00,32.8,52.0,980.3,11.3,279.0,0.0,56.0,74.0,1.1,openaq_ground,151.2581664910432,Unhealthy
2025-09-12 17:00:00,32.0,55.0,980.2,10.8,288.0,0.0,40.75,74.06930693069307,3.47,openaq_ground,113.92713567839196,Unhealthy (Sensitive Groups)
2025-09-12 18:00:00,31.6,56.0,981.3,5.6,310.0,0.0,25.5,74.13861386138613,1.7850000000000001,openaq_ground,79.18025751072962,Moderate
2025-09-12 19:00:00,31.0,59.0,981.5,4.9,332.0,0.0,38.3,74.20792079207921,0.1,openaq_ground,107.89447236180904,Unhealthy (Sensitive Groups)
2025-09-12 20:00:00,30.1,67.0,982.3,2.7,328.0,0.0,69.0,74.27722772277228,1.7,openaq_ground,157.9704952581665,Unhealthy
2025-09-12 21:00:00,29.7,71.0,983.1,1.8,270.0,0.0,24.0,74.34653465346534,0.825,openaq_ground,76.02575107296138,Moderate
2025-09-12 22:00:00,29.1,74.0,983.5,1.2,231.0,0.0,30.3,74.41584158415841,1.7,openaq_ground,89.274678111588,Moderate
2025-09-12 23:00:00,28.4,75.0,983.4,3.1,204.0,0.0,46.5,,0.975,openaq_ground,128.0854271356784,Unhealthy (Sensitive Groups)
2025-09-13 00:00:00,27.8,79.0,983.4,3.4,212.0,0.0,39.0,,0.65,openaq_ground,109.61809045226131,Unhealthy (Sensitive Groups)
2025-09-13 01:00:00,27.6,80.0,983.1,3.9,248.0,0.0,23.0,,2.07,openaq_ground,73.92274678111588,Moderate
2025-09-13 02:00:00,27.4,80.0,982.8,4.7,261.0,0.0,27.0,,1.75,openaq_ground,82.33476394849785,Moderate
2025-09-13 03:00:00,27.1,80.0,982.3,2.7,266.0,0.0,44.0,,2.0,openaq_ground,121.92964824120602,Unhealthy (Sensitive Groups)
2025-09-13 04:00:00,26.7,80.0,982.3,4.6,252.0,0.0,39.7,,2.8,openaq_ground,111.34170854271358,Unhealthy (Sensitive Groups)
2025-09-13 05:00:00,26.3,79.0,982.6,5.1,247.0,0.0,4.0,,1.75,openaq_ground,16.666666666666668,Good
2025-09-13 06:00:00,27.7,73.0,983.5,5.8,261.0,0.0,22.3,,1.38,openaq_ground,72.45064377682404,Moderate
2025-09-13 07:00:00,28.5,69.0,984.3,6.0,275.0,0.0,50.0,,2.45,openaq_ground,136.7035175879397,Unhealthy (Sensitive Groups)
2025-09-13 08:00:00,29.2,66.0,984.7,6.2,280.0,0.0,50.0492700729927,,1.4,openaq_ground,136.82483585812273,Unhealthy (Sensitive Groups)
2025-09-13 09:00:00,30.9,60.0,985.1,5.8,279.0,0.0,50.0985401459854,,0.767,openaq_ground,136.94615412830578,Unhealthy (Sensitive Groups)
2025-09-13 10:00:00,33.0,49.0,984.9,7.0,293.0,0.0,50.1478102189781,,0.4,openaq_ground,137.0674723984888,Unhealthy (Sensitive Groups)
2025-09-13 11:00:00,34.3,44.0,984.6,7.4,292.0,0.0,50.197080291970806,,1.5,openaq_ground,137.18879066867183,Unhealthy (Sensitive Groups)
2025-09-13 12:00:00,35.0,42.0,983.6,8.4,277.0,0.0,50.246350364963504,,2.58,openaq_ground,137.31010893885485,Unhealthy (Sensitive Groups)
2025-09-13 13:00:00,35.3,41.0,982.7,10.1,270.0,0.1,50.2956204379562,,1.85,openaq_ground,137.4314272090379,Unhealthy (Sensitive Groups)
2025-10-28 23:00:00,21.3,86.0,990.4,3.6,171.0,0.0,104.0,151.0,6.6,openaq_ground,176.04214963119074,Unhealthy
2025-10-29 00:00:00,21.0,88.0,990.2,2.4,207.0,0.0,108.0,156.0,6.48,openaq_ground,178.10748155953635,Unhealthy
2025-10-29 01:00:00,20.9,89.0,989.8,1.6,270.0,0.0,109.0,161.0,6.1,openaq_ground,178.62381454162275,Unhealthy
2025-10-29 02:00:00,20.8,90.0,989.5,1.9,292.0,0.0,118.0,198.0,8.03,openaq_ground,183.27081138040043,Unhealthy
2025-10-29 03:00:00,20.7,89.0,989.2,2.7,332.0,0.0,124.0,211.0,11.8,openaq_ground,186.36880927291887,Unhealthy
2025-10-29 04:00:00,20.7,88.0,988.6,3.0,346.0,0.0,146.0,235.0,10.2,openaq_ground,197.72813487881982,Unhealthy
2025-10-29 05:00:00,20.2,87.0,988.6,3.5,339.0,0.0,131.0,206.0,7.0,openaq_ground,189.98314014752373,Unhealthy
2025-10-29 06:00:00,20.3,86.0,988.8,3.0,346.0,0.0,130.0,214.0,7.166666666666667,openaq_ground,189.4668071654373,Unhealthy
2025-10-29 07:00:00,21.1,81.0,989.5,3.8,335.0,0.0,175.0,278.0,7.333333333333333,openaq_ground,225.27927927927928,Very Unhealthy
2025-10-29 08:00:00,22.8,73.0,989.7,3.6,330.0,0.0,182.0,307.0,7.5,openaq_ground,232.21621621621622,Very Unhealthy
2025-10-29 09:00:00,25.0,64.0,990.0,5.5,341.0,0.0,169.0,272.0,9.433333333333334,openaq_ground,219.33333333333334,Very Unhealthy
2025-10-29 10:00:00,26.9,55.0,989.5,8.6,349.0,0.0,169.0,261.0,11.366666666666667,openaq_ground,219.33333333333334,Very Unhealthy
2025-10-29 11:00:00,27.7,53.0,989.2,7.6,5.0,0.0,155.0,240.0,13.3,openaq_ground,205.45945945945945,Very Unhealthy
2025-10-29 12:00:00,28.6,50.0,988.7,6.7,360.0,0.0,186.0,261.0,12.1,openaq_ground,236.18018018018017,Very Unhealthy
2025-10-29 13:00:00,29.2,47.0,987.6,6.1,360.0,0.0,202.0,255.0,14.4,openaq_ground,252.03603603603602,Very Unhealthy
2025-10-29 14:00:00,29.2,46.0,986.6,5.6,356.0,0.0,198.0,258.0,13.0,openaq_ground,248.07207207207207,Very Unhealthy
2025-10-29 15:00:00,29.0,46.0,986.0,6.3,7.0,0.0,176.0,276.0,14.1,openaq_ground,226.27027027027026,Very Unhealthy
2025-10-29 16:00:00,28.4,48.0,985.9,5.6,2.0,0.0,214.0,303.0,11.3,openaq_ground,263.92792792792795,Very Unhealthy
2025-10-29 17:00:00,27.9,48.0,986.3,3.6,18.0,0.0,216.0,292.0,5.17,openaq_ground,265.9099099099099,Very Unhealthy
2025-10-29 18:00:00,27.1,52.0,986.2,3.4,25.0,0.0,222.0,307.0,4.35,openaq_ground,271.85585585585585,Very Unhealthy
2025-10-29 19:00:00,26.7,54.0,986.5,4.0,30.0,0.0,212.0,311.0,12.7,openaq_ground,261.94594594594594,Very Unhealthy
2025-10-29 20:00:00,26.0,61.0,987.0,1.9,49.0,0.0,243.0,329.0,6.43,openaq_ground,292.6666666666667,Very Unhealthy
2025-10-29 21:00:00,25.9,60.0,987.4,0.7,346.0,0.0,246.0,328.0,5.23,openaq_ground,295.63963963963965,Very Unhealthy
2025-10-29 22:00:00,25.3,61.0,987.3,2.4,351.0,0.0,254.0,339.0,5.78,openaq_ground,304.4684684684685,Hazardous
2025-10-29 23:00:00,24.8,66.0,987.4,2.8,18.0,0.0,240.0,349.0,7.68,openaq_ground,289.6936936936937,Very Unhealthy
2025-10-30 00:00:00,24.7,63.0,987.1,4.3,24.0,0.0,250.0,339.0,6.15,openaq_ground,299.6036036036036,Very Unhealthy
2025-10-30 01:00:00,24.1,66.0,986.8,4.1,23.0,0.0,245.0,327.0,3.48,openaq_ground,294.64864864864865,Very Unhealthy
2025-10-30 02:00:00,24.0,67.0,986.8,4.7,32.0,0.0,252.0,352.0,7.43,openaq_ground,302.4864864864865,Hazardous
2025-10-30 03:00:00,23.5,69.0,986.4,5.5,41.0,0.0,293.0,441.0,13.6,openaq_ground,343.1171171171171,Hazardous
2025-10-30 04:00:00,23.1,72.0,986.9,4.8,65.0,0.0,313.0,463.0,18.7,openaq_ground,362.93693693693695,Hazardous
2025-10-30 05:00:00,22.9,78.0,987.1,3.0,128.0,0.0,234.0,341.0,18.5,openaq_ground,283.7477477477478,Very Unhealthy
2025-10-30 06:00:00,22.6,80.0,987.6,2.7,217.0,0.0,136.0,220.0,14.9,openaq_ground,192.56480505795574,Unhealthy
2025-10-30 07:00:00,23.0,78.0,988.2,1.9,221.0,0.0,87.5,176.0,16.7,openaq_ground,167.52265542676503,Unhealthy
2025-10-30 08:00:00,23.4,76.0,988.8,0.7,166.0,0.0,103.0,212.0,16.1,openaq_ground,175.5258166491043,Unhealthy
2025-10-30 09:00:00,24.8,72.0,989.4,0.6,326.0,0.0,107.0,216.0,17.3,openaq_ground,177.59114857744996,Unhealthy
2025-10-30 10:00:00,26.1,68.0,989.4,2.6,129.0,0.0,119.0,230.0,19.0,openaq_ground,183.78714436248683,Unhealthy
2025-10-30 11:00:00,27.3,65.0,988.9,4.9,141.0,0.0,102.0,213.0,17.9,openaq_ground,175.00948366701792,Unhealthy
2025-10-30 12:00:00,27.3,61.0,988.2,4.6,149.0,0.1,104.0,189.0,14.8,openaq_ground,176.04214963119074,Unhealthy
2025-10-30 13:00:00,26.9,63.0,987.5,5.0,150.0,0.0,110.0,183.0,8.08,openaq_ground,179.14014752370917,Unhealthy
2025-10-30 14:00:00,26.7,64.0,986.7,4.5,130.0,0.0,106.0,155.0,8.03,openaq_ground,177.07481559536353,Unhealthy
2025-10-30 15:00:00,26.4,65.0,986.0,3.7,141.0,0.0,95.3,147.0,6.97,openaq_ground,171.550052687039,Unhealthy
2025-10-30 16:00:00,26.1,66.0,985.9,2.7,148.0,0.0,98.0,147.0,7.45,openaq_ground,172.9441517386723,Unhealthy
2025-10-30 17:00:00,24.9,75.0,986.1,2.2,132.0,0.0,100.0,142.0,4.83,openaq_ground,173.9768177028451,Unhealthy
2025-10-30 18:00:00,24.8,77.0,986.1,2.9,112.0,0.0,93.5,129.0,2.7,openaq_ground,170.62065331928346,Unhealthy
2025-10-30 19:00:00,24.0,83.0,986.7,3.9,114.0,0.0,79.3,115.0,11.9,openaq_ground,163.28872497365649,Unhealthy
2025-10-30 20:00:00,23.5,88.0,987.3,5.7,143.0,0.0,68.8,116.0,7.78,openaq_ground,157.8672286617492,Unhealthy
2025-10-30 21:00:00,23.2,91.0,987.7,3.9,152.0,0.0,74.8,115.0,5.8,openaq_ground,160.96522655426764,Unhealthy
2025-10-30 22:00:00,23.1,93.0,987.8,3.9,152.0,0.0,81.5,114.0,5.4,openaq_ground,164.42465753424656,Unhealthy
2025-10-30 23:00:00,22.9,95.0,988.1,6.3,156.0,0.0,68.0,106.0,5.17,openaq_ground,157.4541622760801,Unhealthy
2025-10-31 00:00:00,22.9,94.0,987.8,5.8,158.0,0.0,65.0,99.5,6.15,openaq_ground,155.90516332982085,Unhealthy
2025-10-31 01:00:00,22.7,94.0,987.6,4.4,161.0,0.0,60.5,97.3,6.1,openaq_ground,153.58166491043204,Unhealthy
2025-10-31 02:00:00,22.5,94.0,987.3,4.4,189.0,0.0,64.8,102.0,7.33,openaq_ground,155.8018967334036,Unhealthy
2025-10-31 03:00:00,22.3,95.0,987.0,3.4,205.0,0.0,72.3,134.0,15.3,openaq_ground,159.67439409905163,Unhealthy
2025-10-31 04:00:00,22.1,96.0,986.7,1.8,186.0,0.0,101.0,169.0,13.3,openaq_ground,174.4931506849315,Unhealthy
2025-10-31 05:00:00,21.6,96.0,986.4,1.1,288.0,0.0,111.0,176.0,10.3,openaq_ground,179.65648050579557,Unhealthy
2025-10-31 06:00:00,21.4,97.0,986.8,1.8,233.0,0.0,112.0,172.0,10.2,openaq_ground,180.17281348788197,Unhealthy
2025-10-31 07:00:00,22.2,95.0,987.4,5.2,258.0,0.0,110.0,169.0,10.4,openaq_ground,179.14014752370917,Unhealthy
2025-10-31 08:00:00,23.2,90.0,987.8,6.4,280.0,0.0,94.8,174.0,9.5,openaq_ground,171.29188619599577,Unhealthy
2025-10-31 09:00:00,24.9,79.0,988.0,6.5,309.0,0.0,98.5,162.0,9.7,openaq_ground,173.2023182297155,Unhealthy
2025-10-31 10:00:00,26.6,68.0,988.1,5.3,308.0,0.0,94.0,154.0,9.8,openaq_ground,170.87881981032666,Unhealthy
2025-10-31 11:00:00,27.9,61.0,987.4,4.4,282.0,0.0,71.8,144.0,10.1,openaq_ground,159.41622760800843,Unhealthy
2025-10-31 12:00:00,29.1,55.0,986.5,3.9,313.0,0.1,69.0,130.0,10.1,openaq_ground,157.9704952581665,Unhealthy
2025-10-31 13:00:00,29.9,51.0,985.7,4.0,309.0,0.0,88.8,124.0,11.8,openaq_ground,168.19388830347734,Unhealthy
2025-10-31 14:00:00,30.3,48.0,985.1,4.0,291.0,0.0,83.8,117.0,10.7,openaq_ground,165.6122233930453,Unhealthy
2025-10-31 15:00:00,30.3,47.0,984.7,5.8,300.0,0.0,72.0,113.0,11.8,openaq_ground,159.5194942044257,Unhealthy
2025-10-31 16:00:00,29.7,47.0,984.5,6.9,307.0,0.0,77.3,125.0,11.7,openaq_ground,162.25605900948366,Unhealthy
2025-10-31 17:00:00,28.2,55.0,984.9,4.3,272.0,0.0,84.0,132.0,8.63,openaq_ground,165.71548998946258,Unhealthy
2025-10-31 18:00:00,26.9,64.0,985.2,3.6,264.0,0.0,101.0,145.0,6.7,openaq_ground,174.4931506849315,Unhealthy
2025-10-31 19:00:00,26.1,68.0,985.6,4.0,243.0,0.0,111.0,162.0,4.73,openaq_ground,179.65648050579557,Unhealthy
2025-10-31 20:00:00,25.5,70.0,986.1,4.9,234.0,0.0,103.0,170.0,1.85,openaq_ground,175.5258166491043,Unhealthy
2025-10-31 21:00:00,24.8,71.0,986.5,6.2,224.0,0.0,106.0,163.0,10.8,openaq_ground,177.07481559536353,Unhealthy
2025-10-31 22:00:00,24.0,73.0,986.5,6.6,221.0,0.0,97.25,145.5,8.775,openaq_ground,172.55690200210748,Unhealthy
2025-10-31 23:00:00,23.4,81.0,986.4,5.5,229.0,0.0,88.5,128.0,6.75,openaq_ground,168.03898840885142,Unhealthy
2025-11-01 00:00:00,23.0,82.0,986.2,4.8,233.0,0.0,87.0,129.0,5.53,openaq_ground,167.26448893572183,Unhealthy
2025-11-01 01:00:00,22.7,82.0,986.0,5.8,240.0,0.0,97.0,140.0,3.98,openaq_ground,172.42781875658588,Unhealthy
2025-11-01 02:00:00,22.0,85.0,985.9,5.2,266.0,0.0,111.0,167.0,3.85,openaq_ground,179.65648050579557,Unhealthy
2025-11-01 03:00:00,21.2,89.0,986.2,5.2,268.0,0.0,176.0,281.0,14.7,openaq_ground,226.27027027027026,Very Unhealthy
2025-11-01 04:00:00,20.8,92.0,986.1,5.4,264.0,0.0,312.0,470.0,14.3,openaq_ground,361.94594594594594,Hazardous
2025-11-01 05:00:00,20.9,95.0,986.1,5.7,252.0,0.0,324.0,461.0,13.3,openaq_ground,373.83783783783787,Hazardous
2025-11-01 06:00:00,20.8,96.0,986.7,5.3,294.0,0.0,279.0,423.0,13.1,openaq_ground,329.2432432432432,Hazardous
2025-11-01 07:00:00,21.3,91.0,987.4,6.1,273.0,0.0,246.0,368.0,14.0,openaq_ground,295.63963963963965,Very Unhealthy
2025-11-01 08:00:00,23.1,81.0,988.4,4.0,262.0,0.0,234.0,347.0,12.1,openaq_ground,283.7477477477478,Very Unhealthy
2025-11-01 09:00:00,26.0,64.0,988.9,4.3,268.0,0.0,230.0,331.0,10.4,openaq_ground,279.78378378378375,Very Unhealthy
2025-11-01 10:00:00,28.4,48.0,988.9,5.6,285.0,0.0,219.0,285.0,11.9,openaq_ground,268.8828828828829,Very Unhealthy
2025-11-01 11:00:00,29.8,36.0,988.3,7.9,291.0,0.0,203.0,263.0,13.1,openaq_ground,253.02702702702703,Very Unhealthy
2025-11-01 12:00:00,30.6,31.0,987.4,8.9,297.0,0.0,214.0,282.0,13.8,openaq_ground,263.92792792792795,Very Unhealthy
2025-11-01 13:00:00,30.9,29.0,986.5,9.8,298.0,0.0,286.0,355.0,14.7,openaq_ground,336.1801801801802,Hazardous
2025-11-01 14:00:00,30.8,29.0,985.9,10.2,301.0,0.0,283.0,353.0,13.3,openaq_ground,333.2072072072072,Hazardous
2025-11-01 15:00:00,30.4,29.0,985.7,10.2,301.0,0.0,232.0,296.0,12.6,openaq_ground,281.76576576576576,Very Unhealthy
2025-11-01 16:00:00,29.6,30.0,985.6,9.6,300.0,0.0,209.0,275.0,9.75,openaq_ground,258.97297297297297,Very Unhealthy
2025-11-01 17:00:00,27.0,47.0,985.7,5.4,320.0,0.0,208.0,276.0,15.0,openaq_ground,257.98198198198196,Very Unhealthy
2025-11-01 18:00:00,25.6,52.0,986.0,5.7,323.0,0.0,212.0,281.0,5.85,openaq_ground,261.94594594594594,Very Unhealthy
2025-11-01 19:00:00,24.7,55.0,986.2,5.4,296.0,0.0,210.0,282.0,8.58,openaq_ground,259.963963963964,Very Unhealthy
2025-11-01 20:00:00,24.1,56.0,986.7,6.1,282.0,0.0,158.0,232.0,10.0,openaq_ground,208.43243243243242,Very Unhealthy
2025-11-01 21:00:00,23.5,58.0,986.9,6.0,273.0,0.0,159.0,214.0,8.88,openaq_ground,209.42342342342343,Very Unhealthy
2025-11-01 22:00:00,23.0,58.0,986.9,6.0,263.0,0.0,190.0,234.0,8.25,openaq_ground,240.14414414414415,Very Unhealthy
2025-11-01 23:00:00,22.0,68.0,986.7,5.2,266.0,0.0,214.0,262.0,8.13,openaq_ground,263.92792792792795,Very Unhealthy
2025-11-02 00:00:00,21.4,68.0,986.5,5.8,279.0,0.0,211.0,263.0,7.95,openaq_ground,260.9549549549549,Very Unhealthy
2025-11-02 01:00:00,21.2,68.0,986.3,6.2,282.0,0.0,220.0,260.0,7.53,openaq_ground,269.8738738738739,Very Unhealthy
2025-11-02 02:00:00,20.9,69.0,986.0,6.5,270.0,0.0,214.0,271.0,12.1,openaq_ground,263.92792792792795,Very Unhealthy
2025-11-02 03:00:00,20.1,72.0,986.0,6.2,280.0,0.0,237.0,327.0,12.1,openaq_ground,286.7207207207207,Very Unhealthy
2025-11-02 04:00:00,19.6,73.0,985.6,6.1,275.0,0.0,285.0,391.0,13.0,openaq_ground,335.18918918918916,Hazardous
2025-11-02 05:00:00,19.4,79.0,986.2,5.9,268.0,0.0,283.0,401.0,12.0,openaq_ground,333.2072072072072,Hazardous
2025-11-02 06:00:00,19.3,80.0,986.7,5.6,272.0,0.0,226.0,344.0,10.8,openaq_ground,275.8198198198198,Very Unhealthy
2025-11-02 07:00:00,19.9,78.0,987.5,6.3,275.0,0.0,164.0,272.0,8.3,openaq_ground,214.3783783783784,Very Unhealthy
2025-11-02 08:00:00,21.6,73.0,988.3,6.1,275.0,0.0,88.5,155.0,8.3,openaq_ground,168.03898840885142,Unhealthy
2025-11-02 09:00:00,23.8,65.0,988.9,5.9,282.0,0.0,88.5,165.0,7.85,openaq_ground,168.03898840885142,Unhealthy
2025-11-02 10:00:00,25.8,58.0,988.7,5.9,284.0,0.0,102.0,183.0,9.13,openaq_ground,175.00948366701792,Unhealthy
2025-11-02 11:00:00,27.6,50.0,988.3,8.8,287.0,0.0,115.0,183.0,10.4,openaq_ground,181.7218124341412,Unhealthy
2025-11-02 12:00:00,28.8,39.0,987.7,12.3,300.0,0.0,95.3,164.0,10.4,openaq_ground,171.550052687039,Unhealthy
2025-11-02 13:00:00,29.3,36.0,986.9,12.8,305.0,0.0,138.0,224.0,13.6,openaq_ground,193.59747102212856,Unhealthy
2025-11-02 14:00:00,29.4,35.0,986.2,12.7,303.0,0.0,162.0,267.0,14.6,openaq_ground,212.3963963963964,Very Unhealthy
2025-11-02 15:00:00,29.1,35.0,986.1,12.2,301.0,0.0,172.0,264.0,15.4,openaq_ground,222.3063063063063,Very Unhealthy
2025-11-02 16:00:00,28.1,39.0,985.6,9.8,301.0,0.0,161.0,244.0,15.5,openaq_ground,211.40540540540542,Very Unhealthy
2025-11-02 17:00:00,26.2,48.0,985.6,7.6,289.0,0.0,165.0,254.0,13.9,openaq_ground,215.36936936936937,Very Unhealthy
2025-11-02 18:00:00,24.6,54.0,985.9,6.8,282.0,0.0,153.0,231.66666666666666,13.4,openaq_ground,203.47747747747746,Very Unhealthy
2025-11-02 19:00:00,23.7,56.0,986.2,7.0,273.0,0.0,141.0,209.33333333333334,12.9,openaq_ground,195.14646996838778,Unhealthy
2025-11-02 20:00:00,23.1,56.0,986.3,7.2,276.0,0.0,129.0,187.0,12.4,openaq_ground,188.9504741833509,Unhealthy
2025-11-02 21:00:00,22.5,56.0,986.7,7.4,283.0,0.0,150.0,215.0,13.5,openaq_ground,199.79346680716543,Unhealthy
2025-11-02 22:00:00,21.8,57.0,986.4,7.9,286.0,0.0,156.0,214.0,10.2,openaq_ground,206.45045045045046,Very Unhealthy
2025-11-02 23:00:00,21.6,60.0,986.3,8.2,280.0,0.0,154.0,210.0,12.4,openaq_ground,204.46846846846847,Very Unhealthy
2025-11-03 00:00:00,21.2,60.0,986.0,8.5,272.0,0.0,119.0,185.0,12.9,openaq_ground,183.78714436248683,Unhealthy
2025-11-03 01:00:00,20.6,61.0,985.5,9.1,263.0,0.0,140.0,204.0,12.4,openaq_ground,194.63013698630138,Unhealthy
2025-11-03 02:00:00,19.7,64.0,985.1,9.2,263.0,0.0,140.0,223.0,14.2,openaq_ground,194.63013698630138,Unhealthy
2025-11-03 03:00:00,19.0,66.0,984.9,8.8,268.0,0.0,146.0,257.0,16.9,openaq_ground,197.72813487881982,Unhealthy
2025-11-03 04:00:00,18.5,68.0,984.7,8.5,265.0,0.0,152.0,275.0,17.0,openaq_ground,202.48648648648648,Very Unhealthy
2025-11-03 05:00:00,18.2,72.0,984.5,8.3,265.0,0.0,225.0,382.0,15.4,openaq_ground,274.8288288288288,Very Unhealthy
2025-11-03 06:00:00,17.9,73.0,984.9,8.0,261.0,0.0,247.0,389.0,16.266666666666666,openaq_ground,296.63063063063066,Very Unhealthy
2025-11-03 07:00:00,18.3,70.0,985.6,8.3,257.0,0.0,269.0,396.0,17.133333333333333,openaq_ground,319.3333333333333,Hazardous
2025-11-03 08:00:00,19.9,69.0,986.1,8.1,258.0,0.0,195.0,311.0,18.0,openaq_ground,245.0990990990991,Very Unhealthy
2025-11-03 09:00:00,22.3,60.0,987.0,5.9,268.0,0.0,158.0,263.0,13.5,openaq_ground,208.43243243243242,Very Unhealthy
2025-11-03 10:00:00,24.8,52.0,986.9,6.0,267.0,0.0,103.0,215.0,17.5,openaq_ground,175.5258166491043,Unhealthy
2025-11-03 11:00:00,27.2,46.0,986.3,7.0,273.0,0.0,65.0,130.0,27.7,openaq_ground,155.90516332982085,Unhealthy
2025-11-03 12:00:00,28.8,40.0,985.4,8.7,278.0,0.0,35.8,108.0,24.9,openaq_ground,101.73869346733667,Unhealthy (Sensitive Groups)
2025-11-03 13:00:00,29.9,35.0,984.6,10.8,281.0,0.0,89.3,168.0,26.5,openaq_ground,168.45205479452054,Unhealthy
2025-11-03 14:00:00,30.5,28.0,983.5,14.1,293.0,0.0,102.0,193.0,40.6,openaq_ground,175.00948366701792,Unhealthy
2025-11-03 15:00:00,30.0,28.0,983.3,13.3,295.0,0.0,104.64285714285714,200.0,40.50714285714286,openaq_ground,176.37407797681772,Unhealthy
2025-11-03 16:00:00,28.7,32.0,983.1,10.3,293.0,0.0,107.28571428571429,207.0,40.41428571428572,openaq_ground,177.7386722866175,Unhealthy
2025-11-03 17:00:00,26.3,42.0,983.0,6.9,300.0,0.0,109.92857142857143,214.0,40.32142857142857,openaq_ground,179.10326659641728,Unhealthy
2025-11-03 18:00:00,25.2,46.0,983.4,6.9,317.0,0.0,112.57142857142857,221.0,40.22857142857143,openaq_ground,180.46786090621708,Unhealthy
2025-11-03 19:00:00,24.3,51.0,983.7,5.7,316.0,0.0,115.21428571428571,228.0,40.135714285714286,openaq_ground,181.83245521601685,Unhealthy
2025-11-03 20:00:00,24.1,50.0,984.2,2.7,290.0,0.0,117.85714285714286,235.0,40.042857142857144,openaq_ground,183.19704952581665,Unhealthy
2025-11-04 04:00:00,19.5,69.0,984.1,5.3,128.0,0.0,139.0,291.0,39.3,openaq_ground,194.11380400421496,Unhealthy
2025-11-04 05:00:00,18.9,74.0,984.6,5.1,144.0,0.0,102.0,263.0,23.0,openaq_ground,175.00948366701792,Unhealthy
2025-11-04 06:00:00,19.9,68.0,985.1,6.8,140.0,0.0,125.5,235.5,24.85,openaq_ground,187.1433087460485,Unhealthy
2025-11-04 07:00:00,20.1,67.0,986.1,9.0,160.0,0.0,149.0,208.0,26.7,openaq_ground,199.27713382507903,Unhealthy
2025-11-04 08:00:00,21.8,65.0,986.5,8.5,156.0,0.0,50.8,164.0,26.5,openaq_ground,138.67336683417085,Unhealthy (Sensitive Groups)
2025-11-04 09:00:00,23.6,61.0,986.9,3.8,155.0,0.0,38.7,141.0,21.9,openaq_ground,108.87939698492463,Unhealthy (Sensitive Groups)
2025-11-04 10:00:00,25.7,54.0,986.8,2.0,135.0,0.0,106.0,136.0,27.1,openaq_ground,177.07481559536353,Unhealthy
2025-11-04 11:00:00,27.5,47.0,986.4,3.9,196.0,0.0,54.3,119.0,29.3,openaq_ground,147.29145728643215,Unhealthy (Sensitive Groups)
2025-11-04 12:00:00,28.7,42.0,985.6,4.2,162.0,0.0,30.8,90.0,24.3,openaq_ground,90.32618025751074,Moderate
2025-11-04 13:00:00,28.7,44.0,984.7,10.6,156.0,0.0,26.0,92.8,33.1,openaq_ground,80.23175965665237,Moderate
2025-11-04 14:00:00,28.2,46.0,983.8,11.0,165.0,0.0,70.5,132.0,28.3,openaq_ground,158.7449947312961,Unhealthy
2025-11-04 15:00:00,27.9,43.0,983.5,9.4,162.0,0.0,65.0,126.0,23.6,openaq_ground,155.90516332982085,Unhealthy
2025-11-04 16:00:00,26.9,47.0,983.4,7.1,159.0,0.0,43.0,97.0,17.8,openaq_ground,119.46733668341709,Unhealthy (Sensitive Groups)
2025-11-04 17:00:00,25.4,62.0,982.9,5.2,153.0,0.0,94.0,160.0,13.2,openaq_ground,170.87881981032666,Unhealthy
2025-11-04 18:00:00,24.7,60.0,983.2,6.8,140.0,0.0,108.0,151.0,15.1,openaq_ground,178.10748155953635,Unhealthy
2025-11-04 19:00:00,23.6,64.0,984.4,5.8,160.0,0.0,93.8,138.0,15.3,openaq_ground,170.77555321390938,Unhealthy
2025-11-04 20:00:00,23.0,67.0,984.9,6.8,169.0,0.0,46.8,85.5,12.0,openaq_ground,128.82412060301507,Unhealthy (Sensitive Groups)
2025-11-04 21:00:00,22.1,71.0,985.4,5.4,180.0,0.0,82.5,115.0,16.8,openaq_ground,164.940990516333,Unhealthy
2025-11-04 22:00:00,21.6,73.0,985.5,4.7,198.0,0.0,96.8,123.0,16.5,openaq_ground,172.3245521601686,Unhealthy
2025-11-04 23:00:00,21.8,80.0,985.4,3.7,203.0,0.0,92.0,129.0,12.0,openaq_ground,169.84615384615384,Unhealthy
2025-11-05 00:00:00,21.3,83.0,984.9,3.8,199.0,0.0,68.8,118.0,11.0,openaq_ground,157.8672286617492,Unhealthy
2025-11-05 01:00:00,21.5,82.0,985.0,2.4,228.0,0.0,98.0,153.0,6.9,openaq_ground,172.9441517386723,Unhealthy
2025-11-05 02:00:00,21.4,81.0,985.1,6.1,34.0,0.0,117.0,169.0,16.4,openaq_ground,182.754478398314,Unhealthy
2025-11-05 03:00:00,20.2,86.0,985.0,6.7,44.0,0.0,122.0,180.0,22.2,openaq_ground,185.33614330874605,Unhealthy
2025-11-05 04:00:00,19.4,88.0,984.7,5.9,76.0,0.0,51.0,109.0,25.8,openaq_ground,139.16582914572865,Unhealthy (Sensitive Groups)
2025-11-05 05:00:00,19.0,92.0,984.6,4.0,141.0,0.0,73.5,157.0,26.5,openaq_ground,160.29399367755533,Unhealthy
2025-11-05 06:00:00,18.9,92.0,985.0,3.2,164.0,0.0,83.0,168.0,17.4,openaq_ground,165.1991570073762,Unhealthy
2025-11-05 07:00:00,20.0,88.0,985.6,4.0,180.0,0.0,89.3,155.0,16.7,openaq_ground,168.45205479452054,Unhealthy
2025-11-05 08:00:00,22.1,80.0,986.1,4.3,222.0,0.0,48.5,96.3,18.6,openaq_ground,133.01005025125627,Unhealthy (Sensitive Groups)
2025-11-05 09:00:00,24.2,72.0,986.7,3.2,236.0,0.0,12.5,60.3,14.4,openaq_ground,53.62323232323232,Moderate
2025-11-05 10:00:00,26.1,63.0,986.6,3.1,273.0,0.0,43.3,103.0,17.1,openaq_ground,120.20603015075376,Unhealthy (Sensitive Groups)
2025-11-05 11:00:00,28.1,55.0,986.3,5.4,290.0,0.0,70.7,133.0,18.1,openaq_ground,158.84826132771337,Unhealthy
2025-11-05 12:00:00,29.3,43.0,985.8,8.0,301.0,0.0,67.8,130.0,21.4,openaq_ground,157.3508956796628,Unhealthy
2025-11-05 13:00:00,29.5,37.0,985.1,9.4,310.0,0.0,58.5,130.0,26.4,openaq_ground,152.54899894625922,Unhealthy
2025-11-05 14:00:00,29.4,35.0,984.4,10.2,316.0,0.0,122.0,221.0,26.1,openaq_ground,185.33614330874605,Unhealthy
2025-11-05 15:00:00,28.9,36.0,984.2,10.9,320.0,0.0,184.0,288.0,27.6,openaq_ground,234.1981981981982,Very Unhealthy
2025-11-05 16:00:00,28.0,39.0,984.2,10.2,330.0,0.0,219.0,306.0,30.4,openaq_ground,268.8828828828829,Very Unhealthy
2025-11-05 17:00:00,27.1,40.0,984.0,8.1,309.0,0.0,227.0,283.0,26.1,openaq_ground,276.81081081081084,Very Unhealthy
2025-11-05 18:00:00,25.9,45.0,984.6,9.2,313.0,0.0,315.0,381.0,17.1,openaq_ground,364.91891891891896,Hazardous
2025-11-05 19:00:00,24.8,47.0,985.4,9.7,317.0,0.0,273.0,335.0,19.8,openaq_ground,323.2972972972973,Hazardous
2025-11-05 20:00:00,23.8,49.0,986.0,8.9,320.0,0.0,231.0,291.0,19.5,openaq_ground,280.77477477477476,Very Unhealthy
2025-11-05 21:00:00,22.8,50.0,986.4,8.8,325.0,0.0,193.0,228.0,18.2,openaq_ground,243.11711711711712,Very Unhealthy
2025-11-05 22:00:00,22.0,51.0,986.6,8.9,320.0,0.0,196.0,250.0,16.7,openaq_ground,246.0900900900901,Very Unhealthy
2025-11-05 23:00:00,21.3,60.0,986.9,8.4,312.0,0.0,222.0,269.0,18.1,openaq_ground,271.85585585585585,Very Unhealthy
2025-11-06 00:00:00,20.5,60.0,987.1,9.8,308.0,0.0,262.0,304.0,18.8,openaq_ground,312.3963963963964,Hazardous
2025-11-06 01:00:00,19.6,57.0,987.0,9.8,310.0,0.0,311.0,359.0,16.3,openaq_ground,360.954954954955,Hazardous
2025-11-06 02:00:00,18.8,50.0,986.8,9.4,308.0,0.0,324.0,449.0,27.5,openaq_ground,373.83783783783787,Hazardous
2025-11-06 03:00:00,17.7,48.0,986.6,9.5,302.0,0.0,324.0,480.0,28.9,openaq_ground,373.83783783783787,Hazardous
2025-11-06 04:00:00,16.8,51.0,986.7,9.4,300.0,0.0,224.0,370.0,18.7,openaq_ground,273.8378378378378,Very Unhealthy
2025-11-06 05:00:00,16.4,64.0,987.0,10.2,296.0,0.0,112.0,241.0,14.8,openaq_ground,180.17281348788197,Unhealthy
2025-11-06 06:00:00,15.8,66.0,987.7,8.9,299.0,0.0,83.0,220.0,12.8,openaq_ground,165.1991570073762,Unhealthy
2025-11-06 07:00:00,16.1,66.0,988.6,8.9,297.0,0.0,77.8,183.0,17.2,openaq_ground,162.51422550052686,Unhealthy
2025-11-06 08:00:00,17.7,63.0,989.5,7.6,284.0,0.0,72.5,178.0,16.2,openaq_ground,159.7776606954689,Unhealthy
2025-11-06 09:00:00,19.8,56.0,989.9,7.2,282.0,0.0,51.0,99.5,19.0,openaq_ground,139.16582914572865,Unhealthy (Sensitive Groups)
2025-11-06 10:00:00,22.1,47.0,990.2,8.4,295.0,0.0,54.0,122.25,22.1,openaq_ground,146.55276381909547,Unhealthy (Sensitive Groups)
2025-11-06 11:00:00,24.1,38.0,989.9,10.2,300.0,0.0,57.0,145.0,25.2,openaq_ground,151.77449947312962,Unhealthy
2025-11-06 12:00:00,25.2,32.0,989.1,9.5,302.0,0.0,55.3,130.0,25.2,openaq_ground,149.7537688442211,Unhealthy (Sensitive Groups)
2025-11-06 13:00:00,25.9,29.0,988.4,9.6,300.0,0.0,53.0,99.8,32.3,openaq_ground,144.09045226130655,Unhealthy (Sensitive Groups)
2025-11-06 14:00:00,26.1,29.0,987.7,9.9,302.0,0.0,76.3,156.0,38.2,openaq_ground,161.73972602739727,Unhealthy
2025-11-06 15:00:00,25.7,30.0,987.3,10.7,303.0,0.0,108.0,197.0,37.7,openaq_ground,178.10748155953635,Unhealthy
2025-11-06 16:00:00,24.8,33.0,987.0,9.3,306.0,0.0,136.0,242.0,33.1,openaq_ground,192.56480505795574,Unhealthy
2025-11-06 17:00:00,22.9,42.0,987.3,6.8,295.0,0.0,153.0,235.0,28.5,openaq_ground,203.47747747747746,Very Unhealthy
2025-11-06 18:00:00,21.7,47.0,987.8,6.3,290.0,0.0,322.0,384.0,22.3,openaq_ground,371.85585585585585,Hazardous
2025-11-06 19:00:00,21.0,50.0,988.4,7.2,288.0,0.0,324.0,425.0,25.1,openaq_ground,373.83783783783787,Hazardous
2025-11-06 20:00:00,20.2,52.0,988.7,7.6,285.0,0.0,324.0,426.0,24.8,openaq_ground,373.83783783783787,Hazardous
2025-11-06 21:00:00,19.7,52.0,988.8,8.4,286.0,0.0,324.0,420.0,27.2,openaq_ground,373.83783783783787,Hazardous
2025-11-06 22:00:00,19.1,52.0,988.7,8.4,289.0,0.0,324.0,480.0,23.8,openaq_ground,373.83783783783787,Hazardous
2025-11-06 23:00:00,18.7,53.0,989.0,9.1,292.0,0.0,324.0,523.0,23.3,openaq_ground,419.0,Hazardous
2025-11-07 00:00:00,17.8,55.0,988.6,8.4,293.0,0.0,324.0,482.0,28.2,openaq_ground,373.83783783783787,Hazardous
2025-11-07 01:00:00,17.0,56.0,988.1,8.3,290.0,0.0,324.0,415.0,28.2,openaq_ground,373.83783783783787,Hazardous
2025-11-07 02:00:00,16.4,58.0,988.0,8.1,288.0,0.0,324.0,406.0,27.1,openaq_ground,373.83783783783787,Hazardous
2025-11-07 03:00:00,15.8,60.0,987.9,7.7,288.0,0.0,252.0,378.0,31.0,openaq_ground,302.4864864864865,Hazardous
2025-11-07 04:00:00,15.4,61.0,988.0,7.6,285.0,0.0,206.0,372.0,27.9,openaq_ground,256.0,Very Unhealthy
2025-11-07 05:00:00,15.4,65.0,988.5,8.7,283.0,0.0,195.0,323.0,20.9,openaq_ground,245.0990990990991,Very Unhealthy
2025-11-07 06:00:00,14.8,67.0,989.2,8.2,279.0,0.0,174.0,303.0,20.6,openaq_ground,224.2882882882883,Very Unhealthy
2025-11-07 07:00:00,15.0,66.0,990.0,9.0,273.0,0.0,149.0,259.0,22.5,openaq_ground,199.27713382507903,Unhealthy
2025-11-07 08:00:00,16.5,62.0,990.5,8.3,275.0,0.0,106.0,225.0,19.3,openaq_ground,177.07481559536353,Unhealthy
2025-11-07 09:00:00,18.9,54.0,991.2,7.6,284.0,0.0,75.3,120.0,20.1,openaq_ground,161.22339304531084,Unhealthy
2025-11-07 10:00:00,21.3,46.0,991.2,7.5,287.0,0.0,77.5,154.0,19.4,openaq_ground,162.35932560590095,Unhealthy
2025-11-07 11:00:00,24.4,39.0,991.0,9.0,283.0,0.0,85.3,162.0,23.9,openaq_ground,166.38672286617492,Unhealthy
2025-11-07 12:00:00,26.1,32.0,990.5,9.3,285.0,0.0,94.3,175.0,35.5,openaq_ground,171.03371970495257,Unhealthy
2025-11-07 13:00:00,27.0,27.0,989.9,9.6,286.0,0.0,95.3,165.0,44.6,openaq_ground,171.550052687039,Unhealthy
2025-11-07 14:00:00,27.3,24.0,989.2,10.0,287.0,0.0,112.0,208.0,50.5,openaq_ground,180.17281348788197,Unhealthy
2025-11-07 15:00:00,27.0,25.0,988.9,9.6,290.0,0.0,138.0,240.0,50.4,openaq_ground,193.59747102212856,Unhealthy
2025-11-07 16:00:00,25.9,29.0,988.8,8.4,289.0,0.0,162.0,274.0,50.7,openaq_ground,212.3963963963964,Very Unhealthy
2025-11-07 17:00:00,24.0,36.0,988.9,7.7,288.0,0.0,197.0,315.0,52.3,openaq_ground,247.0810810810811,Very Unhealthy
2025-11-07 18:00:00,22.7,40.0,989.4,7.6,295.0,0.0,223.0,315.0,37.2,openaq_ground,272.84684684684686,Very Unhealthy
2025-11-07 19:00:00,21.5,43.0,990.0,7.3,293.0,0.0,218.0,297.0,34.9,openaq_ground,267.8918918918919,Very Unhealthy
2025-11-07 20:00:00,20.5,45.0,990.2,7.4,293.0,0.0,228.0,290.0,30.7,openaq_ground,277.8018018018018,Very Unhealthy
2025-11-07 21:00:00,19.5,47.0,990.1,6.8,288.0,0.0,310.0,352.0,23.9,openaq_ground,359.963963963964,Hazardous
2025-11-07 22:00:00,18.7,48.0,990.0,7.0,288.0,0.0,324.0,452.0,24.7,openaq_ground,373.83783783783787,Hazardous
2025-11-07 23:00:00,18.3,51.0,990.1,8.0,286.0,0.0,324.0,464.0,26.8,openaq_ground,373.83783783783787,Hazardous
2025-11-08 00:00:00,17.3,53.0,989.9,7.9,290.0,0.0,324.0,448.0,22.8,openaq_ground,373.83783783783787,Hazardous
2025-11-08 01:00:00,16.8,55.0,989.8,8.0,288.0,0.0,324.0,444.0,29.5,openaq_ground,373.83783783783787,Hazardous
2025-11-08 02:00:00,16.3,56.0,989.5,8.2,289.0,0.0,324.0,450.0,26.4,openaq_ground,373.83783783783787,Hazardous
2025-11-08 03:00:00,15.8,57.0,989.6,7.5,287.0,0.0,256.0,375.0,41.3,openaq_ground,306.45045045045043,Hazardous
2025-11-08 04:00:00,15.2,58.0,989.5,6.5,284.0,0.0,324.0,502.0,37.5,openaq_ground,397.49367088607596,Hazardous
2025-11-08 05:00:00,14.4,64.0,989.8,6.2,285.0,0.0,324.0,524.0,24.9,openaq_ground,420.0,Hazardous
2025-11-08 06:00:00,13.9,66.0,990.0,5.2,284.0,0.0,225.0,341.0,22.1,openaq_ground,274.8288288288288,Very Unhealthy
2025-11-08 07:00:00,14.8,61.0,991.0,5.4,264.0,0.0,186.0,306.0,17.5,openaq_ground,236.18018018018017,Very Unhealthy
2025-11-08 08:00:00,16.8,56.0,991.6,6.1,270.0,0.0,180.0,304.0,21.8,openaq_ground,230.23423423423424,Very Unhealthy
2025-11-08 09:00:00,19.4,47.0,992.4,4.7,274.0,0.0,156.0,225.0,22.5,openaq_ground,206.45045045045046,Very Unhealthy
2025-11-08 10:00:00,22.0,38.0,992.5,5.5,281.0,0.0,157.0,243.0,26.1,openaq_ground,207.44144144144144,Very Unhealthy
2025-11-08 11:00:00,24.6,29.0,992.1,8.3,286.0,0.0,171.0,259.0,29.9,openaq_ground,221.3153153153153,Very Unhealthy
2025-11-08 12:00:00,25.9,25.0,991.5,9.4,293.0,0.0,158.0,236.0,32.3,openaq_ground,208.43243243243242,Very Unhealthy
2025-11-08 13:00:00,26.6,23.0,991.0,10.1,295.0,0.0,148.0,199.0,38.2,openaq_ground,198.76080084299264,Unhealthy
2025-11-08 14:00:00,26.8,22.0,990.0,10.7,299.0,0.0,168.0,256.0,52.5,openaq_ground,218.34234234234233,Very Unhealthy
2025-11-08 15:00:00,26.4,23.0,989.8,10.4,302.0,0.0,187.0,291.0,56.6,openaq_ground,237.17117117117118,Very Unhealthy
2025-11-08 16:00:00,25.4,26.0,989.5,9.3,302.0,0.0,195.0,294.0,45.9,openaq_ground,245.0990990990991,Very Unhealthy
2025-11-08 17:00:00,23.2,34.0,989.6,6.0,295.0,0.0,220.0,313.0,53.8,openaq_ground,269.8738738738739,Very Unhealthy
2025-11-08 18:00:00,22.1,39.0,989.8,5.7,294.0,0.0,214.0,298.0,49.5,openaq_ground,263.92792792792795,Very Unhealthy
2025-11-08 19:00:00,21.2,42.0,990.3,6.0,299.0,0.0,216.0,295.0,46.4,openaq_ground,265.9099099099099,Very Unhealthy
2025-11-08 20:00:00,20.2,45.0,990.6,6.1,304.0,0.0,226.0,295.0,35.7,openaq_ground,275.8198198198198,Very Unhealthy
2025-11-08 21:00:00,19.3,49.0,990.7,5.7,298.0,0.0,268.0,309.0,32.3,openaq_ground,318.34234234234236,Hazardous
2025-11-08 22:00:00,18.7,49.0,990.3,5.9,297.0,0.0,324.0,379.0,35.3,openaq_ground,373.83783783783787,Hazardous
2025-11-08 23:00:00,18.1,54.0,990.3,6.1,289.0,0.0,324.0,396.0,35.6,openaq_ground,373.83783783783787,Hazardous
2025-11-09 00:00:00,17.5,53.0,989.6,6.7,290.0,0.0,324.0,416.0,32.8,openaq_ground,373.83783783783787,Hazardous
2025-11-09 01:00:00,16.9,54.0,989.4,7.1,297.0,0.0,324.0,408.0,26.0,openaq_ground,373.83783783783787,Hazardous
2025-11-09 02:00:00,16.3,55.0,989.1,6.4,299.0,0.0,324.0,405.0,39.6,openaq_ground,373.83783783783787,Hazardous
2025-11-09 03:00:00,15.7,57.0,988.7,6.3,294.0,0.0,292.0,391.0,37.4,openaq_ground,342.1261261261261,Hazardous
2025-11-09 04:00:00,15.1,59.0,988.4,6.2,285.0,0.0,262.0,373.0,33.1,openaq_ground,312.3963963963964,Hazardous
2025-11-09 05:00:00,14.2,67.0,988.5,6.0,286.0,0.0,224.0,330.0,30.5,openaq_ground,273.8378378378378,Very Unhealthy
2025-11-09 06:00:00,14.1,66.0,989.0,5.8,275.0,0.0,176.0,289.0,27.8,openaq_ground,226.27027027027026,Very Unhealthy
2025-11-09 07:00:00,14.7,64.0,990.0,7.0,269.0,0.0,156.0,264.0,26.0,openaq_ground,206.45045045045046,Very Unhealthy
2025-11-09 08:00:00,16.4,60.0,990.7,6.5,265.0,0.0,108.0,197.0,21.6,openaq_ground,178.10748155953635,Unhealthy
2025-11-09 09:00:00,19.0,52.0,991.4,4.5,270.0,0.0,62.7,102.0,22.6,openaq_ground,154.71759747102212,Unhealthy
2025-11-09 10:00:00,21.7,44.0,991.4,4.9,280.0,0.0,67.8,126.0,27.2,openaq_ground,157.3508956796628,Unhealthy
2025-11-09 11:00:00,24.4,33.0,990.6,8.4,295.0,0.0,82.5,155.0,30.6,openaq_ground,164.940990516333,Unhealthy
2025-11-09 12:00:00,25.9,28.0,989.9,8.6,303.0,0.0,97.5,185.0,34.5,openaq_ground,172.68598524762908,Unhealthy
2025-11-09 13:00:00,26.7,26.0,988.9,8.6,300.0,0.0,122.0,180.0,45.8,openaq_ground,185.33614330874605,Unhealthy
2025-11-09 14:00:00,26.8,25.0,988.2,9.0,299.0,0.0,164.0,269.0,50.3,openaq_ground,214.3783783783784,Very Unhealthy
2025-11-09 15:00:00,26.5,27.0,987.8,9.3,294.0,0.0,197.0,308.0,51.1,openaq_ground,247.0810810810811,Very Unhealthy
2025-11-09 16:00:00,25.6,30.0,987.5,9.0,290.0,0.0,215.0,313.0,41.0,openaq_ground,264.9189189189189,Very Unhealthy
2025-11-09 17:00:00,23.5,38.0,987.6,6.2,277.0,0.0,214.0,276.0,36.2,openaq_ground,263.92792792792795,Very Unhealthy
2025-11-09 18:00:00,22.4,41.0,987.9,6.9,277.0,0.0,205.0,280.0,31.6,openaq_ground,255.009009009009,Very Unhealthy
2025-11-09 19:00:00,21.4,42.0,988.4,7.3,279.0,0.0,198.0,277.0,36.3,openaq_ground,248.07207207207207,Very Unhealthy
2025-11-09 20:00:00,20.5,43.0,988.8,7.1,285.0,0.0,208.0,274.0,27.4,openaq_ground,257.98198198198196,Very Unhealthy
2025-11-09 21:00:00,19.6,45.0,988.9,6.4,281.0,0.0,256.0,295.0,34.1,openaq_ground,306.45045045045043,Hazardous
2025-11-09 22:00:00,19.1,45.0,988.7,6.6,281.0,0.0,302.0,353.0,29.0,openaq_ground,352.036036036036,Hazardous
2025-11-09 23:00:00,18.5,48.0,989.0,6.7,279.0,0.0,324.0,381.0,27.2,openaq_ground,373.83783783783787,Hazardous
2025-11-10 00:00:00,17.8,51.0,988.3,6.9,298.0,0.0,324.0,410.0,33.6,openaq_ground,373.83783783783787,Hazardous
2025-11-10 01:00:00,16.8,55.0,988.0,6.3,307.0,0.0,319.0,369.0,37.2,openaq_ground,368.8828828828829,Hazardous
2025-11-10 02:00:00,16.1,58.0,987.8,5.9,308.0,0.0,243.0,344.0,38.7,openaq_ground,292.6666666666667,Very Unhealthy
2025-11-10 03:00:00,15.6,59.0,987.4,5.8,306.0,0.0,261.0,385.0,47.7,openaq_ground,311.4054054054054,Hazardous
2025-11-10 04:00:00,15.0,61.0,987.2,5.5,289.0,0.0,284.0,440.0,52.8,openaq_ground,334.1981981981982,Hazardous
2025-11-10 05:00:00,14.2,69.0,987.6,5.6,272.0,0.0,282.0,453.0,50.8,openaq_ground,336.0886075949367,Hazardous
2025-11-10 06:00:00,13.9,70.0,988.2,5.2,272.0,0.0,263.8333333333333,419.0,49.199999999999996,openaq_ground,314.2132132132132,Hazardous
2025-11-10 07:00:00,14.5,68.0,989.0,5.8,263.0,0.0,245.66666666666666,385.0,47.6,openaq_ground,295.3093093093093,Very Unhealthy
2025-11-10 08:00:00,16.4,63.0,989.9,5.5,259.0,0.0,227.5,351.0,46.0,openaq_ground,277.3063063063063,Very Unhealthy
2025-11-10 09:00:00,19.3,52.0,990.6,4.1,270.0,0.0,209.33333333333331,317.0,44.4,openaq_ground,259.30330330330327,Very Unhealthy
2025-11-10 10:00:00,22.0,43.0,990.8,4.0,270.0,0.0,191.16666666666666,283.0,42.800000000000004,openaq_ground,241.3003003003003,Very Unhealthy
2025-11-10 11:00:00,24.4,35.0,990.5,5.4,284.0,0.0,173.0,249.0,41.2,openaq_ground,223.2972972972973,Very Unhealthy
2025-11-10 12:00:00,26.1,28.0,989.9,7.2,292.0,0.0,189.0,278.5,44.0,openaq_ground,239.15315315315314,Very Unhealthy
2025-11-10 13:00:00,26.7,25.0,989.0,8.4,290.0,0.0,205.0,308.0,46.8,openaq_ground,255.009009009009,Very Unhealthy
2025-11-10 14:00:00,27.0,24.0,988.5,8.8,290.0,0.0,235.0,333.0,38.3,openaq_ground,284.73873873873873,Very Unhealthy
2025-11-10 15:00:00,26.6,24.0,988.1,8.8,285.0,0.0,307.0,405.0,49.0,openaq_ground,356.990990990991,Hazardous
2025-11-10 16:00:00,25.7,26.0,988.0,8.1,282.0,0.0,324.0,471.0,44.8,openaq_ground,373.83783783783787,Hazardous
2025-11-10 17:00:00,23.4,35.0,988.1,4.7,279.0,0.0,324.0,465.0,48.3,openaq_ground,373.83783783783787,Hazardous
2025-11-10 18:00:00,22.3,38.0,988.6,4.6,288.0,0.0,324.0,459.0,51.1,openaq_ground,373.83783783783787,Hazardous
2025-11-10 19:00:00,21.3,43.0,989.0,4.0,302.0,0.0,324.0,483.0,52.0,openaq_ground,373.83783783783787,Hazardous
2025-11-10 20:00:00,20.5,45.0,989.3,3.2,317.0,0.0,324.0,474.0,50.2,openaq_ground,373.83783783783787,Hazardous
2025-11-10 21:00:00,19.9,47.0,989.6,3.3,331.0,0.0,324.0,440.0,38.4,openaq_ground,373.83783783783787,Hazardous
2025-11-10 22:00:00,19.4,47.0,989.5,3.8,329.0,0.0,324.0,458.0,30.0,openaq_ground,373.83783783783787,Hazardous
2025-11-10 23:00:00,19.0,50.0,989.7,3.2,308.0,0.0,324.0,489.0,44.6,openaq_ground,381.2025316455696,Hazardous
2025-11-11 00:00:00,17.5,53.0,989.3,3.3,299.0,0.0,324.0,499.0,47.4,openaq_ground,393.7341772151899,Hazardous
2025-11-11 01:00:00,16.4,57.0,989.1,3.8,278.0,0.0,324.0,428.0,37.0,openaq_ground,373.83783783783787,Hazardous
2025-11-11 02:00:00,15.4,59.0,988.8,5.5,297.0,0.0,324.0,421.0,54.4,openaq_ground,373.83783783783787,Hazardous
2025-11-11 03:00:00,14.6,62.0,988.6,5.3,288.0,0.0,324.0,510.0,68.9,openaq_ground,406.0,Hazardous
2025-11-11 04:00:00,14.1,63.0,988.6,5.4,268.0,0.0,324.0,551.0,66.0,openaq_ground,447.0,Hazardous
2025-11-11 05:00:00,13.7,70.0,988.8,5.8,272.0,0.0,321.0,494.0,46.2,openaq_ground,387.46835443037975,Hazardous
2025-11-11 06:00:00,13.7,70.0,989.3,5.9,272.0,0.0,203.0,380.0,37.1,openaq_ground,253.02702702702703,Very Unhealthy
2025-11-11 07:00:00,14.2,67.0,990.0,6.8,270.0,0.0,221.0,360.0,34.2,openaq_ground,270.8648648648649,Very Unhealthy
2025-11-11 08:00:00,16.4,61.0,990.8,7.0,267.0,0.0,244.0,356.0,37.3,openaq_ground,293.65765765765764,Very Unhealthy
2025-11-11 09:00:00,19.3,51.0,991.6,4.9,268.0,0.0,122.0,219.0,29.6,openaq_ground,185.33614330874605,Unhealthy
2025-11-11 10:00:00,22.2,42.0,991.7,5.2,276.0,0.0,93.5,187.0,27.2,openaq_ground,170.62065331928346,Unhealthy
2025-11-11 11:00:00,24.8,34.0,991.3,7.1,286.0,0.0,117.0,180.0,40.4,openaq_ground,182.754478398314,Unhealthy
2025-11-11 12:00:00,26.4,28.0,990.8,9.2,301.0,0.0,132.0,222.0,48.1,openaq_ground,190.49947312961012,Unhealthy
2025-11-11 13:00:00,27.1,25.0,989.9,9.9,303.0,0.0,145.0,223.0,51.6,openaq_ground,197.2118018967334,Unhealthy
2025-11-11 14:00:00,27.4,23.0,989.1,10.3,299.0,0.0,174.0,283.0,54.7,openaq_ground,224.2882882882883,Very Unhealthy
2025-11-11 15:00:00,27.0,24.0,988.8,10.6,294.0,0.0,248.0,384.0,57.6,openaq_ground,297.6216216216216,Very Unhealthy
2025-11-11 16:00:00,26.0,27.0,988.6,9.4,293.0,0.0,295.0,429.0,73.1,openaq_ground,345.09909909909913,Hazardous
2025-11-11 17:00:00,23.8,32.0,988.8,6.0,287.0,0.0,324.0,419.0,45.7,openaq_ground,373.83783783783787,Hazardous
2025-11-11 18:00:00,22.6,37.0,989.3,6.0,286.0,0.0,324.0,445.0,36.6,openaq_ground,373.83783783783787,Hazardous
2025-11-11 19:00:00,21.4,42.0,989.8,6.8,281.0,0.0,324.0,544.0,42.6,openaq_ground,440.0,Hazardous
2025-11-11 20:00:00,20.4,47.0,990.2,6.7,278.0,0.0,324.0,590.5,41.3,openaq_ground,486.5,Hazardous
2025-11-11 21:00:00,19.7,49.0,990.3,6.9,279.0,0.0,324.0,538.0,36.3,openaq_ground,434.0,Hazardous
2025-11-11 22:00:00,19.1,49.0,990.5,7.5,287.0,0.0,324.0,476.0,41.0,openaq_ground,373.83783783783787,Hazardous
2025-11-11 23:00:00,18.8,52.0,990.6,7.7,307.0,0.0,324.0,551.0,33.1,openaq_ground,447.0,Hazardous
2025-11-12 00:00:00,17.8,54.0,990.2,7.1,319.0,0.0,324.0,533.0,45.7,openaq_ground,429.0,Hazardous
2025-11-12 01:00:00,17.0,56.0,989.7,6.4,315.0,0.0,324.0,455.0,37.8,openaq_ground,373.83783783783787,Hazardous
2025-11-12 02:00:00,16.4,58.0,989.5,6.1,313.0,0.0,324.0,441.0,46.6,openaq_ground,373.83783783783787,Hazardous
2025-11-12 03:00:00,15.8,60.0,989.3,5.8,286.0,0.0,324.0,562.0,47.9,openaq_ground,458.0,Hazardous
2025-11-12 04:00:00,15.2,62.0,989.1,6.5,268.0,0.0,324.0,590.5,41.6,openaq_ground,486.5,Hazardous
2025-11-12 05:00:00,14.3,69.0,989.7,7.2,270.0,0.0,324.0,514.0,39.0,openaq_ground,410.0,Hazardous
2025-11-12 06:00:00,14.0,70.0,989.9,7.6,270.0,0.0,296.0,457.0,37.2,openaq_ground,346.0900900900901,Hazardous
2025-11-12 07:00:00,14.4,68.0,990.7,8.7,266.0,0.0,244.0,391.0,32.1,openaq_ground,293.65765765765764,Very Unhealthy
2025-11-12 08:00:00,16.3,62.0,991.4,7.8,265.0,0.0,209.0,348.0,37.0,openaq_ground,258.97297297297297,Very Unhealthy
2025-11-12 09:00:00,19.2,52.0,992.1,6.7,273.0,0.0,140.0,251.0,29.0,openaq_ground,194.63013698630138,Unhealthy
2025-11-12 10:00:00,22.2,43.0,992.4,7.1,279.0,0.0,103.0,210.0,30.2,openaq_ground,175.5258166491043,Unhealthy
2025-11-12 11:00:00,24.9,36.0,992.2,9.6,284.0,0.0,135.0,213.0,44.5,openaq_ground,192.04847207586934,Unhealthy
2025-11-12 12:00:00,26.6,29.0,991.7,11.8,293.0,0.0,180.0,283.0,69.1,openaq_ground,230.23423423423424,Very Unhealthy
2025-11-12 13:00:00,27.3,26.0,991.0,12.8,299.0,0.0,152.0,256.0,64.5,openaq_ground,202.48648648648648,Very Unhealthy
2025-11-12 14:00:00,27.5,24.0,990.3,12.8,299.0,0.0,170.0,279.0,74.1,openaq_ground,220.32432432432432,Very Unhealthy
2025-11-12 15:00:00,27.1,25.0,990.0,12.3,300.0,0.0,224.0,339.0,66.2,openaq_ground,273.8378378378378,Very Unhealthy
2025-11-12 16:00:00,26.2,26.0,989.9,10.7,299.0,0.0,246.0,373.0,83.0,openaq_ground,295.63963963963965,Very Unhealthy
2025-11-12 17:00:00,23.9,35.0,990.0,6.3,294.0,0.0,271.0,353.0,71.2,openaq_ground,321.31531531531533,Hazardous
2025-11-12 18:00:00,22.8,39.0,990.3,5.6,301.0,0.0,248.0,372.0,40.4,openaq_ground,297.6216216216216,Very Unhealthy
2025-11-12 19:00:00,21.7,43.0,990.8,5.4,307.0,0.0,313.0,424.0,46.8,openaq_ground,362.93693693693695,Hazardous
2025-11-12 20:00:00,20.8,47.0,991.3,5.1,309.0,0.0,324.0,454.0,48.8,openaq_ground,373.83783783783787,Hazardous
2025-11-12 21:00:00,20.2,51.0,991.4,4.2,306.0,0.0,324.0,428.0,46.5,openaq_ground,373.83783783783787,Hazardous
2025-11-12 22:00:00,19.4,53.0,991.5,4.2,290.0,0.0,307.0,355.0,37.1,openaq_ground,356.990990990991,Hazardous
2025-11-12 23:00:00,19.1,54.0,991.8,3.6,264.0,0.0,324.0,419.0,37.8,openaq_ground,373.83783783783787,Hazardous
2025-11-13 00:00:00,17.3,59.0,991.5,5.8,277.0,0.0,324.0,443.0,47.2,openaq_ground,373.83783783783787,Hazardous
2025-11-13 01:00:00,16.2,64.0,991.3,5.6,285.0,0.0,324.0,398.0,36.9,openaq_ground,373.83783783783787,Hazardous
2025-11-13 02:00:00,15.4,69.0,990.9,5.4,276.0,0.0,279.0,386.0,50.5,openaq_ground,329.2432432432432,Hazardous
2025-11-13 03:00:00,14.7,72.0,990.7,5.1,274.0,0.0,324.0,520.0,73.0,openaq_ground,416.0,Hazardous
2025-11-13 04:00:00,14.3,75.0,990.3,5.4,272.0,0.0,324.0,565.0,67.3,openaq_ground,461.0,Hazardous
2025-11-13 05:00:00,13.7,80.0,991.0,6.2,278.0,0.0,324.0,481.0,59.0,openaq_ground,373.83783783783787,Hazardous
2025-11-13 06:00:00,13.2,81.0,991.5,5.5,279.0,0.0,219.0,386.0,40.3,openaq_ground,268.8828828828829,Very Unhealthy
2025-11-13 07:00:00,13.8,76.0,992.4,6.5,275.0,0.0,192.0,347.0,36.4,openaq_ground,242.1261261261261,Very Unhealthy
2025-11-13 08:00:00,15.7,68.0,993.4,6.3,268.0,0.0,237.0,372.0,37.9,openaq_ground,286.7207207207207,Very Unhealthy
2025-11-13 09:00:00,18.3,57.0,994.1,4.9,278.0,0.0,248.0,315.0,40.1,openaq_ground,297.6216216216216,Very Unhealthy
2025-11-13 10:00:00,21.2,47.0,994.2,4.9,278.0,0.0,160.0,256.0,42.9,openaq_ground,210.4144144144144,Very Unhealthy
2025-11-13 11:00:00,23.8,37.0,994.1,8.1,288.0,0.0,131.0,250.0,47.0,openaq_ground,189.98314014752373,Unhealthy
2025-11-13 12:00:00,25.2,33.0,993.5,9.4,296.0,0.0,207.0,309.0,64.5,openaq_ground,256.990990990991,Very Unhealthy
2025-11-13 13:00:00,25.9,28.0,992.6,9.5,297.0,0.0,259.0,323.0,70.2,openaq_ground,309.4234234234234,Hazardous
2025-11-13 14:00:00,26.3,26.0,991.6,9.7,299.0,0.0,223.0,325.0,71.3,openaq_ground,272.84684684684686,Very Unhealthy
2025-11-13 15:00:00,26.0,26.0,991.2,9.9,297.0,0.0,235.0,340.0,74.2,openaq_ground,284.73873873873873,Very Unhealthy
2025-11-13 16:00:00,25.1,29.0,991.0,8.9,294.0,0.0,275.0,389.0,63.9,openaq_ground,325.2792792792793,Hazardous
2025-11-13 17:00:00,22.5,38.0,991.2,5.5,289.0,0.0,300.0,402.0,71.6,openaq_ground,350.05405405405406,Hazardous
2025-11-13 18:00:00,21.5,40.0,991.7,6.2,285.0,0.0,262.0,349.0,63.4,openaq_ground,312.3963963963964,Hazardous
2025-11-13 19:00:00,20.4,44.0,992.0,6.5,289.0,0.0,224.0,296.0,55.2,openaq_ground,273.8378378378378,Very Unhealthy
2025-11-13 20:00:00,19.3,48.0,992.4,6.5,284.0,0.0,253.0,324.0,55.8,openaq_ground,303.47747747747746,Hazardous
2025-11-13 21:00:00,18.6,50.0,992.4,6.7,275.0,0.0,261.0,336.0,50.7,openaq_ground,311.4054054054054,Hazardous
2025-11-13 22:00:00,17.9,52.0,992.2,6.5,278.0,0.0,236.0,287.0,41.3,openaq_ground,285.72972972972974,Very Unhealthy
2025-11-13 23:00:00,17.6,55.0,992.4,6.7,284.0,0.0,207.0,255.0,41.7,openaq_ground,256.990990990991,Very Unhealthy
2025-11-14 00:00:00,16.7,57.0,991.8,6.7,294.0,0.0,247.0,364.0,57.9,openaq_ground,296.63063063063066,Very Unhealthy
2025-11-14 01:00:00,15.7,61.0,991.4,5.7,298.0,0.0,240.0,347.0,51.6,openaq_ground,289.6936936936937,Very Unhealthy
2025-11-14 02:00:00,15.0,64.0,991.1,5.4,291.0,0.0,210.0,292.0,52.1,openaq_ground,259.963963963964,Very Unhealthy
2025-11-14 03:00:00,14.5,66.0,990.9,5.5,281.0,0.0,201.0,305.0,56.8,openaq_ground,251.04504504504504,Very Unhealthy
2025-11-14 04:00:00,13.9,68.0,990.7,5.8,275.0,0.0,236.0,385.0,63.3,openaq_ground,285.72972972972974,Very Unhealthy
2025-11-14 05:00:00,13.5,74.0,991.5,6.0,279.0,0.0,256.0,433.0,63.3,openaq_ground,311.0253164556962,Hazardous
2025-11-14 06:00:00,13.3,75.0,991.9,5.6,270.0,0.0,229.0,403.0,46.9,openaq_ground,278.7927927927928,Very Unhealthy
2025-11-14 07:00:00,13.7,74.0,992.7,6.7,261.0,0.0,148.0,333.0,25.1,openaq_ground,198.76080084299264,Unhealthy
2025-11-14 08:00:00,15.6,67.0,993.5,6.2,260.0,0.0,194.0,331.0,12.0,openaq_ground,244.1081081081081,Very Unhealthy
2025-11-14 09:00:00,18.4,56.0,994.1,4.9,266.0,0.0,173.0,274.0,3.1,openaq_ground,223.2972972972973,Very Unhealthy
2025-11-14 10:00:00,21.1,46.0,994.0,5.2,274.0,0.0,141.0,237.0,5.2,openaq_ground,195.14646996838778,Unhealthy
2025-11-14 11:00:00,23.5,37.0,994.0,7.0,282.0,0.0,124.0,226.0,13.4,openaq_ground,186.36880927291887,Unhealthy
2025-11-14 12:00:00,25.1,29.0,993.0,8.6,290.0,0.0,138.0,215.0,19.4,openaq_ground,193.59747102212856,Unhealthy
2025-11-14 13:00:00,25.7,28.0,992.1,9.4,294.0,0.0,178.0,269.0,31.4,openaq_ground,228.25225225225225,Very Unhealthy
2025-11-14 14:00:00,26.0,26.0,991.4,9.5,295.0,0.0,213.0,314.0,34.7,openaq_ground,262.93693693693695,Very Unhealthy
2025-11-14 15:00:00,25.8,24.0,991.0,9.7,295.0,0.0,242.0,329.0,31.3,openaq_ground,291.6756756756757,Very Unhealthy
2025-11-14 16:00:00,24.9,27.0,990.9,8.9,295.0,0.0,265.0,346.0,29.5,openaq_ground,315.3693693693694,Hazardous
2025-11-14 17:00:00,22.6,35.0,991.0,5.2,292.0,0.0,275.0,360.0,23.1,openaq_ground,325.2792792792793,Hazardous
2025-11-14 18:00:00,21.9,38.0,991.1,5.4,291.0,0.0,277.0,365.0,23.8,openaq_ground,327.26126126126127,Hazardous
2025-11-14 19:00:00,20.8,42.0,991.7,5.6,285.0,0.0,271.0,348.0,25.2,openaq_ground,321.31531531531533,Hazardous
2025-11-14 20:00:00,19.6,46.0,992.2,5.6,276.0,0.0,285.0,352.0,24.6,openaq_ground,335.18918918918916,Hazardous
2025-11-14 21:00:00,18.8,50.0,992.2,5.6,270.0,0.0,299.0,361.0,18.8,openaq_ground,349.06306306306305,Hazardous
2025-11-14 22:00:00,18.1,52.0,992.0,5.6,272.0,0.0,298.0,354.0,19.0,openaq_ground,348.0720720720721,Hazardous
2025-11-14 23:00:00,17.5,57.0,992.1,5.8,286.0,0.0,305.0,368.0,14.4,openaq_ground,355.009009009009,Hazardous
2025-11-15 00:00:00,16.9,56.0,991.7,6.0,307.0,0.0,295.0,353.0,8.1,openaq_ground,345.09909909909913,Hazardous
2025-11-15 01:00:00,15.9,59.0,991.5,5.6,310.0,0.0,256.0,321.0,16.6,openaq_ground,306.45045045045043,Hazardous
2025-11-15 02:00:00,15.2,62.0,991.4,5.4,307.0,0.0,230.0,315.0,29.4,openaq_ground,279.78378378378375,Very Unhealthy
2025-11-15 03:00:00,14.4,65.0,991.1,5.2,292.0,0.0,224.0,341.0,29.5,openaq_ground,273.8378378378378,Very Unhealthy
2025-11-15 04:00:00,13.7,69.0,991.2,4.9,276.0,0.0,238.0,377.0,30.4,openaq_ground,287.7117117117117,Very Unhealthy
2025-11-15 05:00:00,13.1,76.0,991.8,5.4,270.0,0.0,234.0,397.0,25.8,openaq_ground,283.7477477477478,Very Unhealthy
2025-11-15 06:00:00,12.8,77.0,992.5,5.6,263.0,0.0,206.0,379.0,17.3,openaq_ground,256.0,Very Unhealthy
2025-11-15 07:00:00,13.0,76.0,993.4,6.6,259.0,0.0,169.0,315.0,12.8,openaq_ground,219.33333333333334,Very Unhealthy
2025-11-15 08:00:00,15.1,67.0,994.2,6.2,262.0,0.0,160.0,296.0,7.95,openaq_ground,210.4144144144144,Very Unhealthy
2025-11-15 09:00:00,18.1,56.0,994.8,4.7,270.0,0.0,146.0,268.0,12.9,openaq_ground,197.72813487881982,Unhealthy
2025-11-15 10:00:00,21.0,45.0,995.2,5.1,280.0,0.0,122.0,241.0,18.7,openaq_ground,185.33614330874605,Unhealthy
2025-11-15 11:00:00,23.6,36.0,995.0,6.7,284.0,0.0,114.0,173.0,31.8,openaq_ground,181.2054794520548,Unhealthy
2025-11-15 12:00:00,25.3,29.0,994.3,7.5,294.0,0.0,116.0,191.0,38.8,openaq_ground,182.2381454162276,Unhealthy
2025-11-15 13:00:00,26.1,28.0,993.3,8.8,303.0,0.0,123.0,217.0,42.3,openaq_ground,185.85247629083244,Unhealthy
2025-11-15 14:00:00,26.6,25.0,992.6,10.0,308.0,0.0,159.0,252.0,41.8,openaq_ground,209.42342342342343,Very Unhealthy
2025-11-15 15:00:00,26.4,25.0,992.0,10.3,310.0,0.0,188.0,262.0,37.7,openaq_ground,238.16216216216216,Very Unhealthy
2025-11-15 16:00:00,25.5,28.0,992.0,9.0,308.0,0.0,230.0,325.0,42.4,openaq_ground,279.78378378378375,Very Unhealthy
2025-11-15 17:00:00,22.8,39.0,991.8,5.2,290.0,0.0,282.0,386.0,46.2,openaq_ground,332.2162162162162,Hazardous
2025-11-15 18:00:00,22.2,39.0,992.3,5.9,284.0,0.0,324.0,473.0,50.8,openaq_ground,373.83783783783787,Hazardous
2025-11-15 19:00:00,21.2,42.0,992.7,6.8,282.0,0.0,324.0,455.0,45.3,openaq_ground,373.83783783783787,Hazardous
2025-11-15 20:00:00,20.3,45.0,993.2,7.2,276.0,0.0,324.0,451.0,50.1,openaq_ground,373.83783783783787,Hazardous
2025-11-15 21:00:00,19.5,47.0,993.6,7.0,273.0,0.0,324.0,446.0,41.7,openaq_ground,373.83783783783787,Hazardous
2025-11-15 22:00:00,18.7,49.0,993.9,6.3,285.0,0.0,324.0,435.0,66.3,openaq_ground,373.83783783783787,Hazardous
2025-11-15 23:00:00,17.3,58.0,994.0,5.4,312.0,0.0,309.0,373.0,77.6,openaq_ground,358.97297297297297,Hazardous
2025-11-16 00:00:00,16.2,59.0,993.7,5.2,304.0,0.0,236.0,291.0,51.4,openaq_ground,285.72972972972974,Very Unhealthy
2025-11-16 01:00:00,15.3,63.0,993.6,4.8,292.0,0.0,218.0,281.0,69.9,openaq_ground,267.8918918918919,Very Unhealthy
2025-11-16 02:00:00,14.6,67.0,993.6,4.6,288.0,0.0,230.0,313.0,65.3,openaq_ground,279.78378378378375,Very Unhealthy
2025-11-16 03:00:00,13.9,69.0,993.6,4.0,270.0,0.0,263.0,382.0,101.0,openaq_ground,313.3873873873874,Hazardous
2025-11-16 04:00:00,13.3,70.0,993.5,4.7,263.0,0.0,312.0,428.0,117.0,openaq_ground,361.94594594594594,Hazardous
2025-11-16 05:00:00,12.5,80.0,994.3,4.9,270.0,0.0,324.0,319.0,142.0,openaq_ground,373.83783783783787,Hazardous
2025-11-16 06:00:00,12.3,79.0,994.8,4.7,268.0,0.0,324.0,301.0,137.0,openaq_ground,373.83783783783787,Hazardous
2025-11-16 07:00:00,12.8,75.0,995.5,6.1,267.0,0.0,120.0,231.0,121.0,openaq_ground,184.30347734457325,Unhealthy
2025-11-16 08:00:00,15.0,66.0,996.1,6.9,265.0,0.0,122.0,188.0,113.0,openaq_ground,185.33614330874605,Unhealthy
2025-11-16 09:00:00,18.0,55.0,996.7,4.8,281.0,0.0,133.0,192.0,132.0,openaq_ground,191.01580611169652,Unhealthy
2025-11-16 10:00:00,21.0,45.0,997.3,5.7,298.0,0.0,142.0,183.0,128.0,openaq_ground,195.6628029504742,Unhealthy
2025-11-16 11:00:00,23.7,37.0,996.5,7.7,303.0,0.0,127.0,187.0,106.0,openaq_ground,187.91780821917808,Unhealthy
2025-11-16 12:00:00,25.6,29.0,995.8,10.2,314.0,0.0,125.0,194.31578947368422,100.42105263157895,openaq_ground,186.88514225500526,Unhealthy
2025-11-16 13:00:00,26.5,26.0,994.9,11.4,319.0,0.0,123.0,201.6315789473684,94.84210526315789,openaq_ground,185.85247629083244,Unhealthy
2025-11-16 14:00:00,26.8,24.0,994.0,11.6,319.0,0.0,121.0,208.94736842105263,89.26315789473685,openaq_ground,184.81981032665965,Unhealthy
2025-11-16 15:00:00,26.4,24.0,993.5,11.5,320.0,0.0,119.0,216.26315789473685,83.6842105263158,openaq_ground,183.78714436248683,Unhealthy
2025-11-16 16:00:00,25.5,26.0,993.2,9.8,314.0,0.0,117.0,223.57894736842104,78.10526315789474,openaq_ground,182.754478398314,Unhealthy
2025-11-16 17:00:00,23.0,34.0,993.2,5.7,302.0,0.0,115.0,230.89473684210526,72.52631578947368,openaq_ground,181.7218124341412,Unhealthy
2025-11-17 09:00:00,17.8,52.0,995.6,4.7,274.0,0.0,83.0,191.0,20.0,openaq_ground,165.1991570073762,Unhealthy
2025-11-17 10:00:00,20.6,42.0,996.1,4.4,289.0,0.0,82.0,148.0,22.9,openaq_ground,164.6828240252898,Unhealthy
2025-11-17 11:00:00,23.2,36.0,995.4,4.4,300.0,0.0,81.5,178.0,22.1,openaq_ground,164.42465753424656,Unhealthy
2025-11-17 12:00:00,25.0,30.0,994.9,5.9,315.0,0.0,90.3,168.0,31.4,openaq_ground,168.96838777660696,Unhealthy
2025-11-17 13:00:00,25.7,29.0,993.9,6.5,312.0,0.0,95.8,175.0,29.8,openaq_ground,171.8082191780822,Unhealthy
2025-11-17 14:00:00,26.0,28.0,993.2,6.1,304.0,0.0,102.0,177.0,26.8,openaq_ground,175.00948366701792,Unhealthy
2025-11-17 15:00:00,25.8,29.0,993.0,5.6,303.0,0.0,111.0,184.0,26.1,openaq_ground,179.65648050579557,Unhealthy
2025-11-17 16:00:00,25.1,30.0,992.9,5.3,298.0,0.0,118.0,186.0,21.6,openaq_ground,183.27081138040043,Unhealthy
2025-11-17 17:00:00,22.7,43.0,992.9,3.5,309.0,0.0,119.0,183.0,40.8,openaq_ground,183.78714436248683,Unhealthy
2025-11-17 18:00:00,22.0,43.0,993.4,2.7,337.0,0.0,130.0,205.0,71.8,openaq_ground,189.4668071654373,Unhealthy
2025-11-17 19:00:00,21.3,45.0,994.1,1.3,45.0,0.0,141.0,230.0,71.5,openaq_ground,195.14646996838778,Unhealthy
2025-11-17 20:00:00,20.4,48.0,994.3,1.6,96.0,0.0,199.0,292.0,61.8,openaq_ground,249.06306306306305,Very Unhealthy
2025-11-17 21:00:00,19.6,52.0,994.4,1.5,144.0,0.0,240.0,344.0,59.3,openaq_ground,289.6936936936937,Very Unhealthy
2025-11-17 22:00:00,18.8,55.0,994.5,1.1,198.0,0.0,309.0,344.0,54.0,openaq_ground,358.97297297297297,Hazardous
2025-11-17 23:00:00,17.7,60.0,994.3,2.0,225.0,0.0,254.0,325.0,29.6,openaq_ground,304.4684684684685,Hazardous
2025-11-18 00:00:00,16.6,64.0,993.9,2.1,239.0,0.0,209.0,276.0,32.1,openaq_ground,258.97297297297297,Very Unhealthy
2025-11-18 01:00:00,16.0,66.0,993.4,2.1,255.0,0.0,203.0,262.0,23.0,openaq_ground,253.02702702702703,Very Unhealthy
2025-11-18 02:00:00,15.5,67.0,993.2,1.7,257.0,0.0,210.0,295.0,38.4,openaq_ground,259.963963963964,Very Unhealthy
2025-11-18 03:00:00,15.1,68.0,992.8,1.8,264.0,0.0,292.0,404.0,56.5,openaq_ground,342.1261261261261,Hazardous
2025-11-18 04:00:00,14.2,72.0,992.3,3.3,276.0,0.0,324.0,512.0,52.7,openaq_ground,408.0,Hazardous
2025-11-18 05:00:00,14.5,70.0,992.5,2.3,266.0,0.0,295.57142857142856,464.7142857142857,51.285714285714285,openaq_ground,350.76853526220617,Hazardous
2025-11-18 06:00:00,13.5,74.0,992.7,4.2,260.0,0.0,267.14285714285717,417.42857142857144,49.871428571428574,openaq_ground,317.49292149292154,Hazardous
2025-11-18 07:00:00,13.6,74.0,993.4,5.1,260.0,0.0,238.71428571428572,370.1428571428571,48.457142857142856,openaq_ground,288.41956241956245,Very Unhealthy
2025-11-18 08:00:00,15.3,68.0,993.9,4.9,270.0,0.0,210.28571428571428,322.8571428571429,47.042857142857144,openaq_ground,260.24710424710423,Very Unhealthy
2025-11-18 09:00:00,18.0,58.0,994.4,3.5,285.0,0.0,181.85714285714286,275.57142857142856,45.628571428571426,openaq_ground,232.07464607464607,Very Unhealthy
2025-11-18 10:00:00,20.8,48.0,994.3,3.9,294.0,0.0,153.42857142857144,228.28571428571428,44.21428571428571,openaq_ground,203.9021879021879,Very Unhealthy
2025-11-18 11:00:00,23.4,40.0,993.6,5.6,292.0,0.0,125.0,181.0,42.8,openaq_ground,186.88514225500526,Unhealthy
2025-11-18 12:00:00,24.9,34.0,992.7,6.9,298.0,0.0,114.0,187.0,41.7,openaq_ground,181.2054794520548,Unhealthy
2025-11-18 13:00:00,25.6,34.0,991.5,7.6,301.0,0.0,129.0,207.0,47.7,openaq_ground,188.9504741833509,Unhealthy
2025-11-18 14:00:00,25.8,34.0,990.6,7.7,301.0,0.0,157.0,203.0,45.3,openaq_ground,207.44144144144144,Very Unhealthy
2025-11-18 15:00:00,25.7,36.0,990.2,7.8,302.0,0.0,179.0,238.0,47.1,openaq_ground,229.24324324324323,Very Unhealthy
2025-11-18 16:00:00,24.9,41.0,990.0,7.5,310.0,0.0,195.0,278.0,57.8,openaq_ground,245.0990990990991,Very Unhealthy
2025-11-18 17:00:00,22.6,54.0,989.8,4.6,324.0,0.0,223.0,318.0,65.2,openaq_ground,272.84684684684686,Very Unhealthy
2025-11-18 18:00:00,21.9,59.0,990.2,3.4,357.0,0.0,249.0,328.0,47.3,openaq_ground,298.6126126126126,Very Unhealthy
2025-11-18 19:00:00,21.4,61.0,990.6,2.2,42.0,0.0,249.0,310.0,39.3,openaq_ground,298.6126126126126,Very Unhealthy
2025-11-18 20:00:00,20.9,63.0,990.7,0.9,90.0,0.0,252.0,308.0,42.1,openaq_ground,302.4864864864865,Hazardous
2025-11-18 21:00:00,19.9,66.0,990.8,0.9,217.0,0.0,277.0,341.0,49.9,openaq_ground,327.26126126126127,Hazardous
2025-11-18 22:00:00,18.5,70.0,990.7,3.8,239.0,0.0,311.0,369.0,37.1,openaq_ground,360.954954954955,Hazardous
2025-11-18 23:00:00,17.1,77.0,990.7,3.9,242.0,0.0,324.0,376.0,32.5,openaq_ground,373.83783783783787,Hazardous
2025-11-19 00:00:00,16.2,80.0,990.3,3.2,251.0,0.0,296.0,354.0,30.1,openaq_ground,346.0900900900901,Hazardous
2025-11-19 01:00:00,15.6,83.0,990.2,3.0,253.0,0.0,272.0,329.0,32.0,openaq_ground,322.3063063063063,Hazardous
2025-11-19 02:00:00,15.2,83.0,989.9,4.0,262.0,0.0,238.0,310.0,33.0,openaq_ground,287.7117117117117,Very Unhealthy
2025-11-19 03:00:00,14.7,84.0,989.9,4.4,261.0,0.0,240.0,379.0,67.5,openaq_ground,289.6936936936937,Very Unhealthy
2025-11-19 04:00:00,14.2,83.0,990.0,4.0,249.0,0.0,300.0,464.0,99.8,openaq_ground,350.05405405405406,Hazardous
2025-11-19 05:00:00,13.6,84.0,990.4,3.7,256.0,0.0,323.0,519.0,112.0,openaq_ground,415.0,Hazardous
2025-11-19 06:00:00,13.3,83.0,991.1,4.0,262.0,0.0,234.0,374.0,71.2,openaq_ground,283.7477477477478,Very Unhealthy
2025-11-19 07:00:00,13.8,79.0,992.3,4.2,263.0,0.0,272.0,436.0,88.5,openaq_ground,322.3063063063063,Hazardous
2025-11-19 08:00:00,15.7,71.0,993.3,2.2,279.0,0.0,275.0,454.0,75.5,openaq_ground,337.34177215189874,Hazardous
2025-11-19 09:00:00,18.7,59.0,994.2,0.4,297.0,0.0,175.0,325.0,59.9,openaq_ground,225.27927927927928,Very Unhealthy
2025-11-19 10:00:00,21.7,50.0,994.6,1.1,108.0,0.0,174.0,251.0,51.6,openaq_ground,224.2882882882883,Very Unhealthy
2025-11-19 11:00:00,24.0,46.0,994.1,5.3,100.0,0.0,140.0,222.0,48.3,openaq_ground,194.63013698630138,Unhealthy
2025-11-19 12:00:00,25.3,40.0,993.4,5.9,102.0,0.0,140.0,241.0,80.9,openaq_ground,194.63013698630138,Unhealthy
2025-11-19 13:00:00,25.9,38.0,992.7,5.4,110.0,0.0,155.0,260.0,75.7,openaq_ground,205.45945945945945,Very Unhealthy
2025-11-19 14:00:00,26.0,37.0,991.6,4.8,119.0,0.0,172.0,259.0,48.6,openaq_ground,222.3063063063063,Very Unhealthy
2025-11-19 15:00:00,25.8,37.0,991.1,4.4,125.0,0.0,166.0,236.0,38.8,openaq_ground,216.36036036036035,Very Unhealthy
2025-11-19 16:00:00,25.1,40.0,991.2,4.8,132.0,0.0,161.0,224.0,39.0,openaq_ground,211.40540540540542,Very Unhealthy
2025-11-19 17:00:00,23.4,48.0,991.0,4.4,150.0,0.0,152.0,211.0,77.8,openaq_ground,202.48648648648648,Very Unhealthy
2025-11-19 18:00:00,22.5,56.0,991.3,3.5,159.0,0.0,190.0,254.0,72.1,openaq_ground,240.14414414414415,Very Unhealthy
2025-11-19 19:00:00,21.8,59.0,991.8,0.9,180.0,0.0,197.0,256.0,67.9,openaq_ground,247.0810810810811,Very Unhealthy
2025-11-19 20:00:00,21.1,63.0,992.1,0.4,153.0,0.0,205.0,266.0,65.9,openaq_ground,255.009009009009,Very Unhealthy
2025-11-19 21:00:00,20.4,64.0,992.1,0.6,146.0,0.0,223.0,306.0,63.6,openaq_ground,272.84684684684686,Very Unhealthy
2025-11-19 22:00:00,20.0,65.0,992.1,0.7,166.0,0.0,250.0,337.0,51.4,openaq_ground,299.6036036036036,Very Unhealthy
2025-11-19 23:00:00,18.8,71.0,991.9,1.2,207.0,0.0,275.0,357.0,52.4,openaq_ground,325.2792792792793,Hazardous
2025-11-20 00:00:00,18.1,73.0,991.6,1.3,236.0,0.0,276.0,349.0,47.8,openaq_ground,326.27027027027026,Hazardous
2025-11-20 01:00:00,17.4,76.0,991.3,2.5,262.0,0.0,263.0,333.0,51.6,openaq_ground,313.3873873873874,Hazardous
2025-11-20 02:00:00,16.4,80.0,991.1,4.2,265.0,0.0,252.0,332.0,57.9,openaq_ground,302.4864864864865,Hazardous
2025-11-20 03:00:00,16.0,79.0,991.1,4.2,260.0,0.0,265.0,387.0,83.2,openaq_ground,315.3693693693694,Hazardous
2025-11-20 04:00:00,15.3,81.0,990.9,4.6,257.0,0.0,264.0,390.0,78.1,openaq_ground,314.3783783783784,Hazardous
2025-11-20 05:00:00,14.4,85.0,991.2,4.4,251.0,0.0,233.0,346.0,64.4,openaq_ground,282.7567567567568,Very Unhealthy
2025-11-20 06:00:00,14.1,85.0,992.0,4.2,265.0,0.0,162.0,311.0,63.7,openaq_ground,212.3963963963964,Very Unhealthy
2025-11-20 07:00:00,14.4,84.0,992.8,4.5,263.0,0.0,91.0,238.0,43.9,openaq_ground,169.32982086406744,Unhealthy
2025-11-20 08:00:00,16.2,76.0,993.7,3.4,264.0,0.0,82.8,224.0,35.0,openaq_ground,165.0958904109589,Unhealthy
2025-11-20 09:00:00,19.2,65.0,994.5,1.5,249.0,0.0,58.3,179.0,40.5,openaq_ground,152.44573234984193,Unhealthy
2025-11-20 10:00:00,22.2,54.0,994.7,1.1,252.0,0.0,68.0,195.0,35.7,openaq_ground,157.4541622760801,Unhealthy
2025-11-20 11:00:00,24.4,46.0,994.2,4.7,180.0,0.0,80.3,221.0,33.0,openaq_ground,163.80505795574288,Unhealthy
2025-11-20 12:00:00,25.6,42.0,993.5,5.3,172.0,0.0,67.0,153.0,32.5,openaq_ground,156.93782929399367,Unhealthy
2025-11-20 13:00:00,26.0,41.0,992.7,4.9,176.0,0.0,72.0,153.0,42.1,openaq_ground,159.5194942044257,Unhealthy
2025-11-20 14:00:00,26.1,40.0,992.1,4.5,180.0,0.0,96.3,208.0,43.0,openaq_ground,172.0663856691254,Unhealthy
2025-11-20 15:00:00,25.7,41.0,991.6,4.9,180.0,0.0,108.0,230.0,49.7,openaq_ground,178.10748155953635,Unhealthy
2025-11-20 16:00:00,25.0,43.0,991.4,5.6,186.0,0.0,114.0,244.0,60.2,openaq_ground,181.2054794520548,Unhealthy
2025-11-20 17:00:00,23.4,50.0,991.3,4.9,180.0,0.0,101.0,206.0,59.6,openaq_ground,174.4931506849315,Unhealthy
2025-11-20 18:00:00,22.0,57.0,992.1,4.1,203.0,0.0,147.0,240.0,46.4,openaq_ground,198.2444678609062,Unhealthy
2025-11-20 19:00:00,21.0,62.0,992.3,4.1,225.0,0.0,124.0,222.0,47.9,openaq_ground,186.36880927291887,Unhealthy
2025-11-20 20:00:00,20.6,63.0,992.7,2.0,225.0,0.0,122.0,232.0,51.5,openaq_ground,185.33614330874605,Unhealthy
2025-11-20 21:00:00,20.1,66.0,992.9,0.5,180.0,0.0,118.0,218.0,49.4,openaq_ground,183.27081138040043,Unhealthy
2025-11-20 22:00:00,19.2,68.0,992.9,0.7,104.0,0.0,127.0,236.0,49.0,openaq_ground,187.91780821917808,Unhealthy
2025-11-20 23:00:00,18.3,72.0,992.6,0.7,166.0,0.0,123.0,225.0,52.0,openaq_ground,185.85247629083244,Unhealthy
2025-11-21 00:00:00,17.5,73.0,992.6,0.6,236.0,0.0,129.0,243.0,42.9,openaq_ground,188.9504741833509,Unhealthy
2025-11-21 01:00:00,16.8,75.0,992.3,1.5,234.0,0.0,116.0,215.0,42.6,openaq_ground,182.2381454162276,Unhealthy
2025-11-21 02:00:00,16.4,75.0,992.4,1.4,230.0,0.0,127.0,240.0,43.7,openaq_ground,187.91780821917808,Unhealthy
2025-11-21 03:00:00,16.2,74.0,992.2,0.9,217.0,0.0,112.0,232.0,98.1,openaq_ground,180.17281348788197,Unhealthy
2025-11-21 04:00:00,15.9,75.0,992.3,0.9,217.0,0.0,121.0,262.0,66.55,openaq_ground,184.81981032665965,Unhealthy
2025-11-21 05:00:00,15.1,78.0,992.8,2.3,209.0,0.0,130.0,292.0,35.0,openaq_ground,189.4668071654373,Unhealthy
2025-11-21 06:00:00,14.5,81.0,993.6,4.1,209.0,0.0,85.3,247.0,34.0,openaq_ground,166.38672286617492,Unhealthy
2025-11-21 07:00:00,15.0,79.0,994.2,4.6,201.0,0.0,68.3,214.0,29.2,openaq_ground,157.609062170706,Unhealthy
2025-11-21 08:00:00,17.7,69.0,995.3,5.3,190.0,0.0,64.8,224.0,23.6,openaq_ground,155.8018967334036,Unhealthy
2025-11-21 09:00:00,20.5,62.0,995.9,3.2,180.0,0.0,52.8,138.0,26.0,openaq_ground,143.59798994974875,Unhealthy (Sensitive Groups)
2025-11-21 10:00:00,22.8,55.0,996.2,4.7,180.0,0.0,55.3,173.0,28.3,openaq_ground,149.7537688442211,Unhealthy (Sensitive Groups)
2025-11-21 11:00:00,24.5,46.0,995.7,6.1,180.0,0.0,56.3,187.0,28.3,openaq_ground,151.4130663856691,Unhealthy
2025-11-21 12:00:00,25.6,40.0,994.9,4.7,184.0,0.0,57.0,167.0,38.8,openaq_ground,151.77449947312962,Unhealthy
2025-11-21 13:00:00,26.1,38.0,994.0,3.5,195.0,0.0,66.3,151.0,42.6,openaq_ground,156.5763962065332,Unhealthy
2025-11-21 14:00:00,26.2,38.0,993.2,3.1,216.0,0.0,98.3,216.0,49.1,openaq_ground,173.09905163329822,Unhealthy
2025-11-21 15:00:00,26.0,38.0,992.8,3.4,223.0,0.0,111.0,240.0,52.5,openaq_ground,179.65648050579557,Unhealthy
2025-11-21 16:00:00,25.4,39.0,992.7,4.6,234.0,0.0,109.0,243.0,49.8,openaq_ground,178.62381454162275,Unhealthy
2025-11-21 17:00:00,23.5,50.0,992.5,3.2,214.0,0.0,100.0,149.0,32.1,openaq_ground,173.9768177028451,Unhealthy
2025-11-21 18:00:00,22.9,55.0,992.9,0.7,284.0,0.0,118.0,219.0,55.5,openaq_ground,183.27081138040043,Unhealthy
2025-11-21 19:00:00,21.6,57.0,993.1,2.0,5.0,0.0,132.0,244.0,46.9,openaq_ground,190.49947312961012,Unhealthy
2025-11-21 20:00:00,20.6,61.0,993.3,2.7,28.0,0.0,125.0,238.0,49.5,openaq_ground,186.88514225500526,Unhealthy
2025-11-21 21:00:00,20.1,62.0,993.2,2.8,79.0,0.0,122.0,191.0,44.5,openaq_ground,185.33614330874605,Unhealthy
2025-11-21 22:00:00,19.3,66.0,993.0,3.1,90.0,0.0,134.0,250.0,50.8,openaq_ground,191.53213909378292,Unhealthy
2025-11-21 23:00:00,18.6,72.0,993.1,2.9,60.0,0.0,148.0,283.0,52.2,openaq_ground,198.76080084299264,Unhealthy
2025-11-22 00:00:00,18.2,73.0,992.7,1.3,90.0,0.0,173.0,319.0,37.6,openaq_ground,223.2972972972973,Very Unhealthy
2025-11-22 01:00:00,17.8,74.0,992.5,0.9,143.0,0.0,174.0,260.0,41.8,openaq_ground,224.2882882882883,Very Unhealthy
2025-11-22 02:00:00,17.4,76.0,992.2,0.3,225.0,0.0,181.0,328.0,56.0,openaq_ground,231.22522522522522,Very Unhealthy
2025-11-22 03:00:00,16.7,78.0,991.8,0.9,270.0,0.0,197.0,410.0,101.0,openaq_ground,279.9130434782609,Very Unhealthy
2025-11-22 04:00:00,15.9,80.0,991.4,2.1,255.0,0.0,212.0,428.0,74.5,openaq_ground,304.75949367088606,Hazardous
2025-11-22 05:00:00,14.8,84.0,991.3,3.0,253.0,0.0,186.0,369.0,76.5,openaq_ground,236.18018018018017,Very Unhealthy
2025-11-22 06:00:00,14.1,87.0,991.6,3.5,246.0,0.0,184.0,417.0,47.5,openaq_ground,289.95652173913044,Very Unhealthy
2025-11-22 07:00:00,14.4,86.0,992.0,4.4,251.0,0.0,141.0,360.0,32.9,openaq_ground,208.17391304347825,Very Unhealthy
2025-11-22 08:00:00,16.7,76.0,992.7,5.2,258.0,0.0,87.8,284.0,30.1,openaq_ground,167.67755532139094,Unhealthy
2025-11-22 09:00:00,20.0,63.0,993.4,4.0,260.0,0.0,66.3,176.0,22.4,openaq_ground,156.5763962065332,Unhealthy
2025-11-22 10:00:00,22.9,51.0,993.6,4.7,254.0,0.0,69.5,209.0,31.8,openaq_ground,158.2286617492097,Unhealthy
2025-11-22 11:00:00,24.6,37.0,993.3,5.8,274.0,0.0,83.3,226.0,50.0,openaq_ground,165.3540569020021,Unhealthy
2025-11-22 12:00:00,25.7,32.0,992.7,6.0,297.0,0.0,88.8,225.0,70.5,openaq_ground,168.19388830347734,Unhealthy
2025-11-22 13:00:00,26.1,30.0,991.7,7.1,297.0,0.0,90.0,198.0,55.7,openaq_ground,168.81348788198102,Unhealthy
2025-11-22 14:00:00,26.2,29.0,990.9,7.7,295.0,0.0,106.0,244.0,41.6,openaq_ground,177.07481559536353,Unhealthy
2025-11-22 15:00:00,25.8,29.0,990.5,8.2,289.0,0.0,108.0,229.0,50.0,openaq_ground,178.10748155953635,Unhealthy
2025-11-22 16:00:00,25.0,30.0,990.5,7.9,283.0,0.0,110.0,242.0,64.5,openaq_ground,179.14014752370917,Unhealthy
2025-11-22 17:00:00,22.7,43.0,990.5,4.1,272.0,0.0,123.0,212.0,95.1,openaq_ground,185.85247629083244,Unhealthy
2025-11-22 18:00:00,21.8,46.0,990.7,3.6,270.0,0.0,220.0,402.0,92.4,openaq_ground,269.8738738738739,Very Unhealthy
2025-11-22 19:00:00,21.4,48.0,991.3,2.0,260.0,0.0,255.0,445.0,98.7,openaq_ground,326.0632911392405,Hazardous
2025-11-22 20:00:00,20.8,50.0,991.8,1.4,270.0,0.0,280.0,479.0,70.1,openaq_ground,368.6708860759494,Hazardous
2025-11-22 21:00:00,20.1,51.0,991.9,1.4,320.0,0.0,260.0,415.0,89.4,openaq_ground,310.4144144144144,Hazardous
2025-11-22 22:00:00,19.4,53.0,991.8,1.6,360.0,0.0,243.0,414.0,65.6,openaq_ground,292.6666666666667,Very Unhealthy
2025-11-22 23:00:00,19.0,56.0,991.7,1.1,360.0,0.0,202.0,337.0,62.8,openaq_ground,252.03603603603602,Very Unhealthy
2025-11-23 00:00:00,17.8,59.0,991.5,2.1,15.0,0.0,172.0,310.0,39.1,openaq_ground,222.3063063063063,Very Unhealthy
2025-11-23 01:00:00,17.0,63.0,991.6,2.0,360.0,0.0,145.0,240.0,41.5,openaq_ground,197.2118018967334,Unhealthy
2025-11-23 02:00:00,16.1,68.0,991.3,1.5,291.0,0.0,151.0,279.0,47.4,openaq_ground,201.4954954954955,Very Unhealthy
2025-11-23 03:00:00,14.6,74.0,991.0,3.5,258.0,0.0,177.0,337.0,95.3,openaq_ground,227.26126126126127,Very Unhealthy
2025-11-23 04:00:00,13.7,78.0,991.0,3.9,254.0,0.0,250.0,458.0,146.66250000000002,openaq_ground,342.3544303797468,Hazardous
2025-11-23 05:00:00,13.2,82.0,991.2,3.5,279.0,0.0,256.0,406.0,89.4,openaq_ground,306.45045045045043,Hazardous
2025-11-23 06:00:00,13.2,82.0,992.0,2.5,278.0,0.0,212.0,372.0,73.9,openaq_ground,261.94594594594594,Very Unhealthy
2025-11-23 07:00:00,13.5,80.0,992.5,3.2,270.0,0.0,168.0,341.0,60.6,openaq_ground,218.34234234234233,Very Unhealthy
2025-11-23 08:00:00,15.8,70.0,993.3,4.0,265.0,0.0,128.0,314.0,50.8,openaq_ground,188.43414120126448,Unhealthy
2025-11-23 09:00:00,19.3,57.0,994.1,2.2,270.0,0.0,94.3,239.0,37.0,openaq_ground,171.03371970495257,Unhealthy
2025-11-23 10:00:00,22.1,46.0,994.3,1.8,259.0,0.0,110.86666666666666,256.6666666666667,47.1,openaq_ground,179.58763610818406,Unhealthy
2025-11-23 11:00:00,24.0,39.0,993.9,2.7,250.0,0.0,127.43333333333334,274.3333333333333,57.2,openaq_ground,188.1415525114155,Unhealthy
2025-11-23 12:00:00,25.5,31.0,993.1,5.1,260.0,0.0,144.0,292.0,67.3,openaq_ground,196.695468914647,Unhealthy
2025-11-23 13:00:00,25.9,29.0,992.2,7.2,269.0,0.0,153.0,282.0,70.6,openaq_ground,203.47747747747746,Very Unhealthy
2025-11-23 14:00:00,25.9,28.0,991.4,7.8,275.0,0.0,181.0,331.0,90.7,openaq_ground,231.22522522522522,Very Unhealthy
2025-11-23 15:00:00,25.4,29.0,990.9,8.1,282.0,0.0,216.0,408.0,97.7,openaq_ground,277.04347826086956,Very Unhealthy
2025-11-23 16:00:00,24.4,33.0,990.7,7.9,287.0,0.0,228.0,401.0,84.4,openaq_ground,277.8018018018018,Very Unhealthy
2025-11-23 17:00:00,22.3,42.0,990.4,4.9,278.0,0.0,216.0,339.0,73.5,openaq_ground,265.9099099099099,Very Unhealthy
2025-11-23 18:00:00,21.5,46.0,991.1,4.4,282.0,0.0,204.0,346.0,71.1,openaq_ground,254.018018018018,Very Unhealthy
2025-11-23 19:00:00,20.4,52.0,991.5,4.3,287.0,0.0,207.0,340.0,74.4,openaq_ground,256.990990990991,Very Unhealthy
2025-11-23 20:00:00,19.4,56.0,992.0,4.3,303.0,0.0,213.0,335.0,74.5,openaq_ground,262.93693693693695,Very Unhealthy
2025-11-23 21:00:00,18.4,60.0,992.2,4.2,310.0,0.0,226.0,346.0,57.2,openaq_ground,275.8198198198198,Very Unhealthy
2025-11-23 22:00:00,17.8,63.0,992.2,3.1,324.0,0.0,219.0,355.0,50.7,openaq_ground,268.8828828828829,Very Unhealthy
2025-11-23 23:00:00,17.2,66.0,992.1,3.3,324.0,0.0,219.0,347.0,51.2,openaq_ground,268.8828828828829,Very Unhealthy
2025-11-24 00:00:00,16.3,69.0,991.9,3.1,315.0,0.0,211.0,323.0,42.7,openaq_ground,260.9549549549549,Very Unhealthy
2025-11-24 01:00:00,15.7,71.0,991.9,2.5,291.0,0.0,199.0,310.0,25.7,openaq_ground,249.06306306306305,Very Unhealthy
2025-11-24 02:00:00,14.8,75.0,991.8,3.6,288.0,0.0,182.0,302.0,27.8,openaq_ground,232.21621621621622,Very Unhealthy
2025-11-24 03:00:00,13.9,79.0,991.9,3.8,281.0,0.0,200.0,376.0,76.8,openaq_ground,250.05405405405406,Very Unhealthy
2025-11-24 04:00:00,13.2,81.0,992.0,4.5,270.0,0.0,182.0,350.0,78.0,openaq_ground,232.21621621621622,Very Unhealthy
2025-11-24 05:00:00,12.4,88.0,992.5,4.5,268.0,0.0,171.0,371.0,75.1,openaq_ground,223.95652173913044,Very Unhealthy
2025-11-24 06:00:00,12.2,88.0,993.3,4.0,273.0,0.0,167.0,379.0,62.2,openaq_ground,235.43478260869566,Very Unhealthy
2025-11-24 07:00:00,12.7,84.0,994.0,4.5,268.0,0.0,134.0,343.0,46.5,openaq_ground,194.55555555555554,Unhealthy
2025-11-24 08:00:00,14.7,75.0,994.8,4.5,277.0,0.0,90.0,281.0,33.8,openaq_ground,168.81348788198102,Unhealthy
2025-11-24 09:00:00,17.8,62.0,995.5,2.6,282.0,0.0,66.5,193.0,36.0,openaq_ground,156.67966280295047,Unhealthy
2025-11-24 10:00:00,20.6,52.0,995.9,2.2,294.0,0.0,60.5,164.0,32.7,openaq_ground,153.58166491043204,Unhealthy
2025-11-24 11:00:00,22.8,42.0,995.2,3.9,313.0,0.0,60.8,205.0,49.7,openaq_ground,153.73656480505795,Unhealthy
2025-11-24 12:00:00,24.2,36.0,994.5,4.6,309.0,0.0,77.8,243.0,65.0,openaq_ground,162.51422550052686,Unhealthy
2025-11-24 13:00:00,24.8,31.0,993.5,5.5,306.0,0.0,84.5,203.0,73.3,openaq_ground,165.9736564805058,Unhealthy
2025-11-24 14:00:00,25.0,30.0,992.7,6.3,301.0,0.0,88.5,186.0,60.0,openaq_ground,168.03898840885142,Unhealthy
2025-11-24 15:00:00,24.8,29.0,992.4,6.9,301.0,0.0,124.0,265.0,83.5,openaq_ground,186.36880927291887,Unhealthy
2025-11-24 16:00:00,23.9,31.0,992.4,6.9,300.0,0.0,160.0,332.0,85.2,openaq_ground,210.4144144144144,Very Unhealthy
2025-11-24 17:00:00,21.5,44.0,992.2,4.4,297.0,0.0,173.0,339.0,73.2,openaq_ground,223.2972972972973,Very Unhealthy
2025-11-24 18:00:00,20.7,47.0,992.7,3.9,298.0,0.0,185.0,329.0,88.2,openaq_ground,235.1891891891892,Very Unhealthy
2025-11-24 19:00:00,20.0,49.0,993.2,2.7,302.0,0.0,193.0,348.0,97.9,openaq_ground,243.11711711711712,Very Unhealthy
2025-11-24 20:00:00,19.0,52.0,993.8,3.1,310.0,0.0,218.0,378.0,95.7,openaq_ground,267.8918918918919,Very Unhealthy
2025-11-24 21:00:00,18.1,55.0,994.3,3.3,306.0,0.0,209.0,369.0,77.4,openaq_ground,258.97297297297297,Very Unhealthy
2025-11-24 22:00:00,17.2,58.0,994.2,3.4,295.0,0.0,178.0,285.0,59.0,openaq_ground,228.25225225225225,Very Unhealthy
2025-11-24 23:00:00,16.4,63.0,994.3,3.4,295.0,0.0,178.0,307.0,62.0,openaq_ground,228.25225225225225,Very Unhealthy
2025-11-25 00:00:00,15.3,66.0,993.9,3.6,273.0,0.0,188.0,318.0,59.4,openaq_ground,238.16216216216216,Very Unhealthy
2025-11-25 01:00:00,14.5,67.0,994.0,4.8,292.0,0.0,179.0,323.0,44.7,openaq_ground,229.24324324324323,Very Unhealthy
2025-11-25 02:00:00,13.6,72.0,993.7,4.0,273.0,0.0,154.0,260.0,62.7,openaq_ground,204.46846846846847,Very Unhealthy
2025-11-25 03:00:00,12.8,75.0,993.4,4.5,272.0,0.0,172.0,337.0,100.0,openaq_ground,222.3063063063063,Very Unhealthy
2025-11-25 04:00:00,12.2,77.0,993.5,4.4,282.0,0.0,194.0,434.0,95.9,openaq_ground,312.27848101265823,Hazardous
2025-11-25 05:00:00,11.6,82.0,993.5,4.3,275.0,0.0,174.0,386.0,75.8,openaq_ground,245.47826086956522,Very Unhealthy
2025-11-25 06:00:00,11.4,83.0,994.1,4.5,272.0,0.0,101.0,240.0,47.5,openaq_ground,174.4931506849315,Unhealthy
2025-11-25 07:00:00,11.8,80.0,994.6,5.9,272.0,0.0,68.3,243.0,41.8,openaq_ground,157.609062170706,Unhealthy
2025-11-25 08:00:00,13.7,72.0,995.4,6.5,268.0,0.0,68.5,249.0,41.2,openaq_ground,157.7123287671233,Unhealthy
2025-11-25 09:00:00,16.7,59.0,996.0,4.3,275.0,0.0,47.5,172.0,38.2,openaq_ground,130.54773869346735,Unhealthy (Sensitive Groups)
2025-11-25 10:00:00,19.5,50.0,996.2,4.8,285.0,0.0,26.0,128.0,35.8,openaq_ground,87.13131313131314,Moderate
2025-11-25 11:00:00,21.9,42.0,995.2,7.1,297.0,0.0,34.3,178.0,56.0,openaq_ground,112.38383838383838,Unhealthy (Sensitive Groups)
2025-11-25 12:00:00,23.3,36.0,994.5,8.3,303.0,0.0,53.0,220.0,73.2,openaq_ground,144.09045226130655,Unhealthy (Sensitive Groups)
2025-11-25 13:00:00,23.8,35.0,993.1,8.3,303.0,0.0,69.3,206.0,89.2,openaq_ground,158.1253951527924,Unhealthy
2025-11-25 14:00:00,24.0,34.0,992.1,8.6,300.0,0.0,102.0,258.0,96.1,openaq_ground,175.00948366701792,Unhealthy
2025-11-25 15:00:00,23.6,34.0,991.6,8.7,297.0,0.0,142.0,297.0,83.7,openaq_ground,195.6628029504742,Unhealthy
2025-11-25 16:00:00,22.8,35.0,991.4,8.3,294.0,0.0,175.0,317.0,75.6,openaq_ground,225.27927927927928,Very Unhealthy
2025-11-25 17:00:00,20.7,44.0,991.3,5.0,291.0,0.0,208.0,389.0,76.0,openaq_ground,257.98198198198196,Very Unhealthy
2025-11-25 18:00:00,20.0,46.0,991.6,5.2,290.0,0.0,217.0,386.0,84.9,openaq_ground,266.90090090090087,Very Unhealthy
2025-11-25 19:00:00,18.9,51.0,992.1,5.3,282.0,0.0,201.0,363.0,81.1,openaq_ground,251.04504504504504,Very Unhealthy
2025-11-25 20:00:00,17.8,55.0,992.1,5.4,278.0,0.0,180.0,281.0,73.1,openaq_ground,230.23423423423424,Very Unhealthy
2025-11-25 21:00:00,16.9,60.0,992.2,5.3,282.0,0.0,164.0,298.0,63.5,openaq_ground,214.3783783783784,Very Unhealthy
2025-11-25 22:00:00,16.0,63.0,991.8,5.2,290.0,0.0,160.0,298.0,61.4,openaq_ground,210.4144144144144,Very Unhealthy
2025-11-25 23:00:00,15.3,68.0,991.7,5.2,290.0,0.0,168.0,337.0,54.2,openaq_ground,218.34234234234233,Very Unhealthy
2025-11-26 00:00:00,14.8,67.0,991.5,5.4,291.0,0.0,109.0,194.0,34.5,openaq_ground,178.62381454162275,Unhealthy
2025-11-26 01:00:00,14.1,69.0,991.6,5.2,286.0,0.0,82.3,195.0,36.4,openaq_ground,164.8377239199157,Unhealthy
2025-11-26 02:00:00,13.3,73.0,991.3,4.7,279.0,0.0,81.8,224.0,66.5,openaq_ground,164.5795574288725,Unhealthy
2025-11-26 03:00:00,12.5,76.0,991.4,4.1,268.0,0.0,99.0,322.0,96.9,openaq_ground,184.16161616161617,Unhealthy
2025-11-26 04:00:00,11.9,79.0,991.5,4.0,262.0,0.0,110.0,370.0,93.4,openaq_ground,222.52173913043478,Very Unhealthy
2025-11-26 05:00:00,11.4,85.0,991.9,4.5,275.0,0.0,109.0,316.0,68.8,openaq_ground,181.1919191919192,Unhealthy
2025-11-26 06:00:00,11.2,86.0,993.0,4.1,268.0,0.0,90.5,313.0,56.1,openaq_ground,179.7070707070707,Unhealthy
2025-11-26 07:00:00,11.5,83.0,993.8,4.0,267.0,0.0,63.0,248.0,41.4,openaq_ground,154.87249736564806,Unhealthy
2025-11-26 08:00:00,13.5,74.0,994.9,4.3,292.0,0.0,63.0,248.0,33.1,openaq_ground,154.87249736564806,Unhealthy
2025-11-26 09:00:00,16.5,62.0,995.5,2.6,304.0,0.0,40.0,180.0,39.2,openaq_ground,113.37373737373737,Unhealthy (Sensitive Groups)
2025-11-26 10:00:00,19.3,51.0,995.8,2.0,315.0,0.0,53.8,228.0,45.1,openaq_ground,146.0603015075377,Unhealthy (Sensitive Groups)
2025-11-26 11:00:00,21.2,43.0,995.2,2.9,313.0,0.0,48.5,155.0,83.3,openaq_ground,133.01005025125627,Unhealthy (Sensitive Groups)
2025-11-26 12:00:00,22.9,35.0,994.6,3.4,313.0,0.0,58.3,148.0,102.0,openaq_ground,152.44573234984193,Unhealthy
2025-11-26 13:00:00,23.6,32.0,993.5,3.6,307.0,0.0,75.5,217.0,132.0,openaq_ground,161.32665964172813,Unhealthy
2025-11-26 14:00:00,23.9,31.0,992.8,3.9,298.0,0.0,89.3,249.0,146.66250000000002,openaq_ground,168.45205479452054,Unhealthy
2025-11-26 15:00:00,23.7,31.0,992.8,4.8,299.0,0.0,111.0,270.0,133.0,openaq_ground,179.65648050579557,Unhealthy
2025-11-26 16:00:00,22.9,33.0,992.8,5.4,307.0,0.0,108.0,187.0,145.0,openaq_ground,178.10748155953635,Unhealthy
2025-11-26 17:00:00,20.6,45.0,992.6,3.5,336.0,0.0,124.0,260.0,140.0,openaq_ground,186.36880927291887,Unhealthy
2025-11-26 18:00:00,19.6,46.0,993.4,4.0,3.0,0.0,174.0,346.0,146.66250000000002,openaq_ground,224.2882882882883,Very Unhealthy
2025-11-26 19:00:00,18.8,51.0,994.0,4.0,18.0,0.0,213.0,399.0,132.0,openaq_ground,264.1304347826087,Very Unhealthy
2025-11-26 20:00:00,18.4,52.0,994.3,2.8,18.0,0.0,250.0,383.0,140.0,openaq_ground,299.6036036036036,Very Unhealthy
2025-11-26 21:00:00,17.6,54.0,994.5,2.7,28.0,0.0,249.0,415.0,120.0,openaq_ground,298.6126126126126,Very Unhealthy
2025-11-26 22:00:00,17.2,56.0,994.8,1.0,22.0,0.0,239.0,411.0,102.0,openaq_ground,288.7027027027027,Very Unhealthy
2025-11-26 23:00:00,16.4,60.0,994.9,0.6,162.0,0.0,271.0,464.0,123.0,openaq_ground,349.873417721519,Hazardous
2025-11-27 00:00:00,15.9,61.0,994.8,0.4,207.0,0.0,238.0,340.0,83.7,openaq_ground,287.7117117117117,Very Unhealthy
2025-11-27 01:00:00,15.6,62.0,994.8,0.4,270.0,0.0,208.0,343.0,76.5,openaq_ground,257.98198198198196,Very Unhealthy
2025-11-27 02:00:00,14.8,65.0,994.2,0.6,288.0,0.0,211.0,354.0,82.7,openaq_ground,260.9549549549549,Very Unhealthy
2025-11-27 03:00:00,14.0,67.0,993.9,0.8,297.0,0.0,242.0,424.0,143.0,openaq_ground,300.0,Very Unhealthy
2025-11-27 04:00:00,13.4,70.0,994.0,1.0,301.0,0.0,311.0,503.0,146.66250000000002,openaq_ground,398.746835443038,Hazardous
2025-11-27 05:00:00,13.3,71.0,994.4,0.6,326.0,0.0,249.0,447.0,146.66250000000002,openaq_ground,328.56962025316454,Hazardous
2025-11-27 06:00:00,12.8,74.0,995.1,1.1,351.0,0.0,159.0,338.0,114.0,openaq_ground,209.42342342342343,Very Unhealthy
2025-11-27 07:00:00,12.6,77.0,995.6,1.6,360.0,0.0,110.0,303.0,94.4,openaq_ground,179.14014752370917,Unhealthy
2025-11-27 08:00:00,14.5,71.0,996.4,2.8,45.0,0.0,109.0,291.0,95.3,openaq_ground,178.62381454162275,Unhealthy
2025-11-27 09:00:00,17.4,59.0,997.1,2.0,63.0,0.0,101.0,251.0,95.7,openaq_ground,174.4931506849315,Unhealthy
2025-11-27 10:00:00,19.9,47.0,997.2,3.0,65.0,0.0,84.5,236.0,90.4,openaq_ground,165.9736564805058,Unhealthy
2025-11-27 11:00:00,21.6,35.0,996.3,3.3,68.0,0.0,66.7,200.0,94.6,openaq_ground,156.78292939936776,Unhealthy
2025-11-27 12:00:00,23.2,31.0,995.7,3.1,66.0,0.0,50.0,141.0,127.0,openaq_ground,136.7035175879397,Unhealthy (Sensitive Groups)
2025-11-27 13:00:00,24.0,29.0,994.8,2.1,70.0,0.0,63.8,205.0,146.66250000000002,openaq_ground,155.28556375131717,Unhealthy
2025-11-27 14:00:00,24.4,29.0,993.9,2.1,59.0,0.0,115.0,264.0,146.66250000000002,openaq_ground,181.7218124341412,Unhealthy
2025-11-27 15:00:00,24.3,29.0,993.5,2.6,51.0,0.0,144.0,349.0,146.66250000000002,openaq_ground,197.52525252525254,Unhealthy
2025-11-27 16:00:00,23.5,32.0,993.5,3.1,59.0,0.0,216.0,353.0,146.66250000000002,openaq_ground,265.9099099099099,Very Unhealthy
2025-11-27 17:00:00,21.3,46.0,993.2,2.1,59.0,0.0,277.0,480.0,146.66250000000002,openaq_ground,369.9240506329114,Hazardous
2025-11-27 18:00:00,20.3,49.0,993.8,2.2,35.0,0.0,255.0,465.0,146.66250000000002,openaq_ground,351.126582278481,Hazardous
2025-11-27 19:00:00,19.3,54.0,994.3,2.5,21.0,0.0,256.0,459.0,146.66250000000002,openaq_ground,343.6075949367089,Hazardous
2025-11-27 20:00:00,18.6,58.0,994.5,2.5,4.0,0.0,252.0,376.0,146.66250000000002,openaq_ground,302.4864864864865,Hazardous
2025-11-27 21:00:00,17.7,62.0,994.6,2.9,338.0,0.0,241.0,398.0,144.0,openaq_ground,290.68468468468467,Very Unhealthy
2025-11-27 22:00:00,16.9,66.0,994.4,3.4,360.0,0.0,224.0,381.0,109.0,openaq_ground,273.8378378378378,Very Unhealthy
2025-11-27 23:00:00,16.2,71.0,994.4,3.3,347.0,0.0,202.0,357.0,122.0,openaq_ground,252.03603603603602,Very Unhealthy
2025-11-28 00:00:00,15.3,74.0,993.7,3.7,337.0,0.0,190.0,282.0,100.0,openaq_ground,240.14414414414415,Very Unhealthy
2025-11-28 01:00:00,14.7,75.0,993.6,3.8,343.0,0.0,206.0,334.0,116.0,openaq_ground,256.0,Very Unhealthy
2025-11-28 02:00:00,14.2,76.0,993.2,3.1,315.0,0.0,224.0,381.0,146.66250000000002,openaq_ground,273.8378378378378,Very Unhealthy
2025-11-28 03:00:00,13.4,79.0,993.0,3.9,292.0,0.0,222.0,416.0,146.66250000000002,openaq_ground,288.52173913043475,Very Unhealthy
2025-11-28 04:00:00,12.5,84.0,992.7,4.8,285.0,0.0,227.0,392.0,146.66250000000002,openaq_ground,276.81081081081084,Very Unhealthy
2025-11-28 05:00:00,11.8,88.0,992.9,3.9,286.0,0.0,186.0,403.0,146.66250000000002,openaq_ground,269.8695652173913,Very Unhealthy
2025-11-28 06:00:00,11.5,88.0,993.3,3.8,287.0,0.0,99.8,331.0,96.7,openaq_ground,188.6161616161616,Unhealthy
2025-11-28 07:00:00,12.1,84.0,993.8,4.1,270.0,0.0,63.8,308.0,67.1,openaq_ground,177.23232323232324,Unhealthy
2025-11-28 08:00:00,14.2,73.0,994.8,6.3,267.0,0.0,53.3,249.0,63.03333333333333,openaq_ground,147.52525252525254,Unhealthy (Sensitive Groups)
2025-11-28 09:00:00,16.7,63.0,995.4,5.0,283.0,0.0,41.8,186.0,58.96666666666666,openaq_ground,116.51256281407035,Unhealthy (Sensitive Groups)
2025-11-28 10:00:00,19.3,53.0,995.4,4.8,295.0,0.0,51.0,173.0,54.9,openaq_ground,139.16582914572865,Unhealthy (Sensitive Groups)
2025-11-28 11:00:00,21.8,44.0,994.9,5.2,299.0,0.0,71.3,190.0,64.3,openaq_ground,159.15806111696523,Unhealthy
2025-11-28 12:00:00,23.6,36.0,993.9,5.3,315.0,0.0,41.3,238.0,96.2,openaq_ground,142.08080808080808,Unhealthy (Sensitive Groups)
2025-11-28 13:00:00,24.6,32.0,992.7,6.4,317.0,0.0,47.8,203.0,105.0,openaq_ground,131.28643216080403,Unhealthy (Sensitive Groups)
2025-11-28 14:00:00,25.2,30.0,992.0,7.0,310.0,0.0,85.3,250.0,101.0,openaq_ground,166.38672286617492,Unhealthy
2025-11-28 15:00:00,25.2,29.0,991.4,7.6,313.0,0.0,126.0,286.0,91.5,openaq_ground,187.4014752370917,Unhealthy
2025-11-28 16:00:00,24.3,33.0,991.3,7.7,306.0,0.0,166.0,326.0,86.9,openaq_ground,216.36036036036035,Very Unhealthy
2025-11-28 17:00:00,20.8,54.0,991.3,4.0,273.0,0.0,224.0,388.0,82.6,openaq_ground,273.8378378378378,Very Unhealthy
2025-11-28 18:00:00,20.5,52.0,991.7,4.7,286.0,0.0,219.0,368.0,81.3,openaq_ground,268.8828828828829,Very Unhealthy
2025-11-28 19:00:00,19.8,54.0,991.9,5.1,293.0,0.0,195.0,335.0,73.8,openaq_ground,245.0990990990991,Very Unhealthy
2025-11-28 20:00:00,19.1,57.0,991.9,5.6,299.0,0.0,164.0,296.0,69.0,openaq_ground,214.3783783783784,Very Unhealthy
2025-11-28 21:00:00,18.4,60.0,992.1,5.5,302.0,0.0,146.0,267.0,61.7,openaq_ground,197.72813487881982,Unhealthy
2025-11-28 22:00:00,17.6,64.0,992.0,5.4,312.0,0.0,114.0,219.0,62.7,openaq_ground,181.2054794520548,Unhealthy
2025-11-28 23:00:00,16.5,71.0,991.9,5.2,292.0,0.0,87.0,187.0,59.4,openaq_ground,167.26448893572183,Unhealthy
2025-11-29 00:00:00,15.9,71.0,991.6,5.6,303.0,0.0,86.5,189.0,58.0,openaq_ground,167.0063224446786,Unhealthy
2025-11-29 01:00:00,15.5,71.0,991.4,6.2,306.0,0.0,90.8,203.0,59.1,openaq_ground,169.22655426765016,Unhealthy
2025-11-29 02:00:00,15.0,72.0,991.0,6.5,302.0,0.0,80.5,213.0,88.3,openaq_ground,163.90832455216017,Unhealthy
2025-11-29 03:00:00,14.7,71.0,991.0,7.3,300.0,0.0,76.5,227.0,95.7,openaq_ground,161.84299262381455,Unhealthy
2025-11-29 04:00:00,14.4,71.0,990.8,7.4,302.0,0.0,70.3,225.0,85.7,openaq_ground,158.64172813487883,Unhealthy
2025-11-29 05:00:00,13.9,73.0,990.7,7.8,304.0,0.0,75.8,222.0,87.2,openaq_ground,161.48155953635404,Unhealthy
2025-11-29 06:00:00,13.7,73.0,991.4,7.5,310.0,0.0,74.5,215.0,79.1,openaq_ground,160.81032665964173,Unhealthy
2025-11-29 07:00:00,13.7,73.0,992.2,7.5,303.0,0.0,47.0,183.0,64.8,openaq_ground,129.31658291457288,Unhealthy (Sensitive Groups)
2025-11-29 08:00:00,15.1,68.0,993.0,8.0,295.0,0.0,20.0,137.0,49.5,openaq_ground,91.58585858585859,Moderate
2025-11-29 09:00:00,17.4,60.0,993.6,6.2,306.0,0.0,9.75,120.0,42.6,openaq_ground,83.17171717171718,Moderate
2025-11-29 10:00:00,20.1,49.0,993.7,6.2,314.0,0.0,6.5,124.0,52.7,openaq_ground,85.15151515151516,Moderate
2025-11-29 11:00:00,23.0,41.0,993.1,6.6,311.0,0.0,8.0,132.0,61.6,openaq_ground,89.11111111111111,Moderate
2025-11-29 12:00:00,25.1,32.0,992.2,8.2,319.0,0.0,10.8,130.0,88.8,openaq_ground,88.12121212121212,Moderate
2025-11-29 13:00:00,25.9,30.0,991.2,10.9,326.0,0.0,24.8,161.0,107.0,openaq_ground,103.96969696969697,Unhealthy (Sensitive Groups)
2025-11-29 14:00:00,25.9,32.0,990.3,11.5,321.0,0.0,39.5,182.0,107.0,openaq_ground,114.36363636363636,Unhealthy (Sensitive Groups)
2025-11-29 15:00:00,25.4,34.0,990.1,11.2,316.0,0.0,60.3,211.0,98.0,openaq_ground,153.47839831401475,Unhealthy
2025-11-29 16:00:00,24.5,36.0,989.8,9.4,312.0,0.0,69.0,200.0,92.2,openaq_ground,157.9704952581665,Unhealthy
2025-11-29 17:00:00,22.5,42.0,989.9,5.2,297.0,0.0,84.0,208.0,94.2,openaq_ground,165.71548998946258,Unhealthy
2025-11-29 18:00:00,21.5,44.0,990.3,5.2,292.0,0.0,78.0,193.0,86.7,openaq_ground,162.61749209694415,Unhealthy
2025-11-29 19:00:00,20.5,47.0,990.6,5.5,287.0,0.0,76.5,192.0,91.7,openaq_ground,161.84299262381455,Unhealthy
2025-11-29 20:00:00,19.5,50.0,990.6,6.1,282.0,0.0,64.3,190.0,93.3,openaq_ground,155.54373024236037,Unhealthy
2025-11-29 21:00:00,18.6,52.0,990.7,6.3,285.0,0.0,74.0,188.0,83.6,openaq_ground,160.55216016859853,Unhealthy
2025-11-29 22:00:00,17.7,53.0,990.5,5.8,286.0,0.0,96.0,207.0,73.5,openaq_ground,171.91148577449948,Unhealthy
2025-11-29 23:00:00,16.6,58.0,990.4,5.8,284.0,0.0,108.0,214.0,65.8,openaq_ground,178.10748155953635,Unhealthy
2025-11-30 00:00:00,16.1,57.0,990.2,6.5,304.0,0.0,106.0,209.0,59.6,openaq_ground,177.07481559536353,Unhealthy
2025-11-30 01:00:00,15.1,58.0,990.0,5.5,308.0,0.0,101.0,202.0,55.6,openaq_ground,174.4931506849315,Unhealthy
2025-11-30 02:00:00,14.0,60.0,989.7,4.7,298.0,0.0,95.8,208.0,72.5,openaq_ground,171.8082191780822,Unhealthy
2025-11-30 03:00:00,13.4,60.0,989.5,4.7,288.0,0.0,108.0,251.0,110.0,openaq_ground,178.10748155953635,Unhealthy
2025-11-30 04:00:00,12.8,61.0,989.3,5.0,285.0,0.0,123.0,268.0,87.9,openaq_ground,185.85247629083244,Unhealthy
2025-11-30 05:00:00,12.5,68.0,989.8,5.5,289.0,0.0,107.0,254.0,75.3,openaq_ground,177.59114857744996,Unhealthy
2025-11-30 06:00:00,11.7,71.0,990.5,5.6,272.0,0.0,108.0,254.0,72.4,openaq_ground,178.10748155953635,Unhealthy
2025-11-30 07:00:00,11.9,71.0,991.1,6.8,268.0,0.0,94.5,252.0,64.6,openaq_ground,171.13698630136986,Unhealthy
2025-11-30 08:00:00,13.4,65.0,991.8,7.4,267.0,0.0,63.0,210.0,51.2,openaq_ground,154.87249736564806,Unhealthy
2025-11-30 09:00:00,15.8,56.0,992.4,6.7,275.0,0.0,19.8,159.0,49.9,openaq_ground,102.97979797979798,Unhealthy (Sensitive Groups)
2025-11-30 10:00:00,18.5,47.0,992.5,7.1,276.0,0.0,24.8,152.0,57.0,openaq_ground,99.01010101010101,Moderate
2025-11-30 11:00:00,21.2,38.0,992.1,8.5,275.0,0.0,25.0,160.0,65.2,openaq_ground,103.47474747474747,Unhealthy (Sensitive Groups)
2025-11-30 12:00:00,23.0,32.0,991.3,10.4,285.0,0.0,32.8,180.0,82.4,openaq_ground,113.37373737373737,Unhealthy (Sensitive Groups)
2025-11-30 13:00:00,23.6,31.0,990.3,12.5,288.0,0.0,55.5,228.0,107.0,openaq_ground,151.0,Unhealthy
2025-11-30 14:00:00,23.4,31.0,989.4,12.9,288.0,0.0,90.0,265.0,110.0,openaq_ground,168.81348788198102,Unhealthy
2025-11-30 15:00:00,23.2,31.0,989.1,12.8,290.0,0.0,126.0,288.0,99.8,openaq_ground,187.4014752370917,Unhealthy
2025-11-30 16:00:00,22.5,32.0,988.9,10.6,293.0,0.0,144.0,288.0,104.0,openaq_ground,196.695468914647,Unhealthy
2025-11-30 17:00:00,20.4,39.0,988.8,6.9,284.0,0.0,117.0,250.0,103.0,openaq_ground,182.754478398314,Unhealthy
2025-11-30 18:00:00,19.5,42.0,989.1,7.3,286.0,0.0,144.0,264.0,87.2,openaq_ground,196.695468914647,Unhealthy
2025-11-30 19:00:00,18.3,45.0,989.6,6.6,291.0,0.0,130.0,247.0,100.0,openaq_ground,189.4668071654373,Unhealthy
2025-11-30 20:00:00,17.2,47.0,989.9,5.8,296.0,0.0,99.0,212.0,94.2,openaq_ground,173.4604847207587,Unhealthy
2025-11-30 21:00:00,16.5,48.0,990.2,6.1,300.0,0.0,83.5,195.0,85.5,openaq_ground,165.45732349841938,Unhealthy
2025-11-30 22:00:00,15.7,48.0,990.2,5.9,297.0,0.0,94.8,205.0,74.1,openaq_ground,171.29188619599577,Unhealthy
2025-11-30 23:00:00,15.1,51.0,990.4,5.1,302.0,0.0,105.0,211.0,65.9,openaq_ground,176.55848261327714,Unhealthy
2025-12-01 00:00:00,13.9,51.0,990.0,5.7,316.0,0.0,98.0,202.0,59.2,openaq_ground,172.9441517386723,Unhealthy
2025-12-01 01:00:00,13.2,53.0,989.9,5.2,326.0,0.0,91.3,192.0,58.3,openaq_ground,169.48472075869336,Unhealthy
2025-12-01 02:00:00,12.6,55.0,989.6,4.2,329.0,0.0,94.0,204.0,70.4,openaq_ground,170.87881981032666,Unhealthy
2025-12-01 03:00:00,12.1,58.0,989.5,3.3,324.0,0.0,93.8,238.0,120.0,openaq_ground,170.77555321390938,Unhealthy
2025-12-01 04:00:00,11.6,60.0,989.4,3.1,347.0,0.0,91.4,228.5,102.5,openaq_ground,169.536354056902,Unhealthy
2025-12-01 05:00:00,11.0,69.0,989.9,1.6,333.0,0.0,89.0,219.0,85.0,openaq_ground,168.29715489989462,Unhealthy
2025-12-01 06:00:00,10.2,73.0,990.2,0.7,256.0,0.0,54.3,201.0,74.4,openaq_ground,147.29145728643215,Unhealthy (Sensitive Groups)
2025-12-01 07:00:00,10.0,75.0,990.8,2.1,239.0,0.0,58.0,215.0,64.4,openaq_ground,152.29083245521602,Unhealthy
2025-12-01 08:00:00,12.2,65.0,991.5,3.7,247.0,0.0,48.0,196.0,79.5,openaq_ground,131.7788944723618,Unhealthy (Sensitive Groups)
2025-12-01 09:00:00,15.2,54.0,992.5,1.8,259.0,0.0,50.8,176.0,77.7,openaq_ground,138.67336683417085,Unhealthy (Sensitive Groups)
2025-12-01 10:00:00,18.1,44.0,992.5,1.8,270.0,0.0,54.3,189.0,65.7,openaq_ground,147.29145728643215,Unhealthy (Sensitive Groups)
2025-12-01 11:00:00,21.1,34.0,992.1,2.7,278.0,0.0,37.3,166.0,67.5,openaq_ground,106.44444444444444,Unhealthy (Sensitive Groups)
2025-12-01 12:00:00,23.2,28.0,991.2,4.8,281.0,0.0,36.3,169.0,89.2,openaq_ground,107.92929292929293,Unhealthy (Sensitive Groups)
2025-12-01 13:00:00,24.1,26.0,990.1,6.0,286.0,0.0,62.3,202.0,103.0,openaq_ground,154.51106427818758,Unhealthy
2025-12-01 14:00:00,24.3,26.0,989.2,6.5,289.0,0.0,90.0,225.0,113.0,openaq_ground,168.81348788198102,Unhealthy
2025-12-01 15:00:00,24.0,27.0,988.4,6.5,289.0,0.0,142.0,247.0,124.0,openaq_ground,195.6628029504742,Unhealthy
2025-12-01 16:00:00,23.1,30.0,988.2,5.0,289.0,0.0,160.0,306.0,127.0,openaq_ground,210.4144144144144,Very Unhealthy
2025-12-01 17:00:00,20.8,40.0,987.9,2.2,305.0,0.0,147.0,326.0,109.0,openaq_ground,198.2444678609062,Unhealthy
2025-12-01 18:00:00,20.0,43.0,988.5,1.8,354.0,0.0,172.0,288.0,110.0,openaq_ground,222.3063063063063,Very Unhealthy
2025-12-01 19:00:00,18.8,47.0,989.2,2.7,42.0,0.0,206.0,347.0,97.3,openaq_ground,256.0,Very Unhealthy
2025-12-01 20:00:00,17.9,51.0,989.7,2.7,86.0,0.0,242.0,414.0,105.0,openaq_ground,291.6756756756757,Very Unhealthy
2025-12-01 21:00:00,17.1,55.0,990.0,3.5,105.0,0.0,244.0,475.0,108.0,openaq_ground,363.65822784810126,Hazardous
2025-12-01 22:00:00,16.3,58.0,990.0,4.4,125.0,0.0,159.0,475.0,106.0,openaq_ground,363.65822784810126,Hazardous
2025-12-01 23:00:00,15.9,61.0,990.2,3.8,115.0,0.0,156.0,475.0,99.6,openaq_ground,363.65822784810126,Hazardous
2025-12-02 00:00:00,14.9,65.0,989.9,3.3,99.0,0.0,176.0,475.0,96.3,openaq_ground,363.65822784810126,Hazardous
2025-12-02 01:00:00,14.1,69.0,989.7,4.2,72.0,0.0,175.0,475.0,91.4,openaq_ground,363.65822784810126,Hazardous
2025-12-02 02:00:00,13.6,70.0,989.7,5.0,64.0,0.0,145.0,475.0,79.9,openaq_ground,363.65822784810126,Hazardous
2025-12-02 03:00:00,13.4,69.0,989.5,3.1,80.0,0.0,154.0,475.0,134.0,openaq_ground,363.65822784810126,Hazardous
2025-12-02 04:00:00,13.2,69.0,989.5,3.1,90.0,0.0,206.0,475.0,146.66250000000002,openaq_ground,363.65822784810126,Hazardous
2025-12-02 05:00:00,12.8,74.0,989.4,3.1,87.0,0.0,175.0,475.0,146.66250000000002,openaq_ground,363.65822784810126,Hazardous
2025-12-02 06:00:00,12.7,72.0,989.9,4.1,119.0,0.0,172.0,475.0,144.0,openaq_ground,363.65822784810126,Hazardous
2025-12-02 07:00:00,12.9,71.0,990.6,3.6,131.0,0.0,152.0,475.0,125.0,openaq_ground,363.65822784810126,Hazardous
2025-12-02 08:00:00,15.0,61.0,991.6,3.7,129.0,0.0,168.0,475.0,126.0,openaq_ground,363.65822784810126,Hazardous
2025-12-02 09:00:00,18.0,51.0,992.2,2.2,132.0,0.0,207.0,475.0,123.0,openaq_ground,363.65822784810126,Hazardous
2025-12-02 10:00:00,20.8,43.0,992.5,2.7,160.0,0.0,148.0,234.0,102.0,openaq_ground,198.76080084299264,Unhealthy
2025-12-02 11:00:00,22.8,46.0,991.8,4.0,185.0,0.0,98.0,235.0,91.7,openaq_ground,172.9441517386723,Unhealthy
2025-12-02 12:00:00,24.2,46.0,990.8,3.5,204.0,0.0,97.3,245.0,103.0,openaq_ground,172.5827186512118,Unhealthy
2025-12-02 13:00:00,24.9,45.0,989.6,3.3,229.0,0.0,124.0,295.0,146.66250000000002,openaq_ground,186.36880927291887,Unhealthy
2025-12-02 14:00:00,25.2,42.0,988.6,4.3,248.0,0.0,169.0,375.0,141.0,openaq_ground,229.69565217391303,Very Unhealthy
2025-12-02 15:00:00,25.0,41.0,988.0,6.1,268.0,0.0,200.0,344.0,130.0,openaq_ground,250.05405405405406,Very Unhealthy
2025-12-02 16:00:00,24.2,44.0,987.9,7.5,290.0,0.0,198.0,368.0,117.0,openaq_ground,248.07207207207207,Very Unhealthy
2025-12-02 17:00:00,21.8,52.0,988.2,6.2,334.0,0.0,200.0,345.0,111.0,openaq_ground,250.05405405405406,Very Unhealthy
2025-12-02 18:00:00,20.9,51.0,989.1,6.3,342.0,0.0,170.0,300.0,90.4,openaq_ground,220.32432432432432,Very Unhealthy
2025-12-02 19:00:00,19.8,51.0,989.7,4.8,338.0,0.0,137.0,228.0,94.5,openaq_ground,193.08113804004216,Unhealthy
2025-12-02 20:00:00,18.6,55.0,990.3,4.5,337.0,0.0,105.0,222.0,95.3,openaq_ground,176.55848261327714,Unhealthy
2025-12-02 21:00:00,18.1,56.0,990.8,2.7,307.0,0.0,99.3,217.0,91.6,openaq_ground,173.6153846153846,Unhealthy
2025-12-02 22:00:00,16.7,59.0,991.1,4.5,286.0,0.0,98.7,215.0,87.4,openaq_ground,173.30558482613276,Unhealthy
2025-12-02 23:00:00,15.8,65.0,991.2,4.2,288.0,0.0,82.3,154.0,89.5,openaq_ground,164.8377239199157,Unhealthy
2025-12-03 00:00:00,14.4,67.0,990.9,4.5,293.0,0.0,81.8,189.0,77.2,openaq_ground,164.5795574288725,Unhealthy
2025-12-03 01:00:00,13.7,67.0,991.0,5.0,305.0,0.0,98.8,216.0,82.0,openaq_ground,173.35721812434141,Unhealthy
2025-12-03 02:00:00,12.8,68.0,991.2,4.4,302.0,0.0,110.0,248.0,76.9,openaq_ground,179.14014752370917,Unhealthy
2025-12-03 03:00:00,12.1,69.0,991.0,4.0,306.0,0.0,127.0,275.0,135.0,openaq_ground,187.91780821917808,Unhealthy
2025-12-03 04:00:00,11.3,71.0,991.0,4.2,313.0,0.0,134.0,341.0,99.8,openaq_ground,193.56565656565658,Unhealthy
2025-12-03 05:00:00,10.8,77.0,991.6,4.5,317.0,0.0,91.5,283.0,109.0,openaq_ground,169.58798735511064,Unhealthy
2025-12-03 06:00:00,10.3,79.0,992.3,4.3,312.0,0.0,85.5,302.0,103.0,openaq_ground,174.26262626262627,Unhealthy
2025-12-03 07:00:00,10.4,78.0,993.3,4.2,295.0,0.0,75.5,215.0,68.1,openaq_ground,161.32665964172813,Unhealthy
2025-12-03 08:00:00,12.5,69.0,994.3,5.1,280.0,0.0,10.0,185.0,57.2,openaq_ground,115.84848484848484,Unhealthy (Sensitive Groups)
2025-12-03 09:00:00,15.1,59.0,995.2,3.7,293.0,0.0,20.8,113.0,53.6,openaq_ground,79.70707070707071,Moderate
2025-12-03 10:00:00,17.9,49.0,995.5,5.0,305.0,0.0,23.5,157.0,55.2,openaq_ground,101.98989898989899,Unhealthy (Sensitive Groups)
2025-12-03 11:00:00,20.2,40.0,995.2,7.8,307.0,0.0,24.5,180.0,68.1,openaq_ground,113.37373737373737,Unhealthy (Sensitive Groups)
2025-12-03 12:00:00,21.7,34.0,994.5,8.0,312.0,0.0,26.0,142.0,96.4,openaq_ground,94.06060606060606,Moderate
2025-12-03 13:00:00,22.6,30.0,993.6,8.9,312.0,0.0,43.5,151.0,124.0,openaq_ground,120.69849246231156,Unhealthy (Sensitive Groups)
2025-12-03 14:00:00,22.9,29.0,993.1,9.7,309.0,0.0,74.0,215.0,125.0,openaq_ground,160.55216016859853,Unhealthy
2025-12-03 15:00:00,22.4,30.0,992.9,10.4,304.0,0.0,92.3,239.0,122.0,openaq_ground,170.00105374077975,Unhealthy
2025-12-03 16:00:00,21.4,34.0,992.6,9.4,299.0,0.0,100.0,244.0,118.0,openaq_ground,173.9768177028451,Unhealthy
2025-12-03 17:00:00,19.5,41.0,992.5,6.2,287.0,0.0,95.0,221.0,113.0,openaq_ground,171.39515279241306,Unhealthy
2025-12-03 18:00:00,18.8,45.0,993.2,6.4,295.0,0.0,88.0,200.0,103.0,openaq_ground,167.78082191780823,Unhealthy
2025-12-03 19:00:00,17.8,49.0,993.6,6.1,293.0,0.0,85.8,195.0,108.0,openaq_ground,166.64488935721812,Unhealthy
2025-12-03 20:00:00,16.8,52.0,994.0,6.6,292.0,0.0,80.0,191.0,102.0,openaq_ground,163.65015806111697,Unhealthy
2025-12-03 21:00:00,15.8,55.0,994.1,6.0,295.0,0.0,89.8,188.0,97.5,openaq_ground,168.71022128556376,Unhealthy
2025-12-03 22:00:00,14.9,57.0,994.1,5.7,283.0,0.0,111.0,220.0,84.5,openaq_ground,179.65648050579557,Unhealthy
2025-12-03 23:00:00,13.9,63.0,994.2,5.7,281.0,0.0,116.0,231.0,74.6,openaq_ground,182.2381454162276,Unhealthy
2025-12-04 00:00:00,12.9,66.0,994.1,6.1,293.0,0.0,125.0,247.0,71.9,openaq_ground,186.88514225500526,Unhealthy
2025-12-04 01:00:00,12.0,69.0,993.9,5.6,301.0,0.0,134.0,243.0,71.0,openaq_ground,191.53213909378292,Unhealthy
2025-12-04 02:00:00,11.5,70.0,993.7,5.9,297.0,0.0,144.0,287.0,97.8,openaq_ground,196.695468914647,Unhealthy
2025-12-04 03:00:00,11.1,71.0,993.7,6.0,299.0,0.0,142.0,323.0,115.0,openaq_ground,195.6628029504742,Unhealthy
2025-12-04 04:00:00,10.7,72.0,993.1,5.9,293.0,0.0,133.0,334.0,88.1,openaq_ground,191.01580611169652,Unhealthy
2025-12-04 05:00:00,10.1,75.0,993.4,6.6,291.0,0.0,113.86,292.0,81.97999999999999,openaq_ground,181.1331928345627,Unhealthy
2025-12-04 06:00:00,9.8,75.0,993.9,7.2,292.0,0.0,94.72,250.0,75.86,openaq_ground,171.25057955742886,Unhealthy
2025-12-04 07:00:00,9.9,74.0,994.5,7.9,291.0,0.0,75.58,208.0,69.74,openaq_ground,161.36796628029504,Unhealthy
2025-12-04 08:00:00,11.4,68.0,995.1,9.1,280.0,0.0,56.44,166.0,63.62,openaq_ground,151.4853530031612,Unhealthy
2025-12-04 09:00:00,13.8,60.0,995.9,6.7,284.0,0.0,37.3,124.0,57.5,openaq_ground,105.4321608040201,Unhealthy (Sensitive Groups)
2025-12-04 10:00:00,16.4,51.0,995.8,7.3,293.0,0.0,45.5,183.0,60.8,openaq_ground,125.62311557788945,Unhealthy (Sensitive Groups)
2025-12-04 11:00:00,19.2,44.0,995.4,9.4,299.0,0.0,48.0,194.0,73.4,openaq_ground,131.7788944723618,Unhealthy (Sensitive Groups)
2025-12-04 12:00:00,20.8,38.0,994.6,9.8,294.0,0.0,46.8,165.0,94.2,openaq_ground,128.82412060301507,Unhealthy (Sensitive Groups)
2025-12-04 13:00:00,21.6,34.0,993.8,10.5,292.0,0.0,72.8,170.0,104.0,openaq_ground,159.93256059009482,Unhealthy
2025-12-04 14:00:00,21.9,32.0,993.1,10.5,292.0,0.0,114.0,272.0,116.0,openaq_ground,181.2054794520548,Unhealthy
2025-12-04 15:00:00,21.5,33.0,992.6,10.4,293.0,0.0,134.0,293.0,121.0,openaq_ground,191.53213909378292,Unhealthy
2025-12-04 16:00:00,20.6,36.0,992.4,10.0,296.0,0.0,142.0,297.0,105.0,openaq_ground,195.6628029504742,Unhealthy
2025-12-04 17:00:00,18.3,44.0,992.7,5.1,288.0,0.0,147.0,251.0,99.0,openaq_ground,198.2444678609062,Unhealthy
2025-12-04 18:00:00,17.5,47.0,993.0,4.9,278.0,0.0,157.0,283.0,95.7,openaq_ground,207.44144144144144,Very Unhealthy
2025-12-04 19:00:00,16.6,51.0,993.6,5.2,272.0,0.0,152.0,289.0,104.0,openaq_ground,202.48648648648648,Very Unhealthy
2025-12-04 20:00:00,15.7,54.0,994.0,5.9,268.0,0.0,124.0,259.0,98.1,openaq_ground,186.36880927291887,Unhealthy
2025-12-04 21:00:00,14.8,56.0,994.5,5.4,274.0,0.0,102.0,196.0,85.8,openaq_ground,175.00948366701792,Unhealthy
2025-12-04 22:00:00,14.0,58.0,994.5,5.5,287.0,0.0,109.0,224.0,77.9,openaq_ground,178.62381454162275,Unhealthy
2025-12-04 23:00:00,13.5,62.0,994.8,4.0,297.0,0.0,104.0,217.0,78.4,openaq_ground,176.04214963119074,Unhealthy
2025-12-05 00:00:00,12.3,65.0,994.6,4.6,296.0,0.0,91.5,217.0,71.4,openaq_ground,169.58798735511064,Unhealthy
2025-12-05 01:00:00,11.5,67.0,994.6,4.9,287.0,0.0,83.3,168.0,62.9,openaq_ground,165.3540569020021,Unhealthy
2025-12-05 02:00:00,10.9,68.0,994.3,4.8,281.0,0.0,102.0,230.0,73.3,openaq_ground,175.00948366701792,Unhealthy
2025-12-05 03:00:00,10.2,70.0,994.3,4.3,270.0,0.0,122.0,309.0,146.66250000000002,openaq_ground,185.33614330874605,Unhealthy
2025-12-05 04:00:00,9.5,74.0,994.2,4.7,272.0,0.0,143.0,367.0,136.0,openaq_ground,218.2173913043478,Very Unhealthy
2025-12-05 05:00:00,8.9,80.0,994.5,4.9,274.0,0.0,115.0,292.0,98.3,openaq_ground,181.7218124341412,Unhealthy
2025-12-05 06:00:00,8.6,81.0,995.0,4.5,265.0,0.0,89.7,298.0,54.8,openaq_ground,172.2828282828283,Unhealthy
2025-12-05 07:00:00,8.7,80.0,995.7,4.7,263.0,0.0,84.0,282.0,63.5,openaq_ground,165.71548998946258,Unhealthy
2025-12-05 08:00:00,10.5,71.0,996.4,5.2,268.0,0.0,92.8,259.0,61.1,openaq_ground,170.25922023182298,Unhealthy
2025-12-05 09:00:00,13.7,59.0,997.4,3.6,273.0,0.0,73.0,215.0,61.3,openaq_ground,160.0358271865121,Unhealthy
2025-12-05 10:00:00,16.8,47.0,997.9,3.9,283.0,0.0,69.3,213.0,58.8,openaq_ground,158.1253951527924,Unhealthy
2025-12-05 11:00:00,19.3,38.0,997.6,4.9,294.0,0.0,67.8,193.0,64.5,openaq_ground,157.3508956796628,Unhealthy
2025-12-05 12:00:00,20.8,31.0,997.0,5.2,297.0,0.0,67.0,185.0,87.9,openaq_ground,156.93782929399367,Unhealthy
2025-12-05 13:00:00,21.5,29.0,996.0,5.4,296.0,0.0,70.3,209.0,99.6,openaq_ground,158.64172813487883,Unhealthy
2025-12-05 14:00:00,21.8,31.0,995.3,5.6,299.0,0.0,106.0,244.0,93.9,openaq_ground,177.07481559536353,Unhealthy
2025-12-05 15:00:00,21.7,33.0,995.0,6.5,298.0,0.0,165.0,321.0,94.3,openaq_ground,215.36936936936937,Very Unhealthy
2025-12-05 16:00:00,20.8,37.0,994.7,7.5,291.0,0.0,195.0,351.0,96.4,openaq_ground,245.0990990990991,Very Unhealthy
2025-12-05 17:00:00,19.0,44.0,994.7,6.8,282.0,0.0,206.0,351.0,93.2,openaq_ground,256.0,Very Unhealthy
2025-12-05 18:00:00,18.2,48.0,994.7,5.2,282.0,0.0,207.0,352.0,80.3,openaq_ground,256.990990990991,Very Unhealthy
2025-12-05 19:00:00,17.3,51.0,995.1,5.7,281.0,0.0,202.0,344.0,71.1,openaq_ground,252.03603603603602,Very Unhealthy
2025-12-05 20:00:00,16.2,56.0,995.3,5.6,285.0,0.0,176.0,305.0,67.4,openaq_ground,226.27027027027026,Very Unhealthy
2025-12-05 21:00:00,15.1,60.0,995.5,5.3,282.0,0.0,154.0,272.0,63.8,openaq_ground,204.46846846846847,Very Unhealthy
2025-12-05 22:00:00,14.4,62.0,995.4,5.6,277.0,0.0,152.0,270.0,59.4,openaq_ground,202.48648648648648,Very Unhealthy
2025-12-05 23:00:00,13.5,67.0,995.4,5.8,277.0,0.0,153.0,263.0,62.5,openaq_ground,203.47747747747746,Very Unhealthy
2025-12-06 00:00:00,12.9,66.0,995.2,5.9,284.0,0.0,134.0,255.0,64.1,openaq_ground,191.53213909378292,Unhealthy
2025-12-06 01:00:00,12.3,67.0,995.0,6.4,278.0,0.0,119.0,256.0,65.3,openaq_ground,183.78714436248683,Unhealthy
2025-12-06 02:00:00,11.8,68.0,994.7,7.0,270.0,0.0,110.0,259.0,69.8,openaq_ground,179.14014752370917,Unhealthy
2025-12-06 03:00:00,11.3,69.0,994.7,7.6,278.0,0.0,116.0,275.0,72.1,openaq_ground,182.2381454162276,Unhealthy
2025-12-06 04:00:00,10.9,70.0,994.0,8.1,291.0,0.0,137.0,295.0,72.2,openaq_ground,193.08113804004216,Unhealthy
2025-12-06 05:00:00,10.5,75.0,994.0,9.1,297.0,0.0,117.0,265.0,61.6,openaq_ground,182.754478398314,Unhealthy
2025-12-06 06:00:00,10.2,76.0,994.3,9.3,297.0,0.0,95.3,240.0,54.1,openaq_ground,171.550052687039,Unhealthy
2025-12-06 07:00:00,10.4,74.0,994.6,10.4,290.0,0.0,81.8,302.0,50.5,openaq_ground,174.26262626262627,Unhealthy
2025-12-06 08:00:00,11.9,68.0,995.2,11.5,284.0,0.0,64.8,260.0,51.4,openaq_ground,155.8018967334036,Unhealthy
2025-12-06 09:00:00,14.2,58.0,995.8,9.3,285.0,0.0,32.8,172.0,51.0,openaq_ground,109.41414141414141,Unhealthy (Sensitive Groups)
2025-12-06 10:00:00,16.8,49.0,995.6,9.3,292.0,0.0,33.8,182.0,54.5,openaq_ground,114.36363636363636,Unhealthy (Sensitive Groups)
2025-12-06 11:00:00,19.7,42.0,995.3,10.2,284.0,0.0,52.0,220.0,62.0,openaq_ground,141.6281407035176,Unhealthy (Sensitive Groups)
2025-12-06 12:00:00,21.9,35.0,994.5,10.2,283.0,0.0,62.8,182.0,68.0,openaq_ground,154.76923076923077,Unhealthy
2025-12-06 13:00:00,23.1,32.0,993.7,11.4,286.0,0.0,67.8,169.0,75.9,openaq_ground,157.3508956796628,Unhealthy
2025-12-06 14:00:00,23.6,32.0,993.2,11.9,281.0,0.0,108.0,257.0,85.6,openaq_ground,178.10748155953635,Unhealthy
2025-12-06 15:00:00,23.1,34.0,993.2,12.9,277.0,0.0,155.0,332.0,97.2,openaq_ground,205.45945945945945,Very Unhealthy
2025-12-06 16:00:00,22.1,36.0,992.9,10.9,279.0,0.0,166.0,329.0,92.3,openaq_ground,216.36036036036035,Very Unhealthy
2025-12-06 17:00:00,20.2,42.0,992.7,9.6,275.0,0.0,147.0,235.0,82.6,openaq_ground,198.2444678609062,Unhealthy
2025-12-06 18:00:00,19.4,42.0,993.1,10.2,283.0,0.0,100.0,226.0,73.3,openaq_ground,173.9768177028451,Unhealthy
2025-12-06 19:00:00,18.3,43.0,993.7,9.4,282.0,0.0,87.5,219.0,76.5,openaq_ground,167.52265542676503,Unhealthy
2025-12-06 20:00:00,17.6,44.0,993.9,8.9,278.0,0.0,86.5,217.0,71.4,openaq_ground,167.0063224446786,Unhealthy
2025-12-06 21:00:00,16.5,47.0,994.1,8.7,278.0,0.0,87.5,160.0,61.0,openaq_ground,167.52265542676503,Unhealthy
2025-12-06 22:00:00,15.9,50.0,994.2,8.8,281.0,0.0,88.5,213.0,54.8,openaq_ground,168.03898840885142,Unhealthy
2025-12-06 23:00:00,15.1,54.0,994.0,8.5,283.0,0.0,96.8,230.0,55.8,openaq_ground,172.3245521601686,Unhealthy
2025-12-07 00:00:00,14.5,57.0,994.0,8.3,283.0,0.0,107.0,243.0,60.2,openaq_ground,177.59114857744996,Unhealthy
2025-12-07 01:00:00,13.8,60.0,993.7,7.9,286.0,0.0,129.0,214.0,60.3,openaq_ground,188.9504741833509,Unhealthy
2025-12-07 02:00:00,13.2,63.0,993.6,8.0,290.0,0.0,121.0,256.0,60.9,openaq_ground,184.81981032665965,Unhealthy
2025-12-07 03:00:00,12.7,65.0,993.6,9.0,286.0,0.0,121.0,284.0,60.0,openaq_ground,184.81981032665965,Unhealthy
2025-12-07 04:00:00,12.3,67.0,993.2,9.4,283.0,0.0,117.0,297.0,61.4,openaq_ground,182.754478398314,Unhealthy
2025-12-07 05:00:00,11.4,73.0,993.2,9.7,281.0,0.0,106.0,237.0,62.5,openaq_ground,177.07481559536353,Unhealthy
2025-12-07 06:00:00,10.8,76.0,993.6,9.0,280.0,0.0,110.0,290.0,59.0,openaq_ground,179.14014752370917,Unhealthy
2025-12-07 07:00:00,10.7,76.0,994.5,9.3,280.0,0.0,107.0,309.0,57.1,openaq_ground,177.72727272727272,Unhealthy
2025-12-07 08:00:00,12.1,70.0,995.1,10.4,271.0,0.0,86.3,250.0,56.4,openaq_ground,166.90305584826132,Unhealthy
2025-12-07 09:00:00,14.6,61.0,995.7,7.5,280.0,0.0,64.0,194.0,57.4,openaq_ground,155.38883034773446,Unhealthy
2025-12-07 10:00:00,17.4,52.0,996.0,7.9,283.0,0.0,64.0,200.0,55.2,openaq_ground,155.38883034773446,Unhealthy
2025-12-07 11:00:00,20.3,44.0,995.4,8.8,285.0,0.0,55.5,221.0,62.2,openaq_ground,151.0,Unhealthy
2025-12-07 12:00:00,22.4,39.0,994.5,9.0,290.0,0.0,60.0,189.0,80.3,openaq_ground,153.32349841938884,Unhealthy
2025-12-07 13:00:00,23.7,35.0,993.4,9.3,289.0,0.0,80.3,200.0,91.2,openaq_ground,163.80505795574288,Unhealthy
2025-12-07 14:00:00,24.1,35.0,992.4,9.6,287.0,0.0,129.0,296.0,92.3,openaq_ground,188.9504741833509,Unhealthy
2025-12-07 15:00:00,23.7,38.0,992.0,9.9,286.0,0.0,182.0,358.0,93.7,openaq_ground,232.21621621621622,Very Unhealthy
2025-12-07 16:00:00,22.7,41.0,991.9,9.7,286.0,0.0,195.0,366.0,89.0,openaq_ground,245.0990990990991,Very Unhealthy
2025-12-07 17:00:00,20.8,49.0,991.9,7.0,283.0,0.0,158.0,252.0,78.6,openaq_ground,208.43243243243242,Very Unhealthy
2025-12-07 18:00:00,20.3,52.0,992.3,8.1,287.0,0.0,136.0,252.0,69.0,openaq_ground,192.56480505795574,Unhealthy
2025-12-07 19:00:00,19.3,55.0,992.9,8.6,281.0,0.0,123.0,251.0,68.0,openaq_ground,185.85247629083244,Unhealthy
2025-12-07 20:00:00,18.3,58.0,993.4,8.2,279.0,0.0,104.0,255.0,66.9,openaq_ground,176.04214963119074,Unhealthy
2025-12-07 21:00:00,17.4,60.0,993.6,7.6,274.0,0.0,108.0,190.0,61.1,openaq_ground,178.10748155953635,Unhealthy
2025-12-07 22:00:00,16.6,61.0,993.7,7.4,274.0,0.0,117.0,230.0,55.0,openaq_ground,182.754478398314,Unhealthy
2025-12-07 23:00:00,15.9,63.0,993.4,7.9,283.0,0.0,127.0,251.0,54.0,openaq_ground,187.91780821917808,Unhealthy
2025-12-08 00:00:00,15.2,64.0,993.2,8.0,297.0,0.0,123.0,258.0,53.7,openaq_ground,185.85247629083244,Unhealthy
2025-12-08 01:00:00,15.0,63.0,992.7,8.5,298.0,0.0,120.0,203.0,57.9,openaq_ground,184.30347734457325,Unhealthy
2025-12-08 02:00:00,14.6,62.0,992.6,8.4,293.0,0.0,127.0,256.0,76.3,openaq_ground,187.91780821917808,Unhealthy
2025-12-08 03:00:00,14.2,63.0,992.4,8.5,291.0,0.0,149.0,328.0,80.4,openaq_ground,199.27713382507903,Unhealthy
2025-12-08 04:00:00,13.7,65.0,992.2,8.7,288.0,0.0,133.0,341.0,76.8,openaq_ground,193.56565656565658,Unhealthy
2025-12-08 05:00:00,12.8,69.0,992.4,9.4,283.0,0.0,109.0,267.0,76.9,openaq_ground,178.62381454162275,Unhealthy
2025-12-08 06:00:00,12.2,72.0,993.2,9.3,286.0,0.0,88.7,286.0,64.7,openaq_ground,168.1422550052687,Unhealthy
2025-12-08 07:00:00,12.1,73.0,993.9,9.8,287.0,0.0,66.3,211.0,54.5,openaq_ground,156.5763962065332,Unhealthy
2025-12-08 08:00:00,13.5,67.0,994.8,10.8,281.0,0.0,54.0,241.0,48.1,openaq_ground,146.55276381909547,Unhealthy (Sensitive Groups)
2025-12-08 09:00:00,15.8,59.0,995.5,8.5,282.0,0.0,51.0,143.0,49.9,openaq_ground,139.16582914572865,Unhealthy (Sensitive Groups)
2025-12-08 10:00:00,18.6,49.0,996.0,8.6,290.0,0.0,35.25,101.0,52.2,openaq_ground,99.68454935622319,Moderate
2025-12-08 11:00:00,21.5,41.0,995.5,9.0,285.0,0.0,19.5,175.0,62.4,openaq_ground,110.8989898989899,Unhealthy (Sensitive Groups)
2025-12-08 12:00:00,23.6,36.0,994.6,9.5,291.0,0.0,35.8,197.0,68.6,openaq_ground,121.78787878787878,Unhealthy (Sensitive Groups)
2025-12-08 13:00:00,24.9,32.0,993.6,10.2,293.0,0.0,51.5,194.0,82.9,openaq_ground,140.39698492462313,Unhealthy (Sensitive Groups)
2025-12-08 14:00:00,25.2,31.0,992.8,11.7,297.0,0.0,119.0,273.0,102.0,openaq_ground,183.78714436248683,Unhealthy
2025-12-08 15:00:00,24.7,32.0,992.7,12.6,298.0,0.0,153.0,344.0,104.0,openaq_ground,203.47747747747746,Very Unhealthy
2025-12-08 16:00:00,23.7,35.0,992.6,11.1,297.0,0.0,158.0,364.0,111.0,openaq_ground,213.91304347826087,Very Unhealthy
2025-12-08 17:00:00,21.8,42.0,992.6,8.4,286.0,0.0,173.0,361.0,104.0,openaq_ground,223.2972972972973,Very Unhealthy
2025-12-08 18:00:00,20.7,47.0,993.2,9.4,287.0,0.0,139.0,237.0,76.0,openaq_ground,194.11380400421496,Unhealthy
2025-12-08 19:00:00,19.5,50.0,993.3,9.0,282.0,0.0,125.0,238.0,70.3,openaq_ground,186.88514225500526,Unhealthy
2025-12-08 20:00:00,18.6,51.0,993.2,8.7,276.0,0.0,108.0,248.0,69.0,openaq_ground,178.10748155953635,Unhealthy
2025-12-08 21:00:00,17.7,52.0,993.3,9.7,280.0,0.0,95.3,220.0,71.1,openaq_ground,171.550052687039,Unhealthy
2025-12-08 22:00:00,16.8,53.0,993.3,9.6,286.0,0.0,85.5,159.0,63.8,openaq_ground,166.4899894625922,Unhealthy
2025-12-08 23:00:00,15.9,56.0,993.5,9.7,285.0,0.0,88.8,192.0,63.2,openaq_ground,168.19388830347734,Unhealthy
2025-12-09 00:00:00,15.0,58.0,993.1,9.5,281.0,0.0,85.0,208.0,66.0,openaq_ground,166.231822971549,Unhealthy
2025-12-09 01:00:00,14.3,60.0,992.9,9.8,278.0,0.0,84.8,218.0,69.1,openaq_ground,166.12855637513172,Unhealthy
2025-12-09 02:00:00,13.7,63.0,992.6,10.1,276.0,0.0,90.5,198.0,82.2,openaq_ground,169.07165437302424,Unhealthy
2025-12-09 03:00:00,13.2,65.0,992.3,10.3,276.0,0.0,110.0,296.0,76.2,openaq_ground,179.14014752370917,Unhealthy
2025-12-09 04:00:00,12.8,67.0,991.9,10.5,275.0,0.0,107.0,321.0,66.0,openaq_ground,183.66666666666669,Unhealthy
2025-12-09 05:00:00,12.1,71.0,991.9,10.8,274.0,0.0,95.0,303.0,67.1,openaq_ground,174.75757575757575,Unhealthy
2025-12-09 06:00:00,11.7,72.0,992.5,10.4,272.0,0.0,69.3,237.0,59.4,openaq_ground,158.1253951527924,Unhealthy
2025-12-09 07:00:00,11.6,73.0,993.0,11.2,270.0,0.0,52.5,222.0,53.0,openaq_ground,142.85929648241205,Unhealthy (Sensitive Groups)
2025-12-09 08:00:00,12.8,68.0,993.8,12.7,263.0,0.0,43.5,234.0,51.2,openaq_ground,140.1010101010101,Unhealthy (Sensitive Groups)
2025-12-09 09:00:00,15.1,60.0,994.8,9.3,279.0,0.0,39.0,148.0,49.3,openaq_ground,109.61809045226131,Unhealthy (Sensitive Groups)
2025-12-09 10:00:00,17.9,51.0,995.1,8.9,288.0,0.0,29.5,114.0,53.8,openaq_ground,87.5922746781116,Moderate
2025-12-09 11:00:00,20.8,44.0,994.7,9.4,288.0,0.0,20.0,146.0,59.8,openaq_ground,96.04040404040404,Moderate
2025-12-09 12:00:00,22.9,38.0,994.0,10.7,295.0,0.0,23.3,180.0,70.9,openaq_ground,113.37373737373737,Unhealthy (Sensitive Groups)
2025-12-09 13:00:00,24.1,33.0,993.1,11.5,297.0,0.0,39.0,176.0,89.2,openaq_ground,111.39393939393939,Unhealthy (Sensitive Groups)
2025-12-09 14:00:00,24.5,31.0,992.3,11.7,297.0,0.0,77.3,207.0,97.0,openaq_ground,162.25605900948366,Unhealthy
2025-12-09 15:00:00,24.1,34.0,992.2,11.8,295.0,0.0,116.0,278.0,91.2,openaq_ground,182.2381454162276,Unhealthy
2025-12-09 16:00:00,23.1,38.0,992.3,11.0,293.0,0.0,126.0,293.0,83.2,openaq_ground,187.4014752370917,Unhealthy
2025-12-09 17:00:00,21.0,46.0,992.1,7.9,281.0,0.0,128.0,298.0,77.8,openaq_ground,188.43414120126448,Unhealthy
2025-12-09 18:00:00,20.3,49.0,992.7,8.3,283.0,0.0,112.0,223.0,72.0,openaq_ground,180.17281348788197,Unhealthy
2025-12-09 19:00:00,19.4,51.0,992.9,8.0,279.0,0.0,99.0,234.0,68.8,openaq_ground,173.4604847207587,Unhealthy
2025-12-09 20:00:00,18.7,52.0,993.0,8.3,283.0,0.0,89.8,232.0,66.4,openaq_ground,168.71022128556376,Unhealthy
2025-12-09 21:00:00,18.2,53.0,992.9,8.5,282.0,0.0,68.0,216.0,61.1,openaq_ground,157.4541622760801,Unhealthy
2025-12-09 22:00:00,17.5,55.0,992.8,8.9,284.0,0.0,44.0,114.0,59.0,openaq_ground,121.92964824120602,Unhealthy (Sensitive Groups)
2025-12-09 23:00:00,16.5,58.0,993.1,9.2,287.0,0.0,57.0,166.0,56.4,openaq_ground,151.77449947312962,Unhealthy
2025-12-10 00:00:00,15.3,62.0,992.7,9.3,288.0,0.0,81.8,213.0,66.4,openaq_ground,164.5795574288725,Unhealthy
2025-12-10 01:00:00,14.7,64.0,992.5,9.7,288.0,0.0,72.0,198.0,67.4,openaq_ground,159.5194942044257,Unhealthy
2025-12-10 02:00:00,14.2,66.0,992.2,9.5,291.0,0.0,64.5,153.0,80.1,openaq_ground,155.64699683877765,Unhealthy
2025-12-10 03:00:00,13.6,68.0,991.9,9.2,290.0,0.0,73.0,241.0,84.8,openaq_ground,160.0358271865121,Unhealthy
2025-12-10 04:00:00,13.2,70.0,991.5,9.4,287.0,0.0,81.0,280.0,72.8,openaq_ground,164.16649104320337,Unhealthy
2025-12-10 05:00:00,12.6,71.0,991.6,9.4,281.0,0.0,69.625,260.0,66.15,openaq_ground,158.2932033719705,Unhealthy
2025-12-10 06:00:00,12.1,73.0,992.0,9.4,273.0,0.0,58.25,240.0,59.5,openaq_ground,152.41991570073762,Unhealthy
2025-12-10 07:00:00,11.8,75.0,992.9,9.7,273.0,0.0,46.875,220.0,52.85,openaq_ground,133.17171717171718,Unhealthy (Sensitive Groups)
2025-12-10 08:00:00,13.0,70.0,993.7,10.3,274.0,0.0,35.5,200.0,46.2,openaq_ground,123.27272727272728,Unhealthy (Sensitive Groups)
2025-12-10 09:00:00,15.2,61.0,994.6,6.5,283.0,0.0,44.0,152.0,50.6,openaq_ground,121.92964824120602,Unhealthy (Sensitive Groups)
2025-12-10 10:00:00,17.9,52.0,994.7,5.9,282.0,0.0,30.0,119.0,54.4,openaq_ground,88.64377682403435,Moderate
2025-12-10 11:00:00,20.7,44.0,994.3,5.6,285.0,0.0,16.0,116.0,60.0,openaq_ground,81.1919191919192,Moderate
2025-12-10 12:00:00,22.7,38.0,993.7,7.1,291.0,0.0,24.0,168.0,87.0,openaq_ground,107.43434343434343,Unhealthy (Sensitive Groups)
2025-12-10 13:00:00,23.7,36.0,992.8,7.6,289.0,0.0,49.3,192.0,97.8,openaq_ground,134.97989949748742,Unhealthy (Sensitive Groups)
2025-12-10 14:00:00,24.1,35.0,992.3,8.9,291.0,0.0,64.5,190.0,100.0,openaq_ground,155.64699683877765,Unhealthy
2025-12-10 15:00:00,23.7,38.0,992.3,9.6,291.0,0.0,110.0,275.0,101.0,openaq_ground,179.14014752370917,Unhealthy
2025-12-10 16:00:00,22.8,43.0,992.1,8.2,284.0,0.0,139.0,311.0,96.9,openaq_ground,194.11380400421496,Unhealthy
2025-12-10 17:00:00,20.4,54.0,991.8,5.1,280.0,0.0,134.0,315.0,96.0,openaq_ground,191.53213909378292,Unhealthy
2025-12-10 18:00:00,20.3,53.0,992.4,5.7,283.0,0.0,160.0,286.0,82.2,openaq_ground,210.4144144144144,Very Unhealthy
2025-12-10 19:00:00,19.4,55.0,992.7,5.5,289.0,0.0,179.0,325.0,80.3,openaq_ground,229.24324324324323,Very Unhealthy
2025-12-10 20:00:00,18.4,58.0,993.0,5.2,297.0,0.0,201.0,360.0,77.1,openaq_ground,251.04504504504504,Very Unhealthy
2025-12-10 21:00:00,17.6,60.0,993.2,5.0,296.0,0.0,153.0,302.0,71.9,openaq_ground,203.47747747747746,Very Unhealthy
2025-12-10 22:00:00,17.0,61.0,993.0,5.4,300.0,0.0,90.5,172.0,64.6,openaq_ground,169.07165437302424,Unhealthy
2025-12-10 23:00:00,16.6,61.0,993.3,5.5,319.0,0.0,75.8,158.0,54.5,openaq_ground,161.48155953635404,Unhealthy
2025-12-11 00:00:00,15.2,64.0,992.9,6.0,307.0,0.0,74.3,186.0,54.7,openaq_ground,160.70706006322445,Unhealthy
2025-12-11 01:00:00,14.2,68.0,992.3,5.4,312.0,0.0,79.5,206.0,58.4,openaq_ground,163.39199157007377,Unhealthy
2025-12-11 02:00:00,13.2,73.0,992.2,5.0,300.0,0.0,83.75,225.5,81.2,openaq_ground,165.58640674394098,Unhealthy
2025-12-11 03:00:00,12.4,76.0,991.6,4.5,277.0,0.0,88.0,245.0,104.0,openaq_ground,167.78082191780823,Unhealthy
2025-12-11 04:00:00,12.1,78.0,991.3,5.1,262.0,0.0,121.0,309.0,106.0,openaq_ground,184.81981032665965,Unhealthy
2025-12-11 05:00:00,11.1,85.0,991.4,6.8,253.0,0.0,103.0,306.0,74.3,openaq_ground,176.24242424242425,Unhealthy
2025-12-11 06:00:00,10.8,86.0,991.7,6.4,252.0,0.0,61.3,203.0,58.7,openaq_ground,153.99473129610115,Unhealthy
2025-12-11 07:00:00,10.8,85.0,992.1,6.7,254.0,0.0,62.3,203.0,54.4,openaq_ground,154.51106427818758,Unhealthy
2025-12-11 08:00:00,12.4,76.0,992.9,6.9,265.0,0.0,76.0,238.0,54.0,openaq_ground,161.58482613277133,Unhealthy
2025-12-11 09:00:00,15.2,64.0,993.6,3.3,283.0,0.0,90.0,201.0,55.3,openaq_ground,168.81348788198102,Unhealthy
2025-12-11 10:00:00,18.3,52.0,993.9,3.7,284.0,0.0,3.0,137.0,54.6,openaq_ground,91.58585858585859,Moderate
2025-12-11 11:00:00,21.5,44.0,993.1,4.9,280.0,0.0,8.0,104.0,62.5,openaq_ground,75.25252525252526,Moderate
2025-12-11 12:00:00,23.5,37.0,992.3,7.1,286.0,0.0,34.3,184.0,82.2,openaq_ground,115.35353535353535,Unhealthy (Sensitive Groups)
2025-12-11 13:00:00,24.4,34.0,991.6,9.2,287.0,0.0,59.5,203.0,104.0,openaq_ground,153.0653319283456,Unhealthy
2025-12-11 14:00:00,24.7,33.0,990.8,10.4,287.0,0.0,68.5,198.0,103.0,openaq_ground,157.7123287671233,Unhealthy
2025-12-11 15:00:00,24.3,34.0,990.3,10.0,290.0,0.0,100.0,228.0,92.1,openaq_ground,173.9768177028451,Unhealthy
2025-12-11 16:00:00,23.4,38.0,990.2,8.0,288.0,0.0,148.0,316.0,92.6,openaq_ground,198.76080084299264,Unhealthy
2025-12-11 17:00:00,20.7,52.0,990.1,4.9,270.0,0.0,196.0,406.0,103.0,openaq_ground,274.17391304347825,Very Unhealthy
2025-12-11 18:00:00,20.0,55.0,990.6,4.4,263.0,0.0,243.0,407.0,98.5,openaq_ground,292.6666666666667,Very Unhealthy
2025-12-11 19:00:00,19.1,59.0,991.0,4.4,263.0,0.0,244.0,404.0,92.4,openaq_ground,293.65765765765764,Very Unhealthy
2025-12-11 20:00:00,18.2,62.0,991.3,4.5,272.0,0.0,229.0,406.0,94.3,openaq_ground,278.7927927927928,Very Unhealthy
2025-12-11 21:00:00,17.5,64.0,991.2,3.8,287.0,0.0,252.0,459.0,93.5,openaq_ground,343.6075949367089,Hazardous
2025-12-11 22:00:00,17.1,65.0,991.0,3.0,303.0,0.0,283.0,426.0,87.5,openaq_ground,333.2072072072072,Hazardous
2025-12-11 23:00:00,16.9,66.0,991.1,1.5,300.0,0.0,284.0,414.0,74.9,openaq_ground,334.1981981981982,Hazardous
2025-12-12 00:00:00,15.4,71.0,990.6,2.7,270.0,0.0,226.0,370.0,65.0,openaq_ground,275.8198198198198,Very Unhealthy
2025-12-12 01:00:00,14.0,77.0,990.4,4.7,274.0,0.0,145.0,283.0,58.2,openaq_ground,197.2118018967334,Unhealthy
2025-12-12 02:00:00,13.2,80.0,990.4,5.2,282.0,0.0,111.0,208.0,66.1,openaq_ground,179.65648050579557,Unhealthy
2025-12-12 03:00:00,12.4,83.0,990.0,4.8,281.0,0.0,120.0,255.0,106.0,openaq_ground,184.30347734457325,Unhealthy
2025-12-12 04:00:00,11.8,85.0,989.6,4.5,272.0,0.0,157.0,337.0,111.0,openaq_ground,207.44144144144144,Very Unhealthy
2025-12-12 05:00:00,11.2,88.0,989.9,5.6,272.0,0.0,144.0,346.0,88.2,openaq_ground,196.695468914647,Unhealthy
2025-12-12 06:00:00,10.5,90.0,990.2,4.4,263.0,0.0,101.0,345.93351548269584,60.9,openaq_ground,196.0074975621424,Unhealthy
2025-12-12 07:00:00,10.4,90.0,990.6,4.2,252.0,0.0,89.3,345.8670309653916,55.3,openaq_ground,195.9745910838807,Unhealthy
2025-12-12 08:00:00,12.2,82.0,991.4,5.1,260.0,0.0,97.8,345.80054644808746,57.7,openaq_ground,195.94168460561906,Unhealthy
2025-12-12 09:00:00,15.3,69.0,992.5,3.4,267.0,0.0,105.0,345.73406193078324,62.6,openaq_ground,195.90877812735738,Unhealthy
2025-12-12 10:00:00,18.4,56.0,992.8,2.9,274.0,0.0,74.5,345.6675774134791,62.3,openaq_ground,195.8758716490957,Unhealthy
2025-12-12 11:00:00,21.0,47.0,992.4,3.1,273.0,0.0,77.0,345.60109289617486,78.6,openaq_ground,195.84296517083402,Unhealthy
2025-12-12 12:00:00,22.9,40.0,991.6,3.4,302.0,0.0,77.08241758241758,,78.57912087912088,openaq_ground,162.14371403096376,Unhealthy
2025-12-12 13:00:00,23.9,35.0,991.1,3.3,319.0,0.0,77.16483516483517,,78.55824175824175,openaq_ground,162.18626894706978,Unhealthy
2025-12-12 14:00:00,24.4,32.0,990.3,3.6,323.0,0.0,77.24725274725274,,78.53736263736263,openaq_ground,162.22882386317582,Unhealthy
2025-12-12 15:00:00,24.3,31.0,990.2,3.8,311.0,0.0,77.32967032967034,,78.5164835164835,openaq_ground,162.27137877928183,Unhealthy
2025-12-12 16:00:00,23.5,34.0,990.1,4.0,278.0,0.0,77.41208791208791,,78.49560439560439,openaq_ground,162.31393369538785,Unhealthy
2025-12-12 17:00:00,21.0,48.0,990.0,3.3,276.0,0.0,77.49450549450549,,78.47472527472527,openaq_ground,162.3564886114939,Unhealthy
2026-01-26 23:00:00,12.9,77.0,994.3,1.0,121.0,0.0,167.0,273.0,55.8,openaq_ground,217.35135135135135,Very Unhealthy
2026-01-27 00:00:00,12.2,80.0,993.9,4.1,90.0,0.0,179.0,305.0,69.4,openaq_ground,229.24324324324323,Very Unhealthy
2026-01-27 01:00:00,11.6,83.0,993.6,3.9,112.0,0.0,181.0,293.0,45.3,openaq_ground,231.22522522522522,Very Unhealthy
2026-01-27 02:00:00,11.1,86.0,993.2,5.7,101.0,0.0,145.0,268.0,51.1,openaq_ground,197.2118018967334,Unhealthy
2026-01-27 03:00:00,11.3,83.0,992.8,7.1,106.0,0.0,158.0,339.0,99.0,openaq_ground,208.43243243243242,Very Unhealthy
2026-01-27 04:00:00,11.4,81.0,992.0,8.1,125.0,0.0,144.0,354.0,112.0,openaq_ground,200.0,Unhealthy
2026-01-27 05:00:00,11.2,81.0,992.2,7.8,134.0,0.0,118.0,300.0,97.4,openaq_ground,183.27081138040043,Unhealthy
2026-01-27 06:00:00,11.4,79.0,992.5,8.0,132.0,0.0,110.0,266.0,106.0,openaq_ground,179.14014752370917,Unhealthy
2026-01-27 07:00:00,11.5,80.0,992.7,7.9,123.0,0.0,115.0,230.0,110.0,openaq_ground,181.7218124341412,Unhealthy
2026-01-27 08:00:00,12.7,79.0,993.2,8.8,107.0,0.0,147.0,263.0,98.9,openaq_ground,198.2444678609062,Unhealthy
2026-01-27 09:00:00,13.9,75.0,993.8,2.5,82.0,0.8,129.0,238.0,91.6,openaq_ground,188.9504741833509,Unhealthy
2026-01-27 10:00:00,14.7,77.0,995.5,5.3,35.0,9.5,107.0,218.0,81.3,openaq_ground,177.59114857744996,Unhealthy
2026-01-27 11:00:00,15.9,77.0,994.7,8.3,129.0,0.0,81.8,177.0,76.8,openaq_ground,164.5795574288725,Unhealthy
2026-01-27 12:00:00,18.1,73.0,993.5,10.5,119.0,0.1,109.0,201.0,80.1,openaq_ground,178.62381454162275,Unhealthy
2026-01-27 13:00:00,19.3,72.0,992.5,14.4,134.0,0.0,92.3,190.0,78.4,openaq_ground,170.00105374077975,Unhealthy
2026-01-27 14:00:00,19.7,72.0,991.3,13.2,133.0,0.0,38.0,148.0,78.4,openaq_ground,107.15577889447236,Unhealthy (Sensitive Groups)
2026-01-27 15:00:00,19.2,75.0,991.0,10.6,136.0,0.2,46.5,129.0,72.8,openaq_ground,128.0854271356784,Unhealthy (Sensitive Groups)
2026-01-27 16:00:00,18.8,78.0,990.3,16.2,140.0,0.0,81.0,162.0,66.3,openaq_ground,164.16649104320337,Unhealthy
2026-01-27 17:00:00,15.9,91.0,991.4,8.5,117.0,0.0,81.0,156.0,64.1,openaq_ground,164.16649104320337,Unhealthy
2026-01-27 18:00:00,15.0,93.0,991.8,9.2,90.0,1.3,50.0,128.0,58.2,openaq_ground,136.7035175879397,Unhealthy (Sensitive Groups)
2026-01-27 19:00:00,14.5,92.0,992.4,10.3,101.0,0.4,54.5,134.0,60.4,openaq_ground,147.78391959798995,Unhealthy (Sensitive Groups)
2026-01-27 20:00:00,14.4,91.0,992.8,9.8,104.0,0.0,67.8,159.0,60.5,openaq_ground,157.3508956796628,Unhealthy
2026-01-27 21:00:00,14.4,92.0,993.1,8.3,123.0,0.0,78.8,166.0,57.2,openaq_ground,163.0305584826133,Unhealthy
2026-01-27 22:00:00,13.8,95.0,992.9,8.1,114.0,0.0,29.3,122.0,48.4,openaq_ground,87.1716738197425,Moderate
2026-01-27 23:00:00,13.3,96.0,993.2,9.2,118.0,0.0,26.0,96.5,51.7,openaq_ground,80.23175965665237,Moderate
2026-01-28 00:00:00,12.4,97.0,993.0,3.6,117.0,0.1,50.0,116.0,51.0,openaq_ground,136.7035175879397,Unhealthy (Sensitive Groups)
2026-01-28 01:00:00,13.0,93.0,993.0,1.9,61.0,3.5,40.8,129.0,49.7,openaq_ground,114.0502512562814,Unhealthy (Sensitive Groups)
2026-01-28 02:00:00,12.2,96.0,993.2,4.1,77.0,1.1,24.3,117.0,58.1,openaq_ground,81.68686868686869,Moderate
2026-01-28 03:00:00,12.3,95.0,993.1,0.8,225.0,2.9,76.8,186.0,64.2,openaq_ground,161.99789251844047,Unhealthy
2026-01-28 04:00:00,12.5,94.0,992.6,4.6,261.0,0.0,143.0,267.0,72.5,openaq_ground,196.1791359325606,Unhealthy
2026-01-28 05:00:00,11.7,95.0,993.0,5.8,272.0,0.0,159.0,274.0,68.6,openaq_ground,209.42342342342343,Very Unhealthy
2026-01-28 06:00:00,12.5,97.0,993.7,8.0,284.0,0.0,113.0,225.0,61.0,openaq_ground,180.6891464699684,Unhealthy
2026-01-28 07:00:00,12.7,98.0,994.6,6.3,301.0,0.0,114.0,225.0,65.5,openaq_ground,181.2054794520548,Unhealthy
2026-01-28 08:00:00,13.4,94.0,995.6,8.0,310.0,0.0,126.0,233.0,64.3,openaq_ground,187.4014752370917,Unhealthy
2026-01-28 09:00:00,13.9,91.0,996.8,9.1,326.0,0.0,121.0,223.0,66.1,openaq_ground,184.81981032665965,Unhealthy
2026-01-28 10:00:00,14.4,88.0,997.1,7.6,346.0,0.0,155.95,206.0,60.7,openaq_ground,206.4009009009009,Very Unhealthy
2026-01-28 11:00:00,16.0,81.0,996.5,7.5,345.0,0.0,150.25,182.0,56.5,openaq_ground,199.92255005268703,Unhealthy
2026-01-28 12:00:00,16.8,76.0,995.9,6.0,357.0,0.0,133.25,201.0,57.7,openaq_ground,191.14488935721812,Unhealthy
2026-01-28 13:00:00,17.7,70.0,995.2,3.9,347.0,0.0,164.0,228.0,59.6,openaq_ground,214.3783783783784,Very Unhealthy
2026-01-28 14:00:00,18.2,66.0,994.9,4.3,327.0,0.0,167.0,232.0,62.3,openaq_ground,217.35135135135135,Very Unhealthy
2026-01-28 15:00:00,18.4,63.0,994.9,5.9,320.0,0.0,138.75,163.0,52.4,openaq_ground,193.98472075869336,Unhealthy
2026-01-28 16:00:00,18.0,63.0,995.0,7.5,310.0,0.0,147.0,198.0,48.6,openaq_ground,198.2444678609062,Unhealthy
2026-01-28 17:00:00,16.9,71.0,994.8,5.1,293.0,0.0,156.5,233.0,49.1,openaq_ground,206.94594594594594,Very Unhealthy
2026-01-28 18:00:00,15.2,79.0,994.6,4.6,301.0,0.0,133.0,186.0,47.2,openaq_ground,191.01580611169652,Unhealthy
2026-01-28 19:00:00,14.5,83.0,995.0,5.3,315.0,0.0,127.5,188.0,50.1,openaq_ground,188.17597471022128,Unhealthy
2026-01-28 20:00:00,13.6,86.0,995.0,4.9,309.0,0.0,135.25,209.0,53.0,openaq_ground,192.17755532139094,Unhealthy
2026-01-28 21:00:00,12.8,87.0,995.2,4.7,298.0,0.0,131.15,202.0,52.5,openaq_ground,190.06059009483667,Unhealthy
2026-01-28 22:00:00,12.2,88.0,995.0,4.5,293.0,0.0,98.25,155.0,53.7,openaq_ground,173.0732349841939,Unhealthy
2026-01-28 23:00:00,11.8,93.0,995.2,5.1,293.0,0.0,75.75,110.0,52.1,openaq_ground,161.45574288724973,Unhealthy
2026-01-29 00:00:00,12.0,93.0,994.9,6.2,303.0,0.0,91.65,130.0,51.4,openaq_ground,169.6654373024236,Unhealthy
2026-01-29 01:00:00,11.8,94.0,994.9,7.5,307.0,0.0,100.9,156.0,52.3,openaq_ground,174.44151738672286,Unhealthy
2026-01-29 02:00:00,11.5,95.0,994.5,7.9,305.0,0.0,88.25,125.0,54.3,openaq_ground,167.90990516332982,Unhealthy
2026-01-29 03:00:00,10.9,96.0,994.3,7.2,302.0,0.0,79.25,106.0,57.0,openaq_ground,163.26290832455217,Unhealthy
2026-01-29 04:00:00,10.4,96.0,993.7,6.5,302.0,0.0,87.0,140.0,57.1,openaq_ground,167.26448893572183,Unhealthy
2026-01-29 05:00:00,10.5,100.0,994.1,6.8,299.0,0.0,88.65,148.0,57.3,openaq_ground,168.1164383561644,Unhealthy
2026-01-29 06:00:00,10.6,100.0,994.4,6.2,296.0,0.0,83.5,145.0,59.1,openaq_ground,165.45732349841938,Unhealthy
2026-01-29 07:00:00,10.8,99.0,995.0,7.0,291.0,0.0,73.65,114.0,56.7,openaq_ground,160.37144362486828,Unhealthy
2026-01-29 08:00:00,11.1,99.0,995.5,7.7,295.0,0.0,82.75,145.0,56.6,openaq_ground,165.0700737618546,Unhealthy
2026-01-29 09:00:00,11.9,94.0,996.5,9.1,295.0,0.0,100.5,180.0,56.5,openaq_ground,174.2349841938883,Unhealthy
2026-01-29 10:00:00,13.8,88.0,996.9,8.5,295.0,0.0,87.5,151.0,55.0,openaq_ground,167.52265542676503,Unhealthy
2026-01-29 11:00:00,15.3,80.0,997.2,9.8,308.0,0.0,85.5,153.0,60.3,openaq_ground,166.4899894625922,Unhealthy
2026-01-29 12:00:00,16.8,71.0,996.2,8.0,312.0,0.0,113.5,179.0,65.8,openaq_ground,180.9473129610116,Unhealthy
2026-01-29 13:00:00,17.7,67.0,995.2,7.3,308.0,0.0,123.4,191.0,54.3,openaq_ground,186.059009483667,Unhealthy
2026-01-29 14:00:00,18.3,66.0,994.4,7.5,310.0,0.0,110.9,158.0,47.3,openaq_ground,179.60484720758694,Unhealthy
2026-01-29 15:00:00,18.4,64.0,994.0,7.1,317.0,0.0,120.0,143.0,45.5,openaq_ground,184.30347734457325,Unhealthy
2026-01-29 16:00:00,18.0,67.0,993.8,6.9,317.0,0.0,147.5,199.0,46.1,openaq_ground,198.50263435194944,Unhealthy
2026-01-29 17:00:00,16.1,77.0,994.0,6.4,310.0,0.0,150.0,229.0,41.0,openaq_ground,199.79346680716543,Unhealthy
2026-01-29 18:00:00,14.3,84.0,994.0,5.0,311.0,0.0,147.75,173.0,41.1,openaq_ground,198.63171759747104,Unhealthy
2026-01-29 19:00:00,13.9,85.0,994.3,5.3,305.0,0.0,151.85,164.0,41.1,openaq_ground,202.33783783783784,Very Unhealthy
2026-01-29 20:00:00,13.4,86.0,994.7,5.2,297.0,0.0,164.9,201.0,46.4,openaq_ground,215.2702702702703,Very Unhealthy
2026-01-29 21:00:00,12.4,89.0,995.2,5.0,289.0,0.0,172.5,221.0,39.9,openaq_ground,222.8018018018018,Very Unhealthy
2026-01-29 22:00:00,11.7,91.0,995.0,4.8,304.0,0.0,156.9,167.0,41.6,openaq_ground,207.34234234234233,Very Unhealthy
2026-01-29 23:00:00,11.1,92.0,994.8,4.5,286.0,0.0,121.0,113.0,45.1,openaq_ground,184.81981032665965,Unhealthy
2026-01-30 00:00:00,10.8,93.0,994.5,5.0,289.0,0.0,123.4,128.83333333333334,48.8,openaq_ground,186.059009483667,Unhealthy
2026-01-30 01:00:00,10.3,94.0,994.4,5.2,286.0,0.0,168.9,144.66666666666666,46.6,openaq_ground,219.23423423423424,Very Unhealthy
2026-01-30 02:00:00,10.1,94.0,993.7,5.4,296.0,0.0,163.75,160.5,53.5,openaq_ground,214.13063063063063,Very Unhealthy
2026-01-30 03:00:00,10.4,92.0,993.7,6.8,299.0,0.0,144.35,176.33333333333334,78.9,openaq_ground,196.87618545837722,Unhealthy
2026-01-30 04:00:00,10.5,91.0,993.7,7.1,300.0,0.0,149.0,192.16666666666669,85.0,openaq_ground,199.27713382507903,Unhealthy
2026-01-30 05:00:00,9.7,94.0,993.4,4.9,306.0,0.0,118.4,208.0,65.1,openaq_ground,183.47734457323497,Unhealthy
2026-01-30 06:00:00,8.9,94.0,993.8,4.1,272.0,0.0,123.0,183.66666666666666,60.699999999999996,openaq_ground,185.85247629083244,Unhealthy
2026-01-30 07:00:00,8.5,95.0,993.5,3.7,247.0,0.0,126.0,159.33333333333334,56.3,openaq_ground,187.4014752370917,Unhealthy
2026-01-30 08:00:00,10.8,92.0,994.5,7.2,271.0,0.0,65.45,135.0,51.9,openaq_ground,156.13751317175974,Unhealthy
2026-01-30 09:00:00,12.7,89.0,995.5,6.0,277.0,0.0,64.94999999999999,145.0,51.5,openaq_ground,155.87934668071654,Unhealthy
2026-01-30 10:00:00,14.8,80.0,995.8,6.6,287.0,0.0,60.0,127.0,53.6,openaq_ground,153.32349841938884,Unhealthy
2026-01-30 11:00:00,16.6,73.0,995.7,6.7,289.0,0.0,99.1,116.0,58.2,openaq_ground,173.51211801896733,Unhealthy
2026-01-30 12:00:00,18.1,65.0,994.8,6.1,289.0,0.0,88.0,128.0,65.7,openaq_ground,167.78082191780823,Unhealthy
2026-01-30 13:00:00,19.0,61.0,993.6,5.2,290.0,0.0,100.15,180.0,75.2,openaq_ground,174.05426765015807,Unhealthy
2026-01-30 14:00:00,19.5,59.0,992.7,5.2,286.0,0.0,117.75,182.0,65.5,openaq_ground,183.1417281348788,Unhealthy
2026-01-30 15:00:00,19.5,58.0,992.6,6.0,291.0,0.0,142.65,191.0,56.5,openaq_ground,195.99841938883034,Unhealthy
2026-01-30 16:00:00,18.9,61.0,992.6,5.6,297.0,0.0,187.0,258.0,67.5,openaq_ground,237.17117117117118,Very Unhealthy
2026-01-30 17:00:00,17.6,75.0,992.4,3.9,294.0,0.0,216.0,313.0,86.4,openaq_ground,265.9099099099099,Very Unhealthy
2026-01-30 18:00:00,16.1,78.0,992.4,2.4,287.0,0.0,221.0,273.0,89.1,openaq_ground,270.8648648648649,Very Unhealthy
2026-01-30 19:00:00,15.3,80.0,992.7,0.6,342.0,0.0,205.0,213.0,53.3,openaq_ground,255.009009009009,Very Unhealthy
2026-01-30 20:00:00,14.4,83.0,993.0,0.6,124.0,0.0,193.5,169.0,40.8,openaq_ground,243.61261261261262,Very Unhealthy
2026-01-30 21:00:00,13.6,86.0,993.5,1.0,158.0,0.0,192.9,179.0,39.1,openaq_ground,243.01801801801804,Very Unhealthy
2026-01-30 22:00:00,12.9,87.0,993.4,1.1,171.0,0.0,196.9,163.0,40.8,openaq_ground,246.981981981982,Very Unhealthy
2026-01-30 23:00:00,12.6,89.0,993.3,1.6,153.0,0.0,187.65,156.0,33.3,openaq_ground,237.81531531531533,Very Unhealthy
2026-01-31 00:00:00,12.0,91.0,993.3,2.2,145.0,0.0,192.4,214.0,32.5,openaq_ground,242.52252252252254,Very Unhealthy
2026-01-31 01:00:00,10.9,99.0,993.0,2.3,141.0,0.0,204.0,268.0,41.4,openaq_ground,254.018018018018,Very Unhealthy
2026-01-31 02:00:00,10.5,99.0,992.9,1.5,97.0,0.0,215.0,256.0,66.5,openaq_ground,264.9189189189189,Very Unhealthy
2026-01-31 03:00:00,10.0,100.0,992.8,1.8,79.0,0.0,238.5,256.0,96.5,openaq_ground,288.2072072072072,Very Unhealthy
2026-01-31 04:00:00,10.3,99.0,992.7,2.2,81.0,0.0,272.5,355.0,131.0,openaq_ground,322.8018018018018,Hazardous
2026-01-31 05:00:00,9.2,100.0,992.8,3.2,142.0,0.0,253.5,388.0,93.4,openaq_ground,303.97297297297297,Hazardous
2026-01-31 06:00:00,9.4,100.0,993.3,3.0,128.0,0.0,230.0,333.0,86.5,openaq_ground,279.78378378378375,Very Unhealthy
2026-01-31 07:00:00,9.6,99.0,993.9,3.7,101.0,0.0,200.0,306.0,79.2,openaq_ground,250.05405405405406,Very Unhealthy
2026-01-31 08:00:00,10.6,98.0,994.8,4.0,93.0,0.0,200.0,294.0,80.3,openaq_ground,250.05405405405406,Very Unhealthy
2026-01-31 09:00:00,12.0,96.0,995.5,2.9,137.0,0.0,222.5,332.0,83.5,openaq_ground,272.35135135135135,Very Unhealthy
2026-01-31 10:00:00,14.3,92.0,996.3,4.3,105.0,0.0,198.5,296.0,75.4,openaq_ground,248.56756756756755,Very Unhealthy
2026-01-31 11:00:00,16.8,79.0,996.4,5.9,113.0,0.0,256.0,301.5,87.7,openaq_ground,306.45045045045043,Hazardous
2026-01-31 12:00:00,18.3,70.0,995.6,7.2,112.0,0.0,198.5,307.0,100.0,openaq_ground,248.56756756756755,Very Unhealthy
2026-01-31 13:00:00,19.3,63.0,994.4,8.2,116.0,0.0,193.0,287.0,90.6,openaq_ground,243.11711711711712,Very Unhealthy
2026-01-31 14:00:00,19.8,62.0,993.6,8.3,117.0,0.0,189.5,248.0,77.3,openaq_ground,239.64864864864865,Very Unhealthy
2026-01-31 15:00:00,19.9,63.0,993.4,6.7,114.0,0.0,174.0,235.0,66.7,openaq_ground,224.2882882882883,Very Unhealthy
2026-01-31 16:00:00,19.5,66.0,993.2,7.2,115.0,0.0,182.0,231.0,70.8,openaq_ground,232.21621621621622,Very Unhealthy
2026-01-31 17:00:00,17.7,75.0,992.8,8.5,125.0,0.0,187.5,260.0,66.5,openaq_ground,237.66666666666666,Very Unhealthy
2026-01-31 18:00:00,16.2,82.0,993.2,7.3,130.0,0.0,180.0,248.0,68.8,openaq_ground,230.23423423423424,Very Unhealthy
2026-01-31 19:00:00,15.4,86.0,993.3,7.4,129.0,0.0,168.0,248.0,65.8,openaq_ground,218.34234234234233,Very Unhealthy
2026-01-31 20:00:00,14.8,88.0,993.7,7.8,128.0,0.0,148.5,237.0,55.3,openaq_ground,199.01896733403584,Unhealthy
2026-01-31 21:00:00,14.5,89.0,993.9,8.5,134.0,0.0,190.0,225.0,55.5,openaq_ground,240.14414414414415,Very Unhealthy
2026-01-31 22:00:00,14.1,90.0,993.6,8.5,128.0,0.0,173.0,200.0,57.1,openaq_ground,223.2972972972973,Very Unhealthy
2026-01-31 23:00:00,13.9,90.0,993.5,8.7,112.0,0.0,191.0,172.0,58.8,openaq_ground,241.13513513513513,Very Unhealthy
2026-02-01 00:00:00,13.3,91.0,993.1,2.8,135.0,0.3,187.0,197.0,58.2,openaq_ground,237.17117117117118,Very Unhealthy
2026-02-01 01:00:00,13.7,86.0,993.9,13.0,170.0,3.7,201.0,236.0,57.5,openaq_ground,251.04504504504504,Very Unhealthy
2026-02-01 02:00:00,13.8,83.0,992.4,12.0,127.0,0.7,209.0,204.0,60.7,openaq_ground,258.97297297297297,Very Unhealthy
2026-02-01 03:00:00,12.7,84.0,993.1,3.7,113.0,4.2,166.0,155.0,72.5,openaq_ground,216.36036036036035,Very Unhealthy
2026-02-01 04:00:00,12.4,87.0,993.5,3.7,23.0,0.0,121.0,134.0,77.7,openaq_ground,184.81981032665965,Unhealthy
2026-02-01 05:00:00,13.0,94.0,993.2,9.0,143.0,4.1,90.1,137.0,63.1,openaq_ground,168.86512118018967,Unhealthy
2026-02-01 06:00:00,12.9,93.0,993.0,7.1,135.0,0.2,72.4,108.0,52.9,openaq_ground,159.72602739726028,Unhealthy
2026-02-01 07:00:00,12.9,92.0,993.7,8.7,124.0,0.0,35.2,67.8,57.2,openaq_ground,99.57939914163092,Moderate
2026-02-01 08:00:00,14.0,90.0,994.6,9.4,107.0,0.0,42.45,91.0,52.0,openaq_ground,118.11306532663318,Unhealthy (Sensitive Groups)
2026-02-01 09:00:00,15.5,88.0,995.2,5.3,123.0,0.0,41.6,115.0,50.4,openaq_ground,116.02010050251256,Unhealthy (Sensitive Groups)
2026-02-01 10:00:00,17.6,80.0,995.7,6.2,126.0,0.0,26.05,73.8,52.4,openaq_ground,80.33690987124464,Moderate
2026-02-01 11:00:00,18.3,72.0,996.0,8.9,140.0,0.0,49.9,60.5,54.0,openaq_ground,136.4572864321608,Unhealthy (Sensitive Groups)
2026-02-01 12:00:00,19.3,68.0,995.4,8.2,148.0,0.0,58.15,76.3,58.4,openaq_ground,152.368282402529,Unhealthy
2026-02-01 13:00:00,20.1,67.0,994.3,7.3,149.0,0.0,57.1,103.0,61.5,openaq_ground,151.82613277133825,Unhealthy
2026-02-01 14:00:00,20.7,66.0,993.3,6.0,153.0,0.0,63.0,100.0,60.5,openaq_ground,154.87249736564806,Unhealthy
2026-02-01 15:00:00,20.8,66.0,993.2,4.3,165.0,0.0,74.5,87.0,56.2,openaq_ground,160.81032665964173,Unhealthy
2026-02-01 16:00:00,20.6,68.0,993.2,3.4,177.0,0.0,90.65,122.0,51.0,openaq_ground,169.1491043203372,Unhealthy
2026-02-01 17:00:00,19.4,78.0,992.8,3.6,183.0,0.0,116.5,178.0,44.2,openaq_ground,182.4963119072708,Unhealthy
2026-02-01 18:00:00,17.6,83.0,993.1,4.0,212.0,0.0,118.75,180.0,73.9,openaq_ground,183.65806111696523,Unhealthy
2026-02-01 19:00:00,16.7,87.0,993.4,3.2,214.0,0.0,144.35,203.0,62.5,openaq_ground,196.87618545837722,Unhealthy
2026-02-01 20:00:00,15.9,89.0,993.9,3.1,201.0,0.0,180.5,224.0,60.9,openaq_ground,230.72972972972974,Very Unhealthy
2026-02-01 21:00:00,15.4,90.0,994.3,1.8,217.0,0.0,159.15,192.0,57.0,openaq_ground,209.57207207207207,Very Unhealthy
2026-02-01 22:00:00,15.0,91.0,994.7,1.3,254.0,0.0,135.0,139.0,48.4,openaq_ground,192.04847207586934,Unhealthy
2026-02-01 23:00:00,14.3,95.0,994.9,2.9,176.0,0.0,94.0,95.0,51.9,openaq_ground,170.87881981032666,Unhealthy
2026-02-02 00:00:00,14.2,95.0,994.9,0.6,214.0,0.0,96.9,117.0,48.7,openaq_ground,172.37618545837725,Unhealthy
2026-02-02 01:00:00,13.8,98.0,995.0,5.1,315.0,0.0,104.0,129.0,45.6,openaq_ground,176.04214963119074,Unhealthy
2026-02-02 02:00:00,13.5,100.0,994.9,4.3,338.0,0.0,98.0,129.0,56.5,openaq_ground,172.9441517386723,Unhealthy
2026-02-02 03:00:00,12.8,100.0,995.0,2.2,360.0,0.0,103.5,122.0,57.3,openaq_ground,175.78398314014754,Unhealthy
2026-02-02 04:00:00,12.7,99.0,994.8,1.0,315.0,0.0,108.4,162.0,58.0,openaq_ground,178.31401475237092,Unhealthy
2026-02-02 05:00:00,13.2,97.0,994.5,2.9,277.0,0.0,126.15,205.0,55.7,openaq_ground,187.47892518440463,Unhealthy
2026-02-02 06:00:00,13.4,95.0,994.7,2.5,270.0,0.0,126.4,207.0,55.3,openaq_ground,187.60800842992626,Unhealthy
2026-02-02 07:00:00,13.2,95.0,995.0,3.1,257.0,0.0,111.75,181.0,45.5,openaq_ground,180.04373024236037,Unhealthy
2026-02-02 08:00:00,13.5,97.0,995.7,4.1,272.0,0.0,126.65,189.0,47.1,openaq_ground,187.73709167544786,Unhealthy
2026-02-02 09:00:00,14.2,96.0,996.5,6.5,294.0,0.0,133.5,195.0,50.3,openaq_ground,191.27397260273972,Unhealthy
2026-02-02 10:00:00,15.4,93.0,996.7,8.1,298.0,0.0,123.9,198.0,49.0,openaq_ground,186.3171759747102,Unhealthy
2026-02-02 11:00:00,16.3,89.0,996.6,8.6,296.0,0.0,103.15,165.0,52.9,openaq_ground,175.60326659641728,Unhealthy
2026-02-02 12:00:00,17.8,82.0,995.8,8.7,302.0,0.0,122.9,171.0,57.0,openaq_ground,185.8008429926238,Unhealthy
2026-02-02 13:00:00,18.8,74.0,994.9,7.6,306.0,0.0,154.5,201.0,52.6,openaq_ground,204.96396396396398,Very Unhealthy
2026-02-02 14:00:00,19.5,69.0,994.0,6.9,303.0,0.0,221.0,213.5,48.55,openaq_ground,270.8648648648649,Very Unhealthy
2026-02-02 15:00:00,19.7,68.0,993.4,6.4,297.0,0.0,159.0,226.0,44.5,openaq_ground,209.42342342342343,Very Unhealthy
2026-02-02 16:00:00,19.4,69.0,993.2,6.7,297.0,0.0,194.0,248.0,46.0,openaq_ground,244.1081081081081,Very Unhealthy
2026-02-02 17:00:00,17.5,76.0,993.3,6.8,302.0,0.0,207.0,296.0,45.3,openaq_ground,256.990990990991,Very Unhealthy
2026-02-02 18:00:00,16.0,83.0,993.1,5.5,289.0,0.0,201.5,264.0,44.5,openaq_ground,251.54054054054055,Very Unhealthy
2026-02-02 19:00:00,15.5,86.0,993.5,6.0,291.0,0.0,183.5,226.0,46.0,openaq_ground,233.7027027027027,Very Unhealthy
2026-02-02 20:00:00,14.7,88.0,993.8,5.8,290.0,0.0,169.5,198.0,47.0,openaq_ground,219.82882882882882,Very Unhealthy
2026-02-02 21:00:00,14.1,90.0,994.1,5.9,290.0,0.0,149.25,173.0,59.6,openaq_ground,199.40621707060063,Unhealthy
2026-02-02 22:00:00,13.4,92.0,993.9,5.5,289.0,0.0,186.0,209.0,56.3,openaq_ground,236.18018018018017,Very Unhealthy
2026-02-02 23:00:00,13.0,95.0,993.9,5.0,289.0,0.0,145.25,167.0,55.8,openaq_ground,197.340885142255,Unhealthy
2026-02-03 00:00:00,12.9,95.0,993.9,5.1,293.0,0.0,143.15,151.0,53.3,openaq_ground,196.25658587987357,Unhealthy
2026-02-03 01:00:00,12.3,95.0,993.9,5.1,297.0,0.0,130.85,159.0,56.2,openaq_ground,189.90569020021076,Unhealthy
2026-02-03 02:00:00,11.9,95.0,993.7,3.5,285.0,0.0,129.65,160.0,65.5,openaq_ground,189.28609062170707,Unhealthy
2026-02-03 03:00:00,11.5,96.0,993.6,4.6,281.0,0.0,121.15,156.0,67.9,openaq_ground,184.89726027397262,Unhealthy
2026-02-03 04:00:00,10.4,97.0,993.4,5.1,287.0,0.0,151.9,229.0,76.1,openaq_ground,202.3873873873874,Very Unhealthy
2026-02-03 05:00:00,10.7,100.0,993.9,5.4,276.0,0.0,183.0,275.0,79.5,openaq_ground,233.2072072072072,Very Unhealthy
2026-02-03 06:00:00,10.4,99.0,994.5,6.4,281.0,0.0,204.0,305.0,66.0,openaq_ground,254.018018018018,Very Unhealthy
2026-02-03 07:00:00,10.5,98.0,995.3,6.6,287.0,0.0,138.65,247.0,57.5,openaq_ground,193.93308746048473,Unhealthy
2026-02-03 08:00:00,11.3,98.0,996.5,5.2,299.0,0.0,162.5,237.0,62.0,openaq_ground,212.8918918918919,Very Unhealthy
2026-02-03 09:00:00,12.1,98.0,997.4,3.8,311.0,0.0,170.0,247.0,61.4,openaq_ground,220.32432432432432,Very Unhealthy
2026-02-03 10:00:00,14.6,89.0,997.9,3.1,315.0,0.0,145.0,257.0,60.8,openaq_ground,197.2118018967334,Unhealthy
2026-02-03 11:00:00,16.3,82.0,997.9,3.5,305.0,0.0,106.0,267.0,60.2,openaq_ground,177.07481559536353,Unhealthy
2026-02-03 12:00:00,17.9,74.0,997.3,4.3,303.0,0.0,125.0,277.0,59.6,openaq_ground,186.88514225500526,Unhealthy
2026-02-03 13:00:00,18.8,65.0,996.5,5.6,318.0,0.0,174.0,287.0,59.0,openaq_ground,224.2882882882883,Very Unhealthy
2026-02-03 14:00:00,19.4,61.0,995.7,5.8,338.0,0.0,255.0,297.0,58.4,openaq_ground,305.4594594594595,Hazardous
2026-02-03 15:00:00,19.6,58.0,995.4,3.8,341.0,0.0,282.0,,,openaq_ground,332.2162162162162,Hazardous
2026-02-03 16:00:00,19.4,57.0,995.3,2.7,337.0,0.0,319.0,,,openaq_ground,368.8828828828829,Hazardous
2026-02-03 17:00:00,18.6,65.0,995.3,1.7,283.0,0.0,324.0,,,openaq_ground,373.83783783783787,Hazardous
2026-02-03 18:00:00,17.1,66.0,995.4,2.2,294.0,0.0,324.0,,,openaq_ground,373.83783783783787,Hazardous
2026-02-03 19:00:00,16.2,69.0,995.9,2.5,339.0,0.0,324.0,,,openaq_ground,373.83783783783787,Hazardous
2026-02-03 20:00:00,15.6,74.0,996.4,3.1,21.0,0.0,318.0,,,openaq_ground,367.8918918918919,Hazardous
2026-02-03 21:00:00,15.1,77.0,996.7,3.3,41.0,0.0,324.0,,,openaq_ground,373.83783783783787,Hazardous
2026-02-03 22:00:00,14.5,79.0,996.7,3.3,45.0,0.0,324.0,,,openaq_ground,373.83783783783787,Hazardous
2026-02-03 23:00:00,14.1,82.0,997.0,1.9,34.0,0.0,324.0,,,openaq_ground,373.83783783783787,Hazardous
2026-02-04 00:00:00,13.5,83.0,996.9,1.4,320.0,0.0,324.0,,,openaq_ground,373.83783783783787,Hazardous
2026-02-04 01:00:00,12.5,88.0,997.0,2.8,305.0,0.0,320.5,407.0,51.8,openaq_ground,370.3693693693694,Hazardous
2026-02-04 02:00:00,11.7,91.0,996.5,3.1,315.0,0.0,324.0,440.0,43.2,openaq_ground,373.83783783783787,Hazardous
2026-02-04 03:00:00,11.4,92.0,996.3,3.1,315.0,0.0,250.5,355.0,80.6,openaq_ground,301.0,Hazardous
2026-02-04 04:00:00,11.1,92.0,996.1,3.3,324.0,0.0,211.5,302.0,74.0,openaq_ground,261.45045045045043,Very Unhealthy
2026-02-04 05:00:00,11.1,93.0,996.3,4.8,335.0,0.0,195.0,279.0,58.5,openaq_ground,245.0990990990991,Very Unhealthy
2026-02-04 06:00:00,10.8,93.0,996.7,5.2,340.0,0.0,135.5,227.0,48.1,openaq_ground,192.30663856691254,Unhealthy
2026-02-04 07:00:00,10.7,93.0,996.8,5.4,345.0,0.0,121.5,195.0,48.6,openaq_ground,185.07797681770285,Unhealthy
2026-02-04 08:00:00,12.7,88.0,997.2,7.8,351.0,0.0,99.0,163.0,45.9,openaq_ground,173.4604847207587,Unhealthy
2026-02-04 09:00:00,14.8,84.0,998.3,4.3,332.0,0.0,85.15,162.0,43.0,openaq_ground,166.30927291886195,Unhealthy
2026-02-04 10:00:00,17.0,76.0,998.7,4.7,313.0,0.0,74.35,139.0,48.4,openaq_ground,160.73287671232876,Unhealthy
2026-02-04 11:00:00,18.2,66.0,998.4,6.8,305.0,0.0,46.45,107.0,53.4,openaq_ground,127.96231155778895,Unhealthy (Sensitive Groups)
2026-02-04 12:00:00,19.2,60.0,997.8,8.1,307.0,0.0,67.7,110.0,61.1,openaq_ground,157.29926238145416,Unhealthy
2026-02-04 13:00:00,19.9,56.0,996.6,8.7,307.0,0.0,83.65,163.0,64.2,openaq_ground,165.53477344573236,Unhealthy
2026-02-04 14:00:00,20.2,54.0,995.8,9.8,311.0,0.0,152.0,183.5,73.35,openaq_ground,202.48648648648648,Very Unhealthy
2026-02-04 15:00:00,20.1,54.0,995.4,9.8,316.0,0.0,128.0,204.0,82.5,openaq_ground,188.43414120126448,Unhealthy
2026-02-04 16:00:00,19.5,56.0,995.4,9.4,318.0,0.0,211.0,207.66666666666666,74.8,openaq_ground,260.9549549549549,Very Unhealthy
2026-02-04 17:00:00,18.5,62.0,994.9,6.9,301.0,0.0,205.0,211.33333333333334,67.1,openaq_ground,255.009009009009,Very Unhealthy
2026-02-04 18:00:00,16.6,71.0,994.9,6.8,292.0,0.0,144.0,215.0,59.4,openaq_ground,196.695468914647,Unhealthy
2026-02-04 19:00:00,15.8,76.0,995.1,6.9,293.0,0.0,143.15,204.0,63.7,openaq_ground,196.25658587987357,Unhealthy
2026-02-04 20:00:00,15.1,79.0,995.3,7.9,281.0,0.0,150.9,195.0,67.1,openaq_ground,201.3963963963964,Very Unhealthy
2026-02-04 21:00:00,14.4,81.0,995.4,8.3,281.0,0.0,165.0,231.0,64.9,openaq_ground,215.36936936936937,Very Unhealthy
2026-02-04 22:00:00,13.7,83.0,995.2,7.8,289.0,0.0,158.0,215.0,58.3,openaq_ground,208.43243243243242,Very Unhealthy
2026-02-04 23:00:00,13.4,85.0,995.0,7.4,292.0,0.0,137.25,169.0,56.9,openaq_ground,193.21022128556376,Unhealthy
2026-02-05 00:00:00,13.2,86.0,994.8,8.4,289.0,0.0,149.65,170.0,55.2,openaq_ground,199.6127502634352,Unhealthy
2026-02-05 01:00:00,12.7,87.0,994.7,8.4,285.0,0.0,164.5,214.0,55.8,openaq_ground,214.87387387387386,Very Unhealthy
2026-02-05 02:00:00,12.3,88.0,994.4,8.6,285.0,0.0,169.5,240.0,63.6,openaq_ground,219.82882882882882,Very Unhealthy
2026-02-05 03:00:00,11.9,88.0,994.0,8.8,285.0,0.0,156.0,208.0,68.8,openaq_ground,206.45045045045046,Very Unhealthy
2026-02-05 04:00:00,11.5,89.0,993.9,9.0,286.0,0.0,126.75,211.0,59.0,openaq_ground,187.78872497365649,Unhealthy
2026-02-05 05:00:00,11.0,88.0,994.1,9.9,289.0,0.0,111.4,220.0,54.6,openaq_ground,179.86301369863014,Unhealthy
2026-02-05 06:00:00,10.7,88.0,994.6,9.1,291.0,0.0,89.25,194.0,48.2,openaq_ground,168.42623814541622,Unhealthy
2026-02-05 07:00:00,10.6,87.0,995.0,8.7,291.0,0.0,61.0,145.0,51.0,openaq_ground,153.83983140147524,Unhealthy
2026-02-05 08:00:00,11.8,85.0,995.6,9.3,283.0,0.0,60.0,119.0,46.8,openaq_ground,153.32349841938884,Unhealthy
2026-02-05 09:00:00,13.8,79.0,996.4,7.1,277.0,0.0,49.85,138.0,40.5,openaq_ground,136.33417085427135,Unhealthy (Sensitive Groups)
2026-02-05 10:00:00,16.0,72.0,996.9,7.0,274.0,0.0,40.65,125.0,38.4,openaq_ground,113.68090452261306,Unhealthy (Sensitive Groups)
2026-02-05 11:00:00,18.5,63.0,996.5,8.6,278.0,0.0,70.0,86.3,41.7,openaq_ground,158.4868282402529,Unhealthy
2026-02-05 12:00:00,20.0,54.0,995.8,9.9,289.0,0.0,61.75,86.8,51.1,openaq_ground,154.22708113804003,Unhealthy
2026-02-05 13:00:00,20.9,48.0,994.8,10.5,292.0,0.0,76.75,152.0,57.9,openaq_ground,161.97207586933615,Unhealthy
2026-02-05 14:00:00,21.3,44.0,994.4,11.5,297.0,0.0,109.5,189.0,66.7,openaq_ground,178.88198103266598,Unhealthy
2026-02-05 15:00:00,21.0,45.0,994.1,11.9,302.0,0.0,124.65,188.0,76.6,openaq_ground,186.70442571127504,Unhealthy
2026-02-05 16:00:00,20.4,48.0,994.0,10.7,301.0,0.0,139.65,185.0,78.0,openaq_ground,194.44942044257112,Unhealthy
2026-02-05 17:00:00,19.1,55.0,993.9,7.7,298.0,0.0,163.0,234.0,80.7,openaq_ground,213.38738738738738,Very Unhealthy
2026-02-05 18:00:00,16.7,67.0,994.0,6.4,299.0,0.0,162.0,246.0,57.0,openaq_ground,212.3963963963964,Very Unhealthy
2026-02-05 19:00:00,15.8,72.0,994.4,6.4,299.0,0.0,137.4,188.0,54.0,openaq_ground,193.28767123287673,Unhealthy
2026-02-05 20:00:00,15.3,72.0,994.6,6.7,297.0,0.0,122.75,148.0,58.8,openaq_ground,185.72339304531084,Unhealthy
2026-02-05 21:00:00,14.8,72.0,994.8,7.0,299.0,0.0,125.75,161.0,57.4,openaq_ground,187.2723919915701,Unhealthy
2026-02-05 22:00:00,14.1,73.0,994.6,6.9,300.0,0.0,160.75,185.0,56.2,openaq_ground,211.15765765765767,Very Unhealthy
2026-02-05 23:00:00,13.3,78.0,994.7,6.6,296.0,0.0,145.75,183.0,58.4,openaq_ground,197.59905163329822,Unhealthy
2026-02-06 00:00:00,13.1,77.0,994.3,6.7,294.0,0.0,111.75,140.0,59.6,openaq_ground,180.04373024236037,Unhealthy
2026-02-06 01:00:00,12.5,79.0,994.1,6.3,288.0,0.0,117.5,162.0,62.3,openaq_ground,183.0126448893572,Unhealthy
2026-02-06 02:00:00,12.1,80.0,993.5,6.6,291.0,0.0,117.25,188.0,67.2,openaq_ground,182.8835616438356,Unhealthy
2026-02-06 03:00:00,11.8,81.0,993.2,7.1,291.0,0.0,109.65,189.0,76.6,openaq_ground,178.95943097997892,Unhealthy
2026-02-06 04:00:00,11.5,81.0,992.8,7.2,289.0,0.0,105.25,203.0,70.8,openaq_ground,176.68756585879873,Unhealthy
2026-02-06 05:00:00,11.1,83.0,993.0,8.0,276.0,0.0,92.75,220.0,61.6,openaq_ground,170.23340358271867,Unhealthy
2026-02-06 06:00:00,10.9,83.0,993.8,8.8,272.0,0.0,77.35,208.0,53.3,openaq_ground,162.28187565858798,Unhealthy
2026-02-06 07:00:00,10.8,83.0,994.3,9.9,273.0,0.0,53.9,148.0,56.6,openaq_ground,146.30653266331657,Unhealthy (Sensitive Groups)
2026-02-06 08:00:00,12.4,76.0,995.4,11.2,275.0,0.0,76.7,115.0,53.8,openaq_ground,161.94625922023184,Unhealthy
2026-02-06 09:00:00,14.7,71.0,995.9,9.4,273.0,0.0,61.65,135.0,49.3,openaq_ground,154.1754478398314,Unhealthy
2026-02-06 10:00:00,17.3,63.0,996.4,9.3,280.0,0.0,63.65,141.0,49.1,openaq_ground,155.20811380400423,Unhealthy
2026-02-06 11:00:00,20.2,55.0,996.0,10.9,283.0,0.0,69.5,106.0,54.7,openaq_ground,158.2286617492097,Unhealthy
2026-02-06 12:00:00,21.8,47.0,995.2,12.9,293.0,0.0,58.1,110.0,66.1,openaq_ground,152.34246575342465,Unhealthy
2026-02-06 13:00:00,22.5,44.0,994.2,14.4,299.0,0.0,81.25,170.0,75.7,openaq_ground,164.29557428872496,Unhealthy
2026-02-06 14:00:00,22.6,45.0,993.3,13.8,303.0,0.0,116.9,216.0,82.0,openaq_ground,182.70284510010538,Unhealthy
2026-02-06 15:00:00,22.3,48.0,992.7,12.9,306.0,0.0,120.15,218.0,93.0,openaq_ground,184.3809272918862,Unhealthy
2026-02-06 16:00:00,21.7,52.0,992.4,11.6,302.0,0.0,144.15,268.0,95.5,openaq_ground,196.77291886195997,Unhealthy
2026-02-06 17:00:00,20.5,56.0,992.1,8.9,297.0,0.0,182.0,309.0,83.9,openaq_ground,232.21621621621622,Very Unhealthy
2026-02-06 18:00:00,18.6,65.0,992.3,7.7,295.0,0.0,178.0,266.0,76.7,openaq_ground,228.25225225225225,Very Unhealthy
2026-02-06 19:00:00,17.7,71.0,992.6,7.2,298.0,0.0,136.5,216.0,73.8,openaq_ground,192.82297154899896,Unhealthy
2026-02-06 20:00:00,17.1,71.0,993.1,7.5,294.0,0.0,115.5,173.0,71.4,openaq_ground,181.9799789251844,Unhealthy
2026-02-06 21:00:00,16.6,71.0,993.3,7.4,299.0,0.0,140.4,198.0,74.4,openaq_ground,194.83667017913592,Unhealthy
2026-02-06 22:00:00,16.1,71.0,993.2,7.7,309.0,0.0,130.85,184.0,61.0,openaq_ground,189.90569020021076,Unhealthy
2026-02-06 23:00:00,15.8,73.0,993.2,7.4,311.0,0.0,102.0,135.0,56.1,openaq_ground,175.00948366701792,Unhealthy
2026-02-07 00:00:00,15.1,74.0,992.8,7.0,302.0,0.0,89.5,125.0,61.9,openaq_ground,168.55532139093782,Unhealthy
2026-02-07 01:00:00,14.5,77.0,992.5,6.7,284.0,0.0,113.4,158.0,63.8,openaq_ground,180.89567966280296,Unhealthy
2026-02-07 02:00:00,13.9,79.0,992.2,6.9,277.0,0.0,125.4,205.0,77.7,openaq_ground,187.09167544783983,Unhealthy
2026-02-07 03:00:00,13.3,82.0,991.7,8.1,265.0,0.0,107.75,208.0,70.2,openaq_ground,177.97839831401475,Unhealthy
2026-02-07 04:00:00,12.7,84.0,991.2,9.0,264.0,0.0,80.9,179.0,64.1,openaq_ground,164.11485774499474,Unhealthy
2026-02-07 05:00:00,12.6,86.0,991.4,9.4,272.0,0.0,106.9,218.0,61.5,openaq_ground,177.5395152792413,Unhealthy
2026-02-07 06:00:00,12.5,86.0,991.7,9.1,279.0,0.0,107.65,219.0,54.5,openaq_ground,177.92676501580613,Unhealthy
2026-02-07 07:00:00,12.5,86.0,992.1,9.4,275.0,0.0,71.0,171.0,49.0,openaq_ground,159.00316122233932,Unhealthy
2026-02-07 08:00:00,13.8,83.0,992.8,10.5,267.0,0.0,82.2,146.0,47.5,openaq_ground,164.78609062170707,Unhealthy
2026-02-07 09:00:00,16.1,75.0,993.5,8.5,271.0,0.0,67.3,146.0,48.6,openaq_ground,157.0927291886196,Unhealthy
2026-02-07 10:00:00,18.5,67.0,993.6,8.6,281.0,0.0,68.65,169.0,50.7,openaq_ground,157.78977871443624,Unhealthy
2026-02-07 11:00:00,20.8,59.0,993.3,10.3,283.0,0.0,51.55,147.0,57.2,openaq_ground,140.52010050251255,Unhealthy (Sensitive Groups)
2026-02-07 12:00:00,22.3,53.0,992.6,11.4,296.0,0.0,52.15,143.0,64.6,openaq_ground,141.99748743718592,Unhealthy (Sensitive Groups)
2026-02-07 13:00:00,23.3,47.0,991.5,13.0,297.0,0.0,73.0,165.0,71.6,openaq_ground,160.0358271865121,Unhealthy
2026-02-07 14:00:00,23.6,46.0,990.6,14.7,296.0,0.0,116.0,201.0,75.5,openaq_ground,182.2381454162276,Unhealthy
2026-02-07 15:00:00,23.5,45.0,990.2,15.1,297.0,0.0,103.75,194.0,77.7,openaq_ground,175.91306638566914,Unhealthy
2026-02-07 16:00:00,22.8,48.0,990.1,13.6,298.0,0.0,89.25,173.0,71.1,openaq_ground,168.42623814541622,Unhealthy
2026-02-07 17:00:00,21.6,53.0,989.6,9.3,289.0,0.0,78.0,156.0,66.2,openaq_ground,162.61749209694415,Unhealthy
2026-02-07 18:00:00,19.7,63.0,989.7,7.6,282.0,0.0,91.25,168.0,68.1,openaq_ground,169.45890410958904,Unhealthy
2026-02-07 19:00:00,18.8,67.0,990.1,7.7,282.0,0.0,88.9,169.1904761904762,68.89523809523808,openaq_ground,168.245521601686,Unhealthy
2026-02-07 20:00:00,18.4,64.0,990.7,9.1,292.0,0.0,83.7,170.38095238095238,69.69047619047619,openaq_ground,165.56059009483667,Unhealthy
2026-02-07 21:00:00,17.6,66.0,991.3,8.1,309.0,0.0,98.4,171.57142857142858,70.48571428571428,openaq_ground,173.15068493150685,Unhealthy
2026-02-07 22:00:00,16.8,72.0,991.4,7.7,329.0,0.0,124.0,172.76190476190476,71.28095238095237,openaq_ground,186.36880927291887,Unhealthy
2026-02-07 23:00:00,16.0,79.0,991.4,6.9,327.0,0.0,146.0,173.95238095238096,72.07619047619048,openaq_ground,197.72813487881982,Unhealthy
2026-02-08 00:00:00,15.5,79.0,990.9,6.8,323.0,0.0,161.0,175.14285714285714,72.87142857142857,openaq_ground,211.40540540540542,Very Unhealthy
2026-02-08 01:00:00,14.8,77.0,990.9,6.4,313.0,0.0,149.0,,,openaq_ground,199.27713382507903,Unhealthy
2026-02-08 02:00:00,14.1,76.0,990.7,6.2,306.0,0.0,154.0,,,openaq_ground,204.46846846846847,Very Unhealthy
2026-02-08 03:00:00,13.5,77.0,990.6,6.3,301.0,0.0,157.0,,,openaq_ground,207.44144144144144,Very Unhealthy
2026-02-08 04:00:00,12.7,79.0,990.1,6.2,278.0,0.0,101.0,,,openaq_ground,174.4931506849315,Unhealthy
2026-02-08 05:00:00,11.9,82.0,989.8,6.4,280.0,0.0,89.9,,,openaq_ground,168.7618545837724,Unhealthy
2026-02-08 06:00:00,11.6,82.0,990.1,7.3,279.0,0.0,82.1,,,openaq_ground,164.73445732349842,Unhealthy
2026-02-08 07:00:00,11.4,81.0,990.7,8.0,278.0,0.0,60.9,,,openaq_ground,153.7881981032666,Unhealthy
2026-02-08 08:00:00,13.0,76.0,991.1,9.5,272.0,0.0,55.3,,,openaq_ground,149.7537688442211,Unhealthy (Sensitive Groups)
2026-02-08 09:00:00,15.4,66.0,992.2,7.0,274.0,0.0,58.8,,,openaq_ground,152.70389884088513,Unhealthy
2026-02-08 10:00:00,17.9,56.0,992.9,7.3,280.0,0.0,58.6,,,openaq_ground,152.60063224446787,Unhealthy
2026-02-08 11:00:00,20.6,46.0,992.6,9.3,285.0,0.0,57.8,,,openaq_ground,152.18756585879873,Unhealthy
2026-02-08 12:00:00,21.9,40.0,992.3,10.8,294.0,0.0,62.1,,,openaq_ground,154.4077976817703,Unhealthy
2026-02-08 13:00:00,22.6,35.0,991.3,11.8,293.0,0.0,84.8,,,openaq_ground,166.12855637513172,Unhealthy
2026-02-08 14:00:00,22.8,36.0,990.4,11.2,296.0,0.0,141.0,,,openaq_ground,195.14646996838778,Unhealthy
2026-02-08 15:00:00,22.5,38.0,989.7,10.6,302.0,0.0,97.0,193.0,84.8,openaq_ground,172.42781875658588,Unhealthy
2026-02-08 16:00:00,21.9,40.0,989.4,9.7,301.0,0.0,105.15,213.0,86.6,openaq_ground,176.6359325605901,Unhealthy
2026-02-08 17:00:00,20.5,45.0,989.1,7.1,289.0,0.0,131.0,217.0,94.8,openaq_ground,189.98314014752373,Unhealthy
2026-02-08 18:00:00,18.1,55.0,989.0,5.4,285.0,0.0,173.0,287.0,95.2,openaq_ground,223.2972972972973,Very Unhealthy
2026-02-08 19:00:00,17.1,60.0,989.5,5.5,281.0,0.0,159.0,269.0,89.3,openaq_ground,209.42342342342343,Very Unhealthy
2026-02-08 20:00:00,16.2,63.0,989.8,5.6,287.0,0.0,145.0,244.0,68.4,openaq_ground,197.2118018967334,Unhealthy
2026-02-08 21:00:00,15.7,65.0,990.0,5.5,287.0,0.0,138.9,206.0,55.4,openaq_ground,194.06217070600633,Unhealthy
2026-02-08 22:00:00,15.3,65.0,989.8,4.6,288.0,0.0,145.65,191.0,65.9,openaq_ground,197.54741833508956,Unhealthy
2026-02-08 23:00:00,14.7,70.0,990.1,4.6,279.0,0.0,132.5,180.0,58.2,openaq_ground,190.75763962065332,Unhealthy
2026-02-09 00:00:00,14.1,70.0,989.7,4.1,272.0,0.0,127.25,168.0,76.3,openaq_ground,188.04689146469968,Unhealthy
2026-02-09 01:00:00,13.3,73.0,989.3,4.3,270.0,0.0,133.4,168.0,69.5,openaq_ground,191.2223393045311,Unhealthy
2026-02-09 02:00:00,12.5,76.0,989.2,3.8,270.0,0.0,139.5,180.0,77.2,openaq_ground,194.37197049525815,Unhealthy
2026-02-09 03:00:00,11.8,78.0,988.9,3.4,286.0,0.0,125.5,171.0,73.9,openaq_ground,187.1433087460485,Unhealthy
2026-02-09 04:00:00,10.9,81.0,988.1,3.8,275.0,0.0,114.5,167.0,101.0,openaq_ground,181.463645943098,Unhealthy
2026-02-09 05:00:00,10.5,86.0,988.4,4.1,257.0,0.0,114.5,193.0,98.4,openaq_ground,181.463645943098,Unhealthy
2026-02-09 06:00:00,11.0,85.0,989.1,3.7,256.0,0.0,138.0,217.0,82.95,openaq_ground,193.59747102212856,Unhealthy
2026-02-09 07:00:00,11.2,85.0,989.9,3.9,254.0,0.0,116.5,241.0,67.5,openaq_ground,182.4963119072708,Unhealthy
2026-02-09 08:00:00,13.0,77.0,991.1,4.5,256.0,0.0,87.5,199.0,102.0,openaq_ground,167.52265542676503,Unhealthy
2026-02-09 09:00:00,15.9,68.0,992.1,0.2,180.0,0.0,77.0,167.0,64.2,openaq_ground,162.10115911485775,Unhealthy
2026-02-09 10:00:00,19.2,52.0,992.9,1.9,119.0,0.0,73.75,167.0,62.1,openaq_ground,160.42307692307693,Unhealthy
2026-02-09 11:00:00,21.7,41.0,992.8,4.5,127.0,0.0,70.0,175.0,75.0,openaq_ground,158.4868282402529,Unhealthy
2026-02-09 12:00:00,23.2,36.0,992.3,4.9,129.0,0.0,54.8,160.0,71.4,openaq_ground,148.52261306532662,Unhealthy (Sensitive Groups)
2026-02-09 13:00:00,23.7,35.0,991.2,5.5,131.0,0.0,58.65,147.0,89.0,openaq_ground,152.6264488935722,Unhealthy
2026-02-09 14:00:00,24.0,36.0,990.3,6.2,123.0,0.0,79.65,158.0,86.1,openaq_ground,163.4694415173867,Unhealthy
2026-02-09 15:00:00,23.9,38.0,990.0,6.7,121.0,0.0,101.65,185.0,107.0,openaq_ground,174.82876712328766,Unhealthy
2026-02-09 16:00:00,23.2,41.0,989.9,7.8,119.0,0.0,106.4,203.0,88.1,openaq_ground,177.2813487881981,Unhealthy
2026-02-09 17:00:00,22.0,42.0,989.5,8.3,129.0,0.0,109.0,182.0,93.1,openaq_ground,178.62381454162275,Unhealthy
2026-02-09 18:00:00,20.2,48.0,989.8,6.8,143.0,0.0,157.5,236.0,88.7,openaq_ground,207.93693693693695,Very Unhealthy
2026-02-09 19:00:00,18.3,57.0,990.4,4.4,128.0,0.0,160.5,257.0,76.0,openaq_ground,210.9099099099099,Very Unhealthy
2026-02-09 20:00:00,17.2,63.0,990.8,5.0,103.0,0.0,136.5,215.0,80.3,openaq_ground,192.82297154899896,Unhealthy
2026-02-09 21:00:00,16.2,66.0,991.1,4.9,123.0,0.0,123.4,208.0,70.9,openaq_ground,186.059009483667,Unhealthy
2026-02-09 22:00:00,15.5,68.0,990.9,5.1,135.0,0.0,134.5,199.0,79.0,openaq_ground,191.79030558482614,Unhealthy
2026-02-09 23:00:00,14.9,75.0,990.6,5.7,131.0,0.0,157.5,215.0,77.6,openaq_ground,207.93693693693695,Very Unhealthy
2026-02-10 00:00:00,14.1,79.0,990.3,5.2,121.0,0.0,144.25,193.0,87.9,openaq_ground,196.8245521601686,Unhealthy
2026-02-10 01:00:00,13.6,80.0,989.9,5.2,106.0,0.0,143.5,187.0,87.2,openaq_ground,196.4373024236038,Unhealthy
2026-02-10 02:00:00,13.0,80.0,989.7,4.6,108.0,0.0,169.9,201.0,98.5,openaq_ground,220.22522522522524,Very Unhealthy
2026-02-10 03:00:00,12.6,80.0,989.3,4.5,83.0,0.0,208.0,275.0,138.0,openaq_ground,257.98198198198196,Very Unhealthy
2026-02-10 04:00:00,12.4,80.0,989.0,5.6,90.0,0.0,207.5,315.0,96.8,openaq_ground,257.48648648648646,Very Unhealthy
2026-02-10 05:00:00,11.8,86.0,989.6,5.3,145.0,0.0,145.75,240.0,56.3,openaq_ground,197.59905163329822,Unhealthy
2026-02-10 06:00:00,11.7,86.0,990.1,5.0,150.0,0.0,107.85,184.0,47.0,openaq_ground,178.03003161222338,Unhealthy
2026-02-10 07:00:00,11.6,86.0,991.0,5.0,154.0,0.0,79.9,181.0,49.8,openaq_ground,163.59852476290834,Unhealthy
2026-02-10 08:00:00,13.8,76.0,992.0,5.9,125.0,0.0,43.95,140.0,56.6,openaq_ground,121.80653266331659,Unhealthy (Sensitive Groups)
2026-02-10 09:00:00,17.0,63.0,992.7,4.2,121.0,0.0,41.375,133.0,70.0,openaq_ground,115.46608040201005,Unhealthy (Sensitive Groups)
2026-02-10 10:00:00,20.2,52.0,993.2,5.1,132.0,0.0,49.6,147.0,78.9,openaq_ground,135.71859296482413,Unhealthy (Sensitive Groups)
2026-02-10 11:00:00,22.7,43.0,993.2,6.1,161.0,0.0,54.95,184.0,83.8,openaq_ground,148.891959798995,Unhealthy (Sensitive Groups)
2026-02-10 12:00:00,25.0,35.0,992.7,5.8,178.0,0.0,76.9,241.0,94.5,openaq_ground,162.04952581664912,Unhealthy
2026-02-10 13:00:00,26.2,30.0,991.7,5.2,182.0,0.0,80.4,241.0,141.0,openaq_ground,163.85669125395154,Unhealthy
2026-02-10 14:00:00,26.9,27.0,990.6,4.3,195.0,0.0,112.5,289.0,146.66250000000002,openaq_ground,180.4309799789252,Unhealthy
2026-02-10 15:00:00,27.2,26.0,990.3,3.1,208.0,0.0,143.0,309.0,146.66250000000002,openaq_ground,196.1791359325606,Unhealthy
2026-02-10 16:00:00,26.9,25.0,990.1,1.5,210.0,0.0,142.5,274.0,146.66250000000002,openaq_ground,195.9209694415174,Unhealthy
2026-02-10 17:00:00,25.1,34.0,990.4,7.2,55.0,0.0,153.5,272.0,146.66250000000002,openaq_ground,203.97297297297297,Very Unhealthy
2026-02-10 18:00:00,22.9,47.0,991.2,6.5,77.0,0.0,182.0,288.0,137.0,openaq_ground,232.21621621621622,Very Unhealthy
2026-02-10 19:00:00,21.3,54.0,991.9,3.9,74.0,0.0,180.0,282.0,146.66250000000002,openaq_ground,230.23423423423424,Very Unhealthy
2026-02-10 20:00:00,20.2,60.0,992.8,3.8,90.0,0.0,159.9,240.0,146.66250000000002,openaq_ground,210.31531531531533,Very Unhealthy
2026-02-10 21:00:00,19.3,65.0,993.4,4.5,92.0,0.0,155.5,228.0,146.66250000000002,openaq_ground,205.95495495495496,Very Unhealthy
2026-02-10 22:00:00,18.6,68.0,993.7,5.6,92.0,0.0,234.5,378.0,146.66250000000002,openaq_ground,284.2432432432432,Very Unhealthy
2026-02-10 23:00:00,17.5,76.0,993.7,4.7,113.0,0.0,324.0,500.0,121.0,openaq_ground,394.9873417721519,Hazardous
2026-02-11 00:00:00,16.6,79.0,993.4,4.1,124.0,0.0,277.5,354.0,97.9,openaq_ground,327.7567567567568,Hazardous
2026-02-11 01:00:00,16.2,80.0,993.1,2.5,120.0,0.0,242.0,279.0,103.0,openaq_ground,291.6756756756757,Very Unhealthy
2026-02-11 02:00:00,16.3,79.0,992.8,1.5,30.0,0.0,247.5,293.0,146.66250000000002,openaq_ground,297.1261261261261,Very Unhealthy
2026-02-11 03:00:00,16.0,80.0,992.8,3.3,347.0,0.0,239.0,388.0,146.66250000000002,openaq_ground,288.7027027027027,Very Unhealthy
2026-02-11 04:00:00,15.3,82.0,992.4,2.6,286.0,0.0,255.5,471.0,123.0,openaq_ground,358.6455696202532,Hazardous
2026-02-11 05:00:00,14.7,84.0,992.8,5.2,250.0,0.0,137.75,264.0,66.9,openaq_ground,193.46838777660696,Unhealthy
2026-02-11 06:00:00,14.6,84.0,993.3,4.7,247.0,0.0,102.0,221.0,65.0,openaq_ground,175.00948366701792,Unhealthy
2026-02-11 07:00:00,15.2,81.0,994.0,4.9,253.0,0.0,87.75,218.0,56.8,openaq_ground,167.65173867228663,Unhealthy
2026-02-11 08:00:00,17.2,71.0,994.7,5.8,250.0,0.0,51.55,150.0,51.0,openaq_ground,140.52010050251255,Unhealthy (Sensitive Groups)
2026-02-11 09:00:00,20.2,58.0,996.0,4.8,307.0,0.0,42.05,136.0,48.5,openaq_ground,117.12814070351759,Unhealthy (Sensitive Groups)
2026-02-11 10:00:00,23.0,46.0,996.6,6.8,297.0,0.0,62.2,137.0,60.7,openaq_ground,154.45943097997892,Unhealthy
2026-02-11 11:00:00,25.1,37.0,996.1,9.0,296.0,0.0,63.65,176.0,63.3,openaq_ground,155.20811380400423,Unhealthy
2026-02-11 12:00:00,26.4,32.0,995.2,9.2,312.0,0.0,45.3,124.0,57.9,openaq_ground,125.13065326633165,Unhealthy (Sensitive Groups)
2026-02-11 13:00:00,27.0,32.0,994.3,10.1,321.0,0.0,104.0,101.0,65.4,openaq_ground,176.04214963119074,Unhealthy
2026-02-11 14:00:00,27.1,31.0,993.7,11.1,320.0,0.0,94.5,148.0,82.9,openaq_ground,171.13698630136986,Unhealthy
2026-02-11 15:00:00,26.8,32.0,993.3,11.6,321.0,0.0,96.15,208.0,87.9,openaq_ground,171.98893572181242,Unhealthy
2026-02-11 16:00:00,25.9,36.0,993.1,11.6,325.0,0.0,85.5,195.0,79.5,openaq_ground,166.4899894625922,Unhealthy
2026-02-11 17:00:00,24.7,39.0,992.9,10.7,327.0,0.0,89.5,132.0,74.8,openaq_ground,168.55532139093782,Unhealthy
2026-02-11 18:00:00,23.2,46.0,993.4,8.1,325.0,0.0,108.0,132.0,72.4,openaq_ground,178.10748155953635,Unhealthy
2026-02-11 19:00:00,22.2,52.0,993.9,7.7,329.0,0.0,60.35,132.0,70.0,openaq_ground,153.50421496311907,Unhealthy
2026-02-11 20:00:00,21.1,56.0,994.1,7.7,332.0,0.0,63.65,126.0,83.8,openaq_ground,155.20811380400423,Unhealthy
2026-02-11 21:00:00,20.3,56.0,994.3,8.6,338.0,0.0,74.65,125.0,69.4,openaq_ground,160.8877766069547,Unhealthy
2026-02-11 22:00:00,19.3,57.0,994.1,8.1,336.0,0.0,77.5,120.0,65.2,openaq_ground,162.35932560590095,Unhealthy
2026-02-11 23:00:00,18.5,60.0,994.0,8.5,335.0,0.0,85.0,130.0,60.6,openaq_ground,166.231822971549,Unhealthy
2026-02-12 00:00:00,17.7,61.0,993.6,7.8,326.0,0.0,79.0,114.0,56.7,openaq_ground,163.13382507903057,Unhealthy
2026-02-12 01:00:00,17.0,62.0,993.6,7.0,318.0,0.0,129.0,97.8,75.0,openaq_ground,188.9504741833509,Unhealthy
2026-02-12 02:00:00,16.2,63.0,993.3,6.3,309.0,0.0,107.0,138.0,81.2,openaq_ground,177.59114857744996,Unhealthy
2026-02-12 03:00:00,15.4,65.0,992.8,6.1,302.0,0.0,102.15,182.0,74.8,openaq_ground,175.0869336143309,Unhealthy
2026-02-12 04:00:00,14.5,68.0,992.2,6.0,291.0,0.0,78.65,194.0,69.0,openaq_ground,162.95310853530032,Unhealthy
2026-02-12 05:00:00,14.1,76.0,992.7,7.6,284.0,0.0,60.0,189.0,59.4,openaq_ground,153.32349841938884,Unhealthy
2026-02-12 06:00:00,13.4,80.0,993.0,6.5,278.0,0.0,48.3,157.0,53.7,openaq_ground,132.5175879396985,Unhealthy (Sensitive Groups)
2026-02-12 07:00:00,13.0,82.0,993.2,6.9,275.0,0.0,48.4,143.0,48.4,openaq_ground,132.7638190954774,Unhealthy (Sensitive Groups)
2026-02-12 08:00:00,14.5,74.0,994.1,7.9,270.0,0.0,47.6,106.0,44.2,openaq_ground,130.79396984924625,Unhealthy (Sensitive Groups)
2026-02-12 09:00:00,17.0,63.0,995.1,7.6,269.0,0.0,49.4,83.0,43.0,openaq_ground,135.22613065326632,Unhealthy (Sensitive Groups)
2026-02-12 10:00:00,19.7,53.0,995.7,8.0,275.0,0.0,43.4,85.5,44.4,openaq_ground,120.45226130653266,Unhealthy (Sensitive Groups)
2026-02-12 11:00:00,22.2,46.0,995.5,9.1,284.0,0.0,39.0,98.5,47.1,openaq_ground,109.61809045226131,Unhealthy (Sensitive Groups)
2026-02-12 12:00:00,24.0,35.0,994.6,12.0,288.0,0.0,44.9,98.3,52.8,openaq_ground,124.14572864321607,Unhealthy (Sensitive Groups)
2026-02-12 13:00:00,24.8,28.0,993.7,12.6,292.0,0.0,60.7,106.0,62.1,openaq_ground,153.68493150684932,Unhealthy
2026-02-12 14:00:00,25.1,27.0,992.9,12.4,292.0,0.0,73.0,131.0,82.1,openaq_ground,160.0358271865121,Unhealthy
2026-02-12 15:00:00,24.8,28.0,992.5,11.4,291.0,0.0,81.5,177.0,106.0,openaq_ground,164.42465753424656,Unhealthy
2026-02-12 16:00:00,24.2,30.0,992.2,9.8,296.0,0.0,94.75,212.0,124.0,openaq_ground,171.26606954689146,Unhealthy
2026-02-12 17:00:00,22.7,37.0,991.8,10.1,305.0,0.0,106.5,234.0,123.0,openaq_ground,177.33298208640673,Unhealthy
2026-02-12 18:00:00,21.2,42.0,991.8,7.1,306.0,0.0,148.0,262.0,142.0,openaq_ground,198.76080084299264,Unhealthy
2026-02-12 19:00:00,20.3,47.0,992.0,6.0,303.0,0.0,170.5,289.0,146.66250000000002,openaq_ground,220.81981981981983,Very Unhealthy
2026-02-12 20:00:00,19.3,53.0,992.4,5.5,293.0,0.0,152.25,239.0,99.5,openaq_ground,202.73423423423424,Very Unhealthy
2026-02-12 21:00:00,18.2,57.0,992.5,5.0,300.0,0.0,133.5,187.0,86.2,openaq_ground,191.27397260273972,Unhealthy
2026-02-12 22:00:00,17.8,56.0,992.2,4.8,295.0,0.0,127.25,172.0,70.4,openaq_ground,188.04689146469968,Unhealthy
2026-02-12 23:00:00,17.3,58.0,991.8,5.7,281.0,0.0,144.15,181.0,65.8,openaq_ground,196.77291886195997,Unhealthy
2026-02-13 00:00:00,16.7,59.0,991.6,5.8,279.0,0.0,141.75,170.0,65.4,openaq_ground,195.53371970495257,Unhealthy
2026-02-13 01:00:00,15.9,62.0,991.3,6.0,279.0,0.0,148.4,183.0,71.1,openaq_ground,198.9673340358272,Unhealthy
2026-02-13 02:00:00,15.2,65.0,990.7,6.0,275.0,0.0,115.4,172.0,102.0,openaq_ground,181.92834562697578,Unhealthy
2026-02-13 03:00:00,14.7,67.0,990.5,6.1,284.0,0.0,109.15,189.0,83.8,openaq_ground,178.70126448893572,Unhealthy
2026-02-13 04:00:00,13.8,70.0,989.7,4.9,278.0,0.0,78.15,182.0,67.7,openaq_ground,162.69494204425712,Unhealthy
2026-02-13 05:00:00,13.2,79.0,990.1,5.4,284.0,0.0,51.05,162.0,55.1,openaq_ground,139.2889447236181,Unhealthy (Sensitive Groups)
2026-02-13 06:00:00,12.8,79.0,990.2,4.9,278.0,0.0,42.3,111.0,56.4,openaq_ground,117.74371859296483,Unhealthy (Sensitive Groups)
2026-02-13 07:00:00,12.7,78.0,990.9,6.0,265.0,0.0,41.1,126.0,48.9,openaq_ground,114.7889447236181,Unhealthy (Sensitive Groups)
2026-02-13 08:00:00,14.4,68.0,991.6,6.9,255.0,0.0,58.1,110.0,45.5,openaq_ground,152.34246575342465,Unhealthy
2026-02-13 09:00:00,17.2,55.0,992.5,6.6,261.0,0.0,52.6,101.0,46.3,openaq_ground,143.10552763819095,Unhealthy (Sensitive Groups)
2026-02-13 10:00:00,20.0,44.0,993.0,7.8,263.0,0.0,51.5,88.0,48.9,openaq_ground,140.39698492462313,Unhealthy (Sensitive Groups)
2026-02-13 11:00:00,22.5,37.0,993.1,9.7,269.0,0.0,37.2,118.0,51.8,openaq_ground,105.18592964824121,Unhealthy (Sensitive Groups)
2026-02-13 12:00:00,24.0,32.0,992.3,8.8,282.0,0.0,66.2,112.0,60.2,openaq_ground,156.52476290832456,Unhealthy
2026-02-13 13:00:00,24.9,30.0,991.5,8.0,290.0,0.0,85.8,105.0,75.7,openaq_ground,166.64488935721812,Unhealthy
2026-02-13 14:00:00,25.4,29.0,990.7,7.2,297.0,0.0,76.5,135.0,100.0,openaq_ground,161.84299262381455,Unhealthy
2026-02-13 15:00:00,25.5,30.0,990.5,7.4,299.0,0.0,92.0,179.0,115.0,openaq_ground,169.84615384615384,Unhealthy
2026-02-13 16:00:00,24.9,32.0,990.0,7.2,298.0,0.0,105.5,240.0,146.66250000000002,openaq_ground,176.81664910432033,Unhealthy
2026-02-13 17:00:00,23.6,33.0,989.8,7.6,297.0,0.0,125.0,316.0,146.66250000000002,openaq_ground,186.88514225500526,Unhealthy
2026-02-13 18:00:00,22.0,39.0,990.1,5.4,285.0,0.0,143.5,292.0,146.66250000000002,openaq_ground,196.4373024236038,Unhealthy
2026-02-13 19:00:00,20.6,48.0,990.6,4.3,268.0,0.0,150.5,268.0,146.66250000000002,openaq_ground,201.0,Very Unhealthy
2026-02-13 20:00:00,19.3,55.0,991.2,2.9,266.0,0.0,143.5,237.0,137.0,openaq_ground,196.4373024236038,Unhealthy
2026-02-13 21:00:00,19.2,57.0,991.5,0.7,270.0,0.0,144.15,226.0,138.0,openaq_ground,196.77291886195997,Unhealthy
2026-02-13 22:00:00,18.8,56.0,991.4,0.7,90.0,0.0,142.4,204.0,141.0,openaq_ground,195.86933614330874,Unhealthy
2026-02-13 23:00:00,18.6,62.0,991.4,0.5,90.0,0.0,173.5,219.0,146.66250000000002,openaq_ground,223.7927927927928,Very Unhealthy
2026-02-14 00:00:00,18.2,59.0,991.1,1.2,333.0,0.0,200.0,227.0,133.0,openaq_ground,250.05405405405406,Very Unhealthy
2026-02-14 01:00:00,17.3,61.0,990.7,2.1,301.0,0.0,213.0,218.0,109.0,openaq_ground,262.93693693693695,Very Unhealthy
2026-02-14 02:00:00,15.7,68.0,990.2,3.5,294.0,0.0,197.5,223.0,115.0,openaq_ground,247.57657657657657,Very Unhealthy
2026-02-14 03:00:00,14.3,74.0,989.8,4.9,294.0,0.0,144.0,228.0,91.5,openaq_ground,196.695468914647,Unhealthy
2026-02-14 04:00:00,13.4,77.0,989.2,4.4,282.0,0.0,79.0,185.0,69.6,openaq_ground,163.13382507903057,Unhealthy
2026-02-14 05:00:00,12.8,84.0,989.4,4.2,263.0,0.0,58.2,156.0,56.6,openaq_ground,152.3940990516333,Unhealthy
2026-02-14 06:00:00,12.6,84.0,989.8,4.3,265.0,0.0,49.25,146.0,54.2,openaq_ground,134.856783919598,Unhealthy (Sensitive Groups)
2026-02-14 07:00:00,12.5,81.0,990.3,5.8,261.0,0.0,60.2,161.0,54.4,openaq_ground,153.42676501580613,Unhealthy
2026-02-14 08:00:00,14.6,69.0,991.2,6.9,256.0,0.0,41.875,140.0,46.2,openaq_ground,116.69723618090453,Unhealthy (Sensitive Groups)
2026-02-14 09:00:00,17.9,54.0,992.0,6.0,254.0,0.0,28.25,114.0,42.4,openaq_ground,84.96351931330472,Moderate
2026-02-14 10:00:00,21.5,41.0,992.1,7.1,260.0,0.0,30.85,107.0,52.0,openaq_ground,90.43133047210301,Moderate
2026-02-14 11:00:00,24.0,33.0,991.8,8.3,264.0,0.0,35.3,127.0,56.8,openaq_ground,99.78969957081546,Moderate
2026-02-14 12:00:00,25.6,29.0,991.1,8.6,278.0,0.0,43.1,129.0,64.6,openaq_ground,119.71356783919599,Unhealthy (Sensitive Groups)
2026-02-14 13:00:00,26.4,28.0,990.3,9.5,289.0,0.0,52.8,140.0,90.9,openaq_ground,143.59798994974875,Unhealthy (Sensitive Groups)
2026-02-14 14:00:00,26.9,26.0,989.6,10.6,296.0,0.0,76.25,176.0,104.0,openaq_ground,161.71390937829295,Unhealthy
2026-02-14 15:00:00,26.5,29.0,989.2,11.4,297.0,0.0,97.75,197.0,118.0,openaq_ground,172.81506849315068,Unhealthy
2026-02-14 16:00:00,25.8,33.0,988.8,10.2,294.0,0.0,113.0,221.0,122.0,openaq_ground,180.6891464699684,Unhealthy
2026-02-14 17:00:00,24.7,33.0,988.7,10.4,300.0,0.0,133.0,219.0,103.0,openaq_ground,191.01580611169652,Unhealthy
2026-02-14 18:00:00,23.3,37.0,988.8,7.6,298.0,0.0,136.5,215.0,146.66250000000002,openaq_ground,192.82297154899896,Unhealthy
2026-02-14 19:00:00,22.2,42.0,989.3,5.7,288.0,0.0,168.0,241.0,144.0,openaq_ground,218.34234234234233,Very Unhealthy
2026-02-14 20:00:00,21.1,47.0,989.3,4.7,293.0,0.0,171.5,222.0,102.0,openaq_ground,221.8108108108108,Very Unhealthy
2026-02-14 21:00:00,20.5,50.0,989.3,5.2,314.0,0.0,145.65,193.0,78.6,openaq_ground,197.54741833508956,Unhealthy
2026-02-14 22:00:00,20.1,52.0,989.2,5.3,322.0,0.0,117.75,160.0,74.0,openaq_ground,183.1417281348788,Unhealthy
2026-02-14 23:00:00,19.0,60.0,989.5,4.6,288.0,0.0,103.4,142.0,69.8,openaq_ground,175.73234984193888,Unhealthy
2026-02-15 00:00:00,17.7,65.0,989.1,4.7,272.0,0.0,86.9,128.0,61.5,openaq_ground,167.21285563751317,Unhealthy
2026-02-15 01:00:00,16.6,70.0,988.6,4.2,277.0,0.0,82.25,122.0,63.6,openaq_ground,164.8119072708114,Unhealthy
2026-02-15 02:00:00,15.8,74.0,988.5,4.3,272.0,0.0,86.4,139.0,77.2,openaq_ground,166.95468914646997,Unhealthy
2026-02-15 03:00:00,15.2,76.0,988.3,4.9,266.0,0.0,115.65,193.0,76.2,openaq_ground,182.05742887249738,Unhealthy
2026-02-15 04:00:00,14.5,78.0,988.2,5.2,264.0,0.0,107.5,210.0,73.4,openaq_ground,177.84931506849315,Unhealthy
2026-02-15 05:00:00,13.5,87.0,988.0,4.9,266.0,0.0,88.4,209.0,56.9,openaq_ground,167.9873551106428,Unhealthy
2026-02-15 06:00:00,13.6,85.0,988.7,4.9,280.0,0.0,62.25,172.0,53.8,openaq_ground,154.48524762908323,Unhealthy
2026-02-15 07:00:00,13.9,83.0,989.3,5.1,274.0,0.0,61.2,166.0,49.3,openaq_ground,153.94309799789252,Unhealthy
2026-02-15 08:00:00,16.4,71.0,989.9,5.9,270.0,0.0,33.765,136.0,44.9,openaq_ground,96.56158798283262,Moderate
2026-02-15 09:00:00,19.9,57.0,991.1,5.2,270.0,0.0,32.175,129.0,42.8,openaq_ground,93.21781115879827,Moderate
2026-02-15 10:00:00,22.9,46.0,991.3,7.1,276.0,0.0,29.9,123.0,43.7,openaq_ground,88.43347639484978,Moderate
2026-02-15 11:00:00,25.3,39.0,991.1,9.6,278.0,0.0,49.4,105.0,50.2,openaq_ground,135.22613065326632,Unhealthy (Sensitive Groups)
2026-02-15 12:00:00,26.8,33.0,990.6,11.5,280.0,0.0,57.1,121.0,58.5,openaq_ground,151.82613277133825,Unhealthy
2026-02-15 13:00:00,27.7,30.0,989.7,12.1,280.0,0.0,48.25,136.0,81.1,openaq_ground,132.39447236180905,Unhealthy (Sensitive Groups)
2026-02-15 14:00:00,28.1,26.0,989.1,12.3,285.0,0.0,61.15,169.0,108.0,openaq_ground,153.9172813487882,Unhealthy
2026-02-15 15:00:00,27.9,26.0,988.6,11.9,290.0,0.0,95.25,208.0,130.0,openaq_ground,171.52423603793466,Unhealthy
2026-02-15 16:00:00,27.3,26.0,988.2,11.4,295.0,0.0,111.65,233.0,145.0,openaq_ground,179.99209694415174,Unhealthy
2026-02-15 17:00:00,26.1,28.0,988.4,8.6,292.0,0.0,113.5,243.0,144.0,openaq_ground,180.9473129610116,Unhealthy
2026-02-15 18:00:00,23.9,36.0,988.5,4.4,305.0,0.0,124.5,228.0,146.66250000000002,openaq_ground,186.62697576396207,Unhealthy
2026-02-15 19:00:00,23.1,40.0,988.8,2.3,337.0,0.0,125.4,241.0,146.66250000000002,openaq_ground,187.09167544783983,Unhealthy
2026-02-15 20:00:00,22.5,42.0,989.1,1.4,50.0,0.0,135.5,267.0,120.0,openaq_ground,192.30663856691254,Unhealthy
2026-02-15 21:00:00,21.4,45.0,989.5,1.9,158.0,0.0,122.5,221.0,114.0,openaq_ground,185.59430979978924,Unhealthy
2026-02-15 22:00:00,20.3,49.0,989.6,2.2,166.0,0.0,127.5,190.0,138.0,openaq_ground,188.17597471022128,Unhealthy
2026-02-15 23:00:00,19.9,53.0,989.5,0.6,56.0,0.0,163.0,240.0,146.66250000000002,openaq_ground,213.38738738738738,Very Unhealthy
2026-02-16 00:00:00,19.4,56.0,989.2,0.2,180.0,0.0,169.0,251.0,134.0,openaq_ground,219.33333333333334,Very Unhealthy
2026-02-16 01:00:00,19.4,56.0,988.8,0.2,270.0,0.0,135.0,173.0,105.0,openaq_ground,192.04847207586934,Unhealthy
2026-02-16 02:00:00,19.1,56.0,988.2,0.4,270.0,0.0,129.0,168.0,121.0,openaq_ground,188.9504741833509,Unhealthy
2026-02-16 03:00:00,17.8,61.0,987.9,1.5,284.0,0.0,148.65,234.0,137.0,openaq_ground,199.0964172813488,Unhealthy
2026-02-16 04:00:00,15.8,71.0,987.5,5.5,257.0,0.0,156.0,231.28571428571428,134.36785714285713,openaq_ground,206.45045045045046,Very Unhealthy
2026-02-16 05:00:00,14.0,85.0,987.8,5.2,250.0,0.0,75.1,228.57142857142858,131.7357142857143,openaq_ground,161.12012644889356,Unhealthy
2026-02-16 06:00:00,13.1,89.0,987.9,4.1,255.0,0.0,58.5,225.85714285714286,129.10357142857143,openaq_ground,152.54899894625922,Unhealthy
2026-02-16 07:00:00,13.5,87.0,988.8,4.4,243.0,0.0,94.7,223.14285714285714,126.47142857142858,openaq_ground,171.24025289778714,Unhealthy
2026-02-16 08:00:00,16.6,70.0,989.7,5.2,245.0,0.0,119.0,220.42857142857142,123.83928571428572,openaq_ground,183.78714436248683,Unhealthy
2026-02-16 09:00:00,21.1,51.0,990.7,3.7,235.0,0.0,157.0,217.71428571428572,121.20714285714286,openaq_ground,207.44144144144144,Very Unhealthy
2026-02-16 10:00:00,24.6,38.0,991.1,3.2,218.0,0.0,138.0,,,openaq_ground,193.59747102212856,Unhealthy
2026-02-16 11:00:00,27.0,30.0,990.8,3.3,186.0,0.0,106.0,,,openaq_ground,177.07481559536353,Unhealthy
2026-02-16 12:00:00,29.0,23.0,990.2,1.6,186.0,0.0,90.8,,,openaq_ground,169.22655426765016,Unhealthy
2026-02-16 13:00:00,29.9,19.0,989.1,1.9,287.0,0.0,93.1,,,openaq_ground,170.4141201264489,Unhealthy
2026-02-16 14:00:00,30.3,18.0,987.8,3.9,298.0,0.0,108.0,,,openaq_ground,178.10748155953635,Unhealthy
2026-02-16 15:00:00,30.3,17.0,987.1,6.3,301.0,0.0,126.0,,,openaq_ground,187.4014752370917,Unhealthy
2026-02-16 16:00:00,29.3,20.0,986.8,7.7,348.0,0.0,137.0,,,openaq_ground,193.08113804004216,Unhealthy
2026-02-16 17:00:00,25.5,40.0,986.9,12.1,100.0,0.0,157.0,,,openaq_ground,207.44144144144144,Very Unhealthy
2026-02-16 18:00:00,24.3,43.0,987.2,8.7,108.0,0.0,158.0,,,openaq_ground,208.43243243243242,Very Unhealthy
2026-02-16 19:00:00,23.3,47.0,987.7,8.1,107.0,0.0,153.0,,,openaq_ground,203.47747747747746,Very Unhealthy
2026-02-16 20:00:00,22.3,52.0,988.2,7.0,111.0,0.0,158.0,,,openaq_ground,208.43243243243242,Very Unhealthy
2026-02-16 21:00:00,21.3,57.0,988.9,6.7,117.0,0.0,167.0,,,openaq_ground,217.35135135135135,Very Unhealthy
2026-02-16 22:00:00,20.4,60.0,988.8,5.5,122.0,0.0,191.0,,,openaq_ground,241.13513513513513,Very Unhealthy
2026-02-16 23:00:00,19.7,64.0,989.1,7.2,129.0,0.0,198.0,,,openaq_ground,248.07207207207207,Very Unhealthy
2026-02-17 00:00:00,19.2,66.0,989.1,6.3,127.0,0.0,205.0,,,openaq_ground,255.009009009009,Very Unhealthy
2026-02-17 01:00:00,18.3,70.0,989.1,5.9,108.0,0.0,193.0,,,openaq_ground,243.11711711711712,Very Unhealthy
2026-02-17 02:00:00,17.5,72.0,989.0,7.0,102.0,0.0,173.0,,,openaq_ground,223.2972972972973,Very Unhealthy
2026-02-17 03:00:00,16.8,74.0,989.1,7.5,114.0,0.0,125.0,,,openaq_ground,186.88514225500526,Unhealthy
2026-02-17 04:00:00,16.3,76.0,989.1,8.1,111.0,0.0,124.0,,,openaq_ground,186.36880927291887,Unhealthy
2026-02-17 05:00:00,16.1,73.0,989.4,9.5,117.0,0.0,84.0,,,openaq_ground,165.71548998946258,Unhealthy
2026-02-17 06:00:00,15.9,74.0,989.8,9.7,125.0,0.0,59.8,,,openaq_ground,153.22023182297156,Unhealthy
2026-02-17 07:00:00,16.0,73.0,990.6,10.1,131.0,0.0,32.3,158.0,63.3,openaq_ground,102.48484848484848,Unhealthy (Sensitive Groups)
2026-02-17 08:00:00,17.7,65.0,991.3,9.1,128.0,0.0,28.15,152.0,62.1,openaq_ground,99.01010101010101,Moderate
2026-02-17 09:00:00,20.5,55.0,992.2,8.4,125.0,0.0,23.9,131.0,54.3,openaq_ground,88.61616161616162,Moderate
2026-02-17 10:00:00,23.6,43.0,992.3,10.6,133.0,0.0,43.8,119.0,57.4,openaq_ground,121.43718592964824,Unhealthy (Sensitive Groups)
2026-02-17 11:00:00,25.9,34.0,992.0,11.8,140.0,0.0,43.4,121.0,80.1,openaq_ground,120.45226130653266,Unhealthy (Sensitive Groups)
2026-02-17 12:00:00,27.7,29.0,991.6,9.5,147.0,0.0,53.0,127.0,84.5,openaq_ground,144.09045226130655,Unhealthy (Sensitive Groups)
2026-02-17 13:00:00,28.8,27.0,990.6,8.2,147.0,0.0,70.6,123.0,88.2,openaq_ground,158.79662802950475,Unhealthy
2026-02-17 14:00:00,29.2,25.0,989.3,7.6,137.0,0.0,42.15,130.0,96.4,openaq_ground,117.37437185929647,Unhealthy (Sensitive Groups)
2026-02-17 15:00:00,29.0,27.0,988.6,8.5,138.0,0.0,47.35,149.0,105.0,openaq_ground,130.178391959799,Unhealthy (Sensitive Groups)
2026-02-17 16:00:00,28.2,30.0,988.4,9.9,142.0,0.0,72.0,185.0,121.0,openaq_ground,159.5194942044257,Unhealthy
2026-02-17 17:00:00,26.8,33.0,988.3,12.5,133.0,0.0,135.0,193.77777777777777,116.08888888888889,openaq_ground,192.04847207586934,Unhealthy
2026-02-17 18:00:00,25.0,42.0,988.6,7.5,136.0,0.0,138.0,202.55555555555554,111.17777777777778,openaq_ground,193.59747102212856,Unhealthy
2026-02-17 19:00:00,23.6,49.0,989.1,4.2,149.0,0.0,144.0,211.33333333333334,106.26666666666667,openaq_ground,196.695468914647,Unhealthy
2026-02-17 20:00:00,22.5,56.0,989.6,4.9,129.0,0.0,152.0,220.11111111111111,101.35555555555555,openaq_ground,202.48648648648648,Very Unhealthy
2026-02-17 21:00:00,21.4,63.0,989.7,4.9,118.0,0.0,166.0,228.88888888888889,96.44444444444444,openaq_ground,216.36036036036035,Very Unhealthy
2026-02-17 22:00:00,20.3,69.0,989.5,4.4,117.0,0.0,179.0,237.66666666666669,91.53333333333333,openaq_ground,229.24324324324323,Very Unhealthy
2026-02-17 23:00:00,19.6,76.0,989.5,3.0,107.0,0.0,179.0,,,openaq_ground,229.24324324324323,Very Unhealthy
2026-02-18 00:00:00,18.9,78.0,988.8,4.0,95.0,0.0,169.0,,,openaq_ground,219.33333333333334,Very Unhealthy
2026-02-18 01:00:00,18.3,80.0,988.8,3.9,106.0,0.0,175.25,264.0,76.8,openaq_ground,225.52702702702703,Very Unhealthy
2026-02-18 02:00:00,18.0,79.0,988.5,4.6,116.0,0.0,124.15,176.0,75.3,openaq_ground,186.44625922023184,Unhealthy
2026-02-18 03:00:00,17.6,80.0,988.8,0.5,225.0,0.0,127.15,183.0,101.0,openaq_ground,187.99525816649106,Unhealthy
2026-02-18 04:00:00,17.5,81.0,988.9,2.3,293.0,0.0,103.35,168.0,77.1,openaq_ground,175.70653319283457,Unhealthy
2026-02-18 05:00:00,18.4,80.0,989.9,7.7,300.0,0.0,45.75,124.0,68.4,openaq_ground,126.23869346733669,Unhealthy (Sensitive Groups)
2026-02-18 06:00:00,18.7,78.0,990.6,6.3,273.0,0.0,88.3,99.5,60.7,openaq_ground,167.93572181243414,Unhealthy
2026-02-18 07:00:00,17.9,80.0,991.5,7.2,295.0,0.0,74.5,95.0,69.4,openaq_ground,160.81032665964173,Unhealthy
2026-02-18 08:00:00,18.4,79.0,992.4,3.3,22.0,0.4,60.8,135.0,12.6,openaq_ground,153.73656480505795,Unhealthy
2026-02-18 09:00:00,19.0,76.0,993.0,4.9,39.0,0.0,51.6,108.0,6.3,openaq_ground,140.64321608040203,Unhealthy (Sensitive Groups)
2026-02-18 10:00:00,19.7,70.0,993.5,2.7,122.0,0.0,53.6,81.0,0.0,openaq_ground,145.5678391959799,Unhealthy (Sensitive Groups)
2026-02-18 11:00:00,19.1,73.0,993.2,4.6,26.0,0.1,49.6,96.8,40.1,openaq_ground,135.71859296482413,Unhealthy (Sensitive Groups)
2026-02-18 12:00:00,22.3,52.0,993.5,5.3,348.0,0.4,61.2,137.0,42.5,openaq_ground,153.94309799789252,Unhealthy
2026-02-18 13:00:00,23.4,41.0,992.5,7.9,349.0,0.0,77.2,97.3,37.7,openaq_ground,162.20442571127504,Unhealthy
2026-02-18 14:00:00,23.9,39.0,991.6,9.2,339.0,0.0,81.8,59.5,36.9,openaq_ground,164.5795574288725,Unhealthy
2026-02-18 15:00:00,23.3,43.0,991.0,7.9,349.0,0.0,93.5,128.0,45.3,openaq_ground,170.62065331928346,Unhealthy
2026-02-18 16:00:00,22.8,45.0,990.7,2.3,32.0,0.0,124.0,131.75,44.668749999999996,openaq_ground,186.36880927291887,Unhealthy
2026-02-18 17:00:00,17.7,81.0,990.0,0.6,288.0,0.0,127.0,135.5,44.037499999999994,openaq_ground,187.91780821917808,Unhealthy
2026-02-18 18:00:00,17.2,87.0,990.6,2.7,274.0,0.0,130.0,139.25,43.40625,openaq_ground,189.4668071654373,Unhealthy
2026-02-18 19:00:00,16.7,89.0,990.5,2.3,61.0,0.0,134.0,143.0,42.775,openaq_ground,191.53213909378292,Unhealthy
2026-02-18 20:00:00,16.6,88.0,991.0,0.5,45.0,0.0,143.0,146.75,42.14375,openaq_ground,196.1791359325606,Unhealthy
2026-02-18 21:00:00,16.6,87.0,991.4,1.0,211.0,0.0,157.0,150.5,41.5125,openaq_ground,207.44144144144144,Very Unhealthy
2026-02-18 22:00:00,16.1,89.0,991.7,2.7,110.0,0.0,165.0,,,openaq_ground,215.36936936936937,Very Unhealthy
2026-02-18 23:00:00,16.9,86.0,991.5,0.6,56.0,0.0,195.0,,,openaq_ground,245.0990990990991,Very Unhealthy
2026-02-19 00:00:00,16.4,88.0,991.4,2.2,355.0,0.0,244.0,,,openaq_ground,293.65765765765764,Very Unhealthy
2026-02-19 01:00:00,15.9,90.0,991.6,3.5,15.0,0.0,245.0,,,openaq_ground,294.64864864864865,Very Unhealthy
2026-02-19 02:00:00,15.1,92.0,991.4,3.8,355.0,0.0,241.0,,,openaq_ground,290.68468468468467,Very Unhealthy
2026-02-19 03:00:00,14.7,93.0,991.3,3.1,336.0,0.0,240.0,,,openaq_ground,289.6936936936937,Very Unhealthy
2026-02-19 04:00:00,14.1,93.0,991.2,3.6,327.0,0.0,128.0,,,openaq_ground,188.43414120126448,Unhealthy
2026-02-19 05:00:00,14.8,85.0,991.0,5.7,349.0,0.0,98.6,,,openaq_ground,173.25395152792413,Unhealthy
2026-02-19 06:00:00,13.9,86.0,991.7,4.8,340.0,0.0,87.1,,,openaq_ground,167.31612223393046,Unhealthy
2026-02-19 07:00:00,14.3,86.0,992.3,4.5,337.0,0.0,77.0,188.0,35.2,openaq_ground,162.10115911485775,Unhealthy
2026-02-19 08:00:00,16.6,79.0,993.1,4.1,299.0,0.0,141.0,182.5,34.25,openaq_ground,195.14646996838778,Unhealthy
2026-02-19 09:00:00,19.5,70.0,993.7,1.9,292.0,0.0,85.5,177.0,33.3,openaq_ground,166.4899894625922,Unhealthy
2026-02-19 10:00:00,22.5,53.0,994.2,2.4,333.0,0.0,54.5,140.0,31.6,openaq_ground,147.78391959798995,Unhealthy (Sensitive Groups)
2026-02-19 11:00:00,24.3,42.0,993.9,1.3,326.0,0.0,45.15,151.0,33.4,openaq_ground,124.76130653266331,Unhealthy (Sensitive Groups)
2026-02-19 12:00:00,25.8,37.0,993.3,1.4,90.0,0.0,54.35,176.0,34.5,openaq_ground,147.4145728643216,Unhealthy (Sensitive Groups)
2026-02-19 13:00:00,26.0,36.0,992.4,1.8,66.0,0.0,55.15,150.0,35.4,openaq_ground,149.38442211055275,Unhealthy (Sensitive Groups)
2026-02-19 14:00:00,26.3,35.0,991.6,1.5,120.0,0.0,69.5,139.0,37.1,openaq_ground,158.2286617492097,Unhealthy
2026-02-19 15:00:00,26.3,33.0,991.4,2.5,188.0,0.0,88.75,160.0,39.0,openaq_ground,168.16807165437302,Unhealthy
2026-02-19 16:00:00,25.0,36.0,991.5,7.6,181.0,0.0,114.5,170.0,37.0,openaq_ground,181.463645943098,Unhealthy
2026-02-19 17:00:00,23.8,53.0,991.3,1.4,247.0,0.0,94.0,161.0,33.8,openaq_ground,170.87881981032666,Unhealthy
2026-02-19 18:00:00,22.2,62.0,991.5,3.2,251.0,0.0,98.5,144.0,37.6,openaq_ground,173.2023182297155,Unhealthy
2026-02-19 19:00:00,21.2,65.0,992.2,4.6,312.0,0.0,105.4,174.0,44.9,openaq_ground,176.7650158061117,Unhealthy
2026-02-19 20:00:00,20.5,70.0,993.0,1.9,287.0,0.0,117.0,190.0,47.8,openaq_ground,182.754478398314,Unhealthy
2026-02-19 21:00:00,19.6,74.0,993.3,4.6,315.0,0.0,106.25,194.0,46.9,openaq_ground,177.20389884088513,Unhealthy
2026-02-19 22:00:00,18.8,78.0,993.2,4.6,329.0,0.0,85.65,149.0,50.6,openaq_ground,166.56743940990518,Unhealthy
2026-02-19 23:00:00,18.5,82.0,993.6,3.9,313.0,0.0,108.5,179.0,48.4,openaq_ground,178.36564805057955,Unhealthy
2026-02-20 00:00:00,17.7,85.0,993.7,4.3,5.0,0.0,130.5,196.0,47.7,openaq_ground,189.7249736564805,Unhealthy
2026-02-20 01:00:00,17.2,86.0,993.6,2.9,11.0,0.0,124.65,194.0,48.1,openaq_ground,186.70442571127504,Unhealthy
2026-02-20 02:00:00,16.8,86.0,993.3,3.5,348.0,0.0,143.35,206.0,59.8,openaq_ground,196.35985247629083,Unhealthy
2026-02-20 03:00:00,16.4,87.0,993.1,3.1,332.0,0.0,197.5,299.0,57.1,openaq_ground,247.57657657657657,Very Unhealthy
2026-02-20 04:00:00,16.0,87.0,992.9,3.3,331.0,0.0,145.5,301.0,45.9,openaq_ground,197.46996838777662,Unhealthy
2026-02-20 05:00:00,15.0,93.0,992.8,5.1,333.0,0.0,99.15,252.0,36.8,openaq_ground,173.53793466807167,Unhealthy
2026-02-20 06:00:00,15.1,92.0,993.3,4.4,322.0,0.0,68.15,173.0,34.0,openaq_ground,157.53161222339304,Unhealthy
2026-02-20 07:00:00,15.4,91.0,994.1,4.0,300.0,0.0,64.5,168.0,30.5,openaq_ground,155.64699683877765,Unhealthy
2026-02-20 08:00:00,17.4,81.0,995.3,4.1,293.0,0.0,68.35,188.0,28.25,openaq_ground,157.63487881981033,Unhealthy
2026-02-20 09:00:00,20.2,68.0,996.1,2.7,307.0,0.0,52.95,120.0,26.0,openaq_ground,143.9673366834171,Unhealthy (Sensitive Groups)
2026-02-20 10:00:00,23.3,51.0,996.5,3.6,327.0,0.0,57.3,97.8,25.4,openaq_ground,151.92939936775554,Unhealthy
2026-02-20 11:00:00,25.5,42.0,996.1,5.3,303.0,0.0,33.85,96.0,27.2,openaq_ground,96.7403433476395,Moderate
2026-02-20 12:00:00,27.0,36.0,995.3,5.5,297.0,0.0,33.45,124.0,28.6,openaq_ground,95.8991416309013,Moderate
2026-02-20 13:00:00,27.7,33.0,994.2,7.2,292.0,0.0,39.7,98.5,29.6,openaq_ground,111.34170854271358,Unhealthy (Sensitive Groups)
2026-02-20 14:00:00,27.9,32.0,993.1,9.2,290.0,0.0,114.0,73.0,33.4,openaq_ground,181.2054794520548,Unhealthy
2026-02-20 15:00:00,27.5,32.0,992.4,10.2,288.0,0.0,93.5,144.0,41.3,openaq_ground,170.62065331928346,Unhealthy
2026-02-20 16:00:00,26.8,34.0,992.1,10.4,290.0,0.0,96.0,204.0,42.7,openaq_ground,171.91148577449948,Unhealthy
2026-02-20 17:00:00,25.5,39.0,991.4,9.6,296.0,0.0,94.0,210.0,36.7,openaq_ground,170.87881981032666,Unhealthy
2026-02-20 18:00:00,23.7,47.0,991.5,5.6,297.0,0.0,92.5,159.0,39.3,openaq_ground,170.10432033719707,Unhealthy
2026-02-20 19:00:00,22.3,55.0,992.0,5.0,291.0,0.0,94.5,188.0,40.3,openaq_ground,171.13698630136986,Unhealthy
2026-02-20 20:00:00,21.0,64.0,992.0,4.6,283.0,0.0,138.5,212.0,38.2,openaq_ground,193.85563751317176,Unhealthy
2026-02-20 21:00:00,20.1,67.0,991.9,4.9,278.0,0.0,128.15,218.0,38.0,openaq_ground,188.51159114857745,Unhealthy
2026-02-20 22:00:00,19.5,67.0,991.5,5.1,280.0,0.0,101.25,140.0,39.2,openaq_ground,174.62223393045312,Unhealthy
2026-02-20 23:00:00,18.9,71.0,991.3,5.3,278.0,0.0,90.4,142.0,34.6,openaq_ground,169.0200210748156,Unhealthy
2026-02-21 00:00:00,18.2,71.0,991.1,5.7,283.0,0.0,114.9,157.0,32.7,openaq_ground,181.67017913593256,Unhealthy
2026-02-21 01:00:00,17.6,72.0,990.7,5.8,284.0,0.0,102.0,169.0,32.7,openaq_ground,175.00948366701792,Unhealthy
2026-02-21 02:00:00,16.9,75.0,990.1,5.5,281.0,0.0,91.65,138.0,33.1,openaq_ground,169.6654373024236,Unhealthy
2026-02-21 03:00:00,16.1,78.0,989.6,5.2,266.0,0.0,111.9,210.0,35.7,openaq_ground,180.12118018967334,Unhealthy
2026-02-21 04:00:00,15.6,79.0,989.6,5.8,268.0,0.0,157.5,264.0,33.2,openaq_ground,207.93693693693695,Very Unhealthy
2026-02-21 05:00:00,14.9,87.0,989.2,7.4,267.0,0.0,137.5,273.0,30.3,openaq_ground,193.33930453108536,Unhealthy
2026-02-21 06:00:00,14.8,88.0,989.3,6.7,265.0,0.0,108.5,217.0,29.5,openaq_ground,178.36564805057955,Unhealthy
2026-02-21 07:00:00,15.0,86.0,989.9,7.3,263.0,0.0,88.15,184.0,27.5,openaq_ground,167.8582718651212,Unhealthy
2026-02-21 08:00:00,16.9,77.0,990.6,6.8,270.0,0.0,68.94999999999999,166.0,26.2,openaq_ground,157.94467860906215,Unhealthy
2026-02-21 09:00:00,19.9,65.0,991.3,6.5,278.0,0.0,49.95,132.0,25.5,openaq_ground,136.58040201005025,Unhealthy (Sensitive Groups)
2026-02-21 10:00:00,22.8,55.0,991.5,7.1,286.0,0.0,50.4,130.0,25.6,openaq_ground,137.68844221105527,Unhealthy (Sensitive Groups)
2026-02-21 11:00:00,24.9,50.0,991.2,8.8,289.0,0.0,47.8,137.0,27.6,openaq_ground,131.28643216080403,Unhealthy (Sensitive Groups)
2026-02-21 12:00:00,26.2,44.0,990.4,10.2,294.0,0.0,51.65,141.0,29.6,openaq_ground,140.76633165829145,Unhealthy (Sensitive Groups)
2026-02-21 13:00:00,27.0,40.0,989.5,10.5,295.0,0.0,65.4,152.0,32.4,openaq_ground,156.11169652265542,Unhealthy
2026-02-21 14:00:00,27.2,38.0,988.1,10.9,297.0,0.0,73.75,159.0,35.5,openaq_ground,160.42307692307693,Unhealthy
2026-02-21 15:00:00,27.1,39.0,987.3,11.0,296.0,0.0,112.75,184.0,42.7,openaq_ground,180.5600632244468,Unhealthy
2026-02-21 16:00:00,26.4,40.0,986.5,10.8,298.0,0.0,160.0,255.0,48.3,openaq_ground,210.4144144144144,Very Unhealthy
2026-02-21 17:00:00,25.4,40.0,986.0,9.4,293.0,0.0,136.0,257.0,43.4,openaq_ground,192.56480505795574,Unhealthy
2026-02-21 18:00:00,23.5,48.0,986.3,5.4,285.0,0.0,210.0,224.0,42.05,openaq_ground,259.963963963964,Very Unhealthy
2026-02-21 19:00:00,22.0,56.0,986.4,4.8,281.0,0.0,130.25,191.0,40.7,openaq_ground,189.5958904109589,Unhealthy
2026-02-21 20:00:00,21.1,63.0,986.3,4.0,288.0,0.0,151.0,233.0,42.1,openaq_ground,201.4954954954955,Very Unhealthy
2026-02-21 21:00:00,20.8,63.0,986.5,3.4,286.0,0.0,155.75,253.0,41.0,openaq_ground,206.2027027027027,Very Unhealthy
2026-02-21 22:00:00,20.2,64.0,986.0,4.0,273.0,0.0,152.25,211.0,36.8,openaq_ground,202.73423423423424,Very Unhealthy
2026-02-21 23:00:00,19.2,72.0,986.0,5.3,262.0,0.0,138.0,177.0,33.5,openaq_ground,193.59747102212856,Unhealthy
2026-02-22 00:00:00,18.4,75.0,985.8,6.1,275.0,0.0,150.0,194.0,32.2,openaq_ground,199.79346680716543,Unhealthy
2026-02-22 01:00:00,17.5,76.0,985.5,5.7,279.0,0.0,127.15,192.0,29.8,openaq_ground,187.99525816649106,Unhealthy
2026-02-22 02:00:00,16.6,79.0,985.0,4.9,274.0,0.0,113.9,142.0,31.0,openaq_ground,181.15384615384616,Unhealthy
2026-02-22 03:00:00,16.0,80.0,984.5,5.4,255.0,0.0,104.65,165.0,35.9,openaq_ground,176.3777660695469,Unhealthy
2026-02-22 04:00:00,15.2,83.0,984.4,5.3,258.0,0.0,99.4,181.0,31.9,openaq_ground,173.66701791359327,Unhealthy
2026-02-22 05:00:00,14.7,88.0,984.5,5.6,255.0,0.0,59.25,172.0,29.9,openaq_ground,152.93624868282402,Unhealthy
2026-02-22 06:00:00,14.8,88.0,984.9,5.1,262.0,0.0,38.4,126.0,27.6,openaq_ground,108.14070351758794,Unhealthy (Sensitive Groups)
2026-02-22 07:00:00,15.1,86.0,985.5,4.9,262.0,0.0,28.2,103.0,26.9,openaq_ground,84.85836909871244,Moderate
2026-02-22 08:00:00,17.5,74.0,986.3,4.5,256.0,0.0,28.625,108.0,26.8,openaq_ground,85.75214592274679,Moderate
2026-02-22 09:00:00,21.4,58.0,987.0,3.3,257.0,0.0,29.25,101.0,26.8,openaq_ground,87.06652360515022,Moderate
2026-02-22 10:00:00,24.7,42.0,987.4,4.7,263.0,0.0,54.5,100.0,26.0,openaq_ground,147.78391959798995,Unhealthy (Sensitive Groups)
2026-02-22 11:00:00,26.8,30.0,987.1,7.1,264.0,0.0,51.6,92.7,26.8,openaq_ground,140.64321608040203,Unhealthy (Sensitive Groups)
2026-02-22 12:00:00,27.9,25.0,986.6,7.6,277.0,0.0,54.2,96.0,28.3,openaq_ground,147.04522613065328,Unhealthy (Sensitive Groups)
2026-02-22 13:00:00,28.4,23.0,985.9,8.5,282.0,0.0,37.35,115.0,33.9,openaq_ground,105.55527638190955,Unhealthy (Sensitive Groups)
2026-02-22 14:00:00,28.4,24.0,984.9,9.0,283.0,0.0,48.8,169.0,47.0,openaq_ground,133.74874371859295,Unhealthy (Sensitive Groups)
2026-02-22 15:00:00,28.2,25.0,984.5,9.0,276.0,0.0,70.9,202.0,56.2,openaq_ground,158.95152792413066,Unhealthy
2026-02-22 16:00:00,27.6,27.0,984.1,8.8,272.0,0.0,103.5,259.0,54.7,openaq_ground,175.78398314014754,Unhealthy
2026-02-22 17:00:00,26.4,35.0,983.8,8.4,286.0,0.0,108.5,266.0,50.2,openaq_ground,178.36564805057955,Unhealthy
2026-02-22 18:00:00,24.8,39.0,984.0,5.6,297.0,0.0,120.0,154.0,36.7,openaq_ground,184.30347734457325,Unhealthy
2026-02-22 19:00:00,23.4,44.0,984.8,3.4,317.0,0.0,115.75,132.0,36.0,openaq_ground,182.109062170706,Unhealthy
2026-02-22 20:00:00,22.9,46.0,985.2,2.4,347.0,0.0,111.4,183.0,39.7,openaq_ground,179.86301369863014,Unhealthy
2026-02-22 21:00:00,21.6,55.0,985.3,2.6,34.0,0.0,107.15,187.0,36.1,openaq_ground,177.6685985247629,Unhealthy
2026-02-22 22:00:00,20.2,62.0,985.3,3.6,84.0,0.0,100.0,144.0,33.6,openaq_ground,173.9768177028451,Unhealthy
2026-02-22 23:00:00,19.7,70.0,985.0,2.7,127.0,0.0,93.4,119.0,37.5,openaq_ground,170.56902002107483,Unhealthy
2026-02-23 00:00:00,19.1,71.0,984.5,1.3,135.0,0.0,112.9,183.0,44.0,openaq_ground,180.63751317175974,Unhealthy
2026-02-23 01:00:00,19.0,72.0,984.2,1.3,106.0,0.0,118.9,223.0,47.4,openaq_ground,183.7355110642782,Unhealthy
2026-02-23 02:00:00,18.9,72.0,983.9,0.9,127.0,0.0,124.75,210.0,56.0,openaq_ground,186.75605900948366,Unhealthy
2026-02-23 03:00:00,17.4,77.0,983.7,3.6,213.0,0.0,125.15,244.0,71.5,openaq_ground,186.96259220231823,Unhealthy
2026-02-23 04:00:00,16.8,78.0,983.4,2.3,238.0,0.0,93.75,210.0,44.5,openaq_ground,170.74973656480506,Unhealthy
2026-02-23 05:00:00,14.8,87.0,983.7,2.7,222.0,0.0,55.1,179.0,37.0,openaq_ground,149.26130653266333,Unhealthy (Sensitive Groups)
2026-02-23 06:00:00,14.8,87.0,984.2,2.7,228.0,0.0,42.25,143.0,36.1,openaq_ground,117.62060301507537,Unhealthy (Sensitive Groups)
2026-02-23 07:00:00,15.4,83.0,985.2,4.5,223.0,0.0,49.0,164.0,30.6,openaq_ground,134.24120603015075,Unhealthy (Sensitive Groups)
2026-02-23 08:00:00,18.6,67.0,986.3,3.2,207.0,0.0,28.65,127.0,28.3,openaq_ground,86.63636363636364,Moderate
2026-02-23 09:00:00,22.4,53.0,987.2,0.4,63.0,0.0,25.75,117.0,26.9,openaq_ground,81.68686868686869,Moderate
2026-02-23 10:00:00,25.2,41.0,987.7,0.9,217.0,0.0,45.7,96.0,24.7,openaq_ground,126.11557788944725,Unhealthy (Sensitive Groups)
2026-02-23 11:00:00,27.1,32.0,987.6,4.4,238.0,0.0,47.6,86.5,26.9,openaq_ground,130.79396984924625,Unhealthy (Sensitive Groups)
2026-02-23 12:00:00,28.8,25.0,986.9,6.0,275.0,0.0,48.2,121.0,31.2,openaq_ground,132.2713567839196,Unhealthy (Sensitive Groups)
2026-02-23 13:00:00,29.4,22.0,985.9,8.7,294.0,0.0,37.95,132.0,36.2,openaq_ground,107.03266331658293,Unhealthy (Sensitive Groups)
2026-02-23 14:00:00,29.4,20.0,985.3,11.1,301.0,0.0,50.0,174.0,49.2,openaq_ground,136.7035175879397,Unhealthy (Sensitive Groups)
2026-02-23 15:00:00,29.2,19.0,984.9,11.7,307.0,0.0,66.1,209.0,57.1,openaq_ground,156.4731296101159,Unhealthy
2026-02-23 16:00:00,28.6,20.0,984.3,11.3,312.0,0.0,107.4,309.0,73.2,openaq_ground,177.7976817702845,Unhealthy
2026-02-23 17:00:00,27.8,23.0,984.3,7.5,314.0,0.0,127.0,388.0,83.6,openaq_ground,248.3478260869565,Very Unhealthy
2026-02-23 18:00:00,24.7,39.0,984.6,4.6,339.0,0.0,128.75,312.0,60.1,openaq_ground,188.82139093782928,Unhealthy
2026-02-23 19:00:00,23.6,49.0,985.2,2.1,31.0,0.0,127.65,263.0,55.7,openaq_ground,188.25342465753425,Unhealthy
2026-02-23 20:00:00,22.6,53.0,986.0,2.0,80.0,0.0,140.0,295.0,55.8,openaq_ground,194.63013698630138,Unhealthy
2026-02-23 21:00:00,21.7,57.0,986.5,2.1,70.0,0.0,145.0,314.0,63.1,openaq_ground,197.2118018967334,Unhealthy
2026-02-23 22:00:00,21.4,58.0,986.6,0.9,37.0,0.0,125.5,204.0,50.0,openaq_ground,187.1433087460485,Unhealthy
2026-02-23 23:00:00,20.0,67.0,986.5,2.5,352.0,0.0,113.15,138.0,42.0,openaq_ground,180.76659641728136,Unhealthy
2026-02-24 00:00:00,19.4,68.0,986.2,1.6,6.0,0.0,120.0,180.0,52.2,openaq_ground,184.30347734457325,Unhealthy
2026-02-24 01:00:00,19.0,68.0,986.1,1.5,306.0,0.0,139.15,213.0,62.4,openaq_ground,194.19125395152793,Unhealthy
2026-02-24 02:00:00,18.1,72.0,985.6,3.1,320.0,0.0,145.4,211.0,56.8,openaq_ground,197.41833508956796,Unhealthy
2026-02-24 03:00:00,17.8,72.0,985.4,2.7,307.0,0.0,151.0,245.0,53.0,openaq_ground,201.4954954954955,Very Unhealthy
2026-02-24 04:00:00,17.2,73.0,985.2,4.2,320.0,0.0,119.15,218.0,38.7,openaq_ground,183.8645943097998,Unhealthy
2026-02-24 05:00:00,15.9,82.0,985.4,4.4,322.0,0.0,95.15,216.0,33.8,openaq_ground,171.47260273972603,Unhealthy
2026-02-24 06:00:00,16.1,80.0,985.9,2.6,304.0,0.0,89.65,197.0,29.4,openaq_ground,168.6327713382508,Unhealthy
2026-02-24 07:00:00,16.6,78.0,987.2,0.6,252.0,0.0,76.15,188.0,29.1,openaq_ground,161.6622760800843,Unhealthy
2026-02-24 08:00:00,19.3,66.0,988.4,1.7,131.0,0.0,65.25,175.0,29.1,openaq_ground,156.03424657534248,Unhealthy
2026-02-24 09:00:00,22.4,54.0,989.2,1.5,144.0,0.0,38.2,118.0,26.9,openaq_ground,107.64824120603016,Unhealthy (Sensitive Groups)
2026-02-24 10:00:00,25.0,42.0,989.6,2.8,191.0,0.0,28.4,118.0,26.1,openaq_ground,85.27896995708154,Moderate
2026-02-24 11:00:00,26.5,35.0,989.4,3.9,242.0,0.0,57.9,115.5,27.55,openaq_ground,152.23919915700736,Unhealthy
2026-02-24 12:00:00,28.5,28.0,989.1,5.1,293.0,0.0,62.1,113.0,29.0,openaq_ground,154.4077976817703,Unhealthy
2026-02-24 13:00:00,29.4,22.0,988.2,8.1,317.0,0.0,56.0,120.0,34.1,openaq_ground,151.2581664910432,Unhealthy
2026-02-24 14:00:00,29.6,18.0,987.3,9.9,325.0,0.0,64.15,135.0,39.2,openaq_ground,155.46628029504743,Unhealthy
2026-02-24 15:00:00,29.3,18.0,987.0,10.7,324.0,0.0,64.75,156.0,50.0,openaq_ground,155.77608008429925,Unhealthy
2026-02-24 16:00:00,28.5,20.0,986.7,11.4,319.0,0.0,98.4,250.0,55.8,openaq_ground,173.15068493150685,Unhealthy
2026-02-24 17:00:00,27.1,26.0,986.6,10.0,324.0,0.0,131.0,278.0,61.1,openaq_ground,189.98314014752373,Unhealthy
2026-02-24 18:00:00,24.7,39.0,987.0,5.2,331.0,0.0,107.25,251.0,47.6,openaq_ground,177.72023182297156,Unhealthy
2026-02-24 19:00:00,23.2,50.0,987.6,4.6,351.0,0.0,102.25,213.0,53.9,openaq_ground,175.13856691253952,Unhealthy
2026-02-24 20:00:00,22.0,59.0,988.2,4.7,9.0,0.0,123.4,261.0,46.8,openaq_ground,186.059009483667,Unhealthy
2026-02-24 21:00:00,21.6,61.0,988.4,2.6,16.0,0.0,133.5,252.0,47.8,openaq_ground,191.27397260273972,Unhealthy
2026-02-24 22:00:00,20.9,63.0,988.3,3.5,28.0,0.0,118.65,212.0,45.5,openaq_ground,183.6064278187566,Unhealthy
2026-02-24 23:00:00,20.3,66.0,988.3,3.4,25.0,0.0,115.4,175.0,39.8,openaq_ground,181.92834562697578,Unhealthy
2026-02-25 00:00:00,20.1,65.0,988.0,0.9,90.0,0.0,148.25,216.0,36.9,openaq_ground,198.88988408851424,Unhealthy
2026-02-25 01:00:00,20.1,64.0,987.8,0.6,56.0,0.0,166.0,219.0,39.0,openaq_ground,216.36036036036035,Very Unhealthy
2026-02-25 02:00:00,18.7,69.0,987.6,2.8,315.0,0.0,127.5,218.0,40.9,openaq_ground,188.17597471022128,Unhealthy
2026-02-25 03:00:00,17.2,75.0,987.6,4.1,308.0,0.0,116.5,231.0,44.2,openaq_ground,182.4963119072708,Unhealthy
2026-02-25 04:00:00,15.9,78.0,987.2,4.0,275.0,0.0,119.9,252.0,35.8,openaq_ground,184.2518440463646,Unhealthy
2026-02-25 05:00:00,14.9,85.0,987.6,5.1,262.0,0.0,81.85,205.0,28.5,openaq_ground,164.60537407797682,Unhealthy
2026-02-25 06:00:00,15.0,83.0,988.1,4.8,255.0,0.0,34.25,150.0,24.5,openaq_ground,98.02020202020202,Moderate
2026-02-25 07:00:00,15.2,81.0,988.6,5.3,260.0,0.0,32.9,125.0,27.9,openaq_ground,94.74248927038627,Moderate
2026-02-25 08:00:00,18.1,66.0,989.7,4.9,266.0,0.0,54.5,124.0,30.8,openaq_ground,147.78391959798995,Unhealthy (Sensitive Groups)
2026-02-25 09:00:00,21.8,51.0,990.6,4.1,285.0,0.0,49.5,110.0,28.7,openaq_ground,135.47236180904522,Unhealthy (Sensitive Groups)
2026-02-25 10:00:00,25.0,36.0,990.8,5.5,297.0,0.0,42.6,103.0,24.4,openaq_ground,118.48241206030151,Unhealthy (Sensitive Groups)
2026-02-25 11:00:00,27.3,24.0,990.4,7.6,292.0,0.0,45.1,80.5,25.1,openaq_ground,124.63819095477388,Unhealthy (Sensitive Groups)
2026-02-25 12:00:00,28.3,21.0,989.7,9.6,293.0,0.0,47.2,88.5,32.5,openaq_ground,129.80904522613065,Unhealthy (Sensitive Groups)
2026-02-25 13:00:00,28.8,19.0,988.9,10.5,289.0,0.0,193.5,111.0,52.0,openaq_ground,243.61261261261262,Very Unhealthy
2026-02-25 14:00:00,29.0,18.0,988.0,10.5,289.0,0.0,47.475,152.0,68.5,openaq_ground,130.48618090452263,Unhealthy (Sensitive Groups)
2026-02-25 15:00:00,28.8,18.0,987.5,11.0,295.0,0.0,61.25,189.0,100.0,openaq_ground,153.96891464699684,Unhealthy
2026-02-25 16:00:00,28.1,19.0,987.3,11.1,297.0,0.0,89.15,249.0,98.4,openaq_ground,168.3746048472076,Unhealthy
2026-02-25 17:00:00,27.2,20.0,987.0,9.6,286.0,0.0,97.5,241.0,78.8,openaq_ground,172.68598524762908,Unhealthy
2026-02-25 18:00:00,24.3,33.0,987.2,5.0,270.0,0.0,97.0,201.0,113.0,openaq_ground,172.42781875658588,Unhealthy
2026-02-25 19:00:00,23.1,42.0,987.6,4.5,254.0,0.0,99.15,204.0,97.3,openaq_ground,173.53793466807167,Unhealthy
2026-02-25 20:00:00,22.7,42.0,988.0,3.9,298.0,0.0,101.25,210.0,75.8,openaq_ground,174.62223393045312,Unhealthy
2026-02-25 21:00:00,22.2,40.0,988.2,3.5,332.0,0.0,102.65,192.0,76.0,openaq_ground,175.3451001053741,Unhealthy
2026-02-25 22:00:00,21.4,42.0,988.1,5.1,17.0,0.0,98.75,189.0,74.4,openaq_ground,173.3314014752371,Unhealthy
2026-02-25 23:00:00,21.2,50.0,988.2,4.2,335.0,0.0,94.35,213.0,69.8,openaq_ground,171.0595363540569,Unhealthy
2026-02-26 00:00:00,19.2,56.0,988.4,5.6,249.0,0.0,93.15,215.0,56.1,openaq_ground,170.4399367755532,Unhealthy
2026-02-26 01:00:00,17.8,61.0,988.0,5.1,253.0,0.0,90.5,157.0,50.9,openaq_ground,169.07165437302424,Unhealthy
2026-02-26 02:00:00,17.0,64.0,987.4,4.5,277.0,0.0,89.25,181.0,66.7,openaq_ground,168.42623814541622,Unhealthy
2026-02-26 03:00:00,16.3,66.0,986.8,5.1,297.0,0.0,90.0,213.0,55.9,openaq_ground,168.81348788198102,Unhealthy
2026-02-26 04:00:00,15.7,69.0,986.5,5.2,286.0,0.0,76.4,207.0,42.6,openaq_ground,161.7913593256059,Unhealthy
2026-02-26 05:00:00,15.5,77.0,986.4,5.1,274.0,0.0,63.7,202.0,40.1,openaq_ground,155.23393045310854,Unhealthy
2026-02-26 06:00:00,15.5,77.0,986.6,5.1,276.0,0.0,51.65,188.0,35.0,openaq_ground,140.76633165829145,Unhealthy (Sensitive Groups)
2026-02-26 07:00:00,16.1,73.0,987.0,6.1,270.0,0.0,34.2,145.0,29.5,openaq_ground,97.47639484978541,Moderate
2026-02-26 08:00:00,18.6,63.0,987.8,6.5,270.0,0.0,27.55,135.0,31.2,openaq_ground,90.5959595959596,Moderate
2026-02-26 09:00:00,22.0,51.0,988.2,6.0,280.0,0.0,41.8,125.0,30.2,openaq_ground,116.51256281407035,Unhealthy (Sensitive Groups)
2026-02-26 10:00:00,25.0,42.0,988.1,7.2,288.0,0.0,40.8,105.0,26.6,openaq_ground,114.0502512562814,Unhealthy (Sensitive Groups)
2026-02-26 11:00:00,27.4,32.0,987.6,10.0,278.0,0.0,42.9,97.0,28.7,openaq_ground,119.22110552763819,Unhealthy (Sensitive Groups)
2026-02-26 12:00:00,28.9,23.0,986.9,12.3,282.0,0.0,47.2,104.0,37.5,openaq_ground,129.80904522613065,Unhealthy (Sensitive Groups)
2026-02-26 13:00:00,29.5,20.0,986.0,13.5,282.0,0.0,49.9,112.0,51.9,openaq_ground,136.4572864321608,Unhealthy (Sensitive Groups)
2026-02-26 14:00:00,29.7,17.0,985.2,14.4,288.0,0.0,43.05,135.0,68.5,openaq_ground,119.59045226130652,Unhealthy (Sensitive Groups)
2026-02-26 15:00:00,29.4,18.0,984.7,14.5,289.0,0.0,51.425,160.0,77.2,openaq_ground,140.21231155778895,Unhealthy (Sensitive Groups)
2026-02-26 16:00:00,28.7,20.0,984.1,14.3,295.0,0.0,60.25,179.0,77.1,openaq_ground,153.45258166491044,Unhealthy
2026-02-26 17:00:00,27.9,23.0,983.7,12.4,289.0,0.0,73.5,195.0,76.7,openaq_ground,160.29399367755533,Unhealthy
2026-02-26 18:00:00,26.0,30.0,983.5,6.5,278.0,0.0,74.0,204.0,76.4,openaq_ground,160.55216016859853,Unhealthy
2026-02-26 19:00:00,24.2,38.0,983.9,4.9,280.0,0.0,71.15,197.0,79.9,openaq_ground,159.08061116965226,Unhealthy
2026-02-26 20:00:00,23.3,41.0,984.4,4.9,272.0,0.0,66.15,164.0,83.5,openaq_ground,156.49894625922025,Unhealthy
2026-02-26 21:00:00,22.8,40.0,984.6,5.5,281.0,0.0,64.5,142.0,82.7,openaq_ground,155.64699683877765,Unhealthy
2026-02-26 22:00:00,21.8,41.0,984.6,5.6,287.0,0.0,66.25,133.0,72.1,openaq_ground,156.55057955742888,Unhealthy
2026-02-26 23:00:00,21.3,47.0,984.5,4.3,312.0,0.0,71.5,143.0,65.5,openaq_ground,159.2613277133825,Unhealthy
2026-02-27 00:00:00,20.3,50.0,984.1,4.4,305.0,0.0,75.5,171.0,58.3,openaq_ground,161.32665964172813,Unhealthy
2026-02-27 01:00:00,19.3,53.0,984.0,4.5,286.0,0.0,71.65,139.0,64.4,openaq_ground,159.33877766069548,Unhealthy
2026-02-27 02:00:00,18.7,56.0,983.4,3.9,317.0,0.0,76.15,170.0,71.7,openaq_ground,161.6622760800843,Unhealthy
2026-02-27 03:00:00,17.7,60.0,983.2,4.5,304.0,0.0,78.9,216.0,67.3,openaq_ground,163.08219178082192,Unhealthy
2026-02-27 04:00:00,17.2,63.0,982.7,3.5,321.0,0.0,77.65,240.0,52.1,openaq_ground,162.43677555321392,Unhealthy
2026-02-27 05:00:00,16.0,75.0,982.8,4.9,272.0,0.0,63.15,218.0,44.0,openaq_ground,154.949947312961,Unhealthy
2026-02-27 06:00:00,16.1,73.0,983.3,6.5,256.0,0.0,42.2,168.0,38.4,openaq_ground,117.49748743718594,Unhealthy (Sensitive Groups)
2026-02-27 07:00:00,16.4,68.0,984.1,7.5,253.0,0.0,51.0,138.0,33.9,openaq_ground,139.16582914572865,Unhealthy (Sensitive Groups)
2026-02-27 08:00:00,19.1,57.0,985.1,7.0,249.0,0.0,45.9,132.0,31.4,openaq_ground,126.60804020100502,Unhealthy (Sensitive Groups)
2026-02-27 09:00:00,23.0,44.0,985.9,4.5,265.0,0.0,44.0,114.0,29.6,openaq_ground,121.92964824120602,Unhealthy (Sensitive Groups)
2026-02-27 10:00:00,26.5,33.0,986.1,5.2,282.0,0.0,40.7,101.0,26.7,openaq_ground,113.80402010050253,Unhealthy (Sensitive Groups)
2026-02-27 11:00:00,28.8,23.0,985.9,6.3,275.0,0.0,37.8,96.8,30.5,openaq_ground,106.66331658291456,Unhealthy (Sensitive Groups)
2026-02-27 12:00:00,30.3,19.0,985.2,8.3,272.0,0.0,42.6,108.0,38.7,openaq_ground,118.48241206030151,Unhealthy (Sensitive Groups)
2026-02-27 13:00:00,30.8,18.0,984.3,11.0,272.0,0.0,30.9,142.0,68.3,openaq_ground,94.06060606060606,Moderate
2026-02-27 14:00:00,30.8,18.0,983.3,11.1,277.0,0.0,57.23333333333333,230.5,74.25,openaq_ground,151.89497716894977,Unhealthy
2026-02-27 15:00:00,30.6,18.0,982.9,10.6,280.0,0.0,66.73333333333333,229.5,91.0,openaq_ground,156.80014049877065,Unhealthy
2026-02-27 16:00:00,29.9,20.0,982.6,10.3,274.0,0.0,64.89999999999999,206.5,88.1,openaq_ground,155.85353003161222,Unhealthy
2026-02-27 17:00:00,29.6,17.0,982.1,9.4,274.0,0.0,64.3,203.5,89.85,openaq_ground,155.54373024236037,Unhealthy
2026-02-27 18:00:00,27.2,25.0,982.0,4.1,319.0,0.0,81.7,255.5,117.4,openaq_ground,164.52792413066385,Unhealthy
2026-02-27 19:00:00,25.7,31.0,982.4,3.3,61.0,0.0,100.9,323.5,127.15,openaq_ground,184.90404040404042,Unhealthy
2026-02-27 20:00:00,24.4,41.0,982.8,3.7,101.0,0.0,134.33333333333334,370.0,16.5,openaq_ground,222.52173913043478,Very Unhealthy
2026-02-27 21:00:00,23.9,45.0,983.2,2.8,105.0,0.0,140.0,329.0,69.9,openaq_ground,194.63013698630138,Unhealthy
2026-02-27 22:00:00,23.0,48.0,982.8,1.8,156.0,0.0,131.26666666666668,286.5,93.65,openaq_ground,190.12082894274675,Unhealthy
2026-02-27 23:00:00,23.1,48.0,982.9,1.3,82.0,0.0,131.56666666666666,290.0,98.75,openaq_ground,190.27572883737267,Unhealthy
2026-02-28 00:00:00,23.3,53.0,982.7,4.7,50.0,0.0,128.66666666666666,260.0,86.85,openaq_ground,188.77836318932208,Unhealthy
2026-02-28 01:00:00,22.3,60.0,982.6,2.4,77.0,0.0,124.83333333333331,222.5,81.2,openaq_ground,186.79908675799086,Unhealthy
2026-02-28 02:00:00,22.0,59.0,982.6,3.4,186.0,0.0,118.1,219.5,90.0,openaq_ground,183.32244467860906,Unhealthy
2026-02-28 03:00:00,21.9,59.0,982.2,1.8,90.0,0.0,113.93333333333334,247.0,91.6,openaq_ground,181.17105725324905,Unhealthy
2026-02-28 04:00:00,21.8,60.0,982.1,0.5,225.0,0.0,63.4,177.5,63.2,openaq_ground,155.0790305584826,Unhealthy
2026-02-28 05:00:00,21.6,61.0,982.3,2.5,225.0,0.0,47.05,131.5,39.9,openaq_ground,129.4396984924623,Unhealthy (Sensitive Groups)
2026-02-28 06:00:00,21.3,60.0,982.4,3.9,233.0,0.0,49.150000000000006,143.5,29.65,openaq_ground,134.6105527638191,Unhealthy (Sensitive Groups)
2026-02-28 07:00:00,21.3,60.0,982.8,3.7,219.0,0.0,54.15,152.0,24.3,openaq_ground,146.92211055276383,Unhealthy (Sensitive Groups)
2026-02-28 08:00:00,23.2,50.0,983.6,1.5,144.0,0.0,55.2,135.5,22.200000000000003,openaq_ground,149.50753768844223,Unhealthy (Sensitive Groups)
2026-02-28 09:00:00,26.5,38.0,984.7,1.0,248.0,0.0,45.35,111.5,21.055,openaq_ground,125.25376884422111,Unhealthy (Sensitive Groups)
2026-02-28 10:00:00,28.8,28.0,984.9,2.0,243.0,0.0,50.45,109.5,20.75,openaq_ground,137.81155778894473,Unhealthy (Sensitive Groups)
2026-02-28 11:00:00,31.0,18.0,984.7,6.8,299.0,0.0,35.3,122.0,21.65,openaq_ground,99.78969957081546,Moderate
2026-02-28 12:00:00,31.8,17.0,984.1,10.9,304.0,0.0,54.2,130.5,25.65,openaq_ground,147.04522613065328,Unhealthy (Sensitive Groups)
2026-02-28 13:00:00,31.9,17.0,983.2,13.5,304.0,0.0,39.46666666666667,153.0,34.75,openaq_ground,110.76716917922948,Unhealthy (Sensitive Groups)
2026-02-28 14:00:00,31.6,17.0,982.3,13.4,302.0,0.0,47.4,166.0,43.2,openaq_ground,130.30150753768845,Unhealthy (Sensitive Groups)
2026-02-28 15:00:00,31.2,18.0,982.2,13.0,297.0,0.0,61.16666666666666,177.5,48.400000000000006,openaq_ground,153.92588689848964,Unhealthy
2026-02-28 16:00:00,30.4,20.0,982.0,13.4,301.0,0.0,68.16666666666667,178.0,47.35,openaq_ground,157.5402177730945,Unhealthy
2026-02-28 17:00:00,29.6,23.0,981.9,13.0,295.0,0.0,68.06666666666666,175.5,48.2,openaq_ground,157.48858447488584,Unhealthy
2026-02-28 18:00:00,27.9,31.0,982.4,7.8,304.0,0.0,103.0,183.75,50.975,openaq_ground,175.5258166491043,Unhealthy
2026-02-28 19:00:00,26.3,38.0,983.1,4.3,312.0,0.0,80.66666666666667,192.0,53.75,openaq_ground,163.99438004917457,Unhealthy
2026-02-28 20:00:00,25.0,47.0,983.5,3.7,321.0,0.0,79.93333333333334,188.5,39.6,openaq_ground,163.6157358623112,Unhealthy
2026-02-28 21:00:00,24.5,48.0,984.1,2.9,349.0,0.0,87.93333333333334,195.0,40.9,openaq_ground,167.74639971900245,Unhealthy
2026-02-28 22:00:00,23.8,49.0,984.1,2.5,330.0,0.0,104.76666666666668,191.0,44.5,openaq_ground,176.43800491745696,Unhealthy
2026-02-28 23:00:00,22.5,55.0,984.2,5.4,334.0,0.0,97.5,190.5,43.95,openaq_ground,172.68598524762908,Unhealthy
2026-03-01 00:00:00,21.0,58.0,984.1,5.1,318.0,0.0,88.66666666666667,180.0,41.6,openaq_ground,168.12504390586582,Unhealthy
2026-03-01 01:00:00,20.0,61.0,983.9,4.9,294.0,0.0,94.1,167.5,38.1,openaq_ground,170.9304531085353,Unhealthy
2026-03-01 02:00:00,19.4,63.0,983.5,5.4,304.0,0.0,100.0,193.5,41.15,openaq_ground,173.9768177028451,Unhealthy
2026-03-01 03:00:00,18.5,67.0,983.1,5.0,285.0,0.0,101.0,222.5,34.05,openaq_ground,174.4931506849315,Unhealthy
2026-03-01 04:00:00,17.9,69.0,982.9,5.2,272.0,0.0,77.56666666666666,201.5,26.6,openaq_ground,162.39374780470672,Unhealthy
2026-03-01 05:00:00,17.3,78.0,982.9,7.4,266.0,0.0,69.06666666666666,197.5,25.65,openaq_ground,158.00491745697224,Unhealthy
2026-03-01 06:00:00,17.2,77.0,983.5,6.7,268.0,0.0,57.96666666666667,181.5,22.55,openaq_ground,152.27362135581313,Unhealthy
2026-03-01 07:00:00,17.5,73.0,984.1,7.6,270.0,0.0,43.76666666666667,158.5,20.05,openaq_ground,121.35510887772196,Unhealthy (Sensitive Groups)
2026-03-01 08:00:00,19.7,63.0,985.2,6.1,270.0,0.0,56.55,152.0,19.085,openaq_ground,151.54214963119074,Unhealthy
2026-03-01 09:00:00,23.1,52.0,986.1,6.5,278.0,0.0,50.6,135.0,19.8,openaq_ground,138.18090452261308,Unhealthy (Sensitive Groups)
2026-03-01 10:00:00,26.1,42.0,986.3,8.3,274.0,0.0,46.25,123.0,18.67,openaq_ground,127.46984924623116,Unhealthy (Sensitive Groups)
2026-03-01 11:00:00,28.9,27.0,986.1,11.8,286.0,0.0,47.45,120.0,18.63,openaq_ground,130.4246231155779,Unhealthy (Sensitive Groups)
2026-03-01 12:00:00,30.2,22.0,985.7,14.1,292.0,0.0,55.8,141.0,22.29,openaq_ground,151.1548998946259,Unhealthy
2026-03-01 13:00:00,30.6,21.0,985.0,15.8,289.0,0.0,44.66666666666666,159.0,27.2,openaq_ground,123.57118927973197,Unhealthy (Sensitive Groups)
2026-03-01 14:00:00,30.6,22.0,984.4,16.8,289.0,0.0,51.48333333333333,183.5,31.200000000000003,openaq_ground,140.35594639865997,Unhealthy (Sensitive Groups)
2026-03-01 15:00:00,30.3,23.0,984.1,16.4,293.0,0.0,62.333333333333336,192.5,34.4,openaq_ground,154.52827537759046,Unhealthy
2026-03-01 16:00:00,29.7,24.0,983.9,15.8,296.0,0.0,68.3,193.0,32.0,openaq_ground,157.609062170706,Unhealthy
2026-03-01 17:00:00,28.7,26.0,983.7,13.3,303.0,0.0,65.3,177.5,28.950000000000003,openaq_ground,156.0600632244468,Unhealthy
2026-03-01 18:00:00,27.1,30.0,983.9,8.2,303.0,0.0,83.0,168.25,27.75,openaq_ground,165.1991570073762,Unhealthy
2026-03-01 19:00:00,26.0,35.0,984.6,6.8,297.0,0.0,61.633333333333326,159.0,26.55,openaq_ground,154.16684229012995,Unhealthy
2026-03-01 20:00:00,25.3,37.0,985.1,8.5,295.0,0.0,67.66666666666667,165.0,33.9,openaq_ground,157.28205128205127,Unhealthy
2026-03-01 21:00:00,24.2,40.0,985.8,7.7,306.0,0.0,83.16666666666667,173.5,33.7,openaq_ground,165.28521250439059,Unhealthy
2026-03-01 22:00:00,22.9,43.0,986.1,6.6,315.0,0.0,91.43333333333334,180.0,32.25,openaq_ground,169.5535651563049,Unhealthy
2026-03-01 23:00:00,21.7,51.0,986.2,6.2,311.0,0.0,87.96666666666665,164.5,30.4,openaq_ground,167.76361081840534,Unhealthy
2026-03-02 00:00:00,20.7,52.0,985.9,5.6,299.0,0.0,81.86666666666666,158.0,29.5,openaq_ground,164.61397962767825,Unhealthy
2026-03-02 01:00:00,19.8,54.0,985.8,5.5,279.0,0.0,81.03333333333333,168.5,32.4,openaq_ground,164.18370214260625,Unhealthy
2026-03-02 02:00:00,18.8,57.0,985.2,5.3,278.0,0.0,92.16666666666669,202.5,33.599999999999994,openaq_ground,169.93220934316827,Unhealthy
2026-03-02 03:00:00,18.5,58.0,984.9,6.7,268.0,0.0,98.16666666666669,233.5,30.55,openaq_ground,173.0302072356867,Unhealthy
2026-03-02 04:00:00,17.9,61.0,984.8,6.8,267.0,0.0,97.1,251.5,26.7,openaq_ground,172.4794520547945,Unhealthy
2026-03-02 05:00:00,17.5,70.0,985.0,7.6,271.0,0.0,85.13333333333334,226.0,24.1,openaq_ground,166.30066736916052,Unhealthy
2026-03-02 06:00:00,17.2,71.0,985.8,7.6,263.0,0.0,65.5,197.5,21.07,openaq_ground,156.16332982086408,Unhealthy
2026-03-02 07:00:00,17.4,70.0,986.5,8.7,262.0,0.0,52.73333333333333,168.0,18.385,openaq_ground,143.43383584589614,Unhealthy (Sensitive Groups)
2026-03-02 08:00:00,19.6,61.0,987.2,8.0,260.0,0.0,51.26666666666667,163.5,17.83,openaq_ground,139.82244556113903,Unhealthy (Sensitive Groups)
2026-03-02 09:00:00,23.0,49.0,988.2,8.5,271.0,0.0,53.1,160.5,18.375,openaq_ground,144.33668341708542,Unhealthy (Sensitive Groups)
2026-03-02 10:00:00,26.1,39.0,988.5,9.0,285.0,0.0,52.9,153.75,18.7575,openaq_ground,143.84422110552765,Unhealthy (Sensitive Groups)
2026-03-02 11:00:00,28.4,32.0,988.6,12.7,291.0,0.0,63.5,147.0,19.14,openaq_ground,155.13066385669126,Unhealthy
2026-03-02 12:00:00,30.0,25.0,988.2,15.3,297.0,0.0,54.9,165.5,21.97,openaq_ground,148.76884422110552,Unhealthy (Sensitive Groups)
2026-03-02 13:00:00,30.8,22.0,987.5,16.9,300.0,0.0,65.26666666666667,198.5,28.75,openaq_ground,156.0428521250439,Unhealthy
2026-03-02 14:00:00,30.8,23.0,987.0,17.1,302.0,0.0,107.0,206.33333333333334,32.050000000000004,openaq_ground,177.59114857744996,Unhealthy
2026-03-02 15:00:00,30.5,23.0,986.4,16.2,302.0,0.0,130.0,214.16666666666666,35.35,openaq_ground,189.4668071654373,Unhealthy
2026-03-02 16:00:00,29.6,26.0,986.2,15.8,306.0,0.0,110.66666666666669,222.0,38.650000000000006,openaq_ground,179.48436951176677,Unhealthy
2026-03-02 17:00:00,28.5,29.0,986.1,15.9,304.0,0.0,104.5,220.0,36.4,openaq_ground,176.30031612223394,Unhealthy
2026-03-02 18:00:00,27.1,35.0,986.1,9.4,290.0,0.0,108.5,220.5,35.9,openaq_ground,178.36564805057955,Unhealthy
2026-03-02 19:00:00,26.1,40.0,986.7,8.4,290.0,0.0,101.5,200.5,30.7,openaq_ground,174.75131717597472,Unhealthy
2026-03-02 20:00:00,25.3,41.0,987.2,9.9,307.0,0.0,79.3,176.0,26.1,openaq_ground,163.28872497365649,Unhealthy
2026-03-02 21:00:00,24.3,42.0,987.7,8.3,319.0,0.0,73.83333333333333,179.0,25.0,openaq_ground,160.46610467158413,Unhealthy
2026-03-02 22:00:00,23.4,42.0,988.0,9.4,325.0,0.0,95.76666666666668,188.5,27.45,openaq_ground,171.7910080786793,Unhealthy
2026-03-02 23:00:00,22.7,46.0,987.8,10.3,316.0,0.0,110.5,210.0,30.05,openaq_ground,179.39831401475237,Unhealthy
2026-03-03 00:00:00,22.2,44.0,987.5,10.7,318.0,0.0,111.56666666666666,185.5,28.1,openaq_ground,179.94906919564454,Unhealthy
2026-03-03 01:00:00,21.6,45.0,987.2,9.9,302.0,0.0,110.9,196.0,25.95,openaq_ground,179.60484720758694,Unhealthy
2026-03-03 02:00:00,20.6,49.0,986.9,9.7,285.0,0.0,106.56666666666666,212.5,25.5,openaq_ground,177.3674042852125,Unhealthy
2026-03-03 03:00:00,19.7,54.0,986.1,9.6,284.0,0.0,92.66666666666669,209.0,24.5,openaq_ground,170.19037583421147,Unhealthy
2026-03-03 04:00:00,18.8,57.0,985.7,8.6,286.0,0.0,71.8,198.0,21.65,openaq_ground,159.41622760800843,Unhealthy
2026-03-03 05:00:00,18.3,62.0,985.9,9.4,290.0,0.0,59.36666666666667,181.0,19.69,openaq_ground,152.9964875307341,Unhealthy
2026-03-03 06:00:00,17.7,64.0,986.4,9.3,283.0,0.0,52.66666666666666,186.5,19.695,openaq_ground,143.26968174204353,Unhealthy (Sensitive Groups)
2026-03-03 07:00:00,17.9,64.0,987.0,10.5,277.0,0.0,46.76666666666667,171.0,18.245,openaq_ground,128.74204355108878,Unhealthy (Sensitive Groups)
2026-03-03 08:00:00,19.7,57.0,987.6,9.0,272.0,0.0,55.400000000000006,167.5,16.645,openaq_ground,107.18686868686869,Unhealthy (Sensitive Groups)
2026-03-03 09:00:00,22.8,47.0,988.4,10.7,284.0,0.0,50.900000000000006,163.5,17.494999999999997,openaq_ground,138.91959798994975,Unhealthy (Sensitive Groups)
2026-03-03 10:00:00,25.8,39.0,988.8,12.5,288.0,0.0,50.2,152.0,17.44,openaq_ground,137.1959798994975,Unhealthy (Sensitive Groups)
2026-03-03 11:00:00,28.6,32.0,988.7,15.3,291.0,0.0,47.25,130.0,17.73,openaq_ground,129.9321608040201,Unhealthy (Sensitive Groups)
2026-03-03 12:00:00,30.4,26.0,988.3,17.8,297.0,0.0,56.65,138.5,22.0,openaq_ground,151.59378292939937,Unhealthy
2026-03-03 13:00:00,31.1,24.0,987.5,18.5,297.0,0.0,74.35,163.0,26.4,openaq_ground,160.73287671232876,Unhealthy
2026-03-03 14:00:00,31.4,24.0,986.7,18.0,294.0,0.0,73.26666666666667,193.5,33.5,openaq_ground,160.17351598173516,Unhealthy
2026-03-03 15:00:00,31.3,25.0,986.3,16.6,292.0,0.0,76.06666666666666,209.0,33.55,openaq_ground,161.6192483315771,Unhealthy
2026-03-03 16:00:00,30.3,30.0,985.9,16.2,293.0,0.0,58.8,179.5,30.55,openaq_ground,152.70389884088513,Unhealthy
2026-03-03 17:00:00,29.1,30.0,985.9,14.7,289.0,0.0,49.66666666666666,154.0,27.8,openaq_ground,135.8827470686767,Unhealthy (Sensitive Groups)
2026-03-03 18:00:00,27.7,34.0,986.4,11.1,283.0,0.0,55.2,186.0,33.9,openaq_ground,149.50753768844223,Unhealthy (Sensitive Groups)
2026-03-03 19:00:00,26.6,35.0,986.8,10.9,279.0,0.0,76.46666666666667,209.5,35.599999999999994,openaq_ground,161.82578152441167,Unhealthy
2026-03-03 20:00:00,25.8,36.0,987.4,11.1,282.0,0.0,80.43333333333334,167.5,14.9,openaq_ground,163.87390235335442,Unhealthy
2026-03-03 21:00:00,25.0,37.0,987.9,10.4,288.0,0.0,79.3,153.0,26.4,openaq_ground,163.28872497365649,Unhealthy
2026-03-03 22:00:00,24.3,37.0,988.2,9.9,289.0,0.0,78.5,143.0,26.25,openaq_ground,162.87565858798735,Unhealthy
2026-03-03 23:00:00,23.5,41.0,988.2,8.9,284.0,0.0,72.89999999999999,132.5,23.05,openaq_ground,159.98419388830348,Unhealthy
2026-03-04 00:00:00,22.1,45.0,988.1,8.7,277.0,0.0,68.0,114.0,21.0,openaq_ground,157.4541622760801,Unhealthy
2026-03-04 01:00:00,21.0,48.0,987.9,7.4,276.0,0.0,97.65,138.0,21.9,openaq_ground,172.76343519494205,Unhealthy
2026-03-04 02:00:00,20.2,52.0,987.6,7.1,279.0,0.0,91.76666666666668,169.5,21.73,openaq_ground,169.7256761503337,Unhealthy
2026-03-04 03:00:00,19.4,56.0,987.4,6.9,287.0,0.0,72.2,176.5,18.365,openaq_ground,159.622760800843,Unhealthy
2026-03-04 04:00:00,18.8,59.0,987.1,7.0,282.0,0.0,57.79999999999999,155.0,17.84,openaq_ground,152.18756585879873,Unhealthy
2026-03-04 05:00:00,18.6,64.0,987.5,8.1,274.0,0.0,60.23333333333333,166.5,16.91,openaq_ground,153.44397611520898,Unhealthy
2026-03-04 06:00:00,18.3,66.0,988.1,8.5,276.0,0.0,58.03333333333333,157.0,17.1,openaq_ground,152.3080435546189,Unhealthy
2026-03-04 07:00:00,18.7,64.0,988.9,9.4,278.0,0.0,42.16666666666666,135.5,16.275000000000002,openaq_ground,117.4154103852596,Unhealthy (Sensitive Groups)
2026-03-04 08:00:00,21.0,56.0,989.6,8.4,279.0,0.0,33.166666666666664,125.5,15.545000000000002,openaq_ground,95.3032904148784,Moderate
2026-03-04 09:00:00,24.5,46.0,990.3,7.7,295.0,0.0,46.150000000000006,128.5,15.43,openaq_ground,127.22361809045228,Unhealthy (Sensitive Groups)
2026-03-04 10:00:00,27.9,37.0,990.4,9.4,305.0,0.0,41.400000000000006,138.5,15.835,openaq_ground,115.52763819095479,Unhealthy (Sensitive Groups)
2026-03-04 11:00:00,30.3,32.0,990.1,11.9,305.0,0.0,45.2,133.0,14.935,openaq_ground,124.88442211055278,Unhealthy (Sensitive Groups)
2026-03-04 12:00:00,32.1,27.0,989.6,13.6,304.0,0.0,50.55,129.0,16.505,openaq_ground,138.0577889447236,Unhealthy (Sensitive Groups)
2026-03-04 13:00:00,32.9,26.0,988.6,15.7,301.0,0.0,57.85,151.0,20.94,openaq_ground,152.21338250790305,Unhealthy
2026-03-04 14:00:00,33.2,27.0,987.5,16.6,300.0,0.0,66.0,157.5,25.45,openaq_ground,156.42149631190728,Unhealthy
2026-03-04 15:00:00,33.1,27.0,986.9,16.6,300.0,0.0,51.76666666666667,152.5,24.9,openaq_ground,141.0536013400335,Unhealthy (Sensitive Groups)
2026-03-04 16:00:00,32.2,31.0,986.6,16.4,300.0,0.0,39.66666666666666,140.5,18.89,openaq_ground,111.25963149078724,Unhealthy (Sensitive Groups)
2026-03-04 17:00:00,31.2,35.0,985.8,14.2,290.0,0.0,55.55,128.0,17.38,openaq_ground,151.0258166491043,Unhealthy
2026-03-04 18:00:00,29.8,38.0,985.9,12.0,284.0,0.0,58.0,125.0,16.615000000000002,openaq_ground,152.29083245521602,Unhealthy
2026-03-04 19:00:00,29.0,38.0,986.5,13.5,289.0,0.0,58.3,114.0,15.055,openaq_ground,152.44573234984193,Unhealthy
2026-03-04 20:00:00,28.5,37.0,986.9,13.5,297.0,0.0,62.7,120.5,5.97,openaq_ground,154.71759747102212,Unhealthy
2026-03-04 21:00:00,27.7,38.0,987.5,13.2,304.0,0.0,67.05000000000001,109.0,15.61,openaq_ground,156.96364594309802,Unhealthy
2026-03-04 22:00:00,26.8,40.0,987.5,12.3,307.0,0.0,52.6,124.0,15.37,openaq_ground,143.10552763819095,Unhealthy (Sensitive Groups)
2026-03-04 23:00:00,26.0,47.0,987.2,12.2,304.0,0.0,61.4,129.0,15.67,openaq_ground,154.0463645943098,Unhealthy
2026-03-05 00:00:00,24.2,55.0,986.8,10.0,300.0,0.0,66.13333333333334,126.0,16.32,openaq_ground,156.4903407095188,Unhealthy
2026-03-05 01:00:00,23.3,59.0,986.4,9.8,302.0,0.0,70.06666666666666,140.5,20.5,openaq_ground,158.52125043905866,Unhealthy
2026-03-05 02:00:00,22.6,62.0,985.9,9.7,301.0,0.0,72.33333333333333,175.5,22.6,openaq_ground,159.6916051984545,Unhealthy
2026-03-05 03:00:00,21.9,66.0,985.4,9.6,296.0,0.0,65.5,188.5,21.05,openaq_ground,156.16332982086408,Unhealthy
2026-03-05 04:00:00,21.3,69.0,985.0,10.0,288.0,0.0,60.06666666666666,184.5,21.175,openaq_ground,153.35792061819458,Unhealthy
2026-03-05 05:00:00,21.0,68.0,985.1,11.6,285.0,0.0,75.3,184.25,19.405,openaq_ground,161.22339304531084,Unhealthy
2026-03-05 06:00:00,20.9,68.0,985.6,11.1,287.0,0.0,51.16666666666666,184.0,17.635,openaq_ground,139.5762144053601,Unhealthy (Sensitive Groups)
2026-03-05 07:00:00,21.1,67.0,986.3,10.9,283.0,0.0,55.8,140.0,17.009999999999998,openaq_ground,151.1548998946259,Unhealthy
2026-03-05 08:00:00,22.8,60.0,987.1,8.9,276.0,0.0,43.85,152.0,13.95,openaq_ground,121.5603015075377,Unhealthy (Sensitive Groups)
2026-03-05 09:00:00,25.5,51.0,987.5,9.2,287.0,0.0,47.8,163.0,14.125,openaq_ground,131.28643216080403,Unhealthy (Sensitive Groups)
2026-03-05 10:00:00,28.3,43.0,987.5,10.0,298.0,0.0,70.36666666666666,147.0,12.96,openaq_ground,158.67615033368457,Unhealthy
2026-03-05 11:00:00,30.8,36.0,987.4,11.3,303.0,0.0,68.89999999999999,139.5,9.28,openaq_ground,157.91886195995784,Unhealthy
2026-03-05 12:00:00,32.8,31.0,987.0,12.9,310.0,0.0,68.2,140.0,21.225,openaq_ground,157.55742887249735,Unhealthy
2026-03-05 13:00:00,33.8,28.0,986.0,15.8,312.0,0.0,75.06666666666666,155.5,26.75,openaq_ground,161.1029153494907,Unhealthy
2026-03-05 14:00:00,34.0,29.0,984.9,16.7,312.0,0.0,68.39999999999999,188.0,35.85,openaq_ground,157.66069546891464,Unhealthy
2026-03-05 15:00:00,33.8,31.0,984.2,16.2,309.0,0.0,77.53333333333333,195.0,37.75,openaq_ground,162.37653670530383,Unhealthy
2026-03-05 16:00:00,32.8,37.0,983.9,16.1,303.0,0.0,67.06666666666666,172.5,29.3,openaq_ground,156.97225149279944,Unhealthy
2026-03-05 17:00:00,32.3,33.0,983.6,15.9,302.0,0.0,53.43333333333334,141.0,25.35,openaq_ground,145.15745393634842,Unhealthy (Sensitive Groups)
2026-03-05 18:00:00,31.0,35.0,983.6,11.7,285.0,0.0,46.96666666666667,135.0,26.9,openaq_ground,129.23450586264659,Unhealthy (Sensitive Groups)
2026-03-05 19:00:00,29.7,38.0,983.9,10.7,284.0,0.0,54.29999999999999,129.5,25.95,openaq_ground,147.29145728643215,Unhealthy (Sensitive Groups)
2026-03-05 20:00:00,28.8,38.0,984.3,10.8,288.0,0.0,54.03333333333334,116.5,11.7,openaq_ground,146.6348408710218,Unhealthy (Sensitive Groups)
2026-03-05 21:00:00,28.0,38.0,984.9,10.2,296.0,0.0,63.5,114.0,27.3,openaq_ground,155.13066385669126,Unhealthy
2026-03-05 22:00:00,27.2,38.0,985.0,9.7,294.0,0.0,73.83333333333333,135.5,24.950000000000003,openaq_ground,160.46610467158413,Unhealthy
2026-03-05 23:00:00,26.6,42.0,985.0,9.3,306.0,0.0,81.5,133.0,23.96,openaq_ground,164.42465753424656,Unhealthy
2026-03-06 00:00:00,25.1,46.0,984.8,7.5,294.0,0.0,77.96666666666667,121.5,23.450000000000003,openaq_ground,162.60028099754126,Unhealthy
2026-03-06 01:00:00,23.4,54.0,984.7,5.5,293.0,0.0,83.5,131.5,30.0,openaq_ground,165.45732349841938,Unhealthy
2026-03-06 02:00:00,22.2,59.0,984.4,4.8,295.0,0.0,97.26666666666668,200.5,36.45,openaq_ground,172.56550755180893,Unhealthy
2026-03-06 03:00:00,21.4,60.0,984.1,5.1,288.0,0.0,104.66666666666669,254.5,40.75,openaq_ground,176.38637161924834,Unhealthy
2026-03-06 04:00:00,20.8,61.0,983.8,5.6,285.0,0.0,102.33333333333331,245.5,31.4,openaq_ground,175.18159466104672,Unhealthy
2026-03-06 05:00:00,20.0,66.0,984.0,5.3,288.0,0.0,96.2,241.0,25.950000000000003,openaq_ground,172.01475237091677,Unhealthy
2026-03-06 06:00:00,19.5,69.0,984.7,4.4,300.0,0.0,101.0,252.5,25.85,openaq_ground,174.4931506849315,Unhealthy
2026-03-06 07:00:00,20.4,66.0,985.6,4.1,285.0,0.0,101.5,224.5,21.865,openaq_ground,174.75131717597472,Unhealthy
2026-03-06 08:00:00,22.7,59.0,986.7,3.2,286.0,0.0,88.95,171.5,16.03,openaq_ground,168.2713382507903,Unhealthy
2026-03-06 09:00:00,25.7,52.0,987.3,3.1,291.0,0.0,84.23333333333333,146.5,7.0,openaq_ground,165.83596768528275,Unhealthy
2026-03-06 10:00:00,28.5,45.0,987.3,3.5,282.0,0.0,68.76666666666667,139.0,17.05,openaq_ground,157.85001756234632,Unhealthy
2026-03-06 11:00:00,30.9,38.0,987.2,5.9,282.0,0.0,59.9,116.5,21.595,openaq_ground,153.27186512118018,Unhealthy
2026-03-06 12:00:00,33.0,30.0,986.9,7.7,295.0,0.0,60.06666666666666,115.5,23.15,openaq_ground,153.35792061819458,Unhealthy
2026-03-06 13:00:00,34.1,24.0,985.9,10.4,302.0,0.0,68.23333333333333,131.0,34.1,openaq_ground,157.57463997190024,Unhealthy
2026-03-06 14:00:00,34.5,21.0,985.1,11.0,304.0,0.0,82.93333333333334,162.5,40.35,openaq_ground,165.16473480857042,Unhealthy
2026-03-06 15:00:00,34.4,20.0,984.6,11.3,304.0,0.0,102.16666666666669,195.0,49.3,openaq_ground,175.09553916403232,Unhealthy
2026-03-06 16:00:00,33.7,21.0,984.3,11.1,297.0,0.0,118.66666666666669,222.5,49.0,openaq_ground,183.61503336845803,Unhealthy
2026-03-06 17:00:00,31.8,30.0,984.3,10.7,297.0,0.0,135.0,217.5,44.5,openaq_ground,192.04847207586934,Unhealthy
2026-03-06 18:00:00,30.4,34.0,984.8,5.6,291.0,0.0,134.0,204.0,35.35,openaq_ground,191.53213909378292,Unhealthy
2026-03-06 19:00:00,29.4,37.0,985.3,4.5,337.0,0.0,158.66666666666666,250.5,28.94,openaq_ground,209.09309309309307,Very Unhealthy
2026-03-06 20:00:00,29.2,39.0,985.8,5.2,16.0,0.0,177.66666666666666,251.5,5.33,openaq_ground,227.92192192192192,Very Unhealthy
2026-03-06 21:00:00,27.4,47.0,986.3,3.8,82.0,0.0,177.66666666666666,245.5,21.425,openaq_ground,227.92192192192192,Very Unhealthy
2026-03-06 22:00:00,26.0,54.0,986.4,4.1,124.0,0.0,175.66666666666666,237.0,18.195,openaq_ground,225.93993993993993,Very Unhealthy
2026-03-06 23:00:00,25.2,66.0,986.5,3.7,113.0,0.0,175.33333333333334,219.5,17.985,openaq_ground,225.6096096096096,Very Unhealthy
2026-03-07 00:00:00,24.6,69.0,986.3,3.0,123.0,0.0,172.66666666666666,212.5,16.035,openaq_ground,222.96696696696696,Very Unhealthy
2026-03-07 01:00:00,23.9,73.0,986.0,3.1,103.0,0.0,178.66666666666666,211.5,14.595,openaq_ground,228.9129129129129,Very Unhealthy
2026-03-07 02:00:00,23.3,75.0,985.8,2.4,117.0,0.0,199.66666666666663,257.5,25.01,openaq_ground,249.72372372372368,Very Unhealthy
2026-03-07 03:00:00,22.6,78.0,985.7,2.4,144.0,0.0,223.33333333333331,319.0,48.6,openaq_ground,273.17717717717716,Very Unhealthy
2026-03-07 04:00:00,21.9,81.0,985.6,2.5,150.0,0.0,213.33333333333331,283.5,46.2,openaq_ground,263.26726726726724,Very Unhealthy
2026-03-07 05:00:00,20.8,87.0,985.8,3.6,127.0,0.0,157.66666666666666,222.0,31.2,openaq_ground,208.1021021021021,Very Unhealthy
2026-03-07 06:00:00,20.1,89.0,986.7,4.2,115.0,0.0,108.23333333333332,166.0,24.05,openaq_ground,178.2279592553565,Unhealthy
2026-03-07 07:00:00,21.0,86.0,987.7,4.6,138.0,0.0,84.46666666666665,137.5,23.75,openaq_ground,165.95644538110292,Unhealthy
2026-03-07 08:00:00,22.9,77.0,988.5,3.2,142.0,0.0,58.8,134.91666666666666,28.458333333333332,openaq_ground,152.70389884088513,Unhealthy
2026-03-07 09:00:00,25.8,65.0,989.1,3.3,144.0,0.0,51.1,132.33333333333334,33.166666666666664,openaq_ground,139.41206030150755,Unhealthy (Sensitive Groups)
2026-03-07 10:00:00,28.9,52.0,989.2,4.0,153.0,0.0,39.1,129.75,37.875,openaq_ground,109.8643216080402,Unhealthy (Sensitive Groups)
2026-03-07 11:00:00,31.3,40.0,988.9,4.0,175.0,0.0,48.9,127.16666666666667,42.58333333333333,openaq_ground,133.99497487437185,Unhealthy (Sensitive Groups)
2026-03-07 12:00:00,33.6,30.0,988.4,2.9,227.0,0.0,55.7,124.58333333333333,47.291666666666664,openaq_ground,151.10326659641728,Unhealthy
2026-03-07 13:00:00,34.8,24.0,987.4,4.7,274.0,0.0,86.85,122.0,52.0,openaq_ground,167.18703898840886,Unhealthy
2026-03-07 14:00:00,35.3,22.0,986.5,6.7,289.0,0.0,98.55,172.0,92.0,openaq_ground,173.22813487881982,Unhealthy
2026-03-07 15:00:00,35.2,21.0,986.1,8.4,295.0,0.0,124.55,233.0,104.0,openaq_ground,186.65279241306638,Unhealthy
2026-03-07 16:00:00,34.5,21.0,986.0,9.3,297.0,0.0,143.5,235.0,96.8,openaq_ground,196.4373024236038,Unhealthy
2026-03-07 17:00:00,33.0,24.0,986.0,8.4,293.0,0.0,156.0,289.0,90.4,openaq_ground,206.45045045045046,Very Unhealthy
2026-03-07 18:00:00,31.3,27.0,986.4,5.1,302.0,0.0,149.0,300.0,83.5,openaq_ground,199.27713382507903,Unhealthy
2026-03-07 19:00:00,29.5,35.0,986.9,2.7,352.0,0.0,147.5,289.0,76.9,openaq_ground,198.50263435194944,Unhealthy
2026-03-07 20:00:00,28.7,39.0,987.6,2.8,72.0,0.0,135.0,243.0,69.9,openaq_ground,192.04847207586934,Unhealthy
2026-03-07 21:00:00,27.9,44.0,988.3,2.5,82.0,0.0,145.0,225.0,71.8,openaq_ground,197.2118018967334,Unhealthy
2026-03-07 22:00:00,26.8,51.0,988.4,1.8,114.0,0.0,173.5,319.0,68.2,openaq_ground,223.7927927927928,Very Unhealthy
2026-03-07 23:00:00,26.1,56.0,988.3,2.2,156.0,0.0,171.5,303.0,66.3,openaq_ground,221.8108108108108,Very Unhealthy
2026-03-08 00:00:00,25.0,61.0,988.0,2.5,159.0,0.0,167.5,266.0,48.1,openaq_ground,217.84684684684686,Very Unhealthy
2026-03-08 01:00:00,24.2,66.0,987.6,2.7,148.0,0.0,158.5,231.0,50.3,openaq_ground,208.92792792792793,Very Unhealthy
2026-03-08 02:00:00,23.0,73.0,987.3,3.7,166.0,0.0,164.0,241.0,96.1,openaq_ground,214.3783783783784,Very Unhealthy
2026-03-08 03:00:00,22.5,75.0,987.0,3.2,180.0,0.0,181.5,256.0,111.0,openaq_ground,231.72072072072072,Very Unhealthy
2026-03-08 04:00:00,21.5,78.0,986.8,4.3,197.0,0.0,157.0,232.0,80.1,openaq_ground,207.44144144144144,Very Unhealthy
2026-03-08 05:00:00,20.8,80.0,986.9,3.1,216.0,0.0,116.0,215.0,63.8,openaq_ground,182.2381454162276,Unhealthy
2026-03-08 06:00:00,20.8,79.0,987.3,1.5,216.0,0.0,115.6,199.0,45.1,openaq_ground,182.03161222339304,Unhealthy
2026-03-08 07:00:00,21.6,75.0,988.0,1.9,214.0,0.0,83.9,162.0,35.8,openaq_ground,165.66385669125395,Unhealthy
2026-03-08 08:00:00,24.8,62.0,988.9,2.2,215.0,0.0,71.0,135.0,35.2,openaq_ground,159.00316122233932,Unhealthy
2026-03-08 09:00:00,28.2,48.0,989.5,2.6,205.0,0.0,67.75,118.0,33.2,openaq_ground,157.32507903055847,Unhealthy
2026-03-08 10:00:00,30.9,37.0,989.6,3.3,216.0,0.0,43.0,108.0,31.4,openaq_ground,119.46733668341709,Unhealthy (Sensitive Groups)
2026-03-08 11:00:00,33.1,29.0,989.3,5.6,248.0,0.0,43.9,110.0,33.2,openaq_ground,121.68341708542714,Unhealthy (Sensitive Groups)
2026-03-08 12:00:00,35.1,22.0,988.7,8.3,283.0,0.0,39.6,108.0,38.2,openaq_ground,111.09547738693468,Unhealthy (Sensitive Groups)
2026-03-08 13:00:00,35.7,20.0,987.9,11.1,300.0,0.0,72.9,117.0,45.4,openaq_ground,159.98419388830348,Unhealthy
2026-03-08 14:00:00,35.8,20.0,986.6,11.4,301.0,0.0,64.1,133.0,62.1,openaq_ground,155.44046364594308,Unhealthy
2026-03-08 15:00:00,35.6,20.0,985.9,11.8,303.0,0.0,85.6,189.0,79.8,openaq_ground,166.54162276080083,Unhealthy
2026-03-08 16:00:00,34.6,23.0,985.7,12.1,300.0,0.0,93.1,172.0,69.6,openaq_ground,170.4141201264489,Unhealthy
2026-03-08 17:00:00,33.3,27.0,985.7,12.1,302.0,0.0,109.0,150.0,64.4,openaq_ground,178.62381454162275,Unhealthy
2026-03-08 18:00:00,32.0,28.0,985.8,8.0,306.0,0.0,121.0,159.0,66.6,openaq_ground,184.81981032665965,Unhealthy
2026-03-08 19:00:00,30.4,33.0,986.6,4.6,309.0,0.0,121.0,186.0,58.7,openaq_ground,184.81981032665965,Unhealthy
2026-03-08 20:00:00,29.4,37.0,987.0,4.7,320.0,0.0,126.0,190.0,53.0,openaq_ground,187.4014752370917,Unhealthy
2026-03-08 21:00:00,28.6,41.0,987.3,4.0,297.0,0.0,150.0,192.0,48.9,openaq_ground,199.79346680716543,Unhealthy
2026-03-08 22:00:00,27.3,43.0,987.3,4.7,261.0,0.0,168.0,185.0,43.0,openaq_ground,218.34234234234233,Very Unhealthy
2026-03-08 23:00:00,26.4,50.0,987.5,6.0,280.0,0.0,166.0,165.0,39.7,openaq_ground,216.36036036036035,Very Unhealthy
2026-03-09 00:00:00,25.1,55.0,987.4,5.8,286.0,0.0,162.0,177.0,41.1,openaq_ground,212.3963963963964,Very Unhealthy
2026-03-09 01:00:00,24.2,58.0,987.0,6.5,265.0,0.0,173.0,209.0,38.1,openaq_ground,223.2972972972973,Very Unhealthy
2026-03-09 02:00:00,23.2,61.0,986.6,6.8,267.0,0.0,175.0,237.0,47.4,openaq_ground,225.27927927927928,Very Unhealthy
2026-03-09 03:00:00,22.3,63.0,986.1,5.8,270.0,0.0,173.0,247.0,44.1,openaq_ground,223.2972972972973,Very Unhealthy
2026-03-09 04:00:00,21.9,64.0,985.9,5.8,275.0,0.0,151.0,258.0,43.1,openaq_ground,201.4954954954955,Very Unhealthy
2026-03-09 05:00:00,21.0,73.0,986.4,4.8,283.0,0.0,147.5,268.0,40.1,openaq_ground,198.50263435194944,Unhealthy
2026-03-09 06:00:00,20.7,73.0,987.0,5.5,283.0,0.0,135.5,256.0,36.0,openaq_ground,192.30663856691254,Unhealthy
2026-03-09 07:00:00,21.3,70.0,987.7,7.3,280.0,0.0,112.75,212.0,34.0,openaq_ground,180.5600632244468,Unhealthy
2026-03-09 08:00:00,23.8,60.0,988.3,5.3,282.0,0.0,98.65,170.0,31.6,openaq_ground,173.27976817702844,Unhealthy
2026-03-09 09:00:00,26.9,52.0,989.0,5.8,290.0,0.0,72.66666666666667,125.5,19.285,openaq_ground,159.8637161924833,Unhealthy
2026-03-09 10:00:00,29.6,46.0,989.2,6.0,299.0,0.0,78.2,135.0,32.7,openaq_ground,162.72075869336143,Unhealthy
2026-03-09 11:00:00,32.1,38.0,988.9,9.4,296.0,0.0,50.0,121.0,33.4,openaq_ground,136.7035175879397,Unhealthy (Sensitive Groups)
2026-03-09 12:00:00,34.0,31.0,988.4,10.0,300.0,0.0,61.8,138.0,41.4,openaq_ground,154.25289778714435,Unhealthy
2026-03-09 13:00:00,35.1,25.0,987.6,10.9,301.0,0.0,76.5,155.0,49.4,openaq_ground,161.84299262381455,Unhealthy
2026-03-09 14:00:00,35.5,24.0,986.8,11.2,305.0,0.0,107.9,172.0,57.4,openaq_ground,178.05584826132772,Unhealthy
2026-03-09 15:00:00,35.1,27.0,986.2,10.7,303.0,0.0,124.5,202.0,66.7,openaq_ground,186.62697576396207,Unhealthy
2026-03-09 16:00:00,34.4,27.0,986.2,10.4,304.0,0.0,137.0,226.0,66.9,openaq_ground,193.08113804004216,Unhealthy
2026-03-09 17:00:00,32.7,33.0,986.5,11.7,304.0,0.0,144.5,228.0,54.5,openaq_ground,196.9536354056902,Unhealthy
2026-03-09 18:00:00,31.4,38.0,987.0,8.7,326.0,0.0,132.0,232.0,54.05714285714286,openaq_ground,190.49947312961012,Unhealthy
2026-03-09 19:00:00,30.5,42.0,987.6,5.3,336.0,0.0,133.0,236.0,53.614285714285714,openaq_ground,191.01580611169652,Unhealthy
2026-03-09 20:00:00,29.2,48.0,988.2,3.9,347.0,0.0,138.0,240.0,53.17142857142857,openaq_ground,193.59747102212856,Unhealthy
2026-03-09 21:00:00,28.3,53.0,988.5,3.6,30.0,0.0,146.0,244.0,52.72857142857143,openaq_ground,197.72813487881982,Unhealthy
2026-03-09 22:00:00,27.7,55.0,988.5,2.1,105.0,0.0,149.0,248.0,52.285714285714285,openaq_ground,199.27713382507903,Unhealthy
2026-03-09 23:00:00,26.8,62.0,989.2,2.2,125.0,0.0,150.0,252.0,51.84285714285714,openaq_ground,199.79346680716543,Unhealthy
2026-03-10 00:00:00,25.9,65.0,989.1,3.3,99.0,0.0,152.0,,,openaq_ground,202.48648648648648,Very Unhealthy
2026-03-10 01:00:00,25.1,70.0,988.8,2.9,90.0,0.0,179.0,,,openaq_ground,229.24324324324323,Very Unhealthy
2026-03-10 02:00:00,24.4,74.0,988.8,0.3,225.0,0.0,212.0,,,openaq_ground,261.94594594594594,Very Unhealthy
2026-03-10 03:00:00,23.5,76.0,988.9,1.5,249.0,0.0,241.0,,,openaq_ground,290.68468468468467,Very Unhealthy
2026-03-10 04:00:00,22.8,76.0,988.6,1.3,254.0,0.0,228.0,,,openaq_ground,277.8018018018018,Very Unhealthy
2026-03-10 05:00:00,23.5,75.0,989.1,0.3,135.0,0.0,188.0,,,openaq_ground,238.16216216216216,Very Unhealthy
2026-03-10 06:00:00,22.7,79.0,989.7,0.4,270.0,0.0,197.0,,,openaq_ground,247.0810810810811,Very Unhealthy
2026-03-10 07:00:00,22.4,79.0,990.5,2.2,275.0,0.0,219.5,284.0,48.3,openaq_ground,269.3783783783784,Very Unhealthy
2026-03-10 08:00:00,25.2,67.0,991.4,0.6,34.0,0.0,107.3,194.0,38.5,openaq_ground,177.74604847207587,Unhealthy
2026-03-10 09:00:00,27.9,58.0,992.3,1.0,31.0,0.0,86.95,155.0,36.4,openaq_ground,167.2386722866175,Unhealthy
2026-03-10 10:00:00,30.4,49.0,992.4,0.6,34.0,0.0,90.8,152.0,35.8,openaq_ground,169.22655426765016,Unhealthy
2026-03-10 11:00:00,31.9,42.0,991.8,2.4,306.0,0.0,76.1,130.0,38.6,openaq_ground,161.63645943097998,Unhealthy
2026-03-10 12:00:00,34.2,33.0,991.4,4.7,317.0,0.0,76.7,140.0,43.9,openaq_ground,161.94625922023184,Unhealthy
2026-03-10 13:00:00,35.3,27.0,990.5,8.3,314.0,0.0,93.35,158.0,53.6,openaq_ground,170.5432033719705,Unhealthy
2026-03-10 14:00:00,35.5,25.0,989.1,10.2,309.0,0.0,104.4,179.0,73.1,openaq_ground,176.2486828240253,Unhealthy
2026-03-10 15:00:00,35.2,25.0,988.4,11.0,305.0,0.0,125.0,199.0,88.3,openaq_ground,186.88514225500526,Unhealthy
2026-03-10 16:00:00,34.7,23.0,988.3,11.1,310.0,0.0,130.0,212.0,82.5,openaq_ground,189.4668071654373,Unhealthy
2026-03-10 17:00:00,33.7,22.0,987.8,10.4,312.0,0.0,130.0,224.0,71.6,openaq_ground,189.4668071654373,Unhealthy
2026-03-10 18:00:00,31.8,30.0,988.1,6.8,328.0,0.0,131.5,208.0,57.7,openaq_ground,190.24130663856693,Unhealthy
2026-03-10 19:00:00,30.7,37.0,988.4,4.6,351.0,0.0,137.5,214.0,60.5,openaq_ground,193.33930453108536,Unhealthy
2026-03-10 20:00:00,29.2,47.0,989.0,1.3,16.0,0.0,147.0,235.0,57.2,openaq_ground,198.2444678609062,Unhealthy
2026-03-10 21:00:00,28.1,50.0,989.4,1.0,211.0,0.0,145.5,211.0,49.4,openaq_ground,197.46996838777662,Unhealthy
2026-03-10 22:00:00,27.3,50.0,989.1,1.3,180.0,0.0,143.5,212.0,55.2,openaq_ground,196.4373024236038,Unhealthy
2026-03-10 23:00:00,26.6,54.0,989.0,1.3,164.0,0.0,142.5,205.0,39.7,openaq_ground,195.9209694415174,Unhealthy
2026-03-11 00:00:00,25.8,55.0,989.0,1.2,207.0,0.0,138.0,187.0,33.5,openaq_ground,193.59747102212856,Unhealthy
2026-03-11 01:00:00,24.5,59.0,988.7,3.2,223.0,0.0,138.0,187.0,36.7,openaq_ground,193.59747102212856,Unhealthy
2026-03-11 02:00:00,23.6,63.0,988.5,2.6,254.0,0.0,146.0,217.0,78.5,openaq_ground,197.72813487881982,Unhealthy
2026-03-11 03:00:00,22.7,67.0,988.0,2.0,260.0,0.0,190.0,299.0,113.0,openaq_ground,240.14414414414415,Very Unhealthy
2026-03-11 04:00:00,22.1,71.0,987.8,1.7,288.0,0.0,202.0,329.0,96.7,openaq_ground,252.03603603603602,Very Unhealthy
2026-03-11 05:00:00,21.0,77.0,988.1,5.1,225.0,0.0,148.0,228.0,50.3,openaq_ground,198.76080084299264,Unhealthy
2026-03-11 06:00:00,20.5,78.0,988.3,4.0,212.0,0.0,111.0,180.0,39.9,openaq_ground,179.65648050579557,Unhealthy
2026-03-11 07:00:00,21.7,71.0,989.0,5.4,230.0,0.0,93.3,148.0,38.1,openaq_ground,170.51738672286618,Unhealthy
2026-03-11 08:00:00,24.6,59.0,989.9,3.8,265.0,0.0,90.7,170.0,34.4,openaq_ground,169.17492096944153,Unhealthy
2026-03-11 09:00:00,28.4,44.0,990.5,4.8,257.0,0.0,88.3,167.0,31.8,openaq_ground,167.93572181243414,Unhealthy
2026-03-11 10:00:00,31.8,29.0,990.7,8.1,252.0,0.0,84.8,145.0,34.5,openaq_ground,166.12855637513172,Unhealthy
2026-03-11 11:00:00,34.2,21.0,990.0,11.3,252.0,0.0,83.0,130.0,35.4,openaq_ground,165.1991570073762,Unhealthy
2026-03-11 12:00:00,35.9,15.0,989.4,13.3,279.0,0.0,81.5,136.0,41.6,openaq_ground,164.42465753424656,Unhealthy
2026-03-11 13:00:00,36.3,14.0,988.1,15.7,290.0,0.0,88.5,146.0,57.2,openaq_ground,168.03898840885142,Unhealthy
2026-03-11 14:00:00,36.2,13.0,986.9,16.9,292.0,0.0,98.8,169.0,72.5,openaq_ground,173.35721812434141,Unhealthy
2026-03-11 15:00:00,36.0,14.0,985.9,15.5,303.0,0.0,109.0,183.0,72.3,openaq_ground,178.62381454162275,Unhealthy
2026-03-11 16:00:00,35.6,14.0,985.4,15.2,307.0,0.0,118.0,194.0,79.0,openaq_ground,183.27081138040043,Unhealthy
2026-03-11 17:00:00,34.3,15.0,985.0,12.5,319.0,0.0,133.0,223.0,79.0,openaq_ground,191.01580611169652,Unhealthy
2026-03-11 18:00:00,31.8,21.0,985.4,4.8,326.0,0.0,138.0,222.5,77.8,openaq_ground,193.59747102212856,Unhealthy
2026-03-11 19:00:00,30.7,24.0,985.7,4.2,275.0,0.0,143.0,222.0,76.6,openaq_ground,196.1791359325606,Unhealthy
2026-03-11 20:00:00,29.6,27.0,986.2,5.2,266.0,0.0,151.0,248.0,73.7,openaq_ground,201.4954954954955,Very Unhealthy
2026-03-11 21:00:00,29.0,28.0,986.2,6.4,260.0,0.0,161.0,307.0,73.0,openaq_ground,211.40540540540542,Very Unhealthy
2026-03-11 22:00:00,27.6,28.0,985.8,5.9,288.0,0.0,159.0,286.0,52.4,openaq_ground,209.42342342342343,Very Unhealthy
2026-03-11 23:00:00,26.6,36.0,986.1,6.8,295.0,0.0,120.0,164.0,46.7,openaq_ground,184.30347734457325,Unhealthy
2026-03-12 00:00:00,25.0,39.0,985.8,5.6,287.0,0.0,120.0,180.0,45.0,openaq_ground,184.30347734457325,Unhealthy
2026-03-12 01:00:00,24.3,41.0,985.3,5.3,260.0,0.0,109.0,123.0,49.3,openaq_ground,178.62381454162275,Unhealthy
2026-03-12 02:00:00,23.4,44.0,984.7,5.2,264.0,0.0,122.0,169.0,85.8,openaq_ground,185.33614330874605,Unhealthy
2026-03-12 03:00:00,22.5,48.0,984.1,4.4,251.0,0.0,131.0,221.0,68.0,openaq_ground,189.98314014752373,Unhealthy
2026-03-12 04:00:00,21.6,52.0,983.4,4.5,236.0,0.0,119.0,204.0,57.2,openaq_ground,183.78714436248683,Unhealthy
2026-03-12 05:00:00,21.2,68.0,983.4,5.8,248.0,0.0,102.0,195.0,38.8,openaq_ground,175.00948366701792,Unhealthy
2026-03-12 06:00:00,21.2,67.0,983.7,7.2,245.0,0.0,94.0,181.0,36.4,openaq_ground,170.87881981032666,Unhealthy
2026-03-12 07:00:00,22.4,58.0,984.2,8.5,242.0,0.0,83.3,135.0,35.3,openaq_ground,165.3540569020021,Unhealthy
2026-03-12 08:00:00,25.0,45.0,985.1,6.4,243.0,0.0,77.0,118.0,30.0,openaq_ground,162.10115911485775,Unhealthy
2026-03-12 09:00:00,28.1,34.0,985.6,7.7,245.0,0.0,75.8,137.0,32.4,openaq_ground,161.48155953635404,Unhealthy
2026-03-12 10:00:00,31.1,25.0,985.9,9.8,253.0,0.0,81.0,124.0,33.3,openaq_ground,164.16649104320337,Unhealthy
2026-03-12 11:00:00,33.9,18.0,985.9,14.2,258.0,0.0,83.0,141.0,35.7,openaq_ground,165.1991570073762,Unhealthy
2026-03-12 12:00:00,35.4,11.0,985.2,16.0,268.0,0.0,93.0,173.0,45.1,openaq_ground,170.36248682824026,Unhealthy
2026-03-12 13:00:00,35.7,11.0,984.1,13.6,275.0,0.0,104.0,184.0,46.4,openaq_ground,176.04214963119074,Unhealthy
2026-03-12 14:00:00,35.9,10.0,983.0,13.2,281.0,0.0,110.0,183.0,50.1,openaq_ground,179.14014752370917,Unhealthy
2026-03-12 15:00:00,35.5,11.0,982.6,13.5,286.0,0.0,110.0,185.0,55.0,openaq_ground,179.14014752370917,Unhealthy
2026-03-12 16:00:00,34.9,11.0,982.3,10.7,301.0,0.0,121.0,189.0,53.7,openaq_ground,184.81981032665965,Unhealthy
2026-03-12 17:00:00,32.5,18.0,982.8,10.3,306.0,0.0,121.0,189.0,60.3,openaq_ground,184.81981032665965,Unhealthy
2026-03-12 18:00:00,30.8,23.0,983.3,5.3,305.0,0.0,135.5,238.5,41.5,openaq_ground,192.30663856691254,Unhealthy
2026-03-12 19:00:00,29.5,27.0,983.3,4.3,315.0,0.0,137.0,240.5,36.3,openaq_ground,193.08113804004216,Unhealthy
2026-03-12 20:00:00,28.5,30.0,983.7,4.2,350.0,0.0,121.3,197.0,27.8,openaq_ground,184.97471022128556,Unhealthy
2026-03-12 21:00:00,27.9,32.0,984.4,3.8,335.0,0.0,98.8,155.5,26.0,openaq_ground,173.35721812434141,Unhealthy
2026-03-12 22:00:00,27.0,33.0,984.5,5.5,261.0,0.0,100.7,137.5,24.5,openaq_ground,174.33825079030558,Unhealthy
2026-03-12 23:00:00,26.7,44.0,984.7,6.7,284.0,0.0,98.65,130.0,25.25,openaq_ground,173.27976817702844,Unhealthy
2026-03-13 00:00:00,25.6,48.0,984.8,6.2,303.0,0.0,104.2,135.0,28.8,openaq_ground,176.145416227608,Unhealthy
2026-03-13 01:00:00,24.7,52.0,984.6,5.7,288.0,0.0,124.0,170.0,27.5,openaq_ground,186.36880927291887,Unhealthy
2026-03-13 02:00:00,24.1,55.0,984.1,6.7,273.0,0.0,144.0,203.0,29.15,openaq_ground,196.695468914647,Unhealthy
2026-03-13 03:00:00,23.5,59.0,984.2,7.7,306.0,0.0,121.5,200.0,30.75,openaq_ground,185.07797681770285,Unhealthy
2026-03-13 04:00:00,23.0,65.0,984.0,6.9,337.0,0.0,114.0,193.5,28.0,openaq_ground,181.2054794520548,Unhealthy
2026-03-13 05:00:00,22.1,76.0,983.9,5.9,322.0,0.0,90.61666666666666,154.41666666666666,23.763333333333332,openaq_ground,169.1318932209343,Unhealthy
2026-03-13 06:00:00,21.7,79.0,984.3,5.9,305.0,0.0,67.23333333333332,115.33333333333333,19.526666666666664,openaq_ground,157.05830698981384,Unhealthy
2026-03-13 07:00:00,22.1,77.0,984.9,7.7,294.0,0.0,43.85,76.25,15.29,openaq_ground,121.5603015075377,Unhealthy (Sensitive Groups)
2026-03-13 08:00:00,24.0,68.0,985.7,7.2,298.0,0.0,50.5,85.0,15.73,openaq_ground,137.93467336683418,Unhealthy (Sensitive Groups)
2026-03-13 09:00:00,26.3,56.0,986.5,8.0,297.0,0.0,52.95,82.6,16.490000000000002,openaq_ground,143.9673366834171,Unhealthy (Sensitive Groups)
2026-03-13 10:00:00,28.7,44.0,986.6,9.2,298.0,0.0,46.1,88.35,16.925,openaq_ground,127.10050251256283,Unhealthy (Sensitive Groups)
2026-03-13 11:00:00,30.7,31.0,986.0,10.8,306.0,0.0,51.15,89.65,17.335,openaq_ground,139.535175879397,Unhealthy (Sensitive Groups)
2026-03-13 12:00:00,32.1,25.0,985.6,10.9,301.0,0.0,53.55,89.9,19.695,openaq_ground,145.44472361809045,Unhealthy (Sensitive Groups)
2026-03-13 13:00:00,32.5,24.0,984.8,12.7,293.0,0.0,65.75,105.5,23.4,openaq_ground,156.29241306638568,Unhealthy
2026-03-13 14:00:00,32.4,25.0,984.0,13.4,290.0,0.0,63.3,114.5,23.7,openaq_ground,155.02739726027397,Unhealthy
2026-03-13 15:00:00,32.2,24.0,983.5,13.3,291.0,0.0,61.5,109.5,26.2,openaq_ground,154.09799789251844,Unhealthy
2026-03-13 16:00:00,31.8,22.0,983.4,13.4,297.0,0.0,67.0,116.0,29.3,openaq_ground,156.93782929399367,Unhealthy
2026-03-13 17:00:00,30.0,25.0,983.5,14.0,298.0,0.0,66.75,117.0,30.85,openaq_ground,156.80874604847207,Unhealthy
2026-03-13 18:00:00,28.9,30.0,983.7,10.1,297.0,0.0,79.55,112.0,29.8,openaq_ground,163.41780821917808,Unhealthy
2026-03-13 19:00:00,27.9,33.0,984.0,8.1,287.0,0.0,82.45,116.5,28.55,openaq_ground,164.91517386722867,Unhealthy
2026-03-13 20:00:00,27.1,36.0,984.6,7.8,299.0,0.0,90.75,122.5,23.25,openaq_ground,169.20073761854584,Unhealthy
2026-03-13 21:00:00,26.4,37.0,985.0,7.5,320.0,0.0,91.4,127.0,21.4,openaq_ground,169.536354056902,Unhealthy
2026-03-13 22:00:00,26.3,35.0,985.0,11.1,335.0,0.0,101.9,130.0,22.35,openaq_ground,174.95785036880926,Unhealthy
2026-03-13 23:00:00,25.4,41.0,984.9,9.9,328.0,0.0,94.3,127.5,25.55,openaq_ground,171.03371970495257,Unhealthy
2026-03-14 00:00:00,24.6,41.0,984.9,9.9,333.0,0.0,127.0,153.0,28.85,openaq_ground,187.91780821917808,Unhealthy
2026-03-14 01:00:00,23.9,42.0,984.2,8.7,336.0,0.0,158.0,182.0,30.5,openaq_ground,208.43243243243242,Very Unhealthy
2026-03-14 02:00:00,23.1,44.0,983.7,7.9,330.0,0.0,151.5,198.5,29.15,openaq_ground,201.99099099099098,Very Unhealthy
2026-03-14 03:00:00,22.3,47.0,983.9,5.9,305.0,0.0,117.2,181.5,25.5,openaq_ground,182.8577449947313,Unhealthy
2026-03-14 04:00:00,21.6,50.0,983.4,6.0,299.0,0.0,95.95,166.5,25.6,openaq_ground,171.88566912539517,Unhealthy
2026-03-14 05:00:00,20.7,59.0,983.3,6.1,302.0,0.0,91.85,171.5,23.4,openaq_ground,169.7687038988409,Unhealthy
2026-03-14 06:00:00,20.1,62.0,984.0,5.5,287.0,0.0,70.05,150.0,19.835,openaq_ground,158.5126448893572,Unhealthy
2026-03-14 07:00:00,20.8,60.0,984.9,7.2,273.0,0.0,62.15,126.5,18.68,openaq_ground,154.4336143308746,Unhealthy
2026-03-14 08:00:00,22.8,54.0,985.8,6.2,277.0,0.0,62.3,123.0,19.48,openaq_ground,154.51106427818758,Unhealthy
2026-03-14 09:00:00,25.9,43.0,986.4,6.5,289.0,0.0,57.55,109.0,19.795,openaq_ground,152.05848261327714,Unhealthy
2026-03-14 10:00:00,28.9,30.0,986.6,7.2,292.0,0.0,43.6,104.5,19.24,openaq_ground,120.94472361809045,Unhealthy (Sensitive Groups)
2026-03-14 11:00:00,31.1,22.0,986.4,7.7,300.0,0.0,48.15,107.5,22.65,openaq_ground,132.14824120603015,Unhealthy (Sensitive Groups)
2026-03-14 12:00:00,32.4,19.0,985.9,9.5,303.0,0.0,58.45,125.5,29.45,openaq_ground,152.5231822971549,Unhealthy
2026-03-14 13:00:00,32.3,18.0,984.7,10.9,310.0,0.0,69.9,153.0,39.15,openaq_ground,158.43519494204426,Unhealthy
2026-03-14 14:00:00,32.8,17.0,983.8,10.5,305.0,0.0,80.25,172.5,49.95,openaq_ground,163.77924130663857,Unhealthy
2026-03-14 15:00:00,33.1,19.0,983.0,10.1,297.0,0.0,96.95,205.5,53.55,openaq_ground,172.40200210748156,Unhealthy
2026-03-14 16:00:00,31.8,21.0,983.1,12.8,270.0,0.0,103.25,214.0,51.55,openaq_ground,175.6548998946259,Unhealthy
2026-03-14 17:00:00,31.5,16.0,982.3,5.7,294.0,0.0,100.9,193.5,47.75,openaq_ground,174.44151738672286,Unhealthy
2026-03-14 18:00:00,30.0,19.0,982.9,4.7,277.0,0.0,87.8,171.0,48.95,openaq_ground,167.67755532139094,Unhealthy
2026-03-14 19:00:00,28.4,26.0,983.2,2.9,274.0,0.0,96.3,184.5,43.15,openaq_ground,172.0663856691254,Unhealthy
2026-03-14 20:00:00,27.5,32.0,983.8,0.4,153.0,0.0,139.5,247.5,37.150000000000006,openaq_ground,194.37197049525815,Unhealthy
2026-03-14 21:00:00,26.5,33.0,984.5,1.0,121.0,0.0,201.0,308.0,38.05,openaq_ground,251.04504504504504,Very Unhealthy
2026-03-14 22:00:00,25.4,35.0,984.6,4.4,109.0,0.0,196.0,271.5,33.8,openaq_ground,246.0900900900901,Very Unhealthy
2026-03-14 23:00:00,25.3,39.0,984.4,6.6,123.0,0.0,117.5,193.0,34.3,openaq_ground,183.0126448893572,Unhealthy
2026-03-15 00:00:00,23.6,44.0,984.0,5.2,131.0,0.0,77.85,152.5,28.6,openaq_ground,162.54004214963118,Unhealthy
2026-03-15 01:00:00,22.8,48.0,983.5,5.2,117.0,0.0,59.2,84.0,26.2,openaq_ground,152.9104320337197,Unhealthy
2026-03-15 02:00:00,22.6,51.0,983.0,4.1,113.0,0.0,52.8,65.8,25.200000000000003,openaq_ground,143.59798994974875,Unhealthy (Sensitive Groups)
2026-03-15 03:00:00,18.4,76.0,986.6,13.1,268.0,1.7,52.6,60.75,24.5,openaq_ground,143.10552763819095,Unhealthy (Sensitive Groups)
2026-03-15 04:00:00,18.5,78.0,984.3,10.0,99.0,0.0,56.5,67.65,30.35,openaq_ground,151.5163329820864,Unhealthy
2026-03-15 05:00:00,18.2,83.0,986.7,8.6,269.0,0.0,55.0,87.5,36.15,openaq_ground,149.01507537688443,Unhealthy (Sensitive Groups)
2026-03-15 06:00:00,18.6,89.0,985.8,11.5,56.0,0.7,52.4,89.0,21.5,openaq_ground,142.61306532663318,Unhealthy (Sensitive Groups)
2026-03-15 07:00:00,19.5,82.0,986.6,8.6,349.0,0.0,52.6,76.3,20.3,openaq_ground,143.10552763819095,Unhealthy (Sensitive Groups)
2026-03-15 08:00:00,20.8,66.0,986.0,11.5,40.0,0.0,49.95,80.4,12.7,openaq_ground,136.58040201005025,Unhealthy (Sensitive Groups)
2026-03-15 09:00:00,23.6,52.0,986.2,10.1,71.0,0.0,44.95,115.0,9.93,openaq_ground,124.26884422110554,Unhealthy (Sensitive Groups)
2026-03-15 10:00:00,25.5,43.0,986.4,13.5,82.0,0.2,43.3,96.2,10.2,openaq_ground,120.20603015075376,Unhealthy (Sensitive Groups)
2026-03-15 11:00:00,25.7,47.0,986.7,10.6,94.0,0.0,44.85,84.0,12.2,openaq_ground,124.02261306532664,Unhealthy (Sensitive Groups)
2026-03-15 12:00:00,26.8,44.0,986.0,13.0,114.0,0.0,49.35,95.1,16.1,openaq_ground,135.1030150753769,Unhealthy (Sensitive Groups)
2026-03-15 13:00:00,27.3,41.0,985.1,13.8,112.0,0.0,52.45,90.3,21.4,openaq_ground,142.73618090452263,Unhealthy (Sensitive Groups)
2026-03-15 14:00:00,26.4,47.0,984.2,11.5,104.0,0.0,51.15,88.8,21.5,openaq_ground,139.535175879397,Unhealthy (Sensitive Groups)
2026-03-15 15:00:00,26.0,50.0,984.1,13.5,134.0,0.0,56.3,85.3,17.9,openaq_ground,151.4130663856691,Unhealthy
2026-03-15 16:00:00,26.1,46.0,983.2,13.9,130.0,0.0,62.4,83.3,15.2,openaq_ground,154.5626975763962,Unhealthy
2026-03-15 17:00:00,27.3,35.0,982.6,13.6,122.0,0.0,56.25,72.7,12.2,openaq_ground,151.3872497365648,Unhealthy
2026-03-15 18:00:00,25.4,41.0,983.1,13.0,104.0,0.0,71.05,112.0,12.3,openaq_ground,159.02897787144363,Unhealthy
2026-03-15 19:00:00,24.2,46.0,983.3,14.1,92.0,0.0,77.75,111.0,11.1,openaq_ground,162.48840885142255,Unhealthy
2026-03-15 20:00:00,23.3,50.0,984.3,14.8,80.0,0.0,81.05,106.0,9.99,openaq_ground,164.19230769230768,Unhealthy
2026-03-15 21:00:00,22.3,54.0,985.0,13.1,82.0,0.0,67.7,70.8,9.61,openaq_ground,157.29926238145416,Unhealthy
2026-03-15 22:00:00,21.1,59.0,985.1,12.6,87.0,0.0,46.2,48.5,9.87,openaq_ground,127.34673366834171,Unhealthy (Sensitive Groups)
2026-03-15 23:00:00,21.1,66.0,985.1,11.6,102.0,0.0,42.75,41.3,12.5,openaq_ground,118.85175879396985,Unhealthy (Sensitive Groups)
2026-03-16 00:00:00,20.8,66.0,985.4,11.1,48.0,0.0,43.05,44.9,18.7,openaq_ground,119.59045226130652,Unhealthy (Sensitive Groups)
2026-03-16 01:00:00,19.5,65.0,985.9,11.5,46.0,0.0,44.25,47.5,19.7,openaq_ground,122.54522613065328,Unhealthy (Sensitive Groups)
2026-03-16 02:00:00,19.0,66.0,984.2,12.1,93.0,0.0,48.05,70.8,20.1,openaq_ground,131.90201005025125,Unhealthy (Sensitive Groups)
2026-03-16 03:00:00,18.5,67.0,983.7,12.4,92.0,0.0,57.65,125.0,19.1,openaq_ground,152.11011591148576,Unhealthy
2026-03-16 04:00:00,17.9,70.0,983.8,9.8,66.0,0.0,63.75,121.0,17.6,openaq_ground,155.25974710221286,Unhealthy
2026-03-16 05:00:00,17.4,73.0,983.5,12.3,93.0,0.0,73.25,108.0,14.5,openaq_ground,160.1649104320337,Unhealthy
2026-03-16 06:00:00,17.4,72.0,984.0,11.2,96.0,0.0,69.9,122.0,11.9,openaq_ground,158.43519494204426,Unhealthy
2026-03-16 07:00:00,18.1,69.0,984.6,9.9,100.0,0.0,59.6,129.0,10.1,openaq_ground,153.11696522655427,Unhealthy
2026-03-16 08:00:00,20.0,60.0,985.4,10.7,112.0,0.0,61.45,125.0,9.52,openaq_ground,154.07218124341412,Unhealthy
2026-03-16 09:00:00,22.6,49.0,985.8,12.0,127.0,0.0,58.0,124.0,8.78,openaq_ground,152.29083245521602,Unhealthy
2026-03-16 10:00:00,25.0,42.0,985.9,13.3,139.0,0.0,49.85,134.0,10.4,openaq_ground,136.33417085427135,Unhealthy (Sensitive Groups)
2026-03-16 11:00:00,27.4,37.0,985.5,14.0,150.0,0.0,60.8,132.0,11.3,openaq_ground,153.73656480505795,Unhealthy
2026-03-16 12:00:00,29.1,34.0,984.3,16.3,152.0,0.0,67.3,139.0,12.4,openaq_ground,157.0927291886196,Unhealthy
2026-03-16 13:00:00,30.3,30.0,982.9,16.5,155.0,0.0,64.0,137.0,13.5,openaq_ground,155.38883034773446,Unhealthy
2026-03-16 14:00:00,30.8,24.0,982.4,9.7,198.0,0.3,64.1,146.0,16.6,openaq_ground,155.44046364594308,Unhealthy
2026-03-16 15:00:00,30.6,18.0,981.7,9.4,182.0,0.0,90.4,189.0,17.5,openaq_ground,169.0200210748156,Unhealthy
2026-03-16 16:00:00,29.9,22.0,981.4,10.3,185.0,0.0,81.1,118.0,13.2,openaq_ground,164.21812434141202,Unhealthy
2026-03-16 17:00:00,26.9,34.0,981.3,12.4,103.0,0.0,61.5,86.5,11.4,openaq_ground,154.09799789251844,Unhealthy
2026-03-16 18:00:00,25.9,38.0,981.6,9.1,83.0,0.0,57.65,93.3,12.2,openaq_ground,152.11011591148576,Unhealthy
2026-03-16 19:00:00,24.6,45.0,982.3,9.0,93.0,0.0,61.7,109.0,13.4,openaq_ground,154.20126448893572,Unhealthy
2026-03-16 20:00:00,23.2,52.0,982.9,7.7,102.0,0.0,71.15,98.7,15.8,openaq_ground,159.08061116965226,Unhealthy
2026-03-16 21:00:00,22.4,56.0,984.3,11.3,2.0,0.0,63.4,111.0,15.1,openaq_ground,155.0790305584826,Unhealthy
2026-03-16 22:00:00,21.7,56.0,984.6,5.5,9.0,0.0,64.85,98.6,12.9,openaq_ground,155.8277133825079,Unhealthy
2026-03-16 23:00:00,21.9,60.0,985.0,9.5,341.0,0.0,70.55,91.4,12.3,openaq_ground,158.77081138040043,Unhealthy
2026-03-17 00:00:00,20.8,65.0,985.0,7.6,353.0,0.0,70.7,94.5,13.4,openaq_ground,158.84826132771337,Unhealthy
2026-03-17 01:00:00,20.0,70.0,984.8,7.7,339.0,0.0,78.65,114.0,13.1,openaq_ground,162.95310853530032,Unhealthy
2026-03-17 02:00:00,19.3,70.0,984.2,8.2,351.0,0.0,108.95,177.0,21.2,openaq_ground,178.59799789251844,Unhealthy
2026-03-17 03:00:00,18.8,69.0,983.8,6.9,5.0,0.0,138.0,232.0,31.5,openaq_ground,193.59747102212856,Unhealthy
2026-03-17 04:00:00,18.5,68.0,983.3,6.1,2.0,0.0,125.6,218.0,32.9,openaq_ground,187.19494204425712,Unhealthy
2026-03-17 05:00:00,17.6,73.0,983.2,4.0,10.0,0.0,145.0,315.0,32.6,openaq_ground,197.2118018967334,Unhealthy
2026-03-17 06:00:00,17.4,73.0,983.8,3.4,354.0,0.0,161.5,312.0,25.5,openaq_ground,211.9009009009009,Very Unhealthy
2026-03-17 07:00:00,18.3,68.0,984.2,3.5,9.0,0.0,143.5,244.0,18.7,openaq_ground,196.4373024236038,Unhealthy
2026-03-17 08:00:00,20.4,58.0,985.1,1.5,339.0,0.0,123.5,221.0,15.6,openaq_ground,186.11064278187567,Unhealthy
2026-03-17 09:00:00,23.8,46.0,985.9,2.4,347.0,0.0,93.9,173.0,13.0,openaq_ground,170.82718651211803,Unhealthy
2026-03-17 10:00:00,27.0,35.0,986.0,3.2,357.0,0.0,76.15,167.0,11.3,openaq_ground,161.6622760800843,Unhealthy
2026-03-17 11:00:00,28.5,36.0,985.9,5.1,343.0,0.0,73.7,148.0,10.6,openaq_ground,160.3972602739726,Unhealthy
2026-03-17 12:00:00,29.9,33.0,985.4,5.4,340.0,0.0,69.75,123.0,10.7,openaq_ground,158.3577449947313,Unhealthy
2026-03-17 13:00:00,30.8,30.0,984.5,5.0,334.0,0.0,72.8,130.0,11.4,openaq_ground,159.93256059009482,Unhealthy
2026-03-17 14:00:00,31.5,27.0,983.8,5.1,312.0,0.0,85.4,139.0,14.2,openaq_ground,166.43835616438358,Unhealthy
2026-03-17 15:00:00,31.3,26.0,983.3,8.1,325.0,0.0,96.25,164.0,16.3,openaq_ground,172.04056902002108,Unhealthy
2026-03-17 16:00:00,30.8,25.0,983.2,7.6,308.0,0.0,116.2,170.0,18.5,openaq_ground,182.3414120126449,Unhealthy
2026-03-17 17:00:00,28.9,33.0,983.4,10.7,330.0,0.0,108.7,156.0,18.9,openaq_ground,178.46891464699684,Unhealthy
2026-03-17 18:00:00,27.3,39.0,984.2,9.6,334.0,0.0,107.5,178.0,19.7,openaq_ground,177.84931506849315,Unhealthy
2026-03-17 19:00:00,25.9,45.0,984.6,8.4,350.0,0.0,109.45,178.0,18.9,openaq_ground,178.85616438356163,Unhealthy
2026-03-17 20:00:00,25.0,48.0,985.1,6.7,355.0,0.0,104.35,159.0,17.1,openaq_ground,176.22286617492097,Unhealthy
2026-03-17 21:00:00,24.0,52.0,985.4,4.9,352.0,0.0,97.2,136.0,16.7,openaq_ground,172.53108535300316,Unhealthy
2026-03-17 22:00:00,23.1,55.0,985.2,4.4,351.0,0.0,98.0,136.0,16.2,openaq_ground,172.9441517386723,Unhealthy
2026-03-17 23:00:00,22.8,62.0,985.5,4.0,21.0,0.0,111.2,155.0,16.3,openaq_ground,179.75974710221286,Unhealthy
2026-03-18 00:00:00,22.2,64.0,985.2,3.6,3.0,0.0,117.45,167.0,15.3,openaq_ground,182.9868282402529,Unhealthy
2026-03-18 01:00:00,21.5,67.0,984.8,3.3,354.0,0.0,118.0,177.0,15.8,openaq_ground,183.27081138040043,Unhealthy
2026-03-18 02:00:00,20.9,70.0,984.3,3.1,347.0,0.0,120.0,234.0,19.0,openaq_ground,184.30347734457325,Unhealthy
2026-03-18 03:00:00,20.8,69.0,984.6,3.0,346.0,0.0,144.0,264.0,20.5,openaq_ground,196.695468914647,Unhealthy
2026-03-18 04:00:00,21.0,68.0,984.7,2.5,352.0,0.0,128.5,227.0,16.8,openaq_ground,188.69230769230768,Unhealthy
2026-03-18 05:00:00,19.5,79.0,984.7,4.0,321.0,0.0,111.1,204.0,16.0,openaq_ground,179.7081138040042,Unhealthy
2026-03-18 06:00:00,19.3,79.0,985.1,3.5,332.0,0.0,112.15,166.0,15.5,openaq_ground,180.25026343519494,Unhealthy
2026-03-18 07:00:00,20.3,73.0,985.7,4.4,341.0,0.0,89.45,122.0,14.7,openaq_ground,168.5295047418335,Unhealthy
2026-03-18 08:00:00,22.5,64.0,986.8,2.7,360.0,0.0,86.4,162.0,15.0,openaq_ground,166.95468914646997,Unhealthy
2026-03-18 09:00:00,25.6,51.0,987.9,3.1,3.0,0.0,102.75,188.0,16.7,openaq_ground,175.39673340358272,Unhealthy
2026-03-18 10:00:00,28.0,43.0,988.2,2.2,5.0,0.0,101.35,225.0,18.1,openaq_ground,174.67386722866175,Unhealthy
2026-03-18 11:00:00,29.2,38.0,988.1,1.1,99.0,0.0,95.95,211.0,20.3,openaq_ground,171.88566912539517,Unhealthy
2026-03-18 12:00:00,31.5,29.0,987.2,2.3,119.0,0.0,99.1,243.0,19.4,openaq_ground,173.51211801896733,Unhealthy
2026-03-18 13:00:00,32.2,25.0,986.6,2.4,197.0,0.0,72.8,173.0,10.7,openaq_ground,159.93256059009482,Unhealthy
2026-03-18 14:00:00,30.2,32.0,985.9,9.0,338.0,0.5,57.95,87.3,14.9,openaq_ground,152.2650158061117,Unhealthy
2026-03-18 15:00:00,29.4,31.0,985.5,4.8,158.0,0.4,61.75,61.8,19.0,openaq_ground,154.22708113804003,Unhealthy
2026-03-18 16:00:00,28.8,33.0,985.2,2.2,171.0,0.0,60.0,62.2,24.5,openaq_ground,153.32349841938884,Unhealthy
2026-03-18 17:00:00,26.7,39.0,985.9,13.0,204.0,0.0,63.95,73.5,19.3,openaq_ground,155.36301369863014,Unhealthy
2026-03-18 18:00:00,21.8,67.0,987.6,14.5,316.0,1.4,63.1,81.4,19.4,openaq_ground,154.9241306638567,Unhealthy
2026-03-18 19:00:00,21.8,68.0,988.7,11.0,298.0,0.2,67.4,86.0,17.2,openaq_ground,157.14436248682824,Unhealthy
2026-03-18 20:00:00,21.2,71.0,989.1,8.0,335.0,0.0,62.95,91.0,17.6,openaq_ground,154.84668071654374,Unhealthy
2026-03-18 21:00:00,21.0,71.0,989.5,4.5,157.0,0.7,70.6,82.6,16.3,openaq_ground,158.79662802950475,Unhealthy
2026-03-18 22:00:00,20.9,71.0,988.3,10.8,54.0,0.2,90.7,80.9,10.7,openaq_ground,169.17492096944153,Unhealthy
2026-03-18 23:00:00,22.4,60.0,987.9,12.3,87.0,0.3,73.25,94.0,9.35,openaq_ground,160.1649104320337,Unhealthy
2026-03-19 00:00:00,22.0,58.0,987.4,7.7,62.0,0.0,73.95,105.0,5.75,openaq_ground,160.52634351949422,Unhealthy
2026-03-19 01:00:00,21.7,61.0,987.1,6.0,51.0,0.0,84.75,113.0,3.97,openaq_ground,166.1027397260274,Unhealthy
2026-03-19 02:00:00,21.7,58.0,986.7,7.9,93.0,0.0,91.3,120.0,5.41,openaq_ground,169.48472075869336,Unhealthy
2026-03-19 03:00:00,21.1,58.0,986.9,8.3,117.0,0.2,98.7,130.0,10.1,openaq_ground,173.30558482613276,Unhealthy
2026-03-19 04:00:00,20.5,62.0,986.3,5.4,60.0,0.0,95.0,116.0,16.5,openaq_ground,171.39515279241306,Unhealthy
2026-03-19 05:00:00,21.4,69.0,986.3,12.5,70.0,0.0,98.95,147.0,35.5,openaq_ground,173.4346680716544,Unhealthy
2026-03-19 06:00:00,21.4,70.0,986.6,4.2,121.0,0.0,114.5,144.0,30.3,openaq_ground,181.463645943098,Unhealthy
2026-03-19 07:00:00,22.1,66.0,987.6,7.7,62.0,0.0,129.0,103.0,20.8,openaq_ground,188.9504741833509,Unhealthy
2026-03-19 08:00:00,22.7,64.0,988.6,1.5,240.0,0.0,95.9,67.5,25.8,openaq_ground,171.85985247629083,Unhealthy
2026-03-19 09:00:00,24.4,56.0,989.1,1.9,112.0,0.0,51.15,67.1,18.0,openaq_ground,139.535175879397,Unhealthy (Sensitive Groups)
2026-03-19 10:00:00,27.1,46.0,989.5,2.9,94.0,0.0,61.3,79.3,12.3,openaq_ground,153.99473129610115,Unhealthy
2026-03-19 11:00:00,26.8,49.0,990.0,5.4,206.0,0.0,80.45,107.0,9.51,openaq_ground,163.88250790305585,Unhealthy
2026-03-19 12:00:00,26.0,49.0,989.2,4.6,239.0,0.6,86.55,93.3,10.1,openaq_ground,167.03213909378292,Unhealthy
2026-03-19 13:00:00,24.8,59.0,988.2,9.3,316.0,2.6,77.7,84.8,10.2,openaq_ground,162.46259220231823,Unhealthy
2026-03-19 14:00:00,24.8,57.0,987.6,12.5,276.0,0.0,63.95,71.0,9.19,openaq_ground,155.36301369863014,Unhealthy
2026-03-19 15:00:00,24.2,58.0,986.9,11.3,314.0,0.0,53.35,55.1,8.06,openaq_ground,144.95226130653268,Unhealthy (Sensitive Groups)
2026-03-19 16:00:00,23.4,62.0,986.4,9.3,310.0,0.0,48.6,34.8,10.5,openaq_ground,133.25628140703517,Unhealthy (Sensitive Groups)
2026-03-19 17:00:00,22.2,68.0,985.7,16.6,345.0,0.0,44.75,37.0,7.82,openaq_ground,123.77638190954774,Unhealthy (Sensitive Groups)
2026-03-19 18:00:00,19.5,82.0,986.3,10.0,340.0,0.0,42.85,39.2,6.29,openaq_ground,119.09798994974875,Unhealthy (Sensitive Groups)
2026-03-19 19:00:00,19.0,85.0,986.8,8.9,315.0,0.0,50.05,54.1,5.5,openaq_ground,136.82663316582915,Unhealthy (Sensitive Groups)
2026-03-19 20:00:00,18.6,88.0,987.5,11.1,328.0,0.0,51.95,65.7,5.53,openaq_ground,141.50502512562815,Unhealthy (Sensitive Groups)
2026-03-19 21:00:00,18.6,85.0,987.6,12.1,340.0,0.0,58.4,63.4,5.26,openaq_ground,152.4973656480506,Unhealthy
2026-03-19 22:00:00,18.3,83.0,987.4,10.9,354.0,0.0,53.05,85.9,5.03,openaq_ground,144.21356783919597,Unhealthy (Sensitive Groups)
2026-03-19 23:00:00,18.3,83.0,987.1,4.1,358.0,0.0,79.4,135.0,7.38,openaq_ground,163.3403582718651,Unhealthy
2026-03-20 00:00:00,17.8,88.0,986.9,6.7,329.0,0.0,64.5,89.2,9.55,openaq_ground,155.64699683877765,Unhealthy
2026-03-20 01:00:00,17.3,91.0,986.4,5.9,329.0,0.0,49.3,55.9,9.68,openaq_ground,134.97989949748742,Unhealthy (Sensitive Groups)
2026-03-20 02:00:00,17.2,90.0,985.7,6.3,342.0,0.0,32.6,60.4,9.27,openaq_ground,94.11158798283262,Moderate
2026-03-20 03:00:00,17.4,88.0,985.5,3.8,329.0,0.0,63.9,51.2,9.89,openaq_ground,155.33719704952583,Unhealthy
2026-03-20 04:00:00,17.1,89.0,984.9,3.2,360.0,0.0,48.6,39.1,10.0,openaq_ground,133.25628140703517,Unhealthy (Sensitive Groups)
2026-03-20 05:00:00,16.9,97.0,985.4,9.2,273.0,0.0,33.6,35.0,8.9,openaq_ground,96.21459227467813,Moderate
2026-03-20 06:00:00,16.8,95.0,985.8,11.4,275.0,0.3,41.2,38.2,8.06,openaq_ground,115.03517587939699,Unhealthy (Sensitive Groups)
2026-03-20 07:00:00,17.1,94.0,987.2,10.5,273.0,0.9,33.0,34.0,10.4,openaq_ground,94.95278969957081,Moderate
2026-03-20 08:00:00,17.5,91.0,988.1,6.9,261.0,0.3,27.2,29.4,5.31,openaq_ground,82.75536480686696,Moderate
2026-03-20 09:00:00,17.9,89.0,988.1,6.0,323.0,0.1,25.6,37.0,9.21,openaq_ground,79.39055793991417,Moderate
2026-03-20 10:00:00,18.2,86.0,988.1,7.3,330.0,0.3,24.1,54.8,8.51,openaq_ground,76.23605150214593,Moderate
2026-03-20 11:00:00,18.4,85.0,988.6,6.2,311.0,0.2,31.2,56.4,12.1,openaq_ground,91.16738197424894,Moderate
2026-03-20 12:00:00,18.6,80.0,987.8,5.2,340.0,0.3,41.2,60.5,10.3,openaq_ground,115.03517587939699,Unhealthy (Sensitive Groups)
2026-03-20 13:00:00,19.0,79.0,987.2,4.3,318.0,0.1,43.2,78.2,10.3,openaq_ground,119.95979899497488,Unhealthy (Sensitive Groups)
2026-03-20 14:00:00,20.0,75.0,986.3,2.7,323.0,0.0,54.3,81.5,8.36,openaq_ground,147.29145728643215,Unhealthy (Sensitive Groups)
2026-03-20 15:00:00,20.5,72.0,985.3,3.6,351.0,0.1,58.4,80.7,5.55,openaq_ground,152.4973656480506,Unhealthy
2026-03-20 16:00:00,20.6,69.0,985.0,4.0,352.0,0.0,62.1,94.3,4.13,openaq_ground,154.4077976817703,Unhealthy
2026-03-20 17:00:00,19.9,74.0,985.6,4.1,360.0,0.2,61.3,84.8,3.25,openaq_ground,153.99473129610115,Unhealthy
2026-03-20 18:00:00,18.9,82.0,985.6,3.9,22.0,0.0,59.2,74.9,1.46,openaq_ground,152.9104320337197,Unhealthy
2026-03-20 19:00:00,17.9,86.0,986.0,3.8,360.0,0.0,53.7,101.0,3.35,openaq_ground,145.8140703517588,Unhealthy (Sensitive Groups)
2026-03-20 20:00:00,17.2,89.0,986.5,3.6,37.0,0.0,55.0,99.6,3.21,openaq_ground,149.01507537688443,Unhealthy (Sensitive Groups)
2026-03-20 21:00:00,16.6,91.0,987.1,3.1,24.0,0.0,51.9,84.8,1.15,openaq_ground,141.3819095477387,Unhealthy (Sensitive Groups)
2026-03-20 22:00:00,16.4,91.0,987.3,0.4,243.0,0.0,47.1,84.3,0.255,openaq_ground,129.56281407035178,Unhealthy (Sensitive Groups)
2026-03-20 23:00:00,16.5,93.0,987.7,0.2,180.0,0.0,56.6,78.4,0.0,openaq_ground,151.56796628029505,Unhealthy
2026-03-21 00:00:00,16.5,93.0,987.2,0.7,180.0,0.0,55.7,79.1,0.0725,openaq_ground,151.10326659641728,Unhealthy
2026-03-21 01:00:00,15.9,96.0,986.6,3.1,208.0,0.0,52.0,88.1,1.29,openaq_ground,141.6281407035176,Unhealthy (Sensitive Groups)
2026-03-21 02:00:00,15.6,97.0,986.7,5.7,246.0,0.0,92.2,134.0,13.1,openaq_ground,169.94942044257112,Unhealthy
2026-03-21 03:00:00,15.1,98.0,986.8,3.8,289.0,0.0,103.0,131.0,28.8,openaq_ground,175.5258166491043,Unhealthy
2026-03-21 04:00:00,14.8,100.0,986.6,4.3,318.0,0.0,78.7,104.0,19.2,openaq_ground,162.97892518440463,Unhealthy
2026-03-21 05:00:00,15.0,99.0,987.0,5.6,303.0,0.0,67.3,93.4,10.6,openaq_ground,157.0927291886196,Unhealthy
2026-03-21 06:00:00,15.1,98.0,988.0,3.9,326.0,0.0,62.2,103.0,9.41,openaq_ground,154.45943097997892,Unhealthy
2026-03-21 07:00:00,15.1,99.0,988.9,2.3,29.0,0.0,51.4,74.7,8.05,openaq_ground,140.15075376884423,Unhealthy (Sensitive Groups)
2026-03-21 08:00:00,15.6,98.0,989.8,3.1,347.0,0.0,34.9,59.8,6.2,openaq_ground,98.94849785407726,Moderate
2026-03-21 09:00:00,18.1,87.0,990.3,1.8,323.0,0.0,24.1,60.3,7.35,openaq_ground,76.23605150214593,Moderate
2026-03-21 10:00:00,20.3,78.0,990.7,4.0,291.0,0.0,29.5,56.3,6.64,openaq_ground,87.5922746781116,Moderate
2026-03-21 11:00:00,22.5,67.0,989.9,5.4,296.0,0.0,33.9,54.8,6.45,openaq_ground,96.84549356223175,Moderate
2026-03-21 12:00:00,23.9,59.0,989.8,5.5,308.0,0.0,30.3,64.7,7.89,openaq_ground,89.274678111588,Moderate
2026-03-21 13:00:00,24.8,52.0,989.0,7.2,309.0,0.0,34.6,78.2,8.74,openaq_ground,98.3175965665236,Moderate
2026-03-21 14:00:00,25.5,46.0,988.1,8.9,315.0,0.0,37.6,118.0,12.3,openaq_ground,106.17085427135679,Unhealthy (Sensitive Groups)
2026-03-21 15:00:00,25.3,47.0,987.5,9.6,323.0,0.0,52.1,134.0,11.4,openaq_ground,141.8743718592965,Unhealthy (Sensitive Groups)
2026-03-21 16:00:00,24.9,49.0,987.1,8.6,321.0,0.0,57.6,131.0,11.0,openaq_ground,152.08429926238145,Unhealthy
2026-03-21 17:00:00,24.4,52.0,987.7,7.1,322.0,0.0,60.7,131.0,8.75,openaq_ground,153.68493150684932,Unhealthy
2026-03-21 18:00:00,22.2,67.0,987.8,4.8,340.0,0.0,68.8,120.0,8.47,openaq_ground,157.8672286617492,Unhealthy
2026-03-21 19:00:00,21.6,71.0,988.3,4.0,333.0,0.0,62.0,102.0,7.34,openaq_ground,154.35616438356163,Unhealthy
2026-03-21 20:00:00,20.8,73.0,989.0,4.4,282.0,0.0,47.5,94.8,5.79,openaq_ground,130.54773869346735,Unhealthy (Sensitive Groups)
2026-03-21 21:00:00,20.3,74.0,989.7,5.4,285.0,0.0,43.5,94.1,5.8,openaq_ground,120.69849246231156,Unhealthy (Sensitive Groups)
2026-03-21 22:00:00,19.9,76.0,989.2,4.5,317.0,0.0,62.9,147.0,6.86,openaq_ground,154.8208640674394,Unhealthy
2026-03-21 23:00:00,20.3,73.0,989.4,5.8,330.0,0.0,78.1,154.0,7.39,openaq_ground,162.66912539515278,Unhealthy
2026-03-22 00:00:00,19.3,74.0,989.3,6.2,339.0,0.0,68.6,113.0,6.15,openaq_ground,157.76396206533192,Unhealthy
2026-03-22 01:00:00,18.4,77.0,988.8,5.6,343.0,0.0,85.5,116.0,10.1,openaq_ground,166.4899894625922,Unhealthy
2026-03-22 02:00:00,17.5,81.0,988.1,4.5,323.0,0.0,112.0,134.0,12.0,openaq_ground,180.17281348788197,Unhealthy
2026-03-22 03:00:00,17.3,81.0,988.4,6.2,285.0,0.0,98.2,127.0,11.7,openaq_ground,173.04741833508956,Unhealthy
2026-03-22 04:00:00,16.7,82.0,988.2,7.3,287.0,0.0,60.4,101.0,10.5,openaq_ground,153.53003161222338,Unhealthy
2026-03-22 05:00:00,16.2,85.0,987.8,6.5,283.0,0.0,30.0,94.2,9.4,openaq_ground,88.64377682403435,Moderate
2026-03-22 06:00:00,16.2,86.0,988.2,5.3,282.0,0.0,33.0,85.3,8.59,openaq_ground,94.95278969957081,Moderate
2026-03-22 07:00:00,17.3,83.0,988.6,6.2,280.0,0.0,35.5,68.9,7.32,openaq_ground,101.0,Unhealthy (Sensitive Groups)
2026-03-22 08:00:00,19.3,78.0,989.4,5.0,289.0,0.0,32.5,61.1,6.22,openaq_ground,93.90128755364807,Moderate
2026-03-22 09:00:00,21.2,70.0,990.3,6.8,299.0,0.0,22.7,56.3,6.27,openaq_ground,73.29184549356223,Moderate
2026-03-22 10:00:00,23.0,60.0,990.2,7.5,312.0,0.0,28.2,59.3,5.82,openaq_ground,84.85836909871244,Moderate
2026-03-22 11:00:00,25.0,53.0,989.9,9.7,288.0,0.0,28.4,61.5,4.98,openaq_ground,85.27896995708154,Moderate
2026-03-22 12:00:00,26.1,49.0,989.5,11.3,297.0,0.0,24.7,62.2,5.97,openaq_ground,77.49785407725322,Moderate
2026-03-22 13:00:00,26.6,48.0,988.6,12.0,302.0,0.0,38.6,94.6,8.55,openaq_ground,108.63316582914574,Unhealthy (Sensitive Groups)
2026-03-22 14:00:00,27.0,46.0,987.3,10.7,305.0,0.0,46.9,116.0,13.6,openaq_ground,129.07035175879398,Unhealthy (Sensitive Groups)
2026-03-22 15:00:00,27.1,45.0,986.7,10.5,299.0,0.0,67.1,148.0,17.6,openaq_ground,156.9894625922023,Unhealthy
2026-03-22 16:00:00,26.7,45.0,986.5,10.5,290.0,0.0,62.7,150.0,16.6,openaq_ground,154.71759747102212,Unhealthy
2026-03-22 17:00:00,26.2,48.0,986.4,8.1,302.0,0.0,60.4,154.0,18.7,openaq_ground,153.53003161222338,Unhealthy
2026-03-22 18:00:00,23.5,63.0,986.4,5.3,308.0,0.0,47.9,151.0,14.6,openaq_ground,131.5326633165829,Unhealthy (Sensitive Groups)
2026-03-22 19:00:00,22.5,67.0,986.7,5.4,318.0,0.0,65.1,141.0,12.7,openaq_ground,155.9567966280295,Unhealthy
2026-03-22 20:00:00,22.3,67.0,987.4,3.9,283.0,0.0,60.2,121.0,11.4,openaq_ground,153.42676501580613,Unhealthy
2026-03-22 21:00:00,21.9,66.0,987.6,1.5,249.0,0.0,56.6,117.0,17.0,openaq_ground,151.56796628029505,Unhealthy
2026-03-22 22:00:00,21.9,63.0,987.2,0.9,11.0,0.0,67.8,108.0,13.9,openaq_ground,157.3508956796628,Unhealthy
2026-03-22 23:00:00,21.5,66.0,987.2,4.1,360.0,0.0,60.4,83.1,17.5,openaq_ground,153.53003161222338,Unhealthy
2026-03-23 00:00:00,21.1,68.0,986.8,5.0,13.0,0.0,35.3,39.7,13.3,openaq_ground,99.78969957081546,Moderate
2026-03-23 01:00:00,20.4,71.0,986.6,5.5,27.0,0.0,29.0,49.8,9.52,openaq_ground,86.54077253218884,Moderate
2026-03-23 02:00:00,19.6,75.0,986.3,4.8,34.0,0.0,31.8,57.1,9.97,openaq_ground,92.42918454935624,Moderate
2026-03-23 03:00:00,19.2,76.0,987.0,5.9,346.0,0.1,37.8,46.0,9.49,openaq_ground,106.66331658291456,Unhealthy (Sensitive Groups)
2026-03-23 04:00:00,18.4,82.0,987.5,3.8,315.0,0.3,37.8,44.8,9.56,openaq_ground,106.66331658291456,Unhealthy (Sensitive Groups)
2026-03-23 05:00:00,18.7,82.0,987.3,13.4,336.0,0.8,35.3,57.4,12.3,openaq_ground,99.78969957081546,Moderate
2026-03-23 06:00:00,18.0,87.0,987.5,13.0,323.0,1.3,50.2,81.2,15.2,openaq_ground,137.1959798994975,Unhealthy (Sensitive Groups)
2026-03-23 07:00:00,17.9,90.0,988.6,10.7,340.0,2.6,41.3,89.0,15.5,openaq_ground,115.28140703517587,Unhealthy (Sensitive Groups)
2026-03-23 08:00:00,18.4,86.0,989.3,7.0,347.0,2.7,45.5,86.0,12.8,openaq_ground,125.62311557788945,Unhealthy (Sensitive Groups)
2026-03-23 09:00:00,19.4,85.0,989.7,0.6,56.0,1.6,36.6,70.3,10.6,openaq_ground,103.70854271356784,Unhealthy (Sensitive Groups)
2026-03-23 10:00:00,21.6,75.0,989.4,1.6,96.0,0.0,39.300000000000004,81.86666666666666,14.966666666666665,openaq_ground,110.356783919598,Unhealthy (Sensitive Groups)
2026-03-23 11:00:00,23.2,65.0,989.1,6.6,206.0,0.0,42.0,93.43333333333334,19.333333333333332,openaq_ground,117.00502512562814,Unhealthy (Sensitive Groups)
2026-03-23 12:00:00,24.3,60.0,988.6,5.1,207.0,0.2,44.7,105.0,23.7,openaq_ground,123.6532663316583,Unhealthy (Sensitive Groups)
2026-03-23 13:00:00,25.0,55.0,987.4,4.7,184.0,0.0,59.6,109.0,21.0,openaq_ground,153.11696522655427,Unhealthy
2026-03-23 14:00:00,26.4,50.0,986.5,2.3,184.0,0.0,52.5,115.0,19.8,openaq_ground,142.85929648241205,Unhealthy (Sensitive Groups)
2026-03-23 15:00:00,26.9,48.0,985.6,2.3,241.0,0.0,59.0,128.0,20.7,openaq_ground,152.80716543730242,Unhealthy
2026-03-23 16:00:00,26.7,49.0,985.2,5.0,314.0,0.0,67.2,149.0,11.1,openaq_ground,157.04109589041096,Unhealthy
2026-03-23 17:00:00,26.8,49.0,985.3,5.6,263.0,0.0,85.5,167.0,12.0,openaq_ground,166.4899894625922,Unhealthy
2026-03-23 18:00:00,24.7,64.0,985.6,3.6,276.0,0.0,114.0,217.0,6.36,openaq_ground,181.2054794520548,Unhealthy
2026-03-23 19:00:00,24.0,65.0,986.0,1.2,153.0,0.0,109.0,211.0,5.71,openaq_ground,178.62381454162275,Unhealthy
2026-03-23 20:00:00,22.2,73.0,986.5,4.2,115.0,0.0,87.1,175.0,4.3,openaq_ground,167.31612223393046,Unhealthy
2026-03-23 21:00:00,21.3,76.0,987.3,4.8,149.0,0.0,89.7,162.0,2.01,openaq_ground,168.6585879873551,Unhealthy
2026-03-23 22:00:00,20.7,77.0,987.0,5.8,171.0,0.0,98.4,126.0,1.87,openaq_ground,173.15068493150685,Unhealthy
2026-03-23 23:00:00,20.6,81.0,987.0,5.1,174.0,0.0,85.7,111.0,3.5,openaq_ground,166.5932560590095,Unhealthy
2026-03-24 00:00:00,20.3,84.0,987.1,3.6,183.0,0.0,74.0,103.0,3.1,openaq_ground,160.55216016859853,Unhealthy
2026-03-24 01:00:00,20.0,85.0,986.9,2.9,150.0,0.0,86.3,117.0,6.75,openaq_ground,166.90305584826132,Unhealthy
2026-03-24 02:00:00,19.4,87.0,986.8,0.9,53.0,0.0,108.0,127.0,18.5,openaq_ground,178.10748155953635,Unhealthy
2026-03-24 03:00:00,19.0,88.0,986.8,1.1,261.0,0.0,93.1,136.0,23.5,openaq_ground,170.4141201264489,Unhealthy
2026-03-24 04:00:00,18.5,90.0,985.6,3.9,217.0,0.0,72.1,121.0,19.0,openaq_ground,159.57112750263434,Unhealthy
2026-03-24 05:00:00,18.1,89.0,986.0,5.1,243.0,0.0,62.7,114.0,11.8,openaq_ground,154.71759747102212,Unhealthy
2026-03-24 06:00:00,18.3,89.0,986.1,4.1,247.0,0.0,49.3,91.5,9.12,openaq_ground,134.97989949748742,Unhealthy (Sensitive Groups)
2026-03-24 07:00:00,19.3,86.0,987.0,6.6,248.0,0.0,45.6,64.8,7.65,openaq_ground,125.86934673366835,Unhealthy (Sensitive Groups)
2026-03-24 08:00:00,21.6,78.0,987.6,4.2,252.0,0.0,32.7,78.8,6.85,openaq_ground,94.32188841201717,Moderate
2026-03-24 09:00:00,24.3,67.0,988.5,5.6,255.0,0.0,35.5,68.6,5.98,openaq_ground,101.0,Unhealthy (Sensitive Groups)
2026-03-24 10:00:00,26.3,56.0,988.7,7.6,265.0,0.0,42.5,63.9,6.44,openaq_ground,118.23618090452261,Unhealthy (Sensitive Groups)
2026-03-24 11:00:00,28.1,45.0,988.0,9.4,290.0,0.0,38.4,78.2,7.26,openaq_ground,108.14070351758794,Unhealthy (Sensitive Groups)
2026-03-24 12:00:00,29.0,38.0,987.0,10.6,317.0,0.0,41.9,87.6,9.03,openaq_ground,116.75879396984925,Unhealthy (Sensitive Groups)
2026-03-24 13:00:00,29.5,35.0,986.3,11.6,318.0,0.0,44.2,104.0,11.8,openaq_ground,122.42211055276383,Unhealthy (Sensitive Groups)
2026-03-24 14:00:00,29.7,34.0,985.5,11.3,317.0,0.0,62.7,144.0,14.65,openaq_ground,154.71759747102212,Unhealthy
2026-03-24 15:00:00,29.4,34.0,984.7,12.1,322.0,0.0,81.2,184.0,17.5,openaq_ground,164.26975763962065,Unhealthy
2026-03-24 16:00:00,28.8,35.0,984.4,12.0,327.0,0.0,93.3,206.0,18.7,openaq_ground,170.51738672286618,Unhealthy
2026-03-24 17:00:00,28.3,37.0,984.4,10.8,323.0,0.0,40.9,199.0,15.4,openaq_ground,122.77777777777777,Unhealthy (Sensitive Groups)
2026-03-24 18:00:00,25.2,56.0,984.2,5.0,322.0,0.0,109.0,175.0,13.6,openaq_ground,178.62381454162275,Unhealthy
2026-03-24 19:00:00,24.2,60.0,984.4,4.3,292.0,0.0,112.0,174.0,12.4,openaq_ground,180.17281348788197,Unhealthy
2026-03-24 20:00:00,23.5,62.0,985.0,4.8,304.0,0.0,104.0,163.0,9.35,openaq_ground,176.04214963119074,Unhealthy
2026-03-24 21:00:00,22.6,62.0,985.5,6.2,324.0,0.0,99.5,151.0,7.65,openaq_ground,173.7186512118019,Unhealthy
2026-03-24 22:00:00,21.2,62.0,985.3,6.1,346.0,0.0,114.0,168.0,13.5,openaq_ground,181.2054794520548,Unhealthy
2026-03-24 23:00:00,20.7,68.0,985.2,6.0,316.0,0.0,186.0,222.0,17.7,openaq_ground,236.18018018018017,Very Unhealthy
2026-03-25 00:00:00,20.4,67.0,984.8,5.6,320.0,0.0,214.0,216.0,18.6,openaq_ground,263.92792792792795,Very Unhealthy
2026-03-25 01:00:00,20.0,67.0,984.6,5.2,340.0,0.0,179.0,173.0,19.6,openaq_ground,229.24324324324323,Very Unhealthy
2026-03-25 02:00:00,19.6,68.0,984.5,3.7,299.0,0.0,176.0,203.0,23.1,openaq_ground,226.27027027027026,Very Unhealthy
2026-03-25 03:00:00,18.5,73.0,984.6,5.4,290.0,0.0,110.0,163.0,15.9,openaq_ground,179.14014752370917,Unhealthy
2026-03-25 04:00:00,17.7,76.0,984.1,4.9,280.0,0.0,64.2,122.0,11.4,openaq_ground,155.49209694415174,Unhealthy
2026-03-25 05:00:00,17.8,79.0,984.3,5.4,270.0,0.0,42.3,96.0,9.71,openaq_ground,117.74371859296483,Unhealthy (Sensitive Groups)
2026-03-25 06:00:00,18.0,78.0,985.0,5.5,259.0,0.0,30.95,76.0,9.52,openaq_ground,90.64163090128756,Moderate
2026-03-25 07:00:00,19.2,74.0,986.0,6.7,264.0,0.0,19.6,56.0,9.33,openaq_ground,66.77253218884121,Moderate
2026-03-25 08:00:00,21.8,66.0,987.0,4.0,270.0,0.0,20.7,51.9,16.4,openaq_ground,69.08583690987125,Moderate
2026-03-25 09:00:00,24.9,55.0,987.5,4.2,280.0,0.0,17.8,53.5,13.8,openaq_ground,62.987124463519315,Moderate
2026-03-25 10:00:00,27.2,43.0,987.8,6.0,287.0,0.0,26.0,57.4,4.77,openaq_ground,80.23175965665237,Moderate
2026-03-25 11:00:00,29.1,35.0,987.6,7.3,290.0,0.0,30.7,69.2,9.47,openaq_ground,90.11587982832619,Moderate
2026-03-25 12:00:00,30.2,32.0,987.2,8.0,288.0,0.0,18.6,94.5,11.4,openaq_ground,70.55050505050505,Moderate
2026-03-25 13:00:00,31.0,29.0,986.4,9.5,292.0,0.0,32.4,117.0,14.2,openaq_ground,93.69098712446352,Moderate
2026-03-25 14:00:00,31.5,27.0,985.4,10.5,290.0,0.0,60.0,154.0,16.2,openaq_ground,153.32349841938884,Unhealthy
2026-03-25 15:00:00,31.3,27.0,984.7,12.0,289.0,0.0,78.2,195.0,17.7,openaq_ground,162.72075869336143,Unhealthy
2026-03-25 16:00:00,30.9,28.0,984.5,11.3,290.0,0.0,84.7,222.0,18.8,openaq_ground,166.07692307692307,Unhealthy
2026-03-25 17:00:00,30.2,28.0,984.4,10.1,295.0,0.0,90.7,236.0,18.2,openaq_ground,169.17492096944153,Unhealthy
2026-03-25 18:00:00,28.2,33.0,984.5,4.2,329.0,0.0,83.5,203.5,16.7,openaq_ground,165.45732349841938,Unhealthy
2026-03-25 19:00:00,27.3,37.0,984.9,3.0,14.0,0.0,76.3,171.0,15.2,openaq_ground,161.73972602739727,Unhealthy
2026-03-25 20:00:00,26.7,40.0,985.3,2.6,51.0,0.0,73.4,165.0,15.5,openaq_ground,160.24236037934668,Unhealthy
2026-03-25 21:00:00,26.3,42.0,986.0,1.2,117.0,0.0,81.4,163.0,14.6,openaq_ground,164.37302423603793,Unhealthy
2026-03-25 22:00:00,25.1,43.0,986.5,2.7,184.0,0.0,87.9,143.0,17.9,openaq_ground,167.7291886195996,Unhealthy
2026-03-25 23:00:00,25.3,52.0,986.8,0.9,233.0,0.0,73.4,150.0,18.0,openaq_ground,160.24236037934668,Unhealthy
2026-03-26 00:00:00,24.6,50.0,986.9,6.5,341.0,0.0,65.7,146.0,15.7,openaq_ground,156.26659641728136,Unhealthy
2026-03-26 01:00:00,22.9,57.0,986.9,5.1,342.0,0.0,78.9,148.0,15.8,openaq_ground,163.08219178082192,Unhealthy
2026-03-26 02:00:00,22.8,63.0,987.0,3.4,317.0,0.0,88.3,147.0,29.1,openaq_ground,167.93572181243414,Unhealthy
2026-03-26 03:00:00,21.8,66.0,987.1,2.4,257.0,0.0,70.8,118.0,42.5,openaq_ground,158.89989462592203,Unhealthy
2026-03-26 04:00:00,21.6,65.0,986.8,3.1,347.0,0.0,74.8,142.0,36.5,openaq_ground,160.96522655426764,Unhealthy
2026-03-26 05:00:00,21.0,70.0,986.4,4.4,339.0,0.0,67.8,138.0,16.7,openaq_ground,157.3508956796628,Unhealthy
2026-03-26 06:00:00,21.2,70.0,987.4,2.4,306.0,0.0,55.2,101.0,12.0,openaq_ground,149.50753768844223,Unhealthy (Sensitive Groups)
2026-03-26 07:00:00,22.4,64.0,988.0,4.0,207.0,0.0,40.9,84.2,11.4,openaq_ground,114.2964824120603,Unhealthy (Sensitive Groups)
2026-03-26 08:00:00,24.9,53.0,988.7,2.6,231.0,0.0,34.8,93.9,9.58,openaq_ground,98.7381974248927,Moderate
2026-03-26 09:00:00,27.4,46.0,989.7,3.7,259.0,0.0,38.4,104.0,12.2,openaq_ground,108.14070351758794,Unhealthy (Sensitive Groups)
2026-03-26 10:00:00,29.7,39.0,989.9,4.2,290.0,0.0,33.0,82.6,14.2,openaq_ground,94.95278969957081,Moderate
2026-03-26 11:00:00,33.0,26.0,989.3,7.0,271.0,0.0,31.2,69.7,12.9,openaq_ground,91.16738197424894,Moderate
2026-03-26 12:00:00,34.5,21.0,988.3,8.6,278.0,0.0,63.3,130.0,11.9,openaq_ground,155.02739726027397,Unhealthy
2026-03-26 13:00:00,34.8,19.0,987.0,8.4,295.0,0.0,61.0,158.0,11.8,openaq_ground,153.83983140147524,Unhealthy
2026-03-26 14:00:00,34.3,21.0,986.4,11.9,280.0,0.0,58.0,148.0,11.9,openaq_ground,152.29083245521602,Unhealthy
2026-03-26 15:00:00,33.1,23.0,985.6,14.7,284.0,0.0,66.4,172.0,14.0,openaq_ground,156.62802950474185,Unhealthy
2026-03-26 16:00:00,32.3,26.0,985.7,12.8,296.0,0.0,38.5,137.0,11.2,openaq_ground,108.38693467336684,Unhealthy (Sensitive Groups)
2026-03-26 17:00:00,31.9,24.0,985.6,8.8,319.0,0.0,19.9,74.4,10.6,openaq_ground,67.40343347639485,Moderate
2026-03-26 18:00:00,31.1,27.0,985.9,8.3,326.0,0.0,40.2,105.0,18.1,openaq_ground,112.57286432160805,Unhealthy (Sensitive Groups)
2026-03-26 19:00:00,30.1,33.0,986.2,6.2,339.0,0.0,29.2,120.0,20.8,openaq_ground,86.96137339055795,Moderate
2026-03-26 20:00:00,28.9,38.0,986.8,3.9,332.0,0.0,42.9,121.0,20.6,openaq_ground,119.22110552763819,Unhealthy (Sensitive Groups)
2026-03-26 21:00:00,28.3,40.0,987.5,8.2,303.0,0.0,47.4,104.0,17.8,openaq_ground,130.30150753768845,Unhealthy (Sensitive Groups)
2026-03-26 22:00:00,27.7,39.0,987.6,8.7,318.0,0.0,69.6,104.0,16.2,openaq_ground,158.28029504741832,Unhealthy
2026-03-26 23:00:00,25.3,58.0,987.1,1.7,41.0,0.0,96.3,134.0,16.8,openaq_ground,172.0663856691254,Unhealthy
2026-03-27 00:00:00,25.7,51.0,986.4,4.1,326.0,0.0,85.9,120.0,14.1,openaq_ground,166.69652265542678,Unhealthy
2026-03-27 01:00:00,25.0,51.0,985.9,7.3,308.0,0.0,51.3,96.9,12.8,openaq_ground,139.90452261306532,Unhealthy (Sensitive Groups)
2026-03-27 02:00:00,23.7,57.0,985.2,7.1,308.0,0.0,49.3,102.0,13.6,openaq_ground,134.97989949748742,Unhealthy (Sensitive Groups)
2026-03-27 03:00:00,23.1,59.0,984.5,5.6,327.0,0.0,55.6,110.0,14.2,openaq_ground,151.05163329820863,Unhealthy
2026-03-27 04:00:00,22.4,62.0,984.1,4.7,310.0,0.0,48.5,125.0,13.6,openaq_ground,133.01005025125627,Unhealthy (Sensitive Groups)
2026-03-27 05:00:00,22.5,65.0,983.8,9.4,310.0,0.0,76.1,144.0,10.7,openaq_ground,161.63645943097998,Unhealthy
2026-03-27 06:00:00,22.1,67.0,984.8,11.6,319.0,0.0,64.7,117.0,11.9,openaq_ground,155.75026343519494,Unhealthy
2026-03-27 07:00:00,22.7,65.0,985.4,9.0,325.0,0.0,47.2,99.2,10.7,openaq_ground,129.80904522613065,Unhealthy (Sensitive Groups)
2026-03-27 08:00:00,23.6,60.0,986.1,12.6,340.0,0.0,43.2,110.0,11.2,openaq_ground,119.95979899497488,Unhealthy (Sensitive Groups)
2026-03-27 09:00:00,25.6,50.0,986.7,11.0,341.0,0.0,24.8,74.2,8.1,openaq_ground,77.70815450643778,Moderate
2026-03-27 10:00:00,27.0,44.0,986.7,10.8,356.0,0.1,2.64,64.2,7.45,openaq_ground,55.55353535353535,Moderate
2026-03-27 11:00:00,24.9,57.0,986.5,12.4,19.0,0.5,12.2,38.7,5.47,openaq_ground,51.21030042918455,Moderate
2026-03-27 12:00:00,26.9,47.0,986.5,7.4,22.0,0.0,33.2,63.2,5.69,openaq_ground,95.37339055793993,Moderate
2026-03-27 13:00:00,28.9,37.0,985.1,4.6,21.0,0.0,40.3,96.5,7.43,openaq_ground,112.81909547738692,Unhealthy (Sensitive Groups)
2026-03-27 14:00:00,29.3,33.0,984.0,9.5,333.0,0.0,44.3,106.0,12.7,openaq_ground,122.66834170854271,Unhealthy (Sensitive Groups)
2026-03-27 15:00:00,29.3,35.0,983.0,8.1,328.0,0.0,30.6,112.0,16.5,openaq_ground,89.90557939914163,Moderate
2026-03-27 16:00:00,29.2,36.0,982.2,6.7,322.0,0.0,40.0,110.0,16.7,openaq_ground,112.08040201005025,Unhealthy (Sensitive Groups)
2026-03-27 17:00:00,28.6,34.0,981.5,11.0,337.0,0.0,53.6,114.0,17.4,openaq_ground,145.5678391959799,Unhealthy (Sensitive Groups)
2026-03-27 18:00:00,28.0,35.0,981.8,8.3,326.0,0.0,46.2,91.4,16.5,openaq_ground,127.34673366834171,Unhealthy (Sensitive Groups)
2026-03-27 19:00:00,27.2,39.0,982.2,5.1,328.0,0.0,43.5,93.3,15.4,openaq_ground,120.69849246231156,Unhealthy (Sensitive Groups)
2026-03-27 20:00:00,26.5,42.0,983.1,5.6,303.0,0.0,54.3,121.0,13.6,openaq_ground,147.29145728643215,Unhealthy (Sensitive Groups)
2026-03-27 21:00:00,25.6,45.0,983.1,3.8,278.0,0.0,73.9,146.0,14.2,openaq_ground,160.50052687038988,Unhealthy
2026-03-27 22:00:00,25.2,46.0,983.3,3.8,273.0,0.0,141.0,221.0,17.0,openaq_ground,195.14646996838778,Unhealthy
2026-03-27 23:00:00,24.4,59.0,983.2,3.7,325.0,0.0,215.0,295.0,17.5,openaq_ground,264.9189189189189,Very Unhealthy
2026-03-28 00:00:00,23.8,57.0,982.8,4.1,299.0,0.0,186.0,241.0,12.2,openaq_ground,236.18018018018017,Very Unhealthy
2026-03-28 01:00:00,23.1,58.0,982.0,4.4,277.0,0.0,180.0,201.0,9.01,openaq_ground,230.23423423423424,Very Unhealthy
2026-03-28 02:00:00,22.4,61.0,981.6,4.9,270.0,0.0,155.0,142.0,12.4,openaq_ground,205.45945945945945,Very Unhealthy
2026-03-28 03:00:00,21.6,64.0,981.1,5.6,266.0,0.0,74.2,95.0,14.3,openaq_ground,160.65542676501582,Unhealthy
2026-03-28 04:00:00,20.8,67.0,980.7,5.8,254.0,0.0,42.2,70.8,9.71,openaq_ground,117.49748743718594,Unhealthy (Sensitive Groups)
2026-03-28 05:00:00,20.9,71.0,980.9,6.1,284.0,0.0,22.2,55.4,7.0,openaq_ground,72.24034334763948,Moderate
2026-03-28 06:00:00,21.0,70.0,981.7,4.3,285.0,0.0,35.2,71.1,7.14,openaq_ground,99.57939914163092,Moderate
2026-03-28 07:00:00,22.1,65.0,982.2,3.5,255.0,0.0,31.7,65.4,6.54,openaq_ground,92.21888412017168,Moderate
2026-03-28 08:00:00,24.7,54.0,983.0,3.4,252.0,0.0,35.3,86.3,6.69,openaq_ground,99.78969957081546,Moderate
2026-03-28 09:00:00,27.1,44.0,983.6,4.0,267.0,0.0,37.5,98.1,7.43,openaq_ground,105.92462311557789,Unhealthy (Sensitive Groups)
2026-03-28 10:00:00,28.8,38.0,983.3,2.3,288.0,0.0,30.7,90.9,7.4,openaq_ground,90.11587982832619,Moderate
2026-03-28 11:00:00,30.3,34.0,983.0,4.4,282.0,0.0,8.25,67.2,8.34,openaq_ground,57.03838383838384,Moderate
2026-03-28 12:00:00,31.8,30.0,982.5,5.6,287.0,0.0,12.4,72.0,12.3,openaq_ground,59.41414141414141,Moderate
2026-03-28 13:00:00,32.7,28.0,981.7,7.9,287.0,0.0,25.7,94.8,20.1,openaq_ground,79.60085836909872,Moderate
2026-03-28 14:00:00,33.0,26.0,980.7,9.4,288.0,0.0,43.0,115.0,25.1,openaq_ground,119.46733668341709,Unhealthy (Sensitive Groups)
2026-03-28 15:00:00,32.9,25.0,980.2,11.0,285.0,0.0,52.9,159.0,25.9,openaq_ground,143.84422110552765,Unhealthy (Sensitive Groups)
2026-03-28 16:00:00,32.3,26.0,979.6,9.2,291.0,0.0,62.0,180.0,24.9,openaq_ground,154.35616438356163,Unhealthy
2026-03-28 17:00:00,31.8,23.0,979.6,7.5,297.0,0.0,74.8,209.0,22.3,openaq_ground,160.96522655426764,Unhealthy
2026-03-28 18:00:00,30.9,26.0,980.0,6.0,299.0,0.0,91.0,237.0,18.4,openaq_ground,169.32982086406744,Unhealthy
2026-03-28 19:00:00,29.6,31.0,980.4,3.1,3.0,0.0,98.5,278.0,15.8,openaq_ground,173.2023182297155,Unhealthy
2026-03-28 20:00:00,29.0,33.0,980.8,3.2,87.0,0.0,105.0,276.0,9.46,openaq_ground,176.55848261327714,Unhealthy
2026-03-28 21:00:00,28.1,35.0,981.2,4.9,118.0,0.0,122.0,262.0,6.34,openaq_ground,185.33614330874605,Unhealthy
2026-03-28 22:00:00,26.8,40.0,980.9,4.3,123.0,0.0,131.0,262.0,5.94,openaq_ground,189.98314014752373,Unhealthy
2026-03-28 23:00:00,26.0,47.0,981.1,6.2,116.0,0.0,129.0,236.0,6.64,openaq_ground,188.9504741833509,Unhealthy
2026-03-29 00:00:00,25.2,50.0,980.8,7.1,99.0,0.0,120.0,216.0,6.17,openaq_ground,184.30347734457325,Unhealthy
2026-03-29 01:00:00,24.2,55.0,980.8,7.3,147.0,0.0,124.0,216.0,8.8,openaq_ground,186.36880927291887,Unhealthy
2026-03-29 02:00:00,23.5,59.0,980.6,7.3,130.0,0.0,143.0,227.0,19.1,openaq_ground,196.1791359325606,Unhealthy
2026-03-29 03:00:00,23.1,60.0,980.2,7.2,118.0,0.0,103.0,179.0,29.0,openaq_ground,175.5258166491043,Unhealthy
2026-03-29 04:00:00,22.8,61.0,979.8,6.7,124.0,0.0,68.1,138.0,17.7,openaq_ground,157.50579557428873,Unhealthy
2026-03-29 05:00:00,23.0,62.0,980.5,8.3,139.0,0.0,39.4,123.0,13.4,openaq_ground,110.60301507537689,Unhealthy (Sensitive Groups)
2026-03-29 06:00:00,23.2,61.0,981.2,8.8,141.0,0.0,9.53,122.0,12.5,openaq_ground,84.16161616161617,Moderate
2026-03-29 07:00:00,24.1,57.0,982.4,9.4,138.0,0.0,41.4,136.0,11.9,openaq_ground,115.52763819095478,Unhealthy (Sensitive Groups)
2026-03-29 08:00:00,26.1,50.0,983.2,9.2,137.0,0.0,39.2,189.0,11.2,openaq_ground,117.82828282828282,Unhealthy (Sensitive Groups)
2026-03-29 09:00:00,28.5,42.0,983.9,10.5,139.0,0.0,38.3,172.0,11.3,openaq_ground,109.41414141414141,Unhealthy (Sensitive Groups)
2026-03-29 10:00:00,31.1,35.0,984.0,13.3,145.0,0.0,44.7,145.0,11.8,openaq_ground,123.6532663316583,Unhealthy (Sensitive Groups)
2026-03-29 11:00:00,32.8,33.0,983.8,12.4,140.0,0.0,38.3,139.0,14.9,openaq_ground,107.89447236180904,Unhealthy (Sensitive Groups)
2026-03-29 12:00:00,33.0,33.0,983.4,8.4,130.0,0.0,58.6,182.0,13.8,openaq_ground,152.60063224446787,Unhealthy
2026-03-29 13:00:00,34.4,31.0,982.6,6.0,131.0,0.0,77.1,184.0,14.4,openaq_ground,162.15279241306638,Unhealthy
2026-03-29 14:00:00,34.9,29.0,981.7,5.1,148.0,0.0,87.2,199.0,16.3,openaq_ground,167.36775553213909,Unhealthy
2026-03-29 15:00:00,35.0,29.0,980.8,4.6,222.0,0.0,74.2,168.0,16.7,openaq_ground,160.65542676501582,Unhealthy
2026-03-29 16:00:00,32.8,31.0,980.7,3.2,289.0,0.0,75.9,153.0,14.8,openaq_ground,161.5331928345627,Unhealthy
2026-03-29 17:00:00,29.3,52.0,979.9,3.7,35.0,0.0,83.4,145.0,14.1,openaq_ground,165.40569020021076,Unhealthy
2026-03-29 18:00:00,30.3,51.0,980.5,3.6,93.0,0.0,72.8,150.0,13.1,openaq_ground,159.93256059009482,Unhealthy
2026-03-29 19:00:00,29.8,44.0,981.0,11.3,51.0,0.0,74.8,198.0,13.9,openaq_ground,160.96522655426764,Unhealthy
2026-03-29 20:00:00,28.1,50.0,981.7,12.0,60.0,0.0,79.1,178.0,14.8,openaq_ground,163.1854583772392,Unhealthy
2026-03-29 21:00:00,27.3,51.0,982.3,8.5,69.0,0.0,76.1,163.0,13.0,openaq_ground,161.63645943097998,Unhealthy
2026-03-29 22:00:00,26.6,52.0,982.4,6.1,93.0,0.0,78.6,158.0,13.0,openaq_ground,162.927291886196,Unhealthy
2026-03-29 23:00:00,26.2,55.0,982.6,5.3,100.0,0.0,83.0,142.0,10.2,openaq_ground,165.1991570073762,Unhealthy
2026-03-30 00:00:00,25.7,56.0,982.1,6.3,114.0,0.0,108.0,174.0,10.8,openaq_ground,178.10748155953635,Unhealthy
2026-03-30 01:00:00,24.8,58.0,981.8,8.0,115.0,0.0,122.0,175.0,11.1,openaq_ground,185.33614330874605,Unhealthy
2026-03-30 02:00:00,23.8,63.0,981.5,5.9,110.0,0.0,87.8,198.0,15.75,openaq_ground,167.67755532139094,Unhealthy
2026-03-30 03:00:00,23.4,64.0,981.6,5.6,140.0,0.0,53.6,221.0,20.4,openaq_ground,145.5678391959799,Unhealthy (Sensitive Groups)
2026-03-30 04:00:00,22.5,69.0,981.5,4.5,146.0,0.0,55.0,238.0,12.8,openaq_ground,149.01507537688443,Unhealthy (Sensitive Groups)
2026-03-30 05:00:00,21.7,78.0,981.4,4.8,132.0,0.0,45.2,212.0,10.2,openaq_ground,129.21212121212122,Unhealthy (Sensitive Groups)
2026-03-30 06:00:00,22.0,76.0,982.0,3.7,166.0,0.0,36.1,186.0,8.39,openaq_ground,116.34343434343434,Unhealthy (Sensitive Groups)
2026-03-30 07:00:00,23.6,69.0,983.2,4.5,217.0,0.0,34.5,201.0,7.15,openaq_ground,123.76767676767676,Unhealthy (Sensitive Groups)
2026-03-30 08:00:00,26.3,51.0,984.3,6.1,247.0,0.0,36.6,208.0,7.8,openaq_ground,127.23232323232324,Unhealthy (Sensitive Groups)
2026-03-30 09:00:00,29.4,34.0,985.0,7.0,267.0,0.0,32.2,181.0,7.76,openaq_ground,113.86868686868686,Unhealthy (Sensitive Groups)
2026-03-30 10:00:00,31.6,30.0,985.2,8.7,276.0,0.0,36.3,188.0,8.13,openaq_ground,117.33333333333334,Unhealthy (Sensitive Groups)
2026-03-30 11:00:00,33.3,26.0,985.5,9.0,268.0,0.0,21.7,127.0,10.4,openaq_ground,86.63636363636364,Moderate
2026-03-30 12:00:00,34.7,21.0,985.0,8.7,264.0,0.0,30.4,114.0,11.1,openaq_ground,89.48497854077253,Moderate
2026-03-30 13:00:00,31.3,30.0,986.2,21.8,270.0,0.2,40.2,116.0,8.75,openaq_ground,112.57286432160805,Unhealthy (Sensitive Groups)
2026-03-30 14:00:00,31.6,28.0,985.1,16.7,290.0,0.0,40.6,138.0,7.85,openaq_ground,113.55778894472363,Unhealthy (Sensitive Groups)
2026-03-30 15:00:00,29.5,38.0,984.6,16.4,301.0,0.0,46.9,162.0,8.72,openaq_ground,129.07035175879398,Unhealthy (Sensitive Groups)
2026-03-30 16:00:00,30.0,35.0,984.0,10.8,306.0,0.0,50.2,173.0,9.33,openaq_ground,137.1959798994975,Unhealthy (Sensitive Groups)
2026-03-30 17:00:00,27.6,46.0,984.1,11.2,349.0,0.0,54.0,172.0,7.73,openaq_ground,146.55276381909547,Unhealthy (Sensitive Groups)
2026-03-30 18:00:00,27.5,45.0,984.0,7.1,344.0,0.0,55.5,163.0,2.55,openaq_ground,151.0,Unhealthy
2026-03-30 19:00:00,27.0,51.0,984.4,1.5,324.0,0.0,60.0,158.0,2.56,openaq_ground,153.32349841938884,Unhealthy
2026-03-30 20:00:00,26.3,50.0,985.1,5.2,229.0,0.0,61.3,160.0,2.93,openaq_ground,153.99473129610115,Unhealthy
2026-03-30 21:00:00,25.0,58.0,985.8,8.8,270.0,0.0,78.2,138.0,1.69,openaq_ground,162.72075869336143,Unhealthy
2026-03-30 22:00:00,24.2,62.0,985.8,5.5,259.0,0.0,74.2,151.0,1.52,openaq_ground,160.65542676501582,Unhealthy
2026-03-30 23:00:00,24.3,66.0,985.5,7.8,323.0,0.0,84.2,182.0,1.59,openaq_ground,165.81875658587987,Unhealthy
2026-03-31 00:00:00,23.7,68.0,985.3,3.6,279.0,0.0,111.0,206.0,0.718,openaq_ground,179.65648050579557,Unhealthy
2026-03-31 01:00:00,23.4,69.0,984.8,4.5,293.0,0.0,120.0,165.0,1.93,openaq_ground,184.30347734457325,Unhealthy
2026-03-31 02:00:00,22.5,74.0,984.4,4.1,322.0,0.0,105.0,122.0,16.9,openaq_ground,176.55848261327714,Unhealthy
2026-03-31 03:00:00,22.0,75.0,984.4,4.0,288.0,0.0,45.0,110.0,27.2,openaq_ground,124.39195979899498,Unhealthy (Sensitive Groups)
2026-03-31 04:00:00,21.8,76.0,984.5,4.4,251.0,0.0,41.7,110.0,21.8,openaq_ground,116.26633165829146,Unhealthy (Sensitive Groups)
2026-03-31 05:00:00,21.3,76.0,984.0,5.0,291.0,0.0,32.3,102.0,13.0,openaq_ground,93.48068669527896,Moderate
2026-03-31 06:00:00,21.5,76.0,984.6,2.1,232.0,0.0,36.2,136.0,9.66,openaq_ground,102.72361809045226,Unhealthy (Sensitive Groups)
2026-03-31 07:00:00,23.2,68.0,985.7,1.3,146.0,0.0,23.4,141.0,8.8,openaq_ground,93.56565656565657,Moderate
2026-03-31 08:00:00,26.3,52.0,986.7,3.0,295.0,0.0,50.9,150.0,10.1,openaq_ground,138.91959798994975,Unhealthy (Sensitive Groups)
2026-03-31 09:00:00,29.7,34.0,987.2,4.6,291.0,0.0,23.4,151.0,14.0,openaq_ground,98.51515151515152,Moderate
2026-03-31 10:00:00,31.7,27.0,987.5,4.6,312.0,0.0,54.5,125.0,12.7,openaq_ground,147.78391959798995,Unhealthy (Sensitive Groups)
2026-03-31 11:00:00,33.4,23.0,986.9,1.3,82.0,0.0,26.5,58.5,12.4,openaq_ground,81.28326180257511,Moderate
2026-03-31 12:00:00,35.0,20.0,986.5,5.0,325.0,0.0,14.9,46.1,12.9,openaq_ground,56.88841201716738,Moderate
2026-03-31 13:00:00,32.2,25.0,985.8,4.3,355.0,0.0,13.8,24.7,11.4,openaq_ground,54.57510729613734,Moderate
2026-03-31 14:00:00,32.8,23.0,985.1,7.8,40.0,0.0,22.5,47.7,13.1,openaq_ground,72.87124463519314,Moderate
2026-03-31 15:00:00,30.8,28.0,985.3,5.9,194.0,0.2,24.4,48.8,11.9,openaq_ground,76.86695278969957,Moderate
2026-03-31 16:00:00,29.3,35.0,984.7,7.7,254.0,0.0,19.5,27.5,12.5,openaq_ground,66.56223175965665,Moderate
2026-03-31 17:00:00,24.8,57.0,985.7,6.5,294.0,0.0,45.5,42.8,15.4,openaq_ground,125.62311557788945,Unhealthy (Sensitive Groups)
2026-03-31 18:00:00,24.7,59.0,984.9,5.6,15.0,0.1,18.1,63.6,12.8,openaq_ground,63.61802575107296,Moderate
2026-03-31 19:00:00,24.6,59.0,985.3,6.4,122.0,0.0,19.2,61.3,9.83,openaq_ground,65.93133047210301,Moderate
2026-03-31 20:00:00,23.8,68.0,986.3,2.4,163.0,0.0,21.6,56.9,9.2,openaq_ground,70.9785407725322,Moderate
2026-03-31 21:00:00,23.4,67.0,986.7,3.8,115.0,0.0,29.3,70.8,7.79,openaq_ground,87.1716738197425,Moderate
2026-03-31 22:00:00,23.4,65.0,987.0,6.2,338.0,0.0,39.0,76.7,6.22,openaq_ground,109.61809045226131,Unhealthy (Sensitive Groups)
2026-03-31 23:00:00,23.7,66.0,986.4,13.0,350.0,0.0,29.4,75.5,4.91,openaq_ground,87.38197424892704,Moderate
2026-04-01 00:00:00,22.6,67.0,986.1,8.2,23.0,0.0,26.7,71.1,3.78,openaq_ground,81.70386266094421,Moderate
2026-04-01 01:00:00,22.1,66.0,985.6,7.0,21.0,0.0,44.0,87.2,6.15,openaq_ground,121.92964824120602,Unhealthy (Sensitive Groups)
2026-04-01 02:00:00,21.0,73.0,985.5,3.3,36.0,0.0,61.4,106.0,18.8,openaq_ground,154.0463645943098,Unhealthy
2026-04-01 03:00:00,20.4,75.0,985.6,3.6,131.0,0.0,49.5,116.0,23.8,openaq_ground,135.47236180904522,Unhealthy (Sensitive Groups)
2026-04-01 04:00:00,19.9,77.0,985.7,3.1,140.0,0.0,57.6,120.0,23.5,openaq_ground,152.08429926238145,Unhealthy
2026-04-01 05:00:00,19.6,82.0,985.3,2.7,53.0,0.0,56.9,106.0,17.9,openaq_ground,151.72286617492097,Unhealthy
2026-04-01 06:00:00,19.8,79.0,985.7,2.6,78.0,0.0,37.3,89.3,13.3,openaq_ground,105.4321608040201,Unhealthy (Sensitive Groups)
2026-04-01 07:00:00,21.3,70.0,986.4,2.8,101.0,0.0,32.1,62.6,10.1,openaq_ground,93.06008583690988,Moderate
2026-04-01 08:00:00,23.8,60.0,987.1,1.5,126.0,0.0,27.8,60.3,10.1,openaq_ground,84.01716738197425,Moderate
2026-04-01 09:00:00,26.9,48.0,988.0,0.9,11.0,0.0,23.7,49.8,9.16,openaq_ground,75.39484978540773,Moderate
2026-04-01 10:00:00,29.4,37.0,988.4,1.3,196.0,0.0,26.6,67.3,9.73,openaq_ground,81.49356223175967,Moderate
2026-04-01 11:00:00,31.4,33.0,988.4,6.7,186.0,0.0,32.8,99.4,12.7,openaq_ground,94.53218884120172,Moderate
2026-04-01 12:00:00,32.6,29.0,987.7,5.4,220.0,0.0,39.3,121.0,15.5,openaq_ground,110.35678391959799,Unhealthy (Sensitive Groups)
2026-04-01 13:00:00,33.1,26.0,986.7,5.5,238.0,0.0,52.1,146.0,26.7,openaq_ground,141.8743718592965,Unhealthy (Sensitive Groups)
2026-04-01 14:00:00,31.5,28.0,986.1,2.0,135.0,0.0,51.1,169.0,31.2,openaq_ground,139.41206030150755,Unhealthy (Sensitive Groups)
2026-04-01 15:00:00,32.2,26.0,985.2,4.8,214.0,0.0,63.4,180.0,29.9,openaq_ground,155.0790305584826,Unhealthy
2026-04-01 16:00:00,31.7,28.0,984.4,3.8,273.0,0.0,88.0,219.0,29.4,openaq_ground,167.78082191780823,Unhealthy
2026-04-01 17:00:00,31.8,29.0,983.8,6.0,10.0,0.0,102.0,215.0,26.1,openaq_ground,175.00948366701792,Unhealthy
2026-04-01 18:00:00,30.0,36.0,984.4,7.7,18.0,0.0,101.0,213.0,23.2,openaq_ground,174.4931506849315,Unhealthy
2026-04-01 19:00:00,28.4,42.0,984.9,6.3,37.0,0.0,86.7,199.0,23.3,openaq_ground,167.1095890410959,Unhealthy
2026-04-01 20:00:00,26.9,51.0,985.2,4.7,47.0,0.0,89.6,174.0,23.0,openaq_ground,168.60695468914648,Unhealthy
2026-04-01 21:00:00,26.4,51.0,985.7,4.8,37.0,0.0,92.5,168.0,20.0,openaq_ground,170.10432033719707,Unhealthy
2026-04-01 22:00:00,25.7,51.0,985.6,5.2,46.0,0.0,76.5,154.0,15.9,openaq_ground,161.84299262381455,Unhealthy
2026-04-01 23:00:00,25.7,61.0,985.4,4.9,33.0,0.0,71.5,128.0,12.1,openaq_ground,159.2613277133825,Unhealthy
2026-04-02 00:00:00,25.2,63.0,985.1,4.4,32.0,0.0,93.4,148.0,9.95,openaq_ground,170.56902002107483,Unhealthy
2026-04-02 01:00:00,23.9,67.0,984.7,4.6,45.0,0.0,121.0,190.0,8.79,openaq_ground,184.81981032665965,Unhealthy
2026-04-02 02:00:00,23.5,65.0,984.6,4.9,57.0,0.0,133.0,201.0,12.6,openaq_ground,191.01580611169652,Unhealthy
2026-04-02 03:00:00,22.8,68.0,984.6,4.6,36.0,0.0,106.0,196.0,25.7,openaq_ground,177.07481559536353,Unhealthy
2026-04-02 04:00:00,22.3,68.0,984.5,3.5,55.0,0.0,68.2,143.0,26.7,openaq_ground,157.55742887249735,Unhealthy
2026-04-02 05:00:00,21.7,72.0,984.1,4.5,50.0,0.0,40.1,139.66666666666666,20.9,openaq_ground,112.32663316582915,Unhealthy (Sensitive Groups)
2026-04-02 06:00:00,21.9,71.0,984.7,4.1,52.0,0.0,37.8,136.33333333333334,17.6,openaq_ground,106.66331658291456,Unhealthy (Sensitive Groups)
2026-04-02 07:00:00,23.6,62.0,985.8,2.7,37.0,0.0,47.2,133.0,8.25,openaq_ground,129.80904522613065,Unhealthy (Sensitive Groups)
2026-04-02 08:00:00,25.9,56.0,986.5,1.1,180.0,0.0,50.6,144.0,3.79,openaq_ground,138.18090452261308,Unhealthy (Sensitive Groups)
2026-04-02 09:00:00,29.1,45.0,987.3,2.5,172.0,0.0,52.3,134.66666666666666,12.4,openaq_ground,142.36683417085428,Unhealthy (Sensitive Groups)
2026-04-02 10:00:00,32.2,35.0,987.8,2.7,172.0,0.0,36.3,125.33333333333333,17.8,openaq_ground,102.96984924623115,Unhealthy (Sensitive Groups)
2026-04-02 11:00:00,32.1,34.0,988.2,6.2,190.0,0.0,33.0,116.0,28.1,openaq_ground,94.95278969957081,Moderate
2026-04-02 12:00:00,33.7,27.0,987.1,3.7,145.0,0.0,39.4,115.0,33.6,openaq_ground,110.60301507537689,Unhealthy (Sensitive Groups)
2026-04-02 13:00:00,34.3,25.0,986.4,5.0,221.0,0.0,78.9,182.0,49.2,openaq_ground,163.08219178082192,Unhealthy
2026-04-02 14:00:00,32.3,30.0,986.0,3.4,238.0,0.0,95.1,244.0,44.6,openaq_ground,171.4467860906217,Unhealthy
2026-04-02 15:00:00,33.4,27.0,984.6,2.8,165.0,0.0,115.0,265.0,38.3,openaq_ground,181.7218124341412,Unhealthy
2026-04-02 16:00:00,33.4,27.0,984.1,4.5,164.0,0.0,111.0,254.0,36.7,openaq_ground,179.65648050579557,Unhealthy
2026-04-02 17:00:00,33.8,28.0,983.4,13.6,113.0,0.0,109.0,244.0,31.2,openaq_ground,178.62381454162275,Unhealthy
2026-04-02 18:00:00,32.5,31.0,983.2,4.9,51.0,0.0,119.0,304.0,22.6,openaq_ground,183.78714436248683,Unhealthy
2026-04-02 19:00:00,31.1,34.0,983.1,9.1,52.0,0.0,119.0,306.0,16.5,openaq_ground,183.78714436248683,Unhealthy
2026-04-02 20:00:00,29.6,42.0,983.2,4.7,83.0,0.0,119.0,295.0,8.67,openaq_ground,183.78714436248683,Unhealthy
2026-04-02 21:00:00,28.9,42.0,983.8,5.5,122.0,0.0,124.0,264.0,8.89,openaq_ground,186.36880927291887,Unhealthy
2026-04-02 22:00:00,27.1,57.0,984.3,3.5,105.0,0.0,120.0,237.0,10.7,openaq_ground,184.30347734457325,Unhealthy
2026-04-02 23:00:00,26.7,55.0,983.8,5.0,92.0,0.0,144.0,522.0,15.1,openaq_ground,418.0,Hazardous
2026-04-03 00:00:00,26.0,57.0,983.6,5.7,127.0,0.0,180.0,590.5,16.6,openaq_ground,486.5,Hazardous
2026-04-03 01:00:00,25.0,62.0,983.2,4.1,151.0,0.0,179.0,590.5,11.6,openaq_ground,486.5,Hazardous
2026-04-03 02:00:00,24.7,61.0,983.0,3.2,223.0,0.0,158.0,590.5,8.85,openaq_ground,486.5,Hazardous
2026-04-03 03:00:00,24.8,60.0,983.2,1.9,209.0,0.0,110.0,590.5,7.66,openaq_ground,486.5,Hazardous
2026-04-03 04:00:00,24.0,60.0,983.0,4.0,275.0,0.0,76.3,548.0,7.53,openaq_ground,444.0,Hazardous
2026-04-03 05:00:00,23.2,67.0,983.3,13.9,260.0,0.0,62.5,407.0,8.48,openaq_ground,275.6086956521739,Very Unhealthy
2026-04-03 06:00:00,22.6,62.0,984.5,14.6,266.0,0.0,45.2,340.0,8.29,openaq_ground,193.07070707070707,Unhealthy
2026-04-03 07:00:00,22.3,64.0,985.8,13.3,270.0,0.0,39.6,242.0,8.15,openaq_ground,144.06060606060606,Unhealthy (Sensitive Groups)
2026-04-03 08:00:00,23.5,62.0,986.7,11.6,282.0,0.0,38.8,221.0,8.73,openaq_ground,133.66666666666669,Unhealthy (Sensitive Groups)
2026-04-03 09:00:00,25.7,55.0,987.7,11.5,284.0,0.0,39.9,192.0,9.51,openaq_ground,119.31313131313132,Unhealthy (Sensitive Groups)
2026-04-03 10:00:00,27.8,45.0,987.9,14.7,289.0,0.0,31.5,198.0,10.5,openaq_ground,122.28282828282829,Unhealthy (Sensitive Groups)
2026-04-03 11:00:00,29.3,41.0,987.9,11.9,297.0,0.0,33.9,192.0,12.3,openaq_ground,119.31313131313132,Unhealthy (Sensitive Groups)
2026-04-03 12:00:00,30.1,39.0,987.3,10.0,296.0,0.0,38.5,211.0,15.6,openaq_ground,128.7171717171717,Unhealthy (Sensitive Groups)
2026-04-03 13:00:00,31.3,37.0,986.1,6.9,321.0,0.0,36.3,280.0,12.0,openaq_ground,163.37373737373738,Unhealthy
2026-04-03 14:00:00,32.1,33.0,985.0,6.3,288.0,0.0,25.7,153.0,9.36,openaq_ground,99.5050505050505,Moderate
2026-04-03 15:00:00,27.5,49.0,985.9,9.3,302.0,0.0,33.2,86.5,8.95,openaq_ground,95.37339055793993,Moderate
2026-04-03 16:00:00,27.7,47.0,985.0,5.3,350.0,0.0,39.0,72.6,9.73,openaq_ground,109.61809045226131,Unhealthy (Sensitive Groups)
2026-04-03 17:00:00,28.3,41.0,983.7,15.3,288.0,0.0,40.4,77.4,11.3,openaq_ground,113.06532663316582,Unhealthy (Sensitive Groups)
2026-04-03 18:00:00,25.8,53.0,984.6,10.0,319.0,0.0,31.0,92.2,9.32,openaq_ground,90.74678111587983,Moderate
2026-04-03 19:00:00,25.3,55.0,986.0,10.0,277.0,0.0,47.9,113.0,9.55,openaq_ground,131.5326633165829,Unhealthy (Sensitive Groups)
2026-04-03 20:00:00,23.6,58.0,987.7,15.5,260.0,0.0,55.0,111.0,11.3,openaq_ground,149.01507537688443,Unhealthy (Sensitive Groups)
2026-04-03 21:00:00,23.3,60.0,986.5,4.2,301.0,0.4,41.1,89.1,10.2,openaq_ground,114.7889447236181,Unhealthy (Sensitive Groups)
2026-04-03 22:00:00,22.6,63.0,987.1,5.5,287.0,0.0,39.0,71.4,7.75,openaq_ground,109.61809045226131,Unhealthy (Sensitive Groups)
2026-04-03 23:00:00,22.8,72.0,987.1,6.0,33.0,0.0,40.9,70.6,6.77,openaq_ground,114.2964824120603,Unhealthy (Sensitive Groups)
2026-04-04 00:00:00,22.6,76.0,986.5,6.0,10.0,0.0,49.8,76.0,8.86,openaq_ground,136.2110552763819,Unhealthy (Sensitive Groups)
2026-04-04 01:00:00,22.4,75.0,985.5,6.5,2.0,0.0,79.1,113.0,11.8,openaq_ground,163.1854583772392,Unhealthy
2026-04-04 02:00:00,22.1,73.0,985.1,6.3,24.0,0.0,102.0,150.0,14.9,openaq_ground,175.00948366701792,Unhealthy
2026-04-04 03:00:00,21.3,79.0,985.1,3.5,28.0,0.0,121.0,185.0,20.8,openaq_ground,184.81981032665965,Unhealthy
2026-04-04 04:00:00,21.2,81.0,985.1,2.2,355.0,0.0,76.5,134.0,16.7,openaq_ground,161.84299262381455,Unhealthy
2026-04-04 05:00:00,21.4,83.0,984.8,5.4,274.0,0.0,29.2,84.7,10.6,openaq_ground,86.96137339055795,Moderate
2026-04-04 06:00:00,21.3,83.0,985.8,6.2,287.0,0.0,34.5,71.2,8.9,openaq_ground,98.10729613733906,Moderate
2026-04-04 07:00:00,22.1,79.0,986.1,5.6,303.0,0.0,35.2,74.3,8.85,openaq_ground,99.57939914163092,Moderate
2026-04-04 08:00:00,23.8,69.0,986.7,3.7,325.0,0.0,33.8,76.4,8.36,openaq_ground,96.63519313304721,Moderate
2026-04-04 09:00:00,25.9,56.0,987.1,5.2,335.0,0.0,32.9,80.8,8.94,openaq_ground,94.74248927038627,Moderate
2026-04-04 10:00:00,27.4,41.0,987.7,6.2,327.0,0.0,29.6,85.6,8.77,openaq_ground,87.80257510729615,Moderate
2026-04-04 11:00:00,29.7,35.0,987.3,9.1,308.0,0.0,30.6,80.7,8.24,openaq_ground,89.90557939914163,Moderate
2026-04-04 12:00:00,30.3,35.0,986.4,6.0,319.0,0.0,29.4,75.4,7.24,openaq_ground,87.38197424892704,Moderate
2026-04-04 13:00:00,29.9,37.0,986.1,2.9,30.0,1.0,29.2,82.5,8.99,openaq_ground,86.96137339055795,Moderate
2026-04-04 14:00:00,24.2,62.0,986.7,7.1,246.0,1.3,33.0,88.4,13.7,openaq_ground,94.95278969957081,Moderate
2026-04-04 15:00:00,26.1,51.0,984.6,2.4,279.0,0.0,39.0,104.0,17.0,openaq_ground,109.61809045226131,Unhealthy (Sensitive Groups)
2026-04-04 16:00:00,27.1,47.0,984.2,4.3,298.0,0.0,48.8,135.0,19.4,openaq_ground,133.74874371859295,Unhealthy (Sensitive Groups)
2026-04-04 17:00:00,26.0,54.0,982.7,3.7,309.0,0.0,45.1,109.0,19.5,openaq_ground,124.63819095477388,Unhealthy (Sensitive Groups)
2026-04-04 18:00:00,25.5,65.0,983.5,2.3,231.0,0.0,59.3,125.0,16.4,openaq_ground,152.96206533192836,Unhealthy
2026-04-04 19:00:00,24.9,66.0,984.1,3.9,204.0,0.0,79.3,149.0,14.7,openaq_ground,163.28872497365649,Unhealthy
2026-04-04 20:00:00,24.2,69.0,984.3,3.4,254.0,0.0,61.4,100.0,13.3,openaq_ground,154.0463645943098,Unhealthy
2026-04-04 21:00:00,23.3,73.0,984.4,3.0,284.0,0.0,48.1,112.0,13.6,openaq_ground,132.0251256281407,Unhealthy (Sensitive Groups)
2026-04-04 22:00:00,22.8,73.0,984.6,4.5,175.0,0.0,45.1,104.0,11.7,openaq_ground,124.63819095477388,Unhealthy (Sensitive Groups)
2026-04-04 23:00:00,22.3,77.0,983.9,3.9,257.0,0.0,50.3,99.9,11.8,openaq_ground,137.44221105527637,Unhealthy (Sensitive Groups)
2026-04-05 00:00:00,22.9,66.0,984.3,9.3,311.0,0.0,53.0,94.4,12.2,openaq_ground,144.09045226130655,Unhealthy (Sensitive Groups)
2026-04-05 01:00:00,21.8,70.0,984.3,4.1,347.0,0.0,62.7,110.0,15.9,openaq_ground,154.71759747102212,Unhealthy
2026-04-05 02:00:00,21.4,68.0,983.8,3.8,275.0,0.0,70.0,134.0,20.3,openaq_ground,158.4868282402529,Unhealthy
2026-04-05 03:00:00,20.7,69.0,983.7,4.8,301.0,0.0,74.3,146.0,16.8,openaq_ground,160.70706006322445,Unhealthy
2026-04-05 04:00:00,19.8,74.0,984.0,4.5,337.0,0.0,63.2,139.0,13.5,openaq_ground,154.97576396206534,Unhealthy
2026-04-05 05:00:00,19.9,82.0,983.4,3.2,232.0,0.0,63.7,137.0,12.5,openaq_ground,155.23393045310854,Unhealthy
2026-04-05 06:00:00,20.2,77.0,983.9,5.5,281.0,0.0,61.4,126.0,9.99,openaq_ground,154.0463645943098,Unhealthy
2026-04-05 07:00:00,20.7,71.0,985.6,10.4,163.0,0.5,56.3,92.4,7.9,openaq_ground,151.4130663856691,Unhealthy
2026-04-05 08:00:00,21.7,70.0,985.3,0.8,315.0,0.2,30.3,51.4,6.55,openaq_ground,89.274678111588,Moderate
2026-04-05 09:00:00,24.8,58.0,986.2,5.7,351.0,0.0,20.8,48.1,5.41,openaq_ground,69.2961373390558,Moderate
2026-04-05 10:00:00,26.0,54.0,986.4,4.6,69.0,0.0,18.5,52.3,5.4,openaq_ground,64.45922746781116,Moderate
2026-04-05 11:00:00,28.9,34.0,985.9,5.8,334.0,0.0,16.6,46.3,5.82,openaq_ground,60.46351931330473,Moderate
2026-04-05 12:00:00,28.8,32.0,985.2,6.7,301.0,0.0,26.4,76.1,6.99,openaq_ground,81.07296137339056,Moderate
2026-04-05 13:00:00,28.0,35.0,984.6,13.6,281.0,0.2,32.7,85.1,9.2,openaq_ground,94.32188841201717,Moderate
2026-04-05 14:00:00,28.8,31.0,983.6,8.0,318.0,0.0,42.6,112.0,13.2,openaq_ground,118.48241206030151,Unhealthy (Sensitive Groups)
2026-04-05 15:00:00,29.3,29.0,982.8,5.8,279.0,0.0,84.7,174.0,17.0,openaq_ground,166.07692307692307,Unhealthy
2026-04-05 16:00:00,28.7,29.0,982.6,8.1,282.0,0.0,85.5,157.0,18.9,openaq_ground,166.4899894625922,Unhealthy
2026-04-05 17:00:00,27.2,45.0,982.0,1.0,112.0,0.0,61.4,110.0,17.6,openaq_ground,154.0463645943098,Unhealthy
2026-04-05 18:00:00,26.4,60.0,982.4,0.8,45.0,0.0,57.8,109.0,16.0,openaq_ground,152.18756585879873,Unhealthy
2026-04-05 19:00:00,24.8,62.0,982.8,3.5,81.0,0.0,54.2,108.0,14.4,openaq_ground,147.04522613065328,Unhealthy (Sensitive Groups)
2026-04-05 20:00:00,23.7,70.0,983.5,1.8,84.0,0.0,54.4,106.0,13.8,openaq_ground,147.53768844221105,Unhealthy (Sensitive Groups)
2026-04-05 21:00:00,22.9,73.0,984.0,1.3,188.0,0.0,54.3,108.0,14.9,openaq_ground,147.29145728643215,Unhealthy (Sensitive Groups)
2026-04-05 22:00:00,22.2,74.0,984.2,2.5,240.0,0.0,74.8,112.0,16.3,openaq_ground,160.96522655426764,Unhealthy
2026-04-05 23:00:00,24.8,37.0,984.8,10.9,343.0,0.0,84.7,137.0,15.0,openaq_ground,166.07692307692307,Unhealthy
2026-04-06 00:00:00,23.5,42.0,984.5,7.4,347.0,0.0,79.4,134.0,13.3,openaq_ground,163.3403582718651,Unhealthy
2026-04-06 01:00:00,22.7,46.0,983.9,7.0,357.0,0.0,76.2,130.0,15.3,openaq_ground,161.6880927291886,Unhealthy
2026-04-06 02:00:00,21.7,55.0,983.7,4.1,13.0,0.0,91.7,156.0,23.8,openaq_ground,169.69125395152793,Unhealthy
2026-04-06 03:00:00,21.1,57.0,983.8,3.5,15.0,0.0,84.0,139.0,32.7,openaq_ground,165.71548998946258,Unhealthy
2026-04-06 04:00:00,20.8,59.0,983.7,2.5,4.0,0.0,42.8,74.0,20.9,openaq_ground,118.97487437185929,Unhealthy (Sensitive Groups)
2026-04-06 05:00:00,21.5,60.0,983.5,0.7,346.0,0.0,21.0,49.1,12.1,openaq_ground,69.71673819742489,Moderate
2026-04-06 06:00:00,21.4,62.0,984.3,0.8,225.0,0.0,22.8,40.9,8.07,openaq_ground,73.50214592274679,Moderate
2026-04-06 07:00:00,22.7,56.0,985.1,4.5,233.0,0.0,20.7,37.1,6.81,openaq_ground,69.08583690987125,Moderate
2026-04-06 08:00:00,24.7,48.0,985.8,2.5,249.0,0.0,21.3,43.7,6.13,openaq_ground,70.34763948497854,Moderate
2026-04-06 09:00:00,27.1,41.0,986.5,2.6,231.0,0.0,24.8,46.3,6.15,openaq_ground,77.70815450643778,Moderate
2026-04-06 10:00:00,29.4,28.0,986.9,5.1,266.0,0.0,25.0,55.3,6.11,openaq_ground,78.12875536480686,Moderate
2026-04-06 11:00:00,30.2,21.0,986.8,8.1,274.0,0.0,26.1,53.3,6.72,openaq_ground,80.44206008583691,Moderate
2026-04-06 12:00:00,31.2,20.0,986.3,8.3,281.0,0.0,25.3,52.0,9.98,openaq_ground,78.75965665236052,Moderate
2026-04-06 13:00:00,31.7,19.0,985.3,9.6,287.0,0.0,48.4,108.0,19.5,openaq_ground,132.7638190954774,Unhealthy (Sensitive Groups)
2026-04-06 14:00:00,31.5,19.0,984.3,8.9,288.0,0.0,42.6,118.0,27.6,openaq_ground,118.48241206030151,Unhealthy (Sensitive Groups)
2026-04-06 15:00:00,31.3,20.0,983.2,7.6,285.0,0.0,27.8,107.0,18.1,openaq_ground,84.01716738197425,Moderate
2026-04-06 16:00:00,31.1,21.0,982.8,9.9,268.0,0.0,18.3,60.6,12.7,openaq_ground,64.03862660944206,Moderate
2026-04-06 17:00:00,28.7,29.0,982.3,17.7,225.0,0.0,16.9,52.7,14.4,openaq_ground,61.09442060085837,Moderate
2026-04-06 18:00:00,26.7,34.0,982.8,9.4,220.0,0.0,22.049999999999997,82.85,12.25,openaq_ground,71.92489270386267,Moderate
2026-04-06 19:00:00,26.5,35.0,983.1,7.1,236.0,0.0,27.2,113.0,10.1,openaq_ground,82.75536480686696,Moderate
2026-04-06 20:00:00,25.6,37.0,984.0,8.5,235.0,0.0,26.5,118.0,9.91,openaq_ground,82.18181818181819,Moderate
2026-04-06 21:00:00,24.3,41.0,984.8,4.8,243.0,0.0,28.1,113.0,10.6,openaq_ground,84.6480686695279,Moderate
2026-04-06 22:00:00,23.8,41.0,984.8,5.7,259.0,0.0,32.8,114.0,10.4,openaq_ground,94.53218884120172,Moderate
2026-04-06 23:00:00,23.7,43.0,984.9,9.6,273.0,0.0,42.5,104.0,10.3,openaq_ground,118.23618090452261,Unhealthy (Sensitive Groups)
2026-04-07 00:00:00,23.6,46.0,984.9,10.1,270.0,0.0,47.6,119.0,11.9,openaq_ground,130.79396984924625,Unhealthy (Sensitive Groups)
2026-04-07 01:00:00,23.8,46.0,984.4,6.0,350.0,0.0,78.3,107.0,13.6,openaq_ground,162.77239199157006,Unhealthy
2026-04-07 02:00:00,23.0,47.0,984.2,8.0,18.0,0.0,79.2,121.0,14.7,openaq_ground,163.23709167544783,Unhealthy
2026-04-07 03:00:00,22.0,49.0,983.9,6.9,31.0,0.0,74.3,161.0,16.7,openaq_ground,160.70706006322445,Unhealthy
2026-04-07 04:00:00,21.2,57.0,982.9,4.9,51.0,0.0,54.0,133.0,14.5,openaq_ground,146.55276381909547,Unhealthy (Sensitive Groups)
2026-04-07 05:00:00,20.5,59.0,983.3,3.8,95.0,0.0,43.9,112.0,14.9,openaq_ground,121.68341708542714,Unhealthy (Sensitive Groups)
2026-04-07 06:00:00,20.8,57.0,983.7,9.6,107.0,0.0,25.2,104.0,13.1,openaq_ground,78.54935622317598,Moderate
2026-04-07 07:00:00,21.4,56.0,984.3,9.7,130.0,0.0,30.6,77.3,12.1,openaq_ground,89.90557939914163,Moderate
2026-04-07 08:00:00,24.0,47.0,984.5,7.8,122.0,0.0,30.133333333333333,67.2,14.533333333333333,openaq_ground,88.9241773962804,Moderate
2026-04-07 09:00:00,27.1,38.0,985.4,10.8,144.0,0.0,29.666666666666668,57.099999999999994,16.966666666666665,openaq_ground,87.94277539341918,Moderate
2026-04-07 10:00:00,28.8,32.0,985.2,13.8,144.0,0.0,29.2,47.0,19.4,openaq_ground,86.96137339055795,Moderate
2026-04-07 11:00:00,28.4,33.0,985.1,15.5,132.0,0.0,40.3,65.7,21.5,openaq_ground,112.81909547738692,Unhealthy (Sensitive Groups)
2026-04-07 12:00:00,28.4,35.0,984.8,14.7,112.0,0.2,46.3,82.6,21.3,openaq_ground,127.5929648241206,Unhealthy (Sensitive Groups)
2026-04-07 13:00:00,25.9,41.0,984.4,12.8,202.0,0.4,41.3,80.9,17.0,openaq_ground,115.28140703517587,Unhealthy (Sensitive Groups)
2026-04-07 14:00:00,25.6,43.0,983.8,0.8,207.0,0.2,51.2,93.5,13.6,openaq_ground,139.65829145728645,Unhealthy (Sensitive Groups)
2026-04-07 15:00:00,23.0,56.0,983.1,5.1,8.0,1.3,65.2,106.0,17.2,openaq_ground,156.00842992623814,Unhealthy
2026-04-07 16:00:00,21.7,69.0,982.6,0.8,135.0,0.8,53.4,73.8,18.1,openaq_ground,145.0753768844221,Unhealthy (Sensitive Groups)
2026-04-07 17:00:00,22.2,66.0,981.1,9.6,87.0,0.4,37.8,56.3,16.2,openaq_ground,106.66331658291456,Unhealthy (Sensitive Groups)
2026-04-07 18:00:00,21.1,72.0,981.7,9.3,75.0,0.0,34.2,50.2,11.6,openaq_ground,97.47639484978541,Moderate
2026-04-07 19:00:00,20.2,73.0,982.1,10.2,81.0,0.0,27.0,42.7,10.3,openaq_ground,82.33476394849785,Moderate
2026-04-07 20:00:00,19.7,71.0,982.3,11.2,75.0,0.2,27.5,35.2,7.21,openaq_ground,83.3862660944206,Moderate
2026-04-07 21:00:00,18.2,85.0,984.5,7.5,200.0,2.1,20.4,33.3,6.69,openaq_ground,68.45493562231759,Moderate
2026-04-07 22:00:00,18.1,88.0,982.9,7.7,108.0,1.9,9.06,34.5,6.26,openaq_ground,37.75000000000001,Good
2026-04-07 23:00:00,18.0,90.0,981.5,9.9,99.0,0.9,14.5,32.3,6.11,openaq_ground,56.047210300429185,Moderate
2026-04-08 00:00:00,17.7,90.0,982.3,6.4,122.0,0.0,14.0,37.3,7.01,openaq_ground,54.99570815450644,Moderate
2026-04-08 01:00:00,17.8,90.0,982.5,7.5,200.0,0.1,19.5,46.1,7.33,openaq_ground,66.56223175965665,Moderate
2026-04-08 02:00:00,17.0,89.0,981.7,11.9,157.0,0.6,36.2,45.1,9.52,openaq_ground,102.72361809045226,Unhealthy (Sensitive Groups)
2026-04-08 03:00:00,17.3,92.0,981.0,9.0,92.0,0.2,49.7,56.5,10.4,openaq_ground,135.96482412060303,Unhealthy (Sensitive Groups)
2026-04-08 04:00:00,17.2,93.0,981.2,2.3,231.0,0.0,40.1,59.6,9.25,openaq_ground,112.32663316582915,Unhealthy (Sensitive Groups)
2026-04-08 05:00:00,17.2,98.0,981.6,6.3,198.0,0.0,27.6,61.5,9.35,openaq_ground,83.59656652360516,Moderate
2026-04-08 06:00:00,17.1,91.0,983.0,8.1,276.0,0.9,43.7,68.2,10.4,openaq_ground,121.19095477386935,Unhealthy (Sensitive Groups)
2026-04-08 07:00:00,17.8,88.0,983.5,8.6,323.0,0.4,30.3,59.7,9.18,openaq_ground,89.274678111588,Moderate
2026-04-08 08:00:00,18.5,86.0,983.8,5.1,354.0,0.2,34.9,69.2,7.54,openaq_ground,98.94849785407726,Moderate
2026-04-08 09:00:00,20.6,73.0,984.5,5.6,343.0,0.0,32.2,68.4,7.5,openaq_ground,93.27038626609442,Moderate
2026-04-08 10:00:00,22.0,64.0,984.9,4.8,48.0,0.1,36.4,78.0,8.42,openaq_ground,103.21608040201005,Unhealthy (Sensitive Groups)
2026-04-08 11:00:00,23.2,56.0,984.7,1.3,124.0,0.2,38.8,108.0,12.9,openaq_ground,109.12562814070351,Unhealthy (Sensitive Groups)
2026-04-08 12:00:00,24.4,55.0,984.9,1.3,360.0,0.0,36.9,89.2,17.3,openaq_ground,104.44723618090453,Unhealthy (Sensitive Groups)
2026-04-08 13:00:00,25.1,52.0,984.6,2.6,348.0,0.0,37.9,103.0,18.6,openaq_ground,106.90954773869346,Unhealthy (Sensitive Groups)
2026-04-08 14:00:00,25.5,48.0,983.9,4.6,291.0,0.0,41.3,103.0,19.5,openaq_ground,115.28140703517587,Unhealthy (Sensitive Groups)
2026-04-08 15:00:00,25.3,48.0,983.6,5.0,305.0,0.0,44.0,81.5,19.7,openaq_ground,121.92964824120602,Unhealthy (Sensitive Groups)
2026-04-08 16:00:00,25.2,48.0,983.5,5.4,304.0,0.2,39.8,78.1,18.7,openaq_ground,111.58793969849245,Unhealthy (Sensitive Groups)
2026-04-08 17:00:00,22.3,60.0,984.1,6.3,182.0,1.2,40.2,81.5,16.7,openaq_ground,112.57286432160805,Unhealthy (Sensitive Groups)
2026-04-08 18:00:00,21.8,66.0,984.5,6.7,63.0,0.0,42.400000000000006,82.85,14.75,openaq_ground,117.98994974874373,Unhealthy (Sensitive Groups)
2026-04-08 19:00:00,20.6,68.0,984.8,11.8,111.0,0.0,44.6,84.2,12.8,openaq_ground,123.4070351758794,Unhealthy (Sensitive Groups)
2026-04-08 20:00:00,19.8,68.0,985.7,10.9,98.0,0.0,33.2,65.5,11.5,openaq_ground,95.37339055793993,Moderate
2026-04-08 21:00:00,19.1,72.0,986.1,9.1,104.0,0.0,37.0,67.0,9.76,openaq_ground,104.69346733668341,Unhealthy (Sensitive Groups)
2026-04-08 22:00:00,18.7,75.0,986.2,9.3,114.0,0.0,34.3,61.9,8.89,openaq_ground,97.68669527896995,Moderate
2026-04-08 23:00:00,19.3,82.0,987.0,8.5,122.0,0.0,37.9,41.4,9.96,openaq_ground,106.90954773869346,Unhealthy (Sensitive Groups)
2026-04-09 00:00:00,18.8,80.0,986.9,8.9,115.0,0.0,31.5,49.2,8.6,openaq_ground,91.79828326180258,Moderate
2026-04-09 01:00:00,18.3,81.0,986.7,8.5,108.0,0.0,33.6,59.5,12.8,openaq_ground,96.21459227467813,Moderate
2026-04-09 02:00:00,17.7,84.0,986.5,8.9,108.0,0.0,50.6,75.6,17.5,openaq_ground,138.18090452261308,Unhealthy (Sensitive Groups)
2026-04-09 03:00:00,17.2,90.0,986.5,8.8,118.0,0.0,44.8,87.4,17.5,openaq_ground,123.89949748743717,Unhealthy (Sensitive Groups)
2026-04-09 04:00:00,16.8,94.0,986.8,6.7,99.0,0.0,31.0,63.7,13.2,openaq_ground,90.74678111587983,Moderate
2026-04-09 05:00:00,16.1,94.0,987.1,5.2,121.0,0.0,29.2,57.1,11.4,openaq_ground,86.96137339055795,Moderate
2026-04-09 06:00:00,16.9,93.0,987.8,5.9,113.0,0.0,22.446666666666665,63.13333333333333,10.146666666666667,openaq_ground,72.7590844062947,Moderate
2026-04-09 07:00:00,17.9,91.0,988.8,4.7,106.0,0.0,15.693333333333333,69.16666666666667,8.893333333333333,openaq_ground,58.55679542203148,Moderate
2026-04-09 08:00:00,19.5,84.0,989.6,4.5,104.0,0.0,8.94,75.2,7.64,openaq_ground,60.9979797979798,Moderate
2026-04-09 09:00:00,21.7,76.0,990.1,3.6,96.0,0.0,14.6,77.3,7.68,openaq_ground,62.037373737373734,Moderate
2026-04-09 10:00:00,23.8,67.0,990.3,2.5,82.0,0.0,26.4,59.0,4.58,openaq_ground,81.07296137339056,Moderate
2026-04-09 11:00:00,26.2,46.0,990.0,1.7,328.0,0.0,27.0,63.5,14.2,openaq_ground,82.33476394849785,Moderate
2026-04-09 12:00:00,27.5,35.0,989.7,6.4,313.0,0.0,26.5,68.0,16.6,openaq_ground,81.28326180257511,Moderate
2026-04-09 13:00:00,28.2,26.0,988.9,7.5,320.0,0.0,30.3,90.5,17.2,openaq_ground,89.274678111588,Moderate
2026-04-09 14:00:00,28.7,25.0,987.9,8.9,310.0,0.0,42.1,143.0,22.0,openaq_ground,117.25125628140704,Unhealthy (Sensitive Groups)
2026-04-09 15:00:00,28.7,23.0,987.4,11.1,302.0,0.0,68.8,188.0,25.5,openaq_ground,157.8672286617492,Unhealthy
2026-04-09 16:00:00,28.2,23.0,986.9,12.4,303.0,0.0,109.0,241.0,29.8,openaq_ground,178.62381454162275,Unhealthy
2026-04-09 17:00:00,28.1,31.0,986.7,4.9,4.0,0.0,107.0,224.0,29.0,openaq_ground,177.59114857744996,Unhealthy
2026-04-09 18:00:00,25.8,51.0,987.2,3.1,315.0,0.0,53.3,121.0,22.6,openaq_ground,144.8291457286432,Unhealthy (Sensitive Groups)
2026-04-09 19:00:00,24.8,52.0,987.5,2.2,76.0,0.0,56.2,111.0,20.5,openaq_ground,151.36143308746048,Unhealthy
2026-04-09 20:00:00,24.0,54.0,988.4,2.1,31.0,0.0,59.3,130.0,18.5,openaq_ground,152.96206533192836,Unhealthy
2026-04-09 21:00:00,23.1,55.0,988.8,2.2,270.0,0.0,55.2,111.0,16.2,openaq_ground,149.50753768844223,Unhealthy (Sensitive Groups)
2026-04-09 22:00:00,22.3,49.0,989.5,11.9,358.0,0.0,74.6,121.0,17.8,openaq_ground,160.86195995785036,Unhealthy
2026-04-09 23:00:00,21.6,55.0,989.8,6.8,27.0,0.0,125.0,192.0,18.1,openaq_ground,186.88514225500526,Unhealthy
2026-04-10 00:00:00,20.0,63.0,989.6,5.4,4.0,0.0,130.0,181.0,17.6,openaq_ground,189.4668071654373,Unhealthy
2026-04-10 01:00:00,19.5,64.0,989.3,5.4,346.0,0.0,86.1,127.0,15.3,openaq_ground,166.79978925184403,Unhealthy
2026-04-10 02:00:00,19.0,66.0,989.2,5.6,331.0,0.0,78.2,119.0,13.2,openaq_ground,162.72075869336143,Unhealthy
2026-04-10 03:00:00,18.4,69.0,988.9,5.2,316.0,0.0,63.6,110.0,10.6,openaq_ground,155.18229715489989,Unhealthy
2026-04-10 04:00:00,17.8,69.0,988.7,6.1,300.0,0.0,31.6,87.9,8.23,openaq_ground,92.00858369098714,Moderate
2026-04-10 05:00:00,18.0,70.0,988.6,8.4,295.0,0.0,19.1,101.0,7.26,openaq_ground,73.76767676767676,Moderate
2026-04-10 06:00:00,18.2,69.0,989.2,9.5,299.0,0.0,24.9,90.8,7.0,openaq_ground,77.91845493562232,Moderate
2026-04-10 07:00:00,19.2,66.0,990.0,8.1,291.0,0.0,16.0,73.4,6.62,openaq_ground,60.10707070707071,Moderate
2026-04-10 08:00:00,21.1,59.0,990.6,9.4,294.0,0.0,9.45,64.5,6.54,openaq_ground,55.7020202020202,Moderate
2026-04-10 09:00:00,23.5,49.0,990.7,11.5,300.0,0.0,17.5,90.0,6.43,openaq_ground,68.32323232323233,Moderate
2026-04-10 10:00:00,25.5,40.0,990.7,14.7,306.0,0.0,14.3,94.8,6.02,openaq_ground,70.6989898989899,Moderate
2026-04-10 11:00:00,27.9,33.0,989.9,14.6,303.0,0.0,18.8,87.9,6.81,openaq_ground,67.28383838383839,Moderate
2026-04-10 12:00:00,29.4,28.0,989.7,16.5,303.0,0.0,21.1,108.0,8.77,openaq_ground,77.23232323232324,Moderate
2026-04-10 13:00:00,30.4,25.0,988.8,17.7,300.0,0.0,33.9,131.0,11.3,openaq_ground,96.84549356223175,Moderate
2026-04-10 14:00:00,31.0,22.0,987.7,18.6,298.0,0.0,53.3,156.0,13.9,openaq_ground,144.8291457286432,Unhealthy (Sensitive Groups)
2026-04-10 15:00:00,31.2,21.0,986.9,19.4,299.0,0.0,53.3,139.0,16.1,openaq_ground,144.8291457286432,Unhealthy (Sensitive Groups)
2026-04-10 16:00:00,31.0,20.0,986.2,19.9,302.0,0.0,52.6,140.0,15.1,openaq_ground,143.10552763819095,Unhealthy (Sensitive Groups)
2026-04-10 17:00:00,31.2,18.0,986.0,19.0,298.0,0.0,47.6,139.0,14.5,openaq_ground,130.79396984924625,Unhealthy (Sensitive Groups)
2026-04-10 18:00:00,29.9,20.0,986.2,15.3,294.0,0.0,43.25,116.95,13.1,openaq_ground,120.08291457286433,Unhealthy (Sensitive Groups)
2026-04-10 19:00:00,28.3,24.0,986.4,12.8,292.0,0.0,38.9,94.9,11.7,openaq_ground,109.37185929648241,Unhealthy (Sensitive Groups)
2026-04-10 20:00:00,26.9,28.0,986.8,13.6,285.0,0.0,37.6,89.2,11.3,openaq_ground,106.17085427135679,Unhealthy (Sensitive Groups)
2026-04-10 21:00:00,26.2,31.0,987.3,15.3,294.0,0.0,39.6,83.8,10.8,openaq_ground,111.09547738693468,Unhealthy (Sensitive Groups)
2026-04-10 22:00:00,25.7,32.0,987.5,14.6,303.0,0.0,40.8,70.7,10.0,openaq_ground,114.0502512562814,Unhealthy (Sensitive Groups)
2026-04-10 23:00:00,25.7,34.0,987.7,14.2,306.0,0.0,34.9,63.6,9.93,openaq_ground,98.94849785407726,Moderate
2026-04-11 00:00:00,25.1,37.0,987.5,13.2,310.0,0.0,42.6,78.5,10.9,openaq_ground,118.48241206030151,Unhealthy (Sensitive Groups)
2026-04-11 01:00:00,24.4,39.0,987.1,12.6,308.0,0.0,65.1,124.0,11.4,openaq_ground,155.9567966280295,Unhealthy
2026-04-11 02:00:00,23.8,41.0,986.7,12.2,308.0,0.0,48.5,98.6,12.2,openaq_ground,133.01005025125627,Unhealthy (Sensitive Groups)
2026-04-11 03:00:00,22.8,44.0,986.2,9.2,317.0,0.0,38.8,84.3,12.0,openaq_ground,109.12562814070351,Unhealthy (Sensitive Groups)
2026-04-11 04:00:00,22.2,46.0,986.0,9.4,322.0,0.0,27.5,77.6,9.25,openaq_ground,83.3862660944206,Moderate
2026-04-11 05:00:00,21.9,50.0,985.6,9.2,325.0,0.0,19.5,71.9,7.27,openaq_ground,66.56223175965665,Moderate
2026-04-11 06:00:00,21.7,52.0,986.4,9.6,322.0,0.0,21.6,75.7,5.7,openaq_ground,70.9785407725322,Moderate
2026-04-11 07:00:00,22.9,49.0,987.3,7.4,311.0,0.0,23.4,104.0,5.59,openaq_ground,75.25252525252526,Moderate
2026-04-11 08:00:00,25.0,43.0,988.2,8.7,312.0,0.0,26.4,92.7,5.38,openaq_ground,81.07296137339056,Moderate
2026-04-11 09:00:00,27.5,35.0,988.6,10.1,325.0,0.0,23.5,103.0,5.79,openaq_ground,74.97424892703863,Moderate
2026-04-11 10:00:00,29.4,30.0,988.3,11.3,333.0,0.0,19.3,108.0,7.97,openaq_ground,77.23232323232324,Moderate
2026-04-11 11:00:00,31.1,27.0,988.3,11.7,313.0,0.0,34.9,102.0,10.3,openaq_ground,98.94849785407726,Moderate
2026-04-11 12:00:00,32.6,23.0,987.7,11.9,300.0,0.0,50.3,134.0,13.4,openaq_ground,137.44221105527637,Unhealthy (Sensitive Groups)
2026-04-11 13:00:00,32.6,22.0,987.1,14.3,295.0,0.0,51.2,162.0,15.8,openaq_ground,139.65829145728645,Unhealthy (Sensitive Groups)
2026-04-11 14:00:00,32.9,21.0,985.8,13.9,291.0,0.0,55.2,173.0,19.5,openaq_ground,149.50753768844223,Unhealthy (Sensitive Groups)
2026-04-11 15:00:00,32.7,21.0,984.9,12.5,277.0,0.0,72.1,196.0,27.6,openaq_ground,159.57112750263434,Unhealthy
2026-04-11 16:00:00,32.4,21.0,984.6,14.2,274.0,0.0,65.2,187.0,31.2,openaq_ground,156.00842992623814,Unhealthy
2026-04-11 17:00:00,32.2,19.0,984.1,13.4,311.0,0.0,63.8,188.0,32.5,openaq_ground,155.28556375131717,Unhealthy
2026-04-11 18:00:00,30.8,23.0,984.2,9.1,335.0,0.0,72.6,200.0,26.1,openaq_ground,159.82929399367754,Unhealthy
2026-04-11 19:00:00,29.1,29.0,984.6,7.9,4.0,0.0,71.9,174.0,20.7,openaq_ground,159.46786090621708,Unhealthy
2026-04-11 20:00:00,28.3,31.0,984.8,7.3,7.0,0.0,63.3,150.0,15.9,openaq_ground,155.02739726027397,Unhealthy
2026-04-11 21:00:00,27.4,33.0,985.2,5.2,356.0,0.0,49.5,133.0,12.9,openaq_ground,135.47236180904522,Unhealthy (Sensitive Groups)
2026-04-11 22:00:00,26.8,33.0,985.2,4.4,341.0,0.0,44.1,107.0,14.6,openaq_ground,122.17587939698493,Unhealthy (Sensitive Groups)
2026-04-11 23:00:00,27.7,34.0,985.5,8.6,2.0,0.0,55.6,118.0,17.5,openaq_ground,151.05163329820863,Unhealthy
2026-04-12 00:00:00,26.2,38.0,985.3,9.1,32.0,0.0,87.1,162.0,17.1,openaq_ground,167.31612223393046,Unhealthy
2026-04-12 01:00:00,25.3,40.0,985.1,8.6,16.0,0.0,182.0,261.0,17.9,openaq_ground,232.21621621621622,Very Unhealthy
2026-04-12 02:00:00,24.6,41.0,984.0,4.0,39.0,0.0,141.0,208.0,17.0,openaq_ground,195.14646996838778,Unhealthy
2026-04-12 03:00:00,24.2,44.0,983.5,2.1,340.0,0.0,78.4,148.0,13.3,openaq_ground,162.82402528977872,Unhealthy
2026-04-12 04:00:00,23.4,44.0,983.0,3.1,320.0,0.0,57.9,129.0,10.8,openaq_ground,152.23919915700736,Unhealthy
2026-04-12 05:00:00,23.0,53.0,983.1,3.0,303.0,0.0,43.4,107.0,10.4,openaq_ground,120.45226130653266,Unhealthy (Sensitive Groups)
2026-04-12 06:00:00,23.2,52.0,983.4,6.2,303.0,0.0,19.4,68.0,7.39,openaq_ground,66.3519313304721,Moderate
2026-04-12 07:00:00,24.2,50.0,984.3,7.3,300.0,0.0,31.1,63.9,5.78,openaq_ground,90.95708154506438,Moderate
2026-04-12 08:00:00,26.2,42.0,984.9,6.9,301.0,0.0,29.4,73.5,5.22,openaq_ground,87.38197424892704,Moderate
2026-04-12 09:00:00,28.6,35.0,985.5,8.9,310.0,0.0,24.2,73.6,5.19,openaq_ground,76.44635193133047,Moderate
2026-04-12 10:00:00,30.7,27.0,985.3,11.5,301.0,0.0,25.5,79.2,4.96,openaq_ground,79.18025751072962,Moderate
2026-04-12 11:00:00,32.2,23.0,984.9,12.1,293.0,0.0,17.0,72.2,5.85,openaq_ground,61.30472103004292,Moderate
2026-04-12 12:00:00,33.2,21.0,984.4,12.0,300.0,0.0,15.4,81.5,9.37,openaq_ground,64.11616161616162,Moderate
2026-04-12 13:00:00,33.9,20.0,983.6,12.8,302.0,0.0,20.7,104.0,15.4,openaq_ground,75.25252525252526,Moderate
2026-04-12 14:00:00,34.2,18.0,982.6,14.1,307.0,0.0,25.2,124.0,18.9,openaq_ground,85.15151515151516,Moderate
2026-04-12 15:00:00,34.0,17.0,982.1,14.9,307.0,0.0,42.7,147.0,21.2,openaq_ground,118.72864321608041,Unhealthy (Sensitive Groups)
2026-04-12 16:00:00,33.6,16.0,981.7,15.8,300.0,0.0,49.6,176.0,23.4,openaq_ground,135.71859296482413,Unhealthy (Sensitive Groups)
2026-04-12 17:00:00,33.6,16.0,981.5,16.2,302.0,0.0,53.9,178.0,22.2,openaq_ground,146.30653266331657,Unhealthy (Sensitive Groups)
2026-04-12 18:00:00,32.5,16.0,982.1,12.6,304.0,0.0,47.8,146.5,23.7,openaq_ground,131.28643216080403,Unhealthy (Sensitive Groups)
2026-04-12 19:00:00,30.9,18.0,982.8,9.4,317.0,0.0,41.7,115.0,25.2,openaq_ground,116.26633165829146,Unhealthy (Sensitive Groups)
2026-04-12 20:00:00,29.4,21.0,983.6,8.6,331.0,0.0,41.7,97.9,23.4,openaq_ground,116.26633165829146,Unhealthy (Sensitive Groups)
2026-04-12 21:00:00,28.0,24.0,984.3,6.8,357.0,0.0,40.4,102.0,22.4,openaq_ground,113.06532663316582,Unhealthy (Sensitive Groups)
2026-04-12 22:00:00,26.5,28.0,984.2,5.6,354.0,0.0,57.4,118.0,20.4,openaq_ground,151.98103266596416,Unhealthy
2026-04-12 23:00:00,26.4,30.0,984.7,7.8,347.0,0.0,54.1,107.0,18.7,openaq_ground,146.79899497487438,Unhealthy (Sensitive Groups)
2026-04-13 00:00:00,25.4,32.0,984.5,6.5,337.0,0.0,66.2,120.0,17.1,openaq_ground,156.52476290832456,Unhealthy
2026-04-13 01:00:00,24.8,33.0,984.1,6.7,329.0,0.0,164.0,233.0,17.8,openaq_ground,214.3783783783784,Very Unhealthy
2026-04-13 02:00:00,23.9,36.0,983.8,6.1,337.0,0.0,181.0,255.0,24.0,openaq_ground,231.22522522522522,Very Unhealthy
2026-04-13 03:00:00,23.2,37.0,983.5,6.2,343.0,0.0,139.0,207.0,24.2,openaq_ground,194.11380400421496,Unhealthy
2026-04-13 04:00:00,22.5,39.0,983.1,5.7,347.0,0.0,78.5,152.0,16.3,openaq_ground,162.87565858798735,Unhealthy
2026-04-13 05:00:00,21.9,55.0,983.3,5.5,333.0,0.0,31.8,110.0,10.3,openaq_ground,92.42918454935624,Moderate
2026-04-13 06:00:00,21.8,52.0,984.3,4.8,299.0,0.0,24.2,83.7,6.92,openaq_ground,76.44635193133047,Moderate
2026-04-13 07:00:00,23.5,46.0,985.2,5.8,268.0,0.0,21.8,59.3,6.0,openaq_ground,71.3991416309013,Moderate
2026-04-13 08:00:00,25.5,40.0,985.8,6.8,270.0,0.0,16.3,53.7,5.49,openaq_ground,59.832618025751074,Moderate
2026-04-13 09:00:00,27.7,34.0,986.4,7.1,291.0,0.0,20.3,54.8,4.93,openaq_ground,68.24463519313305,Moderate
2026-04-13 10:00:00,30.0,26.0,986.5,9.2,303.0,0.0,18.6,54.2,5.2,openaq_ground,64.66952789699572,Moderate
2026-04-13 11:00:00,31.9,23.0,986.2,11.6,291.0,0.0,12.9,61.9,6.02,openaq_ground,54.415151515151514,Moderate
2026-04-13 12:00:00,33.3,19.0,985.8,13.2,290.0,0.0,16.3,97.9,9.74,openaq_ground,72.23333333333333,Moderate
2026-04-13 13:00:00,34.0,17.0,985.1,14.9,290.0,0.0,27.4,141.0,14.0,openaq_ground,93.56565656565657,Moderate
2026-04-13 14:00:00,34.4,16.0,984.2,14.8,286.0,0.0,44.8,167.0,18.8,openaq_ground,123.89949748743717,Unhealthy (Sensitive Groups)
2026-04-13 15:00:00,34.5,15.0,983.5,14.2,285.0,0.0,65.1,176.0,22.7,openaq_ground,155.9567966280295,Unhealthy
2026-04-13 16:00:00,34.1,15.0,983.1,14.7,287.0,0.0,68.1,187.0,24.4,openaq_ground,157.50579557428873,Unhealthy
2026-04-13 17:00:00,34.6,13.0,982.7,14.9,285.0,0.0,75.9,205.0,25.1,openaq_ground,161.5331928345627,Unhealthy
2026-04-13 18:00:00,33.2,15.0,983.2,10.9,279.0,0.0,58.4,182.0,23.1,openaq_ground,152.4973656480506,Unhealthy
2026-04-13 19:00:00,31.4,18.0,983.6,7.9,269.0,0.0,60.4,172.0,22.2,openaq_ground,153.53003161222338,Unhealthy
2026-04-13 20:00:00,30.4,19.0,984.2,7.7,279.0,0.0,51.9,130.0,20.6,openaq_ground,141.3819095477387,Unhealthy (Sensitive Groups)
2026-04-13 21:00:00,29.6,20.0,985.0,9.3,286.0,0.0,41.1,109.0,17.8,openaq_ground,114.7889447236181,Unhealthy (Sensitive Groups)
2026-04-13 22:00:00,28.8,19.0,985.1,9.2,290.0,0.0,34.0,91.6,16.8,openaq_ground,97.05579399141632,Moderate
2026-04-13 23:00:00,27.0,25.0,985.2,5.8,353.0,0.0,54.9,109.0,17.0,openaq_ground,148.76884422110552,Unhealthy (Sensitive Groups)
2026-04-14 00:00:00,25.7,29.0,984.8,5.3,12.0,0.0,62.7,131.0,23.1,openaq_ground,154.71759747102212,Unhealthy
2026-04-14 01:00:00,25.0,32.0,984.0,5.7,18.0,0.0,79.9,149.0,33.8,openaq_ground,163.59852476290834,Unhealthy
2026-04-14 02:00:00,23.9,39.0,983.5,5.0,13.0,0.0,94.9,178.0,35.4,openaq_ground,171.34351949420443,Unhealthy
2026-04-14 03:00:00,23.3,43.0,983.2,4.0,360.0,0.0,107.0,207.0,25.6,openaq_ground,177.59114857744996,Unhealthy
2026-04-14 04:00:00,23.0,44.0,983.0,3.8,349.0,0.0,91.6,246.0,19.6,openaq_ground,169.63962065331927,Unhealthy
2026-04-14 05:00:00,23.0,48.0,982.9,3.6,342.0,0.0,64.8,191.0,14.2,openaq_ground,155.8018967334036,Unhealthy
2026-04-14 06:00:00,23.3,47.0,983.6,2.2,265.0,0.0,41.9,106.0,10.5,openaq_ground,116.75879396984925,Unhealthy (Sensitive Groups)
2026-04-14 07:00:00,25.7,39.0,984.8,5.6,276.0,0.0,41.9,98.7,8.62,openaq_ground,116.75879396984925,Unhealthy (Sensitive Groups)
2026-04-14 08:00:00,28.4,32.0,985.6,4.2,275.0,0.0,38.8,114.0,7.69,openaq_ground,109.12562814070351,Unhealthy (Sensitive Groups)
2026-04-14 09:00:00,31.2,25.0,986.2,5.0,283.0,0.0,25.5,90.1,7.07,openaq_ground,79.18025751072962,Moderate
2026-04-14 10:00:00,33.8,18.0,986.0,5.2,304.0,0.0,7.5,82.3,6.68,openaq_ground,64.51212121212122,Moderate
2026-04-14 11:00:00,35.3,14.0,985.7,7.8,296.0,0.0,20.240000000000002,110.03999999999999,12.564,openaq_ground,78.2420202020202,Moderate
2026-04-14 12:00:00,36.7,13.0,985.0,9.2,281.0,0.0,32.980000000000004,137.78,18.448,openaq_ground,94.91072961373392,Moderate
2026-04-14 13:00:00,37.3,13.0,984.2,11.2,272.0,0.0,45.72,165.51999999999998,24.332,openaq_ground,126.16482412060301,Unhealthy (Sensitive Groups)
2026-04-14 14:00:00,37.5,13.0,983.0,12.1,277.0,0.0,58.46,193.26,30.216,openaq_ground,152.52834562697578,Unhealthy
2026-04-14 15:00:00,37.4,13.0,982.3,12.4,280.0,0.0,71.2,221.0,36.1,openaq_ground,159.1064278187566,Unhealthy
2026-04-14 16:00:00,36.8,14.0,981.6,12.6,274.0,0.0,78.4,214.0,34.5,openaq_ground,162.82402528977872,Unhealthy
2026-04-14 17:00:00,36.6,13.0,981.0,12.3,282.0,0.0,72.2,211.0,31.7,openaq_ground,159.622760800843,Unhealthy
2026-04-14 18:00:00,35.0,15.0,981.4,8.6,285.0,0.0,80.3,193.0,37.8,openaq_ground,163.80505795574288,Unhealthy
2026-04-14 19:00:00,33.6,18.0,981.6,6.1,298.0,0.0,78.4,174.0,40.1,openaq_ground,162.82402528977872,Unhealthy
2026-04-14 20:00:00,32.8,19.0,981.7,5.3,336.0,0.0,69.7,169.0,41.0,openaq_ground,158.33192834562698,Unhealthy
2026-04-14 21:00:00,32.4,19.0,982.6,10.0,8.0,0.0,73.3,191.0,40.1,openaq_ground,160.19072708113805,Unhealthy
2026-04-14 22:00:00,30.2,21.0,982.6,7.0,23.0,0.0,86.1,188.0,39.1,openaq_ground,166.79978925184403,Unhealthy
2026-04-14 23:00:00,28.9,26.0,982.7,5.2,20.0,0.0,93.5,187.0,37.0,openaq_ground,170.62065331928346,Unhealthy
2026-04-15 00:00:00,27.5,28.0,982.2,4.1,34.0,0.0,115.0,230.0,33.2,openaq_ground,181.7218124341412,Unhealthy
2026-04-15 01:00:00,26.9,30.0,981.5,4.0,21.0,0.0,202.0,301.0,40.3,openaq_ground,252.03603603603602,Very Unhealthy
2026-04-15 02:00:00,26.0,31.0,980.9,4.3,358.0,0.0,216.0,355.0,68.0,openaq_ground,265.9099099099099,Very Unhealthy
2026-04-15 03:00:00,25.1,33.0,980.6,5.2,348.0,0.0,141.0,251.0,44.9,openaq_ground,195.14646996838778,Unhealthy
2026-04-15 04:00:00,24.2,35.0,980.5,5.0,341.0,0.0,97.0,218.0,26.6,openaq_ground,172.42781875658588,Unhealthy
2026-04-15 05:00:00,24.0,43.0,980.5,3.8,311.0,0.0,68.0,158.0,17.8,openaq_ground,157.4541622760801,Unhealthy
2026-04-15 06:00:00,23.7,43.0,981.0,3.9,286.0,0.0,26.2,76.5,10.9,openaq_ground,80.65236051502146,Moderate
2026-04-15 07:00:00,26.0,36.0,982.0,5.9,290.0,0.0,14.4,44.5,7.95,openaq_ground,55.836909871244636,Moderate
2026-04-15 08:00:00,28.8,30.0,982.6,4.3,285.0,0.0,13.3,37.2,7.15,openaq_ground,53.52360515021459,Moderate
2026-04-15 09:00:00,32.0,23.0,982.9,5.7,311.0,0.0,14.9,45.9,6.51,openaq_ground,56.88841201716738,Moderate
2026-04-15 10:00:00,34.9,17.0,982.8,7.5,320.0,0.0,14.9,36.5,6.28,openaq_ground,56.88841201716738,Moderate
2026-04-15 11:00:00,36.6,13.0,982.5,11.1,306.0,0.0,14.3,56.7,7.41,openaq_ground,55.62660944206009,Moderate
2026-04-15 12:00:00,38.0,11.0,982.2,11.9,305.0,0.0,17.8,73.6,11.7,openaq_ground,62.987124463519315,Moderate
2026-04-15 13:00:00,38.6,10.0,981.3,13.1,304.0,0.0,26.0,94.6,20.6,openaq_ground,80.23175965665237,Moderate
2026-04-15 14:00:00,38.7,10.0,980.4,14.1,302.0,0.0,47.8,142.0,36.5,openaq_ground,131.28643216080403,Unhealthy (Sensitive Groups)
2026-04-15 15:00:00,38.4,10.0,979.7,14.6,302.0,0.0,76.2,215.0,47.3,openaq_ground,161.6880927291886,Unhealthy
2026-04-15 16:00:00,37.8,10.0,979.3,14.3,303.0,0.0,97.6,265.0,51.4,openaq_ground,172.73761854583773,Unhealthy
2026-04-15 17:00:00,37.5,11.0,979.0,14.7,303.0,0.0,115.0,295.0,51.6,openaq_ground,181.7218124341412,Unhealthy
2026-04-15 18:00:00,36.2,12.0,979.3,12.6,295.0,0.0,157.0,352.0,46.7,openaq_ground,207.44144144144144,Very Unhealthy
2026-04-15 19:00:00,34.8,13.0,979.9,10.5,286.0,0.0,157.0,351.0,44.5,openaq_ground,207.44144144144144,Very Unhealthy
2026-04-15 20:00:00,33.9,14.0,980.3,7.5,280.0,0.0,152.0,329.0,40.5,openaq_ground,202.48648648648648,Very Unhealthy
2026-04-15 21:00:00,32.5,16.0,980.9,6.6,286.0,0.0,147.0,307.0,36.5,openaq_ground,198.2444678609062,Unhealthy
2026-04-15 22:00:00,30.5,20.0,981.0,5.0,296.0,0.0,172.0,305.0,33.1,openaq_ground,222.3063063063063,Very Unhealthy
2026-04-15 23:00:00,29.2,24.0,981.0,5.6,315.0,0.0,185.0,317.0,31.1,openaq_ground,235.1891891891892,Very Unhealthy
2026-04-16 00:00:00,28.5,25.0,981.1,2.4,312.0,0.0,179.0,322.0,27.9,openaq_ground,229.24324324324323,Very Unhealthy
2026-04-16 01:00:00,27.6,27.0,980.4,2.8,15.0,0.0,161.0,268.0,30.1,openaq_ground,211.40540540540542,Very Unhealthy
2026-04-16 02:00:00,26.9,29.0,980.3,2.5,21.0,0.0,172.0,283.0,50.8,openaq_ground,222.3063063063063,Very Unhealthy
2026-04-16 03:00:00,26.4,31.0,980.2,2.6,39.0,0.0,115.0,187.0,65.5,openaq_ground,181.7218124341412,Unhealthy
2026-04-16 04:00:00,26.2,32.0,980.4,1.8,323.0,0.0,47.8,94.4,39.1,openaq_ground,131.28643216080403,Unhealthy (Sensitive Groups)
2026-04-16 05:00:00,26.7,41.0,980.2,0.6,342.0,0.0,29.9,108.0,18.8,openaq_ground,88.43347639484978,Moderate
2026-04-16 06:00:00,26.7,37.0,981.1,0.7,90.0,0.0,22.3,88.3,13.2,openaq_ground,72.45064377682404,Moderate
2026-04-16 07:00:00,28.7,31.0,982.1,1.5,120.0,0.0,25.8,62.1,11.8,openaq_ground,79.81115879828327,Moderate
2026-04-16 08:00:00,31.2,26.0,983.0,0.6,56.0,0.0,31.555555555555557,80.08888888888889,16.766666666666666,openaq_ground,91.91511683357177,Moderate
2026-04-16 09:00:00,33.9,21.0,983.7,0.9,349.0,0.0,37.31111111111111,98.07777777777778,21.733333333333334,openaq_ground,105.45951982132887,Unhealthy (Sensitive Groups)
2026-04-16 10:00:00,35.9,17.0,984.3,3.0,335.0,0.0,43.06666666666666,116.06666666666666,26.700000000000003,openaq_ground,119.63149078726967,Unhealthy (Sensitive Groups)
2026-04-16 11:00:00,37.4,14.0,983.9,4.8,295.0,0.0,48.82222222222222,134.05555555555557,31.666666666666668,openaq_ground,133.8034617532105,Unhealthy (Sensitive Groups)
2026-04-16 12:00:00,39.4,10.0,983.7,8.4,307.0,0.0,54.57777777777778,152.04444444444445,36.63333333333334,openaq_ground,147.97543271915134,Unhealthy (Sensitive Groups)
2026-04-16 13:00:00,39.9,9.0,983.0,11.4,309.0,0.0,60.33333333333333,170.03333333333333,41.6,openaq_ground,153.49560941341764,Unhealthy
2026-04-16 16:00:00,38.9,11.0,980.7,14.3,297.0,0.0,77.6,224.0,56.5,openaq_ground,162.41095890410958,Unhealthy
2026-04-16 17:00:00,38.9,10.0,979.7,12.2,299.0,0.0,81.1,250.0,56.9,openaq_ground,164.21812434141202,Unhealthy
2026-04-16 18:00:00,37.6,12.0,980.3,9.3,335.0,0.0,113.0,328.0,49.1,openaq_ground,187.13131313131314,Unhealthy
2026-04-16 19:00:00,35.6,15.0,981.0,4.7,50.0,0.0,122.0,326.0,43.1,openaq_ground,186.14141414141415,Unhealthy
2026-04-16 20:00:00,34.0,18.0,982.2,8.4,109.0,0.0,113.0,301.0,34.6,openaq_ground,180.6891464699684,Unhealthy
2026-04-16 21:00:00,32.3,23.0,982.8,5.9,135.0,0.0,113.0,281.0,29.4,openaq_ground,180.6891464699684,Unhealthy
2026-04-16 22:00:00,30.2,29.0,982.9,3.7,119.0,0.0,192.0,415.0,27.3,openaq_ground,287.0869565217391,Very Unhealthy
2026-04-16 23:00:00,30.6,27.0,982.9,5.9,137.0,0.0,265.0,447.0,22.1,openaq_ground,328.56962025316454,Hazardous
2026-04-17 00:00:00,29.4,28.0,982.6,5.8,154.0,0.0,188.0,367.0,19.3,openaq_ground,238.16216216216216,Very Unhealthy
2026-04-17 01:00:00,28.4,29.0,982.3,4.8,155.0,0.0,155.0,320.0,26.2,openaq_ground,205.45945945945945,Very Unhealthy
2026-04-17 02:00:00,28.1,31.0,982.0,3.1,173.0,0.0,149.0,298.0,40.6,openaq_ground,199.27713382507903,Unhealthy
2026-04-17 03:00:00,27.7,31.0,982.0,4.0,159.0,0.0,148.7006329113924,313.0,40.5831223628692,openaq_ground,199.12256072347975,Unhealthy
2026-04-17 04:00:00,26.9,32.0,982.2,2.7,262.0,0.0,148.4012658227848,257.0,40.5662447257384,openaq_ground,198.96798762188047,Unhealthy
2026-04-17 05:00:00,26.3,36.0,982.1,6.7,178.0,0.0,148.1018987341772,197.0,40.549367088607596,openaq_ground,198.81341452028119,Unhealthy
2026-04-17 06:00:00,27.9,31.0,983.1,5.0,136.0,0.0,147.80253164556962,268.0,40.53248945147679,openaq_ground,198.6588414186819,Unhealthy
2026-04-17 07:00:00,29.9,27.0,983.9,9.2,176.0,0.0,147.50316455696202,267.568669527897,40.515611814345995,openaq_ground,198.50426831708262,Unhealthy
2026-04-17 08:00:00,33.1,22.0,985.0,6.8,191.0,0.0,147.20379746835442,267.137339055794,40.49873417721519,openaq_ground,198.3496952154833,Unhealthy
2026-04-26 23:00:00,33.4,23.0,978.0,6.4,328.0,0.0,78.05000000000001,167.5,36.6,openaq_ground,162.6433087460485,Unhealthy
2026-04-27 00:00:00,31.7,26.0,978.1,5.2,333.0,0.0,99.25,187.5,35.3,openaq_ground,173.5895679662803,Unhealthy
2026-04-27 01:00:00,30.7,33.0,977.7,3.3,347.0,0.0,153.5,240.0,44.25,openaq_ground,203.97297297297297,Very Unhealthy
2026-04-27 02:00:00,30.1,33.0,977.6,3.5,336.0,0.0,184.0,292.0,56.05,openaq_ground,234.1981981981982,Very Unhealthy
2026-04-27 03:00:00,29.2,33.0,977.7,4.5,313.0,0.0,125.0,259.5,39.85,openaq_ground,186.88514225500526,Unhealthy
2026-04-27 04:00:00,28.6,36.0,977.7,4.1,315.0,0.0,70.75,193.0,25.6,openaq_ground,158.87407797681772,Unhealthy
2026-04-27 05:00:00,29.0,36.0,977.8,4.8,318.0,0.0,52.6,142.0,20.8,openaq_ground,143.10552763819095,Unhealthy (Sensitive Groups)
2026-04-27 06:00:00,29.9,31.0,978.3,4.4,322.0,0.0,42.25,125.0,19.9,openaq_ground,117.62060301507537,Unhealthy (Sensitive Groups)
2026-04-27 07:00:00,31.7,27.0,979.1,4.6,309.0,0.0,31.4,90.2,8.03,openaq_ground,91.58798283261802,Moderate
2026-04-27 08:00:00,34.1,23.0,979.5,4.6,315.0,0.0,43.400000000000006,105.0,19.985,openaq_ground,120.45226130653268,Unhealthy (Sensitive Groups)
2026-04-27 09:00:00,36.6,19.0,979.9,5.9,329.0,0.0,53.55,130.0,21.25,openaq_ground,145.44472361809045,Unhealthy (Sensitive Groups)
2026-04-27 10:00:00,38.8,15.0,979.6,7.3,322.0,0.0,48.8,124.0,21.8,openaq_ground,133.74874371859295,Unhealthy (Sensitive Groups)
2026-04-27 11:00:00,39.9,15.0,979.1,9.0,317.0,0.0,50.1,121.5,22.5,openaq_ground,136.9497487437186,Unhealthy (Sensitive Groups)
2026-04-27 12:00:00,41.3,14.0,978.4,10.4,306.0,0.0,43.95,126.0,26.2,openaq_ground,121.80653266331659,Unhealthy (Sensitive Groups)
2026-04-27 13:00:00,42.1,14.0,977.5,12.9,298.0,0.0,40.05,156.5,32.8,openaq_ground,112.2035175879397,Unhealthy (Sensitive Groups)
2026-04-27 14:00:00,42.2,14.0,976.3,15.0,293.0,0.0,107.46666666666664,498.5,37.0,openaq_ground,393.1075949367089,Hazardous
2026-04-27 15:00:00,41.8,14.0,975.4,18.3,289.0,0.0,169.96666666666667,590.5,22.3,openaq_ground,486.5,Hazardous
2026-04-27 16:00:00,41.2,13.0,975.0,19.8,290.0,0.0,104.3,517.0,19.7,openaq_ground,413.0,Hazardous
2026-04-27 17:00:00,40.6,12.0,974.5,14.2,311.0,0.0,68.0,262.5,18.78,openaq_ground,157.4541622760801,Unhealthy
2026-04-27 18:00:00,39.6,13.0,974.7,10.7,279.0,0.0,11.366666666666667,60.75,24.6,openaq_ground,53.8459595959596,Moderate
2026-04-27 19:00:00,38.3,14.0,975.3,11.0,271.0,0.0,19.166666666666668,63.4,26.15,openaq_ground,65.86123032904149,Moderate
2026-04-27 20:00:00,38.0,14.0,976.4,16.1,265.0,0.0,40.53333333333333,118.5,23.9,openaq_ground,113.39363484087102,Unhealthy (Sensitive Groups)
2026-04-27 21:00:00,33.6,26.0,978.0,21.6,270.0,0.0,56.1,170.0,20.65,openaq_ground,151.30979978925185,Unhealthy
2026-04-27 22:00:00,33.2,27.0,978.2,19.6,262.0,0.0,53.833333333333336,192.0,18.725,openaq_ground,146.142378559464,Unhealthy (Sensitive Groups)
2026-04-27 23:00:00,32.6,28.0,977.4,13.8,244.0,0.0,48.1,173.5,20.5,openaq_ground,132.0251256281407,Unhealthy (Sensitive Groups)
2026-04-28 00:00:00,31.5,32.0,977.0,6.6,303.0,0.0,50.26666666666667,172.0,25.05,openaq_ground,137.3601340033501,Unhealthy (Sensitive Groups)
2026-04-28 01:00:00,31.0,33.0,977.4,7.7,271.0,0.0,61.66666666666666,222.5,30.05,openaq_ground,154.18405338953283,Unhealthy
2026-04-28 02:00:00,30.5,35.0,977.5,11.9,266.0,0.0,90.1,392.5,27.35,openaq_ground,254.80434782608694,Very Unhealthy
2026-04-28 03:00:00,30.3,35.0,977.7,12.4,306.0,0.0,118.5,590.5,23.3,openaq_ground,486.5,Hazardous
2026-04-28 04:00:00,30.5,33.0,977.9,12.0,311.0,0.0,111.03333333333336,537.5,23.25,openaq_ground,433.5,Hazardous
2026-04-28 05:00:00,29.7,39.0,977.4,7.7,321.0,0.0,69.63333333333334,337.5,19.0,openaq_ground,191.83333333333334,Unhealthy
2026-04-28 06:00:00,30.1,39.0,979.0,9.1,255.0,0.0,63.73333333333334,297.0,16.7,openaq_ground,171.78787878787878,Unhealthy
2026-04-28 07:00:00,30.7,38.0,980.3,8.9,256.0,0.0,65.0,307.0,15.6,openaq_ground,176.73737373737373,Unhealthy
2026-04-28 08:00:00,32.5,35.0,980.8,9.5,285.0,0.0,58.56666666666666,271.5,17.85,openaq_ground,159.16666666666666,Unhealthy
2026-04-28 09:00:00,34.5,31.0,980.5,8.6,334.0,0.0,54.9,255.5,18.1,openaq_ground,151.24747474747474,Unhealthy
2026-04-28 10:00:00,36.4,26.0,980.5,8.6,358.0,0.0,50.76666666666667,235.0,11.35,openaq_ground,140.59595959595958,Unhealthy (Sensitive Groups)
2026-04-28 11:00:00,37.0,25.0,979.8,9.7,51.0,0.0,50.133333333333326,219.0,14.15,openaq_ground,137.03182579564486,Unhealthy (Sensitive Groups)
2026-04-28 12:00:00,36.1,27.0,979.7,7.5,21.0,0.0,65.63333333333334,232.0,19.3,openaq_ground,156.2321742184756,Unhealthy
2026-04-28 13:00:00,36.6,26.0,979.4,3.7,321.0,0.0,76.4,239.5,20.2,openaq_ground,161.7913593256059,Unhealthy
2026-04-28 14:00:00,37.1,24.0,978.4,2.4,167.0,0.0,90.85,246.5,18.0,openaq_ground,169.25237091675447,Unhealthy
2026-04-28 15:00:00,36.4,24.0,978.3,5.2,270.0,0.0,96.65,251.0,17.95,openaq_ground,172.24710221285565,Unhealthy
2026-04-28 16:00:00,35.3,26.0,977.5,6.2,229.0,0.0,105.75,276.0,16.3,openaq_ground,176.94573234984193,Unhealthy
2026-04-28 17:00:00,35.9,25.0,976.2,4.6,318.0,0.0,111.5,288.0,14.3,openaq_ground,179.91464699683877,Unhealthy
2026-04-28 18:00:00,35.2,25.0,976.6,6.7,357.0,0.0,103.725,252.5,12.75,openaq_ground,175.90015806111697,Unhealthy
2026-04-28 19:00:00,33.8,28.0,976.8,4.6,69.0,0.0,95.95,217.0,11.2,openaq_ground,171.88566912539517,Unhealthy
2026-04-28 20:00:00,33.0,30.0,977.3,6.0,49.0,0.0,97.45,260.5,8.5,openaq_ground,172.66016859852476,Unhealthy
2026-04-28 21:00:00,32.3,32.0,977.6,6.2,64.0,0.0,71.3,222.5,5.8,openaq_ground,159.15806111696523,Unhealthy
2026-04-28 22:00:00,30.8,40.0,977.9,4.1,49.0,0.0,55.55,162.0,6.25,openaq_ground,151.0258166491043,Unhealthy
2026-04-28 23:00:00,30.8,40.0,977.2,9.0,84.0,0.0,53.85,179.0,4.96,openaq_ground,146.18341708542715,Unhealthy (Sensitive Groups)
2026-04-29 00:00:00,30.4,49.0,977.4,2.3,108.0,0.0,40.4,156.0,3.975,openaq_ground,113.06532663316582,Unhealthy (Sensitive Groups)
2026-04-29 01:00:00,30.6,43.0,977.3,11.5,29.0,0.0,42.73333333333333,52.35,5.35,openaq_ground,118.81072026800669,Unhealthy (Sensitive Groups)
2026-04-29 02:00:00,29.2,44.0,976.7,6.5,44.0,0.0,50.29999999999999,42.2,8.15,openaq_ground,137.44221105527635,Unhealthy (Sensitive Groups)
2026-04-29 03:00:00,28.3,50.0,977.0,2.3,180.0,0.0,45.63333333333333,63.5,12.3,openaq_ground,125.95142378559464,Unhealthy (Sensitive Groups)
2026-04-29 04:00:00,28.0,50.0,977.1,3.8,349.0,0.0,57.03333333333333,128.0,32.4,openaq_ground,151.79171057253248,Unhealthy
2026-04-29 05:00:00,27.6,58.0,978.9,10.9,294.0,0.0,46.5,124.5,30.5,openaq_ground,128.0854271356784,Unhealthy (Sensitive Groups)
2026-04-29 06:00:00,27.0,58.0,979.5,7.4,264.0,0.0,39.26666666666667,93.2,21.8,openaq_ground,110.27470686767171,Unhealthy (Sensitive Groups)
2026-04-29 07:00:00,27.9,55.0,978.9,4.2,126.0,0.0,41.16666666666666,85.25,18.1,openaq_ground,114.95309882747067,Unhealthy (Sensitive Groups)
2026-04-29 08:00:00,30.3,45.0,979.5,2.9,68.0,0.0,48.5,104.15,16.3,openaq_ground,133.01005025125627,Unhealthy (Sensitive Groups)
2026-04-29 09:00:00,31.4,39.0,979.9,6.1,45.0,0.0,45.3,107.4,15.9,openaq_ground,125.13065326633165,Unhealthy (Sensitive Groups)
2026-04-29 10:00:00,34.1,29.0,980.1,6.8,27.0,0.0,46.333333333333336,104.55,16.5,openaq_ground,127.6750418760469,Unhealthy (Sensitive Groups)
2026-04-29 11:00:00,33.7,29.0,980.2,9.1,108.0,0.0,44.93333333333334,107.6,21.1,openaq_ground,124.2278056951424,Unhealthy (Sensitive Groups)
2026-04-29 12:00:00,35.3,24.0,979.7,7.2,109.0,0.0,48.06666666666666,125.5,31.0,openaq_ground,131.9430485762144,Unhealthy (Sensitive Groups)
2026-04-29 13:00:00,36.3,22.0,978.9,4.4,128.0,0.0,53.26666666666667,136.5,29.4,openaq_ground,144.74706867671694,Unhealthy (Sensitive Groups)
2026-04-29 14:00:00,37.0,21.0,977.7,2.1,110.0,0.0,58.2,128.5,29.6,openaq_ground,152.3940990516333,Unhealthy
2026-04-29 15:00:00,37.1,21.0,977.0,0.9,259.0,0.0,59.0,123.0,31.6,openaq_ground,152.80716543730242,Unhealthy
2026-04-29 16:00:00,37.1,21.0,976.3,3.5,258.0,0.0,62.63333333333333,118.0,30.8,openaq_ground,154.68317527221637,Unhealthy
2026-04-29 17:00:00,34.6,25.0,976.5,6.0,100.0,0.0,60.5,123.5,29.0,openaq_ground,153.58166491043204,Unhealthy
2026-04-29 18:00:00,33.8,27.0,976.3,8.2,82.0,0.0,68.76666666666667,155.5,28.3,openaq_ground,157.85001756234632,Unhealthy
2026-04-29 19:00:00,32.9,29.0,976.8,9.4,78.0,0.0,58.8,172.0,26.9,openaq_ground,152.70389884088513,Unhealthy
2026-04-29 20:00:00,31.9,31.0,977.1,8.3,88.0,0.0,68.4,183.0,23.8,openaq_ground,157.66069546891464,Unhealthy
2026-04-29 21:00:00,31.1,33.0,977.5,5.0,92.0,0.0,68.6,174.0,21.3,openaq_ground,157.76396206533192,Unhealthy
2026-04-29 22:00:00,30.2,36.0,977.7,4.6,121.0,0.0,84.8,167.0,22.5,openaq_ground,166.12855637513172,Unhealthy
2026-04-29 23:00:00,29.6,41.0,977.4,5.8,99.0,0.0,76.05000000000001,139.0,19.4,openaq_ground,161.61064278187567,Unhealthy
2026-04-30 00:00:00,28.5,48.0,977.4,3.6,123.0,0.0,77.6,131.0,15.7,openaq_ground,162.41095890410958,Unhealthy
2026-04-30 01:00:00,28.2,46.0,977.1,3.8,163.0,0.0,76.1,157.0,19.9,openaq_ground,161.63645943097998,Unhealthy
2026-04-30 02:00:00,27.8,50.0,977.1,3.5,145.0,0.0,55.400000000000006,115.0,30.4,openaq_ground,80.6969696969697,Moderate
2026-04-30 03:00:00,27.3,51.0,977.6,3.2,142.0,0.0,60.0,111.0,22.3,openaq_ground,153.32349841938884,Unhealthy
2026-04-30 04:00:00,26.9,51.0,978.3,3.6,189.0,0.0,58.46666666666667,114.5,15.0,openaq_ground,152.53178784685633,Unhealthy
2026-04-30 05:00:00,26.4,58.0,978.0,4.2,185.0,0.0,65.33333333333333,108.0,12.3,openaq_ground,156.07727432384968,Unhealthy
2026-04-30 06:00:00,27.6,51.0,978.9,6.6,171.0,0.0,59.86666666666667,141.0,13.2,openaq_ground,153.2546540217773,Unhealthy
2026-04-30 07:00:00,29.2,47.0,979.9,6.7,172.0,0.0,57.1,123.0,11.3,openaq_ground,151.82613277133825,Unhealthy
2026-04-30 08:00:00,32.0,40.0,980.1,6.7,166.0,0.0,54.96666666666666,128.0,11.6,openaq_ground,148.9329983249581,Unhealthy (Sensitive Groups)
2026-04-30 09:00:00,34.2,32.0,980.4,9.2,174.0,0.0,70.46666666666665,248.0,13.0,openaq_ground,158.7277836318932,Unhealthy
2026-04-30 10:00:00,35.5,28.0,980.2,8.5,176.0,0.0,41.2,209.0,16.9,openaq_ground,127.72727272727273,Unhealthy (Sensitive Groups)
2026-04-30 11:00:00,35.9,19.0,980.4,6.1,135.0,0.0,28.8,53.4,27.1,openaq_ground,86.12017167381975,Moderate
2026-04-30 12:00:00,37.7,17.0,980.1,9.1,212.0,0.0,47.96666666666667,63.55,28.8,openaq_ground,131.6968174204355,Unhealthy (Sensitive Groups)
2026-04-30 13:00:00,37.2,17.0,979.5,6.3,143.0,0.0,53.23333333333333,121.5,25.4,openaq_ground,144.66499162479062,Unhealthy (Sensitive Groups)
2026-04-30 14:00:00,35.2,26.0,978.8,11.4,93.0,0.5,53.333333333333336,199.0,16.3,openaq_ground,144.91122278056952,Unhealthy (Sensitive Groups)
2026-04-30 15:00:00,34.4,27.0,978.6,12.6,91.0,0.4,40.2,104.0,16.4,openaq_ground,112.57286432160805,Unhealthy (Sensitive Groups)
2026-04-30 16:00:00,34.5,23.0,978.4,10.4,126.0,0.0,31.2,72.15,16.0,openaq_ground,91.16738197424894,Moderate
2026-04-30 17:00:00,31.4,41.0,976.7,13.8,84.0,0.0,37.53333333333333,81.4,13.8,openaq_ground,106.00670016750418,Unhealthy (Sensitive Groups)
2026-04-30 18:00:00,30.0,45.0,977.9,15.1,68.0,0.0,42.53333333333334,96.25,12.8,openaq_ground,118.31825795644892,Unhealthy (Sensitive Groups)
2026-04-30 19:00:00,29.2,47.0,979.3,15.1,68.0,0.0,46.56666666666666,103.5,13.5,openaq_ground,128.24958123953098,Unhealthy (Sensitive Groups)
2026-04-30 20:00:00,28.5,51.0,979.6,12.5,74.0,0.0,46.7,97.15,11.8,openaq_ground,128.5778894472362,Unhealthy (Sensitive Groups)
2026-04-30 21:00:00,28.2,53.0,980.3,10.3,94.0,0.0,47.06666666666666,93.9,10.6,openaq_ground,129.48073701842546,Unhealthy (Sensitive Groups)
2026-04-30 22:00:00,27.8,55.0,980.4,9.9,112.0,0.0,52.76666666666666,83.95,10.0,openaq_ground,143.51591289782243,Unhealthy (Sensitive Groups)
2026-04-30 23:00:00,25.4,61.0,980.4,8.7,146.0,0.0,61.4,97.4,11.4,openaq_ground,154.0463645943098,Unhealthy
2026-05-01 00:00:00,24.6,63.0,980.3,12.0,161.0,0.0,63.333333333333336,98.15,13.8,openaq_ground,155.04460835967686,Unhealthy
2026-05-01 01:00:00,24.2,63.0,980.0,12.3,170.0,0.0,54.63333333333333,87.4,14.2,openaq_ground,148.11222780569514,Unhealthy (Sensitive Groups)
2026-05-01 02:00:00,23.8,64.0,979.4,11.6,172.0,0.0,53.06666666666666,81.44999999999999,14.0,openaq_ground,144.25460636515913,Unhealthy (Sensitive Groups)
2026-05-01 03:00:00,23.4,66.0,979.3,9.9,155.0,0.0,55.16666666666666,79.5,13.5,openaq_ground,149.42546063651588,Unhealthy (Sensitive Groups)
2026-05-01 04:00:00,23.1,69.0,979.4,7.6,133.0,0.0,52.23333333333333,77.6,13.5,openaq_ground,142.20268006700167,Unhealthy (Sensitive Groups)
2026-05-01 05:00:00,23.3,71.0,979.5,10.1,115.0,0.0,48.8,82.55,12.6,openaq_ground,133.74874371859295,Unhealthy (Sensitive Groups)
2026-05-01 06:00:00,23.5,71.0,980.5,8.0,108.0,0.0,48.23333333333333,68.45,11.4,openaq_ground,132.3534338358459,Unhealthy (Sensitive Groups)
2026-05-01 07:00:00,24.5,68.0,981.4,8.0,96.0,0.0,41.05,65.2,11.1,openaq_ground,114.66582914572864,Unhealthy (Sensitive Groups)
2026-05-01 08:00:00,26.1,64.0,981.7,9.3,108.0,0.0,43.05,98.95,10.8,openaq_ground,119.59045226130652,Unhealthy (Sensitive Groups)
2026-05-01 09:00:00,28.1,57.0,981.8,10.2,108.0,0.0,56.26666666666667,110.55,6.125,openaq_ground,151.39585528626625,Unhealthy
2026-05-01 10:00:00,30.0,51.0,981.9,9.7,109.0,0.0,55.73333333333333,103.0,8.24,openaq_ground,151.12047769582017,Unhealthy
2026-05-01 11:00:00,31.5,45.0,981.3,9.2,110.0,0.0,54.6,103.85,9.515,openaq_ground,148.03015075376885,Unhealthy (Sensitive Groups)
2026-05-01 12:00:00,33.4,39.0,980.9,8.1,102.0,0.0,57.1,111.0,10.915,openaq_ground,151.82613277133825,Unhealthy
2026-05-01 13:00:00,34.6,36.0,980.0,6.6,99.0,0.0,60.4,118.5,14.05,openaq_ground,153.53003161222338,Unhealthy
2026-05-01 14:00:00,35.6,32.0,978.9,3.8,85.0,0.0,66.33333333333333,125.0,17.225,openaq_ground,156.59360730593608,Unhealthy
2026-05-01 15:00:00,36.1,29.0,977.6,2.4,42.0,0.0,71.73333333333333,130.0,20.65,openaq_ground,159.38180540920268,Unhealthy
2026-05-01 16:00:00,36.6,25.0,976.8,5.1,328.0,0.0,72.89999999999999,153.0,20.19,openaq_ground,159.98419388830348,Unhealthy
2026-05-01 17:00:00,33.7,33.0,977.1,9.8,113.0,0.0,78.5,148.0,16.585,openaq_ground,162.87565858798735,Unhealthy
2026-05-01 18:00:00,33.0,34.0,977.3,9.2,106.0,0.0,82.73333333333333,160.5,14.05,openaq_ground,165.06146821215316,Unhealthy
2026-05-01 19:00:00,32.3,35.0,978.1,6.4,101.0,0.0,88.39999999999999,173.0,12.9,openaq_ground,167.98735511064277,Unhealthy
2026-05-01 20:00:00,31.6,37.0,977.7,8.3,104.0,0.0,75.45,119.0,14.2,openaq_ground,161.3008429926238,Unhealthy
2026-05-01 21:00:00,30.5,41.0,978.9,7.3,99.0,0.0,69.36666666666666,105.8,8.635,openaq_ground,158.15981735159818,Unhealthy
2026-05-01 22:00:00,29.5,44.0,979.2,6.6,99.0,0.0,67.83333333333333,98.35,7.914999999999999,openaq_ground,157.36810677906567,Unhealthy
2026-05-01 23:00:00,29.0,48.0,978.9,8.9,114.0,0.0,70.23333333333333,103.05,7.52,openaq_ground,158.60730593607306,Unhealthy
2026-05-02 00:00:00,28.5,49.0,978.5,8.9,114.0,0.0,80.23333333333333,112.6,8.165,openaq_ground,163.77063575693714,Unhealthy
2026-05-02 01:00:00,28.0,51.0,978.2,7.5,130.0,0.0,90.76666666666668,127.5,10.175,openaq_ground,169.2093431682473,Unhealthy
2026-05-02 02:00:00,27.4,53.0,978.0,7.0,134.0,0.0,92.36666666666667,133.0,12.34,openaq_ground,170.03547593958552,Unhealthy
2026-05-02 03:00:00,27.1,54.0,977.8,6.9,131.0,0.0,95.1,146.5,12.525,openaq_ground,171.4467860906217,Unhealthy
2026-05-02 04:00:00,26.9,52.0,977.4,6.5,134.0,0.0,91.5,156.0,11.35,openaq_ground,169.58798735511064,Unhealthy
2026-05-02 05:00:00,26.3,62.0,977.8,8.6,157.0,0.0,77.83333333333333,150.0,10.79,openaq_ground,162.53143659992975,Unhealthy
2026-05-02 06:00:00,27.0,60.0,978.7,3.5,152.0,0.0,65.36666666666666,135.5,9.7,openaq_ground,156.09448542325254,Unhealthy
2026-05-02 07:00:00,28.5,55.0,979.6,3.0,142.0,0.0,67.73333333333333,152.5,8.615,openaq_ground,157.31647348085704,Unhealthy
2026-05-02 08:00:00,30.6,49.0,979.7,5.1,138.0,0.0,71.63333333333334,150.0,9.135,openaq_ground,159.33017211099403,Unhealthy
2026-05-02 09:00:00,33.0,40.0,979.8,7.4,139.0,0.0,72.10000000000001,142.5,9.025,openaq_ground,159.57112750263437,Unhealthy
2026-05-02 10:00:00,34.7,35.0,979.9,5.5,128.0,0.0,73.86666666666666,149.0,9.25,openaq_ground,160.483315770987,Unhealthy
2026-05-02 11:00:00,35.7,31.0,979.7,7.2,109.0,0.0,60.1,194.92857142857144,9.278571428571428,openaq_ground,153.37513171759747,Unhealthy
2026-05-02 12:00:00,36.1,30.0,979.5,11.0,89.0,0.0,57.4,240.85714285714286,9.307142857142857,openaq_ground,151.98103266596416,Unhealthy
2026-05-02 13:00:00,34.7,38.0,978.8,10.6,88.0,1.5,58.3,286.7857142857143,9.335714285714285,openaq_ground,166.73232323232324,Unhealthy
2026-05-02 14:00:00,33.5,38.0,977.7,7.5,156.0,0.8,60.2,332.7142857142857,9.364285714285714,openaq_ground,189.46464646464648,Unhealthy
2026-05-02 15:00:00,34.9,32.0,976.3,6.1,192.0,0.0,61.5,378.64285714285717,9.392857142857142,openaq_ground,234.92236024844723,Very Unhealthy
2026-05-02 16:00:00,35.4,30.0,975.5,6.5,204.0,0.0,57.6,424.57142857142856,9.42142857142857,openaq_ground,152.08429926238145,Unhealthy
2026-05-02 17:00:00,34.1,31.0,974.7,14.5,120.0,0.0,87.06666666666666,470.5,9.45,openaq_ground,358.0189873417722,Hazardous
2026-05-02 18:00:00,34.0,31.0,974.9,11.4,101.0,0.0,76.10000000000001,376.0,12.475,openaq_ground,231.1304347826087,Very Unhealthy
2026-05-02 19:00:00,32.8,33.0,975.0,13.7,120.0,0.0,76.56666666666668,356.0,13.489999999999998,openaq_ground,202.43478260869566,Very Unhealthy
2026-05-02 20:00:00,32.1,36.0,975.9,10.2,107.0,0.0,74.26666666666667,329.5,12.315,openaq_ground,187.87373737373738,Unhealthy
2026-05-02 21:00:00,31.3,38.0,977.4,6.7,88.0,0.0,67.7,269.5,10.59,openaq_ground,158.17676767676767,Unhealthy
2026-05-02 22:00:00,30.5,39.0,977.8,8.0,96.0,0.0,63.76666666666667,174.0,10.415,openaq_ground,155.2683526519143,Unhealthy
2026-05-02 23:00:00,30.9,41.0,977.4,10.4,163.0,0.0,67.16666666666667,118.0,10.4,openaq_ground,157.02388479100807,Unhealthy
2026-05-03 00:00:00,30.0,42.0,977.0,9.0,160.0,0.0,63.333333333333336,88.3,10.55,openaq_ground,155.04460835967686,Unhealthy
2026-05-03 01:00:00,28.6,46.0,976.8,5.2,166.0,0.0,67.06666666666666,101.4,10.54,openaq_ground,156.97225149279944,Unhealthy
2026-05-03 02:00:00,28.0,47.0,976.8,9.3,172.0,0.0,80.5,124.0,9.525,openaq_ground,163.90832455216017,Unhealthy
2026-05-03 03:00:00,27.4,46.0,976.5,8.9,162.0,0.0,71.60000000000001,111.5,9.515,openaq_ground,159.31296101159114,Unhealthy
2026-05-03 04:00:00,26.4,49.0,976.3,4.3,132.0,0.0,59.5,91.5,8.524999999999999,openaq_ground,153.0653319283456,Unhealthy
2026-05-03 05:00:00,25.8,55.0,976.9,9.8,118.0,0.0,56.366666666666674,89.69999999999999,8.175,openaq_ground,151.44748858447488,Unhealthy
2026-05-03 06:00:00,25.8,56.0,977.6,9.2,118.0,0.0,66.39999999999999,121.0,7.615,openaq_ground,156.62802950474182,Unhealthy
2026-05-03 07:00:00,27.0,54.0,978.0,11.5,124.0,0.0,64.60000000000001,125.0,7.15,openaq_ground,155.6986301369863,Unhealthy
2026-05-03 08:00:00,29.4,50.0,978.8,10.9,128.0,0.0,54.7,148.5,7.15,openaq_ground,148.27638190954775,Unhealthy (Sensitive Groups)
2026-05-03 09:00:00,32.0,43.0,979.4,10.7,131.0,0.0,56.86666666666667,163.0,7.7,openaq_ground,151.70565507551808,Unhealthy
2026-05-03 10:00:00,34.1,38.0,979.8,7.7,126.0,0.0,52.79999999999999,129.0,7.9,openaq_ground,143.59798994974872,Unhealthy (Sensitive Groups)
2026-05-03 11:00:00,34.8,32.0,980.4,11.8,70.0,0.0,56.03333333333333,104.85,8.5,openaq_ground,151.27537759044608,Unhealthy
2026-05-03 12:00:00,34.6,31.0,981.0,14.2,66.0,0.0,55.7,104.4,8.49,openaq_ground,151.10326659641728,Unhealthy
2026-05-03 13:00:00,32.5,37.0,980.9,15.1,78.0,0.0,55.26666666666667,114.5,10.615,openaq_ground,149.67169179229484,Unhealthy (Sensitive Groups)
2026-05-03 14:00:00,33.3,39.0,979.9,15.9,100.0,0.0,57.333333333333336,111.0,11.09,openaq_ground,151.94661046715842,Unhealthy
2026-05-03 15:00:00,34.5,33.0,979.0,15.3,108.0,0.0,58.16666666666666,112.0,10.8,openaq_ground,152.37688795223042,Unhealthy
2026-05-03 16:00:00,33.4,36.0,978.0,15.8,111.0,0.0,56.73333333333333,98.85,9.74,openaq_ground,151.63681067790657,Unhealthy
2026-05-03 17:00:00,33.2,39.0,977.6,15.7,107.0,0.0,52.5,89.35,8.735,openaq_ground,142.85929648241205,Unhealthy (Sensitive Groups)
2026-05-03 18:00:00,32.5,44.0,977.8,13.8,99.0,0.0,37.93333333333333,196.5,5.245,openaq_ground,121.54040404040404,Unhealthy (Sensitive Groups)
2026-05-03 19:00:00,32.1,45.0,978.0,14.0,83.0,0.0,23.2,82.85,5.065,openaq_ground,74.34334763948499,Moderate
2026-05-03 20:00:00,31.2,47.0,978.7,14.8,91.0,0.0,26.1,37.35,4.525,openaq_ground,80.44206008583691,Moderate
2026-05-03 21:00:00,30.3,50.0,979.3,14.9,105.0,0.0,37.86666666666667,29.95,5.045,openaq_ground,106.82747068676717,Unhealthy (Sensitive Groups)
2026-05-03 22:00:00,29.4,53.0,979.8,13.9,109.0,0.0,31.75333333333333,26.75,6.319999999999999,openaq_ground,92.3310443490701,Moderate
2026-05-03 23:00:00,28.9,54.0,980.9,12.8,273.0,0.0,26.33333333333333,27.1,6.535,openaq_ground,80.93276108726752,Moderate
2026-05-04 00:00:00,26.4,60.0,981.9,20.2,321.0,0.0,31.566666666666663,29.25,6.54,openaq_ground,91.9384835479256,Moderate
2026-05-04 01:00:00,24.1,73.0,982.1,16.2,339.0,0.0,42.66666666666666,27.05,7.75,openaq_ground,118.64656616415408,Unhealthy (Sensitive Groups)
2026-05-04 02:00:00,23.0,77.0,982.2,8.6,11.0,0.7,37.7,34.849999999999994,10.075,openaq_ground,106.41708542713569,Unhealthy (Sensitive Groups)
2026-05-04 03:00:00,22.6,78.0,980.4,13.5,95.0,0.6,42.8,53.8,10.385,openaq_ground,118.97487437185929,Unhealthy (Sensitive Groups)
2026-05-04 04:00:00,22.8,72.0,980.3,9.2,84.0,1.0,48.3,81.65,8.325,openaq_ground,132.5175879396985,Unhealthy (Sensitive Groups)
2026-05-04 05:00:00,21.8,89.0,982.7,7.2,93.0,1.6,35.36666666666667,54.45,7.75,openaq_ground,99.92989985693849,Moderate
2026-05-04 06:00:00,21.1,95.0,982.2,15.4,76.0,1.0,38.973333333333336,162.1,7.425,openaq_ground,109.55242881072027,Unhealthy (Sensitive Groups)
2026-05-04 07:00:00,21.0,88.0,979.9,19.6,87.0,0.5,36.82,132.4,6.970000000000001,openaq_ground,104.2502512562814,Unhealthy (Sensitive Groups)
2026-05-04 08:00:00,22.2,77.0,981.6,10.4,233.0,0.1,35.53333333333333,89.05,6.685,openaq_ground,101.08207705192629,Unhealthy (Sensitive Groups)
2026-05-04 09:00:00,24.5,63.0,983.0,6.7,82.0,0.0,31.44,123.75,5.945,openaq_ground,91.67210300429186,Moderate
2026-05-04 10:00:00,26.2,57.0,984.0,12.0,57.0,0.0,41.6,108.35,6.165,openaq_ground,116.02010050251256,Unhealthy (Sensitive Groups)
2026-05-04 11:00:00,26.9,59.0,984.1,15.0,100.0,0.0,35.9,56.25,4.5,openaq_ground,101.98492462311557,Unhealthy (Sensitive Groups)
2026-05-04 12:00:00,28.0,54.0,983.8,15.1,102.0,0.0,32.93333333333333,77.95,2.7615,openaq_ground,94.81258941344778,Moderate
2026-05-04 13:00:00,29.1,45.0,983.2,15.4,101.0,0.0,31.133333333333336,53.6,8.7,openaq_ground,91.02718168812592,Moderate
2026-05-04 14:00:00,29.8,40.0,982.6,11.2,116.0,0.0,34.03333333333333,44.150000000000006,9.65,openaq_ground,97.12589413447782,Moderate
2026-05-04 15:00:00,29.6,42.0,982.0,9.7,108.0,0.0,30.77333333333333,53.1,9.565,openaq_ground,90.27010014306151,Moderate
2026-05-04 16:00:00,29.6,43.0,981.6,8.4,127.0,0.0,35.6,93.75,9.7,openaq_ground,101.2462311557789,Unhealthy (Sensitive Groups)
2026-05-04 17:00:00,28.6,49.0,980.2,11.9,95.0,0.0,37.73333333333333,202.9,9.125,openaq_ground,124.70808080808081,Unhealthy (Sensitive Groups)
2026-05-04 18:00:00,27.8,55.0,980.7,8.7,94.0,0.0,25.936666666666667,29.9,7.1850000000000005,openaq_ground,80.09856938483549,Moderate
2026-05-04 19:00:00,26.6,62.0,981.8,8.6,92.0,0.0,30.53333333333333,26.15,7.140000000000001,openaq_ground,89.7653791130186,Moderate
2026-05-04 20:00:00,26.1,62.0,981.9,10.2,122.0,0.0,30.96666666666667,40.5,8.565,openaq_ground,90.67668097281832,Moderate
2026-05-04 21:00:00,25.4,66.0,982.8,8.6,82.0,0.0,43.03333333333333,60.5,8.825,openaq_ground,119.54941373534338,Unhealthy (Sensitive Groups)
2026-05-04 22:00:00,24.9,70.0,983.6,8.3,72.0,0.0,50.06666666666666,76.0,9.225,openaq_ground,136.86767169179228,Unhealthy (Sensitive Groups)
2026-05-04 23:00:00,24.7,75.0,984.0,7.4,72.0,0.0,64.26666666666667,85.6,9.425,openaq_ground,155.5265191429575,Unhealthy
2026-05-05 00:00:00,24.0,79.0,983.8,7.5,163.0,0.0,66.5,98.0,8.465,openaq_ground,156.67966280295047,Unhealthy
2026-05-05 01:00:00,23.8,79.0,983.8,6.2,165.0,0.0,78.36666666666666,113.15,8.290000000000001,openaq_ground,162.80681419037583,Unhealthy
2026-05-05 02:00:00,23.6,84.0,983.2,0.6,18.0,0.0,101.93333333333334,135.5,9.625,openaq_ground,174.97506146821215,Unhealthy
2026-05-05 03:00:00,23.5,82.0,982.9,4.1,49.0,0.0,73.73333333333333,114.85,10.4,openaq_ground,160.41447137337548,Unhealthy
2026-05-05 04:00:00,22.7,85.0,983.2,9.0,78.0,0.0,57.26666666666667,94.0,9.035,openaq_ground,151.91218826835265,Unhealthy
2026-05-05 05:00:00,22.6,84.0,983.9,11.0,67.0,0.0,41.46666666666667,60.8,7.35,openaq_ground,115.69179229480737,Unhealthy (Sensitive Groups)
2026-05-05 06:00:00,22.9,83.0,984.3,9.2,79.0,0.0,44.26666666666667,59.85,7.01,openaq_ground,122.58626465661644,Unhealthy (Sensitive Groups)
2026-05-05 07:00:00,24.2,79.0,985.4,5.3,98.0,0.0,48.1,65.5,7.074999999999999,openaq_ground,132.0251256281407,Unhealthy (Sensitive Groups)
2026-05-05 08:00:00,25.9,73.0,986.3,6.2,57.0,0.0,50.43333333333334,67.5,7.875,openaq_ground,137.7705192629816,Unhealthy (Sensitive Groups)
2026-05-05 09:00:00,27.1,66.0,987.0,6.0,83.0,0.0,60.70000000000001,76.85,2.76,openaq_ground,153.68493150684932,Unhealthy
2026-05-05 10:00:00,27.9,62.0,987.2,4.6,101.0,0.0,63.03333333333333,86.15,13.9,openaq_ground,154.88970846505094,Unhealthy
2026-05-05 11:00:00,29.4,50.0,987.4,4.4,128.0,0.0,53.5,105.7,13.1,openaq_ground,145.321608040201,Unhealthy (Sensitive Groups)
2026-05-05 12:00:00,27.4,57.0,987.3,14.2,112.0,0.4,42.2,107.35526315789474,12.854736842105263,openaq_ground,117.49748743718594,Unhealthy (Sensitive Groups)
2026-05-05 13:00:00,27.5,55.0,986.9,6.7,121.0,0.0,43.9,109.01052631578948,12.609473684210526,openaq_ground,121.68341708542714,Unhealthy (Sensitive Groups)
2026-05-05 14:00:00,29.5,47.0,985.8,2.9,79.0,0.0,39.8,110.66578947368421,12.364210526315789,openaq_ground,111.58793969849245,Unhealthy (Sensitive Groups)
2026-05-05 15:00:00,27.8,55.0,985.5,6.3,85.0,0.9,33.6,112.32105263157895,12.118947368421052,openaq_ground,96.21459227467813,Moderate
2026-05-05 16:00:00,27.6,57.0,984.9,7.6,117.0,0.0,33.3,113.97631578947369,11.873684210526315,openaq_ground,95.58369098712447,Moderate
2026-05-05 17:00:00,30.5,34.0,983.4,2.3,225.0,0.0,33.8,115.63157894736842,11.628421052631579,openaq_ground,96.63519313304721,Moderate
2026-05-05 18:00:00,29.2,46.0,983.7,3.1,13.0,0.0,36.6,,,openaq_ground,103.70854271356784,Unhealthy (Sensitive Groups)
2026-05-05 19:00:00,27.2,49.0,984.4,10.5,31.0,0.0,38.1,,,openaq_ground,107.40201005025126,Unhealthy (Sensitive Groups)
2026-05-05 20:00:00,26.0,58.0,984.6,5.0,71.0,0.0,72.9,,,openaq_ground,159.98419388830348,Unhealthy
2026-05-05 21:00:00,25.2,63.0,985.1,5.6,69.0,0.0,222.0,,,openaq_ground,271.85585585585585,Very Unhealthy
2026-05-05 22:00:00,24.5,71.0,985.2,3.6,81.0,0.0,222.0,,,openaq_ground,271.85585585585585,Very Unhealthy
2026-05-05 23:00:00,24.0,76.0,984.6,1.0,202.0,0.0,221.0,,,openaq_ground,270.8648648648649,Very Unhealthy
2026-05-06 00:00:00,23.7,79.0,984.0,1.0,239.0,0.0,188.0,,,openaq_ground,238.16216216216216,Very Unhealthy
2026-05-06 01:00:00,23.4,79.0,983.6,0.9,270.0,0.0,149.0,,,openaq_ground,199.27713382507903,Unhealthy
2026-05-06 02:00:00,23.0,80.0,983.4,2.2,312.0,0.0,107.0,,,openaq_ground,177.59114857744996,Unhealthy
2026-05-06 03:00:00,22.5,80.0,983.7,3.4,354.0,0.0,82.7,,,openaq_ground,165.04425711275027,Unhealthy
2026-05-06 04:00:00,21.9,83.0,983.6,3.2,3.0,0.0,75.8,,,openaq_ground,161.48155953635404,Unhealthy
2026-05-06 05:00:00,22.0,84.0,983.6,2.0,190.0,0.0,53.3,,,openaq_ground,144.8291457286432,Unhealthy (Sensitive Groups)
2026-05-06 06:00:00,23.2,78.0,984.6,3.1,239.0,0.0,60.93333333333333,137.15,8.44,openaq_ground,153.80540920266947,Unhealthy
2026-05-06 07:00:00,24.8,70.0,985.3,1.4,270.0,0.0,64.0,148.0,9.15,openaq_ground,155.38883034773446,Unhealthy
2026-05-06 08:00:00,27.0,58.0,985.6,1.0,301.0,0.0,70.89999999999999,140.5,8.125,openaq_ground,158.95152792413066,Unhealthy
2026-05-06 09:00:00,29.1,47.0,985.5,2.3,328.0,0.0,68.86666666666667,127.35,6.98,openaq_ground,157.90165086055498,Unhealthy
2026-05-06 10:00:00,30.9,36.0,985.3,3.7,346.0,0.0,64.76666666666667,125.4,6.795,openaq_ground,155.7846856340007,Unhealthy
2026-05-06 11:00:00,31.8,32.0,985.1,4.8,22.0,0.0,64.6,132.5,8.7,openaq_ground,155.6986301369863,Unhealthy
2026-05-06 12:00:00,32.9,28.0,984.5,5.4,21.0,0.0,68.0,153.0,10.15,openaq_ground,157.4541622760801,Unhealthy
2026-05-06 13:00:00,33.7,26.0,983.3,5.2,16.0,0.0,70.03333333333333,141.0,13.965,openaq_ground,158.50403933965578,Unhealthy
2026-05-06 14:00:00,34.3,23.0,982.1,5.4,2.0,0.0,55.8,139.0,13.504166666666666,openaq_ground,151.1548998946259,Unhealthy
2026-05-06 15:00:00,34.7,22.0,981.1,5.2,326.0,0.0,65.4,137.0,13.043333333333333,openaq_ground,156.11169652265542,Unhealthy
2026-05-06 16:00:00,34.5,22.0,980.5,7.5,287.0,0.0,85.7,135.0,12.5825,openaq_ground,166.5932560590095,Unhealthy
2026-05-06 17:00:00,34.1,21.0,980.1,9.8,265.0,0.0,59.2,133.0,12.121666666666666,openaq_ground,152.9104320337197,Unhealthy
2026-05-06 18:00:00,33.5,22.0,980.2,8.8,255.0,0.0,66.7,131.0,11.660833333333333,openaq_ground,156.78292939936776,Unhealthy
2026-05-06 19:00:00,31.9,26.0,980.6,1.3,56.0,0.0,76.66666666666667,129.0,11.2,openaq_ground,161.92904812082895,Unhealthy
2026-05-06 20:00:00,30.4,30.0,981.2,9.0,93.0,0.0,67.60000000000001,122.1,11.19,openaq_ground,157.24762908324553,Unhealthy
2026-05-06 21:00:00,28.6,38.0,981.7,8.8,125.0,0.0,53.76666666666667,101.4,10.425,openaq_ground,145.9782244556114,Unhealthy (Sensitive Groups)
2026-05-06 22:00:00,27.7,39.0,981.8,8.1,118.0,0.0,49.56666666666666,95.45,10.675,openaq_ground,135.6365159128978,Unhealthy (Sensitive Groups)
2026-05-06 23:00:00,27.2,46.0,981.4,10.9,73.0,0.0,47.76666666666667,97.3,10.0,openaq_ground,131.20435510887773,Unhealthy (Sensitive Groups)
2026-05-07 00:00:00,26.8,46.0,981.1,8.1,84.0,0.0,46.36666666666667,96.75,9.575,openaq_ground,127.75711892797321,Unhealthy (Sensitive Groups)
2026-05-07 01:00:00,26.0,49.0,981.1,9.2,84.0,0.0,46.1,98.2,12.265,openaq_ground,127.10050251256283,Unhealthy (Sensitive Groups)
2026-05-07 02:00:00,25.4,49.0,981.0,9.4,91.0,0.1,53.86666666666667,112.0,13.8,openaq_ground,146.22445561139028,Unhealthy (Sensitive Groups)
2026-05-07 03:00:00,24.5,52.0,981.7,12.1,123.0,0.0,54.56666666666666,137.0,12.515,openaq_ground,147.94807370184253,Unhealthy (Sensitive Groups)
2026-05-07 04:00:00,23.0,60.0,981.9,12.6,121.0,0.0,52.26666666666667,134.75,10.225,openaq_ground,142.28475711892798,Unhealthy (Sensitive Groups)
2026-05-07 05:00:00,23.7,60.0,981.8,9.4,144.0,0.0,55.96666666666667,128.65,8.7,openaq_ground,151.2409553916403,Unhealthy
2026-05-07 06:00:00,24.3,58.0,982.4,11.2,138.0,0.0,54.26666666666667,154.05,8.85,openaq_ground,147.2093802345059,Unhealthy (Sensitive Groups)
2026-05-07 07:00:00,25.2,57.0,983.2,11.6,126.0,0.0,39.9,173.25,11.015,openaq_ground,111.83417085427135,Unhealthy (Sensitive Groups)
2026-05-07 08:00:00,26.9,54.0,983.9,13.3,122.0,0.0,30.1,114.7,9.085,openaq_ground,88.85407725321889,Moderate
2026-05-07 09:00:00,28.1,49.0,984.7,16.0,105.0,0.0,30.55,106.8,8.7,openaq_ground,89.80042918454936,Moderate
2026-05-07 10:00:00,29.9,43.0,984.4,19.2,126.0,0.0,50.26666666666667,112.55,8.165000000000001,openaq_ground,137.3601340033501,Unhealthy (Sensitive Groups)
2026-05-07 11:00:00,30.1,43.0,985.2,17.4,124.0,0.0,53.06666666666666,119.6,9.94,openaq_ground,144.25460636515913,Unhealthy (Sensitive Groups)
2026-05-07 12:00:00,29.6,45.0,985.1,17.9,122.0,0.0,34.5,121.25,10.12,openaq_ground,98.10729613733906,Moderate
2026-05-07 13:00:00,29.1,46.0,984.8,18.3,104.0,0.0,34.9,122.89999999999999,10.299999999999999,openaq_ground,98.94849785407726,Moderate
2026-05-07 14:00:00,29.9,42.0,984.4,13.5,115.0,0.0,38.7,124.55,10.479999999999999,openaq_ground,108.87939698492463,Unhealthy (Sensitive Groups)
2026-05-07 15:00:00,29.9,41.0,983.4,14.7,104.0,0.0,47.4,126.2,10.66,openaq_ground,130.30150753768845,Unhealthy (Sensitive Groups)
2026-05-07 16:00:00,29.9,41.0,983.2,14.3,124.0,0.0,53.9,127.85000000000001,10.84,openaq_ground,146.30653266331657,Unhealthy (Sensitive Groups)
2026-05-07 17:00:00,30.5,36.0,982.5,15.1,115.0,0.0,70.0,129.5,11.02,openaq_ground,158.4868282402529,Unhealthy
2026-05-07 18:00:00,29.5,39.0,983.0,12.0,106.0,0.0,73.3,131.15,11.2,openaq_ground,160.19072708113805,Unhealthy
2026-05-07 19:00:00,27.7,46.0,983.5,12.6,88.0,0.0,70.93333333333334,126.25,11.29,openaq_ground,158.96873902353354,Unhealthy
2026-05-07 20:00:00,26.5,53.0,984.1,12.3,93.0,0.0,64.0,110.55,11.05,openaq_ground,155.38883034773446,Unhealthy
2026-05-07 21:00:00,25.7,60.0,984.5,12.1,95.0,0.0,63.2,97.45,12.3,openaq_ground,154.97576396206534,Unhealthy
2026-05-07 22:00:00,25.1,63.0,984.3,11.0,104.0,0.0,66.8,111.55,9.935,openaq_ground,156.8345626975764,Unhealthy
2026-05-07 23:00:00,24.8,68.0,984.1,11.3,110.0,0.0,67.39999999999999,117.8,10.375,openaq_ground,157.14436248682824,Unhealthy
2026-05-08 00:00:00,24.0,73.0,983.7,9.2,118.0,0.0,69.36666666666666,119.3,10.165,openaq_ground,158.15981735159818,Unhealthy
2026-05-08 01:00:00,23.5,76.0,983.0,8.9,117.0,0.0,77.13333333333333,130.2,12.115,openaq_ground,162.17000351246926,Unhealthy
2026-05-08 02:00:00,23.0,79.0,982.9,9.2,106.0,0.0,65.10000000000001,126.0,11.7,openaq_ground,155.9567966280295,Unhealthy
2026-05-08 03:00:00,22.5,84.0,982.9,9.0,106.0,0.0,58.66666666666666,120.0,10.29,openaq_ground,152.63505444327362,Unhealthy
2026-05-08 04:00:00,22.1,86.0,983.3,8.5,102.0,0.0,54.1,118.3,9.9,openaq_ground,146.79899497487438,Unhealthy (Sensitive Groups)
2026-05-08 05:00:00,22.2,87.0,983.9,10.5,121.0,0.0,51.46666666666667,120.7,12.0,openaq_ground,140.31490787269684,Unhealthy (Sensitive Groups)
2026-05-08 06:00:00,22.7,84.0,984.3,9.7,105.0,0.0,48.46666666666667,116.45,5.33335,openaq_ground,132.92797319932998,Unhealthy (Sensitive Groups)
2026-05-08 07:00:00,24.2,76.0,985.0,9.8,120.0,0.0,41.833333333333336,104.2,5.4,openaq_ground,116.59463986599665,Unhealthy (Sensitive Groups)
2026-05-08 08:00:00,26.4,64.0,985.4,11.0,124.0,0.0,50.0,101.6,5.25,openaq_ground,136.7035175879397,Unhealthy (Sensitive Groups)
2026-05-08 09:00:00,28.7,54.0,985.8,12.3,120.0,0.0,39.8,96.7,10.8,openaq_ground,111.58793969849245,Unhealthy (Sensitive Groups)
2026-05-08 10:00:00,30.6,45.0,985.8,13.3,117.0,0.0,39.5,90.55,5.8,openaq_ground,110.84924623115577,Unhealthy (Sensitive Groups)
2026-05-08 11:00:00,32.0,38.0,985.2,14.5,120.0,0.0,43.03333333333333,96.15,6.05,openaq_ground,119.54941373534338,Unhealthy (Sensitive Groups)
2026-05-08 12:00:00,33.2,34.0,984.8,13.6,114.0,0.0,45.46666666666667,102.75,8.54,openaq_ground,125.54103852596316,Unhealthy (Sensitive Groups)
2026-05-08 13:00:00,34.0,31.0,984.2,12.6,114.0,0.0,48.5,115.3,11.075,openaq_ground,133.01005025125627,Unhealthy (Sensitive Groups)
2026-05-08 14:00:00,34.4,30.0,983.4,10.7,110.0,0.0,54.7,124.75,12.85,openaq_ground,148.27638190954775,Unhealthy (Sensitive Groups)
2026-05-08 15:00:00,34.3,30.0,982.7,9.9,92.0,0.0,57.29999999999999,124.75,13.125,openaq_ground,151.92939936775554,Unhealthy
2026-05-08 16:00:00,31.1,40.0,983.7,11.3,42.0,0.4,55.56666666666666,119.6,12.84,openaq_ground,151.03442219880577,Unhealthy
2026-05-08 17:00:00,32.7,32.0,982.3,10.4,92.0,0.0,58.66666666666666,107.95,13.815,openaq_ground,152.63505444327362,Unhealthy
2026-05-08 18:00:00,31.7,34.0,982.5,11.7,79.0,0.0,62.03333333333333,121.85,15.225,openaq_ground,154.37337548296452,Unhealthy
2026-05-08 19:00:00,30.6,38.0,983.2,9.7,79.0,0.0,62.23333333333333,127.5,13.95,openaq_ground,154.4766420793818,Unhealthy
2026-05-08 20:00:00,29.7,41.0,983.5,8.7,83.0,0.0,60.8,117.05,11.85,openaq_ground,153.73656480505795,Unhealthy
2026-05-08 21:00:00,28.7,45.0,983.9,8.5,85.0,0.0,64.23333333333333,113.1,11.215,openaq_ground,155.50930804355463,Unhealthy
2026-05-08 22:00:00,28.0,48.0,984.1,7.8,83.0,0.0,70.96666666666665,116.05,11.49,openaq_ground,158.98595012293643,Unhealthy
2026-05-08 23:00:00,27.5,52.0,983.7,7.1,100.0,0.0,91.3,141.1,10.575,openaq_ground,169.48472075869336,Unhealthy
2026-05-09 00:00:00,27.3,53.0,983.2,6.5,92.0,0.0,90.5,152.0,10.165,openaq_ground,169.07165437302424,Unhealthy
2026-05-09 01:00:00,26.6,57.0,983.0,7.5,98.0,0.0,74.2,139.0,12.015,openaq_ground,160.65542676501582,Unhealthy
2026-05-09 02:00:00,25.9,59.0,983.1,8.0,99.0,0.0,70.8,133.5,11.74,openaq_ground,158.89989462592203,Unhealthy
2026-05-09 03:00:00,25.3,61.0,983.3,7.8,97.0,0.0,75.16666666666667,150.0,10.7665,openaq_ground,161.15454864769933,Unhealthy
2026-05-09 04:00:00,24.8,63.0,983.7,7.2,108.0,0.0,76.5,151.5,9.1335,openaq_ground,161.84299262381455,Unhealthy
2026-05-09 05:00:00,24.8,68.0,984.0,7.2,102.0,0.0,63.46666666666667,133.0,0.65,openaq_ground,155.11345275728837,Unhealthy
2026-05-09 06:00:00,25.3,65.0,984.6,6.5,95.0,0.0,55.4,107.2,0.4,openaq_ground,150.0,Unhealthy (Sensitive Groups)
2026-05-09 07:00:00,26.6,59.0,985.3,6.7,92.0,0.0,52.06666666666666,104.95,0.4,openaq_ground,141.79229480737018,Unhealthy (Sensitive Groups)
2026-05-09 08:00:00,28.7,52.0,985.8,7.4,94.0,0.0,53.1,107.75,5.24,openaq_ground,144.33668341708542,Unhealthy (Sensitive Groups)
2026-05-09 09:00:00,30.8,45.0,986.1,8.4,105.0,0.0,55.06666666666666,108.15,4.765000000000001,openaq_ground,149.179229480737,Unhealthy (Sensitive Groups)
2026-05-09 10:00:00,32.6,38.0,985.8,8.7,112.0,0.0,50.6,111.1,5.45,openaq_ground,138.18090452261308,Unhealthy (Sensitive Groups)
2026-05-09 11:00:00,33.5,34.0,985.3,9.2,107.0,0.0,51.73333333333333,114.15,6.615,openaq_ground,140.9715242881072,Unhealthy (Sensitive Groups)
2026-05-09 12:00:00,34.7,32.0,984.9,8.3,103.0,0.0,56.5,122.2,10.19,openaq_ground,151.5163329820864,Unhealthy
2026-05-09 13:00:00,35.3,30.0,984.2,7.1,97.0,0.0,66.3,148.5,12.15,openaq_ground,156.5763962065332,Unhealthy
2026-05-09 14:00:00,35.5,29.0,983.3,7.3,97.0,0.0,68.83333333333333,157.0,15.1,openaq_ground,157.8844397611521,Unhealthy
2026-05-09 15:00:00,35.5,28.0,982.6,6.7,82.0,0.0,72.93333333333334,162.0,15.65,openaq_ground,160.00140498770637,Unhealthy
2026-05-09 16:00:00,35.3,28.0,982.2,7.5,66.0,0.0,74.03333333333333,159.5,16.535,openaq_ground,160.56937126800142,Unhealthy
2026-05-09 17:00:00,34.5,30.0,981.7,8.9,82.0,0.0,80.26666666666667,164.0,16.2,openaq_ground,163.78784685634,Unhealthy
2026-05-09 18:00:00,33.4,33.0,982.2,11.9,75.0,0.0,93.13333333333333,180.0,15.95,openaq_ground,170.43133122585178,Unhealthy
2026-05-09 19:00:00,32.2,37.0,982.7,9.9,61.0,0.0,102.06666666666666,195.5,15.925,openaq_ground,175.04390586582366,Unhealthy
2026-05-09 20:00:00,31.0,43.0,983.0,9.0,70.0,0.0,100.3,192.0,14.8,openaq_ground,174.131717597471,Unhealthy
2026-05-09 21:00:00,30.0,48.0,983.6,9.4,91.0,0.0,95.4,177.0,14.115,openaq_ground,171.60168598524763,Unhealthy
2026-05-09 22:00:00,29.2,50.0,983.7,6.8,107.0,0.0,89.5,155.5,11.825,openaq_ground,168.55532139093782,Unhealthy
2026-05-09 23:00:00,28.8,54.0,983.7,7.3,130.0,0.0,88.39999999999999,149.0,8.25,openaq_ground,167.98735511064277,Unhealthy
2026-05-10 00:00:00,28.3,56.0,983.3,5.5,117.0,0.0,86.76666666666667,132.0,6.95,openaq_ground,167.14401123990166,Unhealthy
2026-05-10 01:00:00,27.7,58.0,982.8,5.6,130.0,0.0,91.83333333333331,137.5,7.34,openaq_ground,169.76009834913944,Unhealthy
2026-05-10 02:00:00,27.2,59.0,982.5,5.6,140.0,0.0,92.13333333333333,138.45,7.225,openaq_ground,169.91499824376535,Unhealthy
2026-05-10 03:00:00,26.9,59.0,982.8,6.1,133.0,0.0,74.39999999999999,136.2,5.965,openaq_ground,160.75869336143307,Unhealthy
2026-05-10 04:00:00,26.5,59.0,983.2,6.9,127.0,0.0,65.93333333333334,129.5,10.8,openaq_ground,156.3870741131015,Unhealthy
2026-05-10 05:00:00,26.3,63.0,983.6,7.7,139.0,0.0,60.9,125.35,5.075,openaq_ground,153.7881981032666,Unhealthy
2026-05-10 06:00:00,26.9,60.0,984.7,6.9,118.0,0.0,60.2,126.55,8.45,openaq_ground,153.42676501580613,Unhealthy
2026-05-10 07:00:00,28.1,55.0,985.4,6.9,123.0,0.0,62.23333333333333,130.2,3.9,openaq_ground,154.4766420793818,Unhealthy
2026-05-10 08:00:00,30.2,49.0,985.9,5.8,126.0,0.0,59.16666666666666,116.6,4.13,openaq_ground,152.89322093431682,Unhealthy
2026-05-10 09:00:00,32.4,40.0,986.3,8.1,133.0,0.0,62.3,113.95,3.99,openaq_ground,154.51106427818758,Unhealthy
2026-05-10 10:00:00,33.8,35.0,985.7,10.1,125.0,0.0,58.36666666666667,126.5,4.777500000000001,openaq_ground,152.4801545486477,Unhealthy
2026-05-10 11:00:00,34.8,34.0,985.1,11.7,117.0,0.0,58.9,127.35,7.0375,openaq_ground,152.7555321390938,Unhealthy
2026-05-10 12:00:00,35.8,31.0,984.5,9.3,118.0,0.0,61.93333333333334,132.0,10.915,openaq_ground,154.3217421847559,Unhealthy
2026-05-10 13:00:00,36.7,28.0,983.7,6.4,126.0,0.0,63.4,146.0,15.04,openaq_ground,155.0790305584826,Unhealthy
2026-05-10 14:00:00,37.2,26.0,982.4,6.6,145.0,0.0,68.5,160.5,15.865,openaq_ground,157.7123287671233,Unhealthy
2026-05-10 15:00:00,37.3,24.0,981.4,8.3,138.0,0.0,74.36666666666666,151.5,12.415,openaq_ground,160.74148226203022,Unhealthy
2026-05-10 16:00:00,36.9,26.0,980.8,6.7,128.0,0.0,71.36666666666666,148.0,11.0,openaq_ground,159.19248331577097,Unhealthy
2026-05-10 17:00:00,35.4,29.0,980.5,9.6,98.0,0.0,70.33333333333333,150.0,9.365,openaq_ground,158.6589392342817,Unhealthy
2026-05-10 18:00:00,34.1,32.0,980.9,12.2,82.0,0.0,67.33333333333333,140.5,8.2,openaq_ground,157.10994028802247,Unhealthy
2026-05-10 19:00:00,32.5,37.0,981.4,11.6,66.0,0.0,69.23333333333333,142.0,8.425,openaq_ground,158.09097295398666,Unhealthy
2026-05-10 20:00:00,31.6,39.0,981.9,8.3,85.0,0.0,70.63333333333334,149.0,9.225,openaq_ground,158.81383912890763,Unhealthy
2026-05-10 21:00:00,30.8,41.0,982.6,7.9,103.0,0.0,64.3,128.5,7.699999999999999,openaq_ground,155.54373024236037,Unhealthy
2026-05-10 22:00:00,30.0,43.0,982.7,8.5,95.0,0.0,57.8,113.6,5.5375,openaq_ground,152.18756585879873,Unhealthy
2026-05-10 23:00:00,29.9,46.0,982.8,8.5,102.0,0.0,64.5,112.6,4.9865,openaq_ground,155.64699683877765,Unhealthy
2026-05-11 00:00:00,29.8,47.0,982.8,8.7,107.0,0.0,75.06666666666666,124.7,5.65,openaq_ground,161.1029153494907,Unhealthy
2026-05-11 01:00:00,29.3,49.0,982.6,7.8,98.0,0.0,79.53333333333335,143.25,7.925,openaq_ground,163.40920266947666,Unhealthy
2026-05-11 02:00:00,28.7,51.0,982.4,8.4,110.0,0.0,80.63333333333334,155.0,7.75,openaq_ground,163.97716894977168,Unhealthy
2026-05-11 03:00:00,28.2,52.0,982.6,8.0,108.0,0.0,80.8,158.0,6.949999999999999,openaq_ground,164.06322444678608,Unhealthy
2026-05-11 04:00:00,27.8,53.0,983.2,7.2,108.0,0.0,79.10000000000001,151.0,7.1,openaq_ground,163.1854583772392,Unhealthy
2026-05-11 05:00:00,27.3,57.0,983.8,8.8,123.0,0.0,76.93333333333334,140.0,7.925000000000001,openaq_ground,162.06673691605198,Unhealthy
2026-05-11 06:00:00,27.8,56.0,984.5,8.3,106.0,0.0,70.03333333333333,146.0,6.7375,openaq_ground,158.50403933965578,Unhealthy
2026-05-11 07:00:00,29.0,52.0,984.9,9.2,111.0,0.0,69.63333333333333,146.5,7.15,openaq_ground,158.2975061468212,Unhealthy
2026-05-11 08:00:00,30.9,47.0,985.3,10.0,120.0,0.0,77.46666666666667,158.5,5.65,openaq_ground,162.34211450649806,Unhealthy
2026-05-11 09:00:00,33.1,40.0,985.9,6.8,125.0,0.0,90.4,171.5,5.225,openaq_ground,169.0200210748156,Unhealthy
2026-05-11 10:00:00,34.7,35.0,985.7,7.3,138.0,0.0,74.96666666666667,163.0,3.915,openaq_ground,161.05128205128204,Unhealthy
2026-05-11 11:00:00,34.4,34.0,985.3,4.2,170.0,0.0,72.2,162.5,8.335,openaq_ground,159.622760800843,Unhealthy
2026-05-11 12:00:00,35.2,33.0,984.0,7.6,128.0,0.0,74.56666666666666,167.5,11.45,openaq_ground,160.84474885844747,Unhealthy
2026-05-11 13:00:00,36.1,31.0,983.0,7.4,133.0,0.0,84.13333333333333,187.5,18.365,openaq_ground,165.7843343870741,Unhealthy
2026-05-11 14:00:00,37.0,29.0,981.9,7.4,141.0,0.0,89.36666666666667,189.5,15.925,openaq_ground,168.4864769933263,Unhealthy
2026-05-11 15:00:00,37.4,28.0,981.1,4.6,149.0,0.0,96.63333333333333,193.5,16.875,openaq_ground,172.2384966631542,Unhealthy
2026-05-11 16:00:00,37.7,27.0,980.8,1.1,162.0,0.0,109.9,228.0,20.55,openaq_ground,179.08851422550055,Unhealthy
2026-05-11 17:00:00,36.7,30.0,980.8,3.8,335.0,0.0,113.8,239.0,19.285,openaq_ground,181.1022128556375,Unhealthy
2026-05-11 18:00:00,36.3,31.0,980.4,2.4,347.0,0.0,110.13333333333333,221.5,17.3,openaq_ground,179.2089919213207,Unhealthy
2026-05-11 19:00:00,35.1,33.0,980.8,3.7,35.0,0.0,107.46666666666664,205.0,17.5,openaq_ground,177.83210396909027,Unhealthy
2026-05-11 20:00:00,33.9,37.0,981.1,7.0,80.0,0.0,99.26666666666668,193.5,12.8,openaq_ground,173.59817351598173,Unhealthy
2026-05-11 21:00:00,32.6,42.0,981.5,7.2,102.0,0.0,101.25,184.5,10.4,openaq_ground,174.62223393045312,Unhealthy
2026-05-11 22:00:00,31.6,45.0,981.6,6.8,108.0,0.0,99.8,171.0,8.959999999999999,openaq_ground,173.8735511064278,Unhealthy
2026-05-11 23:00:00,30.9,49.0,980.8,9.9,123.0,0.0,93.36666666666667,170.0,8.11,openaq_ground,170.55180892167195,Unhealthy
2026-05-12 00:00:00,30.3,51.0,980.4,8.9,115.0,0.0,94.93333333333334,156.0,11.265,openaq_ground,171.36073059360731,Unhealthy
2026-05-12 01:00:00,29.9,51.0,980.4,8.5,117.0,0.0,83.85,147.0,13.4,openaq_ground,165.63804004214964,Unhealthy
2026-05-12 02:00:00,29.5,51.0,980.2,8.5,122.0,0.0,82.4,145.0,11.8,openaq_ground,164.88935721812436,Unhealthy
2026-05-12 03:00:00,29.1,52.0,980.4,7.5,130.0,0.0,76.6,154.0,10.9,openaq_ground,161.89462592202318,Unhealthy
2026-05-12 04:00:00,28.8,53.0,980.6,7.7,143.0,0.0,86.56666666666666,206.5,8.08,openaq_ground,167.04074464348437,Unhealthy
2026-05-12 05:00:00,28.1,61.0,981.0,8.7,120.0,0.0,76.3,195.5,9.6,openaq_ground,161.73972602739727,Unhealthy
2026-05-12 06:00:00,28.5,59.0,981.5,9.0,120.0,0.0,69.39999999999999,176.0,7.42,openaq_ground,158.17702845100104,Unhealthy
2026-05-12 07:00:00,29.7,54.0,981.7,11.0,128.0,0.0,76.63333333333334,219.0,7.26,openaq_ground,161.91183702142607,Unhealthy
2026-05-12 08:00:00,31.6,46.0,982.1,11.8,140.0,0.0,87.2,260.0,7.67,openaq_ground,167.36775553213909,Unhealthy
2026-05-12 09:00:00,31.3,50.0,983.9,17.3,31.0,1.0,80.73333333333333,222.5,3.835,openaq_ground,164.02880224798034,Unhealthy
2026-05-12 10:00:00,27.9,68.0,982.8,15.3,128.0,5.5,59.1,209.625,6.52625,openaq_ground,152.85879873551107,Unhealthy
2026-05-12 11:00:00,37.1,30.0,981.7,15.7,132.0,0.0,52.4,196.75,9.217500000000001,openaq_ground,142.61306532663318,Unhealthy (Sensitive Groups)
2026-05-12 12:00:00,38.1,28.0,980.8,14.8,138.0,0.0,51.0,183.875,11.908750000000001,openaq_ground,139.16582914572865,Unhealthy (Sensitive Groups)
2026-05-12 13:00:00,38.6,27.0,979.8,13.1,143.0,0.0,68.93333333333334,171.0,14.6,openaq_ground,157.93607305936072,Unhealthy
2026-05-12 14:00:00,38.8,26.0,978.9,11.2,136.0,0.0,66.56666666666666,163.5,15.9,openaq_ground,156.71408500175625,Unhealthy
2026-05-12 15:00:00,38.0,27.0,978.5,8.9,144.0,0.0,59.56666666666666,143.0,6.85,openaq_ground,153.09975412715139,Unhealthy
2026-05-12 16:00:00,36.9,30.0,978.4,8.7,76.0,0.3,62.53333333333333,138.5,13.7,openaq_ground,154.63154197400772,Unhealthy
2026-05-12 17:00:00,35.6,34.0,977.3,14.2,116.0,0.2,66.53333333333335,146.0,13.6,openaq_ground,156.69687390235336,Unhealthy
2026-05-12 18:00:00,34.2,38.0,977.5,13.2,104.0,0.0,52.3,148.0,14.35,openaq_ground,142.36683417085428,Unhealthy (Sensitive Groups)
2026-05-12 19:00:00,33.0,43.0,977.9,9.6,81.0,0.0,84.23333333333333,150.0,15.1,openaq_ground,165.83596768528275,Unhealthy
2026-05-12 20:00:00,32.0,49.0,978.6,8.3,85.0,0.0,88.46666666666665,154.5,14.2,openaq_ground,168.02177730944854,Unhealthy
2026-05-12 21:00:00,31.1,53.0,979.1,8.9,65.0,0.0,89.86666666666667,149.0,10.7,openaq_ground,168.7446434843695,Unhealthy
2026-05-12 22:00:00,30.4,55.0,979.3,7.3,70.0,0.0,90.93333333333334,146.5,11.6,openaq_ground,169.29539866526167,Unhealthy
2026-05-12 23:00:00,30.0,57.0,979.5,8.4,109.0,0.0,84.53333333333333,126.5,12.0,openaq_ground,165.99086757990867,Unhealthy
2026-05-13 00:00:00,29.2,59.0,978.7,8.3,91.0,0.0,92.1,139.5,13.8,openaq_ground,169.8977871443625,Unhealthy
2026-05-13 01:00:00,28.2,61.0,978.2,8.7,103.0,0.0,101.76666666666668,162.5,15.7,openaq_ground,174.88900597119778,Unhealthy
2026-05-13 02:00:00,27.5,63.0,978.0,8.6,121.0,0.0,112.33333333333331,180.5,16.6,openaq_ground,180.34492448191077,Unhealthy
2026-05-13 03:00:00,27.0,64.0,978.4,7.8,127.0,0.0,122.66666666666669,240.5,13.7,openaq_ground,185.68036529680367,Unhealthy
2026-05-13 04:00:00,26.8,65.0,978.8,6.5,84.0,0.0,92.7,244.5,14.9,openaq_ground,170.20758693361432,Unhealthy
2026-05-13 05:00:00,26.7,69.0,979.0,10.1,114.0,0.0,67.63333333333334,164.0,14.6,openaq_ground,157.2648401826484,Unhealthy
2026-05-13 06:00:00,26.8,70.0,979.5,7.8,116.0,0.0,69.7,173.5,14.5,openaq_ground,158.33192834562698,Unhealthy
2026-05-13 07:00:00,28.2,65.0,980.2,8.5,102.0,0.0,72.43333333333334,144.5,10.6,openaq_ground,159.74323849666317,Unhealthy
2026-05-13 08:00:00,30.4,58.0,980.8,9.1,82.0,0.0,73.76666666666667,147.5,8.84,openaq_ground,160.43168247277836,Unhealthy
2026-05-13 09:00:00,32.7,49.0,981.1,9.6,86.0,0.0,73.13333333333334,154.0,8.51,openaq_ground,160.10467158412365,Unhealthy
2026-05-13 10:00:00,35.1,41.0,980.7,8.5,114.0,0.0,72.56666666666666,165.5,9.44,openaq_ground,159.81208289427468,Unhealthy
2026-05-13 11:00:00,36.1,33.0,980.7,11.3,136.0,0.0,74.43333333333334,174.0,11.7,openaq_ground,160.77590446083596,Unhealthy
2026-05-13 12:00:00,36.7,32.0,979.7,7.5,117.0,0.0,78.96666666666667,186.0,13.05,openaq_ground,163.1166139796277,Unhealthy
2026-05-13 13:00:00,37.7,29.0,978.6,6.2,116.0,0.0,80.03333333333333,200.5,29.7,openaq_ground,163.66736916051985,Unhealthy
2026-05-13 14:00:00,38.3,27.0,977.0,5.3,128.0,0.0,73.89999999999999,204.5,9.675,openaq_ground,160.50052687038988,Unhealthy
2026-05-13 15:00:00,38.7,25.0,976.3,3.0,155.0,0.0,47.66666666666666,173.2,11.4,openaq_ground,130.9581239530988,Unhealthy (Sensitive Groups)
2026-05-13 16:00:00,39.1,23.0,976.3,6.9,275.0,0.0,47.79999999999999,120.1,6.15,openaq_ground,131.286432160804,Unhealthy (Sensitive Groups)
2026-05-13 17:00:00,37.8,31.0,974.4,7.9,135.0,0.3,54.86666666666667,169.5,10.4,openaq_ground,148.68676716917923,Unhealthy (Sensitive Groups)
2026-05-13 18:00:00,36.4,35.0,975.1,5.4,143.0,0.0,39.4,135.475,7.925000000000001,openaq_ground,110.60301507537689,Unhealthy (Sensitive Groups)
2026-05-13 19:00:00,35.4,39.0,975.7,3.9,156.0,0.0,48.73333333333333,101.45,5.45,openaq_ground,133.58458961474037,Unhealthy (Sensitive Groups)
2026-05-13 20:00:00,34.7,46.0,976.9,2.0,153.0,0.0,50.06666666666666,104.55,6.6,openaq_ground,136.86767169179228,Unhealthy (Sensitive Groups)
2026-05-13 21:00:00,34.0,47.0,977.6,0.6,146.0,0.0,51.6,101.55,8.5165,openaq_ground,140.64321608040203,Unhealthy (Sensitive Groups)
2026-05-13 22:00:00,33.5,49.0,977.5,0.5,45.0,0.0,57.46666666666666,113.05,9.3,openaq_ground,152.01545486476994,Unhealthy
2026-05-13 23:00:00,29.0,58.0,978.4,11.7,36.0,0.0,52.46666666666666,95.2,9.925,openaq_ground,142.77721943048576,Unhealthy (Sensitive Groups)
2026-05-14 00:00:00,28.1,59.0,977.2,7.9,47.0,0.0,51.43333333333334,89.85,7.7835,openaq_ground,140.23283082077052,Unhealthy (Sensitive Groups)
2026-05-14 01:00:00,27.8,56.0,976.4,4.4,58.0,0.0,50.86666666666667,103.6,19.0,openaq_ground,138.83752093802346,Unhealthy (Sensitive Groups)
2026-05-14 02:00:00,27.6,61.0,976.1,1.1,171.0,0.0,49.1,109.15,20.3,openaq_ground,134.48743718592965,Unhealthy (Sensitive Groups)
2026-05-14 03:00:00,27.5,58.0,976.0,3.2,214.0,0.0,47.23333333333333,114.35,19.4,openaq_ground,129.89112227805694,Unhealthy (Sensitive Groups)
2026-05-14 04:00:00,27.2,57.0,976.4,7.4,209.0,0.0,49.66666666666666,152.5,11.175,openaq_ground,135.8827470686767,Unhealthy (Sensitive Groups)
2026-05-14 05:00:00,25.9,68.0,976.6,10.3,202.0,0.0,54.43333333333334,199.5,11.5,openaq_ground,147.61976549413737,Unhealthy (Sensitive Groups)
2026-05-14 06:00:00,26.3,64.0,977.9,6.2,224.0,0.0,58.9,224.5,10.85,openaq_ground,152.7555321390938,Unhealthy
2026-05-14 07:00:00,28.2,53.0,978.3,5.5,221.0,0.0,65.0,195.5,11.95,openaq_ground,155.90516332982085,Unhealthy
2026-05-14 08:00:00,31.0,43.0,978.8,5.5,218.0,0.0,85.36666666666667,195.0,12.2,openaq_ground,166.4211450649807,Unhealthy
2026-05-14 09:00:00,33.8,34.0,979.3,6.2,224.0,0.0,113.63333333333333,195.5,12.55,openaq_ground,181.0161573586231,Unhealthy
2026-05-14 10:00:00,36.0,28.0,979.9,4.7,230.0,0.0,68.60000000000001,204.5,14.7,openaq_ground,157.76396206533192,Unhealthy
2026-05-14 11:00:00,37.6,24.0,979.8,3.0,163.0,0.0,73.06666666666666,230.0,16.9,openaq_ground,160.07024938531788,Unhealthy
2026-05-14 12:00:00,38.7,22.0,979.2,2.2,138.0,0.0,70.86666666666666,225.5,18.6,openaq_ground,158.93431682472777,Unhealthy
2026-05-14 13:00:00,39.3,21.0,978.4,2.9,191.0,0.0,63.43333333333334,189.0,23.5,openaq_ground,155.09624165788549,Unhealthy
2026-05-14 14:00:00,39.0,20.0,977.4,6.4,212.0,0.2,63.5,175.0,26.25,openaq_ground,155.13066385669126,Unhealthy
2026-05-14 15:00:00,39.4,18.0,976.6,7.7,323.0,0.0,65.53333333333333,165.5,25.6,openaq_ground,156.18054092026694,Unhealthy
2026-05-14 16:00:00,39.1,18.0,975.8,8.7,326.0,0.0,66.63333333333333,167.0,24.25,openaq_ground,156.748507200562,Unhealthy
2026-05-14 17:00:00,38.5,24.0,974.7,9.0,100.0,0.0,67.16666666666667,174.0,22.7,openaq_ground,157.02388479100807,Unhealthy
2026-05-14 18:00:00,37.2,27.0,975.2,9.0,96.0,0.0,69.7,229.5,12.95,openaq_ground,158.33192834562698,Unhealthy
2026-05-14 19:00:00,35.6,33.0,975.9,8.8,95.0,0.0,59.9,209.0,8.469999999999999,openaq_ground,153.27186512118018,Unhealthy
2026-05-14 20:00:00,34.7,37.0,976.4,7.9,73.0,0.0,40.9,166.0,5.87,openaq_ground,114.2964824120603,Unhealthy (Sensitive Groups)
2026-05-14 21:00:00,34.1,38.0,977.1,5.9,79.0,0.0,43.76666666666667,257.5,6.835,openaq_ground,152.23737373737373,Unhealthy
2026-05-14 22:00:00,33.4,41.0,977.6,3.7,119.0,0.0,47.23333333333333,124.0,6.31,openaq_ground,129.89112227805694,Unhealthy (Sensitive Groups)
2026-05-14 23:00:00,32.6,45.0,978.3,15.4,238.0,0.0,41.833333333333336,70.45,9.1,openaq_ground,116.59463986599665,Unhealthy (Sensitive Groups)
2026-05-15 00:00:00,31.4,39.0,978.1,13.9,283.0,0.0,46.93333333333333,74.2,12.36,openaq_ground,129.15242881072027,Unhealthy (Sensitive Groups)
2026-05-15 01:00:00,30.0,49.0,978.5,12.5,323.0,0.0,55.23333333333333,93.85,19.3,openaq_ground,149.5896147403685,Unhealthy (Sensitive Groups)
2026-05-15 02:00:00,29.8,50.0,978.3,12.3,329.0,0.0,48.26666666666667,97.35,23.8,openaq_ground,132.4355108877722,Unhealthy (Sensitive Groups)
2026-05-15 03:00:00,29.1,48.0,977.6,10.8,349.0,0.0,52.86666666666667,120.0,18.25,openaq_ground,143.76214405360133,Unhealthy (Sensitive Groups)
2026-05-15 04:00:00,28.6,49.0,977.4,8.2,351.0,0.0,57.73333333333333,141.5,13.35,openaq_ground,152.15314365999296,Unhealthy
2026-05-15 05:00:00,29.4,45.0,976.8,6.5,96.0,0.0,58.96666666666667,121.5,11.225,openaq_ground,152.78995433789953,Unhealthy
2026-05-15 06:00:00,29.5,45.0,977.9,7.2,243.0,0.0,51.7,108.3,8.83,openaq_ground,140.8894472361809,Unhealthy (Sensitive Groups)
2026-05-15 07:00:00,31.0,40.0,978.7,6.2,232.0,0.0,51.56666666666666,113.2,7.715,openaq_ground,140.5611390284757,Unhealthy (Sensitive Groups)
2026-05-15 08:00:00,33.0,33.0,979.3,3.7,203.0,0.0,58.1,122.0,7.675000000000001,openaq_ground,152.34246575342465,Unhealthy
2026-05-15 09:00:00,35.1,26.0,980.0,3.3,216.0,0.0,50.46666666666667,127.5,5.705,openaq_ground,137.85259631490788,Unhealthy (Sensitive Groups)
2026-05-15 10:00:00,36.7,23.0,980.3,5.1,228.0,0.0,47.0,131.0,6.64,openaq_ground,129.31658291457288,Unhealthy (Sensitive Groups)
2026-05-15 11:00:00,38.1,21.0,980.3,9.0,215.0,0.0,55.46666666666666,157.5,7.739999999999999,openaq_ground,102.23737373737374,Unhealthy (Sensitive Groups)
2026-05-15 12:00:00,39.1,18.0,979.7,10.9,253.0,0.0,61.333333333333336,166.5,12.735,openaq_ground,154.01194239550404,Unhealthy
2026-05-15 13:00:00,39.4,17.0,978.8,13.3,279.0,0.0,69.0,165.5,16.65,openaq_ground,157.9704952581665,Unhealthy
2026-05-15 14:00:00,40.0,16.0,977.6,14.3,298.0,0.0,73.93333333333334,168.0,20.35,openaq_ground,160.51773796979276,Unhealthy
2026-05-15 15:00:00,39.9,15.0,977.0,16.0,306.0,0.0,79.10000000000001,171.0,23.9,openaq_ground,163.1854583772392,Unhealthy
2026-05-15 16:00:00,39.0,16.0,976.4,16.8,308.0,0.0,80.0,171.0,32.6,openaq_ground,163.65015806111697,Unhealthy
2026-05-15 17:00:00,38.6,18.0,976.2,13.2,325.0,0.0,78.89999999999999,170.5,41.95,openaq_ground,163.08219178082192,Unhealthy
2026-05-15 18:00:00,37.4,19.0,976.4,10.9,348.0,0.0,55.8,179.75,35.175,openaq_ground,151.1548998946259,Unhealthy
2026-05-15 19:00:00,36.1,23.0,976.9,7.8,26.0,0.0,84.26666666666667,189.0,28.4,openaq_ground,165.85317878468564,Unhealthy
2026-05-15 20:00:00,34.8,29.0,977.5,6.3,51.0,0.0,92.26666666666668,204.5,30.3,openaq_ground,169.9838426413769,Unhealthy
2026-05-15 21:00:00,33.7,34.0,978.1,2.8,35.0,0.0,100.76666666666668,195.5,28.45,openaq_ground,174.37267298911135,Unhealthy
2026-05-15 22:00:00,33.3,33.0,978.5,4.7,16.0,0.0,101.3,169.0,21.1,openaq_ground,174.64805057955743,Unhealthy
2026-05-15 23:00:00,32.6,39.0,978.3,3.8,3.0,0.0,101.63333333333333,163.5,20.35,openaq_ground,174.82016157358623,Unhealthy
2026-05-16 00:00:00,31.5,44.0,978.0,2.9,338.0,0.0,102.66666666666669,155.5,20.75,openaq_ground,175.35370565507554,Unhealthy
2026-05-16 01:00:00,31.0,44.0,977.9,3.2,313.0,0.0,120.66666666666669,161.5,29.950000000000003,openaq_ground,184.64769933263085,Unhealthy
2026-05-16 02:00:00,30.3,43.0,977.9,4.0,306.0,0.0,114.33333333333331,185.0,32.05,openaq_ground,181.3775904460836,Unhealthy
2026-05-16 03:00:00,29.6,43.0,978.1,3.9,292.0,0.0,88.53333333333335,152.0,20.85,openaq_ground,168.0561995082543,Unhealthy
2026-05-16 04:00:00,29.1,43.0,978.5,5.0,305.0,0.0,76.83333333333333,131.0,13.0,openaq_ground,162.01510361784335,Unhealthy
2026-05-16 05:00:00,29.0,47.0,978.7,2.7,337.0,0.0,78.16666666666667,141.5,9.59,openaq_ground,162.70354759395855,Unhealthy
2026-05-16 06:00:00,29.7,44.0,979.3,2.6,348.0,0.0,80.10000000000001,146.5,6.72,openaq_ground,163.70179135932563,Unhealthy
2026-05-16 07:00:00,30.9,40.0,979.9,3.8,352.0,0.0,61.53333333333333,112.65,4.4,openaq_ground,154.11520899192132,Unhealthy
2026-05-16 08:00:00,32.6,36.0,980.4,4.4,333.0,0.0,42.7,93.95,3.4,openaq_ground,118.72864321608041,Unhealthy (Sensitive Groups)
2026-05-16 09:00:00,34.6,31.0,980.9,5.5,306.0,0.0,67.63333333333334,96.95,2.73,openaq_ground,157.2648401826484,Unhealthy
2026-05-16 10:00:00,36.5,27.0,980.8,7.2,298.0,0.0,52.06666666666667,102.3,18.935,openaq_ground,141.79229480737018,Unhealthy (Sensitive Groups)
2026-05-16 11:00:00,39.2,20.0,980.6,7.7,288.0,0.0,23.75,115.05,13.225,openaq_ground,80.72171717171717,Moderate
2026-05-16 12:00:00,40.3,16.0,980.0,12.0,305.0,0.0,36.16666666666666,125.5,15.64,openaq_ground,102.64154103852594,Unhealthy (Sensitive Groups)
2026-05-16 13:00:00,40.3,15.0,979.4,14.7,306.0,0.0,64.8,159.0,22.0,openaq_ground,155.8018967334036,Unhealthy
2026-05-16 14:00:00,40.4,15.0,978.7,14.5,304.0,0.0,39.43333333333333,177.0,30.25,openaq_ground,111.88888888888889,Unhealthy (Sensitive Groups)
2026-05-16 15:00:00,40.0,16.0,978.0,16.5,306.0,0.0,48.3,194.0,41.2,openaq_ground,132.5175879396985,Unhealthy (Sensitive Groups)
2026-05-16 16:00:00,39.4,16.0,977.5,16.6,311.0,0.0,55.333333333333336,201.5,41.8,openaq_ground,149.83584589614742,Unhealthy (Sensitive Groups)
2026-05-16 17:00:00,39.7,15.0,977.1,17.1,318.0,0.0,59.9,198.0,36.65,openaq_ground,153.27186512118018,Unhealthy
2026-05-16 18:00:00,38.6,17.0,977.6,16.6,323.0,0.0,49.93333333333334,183.0,32.15,openaq_ground,136.53936348408712,Unhealthy (Sensitive Groups)
2026-05-16 19:00:00,37.3,19.0,978.2,14.7,327.0,0.0,53.63333333333333,178.0,31.9,openaq_ground,145.6499162479062,Unhealthy (Sensitive Groups)
2026-05-16 20:00:00,36.7,20.0,978.7,11.3,327.0,0.0,53.16666666666666,179.0,31.2,openaq_ground,144.500837520938,Unhealthy (Sensitive Groups)
2026-05-16 21:00:00,35.7,22.0,979.3,8.3,330.0,0.0,52.23333333333333,166.0,26.6,openaq_ground,142.20268006700167,Unhealthy (Sensitive Groups)
2026-05-16 22:00:00,34.4,25.0,979.3,6.4,315.0,0.0,54.0,151.5,26.75,openaq_ground,146.55276381909547,Unhealthy (Sensitive Groups)
2026-05-16 23:00:00,34.1,28.0,979.0,5.3,315.0,0.0,63.333333333333336,156.5,29.05,openaq_ground,155.04460835967686,Unhealthy
2026-05-17 00:00:00,32.8,31.0,978.4,4.2,306.0,0.0,69.83333333333333,168.5,32.349999999999994,openaq_ground,158.4007727432385,Unhealthy
2026-05-17 01:00:00,32.1,32.0,978.0,4.4,291.0,0.0,82.16666666666667,192.5,30.0,openaq_ground,164.7688795223042,Unhealthy
2026-05-17 02:00:00,31.4,33.0,978.2,4.5,304.0,0.0,85.76666666666667,213.0,19.8,openaq_ground,166.62767825781523,Unhealthy
2026-05-17 03:00:00,30.7,35.0,978.3,4.5,293.0,0.0,68.13333333333334,183.5,15.445,openaq_ground,157.5230066736916,Unhealthy
2026-05-17 04:00:00,29.9,37.0,978.6,4.9,287.0,0.0,57.26666666666667,168.0,13.595,openaq_ground,151.91218826835265,Unhealthy
2026-05-17 05:00:00,30.1,38.0,978.7,5.0,289.0,0.0,45.93333333333334,159.0,9.685,openaq_ground,126.69011725293133,Unhealthy (Sensitive Groups)
2026-05-17 06:00:00,30.4,38.0,979.5,6.9,298.0,0.0,47.1,167.5,10.105,openaq_ground,129.56281407035178,Unhealthy (Sensitive Groups)
2026-05-17 07:00:00,31.6,36.0,980.3,6.5,294.0,0.0,41.96666666666667,182.0,9.425,openaq_ground,116.92294807370185,Unhealthy (Sensitive Groups)
2026-05-17 08:00:00,33.5,33.0,980.8,7.3,300.0,0.0,31.23333333333333,205.5,7.665,openaq_ground,125.9949494949495,Unhealthy (Sensitive Groups)
2026-05-17 09:00:00,35.9,28.0,981.0,7.6,297.0,0.0,30.7,222.5,8.495,openaq_ground,134.4090909090909,Unhealthy (Sensitive Groups)
2026-05-17 10:00:00,37.8,24.0,980.8,10.8,291.0,0.0,23.83333333333333,148.6,10.489999999999998,openaq_ground,97.32727272727273,Moderate
2026-05-17 11:00:00,40.1,21.0,980.1,13.5,280.0,0.0,23.366666666666664,130.3,8.504999999999999,openaq_ground,88.26969696969698,Moderate
2026-05-17 12:00:00,40.8,20.0,979.7,18.0,290.0,0.0,26.600000000000005,124.5,17.405,openaq_ground,85.3989898989899,Moderate
2026-05-17 13:00:00,41.0,20.0,978.9,18.5,298.0,0.0,30.6,130.8,27.82,openaq_ground,89.90557939914163,Moderate
2026-05-17 14:00:00,41.2,20.0,977.9,18.2,291.0,0.0,45.46666666666667,137.6,35.7,openaq_ground,125.54103852596316,Unhealthy (Sensitive Groups)
2026-05-17 15:00:00,41.3,20.0,977.0,19.3,295.0,0.1,59.93333333333334,153.45,42.7,openaq_ground,153.28907622058307,Unhealthy
2026-05-17 16:00:00,40.6,19.0,976.4,20.0,301.0,0.0,51.86666666666667,171.2,32.4,openaq_ground,141.2998324958124,Unhealthy (Sensitive Groups)
2026-05-17 17:00:00,40.9,16.0,976.1,21.5,307.0,0.0,46.43333333333334,159.8,24.25,openaq_ground,127.9212730318258,Unhealthy (Sensitive Groups)
2026-05-17 18:00:00,40.1,17.0,976.1,18.3,305.0,0.0,37.66666666666666,159.5,22.1,openaq_ground,106.33500837520936,Unhealthy (Sensitive Groups)
2026-05-17 19:00:00,39.3,19.0,976.1,13.9,314.0,0.0,35.96666666666666,157.5,20.65,openaq_ground,102.23737373737374,Unhealthy (Sensitive Groups)
2026-05-17 20:00:00,38.2,21.0,976.5,12.4,332.0,0.0,34.93333333333333,157.0,18.8,openaq_ground,101.98989898989899,Unhealthy (Sensitive Groups)
2026-05-17 21:00:00,37.2,22.0,976.8,11.1,331.0,0.0,42.03333333333333,145.5,17.85,openaq_ground,117.08710217755444,Unhealthy (Sensitive Groups)
2026-05-17 22:00:00,36.1,23.0,977.1,8.5,325.0,0.0,44.9,152.5,22.55,openaq_ground,124.14572864321607,Unhealthy (Sensitive Groups)
2026-05-17 23:00:00,35.7,24.0,976.8,8.2,331.0,0.0,66.10000000000001,188.5,27.5,openaq_ground,156.4731296101159,Unhealthy
2026-05-18 00:00:00,34.3,25.0,976.0,6.7,329.0,0.0,94.93333333333334,228.5,30.35,openaq_ground,171.36073059360731,Unhealthy
2026-05-18 01:00:00,33.2,27.0,975.4,5.0,308.0,0.0,80.16666666666667,232.5,28.5,openaq_ground,163.73621355813137,Unhealthy
2026-05-18 02:00:00,32.2,29.0,975.3,5.4,274.0,0.0,80.89999999999999,238.0,20.25,openaq_ground,164.11485774499474,Unhealthy
2026-05-18 03:00:00,31.1,32.0,975.3,6.3,263.0,0.0,76.03333333333333,248.5,16.65,openaq_ground,161.6020372321742,Unhealthy
2026-05-18 04:00:00,30.2,35.0,975.7,6.7,261.0,0.0,50.6,237.5,11.48,openaq_ground,141.83333333333334,Unhealthy (Sensitive Groups)
2026-05-18 05:00:00,30.0,40.0,975.9,7.6,275.0,0.0,43.66666666666666,176.0,12.675,openaq_ground,121.10887772194303,Unhealthy (Sensitive Groups)
2026-05-18 06:00:00,30.1,41.0,976.6,7.1,277.0,0.0,40.43333333333333,148.5,11.19,openaq_ground,113.14740368509212,Unhealthy (Sensitive Groups)
2026-05-18 07:00:00,31.5,40.0,977.6,6.9,277.0,0.0,36.96666666666667,145.0,9.375,openaq_ground,104.61139028475712,Unhealthy (Sensitive Groups)
2026-05-18 08:00:00,33.6,37.0,978.4,8.0,278.0,0.0,27.46666666666667,143.0,10.48,openaq_ground,94.55555555555556,Moderate
2026-05-18 09:00:00,35.8,33.0,978.7,8.4,281.0,0.0,26.866666666666664,134.5,8.14,openaq_ground,90.34848484848484,Moderate
2026-05-18 10:00:00,37.9,27.0,979.1,9.9,285.0,0.0,28.83333333333333,149.0,9.9065,openaq_ground,97.52525252525253,Moderate
2026-05-18 11:00:00,40.1,23.0,978.6,12.1,280.0,0.0,30.2,168.0,12.715,openaq_ground,107.43434343434343,Unhealthy (Sensitive Groups)
2026-05-18 12:00:00,41.2,21.0,978.1,13.2,292.0,0.0,28.066666666666663,177.5,13.41,openaq_ground,112.13636363636364,Unhealthy (Sensitive Groups)
2026-05-18 13:00:00,41.8,21.0,977.2,15.1,299.0,0.0,24.0,186.0,23.51,openaq_ground,116.34343434343434,Unhealthy (Sensitive Groups)
2026-05-18 14:00:00,42.3,20.0,976.4,16.5,303.0,0.0,33.166666666666664,219.5,38.45,openaq_ground,132.92424242424244,Unhealthy (Sensitive Groups)
2026-05-18 15:00:00,42.5,20.0,975.9,17.2,302.0,0.0,47.16666666666666,273.5,32.650000000000006,openaq_ground,160.15656565656565,Unhealthy
2026-05-18 16:00:00,42.8,17.0,975.3,18.6,303.0,0.0,42.7,268.5,22.85,openaq_ground,157.6818181818182,Unhealthy
2026-05-18 17:00:00,43.3,14.0,974.8,17.5,307.0,0.0,35.6,245.5,27.2,openaq_ground,145.7929292929293,Unhealthy (Sensitive Groups)
2026-05-18 18:00:00,42.4,15.0,974.8,13.5,297.0,0.0,35.56666666666667,250.5,27.700000000000003,openaq_ground,148.26767676767676,Unhealthy (Sensitive Groups)
2026-05-18 19:00:00,40.8,17.0,975.0,11.3,283.0,0.0,37.2,240.0,36.400000000000006,openaq_ground,143.07070707070707,Unhealthy (Sensitive Groups)
2026-05-18 20:00:00,39.3,18.0,975.5,10.9,287.0,0.0,45.93333333333334,256.5,34.85,openaq_ground,151.74242424242425,Unhealthy
2026-05-18 21:00:00,38.2,18.0,975.9,9.3,292.0,0.0,50.16666666666666,272.5,30.25,openaq_ground,159.66161616161617,Unhealthy
2026-05-18 22:00:00,38.0,18.0,975.9,10.0,309.0,0.0,45.16666666666666,245.0,31.1,openaq_ground,145.54545454545456,Unhealthy (Sensitive Groups)
2026-05-18 23:00:00,37.8,19.0,975.6,8.6,306.0,0.0,45.16666666666666,230.5,31.35,openaq_ground,138.36868686868686,Unhealthy (Sensitive Groups)
2026-05-19 00:00:00,35.2,23.0,975.5,7.4,264.0,0.0,55.5,239.5,32.8,openaq_ground,151.0,Unhealthy
2026-05-19 01:00:00,33.8,26.0,975.2,5.7,279.0,0.0,66.16666666666667,251.0,39.0,openaq_ground,156.50755180892168,Unhealthy
2026-05-19 02:00:00,32.8,28.0,975.4,6.0,267.0,0.0,66.5,271.5,28.700000000000003,openaq_ground,159.16666666666666,Unhealthy
2026-05-19 03:00:00,31.8,29.0,975.8,8.3,250.0,0.0,63.36666666666667,318.0,17.85,openaq_ground,182.1818181818182,Unhealthy
2026-05-19 04:00:00,31.1,30.0,976.2,7.2,257.0,0.0,56.03333333333333,273.0,15.79,openaq_ground,159.9090909090909,Unhealthy
2026-05-19 05:00:00,31.6,30.0,976.5,6.6,259.0,0.0,53.36666666666667,246.0,12.805,openaq_ground,146.04040404040404,Unhealthy (Sensitive Groups)
2026-05-19 06:00:00,31.8,29.0,977.5,8.1,265.0,0.0,59.86666666666667,236.0,13.135000000000002,openaq_ground,153.2546540217773,Unhealthy
2026-05-19 07:00:00,33.5,27.0,978.6,8.1,264.0,0.0,55.73333333333333,187.0,11.35,openaq_ground,151.12047769582017,Unhealthy
2026-05-19 08:00:00,35.8,23.0,979.4,9.6,283.0,0.0,48.96666666666667,118.5,10.42,openaq_ground,134.15912897822446,Unhealthy (Sensitive Groups)
2026-05-19 09:00:00,38.6,19.0,979.9,10.5,299.0,0.0,30.266666666666666,108.5,10.575,openaq_ground,89.20457796852646,Moderate
2026-05-19 10:00:00,41.0,13.0,980.1,13.9,310.0,0.0,24.96666666666667,110.0,9.765,openaq_ground,78.22222222222223,Moderate
2026-05-19 11:00:00,43.3,11.0,979.7,16.1,307.0,0.0,27.2,99.7,12.925,openaq_ground,82.75536480686696,Moderate
2026-05-19 12:00:00,44.0,10.0,979.1,15.6,301.0,0.0,27.666666666666668,102.65,15.34,openaq_ground,83.73676680972818,Moderate
2026-05-19 13:00:00,44.4,9.0,978.3,14.0,294.0,0.0,25.133333333333336,156.0,24.465,openaq_ground,101.4949494949495,Unhealthy (Sensitive Groups)
2026-05-19 14:00:00,44.4,10.0,977.4,14.2,288.0,0.0,31.366666666666664,189.5,39.55,openaq_ground,118.07575757575758,Unhealthy (Sensitive Groups)
2026-05-19 15:00:00,44.1,11.0,976.9,15.2,284.0,0.0,51.70000000000001,188.5,57.55,openaq_ground,140.88944723618093,Unhealthy (Sensitive Groups)
2026-05-19 16:00:00,43.3,11.0,976.4,15.5,279.0,0.0,58.46666666666667,210.5,60.55,openaq_ground,152.53178784685633,Unhealthy
2026-05-19 17:00:00,43.3,11.0,975.9,15.3,274.0,0.0,64.23333333333333,307.0,59.3,openaq_ground,176.73737373737373,Unhealthy
2026-05-19 18:00:00,42.0,12.0,975.9,11.1,279.0,0.0,57.8,274.0,54.25,openaq_ground,160.40404040404042,Unhealthy
2026-05-19 19:00:00,40.3,15.0,976.3,5.6,310.0,0.0,50.13333333333333,218.0,51.85,openaq_ground,137.0318257956449,Unhealthy (Sensitive Groups)
2026-05-19 20:00:00,39.1,16.0,976.7,5.9,310.0,0.0,42.96666666666666,164.5,45.05,openaq_ground,119.38525963149078,Unhealthy (Sensitive Groups)
2026-05-19 21:00:00,38.4,16.0,977.1,8.0,286.0,0.0,41.66666666666666,149.5,37.75,openaq_ground,116.18425460636513,Unhealthy (Sensitive Groups)
2026-05-19 22:00:00,38.3,15.0,977.2,10.4,280.0,0.0,39.8,129.0,38.45,openaq_ground,111.58793969849245,Unhealthy (Sensitive Groups)
2026-05-19 23:00:00,36.4,19.0,977.6,9.7,239.0,0.0,37.36666666666667,123.0,32.75,openaq_ground,105.5963149078727,Unhealthy (Sensitive Groups)
2026-05-20 00:00:00,35.1,22.0,977.1,8.1,269.0,0.0,36.06666666666667,119.5,32.0,openaq_ground,102.39530988274707,Unhealthy (Sensitive Groups)
2026-05-20 01:00:00,33.9,23.0,976.6,6.6,279.0,0.0,38.53333333333333,136.5,31.3,openaq_ground,108.46901172529313,Unhealthy (Sensitive Groups)
2026-05-20 02:00:00,33.1,24.0,976.4,6.7,278.0,0.0,53.53333333333333,172.0,24.75,openaq_ground,145.40368509212732,Unhealthy (Sensitive Groups)
2026-05-20 03:00:00,32.6,23.0,976.4,8.8,281.0,0.0,50.6,193.0,21.85,openaq_ground,138.18090452261308,Unhealthy (Sensitive Groups)
2026-05-20 04:00:00,32.1,23.0,976.7,8.7,284.0,0.0,57.8,287.0,16.67,openaq_ground,166.83838383838383,Unhealthy
2026-05-20 05:00:00,32.4,24.0,977.1,9.9,275.0,0.0,29.9,224.25,15.115000000000002,openaq_ground,135.27525252525254,Unhealthy (Sensitive Groups)
2026-05-20 06:00:00,32.2,26.0,977.8,9.4,277.0,0.0,38.3,161.5,13.56,openaq_ground,107.89447236180904,Unhealthy (Sensitive Groups)
2026-05-20 07:00:00,33.5,26.0,978.3,9.4,294.0,0.0,37.43333333333333,110.7,13.825,openaq_ground,105.76046901172529,Unhealthy (Sensitive Groups)
2026-05-20 08:00:00,35.6,25.0,978.7,10.2,293.0,0.0,44.86666666666667,92.45,12.94,openaq_ground,124.06365159128978,Unhealthy (Sensitive Groups)
2026-05-20 09:00:00,37.9,24.0,978.9,10.6,294.0,0.0,33.36666666666667,98.8,11.885,openaq_ground,95.7238912732475,Moderate
2026-05-20 10:00:00,40.1,22.0,978.7,11.6,298.0,0.0,18.566666666666663,97.7,10.635000000000002,openaq_ground,72.13434343434344,Moderate
2026-05-20 11:00:00,42.2,18.0,978.2,11.4,291.0,0.0,17.46666666666667,115.0,11.66,openaq_ground,80.6969696969697,Moderate
2026-05-20 12:00:00,42.7,16.0,977.8,10.6,274.0,0.0,17.8,107.0,19.04,openaq_ground,76.73737373737373,Moderate
2026-05-20 13:00:00,43.3,14.0,976.8,9.5,261.0,0.0,22.5,142.5,34.3,openaq_ground,94.3080808080808,Moderate
2026-05-20 14:00:00,43.6,14.0,976.0,10.9,263.0,0.0,26.1,138.5,44.4,openaq_ground,92.32828282828282,Moderate
2026-05-20 15:00:00,43.4,14.0,975.2,11.0,267.0,0.0,34.4,216.0,56.4,openaq_ground,131.1919191919192,Unhealthy (Sensitive Groups)
2026-05-20 16:00:00,43.0,14.0,974.5,10.1,282.0,0.0,40.06666666666667,212.5,59.3,openaq_ground,129.45959595959596,Unhealthy (Sensitive Groups)
2026-05-20 17:00:00,43.2,13.0,974.0,6.5,256.0,0.0,33.53333333333333,164.5,64.19999999999999,openaq_ground,105.70202020202021,Unhealthy (Sensitive Groups)
2026-05-20 18:00:00,41.7,15.0,974.2,10.5,233.0,0.0,29.633333333333336,144.5,35.2,openaq_ground,95.29797979797979,Moderate
2026-05-20 19:00:00,40.1,18.0,974.5,8.0,239.0,0.0,26.83333333333333,137.5,30.15,openaq_ground,91.83333333333334,Moderate
2026-05-20 20:00:00,38.9,20.0,975.2,5.9,252.0,0.0,26.46666666666667,127.0,25.8,openaq_ground,86.63636363636364,Moderate
2026-05-20 21:00:00,38.1,20.0,975.8,8.2,232.0,0.0,27.83333333333333,117.0,22.8,openaq_ground,84.08726752503577,Moderate
2026-05-20 22:00:00,36.0,23.0,976.2,6.4,205.0,0.0,24.23333333333333,114.5,22.4,openaq_ground,80.44949494949495,Moderate
2026-05-20 23:00:00,35.8,22.0,976.2,9.1,240.0,0.0,24.0,119.5,22.05,openaq_ground,82.92424242424242,Moderate
2026-05-21 00:00:00,34.8,23.0,975.9,9.4,250.0,0.0,26.4,146.0,19.25,openaq_ground,96.04040404040404,Moderate
2026-05-21 01:00:00,34.0,24.0,975.5,10.8,259.0,0.0,29.933333333333334,178.5,20.5,openaq_ground,112.63131313131314,Unhealthy (Sensitive Groups)
2026-05-21 02:00:00,33.7,25.0,975.4,13.6,265.0,0.0,38.2,228.0,18.77,openaq_ground,137.13131313131314,Unhealthy (Sensitive Groups)
2026-05-21 03:00:00,33.5,27.0,975.7,14.1,268.0,0.0,50.53333333333333,353.0,12.615,openaq_ground,199.50505050505052,Unhealthy
2026-05-21 04:00:00,33.2,29.0,976.3,12.8,271.0,0.0,60.6,500.0,11.045,openaq_ground,394.9873417721519,Hazardous
2026-05-21 05:00:00,33.8,32.0,976.6,15.3,268.0,0.0,59.4,424.0,11.965,openaq_ground,300.0,Very Unhealthy
2026-05-21 06:00:00,33.8,34.0,977.2,15.0,265.0,0.0,55.76666666666667,399.5,12.06,openaq_ground,264.8478260869565,Very Unhealthy
2026-05-21 07:00:00,34.6,33.0,977.8,14.0,263.0,0.0,45.5,359.0,13.73,openaq_ground,206.7391304347826,Very Unhealthy
2026-05-21 08:00:00,36.3,27.0,978.5,18.7,277.0,0.0,42.36666666666667,315.5,6.960000000000001,openaq_ground,180.94444444444446,Unhealthy
2026-05-21 09:00:00,37.8,25.0,978.7,18.8,275.0,0.0,39.23333333333333,275.5,9.349,openaq_ground,161.14646464646464,Unhealthy
2026-05-21 10:00:00,39.3,22.0,978.6,18.2,279.0,0.0,33.766666666666666,238.5,10.925,openaq_ground,142.32828282828282,Unhealthy (Sensitive Groups)
2026-05-21 11:00:00,40.7,19.0,978.9,18.3,280.0,0.0,26.266666666666666,178.35,10.775,openaq_ground,112.55707070707071,Unhealthy (Sensitive Groups)
2026-05-21 12:00:00,41.5,18.0,978.5,18.1,287.0,0.0,25.96666666666667,175.5,16.39,openaq_ground,111.14646464646465,Unhealthy (Sensitive Groups)
2026-05-21 13:00:00,42.2,17.0,977.6,16.7,288.0,0.0,28.6,205.0,28.85,openaq_ground,125.74747474747474,Unhealthy (Sensitive Groups)
2026-05-21 14:00:00,42.6,16.0,976.8,15.3,286.0,0.0,34.0,269.5,39.0,openaq_ground,158.17676767676767,Unhealthy
2026-05-21 15:00:00,42.5,16.0,976.3,13.9,284.0,0.0,33.2,251.5,39.95,openaq_ground,148.76262626262627,Unhealthy (Sensitive Groups)
2026-05-21 16:00:00,42.3,16.0,976.0,12.9,289.0,0.0,31.2,224.0,33.65,openaq_ground,135.15151515151516,Unhealthy (Sensitive Groups)
2026-05-21 17:00:00,42.8,14.0,975.3,12.4,272.0,0.0,28.0,224.5,26.05,openaq_ground,135.3989898989899,Unhealthy (Sensitive Groups)
2026-05-21 18:00:00,41.4,15.0,975.6,11.9,259.0,0.0,25.23333333333333,249.0,20.05,openaq_ground,147.52525252525254,Unhealthy (Sensitive Groups)
2026-05-21 19:00:00,39.7,16.0,976.2,9.1,255.0,0.0,24.53333333333333,210.5,19.6,openaq_ground,128.46969696969697,Unhealthy (Sensitive Groups)
2026-05-21 20:00:00,38.1,17.0,976.6,7.9,240.0,0.0,22.53333333333333,139.85,16.89,openaq_ground,92.99646464646464,Moderate
2026-05-21 21:00:00,37.0,20.0,977.3,10.5,239.0,0.0,20.716666666666665,105.65,17.45,openaq_ground,76.06919191919192,Moderate
2026-05-21 22:00:00,36.6,19.0,977.7,11.2,244.0,0.0,24.4,98.65,21.15,openaq_ground,76.86695278969957,Moderate
2026-05-21 23:00:00,36.4,19.0,977.8,10.9,251.0,0.0,30.166666666666668,113.75,23.85,openaq_ground,88.99427753934194,Moderate
2026-05-22 00:00:00,35.6,18.0,978.1,11.9,264.0,0.0,30.633333333333336,124.0,26.35,openaq_ground,89.97567954220317,Moderate
2026-05-22 01:00:00,34.3,19.0,978.1,10.8,259.0,0.0,31.7,146.0,21.6,openaq_ground,96.04040404040404,Moderate
2026-05-22 02:00:00,33.4,19.0,978.2,10.3,264.0,0.0,36.7,173.5,22.65,openaq_ground,110.15656565656566,Unhealthy (Sensitive Groups)
2026-05-22 03:00:00,32.8,20.0,978.2,10.3,254.0,0.0,42.3,188.0,21.1,openaq_ground,117.74371859296483,Unhealthy (Sensitive Groups)
2026-05-22 04:00:00,32.3,22.0,978.9,8.1,267.0,0.0,37.9,185.5,13.91,openaq_ground,116.0959595959596,Unhealthy (Sensitive Groups)
2026-05-22 05:00:00,32.1,24.0,979.2,7.4,264.0,0.0,52.95,183.0,6.72,openaq_ground,143.9673366834171,Unhealthy (Sensitive Groups)
2026-05-22 06:00:00,32.0,27.0,979.7,8.9,262.0,0.0,67.23333333333333,252.0,12.685,openaq_ground,157.05830698981384,Unhealthy
2026-05-22 07:00:00,33.2,27.0,980.4,9.5,259.0,0.0,51.63333333333333,233.5,14.575,openaq_ground,140.72529313232832,Unhealthy (Sensitive Groups)
2026-05-22 08:00:00,35.0,24.0,981.1,11.0,265.0,0.0,42.66666666666666,195.5,12.86,openaq_ground,121.04545454545455,Unhealthy (Sensitive Groups)
2026-05-22 09:00:00,36.8,23.0,981.3,10.4,268.0,0.0,38.766666666666666,203.5,13.365,openaq_ground,125.0050505050505,Unhealthy (Sensitive Groups)
2026-05-22 10:00:00,38.6,22.0,981.6,10.3,273.0,0.0,36.0,224.5,12.095,openaq_ground,135.3989898989899,Unhealthy (Sensitive Groups)
2026-05-22 11:00:00,40.8,18.0,981.4,10.7,275.0,0.0,36.46666666666667,225.5,19.455,openaq_ground,135.8939393939394,Unhealthy (Sensitive Groups)
2026-05-22 12:00:00,41.6,16.0,981.0,11.4,281.0,0.0,46.0,253.0,27.095,openaq_ground,149.50505050505052,Unhealthy (Sensitive Groups)
2026-05-22 13:00:00,41.9,15.0,980.1,11.6,282.0,0.0,46.333333333333336,206.0,38.2,openaq_ground,127.6750418760469,Unhealthy (Sensitive Groups)
2026-05-22 14:00:00,42.0,15.0,979.3,11.6,283.0,0.0,47.63333333333333,204.0,34.4,openaq_ground,130.87604690117251,Unhealthy (Sensitive Groups)
2026-05-22 15:00:00,42.0,14.0,978.6,12.2,294.0,0.0,43.36666666666667,191.0,33.4,openaq_ground,120.37018425460637,Unhealthy (Sensitive Groups)
2026-05-22 16:00:00,41.5,15.0,978.3,13.0,295.0,0.0,40.86666666666667,194.0,26.8,openaq_ground,120.30303030303031,Unhealthy (Sensitive Groups)
2026-05-22 17:00:00,42.0,12.0,977.8,11.8,320.0,0.0,40.03333333333333,186.0,25.05,openaq_ground,116.34343434343434,Unhealthy (Sensitive Groups)
2026-05-22 18:00:00,41.0,13.0,977.8,14.3,346.0,0.0,28.6,257.0,25.950000000000003,openaq_ground,151.989898989899,Unhealthy
2026-05-22 19:00:00,39.2,18.0,978.4,12.6,17.0,0.0,29.766666666666666,328.0,26.85,openaq_ground,187.13131313131314,Unhealthy
2026-05-22 20:00:00,37.7,22.0,979.1,8.1,21.0,0.0,31.100000000000005,336.0,30.75,openaq_ground,191.0909090909091,Unhealthy
2026-05-22 21:00:00,36.9,22.0,979.7,7.9,356.0,0.0,36.93333333333333,255.0,37.6,openaq_ground,151.0,Unhealthy
2026-05-22 22:00:00,36.5,21.0,979.9,8.9,346.0,0.0,42.73333333333333,156.0,42.4,openaq_ground,118.81072026800669,Unhealthy (Sensitive Groups)
2026-05-22 23:00:00,36.1,22.0,979.7,7.1,344.0,0.0,68.5,175.0,42.45,openaq_ground,157.7123287671233,Unhealthy
2026-05-23 00:00:00,34.8,24.0,979.3,5.5,343.0,0.0,79.8,186.0,41.35,openaq_ground,163.54689146469968,Unhealthy
2026-05-23 01:00:00,33.9,26.0,979.2,4.1,331.0,0.0,69.8,179.0,38.15,openaq_ground,158.3835616438356,Unhealthy
2026-05-23 02:00:00,33.4,27.0,979.2,4.8,323.0,0.0,79.53333333333335,219.0,26.45,openaq_ground,163.40920266947666,Unhealthy
2026-05-23 03:00:00,32.4,30.0,979.5,4.0,300.0,0.0,47.66666666666666,192.0,16.935,openaq_ground,130.9581239530988,Unhealthy (Sensitive Groups)
2026-05-23 04:00:00,31.7,31.0,979.7,4.0,273.0,0.0,25.46666666666667,133.0,19.25,openaq_ground,89.60606060606061,Moderate
2026-05-23 05:00:00,31.6,35.0,979.8,5.2,258.0,0.0,35.833333333333336,98.2,15.06,openaq_ground,101.820770519263,Unhealthy (Sensitive Groups)
2026-05-23 06:00:00,31.7,36.0,980.3,7.1,279.0,0.0,87.60000000000001,154.0,13.915,openaq_ground,167.57428872497366,Unhealthy
2026-05-23 07:00:00,33.2,34.0,980.8,7.2,283.0,0.0,74.96666666666667,177.5,11.705,openaq_ground,161.05128205128204,Unhealthy
2026-05-23 08:00:00,35.7,29.0,981.3,8.1,294.0,0.0,61.2,191.0,10.525,openaq_ground,153.94309799789252,Unhealthy
2026-05-23 09:00:00,38.0,24.0,981.6,9.0,290.0,0.0,60.66666666666666,287.5,17.15,openaq_ground,167.0858585858586,Unhealthy
2026-05-23 10:00:00,39.6,20.0,981.6,11.5,292.0,0.0,54.46666666666667,335.5,17.4,openaq_ground,190.84343434343435,Unhealthy
2026-05-23 11:00:00,41.0,16.0,981.1,16.1,298.0,0.0,37.333333333333336,261.0,12.465,openaq_ground,153.96969696969697,Unhealthy
2026-05-23 12:00:00,40.7,15.0,981.0,18.1,320.0,0.0,32.333333333333336,231.0,15.395,openaq_ground,138.6161616161616,Unhealthy (Sensitive Groups)
2026-05-23 13:00:00,39.8,18.0,980.6,14.5,338.0,0.0,35.43333333333334,236.0,23.1,openaq_ground,141.0909090909091,Unhealthy (Sensitive Groups)
2026-05-23 14:00:00,40.4,17.0,979.8,13.7,325.0,0.0,42.8,229.0,29.4,openaq_ground,137.62626262626264,Unhealthy (Sensitive Groups)
2026-05-23 15:00:00,41.3,13.0,978.7,13.5,303.0,0.0,38.23333333333333,258.5,26.0,openaq_ground,152.73232323232324,Unhealthy
2026-05-23 16:00:00,41.2,12.0,978.1,17.2,308.0,0.0,39.43333333333333,271.5,26.3,openaq_ground,159.16666666666666,Unhealthy
2026-05-23 17:00:00,40.7,16.0,977.5,13.7,308.0,0.0,38.16666666666666,250.0,30.95,openaq_ground,148.02020202020202,Unhealthy (Sensitive Groups)
2026-05-23 18:00:00,39.8,15.0,977.7,12.3,282.0,0.0,31.5,218.25,34.925,openaq_ground,132.30555555555554,Unhealthy (Sensitive Groups)
2026-05-23 19:00:00,38.0,19.0,977.6,12.0,248.0,0.0,42.46666666666667,186.5,38.9,openaq_ground,118.15410385259632,Unhealthy (Sensitive Groups)
2026-05-23 20:00:00,37.3,18.0,978.1,10.4,262.0,0.0,42.3,184.5,37.55,openaq_ground,117.74371859296483,Unhealthy (Sensitive Groups)
2026-05-23 21:00:00,36.1,19.0,978.6,9.3,278.0,0.0,44.96666666666667,182.0,36.45,openaq_ground,124.30988274706868,Unhealthy (Sensitive Groups)
2026-05-23 22:00:00,34.9,20.0,978.7,8.2,279.0,0.0,49.16666666666666,182.5,34.2,openaq_ground,134.65159128978223,Unhealthy (Sensitive Groups)
2026-05-23 23:00:00,34.7,23.0,978.4,7.5,285.0,0.0,61.86666666666667,196.5,30.6,openaq_ground,154.28731998595012,Unhealthy
2026-05-24 00:00:00,33.4,25.0,977.8,5.1,318.0,0.0,75.5,234.5,26.6,openaq_ground,161.32665964172813,Unhealthy
2026-05-24 01:00:00,33.0,24.0,977.4,4.1,315.0,0.0,73.60000000000001,245.5,24.950000000000003,openaq_ground,160.34562697576396,Unhealthy
2026-05-24 02:00:00,31.9,25.0,977.3,5.1,253.0,0.0,68.7,252.5,22.85,openaq_ground,157.81559536354058,Unhealthy
2026-05-24 03:00:00,30.8,29.0,977.7,6.9,263.0,0.0,76.46666666666665,268.5,17.32,openaq_ground,161.82578152441167,Unhealthy
2026-05-24 04:00:00,30.0,31.0,978.3,8.2,261.0,0.0,78.0,236.0,11.22,openaq_ground,162.61749209694415,Unhealthy
2026-05-24 05:00:00,30.2,33.0,978.6,8.8,259.0,0.0,81.0,197.0,12.94,openaq_ground,164.16649104320337,Unhealthy
2026-05-24 06:00:00,30.1,34.0,979.5,8.3,271.0,0.0,66.76666666666667,187.0,10.555,openaq_ground,156.8173515981735,Unhealthy
2026-05-24 07:00:00,31.7,33.0,980.3,7.7,258.0,0.0,46.833333333333336,160.5,9.6,openaq_ground,128.9061976549414,Unhealthy (Sensitive Groups)
2026-05-24 08:00:00,34.0,29.0,980.7,10.1,267.0,0.0,21.266666666666666,137.5,9.885,openaq_ground,91.83333333333334,Moderate
2026-05-24 09:00:00,36.8,25.0,980.9,10.8,281.0,0.0,23.066666666666663,124.7,9.33,openaq_ground,85.49797979797981,Moderate
2026-05-24 10:00:00,39.1,19.0,981.1,13.8,291.0,0.0,23.633333333333336,120.6,7.710000000000001,openaq_ground,83.46868686868686,Moderate
2026-05-24 11:00:00,41.3,17.0,980.5,14.0,292.0,0.0,22.46666666666667,112.65,10.57,openaq_ground,79.53383838383839,Moderate
2026-05-24 12:00:00,42.2,14.0,980.0,16.5,299.0,0.0,24.4,114.85,33.7,openaq_ground,80.62272727272727,Moderate
2026-05-24 13:00:00,41.9,15.0,979.6,16.8,291.0,0.0,30.133333333333336,127.7,49.85,openaq_ground,88.92417739628041,Moderate
2026-05-24 14:00:00,41.9,15.0,978.9,16.6,289.0,0.0,34.06666666666667,132.75,65.85,openaq_ground,97.19599427753936,Moderate
2026-05-24 15:00:00,42.0,15.0,978.6,16.6,296.0,0.0,45.93333333333334,150.1,78.8,openaq_ground,126.69011725293133,Unhealthy (Sensitive Groups)
2026-05-24 16:00:00,41.7,15.0,977.8,14.6,305.0,0.0,49.26666666666667,161.0,82.55,openaq_ground,134.89782244556116,Unhealthy (Sensitive Groups)
2026-05-24 17:00:00,42.3,12.0,976.9,8.1,294.0,0.0,53.1,176.5,86.95,openaq_ground,144.33668341708542,Unhealthy (Sensitive Groups)
2026-05-24 18:00:00,41.2,15.0,976.6,4.3,285.0,0.0,51.833333333333336,164.55,42.8,openaq_ground,141.21775544388612,Unhealthy (Sensitive Groups)
2026-05-24 19:00:00,39.7,17.0,977.0,1.3,315.0,0.0,41.73333333333333,157.15,24.9,openaq_ground,116.34840871021774,Unhealthy (Sensitive Groups)
2026-05-24 20:00:00,38.3,17.0,977.0,4.0,159.0,0.0,29.433333333333334,165.0,17.6,openaq_ground,105.94949494949495,Unhealthy (Sensitive Groups)
2026-05-24 21:00:00,37.2,20.0,977.6,3.8,169.0,0.0,29.73333333333333,183.4,18.97,openaq_ground,115.05656565656565,Unhealthy (Sensitive Groups)
2026-05-24 22:00:00,36.2,20.0,978.2,4.9,180.0,0.0,33.6,193.0,17.1,openaq_ground,119.8080808080808,Unhealthy (Sensitive Groups)
2026-05-24 23:00:00,35.9,22.0,977.9,6.6,151.0,0.0,41.23333333333333,213.55,17.130000000000003,openaq_ground,129.97929292929294,Unhealthy (Sensitive Groups)
2026-05-25 00:00:00,34.2,25.0,977.1,5.2,211.0,0.0,44.86666666666667,221.35,16.305,openaq_ground,133.83989898989898,Unhealthy (Sensitive Groups)
2026-05-25 01:00:00,34.8,19.0,976.4,13.6,258.0,0.0,47.26666666666667,214.95,17.94,openaq_ground,130.67222222222222,Unhealthy (Sensitive Groups)
2026-05-25 02:00:00,34.8,19.0,976.3,16.5,256.0,0.0,51.4,213.35,15.14,openaq_ground,140.15075376884423,Unhealthy (Sensitive Groups)
2026-05-25 03:00:00,33.9,21.0,976.9,14.3,276.0,0.0,55.23333333333333,241.0,11.93,openaq_ground,149.5896147403685,Unhealthy (Sensitive Groups)
2026-05-25 04:00:00,32.8,22.0,977.3,13.7,275.0,0.0,56.23333333333333,300.5,8.645,openaq_ground,173.52020202020202,Unhealthy
2026-05-25 05:00:00,33.3,24.0,977.6,13.0,268.0,0.0,56.03333333333333,325.0,7.94,openaq_ground,185.64646464646466,Unhealthy
2026-05-25 06:00:00,33.3,24.0,978.1,12.3,273.0,0.0,62.2,294.0,12.835,openaq_ground,170.3030303030303,Unhealthy
2026-05-25 07:00:00,34.2,25.0,978.7,9.9,260.0,0.0,60.03333333333333,292.5,9.275,openaq_ground,169.56060606060606,Unhealthy
2026-05-25 08:00:00,36.0,23.0,979.1,13.2,265.0,0.0,57.9,289.0,8.9365,openaq_ground,167.82828282828282,Unhealthy
2026-05-25 09:00:00,37.8,22.0,979.4,15.3,271.0,0.0,54.76666666666667,275.5,8.0625,openaq_ground,161.14646464646464,Unhealthy
2026-05-25 10:00:00,39.3,21.0,979.3,16.2,280.0,0.0,34.0,217.5,8.3715,openaq_ground,131.93434343434345,Unhealthy (Sensitive Groups)
2026-05-25 11:00:00,41.6,18.0,978.8,12.0,282.0,0.0,37.16666666666666,242.0,11.955,openaq_ground,144.06060606060606,Unhealthy (Sensitive Groups)
2026-05-25 12:00:00,42.5,16.0,978.2,10.0,279.0,0.0,45.56666666666666,304.0,15.045000000000002,openaq_ground,175.25252525252526,Unhealthy
2026-05-25 13:00:00,42.8,16.0,977.3,11.6,266.0,0.0,47.13333333333333,328.0,19.035,openaq_ground,187.13131313131314,Unhealthy
2026-05-25 14:00:00,43.0,13.0,976.5,14.2,279.0,0.0,54.86666666666667,308.5,25.5,openaq_ground,177.47979797979798,Unhealthy
2026-05-25 15:00:00,42.9,13.0,975.9,14.2,271.0,0.0,67.60000000000001,313.5,41.6,openaq_ground,179.95454545454547,Unhealthy
2026-05-25 16:00:00,42.1,15.0,975.3,12.2,283.0,0.0,64.63333333333334,354.0,48.6,openaq_ground,200.0,Unhealthy
2026-05-25 17:00:00,41.5,13.0,975.3,12.1,310.0,0.0,72.5,330.5,44.95,openaq_ground,188.36868686868686,Unhealthy
2026-05-25 18:00:00,40.8,14.0,975.1,10.0,322.0,0.0,91.23333333333332,352.0,35.7,openaq_ground,199.010101010101,Unhealthy
2026-05-25 19:00:00,39.4,16.0,975.6,4.5,331.0,0.0,91.0,292.5,47.650000000000006,openaq_ground,169.56060606060606,Unhealthy
2026-05-25 20:00:00,38.6,17.0,976.2,5.9,270.0,0.0,82.36666666666666,231.0,39.55,openaq_ground,164.87214611872145,Unhealthy
2026-05-25 21:00:00,37.2,21.0,976.7,3.6,288.0,0.0,82.60000000000001,197.0,28.8,openaq_ground,164.99262381454162,Unhealthy
2026-05-25 22:00:00,36.6,21.0,977.3,5.3,308.0,0.0,71.36666666666666,141.9,37.15,openaq_ground,159.19248331577097,Unhealthy
2026-05-25 23:00:00,37.2,19.0,977.5,8.6,345.0,0.0,64.23333333333333,123.85,34.95,openaq_ground,155.50930804355463,Unhealthy
2026-05-26 00:00:00,35.6,20.0,977.5,5.4,354.0,0.0,62.6,130.35,35.95,openaq_ground,154.6659641728135,Unhealthy
2026-05-26 01:00:00,34.4,22.0,977.3,4.2,313.0,0.0,82.66666666666667,147.25,30.25,openaq_ground,165.0270460133474,Unhealthy
2026-05-26 02:00:00,33.7,23.0,977.5,5.4,312.0,0.0,103.46666666666664,171.9,27.5,openaq_ground,175.76677204074463,Unhealthy
2026-05-26 03:00:00,32.7,24.0,977.3,4.9,324.0,0.0,98.53333333333336,195.1,20.95,openaq_ground,173.2195293291184,Unhealthy
2026-05-26 04:00:00,32.0,24.0,977.5,5.1,315.0,0.0,51.5,135.95,14.07,openaq_ground,140.39698492462313,Unhealthy (Sensitive Groups)
2026-05-26 05:00:00,32.3,24.0,977.9,7.4,296.0,0.0,42.96666666666667,130.2,10.0,openaq_ground,119.3852596314908,Unhealthy (Sensitive Groups)
2026-05-26 06:00:00,31.8,26.0,978.9,9.4,277.0,0.0,30.23333333333333,118.95,8.955,openaq_ground,89.13447782546496,Moderate
2026-05-26 07:00:00,32.8,26.0,979.5,6.7,279.0,0.0,20.6,94.9,8.66,openaq_ground,70.74848484848485,Moderate
2026-05-26 08:00:00,35.2,22.0,980.0,7.2,276.0,0.0,20.933333333333334,91.2,8.49,openaq_ground,69.57653791130187,Moderate
2026-05-26 09:00:00,37.2,20.0,980.8,9.6,276.0,0.0,21.1,101.65,9.755,openaq_ground,74.08939393939394,Moderate
2026-05-26 10:00:00,39.2,18.0,981.0,10.5,292.0,0.0,19.866666666666667,103.5,7.985,openaq_ground,75.0050505050505,Moderate
2026-05-26 11:00:00,41.8,10.0,980.4,13.4,301.0,0.0,17.599999999999998,97.75,10.015,openaq_ground,72.1590909090909,Moderate
2026-05-26 12:00:00,42.2,10.0,980.1,14.9,312.0,0.0,19.33333333333333,100.15,16.55,openaq_ground,73.3469696969697,Moderate
2026-05-26 13:00:00,42.4,11.0,979.2,17.3,298.0,0.0,21.5,108.45,36.805,openaq_ground,77.45505050505051,Moderate
2026-05-26 14:00:00,42.6,10.0,978.4,18.0,289.0,0.0,29.1,116.0,41.6,openaq_ground,86.7510729613734,Moderate
2026-05-26 15:00:00,42.2,11.0,977.8,19.5,284.0,0.0,39.96666666666667,140.7,52.25,openaq_ground,111.99832495812396,Unhealthy (Sensitive Groups)
2026-05-26 16:00:00,41.7,11.0,977.6,15.9,297.0,0.0,45.16666666666666,147.8,63.9,openaq_ground,124.80234505862644,Unhealthy (Sensitive Groups)
2026-05-26 17:00:00,42.0,9.0,977.0,13.4,306.0,0.0,51.833333333333336,166.85,41.75,openaq_ground,141.21775544388612,Unhealthy (Sensitive Groups)
2026-05-26 18:00:00,41.1,10.0,976.8,10.7,330.0,0.0,46.73333333333333,114.7,41.35,openaq_ground,128.65996649916246,Unhealthy (Sensitive Groups)
2026-05-26 19:00:00,39.5,11.0,977.4,7.3,303.0,0.0,48.16666666666666,111.05,51.65,openaq_ground,132.18927973199328,Unhealthy (Sensitive Groups)
2026-05-26 20:00:00,38.4,13.0,977.7,5.4,304.0,0.0,50.03333333333333,107.2,52.1,openaq_ground,136.785594639866,Unhealthy (Sensitive Groups)
2026-05-26 21:00:00,37.8,14.0,978.4,6.8,338.0,0.0,46.7,97.15,47.7,openaq_ground,128.5778894472362,Unhealthy (Sensitive Groups)
2026-05-26 22:00:00,37.0,15.0,978.6,6.6,344.0,0.0,48.2,96.1,46.55,openaq_ground,132.2713567839196,Unhealthy (Sensitive Groups)
2026-05-26 23:00:00,36.1,18.0,978.5,4.6,318.0,0.0,61.833333333333336,117.95,46.25,openaq_ground,154.27010888654723,Unhealthy
2026-05-27 00:00:00,34.9,19.0,978.1,4.0,302.0,0.0,76.06666666666666,140.1,39.95,openaq_ground,161.6192483315771,Unhealthy
2026-05-27 01:00:00,34.4,21.0,977.4,2.6,309.0,0.0,95.03333333333336,161.65,47.2,openaq_ground,171.41236389181597,Unhealthy
2026-05-27 02:00:00,33.5,21.0,977.3,3.4,295.0,0.0,109.36666666666667,176.8,38.35,openaq_ground,178.81313663505443,Unhealthy
2026-05-27 03:00:00,32.4,22.0,977.3,5.0,296.0,0.0,111.06666666666666,174.7,25.4,openaq_ground,179.69090270460134,Unhealthy
2026-05-27 04:00:00,31.5,23.0,977.5,5.6,292.0,0.0,92.26666666666668,159.15,19.15,openaq_ground,169.9838426413769,Unhealthy
2026-05-27 05:00:00,31.4,25.0,977.6,4.9,274.0,0.0,72.76666666666667,143.1,12.595,openaq_ground,159.91534949069197,Unhealthy
2026-05-27 06:00:00,31.7,25.0,978.4,6.4,286.0,0.0,47.26666666666667,124.05,11.25,openaq_ground,129.97319932998326,Unhealthy (Sensitive Groups)
2026-05-27 07:00:00,33.3,24.0,979.2,6.1,268.0,0.0,32.5,120.82,11.745,openaq_ground,93.90128755364807,Moderate
2026-05-27 08:00:00,35.6,20.0,980.2,7.2,282.0,0.0,27.9,117.59,12.24,openaq_ground,84.2274678111588,Moderate
2026-05-27 09:00:00,38.0,17.0,980.4,8.6,292.0,0.0,27.7,114.36,12.735,openaq_ground,83.8068669527897,Moderate
2026-05-27 10:00:00,39.6,14.0,980.5,10.2,300.0,0.0,22.9,111.13000000000001,13.23,openaq_ground,78.78151515151515,Moderate
2026-05-27 11:00:00,41.6,12.0,979.7,10.7,290.0,0.0,22.2,107.9,13.725,openaq_ground,77.18282828282828,Moderate
2026-05-27 12:00:00,42.4,11.0,979.3,12.6,296.0,0.0,21.83333333333333,105.5,15.16,openaq_ground,75.9949494949495,Moderate
2026-05-27 13:00:00,42.8,12.0,978.7,14.9,297.0,0.0,24.46666666666667,104.3,28.565,openaq_ground,77.00715307582261,Moderate
2026-05-27 14:00:00,42.9,12.0,978.0,15.9,296.0,0.0,32.0,120.6,33.85,openaq_ground,92.84978540772534,Moderate
2026-05-27 15:00:00,42.7,13.0,977.5,16.2,294.0,0.0,42.03333333333333,148.5,41.0,openaq_ground,117.08710217755444,Unhealthy (Sensitive Groups)
2026-05-27 16:00:00,42.5,13.0,977.1,16.3,295.0,0.0,49.26666666666667,161.1,50.150000000000006,openaq_ground,134.89782244556116,Unhealthy (Sensitive Groups)
2026-05-27 17:00:00,43.4,10.0,976.2,19.1,302.0,0.0,56.16666666666666,141.1,60.95,openaq_ground,151.3442219880576,Unhealthy
2026-05-27 18:00:00,42.3,11.0,976.6,15.2,300.0,0.0,64.13333333333334,176.5,65.9,openaq_ground,155.45767474534597,Unhealthy
2026-05-27 19:00:00,40.8,13.0,977.0,11.4,295.0,0.0,73.8,218.35,68.4,openaq_ground,160.44889357218125,Unhealthy
2026-05-27 20:00:00,39.7,15.0,977.2,7.9,325.0,0.0,89.3,286.5,71.2,openaq_ground,168.45205479452054,Unhealthy
2026-05-27 21:00:00,38.3,17.0,977.5,4.9,343.0,0.0,77.0,158.65,49.5,openaq_ground,162.10115911485775,Unhealthy
2026-05-27 22:00:00,37.9,19.0,977.6,3.1,298.0,0.0,68.86666666666666,128.6,36.400000000000006,openaq_ground,157.90165086055498,Unhealthy
2026-05-27 23:00:00,37.4,19.0,977.6,4.1,52.0,0.0,65.46666666666665,130.9,32.95,openaq_ground,156.1461187214612,Unhealthy
2026-05-28 00:00:00,35.7,21.0,977.0,4.5,90.0,0.0,68.36666666666666,154.75,30.65,openaq_ground,157.64348436951175,Unhealthy
2026-05-28 01:00:00,34.5,26.0,976.7,3.4,137.0,0.0,79.06666666666666,159.95,23.75,openaq_ground,163.16824727783631,Unhealthy
2026-05-28 02:00:00,33.4,28.0,976.8,3.9,164.0,0.0,82.7,163.45,20.55,openaq_ground,165.04425711275027,Unhealthy
2026-05-28 03:00:00,32.2,31.0,976.8,3.3,144.0,0.0,82.56666666666666,172.5,20.55,openaq_ground,164.97541271513873,Unhealthy
2026-05-28 04:00:00,31.5,36.0,977.0,6.9,76.0,0.0,79.10000000000001,184.5,17.0,openaq_ground,163.1854583772392,Unhealthy
2026-05-28 05:00:00,30.1,45.0,977.4,7.9,102.0,0.0,72.03333333333335,189.5,16.325000000000003,openaq_ground,159.5367053038286,Unhealthy
2026-05-28 06:00:00,29.7,45.0,978.2,9.5,105.0,0.0,63.76666666666667,169.1,15.815,openaq_ground,155.2683526519143,Unhealthy
2026-05-28 07:00:00,30.6,42.0,979.3,8.7,103.0,0.0,58.86666666666667,154.4,15.715,openaq_ground,152.7383210396909,Unhealthy
2026-05-28 08:00:00,32.5,40.0,980.0,9.5,105.0,0.0,53.833333333333336,142.2,16.87,openaq_ground,146.142378559464,Unhealthy (Sensitive Groups)
2026-05-28 09:00:00,34.6,40.0,980.2,11.3,103.0,0.0,50.4,132.9,16.080000000000002,openaq_ground,137.68844221105527,Unhealthy (Sensitive Groups)
2026-05-28 10:00:00,36.7,37.0,980.3,10.0,113.0,0.0,48.5,126.15,15.260000000000002,openaq_ground,133.01005025125627,Unhealthy (Sensitive Groups)
2026-05-28 11:00:00,38.5,32.0,979.8,10.8,111.0,0.0,44.8,128.45,19.35,openaq_ground,123.89949748743717,Unhealthy (Sensitive Groups)
2026-05-28 12:00:00,39.7,30.0,979.6,9.4,103.0,0.0,46.333333333333336,124.35,20.845,openaq_ground,127.6750418760469,Unhealthy (Sensitive Groups)
2026-05-28 13:00:00,40.4,30.0,978.6,10.6,100.0,0.0,40.266666666666666,109.0,15.695,openaq_ground,112.73701842546063,Unhealthy (Sensitive Groups)
2026-05-28 14:00:00,40.1,28.0,977.5,11.4,86.0,0.0,19.966666666666665,59.3,11.925,openaq_ground,67.54363376251789,Moderate
2026-05-28 15:00:00,37.9,29.0,977.4,8.1,87.0,0.0,20.5,47.3,13.085,openaq_ground,68.66523605150215,Moderate
2026-05-28 16:00:00,37.7,35.0,977.0,12.9,110.0,0.3,17.966666666666665,35.3,14.245,openaq_ground,63.3376251788269,Moderate
2026-05-28 17:00:00,38.0,34.0,976.2,11.0,118.0,0.0,15.0,37.5,16.08,openaq_ground,57.09871244635193,Moderate
2026-05-28 18:00:00,34.4,42.0,977.4,13.9,199.0,0.3,13.6,31.05,12.830000000000002,openaq_ground,54.15450643776824,Moderate
2026-05-28 19:00:00,29.1,67.0,979.0,14.6,201.0,1.0,11.9,27.35,16.1,openaq_ground,49.583333333333336,Good
2026-05-28 20:00:00,31.0,59.0,978.3,7.1,234.0,0.9,17.599999999999998,63.9,16.1,openaq_ground,62.56652360515021,Moderate
2026-05-28 21:00:00,32.2,50.0,978.0,2.4,261.0,0.7,26.600000000000005,152.8,9.82,openaq_ground,99.4060606060606,Moderate
2026-05-28 22:00:00,31.1,58.0,977.2,3.6,70.0,0.0,27.83333333333333,111.95,11.18,openaq_ground,84.08726752503577,Moderate
2026-05-28 23:00:00,28.7,49.0,978.0,18.6,194.0,0.0,26.1,82.45,13.095,openaq_ground,80.44206008583691,Moderate
2026-05-29 00:00:00,28.1,52.0,977.9,1.7,319.0,0.0,24.75,88.55,14.695,openaq_ground,77.6030042918455,Moderate
2026-05-29 01:00:00,28.3,51.0,978.3,6.8,32.0,0.0,29.933333333333334,95.65,12.695,openaq_ground,88.50357653791131,Moderate
2026-05-29 02:00:00,27.8,60.0,978.4,5.9,63.0,0.0,26.6,97.95,10.6,openaq_ground,81.49356223175967,Moderate
2026-05-29 03:00:00,26.8,71.0,978.3,5.8,86.0,0.0,26.86666666666667,92.3,11.875,openaq_ground,82.0543633762518,Moderate
2026-05-29 04:00:00,26.5,73.0,979.3,9.2,118.0,0.0,31.3,85.4,13.525,openaq_ground,91.37768240343348,Moderate
2026-05-29 05:00:00,26.0,69.0,979.1,11.6,109.0,0.0,35.1,79.35,13.13,openaq_ground,99.36909871244636,Moderate
2026-05-29 06:00:00,26.1,69.0,980.3,13.5,106.0,0.0,36.8,78.05,13.5825,openaq_ground,104.20100502512562,Unhealthy (Sensitive Groups)
2026-05-29 07:00:00,27.0,67.0,981.2,15.5,126.0,0.0,39.3,76.75,14.035,openaq_ground,110.35678391959799,Unhealthy (Sensitive Groups)
2026-05-29 08:00:00,28.1,66.0,981.4,14.4,121.0,0.0,34.2,69.1,13.125,openaq_ground,97.47639484978541,Moderate
2026-05-29 09:00:00,29.7,63.0,981.6,13.7,120.0,0.0,22.766666666666666,72.0,11.81,openaq_ground,73.43204577968527,Moderate
2026-05-29 10:00:00,31.3,58.0,981.6,12.2,121.0,0.0,21.51,67.09,16.125,openaq_ground,70.7892703862661,Moderate
2026-05-29 11:00:00,33.5,50.0,981.1,15.3,129.0,0.0,21.65,56.35,18.77,openaq_ground,71.08369098712447,Moderate
2026-05-29 12:00:00,32.7,50.0,981.1,12.4,137.0,0.1,19.933333333333334,60.45,20.1,openaq_ground,67.47353361945636,Moderate
2026-05-29 13:00:00,30.9,54.0,980.7,10.5,143.0,0.4,15.7,56.5,19.9,openaq_ground,58.57081545064378,Moderate
2026-05-29 14:00:00,32.8,51.0,980.4,8.9,137.0,0.0,20.35,44.0,24.95,openaq_ground,68.34978540772534,Moderate
2026-05-29 15:00:00,31.7,53.0,980.0,8.9,118.0,0.2,23.05,104.65,19.25,openaq_ground,75.57424242424243,Moderate
2026-05-29 16:00:00,32.0,52.0,979.4,9.3,118.0,0.3,18.8,282.1,18.95,openaq_ground,164.41313131313132,Unhealthy
2026-05-29 17:00:00,33.8,43.0,978.7,15.4,175.0,0.0,11.6,302.55,17.95,openaq_ground,174.53484848484848,Unhealthy
2026-05-29 18:00:00,33.2,45.0,979.2,8.3,156.0,0.0,10.35,45.1,18.1,openaq_ground,43.125,Good
2026-05-29 19:00:00,32.6,47.0,979.5,8.1,162.0,0.0,13.1,44.1,14.35,openaq_ground,53.103004291845494,Moderate
2026-05-29 20:00:00,32.3,48.0,980.1,8.1,129.0,0.0,14.35,39.1,11.47,openaq_ground,55.73175965665236,Moderate
2026-05-29 21:00:00,31.8,48.0,980.9,7.7,126.0,0.0,14.0,30.8,8.379999999999999,openaq_ground,54.99570815450644,Moderate
2026-05-29 22:00:00,31.3,47.0,981.5,9.9,128.0,0.0,17.35,29.6,8.295,openaq_ground,62.040772532188846,Moderate
2026-05-29 23:00:00,29.3,51.0,980.9,15.5,138.0,0.0,21.65,30.25,8.805,openaq_ground,71.08369098712447,Moderate
2026-05-30 00:00:00,27.8,58.0,981.0,13.6,131.0,0.0,18.7,36.2,11.505,openaq_ground,64.87982832618026,Moderate
2026-05-30 01:00:00,26.9,61.0,980.7,12.0,134.0,0.0,19.85,45.75,13.625,openaq_ground,67.29828326180258,Moderate
2026-05-30 02:00:00,26.3,62.0,980.4,12.2,142.0,0.0,17.96666666666667,47.45,11.760000000000002,openaq_ground,63.337625178826904,Moderate
2026-05-30 03:00:00,25.9,64.0,980.7,8.9,156.0,0.0,14.066666666666668,45.3,10.08,openaq_ground,55.13590844062948,Moderate
2026-05-30 04:00:00,25.3,68.0,981.2,6.9,152.0,0.0,16.483333333333334,40.345,11.83,openaq_ground,60.21816881258942,Moderate
2026-05-30 05:00:00,24.7,76.0,980.4,10.3,140.0,0.0,23.3,60.1,10.24,openaq_ground,74.55364806866953,Moderate
2026-05-30 06:00:00,24.8,76.0,981.7,8.7,143.0,0.0,25.6,70.95,9.685,openaq_ground,79.39055793991417,Moderate
2026-05-30 07:00:00,25.9,71.0,982.7,9.8,133.0,0.0,26.066666666666663,69.7,10.59,openaq_ground,80.37195994277539,Moderate
2026-05-30 08:00:00,27.9,59.0,983.3,10.4,126.0,0.0,21.766666666666666,73.7,11.05,openaq_ground,71.32904148783977,Moderate
2026-05-30 09:00:00,30.0,49.0,983.1,12.6,134.0,0.0,22.566666666666663,75.55,10.425,openaq_ground,73.01144492131615,Moderate
2026-05-30 10:00:00,31.6,46.0,983.7,5.8,99.0,0.0,24.83333333333333,101.7,11.975,openaq_ground,77.77825464949927,Moderate
2026-05-30 11:00:00,33.0,46.0,982.2,11.9,122.0,0.0,24.183333333333334,136.75,11.835,openaq_ground,91.46212121212122,Moderate
2026-05-30 12:00:00,34.4,42.0,982.0,11.4,121.0,0.0,20.53333333333333,94.15,25.2,openaq_ground,70.37727272727273,Moderate
2026-05-30 13:00:00,35.5,37.0,981.5,10.5,141.0,0.0,24.166666666666668,106.5,31.15,openaq_ground,76.48989898989899,Moderate
2026-05-30 14:00:00,34.5,35.0,981.3,5.4,184.0,0.1,28.58333333333333,115.0,34.75,openaq_ground,85.66452074391988,Moderate
2026-05-30 15:00:00,34.0,37.0,981.3,4.9,6.0,0.3,41.46666666666667,130.0,36.55,openaq_ground,115.69179229480737,Unhealthy (Sensitive Groups)
2026-05-30 16:00:00,24.7,79.0,983.5,11.2,55.0,2.7,49.03333333333333,132.5,27.35,openaq_ground,134.32328308207704,Unhealthy (Sensitive Groups)
2026-05-30 17:00:00,24.0,89.0,981.4,8.5,72.0,1.4,33.96666666666667,96.85,18.5,openaq_ground,96.9856938483548,Moderate
2026-05-30 18:00:00,25.7,80.0,980.8,4.4,201.0,0.2,26.53333333333333,66.95,16.39,openaq_ground,81.35336194563662,Moderate
2026-05-30 19:00:00,26.0,78.0,981.0,2.4,107.0,0.0,22.133333333333336,50.8,13.555,openaq_ground,72.10014306151646,Moderate
2026-05-30 20:00:00,26.2,78.0,981.8,7.7,115.0,0.0,26.05,40.25,14.39,openaq_ground,80.33690987124464,Moderate
2026-05-30 21:00:00,25.8,82.0,981.9,9.6,113.0,0.0,15.833333333333334,45.05,12.765,openaq_ground,58.851216022889844,Moderate
2026-05-30 22:00:00,25.2,86.0,982.2,11.7,113.0,0.0,16.383333333333336,45.1,13.43,openaq_ground,60.00786838340487,Moderate
2026-05-30 23:00:00,24.7,68.0,981.8,12.7,113.0,0.0,19.65,51.95,12.58,openaq_ground,66.87768240343348,Moderate
2026-05-31 00:00:00,24.1,70.0,981.4,9.6,124.0,0.0,22.25,53.15,14.885,openaq_ground,72.34549356223177,Moderate
2026-05-31 01:00:00,23.9,72.0,981.9,6.3,129.0,0.0,25.0,52.45,13.14,openaq_ground,78.12875536480686,Moderate
2026-05-31 02:00:00,23.6,73.0,981.7,6.5,118.0,0.0,23.933333333333334,52.15,10.415,openaq_ground,75.88555078683834,Moderate
2026-05-31 03:00:00,23.5,73.0,981.7,6.8,122.0,0.0,24.516666666666666,54.15,10.665,openaq_ground,77.11230329041489,Moderate
2026-05-31 04:00:00,23.3,75.0,981.8,6.6,119.0,0.0,26.96666666666667,63.4,11.495,openaq_ground,82.26466380543634,Moderate
2026-05-31 05:00:00,23.9,78.0,982.5,11.3,141.0,0.0,27.5,73.65,12.33,openaq_ground,83.3862660944206,Moderate
2026-05-31 06:00:00,24.4,77.0,983.0,10.0,139.0,0.0,26.399999999999995,67.75,11.23,openaq_ground,81.07296137339056,Moderate
2026-05-31 07:00:00,25.6,72.0,983.7,10.5,147.0,0.0,29.633333333333336,68.05,11.8,openaq_ground,87.87267525035767,Moderate
2026-05-31 08:00:00,27.3,66.0,984.4,10.4,157.0,0.0,35.333333333333336,71.7,14.255,openaq_ground,99.85979971387698,Moderate
2026-05-31 09:00:00,29.1,59.0,984.5,10.0,159.0,0.0,35.63333333333333,83.6,12.89,openaq_ground,101.32830820770519,Unhealthy (Sensitive Groups)
2026-05-31 10:00:00,30.6,51.0,984.4,8.8,157.0,0.0,28.566666666666663,87.7,14.96,openaq_ground,85.62947067238912,Moderate
2026-05-31 11:00:00,32.2,43.0,984.9,8.3,153.0,0.0,25.8,83.25,12.855,openaq_ground,79.81115879828327,Moderate
2026-05-31 12:00:00,32.5,43.0,984.4,5.9,133.0,0.0,24.766666666666666,69.5,13.22,openaq_ground,77.63805436337626,Moderate
2026-05-31 13:00:00,32.7,42.0,983.9,5.6,112.0,0.0,31.55,60.25,15.95,openaq_ground,91.90343347639487,Moderate
2026-05-31 14:00:00,33.0,41.0,983.1,4.7,97.0,0.0,28.3,67.0,17.5,openaq_ground,85.06866952789701,Moderate
2026-05-31 15:00:00,33.1,41.0,982.2,5.5,79.0,0.1,29.6,65.8,18.0,openaq_ground,87.80257510729615,Moderate
2026-05-31 16:00:00,31.1,46.0,982.0,12.9,50.0,0.6,24.383333333333336,70.6,19.35,openaq_ground,76.83190271816882,Moderate
2026-05-31 17:00:00,26.1,80.0,981.9,10.6,114.0,0.1,26.633333333333336,75.6,20.9,openaq_ground,81.56366237482118,Moderate
2026-05-31 18:00:00,27.3,68.0,982.1,11.9,70.0,0.0,28.03333333333333,62.65,18.75,openaq_ground,84.50786838340487,Moderate
2026-05-31 19:00:00,26.8,68.0,982.5,6.4,79.0,0.0,28.96666666666667,49.55,17.75,openaq_ground,86.47067238912733,Moderate
2026-05-31 20:00:00,26.7,70.0,983.3,4.4,99.0,0.0,32.0,40.55,18.8,openaq_ground,92.84978540772534,Moderate
2026-05-31 21:00:00,26.4,72.0,983.7,3.6,72.0,0.0,31.96666666666667,47.05,20.95,openaq_ground,92.77968526466381,Moderate
2026-05-31 22:00:00,25.9,75.0,983.5,3.0,65.0,0.0,35.13333333333333,62.0,18.75,openaq_ground,99.43919885550787,Moderate
2026-05-31 23:00:00,26.5,73.0,983.2,2.4,99.0,0.0,44.66666666666666,74.75,16.35,openaq_ground,123.57118927973197,Unhealthy (Sensitive Groups)
2026-06-01 00:00:00,26.1,73.0,982.7,3.1,140.0,0.0,43.46666666666667,68.8,16.4,openaq_ground,120.61641541038526,Unhealthy (Sensitive Groups)
2026-06-01 01:00:00,25.7,76.0,982.5,2.3,148.0,0.0,43.63333333333333,71.5,19.85,openaq_ground,121.02680067001675,Unhealthy (Sensitive Groups)
2026-06-01 02:00:00,25.4,76.0,982.5,2.7,110.0,0.0,45.6,73.0,16.5,openaq_ground,125.86934673366835,Unhealthy (Sensitive Groups)
2026-06-01 03:00:00,25.0,78.0,982.4,2.9,97.0,0.0,44.66666666666666,58.1,12.0,openaq_ground,123.57118927973197,Unhealthy (Sensitive Groups)
2026-06-01 04:00:00,24.6,82.0,982.7,4.8,77.0,0.0,47.13333333333333,64.55,12.36,openaq_ground,129.64489112227807,Unhealthy (Sensitive Groups)
2026-06-01 05:00:00,24.7,86.0,982.8,5.2,131.0,0.0,41.8,69.15,11.44,openaq_ground,116.51256281407035,Unhealthy (Sensitive Groups)
2026-06-01 06:00:00,25.2,83.0,983.2,3.8,98.0,0.0,27.5,60.5,10.325,openaq_ground,83.3862660944206,Moderate
2026-06-01 07:00:00,26.5,76.0,984.2,4.9,88.0,0.0,27.96666666666667,58.8,10.34,openaq_ground,84.36766809728184,Moderate
2026-06-01 08:00:00,25.2,75.0,985.0,13.1,92.0,0.4,32.73333333333333,66.5,10.04,openaq_ground,94.39198855507868,Moderate
2026-06-01 09:00:00,27.5,66.0,984.8,6.8,122.0,0.0,28.866666666666664,62.65,10.57,openaq_ground,86.26037195994277,Moderate
2026-06-01 10:00:00,30.0,56.0,984.9,7.2,84.0,0.0,28.433333333333334,53.115,11.955,openaq_ground,85.34907010014308,Moderate
2026-06-01 11:00:00,32.0,43.0,984.6,10.2,126.0,0.0,27.366666666666664,51.835,11.665,openaq_ground,83.10586552217453,Moderate
2026-06-01 12:00:00,31.2,46.0,984.4,7.8,112.0,0.6,27.46666666666667,66.8,14.985,openaq_ground,83.3161659513591,Moderate
2026-06-01 13:00:00,32.4,42.0,983.6,6.9,97.0,0.1,27.576666666666664,73.55,21.25,openaq_ground,83.54749642346209,Moderate
2026-06-01 14:00:00,32.7,41.0,982.5,6.5,93.0,0.0,27.883333333333336,77.3,21.0,openaq_ground,84.19241773962806,Moderate
2026-06-01 15:00:00,33.0,40.0,981.7,5.8,92.0,0.0,28.03333333333333,82.3,22.8,openaq_ground,84.50786838340487,Moderate
2026-06-01 16:00:00,33.1,39.0,981.1,5.3,78.0,0.0,29.316666666666663,84.6,22.15,openaq_ground,87.20672389127324,Moderate
2026-06-01 17:00:00,32.4,42.0,980.5,10.2,80.0,0.0,33.26666666666667,92.35,22.15,openaq_ground,95.51359084406296,Moderate
2026-06-01 18:00:00,31.0,49.0,981.0,8.9,84.0,0.0,46.53333333333333,105.75,26.3,openaq_ground,128.1675041876047,Unhealthy (Sensitive Groups)
2026-06-01 19:00:00,29.7,57.0,981.7,5.6,88.0,0.0,44.1,99.5,21.85,openaq_ground,122.17587939698493,Unhealthy (Sensitive Groups)
2026-06-01 20:00:00,28.8,62.0,982.3,5.7,81.0,0.0,35.86666666666667,88.4,20.35,openaq_ground,101.90284757118928,Unhealthy (Sensitive Groups)
2026-06-01 21:00:00,28.3,63.0,982.8,4.9,96.0,0.0,35.93333333333334,88.15,19.9,openaq_ground,102.06700167504188,Unhealthy (Sensitive Groups)
2026-06-01 22:00:00,27.8,66.0,983.1,3.9,103.0,0.0,37.06666666666667,91.65,15.35,openaq_ground,104.85762144053602,Unhealthy (Sensitive Groups)
2026-06-01 23:00:00,28.0,65.0,982.7,6.6,111.0,0.0,40.53333333333333,86.15,16.6,openaq_ground,113.39363484087102,Unhealthy (Sensitive Groups)
2026-06-02 00:00:00,27.3,66.0,982.3,6.7,84.0,0.0,41.63333333333333,90.3,18.25,openaq_ground,116.10217755443887,Unhealthy (Sensitive Groups)
2026-06-02 01:00:00,26.6,69.0,982.4,7.0,77.0,0.0,42.46666666666667,88.2,12.2,openaq_ground,118.15410385259632,Unhealthy (Sensitive Groups)
2026-06-02 02:00:00,25.1,77.0,983.0,10.8,181.0,0.5,48.333333333333336,89.4,14.79,openaq_ground,132.5996649916248,Unhealthy (Sensitive Groups)
2026-06-02 03:00:00,24.6,80.0,982.6,4.9,114.0,0.1,48.0,84.75,15.81,openaq_ground,131.7788944723618,Unhealthy (Sensitive Groups)
2026-06-02 04:00:00,24.4,80.0,982.5,5.5,81.0,0.0,41.36666666666667,69.25,14.45,openaq_ground,115.44556113902848,Unhealthy (Sensitive Groups)
2026-06-02 05:00:00,26.3,74.0,983.3,6.1,212.0,0.0,35.166666666666664,65.85,11.42,openaq_ground,99.50929899856939,Moderate
2026-06-02 06:00:00,26.0,73.0,983.7,7.2,183.0,0.0,38.1,69.3,9.215,openaq_ground,107.40201005025126,Unhealthy (Sensitive Groups)
2026-06-02 07:00:00,27.2,66.0,983.7,3.4,106.0,0.0,35.86666666666667,73.25,9.29,openaq_ground,101.90284757118928,Unhealthy (Sensitive Groups)
2026-06-02 08:00:00,29.6,54.0,984.1,6.1,95.0,0.0,33.96666666666667,66.0,10.425,openaq_ground,96.9856938483548,Moderate
2026-06-02 09:00:00,31.4,47.0,984.1,7.6,85.0,0.0,30.03333333333333,58.75,9.88,openaq_ground,88.71387696709584,Moderate
2026-06-02 10:00:00,33.3,40.0,983.9,7.9,91.0,0.0,30.53333333333333,54.2,10.915,openaq_ground,89.7653791130186,Moderate
2026-06-02 11:00:00,34.5,33.0,983.8,9.3,100.0,0.1,31.566666666666663,52.77,14.52,openaq_ground,91.9384835479256,Moderate
2026-06-02 12:00:00,35.3,30.0,982.8,7.6,102.0,0.0,31.766666666666666,48.18,12.66,openaq_ground,92.3590844062947,Moderate
2026-06-02 13:00:00,36.2,28.0,982.1,7.1,117.0,0.1,36.0,48.5,15.35,openaq_ground,102.23115577889448,Unhealthy (Sensitive Groups)
2026-06-02 14:00:00,36.3,28.0,981.0,7.6,128.0,0.1,29.6,53.9,15.045,openaq_ground,87.80257510729615,Moderate
2026-06-02 15:00:00,36.5,28.0,980.1,7.3,134.0,0.0,30.066666666666663,57.8,19.75,openaq_ground,88.78397711015737,Moderate
2026-06-02 16:00:00,35.9,29.0,979.6,6.0,139.0,0.0,36.03333333333333,70.0,25.75,openaq_ground,102.31323283082077,Unhealthy (Sensitive Groups)
2026-06-02 17:00:00,32.5,46.0,979.7,5.8,175.0,0.0,37.6,82.3,27.3,openaq_ground,106.17085427135679,Unhealthy (Sensitive Groups)
2026-06-02 18:00:00,32.4,47.0,979.4,5.8,182.0,0.1,38.7,85.0,25.55,openaq_ground,108.87939698492463,Unhealthy (Sensitive Groups)
2026-06-02 19:00:00,31.9,49.0,980.0,3.5,168.0,0.0,39.86666666666667,88.85,26.05,openaq_ground,111.75209380234506,Unhealthy (Sensitive Groups)
2026-06-02 20:00:00,31.6,52.0,980.3,4.2,155.0,0.0,44.8,99.15,27.35,openaq_ground,123.89949748743717,Unhealthy (Sensitive Groups)
2026-06-02 21:00:00,31.2,54.0,980.8,4.6,141.0,0.0,51.36666666666667,107.7,29.8,openaq_ground,140.06867671691793,Unhealthy (Sensitive Groups)
2026-06-02 22:00:00,30.8,55.0,981.2,3.7,119.0,0.0,53.66666666666666,120.3,25.65,openaq_ground,145.73199329983248,Unhealthy (Sensitive Groups)
2026-06-02 23:00:00,31.0,53.0,980.3,3.3,144.0,0.0,57.76666666666667,119.75,28.8,openaq_ground,152.17035475939585,Unhealthy
2026-06-03 00:00:00,30.5,59.0,980.4,2.2,171.0,0.0,65.8,111.55,28.15,openaq_ground,156.31822971549,Unhealthy
2026-06-03 01:00:00,30.4,59.0,980.4,1.1,180.0,0.0,64.10000000000001,95.35,24.65,openaq_ground,155.4404636459431,Unhealthy
2026-06-03 02:00:00,30.1,60.0,980.0,1.8,143.0,0.0,57.36666666666667,91.15,20.65,openaq_ground,151.96382156656128,Unhealthy
2026-06-03 03:00:00,29.9,60.0,979.9,0.9,127.0,0.0,53.56666666666666,87.75,15.95,openaq_ground,145.48576214405358,Unhealthy (Sensitive Groups)
2026-06-03 04:00:00,29.5,60.0,980.0,1.4,130.0,0.0,46.63333333333333,90.4,12.78,openaq_ground,128.4137353433836,Unhealthy (Sensitive Groups)
2026-06-03 05:00:00,29.1,65.0,980.3,1.9,112.0,0.0,42.0,92.1,14.06,openaq_ground,117.00502512562814,Unhealthy (Sensitive Groups)
2026-06-03 06:00:00,29.7,59.0,980.3,4.0,93.0,0.0,45.16666666666666,94.1,13.335,openaq_ground,124.80234505862644,Unhealthy (Sensitive Groups)
2026-06-03 07:00:00,31.0,54.0,980.6,4.4,102.0,0.0,48.86666666666667,98.7,13.345,openaq_ground,133.91289782244556,Unhealthy (Sensitive Groups)
2026-06-03 08:00:00,32.7,47.0,980.6,4.5,104.0,0.0,53.86666666666667,102.75,14.245,openaq_ground,146.22445561139028,Unhealthy (Sensitive Groups)
2026-06-03 09:00:00,34.3,40.0,980.6,3.1,87.0,0.0,57.7,115.1,16.175,openaq_ground,152.1359325605901,Unhealthy
2026-06-03 10:00:00,35.6,35.0,980.3,4.2,72.0,0.0,58.8,117.775,15.535,openaq_ground,152.70389884088513,Unhealthy
2026-06-03 11:00:00,35.4,33.0,980.0,6.4,80.0,0.0,56.3,120.45,14.895,openaq_ground,151.4130663856691,Unhealthy
2026-06-03 12:00:00,36.6,32.0,979.6,7.5,60.0,0.1,47.76666666666667,114.75,22.15,openaq_ground,131.20435510887773,Unhealthy (Sensitive Groups)
2026-06-03 13:00:00,37.3,31.0,978.7,6.8,55.0,0.1,46.0,108.4,31.05,openaq_ground,126.85427135678393,Unhealthy (Sensitive Groups)
2026-06-03 14:00:00,37.9,29.0,977.5,6.6,49.0,0.0,49.9,118.2,31.9,openaq_ground,136.4572864321608,Unhealthy (Sensitive Groups)
2026-06-03 15:00:00,38.4,26.0,976.6,6.7,31.0,0.0,50.13333333333333,127.05,34.8,openaq_ground,137.0318257956449,Unhealthy (Sensitive Groups)
2026-06-03 16:00:00,37.8,27.0,975.8,6.5,360.0,0.0,54.4,132.55,38.75,openaq_ground,147.53768844221105,Unhealthy (Sensitive Groups)
2026-06-03 17:00:00,38.5,26.0,975.1,9.0,64.0,0.0,55.833333333333336,132.1,37.5,openaq_ground,151.1721109940288,Unhealthy
2026-06-03 18:00:00,36.0,33.0,975.7,9.9,92.0,0.1,54.93333333333334,132.2,32.650000000000006,openaq_ground,148.85092127303184,Unhealthy (Sensitive Groups)
2026-06-03 19:00:00,35.1,37.0,976.1,11.1,115.0,0.4,54.633333333333326,130.2,29.200000000000003,openaq_ground,148.1122278056951,Unhealthy (Sensitive Groups)
2026-06-03 20:00:00,34.7,38.0,976.5,7.0,103.0,0.0,56.16666666666666,125.45,23.1,openaq_ground,151.3442219880576,Unhealthy
2026-06-03 21:00:00,34.1,41.0,977.1,5.4,98.0,0.0,56.13333333333333,114.6,19.3,openaq_ground,151.3270108886547,Unhealthy
2026-06-03 22:00:00,33.2,45.0,977.3,4.6,135.0,0.0,53.1,91.95,15.65,openaq_ground,144.33668341708542,Unhealthy (Sensitive Groups)
2026-06-03 23:00:00,33.4,46.0,977.2,8.4,171.0,0.0,47.93333333333334,73.85,15.8,openaq_ground,131.61474036850922,Unhealthy (Sensitive Groups)
2026-06-04 00:00:00,32.2,50.0,977.1,5.6,165.0,0.0,45.9,78.6,17.75,openaq_ground,126.60804020100502,Unhealthy (Sensitive Groups)
2026-06-04 01:00:00,31.1,55.0,976.6,4.2,162.0,0.0,51.3,105.85,24.3,openaq_ground,139.90452261306532,Unhealthy (Sensitive Groups)
2026-06-04 02:00:00,30.4,57.0,976.4,4.0,185.0,0.0,54.5,114.3,20.2,openaq_ground,147.78391959798995,Unhealthy (Sensitive Groups)
2026-06-04 03:00:00,29.8,57.0,976.3,4.3,180.0,0.0,44.76666666666667,110.4,17.15,openaq_ground,123.81742043551091,Unhealthy (Sensitive Groups)
2026-06-04 04:00:00,29.3,58.0,976.4,4.3,178.0,0.0,58.03333333333333,122.55,20.15,openaq_ground,152.3080435546189,Unhealthy
2026-06-04 05:00:00,30.7,51.0,976.9,13.0,215.0,0.0,80.66666666666667,176.35,20.5,openaq_ground,163.99438004917457,Unhealthy
2026-06-04 06:00:00,30.9,49.0,976.7,2.4,81.0,0.0,70.86666666666666,159.05,17.75,openaq_ground,158.93431682472777,Unhealthy
2026-06-04 07:00:00,28.4,59.0,978.3,10.5,59.0,0.1,64.3,137.65,16.95,openaq_ground,155.54373024236037,Unhealthy
2026-06-04 08:00:00,31.0,50.0,977.8,7.5,143.0,0.0,60.96666666666667,134.85,13.205,openaq_ground,153.82262030207235,Unhealthy
2026-06-04 09:00:00,33.8,42.0,978.4,8.7,104.0,0.0,32.03333333333333,125.4,13.05,openaq_ground,92.91988555078683,Moderate
2026-06-04 10:00:00,34.5,42.0,978.3,10.2,113.0,0.0,25.4,52.45,10.505,openaq_ground,78.96995708154506,Moderate
2026-06-04 11:00:00,38.3,25.0,977.6,6.7,128.0,0.0,22.96666666666667,67.35,17.9,openaq_ground,73.85264663805437,Moderate
2026-06-04 12:00:00,39.5,22.0,976.7,3.9,133.0,0.2,29.15,66.25,29.8,openaq_ground,86.85622317596567,Moderate
2026-06-04 13:00:00,39.0,22.0,976.6,11.8,239.0,0.0,28.8,136.5,25.1,openaq_ground,91.33838383838383,Moderate
2026-06-04 14:00:00,39.1,23.0,975.8,10.1,260.0,0.1,26.366666666666664,217.5,14.5,openaq_ground,131.93434343434345,Unhealthy (Sensitive Groups)
2026-06-04 15:00:00,38.5,25.0,975.5,10.7,338.0,0.0,21.266666666666666,150.0,14.7,openaq_ground,98.02020202020202,Moderate
2026-06-04 16:00:00,37.5,30.0,975.2,11.3,18.0,0.0,21.866666666666664,123.0,20.55,openaq_ground,84.65656565656566,Moderate
2026-06-04 17:00:00,34.4,34.0,974.8,7.6,98.0,0.0,22.0,132.5,22.5,openaq_ground,89.35858585858585,Moderate
2026-06-04 18:00:00,34.4,32.0,975.4,11.3,226.0,0.0,38.0,135.0,18.7,openaq_ground,107.15577889447236,Unhealthy (Sensitive Groups)
2026-06-04 19:00:00,29.9,50.0,976.5,14.8,260.0,0.1,30.23333333333333,137.5,14.9,openaq_ground,91.83333333333334,Moderate
2026-06-04 20:00:00,30.0,53.0,976.7,8.3,275.0,0.1,30.633333333333336,110.0,15.1,openaq_ground,89.97567954220317,Moderate
2026-06-04 21:00:00,29.9,54.0,977.7,8.1,273.0,0.0,34.333333333333336,138.5,16.15,openaq_ground,97.75679542203147,Moderate
2026-06-04 22:00:00,29.7,54.0,977.8,7.1,255.0,0.0,31.8,156.0,11.05,openaq_ground,101.4949494949495,Unhealthy (Sensitive Groups)
2026-06-04 23:00:00,28.1,55.0,978.4,13.4,332.0,0.0,29.23333333333333,124.0,9.335,openaq_ground,87.03147353361946,Moderate
2026-06-05 00:00:00,26.2,68.0,978.6,2.4,283.0,0.8,17.766666666666666,73.9,7.04,openaq_ground,62.9170243204578,Moderate
2026-06-05 01:00:00,25.4,85.0,977.1,2.6,106.0,1.2,17.233333333333334,72.3,14.4,openaq_ground,61.795422031473535,Moderate
2026-06-05 02:00:00,26.0,77.0,976.6,9.0,136.0,0.0,19.2,83.35,14.9,openaq_ground,65.93133047210301,Moderate
2026-06-05 03:00:00,26.3,74.0,975.8,4.9,152.0,0.0,22.4,84.3,11.6,openaq_ground,72.66094420600858,Moderate
2026-06-05 04:00:00,26.7,69.0,976.6,5.6,263.0,0.0,36.66666666666666,105.95,14.955,openaq_ground,103.87269681742042,Unhealthy (Sensitive Groups)
2026-06-05 05:00:00,25.1,85.0,977.5,13.9,268.0,0.0,47.2,125.65,19.53,openaq_ground,129.80904522613065,Unhealthy (Sensitive Groups)
2026-06-05 06:00:00,26.4,72.0,978.3,2.4,347.0,0.0,45.06666666666666,130.0,24.65,openaq_ground,124.55611390284756,Unhealthy (Sensitive Groups)
2026-06-05 07:00:00,27.0,67.0,978.6,1.8,24.0,0.0,45.6,143.5,27.325,openaq_ground,125.86934673366835,Unhealthy (Sensitive Groups)
2026-06-05 08:00:00,28.4,59.0,979.3,1.6,186.0,0.0,46.0,133.0,25.290000000000003,openaq_ground,126.85427135678393,Unhealthy (Sensitive Groups)
2026-06-05 09:00:00,29.5,53.0,980.3,4.8,15.0,0.0,45.46666666666667,129.5,15.4,openaq_ground,125.54103852596316,Unhealthy (Sensitive Groups)
2026-06-05 10:00:00,31.2,47.0,980.1,4.9,354.0,0.0,37.23333333333333,111.5,11.445,openaq_ground,105.26800670016749,Unhealthy (Sensitive Groups)
2026-06-05 11:00:00,32.2,42.0,980.0,8.0,326.0,0.0,37.1,108.5,12.22,openaq_ground,104.93969849246231,Unhealthy (Sensitive Groups)
2026-06-05 12:00:00,32.9,41.0,980.1,9.0,348.0,0.0,54.400000000000006,111.5,19.355,openaq_ground,147.53768844221108,Unhealthy (Sensitive Groups)
2026-06-05 13:00:00,34.0,41.0,979.2,9.5,358.0,0.0,59.75,121.5,38.65,openaq_ground,153.19441517386724,Unhealthy
2026-06-05 14:00:00,33.8,43.0,978.6,8.3,20.0,0.0,63.650000000000006,127.5,43.95,openaq_ground,155.20811380400423,Unhealthy
2026-06-05 15:00:00,33.4,45.0,978.0,8.3,24.0,0.0,70.15,125.5,46.3,openaq_ground,158.56427818756586,Unhealthy
2026-06-05 16:00:00,33.7,45.0,977.3,6.8,27.0,0.1,80.1,162.0,42.95,openaq_ground,163.7017913593256,Unhealthy
2026-06-05 17:00:00,34.7,42.0,976.7,3.5,51.0,0.0,85.75,188.5,43.55,openaq_ground,166.6190727081138,Unhealthy
2026-06-05 18:00:00,34.2,43.0,976.7,3.6,30.0,0.0,94.6,191.5,37.224999999999994,openaq_ground,171.1886195995785,Unhealthy
2026-06-05 19:00:00,33.5,47.0,977.2,4.0,360.0,0.0,109.5,194.5,30.9,openaq_ground,178.88198103266598,Unhealthy
2026-06-05 20:00:00,32.8,51.0,977.6,3.1,13.0,0.0,106.0,212.5,32.25,openaq_ground,177.07481559536353,Unhealthy
2026-06-05 21:00:00,32.2,54.0,978.1,2.4,54.0,0.0,97.0,208.5,30.2,openaq_ground,172.42781875658588,Unhealthy
2026-06-05 22:00:00,31.8,56.0,978.4,3.6,90.0,0.0,94.7,188.0,29.05,openaq_ground,171.24025289778714,Unhealthy
2026-06-05 23:00:00,31.7,52.0,978.2,4.0,153.0,0.0,98.25,181.0,23.25,openaq_ground,173.0732349841939,Unhealthy
2026-06-06 00:00:00,30.5,59.0,977.9,3.5,125.0,0.0,100.4,196.5,29.15,openaq_ground,174.18335089567967,Unhealthy
2026-06-06 01:00:00,29.8,65.0,977.7,4.6,132.0,0.0,111.5,202.0,55.05,openaq_ground,179.91464699683877,Unhealthy
2026-06-06 02:00:00,29.2,69.0,977.5,4.2,149.0,0.0,84.0,195.5,68.8,openaq_ground,165.71548998946258,Unhealthy
2026-06-06 03:00:00,28.8,71.0,977.9,3.6,160.0,0.0,65.95,170.0,39.85,openaq_ground,156.39567966280296,Unhealthy
2026-06-06 04:00:00,28.5,71.0,978.0,4.5,164.0,0.0,50.85,170.0,21.9,openaq_ground,138.7964824120603,Unhealthy (Sensitive Groups)
2026-06-06 05:00:00,29.0,66.0,978.0,4.4,212.0,0.0,38.9,172.0,12.595,openaq_ground,109.41414141414141,Unhealthy (Sensitive Groups)
2026-06-06 06:00:00,29.6,62.0,978.6,4.0,212.0,0.0,34.63333333333333,191.5,0.0,openaq_ground,119.06565656565657,Unhealthy (Sensitive Groups)
2026-06-06 07:00:00,31.4,54.0,979.5,2.8,230.0,0.0,44.6,197.0,8.15,openaq_ground,123.4070351758794,Unhealthy (Sensitive Groups)
2026-06-06 08:00:00,33.5,46.0,979.9,2.2,256.0,0.0,54.833333333333336,208.5,7.4,openaq_ground,148.60469011725294,Unhealthy (Sensitive Groups)
2026-06-06 09:00:00,35.4,40.0,980.1,3.3,279.0,0.0,41.93333333333333,192.0,5.95,openaq_ground,119.31313131313132,Unhealthy (Sensitive Groups)
2026-06-06 10:00:00,37.0,35.0,980.0,3.4,302.0,0.0,36.93333333333333,181.5,10.68,openaq_ground,114.11616161616162,Unhealthy (Sensitive Groups)
2026-06-06 11:00:00,38.6,30.0,979.8,6.3,285.0,0.0,42.0,194.0,12.685,openaq_ground,120.30303030303031,Unhealthy (Sensitive Groups)
2026-06-06 12:00:00,39.4,27.0,979.1,6.8,310.0,0.0,33.1,241.5,14.525,openaq_ground,143.81313131313132,Unhealthy (Sensitive Groups)
2026-06-06 13:00:00,40.3,23.0,978.1,6.6,325.0,0.0,22.3,279.5,33.7,openaq_ground,163.12626262626262,Unhealthy
2026-06-06 14:00:00,40.1,23.0,977.6,8.1,305.0,0.0,23.666666666666668,178.5,43.5,openaq_ground,112.63131313131314,Unhealthy (Sensitive Groups)
2026-06-06 15:00:00,39.9,24.0,977.0,8.9,308.0,0.0,29.2,140.0,24.0,openaq_ground,93.07070707070707,Moderate
2026-06-06 16:00:00,39.2,25.0,976.8,12.1,290.0,0.0,17.400000000000002,98.65,14.44,openaq_ground,72.60454545454546,Moderate
2026-06-06 17:00:00,35.3,37.0,975.9,12.5,152.0,0.0,18.33333333333333,87.05,15.075,openaq_ground,66.8631313131313,Moderate
2026-06-06 18:00:00,34.8,38.0,976.6,8.6,170.0,0.0,22.9,87.925,17.5375,openaq_ground,73.71244635193133,Moderate
2026-06-06 19:00:00,34.5,34.0,977.0,5.1,207.0,0.0,21.266666666666666,88.8,20.0,openaq_ground,70.27753934191702,Moderate
2026-06-06 20:00:00,34.2,36.0,977.6,4.8,209.0,0.0,20.05,81.9,16.0,openaq_ground,67.71888412017168,Moderate
2026-06-06 21:00:00,33.9,37.0,978.0,6.0,217.0,0.0,19.683333333333334,75.4,18.85,openaq_ground,66.94778254649499,Moderate
2026-06-06 22:00:00,33.8,37.0,978.3,7.2,251.0,0.0,19.35,68.55,23.4,openaq_ground,66.24678111587983,Moderate
2026-06-06 23:00:00,32.7,40.0,978.7,11.7,253.0,0.0,19.166666666666668,70.05,21.0,openaq_ground,65.86123032904149,Moderate
2026-06-07 00:00:00,31.1,45.0,978.6,10.9,253.0,0.0,19.766666666666666,73.65,16.65,openaq_ground,67.12303290414879,Moderate
2026-06-07 01:00:00,30.1,50.0,978.4,10.3,258.0,0.0,20.0,81.85,10.715,openaq_ground,67.61373390557941,Moderate
2026-06-07 02:00:00,29.6,51.0,978.3,9.8,262.0,0.0,20.83333333333333,89.85,10.99,openaq_ground,69.3662374821173,Moderate
2026-06-07 03:00:00,29.1,52.0,978.3,8.7,263.0,0.0,36.3,125.05,11.085,openaq_ground,102.96984924623115,Unhealthy (Sensitive Groups)
2026-06-07 04:00:00,28.9,51.0,978.7,7.7,273.0,0.0,40.0,146.0,10.52,openaq_ground,112.08040201005025,Unhealthy (Sensitive Groups)
2026-06-07 05:00:00,29.1,55.0,978.7,6.9,277.0,0.0,36.333333333333336,164.0,7.865,openaq_ground,105.45454545454545,Unhealthy (Sensitive Groups)
2026-06-07 06:00:00,29.2,56.0,979.4,5.6,272.0,0.0,36.16666666666666,190.5,7.33,openaq_ground,118.57070707070707,Unhealthy (Sensitive Groups)
2026-06-07 07:00:00,30.5,51.0,980.0,6.1,275.0,0.0,37.16666666666666,219.0,6.845,openaq_ground,132.67676767676767,Unhealthy (Sensitive Groups)
2026-06-07 08:00:00,32.8,43.0,980.3,6.8,292.0,0.0,41.833333333333336,232.0,5.79,openaq_ground,139.11111111111111,Unhealthy (Sensitive Groups)
2026-06-07 09:00:00,31.7,44.0,981.4,20.5,322.0,0.1,41.333333333333336,230.5,4.36,openaq_ground,138.36868686868686,Unhealthy (Sensitive Groups)
2026-06-07 10:00:00,32.1,44.0,980.1,5.9,40.0,0.1,34.36666666666667,205.0,4.96,openaq_ground,125.74747474747474,Unhealthy (Sensitive Groups)
2026-06-07 11:00:00,38.2,29.0,980.3,5.4,304.0,0.0,30.53333333333333,183.5,9.775,openaq_ground,115.10606060606061,Unhealthy (Sensitive Groups)
2026-06-07 12:00:00,38.8,28.0,979.4,5.5,311.0,0.1,28.166666666666668,146.0,31.75,openaq_ground,96.04040404040404,Moderate
2026-06-07 13:00:00,39.8,26.0,978.4,5.5,302.0,0.0,29.6,163.5,47.5,openaq_ground,105.20707070707071,Unhealthy (Sensitive Groups)
2026-06-07 14:00:00,40.4,22.0,977.4,7.5,281.0,0.0,27.33333333333333,203.0,19.3,openaq_ground,124.75757575757575,Unhealthy (Sensitive Groups)
2026-06-07 15:00:00,40.4,21.0,976.6,11.4,275.0,0.0,26.7,110.9,26.05,openaq_ground,81.70386266094421,Moderate
2026-06-07 16:00:00,39.4,23.0,976.2,14.1,280.0,0.0,29.75,110.0,28.05,openaq_ground,88.11802575107296,Moderate
2026-06-07 17:00:00,34.8,45.0,976.0,20.9,267.0,0.0,27.15,106.7,12.6,openaq_ground,82.65021459227468,Moderate
2026-06-07 18:00:00,34.6,45.0,975.6,5.8,97.0,0.1,22.2,101.975,22.225,openaq_ground,74.25025252525252,Moderate
2026-06-07 19:00:00,32.4,53.0,976.0,11.2,118.0,0.0,20.6,97.25,31.85,openaq_ground,71.91161616161617,Moderate
2026-06-07 20:00:00,32.3,51.0,976.3,7.6,184.0,0.0,23.28333333333333,138.8,27.450000000000003,openaq_ground,92.47676767676768,Moderate
2026-06-07 21:00:00,32.3,50.0,976.8,5.3,208.0,0.0,19.866666666666667,155.1,12.3,openaq_ground,101.04949494949494,Unhealthy (Sensitive Groups)
2026-06-07 22:00:00,31.9,52.0,977.1,4.3,165.0,0.0,20.96666666666667,79.75,8.5,openaq_ground,69.64663805436338,Moderate
2026-06-07 23:00:00,32.8,46.0,976.6,11.6,246.0,0.0,22.3,72.4,8.78,openaq_ground,72.45064377682404,Moderate
2026-06-08 00:00:00,32.5,43.0,976.5,11.2,258.0,0.0,21.08333333333333,77.9,11.13,openaq_ground,69.89198855507868,Moderate
2026-06-08 01:00:00,31.6,44.0,976.3,9.7,259.0,0.0,23.01666666666667,80.65,11.2,openaq_ground,73.95779685264665,Moderate
2026-06-08 02:00:00,30.9,45.0,976.2,9.3,262.0,0.0,26.266666666666666,87.35,12.125,openaq_ground,80.7925608011445,Moderate
2026-06-08 03:00:00,30.4,46.0,976.1,9.1,260.0,0.0,32.36666666666667,100.25,9.03,openaq_ground,93.62088698140201,Moderate
2026-06-08 04:00:00,29.9,47.0,976.2,9.1,262.0,0.0,34.7,111.65,6.539999999999999,openaq_ground,98.52789699570816,Moderate
2026-06-08 05:00:00,30.5,52.0,976.7,9.7,268.0,0.0,37.23333333333333,111.7,6.14,openaq_ground,105.26800670016749,Unhealthy (Sensitive Groups)
2026-06-08 06:00:00,30.7,53.0,977.1,9.2,269.0,0.0,36.7,119.1,4.75,openaq_ground,103.95477386934674,Unhealthy (Sensitive Groups)
2026-06-08 07:00:00,32.1,49.0,977.6,9.5,271.0,0.0,49.05,137.95,5.295,openaq_ground,134.3643216080402,Unhealthy (Sensitive Groups)
2026-06-08 08:00:00,34.2,42.0,978.0,10.7,277.0,0.0,50.85,143.95,3.0865,openaq_ground,138.7964824120603,Unhealthy (Sensitive Groups)
2026-06-08 09:00:00,36.2,38.0,978.1,11.3,280.0,0.0,53.35,127.65,2.7425,openaq_ground,144.95226130653268,Unhealthy (Sensitive Groups)
2026-06-08 10:00:00,38.1,32.0,977.8,12.0,289.0,0.0,49.35,114.55,3.1715,openaq_ground,135.1030150753769,Unhealthy (Sensitive Groups)
2026-06-08 11:00:00,40.0,25.0,977.7,10.8,280.0,0.0,26.35,96.7,5.46,openaq_ground,80.9678111587983,Moderate
2026-06-08 12:00:00,41.1,20.0,977.0,12.1,282.0,0.0,22.75,91.65,8.68,openaq_ground,73.3969957081545,Moderate
2026-06-08 13:00:00,41.4,17.0,976.1,13.9,287.0,0.0,21.65,97.45,17.950000000000003,openaq_ground,72.01060606060607,Moderate
2026-06-08 14:00:00,41.7,14.0,975.1,12.5,290.0,0.0,26.7,104.65,35.5,openaq_ground,81.70386266094421,Moderate
2026-06-08 15:00:00,42.1,14.0,974.8,14.2,297.0,0.0,39.25,121.65,50.25,openaq_ground,110.23366834170855,Unhealthy (Sensitive Groups)
2026-06-08 16:00:00,41.7,14.0,974.2,14.5,305.0,0.0,43.55,138.95,39.2,openaq_ground,120.821608040201,Unhealthy (Sensitive Groups)
2026-06-08 17:00:00,41.7,16.0,973.6,17.6,292.0,0.0,35.55,129.5,25.85,openaq_ground,101.12311557788944,Unhealthy (Sensitive Groups)
2026-06-08 18:00:00,41.3,14.0,973.5,14.7,288.0,0.0,33.95,116.15,19.700000000000003,openaq_ground,96.95064377682405,Moderate
2026-06-08 19:00:00,40.2,17.0,973.7,14.1,280.0,0.0,32.35,102.8,13.55,openaq_ground,93.58583690987125,Moderate
2026-06-08 20:00:00,38.8,20.0,974.3,8.8,317.0,0.0,33.3,93.0,13.125,openaq_ground,95.58369098712447,Moderate
2026-06-08 21:00:00,37.2,26.0,974.8,3.6,333.0,0.0,32.0,83.65,14.3,openaq_ground,92.84978540772534,Moderate
2026-06-08 22:00:00,36.4,29.0,975.1,1.8,264.0,0.0,31.05,78.35,17.9,openaq_ground,90.85193133047211,Moderate
2026-06-08 23:00:00,35.4,30.0,974.9,6.2,248.0,0.0,25.5,77.35,19.5,openaq_ground,79.18025751072962,Moderate
2026-06-09 00:00:00,33.9,33.0,974.7,5.9,250.0,0.0,32.35,91.1,18.3,openaq_ground,93.58583690987125,Moderate
2026-06-09 01:00:00,32.9,35.0,974.2,6.0,233.0,0.0,32.75,101.8,8.425,openaq_ground,94.42703862660944,Moderate
2026-06-09 02:00:00,32.5,35.0,974.1,4.6,244.0,0.0,38.6,109.6,7.105,openaq_ground,108.63316582914574,Unhealthy (Sensitive Groups)
2026-06-09 03:00:00,32.1,34.0,974.2,4.5,256.0,0.0,45.75,118.7,6.63,openaq_ground,126.23869346733669,Unhealthy (Sensitive Groups)
2026-06-09 04:00:00,31.6,34.0,974.7,8.5,241.0,0.0,47.2,132.8,5.16,openaq_ground,129.80904522613065,Unhealthy (Sensitive Groups)
2026-06-09 05:00:00,31.7,42.0,974.4,10.2,240.0,0.0,45.25,127.8,5.415,openaq_ground,125.00753768844221,Unhealthy (Sensitive Groups)
2026-06-09 06:00:00,32.1,45.0,974.9,8.6,254.0,0.0,41.4,117.15,5.069999999999999,openaq_ground,115.52763819095478,Unhealthy (Sensitive Groups)
2026-06-09 07:00:00,33.6,47.0,975.5,10.7,263.0,0.0,35.2,109.1,5.48,openaq_ground,99.57939914163092,Moderate
2026-06-09 08:00:00,35.5,43.0,975.7,11.0,271.0,0.0,35.2,113.55,5.945,openaq_ground,99.57939914163092,Moderate
2026-06-09 09:00:00,37.5,38.0,975.8,10.3,276.0,0.0,16.3,92.9,4.180000000000001,openaq_ground,69.75858585858586,Moderate
2026-06-09 10:00:00,39.4,31.0,975.9,9.9,285.0,0.0,9.75,94.5,13.69,openaq_ground,70.55050505050505,Moderate
2026-06-09 11:00:00,41.9,20.0,975.4,9.2,290.0,0.0,27.0,244.0,22.6,openaq_ground,145.05050505050505,Unhealthy (Sensitive Groups)
2026-06-09 12:00:00,42.5,17.0,975.2,13.1,303.0,0.0,51.1,590.5,9.24,openaq_ground,486.5,Hazardous
2026-06-09 13:00:00,42.6,15.0,974.5,14.7,301.0,0.0,46.0,590.5,8.165000000000001,openaq_ground,486.5,Hazardous
2026-06-09 14:00:00,43.0,14.0,973.9,15.4,302.0,0.0,35.85,537.5,13.95,openaq_ground,433.5,Hazardous
2026-06-09 15:00:00,42.9,14.0,973.4,17.3,301.0,0.0,29.5,138.4,20.7,openaq_ground,92.27878787878788,Moderate
2026-06-09 16:00:00,42.3,14.0,973.0,16.9,294.0,0.0,24.1,120.5,12.5,openaq_ground,83.41919191919192,Moderate
2026-06-09 17:00:00,42.1,16.0,972.4,16.9,279.0,0.0,23.2,209.5,7.154999999999999,openaq_ground,127.97474747474747,Unhealthy (Sensitive Groups)
2026-06-09 18:00:00,40.8,17.0,973.0,18.7,272.0,0.0,24.0,124.0,5.88,openaq_ground,85.15151515151516,Moderate
2026-06-09 19:00:00,38.8,22.0,973.7,15.1,271.0,0.0,22.1,103.0,8.32,openaq_ground,74.75757575757575,Moderate
2026-06-09 20:00:00,38.3,23.0,974.1,8.3,271.0,0.0,22.7,87.3,14.5,openaq_ground,73.29184549356223,Moderate
2026-06-09 21:00:00,37.2,26.0,974.1,2.8,235.0,0.0,26.7,88.1,18.5,openaq_ground,81.70386266094421,Moderate
2026-06-09 22:00:00,36.5,27.0,974.3,4.0,207.0,0.0,31.8,86.8,18.2,openaq_ground,92.42918454935624,Moderate
2026-06-09 23:00:00,36.8,25.0,975.1,6.8,270.0,0.0,34.0,88.9,16.8,openaq_ground,97.05579399141632,Moderate
2026-06-10 00:00:00,35.3,28.0,974.7,9.7,255.0,0.0,36.4,95.8,17.1,openaq_ground,103.21608040201005,Unhealthy (Sensitive Groups)
2026-06-10 01:00:00,34.4,28.0,974.3,6.2,237.0,0.0,41.0,135.53333333333333,26.6,openaq_ground,114.5427135678392,Unhealthy (Sensitive Groups)
2026-06-10 02:00:00,33.7,29.0,974.0,6.7,246.0,0.0,48.0,175.26666666666665,30.5,openaq_ground,131.7788944723618,Unhealthy (Sensitive Groups)
2026-06-10 03:00:00,33.2,30.0,973.6,5.1,228.0,0.0,55.0,215.0,16.200000000000003,openaq_ground,149.01507537688443,Unhealthy (Sensitive Groups)
2026-06-10 04:00:00,32.7,31.0,974.2,8.2,238.0,0.0,48.5,221.2,14.610000000000003,openaq_ground,133.76565656565657,Unhealthy (Sensitive Groups)
2026-06-10 05:00:00,32.1,36.0,974.6,9.0,235.0,0.0,42.0,227.4,13.020000000000001,openaq_ground,136.83434343434345,Unhealthy (Sensitive Groups)
2026-06-10 06:00:00,31.3,45.0,975.4,8.4,203.0,0.0,35.5,233.6,11.430000000000001,openaq_ground,139.9030303030303,Unhealthy (Sensitive Groups)
2026-06-10 07:00:00,33.0,47.0,975.9,7.3,230.0,0.0,29.0,239.8,9.84,openaq_ground,142.9717171717172,Unhealthy (Sensitive Groups)
2026-06-10 08:00:00,35.4,46.0,976.1,11.4,263.0,0.0,22.5,246.0,8.25,openaq_ground,146.04040404040404,Unhealthy (Sensitive Groups)
2026-06-10 09:00:00,37.1,40.0,976.2,14.1,266.0,0.0,18.0,261.0,7.25,openaq_ground,153.96969696969697,Unhealthy
2026-06-10 10:00:00,38.8,35.0,976.2,13.2,276.0,0.0,12.0,213.0,8.1,openaq_ground,129.7070707070707,Unhealthy (Sensitive Groups)
2026-06-10 11:00:00,40.7,25.0,976.0,14.4,279.0,0.0,23.0,263.0,11.3,openaq_ground,154.95959595959596,Unhealthy
2026-06-10 12:00:00,41.4,23.0,975.4,12.3,278.0,0.0,23.0,263.0,16.0,openaq_ground,154.95959595959596,Unhealthy
2026-06-10 13:00:00,42.1,21.0,974.4,11.6,277.0,0.0,23.3,265.0,25.0,openaq_ground,155.94949494949495,Unhealthy
2026-06-10 14:00:00,42.6,19.0,973.4,12.3,282.0,0.0,30.0,261.0,40.7,openaq_ground,153.96969696969697,Unhealthy
2026-06-10 15:00:00,42.3,18.0,973.1,14.8,269.0,0.4,35.8,268.0,61.2,openaq_ground,157.43434343434345,Unhealthy
2026-06-10 16:00:00,41.2,21.0,973.0,14.6,250.0,0.0,53.0,291.0,68.2,openaq_ground,168.8181818181818,Unhealthy
2026-06-10 17:00:00,43.6,18.0,971.9,14.8,264.0,0.0,52.0,273.0,51.8,openaq_ground,159.9090909090909,Unhealthy
2026-06-10 18:00:00,42.9,16.0,972.1,13.0,273.0,0.0,43.0,212.0,42.3,openaq_ground,129.21212121212122,Unhealthy (Sensitive Groups)
2026-06-10 19:00:00,41.4,19.0,972.5,5.8,263.0,0.0,42.0,207.0,39.5,openaq_ground,126.73737373737373,Unhealthy (Sensitive Groups)
2026-06-10 20:00:00,40.0,21.0,972.6,4.6,193.0,0.0,26.3,179.0,38.8,openaq_ground,112.87878787878788,Unhealthy (Sensitive Groups)
2026-06-10 21:00:00,39.6,20.0,973.1,5.3,192.0,0.0,11.7,133.0,22.1,openaq_ground,89.60606060606061,Moderate
2026-06-10 22:00:00,38.7,21.0,973.7,4.0,210.0,0.0,9.33,98.0,15.6,openaq_ground,72.28282828282829,Moderate
2026-06-10 23:00:00,37.4,24.0,974.0,2.9,356.0,0.0,6.75,85.3,18.1,openaq_ground,65.9969696969697,Moderate
2026-06-11 00:00:00,36.6,30.0,973.9,0.6,214.0,0.0,8.67,89.0,15.4,openaq_ground,67.82828282828282,Moderate
2026-06-11 01:00:00,36.6,26.0,973.4,6.4,216.0,0.0,8.0,93.8,10.9,openaq_ground,70.2040404040404,Moderate
2026-06-11 02:00:00,35.8,29.0,973.4,4.5,247.0,0.0,12.5,147.9,11.350000000000001,openaq_ground,96.98080808080809,Moderate
2026-06-11 03:00:00,35.1,34.0,973.2,4.1,257.0,0.0,17.0,202.0,11.8,openaq_ground,124.26262626262627,Unhealthy (Sensitive Groups)
2026-06-11 04:00:00,34.6,39.0,973.4,3.2,267.0,0.0,29.0,168.0,12.5,openaq_ground,107.43434343434343,Unhealthy (Sensitive Groups)
2026-06-11 05:00:00,31.7,47.0,973.4,10.7,147.0,0.0,34.5,134.0,18.2,openaq_ground,98.10729613733906,Moderate
2026-06-11 06:00:00,30.5,49.0,974.8,11.9,122.0,0.1,41.7,126.0,17.6,openaq_ground,116.26633165829146,Unhealthy (Sensitive Groups)
2026-06-11 07:00:00,29.5,56.0,975.7,13.0,146.0,0.1,52.0,138.0,13.4,openaq_ground,141.6281407035176,Unhealthy (Sensitive Groups)
2026-06-11 08:00:00,31.0,54.0,976.0,13.9,137.0,0.0,57.3,148.0,18.2,openaq_ground,151.92939936775554,Unhealthy
2026-06-11 09:00:00,32.7,53.0,976.7,13.4,131.0,0.0,26.3,126.0,14.8,openaq_ground,86.14141414141415,Moderate
2026-06-11 10:00:00,34.7,47.0,976.6,13.8,140.0,0.0,35.5,133.0,12.5,openaq_ground,101.0,Unhealthy (Sensitive Groups)
2026-06-11 11:00:00,33.7,50.0,977.6,17.4,113.0,0.0,20.3,112.0,14.9,openaq_ground,79.21212121212122,Moderate
2026-06-11 12:00:00,34.3,50.0,977.1,16.1,124.0,0.0,8.5,109.0,17.1,openaq_ground,77.72727272727273,Moderate
2026-06-11 13:00:00,35.5,48.0,976.1,15.3,136.0,0.0,16.0,105.0,16.3,openaq_ground,75.74747474747474,Moderate
2026-06-11 14:00:00,36.4,45.0,975.3,13.8,143.0,0.0,17.5,100.0,15.9,openaq_ground,73.27272727272728,Moderate
2026-06-11 15:00:00,36.8,45.0,974.9,12.7,144.0,0.0,26.5,96.3,16.2,openaq_ground,81.28326180257511,Moderate
2026-06-11 16:00:00,36.8,45.0,974.5,10.1,141.0,0.0,19.3,87.8,12.0,openaq_ground,67.23434343434343,Moderate
2026-06-11 17:00:00,36.5,42.0,973.6,16.6,119.0,0.0,11.0,69.0,10.6,openaq_ground,57.92929292929293,Moderate
2026-06-11 18:00:00,35.3,45.0,973.9,15.9,117.0,0.0,6.0,43.0,5.25,openaq_ground,39.81481481481482,Good
2026-06-11 19:00:00,34.1,49.0,974.4,16.6,103.0,0.0,5.444444444444445,18.0,4.6,openaq_ground,22.685185185185187,Good
2026-06-11 20:00:00,32.7,52.0,975.1,15.9,102.0,0.0,4.888888888888889,22.9,5.319999999999999,openaq_ground,21.203703703703702,Good
2026-06-11 21:00:00,32.0,54.0,976.7,15.8,88.0,0.0,4.333333333333333,27.8,6.039999999999999,openaq_ground,25.74074074074074,Good
2026-06-11 22:00:00,31.1,58.0,977.5,19.8,92.0,0.0,3.7777777777777777,32.7,6.76,openaq_ground,30.277777777777782,Good
2026-06-11 23:00:00,27.4,75.0,978.4,13.6,35.0,0.0,3.2222222222222223,37.6,7.4799999999999995,openaq_ground,34.81481481481482,Good
2026-06-12 00:00:00,26.6,78.0,979.2,18.8,49.0,0.0,2.6666666666666665,42.5,8.2,openaq_ground,39.351851851851855,Good
2026-06-12 03:00:00,24.6,89.0,979.0,17.1,93.0,2.7,1.0,55.3,8.18,openaq_ground,51.14848484848485,Moderate
2026-06-12 04:00:00,24.2,92.0,978.2,19.6,104.0,1.5,1.0,60.7,8.67,openaq_ground,53.82121212121212,Moderate
2026-06-12 05:00:00,23.6,93.0,979.7,7.3,351.0,0.0,5.0,59.0,7.95,openaq_ground,52.97979797979798,Moderate
2026-06-12 06:00:00,23.3,93.0,980.4,18.3,97.0,2.4,6.5,65.0,8.1,openaq_ground,55.94949494949495,Moderate
2026-06-12 07:00:00,24.1,88.0,981.1,15.6,102.0,0.4,10.0,64.98655862726406,8.63,openaq_ground,55.942842148847866,Moderate
2026-06-12 08:00:00,25.7,79.0,981.4,16.6,111.0,0.0,6.75,64.97311725452812,9.45,openaq_ground,55.936189348200784,Moderate
2026-06-12 09:00:00,27.4,73.0,981.6,16.0,111.0,0.0,8.33,64.95967588179218,13.0,openaq_ground,55.9295365475537,Moderate
2026-06-12 10:00:00,29.0,66.0,981.5,16.0,114.0,0.0,16.3,64.94623450905624,11.8,openaq_ground,59.832618025751074,Moderate
2026-06-12 11:00:00,30.4,60.0,981.8,15.4,120.0,0.0,26.8,64.9327931363203,11.6,openaq_ground,81.91416309012877,Moderate
2026-06-12 12:00:00,31.3,57.0,981.7,15.9,112.0,0.0,31.5,64.91935176358436,11.9,openaq_ground,91.79828326180258,Moderate
2026-06-12 13:00:00,31.7,55.0,981.2,13.6,119.0,0.0,14.0,,13.8,openaq_ground,54.99570815450644,Moderate
2026-06-12 14:00:00,32.2,54.0,980.6,12.1,128.0,0.0,17.8,,14.9,openaq_ground,62.987124463519315,Moderate
2026-06-12 15:00:00,32.2,54.0,979.9,10.1,129.0,0.0,11.5,,12.5,openaq_ground,47.91666666666667,Good
2026-06-12 16:00:00,32.6,53.0,979.6,6.7,126.0,0.0,14.8,,11.7,openaq_ground,56.67811158798283,Moderate
2026-06-12 17:00:00,29.6,65.0,979.4,4.2,265.0,0.0,20.0,,10.6,openaq_ground,67.61373390557941,Moderate
2026-06-12 18:00:00,25.5,87.0,979.9,12.3,55.0,0.8,18.0,,3.85,openaq_ground,63.407725321888414,Moderate
2026-06-12 19:00:00,26.1,86.0,979.3,3.2,322.0,0.2,15.0,,4.85,openaq_ground,57.09871244635193,Moderate
2026-06-12 20:00:00,26.6,82.0,980.1,8.8,75.0,0.0,12.0,,7.83,openaq_ground,50.0,Good
2026-06-12 21:00:00,26.8,78.0,980.8,7.9,106.0,0.0,9.0,,5.88,openaq_ground,37.5,Good
2026-06-12 22:00:00,26.8,77.0,980.9,8.4,100.0,0.0,6.0,,5.5,openaq_ground,25.0,Good
2026-06-12 23:00:00,26.2,78.0,981.8,8.8,175.0,0.0,5.75,,6.23,openaq_ground,23.958333333333336,Good
2026-06-13 00:00:00,25.9,80.0,981.5,4.5,203.0,0.0,4.25,,7.45,openaq_ground,17.708333333333336,Good
2026-06-13 01:00:00,25.8,82.0,980.5,5.4,130.0,0.0,2.0,,11.6,openaq_ground,8.333333333333334,Good
2026-06-13 02:00:00,25.4,84.0,979.5,6.9,120.0,0.5,5.25,,12.2,openaq_ground,21.875,Good
2026-06-13 03:00:00,25.3,85.0,979.4,4.0,240.0,0.2,8.5,,12.8,openaq_ground,35.41666666666667,Good
2026-06-13 04:00:00,25.2,86.0,980.7,4.0,3.0,0.0,12.5,,12.2,openaq_ground,51.8412017167382,Moderate
2026-06-13 05:00:00,25.0,83.0,981.3,8.3,276.0,0.0,17.0,,14.2,openaq_ground,61.30472103004292,Moderate
2026-06-13 06:00:00,24.8,84.0,981.7,6.7,261.0,0.0,37.5,,34.3,openaq_ground,105.92462311557789,Unhealthy (Sensitive Groups)
2026-06-13 07:00:00,25.8,80.0,982.2,5.3,237.0,0.0,70.0,,31.0,openaq_ground,158.4868282402529,Unhealthy
2026-06-13 08:00:00,26.5,75.0,982.2,1.8,217.0,0.0,45.0,,30.4,openaq_ground,124.39195979899498,Unhealthy (Sensitive Groups)
2026-06-13 09:00:00,27.3,70.0,982.0,3.7,79.0,0.0,42.8,,31.2,openaq_ground,118.97487437185929,Unhealthy (Sensitive Groups)
2026-06-13 10:00:00,28.6,64.0,982.0,6.3,77.0,0.0,43.3,,26.9,openaq_ground,120.20603015075376,Unhealthy (Sensitive Groups)
2026-06-13 11:00:00,30.5,55.0,982.1,3.0,76.0,0.0,36.0,,25.5,openaq_ground,102.23115577889448,Unhealthy (Sensitive Groups)
2026-06-13 12:00:00,31.0,55.0,981.8,3.6,357.0,0.0,31.5,,32.7,openaq_ground,91.79828326180258,Moderate
2026-06-13 13:00:00,32.3,51.0,981.4,2.5,8.0,0.0,33.0,,39.3,openaq_ground,94.95278969957081,Moderate
2026-06-13 14:00:00,32.7,49.0,980.9,3.1,31.0,0.0,23.5,,45.9,openaq_ground,74.97424892703863,Moderate
2026-06-13 15:00:00,33.0,47.0,980.3,2.0,5.0,0.0,17.3,,57.5,openaq_ground,61.93562231759657,Moderate
2026-06-13 16:00:00,32.9,47.0,979.4,1.7,18.0,0.0,19.0,,75.5,openaq_ground,65.5107296137339,Moderate
2026-06-13 17:00:00,33.7,43.0,979.3,2.1,149.0,0.0,67.0,,105.0,openaq_ground,156.93782929399367,Unhealthy
2026-06-13 18:00:00,32.4,54.0,978.9,5.4,92.0,0.0,40.0,,83.8,openaq_ground,112.08040201005025,Unhealthy (Sensitive Groups)
2026-06-13 19:00:00,30.3,66.0,978.9,4.0,93.0,0.0,30.3,,72.4,openaq_ground,89.274678111588,Moderate
2026-06-13 20:00:00,29.7,70.0,979.1,2.5,172.0,0.0,64.0,,66.5,openaq_ground,155.38883034773446,Unhealthy
2026-06-13 21:00:00,29.3,73.0,979.5,0.5,135.0,0.0,83.0,,50.2,openaq_ground,165.1991570073762,Unhealthy
2026-06-13 22:00:00,28.4,78.0,979.5,2.3,113.0,0.0,32.0,,45.1,openaq_ground,92.84978540772534,Moderate
2026-06-13 23:00:00,28.6,72.0,979.2,4.6,225.0,0.0,9.75,,38.1,openaq_ground,40.625,Good
2026-06-14 00:00:00,27.8,72.0,978.9,4.7,220.0,0.0,25.0,,42.4,openaq_ground,78.12875536480686,Moderate
2026-06-14 01:00:00,27.2,71.0,978.6,5.2,209.0,0.0,36.8,,55.7,openaq_ground,104.20100502512562,Unhealthy (Sensitive Groups)
2026-06-14 02:00:00,26.7,71.0,978.4,5.9,218.0,0.0,63.0,,29.6,openaq_ground,154.87249736564806,Unhealthy
2026-06-14 03:00:00,26.3,73.0,978.5,5.5,229.0,0.0,27.0,,20.3,openaq_ground,82.33476394849785,Moderate
2026-06-14 04:00:00,26.0,75.0,978.7,5.3,246.0,0.0,34.5,,13.7,openaq_ground,98.10729613733906,Moderate
2026-06-14 05:00:00,26.8,82.0,979.0,3.3,279.0,0.0,54.5,,10.5,openaq_ground,147.78391959798995,Unhealthy (Sensitive Groups)
2026-06-14 06:00:00,27.5,78.0,979.4,3.7,349.0,0.0,43.5,,13.2,openaq_ground,120.69849246231156,Unhealthy (Sensitive Groups)
2026-06-14 07:00:00,28.6,76.0,979.8,2.7,28.0,0.0,43.48436563436564,,11.3,openaq_ground,120.65999578311137,Unhealthy (Sensitive Groups)
2026-06-14 08:00:00,30.0,71.0,980.2,0.2,180.0,0.0,43.46873126873127,,8.6,openaq_ground,120.62149910391116,Unhealthy (Sensitive Groups)
2026-06-14 09:00:00,31.6,65.0,980.3,1.6,264.0,0.0,43.453096903096906,,8.55,openaq_ground,120.58300242471097,Unhealthy (Sensitive Groups)
2026-06-14 10:00:00,33.0,58.0,980.2,2.4,279.0,0.0,43.43746253746254,,11.4,openaq_ground,120.54450574551078,Unhealthy (Sensitive Groups)
2026-06-14 11:00:00,34.8,45.0,979.7,2.7,266.0,0.0,43.421828171828174,,13.1,openaq_ground,120.50600906631058,Unhealthy (Sensitive Groups)
2026-06-14 12:00:00,36.0,40.0,979.0,3.6,264.0,0.0,43.406193806193805,,18.6,openaq_ground,120.46751238711038,Unhealthy (Sensitive Groups)
2026-07-25 23:00:00,27.4,92.0,978.5,9.1,81.0,0.0,27.85,50.9,21.2,openaq_ground,84.12231759656653,Moderate
2026-07-26 00:00:00,27.4,93.0,978.3,9.6,81.0,0.1,25.9,45.85,22.4,openaq_ground,80.02145922746782,Moderate
2026-07-26 01:00:00,27.5,94.0,977.9,8.2,100.0,0.0,29.7,49.4,22.15,openaq_ground,88.01287553648069,Moderate
2026-07-26 02:00:00,27.5,95.0,977.6,7.9,102.0,0.0,26.25,57.0,22.4,openaq_ground,80.75751072961374,Moderate
2026-07-26 03:00:00,27.3,95.0,977.6,7.1,100.0,0.0,27.4,41.1,19.2,openaq_ground,83.17596566523605,Moderate
2026-07-26 04:00:00,27.3,95.0,977.8,6.1,104.0,0.0,28.7,42.05,19.5,openaq_ground,85.9098712446352,Moderate
2026-07-26 05:00:00,28.3,91.0,977.6,4.3,135.0,0.0,28.75,38.4,15.3,openaq_ground,86.01502145922747,Moderate
2026-07-26 06:00:00,27.6,94.0,977.7,4.7,140.0,0.4,26.05,44.8,14.3,openaq_ground,80.33690987124464,Moderate
2026-07-26 07:00:00,28.5,90.0,978.0,5.0,154.0,0.1,40.75,84.4,16.85,openaq_ground,113.92713567839196,Unhealthy (Sensitive Groups)
2026-07-26 08:00:00,29.5,84.0,978.2,2.3,122.0,0.0,36.25,87.5,18.25,openaq_ground,102.84673366834171,Unhealthy (Sensitive Groups)
2026-07-26 09:00:00,30.7,78.0,978.1,3.3,81.0,0.0,38.0,63.75,21.5,openaq_ground,107.15577889447236,Unhealthy (Sensitive Groups)
2026-07-26 10:00:00,31.5,73.0,978.4,3.8,93.0,0.1,42.9,41.2,16.5,openaq_ground,119.22110552763819,Unhealthy (Sensitive Groups)
2026-07-26 11:00:00,32.5,63.0,978.6,3.9,68.0,0.1,30.7,93.45,23.6,openaq_ground,90.11587982832619,Moderate
2026-07-26 12:00:00,32.9,63.0,978.4,3.7,113.0,0.2,23.9,85.55,23.6,openaq_ground,75.81545064377683,Moderate
2026-07-26 13:00:00,33.5,62.0,977.9,4.3,132.0,0.2,22.1,78.5,21.9,openaq_ground,72.03004291845494,Moderate
2026-07-26 14:00:00,33.7,60.0,976.8,4.2,144.0,0.1,28.95,66.4,23.9,openaq_ground,86.43562231759657,Moderate
2026-07-26 15:00:00,33.7,59.0,976.1,3.3,144.0,0.1,26.5,53.1,34.05,openaq_ground,81.28326180257511,Moderate
2026-07-26 16:00:00,33.5,61.0,975.4,3.2,117.0,0.0,29.05,59.95,34.05,openaq_ground,86.64592274678112,Moderate
2026-07-26 17:00:00,33.7,60.0,975.0,3.9,77.0,0.0,32.35,64.7,28.8,openaq_ground,93.58583690987125,Moderate
2026-07-26 18:00:00,32.6,70.0,975.1,4.1,45.0,0.0,32.3,61.65,28.4,openaq_ground,93.48068669527896,Moderate
2026-07-26 19:00:00,31.7,77.0,975.5,3.1,54.0,0.0,30.05,66.3,33.2,openaq_ground,88.74892703862662,Moderate
2026-07-26 20:00:00,31.3,80.0,976.0,0.2,270.0,0.0,29.1,66.4,33.8,openaq_ground,86.7510729613734,Moderate
2026-07-26 21:00:00,31.1,83.0,976.6,0.3,315.0,0.0,29.75,69.45,34.900000000000006,openaq_ground,88.11802575107296,Moderate
2026-07-26 22:00:00,30.9,83.0,976.9,0.9,180.0,0.0,26.95,65.85,30.95,openaq_ground,82.22961373390558,Moderate
