datetime,no2,pm10,pm25,source
2025-09-29 23:30:00,25.813333333333333,83.7,44.4,openaq_ground
2025-09-30 00:30:00,30.166666666666668,88.36666666666667,51.925,openaq_ground
2025-09-30 01:30:00,31.599999999999998,93.46666666666665,46.325,openaq_ground
2025-09-30 02:30:00,43.26666666666667,99.03333333333335,44.625,openaq_ground
2025-09-30 03:30:00,48.26666666666667,126.0,49.525,openaq_ground
2025-09-30 04:30:00,40.833333333333336,116.33333333333333,41.175,openaq_ground
2025-09-30 05:30:00,34.73333333333333,142.0,40.175,openaq_ground
2025-09-30 06:30:00,26.633333333333336,75.5,10.727500000000001,openaq_ground
2025-09-30 07:30:00,34.06666666666667,20.666666666666668,10.0125,openaq_ground
2025-09-30 08:30:00,34.5,30.066666666666666,16.565,openaq_ground
2025-09-30 09:30:00,37.7,41.4,18.85,openaq_ground
2025-09-30 10:30:00,47.86666666666667,40.86666666666667,16.75,openaq_ground
2025-09-30 11:30:00,58.36666666666667,45.26666666666667,19.5375,openaq_ground
2025-09-30 12:30:00,59.300000000000004,69.43333333333334,29.025,openaq_ground
2025-09-30 13:30:00,43.0,77.93333333333334,37.75,openaq_ground
2025-09-30 14:30:00,42.93333333333334,78.10000000000001,41.875,openaq_ground
2025-09-30 15:30:00,33.733333333333334,78.5,40.5,openaq_ground
2025-09-30 16:30:00,28.833333333333332,56.53333333333333,30.6,openaq_ground
2025-09-30 17:30:00,30.733333333333334,44.166666666666664,18.1,openaq_ground
2025-09-30 18:30:00,26.666666666666668,30.2,12.05,openaq_ground
2025-09-30 19:30:00,24.400000000000002,33.266666666666666,10.405,openaq_ground
2025-09-30 20:30:00,28.766666666666666,40.46666666666667,17.8,openaq_ground
2025-09-30 21:30:00,24.7,46.333333333333336,11.6875,openaq_ground
2025-09-30 22:30:00,30.3,40.300000000000004,12.15,openaq_ground
2025-09-30 23:30:00,32.96666666666667,37.5,22.175,openaq_ground
2025-10-01 00:30:00,24.766666666666666,61.96666666666666,27.325,openaq_ground
2025-10-01 01:30:00,23.833333333333332,114.66666666666667,62.65,openaq_ground
2025-10-01 02:30:00,37.833333333333336,107.66666666666667,61.65,openaq_ground
2025-10-01 03:30:00,42.76666666666667,102.76666666666667,51.9,openaq_ground
2025-10-01 04:30:00,33.333333333333336,89.10000000000001,57.475,openaq_ground
2025-10-01 05:30:00,33.3,92.46666666666665,46.45,openaq_ground
2025-10-01 06:30:00,22.733333333333334,94.43333333333334,46.15,openaq_ground
2025-10-01 07:30:00,32.13333333333333,103.5,51.2,openaq_ground
2025-10-01 08:30:00,55.43333333333334,129.66666666666666,63.2,openaq_ground
2025-10-01 09:30:00,66.2,132.0,60.575,openaq_ground
2025-10-01 10:30:00,66.0,127.5,53.75,openaq_ground
2025-10-01 11:30:00,51.699999999999996,130.26666666666668,57.525,openaq_ground
2025-10-01 12:30:00,94.89999999999999,120.0,58.575,openaq_ground
2025-10-01 13:30:00,68.36666666666666,104.53333333333335,48.55,openaq_ground
2025-10-01 14:30:00,53.61333333333334,105.43333333333334,43.225,openaq_ground
2025-10-01 15:30:00,52.71333333333333,122.0,48.6,openaq_ground
2025-10-01 16:30:00,57.9,143.66666666666666,68.85,openaq_ground
2025-10-01 17:30:00,49.5,128.6,58.875,openaq_ground
2025-10-01 18:30:00,35.300000000000004,77.93333333333334,29.375,openaq_ground
2025-10-01 19:30:00,37.6,66.33333333333333,24.299999999999997,openaq_ground
2025-10-01 20:30:00,28.46666666666667,66.56666666666666,29.225,openaq_ground
2025-10-01 21:30:00,21.3,64.56666666666666,24.3925,openaq_ground
2025-10-01 22:30:00,28.3,66.93333333333334,22.025,openaq_ground
2025-10-01 23:30:00,28.066666666666663,56.5,25.5,openaq_ground
2025-10-02 00:30:00,27.433333333333334,50.800000000000004,27.15,openaq_ground
2025-10-02 01:30:00,27.8,52.26666666666667,23.85,openaq_ground
2025-10-02 02:30:00,53.46666666666667,78.93333333333334,27.35,openaq_ground
2025-10-02 03:30:00,66.5,125.66666666666667,39.4,openaq_ground
2025-10-02 04:30:00,77.13333333333334,123.33333333333333,49.6,openaq_ground
2025-10-02 05:30:00,81.43333333333334,134.33333333333334,56.849999999999994,openaq_ground
2025-10-02 06:30:00,78.13333333333334,143.0,59.85,openaq_ground
2025-10-02 07:30:00,71.33333333333333,126.33333333333333,59.625,openaq_ground
2025-10-02 08:30:00,62.56666666666666,115.10000000000001,58.15,openaq_ground
2025-10-02 09:30:00,56.166666666666664,106.86666666666667,49.7,openaq_ground
2025-10-02 10:30:00,53.800000000000004,93.8,50.3,openaq_ground
2025-10-02 11:30:00,52.099999999999994,85.96666666666665,47.599999999999994,openaq_ground
2025-10-02 12:30:00,51.0,74.76666666666667,42.075,openaq_ground
2025-10-02 13:30:00,42.36666666666667,44.23333333333333,28.314999999999998,openaq_ground
2025-10-02 14:30:00,47.13333333333333,38.46666666666667,24.875,openaq_ground
2025-10-02 15:30:00,43.63333333333333,64.03333333333333,41.825,openaq_ground
2025-10-02 16:30:00,41.333333333333336,85.33333333333333,50.575,openaq_ground
2025-10-02 17:30:00,32.56666666666667,84.53333333333333,53.7,openaq_ground
2025-10-02 18:30:00,32.03333333333333,62.93333333333334,25.95,openaq_ground
2025-10-02 19:30:00,28.03333333333333,58.5,27.55,openaq_ground
2025-10-02 20:30:00,22.866666666666664,60.4,29.3,openaq_ground
2025-10-02 21:30:00,26.433333333333334,61.53333333333333,32.275,openaq_ground
2025-10-02 22:30:00,19.633333333333333,52.199999999999996,26.95,openaq_ground
2025-10-02 23:30:00,28.866666666666664,54.93333333333334,28.25,openaq_ground
2025-10-03 00:30:00,31.066666666666666,52.73333333333333,26.925,openaq_ground
2025-10-03 01:30:00,28.566666666666666,46.73333333333333,28.6,openaq_ground
2025-10-03 02:30:00,37.86666666666667,48.0,26.15,openaq_ground
2025-10-03 03:30:00,41.199999999999996,61.166666666666664,22.5,openaq_ground
2025-10-03 04:30:00,35.23333333333333,62.199999999999996,19.1,openaq_ground
2025-10-03 05:30:00,31.2,55.0,30.75,openaq_ground
2025-10-03 06:30:00,26.8,42.666666666666664,22.975,openaq_ground
2025-10-03 07:30:00,53.4,81.86666666666666,21.35,openaq_ground
2025-10-03 08:30:00,48.5,98.10000000000001,40.9,openaq_ground
2025-10-03 09:30:00,54.76666666666667,113.0,42.599999999999994,openaq_ground
2025-10-03 10:30:00,44.4,78.53333333333333,28.724999999999998,openaq_ground
2025-10-03 11:30:00,33.86666666666667,57.96666666666667,21.175,openaq_ground
2025-10-03 12:30:00,74.63333333333334,58.9,17.475,openaq_ground
2025-10-03 13:30:00,40.6,65.76666666666667,28.1,openaq_ground
2025-10-03 14:30:00,57.166666666666664,78.39999999999999,27.25,openaq_ground
2025-10-03 15:30:00,35.6,85.83333333333333,32.525,openaq_ground
2025-10-03 16:30:00,38.43333333333333,101.26666666666667,39.525,openaq_ground
2025-10-03 17:30:00,32.666666666666664,124.66666666666667,51.275,openaq_ground
2025-10-03 18:30:00,30.0,123.16666666666667,40.125,openaq_ground
2025-10-03 19:30:00,25.933333333333337,126.0,40.05,openaq_ground
2025-10-03 20:30:00,27.05,139.0,55.5,openaq_ground
2025-10-03 21:30:00,24.0,150.33333333333334,75.475,openaq_ground
2025-10-03 22:30:00,22.75,148.0,65.3,openaq_ground
2025-10-03 23:30:00,18.3,139.5,66.06666666666666,openaq_ground
2025-10-04 00:30:00,23.450000000000003,122.0,59.800000000000004,openaq_ground
2025-10-04 01:30:00,22.46666666666667,150.33333333333334,70.95,openaq_ground
2025-10-04 02:30:00,43.13333333333333,214.33333333333334,99.725,openaq_ground
2025-10-04 03:30:00,64.66666666666667,194.0,84.0,openaq_ground
2025-10-04 04:30:00,67.63333333333334,124.33333333333333,57.800000000000004,openaq_ground
2025-10-04 05:30:00,61.56666666666666,90.89999999999999,50.06666666666666,openaq_ground
2025-10-04 06:30:00,58.43333333333334,106.4,44.225,openaq_ground
2025-10-04 07:30:00,58.300000000000004,101.33333333333333,47.375,openaq_ground
2025-10-04 08:30:00,52.5,111.46666666666665,45.833333333333336,openaq_ground
2025-10-04 09:30:00,49.75,104.73333333333333,44.3,openaq_ground
2025-10-04 10:30:00,44.10999999999999,94.86666666666667,45.65,openaq_ground
2025-10-04 11:30:00,38.56666666666666,108.43333333333334,54.225,openaq_ground
2025-10-04 12:30:00,39.39333333333334,109.0,54.075,openaq_ground
2025-10-04 13:30:00,40.949999999999996,111.66666666666667,62.349999999999994,openaq_ground
2025-10-04 14:30:00,38.42666666666667,126.0,63.05,openaq_ground
2025-10-04 15:30:00,43.5,148.66666666666666,82.0,openaq_ground
2025-10-04 16:30:00,45.5,151.0,74.7,openaq_ground
2025-10-04 17:30:00,42.1,125.0,64.725,openaq_ground
2025-10-04 18:30:00,38.56666666666666,149.0,77.425,openaq_ground
2025-10-04 19:30:00,38.333333333333336,149.33333333333334,85.175,openaq_ground
2025-10-04 20:30:00,38.3,136.66666666666666,65.35,openaq_ground
2025-10-04 21:30:00,34.9,125.66666666666667,65.75,openaq_ground
2025-10-04 22:30:00,32.86666666666667,142.0,73.025,openaq_ground
2025-10-04 23:30:00,30.23333333333333,146.66666666666666,83.775,openaq_ground
2025-10-05 00:30:00,32.96666666666667,128.33333333333334,72.375,openaq_ground
2025-10-05 01:30:00,34.56666666666666,105.33333333333333,61.225,openaq_ground
2025-10-05 02:30:00,37.166666666666664,99.5,59.575,openaq_ground
2025-10-05 03:30:00,36.833333333333336,84.33333333333333,47.075,openaq_ground
2025-10-05 04:30:00,52.0,76.5,26.6,openaq_ground
2025-10-05 05:30:00,69.1,86.85,35.666666666666664,openaq_ground
2025-10-05 06:30:00,66.5,131.0,66.96666666666665,openaq_ground
2025-10-05 07:30:00,65.63333333333334,164.66666666666666,90.45,openaq_ground
2025-10-05 08:30:00,68.83333333333333,159.33333333333334,80.3,openaq_ground
2025-10-05 09:30:00,62.76666666666667,141.33333333333334,60.15,openaq_ground
2025-10-05 10:30:00,52.26666666666667,131.33333333333334,59.2,openaq_ground
2025-10-05 11:30:00,55.4,120.0,53.9,openaq_ground
2025-10-05 12:30:00,54.7,96.65,47.23333333333333,openaq_ground
2025-10-05 13:30:00,52.650000000000006,100.1,48.03333333333333,openaq_ground
2025-10-05 14:30:00,46.55,114.0,57.0,openaq_ground
2025-10-05 15:30:00,37.9,111.66666666666667,66.15,openaq_ground
2025-10-05 16:30:00,35.300000000000004,121.0,70.45,openaq_ground
2025-10-05 17:30:00,39.53333333333333,125.33333333333333,60.25,openaq_ground
2025-10-05 18:30:00,35.13333333333333,81.86666666666666,28.8,openaq_ground
2025-10-05 19:30:00,30.96666666666667,40.06666666666666,19.697499999999998,openaq_ground
2025-10-05 20:30:00,28.933333333333334,27.8,17.925,openaq_ground
2025-10-05 21:30:00,25.666666666666668,37.43333333333333,13.775,openaq_ground
2025-10-05 22:30:00,23.2,28.5,13.299999999999999,openaq_ground
2025-10-05 23:30:00,25.333333333333332,25.333333333333332,23.9,openaq_ground
2025-10-06 00:30:00,24.53333333333333,31.03333333333333,24.9,openaq_ground
2025-10-06 01:30:00,27.46666666666667,45.9,22.025,openaq_ground
2025-10-06 02:30:00,31.066666666666666,39.666666666666664,23.65,openaq_ground
2025-10-06 03:30:00,37.199999999999996,70.63333333333334,38.225,openaq_ground
2025-10-06 04:30:00,40.199999999999996,88.26666666666667,51.474999999999994,openaq_ground
2025-10-06 05:30:00,44.76666666666667,89.16666666666667,42.475,openaq_ground
2025-10-06 06:30:00,38.43333333333333,88.26666666666667,34.725,openaq_ground
2025-10-06 07:30:00,38.86666666666667,104.83333333333333,36.5,openaq_ground
2025-10-06 08:30:00,33.833333333333336,65.7,34.025,openaq_ground
2025-10-06 09:30:00,30.46666666666667,51.9,33.375,openaq_ground
2025-10-06 10:30:00,34.85,37.05,23.566666666666666,openaq_ground
2025-10-06 11:30:00,33.3,50.2,24.400000000000002,openaq_ground
2025-10-06 12:30:00,33.55,61.5,35.46666666666667,openaq_ground
2025-10-06 13:30:00,31.3,57.8,28.933333333333334,openaq_ground
2025-10-06 14:30:00,30.35,58.8,33.53333333333333,openaq_ground
2025-10-06 15:30:00,25.950000000000003,61.35,35.36666666666667,openaq_ground
2025-10-06 16:30:00,32.1,58.85,34.56666666666667,openaq_ground
2025-10-06 17:30:00,35.650000000000006,36.55,25.599999999999998,openaq_ground
2025-10-06 18:30:00,31.8,36.8,23.8,openaq_ground
2025-10-06 19:30:00,36.95,47.5,23.766666666666666,openaq_ground
2025-10-06 20:30:00,30.299999999999997,41.15,22.400000000000002,openaq_ground
2025-10-06 21:30:00,25.450000000000003,31.7,20.533333333333335,openaq_ground
2025-10-06 22:30:00,33.5,37.3,22.400000000000002,openaq_ground
2025-10-06 23:30:00,30.25,22.8,16.733333333333334,openaq_ground
2025-10-07 00:30:00,30.85,16.5,18.133333333333333,openaq_ground
2025-10-07 01:30:00,30.549999999999997,22.65,17.366666666666667,openaq_ground
2025-10-07 02:30:00,33.2,31.299999999999997,22.8,openaq_ground
2025-10-07 03:30:00,42.65,31.55,19.366666666666664,openaq_ground
2025-10-07 04:30:00,49.0,33.55,15.766666666666666,openaq_ground
2025-10-07 05:30:00,60.35,39.25,17.333333333333332,openaq_ground
2025-10-07 06:30:00,72.15,54.35,24.366666666666664,openaq_ground
2025-10-07 07:30:00,61.5,69.3,34.36666666666667,openaq_ground
2025-10-07 08:30:00,58.05,58.4,21.333333333333332,openaq_ground
2025-10-07 09:30:00,57.2,84.3,48.93333333333334,openaq_ground
2025-10-07 10:30:00,47.4,73.69999999999999,36.833333333333336,openaq_ground
2025-10-07 11:30:00,32.26666666666667,37.45666666666667,10.3825,openaq_ground
2025-10-07 12:30:00,32.300000000000004,25.290000000000003,6.34125,openaq_ground
2025-10-07 13:30:00,32.699999999999996,25.3,9.075,openaq_ground
2025-10-07 14:30:00,35.5,30.5,16.025,openaq_ground
2025-10-07 15:30:00,34.56666666666666,44.1,25.2,openaq_ground
2025-10-07 16:30:00,32.266666666666666,58.76666666666667,32.625,openaq_ground
2025-10-07 17:30:00,33.93333333333333,71.2,37.0,openaq_ground
2025-10-07 18:30:00,27.433333333333334,66.66666666666667,31.85,openaq_ground
2025-10-07 19:30:00,27.533333333333335,57.833333333333336,29.8,openaq_ground
2025-10-07 20:30:00,28.866666666666664,54.666666666666664,26.4,openaq_ground
2025-10-07 21:30:00,25.766666666666666,55.03333333333333,28.075,openaq_ground
2025-10-07 22:30:00,26.833333333333332,60.36666666666667,30.5,openaq_ground
2025-10-07 23:30:00,26.066666666666663,64.0,34.325,openaq_ground
2025-10-08 00:30:00,24.333333333333332,75.16666666666667,39.625,openaq_ground
2025-10-08 01:30:00,27.133333333333336,65.76666666666667,31.7,openaq_ground
2025-10-08 02:30:00,28.866666666666664,66.13333333333333,33.875,openaq_ground
2025-10-08 03:30:00,31.7,62.800000000000004,31.65,openaq_ground
2025-10-08 04:30:00,36.6,64.5,35.05,openaq_ground
2025-10-08 05:30:00,39.13333333333333,74.06666666666666,41.825,openaq_ground
2025-10-08 06:30:00,40.46666666666666,88.7,48.875,openaq_ground
2025-10-08 07:30:00,46.26666666666667,80.53333333333333,36.825,openaq_ground
2025-10-08 08:30:00,11.933333333333332,83.26666666666667,42.575,openaq_ground
2025-10-08 09:30:00,11.766666666666666,81.93333333333334,40.625,openaq_ground
2025-10-08 10:30:00,30.166666666666668,80.3,35.075,openaq_ground
2025-10-08 11:30:00,27.1,85.63333333333333,32.925,openaq_ground
2025-10-08 12:30:00,34.06666666666667,83.06666666666666,31.775,openaq_ground
2025-10-08 13:30:00,40.1,89.73333333333333,36.65,openaq_ground
2025-10-08 14:30:00,38.86666666666667,96.3,36.25,openaq_ground
2025-10-08 15:30:00,32.5,102.0,41.875,openaq_ground
2025-10-08 16:30:00,33.5,88.2,35.925,openaq_ground
2025-10-08 17:30:00,31.333333333333332,88.06666666666666,33.95,openaq_ground
2025-10-08 18:30:00,30.5,92.86666666666667,40.1,openaq_ground
2025-10-08 19:30:00,28.833333333333332,90.53333333333335,44.075,openaq_ground
2025-10-08 20:30:00,22.433333333333334,75.53333333333335,36.975,openaq_ground
2025-10-08 21:30:00,22.46666666666667,60.36666666666667,29.65,openaq_ground
2025-10-08 22:30:00,25.8,65.36666666666666,33.225,openaq_ground
2025-10-08 23:30:00,24.166666666666668,72.03333333333333,31.375,openaq_ground
2025-10-09 00:30:00,24.3,79.76666666666667,37.775,openaq_ground
2025-10-09 01:30:00,25.7,93.66666666666667,41.775,openaq_ground
2025-10-09 02:30:00,26.266666666666666,101.46666666666665,44.0,openaq_ground
2025-10-09 03:30:00,22.866666666666664,106.0,45.55,openaq_ground
2025-10-09 04:30:00,20.07,102.0,43.425,openaq_ground
2025-10-09 05:30:00,20.6,94.56666666666666,37.325,openaq_ground
2025-10-09 06:30:00,16.55,90.3,35.125,openaq_ground
2025-10-09 07:30:00,16.5,98.43333333333334,39.675,openaq_ground
2025-10-09 08:30:00,16.7,100.86666666666667,36.2,openaq_ground
2025-10-09 09:30:00,9.274999999999999,95.43333333333334,38.974999999999994,openaq_ground
2025-10-09 10:30:00,20.35,103.10000000000001,35.474999999999994,openaq_ground
2025-10-09 11:30:00,27.7,97.43333333333334,34.825,openaq_ground
2025-10-09 12:30:00,38.13333333333333,92.76666666666667,30.575,openaq_ground
2025-10-09 13:30:00,42.199999999999996,94.06666666666666,28.675,openaq_ground
2025-10-09 14:30:00,42.833333333333336,134.0,39.05,openaq_ground
2025-10-09 15:30:00,38.43333333333333,196.66666666666666,56.175,openaq_ground
2025-10-09 16:30:00,35.73333333333333,231.0,64.725,openaq_ground
2025-10-09 17:30:00,36.93333333333333,209.33333333333334,56.775,openaq_ground
2025-10-09 18:30:00,37.5,187.33333333333334,60.275,openaq_ground
2025-10-09 19:30:00,39.06666666666667,172.66666666666666,58.15,openaq_ground
2025-10-09 20:30:00,37.0,153.33333333333334,53.925,openaq_ground
2025-10-09 21:30:00,29.333333333333332,139.33333333333334,54.5,openaq_ground
2025-10-09 22:30:00,27.256666666666664,131.0,55.875,openaq_ground
2025-10-09 23:30:00,24.886666666666667,132.66666666666666,59.125,openaq_ground
2025-10-10 00:30:00,23.843333333333334,133.33333333333334,61.0,openaq_ground
2025-10-10 01:30:00,28.566666666666666,150.0,64.9,openaq_ground
2025-10-10 02:30:00,26.3,176.66666666666666,61.275,openaq_ground
2025-10-10 03:30:00,21.400000000000002,183.66666666666666,56.175,openaq_ground
2025-10-10 04:30:00,16.32,189.66666666666666,60.75,openaq_ground
2025-10-10 05:30:00,14.51,188.66666666666666,60.875,openaq_ground
2025-10-10 06:30:00,18.333333333333332,190.0,61.0,openaq_ground
2025-10-10 07:30:00,17.7,185.33333333333334,58.775,openaq_ground
2025-10-10 08:30:00,14.603333333333333,177.33333333333334,59.05,openaq_ground
2025-10-10 09:30:00,15.006666666666668,180.33333333333334,63.075,openaq_ground
2025-10-10 10:30:00,23.549999999999997,171.0,60.0,openaq_ground
2025-10-10 11:30:00,,,63.0,openaq_ground
2025-10-10 12:30:00,50.45,169.5,61.666666666666664,openaq_ground
2025-10-10 13:30:00,53.800000000000004,162.0,62.525,openaq_ground
2025-10-10 14:30:00,46.699999999999996,161.66666666666666,75.425,openaq_ground
2025-10-10 15:30:00,43.56666666666666,165.33333333333334,72.25,openaq_ground
2025-10-10 16:30:00,38.4,178.33333333333334,75.85,openaq_ground
2025-10-10 17:30:00,36.43333333333334,179.0,78.275,openaq_ground
2025-10-10 18:30:00,,,80.0,openaq_ground
2025-10-10 19:30:00,31.53,197.66666666666666,103.0,openaq_ground
2025-10-10 20:30:00,30.569999999999997,193.33333333333334,100.55,openaq_ground
2025-10-10 21:30:00,33.42333333333333,187.0,98.525,openaq_ground
2025-10-10 22:30:00,31.266666666666666,170.0,92.375,openaq_ground
2025-10-10 23:30:00,30.866666666666664,166.0,87.925,openaq_ground
2025-10-11 00:30:00,31.400000000000002,162.66666666666666,80.075,openaq_ground
2025-10-11 01:30:00,32.03333333333334,153.33333333333334,74.975,openaq_ground
2025-10-11 02:30:00,28.26666666666667,163.66666666666666,67.6,openaq_ground
2025-10-11 03:30:00,21.400000000000002,188.33333333333334,67.425,openaq_ground
2025-10-11 04:30:00,17.033333333333335,194.66666666666666,61.525,openaq_ground
2025-10-11 05:30:00,15.6,195.0,58.575,openaq_ground
2025-10-11 06:30:00,15.24,192.33333333333334,60.3,openaq_ground
2025-10-11 07:30:00,14.893333333333333,178.33333333333334,56.5,openaq_ground
2025-10-11 08:30:00,13.733333333333333,154.66666666666666,53.875,openaq_ground
2025-10-11 09:30:00,15.21,146.66666666666666,48.65,openaq_ground
2025-10-11 10:30:00,17.733333333333334,136.33333333333334,48.875,openaq_ground
2025-10-11 11:30:00,25.633333333333336,136.33333333333334,49.2,openaq_ground
2025-10-11 12:30:00,45.53333333333333,136.66666666666666,51.25,openaq_ground
2025-10-11 13:30:00,47.13333333333333,146.0,56.725,openaq_ground
2025-10-11 14:30:00,47.5,159.0,62.325,openaq_ground
2025-10-11 15:30:00,46.666666666666664,175.0,67.05,openaq_ground
2025-10-11 16:30:00,45.300000000000004,177.33333333333334,72.6,openaq_ground
2025-10-11 17:30:00,42.93333333333334,190.66666666666666,74.25,openaq_ground
2025-10-11 18:30:00,30.866666666666664,157.66666666666666,68.15,openaq_ground
2025-10-11 19:30:00,30.333333333333332,144.0,58.5,openaq_ground
2025-10-11 20:30:00,28.833333333333332,136.33333333333334,62.25,openaq_ground
2025-10-11 21:30:00,21.1,133.33333333333334,60.625,openaq_ground
2025-10-11 22:30:00,23.16,131.0,63.975,openaq_ground
2025-10-11 23:30:00,27.266666666666666,131.66666666666666,66.45,openaq_ground
2025-10-12 00:30:00,25.566666666666666,125.33333333333333,65.825,openaq_ground
2025-10-12 01:30:00,28.099999999999998,127.66666666666667,68.325,openaq_ground
2025-10-12 02:30:00,25.433333333333337,166.33333333333334,75.25,openaq_ground
2025-10-12 03:30:00,19.766666666666666,203.33333333333334,78.475,openaq_ground
2025-10-12 04:30:00,16.650000000000002,212.0,78.775,openaq_ground
2025-10-12 05:30:00,15.873333333333333,212.33333333333334,72.675,openaq_ground
2025-10-12 06:30:00,14.086666666666666,190.0,62.349999999999994,openaq_ground
2025-10-12 07:30:00,13.270000000000001,158.66666666666666,50.95,openaq_ground
2025-10-12 08:30:00,13.160000000000002,140.0,42.975,openaq_ground
2025-10-12 09:30:00,13.696666666666667,123.0,38.75,openaq_ground
2025-10-12 10:30:00,16.813333333333333,116.33333333333333,35.325,openaq_ground
2025-10-12 11:30:00,23.0,118.66666666666667,33.9,openaq_ground
2025-10-12 12:30:00,36.5,123.66666666666667,39.875,openaq_ground
2025-10-12 13:30:00,47.56666666666666,135.66666666666666,47.725,openaq_ground
2025-10-12 14:30:00,46.36666666666667,148.33333333333334,55.5,openaq_ground
2025-10-12 15:30:00,44.76666666666666,184.33333333333334,67.025,openaq_ground
2025-10-12 16:30:00,44.333333333333336,198.66666666666666,77.675,openaq_ground
2025-10-12 17:30:00,41.233333333333334,200.33333333333334,83.725,openaq_ground
2025-10-12 18:30:00,40.3,188.66666666666666,78.275,openaq_ground
2025-10-12 19:30:00,36.800000000000004,164.0,79.675,openaq_ground
2025-10-12 20:30:00,31.600000000000005,136.0,68.275,openaq_ground
2025-10-12 21:30:00,28.46666666666667,133.0,69.7,openaq_ground
2025-10-12 22:30:00,28.299999999999997,129.66666666666666,66.0,openaq_ground
2025-10-12 23:30:00,27.599999999999998,125.66666666666667,64.75,openaq_ground
2025-10-13 00:30:00,26.799999999999997,130.0,76.875,openaq_ground
2025-10-13 01:30:00,30.266666666666666,158.66666666666666,86.625,openaq_ground
2025-10-13 02:30:00,32.93333333333333,211.66666666666666,101.525,openaq_ground
2025-10-13 03:30:00,34.266666666666666,248.66666666666666,103.4,openaq_ground
2025-10-13 04:30:00,23.5,232.66666666666666,82.625,openaq_ground
2025-10-13 05:30:00,17.903333333333332,197.33333333333334,61.875,openaq_ground
2025-10-13 06:30:00,14.693333333333333,183.33333333333334,61.325,openaq_ground
2025-10-13 07:30:00,14.293333333333335,155.66666666666666,56.724999999999994,openaq_ground
2025-10-13 08:30:00,15.173333333333332,147.66666666666666,53.025,openaq_ground
2025-10-13 09:30:00,15.69,152.33333333333334,51.975,openaq_ground
2025-10-13 10:30:00,16.626666666666665,145.66666666666666,52.4,openaq_ground
2025-10-13 11:30:00,38.0,137.66666666666666,51.724999999999994,openaq_ground
2025-10-13 12:30:00,64.66666666666667,139.1,55.5,openaq_ground
2025-10-13 13:30:00,58.93333333333334,164.0,60.2,openaq_ground
2025-10-13 14:30:00,54.13333333333333,180.33333333333334,69.15,openaq_ground
2025-10-13 15:30:00,47.23333333333333,190.33333333333334,76.7,openaq_ground
2025-10-13 16:30:00,43.96666666666667,196.33333333333334,81.775,openaq_ground
2025-10-13 17:30:00,41.53333333333333,202.33333333333334,88.225,openaq_ground
2025-10-13 18:30:00,39.199999999999996,215.0,99.025,openaq_ground
2025-10-13 19:30:00,37.0,214.66666666666666,107.95,openaq_ground
2025-10-13 20:30:00,38.06666666666666,220.66666666666666,105.9,openaq_ground
2025-10-13 21:30:00,37.13333333333333,197.66666666666666,97.95,openaq_ground
2025-10-13 22:30:00,33.0,172.66666666666666,85.55,openaq_ground
2025-10-13 23:30:00,29.86666666666667,143.0,78.625,openaq_ground
2025-10-14 00:30:00,28.066666666666666,135.66666666666666,77.675,openaq_ground
2025-10-14 01:30:00,36.13333333333333,140.33333333333334,76.475,openaq_ground
2025-10-14 02:30:00,42.5,189.66666666666666,87.15,openaq_ground
2025-10-14 03:30:00,43.56666666666667,248.0,98.875,openaq_ground
2025-10-14 04:30:00,24.233333333333334,253.33333333333334,90.075,openaq_ground
2025-10-14 05:30:00,58.5,194.0,63.925,openaq_ground
2025-10-14 06:30:00,27.073333333333334,158.33333333333334,52.575,openaq_ground
2025-10-14 07:30:00,16.763333333333332,139.0,47.6,openaq_ground
2025-10-14 08:30:00,17.02,147.33333333333334,52.15,openaq_ground
2025-10-14 09:30:00,16.6,145.0,49.95,openaq_ground
2025-10-14 10:30:00,22.133333333333336,143.33333333333334,53.625,openaq_ground
2025-10-14 11:30:00,50.300000000000004,144.0,51.65,openaq_ground
2025-10-14 12:30:00,75.36666666666666,154.93333333333334,50.05,openaq_ground
2025-10-14 13:30:00,66.13333333333334,157.66666666666666,52.95,openaq_ground
2025-10-14 14:30:00,62.166666666666664,160.33333333333334,58.5,openaq_ground
2025-10-14 15:30:00,55.833333333333336,175.66666666666666,66.325,openaq_ground
2025-10-14 16:30:00,51.1,189.0,71.825,openaq_ground
2025-10-14 17:30:00,43.63333333333333,193.33333333333334,76.15,openaq_ground
2025-10-14 18:30:00,38.43333333333333,184.0,81.275,openaq_ground
2025-10-14 19:30:00,39.300000000000004,186.66666666666666,89.075,openaq_ground
2025-10-14 20:30:00,39.93333333333333,197.0,88.9,openaq_ground
2025-10-14 21:30:00,32.766666666666666,212.66666666666666,97.6,openaq_ground
2025-10-14 22:30:00,27.8,194.66666666666666,95.25,openaq_ground
2025-10-14 23:30:00,29.013333333333332,169.0,90.525,openaq_ground
2025-10-15 00:30:00,28.700000000000003,169.0,89.15,openaq_ground
2025-10-15 01:30:00,32.0,183.33333333333334,92.925,openaq_ground
2025-10-15 02:30:00,66.93333333333332,215.66666666666666,105.05,openaq_ground
2025-10-15 03:30:00,80.96666666666665,288.6666666666667,137.0,openaq_ground
2025-10-15 04:30:00,39.666666666666664,296.3333333333333,140.75,openaq_ground
2025-10-15 05:30:00,19.566666666666666,177.33333333333334,72.2,openaq_ground
2025-10-15 06:30:00,18.433333333333334,141.66666666666666,55.125,openaq_ground
2025-10-15 07:30:00,19.753333333333334,156.66666666666666,62.849999999999994,openaq_ground
2025-10-15 08:30:00,21.35666666666667,154.66666666666666,58.725,openaq_ground
2025-10-15 09:30:00,21.26666666666667,142.0,54.075,openaq_ground
2025-10-15 10:30:00,26.600000000000005,132.33333333333334,51.5,openaq_ground
2025-10-15 11:30:00,60.6,128.66666666666666,51.125,openaq_ground
2025-10-15 12:30:00,,,52.0,openaq_ground
2025-10-15 13:30:00,,,57.0,openaq_ground
2025-10-15 14:30:00,63.76666666666667,194.66666666666666,70.7,openaq_ground
2025-10-15 15:30:00,60.53333333333333,211.33333333333334,79.975,openaq_ground
2025-10-15 16:30:00,52.96666666666667,231.66666666666666,92.2,openaq_ground
2025-10-15 17:30:00,53.0,241.33333333333334,101.525,openaq_ground
2025-10-15 18:30:00,49.599999999999994,265.0,104.675,openaq_ground
2025-10-15 19:30:00,50.46666666666667,251.0,107.525,openaq_ground
2025-10-15 20:30:00,47.333333333333336,244.66666666666666,111.0,openaq_ground
2025-10-15 21:30:00,42.43333333333334,232.33333333333334,109.4,openaq_ground
2025-10-15 22:30:00,39.300000000000004,220.0,106.475,openaq_ground
2025-10-15 23:30:00,36.74,211.33333333333334,103.175,openaq_ground
2025-10-16 00:30:00,35.43333333333333,188.33333333333334,99.7,openaq_ground
2025-10-16 01:30:00,36.93333333333333,184.33333333333334,102.65,openaq_ground
2025-10-16 02:30:00,44.366666666666674,218.33333333333334,107.225,openaq_ground
2025-10-16 03:30:00,49.06666666666666,259.0,118.75,openaq_ground
2025-10-16 04:30:00,38.13333333333333,288.3333333333333,117.75,openaq_ground
2025-10-16 05:30:00,19.066666666666666,258.3333333333333,96.7,openaq_ground
2025-10-16 06:30:00,16.133333333333333,186.33333333333334,74.625,openaq_ground
2025-10-16 07:30:00,15.21,172.66666666666666,66.85,openaq_ground
2025-10-16 08:30:00,14.993333333333334,158.0,65.025,openaq_ground
2025-10-16 09:30:00,18.24,163.0,64.425,openaq_ground
2025-10-16 10:30:00,25.099999999999998,173.33333333333334,67.125,openaq_ground
2025-10-16 11:30:00,56.73333333333333,150.0,61.15,openaq_ground
2025-10-16 12:30:00,72.96666666666667,160.0,59.775,openaq_ground
2025-10-16 13:30:00,69.46666666666665,177.33333333333334,64.45,openaq_ground
2025-10-16 14:30:00,61.26666666666667,193.33333333333334,76.6,openaq_ground
2025-10-16 15:30:00,53.900000000000006,203.0,86.55,openaq_ground
2025-10-16 16:30:00,45.5,209.0,95.5,openaq_ground
2025-10-16 17:30:00,40.9,208.33333333333334,96.6,openaq_ground
2025-10-16 18:30:00,41.50000000000001,212.66666666666666,117.0,openaq_ground
2025-10-16 19:30:00,41.910000000000004,213.33333333333334,121.5,openaq_ground
2025-10-16 20:30:00,42.35666666666667,220.0,116.75,openaq_ground
2025-10-16 21:30:00,41.09666666666667,229.33333333333334,124.5,openaq_ground
2025-10-16 22:30:00,40.800000000000004,226.66666666666666,123.75,openaq_ground
2025-10-16 23:30:00,36.48,223.33333333333334,121.75,openaq_ground
2025-10-17 00:30:00,37.36666666666667,208.33333333333334,115.0,openaq_ground
2025-10-17 01:30:00,39.13333333333333,190.66666666666666,108.75,openaq_ground
2025-10-17 02:30:00,37.766666666666666,209.0,98.875,openaq_ground
2025-10-17 03:30:00,41.13333333333333,242.66666666666666,106.25,openaq_ground
2025-10-17 04:30:00,31.73333333333333,292.3333333333333,111.5,openaq_ground
2025-10-17 05:30:00,25.866666666666664,331.0,108.0,openaq_ground
2025-10-17 06:30:00,23.263333333333332,255.33333333333334,93.45,openaq_ground
2025-10-17 07:30:00,22.426666666666666,209.0,84.1,openaq_ground
2025-10-17 08:30:00,23.650000000000002,201.0,80.55,openaq_ground
2025-10-17 09:30:00,23.616666666666664,193.66666666666666,82.025,openaq_ground
2025-10-17 10:30:00,34.6,180.0,78.1,openaq_ground
2025-10-17 11:30:00,73.53333333333333,181.66666666666666,79.375,openaq_ground
2025-10-17 12:30:00,81.56666666666666,180.66666666666666,77.15,openaq_ground
2025-10-17 13:30:00,76.26666666666667,192.66666666666666,82.3,openaq_ground
2025-10-17 14:30:00,69.89999999999999,216.0,88.45,openaq_ground
2025-10-17 15:30:00,66.53333333333333,240.33333333333334,104.525,openaq_ground
2025-10-17 16:30:00,61.333333333333336,268.3333333333333,120.75,openaq_ground
2025-10-17 17:30:00,57.400000000000006,267.6666666666667,128.5,openaq_ground
2025-10-17 18:30:00,53.23333333333333,261.3333333333333,147.25,openaq_ground
2025-10-17 19:30:00,50.86666666666667,247.0,145.25,openaq_ground
2025-10-17 20:30:00,49.93333333333334,254.33333333333334,137.75,openaq_ground
2025-10-17 21:30:00,47.13333333333333,257.0,137.75,openaq_ground
2025-10-17 22:30:00,47.96666666666667,230.66666666666666,128.75,openaq_ground
2025-10-17 23:30:00,45.6,203.0,118.75,openaq_ground
2025-10-18 00:30:00,40.36666666666667,192.0,115.5,openaq_ground
2025-10-18 01:30:00,38.56666666666666,195.33333333333334,113.5,openaq_ground
2025-10-18 02:30:00,47.199999999999996,229.33333333333334,118.25,openaq_ground
2025-10-18 03:30:00,60.46666666666667,294.3333333333333,143.75,openaq_ground
2025-10-18 04:30:00,51.23333333333334,327.0,152.25,openaq_ground
2025-10-18 05:30:00,32.9,311.0,132.25,openaq_ground
2025-10-18 06:30:00,26.953333333333333,239.66666666666666,102.575,openaq_ground
2025-10-18 07:30:00,20.34,212.66666666666666,100.0,openaq_ground
2025-10-18 08:30:00,16.253333333333334,183.66666666666666,84.925,openaq_ground
2025-10-18 09:30:00,16.61,176.33333333333334,86.975,openaq_ground
2025-10-18 10:30:00,22.233333333333334,161.66666666666666,81.275,openaq_ground
2025-10-18 11:30:00,49.5,169.66666666666666,87.55,openaq_ground
2025-10-18 12:30:00,77.2,171.66666666666666,89.025,openaq_ground
2025-10-18 13:30:00,78.66666666666667,193.0,93.75,openaq_ground
2025-10-18 14:30:00,68.66666666666667,210.66666666666666,101.875,openaq_ground
2025-10-18 15:30:00,60.833333333333336,212.66666666666666,111.25,openaq_ground
2025-10-18 16:30:00,51.76666666666667,221.66666666666666,120.25,openaq_ground
2025-10-18 17:30:00,47.23333333333333,228.33333333333334,129.25,openaq_ground
2025-10-18 18:30:00,38.36666666666667,230.33333333333334,141.75,openaq_ground
2025-10-18 19:30:00,40.87,231.33333333333334,148.5,openaq_ground
2025-10-18 20:30:00,37.36666666666667,240.33333333333334,143.5,openaq_ground
2025-10-18 21:30:00,31.742666666666665,225.33333333333334,137.75,openaq_ground
2025-10-18 22:30:00,28.400833333333335,216.66666666666666,137.25,openaq_ground
2025-10-18 23:30:00,27.53,205.66666666666666,136.5,openaq_ground
2025-10-19 00:30:00,32.07666666666667,214.66666666666666,138.75,openaq_ground
2025-10-19 01:30:00,35.14,218.66666666666666,135.0,openaq_ground
2025-10-19 02:30:00,45.099999999999994,237.0,130.5,openaq_ground
2025-10-19 03:30:00,55.4,252.66666666666666,134.75,openaq_ground
2025-10-19 04:30:00,76.53333333333333,305.6666666666667,159.0,openaq_ground
2025-10-19 05:30:00,53.199999999999996,309.3333333333333,157.75,openaq_ground
2025-10-19 06:30:00,23.133333333333336,286.3333333333333,135.25,openaq_ground
2025-10-19 07:30:00,22.900000000000002,303.6666666666667,144.75,openaq_ground
2025-10-19 08:30:00,21.03333333333333,246.33333333333334,128.75,openaq_ground
2025-10-19 09:30:00,22.833333333333332,214.0,106.375,openaq_ground
2025-10-19 10:30:00,28.866666666666664,201.33333333333334,103.25,openaq_ground
2025-10-19 11:30:00,59.73333333333333,187.66666666666666,101.325,openaq_ground
2025-10-19 12:30:00,75.63333333333334,199.0,104.8,openaq_ground
2025-10-19 13:30:00,69.2,218.66666666666666,118.5,openaq_ground
2025-10-19 14:30:00,65.26666666666667,240.66666666666666,132.5,openaq_ground
2025-10-19 15:30:00,59.699999999999996,249.33333333333334,158.75,openaq_ground
2025-10-19 16:30:00,46.73333333333333,268.3333333333333,185.5,openaq_ground
2025-10-19 17:30:00,48.53333333333334,301.6666666666667,215.25,openaq_ground
2025-10-19 18:30:00,41.03333333333333,343.3333333333333,224.5,openaq_ground
2025-10-19 19:30:00,35.833333333333336,348.3333333333333,244.0,openaq_ground
2025-10-19 20:30:00,34.199999999999996,344.6666666666667,264.0,openaq_ground
2025-10-19 21:30:00,30.8,352.6666666666667,264.75,openaq_ground
2025-10-19 22:30:00,28.066666666666666,316.3333333333333,235.5,openaq_ground
2025-10-19 23:30:00,29.52333333333333,313.0,235.25,openaq_ground
2025-10-20 00:30:00,28.483333333333334,319.0,238.25,openaq_ground
2025-10-20 01:30:00,33.51,319.3333333333333,227.0,openaq_ground
2025-10-20 02:30:00,56.96666666666667,333.6666666666667,215.75,openaq_ground
2025-10-20 03:30:00,72.76666666666667,347.0,225.75,openaq_ground
2025-10-20 04:30:00,,,196.0,openaq_ground
2025-10-20 05:30:00,,,153.0,openaq_ground
2025-10-20 06:30:00,,,103.0,openaq_ground
2025-10-20 07:30:00,,,94.0,openaq_ground
2025-10-20 08:30:00,20.099999999999998,207.33333333333334,109.75,openaq_ground
2025-10-20 09:30:00,20.5,167.66666666666666,87.725,openaq_ground
2025-10-20 10:30:00,27.566666666666666,156.66666666666666,85.575,openaq_ground
2025-10-20 11:30:00,44.79999999999999,106.5,86.4,openaq_ground
2025-10-20 12:30:00,58.53333333333333,104.3,92.075,openaq_ground
2025-10-20 13:30:00,64.56666666666666,152.33333333333334,103.4,openaq_ground
2025-10-20 14:30:00,69.1,211.5,144.33333333333334,openaq_ground
2025-10-20 15:30:00,,,346.0,openaq_ground
2025-10-20 16:30:00,50.1,503.3333333333333,360.75,openaq_ground
2025-10-20 17:30:00,49.56666666666666,699.0,557.0,openaq_ground
2025-10-20 18:30:00,39.86666666666667,1117.6666666666667,683.5,openaq_ground
2025-10-20 19:30:00,35.733333333333334,1225.0,493.0,openaq_ground
2025-10-20 20:30:00,30.426666666666666,1280.0,907.0,openaq_ground
2025-10-20 21:30:00,27.16,1300.0,932.0,openaq_ground
2025-10-20 22:30:00,22.959999999999997,1230.0,,openaq_ground
2025-10-20 23:30:00,23.666666666666668,1250.0,,openaq_ground
2025-10-21 00:30:00,22.51,1310.0,991.0,openaq_ground
2025-10-21 01:30:00,25.0,1250.0,765.0,openaq_ground
2025-10-21 02:30:00,35.766666666666666,814.3333333333334,606.0,openaq_ground
2025-10-21 03:30:00,28.643333333333334,385.0,275.25,openaq_ground
2025-10-21 04:30:00,27.826666666666668,291.3333333333333,184.5,openaq_ground
2025-10-21 05:30:00,22.656666666666666,252.66666666666666,142.75,openaq_ground
2025-10-21 06:30:00,18.516666666666666,208.66666666666666,124.25,openaq_ground
2025-10-21 07:30:00,16.01,172.66666666666666,102.5,openaq_ground
2025-10-21 08:30:00,15.843333333333334,160.66666666666666,100.075,openaq_ground
2025-10-21 09:30:00,17.733333333333334,164.0,97.5,openaq_ground
2025-10-21 10:30:00,31.583333333333332,160.0,92.7,openaq_ground
2025-10-21 11:30:00,53.64333333333334,153.66666666666666,89.175,openaq_ground
2025-10-21 12:30:00,58.47666666666667,158.0,91.725,openaq_ground
2025-10-21 13:30:00,52.63333333333333,171.33333333333334,96.825,openaq_ground
2025-10-21 14:30:00,55.4,179.33333333333334,117.125,openaq_ground
2025-10-21 15:30:00,45.93333333333334,228.33333333333334,145.25,openaq_ground
2025-10-21 16:30:00,41.46666666666667,272.6666666666667,188.75,openaq_ground
2025-10-21 17:30:00,35.36666666666667,339.0,227.25,openaq_ground
2025-10-21 18:30:00,31.25,312.0,226.0,openaq_ground
2025-10-21 19:30:00,29.22666666666667,319.0,231.5,openaq_ground
2025-10-21 20:30:00,30.5,377.6666666666667,312.25,openaq_ground
2025-10-21 21:30:00,24.233333333333334,400.6666666666667,330.25,openaq_ground
2025-10-21 22:30:00,21.05,325.0,276.5,openaq_ground
2025-10-21 23:30:00,20.1,276.0,246.75,openaq_ground
2025-10-22 00:30:00,23.25,276.6666666666667,226.0,openaq_ground
2025-10-22 01:30:00,31.400000000000002,295.3333333333333,232.5,openaq_ground
2025-10-22 02:30:00,51.9,341.6666666666667,237.75,openaq_ground
2025-10-22 03:30:00,43.03333333333333,391.0,262.0,openaq_ground
2025-10-22 04:30:00,27.19333333333333,408.0,273.5,openaq_ground
2025-10-22 05:30:00,22.866666666666664,391.3333333333333,258.25,openaq_ground
2025-10-22 06:30:00,19.81,342.3333333333333,214.5,openaq_ground
2025-10-22 07:30:00,17.599999999999998,299.0,187.25,openaq_ground
2025-10-22 08:30:00,15.966666666666669,219.66666666666666,133.25,openaq_ground
2025-10-22 09:30:00,17.5,179.0,102.675,openaq_ground
2025-10-22 10:30:00,22.959999999999997,165.0,96.525,openaq_ground
2025-10-22 11:30:00,40.43333333333334,171.33333333333334,97.15,openaq_ground
2025-10-22 12:30:00,55.16,174.66666666666666,98.825,openaq_ground
2025-10-22 13:30:00,55.18333333333334,177.33333333333334,105.45,openaq_ground
2025-10-22 14:30:00,51.93333333333334,180.33333333333334,108.5,openaq_ground
2025-10-22 15:30:00,45.79999999999999,208.66666666666666,134.25,openaq_ground
2025-10-22 16:30:00,44.15,239.33333333333334,164.5,openaq_ground
2025-10-22 17:30:00,44.19,261.3333333333333,182.5,openaq_ground
2025-10-22 18:30:00,37.833333333333336,265.6666666666667,196.0,openaq_ground
2025-10-22 19:30:00,36.516666666666666,251.66666666666666,187.25,openaq_ground
2025-10-22 20:30:00,33.85,228.33333333333334,166.25,openaq_ground
2025-10-22 21:30:00,33.39333333333334,215.33333333333334,154.0,openaq_ground
2025-10-22 22:30:00,31.72666666666667,213.66666666666666,152.75,openaq_ground
2025-10-22 23:30:00,29.933333333333337,218.66666666666666,164.5,openaq_ground
2025-10-23 00:30:00,31.093333333333334,215.66666666666666,153.75,openaq_ground
2025-10-23 01:30:00,29.52333333333333,206.0,139.5,openaq_ground
2025-10-23 02:30:00,33.24333333333333,215.66666666666666,141.0,openaq_ground
2025-10-23 03:30:00,36.92666666666667,250.0,146.25,openaq_ground
2025-10-23 04:30:00,30.676666666666666,264.0,139.75,openaq_ground
2025-10-23 05:30:00,19.496666666666666,263.0,131.0,openaq_ground
2025-10-23 06:30:00,17.216666666666665,261.3333333333333,124.25,openaq_ground
2025-10-23 07:30:00,13.333333333333334,222.33333333333334,119.75,openaq_ground
2025-10-23 08:30:00,11.526666666666666,188.33333333333334,97.25,openaq_ground
2025-10-23 09:30:00,12.616666666666667,151.33333333333334,80.5,openaq_ground
2025-10-23 10:30:00,21.816666666666666,128.0,72.325,openaq_ground
2025-10-23 11:30:00,44.6,132.33333333333334,66.6,openaq_ground
2025-10-23 12:30:00,57.86666666666667,148.33333333333334,67.5,openaq_ground
2025-10-23 13:30:00,54.300000000000004,170.0,79.925,openaq_ground
2025-10-23 14:30:00,49.73333333333333,188.66666666666666,90.3,openaq_ground
2025-10-23 15:30:00,42.166666666666664,202.0,104.9,openaq_ground
2025-10-23 16:30:00,35.36666666666667,212.33333333333334,125.1,openaq_ground
2025-10-23 17:30:00,34.46666666666667,216.0,136.75,openaq_ground
2025-10-23 18:30:00,29.016666666666666,222.0,149.25,openaq_ground
2025-10-23 19:30:00,31.63333333333333,237.33333333333334,155.5,openaq_ground
2025-10-23 20:30:00,32.46666666666666,255.66666666666666,158.75,openaq_ground
2025-10-23 21:30:00,32.1,228.66666666666666,153.0,openaq_ground
2025-10-23 22:30:00,28.96666666666667,225.0,148.0,openaq_ground
2025-10-23 23:30:00,29.259999999999994,210.33333333333334,132.5,openaq_ground
2025-10-24 00:30:00,32.5,187.0,118.75,openaq_ground
2025-10-24 01:30:00,32.29333333333334,176.0,108.05,openaq_ground
2025-10-24 02:30:00,37.13333333333333,181.66666666666666,102.75,openaq_ground
2025-10-24 03:30:00,35.56666666666666,210.0,103.475,openaq_ground
2025-10-24 04:30:00,30.400000000000002,238.66666666666666,106.5,openaq_ground
2025-10-24 05:30:00,20.3,250.66666666666666,105.5,openaq_ground
2025-10-24 06:30:00,15.583333333333334,227.66666666666666,97.5,openaq_ground
2025-10-24 07:30:00,14.866666666666667,198.0,92.2,openaq_ground
2025-10-24 08:30:00,12.5,184.0,80.175,openaq_ground
2025-10-24 09:30:00,11.533333333333333,145.0,67.725,openaq_ground
2025-10-24 10:30:00,18.043333333333333,130.66666666666666,64.7,openaq_ground
2025-10-24 11:30:00,44.826666666666675,131.93333333333334,65.6,openaq_ground
2025-10-24 12:30:00,62.45666666666667,143.76666666666668,65.425,openaq_ground
2025-10-24 13:30:00,59.79333333333333,159.76666666666668,71.15,openaq_ground
2025-10-24 14:30:00,53.166666666666664,154.33333333333334,79.925,openaq_ground
2025-10-24 15:30:00,52.099999999999994,140.73333333333332,89.825,openaq_ground
2025-10-24 16:30:00,43.36666666666667,192.0,98.375,openaq_ground
2025-10-24 17:30:00,41.333333333333336,189.66666666666666,97.5,openaq_ground
2025-10-24 18:30:00,35.31666666666667,195.33333333333334,108.75,openaq_ground
2025-10-24 19:30:00,34.166666666666664,188.0,108.975,openaq_ground
2025-10-24 20:30:00,35.86666666666667,180.66666666666666,97.725,openaq_ground
2025-10-24 21:30:00,33.03333333333334,187.66666666666666,99.8,openaq_ground
2025-10-24 22:30:00,31.46666666666667,184.66666666666666,99.325,openaq_ground
2025-10-24 23:30:00,29.166666666666668,192.0,105.65,openaq_ground
2025-10-25 00:30:00,25.166666666666668,203.33333333333334,113.25,openaq_ground
2025-10-25 01:30:00,27.53333333333333,200.33333333333334,114.25,openaq_ground
2025-10-25 02:30:00,46.4,209.66666666666666,116.75,openaq_ground
2025-10-25 03:30:00,92.23333333333333,282.0,141.66666666666666,openaq_ground
2025-10-25 04:30:00,73.26666666666667,349.6666666666667,173.75,openaq_ground
2025-10-25 05:30:00,49.333333333333336,438.6666666666667,221.5,openaq_ground
2025-10-25 06:30:00,33.13333333333333,409.0,216.25,openaq_ground
2025-10-25 07:30:00,24.233333333333334,294.6666666666667,164.5,openaq_ground
2025-10-25 08:30:00,17.733333333333334,203.66666666666666,114.75,openaq_ground
2025-10-25 09:30:00,20.093333333333334,173.0,97.75,openaq_ground
2025-10-25 10:30:00,40.43333333333333,162.0,96.175,openaq_ground
2025-10-25 11:30:00,69.16666666666667,173.66666666666666,91.5,openaq_ground
2025-10-25 12:30:00,75.33333333333333,183.33333333333334,92.86666666666667,openaq_ground
2025-10-25 13:30:00,76.23333333333333,197.0,105.0,openaq_ground
2025-10-25 14:30:00,68.76666666666667,203.33333333333334,116.25,openaq_ground
2025-10-25 15:30:00,70.63333333333334,221.0,133.5,openaq_ground
2025-10-25 16:30:00,62.20000000000001,261.6666666666667,148.25,openaq_ground
2025-10-25 17:30:00,54.666666666666664,262.0,159.5,openaq_ground
2025-10-25 18:30:00,43.5,268.0,165.5,openaq_ground
2025-10-25 19:30:00,41.599999999999994,258.6666666666667,163.25,openaq_ground
2025-10-25 20:30:00,32.026666666666664,249.33333333333334,156.25,openaq_ground
2025-10-25 21:30:00,24.16,242.66666666666666,153.0,openaq_ground
2025-10-25 22:30:00,23.17,231.66666666666666,151.0,openaq_ground
2025-10-25 23:30:00,23.236666666666665,228.33333333333334,152.0,openaq_ground
2025-10-26 00:30:00,20.943333333333335,222.0,152.25,openaq_ground
2025-10-26 01:30:00,26.353333333333335,227.66666666666666,144.0,openaq_ground
2025-10-26 02:30:00,65.46666666666667,246.66666666666666,149.0,openaq_ground
2025-10-26 03:30:00,75.13333333333334,265.6666666666667,150.25,openaq_ground
2025-10-26 04:30:00,40.4,244.5,137.66666666666666,openaq_ground
2025-10-26 05:30:00,,,115.0,openaq_ground
2025-10-26 06:30:00,,,63.0,openaq_ground
2025-10-26 07:30:00,,,52.0,openaq_ground
2025-10-26 08:30:00,,,63.0,openaq_ground
2025-10-26 09:30:00,,,70.0,openaq_ground
2025-10-26 10:30:00,,,76.0,openaq_ground
2025-10-26 11:30:00,,,73.0,openaq_ground
2025-10-26 12:30:00,,,91.0,openaq_ground
2025-10-26 13:30:00,,,94.0,openaq_ground
2025-10-26 14:30:00,,,106.0,openaq_ground
2025-10-26 15:30:00,,,102.0,openaq_ground
2025-10-26 16:30:00,,,113.0,openaq_ground
2025-10-26 17:30:00,,,119.0,openaq_ground
2025-10-26 18:30:00,,,124.0,openaq_ground
2025-10-26 19:30:00,,,123.0,openaq_ground
2025-10-26 20:30:00,58.4,218.0,124.0,openaq_ground
2025-10-26 21:30:00,,,137.0,openaq_ground
2025-10-26 22:30:00,20.656666666666666,256.3333333333333,129.75,openaq_ground
2025-10-26 23:30:00,19.55666666666667,222.0,128.75,openaq_ground
2025-10-27 00:30:00,19.706666666666667,207.33333333333334,132.5,openaq_ground
2025-10-27 01:30:00,23.036666666666665,217.0,134.75,openaq_ground
2025-10-27 02:30:00,49.6,273.3333333333333,162.5,openaq_ground
2025-10-27 03:30:00,48.03333333333334,353.0,206.33333333333334,openaq_ground
2025-10-27 04:30:00,44.56666666666667,322.3333333333333,171.66666666666666,openaq_ground
2025-10-27 05:30:00,39.4,305.6666666666667,159.33333333333334,openaq_ground
2025-10-27 06:30:00,36.9,273.0,134.66666666666666,openaq_ground
2025-10-27 07:30:00,28.599999999999998,273.3333333333333,129.66666666666666,openaq_ground
2025-10-27 08:30:00,30.133333333333336,258.6666666666667,125.75,openaq_ground
2025-10-27 09:30:00,37.43333333333333,241.33333333333334,118.75,openaq_ground
2025-10-27 10:30:00,32.03333333333333,227.0,102.93333333333334,openaq_ground
2025-10-27 11:30:00,37.800000000000004,230.33333333333334,102.76666666666667,openaq_ground
2025-10-27 12:30:00,29.333333333333332,259.6666666666667,120.0,openaq_ground
2025-10-27 13:30:00,25.233333333333334,265.0,138.33333333333334,openaq_ground
2025-10-27 14:30:00,19.566666666666666,243.0,141.33333333333334,openaq_ground
2025-10-27 15:30:00,21.233333333333334,211.0,133.33333333333334,openaq_ground
2025-10-27 16:30:00,26.683333333333334,201.66666666666666,131.66666666666666,openaq_ground
2025-10-27 17:30:00,34.81,197.0,132.66666666666666,openaq_ground
2025-10-27 18:30:00,36.93333333333333,201.0,120.33333333333333,openaq_ground
2025-10-27 19:30:00,37.42666666666666,202.33333333333334,122.66666666666667,openaq_ground
2025-10-27 20:30:00,36.86000000000001,195.66666666666666,130.33333333333334,openaq_ground
2025-10-27 21:30:00,35.43333333333333,183.66666666666666,123.33333333333333,openaq_ground
2025-10-27 22:30:00,34.910000000000004,164.66666666666666,110.33333333333333,openaq_ground
2025-10-27 23:30:00,33.9,177.0,113.33333333333333,openaq_ground
2025-10-28 00:30:00,31.51,229.66666666666666,141.33333333333334,openaq_ground
2025-10-28 01:30:00,30.966666666666665,234.0,144.33333333333334,openaq_ground
2025-10-28 02:30:00,31.666666666666668,255.66666666666666,155.0,openaq_ground
2025-10-28 03:30:00,28.799999999999997,301.3333333333333,184.0,openaq_ground
2025-10-28 04:30:00,31.2,313.0,176.0,openaq_ground
2025-10-28 05:30:00,18.3,209.0,121.5,openaq_ground
2025-10-28 06:30:00,26.9,221.0,111.0,openaq_ground
2025-10-28 07:30:00,23.583333333333332,212.0,122.0,openaq_ground
2025-10-28 08:30:00,28.0,215.33333333333334,119.0,openaq_ground
2025-10-28 09:30:00,31.0,222.33333333333334,116.33333333333333,openaq_ground
2025-10-28 10:30:00,36.666666666666664,227.33333333333334,118.5,openaq_ground
2025-10-28 11:30:00,46.76666666666667,234.33333333333334,119.75,openaq_ground
2025-10-28 12:30:00,55.6,221.33333333333334,120.0,openaq_ground
2025-10-28 13:30:00,52.5,214.0,119.0,openaq_ground
2025-10-28 14:30:00,56.75,212.5,123.0,openaq_ground
2025-10-28 15:30:00,30.9,204.0,128.66666666666666,openaq_ground
2025-10-28 16:30:00,32.166666666666664,184.0,120.75,openaq_ground
2025-10-28 17:30:00,33.38999999999999,171.33333333333334,111.0,openaq_ground
2025-10-28 18:30:00,30.849999999999998,157.33333333333334,102.15,openaq_ground
2025-10-28 19:30:00,26.26,139.66666666666666,95.125,openaq_ground
2025-10-28 20:30:00,23.983333333333334,132.1,82.625,openaq_ground
2025-10-28 21:30:00,23.066666666666666,124.60000000000001,77.9,openaq_ground
2025-10-28 22:30:00,20.6,136.0,88.65,openaq_ground
2025-10-28 23:30:00,20.733333333333334,153.66666666666666,95.85,openaq_ground
2025-10-29 00:30:00,19.493333333333336,164.66666666666666,100.6,openaq_ground
2025-10-29 01:30:00,24.333333333333332,177.33333333333334,113.0,openaq_ground
2025-10-29 02:30:00,38.843333333333334,230.66666666666666,137.75,openaq_ground
2025-10-29 03:30:00,33.13333333333333,258.0,140.25,openaq_ground
2025-10-29 04:30:00,22.7,242.33333333333334,124.75,openaq_ground
2025-10-29 05:30:00,17.46666666666667,196.66666666666666,108.85,openaq_ground
2025-10-29 06:30:00,20.0,201.33333333333334,123.0,openaq_ground
2025-10-29 07:30:00,23.15,273.6666666666667,170.0,openaq_ground
2025-10-29 08:30:00,20.466666666666665,299.6666666666667,171.25,openaq_ground
2025-10-29 09:30:00,33.599999999999994,284.3333333333333,164.25,openaq_ground
2025-10-29 10:30:00,45.599999999999994,295.0,169.5,openaq_ground
2025-10-29 11:30:00,59.699999999999996,290.6666666666667,168.75,openaq_ground
2025-10-29 12:30:00,71.86666666666666,296.0,179.0,openaq_ground
2025-10-29 13:30:00,73.46666666666667,311.3333333333333,189.5,openaq_ground
2025-10-29 14:30:00,64.89999999999999,305.3333333333333,189.5,openaq_ground
2025-10-29 15:30:00,54.133333333333326,298.6666666666667,180.25,openaq_ground
2025-10-29 16:30:00,47.333333333333336,307.6666666666667,192.75,openaq_ground
2025-10-29 17:30:00,40.79,311.0,198.25,openaq_ground
2025-10-29 18:30:00,36.58333333333333,313.3333333333333,210.25,openaq_ground
2025-10-29 19:30:00,37.26666666666667,312.0,209.5,openaq_ground
2025-10-29 20:30:00,31.743333333333336,323.0,214.0,openaq_ground
2025-10-29 21:30:00,32.61,319.6666666666667,217.5,openaq_ground
2025-10-29 22:30:00,32.89333333333333,318.6666666666667,225.0,openaq_ground
2025-10-29 23:30:00,31.660000000000007,328.3333333333333,235.5,openaq_ground
2025-10-30 00:30:00,31.150000000000006,338.0,240.0,openaq_ground
2025-10-30 01:30:00,29.76,344.6666666666667,248.0,openaq_ground
2025-10-30 02:30:00,50.71,379.6666666666667,256.0,openaq_ground
2025-10-30 03:30:00,60.699999999999996,441.0,287.5,openaq_ground
2025-10-30 04:30:00,55.93333333333334,453.0,276.0,openaq_ground
2025-10-30 05:30:00,37.800000000000004,349.3333333333333,221.25,openaq_ground
2025-10-30 06:30:00,28.066666666666666,225.66666666666666,135.5,openaq_ground
2025-10-30 07:30:00,32.03333333333333,176.33333333333334,88.45,openaq_ground
2025-10-30 08:30:00,34.06666666666667,203.33333333333334,106.2,openaq_ground
2025-10-30 09:30:00,38.06666666666667,214.0,109.95,openaq_ground
2025-10-30 10:30:00,41.0,218.0,102.35,openaq_ground
2025-10-30 11:30:00,45.800000000000004,209.33333333333334,102.625,openaq_ground
2025-10-30 12:30:00,43.76666666666666,185.66666666666666,102.05,openaq_ground
2025-10-30 13:30:00,39.56,163.66666666666666,96.275,openaq_ground
2025-10-30 14:30:00,37.07666666666667,142.33333333333334,90.0,openaq_ground
2025-10-30 15:30:00,33.72333333333333,142.33333333333334,82.575,openaq_ground
2025-10-30 16:30:00,34.68333333333334,149.33333333333334,87.05,openaq_ground
2025-10-30 17:30:00,32.876666666666665,149.0,87.775,openaq_ground
2025-10-30 18:30:00,29.3,131.66666666666666,86.2,openaq_ground
2025-10-30 19:30:00,28.299999999999997,126.0,88.175,openaq_ground
2025-10-30 20:30:00,21.89333333333333,126.66666666666667,78.45,openaq_ground
2025-10-30 21:30:00,17.466666666666665,108.0,73.7,openaq_ground
2025-10-30 22:30:00,17.933333333333334,101.0,70.5,openaq_ground
2025-10-30 23:30:00,18.59,96.36666666666667,67.925,openaq_ground
2025-10-31 00:30:00,18.78333333333333,93.83333333333333,62.2,openaq_ground
2025-10-31 01:30:00,17.8,91.7,58.75,openaq_ground
2025-10-31 02:30:00,23.209999999999997,103.46666666666665,65.8,openaq_ground
2025-10-31 03:30:00,28.599999999999998,135.33333333333334,73.975,openaq_ground
2025-10-31 04:30:00,24.166666666666668,149.66666666666666,83.675,openaq_ground
2025-10-31 05:30:00,19.400000000000002,155.66666666666666,86.825,openaq_ground
2025-10-31 06:30:00,13.299999999999999,157.0,85.55,openaq_ground
2025-10-31 07:30:00,14.843333333333334,120.60000000000001,81.95,openaq_ground
2025-10-31 08:30:00,15.266666666666666,115.66666666666667,97.825,openaq_ground
2025-10-31 09:30:00,15.699999999999998,114.0,99.95,openaq_ground
2025-10-31 10:30:00,20.53333333333333,161.0,92.5,openaq_ground
2025-10-31 11:30:00,43.333333333333336,149.33333333333334,82.43333333333334,openaq_ground
2025-10-31 12:30:00,57.633333333333326,148.0,80.3,openaq_ground
2025-10-31 13:30:00,53.56666666666666,139.66666666666666,88.9,openaq_ground
2025-10-31 14:30:00,49.800000000000004,152.33333333333334,92.5,openaq_ground
2025-10-31 15:30:00,43.96666666666667,161.33333333333334,92.175,openaq_ground
2025-10-31 16:30:00,40.166666666666664,161.33333333333334,96.775,openaq_ground
2025-10-31 17:30:00,38.47666666666667,169.66666666666666,96.175,openaq_ground
2025-10-31 18:30:00,41.36666666666667,185.66666666666666,109.5,openaq_ground
2025-10-31 19:30:00,34.01,184.0,115.4,openaq_ground
2025-10-31 20:30:00,28.683333333333334,177.66666666666666,107.325,openaq_ground
2025-10-31 21:30:00,31.33333333333333,169.33333333333334,111.4,openaq_ground
2025-10-31 22:30:00,,,102.0,openaq_ground
2025-10-31 23:30:00,21.916666666666668,151.66666666666666,93.925,openaq_ground
2025-11-01 00:30:00,21.91,142.33333333333334,97.65,openaq_ground
2025-11-01 01:30:00,22.126666666666665,152.33333333333334,107.9,openaq_ground
2025-11-01 02:30:00,27.916666666666668,187.33333333333334,134.75,openaq_ground
2025-11-01 03:30:00,37.166666666666664,299.3333333333333,195.75,openaq_ground
2025-11-01 04:30:00,32.333333333333336,436.3333333333333,288.0,openaq_ground
2025-11-01 05:30:00,25.666666666666668,458.3333333333333,291.0,openaq_ground
2025-11-01 06:30:00,27.566666666666666,438.3333333333333,250.25,openaq_ground
2025-11-01 07:30:00,23.53333333333333,388.0,229.0,openaq_ground
2025-11-01 08:30:00,23.333333333333332,356.0,224.75,openaq_ground
2025-11-01 09:30:00,27.099999999999998,360.0,228.0,openaq_ground
2025-11-01 10:30:00,38.86666666666667,330.3333333333333,230.75,openaq_ground
2025-11-01 11:30:00,55.93333333333334,326.6666666666667,231.25,openaq_ground
2025-11-01 12:30:00,56.5,365.6666666666667,256.0,openaq_ground
2025-11-01 13:30:00,57.5,412.0,280.5,openaq_ground
2025-11-01 14:30:00,50.23333333333333,400.3333333333333,282.0,openaq_ground
2025-11-01 15:30:00,49.23333333333333,354.0,250.5,openaq_ground
2025-11-01 16:30:00,44.68333333333333,336.0,225.75,openaq_ground
2025-11-01 17:30:00,45.4,312.0,201.5,openaq_ground
2025-11-01 18:30:00,40.65,278.3333333333333,192.75,openaq_ground
2025-11-01 19:30:00,43.626666666666665,275.3333333333333,190.25,openaq_ground
2025-11-01 20:30:00,40.73333333333333,258.0,168.5,openaq_ground
2025-11-01 21:30:00,34.86,239.66666666666666,171.0,openaq_ground
2025-11-01 22:30:00,31.383333333333336,240.66666666666666,186.0,openaq_ground
2025-11-01 23:30:00,29.076666666666668,278.6666666666667,212.5,openaq_ground
2025-11-02 00:30:00,29.55,287.6666666666667,214.75,openaq_ground
2025-11-02 01:30:00,29.44333333333334,272.0,205.75,openaq_ground
2025-11-02 02:30:00,29.733333333333334,284.3333333333333,205.75,openaq_ground
2025-11-02 03:30:00,25.166666666666668,358.6666666666667,239.75,openaq_ground
2025-11-02 04:30:00,24.633333333333336,397.6666666666667,274.25,openaq_ground
2025-11-02 05:30:00,20.96666666666667,402.0,246.25,openaq_ground
2025-11-02 06:30:00,16.5,336.3333333333333,193.5,openaq_ground
2025-11-02 07:30:00,15.133333333333333,251.0,136.5,openaq_ground
2025-11-02 08:30:00,13.433333333333332,171.33333333333334,87.65,openaq_ground
2025-11-02 09:30:00,14.450000000000001,167.0,87.05,openaq_ground
2025-11-02 10:30:00,19.843333333333334,183.33333333333334,98.25,openaq_ground
2025-11-02 11:30:00,41.333333333333336,198.33333333333334,109.325,openaq_ground
2025-11-02 12:30:00,53.0,204.66666666666666,111.325,openaq_ground
2025-11-02 13:30:00,51.96666666666666,232.0,124.0,openaq_ground
2025-11-02 14:30:00,51.46666666666666,263.3333333333333,142.5,openaq_ground
2025-11-02 15:30:00,51.366666666666674,266.0,152.75,openaq_ground
2025-11-02 16:30:00,51.03333333333333,255.33333333333334,150.75,openaq_ground
2025-11-02 17:30:00,48.63333333333333,266.3333333333333,148.25,openaq_ground
2025-11-02 18:30:00,,,132.0,openaq_ground
2025-11-02 19:30:00,29.8,181.0,122.5,openaq_ground
2025-11-02 20:30:00,41.36666666666667,220.0,134.5,openaq_ground
2025-11-02 21:30:00,38.43333333333333,222.0,142.25,openaq_ground
2025-11-02 22:30:00,31.433333333333337,215.66666666666666,142.25,openaq_ground
2025-11-02 23:30:00,31.166666666666668,208.33333333333334,138.5,openaq_ground
2025-11-03 00:30:00,33.300000000000004,197.66666666666666,122.25,openaq_ground
2025-11-03 01:30:00,34.03333333333333,206.66666666666666,122.25,openaq_ground
2025-11-03 02:30:00,33.36666666666667,219.66666666666666,120.5,openaq_ground
2025-11-03 03:30:00,33.9,259.6666666666667,122.5,openaq_ground
2025-11-03 04:30:00,29.46666666666667,321.3333333333333,151.25,openaq_ground
2025-11-03 05:30:00,28.466666666666665,385.0,200.75,openaq_ground
2025-11-03 06:30:00,,,213.0,openaq_ground
2025-11-03 07:30:00,22.25,359.6666666666667,196.5,openaq_ground
2025-11-03 08:30:00,19.933333333333334,292.3333333333333,149.0,openaq_ground
2025-11-03 09:30:00,20.633333333333336,239.33333333333334,116.0,openaq_ground
2025-11-03 10:30:00,31.2,213.33333333333334,91.725,openaq_ground
2025-11-03 11:30:00,55.56666666666666,176.66666666666666,74.275,openaq_ground
2025-11-03 12:30:00,56.96666666666667,169.66666666666666,61.75,openaq_ground
2025-11-03 13:30:00,51.63333333333333,187.66666666666666,83.8,openaq_ground
2025-11-03 14:30:00,64.3,201.0,101.33333333333333,openaq_ground
2025-11-03 15:30:00,,,125.0,openaq_ground
2025-11-03 16:30:00,,,112.0,openaq_ground
2025-11-03 17:30:00,,,115.0,openaq_ground
2025-11-03 18:30:00,,,109.0,openaq_ground
2025-11-03 19:30:00,,,111.0,openaq_ground
2025-11-03 20:30:00,,,118.0,openaq_ground
2025-11-03 21:30:00,,,114.0,openaq_ground
2025-11-03 22:30:00,,,116.0,openaq_ground
2025-11-03 23:30:00,,,116.0,openaq_ground
2025-11-04 00:30:00,,,126.0,openaq_ground
2025-11-04 01:30:00,,,127.0,openaq_ground
2025-11-04 02:30:00,,,166.0,openaq_ground
2025-11-04 03:30:00,41.2,397.0,182.0,openaq_ground
2025-11-04 04:30:00,37.53333333333333,293.6666666666667,132.5,openaq_ground
2025-11-04 05:30:00,29.7,235.66666666666666,95.25,openaq_ground
2025-11-04 06:30:00,,,84.0,openaq_ground
2025-11-04 07:30:00,22.433333333333334,193.0,100.175,openaq_ground
2025-11-04 08:30:00,20.599999999999998,158.66666666666666,64.475,openaq_ground
2025-11-04 09:30:00,19.099999999999998,141.0,57.35,openaq_ground
2025-11-04 10:30:00,24.133333333333336,138.66666666666666,68.825,openaq_ground
2025-11-04 11:30:00,43.93333333333334,123.0,49.9,openaq_ground
2025-11-04 12:30:00,51.699999999999996,139.66666666666666,45.425,openaq_ground
2025-11-04 13:30:00,53.9,155.26666666666668,53.7,openaq_ground
2025-11-04 14:30:00,50.199999999999996,172.66666666666666,76.35,openaq_ground
2025-11-04 15:30:00,44.23333333333333,179.66666666666666,88.5,openaq_ground
2025-11-04 16:30:00,39.56666666666667,169.0,87.9,openaq_ground
2025-11-04 17:30:00,35.46666666666667,191.66666666666666,103.75,openaq_ground
2025-11-04 18:30:00,34.76666666666666,192.33333333333334,108.0,openaq_ground
2025-11-04 19:30:00,30.366666666666664,186.66666666666666,107.95,openaq_ground
2025-11-04 20:30:00,26.8,151.5,99.7,openaq_ground
2025-11-04 21:30:00,28.466666666666665,154.66666666666666,89.7,openaq_ground
2025-11-04 22:30:00,27.266666666666666,142.33333333333334,89.575,openaq_ground
2025-11-04 23:30:00,23.400000000000002,164.0,97.75,openaq_ground
2025-11-05 00:30:00,20.866666666666664,170.0,98.875,openaq_ground
2025-11-05 01:30:00,21.433333333333334,169.66666666666666,101.7,openaq_ground
2025-11-05 02:30:00,30.066666666666666,178.33333333333334,115.5,openaq_ground
2025-11-05 03:30:00,22.566666666666666,165.66666666666666,95.4,openaq_ground
2025-11-05 04:30:00,22.066666666666666,122.33333333333333,63.025,openaq_ground
2025-11-05 05:30:00,31.400000000000002,141.0,65.725,openaq_ground
2025-11-05 06:30:00,21.433333333333334,162.66666666666666,68.65,openaq_ground
2025-11-05 07:30:00,14.5,151.33333333333334,66.425,openaq_ground
2025-11-05 08:30:00,20.866666666666667,115.43333333333334,50.925,openaq_ground
2025-11-05 09:30:00,17.466666666666665,100.43333333333334,38.55,openaq_ground
2025-11-05 10:30:00,31.933333333333334,113.33333333333333,46.25,openaq_ground
2025-11-05 11:30:00,44.26666666666666,129.0,58.2,openaq_ground
2025-11-05 12:30:00,49.1,131.66666666666666,59.45,openaq_ground
2025-11-05 13:30:00,41.76666666666667,143.66666666666666,69.35,openaq_ground
2025-11-05 14:30:00,35.1,202.66666666666666,118.725,openaq_ground
2025-11-05 15:30:00,30.900000000000002,265.0,168.75,openaq_ground
2025-11-05 16:30:00,32.46666666666667,290.6666666666667,200.5,openaq_ground
2025-11-05 17:30:00,28.3,297.3333333333333,248.0,openaq_ground
2025-11-05 18:30:00,20.233333333333334,373.3333333333333,295.25,openaq_ground
2025-11-05 19:30:00,23.53333333333333,311.6666666666667,240.75,openaq_ground
2025-11-05 20:30:00,22.400000000000002,284.3333333333333,213.5,openaq_ground
2025-11-05 21:30:00,26.7,248.33333333333334,199.75,openaq_ground
2025-11-05 22:30:00,27.76666666666667,248.0,208.0,openaq_ground
2025-11-05 23:30:00,33.46666666666667,291.3333333333333,229.5,openaq_ground
2025-11-06 00:30:00,33.699999999999996,336.3333333333333,287.25,openaq_ground
2025-11-06 01:30:00,34.233333333333334,400.0,354.0,openaq_ground
2025-11-06 02:30:00,39.26666666666667,487.3333333333333,361.75,openaq_ground
2025-11-06 03:30:00,31.733333333333334,487.3333333333333,314.0,openaq_ground
2025-11-06 04:30:00,22.333333333333332,369.6666666666667,199.75,openaq_ground
2025-11-06 05:30:00,16.3,252.33333333333334,107.5,openaq_ground
2025-11-06 06:30:00,14.833333333333334,195.0,79.975,openaq_ground
2025-11-06 07:30:00,18.133333333333333,179.66666666666666,74.225,openaq_ground
2025-11-06 08:30:00,18.5,179.66666666666666,71.375,openaq_ground
2025-11-06 09:30:00,21.433333333333334,141.16666666666666,60.375,openaq_ground
2025-11-06 10:30:00,,,57.0,openaq_ground
2025-11-06 11:30:00,47.53333333333333,150.0,56.075,openaq_ground
2025-11-06 12:30:00,62.63333333333333,151.66666666666666,60.75,openaq_ground
2025-11-06 13:30:00,63.93333333333334,158.93333333333334,63.575,openaq_ground
2025-11-06 14:30:00,64.86666666666666,197.0,86.575,openaq_ground
2025-11-06 15:30:00,63.0,226.0,111.6,openaq_ground
2025-11-06 16:30:00,57.36666666666667,238.66666666666666,130.0,openaq_ground
2025-11-06 17:30:00,48.53333333333333,241.0,144.75,openaq_ground
2025-11-06 18:30:00,39.4,339.6666666666667,224.5,openaq_ground
2025-11-06 19:30:00,38.6,387.0,297.6666666666667,openaq_ground
2025-11-06 20:30:00,38.333333333333336,405.6666666666667,302.6666666666667,openaq_ground
2025-11-06 21:30:00,36.76666666666667,426.6666666666667,372.25,openaq_ground
2025-11-06 22:30:00,34.63333333333333,473.6666666666667,424.25,openaq_ground
2025-11-06 23:30:00,35.166666666666664,538.0,442.5,openaq_ground
2025-11-07 00:30:00,36.03333333333333,505.0,400.25,openaq_ground
2025-11-07 01:30:00,41.0,438.3333333333333,314.75,openaq_ground
2025-11-07 02:30:00,41.333333333333336,390.0,260.75,openaq_ground
2025-11-07 03:30:00,36.93333333333333,371.0,218.5,openaq_ground
2025-11-07 04:30:00,31.866666666666664,371.0,194.75,openaq_ground
2025-11-07 05:30:00,33.7,320.6666666666667,175.25,openaq_ground
2025-11-07 06:30:00,25.066666666666666,275.6666666666667,160.25,openaq_ground
2025-11-07 07:30:00,23.666666666666668,243.0,136.25,openaq_ground
2025-11-07 08:30:00,22.666666666666668,218.66666666666666,102.5,openaq_ground
2025-11-07 09:30:00,25.433333333333334,154.66666666666666,82.0,openaq_ground
2025-11-07 10:30:00,31.333333333333332,169.66666666666666,80.125,openaq_ground
2025-11-07 11:30:00,62.03333333333334,191.66666666666666,82.9,openaq_ground
2025-11-07 12:30:00,78.36666666666666,206.0,91.05,openaq_ground
2025-11-07 13:30:00,74.60000000000001,207.33333333333334,98.1,openaq_ground
2025-11-07 14:30:00,74.16666666666667,235.0,125.75,openaq_ground
2025-11-07 15:30:00,73.2,293.3333333333333,161.0,openaq_ground
2025-11-07 16:30:00,71.06666666666666,317.6666666666667,170.25,openaq_ground
2025-11-07 17:30:00,68.10000000000001,330.3333333333333,181.25,openaq_ground
2025-11-07 18:30:00,58.03333333333333,315.0,191.25,openaq_ground
2025-11-07 19:30:00,57.70000000000001,307.3333333333333,199.0,openaq_ground
2025-11-07 20:30:00,50.63333333333333,305.3333333333333,227.0,openaq_ground
2025-11-07 21:30:00,43.13333333333333,358.6666666666667,289.0,openaq_ground
2025-11-07 22:30:00,37.96666666666667,433.0,349.25,openaq_ground
2025-11-07 23:30:00,40.199999999999996,440.6666666666667,347.5,openaq_ground
2025-11-08 00:30:00,38.233333333333334,449.3333333333333,332.5,openaq_ground
2025-11-08 01:30:00,40.13333333333333,431.3333333333333,330.75,openaq_ground
2025-11-08 02:30:00,44.300000000000004,408.0,297.25,openaq_ground
2025-11-08 03:30:00,44.199999999999996,415.0,263.0,openaq_ground
2025-11-08 04:30:00,38.06666666666667,502.6666666666667,336.25,openaq_ground
2025-11-08 05:30:00,24.0,503.0,300.25,openaq_ground
2025-11-08 06:30:00,22.599999999999998,351.6666666666667,213.25,openaq_ground
2025-11-08 07:30:00,20.5,329.0,189.75,openaq_ground
2025-11-08 08:30:00,23.366666666666664,310.3333333333333,174.0,openaq_ground
2025-11-08 09:30:00,25.599999999999998,264.6666666666667,153.5,openaq_ground
2025-11-08 10:30:00,36.13333333333333,255.33333333333334,149.0,openaq_ground
2025-11-08 11:30:00,62.866666666666674,267.6666666666667,159.75,openaq_ground
2025-11-08 12:30:00,78.76666666666667,277.6666666666667,159.75,openaq_ground
2025-11-08 13:30:00,75.76666666666667,273.3333333333333,167.25,openaq_ground
2025-11-08 14:30:00,76.66666666666667,300.0,184.75,openaq_ground
2025-11-08 15:30:00,79.2,340.6666666666667,220.75,openaq_ground
2025-11-08 16:30:00,73.39999999999999,374.0,234.0,openaq_ground
2025-11-08 17:30:00,74.36666666666667,366.0,234.25,openaq_ground
2025-11-08 18:30:00,72.73333333333333,341.0,234.5,openaq_ground
2025-11-08 19:30:00,69.63333333333334,341.0,241.75,openaq_ground
2025-11-08 20:30:00,59.0,331.0,246.25,openaq_ground
2025-11-08 21:30:00,52.13333333333333,346.3333333333333,273.0,openaq_ground
2025-11-08 22:30:00,52.43333333333334,379.6666666666667,310.5,openaq_ground
2025-11-08 23:30:00,50.833333333333336,406.3333333333333,323.75,openaq_ground
2025-11-09 00:30:00,46.23333333333333,421.3333333333333,313.25,openaq_ground
2025-11-09 01:30:00,42.300000000000004,395.0,309.75,openaq_ground
2025-11-09 02:30:00,48.79999999999999,414.6666666666667,301.25,openaq_ground
2025-11-09 03:30:00,40.53333333333333,407.3333333333333,273.25,openaq_ground
2025-11-09 04:30:00,32.36666666666667,366.3333333333333,229.0,openaq_ground
2025-11-09 05:30:00,29.26666666666667,323.3333333333333,188.75,openaq_ground
2025-11-09 06:30:00,26.0,276.6666666666667,151.5,openaq_ground
2025-11-09 07:30:00,24.366666666666664,254.33333333333334,143.25,openaq_ground
2025-11-09 08:30:00,23.033333333333335,199.33333333333334,100.5,openaq_ground
2025-11-09 09:30:00,24.5,131.66666666666666,72.575,openaq_ground
2025-11-09 10:30:00,33.833333333333336,141.33333333333334,81.275,openaq_ground
2025-11-09 11:30:00,67.33333333333333,154.33333333333334,82.8,openaq_ground
2025-11-09 12:30:00,72.89999999999999,196.33333333333334,96.625,openaq_ground
2025-11-09 13:30:00,74.66666666666667,212.33333333333334,122.25,openaq_ground
2025-11-09 14:30:00,77.23333333333333,270.3333333333333,154.5,openaq_ground
2025-11-09 15:30:00,78.89999999999999,298.0,180.75,openaq_ground
2025-11-09 16:30:00,73.26666666666667,316.3333333333333,191.25,openaq_ground
2025-11-09 17:30:00,69.5,302.0,194.0,openaq_ground
2025-11-09 18:30:00,74.8,316.5,210.0,openaq_ground
2025-11-09 19:30:00,53.76666666666667,247.33333333333334,202.25,openaq_ground
2025-11-09 20:30:00,51.800000000000004,192.33333333333334,201.75,openaq_ground
2025-11-09 21:30:00,51.56666666666666,239.0,243.0,openaq_ground
2025-11-09 22:30:00,42.36666666666667,299.0,271.75,openaq_ground
2025-11-09 23:30:00,42.76666666666667,347.0,291.5,openaq_ground
2025-11-10 00:30:00,44.06666666666666,382.3333333333333,299.0,openaq_ground
2025-11-10 01:30:00,49.93333333333334,366.0,278.0,openaq_ground
2025-11-10 02:30:00,60.76666666666667,370.6666666666667,240.25,openaq_ground
2025-11-10 03:30:00,59.93333333333334,434.6666666666667,266.25,openaq_ground
2025-11-10 04:30:00,54.199999999999996,452.3333333333333,268.25,openaq_ground
2025-11-10 05:30:00,57.15,429.5,252.33333333333334,openaq_ground
2025-11-10 06:30:00,,,183.0,openaq_ground
2025-11-10 07:30:00,,,207.0,openaq_ground
2025-11-10 08:30:00,,,211.0,openaq_ground
2025-11-10 09:30:00,,,231.0,openaq_ground
2025-11-10 10:30:00,,,245.0,openaq_ground
2025-11-10 11:30:00,41.2,249.0,214.5,openaq_ground
2025-11-10 12:30:00,112.25,391.0,236.33333333333334,openaq_ground
2025-11-10 13:30:00,82.0,365.3333333333333,242.25,openaq_ground
2025-11-10 14:30:00,72.76666666666667,380.0,272.0,openaq_ground
2025-11-10 15:30:00,76.83333333333333,423.0,307.5,openaq_ground
2025-11-10 16:30:00,75.2,454.3333333333333,342.75,openaq_ground
2025-11-10 17:30:00,70.43333333333334,442.3333333333333,352.0,openaq_ground
2025-11-10 18:30:00,66.93333333333334,455.3333333333333,359.0,openaq_ground
2025-11-10 19:30:00,56.96666666666667,458.0,373.25,openaq_ground
2025-11-10 20:30:00,55.4,460.6666666666667,369.25,openaq_ground
2025-11-10 21:30:00,53.56666666666667,439.3333333333333,373.25,openaq_ground
2025-11-10 22:30:00,50.23333333333333,481.3333333333333,394.75,openaq_ground
2025-11-10 23:30:00,52.56666666666666,486.6666666666667,384.5,openaq_ground
2025-11-11 00:30:00,52.13333333333333,482.6666666666667,373.75,openaq_ground
2025-11-11 01:30:00,48.0,440.0,345.75,openaq_ground
2025-11-11 02:30:00,59.46666666666667,454.6666666666667,327.75,openaq_ground
2025-11-11 03:30:00,69.7,529.3333333333334,354.25,openaq_ground
2025-11-11 04:30:00,61.36666666666667,535.3333333333334,330.5,openaq_ground
2025-11-11 05:30:00,44.23333333333333,473.0,273.75,openaq_ground
2025-11-11 06:30:00,34.56666666666667,382.3333333333333,207.75,openaq_ground
2025-11-11 07:30:00,32.733333333333334,343.0,206.0,openaq_ground
2025-11-11 08:30:00,32.96666666666667,337.3333333333333,197.0,openaq_ground
2025-11-11 09:30:00,33.6,240.33333333333334,134.0,openaq_ground
2025-11-11 10:30:00,38.66666666666667,228.33333333333334,121.625,openaq_ground
2025-11-11 11:30:00,81.10000000000001,194.66666666666666,130.25,openaq_ground
2025-11-11 12:30:00,87.76666666666667,257.0,143.75,openaq_ground
2025-11-11 13:30:00,82.53333333333333,271.0,160.0,openaq_ground
2025-11-11 14:30:00,79.03333333333333,304.3333333333333,176.0,openaq_ground
2025-11-11 15:30:00,78.63333333333333,366.6666666666667,220.0,openaq_ground
2025-11-11 16:30:00,81.60000000000001,396.0,262.5,openaq_ground
2025-11-11 17:30:00,70.3,406.0,306.0,openaq_ground
2025-11-11 18:30:00,44.833333333333336,482.6666666666667,396.75,openaq_ground
2025-11-11 19:30:00,49.73333333333333,525.3333333333334,453.75,openaq_ground
2025-11-11 20:30:00,50.43333333333334,558.6666666666666,467.0,openaq_ground
2025-11-11 21:30:00,47.666666666666664,533.3333333333334,474.75,openaq_ground
2025-11-11 22:30:00,51.199999999999996,547.0,462.75,openaq_ground
2025-11-11 23:30:00,46.29999999999999,578.6666666666666,454.25,openaq_ground
2025-11-12 00:30:00,49.53333333333334,554.0,420.75,openaq_ground
2025-11-12 01:30:00,46.73333333333333,485.6666666666667,379.5,openaq_ground
2025-11-12 02:30:00,50.06666666666666,477.0,362.5,openaq_ground
2025-11-12 03:30:00,50.73333333333334,555.0,394.5,openaq_ground
2025-11-12 04:30:00,42.4,579.3333333333334,379.0,openaq_ground
2025-11-12 05:30:00,35.26666666666667,509.3333333333333,324.0,openaq_ground
2025-11-12 06:30:00,31.26666666666667,428.3333333333333,271.75,openaq_ground
2025-11-12 07:30:00,27.733333333333334,383.6666666666667,227.0,openaq_ground
2025-11-12 08:30:00,29.066666666666666,314.6666666666667,172.75,openaq_ground
2025-11-12 09:30:00,27.7,263.3333333333333,140.75,openaq_ground
2025-11-12 10:30:00,48.4,251.33333333333334,129.5,openaq_ground
2025-11-12 11:30:00,72.83333333333333,266.3333333333333,146.75,openaq_ground
2025-11-12 12:30:00,92.39999999999999,303.0,159.0,openaq_ground
2025-11-12 13:30:00,86.43333333333334,295.3333333333333,164.0,openaq_ground
2025-11-12 14:30:00,78.60000000000001,308.0,185.25,openaq_ground
2025-11-12 15:30:00,69.8,331.6666666666667,216.25,openaq_ground
2025-11-12 16:30:00,74.33333333333333,356.6666666666667,239.0,openaq_ground
2025-11-12 17:30:00,70.60000000000001,352.3333333333333,248.75,openaq_ground
2025-11-12 18:30:00,64.36666666666666,392.0,262.25,openaq_ground
2025-11-12 19:30:00,64.66666666666667,431.3333333333333,298.75,openaq_ground
2025-11-12 20:30:00,57.63333333333333,445.6666666666667,313.75,openaq_ground
2025-11-12 21:30:00,51.46666666666667,427.3333333333333,317.75,openaq_ground
2025-11-12 22:30:00,45.833333333333336,419.0,310.5,openaq_ground
2025-11-12 23:30:00,45.0,414.6666666666667,314.75,openaq_ground
2025-11-13 00:30:00,46.96666666666667,409.0,301.25,openaq_ground
2025-11-13 01:30:00,42.96666666666667,403.6666666666667,297.75,openaq_ground
2025-11-13 02:30:00,58.666666666666664,415.0,303.75,openaq_ground
2025-11-13 03:30:00,72.23333333333333,540.3333333333334,343.0,openaq_ground
2025-11-13 04:30:00,60.06666666666666,568.0,340.5,openaq_ground
2025-11-13 05:30:00,47.699999999999996,487.0,298.0,openaq_ground
2025-11-13 06:30:00,35.36666666666667,402.0,230.75,openaq_ground
2025-11-13 07:30:00,31.066666666666663,328.0,223.75,openaq_ground
2025-11-13 08:30:00,31.566666666666666,353.3333333333333,228.25,openaq_ground
2025-11-13 09:30:00,35.199999999999996,315.3333333333333,213.0,openaq_ground
2025-11-13 10:30:00,49.800000000000004,303.3333333333333,183.5,openaq_ground
2025-11-13 11:30:00,79.76666666666667,310.6666666666667,184.75,openaq_ground
2025-11-13 12:30:00,92.8,336.6666666666667,211.25,openaq_ground
2025-11-13 13:30:00,92.43333333333334,352.0,227.75,openaq_ground
2025-11-13 14:30:00,87.76666666666667,347.6666666666667,215.33333333333334,openaq_ground
2025-11-13 15:30:00,83.10000000000001,352.3333333333333,236.75,openaq_ground
2025-11-13 16:30:00,80.26666666666667,376.6666666666667,242.33333333333334,openaq_ground
2025-11-13 17:30:00,80.96666666666665,376.6666666666667,250.0,openaq_ground
2025-11-13 18:30:00,,,264.0,openaq_ground
2025-11-13 19:30:00,68.16666666666667,342.0,239.25,openaq_ground
2025-11-13 20:30:00,61.06666666666666,338.3333333333333,249.25,openaq_ground
2025-11-13 21:30:00,56.1,329.6666666666667,241.25,openaq_ground
2025-11-13 22:30:00,51.5,322.3333333333333,240.5,openaq_ground
2025-11-13 23:30:00,49.26666666666667,305.6666666666667,234.5,openaq_ground
2025-11-14 00:30:00,53.699999999999996,335.6666666666667,235.75,openaq_ground
2025-11-14 01:30:00,58.099999999999994,329.3333333333333,212.66666666666666,openaq_ground
2025-11-14 02:30:00,60.73333333333333,274.6666666666667,194.0,openaq_ground
2025-11-14 03:30:00,58.199999999999996,288.3333333333333,206.0,openaq_ground
2025-11-14 04:30:00,53.599999999999994,381.3333333333333,214.25,openaq_ground
2025-11-14 05:30:00,49.86666666666667,381.3333333333333,210.5,openaq_ground
2025-11-14 06:30:00,37.800000000000004,378.0,192.5,openaq_ground
2025-11-14 07:30:00,26.933333333333337,343.3333333333333,175.25,openaq_ground
2025-11-14 08:30:00,21.899999999999995,334.0,190.75,openaq_ground
2025-11-14 09:30:00,22.633333333333336,301.3333333333333,174.75,openaq_ground
2025-11-14 10:30:00,39.733333333333334,243.66666666666666,152.25,openaq_ground
2025-11-14 11:30:00,72.63333333333334,274.0,142.33333333333334,openaq_ground
2025-11-14 12:30:00,80.43333333333334,267.0,144.33333333333334,openaq_ground
2025-11-14 13:30:00,76.26666666666667,286.6666666666667,166.0,openaq_ground
2025-11-14 14:30:00,72.1,324.3333333333333,183.0,openaq_ground
2025-11-14 15:30:00,67.36666666666666,358.0,221.66666666666666,openaq_ground
2025-11-14 16:30:00,67.3,369.3333333333333,249.0,openaq_ground
2025-11-14 17:30:00,66.89999999999999,377.3333333333333,249.0,openaq_ground
2025-11-14 18:30:00,59.166666666666664,380.0,260.3333333333333,openaq_ground
2025-11-14 19:30:00,55.6,367.3333333333333,264.6666666666667,openaq_ground
2025-11-14 20:30:00,51.03333333333333,371.0,267.3333333333333,openaq_ground
2025-11-14 21:30:00,44.96666666666667,377.3333333333333,271.6666666666667,openaq_ground
2025-11-14 22:30:00,40.53333333333334,372.3333333333333,288.0,openaq_ground
2025-11-14 23:30:00,39.166666666666664,393.0,295.0,openaq_ground
2025-11-15 00:30:00,34.63333333333333,369.3333333333333,277.3333333333333,openaq_ground
2025-11-15 01:30:00,41.56666666666667,349.6666666666667,258.6666666666667,openaq_ground
2025-11-15 02:30:00,53.86666666666667,353.6666666666667,233.33333333333334,openaq_ground
2025-11-15 03:30:00,52.56666666666666,362.3333333333333,223.33333333333334,openaq_ground
2025-11-15 04:30:00,42.833333333333336,374.6666666666667,224.66666666666666,openaq_ground
2025-11-15 05:30:00,34.43333333333333,383.6666666666667,210.33333333333334,openaq_ground
2025-11-15 06:30:00,24.266666666666666,341.0,184.66666666666666,openaq_ground
2025-11-15 07:30:00,23.333333333333332,294.6666666666667,160.66666666666666,openaq_ground
2025-11-15 08:30:00,20.283333333333335,287.0,161.0,openaq_ground
2025-11-15 09:30:00,26.233333333333334,260.6666666666667,146.66666666666666,openaq_ground
2025-11-15 10:30:00,42.70000000000001,248.33333333333334,129.33333333333334,openaq_ground
2025-11-15 11:30:00,79.56666666666668,221.0,119.0,openaq_ground
2025-11-15 12:30:00,79.73333333333333,233.0,124.66666666666667,openaq_ground
2025-11-15 13:30:00,77.13333333333334,249.0,132.0,openaq_ground
2025-11-15 14:30:00,77.83333333333333,288.6666666666667,152.66666666666666,openaq_ground
2025-11-15 15:30:00,71.39999999999999,312.0,179.66666666666666,openaq_ground
2025-11-15 16:30:00,70.23333333333333,357.3333333333333,218.66666666666666,openaq_ground
2025-11-15 17:30:00,66.10000000000001,391.0,259.0,openaq_ground
2025-11-15 18:30:00,63.333333333333336,427.0,291.0,openaq_ground
2025-11-15 19:30:00,57.96666666666667,423.0,302.0,openaq_ground
2025-11-15 20:30:00,57.06666666666666,442.6666666666667,323.0,openaq_ground
2025-11-15 21:30:00,48.06666666666666,426.6666666666667,318.6666666666667,openaq_ground
2025-11-15 22:30:00,57.166666666666664,396.6666666666667,297.0,openaq_ground
2025-11-15 23:30:00,58.666666666666664,366.6666666666667,260.6666666666667,openaq_ground
2025-11-16 00:30:00,46.1,314.3333333333333,237.33333333333334,openaq_ground
2025-11-16 01:30:00,51.400000000000006,296.6666666666667,214.66666666666666,openaq_ground
2025-11-16 02:30:00,52.26666666666666,328.6666666666667,222.0,openaq_ground
2025-11-16 03:30:00,68.63333333333334,365.0,245.0,openaq_ground
2025-11-16 04:30:00,69.8,395.0,260.0,openaq_ground
2025-11-16 05:30:00,72.03333333333333,350.3333333333333,273.25,openaq_ground
2025-11-16 06:30:00,62.4,290.6666666666667,235.5,openaq_ground
2025-11-16 07:30:00,52.199999999999996,226.33333333333334,118.75,openaq_ground
2025-11-16 08:30:00,50.46666666666667,191.66666666666666,102.75,openaq_ground
2025-11-16 09:30:00,73.65,191.0,121.33333333333333,openaq_ground
2025-11-16 10:30:00,80.5,193.0,116.25,openaq_ground
2025-11-16 11:30:00,95.73333333333333,250.66666666666666,112.75,openaq_ground
2025-11-16 12:30:00,98.65,270.0,113.60000000000001,openaq_ground
2025-11-16 13:30:00,92.8,248.0,123.33333333333333,openaq_ground
2025-11-16 14:30:00,87.55,266.5,147.33333333333334,openaq_ground
2025-11-16 15:30:00,79.6,285.0,166.0,openaq_ground
2025-11-16 16:30:00,77.45,337.0,180.0,openaq_ground
2025-11-16 17:30:00,70.95,351.5,203.5,openaq_ground
2025-11-16 18:30:00,64.85,375.5,230.5,openaq_ground
2025-11-16 19:30:00,61.15,387.0,237.0,openaq_ground
2025-11-16 20:30:00,58.75,373.0,244.5,openaq_ground
2025-11-16 21:30:00,53.5,370.0,263.0,openaq_ground
2025-11-16 22:30:00,47.95,356.5,242.5,openaq_ground
2025-11-16 23:30:00,44.1,332.0,230.5,openaq_ground
2025-11-17 00:30:00,44.5,323.5,226.0,openaq_ground
2025-11-17 01:30:00,53.599999999999994,307.5,199.5,openaq_ground
2025-11-17 02:30:00,57.6,260.5,145.5,openaq_ground
2025-11-17 03:30:00,54.4,271.5,137.0,openaq_ground
2025-11-17 04:30:00,50.25,351.5,155.5,openaq_ground
2025-11-17 05:30:00,40.8,367.0,150.0,openaq_ground
2025-11-17 06:30:00,21.7,297.6666666666667,131.5,openaq_ground
2025-11-17 07:30:00,25.066666666666663,276.6666666666667,117.5,openaq_ground
2025-11-17 08:30:00,23.2,261.6666666666667,101.0,openaq_ground
2025-11-17 09:30:00,24.633333333333336,210.0,93.43333333333334,openaq_ground
2025-11-17 10:30:00,41.699999999999996,186.66666666666666,86.60000000000001,openaq_ground
2025-11-17 11:30:00,77.13333333333333,202.0,84.43333333333334,openaq_ground
2025-11-17 12:30:00,78.8,212.66666666666666,86.89999999999999,openaq_ground
2025-11-17 13:30:00,73.56666666666668,215.66666666666666,100.7,openaq_ground
2025-11-17 14:30:00,66.16666666666667,223.33333333333334,105.33333333333333,openaq_ground
2025-11-17 15:30:00,55.800000000000004,249.33333333333334,120.66666666666667,openaq_ground
2025-11-17 16:30:00,48.666666666666664,260.6666666666667,128.33333333333334,openaq_ground
2025-11-17 17:30:00,49.03333333333333,276.0,149.0,openaq_ground
2025-11-17 18:30:00,55.06666666666666,267.6666666666667,155.25,openaq_ground
2025-11-17 19:30:00,75.6,259.0,147.33333333333334,openaq_ground
2025-11-17 20:30:00,83.4,290.5,180.66666666666666,openaq_ground
2025-11-17 21:30:00,76.4,327.5,195.0,openaq_ground
2025-11-17 22:30:00,75.25,322.5,234.0,openaq_ground
2025-11-17 23:30:00,65.8,315.5,220.66666666666666,openaq_ground
2025-11-18 00:30:00,63.25,295.0,208.66666666666666,openaq_ground
2025-11-18 01:30:00,53.5,284.5,193.0,openaq_ground
2025-11-18 02:30:00,68.15,312.0,223.66666666666666,openaq_ground
2025-11-18 03:30:00,85.75,404.0,272.0,openaq_ground
2025-11-18 04:30:00,86.35,507.5,305.0,openaq_ground
2025-11-18 05:30:00,,,260.0,openaq_ground
2025-11-18 06:30:00,,,180.0,openaq_ground
2025-11-18 07:30:00,,,210.0,openaq_ground
2025-11-18 08:30:00,,,153.0,openaq_ground
2025-11-18 11:30:00,87.33333333333333,236.66666666666666,124.0,openaq_ground
2025-11-18 12:30:00,85.3,252.66666666666666,134.75,openaq_ground
2025-11-18 13:30:00,81.43333333333332,244.66666666666666,141.5,openaq_ground
2025-11-18 14:30:00,77.4,260.6666666666667,157.75,openaq_ground
2025-11-18 15:30:00,67.63333333333334,279.0,176.5,openaq_ground
2025-11-18 16:30:00,66.23333333333333,297.3333333333333,177.33333333333334,openaq_ground
2025-11-18 17:30:00,65.7,320.3333333333333,197.33333333333334,openaq_ground
2025-11-18 18:30:00,63.833333333333336,324.6666666666667,229.75,openaq_ground
2025-11-18 19:30:00,57.96666666666667,319.6666666666667,236.75,openaq_ground
2025-11-18 20:30:00,52.93333333333334,319.6666666666667,221.0,openaq_ground
2025-11-18 21:30:00,50.86666666666667,348.0,239.66666666666666,openaq_ground
2025-11-18 22:30:00,46.76666666666666,364.0,279.5,openaq_ground
2025-11-18 23:30:00,43.56666666666666,368.0,271.0,openaq_ground
2025-11-19 00:30:00,41.03333333333333,369.3333333333333,255.33333333333334,openaq_ground
2025-11-19 01:30:00,44.666666666666664,348.3333333333333,255.66666666666666,openaq_ground
2025-11-19 02:30:00,55.06666666666666,341.3333333333333,234.66666666666666,openaq_ground
2025-11-19 03:30:00,81.96666666666667,431.6666666666667,247.66666666666666,openaq_ground
2025-11-19 04:30:00,99.8,469.6666666666667,282.25,openaq_ground
2025-11-19 05:30:00,83.56666666666666,452.6666666666667,256.5,openaq_ground
2025-11-19 06:30:00,78.46666666666667,363.3333333333333,199.0,openaq_ground
2025-11-19 07:30:00,73.36666666666666,413.6666666666667,244.0,openaq_ground
2025-11-19 08:30:00,48.76666666666667,375.6666666666667,214.0,openaq_ground
2025-11-19 09:30:00,49.96666666666667,284.0,144.66666666666666,openaq_ground
2025-11-19 10:30:00,70.60000000000001,289.6666666666667,147.33333333333334,openaq_ground
2025-11-19 11:30:00,102.96666666666665,308.6666666666667,136.0,openaq_ground
2025-11-19 12:30:00,112.13333333333333,288.6666666666667,144.66666666666666,openaq_ground
2025-11-19 13:30:00,101.60000000000001,289.0,149.66666666666666,openaq_ground
2025-11-19 14:30:00,80.13333333333334,297.6666666666667,159.66666666666666,openaq_ground
2025-11-19 15:30:00,63.73333333333334,298.0,166.66666666666666,openaq_ground
2025-11-19 16:30:00,61.56666666666666,292.6666666666667,174.33333333333334,openaq_ground
2025-11-19 17:30:00,62.6,295.0,170.33333333333334,openaq_ground
2025-11-19 18:30:00,62.333333333333336,312.3333333333333,210.0,openaq_ground
2025-11-19 19:30:00,59.70000000000001,308.3333333333333,214.66666666666666,openaq_ground
2025-11-19 20:30:00,68.06666666666668,319.0,205.66666666666666,openaq_ground
2025-11-19 21:30:00,68.2,323.3333333333333,202.33333333333334,openaq_ground
2025-11-19 22:30:00,56.86666666666667,339.3333333333333,245.0,openaq_ground
2025-11-19 23:30:00,52.300000000000004,363.0,248.66666666666666,openaq_ground
2025-11-20 00:30:00,53.0,349.3333333333333,242.33333333333334,openaq_ground
2025-11-20 01:30:00,60.666666666666664,338.3333333333333,231.33333333333334,openaq_ground
2025-11-20 02:30:00,78.63333333333334,359.3333333333333,231.33333333333334,openaq_ground
2025-11-20 03:30:00,109.39999999999999,437.6666666666667,260.0,openaq_ground
2025-11-20 04:30:00,110.10000000000001,431.6666666666667,249.25,openaq_ground
2025-11-20 05:30:00,81.23333333333333,418.0,225.0,openaq_ground
2025-11-20 06:30:00,56.9,348.3333333333333,183.5,openaq_ground
2025-11-20 07:30:00,31.733333333333334,259.6666666666667,127.66666666666667,openaq_ground
2025-11-20 08:30:00,28.03333333333333,212.0,103.53333333333335,openaq_ground
2025-11-20 09:30:00,33.13333333333333,201.0,96.43333333333334,openaq_ground
2025-11-20 10:30:00,47.86666666666667,227.66666666666666,102.33333333333333,openaq_ground
2025-11-20 11:30:00,80.63333333333334,248.66666666666666,103.10000000000001,openaq_ground
2025-11-20 12:30:00,77.10000000000001,228.66666666666666,105.33333333333333,openaq_ground
2025-11-20 13:30:00,77.2,252.0,125.66666666666667,openaq_ground
2025-11-20 14:30:00,68.06666666666666,262.3333333333333,127.10000000000001,openaq_ground
2025-11-20 15:30:00,59.73333333333333,279.3333333333333,144.5,openaq_ground
2025-11-20 16:30:00,58.43333333333334,277.6666666666667,140.33333333333334,openaq_ground
2025-11-20 17:30:00,54.76666666666666,267.6666666666667,148.0,openaq_ground
2025-11-20 18:30:00,39.13,292.3333333333333,169.75,openaq_ground
2025-11-20 19:30:00,41.96666666666667,283.6666666666667,169.5,openaq_ground
2025-11-20 20:30:00,39.06,273.6666666666667,159.0,openaq_ground
2025-11-20 21:30:00,38.25,255.0,163.25,openaq_ground
2025-11-20 22:30:00,35.59666666666667,265.0,165.25,openaq_ground
2025-11-20 23:30:00,33.72666666666667,252.33333333333334,167.5,openaq_ground
2025-11-21 00:30:00,29.353333333333335,250.66666666666666,165.0,openaq_ground
2025-11-21 01:30:00,30.386666666666667,236.33333333333334,153.5,openaq_ground
2025-11-21 02:30:00,50.4,262.3333333333333,155.75,openaq_ground
2025-11-21 03:30:00,111.03333333333335,315.0,172.5,openaq_ground
2025-11-21 04:30:00,91.85,374.0,192.66666666666666,openaq_ground
2025-11-21 05:30:00,41.43333333333333,298.0,148.5,openaq_ground
2025-11-21 06:30:00,24.900000000000002,263.3333333333333,124.825,openaq_ground
2025-11-21 07:30:00,21.566666666666666,213.66666666666666,110.075,openaq_ground
2025-11-21 08:30:00,20.3,255.0,119.15,openaq_ground
2025-11-21 09:30:00,24.933333333333334,206.66666666666666,76.4,openaq_ground
2025-11-21 10:30:00,50.93333333333334,212.33333333333334,116.575,openaq_ground
2025-11-21 11:30:00,85.06666666666668,252.33333333333334,117.825,openaq_ground
2025-11-21 12:30:00,81.83333333333333,241.33333333333334,116.25,openaq_ground
2025-11-21 13:30:00,78.53333333333333,248.66666666666666,132.325,openaq_ground
2025-11-21 14:30:00,67.86666666666666,275.3333333333333,148.575,openaq_ground
2025-11-21 15:30:00,59.26666666666667,288.6666666666667,148.0,openaq_ground
2025-11-21 16:30:00,50.6,303.3333333333333,153.0,openaq_ground
2025-11-21 17:30:00,39.99999999999999,295.6666666666667,163.5,openaq_ground
2025-11-21 18:30:00,40.48,286.6666666666667,162.0,openaq_ground
2025-11-21 19:30:00,38.75666666666667,277.0,160.0,openaq_ground
2025-11-21 20:30:00,36.776666666666664,280.0,156.0,openaq_ground
2025-11-21 21:30:00,32.32666666666667,255.0,155.75,openaq_ground
2025-11-21 22:30:00,41.10666666666666,261.0,165.75,openaq_ground
2025-11-21 23:30:00,38.78,268.0,169.75,openaq_ground
2025-11-22 00:30:00,34.333333333333336,299.3333333333333,180.5,openaq_ground
2025-11-22 01:30:00,41.63333333333333,291.0,191.5,openaq_ground
2025-11-22 02:30:00,69.53333333333333,337.3333333333333,206.75,openaq_ground
2025-11-22 03:30:00,90.3,438.0,229.25,openaq_ground
2025-11-22 04:30:00,67.46666666666667,402.0,215.75,openaq_ground
2025-11-22 05:30:00,59.1,358.3333333333333,187.25,openaq_ground
2025-11-22 06:30:00,39.46666666666667,359.6666666666667,175.0,openaq_ground
2025-11-22 07:30:00,26.433333333333334,307.0,143.25,openaq_ground
2025-11-22 08:30:00,27.5,241.66666666666666,110.95,openaq_ground
2025-11-22 09:30:00,26.400000000000002,208.33333333333334,99.325,openaq_ground
2025-11-22 10:30:00,59.56666666666666,223.0,99.75,openaq_ground
2025-11-22 11:30:00,79.73333333333333,243.66666666666666,106.525,openaq_ground
2025-11-22 12:30:00,85.76666666666667,253.66666666666666,113.45,openaq_ground
2025-11-22 13:30:00,77.63333333333333,246.33333333333334,127.0,openaq_ground
2025-11-22 14:30:00,69.7,284.0,145.75,openaq_ground
2025-11-22 15:30:00,63.36666666666667,298.6666666666667,149.5,openaq_ground
2025-11-22 16:30:00,62.53333333333333,317.3333333333333,157.75,openaq_ground
2025-11-22 17:30:00,67.96666666666665,295.6666666666667,160.5,openaq_ground
2025-11-22 18:30:00,59.14666666666667,347.3333333333333,196.5,openaq_ground
2025-11-22 19:30:00,58.84666666666667,353.6666666666667,215.5,openaq_ground
2025-11-22 20:30:00,50.73,366.6666666666667,229.5,openaq_ground
2025-11-22 21:30:00,59.449999999999996,364.0,224.75,openaq_ground
2025-11-22 22:30:00,59.76666666666666,364.6666666666667,227.5,openaq_ground
2025-11-22 23:30:00,55.96666666666666,340.3333333333333,226.75,openaq_ground
2025-11-23 00:30:00,43.13333333333333,329.0,205.5,openaq_ground
2025-11-23 01:30:00,44.666666666666664,296.3333333333333,194.0,openaq_ground
2025-11-23 02:30:00,54.333333333333336,320.6666666666667,189.5,openaq_ground
2025-11-23 03:30:00,103.66666666666667,371.0,235.25,openaq_ground
2025-11-23 04:30:00,121.26666666666667,453.3333333333333,273.0,openaq_ground
2025-11-23 05:30:00,76.56666666666666,450.0,255.0,openaq_ground
2025-11-23 06:30:00,52.900000000000006,374.0,203.0,openaq_ground
2025-11-23 07:30:00,40.36666666666667,309.0,161.5,openaq_ground
2025-11-23 08:30:00,34.56666666666667,264.6666666666667,127.0,openaq_ground
2025-11-23 09:30:00,32.199999999999996,226.33333333333334,111.15,openaq_ground
2025-11-23 10:30:00,,,120.0,openaq_ground
2025-11-23 11:30:00,,,137.0,openaq_ground
2025-11-23 12:30:00,84.7,276.6666666666667,141.0,openaq_ground
2025-11-23 13:30:00,81.8,292.3333333333333,158.0,openaq_ground
2025-11-23 14:30:00,85.53333333333332,341.3333333333333,184.5,openaq_ground
2025-11-23 15:30:00,82.7,362.0,210.0,openaq_ground
2025-11-23 16:30:00,72.43333333333334,369.6666666666667,228.5,openaq_ground
2025-11-23 17:30:00,64.53333333333333,361.3333333333333,235.0,openaq_ground
2025-11-23 18:30:00,54.599999999999994,367.3333333333333,252.0,openaq_ground
2025-11-23 19:30:00,56.0,358.0,250.5,openaq_ground
2025-11-23 20:30:00,55.36666666666667,362.6666666666667,242.0,openaq_ground
2025-11-23 21:30:00,48.199999999999996,358.6666666666667,243.75,openaq_ground
2025-11-23 22:30:00,43.4,363.6666666666667,245.25,openaq_ground
2025-11-23 23:30:00,46.03333333333333,359.0,242.25,openaq_ground
2025-11-24 00:30:00,39.86666666666667,336.3333333333333,236.5,openaq_ground
2025-11-24 01:30:00,38.233333333333334,339.3333333333333,231.5,openaq_ground
2025-11-24 02:30:00,49.1,345.3333333333333,233.0,openaq_ground
2025-11-24 03:30:00,79.89999999999999,399.3333333333333,230.5,openaq_ground
2025-11-24 04:30:00,69.06666666666666,392.6666666666667,201.0,openaq_ground
2025-11-24 05:30:00,54.26666666666666,346.6666666666667,166.25,openaq_ground
2025-11-24 06:30:00,49.56666666666667,351.6666666666667,169.75,openaq_ground
2025-11-24 07:30:00,37.666666666666664,343.6666666666667,159.25,openaq_ground
2025-11-24 08:30:00,31.23333333333333,285.3333333333333,120.5,openaq_ground
2025-11-24 09:30:00,31.833333333333332,216.33333333333334,96.7,openaq_ground
2025-11-24 10:30:00,46.86666666666667,216.33333333333334,92.5,openaq_ground
2025-11-24 11:30:00,85.26666666666667,245.33333333333334,97.45,openaq_ground
2025-11-24 12:30:00,86.16666666666667,262.0,104.7,openaq_ground
2025-11-24 13:30:00,81.26666666666667,237.0,116.85,openaq_ground
2025-11-24 14:30:00,72.53333333333333,257.6666666666667,145.875,openaq_ground
2025-11-24 15:30:00,73.36666666666666,291.3333333333333,159.25,openaq_ground
2025-11-24 16:30:00,70.23333333333333,320.6666666666667,181.25,openaq_ground
2025-11-24 17:30:00,60.6,335.3333333333333,188.5,openaq_ground
2025-11-24 18:30:00,60.5,325.6666666666667,199.25,openaq_ground
2025-11-24 19:30:00,59.833333333333336,332.6666666666667,214.0,openaq_ground
2025-11-24 20:30:00,59.21,361.3333333333333,212.75,openaq_ground
2025-11-24 21:30:00,56.5,357.0,215.0,openaq_ground
2025-11-24 22:30:00,50.800000000000004,324.0,213.75,openaq_ground
2025-11-24 23:30:00,47.5,333.3333333333333,217.25,openaq_ground
2025-11-25 00:30:00,50.23333333333333,325.0,211.75,openaq_ground
2025-11-25 01:30:00,47.6,317.6666666666667,200.25,openaq_ground
2025-11-25 02:30:00,60.166666666666664,301.6666666666667,187.5,openaq_ground
2025-11-25 03:30:00,73.46666666666667,349.6666666666667,212.0,openaq_ground
2025-11-25 04:30:00,67.53333333333335,381.6666666666667,190.75,openaq_ground
2025-11-25 05:30:00,53.26666666666667,364.0,167.5,openaq_ground
2025-11-25 06:30:00,35.9,268.0,116.5,openaq_ground
2025-11-25 07:30:00,30.933333333333334,251.66666666666666,100.075,openaq_ground
2025-11-25 08:30:00,30.533333333333335,231.33333333333334,90.875,openaq_ground
2025-11-25 09:30:00,31.100000000000005,193.66666666666666,81.375,openaq_ground
2025-11-25 10:30:00,50.06666666666666,176.0,70.75,openaq_ground
2025-11-25 11:30:00,76.60000000000001,204.33333333333334,77.075,openaq_ground
2025-11-25 12:30:00,82.43333333333332,232.0,91.5,openaq_ground
2025-11-25 13:30:00,85.53333333333332,246.66666666666666,81.7075,openaq_ground
2025-11-25 14:30:00,85.03333333333333,271.0,105.5,openaq_ground
2025-11-25 15:30:00,81.36666666666666,322.6666666666667,125.75,openaq_ground
2025-11-25 16:30:00,74.16666666666667,337.0,144.5,openaq_ground
2025-11-25 17:30:00,68.83333333333333,359.3333333333333,160.0,openaq_ground
2025-11-25 18:30:00,66.43333333333334,360.6666666666667,169.25,openaq_ground
2025-11-25 19:30:00,60.333333333333336,349.3333333333333,167.5,openaq_ground
2025-11-25 20:30:00,55.666666666666664,309.6666666666667,160.25,openaq_ground
2025-11-25 21:30:00,50.666666666666664,318.0,156.5,openaq_ground
2025-11-25 22:30:00,52.43333333333334,308.3333333333333,148.75,openaq_ground
2025-11-25 23:30:00,52.13333333333333,307.6666666666667,145.75,openaq_ground
2025-11-26 00:30:00,46.5,257.0,108.5,openaq_ground
2025-11-26 01:30:00,47.26666666666667,239.66666666666666,91.825,openaq_ground
2025-11-26 02:30:00,62.29999999999999,240.0,91.2,openaq_ground
2025-11-26 03:30:00,74.9,309.0,97.0,openaq_ground
2025-11-26 04:30:00,73.36666666666666,342.6666666666667,95.0,openaq_ground
2025-11-26 05:30:00,59.5,302.6666666666667,92.5,openaq_ground
2025-11-26 06:30:00,41.800000000000004,294.6666666666667,79.625,openaq_ground
2025-11-26 07:30:00,36.23333333333333,256.0,97.5,openaq_ground
2025-11-26 08:30:00,41.900000000000006,244.5,92.33333333333333,openaq_ground
2025-11-26 09:30:00,41.1,229.66666666666666,90.75,openaq_ground
2025-11-26 10:30:00,47.9,243.66666666666666,95.775,openaq_ground
2025-11-26 11:30:00,100.5,230.33333333333334,94.125,openaq_ground
2025-11-26 12:30:00,106.2,248.66666666666666,101.075,openaq_ground
2025-11-26 13:30:00,109.33333333333333,271.6666666666667,119.625,openaq_ground
2025-11-26 14:30:00,106.36666666666667,300.0,128.575,openaq_ground
2025-11-26 15:30:00,93.03333333333335,304.0,137.75,openaq_ground
2025-11-26 16:30:00,88.60000000000001,281.6666666666667,143.0,openaq_ground
2025-11-26 17:30:00,88.86666666666667,323.6666666666667,160.25,openaq_ground
2025-11-26 18:30:00,83.63333333333334,340.0,178.75,openaq_ground
2025-11-26 19:30:00,71.7,331.3333333333333,185.25,openaq_ground
2025-11-26 20:30:00,72.39999999999999,327.3333333333333,191.75,openaq_ground
2025-11-26 21:30:00,61.35,332.3333333333333,209.75,openaq_ground
2025-11-26 22:30:00,53.083333333333336,336.0,236.75,openaq_ground
2025-11-26 23:30:00,61.25,375.0,262.0,openaq_ground
2025-11-27 00:30:00,45.00333333333333,361.3333333333333,262.25,openaq_ground
2025-11-27 01:30:00,45.63666666666666,378.3333333333333,251.5,openaq_ground
2025-11-27 02:30:00,65.93333333333334,407.0,251.5,openaq_ground
2025-11-27 03:30:00,127.46666666666665,463.0,310.5,openaq_ground
2025-11-27 04:30:00,147.20000000000002,536.0,316.0,openaq_ground
2025-11-27 05:30:00,81.83333333333333,428.6666666666667,228.25,openaq_ground
2025-11-27 06:30:00,67.60000000000001,295.6666666666667,144.0,openaq_ground
2025-11-27 07:30:00,66.39999999999999,289.3333333333333,146.5,openaq_ground
2025-11-27 08:30:00,63.03333333333333,290.3333333333333,142.25,openaq_ground
2025-11-27 09:30:00,65.0,272.0,135.0,openaq_ground
2025-11-27 10:30:00,73.2,257.3333333333333,113.875,openaq_ground
2025-11-27 11:30:00,87.39999999999999,257.6666666666667,108.425,openaq_ground
2025-11-27 12:30:00,107.33333333333333,233.66666666666666,101.75,openaq_ground
2025-11-27 13:30:00,110.93333333333334,249.33333333333334,111.45,openaq_ground
2025-11-27 14:30:00,105.5,307.0,148.0,openaq_ground
2025-11-27 15:30:00,101.3,363.3333333333333,163.75,openaq_ground
2025-11-27 16:30:00,100.5,367.3333333333333,186.0,openaq_ground
2025-11-27 17:30:00,92.93333333333334,377.0,204.75,openaq_ground
2025-11-27 18:30:00,86.73333333333333,361.3333333333333,203.5,openaq_ground
2025-11-27 19:30:00,79.28,356.3333333333333,223.5,openaq_ground
2025-11-27 20:30:00,77.85666666666667,338.0,232.0,openaq_ground
2025-11-27 21:30:00,72.37,354.6666666666667,248.75,openaq_ground
2025-11-27 22:30:00,59.35999999999999,372.3333333333333,262.5,openaq_ground
2025-11-27 23:30:00,63.51,390.6666666666667,262.5,openaq_ground
2025-11-28 00:30:00,56.11333333333334,361.3333333333333,261.75,openaq_ground
2025-11-28 01:30:00,62.080000000000005,377.0,264.0,openaq_ground
2025-11-28 02:30:00,104.03333333333335,415.0,256.0,openaq_ground
2025-11-28 03:30:00,155.76666666666668,446.0,251.0,openaq_ground
2025-11-28 04:30:00,153.83333333333334,420.0,246.25,openaq_ground
2025-11-28 05:30:00,92.16666666666667,385.0,175.0,openaq_ground
2025-11-28 06:30:00,58.93333333333334,289.3333333333333,113.7,openaq_ground
2025-11-28 07:30:00,48.333333333333336,262.6666666666667,110.2,openaq_ground
2025-11-28 08:30:00,25.6,250.0,104.76666666666667,openaq_ground
2025-11-28 09:30:00,21.1,193.0,75.03333333333333,openaq_ground
2025-11-28 10:30:00,41.2,173.5,75.7,openaq_ground
2025-11-28 11:30:00,35.06666666666666,210.66666666666666,91.275,openaq_ground
2025-11-28 12:30:00,73.96666666666667,236.0,93.125,openaq_ground
2025-11-28 13:30:00,95.89999999999999,255.0,112.0,openaq_ground
2025-11-28 14:30:00,88.89999999999999,272.0,125.825,openaq_ground
2025-11-28 15:30:00,109.56666666666666,299.0,147.0,openaq_ground
2025-11-28 16:30:00,76.96666666666667,335.6666666666667,176.75,openaq_ground
2025-11-28 17:30:00,72.23333333333333,358.6666666666667,198.75,openaq_ground
2025-11-28 18:30:00,67.0,349.0,201.0,openaq_ground
2025-11-28 19:30:00,62.0,341.3333333333333,190.0,openaq_ground
2025-11-28 20:30:00,58.13333333333333,308.0,182.25,openaq_ground
2025-11-28 21:30:00,51.53333333333333,277.6666666666667,175.0,openaq_ground
2025-11-28 22:30:00,49.86666666666667,243.33333333333334,161.5,openaq_ground
2025-11-28 23:30:00,48.300000000000004,233.0,146.0,openaq_ground
2025-11-29 00:30:00,45.4,223.0,155.625,openaq_ground
2025-11-29 01:30:00,46.86666666666667,236.33333333333334,146.2,openaq_ground
2025-11-29 02:30:00,68.89999999999999,240.0,136.125,openaq_ground
2025-11-29 03:30:00,66.96666666666667,263.0,129.125,openaq_ground
2025-11-29 04:30:00,56.833333333333336,236.0,105.575,openaq_ground
2025-11-29 05:30:00,55.86666666666667,232.66666666666666,93.275,openaq_ground
2025-11-29 06:30:00,54.53333333333333,235.33333333333334,78.85,openaq_ground
2025-11-29 07:30:00,63.833333333333336,177.0,65.5,openaq_ground
2025-11-29 08:30:00,33.333333333333336,147.66666666666666,47.975,openaq_ground
2025-11-29 09:30:00,31.76666666666667,142.0,48.0125,openaq_ground
2025-11-29 10:30:00,44.86666666666667,133.66666666666666,44.25,openaq_ground
2025-11-29 11:30:00,73.10000000000001,158.66666666666666,45.55,openaq_ground
2025-11-29 12:30:00,83.06666666666668,201.66666666666666,53.95,openaq_ground
2025-11-29 13:30:00,86.43333333333334,197.66666666666666,66.325,openaq_ground
2025-11-29 14:30:00,83.63333333333334,221.33333333333334,86.125,openaq_ground
2025-11-29 15:30:00,79.06666666666666,251.66666666666666,108.075,openaq_ground
2025-11-29 16:30:00,71.93333333333334,258.0,130.75,openaq_ground
2025-11-29 17:30:00,71.93333333333334,263.0,145.0,openaq_ground
2025-11-29 18:30:00,64.89999999999999,248.0,142.5,openaq_ground
2025-11-29 19:30:00,67.2,236.66666666666666,139.125,openaq_ground
2025-11-29 20:30:00,64.3,224.0,135.575,openaq_ground
2025-11-29 21:30:00,61.43333333333333,236.0,133.0,openaq_ground
2025-11-29 22:30:00,57.36666666666667,231.33333333333334,143.25,openaq_ground
2025-11-29 23:30:00,51.133333333333326,215.66666666666666,136.25,openaq_ground
2025-11-30 00:30:00,47.03333333333333,207.0,131.5,openaq_ground
2025-11-30 01:30:00,44.93333333333334,203.0,123.5,openaq_ground
2025-11-30 02:30:00,58.26666666666667,224.33333333333334,124.45,openaq_ground
2025-11-30 03:30:00,67.5,250.66666666666666,130.5,openaq_ground
2025-11-30 04:30:00,60.300000000000004,262.6666666666667,139.75,openaq_ground
2025-11-30 05:30:00,52.4,260.6666666666667,138.25,openaq_ground
2025-11-30 06:30:00,44.666666666666664,267.3333333333333,127.25,openaq_ground
2025-11-30 07:30:00,40.333333333333336,232.66666666666666,103.625,openaq_ground
2025-11-30 08:30:00,33.0,203.0,80.75,openaq_ground
2025-11-30 09:30:00,34.8,164.66666666666666,55.825,openaq_ground
2025-11-30 10:30:00,46.333333333333336,157.66666666666666,61.599999999999994,openaq_ground
2025-11-30 11:30:00,74.8,174.33333333333334,65.9,openaq_ground
2025-11-30 12:30:00,83.60000000000001,218.0,96.975,openaq_ground
2025-11-30 13:30:00,89.76666666666667,233.66666666666666,94.325,openaq_ground
2025-11-30 14:30:00,86.5,260.6666666666667,119.625,openaq_ground
2025-11-30 15:30:00,83.03333333333333,280.0,146.25,openaq_ground
2025-11-30 16:30:00,75.86666666666666,285.3333333333333,157.75,openaq_ground
2025-11-30 17:30:00,71.86666666666666,276.6666666666667,149.25,openaq_ground
2025-11-30 18:30:00,60.900000000000006,290.3333333333333,164.75,openaq_ground
2025-11-30 19:30:00,60.833333333333336,271.6666666666667,161.75,openaq_ground
2025-11-30 20:30:00,53.96666666666667,244.33333333333334,154.0,openaq_ground
2025-11-30 21:30:00,52.39666666666667,239.33333333333334,153.875,openaq_ground
2025-11-30 22:30:00,53.03333333333333,237.33333333333334,154.2,openaq_ground
2025-11-30 23:30:00,51.20000000000001,223.33333333333334,148.75,openaq_ground
2025-12-01 00:30:00,50.36666666666667,217.0,134.0,openaq_ground
2025-12-01 01:30:00,47.93333333333333,226.0,129.075,openaq_ground
2025-12-01 02:30:00,64.3,258.0,128.25,openaq_ground
2025-12-01 03:30:00,82.2,258.0,138.7,openaq_ground
2025-12-01 04:30:00,,,122.0,openaq_ground
2025-12-01 05:30:00,57.23333333333333,211.0,85.9,openaq_ground
2025-12-01 06:30:00,47.9,196.33333333333334,72.175,openaq_ground
2025-12-01 07:30:00,41.26666666666667,178.0,67.4,openaq_ground
2025-12-01 08:30:00,49.0,189.5,69.06666666666666,openaq_ground
2025-12-01 09:30:00,47.55,178.5,64.76666666666667,openaq_ground
2025-12-01 10:30:00,47.75,192.0,78.73333333333333,openaq_ground
2025-12-01 11:30:00,39.14433333333333,184.0,79.76666666666667,openaq_ground
2025-12-01 12:30:00,104.03333333333332,220.33333333333334,96.4,openaq_ground
2025-12-01 13:30:00,108.13333333333333,236.66666666666666,111.775,openaq_ground
2025-12-01 14:30:00,105.16666666666667,264.6666666666667,143.75,openaq_ground
2025-12-01 15:30:00,103.10000000000001,280.3333333333333,181.5,openaq_ground
2025-12-01 16:30:00,96.46666666666665,324.0,179.25,openaq_ground
2025-12-01 17:30:00,93.2,338.0,181.75,openaq_ground
2025-12-01 18:30:00,81.8,334.3333333333333,192.25,openaq_ground
2025-12-01 19:30:00,73.39999999999999,358.3333333333333,207.25,openaq_ground
2025-12-01 20:30:00,71.83333333333333,360.0,214.75,openaq_ground
2025-12-01 21:30:00,72.03333333333333,375.3333333333333,223.0,openaq_ground
2025-12-01 22:30:00,72.83333333333333,377.0,203.5,openaq_ground
2025-12-01 23:30:00,67.1,364.3333333333333,192.0,openaq_ground
2025-12-02 00:30:00,62.53333333333333,340.0,192.75,openaq_ground
2025-12-02 01:30:00,62.32333333333333,338.6666666666667,179.5,openaq_ground
2025-12-02 02:30:00,75.10000000000001,384.3333333333333,182.5,openaq_ground
2025-12-02 03:30:00,135.36666666666667,453.6666666666667,236.5,openaq_ground
2025-12-02 04:30:00,129.9,484.0,242.75,openaq_ground
2025-12-02 05:30:00,104.13333333333333,433.3333333333333,202.25,openaq_ground
2025-12-02 06:30:00,90.93333333333334,433.0,199.25,openaq_ground
2025-12-02 07:30:00,83.23333333333333,419.6666666666667,184.75,openaq_ground
2025-12-02 08:30:00,87.76666666666667,422.6666666666667,190.25,openaq_ground
2025-12-02 09:30:00,100.96666666666665,462.6666666666667,224.0,openaq_ground
2025-12-02 10:30:00,92.3,360.6666666666667,200.5,openaq_ground
2025-12-02 11:30:00,99.96666666666665,309.0,159.75,openaq_ground
2025-12-02 12:30:00,117.16666666666667,287.3333333333333,154.325,openaq_ground
2025-12-02 13:30:00,123.33333333333333,300.0,161.0,openaq_ground
2025-12-02 14:30:00,107.60000000000001,354.6666666666667,181.0,openaq_ground
2025-12-02 15:30:00,95.86666666666667,345.0,204.5,openaq_ground
2025-12-02 16:30:00,84.06666666666666,348.6666666666667,220.75,openaq_ground
2025-12-02 17:30:00,80.39999999999999,353.0,229.5,openaq_ground
2025-12-02 18:30:00,62.96666666666667,316.6666666666667,207.25,openaq_ground
2025-12-02 19:30:00,65.93333333333332,285.0,189.25,openaq_ground
2025-12-02 20:30:00,65.43333333333334,263.6666666666667,164.75,openaq_ground
2025-12-02 21:30:00,61.833333333333336,255.0,154.825,openaq_ground
2025-12-02 22:30:00,61.03333333333333,233.33333333333334,153.675,openaq_ground
2025-12-02 23:30:00,59.26666666666667,203.33333333333334,145.325,openaq_ground
2025-12-03 00:30:00,51.400000000000006,213.66666666666666,146.45,openaq_ground
2025-12-03 01:30:00,53.9,241.0,153.45,openaq_ground
2025-12-03 02:30:00,70.86666666666666,262.0,161.5,openaq_ground
2025-12-03 03:30:00,105.63333333333333,314.0,180.0,openaq_ground
2025-12-03 04:30:00,72.89999999999999,345.0,161.5,openaq_ground
2025-12-03 05:30:00,60.666666666666664,258.6666666666667,113.875,openaq_ground
2025-12-03 06:30:00,42.99,242.33333333333334,94.7,openaq_ground
2025-12-03 07:30:00,34.96666666666666,210.66666666666666,93.5,openaq_ground
2025-12-03 08:30:00,36.166666666666664,194.66666666666666,62.4,openaq_ground
2025-12-03 09:30:00,36.93333333333334,142.33333333333334,59.025,openaq_ground
2025-12-03 10:30:00,46.13333333333333,148.33333333333334,53.025,openaq_ground
2025-12-03 11:30:00,74.53333333333333,158.33333333333334,56.5,openaq_ground
2025-12-03 12:30:00,88.03333333333335,179.66666666666666,67.3,openaq_ground
2025-12-03 13:30:00,93.8,207.33333333333334,85.0,openaq_ground
2025-12-03 14:30:00,89.33333333333333,251.33333333333334,111.725,openaq_ground
2025-12-03 15:30:00,89.73333333333333,266.6666666666667,136.825,openaq_ground
2025-12-03 16:30:00,83.26666666666667,287.6666666666667,163.75,openaq_ground
2025-12-03 17:30:00,77.13333333333334,281.3333333333333,164.0,openaq_ground
2025-12-03 18:30:00,69.16666666666667,243.66666666666666,152.0,openaq_ground
2025-12-03 19:30:00,70.26666666666667,232.66666666666666,146.6,openaq_ground
2025-12-03 20:30:00,67.46666666666667,244.0,141.0,openaq_ground
2025-12-03 21:30:00,64.26666666666667,235.33333333333334,146.6,openaq_ground
2025-12-03 22:30:00,49.5,220.5,147.0,openaq_ground
2025-12-03 23:30:00,44.5,211.0,145.0,openaq_ground
2025-12-04 00:30:00,42.75,246.0,158.66666666666666,openaq_ground
2025-12-04 01:30:00,44.4,246.0,155.66666666666666,openaq_ground
2025-12-04 02:30:00,61.25,283.5,162.33333333333334,openaq_ground
2025-12-04 03:30:00,73.55,318.0,189.66666666666666,openaq_ground
2025-12-04 04:30:00,58.73333333333333,414.3333333333333,161.33333333333334,openaq_ground
2025-12-04 05:30:00,,,140.0,openaq_ground
2025-12-04 06:30:00,,,122.0,openaq_ground
2025-12-04 07:30:00,,,125.0,openaq_ground
2025-12-04 08:30:00,13.1,235.0,108.1,openaq_ground
2025-12-04 09:30:00,38.199999999999996,169.33333333333334,79.45,openaq_ground
2025-12-04 10:30:00,48.26666666666667,185.0,77.675,openaq_ground
2025-12-04 11:30:00,76.5,190.66666666666666,78.225,openaq_ground
2025-12-04 12:30:00,90.60000000000001,203.0,99.275,openaq_ground
2025-12-04 13:30:00,88.33333333333333,221.66666666666666,113.625,openaq_ground
2025-12-04 14:30:00,85.5,272.3333333333333,135.5,openaq_ground
2025-12-04 15:30:00,84.63333333333334,283.3333333333333,149.5,openaq_ground
2025-12-04 16:30:00,75.46666666666667,297.6666666666667,162.0,openaq_ground
2025-12-04 17:30:00,71.83333333333333,283.3333333333333,167.0,openaq_ground
2025-12-04 18:30:00,64.06666666666668,289.0,172.25,openaq_ground
2025-12-04 19:30:00,63.63333333333333,291.0,174.5,openaq_ground
2025-12-04 20:30:00,61.56666666666666,266.3333333333333,165.0,openaq_ground
2025-12-04 21:30:00,65.83333333333333,243.33333333333334,162.25,openaq_ground
2025-12-04 22:30:00,65.26666666666667,247.0,150.25,openaq_ground
2025-12-04 23:30:00,60.43333333333334,237.0,133.25,openaq_ground
2025-12-05 00:30:00,60.0,213.33333333333334,119.875,openaq_ground
2025-12-05 01:30:00,55.43333333333334,192.0,117.575,openaq_ground
2025-12-05 02:30:00,62.0,222.0,128.75,openaq_ground
2025-12-05 03:30:00,97.26666666666667,277.6666666666667,146.75,openaq_ground
2025-12-05 04:30:00,88.93333333333334,327.3333333333333,157.5,openaq_ground
2025-12-05 05:30:00,59.73333333333333,300.0,143.25,openaq_ground
2025-12-05 06:30:00,38.43333333333333,270.6666666666667,110.175,openaq_ground
2025-12-05 07:30:00,43.13333333333333,237.66666666666666,104.075,openaq_ground
2025-12-05 08:30:00,40.699999999999996,243.66666666666666,110.95,openaq_ground
2025-12-05 09:30:00,43.5,224.66666666666666,101.0,openaq_ground
2025-12-05 10:30:00,53.46666666666666,233.0,98.575,openaq_ground
2025-12-05 11:30:00,76.03333333333333,234.33333333333334,96.9,openaq_ground
2025-12-05 12:30:00,89.73333333333333,244.33333333333334,108.2,openaq_ground
2025-12-05 13:30:00,91.0,249.0,122.325,openaq_ground
2025-12-05 14:30:00,83.43333333333334,288.0,155.5,openaq_ground
2025-12-05 15:30:00,78.23333333333333,344.0,200.75,openaq_ground
2025-12-05 16:30:00,76.9,367.0,213.25,openaq_ground
2025-12-05 17:30:00,74.06666666666666,366.0,215.5,openaq_ground
2025-12-05 18:30:00,66.23333333333333,367.0,213.75,openaq_ground
2025-12-05 19:30:00,59.76666666666667,342.3333333333333,208.0,openaq_ground
2025-12-05 20:30:00,57.833333333333336,306.3333333333333,194.5,openaq_ground
2025-12-05 21:30:00,57.599999999999994,288.0,170.75,openaq_ground
2025-12-05 22:30:00,50.93333333333334,270.6666666666667,166.0,openaq_ground
2025-12-05 23:30:00,50.03333333333333,266.6666666666667,170.5,openaq_ground
2025-12-06 00:30:00,51.099999999999994,264.3333333333333,168.0,openaq_ground
2025-12-06 01:30:00,55.96666666666667,274.6666666666667,170.0,openaq_ground
2025-12-06 02:30:00,62.0,287.0,165.0,openaq_ground
2025-12-06 03:30:00,54.4,294.6666666666667,154.75,openaq_ground
2025-12-06 04:30:00,49.6,294.6666666666667,149.25,openaq_ground
2025-12-06 05:30:00,40.96666666666667,279.3333333333333,129.0,openaq_ground
2025-12-06 06:30:00,35.766666666666666,247.66666666666666,105.575,openaq_ground
2025-12-06 07:30:00,34.4,246.0,91.775,openaq_ground
2025-12-06 08:30:00,33.93333333333333,228.0,84.65,openaq_ground
2025-12-06 09:30:00,35.1,194.66666666666666,74.725,openaq_ground
2025-12-06 10:30:00,43.199999999999996,184.33333333333334,70.55,openaq_ground
2025-12-06 11:30:00,67.43333333333334,208.0,77.75,openaq_ground
2025-12-06 12:30:00,80.60000000000001,212.66666666666666,88.8,openaq_ground
2025-12-06 13:30:00,80.2,216.66666666666666,100.5,openaq_ground
2025-12-06 14:30:00,78.03333333333333,264.0,135.75,openaq_ground
2025-12-06 15:30:00,82.53333333333333,303.6666666666667,167.25,openaq_ground
2025-12-06 16:30:00,78.93333333333334,310.3333333333333,171.0,openaq_ground
2025-12-06 17:30:00,73.76666666666667,269.3333333333333,165.0,openaq_ground
2025-12-06 18:30:00,67.76666666666667,254.66666666666666,145.75,openaq_ground
2025-12-06 19:30:00,66.43333333333332,256.6666666666667,140.625,openaq_ground
2025-12-06 20:30:00,62.26666666666667,245.0,135.625,openaq_ground
2025-12-06 21:30:00,57.900000000000006,211.33333333333334,137.375,openaq_ground
2025-12-06 22:30:00,50.199999999999996,214.0,135.625,openaq_ground
2025-12-06 23:30:00,49.56666666666666,216.0,134.2,openaq_ground
2025-12-07 00:30:00,49.36666666666667,239.0,133.0,openaq_ground
2025-12-07 01:30:00,48.36666666666667,224.33333333333334,132.5,openaq_ground
2025-12-07 02:30:00,48.300000000000004,238.33333333333334,125.625,openaq_ground
2025-12-07 03:30:00,44.36666666666667,266.3333333333333,135.75,openaq_ground
2025-12-07 04:30:00,41.56666666666667,293.3333333333333,141.0,openaq_ground
2025-12-07 05:30:00,41.233333333333334,268.0,136.0,openaq_ground
2025-12-07 06:30:00,38.2,283.0,130.75,openaq_ground
2025-12-07 07:30:00,38.26666666666667,279.6666666666667,123.0,openaq_ground
2025-12-07 08:30:00,35.86666666666667,242.33333333333334,103.825,openaq_ground
2025-12-07 09:30:00,40.46666666666667,208.0,93.45,openaq_ground
2025-12-07 10:30:00,53.1,209.0,89.35,openaq_ground
2025-12-07 11:30:00,75.46666666666667,230.0,88.625,openaq_ground
2025-12-07 12:30:00,81.66666666666667,235.33333333333334,98.1,openaq_ground
2025-12-07 13:30:00,81.7,250.66666666666666,117.075,openaq_ground
2025-12-07 14:30:00,79.06666666666666,306.0,150.75,openaq_ground
2025-12-07 15:30:00,75.63333333333334,316.6666666666667,171.25,openaq_ground
2025-12-07 16:30:00,73.06666666666666,314.3333333333333,171.75,openaq_ground
2025-12-07 17:30:00,66.5,268.6666666666667,159.5,openaq_ground
2025-12-07 18:30:00,62.300000000000004,260.0,146.25,openaq_ground
2025-12-07 19:30:00,60.56666666666666,253.33333333333334,127.33333333333333,openaq_ground
2025-12-07 20:30:00,58.5,246.33333333333334,123.66666666666667,openaq_ground
2025-12-07 21:30:00,54.03333333333333,217.33333333333334,144.5,openaq_ground
2025-12-07 22:30:00,48.6,227.0,145.25,openaq_ground
2025-12-07 23:30:00,46.03333333333333,234.33333333333334,139.75,openaq_ground
2025-12-08 00:30:00,46.1,236.33333333333334,140.75,openaq_ground
2025-12-08 01:30:00,49.96666666666667,220.0,137.25,openaq_ground
2025-12-08 02:30:00,61.93333333333334,287.0,147.25,openaq_ground
2025-12-08 03:30:00,63.43333333333334,421.6666666666667,168.5,openaq_ground
2025-12-08 04:30:00,54.633333333333326,346.0,163.25,openaq_ground
2025-12-08 05:30:00,49.63333333333333,296.6666666666667,143.0,openaq_ground
2025-12-08 06:30:00,41.93333333333333,269.0,113.925,openaq_ground
2025-12-08 07:30:00,36.4,221.33333333333334,94.65,openaq_ground
2025-12-08 08:30:00,34.36666666666667,204.66666666666666,74.2,openaq_ground
2025-12-08 09:30:00,36.23333333333333,161.66666666666666,65.25,openaq_ground
2025-12-08 10:30:00,44.76666666666667,142.0,63.4,openaq_ground
2025-12-08 11:30:00,66.13333333333334,169.33333333333334,49.875,openaq_ground
2025-12-08 12:30:00,73.60000000000001,197.0,73.8,openaq_ground
2025-12-08 13:30:00,82.13333333333334,226.33333333333334,104.325,openaq_ground
2025-12-08 14:30:00,86.89999999999999,288.0,140.25,openaq_ground
2025-12-08 15:30:00,84.66666666666667,313.3333333333333,159.0,openaq_ground
2025-12-08 16:30:00,85.8,317.0,165.0,openaq_ground
2025-12-08 17:30:00,84.0,322.6666666666667,171.5,openaq_ground
2025-12-08 18:30:00,67.86666666666666,252.0,147.75,openaq_ground
2025-12-08 19:30:00,63.333333333333336,241.0,137.5,openaq_ground
2025-12-08 20:30:00,61.36666666666667,230.66666666666666,119.35,openaq_ground
2025-12-08 21:30:00,59.166666666666664,211.0,116.325,openaq_ground
2025-12-08 22:30:00,53.9,180.66666666666666,114.625,openaq_ground
2025-12-08 23:30:00,51.5,189.33333333333334,110.2,openaq_ground
2025-12-09 00:30:00,49.300000000000004,188.66666666666666,105.8,openaq_ground
2025-12-09 01:30:00,51.73333333333333,209.33333333333334,106.625,openaq_ground
2025-12-09 02:30:00,58.1,222.66666666666666,115.625,openaq_ground
2025-12-09 03:30:00,56.199999999999996,278.3333333333333,126.0,openaq_ground
2025-12-09 04:30:00,47.86666666666667,295.0,124.0,openaq_ground
2025-12-09 05:30:00,45.666666666666664,291.3333333333333,118.5,openaq_ground
2025-12-09 06:30:00,39.46666666666666,264.3333333333333,104.9,openaq_ground
2025-12-09 07:30:00,38.833333333333336,219.66666666666666,80.2,openaq_ground
2025-12-09 08:30:00,41.13333333333333,203.0,64.125,openaq_ground
2025-12-09 09:30:00,45.833333333333336,163.0,54.3,openaq_ground
2025-12-09 10:30:00,47.666666666666664,129.33333333333334,51.36666666666667,openaq_ground
2025-12-09 11:30:00,68.96666666666667,151.0,45.6,openaq_ground
2025-12-09 12:30:00,77.9,181.0,53.075,openaq_ground
2025-12-09 13:30:00,81.43333333333334,207.66666666666666,77.75,openaq_ground
2025-12-09 14:30:00,85.03333333333333,238.33333333333334,110.1,openaq_ground
2025-12-09 15:30:00,77.33333333333333,272.0,137.5,openaq_ground
2025-12-09 16:30:00,71.3,289.3333333333333,146.75,openaq_ground
2025-12-09 17:30:00,68.13333333333334,291.3333333333333,149.5,openaq_ground
2025-12-09 18:30:00,64.39999999999999,243.33333333333334,132.0,openaq_ground
2025-12-09 19:30:00,64.53333333333333,227.66666666666666,122.25,openaq_ground
2025-12-09 20:30:00,59.13333333333333,220.66666666666666,112.95,openaq_ground
2025-12-09 21:30:00,53.9,209.66666666666666,108.35,openaq_ground
2025-12-09 22:30:00,52.53333333333333,162.33333333333334,95.80000000000001,openaq_ground
2025-12-09 23:30:00,50.36666666666667,177.33333333333334,101.0,openaq_ground
2025-12-10 00:30:00,51.56666666666666,187.66666666666666,103.2,openaq_ground
2025-12-10 01:30:00,51.26666666666667,168.0,88.15,openaq_ground
2025-12-10 02:30:00,56.4,172.0,84.55,openaq_ground
2025-12-10 03:30:00,64.8,233.0,94.675,openaq_ground
2025-12-10 04:30:00,53.03333333333333,260.3333333333333,95.175,openaq_ground
2025-12-10 05:30:00,37.2,232.5,88.5,openaq_ground
2025-12-10 06:30:00,29.45,193.5,76.5,openaq_ground
2025-12-10 07:30:00,30.200000000000003,183.0,81.89999999999999,openaq_ground
2025-12-10 08:30:00,33.86666666666667,203.33333333333334,72.2,openaq_ground
2025-12-10 09:30:00,37.03333333333333,176.66666666666666,69.6,openaq_ground
2025-12-10 10:30:00,51.6,163.66666666666666,75.66666666666667,openaq_ground
2025-12-10 11:30:00,73.33333333333333,170.0,59.849999999999994,openaq_ground
2025-12-10 12:30:00,83.76666666666667,201.0,63.825,openaq_ground
2025-12-10 13:30:00,85.16666666666667,213.66666666666666,79.65,openaq_ground
2025-12-10 14:30:00,81.7,220.33333333333334,99.95,openaq_ground
2025-12-10 15:30:00,73.56666666666666,257.3333333333333,138.25,openaq_ground
2025-12-10 16:30:00,69.0,282.3333333333333,153.5,openaq_ground
2025-12-10 17:30:00,63.803333333333335,307.0,172.25,openaq_ground
2025-12-10 18:30:00,58.166666666666664,307.3333333333333,191.75,openaq_ground
2025-12-10 19:30:00,59.06666666666666,329.6666666666667,188.75,openaq_ground
2025-12-10 20:30:00,58.53333333333333,318.3333333333333,176.5,openaq_ground
2025-12-10 21:30:00,58.5,247.0,137.0,openaq_ground
2025-12-10 22:30:00,55.46666666666666,177.0,109.175,openaq_ground
2025-12-10 23:30:00,50.53333333333333,170.0,105.125,openaq_ground
2025-12-11 00:30:00,49.166666666666664,193.33333333333334,106.65,openaq_ground
2025-12-11 01:30:00,52.400000000000006,206.33333333333334,112.125,openaq_ground
2025-12-11 02:30:00,,,126.0,openaq_ground
2025-12-11 03:30:00,76.43333333333334,224.33333333333334,111.75,openaq_ground
2025-12-11 04:30:00,78.23333333333333,279.0,127.0,openaq_ground
2025-12-11 05:30:00,55.800000000000004,288.3333333333333,119.25,openaq_ground
2025-12-11 06:30:00,45.56666666666666,229.66666666666666,95.325,openaq_ground
2025-12-11 07:30:00,39.666666666666664,205.33333333333334,87.65,openaq_ground
2025-12-11 08:30:00,38.766666666666666,209.66666666666666,89.975,openaq_ground
2025-12-11 09:30:00,37.73333333333333,196.33333333333334,86.25,openaq_ground
2025-12-11 10:30:00,45.73333333333333,166.66666666666666,57.125,openaq_ground
2025-12-11 11:30:00,72.8,157.0,59.724999999999994,openaq_ground
2025-12-11 12:30:00,81.23333333333333,209.33333333333334,71.75,openaq_ground
2025-12-11 13:30:00,80.3,233.66666666666666,92.625,openaq_ground
2025-12-11 14:30:00,73.39999999999999,236.66666666666666,114.075,openaq_ground
2025-12-11 15:30:00,68.03333333333333,253.33333333333334,132.5,openaq_ground
2025-12-11 16:30:00,59.50333333333333,316.3333333333333,161.25,openaq_ground
2025-12-11 17:30:00,62.53,357.3333333333333,181.5,openaq_ground
2025-12-11 18:30:00,49.38999999999999,362.0,198.25,openaq_ground
2025-12-11 19:30:00,52.47666666666667,363.0,208.25,openaq_ground
2025-12-11 20:30:00,54.50333333333333,349.6666666666667,206.0,openaq_ground
2025-12-11 21:30:00,51.53,350.3333333333333,210.0,openaq_ground
2025-12-11 22:30:00,44.06666666666666,352.3333333333333,219.0,openaq_ground
2025-12-11 23:30:00,43.49,352.3333333333333,215.0,openaq_ground
2025-12-12 00:30:00,45.04333333333333,315.6666666666667,194.75,openaq_ground
2025-12-12 01:30:00,41.20333333333333,263.6666666666667,170.5,openaq_ground
2025-12-12 02:30:00,61.96333333333333,261.6666666666667,162.75,openaq_ground
2025-12-12 03:30:00,98.63333333333333,319.0,178.5,openaq_ground
2025-12-12 04:30:00,96.03333333333335,354.6666666666667,183.5,openaq_ground
2025-12-12 05:30:00,65.63333333333334,338.0,160.25,openaq_ground
2025-12-12 06:30:00,44.199999999999996,262.6666666666667,130.0,openaq_ground
2025-12-12 07:30:00,39.699999999999996,224.0,114.075,openaq_ground
2025-12-12 08:30:00,42.26666666666667,247.33333333333334,111.95,openaq_ground
2025-12-12 09:30:00,48.0,273.3333333333333,121.75,openaq_ground
2025-12-12 10:30:00,89.10000000000001,257.3333333333333,118.625,openaq_ground
2025-12-12 11:30:00,110.73333333333333,259.0,118.5,openaq_ground
2025-12-12 12:30:00,115.93333333333334,316.0,138.0,openaq_ground
2025-12-12 13:30:00,112.96666666666665,357.0,166.75,openaq_ground
2025-12-12 14:30:00,97.2,349.0,173.5,openaq_ground
2025-12-12 15:30:00,84.8,353.3333333333333,205.0,openaq_ground
2025-12-12 16:30:00,75.89999999999999,388.3333333333333,222.25,openaq_ground
2025-12-12 17:30:00,70.6,425.6666666666667,232.75,openaq_ground
2025-12-12 18:30:00,71.64666666666666,421.3333333333333,251.0,openaq_ground
2025-12-12 19:30:00,63.27333333333333,429.6666666666667,269.75,openaq_ground
2025-12-12 20:30:00,55.916666666666664,435.3333333333333,289.25,openaq_ground
2025-12-12 21:30:00,48.36000000000001,442.6666666666667,312.75,openaq_ground
2025-12-12 22:30:00,42.78333333333333,423.6666666666667,334.25,openaq_ground
2025-12-12 23:30:00,39.32666666666666,424.6666666666667,347.5,openaq_ground
2025-12-13 00:30:00,39.733333333333334,456.3333333333333,363.0,openaq_ground
2025-12-13 01:30:00,35.43333333333333,474.0,354.5,openaq_ground
2025-12-13 02:30:00,44.76333333333333,462.3333333333333,359.5,openaq_ground
2025-12-13 03:30:00,119.5,506.6666666666667,375.25,openaq_ground
2025-12-13 04:30:00,189.0,659.0,415.6666666666667,openaq_ground
2025-12-13 05:30:00,95.25,592.0,379.6666666666667,openaq_ground
2025-12-13 06:30:00,68.6,459.0,308.6666666666667,openaq_ground
2025-12-13 07:30:00,65.4,419.5,280.0,openaq_ground
2025-12-13 08:30:00,60.65,383.5,220.66666666666666,openaq_ground
2025-12-13 09:30:00,61.45,307.5,175.33333333333334,openaq_ground
2025-12-13 10:30:00,108.4,333.0,196.0,openaq_ground
2025-12-13 11:30:00,130.0,439.0,246.66666666666666,openaq_ground
2025-12-13 12:30:00,124.0,534.5,294.6666666666667,openaq_ground
2025-12-13 13:30:00,115.8,529.5,323.3333333333333,openaq_ground
2025-12-13 14:30:00,101.15,504.5,334.3333333333333,openaq_ground
2025-12-13 15:30:00,84.65,509.0,336.0,openaq_ground
2025-12-13 16:30:00,78.65,524.0,348.3333333333333,openaq_ground
2025-12-13 17:30:00,73.6,556.5,359.0,openaq_ground
2025-12-13 18:30:00,63.6,533.0,368.0,openaq_ground
2025-12-13 19:30:00,59.2,513.5,369.0,openaq_ground
2025-12-13 20:30:00,55.35,504.0,360.0,openaq_ground
2025-12-13 21:30:00,53.3,501.0,348.3333333333333,openaq_ground
2025-12-13 22:30:00,51.5,468.5,349.6666666666667,openaq_ground
2025-12-13 23:30:00,56.0,428.5,332.6666666666667,openaq_ground
2025-12-14 00:30:00,45.7,441.0,323.3333333333333,openaq_ground
2025-12-14 01:30:00,41.55,445.0,326.0,openaq_ground
2025-12-14 02:30:00,52.900000000000006,450.0,314.3333333333333,openaq_ground
2025-12-14 03:30:00,105.95,429.5,336.0,openaq_ground
2025-12-14 04:30:00,79.39999999999999,525.3333333333334,358.25,openaq_ground
2025-12-14 05:30:00,65.56666666666668,497.6666666666667,361.0,openaq_ground
2025-12-14 06:30:00,61.13333333333333,501.0,337.5,openaq_ground
2025-12-14 07:30:00,59.4,487.6666666666667,337.75,openaq_ground
2025-12-14 08:30:00,63.23333333333333,524.6666666666666,346.0,openaq_ground
2025-12-14 09:30:00,75.5,564.0,370.25,openaq_ground
2025-12-14 10:30:00,79.16666666666667,573.0,375.75,openaq_ground
2025-12-14 11:30:00,85.5,503.3333333333333,333.0,openaq_ground
2025-12-14 12:30:00,70.33333333333333,458.0,320.75,openaq_ground
2025-12-14 13:30:00,61.36666666666667,461.6666666666667,308.25,openaq_ground
2025-12-14 14:30:00,52.76666666666667,456.0,303.0,openaq_ground
2025-12-14 15:30:00,43.85333333333333,434.0,294.25,openaq_ground
2025-12-14 16:30:00,40.733333333333334,458.0,313.75,openaq_ground
2025-12-14 17:30:00,36.54666666666667,473.3333333333333,318.5,openaq_ground
2025-12-14 18:30:00,36.15,464.6666666666667,315.5,openaq_ground
2025-12-14 19:30:00,37.36666666666667,438.0,313.75,openaq_ground
2025-12-14 20:30:00,38.42666666666667,428.6666666666667,304.75,openaq_ground
2025-12-14 21:30:00,36.29333333333333,412.6666666666667,291.0,openaq_ground
2025-12-14 22:30:00,37.69,432.6666666666667,305.75,openaq_ground
2025-12-14 23:30:00,46.76666666666667,404.6666666666667,269.75,openaq_ground
2025-12-15 00:30:00,50.199999999999996,339.3333333333333,227.5,openaq_ground
2025-12-15 01:30:00,47.36666666666667,388.6666666666667,232.75,openaq_ground
2025-12-15 02:30:00,50.63333333333333,363.0,226.75,openaq_ground
2025-12-15 03:30:00,59.73333333333334,346.0,217.25,openaq_ground
2025-12-15 04:30:00,75.83333333333333,373.0,229.5,openaq_ground
2025-12-15 05:30:00,69.89999999999999,393.6666666666667,263.75,openaq_ground
2025-12-15 06:30:00,47.666666666666664,382.6666666666667,257.75,openaq_ground
2025-12-15 07:30:00,36.5,307.0,209.0,openaq_ground
2025-12-15 08:30:00,35.0,251.66666666666666,164.0,openaq_ground
2025-12-15 09:30:00,41.833333333333336,251.66666666666666,151.75,openaq_ground
2025-12-15 10:30:00,48.53333333333333,278.0,161.5,openaq_ground
2025-12-15 11:30:00,80.13333333333334,282.0,193.25,openaq_ground
2025-12-15 12:30:00,82.7,288.3333333333333,203.25,openaq_ground
2025-12-15 13:30:00,71.03333333333333,316.6666666666667,210.75,openaq_ground
2025-12-15 14:30:00,65.2,339.3333333333333,204.0,openaq_ground
2025-12-15 15:30:00,65.33333333333333,343.0,224.25,openaq_ground
2025-12-15 16:30:00,64.2,368.0,244.75,openaq_ground
2025-12-15 17:30:00,58.633333333333326,382.3333333333333,238.5,openaq_ground
2025-12-15 18:30:00,50.06666666666667,340.3333333333333,229.75,openaq_ground
2025-12-15 19:30:00,46.23333333333333,304.3333333333333,207.5,openaq_ground
2025-12-15 20:30:00,43.5,268.3333333333333,181.5,openaq_ground
2025-12-15 21:30:00,39.199999999999996,258.3333333333333,166.5,openaq_ground
2025-12-15 22:30:00,43.36666666666667,253.66666666666666,169.25,openaq_ground
2025-12-15 23:30:00,45.666666666666664,241.33333333333334,166.75,openaq_ground
2025-12-16 00:30:00,44.46666666666667,257.0,178.25,openaq_ground
2025-12-16 01:30:00,44.46666666666667,286.3333333333333,179.75,openaq_ground
2025-12-16 02:30:00,60.199999999999996,298.3333333333333,179.25,openaq_ground
2025-12-16 03:30:00,62.800000000000004,310.6666666666667,187.5,openaq_ground
2025-12-16 04:30:00,51.666666666666664,314.3333333333333,176.25,openaq_ground
2025-12-16 05:30:00,39.06666666666667,268.3333333333333,124.0,openaq_ground
2025-12-16 06:30:00,33.96666666666667,225.33333333333334,94.975,openaq_ground
2025-12-16 07:30:00,33.300000000000004,201.33333333333334,90.575,openaq_ground
2025-12-16 08:30:00,32.1,174.0,66.7,openaq_ground
2025-12-16 09:30:00,34.13333333333333,181.0,75.925,openaq_ground
2025-12-16 10:30:00,42.56666666666667,191.66666666666666,79.225,openaq_ground
2025-12-16 11:30:00,65.1,178.0,88.65,openaq_ground
2025-12-16 12:30:00,80.66666666666667,207.0,93.575,openaq_ground
2025-12-16 13:30:00,84.2,262.0,129.325,openaq_ground
2025-12-16 14:30:00,86.66666666666667,303.0,165.0,openaq_ground
2025-12-16 15:30:00,78.63333333333334,312.3333333333333,189.25,openaq_ground
2025-12-16 16:30:00,74.89999999999999,342.6666666666667,199.5,openaq_ground
2025-12-16 17:30:00,36.6,276.0,198.0,openaq_ground
2025-12-16 18:30:00,57.0,279.3333333333333,174.0,openaq_ground
2025-12-16 19:30:00,49.86666666666667,267.6666666666667,166.25,openaq_ground
2025-12-16 20:30:00,46.96666666666667,246.0,173.0,openaq_ground
2025-12-16 21:30:00,44.36666666666667,266.3333333333333,176.75,openaq_ground
2025-12-16 22:30:00,41.5,273.6666666666667,186.75,openaq_ground
2025-12-16 23:30:00,41.833333333333336,270.6666666666667,176.66666666666666,openaq_ground
2025-12-17 00:30:00,45.96666666666667,250.0,168.25,openaq_ground
2025-12-17 01:30:00,44.300000000000004,251.0,162.75,openaq_ground
2025-12-17 02:30:00,52.03333333333333,270.3333333333333,164.0,openaq_ground
2025-12-17 03:30:00,54.26666666666667,290.0,172.0,openaq_ground
2025-12-17 04:30:00,51.36666666666667,290.0,172.75,openaq_ground
2025-12-17 05:30:00,46.46666666666667,295.3333333333333,159.75,openaq_ground
2025-12-17 06:30:00,42.5,288.3333333333333,148.25,openaq_ground
2025-12-17 07:30:00,37.6,260.3333333333333,135.0,openaq_ground
2025-12-17 08:30:00,38.36666666666667,223.33333333333334,102.25,openaq_ground
2025-12-17 09:30:00,39.733333333333334,187.0,75.26666666666667,openaq_ground
2025-12-17 10:30:00,51.23333333333333,199.33333333333334,91.675,openaq_ground
2025-12-17 11:30:00,75.13333333333333,221.0,97.075,openaq_ground
2025-12-17 12:30:00,80.13333333333334,216.33333333333334,106.30000000000001,openaq_ground
2025-12-17 13:30:00,75.56666666666666,229.66666666666666,111.2,openaq_ground
2025-12-17 14:30:00,68.5,254.33333333333334,128.5,openaq_ground
2025-12-17 15:30:00,59.833333333333336,290.0,168.25,openaq_ground
2025-12-17 16:30:00,48.73333333333333,363.3333333333333,210.75,openaq_ground
2025-12-17 17:30:00,34.4,444.6666666666667,280.5,openaq_ground
2025-12-17 18:30:00,,,352.0,openaq_ground
2025-12-17 19:30:00,22.933333333333334,408.6666666666667,260.75,openaq_ground
2025-12-17 20:30:00,22.133333333333336,384.6666666666667,255.75,openaq_ground
2025-12-17 21:30:00,19.233333333333334,372.3333333333333,247.0,openaq_ground
2025-12-17 22:30:00,25.01,485.0,323.75,openaq_ground
2025-12-17 23:30:00,28.909999999999997,556.0,324.25,openaq_ground
2025-12-18 00:30:00,30.716666666666665,385.6666666666667,240.25,openaq_ground
2025-12-18 01:30:00,27.51666666666667,272.6666666666667,183.5,openaq_ground
2025-12-18 02:30:00,28.53333333333333,265.6666666666667,168.25,openaq_ground
2025-12-18 03:30:00,41.63333333333333,282.0,177.75,openaq_ground
2025-12-18 04:30:00,50.800000000000004,299.0,189.5,openaq_ground
2025-12-18 05:30:00,58.03333333333333,301.6666666666667,209.0,openaq_ground
2025-12-18 06:30:00,53.5,336.0,213.25,openaq_ground
2025-12-18 07:30:00,62.93333333333334,354.3333333333333,230.75,openaq_ground
2025-12-18 08:30:00,57.1,349.6666666666667,228.5,openaq_ground
2025-12-18 09:30:00,65.7,348.0,223.0,openaq_ground
2025-12-18 10:30:00,70.96666666666667,374.3333333333333,231.25,openaq_ground
2025-12-18 11:30:00,72.56666666666666,380.0,241.75,openaq_ground
2025-12-18 12:30:00,60.300000000000004,360.6666666666667,230.75,openaq_ground
2025-12-18 13:30:00,52.0,324.6666666666667,211.75,openaq_ground
2025-12-18 14:30:00,45.166666666666664,342.0,220.25,openaq_ground
2025-12-18 15:30:00,43.86666666666667,361.0,233.25,openaq_ground
2025-12-18 16:30:00,43.63333333333333,366.0,231.25,openaq_ground
2025-12-18 17:30:00,37.0,341.3333333333333,238.5,openaq_ground
2025-12-18 18:30:00,,,312.0,openaq_ground
2025-12-18 19:30:00,33.699999999999996,364.3333333333333,243.25,openaq_ground
2025-12-18 20:30:00,38.93333333333333,368.0,249.25,openaq_ground
2025-12-18 21:30:00,40.666666666666664,357.3333333333333,237.0,openaq_ground
2025-12-18 22:30:00,46.86666666666667,294.6666666666667,199.75,openaq_ground
2025-12-18 23:30:00,43.800000000000004,226.0,150.75,openaq_ground
2025-12-19 00:30:00,44.53333333333333,229.0,145.5,openaq_ground
2025-12-19 01:30:00,43.0,204.33333333333334,140.75,openaq_ground
2025-12-19 02:30:00,46.73333333333333,218.0,147.75,openaq_ground
2025-12-19 03:30:00,54.333333333333336,252.66666666666666,161.0,openaq_ground
2025-12-19 04:30:00,67.16666666666667,311.0,171.0,openaq_ground
2025-12-19 05:30:00,81.1,324.6666666666667,208.66666666666666,openaq_ground
2025-12-19 06:30:00,75.80000000000001,337.3333333333333,210.0,openaq_ground
2025-12-19 07:30:00,75.5,350.0,217.25,openaq_ground
2025-12-19 08:30:00,49.18,338.0,207.0,openaq_ground
2025-12-19 09:30:00,54.73333333333333,316.6666666666667,180.5,openaq_ground
2025-12-19 10:30:00,60.76666666666667,304.3333333333333,169.5,openaq_ground
2025-12-19 11:30:00,81.2,301.6666666666667,166.75,openaq_ground
2025-12-19 12:30:00,77.33333333333333,296.6666666666667,175.25,openaq_ground
2025-12-19 13:30:00,68.66666666666667,306.0,169.5,openaq_ground
2025-12-19 14:30:00,54.699999999999996,293.0,176.25,openaq_ground
2025-12-19 15:30:00,50.53333333333333,314.0,196.75,openaq_ground
2025-12-19 16:30:00,49.300000000000004,316.6666666666667,199.75,openaq_ground
2025-12-19 17:30:00,42.699999999999996,321.0,215.0,openaq_ground
2025-12-19 18:30:00,39.526666666666664,336.6666666666667,243.5,openaq_ground
2025-12-19 19:30:00,38.67333333333333,344.3333333333333,245.75,openaq_ground
2025-12-19 20:30:00,38.51333333333333,339.3333333333333,230.75,openaq_ground
2025-12-19 21:30:00,31.746666666666666,317.6666666666667,217.5,openaq_ground
2025-12-19 22:30:00,32.61,293.3333333333333,209.5,openaq_ground
2025-12-19 23:30:00,35.76666666666667,299.6666666666667,209.25,openaq_ground
2025-12-20 00:30:00,43.69333333333333,306.6666666666667,209.75,openaq_ground
2025-12-20 01:30:00,44.53333333333333,315.3333333333333,225.0,openaq_ground
2025-12-20 02:30:00,45.6,334.6666666666667,245.5,openaq_ground
2025-12-20 03:30:00,53.73333333333333,347.3333333333333,226.75,openaq_ground
2025-12-20 04:30:00,55.800000000000004,357.6666666666667,221.5,openaq_ground
2025-12-20 05:30:00,54.56666666666667,303.6666666666667,189.0,openaq_ground
2025-12-20 06:30:00,53.6,266.0,173.75,openaq_ground
2025-12-20 07:30:00,50.0,266.6666666666667,190.25,openaq_ground
2025-12-20 08:30:00,51.26666666666666,287.3333333333333,208.0,openaq_ground
2025-12-20 09:30:00,58.63333333333333,299.3333333333333,209.0,openaq_ground
2025-12-20 10:30:00,64.39999999999999,353.0,236.75,openaq_ground
2025-12-20 11:30:00,69.8,384.3333333333333,250.25,openaq_ground
2025-12-20 12:30:00,59.03333333333333,399.0,247.25,openaq_ground
2025-12-20 13:30:00,51.4,392.6666666666667,234.25,openaq_ground
2025-12-20 14:30:00,45.9,407.3333333333333,255.0,openaq_ground
2025-12-20 15:30:00,44.300000000000004,454.0,267.5,openaq_ground
2025-12-20 16:30:00,48.43333333333334,438.3333333333333,268.0,openaq_ground
2025-12-20 17:30:00,49.56666666666666,443.3333333333333,260.5,openaq_ground
2025-12-20 18:30:00,52.4,442.0,243.75,openaq_ground
2025-12-20 19:30:00,51.4,430.3333333333333,215.0,openaq_ground
2025-12-20 20:30:00,40.0,342.3333333333333,174.0,openaq_ground
2025-12-20 21:30:00,35.9,277.0,158.5,openaq_ground
2025-12-20 22:30:00,35.86666666666667,268.3333333333333,162.0,openaq_ground
2025-12-20 23:30:00,38.46666666666667,281.0,163.5,openaq_ground
2025-12-21 00:30:00,38.300000000000004,289.6666666666667,163.0,openaq_ground
2025-12-21 01:30:00,40.666666666666664,275.6666666666667,159.25,openaq_ground
2025-12-21 02:30:00,43.53333333333333,286.0,163.5,openaq_ground
2025-12-21 03:30:00,44.23333333333334,291.0,169.25,openaq_ground
2025-12-21 04:30:00,40.86666666666667,292.3333333333333,182.75,openaq_ground
2025-12-21 05:30:00,38.56666666666667,281.3333333333333,188.0,openaq_ground
2025-12-21 06:30:00,38.56666666666667,288.3333333333333,193.25,openaq_ground
2025-12-21 07:30:00,39.86666666666667,295.3333333333333,203.25,openaq_ground
2025-12-21 08:30:00,44.1,298.0,197.0,openaq_ground
2025-12-21 09:30:00,48.93333333333334,305.3333333333333,202.0,openaq_ground
2025-12-21 10:30:00,48.1,320.3333333333333,199.75,openaq_ground
2025-12-21 11:30:00,52.43333333333334,315.0,191.0,openaq_ground
2025-12-21 12:30:00,48.06666666666666,317.0,196.5,openaq_ground
2025-12-21 13:30:00,42.800000000000004,307.6666666666667,189.5,openaq_ground
2025-12-21 14:30:00,36.93333333333334,303.3333333333333,183.75,openaq_ground
2025-12-21 15:30:00,31.73333333333333,329.6666666666667,193.75,openaq_ground
2025-12-21 16:30:00,29.100000000000005,352.6666666666667,191.75,openaq_ground
2025-12-21 17:30:00,27.099999999999998,310.6666666666667,185.0,openaq_ground
2025-12-21 18:30:00,19.4,306.0,202.5,openaq_ground
2025-12-21 19:30:00,25.433333333333334,344.3333333333333,179.5,openaq_ground
2025-12-21 20:30:00,23.933333333333334,370.3333333333333,184.25,openaq_ground
2025-12-21 21:30:00,21.733333333333334,352.6666666666667,187.5,openaq_ground
2025-12-21 22:30:00,24.633333333333336,348.3333333333333,195.25,openaq_ground
2025-12-21 23:30:00,26.066666666666666,364.6666666666667,196.25,openaq_ground
2025-12-22 00:30:00,24.399999999999995,353.3333333333333,204.0,openaq_ground
2025-12-22 01:30:00,23.099999999999998,326.6666666666667,186.0,openaq_ground
2025-12-22 02:30:00,23.5,294.0,168.0,openaq_ground
2025-12-22 03:30:00,26.7,310.0,169.75,openaq_ground
2025-12-22 04:30:00,48.0,347.3333333333333,188.5,openaq_ground
2025-12-22 05:30:00,53.63333333333333,335.0,198.75,openaq_ground
2025-12-22 06:30:00,68.83333333333333,364.6666666666667,230.0,openaq_ground
2025-12-22 07:30:00,78.23333333333333,419.3333333333333,250.75,openaq_ground
2025-12-22 08:30:00,59.93333333333334,403.6666666666667,244.0,openaq_ground
2025-12-22 09:30:00,77.76666666666667,406.6666666666667,245.0,openaq_ground
2025-12-22 10:30:00,85.23333333333333,441.3333333333333,257.0,openaq_ground
2025-12-22 11:30:00,107.16666666666667,470.0,279.75,openaq_ground
2025-12-22 12:30:00,102.39999999999999,476.0,274.0,openaq_ground
2025-12-22 13:30:00,87.73333333333333,478.6666666666667,295.25,openaq_ground
2025-12-22 14:30:00,71.46666666666667,481.6666666666667,294.0,openaq_ground
2025-12-22 15:30:00,55.9,489.6666666666667,310.5,openaq_ground
2025-12-22 16:30:00,51.366666666666674,507.3333333333333,331.5,openaq_ground
2025-12-22 17:30:00,48.06666666666666,517.6666666666666,326.5,openaq_ground
2025-12-22 18:30:00,39.46666666666667,508.3333333333333,333.0,openaq_ground
2025-12-22 19:30:00,34.15,493.5,324.6666666666667,openaq_ground
2025-12-22 20:30:00,34.93333333333333,462.0,308.75,openaq_ground
2025-12-22 21:30:00,35.6,443.6666666666667,294.75,openaq_ground
2025-12-22 22:30:00,30.7,427.3333333333333,283.5,openaq_ground
2025-12-22 23:30:00,35.06666666666667,431.6666666666667,277.75,openaq_ground
2025-12-23 00:30:00,36.333333333333336,400.3333333333333,268.25,openaq_ground
2025-12-23 01:30:00,37.733333333333334,371.6666666666667,243.0,openaq_ground
2025-12-23 02:30:00,51.333333333333336,333.0,215.5,openaq_ground
2025-12-23 03:30:00,84.60000000000001,342.0,215.25,openaq_ground
2025-12-23 04:30:00,76.16666666666667,351.3333333333333,221.75,openaq_ground
2025-12-23 05:30:00,79.96666666666667,350.3333333333333,236.75,openaq_ground
2025-12-23 06:30:00,60.800000000000004,338.0,218.5,openaq_ground
2025-12-23 07:30:00,53.300000000000004,337.3333333333333,212.0,openaq_ground
2025-12-23 08:30:00,47.300000000000004,306.0,196.25,openaq_ground
2025-12-23 09:30:00,48.53333333333333,273.6666666666667,188.75,openaq_ground
2025-12-23 10:30:00,54.43333333333333,266.3333333333333,145.75,openaq_ground
2025-12-23 11:30:00,70.06666666666666,250.66666666666666,146.25,openaq_ground
2025-12-23 12:30:00,80.3,276.3333333333333,167.5,openaq_ground
2025-12-23 13:30:00,78.26666666666667,304.6666666666667,204.75,openaq_ground
2025-12-23 14:30:00,67.33333333333333,347.3333333333333,225.75,openaq_ground
2025-12-23 15:30:00,63.63333333333333,346.6666666666667,222.0,openaq_ground
2025-12-23 16:30:00,60.70000000000001,330.3333333333333,207.75,openaq_ground
2025-12-23 17:30:00,51.13333333333333,299.0,187.75,openaq_ground
2025-12-23 18:30:00,45.333333333333336,219.0,138.625,openaq_ground
2025-12-23 19:30:00,42.36666666666667,208.33333333333334,135.975,openaq_ground
2025-12-23 20:30:00,37.5,195.33333333333334,132.25,openaq_ground
2025-12-23 21:30:00,36.96666666666667,175.66666666666666,127.25,openaq_ground
2025-12-23 22:30:00,35.93333333333333,167.66666666666666,105.4,openaq_ground
2025-12-23 23:30:00,34.699999999999996,168.33333333333334,99.55,openaq_ground
2025-12-24 00:30:00,34.56666666666667,144.43333333333334,85.6,openaq_ground
2025-12-24 01:30:00,39.666666666666664,120.76666666666667,74.125,openaq_ground
2025-12-24 02:30:00,42.43333333333334,104.3,63.599999999999994,openaq_ground
2025-12-24 03:30:00,47.73333333333334,150.33333333333334,79.825,openaq_ground
2025-12-24 04:30:00,42.96666666666667,191.0,78.675,openaq_ground
2025-12-24 05:30:00,34.86666666666667,192.33333333333334,58.525,openaq_ground
2025-12-24 06:30:00,31.200000000000003,108.26666666666667,30.5,openaq_ground
2025-12-24 07:30:00,,,24.0,openaq_ground
2025-12-24 08:30:00,10.8,87.8,32.8,openaq_ground
2025-12-24 09:30:00,27.566666666666666,85.73333333333333,32.125,openaq_ground
2025-12-24 10:30:00,32.666666666666664,70.76666666666667,28.333333333333332,openaq_ground
2025-12-24 11:30:00,56.866666666666674,93.2,29.2,openaq_ground
2025-12-24 12:30:00,69.96666666666667,143.66666666666666,40.25,openaq_ground
2025-12-24 13:30:00,70.06666666666666,153.66666666666666,63.8,openaq_ground
2025-12-24 14:30:00,64.26666666666667,168.33333333333334,96.35,openaq_ground
2025-12-24 15:30:00,57.29,219.33333333333334,112.9,openaq_ground
2025-12-24 16:30:00,57.529999999999994,261.0,146.5,openaq_ground
2025-12-24 17:30:00,52.76666666666667,275.0,153.5,openaq_ground
2025-12-24 18:30:00,47.083333333333336,250.0,160.0,openaq_ground
2025-12-24 19:30:00,45.00666666666667,240.66666666666666,141.75,openaq_ground
2025-12-24 20:30:00,39.65333333333333,217.33333333333334,120.0,openaq_ground
2025-12-24 21:30:00,37.473333333333336,186.0,105.85,openaq_ground
2025-12-24 22:30:00,38.913333333333334,143.0,89.125,openaq_ground
2025-12-24 23:30:00,46.166666666666664,146.33333333333334,83.3,openaq_ground
2025-12-25 00:30:00,49.36666666666667,138.33333333333334,72.5,openaq_ground
2025-12-25 01:30:00,43.43333333333334,121.10000000000001,61.925,openaq_ground
2025-12-25 02:30:00,43.699999999999996,101.89999999999999,52.425,openaq_ground
2025-12-25 03:30:00,46.9,144.66666666666666,61.375,openaq_ground
2025-12-25 04:30:00,49.03333333333333,194.66666666666666,70.5,openaq_ground
2025-12-25 05:30:00,46.03333333333333,203.33333333333334,68.325,openaq_ground
2025-12-25 06:30:00,42.06666666666666,179.66666666666666,62.65,openaq_ground
2025-12-25 07:30:00,40.53333333333334,184.0,59.2,openaq_ground
2025-12-25 08:30:00,35.733333333333334,160.66666666666666,46.675,openaq_ground
2025-12-25 09:30:00,34.1,135.0,55.15,openaq_ground
2025-12-25 10:30:00,38.6,130.33333333333334,38.6,openaq_ground
2025-12-25 11:30:00,63.86666666666667,128.33333333333334,42.1,openaq_ground
2025-12-25 12:30:00,73.53333333333333,155.33333333333334,54.1,openaq_ground
2025-12-25 13:30:00,75.56666666666666,180.33333333333334,77.925,openaq_ground
2025-12-25 14:30:00,71.39999999999999,204.33333333333334,107.075,openaq_ground
2025-12-25 15:30:00,62.6,250.66666666666666,137.0,openaq_ground
2025-12-25 16:30:00,56.78,309.6666666666667,184.0,openaq_ground
2025-12-25 17:30:00,56.02333333333333,350.0,205.25,openaq_ground
2025-12-25 18:30:00,46.43,339.0,214.0,openaq_ground
2025-12-25 19:30:00,39.56666666666666,338.6666666666667,211.25,openaq_ground
2025-12-25 20:30:00,39.03333333333333,357.3333333333333,224.25,openaq_ground
2025-12-25 21:30:00,38.0,359.3333333333333,230.5,openaq_ground
2025-12-25 22:30:00,37.36666666666667,344.3333333333333,240.0,openaq_ground
2025-12-25 23:30:00,41.61,330.3333333333333,211.0,openaq_ground
2025-12-26 00:30:00,39.413333333333334,274.6666666666667,170.75,openaq_ground
2025-12-26 01:30:00,38.53666666666667,220.33333333333334,145.75,openaq_ground
2025-12-26 02:30:00,48.9,203.0,133.0,openaq_ground
2025-12-26 03:30:00,80.5,255.33333333333334,114.95,openaq_ground
2025-12-26 04:30:00,61.26666666666667,267.0,93.2,openaq_ground
2025-12-26 05:30:00,48.666666666666664,196.0,78.925,openaq_ground
2025-12-26 06:30:00,41.199999999999996,173.0,75.975,openaq_ground
2025-12-26 07:30:00,40.03333333333333,180.66666666666666,76.325,openaq_ground
2025-12-26 08:30:00,37.5,200.66666666666666,81.45,openaq_ground
2025-12-26 09:30:00,36.96666666666666,172.0,74.775,openaq_ground
2025-12-26 10:30:00,42.800000000000004,166.66666666666666,70.45,openaq_ground
2025-12-26 11:30:00,59.9,176.66666666666666,88.025,openaq_ground
2025-12-26 12:30:00,75.06666666666666,234.0,112.45,openaq_ground
2025-12-26 13:30:00,78.76666666666667,273.0,141.5,openaq_ground
2025-12-26 14:30:00,71.56666666666666,279.3333333333333,165.0,openaq_ground
2025-12-26 15:30:00,57.300000000000004,329.3333333333333,209.25,openaq_ground
2025-12-26 16:30:00,52.74,368.0,247.25,openaq_ground
2025-12-26 17:30:00,50.14666666666667,409.6666666666667,268.75,openaq_ground
2025-12-26 18:30:00,34.556666666666665,388.3333333333333,274.25,openaq_ground
2025-12-26 19:30:00,32.72,406.0,284.5,openaq_ground
2025-12-26 20:30:00,,,385.0,openaq_ground
2025-12-26 21:30:00,30.76666666666667,350.6666666666667,273.5,openaq_ground
2025-12-26 22:30:00,31.594333333333335,360.6666666666667,269.75,openaq_ground
2025-12-26 23:30:00,30.286666666666665,355.6666666666667,264.5,openaq_ground
2025-12-27 00:30:00,32.73666666666667,355.0,265.0,openaq_ground
2025-12-27 01:30:00,36.95333333333333,387.3333333333333,252.5,openaq_ground
2025-12-27 02:30:00,43.6,338.3333333333333,232.5,openaq_ground
2025-12-27 03:30:00,76.7,358.6666666666667,229.25,openaq_ground
2025-12-27 04:30:00,74.86666666666666,441.3333333333333,261.5,openaq_ground
2025-12-27 05:30:00,66.36666666666667,416.6666666666667,250.25,openaq_ground
2025-12-27 06:30:00,49.866666666666674,333.6666666666667,203.75,openaq_ground
2025-12-27 07:30:00,40.43333333333334,259.0,155.75,openaq_ground
2025-12-27 08:30:00,42.0,252.33333333333334,144.0,openaq_ground
2025-12-27 09:30:00,45.300000000000004,259.3333333333333,144.5,openaq_ground
2025-12-27 10:30:00,48.833333333333336,231.33333333333334,115.45,openaq_ground
2025-12-27 11:30:00,69.46666666666665,212.0,107.025,openaq_ground
2025-12-27 12:30:00,75.10000000000001,233.0,125.0,openaq_ground
2025-12-27 13:30:00,78.86666666666666,256.6666666666667,150.5,openaq_ground
2025-12-27 14:30:00,73.26666666666667,267.6666666666667,173.75,openaq_ground
2025-12-27 15:30:00,58.48,303.3333333333333,212.5,openaq_ground
2025-12-27 16:30:00,41.861666666666665,357.0,242.5,openaq_ground
2025-12-27 17:30:00,43.666666666666664,376.0,263.75,openaq_ground
2025-12-27 18:30:00,41.4,399.6666666666667,276.5,openaq_ground
2025-12-27 19:30:00,38.166666666666664,407.0,280.75,openaq_ground
2025-12-27 20:30:00,41.0,406.0,288.75,openaq_ground
2025-12-27 21:30:00,36.56666666666667,421.3333333333333,291.5,openaq_ground
2025-12-27 22:30:00,31.900000000000002,401.3333333333333,283.25,openaq_ground
2025-12-27 23:30:00,36.8,370.3333333333333,275.25,openaq_ground
2025-12-28 00:30:00,40.81333333333333,337.0,249.0,openaq_ground
2025-12-28 01:30:00,36.03,296.6666666666667,207.75,openaq_ground
2025-12-28 02:30:00,39.13333333333333,263.3333333333333,192.75,openaq_ground
2025-12-28 03:30:00,64.0,263.6666666666667,189.5,openaq_ground
2025-12-28 04:30:00,65.5,296.0,197.75,openaq_ground
2025-12-28 05:30:00,36.4,292.5,192.33333333333334,openaq_ground
2025-12-28 06:30:00,45.96666666666666,296.3333333333333,187.5,openaq_ground
2025-12-28 07:30:00,43.833333333333336,269.0,163.75,openaq_ground
2025-12-28 08:30:00,44.599999999999994,241.66666666666666,136.0,openaq_ground
2025-12-28 09:30:00,45.166666666666664,243.33333333333334,135.5,openaq_ground
2025-12-28 10:30:00,,,168.0,openaq_ground
2025-12-28 11:30:00,78.96666666666667,286.0,174.75,openaq_ground
2025-12-28 12:30:00,77.0,347.3333333333333,213.0,openaq_ground
2025-12-28 13:30:00,68.53333333333333,364.3333333333333,241.5,openaq_ground
2025-12-28 14:30:00,59.23333333333333,372.3333333333333,263.75,openaq_ground
2025-12-28 15:30:00,50.5,399.6666666666667,285.5,openaq_ground
2025-12-28 16:30:00,40.32666666666667,456.3333333333333,328.0,openaq_ground
2025-12-28 17:30:00,41.28666666666667,524.6666666666666,358.25,openaq_ground
2025-12-28 18:30:00,36.38,515.6666666666666,371.0,openaq_ground
2025-12-28 19:30:00,36.06666666666667,462.6666666666667,366.25,openaq_ground
2025-12-28 20:30:00,40.266666666666666,493.3333333333333,374.5,openaq_ground
2025-12-28 21:30:00,51.13333333333333,458.3333333333333,336.75,openaq_ground
2025-12-28 22:30:00,50.6,361.6666666666667,251.25,openaq_ground
2025-12-28 23:30:00,46.333333333333336,356.6666666666667,239.25,openaq_ground
2025-12-29 00:30:00,48.1,303.3333333333333,209.75,openaq_ground
2025-12-29 01:30:00,48.63333333333333,269.3333333333333,190.0,openaq_ground
2025-12-29 02:30:00,52.46666666666667,242.66666666666666,185.5,openaq_ground
2025-12-29 03:30:00,56.5,263.6666666666667,179.5,openaq_ground
2025-12-29 04:30:00,64.8,299.3333333333333,181.25,openaq_ground
2025-12-29 05:30:00,68.23333333333333,306.0,188.75,openaq_ground
2025-12-29 06:30:00,60.400000000000006,296.0,221.5,openaq_ground
2025-12-29 07:30:00,61.03333333333333,289.3333333333333,222.0,openaq_ground
2025-12-29 08:30:00,63.300000000000004,307.0,224.75,openaq_ground
2025-12-29 09:30:00,72.13333333333334,334.6666666666667,229.5,openaq_ground
2025-12-29 10:30:00,81.0,379.0,231.25,openaq_ground
2025-12-29 11:30:00,74.26666666666667,391.6666666666667,244.0,openaq_ground
2025-12-29 12:30:00,61.599999999999994,384.6666666666667,249.75,openaq_ground
2025-12-29 13:30:00,52.9,397.0,252.25,openaq_ground
2025-12-29 14:30:00,43.1,355.0,249.75,openaq_ground
2025-12-29 15:30:00,36.93333333333333,358.6666666666667,251.75,openaq_ground
2025-12-29 16:30:00,36.4,399.0,281.5,openaq_ground
2025-12-29 17:30:00,37.93333333333333,376.6666666666667,253.25,openaq_ground
2025-12-29 18:30:00,,,259.0,openaq_ground
2025-12-29 19:30:00,52.366666666666674,335.3333333333333,228.5,openaq_ground
2025-12-29 20:30:00,66.96666666666665,361.0,236.0,openaq_ground
2025-12-29 21:30:00,74.36666666666667,373.3333333333333,244.5,openaq_ground
2025-12-29 22:30:00,74.66666666666667,328.3333333333333,229.25,openaq_ground
2025-12-29 23:30:00,71.46666666666667,304.6666666666667,217.75,openaq_ground
2025-12-30 00:30:00,68.06666666666666,341.6666666666667,219.75,openaq_ground
2025-12-30 01:30:00,71.96666666666665,371.6666666666667,230.5,openaq_ground
2025-12-30 02:30:00,72.10000000000001,361.6666666666667,235.25,openaq_ground
2025-12-30 03:30:00,78.39999999999999,370.3333333333333,237.75,openaq_ground
2025-12-30 04:30:00,93.8,410.6666666666667,275.0,openaq_ground
2025-12-30 05:30:00,93.2,447.5,292.6666666666667,openaq_ground
2025-12-30 06:30:00,77.43333333333334,360.6666666666667,249.0,openaq_ground
2025-12-30 07:30:00,51.300000000000004,293.6666666666667,193.75,openaq_ground
2025-12-30 08:30:00,47.300000000000004,207.0,131.5,openaq_ground
2025-12-30 09:30:00,50.0,177.66666666666666,102.725,openaq_ground
2025-12-30 10:30:00,59.26666666666667,157.33333333333334,88.6,openaq_ground
2025-12-30 11:30:00,72.5,153.0,77.525,openaq_ground
2025-12-30 12:30:00,78.93333333333334,204.0,96.42500000000001,openaq_ground
2025-12-30 13:30:00,74.26666666666667,260.6666666666667,133.15,openaq_ground
2025-12-30 14:30:00,65.2,299.3333333333333,184.75,openaq_ground
2025-12-30 15:30:00,47.833333333333336,344.0,248.5,openaq_ground
2025-12-30 16:30:00,39.93333333333333,393.3333333333333,298.0,openaq_ground
2025-12-30 17:30:00,34.276666666666664,412.6666666666667,292.0,openaq_ground
2025-12-30 18:30:00,31.673333333333332,375.6666666666667,279.25,openaq_ground
2025-12-30 19:30:00,28.680000000000003,388.3333333333333,277.25,openaq_ground
2025-12-30 20:30:00,31.0,429.0,310.0,openaq_ground
2025-12-30 21:30:00,35.00666666666667,469.6666666666667,342.25,openaq_ground
2025-12-30 22:30:00,34.166666666666664,465.6666666666667,352.5,openaq_ground
2025-12-30 23:30:00,35.916666666666664,424.6666666666667,355.0,openaq_ground
2025-12-31 00:30:00,49.666666666666664,399.3333333333333,313.25,openaq_ground
2025-12-31 01:30:00,53.03333333333333,303.0,206.0,openaq_ground
2025-12-31 02:30:00,50.199999999999996,216.33333333333334,148.75,openaq_ground
2025-12-31 03:30:00,52.03333333333333,207.0,132.125,openaq_ground
2025-12-31 04:30:00,48.63333333333333,230.33333333333334,145.5,openaq_ground
2025-12-31 05:30:00,56.199999999999996,218.66666666666666,147.5,openaq_ground
2025-12-31 06:30:00,61.699999999999996,232.33333333333334,163.5,openaq_ground
2025-12-31 07:30:00,60.76666666666667,253.66666666666666,178.0,openaq_ground
2025-12-31 08:30:00,58.53333333333333,279.3333333333333,194.5,openaq_ground
2025-12-31 09:30:00,53.9,310.3333333333333,216.5,openaq_ground
2025-12-31 10:30:00,58.36666666666667,314.6666666666667,215.5,openaq_ground
2025-12-31 11:30:00,60.400000000000006,328.0,215.75,openaq_ground
2025-12-31 12:30:00,62.4,344.0,239.25,openaq_ground
2025-12-31 13:30:00,61.0,401.0,250.75,openaq_ground
2025-12-31 14:30:00,60.833333333333336,395.0,262.0,openaq_ground
2025-12-31 15:30:00,55.73333333333333,377.6666666666667,243.75,openaq_ground
2025-12-31 16:30:00,51.96666666666667,393.0,247.25,openaq_ground
2025-12-31 17:30:00,46.56666666666666,405.0,253.0,openaq_ground
2025-12-31 18:30:00,44.0,364.6666666666667,241.0,openaq_ground
2025-12-31 19:30:00,39.833333333333336,334.6666666666667,218.25,openaq_ground
2025-12-31 20:30:00,42.63333333333333,326.3333333333333,221.5,openaq_ground
2025-12-31 21:30:00,39.199999999999996,339.6666666666667,213.0,openaq_ground
2025-12-31 22:30:00,41.4,295.0,206.25,openaq_ground
2025-12-31 23:30:00,42.63333333333333,288.3333333333333,187.0,openaq_ground
2026-01-01 00:30:00,35.86666666666667,289.0,177.0,openaq_ground
2026-01-01 01:30:00,38.46666666666667,279.6666666666667,177.0,openaq_ground
2026-01-01 02:30:00,43.43333333333334,252.33333333333334,172.5,openaq_ground
2026-01-01 03:30:00,48.6,252.0,167.25,openaq_ground
2026-01-01 04:30:00,49.46666666666667,298.6666666666667,195.5,openaq_ground
2026-01-01 05:30:00,50.833333333333336,304.0,209.0,openaq_ground
2026-01-01 06:30:00,50.666666666666664,297.6666666666667,215.5,openaq_ground
2026-01-01 07:30:00,51.23333333333333,274.6666666666667,196.25,openaq_ground
2026-01-01 08:30:00,50.73333333333333,297.3333333333333,210.25,openaq_ground
2026-01-01 09:30:00,60.199999999999996,321.3333333333333,214.25,openaq_ground
2026-01-01 10:30:00,72.63333333333334,327.6666666666667,218.0,openaq_ground
2026-01-01 11:30:00,70.23333333333333,325.3333333333333,209.5,openaq_ground
2026-01-01 12:30:00,58.96666666666667,341.3333333333333,220.0,openaq_ground
2026-01-01 13:30:00,66.3,344.0,209.0,openaq_ground
2026-01-01 14:30:00,61.03333333333334,314.0,208.5,openaq_ground
2026-01-01 15:30:00,58.333333333333336,276.3333333333333,182.5,openaq_ground
2026-01-01 16:30:00,49.53333333333333,287.6666666666667,182.75,openaq_ground
2026-01-01 17:30:00,45.73333333333333,293.6666666666667,177.5,openaq_ground
2026-01-01 18:30:00,35.96666666666667,139.13333333333333,111.425,openaq_ground
2026-01-01 19:30:00,36.86666666666667,82.06666666666666,59.175,openaq_ground
2026-01-01 20:30:00,31.733333333333334,93.60000000000001,57.1,openaq_ground
2026-01-01 21:30:00,32.4,96.53333333333335,59.675,openaq_ground
2026-01-01 22:30:00,33.06666666666667,97.56666666666666,61.95,openaq_ground
2026-01-01 23:30:00,31.899999999999995,75.63333333333334,52.175,openaq_ground
2026-01-02 00:30:00,29.8,90.60000000000001,50.075,openaq_ground
2026-01-02 01:30:00,26.066666666666666,99.03333333333335,52.35,openaq_ground
2026-01-02 02:30:00,26.333333333333332,119.66666666666667,59.175,openaq_ground
2026-01-02 03:30:00,26.71666666666667,109.83333333333333,55.85,openaq_ground
2026-01-02 04:30:00,22.650000000000002,110.23333333333333,55.05,openaq_ground
2026-01-02 05:30:00,20.166666666666668,109.33333333333333,53.425,openaq_ground
2026-01-02 06:30:00,18.900000000000002,110.16666666666667,54.475,openaq_ground
2026-01-02 07:30:00,18.56,105.43333333333334,58.375,openaq_ground
2026-01-02 08:30:00,,,80.0,openaq_ground
2026-01-02 09:30:00,34.3,123.33333333333333,66.95,openaq_ground
2026-01-02 10:30:00,37.766666666666666,121.33333333333333,70.925,openaq_ground
2026-01-02 11:30:00,46.26666666666667,118.0,70.475,openaq_ground
2026-01-02 12:30:00,58.699999999999996,133.33333333333334,78.325,openaq_ground
2026-01-02 13:30:00,64.23333333333333,150.33333333333334,88.7,openaq_ground
2026-01-02 14:30:00,67.56666666666666,173.66666666666666,100.275,openaq_ground
2026-01-02 15:30:00,64.36666666666666,162.33333333333334,102.45,openaq_ground
2026-01-02 16:30:00,52.43333333333334,158.33333333333334,101.4,openaq_ground
2026-01-02 17:30:00,48.599999999999994,153.0,101.925,openaq_ground
2026-01-02 18:30:00,,,139.0,openaq_ground
2026-01-02 19:30:00,48.53333333333333,128.0,94.025,openaq_ground
2026-01-02 20:30:00,40.166666666666664,154.33333333333334,97.17500000000001,openaq_ground
2026-01-02 21:30:00,41.53333333333333,173.0,97.475,openaq_ground
2026-01-02 22:30:00,41.76666666666667,184.33333333333334,104.4,openaq_ground
2026-01-02 23:30:00,43.23333333333333,166.0,110.65,openaq_ground
2026-01-03 00:30:00,45.300000000000004,197.0,129.075,openaq_ground
2026-01-03 01:30:00,50.93333333333334,217.0,145.5,openaq_ground
2026-01-03 02:30:00,55.0,221.33333333333334,131.25,openaq_ground
2026-01-03 03:30:00,64.56666666666666,207.66666666666666,123.2,openaq_ground
2026-01-03 04:30:00,67.73333333333333,202.0,120.1,openaq_ground
2026-01-03 05:30:00,53.13333333333333,207.0,119.5,openaq_ground
2026-01-03 06:30:00,54.9,166.33333333333334,96.075,openaq_ground
2026-01-03 07:30:00,55.43333333333334,148.66666666666666,89.475,openaq_ground
2026-01-03 08:30:00,57.56666666666666,162.0,98.275,openaq_ground
2026-01-03 09:30:00,56.96666666666667,174.33333333333334,100.375,openaq_ground
2026-01-03 10:30:00,63.86666666666667,176.66666666666666,91.475,openaq_ground
2026-01-03 11:30:00,83.39999999999999,162.33333333333334,92.325,openaq_ground
2026-01-03 12:30:00,89.73333333333333,176.33333333333334,108.5,openaq_ground
2026-01-03 13:30:00,88.06666666666666,195.66666666666666,114.6,openaq_ground
2026-01-03 14:30:00,90.23333333333333,196.0,116.95,openaq_ground
2026-01-03 15:30:00,87.96666666666665,203.33333333333334,129.75,openaq_ground
2026-01-03 16:30:00,78.2,213.66666666666666,134.5,openaq_ground
2026-01-03 17:30:00,64.63333333333334,219.66666666666666,137.5,openaq_ground
2026-01-03 18:30:00,53.26666666666667,229.33333333333334,135.25,openaq_ground
2026-01-03 19:30:00,53.5,225.33333333333334,133.075,openaq_ground
2026-01-03 20:30:00,58.46666666666667,214.0,125.25,openaq_ground
2026-01-03 21:30:00,60.199999999999996,203.33333333333334,118.6,openaq_ground
2026-01-03 22:30:00,77.2,204.66666666666666,115.15,openaq_ground
2026-01-03 23:30:00,77.26666666666667,195.0,112.65,openaq_ground
2026-01-04 00:30:00,76.13333333333334,185.33333333333334,112.3,openaq_ground
2026-01-04 01:30:00,76.86666666666666,184.0,108.9,openaq_ground
2026-01-04 02:30:00,81.8,191.0,118.825,openaq_ground
2026-01-04 03:30:00,77.73333333333333,193.0,118.75,openaq_ground
2026-01-04 04:30:00,71.13333333333334,179.0,119.25,openaq_ground
2026-01-04 05:30:00,65.13333333333334,181.66666666666666,113.25,openaq_ground
2026-01-04 06:30:00,58.93333333333334,204.33333333333334,110.75,openaq_ground
2026-01-04 07:30:00,55.23333333333333,174.33333333333334,108.125,openaq_ground
2026-01-04 08:30:00,57.6,156.0,101.325,openaq_ground
2026-01-04 09:30:00,59.53333333333333,168.0,97.575,openaq_ground
2026-01-04 10:30:00,69.23333333333333,198.33333333333334,120.0,openaq_ground
2026-01-04 11:30:00,77.26666666666667,202.33333333333334,126.75,openaq_ground
2026-01-04 12:30:00,83.23333333333333,182.66666666666666,111.475,openaq_ground
2026-01-04 13:30:00,77.3,174.0,98.1,openaq_ground
2026-01-04 14:30:00,72.73333333333333,157.0,89.7,openaq_ground
2026-01-04 15:30:00,75.23333333333333,149.0,83.575,openaq_ground
2026-01-04 16:30:00,73.13333333333334,144.33333333333334,83.9,openaq_ground
2026-01-04 17:30:00,73.23333333333333,161.33333333333334,85.525,openaq_ground
2026-01-04 18:30:00,55.06666666666666,127.8,66.7,openaq_ground
2026-01-04 19:30:00,52.0,120.33333333333333,63.325,openaq_ground
2026-01-04 20:30:00,58.4,124.66666666666667,68.425,openaq_ground
2026-01-04 21:30:00,55.199999999999996,148.0,82.825,openaq_ground
2026-01-04 22:30:00,58.56666666666666,172.0,98.97500000000001,openaq_ground
2026-01-04 23:30:00,53.166666666666664,193.66666666666666,102.575,openaq_ground
2026-01-05 00:30:00,48.43333333333333,144.0,84.225,openaq_ground
2026-01-05 01:30:00,50.23333333333333,136.0,75.5,openaq_ground
2026-01-05 02:30:00,53.699999999999996,153.0,78.975,openaq_ground
2026-01-05 03:30:00,57.26666666666667,193.66666666666666,88.825,openaq_ground
2026-01-05 04:30:00,60.43333333333334,181.0,93.875,openaq_ground
2026-01-05 05:30:00,59.53333333333333,198.33333333333334,99.2,openaq_ground
2026-01-05 06:30:00,58.800000000000004,200.66666666666666,96.575,openaq_ground
2026-01-05 07:30:00,60.93333333333334,206.0,107.7,openaq_ground
2026-01-05 08:30:00,64.26666666666667,197.0,103.175,openaq_ground
2026-01-05 09:30:00,64.33333333333333,215.33333333333334,103.75,openaq_ground
2026-01-05 10:30:00,67.13333333333334,225.0,105.225,openaq_ground
2026-01-05 11:30:00,86.66666666666667,208.66666666666666,107.0,openaq_ground
2026-01-05 12:30:00,88.06666666666666,201.66666666666666,107.45,openaq_ground
2026-01-05 13:30:00,83.73333333333333,235.66666666666666,131.2,openaq_ground
2026-01-05 14:30:00,81.83333333333333,259.6666666666667,145.75,openaq_ground
2026-01-05 15:30:00,68.43333333333334,258.0,147.9,openaq_ground
2026-01-05 16:30:00,63.26666666666667,251.66666666666666,161.75,openaq_ground
2026-01-05 17:30:00,67.56666666666666,273.0,177.75,openaq_ground
2026-01-05 18:30:00,58.86666666666667,229.66666666666666,146.0,openaq_ground
2026-01-05 19:30:00,61.0,207.66666666666666,127.375,openaq_ground
2026-01-05 20:30:00,71.7,182.33333333333334,119.55,openaq_ground
2026-01-05 21:30:00,67.43333333333334,197.0,118.475,openaq_ground
2026-01-05 22:30:00,66.43333333333334,186.33333333333334,112.5,openaq_ground
2026-01-05 23:30:00,66.39999999999999,188.33333333333334,117.0,openaq_ground
2026-01-06 00:30:00,58.5,178.0,121.525,openaq_ground
2026-01-06 01:30:00,56.96666666666667,196.33333333333334,133.5,openaq_ground
2026-01-06 02:30:00,66.7,227.0,128.675,openaq_ground
2026-01-06 03:30:00,72.16666666666667,246.66666666666666,141.6,openaq_ground
2026-01-06 04:30:00,74.06666666666666,242.66666666666666,151.25,openaq_ground
2026-01-06 05:30:00,77.76666666666667,274.0,171.5,openaq_ground
2026-01-06 06:30:00,74.83333333333333,276.6666666666667,167.0,openaq_ground
2026-01-06 07:30:00,77.43333333333334,275.0,171.5,openaq_ground
2026-01-06 08:30:00,78.83333333333333,275.0,189.25,openaq_ground
2026-01-06 09:30:00,73.06666666666666,281.3333333333333,184.25,openaq_ground
2026-01-06 10:30:00,72.16666666666667,276.0,174.25,openaq_ground
2026-01-06 11:30:00,76.93333333333334,248.66666666666666,149.75,openaq_ground
2026-01-06 12:30:00,74.3,221.33333333333334,139.75,openaq_ground
2026-01-06 13:30:00,70.0,237.0,146.5,openaq_ground
2026-01-06 14:30:00,71.13333333333334,248.33333333333334,148.25,openaq_ground
2026-01-06 15:30:00,67.76666666666667,246.0,144.5,openaq_ground
2026-01-06 16:30:00,65.56666666666666,216.0,130.475,openaq_ground
2026-01-06 17:30:00,63.0,209.66666666666666,123.825,openaq_ground
2026-01-06 18:30:00,54.0,213.66666666666666,120.725,openaq_ground
2026-01-06 19:30:00,51.300000000000004,198.66666666666666,113.925,openaq_ground
2026-01-06 20:30:00,51.36666666666667,177.66666666666666,104.3,openaq_ground
2026-01-06 21:30:00,48.03333333333333,170.66666666666666,99.35,openaq_ground
2026-01-06 22:30:00,46.300000000000004,157.0,92.5,openaq_ground
2026-01-06 23:30:00,44.36666666666667,159.33333333333334,97.275,openaq_ground
2026-01-07 00:30:00,45.699999999999996,164.66666666666666,98.275,openaq_ground
2026-01-07 01:30:00,48.73333333333333,170.33333333333334,95.125,openaq_ground
2026-01-07 02:30:00,48.53333333333333,148.33333333333334,87.65,openaq_ground
2026-01-07 03:30:00,50.666666666666664,156.66666666666666,92.75,openaq_ground
2026-01-07 04:30:00,56.13333333333333,183.66666666666666,104.125,openaq_ground
2026-01-07 05:30:00,62.6,208.66666666666666,117.2,openaq_ground
2026-01-07 06:30:00,62.26666666666667,219.0,125.425,openaq_ground
2026-01-07 07:30:00,63.1,234.66666666666666,132.75,openaq_ground
2026-01-07 08:30:00,66.43333333333334,253.0,135.25,openaq_ground
2026-01-07 09:30:00,69.13333333333334,263.6666666666667,136.5,openaq_ground
2026-01-07 10:30:00,71.39999999999999,246.0,129.7,openaq_ground
2026-01-07 11:30:00,79.83333333333333,245.33333333333334,125.2,openaq_ground
2026-01-07 12:30:00,82.66666666666667,234.33333333333334,122.075,openaq_ground
2026-01-07 13:30:00,75.2,239.0,135.5,openaq_ground
2026-01-07 14:30:00,64.36666666666666,253.33333333333334,158.25,openaq_ground
2026-01-07 15:30:00,63.96666666666667,276.3333333333333,176.25,openaq_ground
2026-01-07 16:30:00,65.10000000000001,285.3333333333333,176.75,openaq_ground
2026-01-07 17:30:00,70.93333333333334,280.3333333333333,163.5,openaq_ground
2026-01-07 18:30:00,65.46666666666667,204.66666666666666,112.5,openaq_ground
2026-01-07 19:30:00,54.36666666666667,158.66666666666666,88.05,openaq_ground
2026-01-07 20:30:00,53.53333333333333,143.33333333333334,72.325,openaq_ground
2026-01-07 21:30:00,50.800000000000004,144.66666666666666,74.575,openaq_ground
2026-01-07 22:30:00,51.0,135.0,81.05,openaq_ground
2026-01-07 23:30:00,49.1,139.33333333333334,80.125,openaq_ground
2026-01-08 00:30:00,52.300000000000004,137.0,80.4,openaq_ground
2026-01-08 01:30:00,55.699999999999996,137.33333333333334,78.05,openaq_ground
2026-01-08 02:30:00,58.6,139.66666666666666,88.525,openaq_ground
2026-01-08 03:30:00,62.76666666666667,168.0,101.65,openaq_ground
2026-01-08 04:30:00,71.06666666666666,206.66666666666666,121.75,openaq_ground
2026-01-08 05:30:00,80.39999999999999,244.66666666666666,146.0,openaq_ground
2026-01-08 06:30:00,83.8,256.3333333333333,150.0,openaq_ground
2026-01-08 07:30:00,83.39999999999999,270.0,151.25,openaq_ground
2026-01-08 08:30:00,90.03333333333335,275.6666666666667,150.75,openaq_ground
2026-01-08 09:30:00,97.5,318.0,154.0,openaq_ground
2026-01-08 10:30:00,102.60000000000001,337.0,167.25,openaq_ground
2026-01-08 11:30:00,102.83333333333333,321.3333333333333,158.5,openaq_ground
2026-01-08 12:30:00,107.33333333333333,321.3333333333333,152.75,openaq_ground
2026-01-08 13:30:00,98.0,333.6666666666667,180.75,openaq_ground
2026-01-08 14:30:00,88.2,320.0,189.0,openaq_ground
2026-01-08 15:30:00,74.83333333333333,316.6666666666667,190.25,openaq_ground
2026-01-08 16:30:00,76.03333333333333,293.0,195.25,openaq_ground
2026-01-08 17:30:00,74.03333333333333,264.0,178.5,openaq_ground
2026-01-08 18:30:00,53.5,238.0,155.25,openaq_ground
2026-01-08 19:30:00,46.56666666666666,250.66666666666666,163.5,openaq_ground
2026-01-08 20:30:00,48.13333333333333,312.0,196.75,openaq_ground
2026-01-08 21:30:00,64.16666666666667,355.6666666666667,211.75,openaq_ground
2026-01-08 22:30:00,64.53333333333333,361.0,211.25,openaq_ground
2026-01-08 23:30:00,60.699999999999996,268.3333333333333,156.825,openaq_ground
2026-01-09 00:30:00,58.1,196.66666666666666,113.375,openaq_ground
2026-01-09 01:30:00,56.5,187.33333333333334,109.425,openaq_ground
2026-01-09 02:30:00,65.60000000000001,208.33333333333334,124.0,openaq_ground
2026-01-09 03:30:00,73.39999999999999,251.0,137.75,openaq_ground
2026-01-09 04:30:00,103.3,300.6666666666667,165.5,openaq_ground
2026-01-09 05:30:00,129.9,352.3333333333333,198.66666666666666,openaq_ground
2026-01-09 06:30:00,137.79999999999998,375.3333333333333,224.5,openaq_ground
2026-01-09 07:30:00,126.26666666666667,364.3333333333333,214.5,openaq_ground
2026-01-09 08:30:00,111.76666666666667,413.3333333333333,247.25,openaq_ground
2026-01-09 09:30:00,108.89999999999999,494.0,284.75,openaq_ground
2026-01-09 10:30:00,110.8,438.6666666666667,272.25,openaq_ground
2026-01-09 11:30:00,106.63333333333333,326.0,203.0,openaq_ground
2026-01-09 12:30:00,97.63333333333333,281.0,166.5,openaq_ground
2026-01-09 13:30:00,83.53333333333333,310.3333333333333,178.5,openaq_ground
2026-01-09 14:30:00,80.7,315.3333333333333,199.0,openaq_ground
2026-01-09 15:30:00,79.16666666666667,345.0,229.25,openaq_ground
2026-01-09 16:30:00,67.8,369.6666666666667,229.5,openaq_ground
2026-01-09 17:30:00,65.03333333333333,363.6666666666667,228.0,openaq_ground
2026-01-09 18:30:00,54.25,289.0,201.75,openaq_ground
2026-01-09 19:30:00,48.666666666666664,289.0,191.75,openaq_ground
2026-01-09 20:30:00,58.03333333333333,294.6666666666667,178.25,openaq_ground
2026-01-09 21:30:00,57.166666666666664,294.3333333333333,171.5,openaq_ground
2026-01-09 22:30:00,52.199999999999996,252.0,155.5,openaq_ground
2026-01-09 23:30:00,46.300000000000004,221.0,149.75,openaq_ground
2026-01-10 00:30:00,45.06666666666666,228.66666666666666,150.75,openaq_ground
2026-01-10 01:30:00,46.86666666666667,250.66666666666666,158.0,openaq_ground
2026-01-10 02:30:00,69.23333333333333,274.6666666666667,162.5,openaq_ground
2026-01-10 03:30:00,97.7,286.0,171.5,openaq_ground
2026-01-10 04:30:00,105.53333333333335,309.0,186.25,openaq_ground
2026-01-10 05:30:00,99.43333333333334,304.0,187.75,openaq_ground
2026-01-10 06:30:00,98.2,223.66666666666666,122.25,openaq_ground
2026-01-10 07:30:00,82.5,184.66666666666666,84.725,openaq_ground
2026-01-10 08:30:00,70.10000000000001,210.66666666666666,100.75,openaq_ground
2026-01-10 09:30:00,60.5,181.66666666666666,73.85,openaq_ground
2026-01-10 10:30:00,61.0,152.66666666666666,70.225,openaq_ground
2026-01-10 11:30:00,68.60000000000001,139.33333333333334,58.175,openaq_ground
2026-01-10 12:30:00,,,94.0,openaq_ground
2026-01-10 13:30:00,,,136.0,openaq_ground
2026-01-10 14:30:00,,,195.0,openaq_ground
2026-01-10 15:30:00,,,227.0,openaq_ground
2026-01-10 16:30:00,,,212.0,openaq_ground
2026-01-10 17:30:00,,,195.0,openaq_ground
2026-01-10 18:30:00,,,177.0,openaq_ground
2026-01-10 19:30:00,,,160.0,openaq_ground
2026-01-10 20:30:00,,,171.0,openaq_ground
2026-01-10 21:30:00,,,178.0,openaq_ground
2026-01-10 22:30:00,,,174.0,openaq_ground
2026-01-10 23:30:00,,,187.0,openaq_ground
2026-01-11 00:30:00,,,162.0,openaq_ground
2026-01-11 01:30:00,,,143.0,openaq_ground
2026-01-11 02:30:00,,,153.0,openaq_ground
2026-01-11 03:30:00,,,165.0,openaq_ground
2026-01-11 04:30:00,,,169.0,openaq_ground
2026-01-11 05:30:00,,,208.0,openaq_ground
2026-01-11 06:30:00,,,150.0,openaq_ground
2026-01-11 07:30:00,,,111.0,openaq_ground
2026-01-11 08:30:00,,,81.0,openaq_ground
2026-01-11 09:30:00,,,71.0,openaq_ground
2026-01-11 10:30:00,,,78.0,openaq_ground
2026-01-11 11:30:00,,,83.0,openaq_ground
2026-01-11 12:30:00,,,126.0,openaq_ground
2026-01-11 13:30:00,,,183.0,openaq_ground
2026-01-11 14:30:00,,,197.0,openaq_ground
2026-01-11 15:30:00,,,230.0,openaq_ground
2026-01-11 16:30:00,,,221.0,openaq_ground
2026-01-11 17:30:00,,,203.0,openaq_ground
2026-01-11 18:30:00,,,188.0,openaq_ground
2026-01-11 19:30:00,,,190.0,openaq_ground
2026-01-11 20:30:00,,,185.0,openaq_ground
2026-01-11 21:30:00,,,183.0,openaq_ground
2026-01-11 22:30:00,,,180.0,openaq_ground
2026-01-11 23:30:00,,,177.0,openaq_ground
2026-01-12 00:30:00,,,181.0,openaq_ground
2026-01-12 01:30:00,,,190.0,openaq_ground
2026-01-12 02:30:00,,,187.0,openaq_ground
2026-01-12 03:30:00,,,210.0,openaq_ground
2026-01-12 04:30:00,,,185.0,openaq_ground
2026-01-12 05:30:00,,,132.0,openaq_ground
2026-01-12 06:30:00,,,117.0,openaq_ground
2026-01-12 07:30:00,,,92.0,openaq_ground
2026-01-12 08:30:00,,,78.0,openaq_ground
2026-01-12 09:30:00,,,51.0,openaq_ground
2026-01-12 10:30:00,,,53.0,openaq_ground
2026-01-12 11:30:00,,,69.0,openaq_ground
2026-01-12 12:30:00,,,99.0,openaq_ground
2026-01-12 13:30:00,,,182.0,openaq_ground
2026-01-12 14:30:00,,,197.0,openaq_ground
2026-01-12 15:30:00,,,260.0,openaq_ground
2026-01-12 16:30:00,,,280.0,openaq_ground
2026-01-12 17:30:00,,,331.0,openaq_ground
2026-01-12 18:30:00,,,324.0,openaq_ground
2026-01-12 19:30:00,,,319.0,openaq_ground
2026-01-12 20:30:00,,,363.0,openaq_ground
2026-01-12 21:30:00,,,333.0,openaq_ground
2026-01-12 22:30:00,,,346.0,openaq_ground
2026-01-12 23:30:00,,,314.0,openaq_ground
2026-01-13 00:30:00,,,319.0,openaq_ground
2026-01-13 01:30:00,,,365.0,openaq_ground
2026-01-13 02:30:00,,,360.0,openaq_ground
2026-01-13 03:30:00,,,408.0,openaq_ground
2026-01-13 04:30:00,,,302.0,openaq_ground
2026-01-13 05:30:00,,,193.0,openaq_ground
2026-01-13 06:30:00,,,123.0,openaq_ground
2026-01-13 07:30:00,,,110.0,openaq_ground
2026-01-13 08:30:00,,,111.0,openaq_ground
2026-01-13 09:30:00,,,89.0,openaq_ground
2026-01-13 10:30:00,,,98.0,openaq_ground
2026-01-13 11:30:00,,,98.0,openaq_ground
2026-01-13 12:30:00,,,122.0,openaq_ground
2026-01-13 13:30:00,,,195.0,openaq_ground
2026-01-13 14:30:00,,,261.0,openaq_ground
2026-01-13 15:30:00,,,347.0,openaq_ground
2026-01-13 16:30:00,,,362.0,openaq_ground
2026-01-13 17:30:00,,,388.0,openaq_ground
2026-01-13 18:30:00,,,362.0,openaq_ground
2026-01-13 19:30:00,,,346.0,openaq_ground
2026-01-13 20:30:00,,,304.0,openaq_ground
2026-01-13 21:30:00,,,273.0,openaq_ground
2026-01-13 22:30:00,,,272.0,openaq_ground
2026-01-13 23:30:00,,,253.0,openaq_ground
2026-01-14 00:30:00,,,251.0,openaq_ground
2026-01-14 01:30:00,,,264.0,openaq_ground
2026-01-14 02:30:00,,,306.0,openaq_ground
2026-01-14 03:30:00,,,303.0,openaq_ground
2026-01-14 04:30:00,,,280.0,openaq_ground
2026-01-14 05:30:00,,,217.0,openaq_ground
2026-01-14 06:30:00,,,161.0,openaq_ground
2026-01-14 07:30:00,,,148.0,openaq_ground
2026-01-14 08:30:00,,,152.0,openaq_ground
2026-01-14 09:30:00,,,141.0,openaq_ground
2026-01-14 10:30:00,,,112.0,openaq_ground
2026-01-14 11:30:00,,,124.0,openaq_ground
2026-01-14 12:30:00,,,147.0,openaq_ground
2026-01-14 13:30:00,,,205.0,openaq_ground
2026-01-14 14:30:00,,,268.0,openaq_ground
2026-01-14 15:30:00,,,256.0,openaq_ground
2026-01-14 16:30:00,,,281.0,openaq_ground
2026-01-14 17:30:00,,,265.0,openaq_ground
2026-01-14 18:30:00,,,268.0,openaq_ground
2026-01-14 19:30:00,,,271.0,openaq_ground
2026-01-14 20:30:00,,,290.0,openaq_ground
2026-01-14 21:30:00,,,277.0,openaq_ground
2026-01-14 22:30:00,,,258.0,openaq_ground
2026-01-14 23:30:00,,,238.0,openaq_ground
2026-01-15 00:30:00,,,190.0,openaq_ground
2026-01-15 01:30:00,,,192.0,openaq_ground
2026-01-15 02:30:00,,,187.0,openaq_ground
2026-01-15 03:30:00,,,195.0,openaq_ground
2026-01-15 04:30:00,,,196.0,openaq_ground
2026-01-15 05:30:00,,,194.0,openaq_ground
2026-01-15 06:30:00,,,205.0,openaq_ground
2026-01-15 07:30:00,,,205.0,openaq_ground
2026-01-15 08:30:00,,,162.0,openaq_ground
2026-01-15 09:30:00,,,125.0,openaq_ground
2026-01-15 10:30:00,,,150.0,openaq_ground
2026-01-15 11:30:00,,,171.0,openaq_ground
2026-01-15 12:30:00,,,180.0,openaq_ground
2026-01-15 13:30:00,,,235.0,openaq_ground
2026-01-15 14:30:00,,,260.0,openaq_ground
2026-01-15 15:30:00,,,231.0,openaq_ground
2026-01-15 16:30:00,,,258.0,openaq_ground
2026-01-15 17:30:00,,,275.0,openaq_ground
2026-01-15 18:30:00,,,285.0,openaq_ground
2026-01-15 19:30:00,,,288.0,openaq_ground
2026-01-15 20:30:00,,,339.0,openaq_ground
2026-01-15 21:30:00,,,270.0,openaq_ground
2026-01-15 22:30:00,,,255.0,openaq_ground
2026-01-15 23:30:00,,,238.0,openaq_ground
2026-01-16 00:30:00,,,264.0,openaq_ground
2026-01-16 01:30:00,,,256.0,openaq_ground
2026-01-16 02:30:00,,,264.0,openaq_ground
2026-01-16 03:30:00,,,251.0,openaq_ground
2026-01-16 04:30:00,,,205.0,openaq_ground
2026-01-16 05:30:00,,,171.0,openaq_ground
2026-01-16 06:30:00,,,136.0,openaq_ground
2026-01-16 07:30:00,,,125.0,openaq_ground
2026-01-16 08:30:00,,,125.0,openaq_ground
2026-01-16 10:30:00,,,105.0,openaq_ground
2026-01-16 11:30:00,,,89.0,openaq_ground
2026-01-16 12:30:00,,,203.0,openaq_ground
2026-01-16 13:30:00,,,205.0,openaq_ground
2026-01-16 14:30:00,,,188.0,openaq_ground
2026-01-16 15:30:00,,,268.0,openaq_ground
2026-01-16 16:30:00,,,273.0,openaq_ground
2026-01-16 17:30:00,,,264.0,openaq_ground
2026-01-16 18:30:00,,,280.0,openaq_ground
2026-01-16 19:30:00,,,336.0,openaq_ground
2026-01-16 20:30:00,,,383.0,openaq_ground
2026-01-16 21:30:00,,,397.0,openaq_ground
2026-01-16 22:30:00,,,402.0,openaq_ground
2026-01-16 23:30:00,,,403.0,openaq_ground
2026-01-17 00:30:00,,,401.0,openaq_ground
2026-01-17 01:30:00,,,401.0,openaq_ground
2026-01-17 02:30:00,,,323.0,openaq_ground
2026-01-17 03:30:00,,,296.0,openaq_ground
2026-01-17 04:30:00,,,359.0,openaq_ground
2026-01-17 05:30:00,,,314.0,openaq_ground
2026-01-17 06:30:00,,,303.0,openaq_ground
2026-01-17 07:30:00,,,250.0,openaq_ground
2026-01-17 08:30:00,,,245.0,openaq_ground
2026-01-17 09:30:00,,,294.0,openaq_ground
2026-01-17 10:30:00,,,389.0,openaq_ground
2026-01-17 11:30:00,,,465.0,openaq_ground
2026-01-17 12:30:00,,,515.0,openaq_ground
2026-01-17 13:30:00,,,484.0,openaq_ground
2026-01-17 14:30:00,,,435.0,openaq_ground
2026-01-17 15:30:00,,,411.0,openaq_ground
2026-01-17 16:30:00,,,373.0,openaq_ground
2026-01-17 17:30:00,,,364.0,openaq_ground
2026-01-17 18:30:00,,,358.0,openaq_ground
2026-01-17 19:30:00,,,341.0,openaq_ground
2026-01-17 20:30:00,,,345.0,openaq_ground
2026-01-17 21:30:00,,,332.0,openaq_ground
2026-01-17 22:30:00,,,337.0,openaq_ground
2026-01-17 23:30:00,,,362.0,openaq_ground
2026-01-18 00:30:00,,,417.0,openaq_ground
2026-01-18 01:30:00,,,408.0,openaq_ground
2026-01-18 02:30:00,,,446.0,openaq_ground
2026-01-18 03:30:00,,,459.0,openaq_ground
2026-01-18 04:30:00,,,467.0,openaq_ground
2026-01-18 05:30:00,,,312.0,openaq_ground
2026-01-18 06:30:00,,,207.0,openaq_ground
2026-01-18 07:30:00,,,157.0,openaq_ground
2026-01-18 08:30:00,,,142.0,openaq_ground
2026-01-18 09:30:00,,,157.0,openaq_ground
2026-01-18 10:30:00,,,159.0,openaq_ground
2026-01-18 11:30:00,,,157.0,openaq_ground
2026-01-18 12:30:00,,,171.0,openaq_ground
2026-01-18 13:30:00,,,198.0,openaq_ground
2026-01-18 14:30:00,,,242.0,openaq_ground
2026-01-18 15:30:00,,,263.0,openaq_ground
2026-01-18 16:30:00,,,266.0,openaq_ground
2026-01-18 17:30:00,,,288.0,openaq_ground
2026-01-18 18:30:00,,,312.0,openaq_ground
2026-01-18 19:30:00,,,331.0,openaq_ground
2026-01-18 20:30:00,,,349.0,openaq_ground
2026-01-18 21:30:00,,,370.0,openaq_ground
2026-01-18 22:30:00,,,379.0,openaq_ground
2026-01-18 23:30:00,,,362.0,openaq_ground
2026-01-19 00:30:00,,,364.0,openaq_ground
2026-01-19 01:30:00,,,339.0,openaq_ground
2026-01-19 02:30:00,,,325.0,openaq_ground
2026-01-19 03:30:00,,,396.0,openaq_ground
2026-01-19 04:30:00,,,309.0,openaq_ground
2026-01-19 05:30:00,,,246.0,openaq_ground
2026-01-19 06:30:00,,,139.0,openaq_ground
2026-01-19 07:30:00,,,131.0,openaq_ground
2026-01-19 08:30:00,,,120.0,openaq_ground
2026-01-19 09:30:00,,,111.0,openaq_ground
2026-01-19 10:30:00,,,174.0,openaq_ground
2026-01-19 11:30:00,,,174.0,openaq_ground
2026-01-19 12:30:00,,,210.0,openaq_ground
2026-01-19 13:30:00,,,243.0,openaq_ground
2026-01-19 14:30:00,,,289.0,openaq_ground
2026-01-19 15:30:00,,,280.0,openaq_ground
2026-01-19 16:30:00,,,293.0,openaq_ground
2026-01-19 17:30:00,,,318.0,openaq_ground
2026-01-19 18:30:00,,,337.0,openaq_ground
2026-01-19 19:30:00,,,385.0,openaq_ground
2026-01-19 20:30:00,,,368.0,openaq_ground
2026-01-19 21:30:00,,,306.0,openaq_ground
2026-01-19 22:30:00,,,279.0,openaq_ground
2026-01-19 23:30:00,,,266.0,openaq_ground
2026-01-20 00:30:00,,,284.0,openaq_ground
2026-01-20 01:30:00,,,273.0,openaq_ground
2026-01-20 02:30:00,,,271.0,openaq_ground
2026-01-20 03:30:00,,,266.0,openaq_ground
2026-01-20 04:30:00,,,246.0,openaq_ground
2026-01-20 05:30:00,,,158.0,openaq_ground
2026-01-20 06:30:00,,,125.0,openaq_ground
2026-01-20 07:30:00,,,98.0,openaq_ground
2026-01-20 08:30:00,,,96.0,openaq_ground
2026-01-20 09:30:00,,,74.0,openaq_ground
2026-01-20 10:30:00,,,84.0,openaq_ground
2026-01-20 11:30:00,,,96.0,openaq_ground
2026-01-20 12:30:00,,,116.0,openaq_ground
2026-01-20 13:30:00,,,151.0,openaq_ground
2026-01-20 14:30:00,89.89999999999999,247.66666666666666,132.75,openaq_ground
2026-01-20 15:30:00,85.76666666666667,288.0,170.25,openaq_ground
2026-01-20 16:30:00,68.33333333333333,327.3333333333333,215.25,openaq_ground
2026-01-20 17:30:00,64.76666666666667,348.3333333333333,223.0,openaq_ground
2026-01-20 18:30:00,49.56666666666666,317.6666666666667,225.25,openaq_ground
2026-01-20 19:30:00,45.93333333333334,312.0,223.25,openaq_ground
2026-01-20 20:30:00,42.233333333333334,266.6666666666667,203.0,openaq_ground
2026-01-20 21:30:00,42.333333333333336,238.33333333333334,192.25,openaq_ground
2026-01-20 22:30:00,44.26666666666666,225.66666666666666,187.5,openaq_ground
2026-01-20 23:30:00,35.6,245.33333333333334,187.75,openaq_ground
2026-01-21 00:30:00,35.666666666666664,266.6666666666667,193.5,openaq_ground
2026-01-21 01:30:00,31.5,247.33333333333334,174.0,openaq_ground
2026-01-21 02:30:00,46.43333333333334,254.33333333333334,184.5,openaq_ground
2026-01-21 03:30:00,80.13333333333333,332.3333333333333,202.25,openaq_ground
2026-01-21 04:30:00,86.26666666666667,340.3333333333333,202.5,openaq_ground
2026-01-21 05:30:00,56.833333333333336,286.0,149.0,openaq_ground
2026-01-21 06:30:00,47.06666666666666,209.0,100.125,openaq_ground
2026-01-21 07:30:00,43.63333333333333,194.33333333333334,104.075,openaq_ground
2026-01-21 08:30:00,39.766666666666666,178.33333333333334,90.875,openaq_ground
2026-01-21 09:30:00,39.666666666666664,133.23333333333332,63.55,openaq_ground
2026-01-21 10:30:00,42.199999999999996,136.66666666666666,69.26666666666667,openaq_ground
2026-01-21 11:30:00,62.333333333333336,150.0,71.65,openaq_ground
2026-01-21 12:30:00,86.0,158.33333333333334,84.225,openaq_ground
2026-01-21 13:30:00,90.60000000000001,171.33333333333334,80.30000000000001,openaq_ground
2026-01-21 14:30:00,82.86666666666666,218.0,104.45,openaq_ground
2026-01-21 15:30:00,74.7,216.52666666666667,138.75,openaq_ground
2026-01-21 16:30:00,67.46666666666665,221.88333333333333,159.25,openaq_ground
2026-01-21 17:30:00,59.23333333333334,216.0,161.75,openaq_ground
2026-01-21 18:30:00,60.6,179.33333333333334,159.25,openaq_ground
2026-01-21 19:30:00,57.5,202.9,172.5,openaq_ground
2026-01-21 20:30:00,35.56666666666667,228.4,176.25,openaq_ground
2026-01-21 21:30:00,42.333333333333336,237.0,188.5,openaq_ground
2026-01-21 22:30:00,25.433333333333334,220.03333333333333,196.75,openaq_ground
2026-01-21 23:30:00,27.866666666666664,245.46666666666667,201.25,openaq_ground
2026-01-22 00:30:00,34.833333333333336,244.1,195.0,openaq_ground
2026-01-22 01:30:00,28.0,232.86666666666667,195.25,openaq_ground
2026-01-22 02:30:00,50.06666666666666,225.1,192.75,openaq_ground
2026-01-22 03:30:00,98.73333333333333,243.34443333333334,212.5,openaq_ground
2026-01-22 04:30:00,120.46666666666665,265.2,193.25,openaq_ground
2026-01-22 05:30:00,82.93333333333334,261.6666666666667,134.25,openaq_ground
2026-01-22 06:30:00,51.96666666666667,214.33333333333334,89.45,openaq_ground
2026-01-22 07:30:00,50.13333333333333,207.33333333333334,95.075,openaq_ground
2026-01-22 08:30:00,47.96666666666667,227.0,108.5,openaq_ground
2026-01-22 09:30:00,49.13333333333333,246.0,96.2,openaq_ground
2026-01-22 10:30:00,40.8,223.0,114.5,openaq_ground
2026-01-22 11:30:00,60.96666666666667,216.0,87.65,openaq_ground
2026-01-22 12:30:00,89.96666666666665,206.0,99.575,openaq_ground
2026-01-22 13:30:00,96.43333333333334,259.0,116.075,openaq_ground
2026-01-22 14:30:00,98.26666666666667,298.6666666666667,135.075,openaq_ground
2026-01-22 15:30:00,83.06666666666666,311.3333333333333,155.25,openaq_ground
2026-01-22 16:30:00,58.03333333333334,219.9333333333333,143.75,openaq_ground
2026-01-22 17:30:00,50.5,168.33333333333334,113.05,openaq_ground
2026-01-22 18:30:00,44.56666666666666,145.33333333333334,95.3,openaq_ground
2026-01-22 19:30:00,41.53333333333333,140.66666666666666,99.625,openaq_ground
2026-01-22 20:30:00,39.4,144.33333333333334,100.875,openaq_ground
2026-01-22 21:30:00,38.666666666666664,132.33333333333334,85.975,openaq_ground
2026-01-22 22:30:00,36.63333333333333,116.33333333333333,72.175,openaq_ground
2026-01-22 23:30:00,38.166666666666664,119.33333333333333,80.75,openaq_ground
2026-01-23 00:30:00,36.9,123.66666666666667,96.65,openaq_ground
2026-01-23 01:30:00,36.333333333333336,152.66666666666666,93.725,openaq_ground
2026-01-23 02:30:00,44.4,152.33333333333334,89.125,openaq_ground
2026-01-23 03:30:00,61.0,115.66666666666667,103.875,openaq_ground
2026-01-23 04:30:00,69.53333333333333,126.66666666666667,122.575,openaq_ground
2026-01-23 05:30:00,77.5,144.9,113.23333333333333,openaq_ground
2026-01-23 06:30:00,67.16666666666667,226.66666666666666,108.23333333333335,openaq_ground
2026-01-23 07:30:00,64.86666666666667,233.66666666666666,116.16666666666667,openaq_ground
2026-01-23 08:30:00,52.79999999999999,190.0,125.5,openaq_ground
2026-01-23 09:30:00,47.53333333333333,143.46666666666667,115.25,openaq_ground
2026-01-23 10:30:00,61.199999999999996,189.66666666666666,108.075,openaq_ground
2026-01-23 11:30:00,65.26666666666667,194.66666666666666,125.25,openaq_ground
2026-01-23 12:30:00,66.3,196.66666666666666,131.725,openaq_ground
2026-01-23 13:30:00,68.83333333333333,180.66666666666666,122.825,openaq_ground
2026-01-23 14:30:00,66.0,171.33333333333334,112.7,openaq_ground
2026-01-23 15:30:00,62.199999999999996,175.0,115.575,openaq_ground
2026-01-23 16:30:00,55.6,186.66666666666666,125.725,openaq_ground
2026-01-23 17:30:00,52.56666666666666,183.33333333333334,125.1,openaq_ground
2026-01-23 18:30:00,40.766666666666666,181.0,119.3,openaq_ground
2026-01-23 19:30:00,38.03333333333333,184.66666666666666,132.025,openaq_ground
2026-01-23 20:30:00,42.73333333333333,209.33333333333334,137.275,openaq_ground
2026-01-23 21:30:00,36.76666666666667,168.33333333333334,91.95,openaq_ground
2026-01-23 22:30:00,35.13333333333333,137.33333333333334,35.0,openaq_ground
2026-01-23 23:30:00,34.03333333333333,184.0,35.46666666666667,openaq_ground
2026-01-24 00:30:00,36.03333333333333,210.0,34.36666666666667,openaq_ground
2026-01-24 01:30:00,37.4,202.33333333333334,41.53333333333333,openaq_ground
2026-01-24 02:30:00,40.26666666666667,193.33333333333334,35.4,openaq_ground
2026-01-24 03:30:00,41.0,218.33333333333334,31.2,openaq_ground
2026-01-24 04:30:00,35.3,233.0,34.025,openaq_ground
2026-01-24 05:30:00,33.43333333333333,222.33333333333334,38.35,openaq_ground
2026-01-24 06:30:00,40.03333333333333,210.0,50.025,openaq_ground
2026-01-24 07:30:00,37.699999999999996,203.33333333333334,47.0,openaq_ground
2026-01-24 08:30:00,39.833333333333336,185.0,38.825,openaq_ground
2026-01-24 09:30:00,39.166666666666664,161.0,39.725,openaq_ground
2026-01-24 10:30:00,42.300000000000004,120.33333333333333,29.566666666666666,openaq_ground
2026-01-24 11:30:00,46.833333333333336,134.66666666666666,34.333333333333336,openaq_ground
2026-01-24 12:30:00,53.56666666666666,155.66666666666666,36.75,openaq_ground
2026-01-24 13:30:00,56.76666666666667,161.33333333333334,47.65,openaq_ground
2026-01-24 14:30:00,52.86666666666667,148.66666666666666,40.0,openaq_ground
2026-01-24 15:30:00,51.43333333333334,148.33333333333334,39.95,openaq_ground
2026-01-24 16:30:00,45.666666666666664,153.66666666666666,43.0,openaq_ground
2026-01-24 17:30:00,42.666666666666664,150.0,38.875,openaq_ground
2026-01-24 18:30:00,45.76666666666667,128.33333333333334,30.45,openaq_ground
2026-01-24 19:30:00,43.333333333333336,134.66666666666666,35.9,openaq_ground
2026-01-24 20:30:00,41.23333333333333,137.0,38.125,openaq_ground
2026-01-24 21:30:00,41.300000000000004,136.0,44.375,openaq_ground
2026-01-24 22:30:00,42.699999999999996,127.0,38.5,openaq_ground
2026-01-24 23:30:00,41.86666666666667,138.66666666666666,46.75,openaq_ground
2026-01-25 00:30:00,46.46666666666667,145.33333333333334,51.525,openaq_ground
2026-01-25 01:30:00,46.93333333333334,152.0,55.275,openaq_ground
2026-01-25 02:30:00,42.73333333333333,153.0,55.275,openaq_ground
2026-01-25 03:30:00,41.9,178.66666666666666,62.025,openaq_ground
2026-01-25 04:30:00,42.1,186.66666666666666,63.95,openaq_ground
2026-01-25 05:30:00,39.96666666666666,184.33333333333334,58.125,openaq_ground
2026-01-25 06:30:00,38.266666666666666,167.0,56.475,openaq_ground
2026-01-25 07:30:00,36.4,166.33333333333334,53.0,openaq_ground
2026-01-25 08:30:00,35.699999999999996,153.0,54.125,openaq_ground
2026-01-25 09:30:00,34.699999999999996,123.0,39.35,openaq_ground
2026-01-25 10:30:00,36.5,110.0,43.23333333333333,openaq_ground
2026-01-25 11:30:00,43.26666666666667,112.66666666666667,40.925,openaq_ground
2026-01-25 12:30:00,59.666666666666664,127.0,44.724999999999994,openaq_ground
2026-01-25 13:30:00,69.8,147.0,63.85,openaq_ground
2026-01-25 14:30:00,67.2,172.66666666666666,95.0,openaq_ground
2026-01-25 15:30:00,64.0,228.0,118.35,openaq_ground
2026-01-25 16:30:00,57.79999999999999,267.6666666666667,139.375,openaq_ground
2026-01-25 17:30:00,53.0,271.6666666666667,143.15,openaq_ground
2026-01-25 18:30:00,43.03333333333333,251.66666666666666,132.45,openaq_ground
2026-01-25 19:30:00,45.63333333333333,231.66666666666666,120.075,openaq_ground
2026-01-25 20:30:00,39.233333333333334,190.66666666666666,100.675,openaq_ground
2026-01-25 21:30:00,46.76666666666666,172.0,88.075,openaq_ground
2026-01-25 22:30:00,56.0,153.33333333333334,76.25,openaq_ground
2026-01-25 23:30:00,47.1,143.0,65.55,openaq_ground
2026-01-26 00:30:00,45.43333333333334,123.0,59.975,openaq_ground
2026-01-26 01:30:00,40.266666666666666,128.33333333333334,63.975,openaq_ground
2026-01-26 02:30:00,47.833333333333336,132.33333333333334,65.9,openaq_ground
2026-01-26 03:30:00,52.6,161.0,77.35,openaq_ground
2026-01-26 04:30:00,51.833333333333336,177.33333333333334,80.975,openaq_ground
2026-01-26 05:30:00,49.599999999999994,187.33333333333334,79.4,openaq_ground
2026-01-26 06:30:00,45.36666666666667,150.33333333333334,61.425,openaq_ground
2026-01-26 07:30:00,40.166666666666664,127.66666666666667,58.2,openaq_ground
2026-01-26 08:30:00,42.06666666666667,130.66666666666666,56.925,openaq_ground
2026-01-26 09:30:00,48.199999999999996,154.66666666666666,66.575,openaq_ground
2026-01-26 10:30:00,53.53333333333333,159.0,63.8125,openaq_ground
2026-01-26 11:30:00,83.26666666666667,164.0,70.1,openaq_ground
2026-01-26 12:30:00,98.5,211.0,91.95,openaq_ground
2026-01-26 13:30:00,92.06666666666666,249.66666666666666,107.375,openaq_ground
2026-01-26 14:30:00,83.53333333333333,245.0,124.725,openaq_ground
2026-01-26 15:30:00,74.33333333333333,223.66666666666666,112.85,openaq_ground
2026-01-26 16:30:00,66.5,242.66666666666666,127.1,openaq_ground
2026-01-26 17:30:00,59.699999999999996,271.6666666666667,140.1,openaq_ground
2026-01-26 18:30:00,47.63333333333333,243.0,135.75,openaq_ground
2026-01-26 19:30:00,42.36666666666667,242.33333333333334,141.75,openaq_ground
2026-01-26 20:30:00,48.53333333333333,268.3333333333333,147.25,openaq_ground
2026-01-26 21:30:00,41.6,283.6666666666667,158.25,openaq_ground
2026-01-26 22:30:00,40.63333333333333,279.3333333333333,161.25,openaq_ground
2026-01-26 23:30:00,38.23333333333333,290.0,174.75,openaq_ground
2026-01-27 00:30:00,42.166666666666664,305.0,178.75,openaq_ground
2026-01-27 01:30:00,40.63333333333333,298.6666666666667,177.5,openaq_ground
2026-01-27 02:30:00,60.300000000000004,311.0,169.75,openaq_ground
2026-01-27 03:30:00,87.46666666666665,344.0,154.0,openaq_ground
2026-01-27 04:30:00,101.85,355.5,151.66666666666666,openaq_ground
2026-01-27 05:30:00,76.05000000000001,275.6666666666667,127.25,openaq_ground
2026-01-27 06:30:00,86.5,266.3333333333333,129.5,openaq_ground
2026-01-27 07:30:00,82.8,238.66666666666666,136.5,openaq_ground
2026-01-27 08:30:00,71.33333333333333,230.66666666666666,134.5,openaq_ground
2026-01-27 09:30:00,69.63333333333334,223.33333333333334,136.75,openaq_ground
2026-01-27 10:30:00,58.666666666666664,204.0,121.775,openaq_ground
2026-01-27 11:30:00,65.36666666666666,162.0,90.8,openaq_ground
2026-01-27 12:30:00,59.93333333333333,158.66666666666666,92.175,openaq_ground
2026-01-27 13:30:00,60.43333333333334,149.33333333333334,89.575,openaq_ground
2026-01-27 14:30:00,54.63333333333333,135.0,75.225,openaq_ground
2026-01-27 15:30:00,54.29999999999999,126.33333333333333,78.75,openaq_ground
2026-01-27 16:30:00,50.26666666666667,140.33333333333334,93.925,openaq_ground
2026-01-27 17:30:00,53.9,132.33333333333334,89.625,openaq_ground
2026-01-27 18:30:00,51.666666666666664,128.33333333333334,77.9,openaq_ground
2026-01-27 19:30:00,51.800000000000004,135.33333333333334,76.175,openaq_ground
2026-01-27 20:30:00,51.06666666666666,137.33333333333334,77.6,openaq_ground
2026-01-27 21:30:00,46.0,131.79999999999998,78.275,openaq_ground
2026-01-27 22:30:00,41.5,110.13333333333333,59.825,openaq_ground
2026-01-27 23:30:00,44.96666666666667,97.73333333333333,57.075,openaq_ground
2026-01-28 00:30:00,45.1,104.73333333333333,62.45,openaq_ground
2026-01-28 01:30:00,45.0,112.76666666666667,63.5,openaq_ground
2026-01-28 02:30:00,47.800000000000004,119.66666666666667,72.125,openaq_ground
2026-01-28 03:30:00,51.9,176.66666666666666,109.9,openaq_ground
2026-01-28 04:30:00,56.03333333333333,234.0,139.775,openaq_ground
2026-01-28 05:30:00,51.93333333333333,238.33333333333334,142.725,openaq_ground
2026-01-28 06:30:00,50.53333333333333,213.0,126.075,openaq_ground
2026-01-28 07:30:00,48.199999999999996,221.0,138.5,openaq_ground
2026-01-28 08:30:00,48.76666666666667,197.0,120.5,openaq_ground
2026-01-28 09:30:00,51.199999999999996,203.0,120.8,openaq_ground
2026-01-28 10:00:00,,,176.0,openaq_ground
2026-01-28 10:30:00,49.666666666666664,202.66666666666666,130.02,openaq_ground
2026-01-28 11:00:00,,,173.0,openaq_ground
2026-01-28 11:30:00,35.6,189.0,119.74000000000001,openaq_ground
2026-01-28 12:30:00,68.73333333333333,205.66666666666666,121.84,openaq_ground
2026-01-28 13:30:00,60.93333333333333,236.0,143.85999999999999,openaq_ground
2026-01-28 14:30:00,54.9,252.0,145.0,openaq_ground
2026-01-28 15:30:00,51.26666666666667,211.0,132.35999999999999,openaq_ground
2026-01-28 16:30:00,44.06666666666666,213.0,127.9,openaq_ground
2026-01-28 17:30:00,43.46666666666667,215.0,129.42000000000002,openaq_ground
2026-01-28 18:30:00,42.93333333333334,189.0,119.46,openaq_ground
2026-01-28 19:30:00,45.6,186.66666666666666,114.96,openaq_ground
2026-01-28 20:30:00,43.96666666666667,194.0,121.74000000000001,openaq_ground
2026-01-28 21:30:00,40.9,177.33333333333334,106.78,openaq_ground
2026-01-28 22:30:00,40.699999999999996,131.20000000000002,84.4,openaq_ground
2026-01-28 23:30:00,33.666666666666664,112.96666666666665,73.0,openaq_ground
2026-01-29 00:30:00,37.13333333333333,123.33333333333333,79.9,openaq_ground
2026-01-29 01:30:00,40.6,131.0,84.44,openaq_ground
2026-01-29 02:30:00,43.56666666666666,127.0,83.12,openaq_ground
2026-01-29 03:30:00,43.166666666666664,119.66666666666667,73.76,openaq_ground
2026-01-29 04:30:00,44.1,129.66666666666666,80.74,openaq_ground
2026-01-29 05:30:00,44.46666666666667,131.0,87.4,openaq_ground
2026-01-29 06:30:00,44.03333333333333,127.66666666666667,79.47999999999999,openaq_ground
2026-01-29 07:30:00,42.06666666666667,114.76666666666667,78.72,openaq_ground
2026-01-29 08:30:00,41.6,121.13333333333333,81.17999999999999,openaq_ground
2026-01-29 09:30:00,41.199999999999996,136.66666666666666,92.88,openaq_ground
2026-01-29 10:30:00,42.9,138.0,92.47999999999999,openaq_ground
2026-01-29 11:30:00,53.03333333333333,144.66666666666666,93.26,openaq_ground
2026-01-29 12:30:00,62.833333333333336,152.23333333333332,105.9,openaq_ground
2026-01-29 13:30:00,58.300000000000004,158.66666666666666,112.64000000000001,openaq_ground
2026-01-29 14:30:00,52.93333333333334,155.66666666666666,99.86,openaq_ground
2026-01-29 15:30:00,48.4,155.33333333333334,109.12,openaq_ground
2026-01-29 16:30:00,48.56666666666666,186.33333333333334,124.32000000000001,openaq_ground
2026-01-29 17:30:00,45.900000000000006,198.66666666666666,125.72,openaq_ground
2026-01-29 18:30:00,46.099999999999994,156.33333333333334,121.47999999999999,openaq_ground
2026-01-29 19:30:00,43.03333333333333,152.33333333333334,128.12,openaq_ground
2026-01-29 20:30:00,41.766666666666666,167.66666666666666,137.22,openaq_ground
2026-01-29 21:30:00,38.4,175.0,141.44,openaq_ground
2026-01-29 22:30:00,37.6,152.4,127.75999999999999,openaq_ground
2026-01-29 23:30:00,40.93333333333334,130.66666666666666,112.85999999999999,openaq_ground
2026-01-30 00:30:00,44.333333333333336,138.5,117.0,openaq_ground
2026-01-30 01:30:00,45.833333333333336,144.5,132.04000000000002,openaq_ground
2026-01-30 02:30:00,53.76666666666667,153.5,128.54000000000002,openaq_ground
2026-01-30 03:30:00,68.33333333333333,151.25,115.22,openaq_ground
2026-01-30 04:30:00,65.56666666666666,96.5,113.14000000000001,openaq_ground
2026-01-30 05:30:00,50.53333333333333,148.05,90.26,openaq_ground
2026-01-30 06:30:00,,,107.5,openaq_ground
2026-01-30 07:30:00,35.9,112.0,92.43333333333334,openaq_ground
2026-01-30 08:30:00,33.4,134.5,72.72,openaq_ground
2026-01-30 09:30:00,43.06666666666666,126.66666666666667,69.17999999999999,openaq_ground
2026-01-30 10:30:00,45.0,125.0,65.84,openaq_ground
2026-01-30 11:30:00,54.26666666666667,124.66666666666667,73.775,openaq_ground
2026-01-30 12:30:00,73.93333333333334,128.0,75.97999999999999,openaq_ground
2026-01-30 13:30:00,75.36666666666666,154.0,87.58000000000001,openaq_ground
2026-01-30 14:30:00,62.199999999999996,180.66666666666666,111.05999999999999,openaq_ground
2026-01-30 15:30:00,54.86666666666667,211.0,122.66,openaq_ground
2026-01-30 16:30:00,53.73333333333334,244.0,143.06,openaq_ground
2026-01-30 17:30:00,51.06666666666666,272.3333333333333,164.22,openaq_ground
2026-01-30 18:30:00,36.199999999999996,256.0,174.8,openaq_ground
2026-01-30 19:30:00,35.4,236.66666666666666,172.8,openaq_ground
2026-01-30 20:30:00,27.599999999999998,211.66666666666666,170.6,openaq_ground
2026-01-30 21:30:00,29.066666666666666,238.33333333333334,164.56,openaq_ground
2026-01-30 22:30:00,28.666666666666668,232.0,160.56,openaq_ground
2026-01-30 23:30:00,25.166666666666668,225.0,159.45999999999998,openaq_ground
2026-01-31 00:30:00,27.2,238.0,162.56,openaq_ground
2026-01-31 01:30:00,28.899999999999995,262.3333333333333,170.0,openaq_ground
2026-01-31 02:30:00,48.43333333333334,250.0,177.24,openaq_ground
2026-01-31 03:30:00,91.39999999999999,295.6666666666667,209.4,openaq_ground
2026-01-31 04:30:00,84.23333333333333,364.0,227.0,openaq_ground
2026-01-31 05:30:00,71.03333333333333,376.0,230.8,openaq_ground
2026-01-31 06:30:00,66.06666666666666,368.6666666666667,219.4,openaq_ground
2026-01-31 07:30:00,62.56666666666666,323.3333333333333,189.2,openaq_ground
2026-01-31 08:30:00,63.1,314.6666666666667,188.0,openaq_ground
2026-01-31 09:30:00,65.89999999999999,331.6666666666667,194.0,openaq_ground
2026-01-31 10:30:00,64.63333333333334,294.6666666666667,170.57999999999998,openaq_ground
2026-01-31 11:30:00,42.5,236.0,169.93333333333334,openaq_ground
2026-01-31 12:30:00,78.60000000000001,284.0,168.02,openaq_ground
2026-01-31 13:30:00,71.76666666666667,269.0,171.8,openaq_ground
2026-01-31 14:30:00,63.53333333333333,251.33333333333334,171.2,openaq_ground
2026-01-31 15:30:00,56.6,235.0,162.8,openaq_ground
2026-01-31 16:30:00,55.86666666666667,223.66666666666666,161.8,openaq_ground
2026-01-31 17:30:00,57.4,244.33333333333334,160.0,openaq_ground
2026-01-31 18:30:00,58.06666666666666,247.33333333333334,159.62,openaq_ground
2026-01-31 19:30:00,54.0,248.33333333333334,153.38,openaq_ground
2026-01-31 20:30:00,48.166666666666664,213.33333333333334,133.68,openaq_ground
2026-01-31 21:30:00,47.6,190.33333333333334,131.525,openaq_ground
2026-01-31 22:30:00,48.9,177.0,118.425,openaq_ground
2026-01-31 23:30:00,49.333333333333336,173.66666666666666,128.75,openaq_ground
2026-02-01 00:30:00,49.666666666666664,166.66666666666666,124.575,openaq_ground
2026-02-01 01:30:00,49.13333333333333,205.0,150.875,openaq_ground
2026-02-01 02:30:00,52.23333333333333,190.33333333333334,153.075,openaq_ground
2026-02-01 03:30:00,61.76666666666667,137.96666666666667,113.825,openaq_ground
2026-02-01 04:30:00,55.73333333333333,109.39999999999999,78.5,openaq_ground
2026-02-01 05:30:00,47.1,115.60000000000001,58.3,openaq_ground
2026-02-01 06:30:00,41.166666666666664,101.33333333333333,49.275,openaq_ground
2026-02-01 07:30:00,42.300000000000004,83.53333333333333,40.239999999999995,openaq_ground
2026-02-01 08:30:00,38.300000000000004,86.86666666666667,38.019999999999996,openaq_ground
2026-02-01 09:30:00,34.93333333333333,85.06666666666666,34.019999999999996,openaq_ground
2026-02-01 10:30:00,38.333333333333336,66.0,26.130000000000003,openaq_ground
2026-02-01 11:30:00,43.73333333333333,79.93333333333334,33.525,openaq_ground
2026-02-01 12:30:00,54.73333333333333,80.06666666666666,44.22,openaq_ground
2026-02-01 13:30:00,66.26666666666667,100.89999999999999,52.82000000000001,openaq_ground
2026-02-01 14:30:00,61.56666666666666,126.0,67.66,openaq_ground
2026-02-01 15:30:00,56.53333333333333,147.0,74.12,openaq_ground
2026-02-01 16:30:00,50.800000000000004,166.33333333333334,84.8,openaq_ground
2026-02-01 17:30:00,44.86666666666667,174.33333333333334,94.12,openaq_ground
2026-02-01 18:30:00,55.06666666666666,190.33333333333334,108.82000000000001,openaq_ground
2026-02-01 19:30:00,49.46666666666667,208.0,135.42000000000002,openaq_ground
2026-02-01 20:30:00,51.1,215.66666666666666,143.14000000000001,openaq_ground
2026-02-01 21:30:00,48.6,180.33333333333334,119.1,openaq_ground
2026-02-01 22:30:00,40.5,138.33333333333334,104.7,openaq_ground
2026-02-01 23:30:00,43.833333333333336,114.66666666666667,89.1,openaq_ground
2026-02-02 00:30:00,43.0,112.5,81.5,openaq_ground
2026-02-02 01:30:00,42.0,108.26666666666667,81.34,openaq_ground
2026-02-02 02:30:00,47.6,123.66666666666667,85.6,openaq_ground
2026-02-02 03:30:00,50.73333333333333,135.0,92.06,openaq_ground
2026-02-02 04:30:00,52.86666666666667,151.66666666666666,93.06,openaq_ground
2026-02-02 05:30:00,47.73333333333333,178.0,109.66,openaq_ground
2026-02-02 06:30:00,49.56666666666666,201.66666666666666,122.14000000000001,openaq_ground
2026-02-02 07:30:00,42.666666666666664,197.66666666666666,122.3,openaq_ground
2026-02-02 08:30:00,43.300000000000004,185.5,126.55999999999999,openaq_ground
2026-02-02 09:30:00,45.800000000000004,182.33333333333334,121.17999999999999,openaq_ground
2026-02-02 10:30:00,45.333333333333336,189.0,116.96,openaq_ground
2026-02-02 11:30:00,53.5,183.33333333333334,108.72,openaq_ground
2026-02-02 12:30:00,61.666666666666664,195.0,119.74000000000001,openaq_ground
2026-02-02 13:30:00,71.0,216.5,153.5,openaq_ground
2026-02-02 14:30:00,34.0,208.0,161.26666666666668,openaq_ground
2026-02-02 15:30:00,51.1,220.0,137.06,openaq_ground
2026-02-02 16:30:00,47.199999999999996,227.33333333333334,150.12,openaq_ground
2026-02-02 17:30:00,45.06666666666666,248.0,159.16,openaq_ground
2026-02-02 18:30:00,43.13333333333333,234.0,162.4,openaq_ground
2026-02-02 19:30:00,43.56666666666666,212.33333333333334,142.8,openaq_ground
2026-02-02 20:30:00,47.1,179.66666666666666,128.82,openaq_ground
2026-02-02 21:30:00,50.1,134.0,111.92,openaq_ground
2026-02-02 22:30:00,46.53333333333333,149.0,126.32000000000001,openaq_ground
2026-02-02 23:30:00,46.46666666666667,142.29999999999998,110.96,openaq_ground
2026-02-03 00:30:00,46.699999999999996,141.66666666666666,112.24000000000001,openaq_ground
2026-02-03 01:30:00,51.43333333333334,137.66666666666666,102.1,openaq_ground
2026-02-03 02:30:00,54.0,124.86666666666667,99.36,openaq_ground
2026-02-03 03:30:00,59.4,143.0,101.94,openaq_ground
2026-02-03 04:30:00,66.23333333333333,193.0,125.66,openaq_ground
2026-02-03 05:30:00,71.26666666666667,230.66666666666666,152.0,openaq_ground
2026-02-03 06:30:00,66.39999999999999,264.6666666666667,167.8,openaq_ground
2026-02-03 07:30:00,48.5,251.66666666666666,134.06,openaq_ground
2026-02-03 08:30:00,58.03333333333334,210.33333333333334,132.22,openaq_ground
2026-02-03 09:30:00,,,129.5,openaq_ground
2026-02-03 10:30:00,,,114.5,openaq_ground
2026-02-03 11:30:00,,,94.0,openaq_ground
2026-02-03 12:30:00,,,115.5,openaq_ground
2026-02-03 13:30:00,,,153.0,openaq_ground
2026-02-03 14:30:00,,,200.5,openaq_ground
2026-02-03 15:30:00,,,263.5,openaq_ground
2026-02-03 16:30:00,,,279.5,openaq_ground
2026-02-03 17:30:00,,,279.0,openaq_ground
2026-02-03 18:30:00,,,290.5,openaq_ground
2026-02-03 19:30:00,,,297.5,openaq_ground
2026-02-03 20:30:00,,,317.0,openaq_ground
2026-02-03 21:30:00,,,311.0,openaq_ground
2026-02-03 22:30:00,,,336.5,openaq_ground
2026-02-03 23:30:00,,,338.0,openaq_ground
2026-02-04 00:30:00,,,336.0,openaq_ground
2026-02-04 01:30:00,41.06666666666666,363.5,267.6,openaq_ground
2026-02-04 02:30:00,47.53333333333333,422.5,269.8,openaq_ground
2026-02-04 03:30:00,83.93333333333334,368.0,225.2,openaq_ground
2026-02-04 04:30:00,65.8,321.0,186.0,openaq_ground
2026-02-04 05:30:00,55.300000000000004,266.0,161.16,openaq_ground
2026-02-04 06:30:00,45.13333333333333,235.0,122.2,openaq_ground
2026-02-04 07:30:00,42.199999999999996,214.0,119.8,openaq_ground
2026-02-04 08:30:00,38.833333333333336,170.66666666666666,92.08,openaq_ground
2026-02-04 09:30:00,38.86666666666667,150.66666666666666,75.42,openaq_ground
2026-02-04 10:30:00,41.833333333333336,132.0,68.12,openaq_ground
2026-02-04 11:30:00,50.23333333333333,113.33333333333333,52.239999999999995,openaq_ground
2026-02-04 12:30:00,72.60000000000001,121.66666666666667,60.44,openaq_ground
2026-02-04 13:30:00,80.96666666666667,160.0,76.16,openaq_ground
2026-02-04 14:30:00,,,143.0,openaq_ground
2026-02-04 15:30:00,83.39999999999999,229.0,125.2,openaq_ground
2026-02-04 16:30:00,,,175.0,openaq_ground
2026-02-04 17:30:00,,,171.5,openaq_ground
2026-02-04 18:30:00,48.75,207.5,128.575,openaq_ground
2026-02-04 19:30:00,62.900000000000006,201.0,119.9,openaq_ground
2026-02-04 20:30:00,63.56666666666666,188.66666666666666,121.38,openaq_ground
2026-02-04 21:30:00,58.1,200.66666666666666,137.72,openaq_ground
2026-02-04 22:30:00,54.1,199.33333333333334,141.66,openaq_ground
2026-02-04 23:30:00,54.13333333333333,192.66666666666666,128.6,openaq_ground
2026-02-05 00:30:00,54.833333333333336,188.0,130.95999999999998,openaq_ground
2026-02-05 01:30:00,56.199999999999996,203.0,133.72,openaq_ground
2026-02-05 02:30:00,63.36666666666667,215.33333333333334,135.04000000000002,openaq_ground
2026-02-05 03:30:00,57.166666666666664,197.33333333333334,124.4,openaq_ground
2026-02-05 04:30:00,51.833333333333336,200.66666666666666,108.7,openaq_ground
2026-02-05 05:30:00,46.06666666666666,204.0,93.0,openaq_ground
2026-02-05 06:30:00,39.63333333333333,186.33333333333334,79.47999999999999,openaq_ground
2026-02-05 07:30:00,39.93333333333334,140.33333333333334,60.0,openaq_ground
2026-02-05 08:30:00,38.4,135.33333333333334,54.7,openaq_ground
2026-02-05 09:30:00,37.1,127.0,46.68,openaq_ground
2026-02-05 10:30:00,37.86666666666667,108.66666666666667,40.28,openaq_ground
2026-02-05 11:30:00,48.13333333333333,93.03333333333335,47.575,openaq_ground
2026-02-05 12:30:00,66.89999999999999,106.93333333333334,55.02,openaq_ground
2026-02-05 13:30:00,86.2,149.66666666666666,73.28,openaq_ground
2026-02-05 14:30:00,86.73333333333333,201.33333333333334,97.9,openaq_ground
2026-02-05 15:30:00,85.23333333333333,230.33333333333334,126.32000000000001,openaq_ground
2026-02-05 16:30:00,84.36666666666666,260.6666666666667,149.45999999999998,openaq_ground
2026-02-05 17:30:00,82.39999999999999,298.6666666666667,158.8,openaq_ground
2026-02-05 18:30:00,70.60000000000001,271.6666666666667,146.74,openaq_ground
2026-02-05 19:30:00,69.26666666666667,231.0,131.76,openaq_ground
2026-02-05 20:30:00,64.73333333333333,194.66666666666666,121.42,openaq_ground
2026-02-05 21:30:00,62.73333333333333,182.66666666666666,123.1,openaq_ground
2026-02-05 22:30:00,60.03333333333333,184.0,123.58,openaq_ground
2026-02-05 23:30:00,58.96666666666667,166.66666666666666,112.38,openaq_ground
2026-02-06 00:30:00,58.96666666666666,147.0,96.7,openaq_ground
2026-02-06 01:30:00,61.6,151.33333333333334,95.76,openaq_ground
2026-02-06 02:30:00,63.96666666666667,164.33333333333334,92.1,openaq_ground
2026-02-06 03:30:00,63.13333333333333,176.66666666666666,92.76,openaq_ground
2026-02-06 04:30:00,55.06666666666666,206.66666666666666,90.58,openaq_ground
2026-02-06 05:30:00,47.800000000000004,204.66666666666666,77.82000000000001,openaq_ground
2026-02-06 06:30:00,42.56666666666666,186.0,63.9,openaq_ground
2026-02-06 07:30:00,44.26666666666667,151.0,52.620000000000005,openaq_ground
2026-02-06 08:30:00,41.73333333333333,134.66666666666666,51.725,openaq_ground
2026-02-06 09:30:00,39.46666666666667,127.0,54.36,openaq_ground
2026-02-06 10:30:00,41.266666666666666,128.0,54.82000000000001,openaq_ground
2026-02-06 11:30:00,51.36666666666667,110.66666666666667,52.225,openaq_ground
2026-02-06 12:30:00,68.96666666666667,120.0,57.06,openaq_ground
2026-02-06 13:30:00,78.73333333333333,157.33333333333334,75.74,openaq_ground
2026-02-06 14:30:00,89.43333333333334,200.0,104.46000000000001,openaq_ground
2026-02-06 15:30:00,89.8,232.33333333333334,122.1,openaq_ground
2026-02-06 16:30:00,91.36666666666667,266.3333333333333,142.84,openaq_ground
2026-02-06 17:30:00,85.56666666666666,294.3333333333333,161.0,openaq_ground
2026-02-06 18:30:00,80.43333333333334,268.3333333333333,152.0,openaq_ground
2026-02-06 19:30:00,75.93333333333334,226.33333333333334,126.74000000000001,openaq_ground
2026-02-06 20:30:00,72.83333333333333,195.66666666666666,112.85999999999999,openaq_ground
2026-02-06 21:30:00,67.7,182.66666666666666,119.62,openaq_ground
2026-02-06 22:30:00,55.800000000000004,156.33333333333334,106.14000000000001,openaq_ground
2026-02-06 23:30:00,53.43333333333333,143.33333333333334,89.67999999999999,openaq_ground
2026-02-07 00:30:00,57.0,136.0,83.84,openaq_ground
2026-02-07 01:30:00,57.63333333333333,152.0,94.03999999999999,openaq_ground
2026-02-07 02:30:00,61.73333333333333,167.66666666666666,92.56,openaq_ground
2026-02-07 03:30:00,56.63333333333333,189.0,90.74,openaq_ground
2026-02-07 04:30:00,49.06666666666666,180.66666666666666,78.62,openaq_ground
2026-02-07 05:30:00,46.4,199.0,88.53999999999999,openaq_ground
2026-02-07 06:30:00,40.53333333333333,202.0,85.6,openaq_ground
2026-02-07 07:30:00,39.1,167.33333333333334,66.52000000000001,openaq_ground
2026-02-07 08:30:00,37.699999999999996,154.66666666666666,63.35,openaq_ground
2026-02-07 09:30:00,39.13333333333333,149.33333333333334,60.8,openaq_ground
2026-02-07 10:30:00,42.43333333333334,157.33333333333334,63.620000000000005,openaq_ground
2026-02-07 11:30:00,51.46666666666667,147.33333333333334,57.98,openaq_ground
2026-02-07 12:30:00,73.96666666666665,150.33333333333334,62.279999999999994,openaq_ground
2026-02-07 13:30:00,71.93333333333334,173.66666666666666,77.8,openaq_ground
2026-02-07 14:30:00,81.5,204.66666666666666,110.35999999999999,openaq_ground
2026-02-07 15:30:00,73.86666666666666,207.0,107.54,openaq_ground
2026-02-07 16:30:00,62.76666666666666,185.0,93.16,openaq_ground
2026-02-07 17:30:00,58.333333333333336,172.66666666666666,79.22,openaq_ground
2026-02-07 18:30:00,61.8,154.5,82.5,openaq_ground
2026-02-07 19:30:00,,,83.95,openaq_ground
2026-02-07 20:30:00,,,87.35,openaq_ground
2026-02-07 21:30:00,,,94.7,openaq_ground
2026-02-07 22:30:00,,,119.5,openaq_ground
2026-02-07 23:30:00,,,127.5,openaq_ground
2026-02-08 00:30:00,,,133.0,openaq_ground
2026-02-08 01:30:00,,,130.0,openaq_ground
2026-02-08 02:30:00,,,133.0,openaq_ground
2026-02-08 03:30:00,,,124.5,openaq_ground
2026-02-08 04:30:00,,,88.5,openaq_ground
2026-02-08 05:30:00,,,74.95,openaq_ground
2026-02-08 06:30:00,,,66.55,openaq_ground
2026-02-08 07:30:00,,,51.95,openaq_ground
2026-02-08 08:30:00,,,52.15,openaq_ground
2026-02-08 09:30:00,,,53.4,openaq_ground
2026-02-08 10:30:00,,,54.8,openaq_ground
2026-02-08 11:30:00,,,51.4,openaq_ground
2026-02-08 12:30:00,,,60.55,openaq_ground
2026-02-08 13:30:00,,,79.4,openaq_ground
2026-02-08 14:30:00,,,121.0,openaq_ground
2026-02-08 15:30:00,84.16666666666667,194.0,94.1,openaq_ground
2026-02-08 16:30:00,79.83333333333333,224.0,113.04,openaq_ground
2026-02-08 17:30:00,81.46666666666667,243.0,123.96,openaq_ground
2026-02-08 18:30:00,74.96666666666667,251.66666666666666,140.7,openaq_ground
2026-02-08 19:30:00,70.26666666666667,230.0,123.02000000000001,openaq_ground
2026-02-08 20:30:00,58.46666666666667,231.66666666666666,120.97999999999999,openaq_ground
2026-02-08 21:30:00,50.800000000000004,200.33333333333334,116.16,openaq_ground
2026-02-08 22:30:00,51.833333333333336,171.33333333333334,114.9,openaq_ground
2026-02-08 23:30:00,46.86666666666667,166.33333333333334,113.92,openaq_ground
2026-02-09 00:30:00,53.26666666666667,179.0,115.12,openaq_ground
2026-02-09 01:30:00,61.13333333333333,192.66666666666666,121.8,openaq_ground
2026-02-09 02:30:00,76.46666666666667,208.0,122.62,openaq_ground
2026-02-09 03:30:00,89.0,243.66666666666666,117.0,openaq_ground
2026-02-09 04:30:00,96.39999999999999,234.0,114.54,openaq_ground
2026-02-09 05:30:00,85.10000000000001,260.6666666666667,115.47999999999999,openaq_ground
2026-02-09 06:30:00,44.2,258.0,107.73333333333333,openaq_ground
2026-02-09 07:30:00,56.26666666666667,210.66666666666666,91.0,openaq_ground
2026-02-09 08:30:00,62.833333333333336,191.0,77.66,openaq_ground
2026-02-09 09:30:00,50.26666666666667,171.66666666666666,71.38,openaq_ground
2026-02-09 10:30:00,53.0,161.33333333333334,64.64,openaq_ground
2026-02-09 11:30:00,75.86666666666666,167.0,63.48,openaq_ground
2026-02-09 12:30:00,99.2,194.66666666666666,59.67999999999999,openaq_ground
2026-02-09 13:30:00,99.16666666666667,208.66666666666666,67.74,openaq_ground
2026-02-09 14:30:00,90.3,223.0,83.42,openaq_ground
2026-02-09 15:30:00,91.66666666666667,240.33333333333334,103.02000000000001,openaq_ground
2026-02-09 16:30:00,74.89999999999999,257.6666666666667,106.38,openaq_ground
2026-02-09 17:30:00,69.86666666666666,246.66666666666666,104.2,openaq_ground
2026-02-09 18:30:00,67.06666666666666,280.0,136.2,openaq_ground
2026-02-09 19:30:00,63.13333333333333,283.0,140.2,openaq_ground
2026-02-09 20:30:00,59.96666666666667,250.66666666666666,136.2,openaq_ground
2026-02-09 21:30:00,51.13333333333333,239.66666666666666,128.32,openaq_ground
2026-02-09 22:30:00,49.13333333333333,227.66666666666666,129.95999999999998,openaq_ground
2026-02-09 23:30:00,46.166666666666664,232.66666666666666,139.35999999999999,openaq_ground
2026-02-10 00:30:00,47.166666666666664,224.0,131.66,openaq_ground
2026-02-10 01:30:00,48.53333333333333,216.66666666666666,133.18,openaq_ground
2026-02-10 02:30:00,73.36666666666666,237.0,145.02,openaq_ground
2026-02-10 03:30:00,116.43333333333334,309.3333333333333,173.8,openaq_ground
2026-02-10 04:30:00,88.43333333333334,337.6666666666667,158.7,openaq_ground
2026-02-10 05:30:00,63.199999999999996,273.6666666666667,118.97999999999999,openaq_ground
2026-02-10 06:30:00,40.96666666666667,217.66666666666666,93.6,openaq_ground
2026-02-10 07:30:00,41.266666666666666,167.0,67.4,openaq_ground
2026-02-10 08:30:00,40.56666666666667,142.33333333333334,51.14,openaq_ground
2026-02-10 09:30:00,51.86666666666667,138.33333333333334,46.63,openaq_ground
2026-02-10 10:30:00,61.20000000000001,175.0,56.660000000000004,openaq_ground
2026-02-10 11:30:00,81.13333333333334,187.33333333333334,62.3,openaq_ground
2026-02-10 12:30:00,115.23333333333333,244.0,75.08,openaq_ground
2026-02-10 13:30:00,123.03333333333335,263.0,83.6,openaq_ground
2026-02-10 14:30:00,131.70000000000002,284.0,105.97999999999999,openaq_ground
2026-02-10 15:30:00,123.7,296.6666666666667,124.22,openaq_ground
2026-02-10 16:30:00,127.5,312.3333333333333,123.05999999999999,openaq_ground
2026-02-10 17:30:00,117.03333333333335,329.0,138.54000000000002,openaq_ground
2026-02-10 18:30:00,90.16666666666667,324.0,152.4,openaq_ground
2026-02-10 19:30:00,89.43333333333334,316.3333333333333,153.45999999999998,openaq_ground
2026-02-10 20:30:00,83.83333333333333,299.3333333333333,146.95999999999998,openaq_ground
2026-02-10 21:30:00,109.33333333333333,261.3333333333333,147.0,openaq_ground
2026-02-10 22:30:00,117.3,341.6666666666667,212.0,openaq_ground
2026-02-10 23:30:00,90.56666666666666,456.3333333333333,262.0,openaq_ground
2026-02-11 00:30:00,80.5,369.6666666666667,241.0,openaq_ground
2026-02-11 01:30:00,80.43333333333334,331.0,225.6,openaq_ground
2026-02-11 02:30:00,112.73333333333333,346.6666666666667,208.4,openaq_ground
2026-02-11 03:30:00,145.83333333333334,374.0,199.8,openaq_ground
2026-02-11 04:30:00,102.96666666666665,418.6666666666667,201.4,openaq_ground
2026-02-11 05:30:00,52.36666666666667,277.3333333333333,124.78,openaq_ground
2026-02-11 06:30:00,50.43333333333334,211.0,96.94,openaq_ground
2026-02-11 07:30:00,43.23333333333333,195.33333333333334,77.28,openaq_ground
2026-02-11 08:30:00,40.56666666666667,161.33333333333334,57.279999999999994,openaq_ground
2026-02-11 09:30:00,39.76666666666667,151.33333333333334,51.6,openaq_ground
2026-02-11 10:30:00,45.833333333333336,138.0,57.739999999999995,openaq_ground
2026-02-11 11:30:00,54.86666666666667,157.0,57.04,openaq_ground
2026-02-11 12:30:00,68.86666666666667,131.0,47.7,openaq_ground
2026-02-11 13:30:00,88.86666666666667,141.66666666666666,73.9,openaq_ground
2026-02-11 14:30:00,90.36666666666667,173.33333333333334,78.46000000000001,openaq_ground
2026-02-11 15:30:00,77.76666666666667,195.0,84.8,openaq_ground
2026-02-11 16:30:00,69.16666666666667,173.33333333333334,78.38,openaq_ground
2026-02-11 17:30:00,71.39999999999999,138.0,71.725,openaq_ground
2026-02-11 18:30:00,,,91.5,openaq_ground
2026-02-11 19:30:00,66.43333333333334,138.33333333333334,64.08,openaq_ground
2026-02-11 20:30:00,68.16666666666667,135.33333333333334,64.96000000000001,openaq_ground
2026-02-11 21:30:00,59.46666666666667,128.0,68.53999999999999,openaq_ground
2026-02-11 22:30:00,54.300000000000004,114.36666666666667,68.84,openaq_ground
2026-02-11 23:30:00,52.833333333333336,119.66666666666667,70.28,openaq_ground
2026-02-12 00:30:00,51.93333333333334,109.76666666666667,69.24,openaq_ground
2026-02-12 01:30:00,60.23333333333333,107.60000000000001,78.525,openaq_ground
2026-02-12 02:30:00,62.70000000000001,151.66666666666666,85.3,openaq_ground
2026-02-12 03:30:00,54.63333333333333,182.0,82.32000000000001,openaq_ground
2026-02-12 04:30:00,51.1,175.33333333333334,71.34,openaq_ground
2026-02-12 05:30:00,46.73333333333333,170.33333333333334,59.379999999999995,openaq_ground
2026-02-12 06:30:00,39.833333333333336,142.0,45.86,openaq_ground
2026-02-12 07:30:00,37.233333333333334,121.60000000000001,41.48,openaq_ground
2026-02-12 08:30:00,34.86666666666667,109.5,38.4,openaq_ground
2026-02-12 09:30:00,36.1,90.5,36.85,openaq_ground
2026-02-12 10:30:00,37.833333333333336,89.16666666666667,36.5,openaq_ground
2026-02-12 11:30:00,48.23333333333333,94.26666666666667,34.7,openaq_ground
2026-02-12 12:30:00,65.96666666666667,92.89999999999999,32.05,openaq_ground
2026-02-12 13:30:00,83.7,112.0,52.6,openaq_ground
2026-02-12 14:30:00,84.96666666666665,149.66666666666666,67.74,openaq_ground
2026-02-12 15:30:00,90.7,185.66666666666666,75.84,openaq_ground
2026-02-12 16:30:00,92.26666666666667,205.0,85.38,openaq_ground
2026-02-12 17:30:00,87.63333333333333,218.0,99.78,openaq_ground
2026-02-12 18:30:00,89.13333333333333,243.0,123.82000000000001,openaq_ground
2026-02-12 19:30:00,89.2,257.0,134.57999999999998,openaq_ground
2026-02-12 20:30:00,70.23333333333333,243.66666666666666,123.24000000000001,openaq_ground
2026-02-12 21:30:00,70.39999999999999,200.66666666666666,114.02000000000001,openaq_ground
2026-02-12 22:30:00,64.33333333333333,181.33333333333334,109.17999999999999,openaq_ground
2026-02-12 23:30:00,58.36666666666667,176.0,113.12,openaq_ground
2026-02-13 00:30:00,56.96666666666667,166.0,109.75999999999999,openaq_ground
2026-02-13 01:30:00,62.1,185.0,114.47999999999999,openaq_ground
2026-02-13 02:30:00,79.60000000000001,190.66666666666666,100.5,openaq_ground
2026-02-13 03:30:00,67.36666666666666,195.66666666666666,88.06,openaq_ground
2026-02-13 04:30:00,51.43333333333334,165.33333333333334,66.36,openaq_ground
2026-02-13 05:30:00,43.9,140.66666666666666,46.48,openaq_ground
2026-02-13 06:30:00,41.5,106.66666666666667,36.5,openaq_ground
2026-02-13 07:30:00,38.666666666666664,106.5,32.68,openaq_ground
2026-02-13 08:30:00,37.53333333333333,118.26666666666667,35.575,openaq_ground
2026-02-13 09:30:00,39.86666666666667,107.33333333333333,38.975,openaq_ground
2026-02-13 10:30:00,41.96666666666667,96.10000000000001,37.475,openaq_ground
2026-02-13 11:30:00,50.03333333333333,112.33333333333333,36.28,openaq_ground
2026-02-13 12:30:00,88.39999999999999,127.0,51.475,openaq_ground
2026-02-13 13:30:00,95.46666666666665,148.0,64.4,openaq_ground
2026-02-13 14:30:00,96.96666666666665,177.33333333333334,68.16,openaq_ground
2026-02-13 15:30:00,98.39999999999999,194.66666666666666,77.47999999999999,openaq_ground
2026-02-13 16:30:00,101.33333333333333,223.66666666666666,92.28,openaq_ground
2026-02-13 17:30:00,102.89999999999999,258.6666666666667,111.97999999999999,openaq_ground
2026-02-13 18:30:00,87.26666666666667,264.3333333333333,128.32,openaq_ground
2026-02-13 19:30:00,82.93333333333332,286.0,141.9,openaq_ground
2026-02-13 20:30:00,77.63333333333334,267.3333333333333,141.26,openaq_ground
2026-02-13 21:30:00,77.13333333333334,254.0,139.24,openaq_ground
2026-02-13 22:30:00,81.36666666666666,223.66666666666666,134.85999999999999,openaq_ground
2026-02-13 23:30:00,87.16666666666667,238.33333333333334,155.6,openaq_ground
2026-02-14 00:30:00,84.93333333333334,239.66666666666666,173.4,openaq_ground
2026-02-14 01:30:00,76.63333333333334,242.0,177.2,openaq_ground
2026-02-14 02:30:00,81.86666666666666,245.0,140.52,openaq_ground
2026-02-14 03:30:00,66.36666666666666,280.0,101.26,openaq_ground
2026-02-14 04:30:00,53.86666666666667,170.33333333333334,68.14,openaq_ground
2026-02-14 05:30:00,43.699999999999996,147.33333333333334,54.06,openaq_ground
2026-02-14 06:30:00,43.199999999999996,140.33333333333334,50.8,openaq_ground
2026-02-14 07:30:00,42.5,146.33333333333334,55.3,openaq_ground
2026-02-14 08:30:00,39.199999999999996,133.0,46.67,openaq_ground
2026-02-14 09:30:00,36.699999999999996,115.0,32.019999999999996,openaq_ground
2026-02-14 10:30:00,42.56666666666667,114.33333333333333,39.839999999999996,openaq_ground
2026-02-14 11:30:00,52.36666666666667,130.33333333333334,43.82,openaq_ground
2026-02-14 12:30:00,75.10000000000001,141.0,49.980000000000004,openaq_ground
2026-02-14 13:30:00,101.0,160.66666666666666,58.56,openaq_ground
2026-02-14 14:30:00,100.5,193.0,78.36,openaq_ground
2026-02-14 15:30:00,100.66666666666667,220.66666666666666,94.44,openaq_ground
2026-02-14 16:30:00,93.89999999999999,242.33333333333334,112.46,openaq_ground
2026-02-14 17:30:00,85.60000000000001,237.0,125.12,openaq_ground
2026-02-14 18:30:00,90.86666666666667,265.6666666666667,135.6,openaq_ground
2026-02-14 19:30:00,89.7,273.3333333333333,148.8,openaq_ground
2026-02-14 20:30:00,80.73333333333333,247.33333333333334,147.16,openaq_ground
2026-02-14 21:30:00,74.39999999999999,231.0,132.68,openaq_ground
2026-02-14 22:30:00,69.53333333333333,197.66666666666666,109.04,openaq_ground
2026-02-14 23:30:00,63.9,155.66666666666666,88.5,openaq_ground
2026-02-15 00:30:00,57.300000000000004,122.86666666666667,71.56,openaq_ground
2026-02-15 01:30:00,57.4,122.0,69.08,openaq_ground
2026-02-15 02:30:00,64.39999999999999,134.0,73.56,openaq_ground
2026-02-15 03:30:00,62.43333333333334,172.0,91.9,openaq_ground
2026-02-15 04:30:00,54.333333333333336,196.0,87.06,openaq_ground
2026-02-15 05:30:00,44.6,190.33333333333334,77.4,openaq_ground
2026-02-15 06:30:00,41.699999999999996,169.0,63.64,openaq_ground
2026-02-15 07:30:00,37.699999999999996,148.33333333333334,54.260000000000005,openaq_ground
2026-02-15 08:30:00,35.03333333333333,127.0,37.446,openaq_ground
2026-02-15 09:30:00,35.800000000000004,120.0,35.25,openaq_ground
2026-02-15 10:30:00,37.76666666666667,123.0,37.6,openaq_ground
2026-02-15 11:30:00,47.53333333333333,109.66666666666667,43.725,openaq_ground
2026-02-15 12:30:00,79.86666666666666,126.0,50.275,openaq_ground
2026-02-15 13:30:00,92.96666666666665,147.0,52.08,openaq_ground
2026-02-15 14:30:00,96.16666666666667,182.33333333333334,64.94,openaq_ground
2026-02-15 15:30:00,94.73333333333333,191.33333333333334,87.02000000000001,openaq_ground
2026-02-15 16:30:00,97.36666666666667,226.0,98.0,openaq_ground
2026-02-15 17:30:00,90.83333333333333,265.6666666666667,101.96000000000001,openaq_ground
2026-02-15 18:30:00,96.60000000000001,248.66666666666666,108.66,openaq_ground
2026-02-15 19:30:00,79.6,248.33333333333334,108.5,openaq_ground
2026-02-15 20:30:00,67.8,235.0,117.3,openaq_ground
2026-02-15 21:30:00,69.39999999999999,212.66666666666666,116.0,openaq_ground
2026-02-15 22:30:00,86.39999999999999,197.66666666666666,122.22,openaq_ground
2026-02-15 23:30:00,92.8,220.33333333333334,135.54000000000002,openaq_ground
2026-02-16 00:30:00,81.93333333333334,221.33333333333334,137.88,openaq_ground
2026-02-16 01:30:00,69.03333333333333,197.0,123.97999999999999,openaq_ground
2026-02-16 02:30:00,98.76666666666667,213.0,119.66,openaq_ground
2026-02-16 03:30:00,117.56666666666666,281.0,124.24000000000001,openaq_ground
2026-02-16 04:30:00,,,109.5,openaq_ground
2026-02-16 05:30:00,,,58.55,openaq_ground
2026-02-16 06:30:00,,,49.25,openaq_ground
2026-02-16 07:30:00,,,72.85,openaq_ground
2026-02-16 08:30:00,,,109.0,openaq_ground
2026-02-16 09:30:00,,,136.0,openaq_ground
2026-02-16 10:30:00,,,126.0,openaq_ground
2026-02-16 11:30:00,,,102.5,openaq_ground
2026-02-16 12:30:00,,,90.9,openaq_ground
2026-02-16 13:30:00,,,97.55,openaq_ground
2026-02-16 14:30:00,,,109.0,openaq_ground
2026-02-16 15:30:00,,,123.5,openaq_ground
2026-02-16 16:30:00,,,124.0,openaq_ground
2026-02-16 17:30:00,,,136.5,openaq_ground
2026-02-16 18:30:00,,,137.0,openaq_ground
2026-02-16 19:30:00,,,132.0,openaq_ground
2026-02-16 20:30:00,,,132.5,openaq_ground
2026-02-16 21:30:00,,,137.5,openaq_ground
2026-02-16 22:30:00,,,147.0,openaq_ground
2026-02-16 23:30:00,,,153.0,openaq_ground
2026-02-17 00:30:00,,,155.5,openaq_ground
2026-02-17 01:30:00,,,157.0,openaq_ground
2026-02-17 02:30:00,,,144.0,openaq_ground
2026-02-17 03:30:00,,,104.0,openaq_ground
2026-02-17 04:30:00,,,91.0,openaq_ground
2026-02-17 05:30:00,,,63.0,openaq_ground
2026-02-17 06:30:00,33.5,182.0,38.766666666666666,openaq_ground
2026-02-17 07:30:00,42.9,144.66666666666666,34.56,openaq_ground
2026-02-17 08:30:00,40.800000000000004,137.0,30.939999999999998,openaq_ground
2026-02-17 09:30:00,38.266666666666666,132.33333333333334,29.26,openaq_ground
2026-02-17 10:30:00,41.0,127.66666666666667,34.45,openaq_ground
2026-02-17 11:30:00,59.03333333333333,129.0,35.875,openaq_ground
2026-02-17 12:30:00,84.13333333333334,145.66666666666666,42.925,openaq_ground
2026-02-17 13:30:00,86.63333333333333,180.33333333333334,58.9,openaq_ground
2026-02-17 14:30:00,86.13333333333333,191.66666666666666,58.239999999999995,openaq_ground
2026-02-17 15:30:00,88.5,197.33333333333334,61.160000000000004,openaq_ground
2026-02-17 16:30:00,120.5,222.0,74.5,openaq_ground
2026-02-17 17:30:00,,,113.0,openaq_ground
2026-02-17 18:30:00,,,132.0,openaq_ground
2026-02-17 19:30:00,,,125.0,openaq_ground
2026-02-17 20:30:00,,,125.5,openaq_ground
2026-02-17 21:30:00,,,138.5,openaq_ground
2026-02-17 22:30:00,,,147.5,openaq_ground
2026-02-17 23:30:00,,,147.5,openaq_ground
2026-02-18 00:30:00,,,173.5,openaq_ground
2026-02-18 01:30:00,69.76666666666667,281.0,157.1,openaq_ground
2026-02-18 02:30:00,68.43333333333334,232.33333333333334,130.85999999999999,openaq_ground
2026-02-18 03:30:00,80.2,215.33333333333334,119.52000000000001,openaq_ground
2026-02-18 04:30:00,66.89999999999999,179.33333333333334,89.06,openaq_ground
2026-02-18 05:30:00,62.166666666666664,146.0,58.36,openaq_ground
2026-02-18 06:30:00,49.03333333333333,149.83333333333334,61.8,openaq_ground
2026-02-18 07:30:00,52.56666666666667,115.0,50.85,openaq_ground
2026-02-18 08:30:00,28.666666666666668,99.43333333333334,43.36,openaq_ground
2026-02-18 09:30:00,43.85,72.44999999999999,37.425,openaq_ground
2026-02-18 10:30:00,42.06666666666667,86.16666666666667,43.85,openaq_ground
2026-02-18 11:30:00,52.23333333333333,92.10000000000001,46.08,openaq_ground
2026-02-18 12:30:00,51.166666666666664,122.33333333333333,51.06,openaq_ground
2026-02-18 13:30:00,47.13333333333333,112.43333333333334,59.1,openaq_ground
2026-02-18 14:30:00,50.06666666666666,98.83333333333333,60.7,openaq_ground
2026-02-18 15:30:00,52.76666666666667,139.0,73.78,openaq_ground
2026-02-18 16:30:00,,,95.5,openaq_ground
2026-02-18 17:30:00,,,99.0,openaq_ground
2026-02-18 18:30:00,,,105.0,openaq_ground
2026-02-18 19:30:00,,,107.5,openaq_ground
2026-02-18 20:30:00,,,109.0,openaq_ground
2026-02-18 21:30:00,,,119.5,openaq_ground
2026-02-18 22:30:00,,,126.0,openaq_ground
2026-02-18 23:30:00,,,151.0,openaq_ground
2026-02-19 00:30:00,,,170.5,openaq_ground
2026-02-19 01:30:00,,,195.0,openaq_ground
2026-02-19 02:30:00,,,210.5,openaq_ground
2026-02-19 03:30:00,,,172.5,openaq_ground
2026-02-19 04:30:00,,,91.0,openaq_ground
2026-02-19 05:30:00,,,70.8,openaq_ground
2026-02-19 06:30:00,,,66.05,openaq_ground
2026-02-19 07:30:00,36.46666666666667,149.0,68.03999999999999,openaq_ground
2026-02-19 08:30:00,,,113.0,openaq_ground
2026-02-19 09:30:00,34.833333333333336,212.0,93.28,openaq_ground
2026-02-19 10:30:00,33.86666666666667,167.0,65.02000000000001,openaq_ground
2026-02-19 11:30:00,38.233333333333334,160.33333333333334,55.339999999999996,openaq_ground
2026-02-19 12:30:00,48.699999999999996,159.0,57.260000000000005,openaq_ground
2026-02-19 13:30:00,55.46666666666667,153.0,58.56,openaq_ground
2026-02-19 14:30:00,59.63333333333333,156.0,71.16,openaq_ground
2026-02-19 15:30:00,54.4,170.66666666666666,87.24,openaq_ground
2026-02-19 16:30:00,48.53333333333333,177.33333333333334,96.4,openaq_ground
2026-02-19 17:30:00,41.3,171.33333333333334,91.34,openaq_ground
2026-02-19 18:30:00,36.300000000000004,163.0,90.94,openaq_ground
2026-02-19 19:30:00,39.13333333333333,167.33333333333334,95.12,openaq_ground
2026-02-19 20:30:00,38.5,166.66666666666666,92.92,openaq_ground
2026-02-19 21:30:00,34.32333333333333,166.33333333333334,86.9,openaq_ground
2026-02-19 22:30:00,32.13333333333333,152.66666666666666,80.7,openaq_ground
2026-02-19 23:30:00,29.27,157.66666666666666,91.32000000000001,openaq_ground
2026-02-20 00:30:00,29.22,158.66666666666666,103.47999999999999,openaq_ground
2026-02-20 01:30:00,33.843333333333334,179.33333333333334,112.08,openaq_ground
2026-02-20 02:30:00,58.9,227.66666666666666,129.57999999999998,openaq_ground
2026-02-20 03:30:00,70.43333333333332,303.3333333333333,161.38,openaq_ground
2026-02-20 04:30:00,51.0,328.0,131.54000000000002,openaq_ground
2026-02-20 05:30:00,38.233333333333334,223.66666666666666,89.74,openaq_ground
2026-02-20 06:30:00,33.86666666666667,191.66666666666666,69.28,openaq_ground
2026-02-20 07:30:00,27.899999999999995,170.66666666666666,67.96000000000001,openaq_ground
2026-02-20 08:30:00,41.7,162.0,67.425,openaq_ground
2026-02-20 09:30:00,24.7,143.66666666666666,55.120000000000005,openaq_ground
2026-02-20 10:30:00,25.133333333333336,113.60000000000001,48.6,openaq_ground
2026-02-20 11:30:00,31.96666666666667,108.0,39.7,openaq_ground
2026-02-20 12:30:00,39.3,116.33333333333333,39.12,openaq_ground
2026-02-20 13:30:00,57.9,107.5,45.52,openaq_ground
2026-02-20 14:30:00,58.1,123.0,71.95,openaq_ground
2026-02-20 15:30:00,57.199999999999996,157.66666666666666,78.58,openaq_ground
2026-02-20 16:30:00,55.13333333333333,196.0,86.28,openaq_ground
2026-02-20 17:30:00,53.666666666666664,210.0,95.06,openaq_ground
2026-02-20 18:30:00,51.599999999999994,194.33333333333334,97.58,openaq_ground
2026-02-20 19:30:00,50.13333333333333,212.33333333333334,99.82000000000001,openaq_ground
2026-02-20 20:30:00,47.23333333333333,212.0,115.55999999999999,openaq_ground
2026-02-20 21:30:00,43.46666666666667,198.66666666666666,110.35999999999999,openaq_ground
2026-02-20 22:30:00,42.46666666666667,155.0,93.84,openaq_ground
2026-02-20 23:30:00,37.300000000000004,140.33333333333334,86.84,openaq_ground
2026-02-21 00:30:00,36.9,146.33333333333334,98.22,openaq_ground
2026-02-21 01:30:00,37.733333333333334,152.0,94.97999999999999,openaq_ground
2026-02-21 02:30:00,36.06666666666667,155.33333333333334,87.08000000000001,openaq_ground
2026-02-21 03:30:00,34.733333333333334,194.0,103.28,openaq_ground
2026-02-21 04:30:00,31.86666666666667,239.66666666666666,131.18,openaq_ground
2026-02-21 05:30:00,26.966666666666665,243.0,118.44000000000001,openaq_ground
2026-02-21 06:30:00,27.333333333333332,191.66666666666666,96.44,openaq_ground
2026-02-21 07:30:00,25.566666666666666,124.33333333333333,84.62,openaq_ground
2026-02-21 08:30:00,24.3,104.33333333333333,65.08,openaq_ground
2026-02-21 09:30:00,25.53333333333333,85.33333333333333,53.8,openaq_ground
2026-02-21 10:30:00,26.233333333333334,85.0,56.04,openaq_ground
2026-02-21 11:30:00,33.0,90.0,57.779999999999994,openaq_ground
2026-02-21 12:30:00,50.96666666666666,94.33333333333333,58.48,openaq_ground
2026-02-21 13:30:00,64.89999999999999,109.66666666666667,66.97999999999999,openaq_ground
2026-02-21 14:30:00,64.13333333333334,121.33333333333333,80.3,openaq_ground
2026-02-21 15:30:00,64.73333333333333,147.0,103.82000000000001,openaq_ground
2026-02-21 16:30:00,61.9,176.0,132.66,openaq_ground
2026-02-21 17:30:00,53.0,187.0,125.28,openaq_ground
2026-02-21 18:30:00,,,187.0,openaq_ground
2026-02-21 19:30:00,48.06666666666666,149.33333333333334,130.0,openaq_ground
2026-02-21 20:30:00,50.166666666666664,164.0,138.3,openaq_ground
2026-02-21 21:30:00,48.73333333333333,169.0,142.3,openaq_ground
2026-02-21 22:30:00,44.79999999999999,157.33333333333334,143.1,openaq_ground
2026-02-21 23:30:00,41.96666666666666,136.66666666666666,135.2,openaq_ground
2026-02-22 00:30:00,44.0,138.66666666666666,133.42000000000002,openaq_ground
2026-02-22 01:30:00,45.166666666666664,139.0,119.3,openaq_ground
2026-02-22 02:30:00,56.03333333333333,118.0,110.58,openaq_ground
2026-02-22 03:30:00,53.0,126.66666666666667,102.94000000000001,openaq_ground
2026-02-22 04:30:00,33.06666666666666,116.33333333333333,82.44,openaq_ground
2026-02-22 05:30:00,29.366666666666664,90.43333333333334,54.9,openaq_ground
2026-02-22 06:30:00,26.46666666666667,68.16666666666667,37.36,openaq_ground
2026-02-22 07:30:00,23.933333333333334,59.6,30.839999999999996,openaq_ground
2026-02-22 08:30:00,23.833333333333332,61.0,31.369999999999997,openaq_ground
2026-02-22 09:30:00,24.400000000000002,63.1,32.480000000000004,openaq_ground
2026-02-22 10:30:00,26.333333333333332,67.0,42.85,openaq_ground
2026-02-22 11:30:00,33.36666666666667,65.56666666666666,42.95,openaq_ground
2026-02-22 12:30:00,57.46666666666667,71.33333333333333,47.5,openaq_ground
2026-02-22 13:30:00,73.13333333333334,89.66666666666667,48.08,openaq_ground
2026-02-22 14:30:00,69.96666666666667,132.33333333333334,70.26,openaq_ground
2026-02-22 15:30:00,70.23333333333333,148.33333333333334,69.22,openaq_ground
2026-02-22 16:30:00,65.56666666666666,167.33333333333334,90.94,openaq_ground
2026-02-22 17:30:00,59.800000000000004,171.33333333333334,97.78,openaq_ground
2026-02-22 18:30:00,46.46666666666667,131.33333333333334,110.05999999999999,openaq_ground
2026-02-22 19:30:00,40.36666666666667,121.0,99.58,openaq_ground
2026-02-22 20:30:00,37.416666666666664,126.66666666666667,99.34,openaq_ground
2026-02-22 21:30:00,36.18666666666666,124.33333333333333,98.36,openaq_ground
2026-02-22 22:30:00,32.73,109.0,96.3,openaq_ground
2026-02-22 23:30:00,31.543333333333333,98.33333333333333,90.12,openaq_ground
2026-02-23 00:30:00,33.49,117.66666666666667,101.78,openaq_ground
2026-02-23 01:30:00,41.480000000000004,136.0,107.82000000000001,openaq_ground
2026-02-23 02:30:00,65.96666666666667,149.33333333333334,117.05999999999999,openaq_ground
2026-02-23 03:30:00,72.43333333333334,175.66666666666666,119.0,openaq_ground
2026-02-23 04:30:00,40.766666666666666,142.66666666666666,82.1,openaq_ground
2026-02-23 05:30:00,32.199999999999996,120.66666666666667,56.0,openaq_ground
2026-02-23 06:30:00,34.333333333333336,109.2,55.260000000000005,openaq_ground
2026-02-23 07:30:00,29.633333333333336,184.33333333333334,50.68,openaq_ground
2026-02-23 08:30:00,27.599999999999998,146.33333333333334,39.839999999999996,openaq_ground
2026-02-23 09:30:00,25.46666666666667,130.33333333333334,34.1,openaq_ground
2026-02-23 10:30:00,25.266666666666666,107.0,35.9,openaq_ground
2026-02-23 11:30:00,34.03333333333333,97.10000000000001,33.2,openaq_ground
2026-02-23 12:30:00,56.0,132.33333333333334,38.15,openaq_ground
2026-02-23 13:30:00,70.56666666666666,173.66666666666666,45.1,openaq_ground
2026-02-23 14:30:00,75.96666666666665,197.66666666666666,63.160000000000004,openaq_ground
2026-02-23 15:30:00,79.03333333333333,226.33333333333334,67.5,openaq_ground
2026-02-23 16:30:00,74.5,294.6666666666667,92.58,openaq_ground
2026-02-23 17:30:00,70.2,328.3333333333333,107.17999999999999,openaq_ground
2026-02-23 18:30:00,56.300000000000004,292.6666666666667,112.1,openaq_ground
2026-02-23 19:30:00,55.43333333333334,272.0,113.75999999999999,openaq_ground
2026-02-23 20:30:00,50.5,276.0,122.2,openaq_ground
2026-02-23 21:30:00,47.73666666666667,263.3333333333333,124.16,openaq_ground
2026-02-23 22:30:00,38.13666666666666,216.33333333333334,114.5,openaq_ground
2026-02-23 23:30:00,38.666666666666664,188.66666666666666,107.74000000000001,openaq_ground
2026-02-24 00:30:00,42.57666666666666,192.0,113.44000000000001,openaq_ground
2026-02-24 01:30:00,45.416666666666664,207.0,119.25999999999999,openaq_ground
2026-02-24 02:30:00,65.26666666666667,222.33333333333334,139.57999999999998,openaq_ground
2026-02-24 03:30:00,76.53333333333333,301.0,140.8,openaq_ground
2026-02-24 04:30:00,50.6,256.3333333333333,111.47999999999999,openaq_ground
2026-02-24 05:30:00,39.43333333333333,220.0,87.16,openaq_ground
2026-02-24 06:30:00,28.96666666666667,219.0,85.46000000000001,openaq_ground
2026-02-24 07:30:00,26.96666666666667,186.66666666666666,76.92,openaq_ground
2026-02-24 08:30:00,24.96666666666667,182.33333333333334,66.96000000000001,openaq_ground
2026-02-24 09:30:00,25.53333333333333,132.0,44.94,openaq_ground
2026-02-24 10:30:00,29.400000000000002,125.5,35.95,openaq_ground
2026-02-24 11:30:00,,,51.45,openaq_ground
2026-02-24 12:30:00,68.0,140.66666666666666,51.15,openaq_ground
2026-02-24 13:30:00,66.89999999999999,170.66666666666666,53.06,openaq_ground
2026-02-24 14:30:00,64.33333333333333,185.0,66.94,openaq_ground
2026-02-24 15:30:00,64.0,225.0,84.08,openaq_ground
2026-02-24 16:30:00,55.699999999999996,277.0,96.46000000000001,openaq_ground
2026-02-24 17:30:00,54.06666666666666,250.33333333333334,110.82000000000001,openaq_ground
2026-02-24 18:30:00,45.93333333333333,231.0,103.32000000000001,openaq_ground
2026-02-24 19:30:00,46.5,220.0,100.26,openaq_ground
2026-02-24 20:30:00,42.699999999999996,225.0,103.25999999999999,openaq_ground
2026-02-24 21:30:00,41.653333333333336,216.0,113.16,openaq_ground
2026-02-24 22:30:00,43.53333333333333,210.0,112.67999999999999,openaq_ground
2026-02-24 23:30:00,41.666666666666664,195.66666666666666,113.85999999999999,openaq_ground
2026-02-25 00:30:00,36.9,208.33333333333334,127.8,openaq_ground
2026-02-25 01:30:00,42.93333333333334,219.33333333333334,136.24,openaq_ground
2026-02-25 02:30:00,50.300000000000004,215.0,114.17999999999999,openaq_ground
2026-02-25 03:30:00,49.46666666666667,230.66666666666666,106.25999999999999,openaq_ground
2026-02-25 04:30:00,32.766666666666666,231.33333333333334,99.82000000000001,openaq_ground
2026-02-25 05:30:00,24.3,183.66666666666666,68.62,openaq_ground
2026-02-25 06:30:00,21.733333333333334,142.66666666666666,40.660000000000004,openaq_ground
2026-02-25 07:30:00,22.666666666666668,115.83333333333333,37.38,openaq_ground
2026-02-25 08:30:00,23.46666666666667,127.33333333333333,40.9,openaq_ground
2026-02-25 09:30:00,23.566666666666666,105.66666666666667,32.85,openaq_ground
2026-02-25 10:30:00,23.066666666666666,99.66666666666667,31.75,openaq_ground
2026-02-25 11:30:00,30.53333333333333,85.76666666666667,31.8,openaq_ground
2026-02-25 12:30:00,55.06666666666666,102.16666666666667,39.725,openaq_ground
2026-02-25 13:30:00,73.63333333333334,151.66666666666666,105.52000000000001,openaq_ground
2026-02-25 14:30:00,74.03333333333333,183.66666666666666,54.92999999999999,openaq_ground
2026-02-25 15:30:00,82.7,215.0,72.84,openaq_ground
2026-02-25 16:30:00,85.76666666666667,255.0,88.46000000000001,openaq_ground
2026-02-25 17:30:00,76.36666666666666,268.3333333333333,98.64,openaq_ground
2026-02-25 18:30:00,84.56666666666666,214.66666666666666,95.46000000000001,openaq_ground
2026-02-25 19:30:00,74.60000000000001,213.66666666666666,95.04,openaq_ground
2026-02-25 20:30:00,62.800000000000004,205.33333333333334,88.53999999999999,openaq_ground
2026-02-25 21:30:00,57.1,195.0,93.1,openaq_ground
2026-02-25 22:30:00,59.166666666666664,179.66666666666666,90.44,openaq_ground
2026-02-25 23:30:00,56.9,182.33333333333334,87.03999999999999,openaq_ground
2026-02-26 00:30:00,52.099999999999994,175.66666666666666,86.53999999999999,openaq_ground
2026-02-26 01:30:00,51.800000000000004,164.33333333333334,84.2,openaq_ground
2026-02-26 02:30:00,52.96666666666667,186.33333333333334,81.46000000000001,openaq_ground
2026-02-26 03:30:00,42.86666666666667,201.66666666666666,81.1,openaq_ground
2026-02-26 04:30:00,34.93333333333334,204.33333333333334,73.3,openaq_ground
2026-02-26 05:30:00,30.400000000000002,183.66666666666666,62.0,openaq_ground
2026-02-26 06:30:00,24.666666666666668,174.33333333333334,52.48,openaq_ground
2026-02-26 07:30:00,22.566666666666666,145.33333333333334,42.38,openaq_ground
2026-02-26 08:30:00,21.05,138.0,32.42,openaq_ground
2026-02-26 09:30:00,20.796666666666667,127.0,30.8,openaq_ground
2026-02-26 10:30:00,21.8,109.0,31.849999999999998,openaq_ground
2026-02-26 11:30:00,25.7,100.0,34.225,openaq_ground
2026-02-26 12:30:00,51.93333333333334,111.66666666666667,36.325,openaq_ground
2026-02-26 13:30:00,68.93333333333334,135.33333333333334,51.45,openaq_ground
2026-02-26 14:30:00,72.23333333333333,163.66666666666666,53.739999999999995,openaq_ground
2026-02-26 15:30:00,75.13333333333334,182.66666666666666,60.77,openaq_ground
2026-02-26 16:30:00,74.0,195.66666666666666,67.24,openaq_ground
2026-02-26 17:30:00,68.83333333333333,198.66666666666666,76.7,openaq_ground
2026-02-26 18:30:00,63.13333333333333,195.33333333333334,79.0,openaq_ground
2026-02-26 19:30:00,62.0,180.0,74.64,openaq_ground
2026-02-26 20:30:00,59.96666666666667,170.33333333333334,64.56,openaq_ground
2026-02-26 21:30:00,60.300000000000004,152.66666666666666,72.38,openaq_ground
2026-02-26 22:30:00,59.03333333333333,154.0,68.12,openaq_ground
2026-02-26 23:30:00,56.53333333333333,150.66666666666666,70.74,openaq_ground
2026-02-27 00:30:00,55.166666666666664,163.0,73.82000000000001,openaq_ground
2026-02-27 01:30:00,58.6,160.0,74.9,openaq_ground
2026-02-27 02:30:00,68.06666666666666,188.66666666666666,82.8,openaq_ground
2026-02-27 03:30:00,56.03333333333333,216.0,79.88,openaq_ground
2026-02-27 04:30:00,41.9,216.33333333333334,76.56,openaq_ground
2026-02-27 05:30:00,31.933333333333334,186.33333333333334,58.379999999999995,openaq_ground
2026-02-27 06:30:00,28.96666666666667,136.66666666666666,37.839999999999996,openaq_ground
2026-02-27 07:30:00,26.03333333333333,114.66666666666667,36.025,openaq_ground
2026-02-27 08:30:00,24.7,123.33333333333333,31.6,openaq_ground
2026-02-27 09:30:00,23.266666666666666,129.36666666666667,32.95,openaq_ground
2026-02-27 10:30:00,22.666666666666668,105.10000000000001,32.2,openaq_ground
2026-02-27 11:30:00,28.566666666666666,100.53333333333335,29.275,openaq_ground
2026-02-27 12:30:00,59.03333333333333,122.0,35.975,openaq_ground
2026-02-27 13:30:00,80.06666666666668,181.0,39.62,openaq_ground
2026-02-27 14:30:00,77.3,225.25,58.76666666666667,openaq_ground
2026-02-27 15:30:00,83.05,236.5,67.76666666666667,openaq_ground
2026-02-27 16:30:00,80.05,239.5,71.7,openaq_ground
2026-02-27 17:30:00,78.5,264.75,75.48333333333333,openaq_ground
2026-02-27 18:30:00,87.72500000000001,281.5,84.38333333333334,openaq_ground
2026-02-27 19:30:00,92.8,320.5,97.36666666666667,openaq_ground
2026-02-27 20:30:00,39.96666666666666,361.0,120.98333333333333,openaq_ground
2026-02-27 21:30:00,60.625,310.0,122.76666666666667,openaq_ground
2026-02-27 22:30:00,70.8,272.75,120.25,openaq_ground
2026-02-27 23:30:00,72.39750000000001,279.75,121.38333333333333,openaq_ground
2026-02-28 00:30:00,67.975,266.75,123.0,openaq_ground
2026-02-28 01:30:00,64.8,240.75,121.58333333333333,openaq_ground
2026-02-28 02:30:00,82.1,247.75,115.8,openaq_ground
2026-02-28 03:30:00,78.77499999999999,263.0,102.18333333333334,openaq_ground
2026-02-28 04:30:00,48.875,198.5,60.26666666666667,openaq_ground
2026-02-28 05:30:00,31.875,137.5,39.38,openaq_ground
2026-02-28 06:30:00,26.7,148.75,40.24,openaq_ground
2026-02-28 07:30:00,23.375,156.5,46.5,openaq_ground
2026-02-28 08:30:00,20.8,137.5,48.3,openaq_ground
2026-02-28 09:30:00,19.0775,123.0,42.260000000000005,openaq_ground
2026-02-28 10:30:00,21.275,114.75,43.980000000000004,openaq_ground
2026-02-28 11:30:00,25.5,127.25,40.480000000000004,openaq_ground
2026-02-28 12:30:00,37.925000000000004,131.75,47.4,openaq_ground
2026-02-28 13:30:00,53.45,152.0,42.65,openaq_ground
2026-02-28 14:30:00,60.625,172.0,50.6,openaq_ground
2026-02-28 15:30:00,60.775000000000006,190.5,62.81666666666666,openaq_ground
2026-02-28 16:30:00,57.099999999999994,193.75,68.51666666666667,openaq_ground
2026-02-28 17:30:00,56.0,188.75,70.33333333333333,openaq_ground
2026-02-28 18:30:00,,,98.0,openaq_ground
2026-02-28 19:30:00,55.725,203.75,82.11666666666666,openaq_ground
2026-02-28 20:30:00,47.0,197.25,80.06666666666666,openaq_ground
2026-02-28 21:30:00,46.85,203.75,88.51666666666667,openaq_ground
2026-02-28 22:30:00,47.05,194.75,97.76666666666667,openaq_ground
2026-02-28 23:30:00,45.475,182.5,89.81666666666666,openaq_ground
2026-03-01 00:30:00,44.525,171.25,83.33333333333333,openaq_ground
2026-03-01 01:30:00,40.3,167.75,88.93333333333334,openaq_ground
2026-03-01 02:30:00,38.1,186.25,92.33333333333333,openaq_ground
2026-03-01 03:30:00,32.85,206.75,93.05,openaq_ground
2026-03-01 04:30:00,25.35,195.0,76.61666666666666,openaq_ground
2026-03-01 05:30:00,24.200000000000003,193.75,66.61666666666666,openaq_ground
2026-03-01 06:30:00,21.5,190.0,58.06666666666666,openaq_ground
2026-03-01 07:30:00,19.55,168.5,49.85,openaq_ground
2026-03-01 08:30:00,18.1675,163.25,49.98,openaq_ground
2026-03-01 09:30:00,17.95,148.75,43.760000000000005,openaq_ground
2026-03-01 10:30:00,18.385,133.0,41.160000000000004,openaq_ground
2026-03-01 11:30:00,22.19,122.75,43.38,openaq_ground
2026-03-01 12:30:00,29.02,142.0,50.28,openaq_ground
2026-03-01 13:30:00,39.95,160.5,51.416666666666664,openaq_ground
2026-03-01 14:30:00,53.900000000000006,178.5,59.55833333333334,openaq_ground
2026-03-01 15:30:00,52.0,191.25,68.16666666666667,openaq_ground
2026-03-01 16:30:00,46.0,194.25,74.0,openaq_ground
2026-03-01 17:30:00,37.95,178.75,72.8,openaq_ground
2026-03-01 18:30:00,,,81.5,openaq_ground
2026-03-01 19:30:00,36.35,153.75,65.66666666666667,openaq_ground
2026-03-01 20:30:00,43.55,158.75,70.58333333333333,openaq_ground
2026-03-01 21:30:00,41.825,170.0,87.35000000000001,openaq_ground
2026-03-01 22:30:00,36.775,175.5,89.56666666666666,openaq_ground
2026-03-01 23:30:00,29.1175,160.25,84.3,openaq_ground
2026-03-02 00:30:00,26.15,158.5,81.86666666666666,openaq_ground
2026-03-02 01:30:00,28.049999999999997,171.5,80.96666666666667,openaq_ground
2026-03-02 02:30:00,28.125,200.5,85.11666666666666,openaq_ground
2026-03-02 03:30:00,26.025,232.25,96.3,openaq_ground
2026-03-02 04:30:00,22.325,264.75,100.66666666666667,openaq_ground
2026-03-02 05:30:00,20.125,239.0,91.28333333333335,openaq_ground
2026-03-02 06:30:00,17.275000000000002,220.5,74.71666666666667,openaq_ground
2026-03-02 07:30:00,16.475,186.0,62.26666666666667,openaq_ground
2026-03-02 08:30:00,15.7025,181.25,57.75,openaq_ground
2026-03-02 09:30:00,15.6375,174.0,57.20000000000001,openaq_ground
2026-03-02 10:30:00,,,58.95,openaq_ground
2026-03-02 11:30:00,21.150000000000002,159.33333333333334,62.46,openaq_ground
2026-03-02 12:30:00,24.855,168.75,63.06666666666666,openaq_ground
2026-03-02 13:30:00,46.175,188.0,71.11666666666666,openaq_ground
2026-03-02 14:30:00,,,113.0,openaq_ground
2026-03-02 15:30:00,7.62,235.0,130.66666666666666,openaq_ground
2026-03-02 16:30:00,42.7475,237.0,115.0,openaq_ground
2026-03-02 17:30:00,41.61,221.75,109.58333333333333,openaq_ground
2026-03-02 18:30:00,40.72,214.25,106.78333333333335,openaq_ground
2026-03-02 19:30:00,32.9075,201.5,102.33333333333333,openaq_ground
2026-03-02 20:30:00,29.0625,174.5,90.2,openaq_ground
2026-03-02 21:30:00,28.119999999999997,172.5,87.38333333333333,openaq_ground
2026-03-02 22:30:00,29.8025,185.75,100.75,openaq_ground
2026-03-02 23:30:00,28.515,199.0,108.76666666666667,openaq_ground
2026-03-03 00:30:00,28.6125,183.5,106.05,openaq_ground
2026-03-03 01:30:00,27.6375,193.5,108.64999999999999,openaq_ground
2026-03-03 02:30:00,24.0725,200.75,98.95,openaq_ground
2026-03-03 03:30:00,23.04,218.25,87.21666666666665,openaq_ground
2026-03-03 04:30:00,20.072499999999998,221.5,77.26666666666667,openaq_ground
2026-03-03 05:30:00,17.2875,222.75,68.33333333333333,openaq_ground
2026-03-03 06:30:00,19.4725,218.25,60.25,openaq_ground
2026-03-03 07:30:00,17.822499999999998,198.0,52.73333333333333,openaq_ground
2026-03-03 08:30:00,16.4225,191.5,56.54,openaq_ground
2026-03-03 09:30:00,17.7475,175.5,46.94,openaq_ground
2026-03-03 10:30:00,16.945,151.25,39.88,openaq_ground
2026-03-03 11:30:00,20.44,134.0,43.1,openaq_ground
2026-03-03 12:30:00,25.725,136.25,49.519999999999996,openaq_ground
2026-03-03 13:30:00,32.075,156.25,63.64,openaq_ground
2026-03-03 14:30:00,42.65,175.0,70.61666666666666,openaq_ground
2026-03-03 15:30:00,36.474999999999994,184.25,69.36666666666666,openaq_ground
2026-03-03 16:30:00,35.824999999999996,173.5,64.2,openaq_ground
2026-03-03 17:30:00,35.449999999999996,158.75,61.050000000000004,openaq_ground
2026-03-03 18:30:00,39.8,176.0,65.93333333333334,openaq_ground
2026-03-03 19:30:00,42.875,182.5,74.81666666666666,openaq_ground
2026-03-03 20:30:00,31.566666666666666,163.75,80.38333333333334,openaq_ground
2026-03-03 21:30:00,29.45,150.5,77.56666666666666,openaq_ground
2026-03-03 22:30:00,27.825,138.0,75.08333333333333,openaq_ground
2026-03-03 23:30:00,24.775,126.425,70.03333333333333,openaq_ground
2026-03-04 00:30:00,23.0,120.0,67.60000000000001,openaq_ground
2026-03-04 01:30:00,24.1,128.0,80.16,openaq_ground
2026-03-04 02:30:00,23.514999999999997,158.75,83.71666666666667,openaq_ground
2026-03-04 03:30:00,19.2825,174.5,73.81666666666666,openaq_ground
2026-03-04 04:30:00,18.195,163.25,61.48333333333333,openaq_ground
2026-03-04 05:30:00,17.655,167.0,61.416666666666664,openaq_ground
2026-03-04 06:30:00,17.55,161.0,59.21666666666667,openaq_ground
2026-03-04 07:30:00,16.7875,141.75,46.71666666666667,openaq_ground
2026-03-04 08:30:00,15.4225,130.5,39.449999999999996,openaq_ground
2026-03-04 09:30:00,15.015,134.25,42.96,openaq_ground
2026-03-04 10:30:00,15.1675,138.0,40.64,openaq_ground
2026-03-04 11:30:00,14.6675,131.75,42.42,openaq_ground
2026-03-04 12:30:00,19.2775,124.75,45.28,openaq_ground
2026-03-04 13:30:00,25.470000000000002,142.5,51.779999999999994,openaq_ground
2026-03-04 14:30:00,30.825,149.0,59.779999999999994,openaq_ground
2026-03-04 15:30:00,26.200000000000003,145.75,53.75,openaq_ground
2026-03-04 16:30:00,20.245,132.75,43.1,openaq_ground
2026-03-04 17:30:00,18.04,121.25,46.08,openaq_ground
2026-03-04 18:30:00,16.4325,115.75,48.54,openaq_ground
2026-03-04 19:30:00,16.3525,107.625,54.3,openaq_ground
2026-03-04 20:30:00,14.89,108.95,56.760000000000005,openaq_ground
2026-03-04 21:30:00,16.83,107.75,59.14,openaq_ground
2026-03-04 22:30:00,17.759999999999998,123.5,56.36666666666667,openaq_ground
2026-03-04 23:30:00,19.785,127.75,63.4,openaq_ground
2026-03-05 00:30:00,20.71,125.5,64.23333333333333,openaq_ground
2026-03-05 01:30:00,23.7,136.25,66.01666666666667,openaq_ground
2026-03-05 02:30:00,24.025,163.0,68.06666666666666,openaq_ground
2026-03-05 03:30:00,22.400000000000002,189.25,66.11666666666666,openaq_ground
2026-03-05 04:30:00,21.5125,197.75,65.68333333333334,openaq_ground
2026-03-05 05:30:00,,,68.15,openaq_ground
2026-03-05 06:30:00,20.9425,200.25,55.98333333333333,openaq_ground
2026-03-05 07:30:00,20.23,156.75,49.760000000000005,openaq_ground
2026-03-05 08:30:00,17.0,166.5,42.82,openaq_ground
2026-03-05 09:30:00,17.5125,176.75,45.78,openaq_ground
2026-03-05 10:30:00,17.43,161.25,57.86666666666667,openaq_ground
2026-03-05 11:30:00,17.990000000000002,146.5,57.38333333333333,openaq_ground
2026-03-05 12:30:00,30.6875,142.75,57.949999999999996,openaq_ground
2026-03-05 13:30:00,39.25,149.0,63.28333333333333,openaq_ground
2026-03-05 14:30:00,54.1,178.0,63.916666666666664,openaq_ground
2026-03-05 15:30:00,51.2,184.0,71.91666666666667,openaq_ground
2026-03-05 16:30:00,40.45,168.0,65.68333333333334,openaq_ground
2026-03-05 17:30:00,37.2,142.25,53.13333333333333,openaq_ground
2026-03-05 18:30:00,40.275,127.25,49.65,openaq_ground
2026-03-05 19:30:00,39.1,125.5,54.26666666666667,openaq_ground
2026-03-05 20:30:00,38.93333333333333,115.25,55.28333333333333,openaq_ground
2026-03-05 21:30:00,37.325,115.25,58.86666666666667,openaq_ground
2026-03-05 22:30:00,35.875,129.5,68.48333333333333,openaq_ground
2026-03-05 23:30:00,34.955,136.0,75.88333333333334,openaq_ground
2026-03-06 00:30:00,34.525,128.75,72.95,openaq_ground
2026-03-06 01:30:00,36.9,133.75,75.46666666666667,openaq_ground
2026-03-06 02:30:00,40.825,182.75,85.76666666666667,openaq_ground
2026-03-06 03:30:00,40.625,241.75,88.85000000000001,openaq_ground
2026-03-06 04:30:00,33.775,248.25,89.16666666666667,openaq_ground
2026-03-06 05:30:00,28.0,245.75,90.86666666666667,openaq_ground
2026-03-06 06:30:00,26.25,264.5,97.31666666666666,openaq_ground
2026-03-06 07:30:00,23.907500000000002,229.5,97.55,openaq_ground
2026-03-06 08:30:00,19.59,191.75,81.58,openaq_ground
2026-03-06 09:30:00,16.366666666666667,164.25,73.06666666666666,openaq_ground
2026-03-06 10:30:00,20.125,138.25,56.81666666666666,openaq_ground
2026-03-06 11:30:00,24.2725,120.0,49.51666666666667,openaq_ground
2026-03-06 12:30:00,44.625,123.25,51.583333333333336,openaq_ground
2026-03-06 13:30:00,62.8,141.25,59.13333333333333,openaq_ground
2026-03-06 14:30:00,61.925,164.25,68.36666666666666,openaq_ground
2026-03-06 15:30:00,62.775000000000006,185.75,85.05,openaq_ground
2026-03-06 16:30:00,64.075,206.5,99.21666666666665,openaq_ground
2026-03-06 17:30:00,56.475,215.0,109.98333333333333,openaq_ground
2026-03-06 18:30:00,49.3,210.0,110.51666666666667,openaq_ground
2026-03-06 19:30:00,42.519999999999996,235.25,124.68333333333334,openaq_ground
2026-03-06 20:30:00,36.47666666666667,239.5,140.73333333333332,openaq_ground
2026-03-06 21:30:00,36.6125,238.75,146.33333333333334,openaq_ground
2026-03-06 22:30:00,30.8475,235.25,148.83333333333334,openaq_ground
2026-03-06 23:30:00,30.092499999999998,218.75,148.0,openaq_ground
2026-03-07 00:30:00,26.7925,215.0,148.0,openaq_ground
2026-03-07 01:30:00,25.9225,220.75,150.83333333333334,openaq_ground
2026-03-07 02:30:00,39.754999999999995,280.0,170.5,openaq_ground
2026-03-07 03:30:00,49.45,330.5,192.66666666666666,openaq_ground
2026-03-07 04:30:00,42.949999999999996,306.5,178.33333333333334,openaq_ground
2026-03-07 05:30:00,29.85,261.75,140.83333333333334,openaq_ground
2026-03-07 06:30:00,23.575,200.75,100.28333333333335,openaq_ground
2026-03-07 07:30:00,25.525,172.5,77.36666666666666,openaq_ground
2026-03-07 08:30:00,,,50.4,openaq_ground
2026-03-07 09:30:00,,,44.55,openaq_ground
2026-03-07 10:30:00,,,35.05,openaq_ground
2026-03-07 11:30:00,,,51.45,openaq_ground
2026-03-07 12:30:00,53.9,148.0,55.03333333333333,openaq_ground
2026-03-07 13:30:00,85.5,157.33333333333334,65.53999999999999,openaq_ground
2026-03-07 14:30:00,90.0,180.33333333333334,74.4,openaq_ground
2026-03-07 15:30:00,88.63333333333333,220.0,93.36,openaq_ground
2026-03-07 16:30:00,83.13333333333334,232.0,109.24000000000001,openaq_ground
2026-03-07 17:30:00,81.46666666666667,250.33333333333334,119.7,openaq_ground
2026-03-07 18:30:00,71.16666666666667,247.33333333333334,119.1,openaq_ground
2026-03-07 19:30:00,63.300000000000004,244.0,117.58,openaq_ground
2026-03-07 20:30:00,62.5,236.33333333333334,113.02000000000001,openaq_ground
2026-03-07 21:30:00,56.46666666666667,239.66666666666666,119.38,openaq_ground
2026-03-07 22:30:00,57.26666666666667,275.6666666666667,151.2,openaq_ground
2026-03-07 23:30:00,55.26666666666666,260.6666666666667,137.92000000000002,openaq_ground
2026-03-08 00:30:00,48.93333333333333,249.33333333333334,136.0,openaq_ground
2026-03-08 01:30:00,56.833333333333336,239.0,131.6,openaq_ground
2026-03-08 02:30:00,103.3,270.0,142.0,openaq_ground
2026-03-08 03:30:00,103.73333333333333,309.0,157.4,openaq_ground
2026-03-08 04:30:00,62.76666666666666,263.3333333333333,128.25,openaq_ground
2026-03-08 05:30:00,50.03333333333333,223.0,108.95,openaq_ground
2026-03-08 06:30:00,38.0,199.0,92.6,openaq_ground
2026-03-08 07:30:00,30.833333333333332,156.33333333333334,66.17999999999999,openaq_ground
2026-03-08 08:30:00,30.900000000000002,133.33333333333334,59.46,openaq_ground
2026-03-08 09:30:00,27.0,118.66666666666667,49.44,openaq_ground
2026-03-08 10:30:00,27.2,109.66666666666667,37.775,openaq_ground
2026-03-08 11:30:00,30.133333333333336,114.33333333333333,37.85,openaq_ground
2026-03-08 12:30:00,51.0,107.66666666666667,39.375,openaq_ground
2026-03-08 13:30:00,74.23333333333333,126.0,48.975,openaq_ground
2026-03-08 14:30:00,76.16666666666667,153.0,54.599999999999994,openaq_ground
2026-03-08 15:30:00,76.56666666666666,186.33333333333334,67.325,openaq_ground
2026-03-08 16:30:00,70.2,185.33333333333334,81.675,openaq_ground
2026-03-08 17:30:00,68.06666666666668,180.33333333333334,90.4,openaq_ground
2026-03-08 18:30:00,65.93333333333332,215.33333333333334,111.9,openaq_ground
2026-03-08 19:30:00,66.73333333333333,242.0,120.475,openaq_ground
2026-03-08 20:30:00,61.0,205.66666666666666,110.375,openaq_ground
2026-03-08 21:30:00,54.76666666666667,202.0,119.0,openaq_ground
2026-03-08 22:30:00,51.03333333333333,197.66666666666666,123.075,openaq_ground
2026-03-08 23:30:00,48.43333333333334,175.66666666666666,120.425,openaq_ground
2026-03-09 00:30:00,47.333333333333336,183.66666666666666,123.2,openaq_ground
2026-03-09 01:30:00,47.199999999999996,224.0,130.95,openaq_ground
2026-03-09 02:30:00,49.73333333333333,237.66666666666666,146.0,openaq_ground
2026-03-09 03:30:00,43.56666666666666,256.3333333333333,140.14000000000001,openaq_ground
2026-03-09 04:30:00,35.333333333333336,259.6666666666667,124.2,openaq_ground
2026-03-09 05:30:00,28.296666666666667,270.0,125.3,openaq_ground
2026-03-09 06:30:00,21.96666666666667,275.0,117.25999999999999,openaq_ground
2026-03-09 07:30:00,22.266666666666666,212.66666666666666,92.36,openaq_ground
2026-03-09 08:30:00,23.566666666666666,190.0,85.97999999999999,openaq_ground
2026-03-09 09:30:00,18.9425,142.75,66.28333333333333,openaq_ground
2026-03-09 10:30:00,24.166666666666668,137.66666666666666,60.1,openaq_ground
2026-03-09 11:30:00,28.900000000000002,132.33333333333334,46.4,openaq_ground
2026-03-09 12:30:00,39.400000000000006,141.5,52.3,openaq_ground
2026-03-09 13:30:00,59.45,163.5,60.3,openaq_ground
2026-03-09 14:30:00,68.10000000000001,190.0,83.28,openaq_ground
2026-03-09 15:30:00,71.63333333333334,252.33333333333334,100.9,openaq_ground
2026-03-09 16:30:00,67.33333333333333,275.0,108.84,openaq_ground
2026-03-09 17:30:00,55.5,235.33333333333334,117.78,openaq_ground
2026-03-09 18:30:00,,,122.5,openaq_ground
2026-03-09 19:30:00,,,120.0,openaq_ground
2026-03-09 20:30:00,,,122.0,openaq_ground
2026-03-09 21:30:00,,,127.0,openaq_ground
2026-03-09 22:30:00,,,128.0,openaq_ground
2026-03-09 23:30:00,,,130.0,openaq_ground
2026-03-10 00:30:00,,,135.0,openaq_ground
2026-03-10 01:30:00,,,159.0,openaq_ground
2026-03-10 02:30:00,,,199.5,openaq_ground
2026-03-10 03:30:00,,,214.0,openaq_ground
2026-03-10 04:30:00,,,188.0,openaq_ground
2026-03-10 05:30:00,,,155.0,openaq_ground
2026-03-10 06:30:00,,,148.0,openaq_ground
2026-03-10 07:30:00,37.0,267.6666666666667,151.4,openaq_ground
2026-03-10 08:30:00,28.2,231.66666666666666,94.84,openaq_ground
2026-03-10 09:30:00,27.03333333333333,163.66666666666666,68.7,openaq_ground
2026-03-10 10:30:00,26.299999999999997,143.0,66.6,openaq_ground
2026-03-10 11:30:00,34.53333333333333,141.0,60.98,openaq_ground
2026-03-10 12:30:00,47.43333333333334,217.33333333333334,63.82000000000001,openaq_ground
2026-03-10 13:30:00,71.93333333333334,191.0,71.67999999999999,openaq_ground
2026-03-10 14:30:00,83.36666666666666,188.66666666666666,81.3,openaq_ground
2026-03-10 15:30:00,86.89999999999999,210.66666666666666,94.67999999999999,openaq_ground
2026-03-10 16:30:00,77.76666666666667,216.0,103.12,openaq_ground
2026-03-10 17:30:00,73.2,216.66666666666666,103.72,openaq_ground
2026-03-10 18:30:00,61.93333333333334,236.66666666666666,111.22,openaq_ground
2026-03-10 19:30:00,56.166666666666664,225.0,113.38,openaq_ground
2026-03-10 20:30:00,49.4,229.0,117.02000000000001,openaq_ground
2026-03-10 21:30:00,44.333333333333336,228.33333333333334,117.88,openaq_ground
2026-03-10 22:30:00,50.86666666666667,220.66666666666666,115.46,openaq_ground
2026-03-10 23:30:00,47.6,215.0,117.3,openaq_ground
2026-03-11 00:30:00,42.63333333333333,202.66666666666666,115.02000000000001,openaq_ground
2026-03-11 01:30:00,50.26666666666667,222.0,116.15,openaq_ground
2026-03-11 02:30:00,98.33333333333333,262.6666666666667,133.6,openaq_ground
2026-03-11 03:30:00,112.10000000000001,338.3333333333333,156.4,openaq_ground
2026-03-11 04:30:00,76.66666666666667,330.3333333333333,149.0,openaq_ground
2026-03-11 05:30:00,47.93333333333333,268.3333333333333,111.6,openaq_ground
2026-03-11 06:30:00,33.266666666666666,228.0,76.82000000000001,openaq_ground
2026-03-11 07:30:00,27.266666666666666,166.66666666666666,52.98,openaq_ground
2026-03-11 08:30:00,24.34,177.33333333333334,51.54,openaq_ground
2026-03-11 09:30:00,22.599999999999998,182.33333333333334,47.739999999999995,openaq_ground
2026-03-11 10:30:00,26.166666666666668,155.66666666666666,47.7,openaq_ground
2026-03-11 11:30:00,32.4,136.0,45.980000000000004,openaq_ground
2026-03-11 12:30:00,59.666666666666664,142.0,47.04,openaq_ground
2026-03-11 13:30:00,79.8,164.33333333333334,52.739999999999995,openaq_ground
2026-03-11 14:30:00,81.83333333333333,206.33333333333334,67.5,openaq_ground
2026-03-11 15:30:00,79.46666666666667,232.33333333333334,81.1,openaq_ground
2026-03-11 16:30:00,81.83333333333333,243.33333333333334,91.97999999999999,openaq_ground
2026-03-11 17:30:00,79.26666666666667,260.0,103.72,openaq_ground
2026-03-11 18:30:00,,,105.5,openaq_ground
2026-03-11 19:30:00,73.03333333333333,248.33333333333334,108.05999999999999,openaq_ground
2026-03-11 20:30:00,69.66666666666667,261.3333333333333,113.17999999999999,openaq_ground
2026-03-11 21:30:00,69.73333333333333,284.0,124.6,openaq_ground
2026-03-11 22:30:00,62.53333333333333,273.3333333333333,135.25,openaq_ground
2026-03-11 23:30:00,57.93333333333334,204.66666666666666,96.22,openaq_ground
2026-03-12 00:30:00,58.0,181.0,83.52000000000001,openaq_ground
2026-03-12 01:30:00,62.26666666666667,174.33333333333334,80.42,openaq_ground
2026-03-12 02:30:00,86.5,222.33333333333334,96.62,openaq_ground
2026-03-12 03:30:00,69.60000000000001,260.0,99.02000000000001,openaq_ground
2026-03-12 04:30:00,48.800000000000004,242.66666666666666,80.5,openaq_ground
2026-03-12 05:30:00,31.799999999999997,235.0,63.1,openaq_ground
2026-03-12 06:30:00,29.599999999999998,188.0,58.35,openaq_ground
2026-03-12 07:30:00,25.73333333333333,142.0,44.260000000000005,openaq_ground
2026-03-12 08:30:00,24.0,147.33333333333334,41.28,openaq_ground
2026-03-12 09:30:00,24.46666666666667,180.33333333333334,43.64,openaq_ground
2026-03-12 10:30:00,26.066666666666666,175.0,46.160000000000004,openaq_ground
2026-03-12 11:30:00,32.1,161.0,47.42,openaq_ground
2026-03-12 12:30:00,57.36666666666667,276.6666666666667,57.42,openaq_ground
2026-03-12 13:30:00,67.96666666666667,205.33333333333334,65.53999999999999,openaq_ground
2026-03-12 14:30:00,73.26666666666667,208.33333333333334,68.92,openaq_ground
2026-03-12 15:30:00,70.13333333333334,253.33333333333334,78.47999999999999,openaq_ground
2026-03-12 16:30:00,70.23333333333333,250.33333333333334,91.36,openaq_ground
2026-03-12 17:30:00,70.3,237.33333333333334,95.3,openaq_ground
2026-03-12 18:30:00,56.45,239.75,111.2,openaq_ground
2026-03-12 19:30:00,51.9,242.0,117.88333333333333,openaq_ground
2026-03-12 20:30:00,28.625,203.75,106.63333333333333,openaq_ground
2026-03-12 21:30:00,26.75,159.0,88.39999999999999,openaq_ground
2026-03-12 22:30:00,29.725,138.5,82.33333333333333,openaq_ground
2026-03-12 23:30:00,34.15,135.75,83.8,openaq_ground
2026-03-13 00:30:00,37.85,147.25,98.81666666666666,openaq_ground
2026-03-13 01:30:00,34.15,188.75,122.83333333333333,openaq_ground
2026-03-13 02:30:00,33.925,216.25,136.83333333333334,openaq_ground
2026-03-13 03:30:00,32.45,205.25,108.31666666666666,openaq_ground
2026-03-13 04:30:00,29.0,187.5,87.51666666666667,openaq_ground
2026-03-13 05:30:00,,,43.2,openaq_ground
2026-03-13 06:30:00,,,33.15,openaq_ground
2026-03-13 07:30:00,15.8025,93.0,32.666666666666664,openaq_ground
2026-03-13 08:30:00,16.56,102.0,35.516666666666666,openaq_ground
2026-03-13 09:30:00,17.7775,95.8,34.449999999999996,openaq_ground
2026-03-13 10:30:00,18.8625,94.05,33.233333333333334,openaq_ground
2026-03-13 11:30:00,19.592499999999998,91.4,32.9,openaq_ground
2026-03-13 12:30:00,26.5975,100.45,36.36666666666667,openaq_ground
2026-03-13 13:30:00,30.05,127.75,42.800000000000004,openaq_ground
2026-03-13 14:30:00,27.475,123.5,45.25,openaq_ground
2026-03-13 15:30:00,28.875,111.25,43.73333333333333,openaq_ground
2026-03-13 16:30:00,32.775,119.75,48.31666666666666,openaq_ground
2026-03-13 17:30:00,32.425000000000004,113.75,48.083333333333336,openaq_ground
2026-03-13 18:30:00,31.825,106.125,55.53333333333333,openaq_ground
2026-03-13 19:30:00,29.675,135.0,54.550000000000004,openaq_ground
2026-03-13 20:30:00,25.5,152.5,67.03333333333333,openaq_ground
2026-03-13 21:30:00,25.424999999999997,128.5,75.95,openaq_ground
2026-03-13 22:30:00,28.299999999999997,145.5,82.71666666666667,openaq_ground
2026-03-13 23:30:00,34.8,134.25,81.36666666666666,openaq_ground
2026-03-14 00:30:00,40.425,202.0,113.18333333333334,openaq_ground
2026-03-14 01:30:00,40.15,210.75,126.58333333333333,openaq_ground
2026-03-14 02:30:00,29.525000000000002,218.5,116.96666666666665,openaq_ground
2026-03-14 03:30:00,26.6,228.25,97.61666666666667,openaq_ground
2026-03-14 04:30:00,24.925,234.5,74.63333333333334,openaq_ground
2026-03-14 05:30:00,23.775000000000002,200.0,67.06666666666666,openaq_ground
2026-03-14 06:30:00,22.0175,179.5,53.73333333333333,openaq_ground
2026-03-14 07:30:00,20.665,149.75,48.25,openaq_ground
2026-03-14 08:30:00,20.2425,127.25,45.0,openaq_ground
2026-03-14 09:30:00,19.6725,117.0,37.61666666666667,openaq_ground
2026-03-14 10:30:00,22.07,111.75,30.099999999999998,openaq_ground
2026-03-14 11:30:00,30.075,108.0,32.13333333333333,openaq_ground
2026-03-14 12:30:00,47.875,131.25,40.93333333333333,openaq_ground
2026-03-14 13:30:00,59.85,167.0,55.03333333333333,openaq_ground
2026-03-14 14:30:00,64.225,185.75,64.89999999999999,openaq_ground
2026-03-14 15:30:00,65.025,206.5,76.46666666666667,openaq_ground
2026-03-14 16:30:00,61.075,205.75,76.0,openaq_ground
2026-03-14 17:30:00,60.275,201.5,76.91666666666667,openaq_ground
2026-03-14 18:30:00,58.575,199.0,78.31666666666666,openaq_ground
2026-03-14 19:30:00,56.1,224.0,90.10000000000001,openaq_ground
2026-03-14 20:30:00,51.925000000000004,268.5,111.61666666666667,openaq_ground
2026-03-14 21:30:00,52.324999999999996,291.75,132.31666666666666,openaq_ground
2026-03-14 22:30:00,48.85,273.75,139.16666666666666,openaq_ground
2026-03-14 23:30:00,35.25,236.75,112.0,openaq_ground
2026-03-15 00:30:00,28.55,170.5,61.083333333333336,openaq_ground
2026-03-15 01:30:00,29.875,90.875,41.9,openaq_ground
2026-03-15 02:30:00,28.175,70.25,40.050000000000004,openaq_ground
2026-03-15 03:30:00,28.6,60.75,30.55,openaq_ground
2026-03-15 04:30:00,33.75,69.325,34.86666666666667,openaq_ground
2026-03-15 05:30:00,33.55,87.3,35.86666666666667,openaq_ground
2026-03-15 06:30:00,32.175,95.825,37.416666666666664,openaq_ground
2026-03-15 07:30:00,30.5,90.7,40.25,openaq_ground
2026-03-15 08:30:00,22.475,83.075,44.35,openaq_ground
2026-03-15 09:30:00,20.0375,96.05,29.033333333333335,openaq_ground
2026-03-15 10:30:00,20.85,96.8,26.349999999999998,openaq_ground
2026-03-15 11:30:00,23.8,88.325,28.183333333333334,openaq_ground
2026-03-15 12:30:00,30.775000000000002,90.25,31.650000000000002,openaq_ground
2026-03-15 13:30:00,32.85,97.825,37.56666666666667,openaq_ground
2026-03-15 14:30:00,37.175,90.25,36.666666666666664,openaq_ground
2026-03-15 15:30:00,44.36666666666667,84.7,38.56,openaq_ground
2026-03-15 16:30:00,34.275,78.8,37.31666666666667,openaq_ground
2026-03-15 17:30:00,38.075,77.675,37.06666666666667,openaq_ground
2026-03-15 18:30:00,31.0,109.25,48.833333333333336,openaq_ground
2026-03-15 19:30:00,28.35,121.75,60.949999999999996,openaq_ground
2026-03-15 20:30:00,27.0975,113.5,69.08333333333333,openaq_ground
2026-03-15 21:30:00,24.7025,92.425,50.46666666666667,openaq_ground
2026-03-15 22:30:00,21.2175,55.1,30.183333333333334,openaq_ground
2026-03-15 23:30:00,32.1,44.849999999999994,28.40833333333333,openaq_ground
2026-03-16 00:30:00,38.65,46.625,27.224999999999998,openaq_ground
2026-03-16 01:30:00,31.6,56.55,31.241666666666664,openaq_ground
2026-03-16 02:30:00,31.400000000000002,82.425,34.63333333333333,openaq_ground
2026-03-16 03:30:00,31.95,116.75,43.699999999999996,openaq_ground
2026-03-16 04:30:00,31.1,137.5,47.050000000000004,openaq_ground
2026-03-16 05:30:00,25.0675,133.5,52.93333333333334,openaq_ground
2026-03-16 06:30:00,23.25,136.5,57.300000000000004,openaq_ground
2026-03-16 07:30:00,21.825000000000003,161.25,45.833333333333336,openaq_ground
2026-03-16 08:30:00,20.48,140.75,43.76666666666667,openaq_ground
2026-03-16 09:30:00,19.82,132.75,40.483333333333334,openaq_ground
2026-03-16 10:30:00,22.125,136.75,39.9,openaq_ground
2026-03-16 11:30:00,26.225,136.75,40.1,openaq_ground
2026-03-16 12:30:00,42.35,138.75,46.01666666666667,openaq_ground
2026-03-16 13:30:00,52.375,150.5,44.73333333333333,openaq_ground
2026-03-16 14:30:00,59.525000000000006,167.5,55.11666666666667,openaq_ground
2026-03-16 15:30:00,45.0,200.25,75.48333333333333,openaq_ground
2026-03-16 16:30:00,24.55,169.5,64.01666666666667,openaq_ground
2026-03-16 17:30:00,22.45,98.6,43.300000000000004,openaq_ground
2026-03-16 18:30:00,28.35,91.45,41.81666666666667,openaq_ground
2026-03-16 19:30:00,36.125,97.975,42.9,openaq_ground
2026-03-16 20:30:00,33.95,98.1,48.583333333333336,openaq_ground
2026-03-16 21:30:00,31.125,100.65,48.71666666666667,openaq_ground
2026-03-16 22:30:00,28.425,100.225,51.916666666666664,openaq_ground
2026-03-16 23:30:00,32.45,98.85,55.38333333333333,openaq_ground
2026-03-17 00:30:00,39.25,102.875,57.71666666666667,openaq_ground
2026-03-17 01:30:00,40.474999999999994,124.5,66.88333333333334,openaq_ground
2026-03-17 02:30:00,45.95,180.0,95.10000000000001,openaq_ground
2026-03-17 03:30:00,51.525000000000006,240.75,122.83333333333333,openaq_ground
2026-03-17 04:30:00,47.2,244.25,111.0,openaq_ground
2026-03-17 05:30:00,38.2,250.25,114.2,openaq_ground
2026-03-17 06:30:00,37.95,295.5,128.36666666666667,openaq_ground
2026-03-17 07:30:00,29.700000000000003,262.5,116.3,openaq_ground
2026-03-17 08:30:00,27.375,230.25,93.03333333333335,openaq_ground
2026-03-17 09:30:00,25.325,206.5,77.06666666666666,openaq_ground
2026-03-17 10:30:00,24.175,178.75,64.93333333333334,openaq_ground
2026-03-17 11:30:00,25.275000000000002,166.75,61.35,openaq_ground
2026-03-17 12:30:00,30.475,139.25,52.43333333333334,openaq_ground
2026-03-17 13:30:00,39.05,133.0,53.550000000000004,openaq_ground
2026-03-17 14:30:00,44.525000000000006,149.5,64.14999999999999,openaq_ground
2026-03-17 15:30:00,49.925,172.5,80.60000000000001,openaq_ground
2026-03-17 16:30:00,59.625,196.25,89.91666666666667,openaq_ground
2026-03-17 17:30:00,53.975,194.75,92.89999999999999,openaq_ground
2026-03-17 18:30:00,54.2,192.25,97.23333333333333,openaq_ground
2026-03-17 19:30:00,49.725,185.25,99.08333333333333,openaq_ground
2026-03-17 20:30:00,40.4,162.0,96.03333333333335,openaq_ground
2026-03-17 21:30:00,45.975,149.0,91.81666666666666,openaq_ground
2026-03-17 22:30:00,36.9,150.25,92.16666666666667,openaq_ground
2026-03-17 23:30:00,43.199999999999996,158.75,99.76666666666667,openaq_ground
2026-03-18 00:30:00,42.95,176.33333333333334,105.10000000000001,openaq_ground
2026-03-18 01:30:00,42.6,193.33333333333334,106.23333333333333,openaq_ground
2026-03-18 02:30:00,44.275,238.66666666666666,110.76666666666667,openaq_ground
2026-03-18 03:30:00,40.0,272.3333333333333,123.16666666666667,openaq_ground
2026-03-18 04:30:00,32.3,256.3333333333333,111.31666666666666,openaq_ground
2026-03-18 05:30:00,29.95,209.66666666666666,88.46666666666665,openaq_ground
2026-03-18 06:30:00,28.375,181.66666666666666,88.51666666666667,openaq_ground
2026-03-18 07:30:00,27.025,169.0,78.2,openaq_ground
2026-03-18 08:30:00,29.225,197.33333333333334,80.25,openaq_ground
2026-03-18 09:30:00,32.025,217.33333333333334,95.16666666666667,openaq_ground
2026-03-18 10:30:00,33.8,232.0,91.33333333333333,openaq_ground
2026-03-18 11:30:00,39.875,217.66666666666666,78.16666666666667,openaq_ground
2026-03-18 12:30:00,44.875,260.6666666666667,75.08333333333333,openaq_ground
2026-03-18 13:30:00,21.875,261.3333333333333,56.916666666666664,openaq_ground
2026-03-18 14:30:00,28.9,71.8,42.233333333333334,openaq_ground
2026-03-18 15:30:00,41.550000000000004,56.93333333333334,46.583333333333336,openaq_ground
2026-03-18 16:30:00,49.8,61.43333333333334,48.85,openaq_ground
2026-03-18 17:30:00,47.45,68.89999999999999,51.06666666666666,openaq_ground
2026-03-18 18:30:00,48.324999999999996,81.7,52.38333333333333,openaq_ground
2026-03-18 19:30:00,43.825,87.8,52.65,openaq_ground
2026-03-18 20:30:00,44.05,89.73333333333333,49.599999999999994,openaq_ground
2026-03-18 21:30:00,40.6,83.60000000000001,49.333333333333336,openaq_ground
2026-03-18 22:30:00,39.800000000000004,79.06666666666666,52.699999999999996,openaq_ground
2026-03-18 23:30:00,36.0125,85.39999999999999,49.416666666666664,openaq_ground
2026-03-19 00:30:00,28.9625,95.23333333333333,55.25,openaq_ground
2026-03-19 01:30:00,29.1425,117.53333333333335,66.93333333333334,openaq_ground
2026-03-19 02:30:00,36.7275,130.0,77.16666666666667,openaq_ground
2026-03-19 03:30:00,43.55,134.33333333333334,78.88333333333334,openaq_ground
2026-03-19 04:30:00,50.375,139.0,72.36666666666666,openaq_ground
2026-03-19 05:30:00,50.1,151.0,79.05,openaq_ground
2026-03-19 06:30:00,45.1,163.25,87.7,openaq_ground
2026-03-19 07:30:00,35.95,156.0,103.0,openaq_ground
2026-03-19 08:30:00,34.925,105.025,72.76666666666667,openaq_ground
2026-03-19 09:30:00,30.925,91.5,47.61666666666667,openaq_ground
2026-03-19 10:30:00,20.45,92.05,46.300000000000004,openaq_ground
2026-03-19 11:30:00,22.5275,100.625,59.333333333333336,openaq_ground
2026-03-19 12:30:00,25.35,93.5,71.68333333333334,openaq_ground
2026-03-19 13:30:00,25.85,83.85,65.76666666666667,openaq_ground
2026-03-19 14:30:00,24.5475,70.675,51.800000000000004,openaq_ground
2026-03-19 15:30:00,22.565,54.425,40.083333333333336,openaq_ground
2026-03-19 16:30:00,21.85,38.474999999999994,34.65,openaq_ground
2026-03-19 17:30:00,23.23,39.15,33.516666666666666,openaq_ground
2026-03-19 18:30:00,26.2225,46.475,32.5,openaq_ground
2026-03-19 19:30:00,24.675,57.425,39.93333333333333,openaq_ground
2026-03-19 20:30:00,25.082500000000003,61.55,35.48333333333333,openaq_ground
2026-03-19 21:30:00,29.689999999999998,63.875,39.516666666666666,openaq_ground
2026-03-19 22:30:00,27.2075,65.725,37.233333333333334,openaq_ground
2026-03-19 23:30:00,27.27,104.45,69.48333333333333,openaq_ground
2026-03-20 00:30:00,21.3125,124.05,91.53333333333335,openaq_ground
2026-03-20 01:30:00,20.87,69.025,65.7,openaq_ground
2026-03-20 02:30:00,22.4175,57.2,54.51666666666666,openaq_ground
2026-03-20 03:30:00,25.9475,53.875,56.75,openaq_ground
2026-03-20 04:30:00,25.925,43.325,47.11666666666667,openaq_ground
2026-03-20 05:30:00,19.375,39.175,44.4,openaq_ground
2026-03-20 06:30:00,19.615000000000002,40.65,48.56666666666666,openaq_ground
2026-03-20 07:30:00,20.325,44.325,42.56666666666667,openaq_ground
2026-03-20 08:30:00,18.502499999999998,40.7,36.199999999999996,openaq_ground
2026-03-20 09:30:00,20.1025,53.125,40.199999999999996,openaq_ground
2026-03-20 10:30:00,20.6525,64.775,44.63333333333333,openaq_ground
2026-03-20 11:30:00,21.95,60.0,41.18333333333333,openaq_ground
2026-03-20 12:30:00,23.575,67.75,46.96666666666667,openaq_ground
2026-03-20 13:30:00,29.9,82.75,53.333333333333336,openaq_ground
2026-03-20 14:30:00,31.365000000000002,91.725,62.43333333333334,openaq_ground
2026-03-20 15:30:00,29.1625,98.32499999999999,70.08333333333333,openaq_ground
2026-03-20 16:30:00,24.732499999999998,100.975,64.16666666666667,openaq_ground
2026-03-20 17:30:00,20.4875,100.875,63.699999999999996,openaq_ground
2026-03-20 18:30:00,15.615,99.85,65.16666666666667,openaq_ground
2026-03-20 19:30:00,16.8125,102.675,62.56666666666666,openaq_ground
2026-03-20 20:30:00,17.552500000000002,99.25,63.23333333333333,openaq_ground
2026-03-20 21:30:00,15.612499999999999,94.675,62.63333333333333,openaq_ground
2026-03-20 22:30:00,14.81375,98.75,63.38333333333333,openaq_ground
2026-03-20 23:30:00,13.775,95.6,64.98333333333333,openaq_ground
2026-03-21 00:30:00,12.418125,97.45,69.26666666666667,openaq_ground
2026-03-21 01:30:00,19.4475,118.025,78.60000000000001,openaq_ground
2026-03-21 02:30:00,36.925,139.25,96.66666666666667,openaq_ground
2026-03-21 03:30:00,36.025,134.5,96.53333333333335,openaq_ground
2026-03-21 04:30:00,27.075000000000003,111.325,85.93333333333334,openaq_ground
2026-03-21 05:30:00,22.3,111.6,77.26666666666667,openaq_ground
2026-03-21 06:30:00,21.9775,115.25,68.78333333333333,openaq_ground
2026-03-21 07:30:00,19.2625,107.925,64.89999999999999,openaq_ground
2026-03-21 08:30:00,16.925,78.125,45.96666666666667,openaq_ground
2026-03-21 09:30:00,16.7375,66.125,36.46666666666666,openaq_ground
2026-03-21 10:30:00,17.31,61.875,35.15,openaq_ground
2026-03-21 11:30:00,20.5375,78.275,36.483333333333334,openaq_ground
2026-03-21 12:30:00,27.8975,66.9,31.849999999999998,openaq_ground
2026-03-21 13:30:00,39.81,87.15,39.916666666666664,openaq_ground
2026-03-21 14:30:00,44.075,119.0,47.699999999999996,openaq_ground
2026-03-21 15:30:00,43.675,143.5,61.65,openaq_ground
2026-03-21 16:30:00,40.45,161.0,68.11666666666666,openaq_ground
2026-03-21 17:30:00,39.1875,172.25,71.60000000000001,openaq_ground
2026-03-21 18:30:00,36.792500000000004,156.25,70.68333333333334,openaq_ground
2026-03-21 19:30:00,34.285000000000004,134.0,67.48333333333333,openaq_ground
2026-03-21 20:30:00,28.497500000000002,110.95,62.98333333333333,openaq_ground
2026-03-21 21:30:00,29.15,105.75,62.53333333333333,openaq_ground
2026-03-21 22:30:00,27.39,130.75,73.41666666666667,openaq_ground
2026-03-21 23:30:00,25.9725,148.25,95.10000000000001,openaq_ground
2026-03-22 00:30:00,24.737499999999997,144.5,98.7,openaq_ground
2026-03-22 01:30:00,27.55,138.0,95.39999999999999,openaq_ground
2026-03-22 02:30:00,25.475,153.5,109.39999999999999,openaq_ground
2026-03-22 03:30:00,23.175,136.75,94.03333333333335,openaq_ground
2026-03-22 04:30:00,20.25,103.475,62.01666666666667,openaq_ground
2026-03-22 05:30:00,19.15,94.625,45.833333333333336,openaq_ground
2026-03-22 06:30:00,18.3975,91.5,39.733333333333334,openaq_ground
2026-03-22 07:30:00,17.205000000000002,90.15,38.85,openaq_ground
2026-03-22 08:30:00,17.005,84.425,36.81666666666667,openaq_ground
2026-03-22 09:30:00,16.5925,76.65,33.93333333333333,openaq_ground
2026-03-22 10:30:00,16.380000000000003,65.9,31.941666666666666,openaq_ground
2026-03-22 11:30:00,19.045,66.625,31.583333333333332,openaq_ground
2026-03-22 12:30:00,25.1175,69.775,33.5,openaq_ground
2026-03-22 13:30:00,41.8625,91.5,37.416666666666664,openaq_ground
2026-03-22 14:30:00,48.05,125.5,47.61666666666667,openaq_ground
2026-03-22 15:30:00,48.95,145.5,61.46666666666667,openaq_ground
2026-03-22 16:30:00,48.5,161.0,67.26666666666667,openaq_ground
2026-03-22 17:30:00,47.35,171.5,72.26666666666667,openaq_ground
2026-03-22 18:30:00,37.175,159.0,66.26666666666667,openaq_ground
2026-03-22 19:30:00,38.5,140.0,65.18333333333332,openaq_ground
2026-03-22 20:30:00,38.65,126.0,65.0,openaq_ground
2026-03-22 21:30:00,38.45,122.25,63.21666666666667,openaq_ground
2026-03-22 22:30:00,31.174999999999997,114.75,64.38333333333334,openaq_ground
2026-03-22 23:30:00,24.0,93.3,59.083333333333336,openaq_ground
2026-03-23 00:30:00,23.275,49.6,40.68333333333333,openaq_ground
2026-03-23 01:30:00,23.93,48.775,38.88333333333333,openaq_ground
2026-03-23 02:30:00,29.0175,54.3,36.766666666666666,openaq_ground
2026-03-23 03:30:00,30.2975,52.8,40.916666666666664,openaq_ground
2026-03-23 04:30:00,35.714999999999996,62.25,38.4,openaq_ground
2026-03-23 05:30:00,38.9,75.3,39.416666666666664,openaq_ground
2026-03-23 06:30:00,38.725,93.875,42.11666666666667,openaq_ground
2026-03-23 07:30:00,33.075,102.325,47.48333333333333,openaq_ground
2026-03-23 08:30:00,25.3,96.2,47.96666666666667,openaq_ground
2026-03-23 09:30:00,24.65,91.575,46.083333333333336,openaq_ground
2026-03-23 10:30:00,,,38.2,openaq_ground
2026-03-23 11:30:00,37.166666666666664,97.33333333333333,50.36,openaq_ground
2026-03-23 12:30:00,54.949999999999996,115.75,51.800000000000004,openaq_ground
2026-03-23 13:30:00,60.825,130.25,56.416666666666664,openaq_ground
2026-03-23 14:30:00,55.175,143.5,62.26666666666667,openaq_ground
2026-03-23 15:30:00,53.3,152.0,65.51666666666667,openaq_ground
2026-03-23 16:30:00,48.85,177.75,77.53333333333333,openaq_ground
2026-03-23 17:30:00,46.9,200.25,91.18333333333334,openaq_ground
2026-03-23 18:30:00,38.64,221.75,112.18333333333334,openaq_ground
2026-03-23 19:30:00,34.752500000000005,216.25,110.41666666666667,openaq_ground
2026-03-23 20:30:00,28.4,200.75,103.23333333333333,openaq_ground
2026-03-23 21:30:00,28.3275,185.5,99.23333333333333,openaq_ground
2026-03-23 22:30:00,26.3425,169.0,105.2,openaq_ground
2026-03-23 23:30:00,27.474999999999998,149.75,100.53333333333335,openaq_ground
2026-03-24 00:30:00,28.05,134.75,92.41666666666667,openaq_ground
2026-03-24 01:30:00,37.887499999999996,139.25,92.75,openaq_ground
2026-03-24 02:30:00,50.95,163.25,99.5,openaq_ground
2026-03-24 03:30:00,41.025,156.75,89.5,openaq_ground
2026-03-24 04:30:00,27.625,138.75,72.86666666666666,openaq_ground
2026-03-24 05:30:00,21.025,129.0,60.833333333333336,openaq_ground
2026-03-24 06:30:00,21.28,121.875,55.5,openaq_ground
2026-03-24 07:30:00,18.2375,98.025,50.666666666666664,openaq_ground
2026-03-24 08:30:00,17.1875,92.825,44.26666666666667,openaq_ground
2026-03-24 09:30:00,15.32,85.43333333333334,41.11666666666667,openaq_ground
2026-03-24 10:30:00,16.41,85.175,44.333333333333336,openaq_ground
2026-03-24 11:30:00,18.865,91.375,43.166666666666664,openaq_ground
2026-03-24 12:30:00,24.3575,94.0,43.85,openaq_ground
2026-03-24 13:30:00,37.825,100.875,45.916666666666664,openaq_ground
2026-03-24 14:30:00,34.7,118.0,55.03333333333333,openaq_ground
2026-03-24 15:30:00,51.65,167.75,70.95,openaq_ground
2026-03-24 16:30:00,52.025,189.5,81.48333333333333,openaq_ground
2026-03-24 17:30:00,47.35,201.25,84.06666666666666,openaq_ground
2026-03-24 18:30:00,44.6,170.25,94.18333333333334,openaq_ground
2026-03-24 19:30:00,43.775,173.25,97.36666666666667,openaq_ground
2026-03-24 20:30:00,40.262499999999996,166.0,98.28333333333335,openaq_ground
2026-03-24 21:30:00,38.2375,163.0,102.93333333333334,openaq_ground
2026-03-24 22:30:00,38.025,175.75,113.95,openaq_ground
2026-03-24 23:30:00,43.4,197.25,144.25,openaq_ground
2026-03-25 00:30:00,41.075,218.75,173.54999999999998,openaq_ground
2026-03-25 01:30:00,40.65,234.5,157.29999999999998,openaq_ground
2026-03-25 02:30:00,42.125,210.5,139.61666666666667,openaq_ground
2026-03-25 03:30:00,27.75,191.75,104.8,openaq_ground
2026-03-25 04:30:00,21.2,141.0,69.58333333333333,openaq_ground
2026-03-25 05:30:00,18.3525,116.0,58.01666666666667,openaq_ground
2026-03-25 06:30:00,,,40.25,openaq_ground
2026-03-25 07:30:00,19.357499999999998,74.7,35.88333333333333,openaq_ground
2026-03-25 08:30:00,19.075,78.55,32.574999999999996,openaq_ground
2026-03-25 09:30:00,19.3,66.075,28.641666666666666,openaq_ground
2026-03-25 10:30:00,18.3425,63.6,27.521666666666665,openaq_ground
2026-03-25 11:30:00,23.5925,71.725,33.75833333333333,openaq_ground
2026-03-25 12:30:00,35.4,86.325,32.56666666666666,openaq_ground
2026-03-25 13:30:00,55.825,107.55,39.666666666666664,openaq_ground
2026-03-25 14:30:00,61.825,145.25,57.9,openaq_ground
2026-03-25 15:30:00,60.95,186.25,69.46666666666667,openaq_ground
2026-03-25 16:30:00,56.8,208.5,74.68333333333334,openaq_ground
2026-03-25 17:30:00,54.025,216.75,80.98333333333333,openaq_ground
2026-03-25 18:30:00,,,78.2,openaq_ground
2026-03-25 19:30:00,44.225,174.25,76.53333333333333,openaq_ground
2026-03-25 20:30:00,33.025,151.5,71.31666666666666,openaq_ground
2026-03-25 21:30:00,38.75,140.5,73.31666666666666,openaq_ground
2026-03-25 22:30:00,44.175000000000004,151.0,80.10000000000001,openaq_ground
2026-03-25 23:30:00,45.85,148.25,80.0,openaq_ground
2026-03-26 00:30:00,42.925000000000004,144.5,80.31666666666666,openaq_ground
2026-03-26 01:30:00,43.875,150.75,95.53333333333335,openaq_ground
2026-03-26 02:30:00,49.425,174.5,105.18333333333334,openaq_ground
2026-03-26 03:30:00,50.25,158.75,82.14999999999999,openaq_ground
2026-03-26 04:30:00,40.875,141.0,71.38333333333334,openaq_ground
2026-03-26 05:30:00,31.45,146.0,67.01666666666667,openaq_ground
2026-03-26 06:30:00,24.975,135.75,63.666666666666664,openaq_ground
2026-03-26 07:30:00,20.0,116.8,54.76666666666667,openaq_ground
2026-03-26 08:30:00,19.32,106.1,49.06666666666666,openaq_ground
2026-03-26 09:30:00,21.475,107.75,45.25,openaq_ground
2026-03-26 10:30:00,25.25,106.05,43.63333333333333,openaq_ground
2026-03-26 11:30:00,28.4,98.6,40.800000000000004,openaq_ground
2026-03-26 12:30:00,38.474999999999994,122.75,48.4,openaq_ground
2026-03-26 13:30:00,51.325,148.75,52.1,openaq_ground
2026-03-26 14:30:00,53.75,163.0,60.800000000000004,openaq_ground
2026-03-26 15:30:00,44.0,170.25,63.18333333333334,openaq_ground
2026-03-26 16:30:00,25.55,165.5,43.78333333333333,openaq_ground
2026-03-26 17:30:00,27.375,93.6,26.016666666666666,openaq_ground
2026-03-26 18:30:00,47.95,92.1,32.266666666666666,openaq_ground
2026-03-26 19:30:00,47.25,107.85,36.08833333333333,openaq_ground
2026-03-26 20:30:00,46.525000000000006,127.675,49.26666666666667,openaq_ground
2026-03-26 21:30:00,41.175,107.25,50.916666666666664,openaq_ground
2026-03-26 22:30:00,39.275,100.825,58.0,openaq_ground
2026-03-26 23:30:00,36.074999999999996,114.5,73.63333333333334,openaq_ground
2026-03-27 00:30:00,27.075,133.75,84.68333333333334,openaq_ground
2026-03-27 01:30:00,25.175,113.225,60.86666666666667,openaq_ground
2026-03-27 02:30:00,25.225,108.325,53.166666666666664,openaq_ground
2026-03-27 03:30:00,25.975,111.475,50.53333333333333,openaq_ground
2026-03-27 04:30:00,29.25,141.0,54.26666666666667,openaq_ground
2026-03-27 05:30:00,34.85,158.0,66.55,openaq_ground
2026-03-27 06:30:00,32.925,138.5,66.78333333333333,openaq_ground
2026-03-27 07:30:00,24.05,131.05,59.833333333333336,openaq_ground
2026-03-27 08:30:00,18.425,111.425,39.416666666666664,openaq_ground
2026-03-27 09:30:00,17.475,98.825,35.78333333333333,openaq_ground
2026-03-27 10:30:00,16.9625,82.625,28.956666666666667,openaq_ground
2026-03-27 11:30:00,20.0675,65.825,28.099999999999998,openaq_ground
2026-03-27 12:30:00,23.6225,69.45,29.55,openaq_ground
2026-03-27 13:30:00,29.7325,92.6,35.28333333333333,openaq_ground
2026-03-27 14:30:00,42.525000000000006,109.625,41.81666666666666,openaq_ground
2026-03-27 15:30:00,49.125,123.0,46.88333333333333,openaq_ground
2026-03-27 16:30:00,39.975,128.5,49.26666666666667,openaq_ground
2026-03-27 17:30:00,41.45,123.0,51.28333333333333,openaq_ground
2026-03-27 18:30:00,40.4,109.1,52.76666666666667,openaq_ground
2026-03-27 19:30:00,41.15,108.025,50.833333333333336,openaq_ground
2026-03-27 20:30:00,40.175000000000004,111.125,50.03333333333333,openaq_ground
2026-03-27 21:30:00,39.3,125.75,61.949999999999996,openaq_ground
2026-03-27 22:30:00,37.95,163.75,98.8,openaq_ground
2026-03-27 23:30:00,36.075,223.5,154.70000000000002,openaq_ground
2026-03-28 00:30:00,35.0,270.25,177.21666666666667,openaq_ground
2026-03-28 01:30:00,33.902499999999996,247.25,166.61666666666667,openaq_ground
2026-03-28 02:30:00,37.8,206.25,147.66666666666666,openaq_ground
2026-03-28 03:30:00,25.85,128.475,82.48333333333333,openaq_ground
2026-03-28 04:30:00,18.677500000000002,87.25,49.73333333333333,openaq_ground
2026-03-28 05:30:00,15.299999999999999,67.8,36.75,openaq_ground
2026-03-28 06:30:00,17.259999999999998,73.1,41.9,openaq_ground
2026-03-28 07:30:00,16.259999999999998,81.35,38.43333333333333,openaq_ground
2026-03-28 08:30:00,15.685,87.85,36.46666666666667,openaq_ground
2026-03-28 09:30:00,16.0075,100.425,38.38333333333333,openaq_ground
2026-03-28 10:30:00,16.025,100.1,38.23333333333333,openaq_ground
2026-03-28 11:30:00,21.06,84.625,29.808333333333334,openaq_ground
2026-03-28 12:30:00,32.375,78.275,28.8,openaq_ground
2026-03-28 13:30:00,51.225,90.65,28.666666666666668,openaq_ground
2026-03-28 14:30:00,54.275000000000006,126.0,43.81666666666666,openaq_ground
2026-03-28 15:30:00,55.575,167.25,57.166666666666664,openaq_ground
2026-03-28 16:30:00,53.875,215.25,75.14999999999999,openaq_ground
2026-03-28 17:30:00,50.225,234.25,82.51666666666667,openaq_ground
2026-03-28 18:30:00,48.525,256.5,97.39999999999999,openaq_ground
2026-03-28 19:30:00,49.075,264.25,105.41666666666667,openaq_ground
2026-03-28 20:30:00,44.615,267.75,105.55,openaq_ground
2026-03-28 21:30:00,42.36,253.0,109.11666666666667,openaq_ground
2026-03-28 22:30:00,39.135,239.75,113.3,openaq_ground
2026-03-28 23:30:00,42.735,230.25,122.0,openaq_ground
2026-03-29 00:30:00,50.1925,227.75,120.33333333333333,openaq_ground
2026-03-29 01:30:00,40.599999999999994,220.5,120.75,openaq_ground
2026-03-29 02:30:00,35.625,216.25,121.01666666666667,openaq_ground
2026-03-29 03:30:00,27.875,186.5,100.3,openaq_ground
2026-03-29 04:30:00,23.2,159.0,72.64999999999999,openaq_ground
2026-03-29 05:30:00,22.125,155.0,61.083333333333336,openaq_ground
2026-03-29 06:30:00,20.825,145.25,76.05499999999999,openaq_ground
2026-03-29 07:30:00,19.175,151.75,46.5,openaq_ground
2026-03-29 08:30:00,19.225,179.5,38.833333333333336,openaq_ground
2026-03-29 09:30:00,19.05,173.25,36.65,openaq_ground
2026-03-29 10:30:00,20.175,151.0,36.800000000000004,openaq_ground
2026-03-29 11:30:00,26.575,142.5,33.68333333333333,openaq_ground
2026-03-29 12:30:00,27.15,172.25,46.1,openaq_ground
2026-03-29 13:30:00,27.575,195.5,58.15,openaq_ground
2026-03-29 14:30:00,29.924999999999997,193.5,67.75,openaq_ground
2026-03-29 15:30:00,31.975,179.75,67.2,openaq_ground
2026-03-29 16:30:00,38.7,155.25,59.56666666666666,openaq_ground
2026-03-29 17:30:00,46.9,136.0,56.083333333333336,openaq_ground
2026-03-29 18:30:00,50.025,146.75,55.38333333333333,openaq_ground
2026-03-29 19:30:00,48.775,157.5,57.38333333333333,openaq_ground
2026-03-29 20:30:00,46.475,155.25,60.98333333333333,openaq_ground
2026-03-29 21:30:00,44.625,155.0,68.39999999999999,openaq_ground
2026-03-29 22:30:00,41.575,155.75,68.81666666666666,openaq_ground
2026-03-29 23:30:00,37.8,143.5,68.78333333333333,openaq_ground
2026-03-30 00:30:00,37.5,154.25,75.08333333333333,openaq_ground
2026-03-30 01:30:00,39.425000000000004,176.25,84.5,openaq_ground
2026-03-30 02:30:00,,,106.5,openaq_ground
2026-03-30 03:30:00,29.25,221.25,57.166666666666664,openaq_ground
2026-03-30 04:30:00,21.1,243.75,49.71666666666667,openaq_ground
2026-03-30 05:30:00,18.275,254.33333333333334,159.3,openaq_ground
2026-03-30 06:30:00,17.2475,225.75,98.46666666666665,openaq_ground
2026-03-30 07:30:00,16.1875,219.25,138.48333333333332,openaq_ground
2026-03-30 08:30:00,17.6,242.75,63.083333333333336,openaq_ground
2026-03-30 09:30:00,19.015,211.25,47.25,openaq_ground
2026-03-30 10:30:00,19.0825,205.0,46.26666666666667,openaq_ground
2026-03-30 11:30:00,28.025,158.75,35.800000000000004,openaq_ground
2026-03-30 12:30:00,35.875,105.75,31.416666666666668,openaq_ground
2026-03-30 13:30:00,40.0625,122.0,40.7,openaq_ground
2026-03-30 14:30:00,39.3125,150.25,46.199999999999996,openaq_ground
2026-03-30 15:30:00,39.105,165.75,50.43333333333334,openaq_ground
2026-03-30 16:30:00,38.4325,170.75,52.98333333333333,openaq_ground
2026-03-30 17:30:00,38.1575,174.5,55.63333333333333,openaq_ground
2026-03-30 18:30:00,32.483333333333334,193.33333333333334,55.94,openaq_ground
2026-03-30 19:30:00,29.820000000000004,191.33333333333334,53.04,openaq_ground
2026-03-30 20:30:00,28.47666666666667,164.66666666666666,47.980000000000004,openaq_ground
2026-03-30 21:30:00,25.363333333333333,137.0,56.94,openaq_ground
2026-03-30 22:30:00,23.44,148.0,65.12,openaq_ground
2026-03-30 23:30:00,21.363333333333333,184.0,85.06,openaq_ground
2026-03-31 00:30:00,22.03933333333333,199.33333333333334,107.46,openaq_ground
2026-03-31 01:30:00,30.043333333333333,228.66666666666666,132.48,openaq_ground
2026-03-31 02:30:00,33.0,176.0,90.26,openaq_ground
2026-03-31 03:30:00,20.175,129.675,49.833333333333336,openaq_ground
2026-03-31 04:30:00,18.075,111.06666666666666,39.1,openaq_ground
2026-03-31 05:30:00,17.400000000000002,109.13333333333333,32.32,openaq_ground
2026-03-31 06:30:00,16.490000000000002,142.0,47.13333333333333,openaq_ground
2026-03-31 07:30:00,17.675,155.75,45.51666666666667,openaq_ground
2026-03-31 08:30:00,18.475,159.25,44.699999999999996,openaq_ground
2026-03-31 09:30:00,39.075,166.5,40.76666666666667,openaq_ground
2026-03-31 10:30:00,29.35,134.5,39.833333333333336,openaq_ground
2026-03-31 11:30:00,29.75,73.425,23.905,openaq_ground
2026-03-31 12:30:00,32.725,34.65,17.558333333333334,openaq_ground
2026-03-31 13:30:00,35.724999999999994,23.6,17.796666666666667,openaq_ground
2026-03-31 14:30:00,33.85,41.25,27.5,openaq_ground
2026-03-31 15:30:00,33.05,42.65,31.333333333333332,openaq_ground
2026-03-31 16:30:00,30.875,40.95,30.25,openaq_ground
2026-03-31 17:30:00,35.125,29.474999999999998,26.916666666666668,openaq_ground
2026-03-31 18:30:00,23.525,58.4,31.816666666666666,openaq_ground
2026-03-31 19:30:00,19.1075,54.724999999999994,31.983333333333334,openaq_ground
2026-03-31 20:30:00,19.3,45.125,26.233333333333334,openaq_ground
2026-03-31 21:30:00,20.8475,56.025,29.713333333333335,openaq_ground
2026-03-31 22:30:00,19.78,67.45,33.788333333333334,openaq_ground
2026-03-31 23:30:00,18.0275,70.75,34.5,openaq_ground
2026-04-01 00:30:00,17.47,76.825,39.416666666666664,openaq_ground
2026-04-01 01:30:00,23.4625,87.825,44.62166666666667,openaq_ground
2026-04-01 02:30:00,33.925,119.25,61.166666666666664,openaq_ground
2026-04-01 03:30:00,35.4,130.5,65.33333333333333,openaq_ground
2026-04-01 04:30:00,37.15,141.25,65.86666666666666,openaq_ground
2026-04-01 05:30:00,28.075,134.25,60.9,openaq_ground
2026-04-01 06:30:00,21.0,109.825,53.0,openaq_ground
2026-04-01 07:30:00,10.649999999999999,75.4,33.925,openaq_ground
2026-04-01 08:30:00,18.525000000000002,82.15,39.199999999999996,openaq_ground
2026-04-01 09:30:00,17.79,69.825,29.733333333333334,openaq_ground
2026-04-01 10:30:00,20.8075,87.575,28.983333333333334,openaq_ground
2026-04-01 11:30:00,32.7,104.6,37.15,openaq_ground
2026-04-01 12:30:00,45.075,133.75,45.81666666666666,openaq_ground
2026-04-01 13:30:00,57.75,160.5,57.48333333333333,openaq_ground
2026-04-01 14:30:00,57.75,167.25,63.73333333333333,openaq_ground
2026-04-01 15:30:00,58.95,189.75,83.48333333333333,openaq_ground
2026-04-01 16:30:00,55.55,212.5,89.55,openaq_ground
2026-04-01 17:30:00,52.175000000000004,232.75,104.88333333333333,openaq_ground
2026-04-01 18:30:00,46.400000000000006,222.75,103.3,openaq_ground
2026-04-01 19:30:00,45.875,212.75,101.14999999999999,openaq_ground
2026-04-01 20:30:00,42.775,186.5,93.51666666666667,openaq_ground
2026-04-01 21:30:00,39.725,169.0,89.06666666666666,openaq_ground
2026-04-01 22:30:00,36.475,159.75,84.36666666666666,openaq_ground
2026-04-01 23:30:00,32.575,153.5,85.81666666666666,openaq_ground
2026-04-02 00:30:00,31.0875,166.25,97.64999999999999,openaq_ground
2026-04-02 01:30:00,32.9225,181.5,108.39999999999999,openaq_ground
2026-04-02 02:30:00,45.075,226.75,124.33333333333333,openaq_ground
2026-04-02 03:30:00,52.375,247.25,116.0,openaq_ground
2026-04-02 04:30:00,37.875,185.0,81.13333333333334,openaq_ground
2026-04-02 05:30:00,25.05,141.66666666666666,53.56666666666666,openaq_ground
2026-04-02 06:30:00,20.95,127.33333333333333,49.46666666666667,openaq_ground
2026-04-02 07:30:00,18.4125,135.0,51.083333333333336,openaq_ground
2026-04-02 08:30:00,17.947499999999998,133.0,52.96666666666667,openaq_ground
2026-04-02 09:30:00,21.3,122.33333333333333,51.86666666666667,openaq_ground
2026-04-02 10:30:00,23.275,129.33333333333334,52.65,openaq_ground
2026-04-02 11:30:00,34.475,129.75,52.800000000000004,openaq_ground
2026-04-02 12:30:00,61.625,134.5,53.98333333333333,openaq_ground
2026-04-02 13:30:00,80.425,192.5,68.5,openaq_ground
2026-04-02 14:30:00,76.75,231.25,77.05,openaq_ground
2026-04-02 15:30:00,72.825,249.0,87.33333333333333,openaq_ground
2026-04-02 16:30:00,66.95,257.0,101.7,openaq_ground
2026-04-02 17:30:00,59.3,263.5,110.66666666666667,openaq_ground
2026-04-02 18:30:00,56.25,294.5,115.83333333333333,openaq_ground
2026-04-02 19:30:00,48.7,290.75,117.33333333333333,openaq_ground
2026-04-02 20:30:00,40.417500000000004,276.0,117.5,openaq_ground
2026-04-02 21:30:00,39.097500000000004,246.25,112.58333333333333,openaq_ground
2026-04-02 22:30:00,38.875,231.0,109.64999999999999,openaq_ground
2026-04-02 23:30:00,27.45,380.5,122.31666666666666,openaq_ground
2026-04-03 00:30:00,16.85,982.25,169.96666666666667,openaq_ground
2026-04-03 01:30:00,14.575,1450.0,201.25,openaq_ground
2026-04-03 02:30:00,14.4875,1325.0,166.03333333333333,openaq_ground
2026-04-03 03:30:00,14.39,1007.25,120.46666666666665,openaq_ground
2026-04-03 04:30:00,14.6325,628.25,83.96666666666667,openaq_ground
2026-04-03 05:30:00,15.57,442.0,65.89999999999999,openaq_ground
2026-04-03 06:30:00,14.2925,345.75,56.31666666666666,openaq_ground
2026-04-03 07:30:00,16.7125,263.0,49.78333333333333,openaq_ground
2026-04-03 08:30:00,17.2325,230.5,46.48333333333333,openaq_ground
2026-04-03 09:30:00,18.7525,230.5,49.73333333333333,openaq_ground
2026-04-03 10:30:00,18.825,222.25,48.833333333333336,openaq_ground
2026-04-03 11:30:00,23.925,211.25,47.166666666666664,openaq_ground
2026-04-03 12:30:00,35.325,218.75,46.300000000000004,openaq_ground
2026-04-03 13:30:00,21.224999999999998,254.5,40.21666666666667,openaq_ground
2026-04-03 14:30:00,19.24,204.0,30.983333333333334,openaq_ground
2026-04-03 15:30:00,20.612499999999997,89.35,31.105,openaq_ground
2026-04-03 16:30:00,25.6325,79.65,34.5,openaq_ground
2026-04-03 17:30:00,28.975,74.075,35.233333333333334,openaq_ground
2026-04-03 18:30:00,28.455,111.55,48.333333333333336,openaq_ground
2026-04-03 19:30:00,25.3375,114.65,50.68333333333334,openaq_ground
2026-04-03 20:30:00,27.475,106.2,52.1,openaq_ground
2026-04-03 21:30:00,23.666666666666668,93.63333333333333,51.019999999999996,openaq_ground
2026-04-03 22:30:00,17.4375,79.775,42.9,openaq_ground
2026-04-03 23:30:00,23.7175,78.0,42.98333333333333,openaq_ground
2026-04-04 00:30:00,25.09,87.7,47.583333333333336,openaq_ground
2026-04-04 01:30:00,27.7,121.25,66.06666666666666,openaq_ground
2026-04-04 02:30:00,29.349999999999998,146.25,84.43333333333334,openaq_ground
2026-04-04 03:30:00,33.525,176.0,108.53333333333335,openaq_ground
2026-04-04 04:30:00,24.85,156.25,80.25,openaq_ground
2026-04-04 05:30:00,19.450000000000003,102.5,45.96666666666667,openaq_ground
2026-04-04 06:30:00,17.975,94.75,43.75,openaq_ground
2026-04-04 07:30:00,17.1625,98.575,42.28333333333333,openaq_ground
2026-04-04 08:30:00,17.865,95.225,40.9,openaq_ground
2026-04-04 09:30:00,20.06,96.3,40.233333333333334,openaq_ground
2026-04-04 10:30:00,17.5675,100.075,40.96666666666666,openaq_ground
2026-04-04 11:30:00,28.535,98.25,43.65,openaq_ground
2026-04-04 12:30:00,36.26,83.75,35.63333333333333,openaq_ground
2026-04-04 13:30:00,48.972500000000004,91.425,42.86666666666667,openaq_ground
2026-04-04 14:30:00,58.2,111.85,41.6,openaq_ground
2026-04-04 15:30:00,57.95,127.825,43.416666666666664,openaq_ground
2026-04-04 16:30:00,58.425000000000004,152.575,48.78333333333333,openaq_ground
2026-04-04 17:30:00,55.25,136.5,47.15,openaq_ground
2026-04-04 18:30:00,43.175,113.625,44.5,openaq_ground
2026-04-04 19:30:00,40.075,122.75,57.583333333333336,openaq_ground
2026-04-04 20:30:00,33.225,130.0,62.583333333333336,openaq_ground
2026-04-04 21:30:00,34.325,118.15,56.6,openaq_ground
2026-04-04 22:30:00,37.175,119.15,58.38333333333333,openaq_ground
2026-04-04 23:30:00,34.6,112.725,56.18333333333334,openaq_ground
2026-04-05 00:30:00,33.825,110.35,57.166666666666664,openaq_ground
2026-04-05 01:30:00,29.925,121.25,58.01666666666667,openaq_ground
2026-04-05 02:30:00,31.424999999999997,133.0,67.61666666666666,openaq_ground
2026-04-05 03:30:00,28.875,154.75,76.18333333333332,openaq_ground
2026-04-05 04:30:00,23.75,148.25,71.35000000000001,openaq_ground
2026-04-05 05:30:00,22.475,146.75,65.05,openaq_ground
2026-04-05 06:30:00,18.622500000000002,134.25,55.76666666666667,openaq_ground
2026-04-05 07:30:00,16.365000000000002,110.1,49.28333333333333,openaq_ground
2026-04-05 08:30:00,15.065,92.0,36.71666666666667,openaq_ground
2026-04-05 09:30:00,14.85,75.0,27.96666666666667,openaq_ground
2026-04-05 10:30:00,14.872499999999999,59.675,24.575,openaq_ground
2026-04-05 11:30:00,18.08,61.15,28.133333333333336,openaq_ground
2026-04-05 12:30:00,26.2975,66.025,28.695000000000004,openaq_ground
2026-04-05 13:30:00,31.55,84.65,34.86666666666667,openaq_ground
2026-04-05 14:30:00,45.75,115.7,43.93333333333334,openaq_ground
2026-04-05 15:30:00,53.125,151.25,58.199999999999996,openaq_ground
2026-04-05 16:30:00,55.7,165.25,63.449999999999996,openaq_ground
2026-04-05 17:30:00,37.35,143.25,53.46666666666667,openaq_ground
2026-04-05 18:30:00,,,37.85,openaq_ground
2026-04-05 19:30:00,39.45,99.875,46.4,openaq_ground
2026-04-05 20:30:00,37.550000000000004,101.95,48.5,openaq_ground
2026-04-05 21:30:00,36.0,100.25,48.53333333333333,openaq_ground
2026-04-05 22:30:00,37.5,103.325,55.93333333333334,openaq_ground
2026-04-05 23:30:00,39.325,114.075,61.5,openaq_ground
2026-04-06 00:30:00,36.2,130.2,64.26666666666667,openaq_ground
2026-04-06 01:30:00,42.375,144.4,77.86666666666666,openaq_ground
2026-04-06 02:30:00,55.4,178.75,89.68333333333334,openaq_ground
2026-04-06 03:30:00,45.725,157.0,79.8,openaq_ground
2026-04-06 04:30:00,24.4,97.925,46.1,openaq_ground
2026-04-06 05:30:00,17.325000000000003,63.075,30.53333333333333,openaq_ground
2026-04-06 06:30:00,15.3925,53.875,26.621666666666666,openaq_ground
2026-04-06 07:30:00,14.802499999999998,59.575,28.383333333333336,openaq_ground
2026-04-06 08:30:00,15.2975,62.9,26.366666666666664,openaq_ground
2026-04-06 09:30:00,15.719999999999999,63.8,29.25,openaq_ground
2026-04-06 10:30:00,16.5175,64.3,31.438333333333333,openaq_ground
2026-04-06 11:30:00,18.58,60.075,32.125,openaq_ground
2026-04-06 12:30:00,27.87,57.9,28.216666666666665,openaq_ground
2026-04-06 13:30:00,58.275,88.125,35.0,openaq_ground
2026-04-06 14:30:00,50.324999999999996,103.8,40.35,openaq_ground
2026-04-06 15:30:00,28.675,117.0,31.941666666666666,openaq_ground
2026-04-06 16:30:00,28.95,82.625,21.82166666666667,openaq_ground
2026-04-06 17:30:00,39.849999999999994,55.1,20.0,openaq_ground
2026-04-06 18:30:00,,,24.15,openaq_ground
2026-04-06 19:30:00,22.075,111.5,32.03333333333333,openaq_ground
2026-04-06 20:30:00,27.9775,125.0,32.06666666666667,openaq_ground
2026-04-06 21:30:00,27.650000000000002,121.0,38.06666666666666,openaq_ground
2026-04-06 22:30:00,24.375,108.2,46.18333333333333,openaq_ground
2026-04-06 23:30:00,27.075,98.15,45.35,openaq_ground
2026-04-07 00:30:00,29.8,121.25,55.73333333333333,openaq_ground
2026-04-07 01:30:00,35.125,122.5,64.68333333333334,openaq_ground
2026-04-07 02:30:00,36.125,120.0,69.13333333333334,openaq_ground
2026-04-07 03:30:00,33.2,160.0,74.78333333333333,openaq_ground
2026-04-07 04:30:00,30.575000000000003,152.75,59.0,openaq_ground
2026-04-07 05:30:00,28.25,127.5,46.699999999999996,openaq_ground
2026-04-07 06:30:00,27.525,117.125,39.78333333333333,openaq_ground
2026-04-07 07:30:00,28.95,96.575,36.1,openaq_ground
2026-04-07 08:30:00,,,29.2,openaq_ground
2026-04-07 09:30:00,,,30.3,openaq_ground
2026-04-07 10:30:00,40.050000000000004,51.925,34.5,openaq_ground
2026-04-07 11:30:00,40.65,63.525,43.050000000000004,openaq_ground
2026-04-07 12:30:00,39.475,78.7,48.86666666666667,openaq_ground
2026-04-07 13:30:00,46.425000000000004,75.39999999999999,44.23333333333333,openaq_ground
2026-04-07 14:30:00,45.25,91.76666666666667,56.06666666666666,openaq_ground
2026-04-07 15:30:00,42.025,102.03333333333335,62.51666666666667,openaq_ground
2026-04-07 16:30:00,26.475,85.53333333333335,55.61666666666667,openaq_ground
2026-04-07 17:30:00,27.575,57.93333333333334,44.583333333333336,openaq_ground
2026-04-07 18:30:00,31.6,47.43333333333334,40.11666666666667,openaq_ground
2026-04-07 19:30:00,23.775,45.43333333333334,35.833333333333336,openaq_ground
2026-04-07 20:30:00,13.4,41.699999999999996,31.53333333333333,openaq_ground
2026-04-07 21:30:00,15.025,33.5,28.57166666666667,openaq_ground
2026-04-07 22:30:00,16.189999999999998,36.36666666666667,23.66,openaq_ground
2026-04-07 23:30:00,16.9525,32.333333333333336,22.588333333333335,openaq_ground
2026-04-08 00:30:00,19.9775,39.699999999999996,20.791666666666668,openaq_ground
2026-04-08 01:30:00,20.3825,48.5,22.438333333333333,openaq_ground
2026-04-08 02:30:00,19.305,50.53333333333333,34.28333333333334,openaq_ground
2026-04-08 03:30:00,19.275,65.83333333333333,43.15,openaq_ground
2026-04-08 04:30:00,19.3375,68.39999999999999,42.18333333333333,openaq_ground
2026-04-08 05:30:00,19.6125,75.875,41.21666666666667,openaq_ground
2026-04-08 06:30:00,20.4,78.75,40.93333333333333,openaq_ground
2026-04-08 07:30:00,18.945,75.1,38.333333333333336,openaq_ground
2026-04-08 08:30:00,16.66,77.975,37.65,openaq_ground
2026-04-08 09:30:00,15.45,80.9,39.266666666666666,openaq_ground
2026-04-08 10:30:00,17.755000000000003,84.3,41.4,openaq_ground
2026-04-08 11:30:00,24.0,99.95,42.78333333333333,openaq_ground
2026-04-08 12:30:00,30.325,95.875,39.95,openaq_ground
2026-04-08 13:30:00,36.025,83.3,38.016666666666666,openaq_ground
2026-04-08 14:30:00,42.175,89.05,43.73333333333333,openaq_ground
2026-04-08 15:30:00,41.725,81.225,41.81666666666667,openaq_ground
2026-04-08 16:30:00,40.474999999999994,78.15,42.38333333333333,openaq_ground
2026-04-08 17:30:00,38.550000000000004,87.875,45.949999999999996,openaq_ground
2026-04-08 18:30:00,,,53.05,openaq_ground
2026-04-08 19:30:00,25.775,84.325,45.65,openaq_ground
2026-04-08 20:30:00,20.275,62.125,36.78333333333333,openaq_ground
2026-04-08 21:30:00,21.94,56.95,38.88333333333333,openaq_ground
2026-04-08 22:30:00,22.6975,52.75,35.81666666666667,openaq_ground
2026-04-08 23:30:00,25.39,52.0,38.58,openaq_ground
2026-04-09 00:30:00,28.625,57.05,36.550000000000004,openaq_ground
2026-04-09 01:30:00,21.96666666666667,65.76666666666667,35.7,openaq_ground
2026-04-09 02:30:00,22.099999999999998,78.5,43.62,openaq_ground
2026-04-09 03:30:00,21.900000000000002,88.73333333333333,43.92,openaq_ground
2026-04-09 04:30:00,21.55,82.95,41.43333333333333,openaq_ground
2026-04-09 05:30:00,19.275,67.63333333333333,31.54,openaq_ground
2026-04-09 06:30:00,,,30.05,openaq_ground
2026-04-09 07:30:00,,,30.25,openaq_ground
2026-04-09 08:30:00,8.49,113.6,34.21,openaq_ground
2026-04-09 09:30:00,16.8525,80.2,32.300000000000004,openaq_ground
2026-04-09 10:30:00,16.3,67.2,28.149999999999995,openaq_ground
2026-04-09 11:30:00,22.125,67.875,30.383333333333336,openaq_ground
2026-04-09 12:30:00,36.925000000000004,74.475,32.21666666666667,openaq_ground
2026-04-09 13:30:00,50.175,83.05,33.913333333333334,openaq_ground
2026-04-09 14:30:00,57.725,117.975,46.61666666666667,openaq_ground
2026-04-09 15:30:00,63.075,160.5,63.56666666666666,openaq_ground
2026-04-09 16:30:00,64.675,212.25,91.28333333333335,openaq_ground
2026-04-09 17:30:00,61.05,233.5,98.38333333333333,openaq_ground
2026-04-09 18:30:00,27.7,141.33333333333334,58.7,openaq_ground
2026-04-09 19:30:00,27.333333333333332,113.33333333333333,49.4,openaq_ground
2026-04-09 20:30:00,40.36666666666667,111.33333333333333,49.04,openaq_ground
2026-04-09 21:30:00,44.36666666666667,115.33333333333333,53.0,openaq_ground
2026-04-09 22:30:00,41.1,123.7,59.48,openaq_ground
2026-04-09 23:30:00,39.36666666666667,147.0,87.38,openaq_ground
2026-04-10 00:30:00,33.333333333333336,167.33333333333334,99.44,openaq_ground
2026-04-10 01:30:00,28.099999999999998,162.66666666666666,89.16,openaq_ground
2026-04-10 02:30:00,20.700000000000003,128.66666666666666,66.6,openaq_ground
2026-04-10 03:30:00,19.45,111.6,53.96666666666667,openaq_ground
2026-04-10 04:30:00,18.795,98.7,39.05,openaq_ground
2026-04-10 05:30:00,17.4025,105.825,30.73333333333333,openaq_ground
2026-04-10 06:30:00,17.1525,108.525,36.50833333333333,openaq_ground
2026-04-10 07:30:00,17.59,102.475,26.150000000000002,openaq_ground
2026-04-10 08:30:00,18.112499999999997,102.625,23.641666666666666,openaq_ground
2026-04-10 09:30:00,18.9225,103.075,24.833333333333332,openaq_ground
2026-04-10 10:30:00,19.1325,105.95,25.09166666666667,openaq_ground
2026-04-10 11:30:00,22.052500000000002,100.875,23.28333333333333,openaq_ground
2026-04-10 12:30:00,26.6175,110.0,27.45,openaq_ground
2026-04-10 13:30:00,30.9,120.0,36.5,openaq_ground
2026-04-10 14:30:00,38.425,139.5,44.98333333333333,openaq_ground
2026-04-10 15:30:00,35.85,138.0,44.61666666666667,openaq_ground
2026-04-10 16:30:00,32.15,138.5,44.38333333333333,openaq_ground
2026-04-10 17:30:00,28.475,133.0,43.666666666666664,openaq_ground
2026-04-10 18:30:00,,,36.15,openaq_ground
2026-04-10 19:30:00,24.55,94.95,38.6,openaq_ground
2026-04-10 20:30:00,23.474999999999998,87.975,37.166666666666664,openaq_ground
2026-04-10 21:30:00,22.45,82.65,41.583333333333336,openaq_ground
2026-04-10 22:30:00,23.475,75.3,40.28333333333333,openaq_ground
2026-04-10 23:30:00,25.2825,72.225,40.65,openaq_ground
2026-04-11 00:30:00,26.35,79.425,43.36666666666667,openaq_ground
2026-04-11 01:30:00,27.55,102.8,53.53333333333333,openaq_ground
2026-04-11 02:30:00,26.5,110.15,55.26666666666667,openaq_ground
2026-04-11 03:30:00,21.95,104.825,44.31666666666666,openaq_ground
2026-04-11 04:30:00,19.695,92.975,33.71666666666667,openaq_ground
2026-04-11 05:30:00,17.9375,93.975,31.45,openaq_ground
2026-04-11 06:30:00,16.53,90.7,29.516666666666666,openaq_ground
2026-04-11 07:30:00,16.965,99.2,31.59166666666667,openaq_ground
2026-04-11 08:30:00,17.6325,98.45,26.139999999999997,openaq_ground
2026-04-11 09:30:00,15.7075,98.2,20.9,openaq_ground
2026-04-11 10:30:00,18.2675,110.7,21.64,openaq_ground
2026-04-11 11:30:00,23.2,124.5,29.560000000000002,openaq_ground
2026-04-11 12:30:00,30.375,139.25,37.18,openaq_ground
2026-04-11 13:30:00,44.599999999999994,152.5,50.81666666666666,openaq_ground
2026-04-11 14:30:00,50.25,170.0,56.166666666666664,openaq_ground
2026-04-11 15:30:00,56.05,182.5,60.050000000000004,openaq_ground
2026-04-11 16:30:00,56.35,198.5,67.58333333333333,openaq_ground
2026-04-11 17:30:00,58.275000000000006,200.0,70.16666666666667,openaq_ground
2026-04-11 18:30:00,41.35,207.75,79.3,openaq_ground
2026-04-11 19:30:00,33.875,185.5,74.75,openaq_ground
2026-04-11 20:30:00,29.075,149.25,65.56666666666666,openaq_ground
2026-04-11 21:30:00,32.9,124.0,56.949999999999996,openaq_ground
2026-04-11 22:30:00,39.625,116.0,54.48333333333333,openaq_ground
2026-04-11 23:30:00,43.725,133.75,58.833333333333336,openaq_ground
2026-04-12 00:30:00,41.4,148.5,66.25,openaq_ground
2026-04-12 01:30:00,35.45,213.75,126.83333333333333,openaq_ground
2026-04-12 02:30:00,27.6,242.75,136.16666666666666,openaq_ground
2026-04-12 03:30:00,22.375,166.25,88.43333333333334,openaq_ground
2026-04-12 04:30:00,19.25,131.0,64.43333333333334,openaq_ground
2026-04-12 05:30:00,16.525,124.0,51.699999999999996,openaq_ground
2026-04-12 06:30:00,14.295,101.0,38.61666666666667,openaq_ground
2026-04-12 07:30:00,14.057500000000001,86.175,35.15,openaq_ground
2026-04-12 08:30:00,13.767499999999998,84.25,33.833333333333336,openaq_ground
2026-04-12 09:30:00,14.9375,81.65,30.005,openaq_ground
2026-04-12 10:30:00,15.4525,89.125,33.199999999999996,openaq_ground
2026-04-12 11:30:00,16.8875,79.15,40.86666666666667,openaq_ground
2026-04-12 12:30:00,24.067500000000003,84.05,25.724999999999998,openaq_ground
2026-04-12 13:30:00,30.175,98.375,26.224999999999998,openaq_ground
2026-04-12 14:30:00,39.825,119.825,32.9,openaq_ground
2026-04-12 15:30:00,40.025,135.0,37.38333333333333,openaq_ground
2026-04-12 16:30:00,44.349999999999994,137.5,40.98333333333333,openaq_ground
2026-04-12 17:30:00,49.6,136.75,41.76666666666667,openaq_ground
2026-04-12 18:30:00,,,42.55,openaq_ground
2026-04-12 19:30:00,52.8,132.0,50.75,openaq_ground
2026-04-12 20:30:00,46.76666666666667,115.96666666666665,49.8,openaq_ground
2026-04-12 21:30:00,39.06666666666666,106.33333333333333,48.78,openaq_ground
2026-04-12 22:30:00,35.06666666666666,108.33333333333333,50.6,openaq_ground
2026-04-12 23:30:00,33.125,82.475,43.01666666666667,openaq_ground
2026-04-13 00:30:00,37.125,83.7,54.93333333333334,openaq_ground
2026-04-13 01:30:00,48.975,180.25,124.14999999999999,openaq_ground
2026-04-13 02:30:00,45.9,258.5,156.5,openaq_ground
2026-04-13 03:30:00,38.15,212.75,125.2,openaq_ground
2026-04-13 04:30:00,26.55,160.55,78.23333333333333,openaq_ground
2026-04-13 05:30:00,18.65,110.35,44.13333333333333,openaq_ground
2026-04-13 06:30:00,14.790000000000001,80.425,32.5,openaq_ground
2026-04-13 07:30:00,13.675,81.85,37.18333333333333,openaq_ground
2026-04-13 08:30:00,14.275,68.6,20.349999999999998,openaq_ground
2026-04-13 09:30:00,14.4825,71.2,24.2,openaq_ground
2026-04-13 10:30:00,15.955,80.8,26.21666666666667,openaq_ground
2026-04-13 11:30:00,18.88,69.575,22.516666666666666,openaq_ground
2026-04-13 12:30:00,30.435,81.65,23.583333333333332,openaq_ground
2026-04-13 13:30:00,51.05,105.75,29.7,openaq_ground
2026-04-13 14:30:00,61.825,140.5,40.800000000000004,openaq_ground
2026-04-13 15:30:00,63.675,158.0,48.663333333333334,openaq_ground
2026-04-13 16:30:00,57.650000000000006,172.25,53.6,openaq_ground
2026-04-13 17:30:00,50.425,174.0,57.916666666666664,openaq_ground
2026-04-13 18:30:00,45.199999999999996,170.75,58.38333333333333,openaq_ground
2026-04-13 19:30:00,44.3,155.0,54.63333333333333,openaq_ground
2026-04-13 20:30:00,37.125,126.25,52.18333333333334,openaq_ground
2026-04-13 21:30:00,35.7,108.75,46.416666666666664,openaq_ground
2026-04-13 22:30:00,38.25,94.375,39.93333333333333,openaq_ground
2026-04-13 23:30:00,39.725,98.15,46.88333333333333,openaq_ground
2026-04-14 00:30:00,44.35,114.575,49.333333333333336,openaq_ground
2026-04-14 01:30:00,53.824999999999996,150.0,70.3,openaq_ground
2026-04-14 02:30:00,57.75,189.75,82.25,openaq_ground
2026-04-14 03:30:00,34.925,204.75,88.05,openaq_ground
2026-04-14 04:30:00,28.3,203.0,80.88333333333334,openaq_ground
2026-04-14 05:30:00,23.175,170.0,64.86666666666666,openaq_ground
2026-04-14 06:30:00,17.8,124.75,52.38333333333333,openaq_ground
2026-04-14 07:30:00,16.48,111.425,45.78333333333333,openaq_ground
2026-04-14 08:30:00,14.915,106.7,38.733333333333334,openaq_ground
2026-04-14 09:30:00,14.967500000000001,92.025,31.21666666666667,openaq_ground
2026-04-14 10:30:00,19.544999999999998,93.65,27.849999999999998,openaq_ground
2026-04-14 11:30:00,35.0,90.0,20.0,openaq_ground
2026-04-14 12:30:00,,,25.05,openaq_ground
2026-04-14 13:30:00,,,37.9,openaq_ground
2026-04-14 14:30:00,37.4,149.0,42.56666666666667,openaq_ground
2026-04-14 15:30:00,71.275,198.0,60.26666666666667,openaq_ground
2026-04-14 16:30:00,66.525,204.0,65.16666666666667,openaq_ground
2026-04-14 17:30:00,61.675,193.75,68.36666666666666,openaq_ground
2026-04-14 18:30:00,61.6,197.25,73.8,openaq_ground
2026-04-14 19:30:00,60.575,184.0,75.45,openaq_ground
2026-04-14 20:30:00,59.599999999999994,172.0,67.35000000000001,openaq_ground
2026-04-14 21:30:00,56.675000000000004,179.25,69.64999999999999,openaq_ground
2026-04-14 22:30:00,56.525,196.0,73.23333333333333,openaq_ground
2026-04-14 23:30:00,54.225,186.0,76.63333333333334,openaq_ground
2026-04-15 00:30:00,48.75000000000001,206.25,86.66666666666667,openaq_ground
2026-04-15 01:30:00,65.225,305.25,151.16666666666666,openaq_ground
2026-04-15 02:30:00,75.25,393.5,201.5,openaq_ground
2026-04-15 03:30:00,53.925000000000004,316.0,160.83333333333334,openaq_ground
2026-04-15 04:30:00,36.65,248.75,100.18333333333334,openaq_ground
2026-04-15 05:30:00,23.599999999999998,194.25,77.18333333333334,openaq_ground
2026-04-15 06:30:00,17.225,138.625,47.583333333333336,openaq_ground
2026-04-15 07:30:00,14.9125,80.2,29.433333333333334,openaq_ground
2026-04-15 08:30:00,12.5575,83.675,25.28333333333333,openaq_ground
2026-04-15 09:30:00,13.549999999999999,71.975,20.316666666666666,openaq_ground
2026-04-15 10:30:00,13.9775,60.725,19.283333333333335,openaq_ground
2026-04-15 11:30:00,20.227500000000003,66.2,20.599999999999998,openaq_ground
2026-04-15 12:30:00,39.300000000000004,70.725,19.03333333333333,openaq_ground
2026-04-15 13:30:00,57.85,98.45,25.212500000000002,openaq_ground
2026-04-15 14:30:00,64.15,129.0,38.445,openaq_ground
2026-04-15 15:30:00,68.25,179.75,65.93333333333334,openaq_ground
2026-04-15 16:30:00,68.95,232.25,76.3,openaq_ground
2026-04-15 17:30:00,67.075,244.0,86.36666666666667,openaq_ground
2026-04-15 18:30:00,61.375,290.75,110.10000000000001,openaq_ground
2026-04-15 19:30:00,58.9,299.25,116.68333333333334,openaq_ground
2026-04-15 20:30:00,,,116.45,openaq_ground
2026-04-15 21:30:00,50.525,254.0,114.71666666666665,openaq_ground
2026-04-15 22:30:00,50.43333333333333,252.33333333333334,124.42,openaq_ground
2026-04-15 23:30:00,47.025,265.0,132.28333333333333,openaq_ground
2026-04-16 00:30:00,46.824999999999996,300.75,143.16666666666666,openaq_ground
2026-04-16 01:30:00,62.775000000000006,329.0,148.0,openaq_ground
2026-04-16 02:30:00,90.575,350.5,182.33333333333334,openaq_ground
2026-04-16 03:30:00,75.14999999999999,330.75,154.5,openaq_ground
2026-04-16 04:30:00,34.45,219.1,79.41666666666667,openaq_ground
2026-04-16 05:30:00,22.525,185.5,53.48333333333333,openaq_ground
2026-04-16 06:30:00,17.5675,108.825,38.9,openaq_ground
2026-04-16 07:30:00,16.4175,95.65,33.04,openaq_ground
2026-04-16 08:30:00,,,33.5,openaq_ground
2026-04-16 09:30:00,,,28.9,openaq_ground
2026-04-16 10:30:00,,,26.85,openaq_ground
2026-04-16 11:30:00,,,28.9,openaq_ground
2026-04-16 12:30:00,,,29.75,openaq_ground
2026-04-16 13:30:00,,,38.6,openaq_ground
2026-04-16 14:30:00,,,53.8,openaq_ground
2026-04-16 15:30:00,,,60.05,openaq_ground
2026-04-16 16:30:00,74.325,229.75,74.43333333333332,openaq_ground
2026-04-16 17:30:00,70.45,254.0,82.89999999999999,openaq_ground
2026-04-16 18:30:00,62.55,301.5,109.0,openaq_ground
2026-04-16 19:30:00,58.3,295.75,110.5,openaq_ground
2026-04-16 20:30:00,50.625,286.25,111.33333333333333,openaq_ground
2026-04-16 21:30:00,49.75,294.75,112.0,openaq_ground
2026-04-16 22:30:00,47.35,319.0,128.0,openaq_ground
2026-04-16 23:30:00,45.125,369.25,166.16666666666666,openaq_ground
2026-04-17 00:30:00,43.65,348.0,155.83333333333334,openaq_ground
2026-04-17 01:30:00,58.275,342.0,162.33333333333334,openaq_ground
2026-04-17 02:30:00,85.25,337.5,188.16666666666666,openaq_ground
2026-04-17 03:30:00,97.3,362.5,154.83333333333334,openaq_ground
2026-04-17 04:30:00,72.075,305.5,162.78333333333333,openaq_ground
2026-04-17 05:30:00,51.45,242.25,73.56,openaq_ground
2026-04-17 06:30:00,45.1,256.75,99.4,openaq_ground
2026-04-17 07:30:00,30.5,250.75,84.06,openaq_ground
2026-04-17 08:30:00,30.95,194.0,54.120000000000005,openaq_ground
2026-04-17 09:30:00,56.925,162.5,48.519999999999996,openaq_ground
2026-04-17 10:30:00,,,42.55,openaq_ground
2026-04-17 11:30:00,,,49.5,openaq_ground
2026-04-17 12:30:00,17.3,246.0,54.15,openaq_ground
2026-04-17 13:30:00,30.925,115.3,37.11666666666667,openaq_ground
2026-04-17 14:30:00,28.15,72.65,36.516666666666666,openaq_ground
2026-04-17 15:30:00,19.55,59.6,24.458333333333332,openaq_ground
2026-04-17 16:30:00,6.075,29.0,13.763333333333334,openaq_ground
2026-04-17 17:30:00,12.4475,30.11,11.606666666666667,openaq_ground
2026-04-17 18:30:00,,,10.2,openaq_ground
2026-04-17 19:30:00,32.400000000000006,78.15,22.96666666666667,openaq_ground
2026-04-17 20:30:00,28.53333333333333,99.3,26.861666666666665,openaq_ground
2026-04-17 21:30:00,20.8875,86.65,32.5,openaq_ground
2026-04-17 22:30:00,23.375,104.775,57.63333333333333,openaq_ground
2026-04-17 23:30:00,19.725,147.5,89.81666666666666,openaq_ground
2026-04-18 00:30:00,16.5175,155.75,93.39999999999999,openaq_ground
2026-04-18 01:30:00,25.9175,139.8,90.35000000000001,openaq_ground
2026-04-18 02:30:00,30.1175,165.9,104.23333333333333,openaq_ground
2026-04-18 03:30:00,21.483249999999998,196.2,103.55,openaq_ground
2026-04-18 04:30:00,16.075,183.75,82.01666666666667,openaq_ground
2026-04-18 05:30:00,21.85,162.0,69.33333333333333,openaq_ground
2026-04-18 06:30:00,21.775000000000002,138.0,50.54,openaq_ground
2026-04-18 07:30:00,16.825,129.5,47.13333333333333,openaq_ground
2026-04-18 08:30:00,13.674999999999999,115.65,45.0,openaq_ground
2026-04-18 09:30:00,15.1275,97.95,43.65833333333333,openaq_ground
2026-04-18 10:30:00,,,24.2,openaq_ground
2026-04-18 11:30:00,30.900000000000002,87.25,27.983333333333334,openaq_ground
2026-04-18 12:30:00,52.95,94.275,27.983333333333334,openaq_ground
2026-04-18 13:30:00,60.75,110.175,32.96666666666667,openaq_ground
2026-04-18 14:30:00,,,52.2,openaq_ground
2026-04-18 15:30:00,27.4,195.0,67.8,openaq_ground
2026-04-18 16:30:00,55.275,258.75,83.45,openaq_ground
2026-04-18 17:30:00,49.15,245.5,83.0,openaq_ground
2026-04-18 18:30:00,,,88.4,openaq_ground
2026-04-18 19:30:00,44.725,320.0,118.75,openaq_ground
2026-04-18 20:30:00,45.125,301.5,120.64999999999999,openaq_ground
2026-04-18 21:30:00,44.7,299.25,134.16666666666666,openaq_ground
2026-04-18 22:30:00,36.6,330.5,158.33333333333334,openaq_ground
2026-04-18 23:30:00,33.35,339.5,180.5,openaq_ground
2026-04-19 00:30:00,36.1,360.75,196.0,openaq_ground
2026-04-19 01:30:00,54.15,370.0,205.83333333333334,openaq_ground
2026-04-19 02:30:00,77.525,378.25,217.33333333333334,openaq_ground
2026-04-19 03:30:00,51.825,366.25,198.16666666666666,openaq_ground
2026-04-19 04:30:00,35.825,336.0,174.5,openaq_ground
2026-04-19 05:30:00,29.099999999999998,275.5,136.33333333333334,openaq_ground
2026-04-19 06:30:00,28.675,230.75,100.38333333333333,openaq_ground
2026-04-19 07:30:00,19.45,174.5,83.41666666666667,openaq_ground
2026-04-19 08:30:00,15.15,107.0,29.3,openaq_ground
2026-04-19 09:30:00,18.13,88.125,24.224999999999998,openaq_ground
2026-04-19 10:30:00,19.6825,72.4,21.75,openaq_ground
2026-04-19 11:30:00,21.575,77.45,26.025000000000002,openaq_ground
2026-04-19 12:30:00,37.775,92.85,28.883333333333336,openaq_ground
2026-04-19 13:30:00,56.275000000000006,113.825,35.43333333333333,openaq_ground
2026-04-19 14:30:00,59.575,139.0,49.800000000000004,openaq_ground
2026-04-19 15:30:00,56.375,170.25,60.26666666666667,openaq_ground
2026-04-19 16:30:00,36.375,202.5,75.03333333333333,openaq_ground
2026-04-19 17:30:00,31.325000000000003,220.25,53.333333333333336,openaq_ground
2026-04-19 18:30:00,33.225,200.0,58.23333333333333,openaq_ground
2026-04-19 19:30:00,38.725,190.75,63.949999999999996,openaq_ground
2026-04-19 20:30:00,38.6,183.0,51.449999999999996,openaq_ground
2026-04-19 21:30:00,36.85,168.0,60.1,openaq_ground
2026-04-19 22:30:00,35.675,158.75,52.63333333333333,openaq_ground
2026-04-19 23:30:00,35.95,154.75,61.699999999999996,openaq_ground
2026-04-20 00:30:00,37.775,166.25,63.849999999999994,openaq_ground
2026-04-20 01:30:00,40.925,204.0,89.8,openaq_ground
2026-04-20 02:30:00,47.475,294.75,110.2,openaq_ground
2026-04-20 03:30:00,47.13333333333333,328.3333333333333,110.42,openaq_ground
2026-04-20 04:30:00,24.625,219.75,90.45,openaq_ground
2026-04-20 05:30:00,30.15,228.5,71.75,openaq_ground
2026-04-20 06:30:00,,,36.9,openaq_ground
2026-04-20 07:30:00,16.4725,114.075,36.81666666666666,openaq_ground
2026-04-20 08:30:00,15.2525,103.625,32.65833333333333,openaq_ground
2026-04-20 09:30:00,14.6575,102.725,27.808333333333334,openaq_ground
2026-04-20 10:30:00,14.8,98.675,24.916666666666668,openaq_ground
2026-04-20 11:30:00,10.96,113.55,34.15,openaq_ground
2026-04-20 12:30:00,26.1,105.275,33.36666666666667,openaq_ground
2026-04-20 13:30:00,38.425,118.0,35.3,openaq_ground
2026-04-20 14:30:00,53.55,138.75,42.13333333333333,openaq_ground
2026-04-20 15:30:00,58.25,156.5,47.083333333333336,openaq_ground
2026-04-20 16:30:00,57.75,173.0,55.083333333333336,openaq_ground
2026-04-20 17:30:00,50.4,175.25,54.4,openaq_ground
2026-04-20 18:30:00,50.125,158.5,55.15,openaq_ground
2026-04-20 19:30:00,52.175,158.5,54.88333333333333,openaq_ground
2026-04-20 20:30:00,40.05,151.5,55.35,openaq_ground
2026-04-20 21:30:00,41.375,138.75,53.15,openaq_ground
2026-04-20 22:30:00,39.225,129.0,50.416666666666664,openaq_ground
2026-04-20 23:30:00,39.4,123.25,46.36666666666667,openaq_ground
2026-04-21 00:30:00,41.825,142.25,61.06666666666666,openaq_ground
2026-04-21 01:30:00,47.05,228.75,102.78333333333335,openaq_ground
2026-04-21 02:30:00,39.325,306.25,127.83333333333333,openaq_ground
2026-04-21 03:30:00,32.325,263.75,101.75,openaq_ground
2026-04-21 04:30:00,24.325,224.0,78.8,openaq_ground
2026-04-21 05:30:00,18.8325,193.5,60.4,openaq_ground
2026-04-21 06:30:00,14.222499999999998,161.75,41.766666666666666,openaq_ground
2026-04-21 07:30:00,13.5625,153.5,36.483333333333334,openaq_ground
2026-04-21 08:30:00,13.764999999999999,130.825,34.266666666666666,openaq_ground
2026-04-21 09:30:00,13.647499999999999,127.95,34.63333333333333,openaq_ground
2026-04-21 10:30:00,14.3025,127.0,36.766666666666666,openaq_ground
2026-04-21 11:30:00,18.045,131.0,37.35,openaq_ground
2026-04-21 12:30:00,25.55,133.25,38.31666666666667,openaq_ground
2026-04-21 13:30:00,51.675,149.25,41.53333333333333,openaq_ground
2026-04-21 14:30:00,62.3,184.25,59.333333333333336,openaq_ground
2026-04-21 15:30:00,63.1,193.5,62.666666666666664,openaq_ground
2026-04-21 16:30:00,62.75,214.25,73.56666666666666,openaq_ground
2026-04-21 17:30:00,61.900000000000006,230.5,80.41666666666667,openaq_ground
2026-04-21 18:30:00,58.975,242.0,87.96666666666665,openaq_ground
2026-04-21 19:30:00,59.175,227.5,87.23333333333333,openaq_ground
2026-04-21 20:30:00,54.475,219.75,85.2,openaq_ground
2026-04-21 21:30:00,52.525,260.75,102.16666666666667,openaq_ground
2026-04-21 22:30:00,49.675,292.5,123.63333333333333,openaq_ground
2026-04-21 23:30:00,48.05,272.25,131.16666666666666,openaq_ground
2026-04-22 00:30:00,50.5,306.25,148.16666666666666,openaq_ground
2026-04-22 01:30:00,53.325,333.5,149.66666666666666,openaq_ground
2026-04-22 02:30:00,40.875,321.5,119.83333333333333,openaq_ground
2026-04-22 03:30:00,29.925,266.75,86.36666666666667,openaq_ground
2026-04-22 04:30:00,22.7,220.0,63.800000000000004,openaq_ground
2026-04-22 05:30:00,16.73,190.75,50.61666666666667,openaq_ground
2026-04-22 06:30:00,14.940000000000001,161.5,48.01666666666667,openaq_ground
2026-04-22 07:30:00,13.54,133.75,36.56666666666667,openaq_ground
2026-04-22 08:30:00,14.157499999999999,120.5,34.583333333333336,openaq_ground
2026-04-22 09:30:00,13.600000000000001,118.75,34.25,openaq_ground
2026-04-22 10:30:00,14.595,113.0,34.86666666666667,openaq_ground
2026-04-22 11:30:00,18.625,106.575,32.449999999999996,openaq_ground
2026-04-22 12:30:00,30.625,109.5,32.0,openaq_ground
2026-04-22 13:30:00,54.05,128.5,38.300000000000004,openaq_ground
2026-04-22 14:30:00,63.6,172.75,46.61666666666667,openaq_ground
2026-04-22 15:30:00,62.287499999999994,191.5,57.0,openaq_ground
2026-04-22 16:30:00,60.9875,207.5,69.96666666666667,openaq_ground
2026-04-22 17:30:00,58.2375,237.25,89.83333333333333,openaq_ground
2026-04-22 18:30:00,59.787499999999994,276.75,101.14999999999999,openaq_ground
2026-04-22 19:30:00,58.637499999999996,273.25,101.51666666666667,openaq_ground
2026-04-22 20:30:00,49.0375,230.5,95.23333333333333,openaq_ground
2026-04-22 21:30:00,46.6875,202.25,87.13333333333333,openaq_ground
2026-04-22 22:30:00,45.362500000000004,201.5,83.91666666666667,openaq_ground
2026-04-22 23:30:00,37.2375,153.75,54.53333333333333,openaq_ground
2026-04-23 00:30:00,33.8625,96.95,32.833333333333336,openaq_ground
2026-04-23 01:30:00,28.287499999999998,102.9,30.766666666666666,openaq_ground
2026-04-23 02:30:00,20.6625,117.0,28.016666666666666,openaq_ground
2026-04-23 03:30:00,22.975,127.25,32.833333333333336,openaq_ground
2026-04-23 04:30:00,25.03333333333333,129.0,34.46666666666667,openaq_ground
2026-04-23 05:30:00,19.105,131.0,31.133333333333336,openaq_ground
2026-04-23 06:30:00,19.0,129.0,51.449999999999996,openaq_ground
2026-04-23 07:30:00,16.97,121.0,50.550000000000004,openaq_ground
2026-04-23 08:30:00,14.885,111.325,33.64,openaq_ground
2026-04-23 09:30:00,13.6825,107.7,32.416666666666664,openaq_ground
2026-04-23 10:30:00,14.8925,114.7,35.516666666666666,openaq_ground
2026-04-23 11:30:00,23.325,116.25,33.31666666666667,openaq_ground
2026-04-23 12:30:00,47.9625,129.75,34.36666666666667,openaq_ground
2026-04-23 13:30:00,60.425,195.0,40.63333333333333,openaq_ground
2026-04-23 14:30:00,67.775,293.25,48.71666666666667,openaq_ground
2026-04-23 15:30:00,68.45,255.75,62.550000000000004,openaq_ground
2026-04-23 16:30:00,68.25,308.75,79.06666666666666,openaq_ground
2026-04-23 17:30:00,65.925,366.5,89.21666666666665,openaq_ground
2026-04-23 18:30:00,,,96.0,openaq_ground
2026-04-23 19:30:00,59.4,326.75,115.06666666666666,openaq_ground
2026-04-23 20:30:00,58.175,311.5,132.83333333333334,openaq_ground
2026-04-23 21:30:00,59.975,355.25,172.0,openaq_ground
2026-04-23 22:30:00,56.55,355.25,180.33333333333334,openaq_ground
2026-04-23 23:30:00,54.625,331.75,165.33333333333334,openaq_ground
2026-04-24 00:30:00,51.225,286.25,140.66666666666666,openaq_ground
2026-04-24 01:30:00,57.2,254.25,103.25,openaq_ground
2026-04-24 02:30:00,43.95,196.5,63.23333333333333,openaq_ground
2026-04-24 03:30:00,38.875,182.25,53.25,openaq_ground
2026-04-24 04:30:00,26.425,222.75,71.06,openaq_ground
2026-04-24 05:30:00,22.5,233.0,70.23333333333333,openaq_ground
2026-04-24 06:30:00,20.375,213.75,64.71666666666667,openaq_ground
2026-04-24 07:30:00,17.675,173.5,51.56666666666666,openaq_ground
2026-04-24 08:30:00,16.675,167.5,50.01666666666667,openaq_ground
2026-04-24 09:30:00,16.7725,173.0,52.166666666666664,openaq_ground
2026-04-24 10:30:00,18.055,171.0,51.333333333333336,openaq_ground
2026-04-24 11:30:00,25.505,161.0,48.550000000000004,openaq_ground
2026-04-24 12:30:00,50.825,161.75,50.81666666666666,openaq_ground
2026-04-24 13:30:00,66.575,193.75,57.78333333333333,openaq_ground
2026-04-24 14:30:00,73.5,221.5,70.85000000000001,openaq_ground
2026-04-24 15:30:00,76.75,287.5,81.73333333333333,openaq_ground
2026-04-24 16:30:00,80.225,313.25,103.35000000000001,openaq_ground
2026-04-24 17:30:00,76.0,327.25,114.31666666666666,openaq_ground
2026-04-24 18:30:00,,,118.0,openaq_ground
2026-04-24 19:30:00,66.5,359.75,133.0,openaq_ground
2026-04-24 20:30:00,60.349999999999994,345.0,123.5,openaq_ground
2026-04-24 21:30:00,58.875,272.25,107.46666666666665,openaq_ground
2026-04-24 22:30:00,51.12499999999999,203.25,79.7,openaq_ground
2026-04-24 23:30:00,49.075,179.75,72.60000000000001,openaq_ground
2026-04-25 00:30:00,49.725,195.0,82.46666666666667,openaq_ground
2026-04-25 01:30:00,49.0,314.25,140.83333333333334,openaq_ground
2026-04-25 02:30:00,37.449999999999996,396.0,169.0,openaq_ground
2026-04-25 03:30:00,31.95,317.75,121.51666666666667,openaq_ground
2026-04-25 04:30:00,24.650000000000002,235.25,71.14999999999999,openaq_ground
2026-04-25 05:30:00,18.575,183.75,52.43333333333334,openaq_ground
2026-04-25 06:30:00,16.4825,156.75,43.65,openaq_ground
2026-04-25 07:30:00,15.28,140.5,46.833333333333336,openaq_ground
2026-04-25 08:30:00,14.565,145.75,39.25,openaq_ground
2026-04-25 09:30:00,16.822499999999998,143.25,40.43333333333333,openaq_ground
2026-04-25 10:30:00,19.1825,151.0,40.86666666666667,openaq_ground
2026-04-25 11:30:00,21.7775,140.5,40.73333333333333,openaq_ground
2026-04-25 12:30:00,29.3,139.0,40.916666666666664,openaq_ground
2026-04-25 13:30:00,45.05,166.25,47.76666666666667,openaq_ground
2026-04-25 14:30:00,57.55,207.5,54.550000000000004,openaq_ground
2026-04-25 15:30:00,61.4,236.0,69.76666666666667,openaq_ground
2026-04-25 16:30:00,61.825,246.25,79.10000000000001,openaq_ground
2026-04-25 17:30:00,61.025000000000006,237.25,81.55,openaq_ground
2026-04-25 18:30:00,,,82.1,openaq_ground
2026-04-25 19:30:00,56.075,228.5,78.23333333333333,openaq_ground
2026-04-25 20:30:00,44.300000000000004,203.75,73.21666666666667,openaq_ground
2026-04-25 21:30:00,43.050000000000004,184.5,71.13333333333334,openaq_ground
2026-04-25 22:30:00,44.800000000000004,217.0,82.85000000000001,openaq_ground
2026-04-25 23:30:00,42.675,233.25,108.88333333333333,openaq_ground
2026-04-26 00:30:00,41.7,319.75,142.66666666666666,openaq_ground
2026-04-26 01:30:00,39.275,333.0,154.16666666666666,openaq_ground
2026-04-26 02:30:00,34.625,314.5,142.45000000000002,openaq_ground
2026-04-26 03:30:00,24.799999999999997,279.0,113.89999999999999,openaq_ground
2026-04-26 04:30:00,21.5975,229.0,107.45,openaq_ground
2026-04-26 05:30:00,15.892499999999998,193.75,84.39999999999999,openaq_ground
2026-04-26 06:30:00,13.875,151.25,40.46,openaq_ground
2026-04-26 07:30:00,12.58,139.25,41.2,openaq_ground
2026-04-26 08:30:00,12.49,144.75,38.46,openaq_ground
2026-04-26 09:30:00,13.0925,146.25,38.08,openaq_ground
2026-04-26 10:30:00,14.43,149.5,43.28,openaq_ground
2026-04-26 11:30:00,16.0675,142.25,39.339999999999996,openaq_ground
2026-04-26 12:30:00,22.997500000000002,140.5,36.04,openaq_ground
2026-04-26 13:30:00,37.6,152.0,46.449999999999996,openaq_ground
2026-04-26 14:30:00,49.675000000000004,177.25,55.550000000000004,openaq_ground
2026-04-26 15:30:00,61.25,194.0,98.2,openaq_ground
2026-04-26 16:30:00,60.5,184.0,104.13333333333333,openaq_ground
2026-04-26 17:30:00,59.6,186.5,71.58000000000001,openaq_ground
2026-04-26 18:30:00,57.6,180.75,67.7,openaq_ground
2026-04-26 19:30:00,54.825,166.75,63.7,openaq_ground
2026-04-26 20:30:00,52.65,155.0,59.04,openaq_ground
2026-04-26 21:30:00,52.1,150.5,59.86,openaq_ground
2026-04-26 22:30:00,50.575,159.5,65.5,openaq_ground
2026-04-26 23:30:00,48.125,191.5,80.64,openaq_ground
2026-04-27 00:30:00,46.925,216.0,108.38,openaq_ground
2026-04-27 01:30:00,54.6,268.0,159.8,openaq_ground
2026-04-27 02:30:00,56.1,328.25,175.8,openaq_ground
2026-04-27 03:30:00,35.2,284.0,117.46,openaq_ground
2026-04-27 04:30:00,23.150000000000002,182.5,62.279999999999994,openaq_ground
2026-04-27 05:30:00,18.7025,174.25,78.4,openaq_ground
2026-04-27 06:30:00,16.9525,144.25,34.94,openaq_ground
2026-04-27 07:30:00,11.233333333333334,129.83333333333334,38.760000000000005,openaq_ground
2026-04-27 08:30:00,17.265,135.66666666666666,48.64,openaq_ground
2026-04-27 09:30:00,18.88,148.33333333333334,59.02,openaq_ground
2026-04-27 10:30:00,19.6975,152.33333333333334,60.56,openaq_ground
2026-04-27 11:30:00,25.55,136.25,55.379999999999995,openaq_ground
2026-04-27 12:30:00,42.95,140.0,49.08,openaq_ground
2026-04-27 13:30:00,67.05,157.25,44.54,openaq_ground
2026-04-27 14:30:00,41.525,554.0,97.48333333333333,openaq_ground
2026-04-27 15:30:00,19.665,1078.0,128.04999999999998,openaq_ground
2026-04-27 16:30:00,18.682499999999997,566.5,76.25,openaq_ground
2026-04-27 17:30:00,21.34,259.5,48.26666666666667,openaq_ground
2026-04-27 18:30:00,32.325,63.1,11.875,openaq_ground
2026-04-27 19:30:00,36.824999999999996,59.5,16.905,openaq_ground
2026-04-27 20:30:00,21.982499999999998,116.375,34.93333333333333,openaq_ground
2026-04-27 21:30:00,16.5925,184.0,52.18333333333334,openaq_ground
2026-04-27 22:30:00,15.28,202.25,45.583333333333336,openaq_ground
2026-04-27 23:30:00,19.8125,188.5,42.15,openaq_ground
2026-04-28 00:30:00,29.15,193.5,47.85,openaq_ground
2026-04-28 01:30:00,31.65,267.25,59.93333333333334,openaq_ground
2026-04-28 02:30:00,25.775,436.75,87.5,openaq_ground
2026-04-28 03:30:00,20.7225,659.25,108.88333333333333,openaq_ground
2026-04-28 04:30:00,19.677500000000002,564.5,97.86666666666667,openaq_ground
2026-04-28 05:30:00,15.674999999999999,377.25,64.61666666666666,openaq_ground
2026-04-28 06:30:00,13.7975,307.75,54.65,openaq_ground
2026-04-28 07:30:00,14.7375,315.0,56.083333333333336,openaq_ground
2026-04-28 08:30:00,15.5525,275.75,52.04,openaq_ground
2026-04-28 09:30:00,17.555,254.75,49.839999999999996,openaq_ground
2026-04-28 10:30:00,16.025,243.25,48.32000000000001,openaq_ground
2026-04-28 11:30:00,25.3,229.75,47.779999999999994,openaq_ground
2026-04-28 12:30:00,35.324999999999996,243.75,57.17999999999999,openaq_ground
2026-04-28 13:30:00,29.075,245.25,63.4,openaq_ground
2026-04-28 14:30:00,37.675,247.0,73.675,openaq_ground
2026-04-28 15:30:00,45.0,257.5,82.0,openaq_ground
2026-04-28 16:30:00,28.2,281.5,102.625,openaq_ground
2026-04-28 17:30:00,25.200000000000003,304.0,105.5,openaq_ground
2026-04-28 19:30:00,38.75,240.75,88.5,openaq_ground
2026-04-28 20:30:00,14.55,284.0,82.625,openaq_ground
2026-04-28 21:30:00,13.600000000000001,247.5,58.825,openaq_ground
2026-04-28 22:30:00,15.575,187.75,48.25,openaq_ground
2026-04-28 23:30:00,9.3525,187.5,43.325,openaq_ground
2026-04-29 00:30:00,9.6175,144.0,31.04,openaq_ground
2026-04-29 01:30:00,14.525000000000002,53.225,28.54,openaq_ground
2026-04-29 02:30:00,21.6,36.375,31.629999999999995,openaq_ground
2026-04-29 03:30:00,26.575000000000003,67.975,35.019999999999996,openaq_ground
2026-04-29 04:30:00,35.233333333333334,119.7,46.72,openaq_ground
2026-04-29 05:30:00,20.066666666666666,112.325,37.160000000000004,openaq_ground
2026-04-29 06:30:00,16.14,96.9,30.26,openaq_ground
2026-04-29 07:30:00,13.46,93.825,32.94,openaq_ground
2026-04-29 08:30:00,20.03333333333333,97.85,37.3,openaq_ground
2026-04-29 09:30:00,13.4,105.2,37.44,openaq_ground
2026-04-29 10:30:00,20.143333333333334,109.275,45.724999999999994,openaq_ground
2026-04-29 11:30:00,25.733333333333334,110.8,42.22,openaq_ground
2026-04-29 12:30:00,47.76666666666667,123.5,43.32,openaq_ground
2026-04-29 13:30:00,52.63333333333333,139.75,48.62,openaq_ground
2026-04-29 14:30:00,54.46666666666666,133.75,50.12,openaq_ground
2026-04-29 15:30:00,65.73333333333333,131.0,49.480000000000004,openaq_ground
2026-04-29 16:30:00,65.73333333333333,129.5,52.5,openaq_ground
2026-04-29 17:30:00,63.26666666666667,135.0,53.4,openaq_ground
2026-04-29 18:30:00,62.900000000000006,165.75,68.42,openaq_ground
2026-04-29 19:30:00,57.333333333333336,177.33333333333334,64.65,openaq_ground
2026-04-29 20:30:00,52.333333333333336,177.33333333333334,66.17500000000001,openaq_ground
2026-04-29 21:30:00,45.9,170.0,68.275,openaq_ground
2026-04-29 22:30:00,25.366666666666664,157.33333333333334,79.525,openaq_ground
2026-04-29 23:30:00,26.366666666666664,139.0,76.15,openaq_ground
2026-04-30 00:30:00,35.0,146.66666666666666,78.55,openaq_ground
2026-04-30 01:30:00,39.43333333333333,153.96666666666667,72.475,openaq_ground
2026-04-30 02:30:00,28.366666666666664,134.93333333333334,53.9,openaq_ground
2026-04-30 03:30:00,20.30666666666667,132.25,54.82000000000001,openaq_ground
2026-04-30 04:30:00,17.036666666666665,159.25,55.779999999999994,openaq_ground
2026-04-30 05:30:00,14.82,130.25,58.879999999999995,openaq_ground
2026-04-30 06:30:00,15.24,151.0,57.239999999999995,openaq_ground
2026-04-30 07:30:00,14.036666666666667,123.75,49.660000000000004,openaq_ground
2026-04-30 08:30:00,16.456666666666667,154.75,52.48,openaq_ground
2026-04-30 09:30:00,18.033333333333335,271.0,70.47999999999999,openaq_ground
2026-04-30 10:30:00,26.366666666666664,220.0,36.325,openaq_ground
2026-04-30 11:30:00,41.9,61.5,20.25,openaq_ground
2026-04-30 12:30:00,43.36666666666667,65.15,33.3,openaq_ground
2026-04-30 13:30:00,34.6,139.0,40.94,openaq_ground
2026-04-30 14:30:00,24.96666666666667,224.0,44.2,openaq_ground
2026-04-30 15:30:00,24.666666666666668,113.25,32.260000000000005,openaq_ground
2026-04-30 16:30:00,23.05,74.4,26.02,openaq_ground
2026-04-30 17:30:00,20.333333333333332,85.45,29.439999999999998,openaq_ground
2026-04-30 18:30:00,23.849999999999998,104.625,32.980000000000004,openaq_ground
2026-04-30 19:30:00,19.356666666666666,107.75,37.06,openaq_ground
2026-04-30 20:30:00,14.416666666666666,93.85,36.18,openaq_ground
2026-04-30 21:30:00,23.183333333333334,86.95,39.12,openaq_ground
2026-04-30 22:30:00,27.400000000000002,91.475,50.22,openaq_ground
2026-04-30 23:30:00,26.633333333333336,97.4,54.379999999999995,openaq_ground
2026-05-01 00:30:00,21.066666666666666,96.675,52.660000000000004,openaq_ground
2026-05-01 01:30:00,18.743333333333336,81.125,43.660000000000004,openaq_ground
2026-05-01 02:30:00,16.643333333333334,77.975,43.46,openaq_ground
2026-05-01 03:30:00,16.283333333333335,79.65,46.72,openaq_ground
2026-05-01 04:30:00,15.93,80.525,43.4,openaq_ground
2026-05-01 05:30:00,14.743333333333334,82.4,41.6,openaq_ground
2026-05-01 06:30:00,13.836666666666666,75.25,40.64,openaq_ground
2026-05-01 07:30:00,13.936666666666667,72.94999999999999,34.675,openaq_ground
2026-05-01 08:30:00,13.446666666666667,93.6,37.150000000000006,openaq_ground
2026-05-01 09:30:00,11.2975,107.35,49.88,openaq_ground
2026-05-01 10:30:00,12.9675,109.25,51.2,openaq_ground
2026-05-01 11:30:00,15.785,112.675,50.5,openaq_ground
2026-05-01 12:30:00,22.6825,115.75,50.660000000000004,openaq_ground
2026-05-01 13:30:00,34.849999999999994,124.75,51.46,openaq_ground
2026-05-01 14:30:00,41.8375,139.0,58.6,openaq_ground
2026-05-01 15:30:00,44.4,150.75,63.48,openaq_ground
2026-05-01 16:30:00,31.794999999999998,169.25,67.25999999999999,openaq_ground
2026-05-01 17:30:00,32.0175,156.25,68.56,openaq_ground
2026-05-01 18:30:00,34.65,156.0,80.86,openaq_ground
2026-05-01 19:30:00,31.849999999999998,157.0,79.6,openaq_ground
2026-05-01 20:30:00,23.96666666666667,124.0,66.15,openaq_ground
2026-05-01 21:30:00,19.3175,102.825,61.6,openaq_ground
2026-05-01 22:30:00,18.13,97.175,59.46,openaq_ground
2026-05-01 23:30:00,16.71,99.9,63.339999999999996,openaq_ground
2026-05-02 00:30:00,19.557499999999997,108.55,67.88,openaq_ground
2026-05-02 01:30:00,18.2375,121.75,76.28,openaq_ground
2026-05-02 02:30:00,16.595,133.25,77.96000000000001,openaq_ground
2026-05-02 03:30:00,18.6375,139.0,76.97999999999999,openaq_ground
2026-05-02 04:30:00,16.925,151.25,78.08,openaq_ground
2026-05-02 05:30:00,13.465,150.25,68.94,openaq_ground
2026-05-02 06:30:00,12.3475,141.75,59.58,openaq_ground
2026-05-02 07:30:00,12.245000000000001,148.5,62.239999999999995,openaq_ground
2026-05-02 08:30:00,14.065,148.0,65.86,openaq_ground
2026-05-02 09:30:00,13.912500000000001,146.0,67.47999999999999,openaq_ground
2026-05-02 10:30:00,14.120000000000001,149.5,69.28,openaq_ground
2026-05-02 11:30:00,,,60.1,openaq_ground
2026-05-02 12:30:00,,,57.4,openaq_ground
2026-05-02 13:30:00,,,58.3,openaq_ground
2026-05-02 14:30:00,,,60.2,openaq_ground
2026-05-02 15:30:00,,,61.5,openaq_ground
2026-05-02 16:30:00,,,57.6,openaq_ground
2026-05-02 17:30:00,17.4,456.5,73.0,openaq_ground
2026-05-02 18:30:00,31.262500000000003,421.25,64.47999999999999,openaq_ground
2026-05-02 19:30:00,27.47,373.0,64.53999999999999,openaq_ground
2026-05-02 20:30:00,30.8075,311.0,58.17999999999999,openaq_ground
2026-05-02 21:30:00,28.52,248.25,53.06,openaq_ground
2026-05-02 22:30:00,24.5825,148.25,54.02,openaq_ground
2026-05-02 23:30:00,22.75,103.45,54.160000000000004,openaq_ground
2026-05-03 00:30:00,23.375,80.025,49.92,openaq_ground
2026-05-03 01:30:00,16.119999999999997,102.275,56.32000000000001,openaq_ground
2026-05-03 02:30:00,14.255,116.0,67.88,openaq_ground
2026-05-03 03:30:00,12.9225,102.95,57.54,openaq_ground
2026-05-03 04:30:00,12.635,91.6,52.1,openaq_ground
2026-05-03 05:30:00,12.365,100.85,51.6,openaq_ground
2026-05-03 06:30:00,11.6075,127.0,59.120000000000005,openaq_ground
2026-05-03 07:30:00,9.87,134.75,54.8,openaq_ground
2026-05-03 08:30:00,11.1975,144.25,44.4,openaq_ground
2026-05-03 09:30:00,11.41,170.5,48.839999999999996,openaq_ground
2026-05-03 10:30:00,10.9525,139.5,45.42,openaq_ground
2026-05-03 11:30:00,13.25,111.175,47.72,openaq_ground
2026-05-03 12:30:00,15.120000000000001,111.7,47.58,openaq_ground
2026-05-03 13:30:00,16.005000000000003,119.25,44.64,openaq_ground
2026-05-03 14:30:00,18.07,118.75,47.46,openaq_ground
2026-05-03 15:30:00,16.1175,119.0,49.339999999999996,openaq_ground
2026-05-03 16:30:00,13.440000000000001,99.625,45.12,openaq_ground
2026-05-03 17:30:00,14.025,91.175,43.34,openaq_ground
2026-05-03 18:30:00,8.260000000000002,216.5,32.04,openaq_ground
2026-05-03 19:30:00,10.167499999999999,84.225,16.084,openaq_ground
2026-05-03 20:30:00,8.05,30.549999999999997,17.119999999999997,openaq_ground
2026-05-03 21:30:00,9.719999999999999,31.875,28.775,openaq_ground
2026-05-03 22:30:00,12.6775,65.325,20.042,openaq_ground
2026-05-03 23:30:00,11.57,25.7125,17.686,openaq_ground
2026-05-04 00:30:00,13.44,26.35,23.44,openaq_ground
2026-05-04 01:30:00,13.1125,26.85,28.29,openaq_ground
2026-05-04 02:30:00,17.2875,31.799999999999997,25.810000000000002,openaq_ground
2026-05-04 03:30:00,17.292499999999997,51.7,32.14,openaq_ground
2026-05-04 04:30:00,12.1175,73.975,38.46,openaq_ground
2026-05-04 05:30:00,11.21,51.925,28.04,openaq_ground
2026-05-04 06:30:00,11.1175,104.225,28.084000000000003,openaq_ground
2026-05-04 07:30:00,10.405000000000001,86.35000000000001,26.512,openaq_ground
2026-05-04 08:30:00,10.004999999999999,63.775,24.339999999999996,openaq_ground
2026-05-04 09:30:00,10.0375,85.925,25.424,openaq_ground
2026-05-04 10:30:00,10.397499999999999,77.025,30.45,openaq_ground
2026-05-04 11:30:00,10.805,49.35,26.18,openaq_ground
2026-05-04 12:30:00,11.725749999999998,60.875,22.599999999999998,openaq_ground
2026-05-04 13:30:00,15.959999999999999,46.55,20.45,openaq_ground
2026-05-04 14:30:00,17.092499999999998,41.875,22.96666666666667,openaq_ground
2026-05-04 15:30:00,17.305,52.05,24.486666666666665,openaq_ground
2026-05-04 16:30:00,16.32,70.375,24.958333333333332,openaq_ground
2026-05-04 17:30:00,15.922500000000001,128.175,26.849999999999998,openaq_ground
2026-05-04 18:30:00,16.4225,24.775,16.893333333333334,openaq_ground
2026-05-04 19:30:00,16.169999999999998,23.05,19.525000000000002,openaq_ground
2026-05-04 20:30:00,18.2075,40.525,22.416666666666668,openaq_ground
2026-05-04 21:30:00,17.21,55.2,30.25,openaq_ground
2026-05-04 22:30:00,22.9375,66.275,38.88333333333333,openaq_ground
2026-05-04 23:30:00,20.7375,87.125,52.73333333333333,openaq_ground
2026-05-05 00:30:00,20.0575,91.425,53.300000000000004,openaq_ground
2026-05-05 01:30:00,20.995,106.325,63.666666666666664,openaq_ground
2026-05-05 02:30:00,17.8875,120.5,76.31666666666668,openaq_ground
2026-05-05 03:30:00,15.425,98.64999999999999,55.300000000000004,openaq_ground
2026-05-05 04:30:00,12.5,79.95,42.18333333333333,openaq_ground
2026-05-05 05:30:00,10.817499999999999,64.0,35.18333333333334,openaq_ground
2026-05-05 06:30:00,10.285,67.925,38.800000000000004,openaq_ground
2026-05-05 07:30:00,10.08,69.625,38.833333333333336,openaq_ground
2026-05-05 08:30:00,11.4625,72.75,43.81666666666666,openaq_ground
2026-05-05 09:30:00,11.857500000000002,81.05,51.0,openaq_ground
2026-05-05 10:30:00,16.1725,81.6,49.583333333333336,openaq_ground
2026-05-05 11:30:00,18.825,92.4,42.699999999999996,openaq_ground
2026-05-05 12:30:00,,,40.6,openaq_ground
2026-05-05 13:30:00,,,42.45,openaq_ground
2026-05-05 14:30:00,,,38.4,openaq_ground
2026-05-05 15:30:00,,,28.8,openaq_ground
2026-05-05 16:30:00,,,26.65,openaq_ground
2026-05-05 17:30:00,,,31.4,openaq_ground
2026-05-05 18:30:00,,,35.3,openaq_ground
2026-05-05 19:30:00,,,33.55,openaq_ground
2026-05-05 20:30:00,,,52.95,openaq_ground
2026-05-05 21:30:00,,,134.5,openaq_ground
2026-05-05 22:30:00,,,140.5,openaq_ground
2026-05-05 23:30:00,,,139.5,openaq_ground
2026-05-06 00:30:00,,,119.0,openaq_ground
2026-05-06 01:30:00,,,101.5,openaq_ground
2026-05-06 02:30:00,,,74.5,openaq_ground
2026-05-06 03:30:00,,,66.85,openaq_ground
2026-05-06 04:30:00,,,59.9,openaq_ground
2026-05-06 05:30:00,8.03,132.0,50.699999999999996,openaq_ground
2026-05-06 06:30:00,14.349999999999998,128.575,51.166666666666664,openaq_ground
2026-05-06 07:30:00,14.545,131.25,54.68333333333334,openaq_ground
2026-05-06 08:30:00,15.855,125.5,57.050000000000004,openaq_ground
2026-05-06 09:30:00,14.3425,116.675,56.76666666666667,openaq_ground
2026-05-06 10:30:00,6.489999999999999,119.45,58.73333333333333,openaq_ground
2026-05-06 11:30:00,16.4225,122.75,58.86666666666667,openaq_ground
2026-05-06 12:30:00,31.95,135.75,61.71666666666667,openaq_ground
2026-05-06 13:30:00,59.1575,144.5,63.583333333333336,openaq_ground
2026-05-06 14:30:00,,,64.9,openaq_ground
2026-05-06 15:30:00,,,77.7,openaq_ground
2026-05-06 16:30:00,,,82.85,openaq_ground
2026-05-06 17:30:00,,,60.6,openaq_ground
2026-05-06 18:30:00,,,64.35,openaq_ground
2026-05-06 19:30:00,21.724999999999998,112.5,60.13333333333333,openaq_ground
2026-05-06 20:30:00,22.369999999999997,104.375,53.73333333333333,openaq_ground
2026-05-06 21:30:00,20.2325,85.05,40.916666666666664,openaq_ground
2026-05-06 22:30:00,19.18,80.1,39.86666666666667,openaq_ground
2026-05-06 23:30:00,16.93,77.975,36.35,openaq_ground
2026-05-07 00:30:00,19.6125,79.325,34.983333333333334,openaq_ground
2026-05-07 01:30:00,17.2575,85.775,36.4,openaq_ground
2026-05-07 02:30:00,19.275000000000002,100.375,43.23333333333333,openaq_ground
2026-05-07 03:30:00,16.1675,119.2,42.9,openaq_ground
2026-05-07 04:30:00,12.27,112.775,40.166666666666664,openaq_ground
2026-05-07 05:30:00,12.0175,106.35000000000001,41.93333333333333,openaq_ground
2026-05-07 06:30:00,12.8525,126.275,42.61666666666667,openaq_ground
2026-05-07 07:30:00,12.782499999999999,138.05,33.58,openaq_ground
2026-05-07 08:30:00,10.1975,99.25,24.52,openaq_ground
2026-05-07 09:30:00,10.6175,87.6,23.3,openaq_ground
2026-05-07 10:30:00,11.3725,95.325,38.583333333333336,openaq_ground
2026-05-07 11:30:00,12.395000000000001,101.475,42.43333333333333,openaq_ground
2026-05-07 12:30:00,,,28.25,openaq_ground
2026-05-07 13:30:00,,,30.45,openaq_ground
2026-05-07 14:30:00,,,36.85,openaq_ground
2026-05-07 15:30:00,,,43.7,openaq_ground
2026-05-07 16:30:00,,,41.95,openaq_ground
2026-05-07 17:30:00,9.3,90.6,48.300000000000004,openaq_ground
2026-05-07 18:30:00,26.245,111.45,56.050000000000004,openaq_ground
2026-05-07 19:30:00,21.08,103.025,53.666666666666664,openaq_ground
2026-05-07 20:30:00,22.075,93.35,51.916666666666664,openaq_ground
2026-05-07 21:30:00,18.2,81.2,48.449999999999996,openaq_ground
2026-05-07 22:30:00,16.0225,94.375,55.15,openaq_ground
2026-05-07 23:30:00,17.8375,97.7,57.166666666666664,openaq_ground
2026-05-08 00:30:00,16.3325,102.35,57.416666666666664,openaq_ground
2026-05-08 01:30:00,15.9575,113.05,60.23333333333333,openaq_ground
2026-05-08 02:30:00,13.1875,102.9,53.583333333333336,openaq_ground
2026-05-08 03:30:00,11.67,101.425,48.666666666666664,openaq_ground
2026-05-08 04:30:00,10.3425,103.15,43.38333333333333,openaq_ground
2026-05-08 05:30:00,10.726666666666667,102.7,40.56666666666667,openaq_ground
2026-05-08 06:30:00,8.094175,101.85,35.800000000000004,openaq_ground
2026-05-08 07:30:00,8.425,94.45,33.71666666666667,openaq_ground
2026-05-08 08:30:00,8.1075,89.025,33.17,openaq_ground
2026-05-08 09:30:00,10.543333333333335,85.025,31.05,openaq_ground
2026-05-08 10:30:00,8.6575,83.65,31.366666666666664,openaq_ground
2026-05-08 11:30:00,11.0525,86.9,36.6,openaq_ground
2026-05-08 12:30:00,15.41,92.35,37.56666666666667,openaq_ground
2026-05-08 13:30:00,18.3125,100.1,36.666666666666664,openaq_ground
2026-05-08 14:30:00,21.675,107.1,41.55,openaq_ground
2026-05-08 15:30:00,22.8125,109.5,46.4,openaq_ground
2026-05-08 16:30:00,24.0825,107.425,44.38333333333333,openaq_ground
2026-05-08 17:30:00,28.6825,100.975,47.23333333333333,openaq_ground
2026-05-08 18:30:00,40.4875,120.925,55.61666666666667,openaq_ground
2026-05-08 19:30:00,42.550000000000004,123.25,55.949999999999996,openaq_ground
2026-05-08 20:30:00,39.075,120.775,55.93333333333334,openaq_ground
2026-05-08 21:30:00,37.4825,117.8,60.4,openaq_ground
2026-05-08 22:30:00,27.119999999999997,113.025,60.166666666666664,openaq_ground
2026-05-08 23:30:00,29.462500000000002,126.55,75.13333333333334,openaq_ground
2026-05-09 00:30:00,27.2825,134.8,75.71666666666667,openaq_ground
2026-05-09 01:30:00,18.4325,132.7,63.85,openaq_ground
2026-05-09 02:30:00,14.92,125.75,58.46666666666667,openaq_ground
2026-05-09 03:30:00,14.51075,133.5,61.25,openaq_ground
2026-05-09 04:30:00,11.52675,148.75,60.96666666666667,openaq_ground
2026-05-09 05:30:00,6.6066666666666665,132.5,54.050000000000004,openaq_ground
2026-05-09 06:30:00,6.096666666666667,118.1,45.98333333333333,openaq_ground
2026-05-09 07:30:00,6.06,102.725,43.550000000000004,openaq_ground
2026-05-09 08:30:00,6.7475000000000005,121.25,45.56666666666666,openaq_ground
2026-05-09 09:30:00,7.117500000000001,121.4,49.300000000000004,openaq_ground
2026-05-09 10:30:00,7.6925,110.75,44.916666666666664,openaq_ground
2026-05-09 11:30:00,9.81,101.575,42.18333333333333,openaq_ground
2026-05-09 12:30:00,18.12,106.525,43.5,openaq_ground
2026-05-09 13:30:00,22.125,132.25,54.949999999999996,openaq_ground
2026-05-09 14:30:00,24.95,148.75,58.63333333333333,openaq_ground
2026-05-09 15:30:00,27.575,147.0,61.18333333333334,openaq_ground
2026-05-09 16:30:00,25.8675,147.25,61.550000000000004,openaq_ground
2026-05-09 17:30:00,27.15,147.0,69.13333333333334,openaq_ground
2026-05-09 18:30:00,38.800000000000004,166.0,82.25,openaq_ground
2026-05-09 19:30:00,39.9375,178.75,84.96666666666667,openaq_ground
2026-05-09 20:30:00,32.625,160.5,78.60000000000001,openaq_ground
2026-05-09 21:30:00,31.09,147.75,74.06666666666666,openaq_ground
2026-05-09 22:30:00,22.93,133.325,68.13333333333334,openaq_ground
2026-05-09 23:30:00,25.625,134.25,69.06666666666666,openaq_ground
2026-05-10 00:30:00,20.725,135.5,70.31666666666666,openaq_ground
2026-05-10 01:30:00,15.945,135.25,73.75,openaq_ground
2026-05-10 02:30:00,11.945,134.725,72.61666666666666,openaq_ground
2026-05-10 03:30:00,8.4025,122.85,59.71666666666667,openaq_ground
2026-05-10 04:30:00,9.636666666666667,112.575,52.43333333333334,openaq_ground
2026-05-10 05:30:00,6.8975,113.5,51.85,openaq_ground
2026-05-10 06:30:00,7.506666666666667,116.725,52.26666666666667,openaq_ground
2026-05-10 07:30:00,5.7525,121.3,52.88333333333333,openaq_ground
2026-05-10 08:30:00,6.6225000000000005,113.55,49.583333333333336,openaq_ground
2026-05-10 09:30:00,6.4475,109.3,52.4,openaq_ground
2026-05-10 10:30:00,7.91875,113.5,52.21666666666667,openaq_ground
2026-05-10 11:30:00,13.05625,114.125,51.13333333333333,openaq_ground
2026-05-10 12:30:00,24.46,119.95,52.23333333333333,openaq_ground
2026-05-10 13:30:00,37.769999999999996,132.5,52.88333333333333,openaq_ground
2026-05-10 14:30:00,15.543333333333335,155.0,59.67999999999999,openaq_ground
2026-05-10 15:30:00,11.643333333333333,150.33333333333334,64.67999999999999,openaq_ground
2026-05-10 16:30:00,11.166666666666666,152.66666666666666,67.64,openaq_ground
2026-05-10 17:30:00,10.176666666666668,154.66666666666666,69.7,openaq_ground
2026-05-10 18:30:00,9.533333333333333,144.33333333333334,63.36,openaq_ground
2026-05-10 19:30:00,9.816666666666666,136.0,65.22,openaq_ground
2026-05-10 20:30:00,9.376666666666667,137.33333333333334,64.78,openaq_ground
2026-05-10 21:30:00,7.37,121.33333333333333,60.54,openaq_ground
2026-05-10 22:30:00,5.755,107.06666666666666,50.94,openaq_ground
2026-05-10 23:30:00,7.024333333333334,110.73333333333333,58.2,openaq_ground
2026-05-11 00:30:00,7.233333333333333,121.13333333333333,66.56,openaq_ground
2026-05-11 01:30:00,8.54,137.83333333333334,70.47999999999999,openaq_ground
2026-05-11 02:30:00,7.593333333333334,150.66666666666666,73.56,openaq_ground
2026-05-11 03:30:00,6.06,151.0,72.0,openaq_ground
2026-05-11 04:30:00,13.685,138.5,65.48333333333333,openaq_ground
2026-05-11 05:30:00,13.57,131.25,62.06666666666666,openaq_ground
2026-05-11 06:30:00,12.258750000000001,132.75,59.73333333333333,openaq_ground
2026-05-11 07:30:00,12.49,143.25,60.93333333333334,openaq_ground
2026-05-11 08:30:00,10.415000000000001,164.5,68.08333333333333,openaq_ground
2026-05-11 09:30:00,10.655,167.0,69.22,openaq_ground
2026-05-11 10:30:00,10.302499999999998,159.5,67.31666666666666,openaq_ground
2026-05-11 11:30:00,16.275,154.5,64.01666666666667,openaq_ground
2026-05-11 12:30:00,32.375,157.75,63.800000000000004,openaq_ground
2026-05-11 13:30:00,55.182500000000005,168.0,69.14999999999999,openaq_ground
2026-05-11 14:30:00,71.1375,189.0,74.8,openaq_ground
2026-05-11 15:30:00,69.6875,201.0,84.91666666666667,openaq_ground
2026-05-11 16:30:00,21.233333333333334,233.33333333333334,101.94,openaq_ground
2026-05-11 17:30:00,21.05666666666667,242.33333333333334,103.0,openaq_ground
2026-05-11 18:30:00,15.200000000000001,206.66666666666666,93.47999999999999,openaq_ground
2026-05-11 19:30:00,14.896666666666667,189.33333333333334,88.6,openaq_ground
2026-05-11 20:30:00,11.933333333333332,188.0,87.46000000000001,openaq_ground
2026-05-11 21:30:00,10.066666666666666,171.33333333333334,87.3,openaq_ground
2026-05-11 22:30:00,8.886666666666665,159.66666666666666,84.35,openaq_ground
2026-05-11 23:30:00,9.006666666666668,163.66666666666666,84.32000000000001,openaq_ground
2026-05-12 00:30:00,11.443333333333333,162.66666666666666,86.97999999999999,openaq_ground
2026-05-12 01:30:00,11.7,164.5,78.69999999999999,openaq_ground
2026-05-12 02:30:00,9.725000000000001,155.0,73.85,openaq_ground
2026-05-12 03:30:00,9.415,163.0,69.05,openaq_ground
2026-05-12 04:30:00,7.8825,193.5,74.28333333333333,openaq_ground
2026-05-12 05:30:00,11.386666666666665,190.5,69.68333333333334,openaq_ground
2026-05-12 06:30:00,10.926666666666668,182.0,64.48333333333333,openaq_ground
2026-05-12 07:30:00,13.229999999999999,231.5,72.5,openaq_ground
2026-05-12 08:30:00,12.4,252.0,76.68333333333334,openaq_ground
2026-05-12 09:30:00,10.535,208.75,68.61666666666666,openaq_ground
2026-05-12 10:30:00,,,55.55,openaq_ground
2026-05-12 11:30:00,,,54.7,openaq_ground
2026-05-12 12:30:00,10.7,165.0,51.166666666666664,openaq_ground
2026-05-12 13:30:00,23.63,163.25,58.583333333333336,openaq_ground
2026-05-12 14:30:00,23.400000000000002,149.5,52.75,openaq_ground
2026-05-12 15:30:00,17.0475,137.25,48.01666666666667,openaq_ground
2026-05-12 16:30:00,24.2,158.75,52.25,openaq_ground
2026-05-12 17:30:00,30.333333333333332,141.0,56.1,openaq_ground
2026-05-12 18:30:00,,,48.65,openaq_ground
2026-05-12 19:30:00,33.9,145.5,74.26666666666667,openaq_ground
2026-05-12 20:30:00,23.666666666666668,145.75,75.45,openaq_ground
2026-05-12 21:30:00,28.3,134.5,72.73333333333333,openaq_ground
2026-05-12 22:30:00,22.666666666666668,132.75,73.61666666666666,openaq_ground
2026-05-12 23:30:00,28.7,115.25,69.13333333333334,openaq_ground
2026-05-13 00:30:00,29.566666666666666,130.25,76.45,openaq_ground
2026-05-13 01:30:00,21.5,160.25,88.63333333333333,openaq_ground
2026-05-13 02:30:00,22.366666666666664,171.25,96.41666666666667,openaq_ground
2026-05-13 03:30:00,25.200000000000003,233.0,106.58333333333333,openaq_ground
2026-05-13 04:30:00,18.606666666666666,236.75,73.46666666666667,openaq_ground
2026-05-13 05:30:00,17.666666666666668,150.75,53.0,openaq_ground
2026-05-13 06:30:00,10.945,158.5,58.01666666666667,openaq_ground
2026-05-13 07:30:00,8.885,143.75,65.61666666666666,openaq_ground
2026-05-13 08:30:00,7.265000000000001,145.0,65.91666666666667,openaq_ground
2026-05-13 09:30:00,7.445,148.5,63.86666666666667,openaq_ground
2026-05-13 10:30:00,12.946666666666665,157.75,63.81666666666666,openaq_ground
2026-05-13 11:30:00,15.63,169.75,67.75,openaq_ground
2026-05-13 12:30:00,28.699999999999996,183.25,70.66666666666667,openaq_ground
2026-05-13 13:30:00,68.33333333333333,197.0,70.16666666666667,openaq_ground
2026-05-13 14:30:00,16.4125,263.25,61.166666666666664,openaq_ground
2026-05-13 15:30:00,20.2,182.775,33.855,openaq_ground
2026-05-13 16:30:00,23.424999999999997,114.8,35.416666666666664,openaq_ground
2026-05-13 17:30:00,11.61,169.25,44.699999999999996,openaq_ground
2026-05-13 18:30:00,,,37.2,openaq_ground
2026-05-13 19:30:00,21.025,81.775,39.833333333333336,openaq_ground
2026-05-13 20:30:00,17.525000000000002,80.575,37.916666666666664,openaq_ground
2026-05-13 21:30:00,15.78325,84.3,39.28333333333333,openaq_ground
2026-05-13 22:30:00,14.125,90.45,43.199999999999996,openaq_ground
2026-05-13 23:30:00,13.017499999999998,78.0,37.88333333333333,openaq_ground
2026-05-14 00:30:00,13.01675,76.625,35.666666666666664,openaq_ground
2026-05-14 01:30:00,18.933333333333334,84.575,35.31666666666667,openaq_ground
2026-05-14 02:30:00,17.76666666666667,97.05,37.85,openaq_ground
2026-05-14 03:30:00,13.92,105.3,35.416666666666664,openaq_ground
2026-05-14 04:30:00,12.015,132.125,37.38333333333333,openaq_ground
2026-05-14 05:30:00,11.44,182.75,46.300000000000004,openaq_ground
2026-05-14 06:30:00,7.4775,206.0,58.18333333333334,openaq_ground
2026-05-14 07:30:00,17.2025,205.75,60.65,openaq_ground
2026-05-14 08:30:00,20.695,204.0,70.36666666666666,openaq_ground
2026-05-14 09:30:00,18.555,195.0,81.08333333333333,openaq_ground
2026-05-14 10:30:00,12.783333333333333,200.0,61.36666666666667,openaq_ground
2026-05-14 11:30:00,26.975,234.25,65.98333333333333,openaq_ground
2026-05-14 12:30:00,26.875,231.75,63.699999999999996,openaq_ground
2026-05-14 13:30:00,34.825,190.25,53.21666666666667,openaq_ground
2026-05-14 14:30:00,35.975,176.5,51.81666666666666,openaq_ground
2026-05-14 15:30:00,36.1,165.75,54.73333333333333,openaq_ground
2026-05-14 16:30:00,35.05,170.0,58.31666666666666,openaq_ground
2026-05-14 17:30:00,25.349999999999998,179.25,57.949999999999996,openaq_ground
2026-05-14 18:30:00,11.1175,246.5,56.4,openaq_ground
2026-05-14 19:30:00,6.99,207.25,44.21666666666667,openaq_ground
2026-05-14 20:30:00,4.6975,191.75,31.400000000000002,openaq_ground
2026-05-14 21:30:00,5.525,272.0,37.983333333333334,openaq_ground
2026-05-14 22:30:00,6.7225,113.675,34.43333333333333,openaq_ground
2026-05-14 23:30:00,15.3,67.4,29.950000000000003,openaq_ground
2026-05-15 00:30:00,18.605,78.475,35.28333333333333,openaq_ground
2026-05-15 01:30:00,29.974999999999998,114.425,43.03333333333333,openaq_ground
2026-05-15 02:30:00,22.762500000000003,111.175,39.983333333333334,openaq_ground
2026-05-15 03:30:00,17.3125,126.75,46.61666666666667,openaq_ground
2026-05-15 04:30:00,12.2575,143.25,51.96666666666667,openaq_ground
2026-05-15 05:30:00,8.125,128.5,47.43333333333334,openaq_ground
2026-05-15 06:30:00,7.38,115.475,42.81666666666666,openaq_ground
2026-05-15 07:30:00,7.7525,120.1,47.11666666666667,openaq_ground
2026-05-15 08:30:00,8.2825,152.0,50.36666666666667,openaq_ground
2026-05-15 09:30:00,5.0600000000000005,129.75,41.5,openaq_ground
2026-05-15 10:30:00,7.887499999999999,130.75,39.71666666666667,openaq_ground
2026-05-15 11:30:00,11.4825,157.25,50.35,openaq_ground
2026-05-15 12:30:00,20.5675,173.5,57.1,openaq_ground
2026-05-15 13:30:00,22.85,164.5,62.35,openaq_ground
2026-05-15 14:30:00,47.625,165.0,66.4,openaq_ground
2026-05-15 15:30:00,69.15,174.5,71.31666666666666,openaq_ground
2026-05-15 16:30:00,74.05,182.5,74.5,openaq_ground
2026-05-15 17:30:00,74.675,183.5,77.55,openaq_ground
2026-05-15 18:30:00,,,64.4,openaq_ground
2026-05-15 19:30:00,56.675000000000004,168.75,72.66666666666667,openaq_ground
2026-05-15 20:30:00,56.974999999999994,185.25,79.78333333333335,openaq_ground
2026-05-15 21:30:00,54.225,198.0,90.5,openaq_ground
2026-05-15 22:30:00,47.175,178.5,93.21666666666665,openaq_ground
2026-05-15 23:30:00,45.8,167.75,91.96666666666665,openaq_ground
2026-05-16 00:30:00,40.775,159.25,93.10000000000001,openaq_ground
2026-05-16 01:30:00,46.25,183.5,111.63333333333333,openaq_ground
2026-05-16 02:30:00,36.75,188.75,105.41666666666667,openaq_ground
2026-05-16 03:30:00,18.675,166.75,82.03333333333333,openaq_ground
2026-05-16 04:30:00,13.7675,138.25,69.68333333333334,openaq_ground
2026-05-16 05:30:00,12.7625,137.25,66.06666666666666,openaq_ground
2026-05-16 06:30:00,10.75,140.25,66.0,openaq_ground
2026-05-16 07:30:00,7.0633333333333335,120.075,54.949999999999996,openaq_ground
2026-05-16 08:30:00,6.1499999999999995,96.975,35.875,openaq_ground
2026-05-16 09:30:00,5.963333333333334,101.425,47.300000000000004,openaq_ground
2026-05-16 10:30:00,14.177500000000002,100.775,39.03333333333333,openaq_ground
2026-05-16 11:30:00,13.330000000000002,111.35,27.075,openaq_ground
2026-05-16 12:30:00,19.575,123.25,34.23333333333333,openaq_ground
2026-05-16 13:30:00,33.675,137.25,50.366666666666674,openaq_ground
2026-05-16 14:30:00,49.45,157.25,42.166666666666664,openaq_ground
2026-05-16 15:30:00,51.95,180.75,52.63333333333333,openaq_ground
2026-05-16 16:30:00,50.125,192.25,73.51666666666667,openaq_ground
2026-05-16 17:30:00,38.75,193.25,61.599999999999994,openaq_ground
2026-05-16 18:30:00,49.6,180.0,57.71666666666667,openaq_ground
2026-05-16 19:30:00,54.5,190.75,58.65,openaq_ground
2026-05-16 20:30:00,52.7,189.25,59.166666666666664,openaq_ground
2026-05-16 21:30:00,47.325,182.5,59.43333333333334,openaq_ground
2026-05-16 22:30:00,48.075,162.5,62.699999999999996,openaq_ground
2026-05-16 23:30:00,48.324999999999996,166.75,68.96666666666667,openaq_ground
2026-05-17 00:30:00,48.625,171.0,72.41666666666667,openaq_ground
2026-05-17 01:30:00,39.75,203.5,89.45,openaq_ground
2026-05-17 02:30:00,20.625,221.5,94.2,openaq_ground
2026-05-17 03:30:00,14.0975,185.0,73.41666666666667,openaq_ground
2026-05-17 04:30:00,12.139999999999999,162.5,59.63333333333333,openaq_ground
2026-05-17 05:30:00,9.005,157.5,49.21666666666667,openaq_ground
2026-05-17 06:30:00,8.737499999999999,167.5,46.800000000000004,openaq_ground
2026-05-17 07:30:00,7.8100000000000005,185.5,42.166666666666664,openaq_ground
2026-05-17 08:30:00,6.85,209.0,37.0,openaq_ground
2026-05-17 09:30:00,7.445,211.75,33.800000000000004,openaq_ground
2026-05-17 10:30:00,8.372499999999999,172.05,28.366666666666664,openaq_ground
2026-05-17 11:30:00,9.265,152.65,29.05,openaq_ground
2026-05-17 12:30:00,18.357499999999998,145.0,32.699999999999996,openaq_ground
2026-05-17 13:30:00,34.660000000000004,147.4,34.06666666666667,openaq_ground
2026-05-17 14:30:00,52.275000000000006,152.8,42.583333333333336,openaq_ground
2026-05-17 15:30:00,49.275,168.975,53.416666666666664,openaq_ground
2026-05-17 16:30:00,34.3,191.1,51.416666666666664,openaq_ground
2026-05-17 17:30:00,26.5,180.15,48.300000000000004,openaq_ground
2026-05-17 18:30:00,26.3,158.0,39.666666666666664,openaq_ground
2026-05-17 19:30:00,22.325,149.25,37.31666666666666,openaq_ground
2026-05-17 20:30:00,22.65,145.0,38.28333333333333,openaq_ground
2026-05-17 21:30:00,27.225,140.0,45.25,openaq_ground
2026-05-17 22:30:00,33.5,148.25,49.550000000000004,openaq_ground
2026-05-17 23:30:00,39.375,182.75,69.58333333333333,openaq_ground
2026-05-18 00:30:00,36.4,224.25,84.86666666666666,openaq_ground
2026-05-18 01:30:00,28.675,241.5,79.8,openaq_ground
2026-05-18 02:30:00,21.335,236.25,82.58333333333333,openaq_ground
2026-05-18 03:30:00,16.2525,237.75,74.10000000000001,openaq_ground
2026-05-18 04:30:00,11.17,226.75,53.73333333333333,openaq_ground
2026-05-18 05:30:00,11.4375,175.75,41.699999999999996,openaq_ground
2026-05-18 06:30:00,9.7775,147.0,38.449999999999996,openaq_ground
2026-05-18 07:30:00,8.37,147.5,38.28333333333333,openaq_ground
2026-05-18 08:30:00,9.98,149.25,31.96666666666667,openaq_ground
2026-05-18 09:30:00,8.397499999999999,152.75,31.55,openaq_ground
2026-05-18 10:30:00,9.86825,172.0,33.1,openaq_ground
2026-05-18 11:30:00,14.25,174.0,33.13333333333333,openaq_ground
2026-05-18 12:30:00,18.775,180.5,31.616666666666664,openaq_ground
2026-05-18 13:30:00,37.879999999999995,184.25,28.683333333333334,openaq_ground
2026-05-18 14:30:00,46.35,199.5,35.4,openaq_ground
2026-05-18 15:30:00,42.425,259.6666666666667,50.06,openaq_ground
2026-05-18 16:30:00,25.425,248.75,45.300000000000004,openaq_ground
2026-05-18 17:30:00,25.375,232.0,40.18333333333333,openaq_ground
2026-05-18 18:30:00,34.400000000000006,222.5,41.78333333333333,openaq_ground
2026-05-18 19:30:00,42.9,218.75,43.18333333333334,openaq_ground
2026-05-18 20:30:00,44.1,234.25,49.93333333333334,openaq_ground
2026-05-18 21:30:00,41.525,245.5,53.86666666666667,openaq_ground
2026-05-18 22:30:00,35.05,224.0,50.583333333333336,openaq_ground
2026-05-18 23:30:00,36.225,215.75,50.68333333333334,openaq_ground
2026-05-19 00:30:00,36.699999999999996,231.5,57.43333333333334,openaq_ground
2026-05-19 01:30:00,38.725,256.25,67.88333333333334,openaq_ground
2026-05-19 02:30:00,29.7,281.0,68.05,openaq_ground
2026-05-19 03:30:00,15.567499999999999,307.25,62.800000000000004,openaq_ground
2026-05-19 04:30:00,13.715,279.25,59.68333333333334,openaq_ground
2026-05-19 05:30:00,10.3225,264.75,51.61666666666667,openaq_ground
2026-05-19 06:30:00,10.035,240.0,50.56666666666666,openaq_ground
2026-05-19 07:30:00,8.010000000000002,188.5,46.35,openaq_ground
2026-05-19 08:30:00,9.1075,120.0,39.65,openaq_ground
2026-05-19 09:30:00,9.23,113.75,28.8,openaq_ground
2026-05-19 10:30:00,8.53,121.25,27.683333333333334,openaq_ground
2026-05-19 11:30:00,15.4975,113.85,29.3,openaq_ground
2026-05-19 12:30:00,16.06,110.76666666666667,28.639999999999997,openaq_ground
2026-05-19 13:30:00,26.576666666666668,144.33333333333334,29.98,openaq_ground
2026-05-19 14:30:00,28.175,164.5,31.63333333333333,openaq_ground
2026-05-19 15:30:00,39.175,185.25,48.833333333333336,openaq_ground
2026-05-19 16:30:00,41.300000000000004,201.75,55.63333333333333,openaq_ground
2026-05-19 17:30:00,40.275,252.0,63.75,openaq_ground
2026-05-19 18:30:00,37.375,228.75,56.833333333333336,openaq_ground
2026-05-19 19:30:00,35.925,195.5,50.81666666666666,openaq_ground
2026-05-19 20:30:00,31.974999999999998,152.5,42.88333333333333,openaq_ground
2026-05-19 21:30:00,26.0875,133.45,41.96666666666667,openaq_ground
2026-05-19 22:30:00,24.895,122.75,38.300000000000004,openaq_ground
2026-05-19 23:30:00,21.4325,116.675,35.416666666666664,openaq_ground
2026-05-20 00:30:00,21.47,113.3,29.883333333333336,openaq_ground
2026-05-20 01:30:00,19.995,131.75,35.6,openaq_ground
2026-05-20 02:30:00,16.3,166.75,48.38333333333333,openaq_ground
2026-05-20 03:30:00,13.8275,200.25,53.5,openaq_ground
2026-05-20 04:30:00,10.0625,264.5,55.833333333333336,openaq_ground
2026-05-20 05:30:00,3.94,193.0,33.13333333333333,openaq_ground
2026-05-20 06:30:00,10.5675,162.5,35.166666666666664,openaq_ground
2026-05-20 07:30:00,14.350000000000001,123.35,34.88333333333333,openaq_ground
2026-05-20 08:30:00,14.2025,102.975,38.199999999999996,openaq_ground
2026-05-20 09:30:00,12.0825,105.475,29.899999999999995,openaq_ground
2026-05-20 10:30:00,6.165000000000001,108.35,23.349999999999998,openaq_ground
2026-05-20 11:30:00,7.535,120.75,21.483333333333334,openaq_ground
2026-05-20 12:30:00,41.12,130.25,28.066666666666666,openaq_ground
2026-05-20 13:30:00,60.9,173.5,32.449999999999996,openaq_ground
2026-05-20 14:30:00,66.4,169.25,30.233333333333334,openaq_ground
2026-05-20 15:30:00,70.2,213.0,35.85,openaq_ground
2026-05-20 16:30:00,67.975,241.5,41.35,openaq_ground
2026-05-20 17:30:00,65.6,181.25,36.68333333333333,openaq_ground
2026-05-20 18:30:00,48.5,154.0,34.15,openaq_ground
2026-05-20 19:30:00,41.2,141.0,29.3,openaq_ground
2026-05-20 20:30:00,27.974999999999998,130.0,26.933333333333334,openaq_ground
2026-05-20 21:30:00,25.6,123.75,29.05,openaq_ground
2026-05-20 22:30:00,22.975,121.25,28.366666666666664,openaq_ground
2026-05-20 23:30:00,25.075000000000003,125.0,27.433333333333334,openaq_ground
2026-05-21 00:30:00,22.225,172.5,28.400000000000002,openaq_ground
2026-05-21 01:30:00,20.75,223.25,34.5,openaq_ground
2026-05-21 02:30:00,17.6875,277.0,45.03333333333333,openaq_ground
2026-05-21 03:30:00,11.88,411.5,58.85,openaq_ground
2026-05-21 04:30:00,10.49,531.25,65.7,openaq_ground
2026-05-21 05:30:00,10.62,441.75,62.79999999999999,openaq_ground
2026-05-21 06:30:00,10.505,410.5,58.56666666666666,openaq_ground
2026-05-21 07:30:00,11.6925,383.0,57.93333333333334,openaq_ground
2026-05-21 08:30:00,9.0525,324.75,50.85,openaq_ground
2026-05-21 09:30:00,9.922,285.25,43.48333333333333,openaq_ground
2026-05-21 10:30:00,11.065,252.75,38.983333333333334,openaq_ground
2026-05-21 11:30:00,14.967500000000001,204.175,35.28333333333333,openaq_ground
2026-05-21 12:30:00,26.945,201.0,35.51666666666667,openaq_ground
2026-05-21 13:30:00,46.275,219.75,37.43333333333333,openaq_ground
2026-05-21 14:30:00,56.3,261.5,39.166666666666664,openaq_ground
2026-05-21 15:30:00,53.675000000000004,241.75,36.96666666666667,openaq_ground
2026-05-21 16:30:00,45.425,215.25,34.4,openaq_ground
2026-05-21 17:30:00,32.025,192.75,30.099999999999998,openaq_ground
2026-05-21 18:30:00,29.224999999999998,186.0,27.349999999999998,openaq_ground
2026-05-21 19:30:00,22.925,158.5,25.299999999999997,openaq_ground
2026-05-21 20:30:00,19.07,124.175,22.733333333333334,openaq_ground
2026-05-21 21:30:00,20.075,102.8,24.425,openaq_ground
2026-05-21 22:30:00,25.65,98.1,28.55,openaq_ground
2026-05-21 23:30:00,29.725,109.375,31.683333333333334,openaq_ground
2026-05-22 00:30:00,35.3,126.75,32.36666666666667,openaq_ground
2026-05-22 01:30:00,24.700000000000003,160.0,35.449999999999996,openaq_ground
2026-05-22 02:30:00,25.175,192.25,40.733333333333334,openaq_ground
2026-05-22 03:30:00,24.175,221.25,47.93333333333334,openaq_ground
2026-05-22 04:30:00,,,47.45,openaq_ground
2026-05-22 05:30:00,13.449999999999998,229.0,55.620000000000005,openaq_ground
2026-05-22 06:30:00,13.049999999999999,251.5,60.583333333333336,openaq_ground
2026-05-22 07:30:00,13.079999999999998,234.5,51.53333333333333,openaq_ground
2026-05-22 08:30:00,11.335,197.25,139.25,openaq_ground
2026-05-22 09:30:00,12.6175,209.25,42.06666666666667,openaq_ground
2026-05-22 10:30:00,13.02,238.0,39.96666666666667,openaq_ground
2026-05-22 11:30:00,22.377499999999998,253.0,42.93333333333334,openaq_ground
2026-05-22 12:30:00,33.0475,271.25,53.73333333333333,openaq_ground
2026-05-22 13:30:00,45.85,239.66666666666666,52.21666666666667,openaq_ground
2026-05-22 14:30:00,33.6,228.0,47.63333333333333,openaq_ground
2026-05-22 15:30:00,31.875,200.66666666666666,45.35,openaq_ground
2026-05-22 16:30:00,28.75,191.66666666666666,42.050000000000004,openaq_ground
2026-05-22 17:30:00,26.475,183.0,42.583333333333336,openaq_ground
2026-05-22 18:30:00,,,39.8,openaq_ground
2026-05-22 19:30:00,31.2,198.66666666666666,34.333333333333336,openaq_ground
2026-05-22 20:30:00,38.175,199.66666666666666,33.550000000000004,openaq_ground
2026-05-22 21:30:00,45.349999999999994,194.0,39.25,openaq_ground
2026-05-22 22:30:00,46.85,179.66666666666666,52.73333333333333,openaq_ground
2026-05-22 23:30:00,45.324999999999996,191.0,77.38333333333334,openaq_ground
2026-05-23 00:30:00,42.5,215.66666666666666,78.66666666666667,openaq_ground
2026-05-23 01:30:00,38.325,217.66666666666666,68.98333333333333,openaq_ground
2026-05-23 02:30:00,22.912499999999998,298.6666666666667,79.10000000000001,openaq_ground
2026-05-23 03:30:00,15.55,246.0,44.28333333333333,openaq_ground
2026-05-23 04:30:00,17.11,144.33333333333334,27.099999999999998,openaq_ground
2026-05-23 05:30:00,13.4725,141.06666666666666,37.21666666666667,openaq_ground
2026-05-23 06:30:00,13.612499999999999,180.25,65.89999999999999,openaq_ground
2026-05-23 07:30:00,11.6,193.0,62.75,openaq_ground
2026-05-23 08:30:00,11.645,206.75,55.78333333333333,openaq_ground
2026-05-23 09:30:00,14.9875,341.0,58.81666666666666,openaq_ground
2026-05-23 10:30:00,16.0775,372.25,53.666666666666664,openaq_ground
2026-05-23 11:30:00,13.2975,263.5,40.516666666666666,openaq_ground
2026-05-23 12:30:00,19.5975,231.25,40.516666666666666,openaq_ground
2026-05-23 13:30:00,25.275,244.25,43.6,openaq_ground
2026-05-23 14:30:00,41.55,243.25,45.88333333333333,openaq_ground
2026-05-23 15:30:00,41.25,245.25,42.416666666666664,openaq_ground
2026-05-23 16:30:00,38.199999999999996,251.25,42.86666666666667,openaq_ground
2026-05-23 17:30:00,37.6,257.5,42.06666666666667,openaq_ground
2026-05-23 18:30:00,,,46.25,openaq_ground
2026-05-23 19:30:00,42.9,191.5,45.31666666666666,openaq_ground
2026-05-23 20:30:00,42.875,188.0,45.23333333333333,openaq_ground
2026-05-23 21:30:00,40.875,185.75,48.800000000000004,openaq_ground
2026-05-23 22:30:00,34.675000000000004,189.0,58.300000000000004,openaq_ground
2026-05-23 23:30:00,33.95,199.25,67.63333333333334,openaq_ground
2026-05-24 00:30:00,28.25,219.75,67.43333333333334,openaq_ground
2026-05-24 01:30:00,23.15,225.75,63.76666666666667,openaq_ground
2026-05-24 02:30:00,20.515,242.0,69.2,openaq_ground
2026-05-24 03:30:00,15.892499999999998,269.0,71.93333333333334,openaq_ground
2026-05-24 04:30:00,10.4225,241.25,68.18333333333334,openaq_ground
2026-05-24 05:30:00,11.055,197.0,63.73333333333333,openaq_ground
2026-05-24 06:30:00,8.965,177.5,51.21666666666667,openaq_ground
2026-05-24 07:30:00,8.9125,158.25,40.11666666666667,openaq_ground
2026-05-24 08:30:00,8.4625,137.25,29.233333333333334,openaq_ground
2026-05-24 09:30:00,8.5625,132.1,28.733333333333334,openaq_ground
2026-05-24 10:30:00,8.33,136.05,29.633333333333336,openaq_ground
2026-05-24 11:30:00,13.415000000000001,128.075,29.28333333333333,openaq_ground
2026-05-24 12:30:00,37.800000000000004,140.175,30.766666666666666,openaq_ground
2026-05-24 13:30:00,65.175,193.35,40.5,openaq_ground
2026-05-24 14:30:00,71.475,196.125,42.76666666666667,openaq_ground
2026-05-24 15:30:00,76.65,209.3,53.51666666666667,openaq_ground
2026-05-24 16:30:00,77.775,225.0,60.050000000000004,openaq_ground
2026-05-24 17:30:00,78.875,222.0,59.6,openaq_ground
2026-05-24 18:30:00,51.125,219.025,58.06666666666666,openaq_ground
2026-05-24 19:30:00,28.25,233.325,46.18333333333334,openaq_ground
2026-05-24 20:30:00,15.1325,213.5,34.699999999999996,openaq_ground
2026-05-24 21:30:00,16.18,216.2,35.18333333333333,openaq_ground
2026-05-24 22:30:00,18.895000000000003,213.75,39.333333333333336,openaq_ground
2026-05-24 23:30:00,19.34,227.275,46.48333333333333,openaq_ground
2026-05-25 00:30:00,16.8275,251.675,47.666666666666664,openaq_ground
2026-05-25 01:30:00,18.395,255.225,51.93333333333334,openaq_ground
2026-05-25 02:30:00,15.212499999999999,260.675,56.93333333333333,openaq_ground
2026-05-25 03:30:00,12.815,292.75,61.083333333333336,openaq_ground
2026-05-25 04:30:00,9.405,362.0,71.41666666666667,openaq_ground
2026-05-25 05:30:00,7.94,353.3333333333333,59.02,openaq_ground
2026-05-25 06:30:00,12.715,361.75,74.10000000000001,openaq_ground
2026-05-25 07:30:00,9.76,363.75,71.93333333333334,openaq_ground
2026-05-25 08:30:00,9.413250000000001,365.25,70.78333333333333,openaq_ground
2026-05-25 09:30:00,9.64875,397.5,72.96666666666667,openaq_ground
2026-05-25 10:30:00,11.30075,353.0,75.58333333333333,openaq_ground
2026-05-25 11:30:00,15.8275,329.5,59.96666666666667,openaq_ground
2026-05-25 12:30:00,22.1975,335.5,60.9,openaq_ground
2026-05-25 13:30:00,27.9425,346.0,57.36666666666667,openaq_ground
2026-05-25 14:30:00,44.45,313.0,61.416666666666664,openaq_ground
2026-05-25 15:30:00,54.324999999999996,315.75,71.73333333333333,openaq_ground
2026-05-25 16:30:00,57.75,352.75,78.73333333333333,openaq_ground
2026-05-25 17:30:00,53.025,353.0,81.63333333333334,openaq_ground
2026-05-25 18:30:00,49.325,367.0,116.78333333333335,openaq_ground
2026-05-25 19:30:00,58.2,329.25,105.0,openaq_ground
2026-05-25 20:30:00,45.975,275.0,91.01666666666667,openaq_ground
2026-05-25 21:30:00,35.55,232.75,88.68333333333334,openaq_ground
2026-05-25 22:30:00,46.1,189.45,82.68333333333334,openaq_ground
2026-05-25 23:30:00,45.675000000000004,172.175,76.03333333333333,openaq_ground
2026-05-26 00:30:00,43.974999999999994,180.675,77.93333333333334,openaq_ground
2026-05-26 01:30:00,33.775,214.375,95.13333333333333,openaq_ground
2026-05-26 02:30:00,30.85,235.45,107.89999999999999,openaq_ground
2026-05-26 03:30:00,25.53333333333333,222.0666666666667,92.92,openaq_ground
2026-05-26 04:30:00,14.4325,155.725,43.550000000000004,openaq_ground
2026-05-26 05:30:00,11.86,150.85,38.266666666666666,openaq_ground
2026-05-26 06:30:00,10.06,132.975,28.183333333333334,openaq_ground
2026-05-26 07:30:00,9.2725,109.2,23.0,openaq_ground
2026-05-26 08:30:00,9.1075,117.1,25.53333333333333,openaq_ground
2026-05-26 09:30:00,9.7775,127.575,25.083333333333332,openaq_ground
2026-05-26 10:30:00,9.45,119.0,24.516666666666666,openaq_ground
2026-05-26 11:30:00,13.5825,108.125,21.116666666666667,openaq_ground
2026-05-26 12:30:00,26.0,112.575,21.95,openaq_ground
2026-05-26 13:30:00,52.6275,126.975,26.400000000000002,openaq_ground
2026-05-26 14:30:00,65.175,143.75,33.333333333333336,openaq_ground
2026-05-26 15:30:00,64.925,177.6,43.199999999999996,openaq_ground
2026-05-26 16:30:00,71.225,177.65,47.43333333333334,openaq_ground
2026-05-26 17:30:00,58.375,182.925,50.666666666666664,openaq_ground
2026-05-26 18:30:00,56.3,142.6,54.25,openaq_ground
2026-05-26 19:30:00,59.225,148.025,57.78333333333333,openaq_ground
2026-05-26 20:30:00,58.4,154.85,55.21666666666667,openaq_ground
2026-05-26 21:30:00,55.075,156.325,54.81666666666666,openaq_ground
2026-05-26 22:30:00,53.675,155.8,57.81666666666666,openaq_ground
2026-05-26 23:30:00,51.9,163.475,75.26666666666667,openaq_ground
2026-05-27 00:30:00,46.5,187.05,90.41666666666667,openaq_ground
2026-05-27 01:30:00,50.75,234.575,110.85000000000001,openaq_ground
2026-05-27 02:30:00,37.55,241.15,128.68333333333334,openaq_ground
2026-05-27 03:30:00,26.975,238.85,113.03333333333335,openaq_ground
2026-05-27 04:30:00,17.84,199.325,81.36666666666666,openaq_ground
2026-05-27 05:30:00,12.195,167.05,64.45,openaq_ground
2026-05-27 06:30:00,10.2575,139.775,46.0,openaq_ground
2026-05-27 07:30:00,,,31.25,openaq_ground
2026-05-27 08:30:00,,,31.95,openaq_ground
2026-05-27 09:30:00,,,30.85,openaq_ground
2026-05-27 10:30:00,,,27.95,openaq_ground
2026-05-27 11:30:00,11.433333333333332,135.6,29.48,openaq_ground
2026-05-27 12:30:00,16.505,129.0,28.71666666666667,openaq_ground
2026-05-27 13:30:00,47.5075,142.4,28.8,openaq_ground
2026-05-27 14:30:00,62.949999999999996,158.3,35.916666666666664,openaq_ground
2026-05-27 15:30:00,62.0,186.0,44.36666666666667,openaq_ground
2026-05-27 16:30:00,63.075,186.05,53.38333333333333,openaq_ground
2026-05-27 17:30:00,65.925,179.8,58.78333333333333,openaq_ground
2026-05-27 18:30:00,81.93333333333334,196.0,72.67999999999999,openaq_ground
2026-05-27 19:30:00,86.26666666666667,236.9,81.28,openaq_ground
2026-05-27 20:30:00,81.13333333333333,286.3333333333333,90.17999999999999,openaq_ground
2026-05-27 21:30:00,51.4,176.1,76.7,openaq_ground
2026-05-27 22:30:00,43.1,151.06666666666666,72.17999999999999,openaq_ground
2026-05-27 23:30:00,51.63333333333333,143.6,68.03999999999999,openaq_ground
2026-05-28 00:30:00,41.300000000000004,168.16666666666666,70.92,openaq_ground
2026-05-28 01:30:00,24.566666666666666,189.96666666666667,78.5,openaq_ground
2026-05-28 02:30:00,21.566666666666666,182.96666666666667,79.58,openaq_ground
2026-05-28 03:30:00,21.3,188.66666666666666,78.24,openaq_ground
2026-05-28 04:30:00,16.9125,212.0,78.38333333333334,openaq_ground
2026-05-28 05:30:00,14.7475,214.75,75.14999999999999,openaq_ground
2026-05-28 06:30:00,14.690000000000001,197.55,63.51666666666667,openaq_ground
2026-05-28 07:30:00,14.725,190.95,70.05,openaq_ground
2026-05-28 08:30:00,15.04,183.6,59.13333333333333,openaq_ground
2026-05-28 09:30:00,14.7275,175.45,57.98333333333333,openaq_ground
2026-05-28 10:30:00,15.092500000000001,167.075,54.13333333333333,openaq_ground
2026-05-28 11:30:00,18.4775,168.225,48.9,openaq_ground
2026-05-28 12:30:00,18.3125,180.925,57.9,openaq_ground
2026-05-28 13:30:00,15.9725,156.0,41.43333333333333,openaq_ground
2026-05-28 14:30:00,11.954999999999998,71.375,17.533333333333335,openaq_ground
2026-05-28 15:30:00,,,43.75,openaq_ground
2026-05-28 16:30:00,15.5,38.2,15.15,openaq_ground
2026-05-28 17:30:00,15.0525,40.25,13.871666666666668,openaq_ground
2026-05-28 18:30:00,13.695,32.925,16.72,openaq_ground
2026-05-28 19:30:00,20.375,27.325,10.370000000000001,openaq_ground
2026-05-28 20:30:00,17.78,93.025,18.058333333333334,openaq_ground
2026-05-28 21:30:00,11.085,184.65,28.45,openaq_ground
2026-05-28 22:30:00,11.712499999999999,125.475,25.983333333333334,openaq_ground
2026-05-28 23:30:00,16.0325,91.1,26.083333333333332,openaq_ground
2026-05-29 00:30:00,14.227500000000001,96.975,23.175,openaq_ground
2026-05-29 01:30:00,12.565,108.825,29.53333333333333,openaq_ground
2026-05-29 02:30:00,10.985,109.225,25.7,openaq_ground
2026-05-29 03:30:00,12.7,100.975,29.333333333333332,openaq_ground
2026-05-29 04:30:00,14.135,101.95,33.68333333333333,openaq_ground
2026-05-29 05:30:00,14.137500000000001,96.175,32.28333333333333,openaq_ground
2026-05-29 06:30:00,6.96,125.0,40.1,openaq_ground
2026-05-29 07:30:00,13.9025,85.95,36.78333333333333,openaq_ground
2026-05-29 08:30:00,13.465,76.425,29.149999999999995,openaq_ground
2026-05-29 09:30:00,13.99,80.0,23.71666666666667,openaq_ground
2026-05-29 10:30:00,17.055,82.045,23.438333333333333,openaq_ground
2026-05-29 11:30:00,22.04,74.625,21.641666666666666,openaq_ground
2026-05-29 12:30:00,21.635,86.725,21.183333333333334,openaq_ground
2026-05-29 13:30:00,23.299999999999997,70.325,15.483333333333334,openaq_ground
2026-05-29 14:30:00,26.775,54.825,20.0,openaq_ground
2026-05-29 15:30:00,21.8475,78.9,17.85,openaq_ground
2026-05-29 16:30:00,20.174999999999997,165.9,15.096,openaq_ground
2026-05-29 17:30:00,24.0225,173.57500000000002,12.85,openaq_ground
2026-05-29 18:30:00,17.395,51.1,14.280000000000001,openaq_ground
2026-05-29 19:30:00,15.895,43.349999999999994,16.04,openaq_ground
2026-05-29 20:30:00,13.5025,35.7,10.425999999999998,openaq_ground
2026-05-29 21:30:00,10.41,29.45,10.686,openaq_ground
2026-05-29 22:30:00,11.1575,31.549999999999997,12.815999999999999,openaq_ground
2026-05-29 23:30:00,12.049999999999999,34.075,19.839999999999996,openaq_ground
2026-05-30 00:30:00,13.7075,35.85,16.296666666666667,openaq_ground
2026-05-30 01:30:00,13.94,45.85,15.799999999999999,openaq_ground
2026-05-30 02:30:00,12.3025,51.4,16.616666666666667,openaq_ground
2026-05-30 03:30:00,11.09,54.175,16.616666666666667,openaq_ground
2026-05-30 04:30:00,12.022499999999999,57.1975,18.974999999999998,openaq_ground
2026-05-30 05:30:00,11.5175,66.25,20.183333333333334,openaq_ground
2026-05-30 06:30:00,10.815,71.1,22.808333333333334,openaq_ground
2026-05-30 07:30:00,10.3675,69.875,23.416666666666668,openaq_ground
2026-05-30 08:30:00,10.7225,69.825,23.96666666666667,openaq_ground
2026-05-30 09:30:00,10.672500000000001,78.475,27.3,openaq_ground
2026-05-30 10:30:00,14.3725,158.6,38.166666666666664,openaq_ground
2026-05-30 11:30:00,17.5425,149.275,20.641666666666666,openaq_ground
2026-05-30 12:30:00,35.75,92.55,16.488333333333333,openaq_ground
2026-05-30 13:30:00,38.400000000000006,112.25,22.116666666666664,openaq_ground
2026-05-30 14:30:00,51.13333333333333,120.0,30.95,openaq_ground
2026-05-30 15:30:00,48.699999999999996,130.33333333333334,42.18,openaq_ground
2026-05-30 16:30:00,27.333333333333332,126.0,44.38,openaq_ground
2026-05-30 17:30:00,22.333333333333332,90.56666666666666,30.18,openaq_ground
2026-05-30 18:30:00,21.16,59.300000000000004,23.02,openaq_ground
2026-05-30 19:30:00,17.852500000000003,46.075,21.25,openaq_ground
2026-05-30 20:30:00,21.87,41.1,21.15,openaq_ground
2026-05-30 21:30:00,17.282500000000002,42.5,16.580000000000002,openaq_ground
2026-05-30 22:30:00,18.965,40.9,13.963333333333333,openaq_ground
2026-05-30 23:30:00,17.54,46.825,16.055,openaq_ground
2026-05-31 00:30:00,19.3925,51.575,18.758333333333333,openaq_ground
2026-05-31 01:30:00,16.6475,54.475,23.816666666666666,openaq_ground
2026-05-31 02:30:00,15.476666666666667,54.199999999999996,23.02,openaq_ground
2026-05-31 03:30:00,15.043333333333335,57.76666666666667,23.91,openaq_ground
2026-05-31 04:30:00,13.696666666666667,60.699999999999996,26.28,openaq_ground
2026-05-31 05:30:00,14.153333333333334,66.93333333333334,26.360000000000003,openaq_ground
2026-05-31 06:30:00,13.853333333333333,63.333333333333336,23.74,openaq_ground
2026-05-31 07:30:00,15.033333333333333,63.53333333333333,27.18,openaq_ground
2026-05-31 08:30:00,17.97,67.8,31.8,openaq_ground
2026-05-31 09:30:00,18.62666666666667,78.16666666666667,31.18,openaq_ground
2026-05-31 10:30:00,18.406666666666666,85.63333333333333,25.2,openaq_ground
2026-05-31 11:30:00,20.436666666666667,83.66666666666667,24.34,openaq_ground
2026-05-31 12:30:00,20.446666666666665,72.5,23.86,openaq_ground
2026-05-31 13:30:00,21.475,66.875,24.02,openaq_ground
2026-05-31 14:30:00,20.724999999999998,64.3,22.94,openaq_ground
2026-05-31 15:30:00,22.9,61.875,20.71,openaq_ground
2026-05-31 16:30:00,24.7,65.175,21.474999999999998,openaq_ground
2026-05-31 17:30:00,29.775,67.875,24.933333333333334,openaq_ground
2026-05-31 18:30:00,30.95,65.7,26.983333333333334,openaq_ground
2026-05-31 19:30:00,31.2,63.5,26.400000000000002,openaq_ground
2026-05-31 20:30:00,38.55,57.5,27.666666666666668,openaq_ground
2026-05-31 21:30:00,30.85,61.175,27.833333333333332,openaq_ground
2026-05-31 22:30:00,24.9,79.0,35.083333333333336,openaq_ground
2026-05-31 23:30:00,23.95,88.625,46.53333333333333,openaq_ground
2026-06-01 00:30:00,23.675,74.775,38.1,openaq_ground
2026-06-01 01:30:00,20.1,84.2,37.483333333333334,openaq_ground
2026-06-01 02:30:00,15.95,73.35,38.449999999999996,openaq_ground
2026-06-01 03:30:00,14.295,67.525,37.983333333333334,openaq_ground
2026-06-01 04:30:00,14.17,74.475,41.050000000000004,openaq_ground
2026-06-01 05:30:00,11.0,72.85,33.61666666666667,openaq_ground
2026-06-01 06:30:00,9.765,65.25,25.78333333333333,openaq_ground
2026-06-01 07:30:00,10.315,60.4,25.516666666666666,openaq_ground
2026-06-01 08:30:00,10.24,64.525,29.433333333333334,openaq_ground
2026-06-01 09:30:00,10.0425,65.425,26.916666666666668,openaq_ground
2026-06-01 10:30:00,11.485,66.3825,29.566666666666663,openaq_ground
2026-06-01 11:30:00,12.215,68.3675,28.666666666666668,openaq_ground
2026-06-01 12:30:00,16.1925,75.275,26.866666666666664,openaq_ground
2026-06-01 13:30:00,25.65,75.425,26.238333333333333,openaq_ground
2026-06-01 14:30:00,26.8,78.75,27.391666666666666,openaq_ground
2026-06-01 15:30:00,27.225,88.975,31.366666666666664,openaq_ground
2026-06-01 16:30:00,27.3,90.675,33.55833333333333,openaq_ground
2026-06-01 17:30:00,36.1,96.925,39.6,openaq_ground
2026-06-01 18:30:00,41.775,111.375,45.88333333333333,openaq_ground
2026-06-01 19:30:00,36.550000000000004,104.25,44.26666666666667,openaq_ground
2026-06-01 20:30:00,31.45,88.8,34.96666666666667,openaq_ground
2026-06-01 21:30:00,26.3475,89.925,35.166666666666664,openaq_ground
2026-06-01 22:30:00,18.177500000000002,89.675,37.11666666666667,openaq_ground
2026-06-01 23:30:00,28.075000000000003,86.575,41.56666666666666,openaq_ground
2026-06-02 00:30:00,25.1475,90.45,38.61666666666667,openaq_ground
2026-06-02 01:30:00,14.662500000000001,91.075,41.166666666666664,openaq_ground
2026-06-02 02:30:00,14.395,96.9,45.76666666666667,openaq_ground
2026-06-02 03:30:00,13.7775,87.9,43.38333333333333,openaq_ground
2026-06-02 04:30:00,13.2675,85.2,38.68333333333334,openaq_ground
2026-06-02 05:30:00,9.7625,85.5,35.199999999999996,openaq_ground
2026-06-02 06:30:00,7.98,86.225,37.61666666666667,openaq_ground
2026-06-02 07:30:00,6.2075,89.75,36.6,openaq_ground
2026-06-02 08:30:00,6.9,78.7,33.766666666666666,openaq_ground
2026-06-02 09:30:00,11.432500000000001,70.85,28.46666666666667,openaq_ground
2026-06-02 10:30:00,13.376666666666665,61.13333333333333,30.32,openaq_ground
2026-06-02 11:30:00,16.3075,77.63499999999999,33.416666666666664,openaq_ground
2026-06-02 12:30:00,17.0325,72.69,30.083333333333332,openaq_ground
2026-06-02 13:30:00,20.1,68.025,30.833333333333332,openaq_ground
2026-06-02 14:30:00,31.4225,73.45,30.333333333333332,openaq_ground
2026-06-02 15:30:00,29.025,91.15,34.93333333333333,openaq_ground
2026-06-02 16:30:00,33.975,102.75,41.199999999999996,openaq_ground
2026-06-02 17:30:00,43.25,110.65,41.53333333333333,openaq_ground
2026-06-02 18:30:00,43.925,108.5,39.86666666666667,openaq_ground
2026-06-02 19:30:00,42.224999999999994,110.925,46.449999999999996,openaq_ground
2026-06-02 20:30:00,40.9,114.575,48.416666666666664,openaq_ground
2026-06-02 21:30:00,41.6,116.35,50.333333333333336,openaq_ground
2026-06-02 22:30:00,37.45,121.4,52.88333333333333,openaq_ground
2026-06-02 23:30:00,40.225,122.875,55.85,openaq_ground
2026-06-03 00:30:00,33.775,117.025,59.583333333333336,openaq_ground
2026-06-03 01:30:00,27.1,115.425,58.43333333333334,openaq_ground
2026-06-03 02:30:00,23.35,115.575,52.1,openaq_ground
2026-06-03 03:30:00,15.557500000000001,111.375,48.78333333333333,openaq_ground
2026-06-03 04:30:00,17.14,105.7,45.71666666666667,openaq_ground
2026-06-03 05:30:00,14.704999999999998,110.8,41.85,openaq_ground
2026-06-03 06:30:00,14.077499999999999,114.8,44.333333333333336,openaq_ground
2026-06-03 07:30:00,14.14,115.1,49.666666666666664,openaq_ground
2026-06-03 08:30:00,16.557499999999997,127.375,55.85,openaq_ground
2026-06-03 09:30:00,19.5625,140.8,62.36666666666667,openaq_ground
2026-06-03 10:30:00,9.67,190.0,65.96666666666665,openaq_ground
2026-06-03 11:30:00,15.9475,145.225,59.833333333333336,openaq_ground
2026-06-03 12:30:00,26.125,136.375,51.4,openaq_ground
2026-06-03 13:30:00,41.625,129.95,47.68333333333334,openaq_ground
2026-06-03 14:30:00,48.099999999999994,161.6,53.81666666666666,openaq_ground
2026-06-03 15:30:00,48.574999999999996,166.525,56.43333333333334,openaq_ground
2026-06-03 16:30:00,48.3,163.025,60.333333333333336,openaq_ground
2026-06-03 17:30:00,52.875,182.3,61.11666666666667,openaq_ground
2026-06-03 18:30:00,52.325,207.6,59.916666666666664,openaq_ground
2026-06-03 19:30:00,39.425,194.35,59.06666666666666,openaq_ground
2026-06-03 20:30:00,26.724999999999998,156.725,59.449999999999996,openaq_ground
2026-06-03 21:30:00,26.925,151.55,56.199999999999996,openaq_ground
2026-06-03 22:30:00,18.15,135.975,51.78333333333333,openaq_ground
2026-06-03 23:30:00,21.75,87.8,46.21666666666667,openaq_ground
2026-06-04 00:30:00,29.325000000000003,101.05,42.4,openaq_ground
2026-06-04 01:30:00,31.9,135.175,50.21666666666667,openaq_ground
2026-06-04 02:30:00,21.325,141.4,54.13333333333333,openaq_ground
2026-06-04 03:30:00,19.174999999999997,136.45,45.666666666666664,openaq_ground
2026-06-04 04:30:00,21.75,157.275,57.333333333333336,openaq_ground
2026-06-04 05:30:00,20.675,210.925,81.96666666666667,openaq_ground
2026-06-04 06:30:00,19.22,195.775,71.96666666666667,openaq_ground
2026-06-04 07:30:00,15.78,171.325,67.03333333333333,openaq_ground
2026-06-04 08:30:00,13.2425,166.175,56.18333333333334,openaq_ground
2026-06-04 09:30:00,18.9,121.0,27.099999999999998,openaq_ground
2026-06-04 10:30:00,13.8275,53.45,25.133333333333336,openaq_ground
2026-06-04 11:30:00,30.075,64.95,18.5,openaq_ground
2026-06-04 12:30:00,48.46666666666667,63.93333333333334,28.075,openaq_ground
2026-06-04 13:30:00,27.5,139.0,32.5,openaq_ground
2026-06-04 14:30:00,18.7,236.66666666666666,26.68,openaq_ground
2026-06-04 15:30:00,23.200000000000003,162.0,24.66,openaq_ground
2026-06-04 16:30:00,36.333333333333336,124.66666666666667,22.98,openaq_ground
2026-06-04 17:30:00,24.8925,146.5,25.883333333333336,openaq_ground
2026-06-04 18:30:00,,,37.5,openaq_ground
2026-06-04 19:30:00,18.025,184.5,34.766666666666666,openaq_ground
2026-06-04 20:30:00,26.35,132.5,30.75,openaq_ground
2026-06-04 21:30:00,17.55,172.5,34.78333333333333,openaq_ground
2026-06-04 22:30:00,14.125,184.25,32.13333333333333,openaq_ground
2026-06-04 23:30:00,13.3675,123.75,28.083333333333332,openaq_ground
2026-06-05 00:30:00,10.5925,74.3,17.033333333333335,openaq_ground
2026-06-05 01:30:00,16.525,70.3,17.466666666666665,openaq_ground
2026-06-05 02:30:00,18.075,82.775,20.091666666666665,openaq_ground
2026-06-05 03:30:00,15.55,83.375,22.208333333333332,openaq_ground
2026-06-05 04:30:00,17.0275,102.925,31.2,openaq_ground
2026-06-05 05:30:00,20.14,120.575,42.550000000000004,openaq_ground
2026-06-05 06:30:00,21.925,137.75,44.63333333333333,openaq_ground
2026-06-05 07:30:00,20.13,149.5,48.11666666666667,openaq_ground
2026-06-05 08:30:00,18.815,139.25,48.800000000000004,openaq_ground
2026-06-05 09:30:00,13.165000000000001,131.25,47.0,openaq_ground
2026-06-05 10:30:00,10.96,120.25,39.1,openaq_ground
2026-06-05 11:30:00,12.305,116.0,40.35,openaq_ground
2026-06-05 12:30:00,23.4025,121.33333333333333,52.779999999999994,openaq_ground
2026-06-05 13:30:00,52.475,130.0,54.08,openaq_ground
2026-06-05 14:30:00,66.175,143.33333333333334,59.52,openaq_ground
2026-06-05 15:30:00,69.175,147.66666666666666,69.82000000000001,openaq_ground
2026-06-05 16:30:00,61.275000000000006,180.66666666666666,78.26,openaq_ground
2026-06-05 17:30:00,58.0,198.66666666666666,86.97999999999999,openaq_ground
2026-06-05 18:30:00,,,90.3,openaq_ground
2026-06-05 19:30:00,48.175,205.33333333333334,99.67999999999999,openaq_ground
2026-06-05 20:30:00,44.325,210.33333333333334,96.03999999999999,openaq_ground
2026-06-05 21:30:00,40.525000000000006,198.33333333333334,86.56,openaq_ground
2026-06-05 22:30:00,37.525,184.0,87.1,openaq_ground
2026-06-05 23:30:00,33.05,181.66666666666666,87.34,openaq_ground
2026-06-06 00:30:00,40.275000000000006,196.66666666666666,90.8,openaq_ground
2026-06-06 01:30:00,49.4,198.66666666666666,93.46000000000001,openaq_ground
2026-06-06 02:30:00,49.475,185.0,69.74,openaq_ground
2026-06-06 03:30:00,30.950000000000003,174.0,56.3,openaq_ground
2026-06-06 04:30:00,17.0775,176.5,43.66,openaq_ground
2026-06-06 05:30:00,10.685,183.5,38.0,openaq_ground
2026-06-06 06:30:00,5.21,200.75,35.68333333333333,openaq_ground
2026-06-06 07:30:00,8.74,206.75,44.449999999999996,openaq_ground
2026-06-06 08:30:00,7.62,212.25,48.9,openaq_ground
2026-06-06 09:30:00,7.5575,196.5,40.38333333333333,openaq_ground
2026-06-06 10:30:00,11.9475,196.25,40.266666666666666,openaq_ground
2026-06-06 11:30:00,13.85,214.0,43.36666666666667,openaq_ground
2026-06-06 12:30:00,18.4125,313.5,37.699999999999996,openaq_ground
2026-06-06 13:30:00,34.400000000000006,295.25,24.116666666666664,openaq_ground
2026-06-06 14:30:00,39.05,193.75,28.616666666666664,openaq_ground
2026-06-06 15:30:00,26.45,161.5,28.983333333333334,openaq_ground
2026-06-06 16:30:00,19.495,108.575,21.483333333333334,openaq_ground
2026-06-06 17:30:00,20.3125,83.925,18.666666666666668,openaq_ground
2026-06-06 18:30:00,,,26.45,openaq_ground
2026-06-06 19:30:00,34.325,90.275,23.75,openaq_ground
2026-06-06 20:30:00,28.924999999999997,90.15,20.333333333333332,openaq_ground
2026-06-06 21:30:00,17.6,75.16666666666667,20.73,openaq_ground
2026-06-06 22:30:00,21.833333333333332,67.0,21.77,openaq_ground
2026-06-06 23:30:00,20.566666666666666,74.8,21.64,openaq_ground
2026-06-07 00:30:00,14.466666666666667,71.36666666666666,19.78,openaq_ground
2026-06-07 01:30:00,9.696666666666667,79.575,17.416666666666668,openaq_ground
2026-06-07 02:30:00,11.9575,87.475,21.066666666666666,openaq_ground
2026-06-07 03:30:00,12.6325,125.525,35.93333333333333,openaq_ground
2026-06-07 04:30:00,10.6625,158.5,40.916666666666664,openaq_ground
2026-06-07 05:30:00,8.13,179.75,39.449999999999996,openaq_ground
2026-06-07 06:30:00,7.5575,207.25,40.233333333333334,openaq_ground
2026-06-07 07:30:00,6.1375,232.75,42.016666666666666,openaq_ground
2026-06-07 08:30:00,4.9075,239.25,43.1,openaq_ground
2026-06-07 09:30:00,5.1775,232.75,40.699999999999996,openaq_ground
2026-06-07 10:30:00,5.6375,213.0,36.333333333333336,openaq_ground
2026-06-07 11:30:00,11.8975,193.75,31.733333333333334,openaq_ground
2026-06-07 12:30:00,35.575,154.5,29.95,openaq_ground
2026-06-07 13:30:00,42.175,182.5,31.46666666666667,openaq_ground
2026-06-07 14:30:00,17.2925,211.75,25.233333333333334,openaq_ground
2026-06-07 15:30:00,22.5075,113.45,25.22,openaq_ground
2026-06-07 16:30:00,23.3975,110.25,28.2,openaq_ground
2026-06-07 17:30:00,14.0575,100.275,22.38,openaq_ground
2026-06-07 18:30:00,,,27.1,openaq_ground
2026-06-07 19:30:00,31.425,138.625,21.96666666666667,openaq_ground
2026-06-07 20:30:00,29.575,169.65,22.558333333333334,openaq_ground
2026-06-07 21:30:00,22.35,153.8,18.933333333333334,openaq_ground
2026-06-07 22:30:00,11.35,91.125,19.650000000000002,openaq_ground
2026-06-07 23:30:00,12.34,82.2,20.258333333333333,openaq_ground
2026-06-08 00:30:00,14.84,93.525,20.05,openaq_ground
2026-06-08 01:30:00,14.025,97.075,25.008333333333336,openaq_ground
2026-06-08 02:30:00,14.8625,101.425,27.75,openaq_ground
2026-06-08 03:30:00,10.4475,113.125,31.21666666666667,openaq_ground
2026-06-08 04:30:00,7.9125,128.575,32.78333333333333,openaq_ground
2026-06-08 05:30:00,6.8125,141.85,36.81666666666667,openaq_ground
2026-06-08 06:30:00,6.3175,155.8,37.61666666666667,openaq_ground
2026-06-08 07:30:00,5.5649999999999995,180.975,44.916666666666664,openaq_ground
2026-06-08 08:30:00,4.46075,181.225,42.68333333333334,openaq_ground
2026-06-08 09:30:00,4.70375,166.825,43.65,openaq_ground
2026-06-08 10:30:00,5.80575,146.525,36.18333333333333,openaq_ground
2026-06-08 11:30:00,9.8425,128.6,27.600000000000005,openaq_ground
2026-06-08 12:30:00,18.165,119.075,29.066666666666666,openaq_ground
2026-06-08 13:30:00,46.275000000000006,120.225,32.016666666666666,openaq_ground
2026-06-08 14:30:00,59.725,132.325,42.699999999999996,openaq_ground
2026-06-08 15:30:00,63.875,151.825,43.9,openaq_ground
2026-06-08 16:30:00,56.375,178.975,46.06666666666666,openaq_ground
2026-06-08 17:30:00,44.9,165.5,40.36666666666667,openaq_ground
2026-06-08 18:30:00,,,39.35,openaq_ground
2026-06-08 19:30:00,33.375,125.4,32.166666666666664,openaq_ground
2026-06-08 20:30:00,31.3375,114.25,31.733333333333334,openaq_ground
2026-06-08 21:30:00,28.575000000000003,109.825,32.0,openaq_ground
2026-06-08 22:30:00,32.3,97.925,32.5,openaq_ground
2026-06-08 23:30:00,34.025,102.925,31.583333333333332,openaq_ground
2026-06-09 00:30:00,26.275,125.05,31.71666666666667,openaq_ground
2026-06-09 01:30:00,12.405000000000001,132.9,30.349999999999998,openaq_ground
2026-06-09 02:30:00,10.7325,136.3,35.13333333333333,openaq_ground
2026-06-09 03:30:00,10.0525,144.35,40.4,openaq_ground
2026-06-09 04:30:00,7.9750000000000005,163.65,41.983333333333334,openaq_ground
2026-06-09 05:30:00,6.395,153.65,37.416666666666664,openaq_ground
2026-06-09 06:30:00,5.5375,141.325,39.449999999999996,openaq_ground
2026-06-09 07:30:00,5.88,146.05,38.4,openaq_ground
2026-06-09 08:30:00,6.44,143.275,38.800000000000004,openaq_ground
2026-06-09 09:30:00,6.21,140.95,33.28333333333333,openaq_ground
2026-06-09 10:30:00,13.11,146.25,30.28333333333333,openaq_ground
2026-06-09 11:30:00,18.8375,285.0,41.76666666666667,openaq_ground
2026-06-09 12:30:00,13.1125,601.75,45.26666666666667,openaq_ground
2026-06-09 13:30:00,8.625,661.25,32.083333333333336,openaq_ground
2026-06-09 14:30:00,15.925,418.5,18.921666666666667,openaq_ground
2026-06-09 15:30:00,23.975,109.325,17.0,openaq_ground
2026-06-09 16:30:00,13.147499999999999,101.55,18.006,openaq_ground
2026-06-09 17:30:00,5.9425,195.0,16.06,openaq_ground
2026-06-09 18:30:00,6.543333333333333,92.16666666666667,11.91,openaq_ground
2026-06-09 19:30:00,15.263333333333334,75.63333333333334,11.080000000000002,openaq_ground
2026-06-09 20:30:00,26.666666666666668,66.89999999999999,12.2,openaq_ground
2026-06-09 21:30:00,29.433333333333334,80.13333333333333,16.86,openaq_ground
2026-06-09 22:30:00,30.46666666666667,91.93333333333334,20.630000000000003,openaq_ground
2026-06-09 23:30:00,28.666666666666668,120.96666666666665,27.24,openaq_ground
2026-06-10 00:30:00,28.933333333333334,108.26666666666667,28.48,openaq_ground
2026-06-10 01:30:00,31.566666666666666,130.33333333333334,37.7,openaq_ground
2026-06-10 02:30:00,20.796666666666667,150.0,41.58,openaq_ground
2026-06-10 03:30:00,14.575000000000001,170.5,42.53333333333333,openaq_ground
2026-06-10 04:30:00,,,41.35,openaq_ground
2026-06-10 05:30:00,,,39.0,openaq_ground
2026-06-10 06:30:00,,,35.0,openaq_ground
2026-06-10 07:30:00,4.36,237.0,39.53333333333333,openaq_ground
2026-06-10 08:30:00,6.4975,219.0,35.38333333333333,openaq_ground
2026-06-10 09:30:00,6.0975,226.75,34.13333333333333,openaq_ground
2026-06-10 10:30:00,8.7625,200.25,29.066666666666666,openaq_ground
2026-06-10 11:30:00,14.695,225.5,34.9,openaq_ground
2026-06-10 12:30:00,25.3975,226.5,37.266666666666666,openaq_ground
2026-06-10 13:30:00,50.475,234.25,40.11666666666667,openaq_ground
2026-06-10 14:30:00,55.85,244.0,48.06666666666666,openaq_ground
2026-06-10 15:30:00,45.125,263.25,53.88333333333333,openaq_ground
2026-06-10 16:30:00,49.425000000000004,258.5,58.46666666666667,openaq_ground
2026-06-10 17:30:00,48.4,235.25,56.06666666666666,openaq_ground
2026-06-10 18:30:00,44.3,203.25,52.63333333333333,openaq_ground
2026-06-10 19:30:00,39.075,191.0,46.65,openaq_ground
2026-06-10 20:30:00,38.9,163.75,33.65,openaq_ground
2026-06-10 21:30:00,23.45,133.0,26.2,openaq_ground
2026-06-10 22:30:00,21.825,100.0,20.88,openaq_ground
2026-06-10 23:30:00,19.025000000000002,89.975,21.633333333333336,openaq_ground
2026-06-11 00:30:00,15.3725,91.325,23.194999999999997,openaq_ground
2026-06-11 01:30:00,12.5175,89.775,24.5,openaq_ground
2026-06-11 02:30:00,,,32.75,openaq_ground
2026-06-11 03:30:00,13.1675,172.75,33.21666666666667,openaq_ground
2026-06-11 04:30:00,12.96,133.5,34.03333333333333,openaq_ground
2026-06-11 05:30:00,15.005,108.925,36.9,openaq_ground
2026-06-11 06:30:00,17.145,97.625,37.0,openaq_ground
2026-06-11 07:30:00,14.675,93.85,34.36666666666667,openaq_ground
2026-06-11 08:30:00,15.005,98.775,32.43333333333333,openaq_ground
2026-06-11 09:30:00,14.36,97.375,28.483333333333334,openaq_ground
2026-06-11 10:30:00,15.1675,102.125,34.03333333333333,openaq_ground
2026-06-11 11:30:00,19.265,94.05,29.333333333333332,openaq_ground
2026-06-11 12:30:00,18.372500000000002,88.65,26.166666666666668,openaq_ground
2026-06-11 13:30:00,17.3975,79.575,25.583333333333332,openaq_ground
2026-06-11 14:30:00,16.43,76.7875,30.666666666666668,openaq_ground
2026-06-11 15:30:00,16.990000000000002,71.2,33.266666666666666,openaq_ground
2026-06-11 16:30:00,15.1225,65.075,30.5,openaq_ground
2026-06-11 17:30:00,14.3875,61.275,29.45,openaq_ground
2026-06-11 18:30:00,14.41,27.225,16.119999999999997,openaq_ground
2026-06-11 19:30:00,11.7575,15.875,14.3125,openaq_ground
2026-06-11 20:30:00,12.646666666666667,22.849999999999998,20.6,openaq_ground
2026-06-11 21:30:00,12.356666666666667,22.566666666666666,13.74,openaq_ground
2026-06-11 22:30:00,16.156666666666666,24.46666666666667,11.506,openaq_ground
2026-06-11 23:30:00,13.816666666666665,28.5,11.236,openaq_ground
2026-06-12 00:30:00,12.3775,34.625,13.41,openaq_ground
2026-06-12 01:30:00,12.4825,33.45,15.34,openaq_ground
2026-06-12 02:30:00,13.6975,35.75,17.919999999999998,openaq_ground
2026-06-12 03:30:00,13.85,46.949999999999996,19.474999999999998,openaq_ground
2026-06-12 04:30:00,13.4475,52.675,16.941666666666666,openaq_ground
2026-06-12 05:30:00,12.935,50.15,17.625,openaq_ground
2026-06-12 06:30:00,13.2425,58.425,19.908333333333335,openaq_ground
2026-06-12 07:30:00,13.4025,63.3,23.333333333333332,openaq_ground
2026-06-12 08:30:00,13.03,61.125,21.491666666666664,openaq_ground
2026-06-12 09:30:00,13.0375,67.95,26.488333333333333,openaq_ground
2026-06-12 10:30:00,11.7825,71.775,28.8,openaq_ground
2026-06-12 11:30:00,12.772499999999999,70.9,29.166666666666668,openaq_ground
2026-06-12 12:30:00,14.1,69.4,32.449999999999996,openaq_ground
2026-06-12 13:30:00,17.15,66.05,28.3,openaq_ground
2026-06-12 14:30:00,21.075,67.25,29.533333333333335,openaq_ground
2026-06-12 15:30:00,21.075,68.825,29.433333333333334,openaq_ground
2026-06-12 16:30:00,18.1575,66.275,30.48333333333333,openaq_ground
2026-06-12 17:30:00,17.9275,72.025,40.35,openaq_ground
2026-06-12 18:30:00,6.6525,89.35,20.349999999999998,openaq_ground
2026-06-12 19:30:00,10.2225,34.875,12.559999999999999,openaq_ground
2026-06-12 20:30:00,15.732499999999998,30.525,13.425,openaq_ground
2026-06-12 21:30:00,10.675,25.599999999999998,18.9425,openaq_ground
2026-06-12 22:30:00,7.37,61.25,16.666666666666668,openaq_ground
2026-06-12 23:30:00,9.42,93.95,16.108333333333334,openaq_ground
2026-06-13 00:30:00,15.647499999999999,51.65,15.950000000000001,openaq_ground
2026-06-13 01:30:00,19.224999999999998,51.099999999999994,17.041666666666668,openaq_ground
2026-06-13 02:30:00,20.033333333333335,53.199999999999996,22.860000000000003,openaq_ground
2026-06-13 03:30:00,18.425,84.45,25.25,openaq_ground
2026-06-13 04:30:00,17.224999999999998,96.475,32.516666666666666,openaq_ground
2026-06-13 05:30:00,17.625,85.65,39.36666666666667,openaq_ground
2026-06-13 06:30:00,20.1725,84.84,41.916666666666664,openaq_ground
2026-06-13 07:30:00,19.785,107.85,48.800000000000004,openaq_ground
2026-06-13 08:30:00,20.115,110.6,45.6,openaq_ground
2026-06-13 09:30:00,20.4925,119.15,47.73333333333333,openaq_ground
2026-06-13 10:30:00,20.9,135.15,54.43333333333334,openaq_ground
2026-06-13 11:30:00,21.525,147.55,53.6,openaq_ground
2026-06-13 12:30:00,24.95,139.5,48.36666666666667,openaq_ground
2026-06-13 13:30:00,34.0,130.3,40.660000000000004,openaq_ground
2026-06-13 14:30:00,53.6,122.125,40.75,openaq_ground
2026-06-13 15:30:00,63.825,124.525,41.68333333333333,openaq_ground
2026-06-13 16:30:00,64.525,132.7,46.43333333333334,openaq_ground
2026-06-13 17:30:00,70.65,158.6,59.03333333333333,openaq_ground
2026-06-13 18:30:00,67.65,177.6,66.45,openaq_ground
2026-06-13 19:30:00,63.05,178.225,76.23333333333333,openaq_ground
2026-06-13 20:30:00,55.8,171.275,79.45,openaq_ground
2026-06-13 21:30:00,46.050000000000004,143.7,74.58333333333333,openaq_ground
2026-06-13 22:30:00,42.625,122.8,59.583333333333336,openaq_ground
2026-06-13 23:30:00,37.75,108.05,46.175000000000004,openaq_ground
2026-06-14 00:30:00,40.400000000000006,99.575,44.25,openaq_ground
2026-06-14 01:30:00,45.275,99.1,45.36666666666667,openaq_ground
2026-06-14 02:30:00,32.625,111.95,55.63333333333333,openaq_ground
2026-06-14 03:30:00,18.5,120.675,47.65,openaq_ground
2026-06-14 04:30:00,12.0925,129.0,43.1,openaq_ground
2026-06-14 05:30:00,9.08,137.0,43.28333333333333,openaq_ground
2026-06-14 06:30:00,9.870000000000001,152.25,37.983333333333334,openaq_ground
2026-06-14 07:30:00,9.18,162.75,38.25,openaq_ground
2026-06-14 08:30:00,7.3125,164.75,35.25,openaq_ground
2026-06-14 09:30:00,6.782500000000001,184.0,35.46666666666667,openaq_ground
2026-06-14 10:30:00,8.2775,175.75,38.63333333333333,openaq_ground
2026-06-14 11:30:00,10.692499999999999,183.5,44.78333333333333,openaq_ground
2026-06-14 12:30:00,16.5,188.0,40.78333333333333,openaq_ground
2026-06-14 13:30:00,30.825,187.0,40.5,openaq_ground
2026-06-14 14:30:00,54.325,188.5,39.166666666666664,openaq_ground
2026-06-14 15:30:00,62.025000000000006,185.75,45.050000000000004,openaq_ground
2026-06-14 16:30:00,44.05,199.5,51.81666666666666,openaq_ground
2026-06-14 17:30:00,25.075,213.75,52.21666666666667,openaq_ground
2026-06-14 18:30:00,,,22.75,openaq_ground
2026-06-14 19:30:00,13.672500000000001,79.675,24.04,openaq_ground
2026-06-14 20:30:00,11.6475,69.2,17.8,openaq_ground
2026-06-14 21:30:00,16.165,73.425,19.316666666666666,openaq_ground
2026-06-14 22:30:00,16.8,72.5,20.25,openaq_ground
2026-06-14 23:30:00,23.674999999999997,67.225,20.259999999999998,openaq_ground
2026-06-15 00:30:00,20.975,78.6,18.150000000000002,openaq_ground
2026-06-15 01:30:00,14.565000000000001,139.75,23.25,openaq_ground
2026-06-15 02:30:00,11.525,227.75,34.0,openaq_ground
2026-06-15 03:30:00,17.0,189.0,31.333333333333332,openaq_ground
2026-06-15 04:30:00,19.5875,131.25,26.041666666666668,openaq_ground
2026-06-15 05:30:00,14.41,121.325,27.483333333333334,openaq_ground
2026-06-15 06:30:00,8.99,176.025,39.68333333333333,openaq_ground
2026-06-15 07:30:00,7.88,220.75,31.366666666666664,openaq_ground
2026-06-15 08:30:00,7.859999999999999,293.75,38.03333333333333,openaq_ground
2026-06-15 09:30:00,8.997499999999999,341.25,27.650000000000002,openaq_ground
2026-06-15 10:30:00,10.435,109.6,15.625,openaq_ground
2026-06-15 11:30:00,19.0,77.575,6.75,openaq_ground
2026-06-15 12:30:00,,,15.75,openaq_ground
2026-06-15 13:30:00,,,24.7,openaq_ground
2026-06-15 14:30:00,,,29.1,openaq_ground
2026-06-15 15:30:00,34.4,116.0,38.73333333333333,openaq_ground
2026-06-15 16:30:00,48.15,105.6,35.528333333333336,openaq_ground
2026-06-15 17:30:00,52.375,98.25,35.166666666666664,openaq_ground
2026-06-15 18:30:00,,,44.35,openaq_ground
2026-06-15 19:30:00,45.725,132.45,36.88333333333333,openaq_ground
2026-06-15 20:30:00,41.75,135.475,40.53333333333333,openaq_ground
2026-06-15 21:30:00,41.775,140.875,40.96666666666667,openaq_ground
2026-06-15 22:30:00,42.075,140.825,43.61666666666667,openaq_ground
2026-06-15 23:30:00,40.45,133.225,41.800000000000004,openaq_ground
2026-06-16 00:30:00,43.925000000000004,128.7,40.71666666666667,openaq_ground
2026-06-16 01:30:00,56.525000000000006,166.075,63.63333333333333,openaq_ground
2026-06-16 02:30:00,37.625,195.75,92.2,openaq_ground
2026-06-16 03:30:00,17.8825,151.75,61.23333333333333,openaq_ground
2026-06-16 04:30:00,15.075,68.9,14.820000000000002,openaq_ground
2026-06-16 05:30:00,22.225,40.175,11.284,openaq_ground
2026-06-16 06:30:00,17.125,55.775,16.683333333333334,openaq_ground
2026-06-16 07:30:00,19.55,65.00999999999999,21.583333333333332,openaq_ground
2026-06-16 08:30:00,23.0,64.5,25.066666666666666,openaq_ground
2026-06-16 09:30:00,16.724999999999998,70.925,23.2,openaq_ground
2026-06-16 10:30:00,,,21.05,openaq_ground
2026-06-16 11:30:00,,,19.0,openaq_ground
2026-06-16 12:30:00,17.875,58.2,17.28,openaq_ground
2026-06-16 13:30:00,24.075,68.65,24.84166666666667,openaq_ground
2026-06-16 14:30:00,23.0,71.35,25.15833333333333,openaq_ground
2026-06-16 15:30:00,22.575,59.525,19.869999999999997,openaq_ground
2026-06-16 16:30:00,25.0,63.4,20.52,openaq_ground
2026-06-16 17:30:00,22.424999999999997,73.7,22.0,openaq_ground
2026-06-16 18:30:00,30.25,65.525,19.883333333333333,openaq_ground
2026-06-16 19:30:00,28.975,60.575,14.241666666666667,openaq_ground
2026-06-16 20:30:00,30.875,53.675,18.46,openaq_ground
2026-06-16 21:30:00,32.725,53.925,14.7,openaq_ground
2026-06-16 22:30:00,30.775,53.45,15.460000000000003,openaq_ground
2026-06-16 23:30:00,29.675,53.625,18.619999999999997,openaq_ground
2026-06-17 00:30:00,24.675,62.0,18.974999999999998,openaq_ground
2026-06-17 01:30:00,23.275,81.0,25.933333333333334,openaq_ground
2026-06-17 02:30:00,20.85,87.65,34.4,openaq_ground
2026-06-17 03:30:00,18.275,104.45,51.5,openaq_ground
2026-06-17 04:30:00,14.075000000000001,122.95,57.333333333333336,openaq_ground
2026-06-17 05:30:00,10.855,99.625,51.93333333333334,openaq_ground
2026-06-17 06:30:00,10.24,101.4,76.81666666666666,openaq_ground
2026-06-17 07:30:00,11.9425,107.05,33.96666666666667,openaq_ground
2026-06-17 08:30:00,11.6425,107.8,35.28333333333333,openaq_ground
2026-06-17 09:30:00,11.0775,117.825,42.53333333333333,openaq_ground
2026-06-17 10:30:00,10.3475,113.875,40.0,openaq_ground
2026-06-17 11:30:00,11.0,97.275,30.166666666666668,openaq_ground
2026-06-17 12:30:00,16.335,99.275,27.599999999999998,openaq_ground
2026-06-17 13:30:00,30.174999999999997,110.925,26.983333333333334,openaq_ground
2026-06-17 14:30:00,44.825,124.35,29.61666666666667,openaq_ground
2026-06-17 15:30:00,47.2,126.825,31.45,openaq_ground
2026-06-17 16:30:00,48.6,125.175,33.28333333333333,openaq_ground
2026-06-17 17:30:00,49.5,129.125,37.96666666666667,openaq_ground
2026-06-17 18:30:00,50.35,157.775,54.15,openaq_ground
2026-06-17 19:30:00,50.45,163.75,50.6,openaq_ground
2026-06-17 20:30:00,46.575,164.5,57.083333333333336,openaq_ground
2026-06-17 21:30:00,46.6,188.25,71.86666666666666,openaq_ground
2026-06-17 22:30:00,42.324999999999996,179.75,77.8,openaq_ground
2026-06-17 23:30:00,35.75,166.25,68.11666666666666,openaq_ground
2026-06-18 00:30:00,37.150000000000006,142.075,56.28333333333333,openaq_ground
2026-06-18 01:30:00,34.65,159.975,67.33333333333333,openaq_ground
2026-06-18 02:30:00,23.0,184.875,73.73333333333333,openaq_ground
2026-06-18 03:30:00,17.7,203.15,69.89999999999999,openaq_ground
2026-06-18 04:30:00,9.8275,170.825,49.81666666666666,openaq_ground
2026-06-18 05:30:00,7.4775,155.7,44.56666666666666,openaq_ground
2026-06-18 06:30:00,8.145,162.575,43.9,openaq_ground
2026-06-18 07:30:00,7.220000000000001,163.875,40.333333333333336,openaq_ground
2026-06-18 08:30:00,9.725000000000001,161.875,40.56666666666666,openaq_ground
2026-06-18 09:30:00,7.415,162.175,42.65,openaq_ground
2026-06-18 10:30:00,7.8950000000000005,148.775,37.61666666666667,openaq_ground
2026-06-18 11:30:00,9.46,125.63333333333333,27.639999999999997,openaq_ground
2026-06-18 12:30:00,,,31.9,openaq_ground
2026-06-18 13:30:00,12.544999999999998,123.5,18.8,openaq_ground
2026-06-18 14:30:00,12.04,87.95,16.8,openaq_ground
2026-06-18 15:30:00,18.375,83.125,14.558333333333332,openaq_ground
2026-06-18 16:30:00,24.425,78.8,13.38,openaq_ground
2026-06-18 17:30:00,27.275,71.725,13.596,openaq_ground
2026-06-18 18:30:00,,,23.6,openaq_ground
2026-06-18 19:30:00,27.325000000000003,69.575,20.216666666666665,openaq_ground
2026-06-18 20:30:00,25.775,66.375,22.883333333333336,openaq_ground
2026-06-18 21:30:00,12.155,83.275,31.733333333333334,openaq_ground
2026-06-18 22:30:00,10.0775,84.775,34.333333333333336,openaq_ground
2026-06-18 23:30:00,13.932500000000001,105.35,33.65,openaq_ground
2026-06-19 00:30:00,13.105,118.1,30.983333333333334,openaq_ground
2026-06-19 01:30:00,11.092500000000001,134.95,25.36,openaq_ground
2026-06-19 02:30:00,11.2975,182.175,33.35,openaq_ground
2026-06-19 03:30:00,13.99,231.25,36.85,openaq_ground
2026-06-19 04:30:00,15.924999999999999,239.5,37.93333333333333,openaq_ground
2026-06-19 05:30:00,14.0525,258.0,53.56666666666666,openaq_ground
2026-06-19 06:30:00,10.0875,237.5,52.61666666666667,openaq_ground
2026-06-19 07:30:00,8.1425,204.5,42.03333333333333,openaq_ground
2026-06-19 08:30:00,14.615,183.05,35.88333333333333,openaq_ground
2026-06-19 09:30:00,6.25,152.225,32.96666666666667,openaq_ground
2026-06-19 10:30:00,,,30.25,openaq_ground
2026-06-19 11:30:00,8.2225,120.625,24.46666666666667,openaq_ground
2026-06-19 12:30:00,10.2525,110.975,22.400000000000002,openaq_ground
2026-06-19 13:30:00,13.68,107.775,20.333333333333332,openaq_ground
2026-06-19 14:30:00,17.4,113.375,23.849999999999998,openaq_ground
2026-06-19 15:30:00,17.7,107.65,25.366666666666664,openaq_ground
2026-06-19 16:30:00,24.349999999999998,107.65,28.116666666666664,openaq_ground
2026-06-19 17:30:00,28.3,113.225,28.083333333333332,openaq_ground
2026-06-19 18:30:00,,,42.15,openaq_ground
2026-06-19 19:30:00,21.7,108.5,37.18333333333333,openaq_ground
2026-06-19 20:30:00,18.15,100.45,31.74,openaq_ground
2026-06-19 21:30:00,22.45,107.725,37.68333333333333,openaq_ground
2026-06-19 22:30:00,24.625,119.1,45.68333333333334,openaq_ground
2026-06-19 23:30:00,27.55,128.35,50.083333333333336,openaq_ground
2026-06-20 00:30:00,29.525,123.7,45.583333333333336,openaq_ground
2026-06-20 01:30:00,25.35,145.6,55.78333333333333,openaq_ground
2026-06-20 02:30:00,12.33,139.85,52.56666666666666,openaq_ground
2026-06-20 03:30:00,10.23,139.575,54.0,openaq_ground
2026-06-20 04:30:00,8.0075,130.85,47.166666666666664,openaq_ground
2026-06-20 05:30:00,7.8575,126.2,40.766666666666666,openaq_ground
2026-06-20 06:30:00,7.205,143.225,40.949999999999996,openaq_ground
2026-06-20 07:30:00,7.3100000000000005,138.825,32.15,openaq_ground
2026-06-20 08:30:00,5.0075,132.1,27.383333333333336,openaq_ground
2026-06-20 09:30:00,6.125,129.6,28.150000000000002,openaq_ground
2026-06-20 10:30:00,7.515,125.95,27.05,openaq_ground
2026-06-20 11:30:00,7.2375,114.925,22.398333333333337,openaq_ground
2026-06-20 12:30:00,12.8725,146.75,29.125,openaq_ground
2026-06-20 13:30:00,21.05,159.775,30.96666666666667,openaq_ground
2026-06-20 14:30:00,32.475,146.8,37.300000000000004,openaq_ground
2026-06-20 15:30:00,42.9,159.0,42.916666666666664,openaq_ground
2026-06-20 16:30:00,48.15,165.25,49.56666666666666,openaq_ground
2026-06-20 17:30:00,47.5,161.0,50.050000000000004,openaq_ground
2026-06-20 18:30:00,33.275,161.7,42.96666666666667,openaq_ground
2026-06-20 19:30:00,27.65,137.625,36.81666666666666,openaq_ground
2026-06-20 20:30:00,20.925,111.475,31.983333333333334,openaq_ground
2026-06-20 21:30:00,18.25,104.4,31.55,openaq_ground
2026-06-20 22:30:00,11.26,113.95,29.549999999999997,openaq_ground
2026-06-20 23:30:00,7.7425,96.8,21.224999999999998,openaq_ground
2026-06-21 00:30:00,15.145,52.575,17.400000000000002,openaq_ground
2026-06-21 01:30:00,14.907499999999999,51.75,21.766666666666666,openaq_ground
2026-06-21 02:30:00,14.379999999999999,54.225,21.508333333333336,openaq_ground
2026-06-21 03:30:00,10.26,60.75,24.46666666666667,openaq_ground
2026-06-21 04:30:00,8.445,56.7,25.169999999999998,openaq_ground
2026-06-21 05:30:00,9.932500000000001,61.75,26.5,openaq_ground
2026-06-21 06:30:00,9.86,66.725,26.516666666666666,openaq_ground
2026-06-21 07:30:00,8.692499999999999,81.9,21.233333333333334,openaq_ground
2026-06-21 08:30:00,6.0075,83.875,23.200000000000003,openaq_ground
2026-06-21 09:30:00,5.6075,85.075,24.541666666666668,openaq_ground
2026-06-21 10:30:00,4.74,86.925,23.066666666666666,openaq_ground
2026-06-21 11:30:00,7.0825,89.05,22.933333333333334,openaq_ground
2026-06-21 12:30:00,12.4025,93.8,22.666666666666668,openaq_ground
2026-06-21 13:30:00,17.8575,88.025,17.791666666666668,openaq_ground
2026-06-21 14:30:00,21.475,86.775,16.616666666666667,openaq_ground
2026-06-21 15:30:00,9.200000000000001,169.0,22.583333333333332,openaq_ground
2026-06-21 16:30:00,8.435,608.75,63.48333333333333,openaq_ground
2026-06-21 17:30:00,7.765,1115.0,73.21666666666667,openaq_ground
2026-06-21 18:30:00,15.135,762.5,50.03333333333333,openaq_ground
2026-06-21 19:30:00,17.675,544.0,38.51666666666667,openaq_ground
2026-06-21 20:30:00,20.575,379.0,26.099999999999998,openaq_ground
2026-06-21 21:30:00,17.55,355.25,26.400000000000002,openaq_ground
2026-06-21 22:30:00,20.75,323.0,27.650000000000002,openaq_ground
2026-06-21 23:30:00,17.525,297.75,28.7,openaq_ground
2026-06-22 00:30:00,12.217500000000001,301.25,28.883333333333336,openaq_ground
2026-06-22 01:30:00,10.67,320.25,32.050000000000004,openaq_ground
2026-06-22 02:30:00,9.557500000000001,256.25,28.63333333333333,openaq_ground
2026-06-22 03:30:00,10.7525,182.0,29.0,openaq_ground
2026-06-22 04:30:00,10.102500000000001,176.25,26.116666666666664,openaq_ground
2026-06-22 05:30:00,8.16,190.9,26.416666666666668,openaq_ground
2026-06-22 06:30:00,6.35,154.85,26.758333333333336,openaq_ground
2026-06-22 07:30:00,6.5375,127.35,28.583333333333332,openaq_ground
2026-06-22 08:30:00,4.7775,91.775,22.125,openaq_ground
2026-06-22 09:30:00,4.285,61.625,15.083333333333334,openaq_ground
2026-06-22 10:30:00,3.68,102.0,21.166666666666668,openaq_ground
2026-06-22 11:30:00,6.7375,79.85,12.296666666666667,openaq_ground
2026-06-22 12:30:00,8.3575,85.075,12.725,openaq_ground
2026-06-22 13:30:00,16.232499999999998,93.125,15.919999999999998,openaq_ground
2026-06-22 14:30:00,33.775,103.3,18.9,openaq_ground
2026-06-22 15:30:00,38.9,110.925,22.45,openaq_ground
2026-06-22 16:30:00,43.875,113.65,25.133333333333336,openaq_ground
2026-06-22 17:30:00,40.975,116.4,26.78333333333333,openaq_ground
2026-06-22 18:30:00,41.725,134.95,38.03333333333333,openaq_ground
2026-06-22 19:30:00,42.825,139.55,45.13333333333333,openaq_ground
2026-06-22 20:30:00,40.05,132.25,44.78333333333333,openaq_ground
2026-06-22 21:30:00,34.45,124.375,53.11666666666667,openaq_ground
2026-06-22 22:30:00,33.925,126.725,53.68333333333334,openaq_ground
2026-06-22 23:30:00,32.425,139.125,57.31666666666666,openaq_ground
2026-06-23 00:30:00,34.35,136.7,52.550000000000004,openaq_ground
2026-06-23 01:30:00,45.475,161.2,68.41666666666667,openaq_ground
2026-06-23 02:30:00,39.800000000000004,173.225,78.23333333333333,openaq_ground
2026-06-23 03:30:00,16.0575,163.075,73.11666666666666,openaq_ground
2026-06-23 04:30:00,,,43.75,openaq_ground
2026-06-23 05:30:00,,,33.65,openaq_ground
2026-06-23 06:30:00,,,32.75,openaq_ground
2026-06-23 07:30:00,,,33.75,openaq_ground
2026-06-23 08:30:00,,,40.65,openaq_ground
2026-06-23 09:30:00,,,23.5,openaq_ground
2026-06-23 10:30:00,21.2,133.75,8.621666666666668,openaq_ground
2026-06-23 11:30:00,,,22.35,openaq_ground
2026-06-23 12:30:00,,,22.85,openaq_ground
2026-06-23 13:30:00,,,24.85,openaq_ground
2026-06-23 14:30:00,,,25.2,openaq_ground
2026-06-23 15:30:00,,,29.15,openaq_ground
2026-06-23 16:30:00,,,30.5,openaq_ground
2026-06-23 17:30:00,,,26.85,openaq_ground
2026-06-23 18:30:00,,,28.75,openaq_ground
2026-06-23 19:30:00,,,31.05,openaq_ground
2026-06-23 20:30:00,,,29.45,openaq_ground
2026-06-23 21:30:00,,,29.3,openaq_ground
2026-06-23 22:30:00,,,30.85,openaq_ground
2026-06-23 23:30:00,,,29.95,openaq_ground
2026-06-24 00:30:00,,,45.45,openaq_ground
2026-06-24 01:30:00,,,45.75,openaq_ground
2026-06-24 02:30:00,,,40.3,openaq_ground
2026-06-24 03:30:00,,,37.1,openaq_ground
2026-06-24 04:30:00,,,32.75,openaq_ground
2026-06-24 05:30:00,,,34.35,openaq_ground
2026-06-24 06:30:00,,,29.35,openaq_ground
2026-06-24 07:30:00,,,27.35,openaq_ground
2026-06-24 08:30:00,,,25.15,openaq_ground
2026-06-24 09:30:00,,,25.45,openaq_ground
2026-06-24 10:30:00,,,25.8,openaq_ground
2026-06-24 11:30:00,,,26.7,openaq_ground
2026-06-24 12:30:00,,,31.55,openaq_ground
2026-06-24 13:30:00,,,35.15,openaq_ground
2026-06-24 14:30:00,,,20.35,openaq_ground
2026-06-24 15:30:00,,,23.85,openaq_ground
2026-06-24 16:30:00,,,28.3,openaq_ground
2026-06-24 17:30:00,,,34.95,openaq_ground
2026-06-24 18:30:00,,,36.6,openaq_ground
2026-06-24 19:30:00,,,35.25,openaq_ground
2026-06-24 20:30:00,,,33.75,openaq_ground
2026-06-24 21:30:00,,,32.0,openaq_ground
2026-06-24 22:30:00,,,34.05,openaq_ground
2026-06-24 23:30:00,,,31.25,openaq_ground
2026-06-25 00:30:00,,,36.0,openaq_ground
2026-06-25 01:30:00,,,54.65,openaq_ground
2026-06-25 02:30:00,,,41.0,openaq_ground
2026-06-25 03:30:00,,,43.05,openaq_ground
2026-06-25 04:30:00,,,35.7,openaq_ground
2026-06-25 05:30:00,,,44.3,openaq_ground
2026-06-25 06:30:00,,,42.55,openaq_ground
2026-06-25 07:30:00,,,46.3,openaq_ground
2026-06-25 08:30:00,,,30.7,openaq_ground
2026-06-25 09:30:00,,,34.7,openaq_ground
2026-06-25 10:30:00,,,32.85,openaq_ground
2026-06-25 11:30:00,,,34.4,openaq_ground
2026-06-25 12:30:00,,,41.0,openaq_ground
2026-06-25 13:30:00,,,45.75,openaq_ground
2026-06-25 14:30:00,,,51.6,openaq_ground
2026-06-25 15:30:00,64.025,146.775,44.28333333333333,openaq_ground
2026-06-25 16:30:00,50.400000000000006,142.475,39.699999999999996,openaq_ground
2026-06-25 17:30:00,30.35,104.725,23.650000000000002,openaq_ground
2026-06-25 18:30:00,31.175,78.825,23.96,openaq_ground
2026-06-25 19:30:00,33.9,83.05,23.55,openaq_ground
2026-06-25 20:30:00,30.75,76.075,19.05,openaq_ground
2026-06-25 21:30:00,30.325,63.4,17.56,openaq_ground
2026-06-25 22:30:00,26.150000000000002,60.65,15.719999999999999,openaq_ground
2026-06-25 23:30:00,28.175,60.625,18.1,openaq_ground
2026-06-26 00:30:00,31.1,61.1,17.05,openaq_ground
2026-06-26 01:30:00,24.0,70.55,22.9,openaq_ground
2026-06-26 02:30:00,20.01,86.425,22.900000000000002,openaq_ground
2026-06-26 03:30:00,18.8225,109.475,30.683333333333334,openaq_ground
2026-06-26 04:30:00,14.6525,133.575,37.25,openaq_ground
2026-06-26 05:30:00,12.42,162.05,33.983333333333334,openaq_ground
2026-06-26 06:30:00,11.015,142.675,35.199999999999996,openaq_ground
2026-06-26 07:30:00,9.9,123.325,28.55,openaq_ground
2026-06-26 08:30:00,10.0275,126.15,27.599999999999998,openaq_ground
2026-06-26 09:30:00,10.415,112.475,34.21666666666667,openaq_ground
2026-06-26 10:30:00,10.1075,105.45,25.45,openaq_ground
2026-06-26 11:30:00,12.227500000000001,106.5,30.03333333333333,openaq_ground
2026-06-26 12:30:00,18.035,110.775,29.0,openaq_ground
2026-06-26 13:30:00,25.6,121.55,28.766666666666666,openaq_ground
2026-06-26 14:30:00,23.65,123.5,24.983333333333334,openaq_ground
2026-06-26 15:30:00,16.775,98.95,23.02,openaq_ground
2026-06-26 16:30:00,20.424999999999997,69.975,21.01666666666667,openaq_ground
2026-06-26 17:30:00,26.225,63.724999999999994,19.066666666666666,openaq_ground
2026-06-26 18:30:00,46.175,77.275,25.766666666666666,openaq_ground
2026-06-26 19:30:00,49.949999999999996,90.85,26.933333333333334,openaq_ground
2026-06-26 20:30:00,38.675,77.85,25.95,openaq_ground
2026-06-26 21:30:00,25.975,84.975,33.239999999999995,openaq_ground
2026-06-26 22:30:00,21.7125,87.75,37.65,openaq_ground
2026-06-26 23:30:00,20.275,87.75,33.483333333333334,openaq_ground
2026-06-27 00:30:00,21.195,87.2,27.96666666666667,openaq_ground
2026-06-27 01:30:00,19.95,108.65,39.040000000000006,openaq_ground
2026-06-27 02:30:00,16.49,158.0,36.86,openaq_ground
2026-06-27 03:30:00,13.57,152.85,45.1,openaq_ground
2026-06-27 04:30:00,12.387500000000001,153.625,36.31666666666667,openaq_ground
2026-06-27 05:30:00,12.317499999999999,162.875,39.43333333333333,openaq_ground
2026-06-27 06:30:00,11.092500000000001,166.675,51.71666666666667,openaq_ground
2026-06-27 07:30:00,10.8325,166.75,47.699999999999996,openaq_ground
2026-06-27 08:30:00,9.024999999999999,156.925,49.71666666666667,openaq_ground
2026-06-27 09:30:00,7.970000000000001,138.875,45.46666666666667,openaq_ground
2026-06-27 10:30:00,8.862499999999999,138.175,37.86666666666667,openaq_ground
2026-06-27 11:30:00,9.615,118.525,32.266666666666666,openaq_ground
2026-06-27 12:30:00,13.2225,119.65,36.083333333333336,openaq_ground
2026-06-27 13:30:00,19.950000000000003,156.4,46.96666666666667,openaq_ground
2026-06-27 14:30:00,35.25,177.75,52.833333333333336,openaq_ground
2026-06-27 15:30:00,44.225,182.0,59.416666666666664,openaq_ground
2026-06-27 16:30:00,45.175,187.75,59.56666666666666,openaq_ground
2026-06-27 17:30:00,42.375,183.5,61.26666666666667,openaq_ground
2026-06-27 18:30:00,49.825,185.75,65.46666666666667,openaq_ground
2026-06-27 19:30:00,46.1,202.0,75.91666666666667,openaq_ground
2026-06-27 20:30:00,36.25,191.5,78.35000000000001,openaq_ground
2026-06-27 21:30:00,34.375,180.25,77.5,openaq_ground
2026-06-27 22:30:00,37.0,177.0,74.60000000000001,openaq_ground
2026-06-27 23:30:00,39.2,163.0,63.86666666666667,openaq_ground
2026-06-28 00:30:00,41.3,127.2,46.88333333333333,openaq_ground
2026-06-28 01:30:00,32.85,115.275,42.8,openaq_ground
2026-06-28 02:30:00,22.85,132.66666666666666,36.239999999999995,openaq_ground
2026-06-28 03:30:00,17.575,133.0,29.919999999999998,openaq_ground
2026-06-28 04:30:00,11.23,104.0,24.04,openaq_ground
2026-06-28 05:30:00,10.515,93.1,26.833333333333332,openaq_ground
2026-06-28 06:30:00,10.832500000000001,114.5,36.85,openaq_ground
2026-06-28 07:30:00,10.5625,135.6,35.36666666666667,openaq_ground
2026-06-28 08:30:00,9.685,149.225,44.800000000000004,openaq_ground
2026-06-28 09:30:00,9.605,120.4,42.916666666666664,openaq_ground
2026-06-28 10:30:00,11.4075,128.15,39.96666666666667,openaq_ground
2026-06-28 11:30:00,13.8925,128.05,47.083333333333336,openaq_ground
2026-06-28 12:30:00,13.105,256.0,39.21666666666667,openaq_ground
2026-06-28 13:30:00,23.975,156.75,36.75,openaq_ground
2026-06-28 14:30:00,38.15,124.15,43.18333333333334,openaq_ground
2026-06-28 15:30:00,50.3,138.825,48.56666666666666,openaq_ground
2026-06-28 16:30:00,62.65,130.775,50.6,openaq_ground
2026-06-28 17:30:00,63.825,121.35,48.333333333333336,openaq_ground
2026-06-28 18:30:00,57.95,123.55,50.416666666666664,openaq_ground
2026-06-28 19:30:00,48.300000000000004,132.525,49.416666666666664,openaq_ground
2026-06-28 20:30:00,27.525,139.65,43.73333333333333,openaq_ground
2026-06-28 21:30:00,22.75,110.475,35.800000000000004,openaq_ground
2026-06-28 22:30:00,29.674999999999997,104.275,38.18333333333333,openaq_ground
2026-06-28 23:30:00,33.875,100.15,36.25,openaq_ground
2026-06-29 00:30:00,30.725,98.225,34.6,openaq_ground
2026-06-29 01:30:00,23.5,101.5,33.08,openaq_ground
2026-06-29 02:30:00,17.884999999999998,91.925,27.266666666666666,openaq_ground
2026-06-29 03:30:00,11.33,133.33333333333334,30.060000000000002,openaq_ground
2026-06-29 04:30:00,9.405000000000001,125.625,26.816666666666666,openaq_ground
2026-06-29 05:30:00,8.8325,148.275,29.05,openaq_ground
2026-06-29 06:30:00,9.445,167.525,35.199999999999996,openaq_ground
2026-06-29 07:30:00,8.0225,183.825,34.46666666666667,openaq_ground
2026-06-29 08:30:00,8.06,192.85,32.800000000000004,openaq_ground
2026-06-29 09:30:00,6.7675,192.0,30.96666666666667,openaq_ground
2026-06-29 10:30:00,6.967499999999999,173.75,29.683333333333334,openaq_ground
2026-06-29 11:30:00,12.21,188.0,33.699999999999996,openaq_ground
2026-06-29 12:30:00,13.5575,185.85,25.3,openaq_ground
2026-06-29 13:30:00,19.6475,187.5,25.433333333333334,openaq_ground
2026-06-29 14:30:00,41.9,189.0,32.983333333333334,openaq_ground
2026-06-29 15:30:00,50.724999999999994,152.0,36.11666666666667,openaq_ground
2026-06-29 16:30:00,39.75,145.75,40.583333333333336,openaq_ground
2026-06-29 17:30:00,36.800000000000004,129.2,34.766666666666666,openaq_ground
2026-06-29 18:30:00,21.79,111.225,30.183333333333334,openaq_ground
2026-06-29 19:30:00,23.075,114.45,27.3,openaq_ground
2026-06-29 20:30:00,24.475,94.275,22.650000000000002,openaq_ground
2026-06-29 21:30:00,18.925,83.25,18.400000000000002,openaq_ground
2026-06-29 22:30:00,27.6,81.05,20.166666666666668,openaq_ground
2026-06-29 23:30:00,25.5,122.5,33.71666666666667,openaq_ground
2026-06-30 00:30:00,25.125,121.1,36.15,openaq_ground
2026-06-30 01:30:00,23.075,115.8,30.866666666666664,openaq_ground
2026-06-30 02:30:00,16.895,134.55,27.160000000000004,openaq_ground
2026-06-30 03:30:00,12.657499999999999,175.675,38.11666666666667,openaq_ground
2026-06-30 04:30:00,10.030000000000001,274.0,37.983333333333334,openaq_ground
2026-06-30 05:30:00,10.685,249.75,35.300000000000004,openaq_ground
2026-06-30 06:30:00,11.5975,251.75,41.03333333333333,openaq_ground
2026-06-30 07:30:00,10.1725,271.0,48.31666666666666,openaq_ground
2026-06-30 08:30:00,8.727500000000001,280.0,47.4,openaq_ground
2026-06-30 09:30:00,9.212499999999999,317.5,50.916666666666664,openaq_ground
2026-06-30 10:30:00,14.387500000000001,333.0,62.25,openaq_ground
2026-06-30 11:30:00,17.875,312.0,83.96666666666667,openaq_ground
2026-06-30 12:30:00,19.225,207.25,71.18333333333334,openaq_ground
2026-06-30 13:30:00,23.475,190.0,65.18333333333334,openaq_ground
2026-06-30 14:30:00,24.400000000000002,160.15,62.48333333333333,openaq_ground
2026-06-30 15:30:00,21.375,160.2,60.550000000000004,openaq_ground
2026-06-30 16:30:00,17.849999999999998,132.75,52.949999999999996,openaq_ground
2026-06-30 17:30:00,18.7475,103.15,43.43333333333334,openaq_ground
2026-06-30 18:30:00,,,59.05,openaq_ground
2026-06-30 19:30:00,16.365000000000002,100.925,45.63333333333333,openaq_ground
2026-06-30 20:30:00,14.32,85.625,46.76666666666667,openaq_ground
2026-06-30 21:30:00,13.67,99.675,49.449999999999996,openaq_ground
2026-06-30 22:30:00,16.43,93.025,50.5,openaq_ground
2026-06-30 23:30:00,15.235000000000001,65.775,39.86666666666667,openaq_ground
2026-07-01 00:30:00,11.795,66.725,31.660000000000004,openaq_ground
2026-07-01 01:30:00,14.495,61.15,22.150000000000002,openaq_ground
2026-07-01 02:30:00,16.355,61.4,34.36666666666667,openaq_ground
2026-07-01 03:30:00,15.530000000000001,56.45,22.7925,openaq_ground
2026-07-01 04:30:00,19.447499999999998,82.625,34.1,openaq_ground
2026-07-01 05:30:00,15.785,90.975,32.050000000000004,openaq_ground
2026-07-01 06:30:00,14.8025,85.95,44.51666666666667,openaq_ground
2026-07-01 07:30:00,13.5375,91.2,33.11666666666667,openaq_ground
2026-07-01 08:30:00,16.275,71.525,31.25,openaq_ground
2026-07-01 09:30:00,14.877500000000001,91.9,26.349999999999998,openaq_ground
2026-07-01 10:30:00,14.629999999999999,137.66666666666666,35.8,openaq_ground
2026-07-01 11:30:00,21.876666666666665,117.33333333333333,35.2,openaq_ground
2026-07-01 12:30:00,27.325,99.85,32.9,openaq_ground
2026-07-01 13:30:00,32.575,108.0,35.9,openaq_ground
2026-07-01 14:30:00,35.7,121.725,37.28333333333333,openaq_ground
2026-07-01 15:30:00,33.6,121.725,35.699999999999996,openaq_ground
2026-07-01 16:30:00,23.125,109.825,35.550000000000004,openaq_ground
2026-07-01 17:30:00,18.7275,97.55,34.28,openaq_ground
2026-07-01 18:30:00,17.39,94.075,39.25,openaq_ground
2026-07-01 19:30:00,16.085,83.325,28.150000000000002,openaq_ground
2026-07-01 20:30:00,16.7375,63.95,30.25,openaq_ground
2026-07-01 21:30:00,16.8975,69.25,24.6,openaq_ground
2026-07-01 22:30:00,17.2925,59.425,29.349999999999998,openaq_ground
2026-07-01 23:30:00,18.025000000000002,66.05,21.900000000000002,openaq_ground
2026-07-02 00:30:00,22.585,81.35,30.066666666666666,openaq_ground
2026-07-02 01:30:00,14.4025,116.85,38.68333333333333,openaq_ground
2026-07-02 02:30:00,13.2925,40.86666666666667,12.6675,openaq_ground
2026-07-02 03:30:00,17.0,20.275,11.995999999999999,openaq_ground
2026-07-02 04:30:00,15.362499999999999,23.825000000000003,12.3125,openaq_ground
2026-07-02 05:30:00,14.8,28.975,13.762500000000001,openaq_ground
2026-07-02 06:30:00,20.05,54.275,20.919999999999998,openaq_ground
2026-07-02 07:30:00,20.174999999999997,67.3,38.32,openaq_ground
2026-07-02 08:30:00,22.575000000000003,82.3,39.480000000000004,openaq_ground
2026-07-02 09:30:00,21.85,85.925,35.36666666666667,openaq_ground
2026-07-02 10:30:00,19.925,114.33333333333333,49.480000000000004,openaq_ground
2026-07-02 11:30:00,19.833333333333332,111.0,42.4,openaq_ground
2026-07-02 12:30:00,21.633333333333336,124.0,45.4,openaq_ground
2026-07-02 13:30:00,28.599999999999998,116.5,49.275,openaq_ground
2026-07-02 14:30:00,24.46666666666667,127.5,57.6,openaq_ground
2026-07-02 15:30:00,24.333333333333332,111.5,52.45,openaq_ground
2026-07-02 16:30:00,19.406666666666666,72.2,31.475,openaq_ground
2026-07-02 17:30:00,20.933333333333334,66.8,27.475,openaq_ground
2026-07-02 18:30:00,25.799999999999997,53.0,30.566666666666666,openaq_ground
2026-07-02 19:30:00,21.25,45.55,30.1,openaq_ground
2026-07-02 20:30:00,19.4,36.0,31.566666666666666,openaq_ground
2026-07-02 21:30:00,17.6,42.0,38.5,openaq_ground
2026-07-02 22:30:00,19.22,48.0,39.86666666666667,openaq_ground
2026-07-02 23:30:00,22.7,59.0,44.6,openaq_ground
2026-07-03 00:30:00,21.400000000000002,68.0,50.13333333333333,openaq_ground
2026-07-03 01:30:00,14.176666666666668,72.5,49.15,openaq_ground
2026-07-03 02:30:00,14.433333333333332,67.85,45.75,openaq_ground
2026-07-03 03:30:00,15.0525,99.43333333333334,46.88,openaq_ground
2026-07-03 04:30:00,13.68,103.0,41.12,openaq_ground
2026-07-03 05:30:00,10.0975,99.66666666666667,38.233333333333334,openaq_ground
2026-07-03 06:30:00,10.565,108.66666666666667,40.46666666666667,openaq_ground
2026-07-03 07:30:00,12.3475,101.66666666666667,43.88333333333333,openaq_ground
2026-07-03 08:30:00,13.2125,106.33333333333333,45.75,openaq_ground
2026-07-03 09:30:00,12.2025,108.33333333333333,43.73333333333333,openaq_ground
2026-07-03 10:30:00,14.88,102.66666666666667,43.083333333333336,openaq_ground
2026-07-03 11:30:00,16.5575,102.8,41.22,openaq_ground
2026-07-03 12:30:00,18.447499999999998,105.0,40.62,openaq_ground
2026-07-03 13:30:00,23.625,91.675,45.73333333333333,openaq_ground
2026-07-03 14:30:00,30.299999999999997,92.6,39.11666666666667,openaq_ground
2026-07-03 15:30:00,31.9,112.225,44.53333333333333,openaq_ground
2026-07-03 16:30:00,33.3,121.7,54.4,openaq_ground
2026-07-03 17:30:00,34.025,129.75,58.300000000000004,openaq_ground
2026-07-03 18:30:00,30.775,120.7,56.88333333333333,openaq_ground
2026-07-03 19:30:00,31.075000000000003,104.825,52.949999999999996,openaq_ground
2026-07-03 20:30:00,29.249999999999996,106.35,51.199999999999996,openaq_ground
2026-07-03 21:30:00,28.275,108.3,56.916666666666664,openaq_ground
2026-07-03 22:30:00,27.474999999999998,118.075,60.35,openaq_ground
2026-07-03 23:30:00,24.419999999999998,112.9,59.333333333333336,openaq_ground
2026-07-04 00:30:00,24.125,111.875,59.75,openaq_ground
2026-07-04 01:30:00,20.83,119.85,57.28333333333333,openaq_ground
2026-07-04 02:30:00,16.2625,99.575,49.68333333333334,openaq_ground
2026-07-04 03:30:00,14.4475,103.5,46.6,openaq_ground
2026-07-04 04:30:00,14.062499999999998,78.33333333333333,36.58,openaq_ground
2026-07-04 05:30:00,10.655000000000001,88.66666666666667,42.339999999999996,openaq_ground
2026-07-04 06:30:00,11.3475,99.66666666666667,44.28,openaq_ground
2026-07-04 07:30:00,12.34,91.9,46.96666666666667,openaq_ground
2026-07-04 08:30:00,12.485,48.474999999999994,31.339999999999996,openaq_ground
2026-07-04 09:30:00,16.325,46.475,24.25,openaq_ground
2026-07-04 10:30:00,16.265,62.333333333333336,33.425,openaq_ground
2026-07-04 11:30:00,17.6125,99.33333333333333,45.8,openaq_ground
2026-07-04 12:30:00,22.2325,133.0,65.08,openaq_ground
2026-07-04 13:30:00,23.1875,154.0,72.78,openaq_ground
2026-07-04 14:30:00,34.325,130.075,66.66666666666667,openaq_ground
2026-07-04 15:30:00,32.975,149.33333333333334,74.24,openaq_ground
2026-07-04 16:30:00,31.5,131.05,76.36666666666666,openaq_ground
2026-07-04 17:30:00,29.65,151.0,77.16,openaq_ground
2026-07-04 18:30:00,25.6125,154.66666666666666,76.96000000000001,openaq_ground
2026-07-04 19:30:00,24.925,147.15,82.96666666666667,openaq_ground
2026-07-04 20:30:00,25.9,163.5,91.33333333333333,openaq_ground
2026-07-04 21:30:00,34.0625,190.5,125.35000000000001,openaq_ground
2026-07-04 22:30:00,28.745,189.5,144.75,openaq_ground
2026-07-04 23:30:00,26.275000000000002,186.5,134.11666666666667,openaq_ground
2026-07-05 00:30:00,24.1925,182.75,128.18333333333334,openaq_ground
2026-07-05 01:30:00,22.7525,187.75,126.38333333333333,openaq_ground
2026-07-05 02:30:00,18.1275,173.0,97.4,openaq_ground
2026-07-05 03:30:00,14.1575,117.0,66.44,openaq_ground
2026-07-05 04:30:00,11.535,99.0,49.760000000000005,openaq_ground
2026-07-05 05:30:00,10.3275,91.325,44.75,openaq_ground
2026-07-05 06:30:00,11.64,65.975,30.05,openaq_ground
2026-07-05 07:30:00,11.567499999999999,39.35,22.259999999999998,openaq_ground
2026-07-05 08:30:00,16.473333333333333,29.75,14.200000000000001,openaq_ground
2026-07-05 09:30:00,15.84,39.9,19.383333333333333,openaq_ground
2026-07-05 10:30:00,18.5225,28.266666666666666,14.419999999999998,openaq_ground
2026-07-05 11:30:00,19.3,48.8,23.16,openaq_ground
2026-07-05 12:30:00,24.220000000000002,58.025,25.860000000000003,openaq_ground
2026-07-05 13:30:00,26.794999999999998,91.925,27.05,openaq_ground
2026-07-05 14:30:00,30.65,99.0,34.699999999999996,openaq_ground
2026-07-05 15:30:00,27.900000000000002,101.275,39.13333333333333,openaq_ground
2026-07-05 16:30:00,27.7575,95.525,38.550000000000004,openaq_ground
2026-07-05 17:30:00,24.2675,86.825,37.949999999999996,openaq_ground
2026-07-05 18:30:00,31.292500000000004,109.225,43.53333333333333,openaq_ground
2026-07-05 19:30:00,25.65,142.75,58.35,openaq_ground
2026-07-05 20:30:00,16.5,98.275,40.583333333333336,openaq_ground
2026-07-05 21:30:00,13.692499999999999,58.125,25.45,openaq_ground
2026-07-05 22:30:00,14.505,57.650000000000006,28.383333333333336,openaq_ground
2026-07-05 23:30:00,13.475000000000001,70.05,35.38333333333333,openaq_ground
2026-07-06 00:30:00,13.14,73.9,38.21666666666666,openaq_ground
2026-07-06 01:30:00,10.5475,67.39999999999999,28.5,openaq_ground
2026-07-06 02:30:00,13.325,43.666666666666664,22.325,openaq_ground
2026-07-06 03:30:00,15.075,60.03333333333333,26.28,openaq_ground
2026-07-06 04:30:00,10.97,72.96666666666667,33.0,openaq_ground
2026-07-06 05:30:00,10.295,82.33333333333333,36.18,openaq_ground
2026-07-06 06:30:00,7.865,78.875,31.666666666666668,openaq_ground
2026-07-06 07:30:00,13.17,86.83333333333333,27.71666666666667,openaq_ground
2026-07-06 08:30:00,28.595,81.63333333333334,29.083333333333332,openaq_ground
2026-07-06 09:30:00,12.34,71.63333333333334,28.2,openaq_ground
2026-07-06 10:30:00,15.645,84.23333333333333,28.71666666666667,openaq_ground
2026-07-06 11:30:00,10.593333333333334,98.53333333333335,33.1,openaq_ground
2026-07-06 12:30:00,12.9,78.16666666666667,26.150000000000002,openaq_ground
2026-07-06 13:30:00,25.625,72.0,27.8,openaq_ground
2026-07-06 14:30:00,29.275,69.75,28.849999999999998,openaq_ground
2026-07-06 15:30:00,29.225,85.35,30.333333333333332,openaq_ground
2026-07-06 16:30:00,25.5425,93.1,32.63333333333333,openaq_ground
2026-07-06 17:30:00,23.25,94.2,32.449999999999996,openaq_ground
2026-07-06 18:30:00,,,44.05,openaq_ground
2026-07-06 19:30:00,32.65,100.5,37.416666666666664,openaq_ground
2026-07-06 20:30:00,31.2,117.3,36.75,openaq_ground
2026-07-06 21:30:00,24.145,102.975,32.68333333333333,openaq_ground
2026-07-06 22:30:00,21.0,98.15,32.800000000000004,openaq_ground
2026-07-06 23:30:00,19.375,76.0,33.6,openaq_ground
2026-07-07 00:30:00,25.53333333333333,78.46666666666667,42.54,openaq_ground
2026-07-07 01:30:00,24.6,131.8,62.23333333333333,openaq_ground
2026-07-07 02:30:00,27.995,136.0,63.38333333333333,openaq_ground
2026-07-07 03:30:00,14.9525,127.2,50.13333333333333,openaq_ground
2026-07-07 04:30:00,18.206666666666667,110.46666666666665,56.2,openaq_ground
2026-07-07 05:30:00,19.933333333333334,95.375,33.11666666666667,openaq_ground
2026-07-07 06:30:00,14.875,71.9,35.075,openaq_ground
2026-07-07 07:30:00,16.92,108.975,28.619999999999997,openaq_ground
2026-07-07 08:30:00,13.0925,37.525,16.4,openaq_ground
2026-07-07 09:30:00,16.025,23.475,13.64,openaq_ground
2026-07-07 10:30:00,16.7675,22.0,13.61,openaq_ground
2026-07-07 11:30:00,19.875,26.125,17.6325,openaq_ground
2026-07-07 12:30:00,26.7175,24.225,22.2625,openaq_ground
2026-07-07 13:30:00,26.7875,23.675,25.175,openaq_ground
2026-07-07 14:30:00,31.325,30.675,25.28,openaq_ground
2026-07-07 15:30:00,30.795,48.375,29.419999999999998,openaq_ground
2026-07-07 16:30:00,28.5375,60.1,29.583333333333332,openaq_ground
2026-07-07 17:30:00,29.387500000000003,76.65,31.416666666666668,openaq_ground
2026-07-07 18:30:00,22.2875,71.95,31.599999999999998,openaq_ground
2026-07-07 19:30:00,21.895,81.125,31.21666666666667,openaq_ground
2026-07-07 20:30:00,29.75,78.675,30.55,openaq_ground
2026-07-07 21:30:00,29.049999999999997,80.5,30.383333333333336,openaq_ground
2026-07-07 22:30:00,14.3175,83.7,41.46666666666667,openaq_ground
2026-07-07 23:30:00,10.6125,85.175,45.833333333333336,openaq_ground
2026-07-08 00:30:00,11.2875,63.075,41.766666666666666,openaq_ground
2026-07-08 01:30:00,15.603333333333333,66.975,39.449999999999996,openaq_ground
2026-07-08 02:30:00,10.95675,69.95,36.9,openaq_ground
2026-07-08 03:30:00,9.575,37.333333333333336,35.675,openaq_ground
2026-07-08 04:30:00,15.32,57.5,33.733333333333334,openaq_ground
2026-07-08 05:30:00,17.900000000000002,53.166666666666664,38.04,openaq_ground
2026-07-08 06:30:00,9.225,49.5,29.400000000000002,openaq_ground
2026-07-08 07:30:00,15.38,24.1,19.18,openaq_ground
2026-07-08 08:30:00,12.48,25.35,19.433333333333334,openaq_ground
2026-07-08 09:30:00,10.8025,31.9,23.4,openaq_ground
2026-07-08 10:30:00,9.36,33.0,18.919999999999998,openaq_ground
2026-07-08 11:30:00,10.615,39.475,20.8,openaq_ground
2026-07-08 12:30:00,16.436666666666667,40.766666666666666,22.0,openaq_ground
2026-07-08 13:30:00,20.513333333333332,38.6,22.22,openaq_ground
2026-07-08 14:30:00,21.396666666666665,21.825,17.525000000000002,openaq_ground
2026-07-08 15:30:00,30.866666666666664,52.2,23.933333333333334,openaq_ground
2026-07-08 16:30:00,13.085,61.175,32.916666666666664,openaq_ground
2026-07-08 17:30:00,18.136666666666667,43.675,24.183333333333334,openaq_ground
2026-07-08 18:30:00,10.909999999999998,41.4,21.75,openaq_ground
2026-07-08 19:30:00,7.2475,28.95,13.36,openaq_ground
2026-07-08 20:30:00,6.666666666666667,14.200000000000001,5.115,openaq_ground
2026-07-08 21:30:00,9.946666666666667,10.1,3.9749999999999996,openaq_ground
2026-07-08 22:30:00,7.697499999999999,6.31,1.4666666666666668,openaq_ground
2026-07-08 23:30:00,7.4475,17.533333333333335,10.8225,openaq_ground
2026-07-09 00:30:00,11.716666666666667,13.533333333333333,3.135,openaq_ground
2026-07-09 01:30:00,10.72,8.565000000000001,2.7024999999999997,openaq_ground
2026-07-09 02:30:00,14.995,24.266666666666666,7.05,openaq_ground
2026-07-09 03:30:00,32.03333333333333,22.833333333333332,6.491666666666666,openaq_ground
2026-07-09 04:30:00,13.7,29.599999999999998,4.89,openaq_ground
2026-07-09 05:30:00,10.012500000000001,29.900000000000002,7.8340000000000005,openaq_ground
2026-07-09 06:30:00,8.52,26.1575,9.571666666666667,openaq_ground
2026-07-09 07:30:00,7.7875,21.6425,5.671666666666667,openaq_ground
2026-07-09 08:30:00,10.516666666666666,29.45,10.078333333333333,openaq_ground
2026-07-09 09:30:00,9.386666666666667,26.2,12.32,openaq_ground
2026-07-09 10:30:00,10.16,51.53333333333333,16.78,openaq_ground
2026-07-09 11:30:00,9.32,61.56666666666666,21.06,openaq_ground
2026-07-09 12:30:00,11.6875,55.375,18.866666666666667,openaq_ground
2026-07-09 13:30:00,12.846666666666666,41.275,13.516666666666666,openaq_ground
2026-07-09 14:30:00,11.3575,41.65,10.833333333333334,openaq_ground
2026-07-09 15:30:00,18.19,38.325,10.208333333333334,openaq_ground
2026-07-09 16:30:00,16.346666666666668,47.85,12.191666666666668,openaq_ground
2026-07-09 17:30:00,9.52,37.333333333333336,12.919999999999998,openaq_ground
2026-07-09 18:30:00,11.336666666666666,50.725,14.0,openaq_ground
2026-07-09 19:30:00,10.023333333333333,43.85,16.099999999999998,openaq_ground
2026-07-09 20:30:00,10.263333333333334,41.0,14.016666666666666,openaq_ground
2026-07-09 21:30:00,15.493333333333332,43.275,12.604999999999999,openaq_ground
2026-07-09 22:30:00,7.92,49.175,15.950000000000001,openaq_ground
2026-07-09 23:30:00,13.006666666666668,59.275,20.566666666666666,openaq_ground
2026-07-10 00:30:00,13.973333333333331,46.300000000000004,21.32,openaq_ground
2026-07-10 01:30:00,15.203333333333333,57.6,25.05,openaq_ground
2026-07-10 02:30:00,13.276666666666666,66.1,35.35,openaq_ground
2026-07-10 03:30:00,11.216666666666667,74.525,40.93333333333333,openaq_ground
2026-07-10 04:30:00,9.5625,83.9,43.5,openaq_ground
2026-07-10 05:30:00,14.665,76.15,34.266666666666666,openaq_ground
2026-07-10 06:30:00,13.433333333333332,74.475,30.666666666666668,openaq_ground
2026-07-10 07:30:00,11.013333333333334,69.5,29.849999999999998,openaq_ground
2026-07-10 08:30:00,13.566666666666668,69.225,27.05,openaq_ground
2026-07-10 09:30:00,10.353333333333333,74.2,26.133333333333336,openaq_ground
2026-07-10 10:30:00,9.546666666666667,67.55,20.283333333333335,openaq_ground
2026-07-10 11:30:00,7.866666666666667,52.05,16.82,openaq_ground
2026-07-10 12:30:00,10.7025,56.425,12.816666666666668,openaq_ground
2026-07-10 13:30:00,20.925,70.25,17.849999999999998,openaq_ground
2026-07-10 14:30:00,28.36666666666667,99.125,23.599999999999998,openaq_ground
2026-07-10 15:30:00,22.060000000000002,108.275,25.366666666666664,openaq_ground
2026-07-10 16:30:00,17.523333333333333,107.0,26.95,openaq_ground
2026-07-10 17:30:00,17.80333333333333,104.725,25.7,openaq_ground
2026-07-10 18:30:00,18.593333333333334,105.625,25.7,openaq_ground
2026-07-10 19:30:00,16.153333333333332,101.2,26.083333333333332,openaq_ground
2026-07-10 20:30:00,15.29,87.35,22.96666666666667,openaq_ground
2026-07-10 21:30:00,20.936666666666664,88.925,21.983333333333334,openaq_ground
2026-07-10 22:30:00,25.563333333333333,94.625,20.616666666666667,openaq_ground
2026-07-10 23:30:00,23.56,95.325,23.516666666666666,openaq_ground
2026-07-11 00:30:00,17.0475,93.45,27.383333333333336,openaq_ground
2026-07-11 01:30:00,18.71,104.8,32.86666666666667,openaq_ground
2026-07-11 02:30:00,15.535,111.025,36.63333333333333,openaq_ground
2026-07-11 03:30:00,9.290000000000001,130.775,32.449999999999996,openaq_ground
2026-07-11 04:30:00,7.77,174.0,35.266666666666666,openaq_ground
2026-07-11 05:30:00,8.083333333333334,220.75,43.949999999999996,openaq_ground
2026-07-11 06:30:00,7.293333333333333,295.5,53.28333333333333,openaq_ground
2026-07-11 07:30:00,8.673333333333334,355.5,61.5,openaq_ground
2026-07-11 08:30:00,8.32,383.5,66.14,openaq_ground
2026-07-11 09:30:00,7.276666666666666,384.25,60.56666666666666,openaq_ground
2026-07-11 10:30:00,8.193333333333333,379.75,60.38333333333333,openaq_ground
2026-07-11 11:30:00,10.606666666666667,375.75,59.18333333333334,openaq_ground
2026-07-11 12:30:00,16.543333333333333,369.25,58.96666666666667,openaq_ground
2026-07-11 13:30:00,25.433333333333334,332.5,53.68333333333334,openaq_ground
2026-07-11 14:30:00,23.925,296.25,55.65,openaq_ground
2026-07-11 15:30:00,33.63333333333333,280.0,60.666666666666664,openaq_ground
2026-07-11 16:30:00,32.666666666666664,286.75,56.46666666666667,openaq_ground
2026-07-11 17:30:00,36.13333333333333,265.5,54.21666666666667,openaq_ground
2026-07-11 18:30:00,38.166666666666664,256.5,52.51666666666667,openaq_ground
2026-07-11 19:30:00,28.96666666666667,246.75,46.75,openaq_ground
2026-07-11 20:30:00,18.9875,200.5,42.266666666666666,openaq_ground
2026-07-11 21:30:00,16.3,163.5,37.550000000000004,openaq_ground
2026-07-11 22:30:00,15.4,133.75,31.383333333333336,openaq_ground
2026-07-11 23:30:00,19.966666666666665,122.075,31.299999999999997,openaq_ground
2026-07-12 00:30:00,21.17,111.725,28.583333333333332,openaq_ground
2026-07-12 01:30:00,15.790000000000001,131.375,33.25,openaq_ground
2026-07-12 02:30:00,11.9,154.7,33.88333333333333,openaq_ground
2026-07-12 03:30:00,10.38,182.25,33.93333333333333,openaq_ground
2026-07-12 04:30:00,7.102499999999999,250.0,40.416666666666664,openaq_ground
2026-07-12 05:30:00,8.6475,340.25,49.300000000000004,openaq_ground
2026-07-12 06:30:00,11.403333333333334,431.5,59.18333333333334,openaq_ground
2026-07-12 07:30:00,11.326666666666666,472.5,65.8,openaq_ground
2026-07-12 08:30:00,14.026666666666666,519.0,67.88333333333334,openaq_ground
2026-07-12 09:30:00,7.903333333333333,500.75,69.35000000000001,openaq_ground
2026-07-12 10:30:00,7.196666666666666,585.25,82.78333333333333,openaq_ground
2026-07-12 11:30:00,6.0025,612.0,82.61666666666666,openaq_ground
2026-07-12 12:30:00,13.08,581.25,77.08333333333333,openaq_ground
2026-07-12 13:30:00,25.566666666666666,543.75,78.46666666666667,openaq_ground
2026-07-12 14:30:00,29.8,478.75,73.46666666666667,openaq_ground
2026-07-12 15:30:00,38.0,444.75,70.06666666666666,openaq_ground
2026-07-12 16:30:00,24.325,410.0,71.98333333333333,openaq_ground
2026-07-12 17:30:00,34.03333333333333,393.75,65.02000000000001,openaq_ground
2026-07-12 18:30:00,16.386666666666667,351.75,57.916666666666664,openaq_ground
2026-07-12 19:30:00,18.666666666666668,239.0,34.766666666666666,openaq_ground
2026-07-12 20:30:00,8.18,133.75,23.95,openaq_ground
2026-07-12 21:30:00,10.272499999999999,113.75,23.433333333333334,openaq_ground
2026-07-12 22:30:00,8.6975,108.9,25.75,openaq_ground
2026-07-12 23:30:00,10.5125,96.325,29.383333333333336,openaq_ground
2026-07-13 00:30:00,15.909999999999998,89.6,24.400000000000002,openaq_ground
2026-07-13 01:30:00,12.287500000000001,100.0,24.666666666666668,openaq_ground
2026-07-13 02:30:00,13.963333333333333,111.875,25.78333333333333,openaq_ground
2026-07-13 03:30:00,8.352500000000001,142.25,32.199999999999996,openaq_ground
2026-07-13 04:30:00,9.336666666666668,151.25,37.449999999999996,openaq_ground
2026-07-13 05:30:00,6.493333333333333,177.25,39.5,openaq_ground
2026-07-13 06:30:00,5.7225,171.25,42.550000000000004,openaq_ground
2026-07-13 07:30:00,7.199999999999999,183.75,41.166666666666664,openaq_ground
2026-07-13 08:30:00,7.153333333333333,191.75,40.78333333333333,openaq_ground
2026-07-13 09:30:00,6.1850000000000005,195.0,38.78333333333333,openaq_ground
2026-07-13 10:30:00,5.6875,205.0,36.76666666666667,openaq_ground
2026-07-13 11:30:00,8.790000000000001,191.25,34.93333333333333,openaq_ground
2026-07-13 12:30:00,14.827499999999999,186.5,33.266666666666666,openaq_ground
2026-07-13 13:30:00,24.0325,184.25,36.800000000000004,openaq_ground
2026-07-13 14:30:00,19.970000000000002,190.75,34.666666666666664,openaq_ground
2026-07-13 15:30:00,15.0825,180.0,24.616666666666664,openaq_ground
2026-07-13 16:30:00,24.9125,79.775,17.84,openaq_ground
2026-07-13 17:30:00,28.4,89.125,23.316666666666666,openaq_ground
2026-07-13 18:30:00,39.4375,106.3,28.03333333333333,openaq_ground
2026-07-13 19:30:00,37.675,118.725,32.85,openaq_ground
2026-07-13 20:30:00,32.895,147.75,33.56666666666667,openaq_ground
2026-07-13 21:30:00,24.6825,153.25,31.8,openaq_ground
2026-07-13 22:30:00,8.3125,133.0,31.400000000000002,openaq_ground
2026-07-13 23:30:00,10.35,94.05,25.150000000000002,openaq_ground
2026-07-14 00:30:00,13.6925,72.275,19.883333333333333,openaq_ground
2026-07-14 01:30:00,18.795,84.2,23.683333333333334,openaq_ground
2026-07-14 02:30:00,22.745,120.675,26.916666666666668,openaq_ground
2026-07-14 03:30:00,14.832500000000001,156.5,33.1,openaq_ground
2026-07-14 04:30:00,9.965,245.0,42.11666666666667,openaq_ground
2026-07-14 05:30:00,14.4925,275.75,46.98333333333333,openaq_ground
2026-07-14 06:30:00,36.677499999999995,305.25,51.083333333333336,openaq_ground
2026-07-14 07:30:00,13.7875,314.25,51.5,openaq_ground
2026-07-14 08:30:00,15.555,286.0,50.199999999999996,openaq_ground
2026-07-14 09:30:00,19.365,252.5,45.88333333333333,openaq_ground
2026-07-14 10:30:00,20.923333333333332,247.0,44.68,openaq_ground
2026-07-14 11:30:00,19.400000000000002,244.25,39.86666666666667,openaq_ground
2026-07-14 12:30:00,22.5,231.5,35.949999999999996,openaq_ground
2026-07-14 13:30:00,21.45,185.25,28.74,openaq_ground
2026-07-14 14:30:00,22.650000000000002,123.0,21.18,openaq_ground
2026-07-14 15:30:00,27.075,73.925,15.616666666666667,openaq_ground
2026-07-14 16:30:00,26.625,69.375,14.316666666666668,openaq_ground
2026-07-14 17:30:00,28.0,67.65,17.014,openaq_ground
2026-07-14 18:30:00,50.175,80.775,19.7,openaq_ground
2026-07-14 19:30:00,33.925000000000004,88.9,22.53333333333333,openaq_ground
2026-07-14 20:30:00,21.7425,92.975,20.416666666666668,openaq_ground
2026-07-14 21:30:00,25.475,84.45,21.583333333333332,openaq_ground
2026-07-14 22:30:00,29.025,84.225,22.21666666666667,openaq_ground
2026-07-14 23:30:00,31.4,80.275,21.583333333333332,openaq_ground
2026-07-15 00:30:00,33.275,74.8,23.03333333333333,openaq_ground
2026-07-15 01:30:00,23.150000000000002,95.6,21.733333333333334,openaq_ground
2026-07-15 02:30:00,21.4,114.625,25.516666666666666,openaq_ground
2026-07-15 03:30:00,19.75,126.175,27.333333333333332,openaq_ground
2026-07-15 04:30:00,12.91,143.0,31.183333333333334,openaq_ground
2026-07-15 05:30:00,11.9025,172.75,35.71666666666667,openaq_ground
2026-07-15 06:30:00,11.39,180.25,39.43333333333333,openaq_ground
2026-07-15 07:30:00,10.3175,175.25,41.65,openaq_ground
2026-07-15 08:30:00,10.059999999999999,195.5,41.083333333333336,openaq_ground
2026-07-15 09:30:00,10.8225,207.5,39.25,openaq_ground
2026-07-15 10:30:00,10.965,204.25,41.28333333333333,openaq_ground
2026-07-15 11:30:00,12.9625,201.5,41.416666666666664,openaq_ground
2026-07-15 12:30:00,16.5075,211.5,40.949999999999996,openaq_ground
2026-07-15 13:30:00,26.0,213.0,40.53333333333333,openaq_ground
2026-07-15 14:30:00,39.575,190.5,38.9,openaq_ground
2026-07-15 15:30:00,44.75,185.75,40.516666666666666,openaq_ground
2026-07-15 16:30:00,37.975,170.75,38.1,openaq_ground
2026-07-15 17:30:00,31.700000000000003,142.25,33.25,openaq_ground
2026-07-15 18:30:00,32.65,116.0,30.816666666666666,openaq_ground
2026-07-15 19:30:00,30.95,118.25,30.349999999999998,openaq_ground
2026-07-15 20:30:00,25.7225,119.5,29.166666666666668,openaq_ground
2026-07-15 21:30:00,22.83,131.75,27.116666666666664,openaq_ground
2026-07-15 22:30:00,20.995,137.75,25.849999999999998,openaq_ground
2026-07-15 23:30:00,25.825,134.0,28.03333333333333,openaq_ground
2026-07-16 00:30:00,25.725,140.75,30.25,openaq_ground
2026-07-16 01:30:00,24.5975,147.25,31.849999999999998,openaq_ground
2026-07-16 02:30:00,23.825,168.75,37.516666666666666,openaq_ground
2026-07-16 03:30:00,22.0775,222.25,49.01666666666667,openaq_ground
2026-07-16 04:30:00,15.379999999999999,302.5,51.26666666666667,openaq_ground
2026-07-16 05:30:00,11.525,246.25,46.28333333333333,openaq_ground
2026-07-16 06:30:00,11.370000000000001,224.5,47.01666666666667,openaq_ground
2026-07-16 07:30:00,10.809999999999999,226.75,41.61666666666667,openaq_ground
2026-07-16 08:30:00,10.434999999999999,217.5,40.75,openaq_ground
2026-07-16 09:30:00,10.9075,209.75,42.266666666666666,openaq_ground
2026-07-16 10:30:00,15.0025,202.0,38.050000000000004,openaq_ground
2026-07-16 11:30:00,14.5625,197.25,35.21666666666667,openaq_ground
2026-07-16 12:30:00,19.775,192.75,36.63333333333333,openaq_ground
2026-07-16 13:30:00,32.775,180.75,36.13333333333333,openaq_ground
2026-07-16 14:30:00,43.825,185.0,40.68333333333333,openaq_ground
2026-07-16 15:30:00,46.15,172.5,39.75,openaq_ground
2026-07-16 16:30:00,49.95,179.5,40.18333333333333,openaq_ground
2026-07-16 17:30:00,47.375,217.25,48.03333333333333,openaq_ground
2026-07-16 18:30:00,42.5,186.66666666666666,49.8,openaq_ground
2026-07-16 19:30:00,44.95,183.0,50.38333333333333,openaq_ground
2026-07-16 20:30:00,42.6,192.5,45.81666666666666,openaq_ground
2026-07-16 21:30:00,40.475,194.0,44.93333333333334,openaq_ground
2026-07-16 22:30:00,37.9,168.75,40.300000000000004,openaq_ground
2026-07-16 23:30:00,31.175,148.5,34.916666666666664,openaq_ground
2026-07-17 00:30:00,33.075,136.75,31.599999999999998,openaq_ground
2026-07-17 01:30:00,26.2,142.33333333333334,39.2,openaq_ground
2026-07-17 02:30:00,18.176666666666666,129.0,31.080000000000002,openaq_ground
2026-07-17 03:30:00,13.126666666666665,132.70000000000002,32.64,openaq_ground
2026-07-17 04:30:00,9.253333333333332,151.0,37.519999999999996,openaq_ground
2026-07-17 05:30:00,8.666666666666666,161.25,36.15,openaq_ground
2026-07-17 06:30:00,11.435,173.0,40.739999999999995,openaq_ground
2026-07-17 07:30:00,11.9775,166.33333333333334,37.6,openaq_ground
2026-07-17 08:30:00,16.6,172.25,47.85,openaq_ground
2026-07-17 09:30:00,20.025000000000002,175.75,36.93333333333333,openaq_ground
2026-07-17 10:30:00,25.925,166.0,33.25,openaq_ground
2026-07-17 11:30:00,30.924999999999997,160.5,31.633333333333336,openaq_ground
2026-07-17 12:30:00,34.425,160.75,30.8,openaq_ground
2026-07-17 13:30:00,44.56666666666666,178.33333333333334,39.660000000000004,openaq_ground
2026-07-17 14:30:00,56.300000000000004,229.33333333333334,53.82000000000001,openaq_ground
2026-07-17 15:30:00,54.63333333333333,236.33333333333334,62.67999999999999,openaq_ground
2026-07-17 16:30:00,46.43333333333334,220.66666666666666,60.2,openaq_ground
2026-07-17 17:30:00,40.93333333333333,212.66666666666666,67.4,openaq_ground
2026-07-17 18:30:00,38.233333333333334,211.33333333333334,67.64,openaq_ground
2026-07-17 19:30:00,34.06666666666667,209.33333333333334,68.17999999999999,openaq_ground
2026-07-17 20:30:00,29.13333333333333,191.66666666666666,69.44,openaq_ground
2026-07-17 21:30:00,32.733333333333334,167.33333333333334,62.7,openaq_ground
2026-07-17 22:30:00,35.833333333333336,161.33333333333334,51.08,openaq_ground
2026-07-17 23:30:00,25.133333333333336,112.0,33.78,openaq_ground
2026-07-18 00:30:00,22.3,99.33333333333333,29.4,openaq_ground
2026-07-18 01:30:00,15.549999999999999,117.36666666666667,30.04,openaq_ground
2026-07-18 02:30:00,11.37,113.26666666666667,29.04,openaq_ground
2026-07-18 03:30:00,13.055,129.0,29.916666666666668,openaq_ground
2026-07-18 04:30:00,12.885,125.5,27.733333333333334,openaq_ground
2026-07-18 05:30:00,11.184999999999999,143.0,30.316666666666666,openaq_ground
2026-07-18 06:30:00,11.495,159.75,33.449999999999996,openaq_ground
2026-07-18 07:30:00,11.065,169.5,29.166666666666668,openaq_ground
2026-07-18 08:30:00,13.187499999999998,182.25,34.800000000000004,openaq_ground
2026-07-18 09:30:00,13.17,187.5,32.583333333333336,openaq_ground
2026-07-18 10:30:00,12.32,186.5,36.916666666666664,openaq_ground
2026-07-18 11:30:00,16.5925,198.0,42.23333333333333,openaq_ground
2026-07-18 12:30:00,22.275,203.5,43.833333333333336,openaq_ground
2026-07-18 13:30:00,27.85,181.25,34.81666666666667,openaq_ground
2026-07-18 14:30:00,38.275,160.5,36.199999999999996,openaq_ground
2026-07-18 15:30:00,43.900000000000006,177.25,43.93333333333334,openaq_ground
2026-07-18 16:30:00,47.75,183.5,41.03333333333333,openaq_ground
2026-07-18 17:30:00,40.225,190.75,44.51666666666667,openaq_ground
2026-07-18 18:30:00,32.96666666666666,179.0,47.4,openaq_ground
2026-07-18 19:30:00,34.425000000000004,179.25,52.93333333333334,openaq_ground
2026-07-18 20:30:00,30.0,173.75,47.4,openaq_ground
2026-07-18 21:30:00,26.2825,152.75,37.516666666666666,openaq_ground
2026-07-18 22:30:00,25.8175,135.25,36.1,openaq_ground
2026-07-18 23:30:00,22.0,144.75,37.56666666666667,openaq_ground
2026-07-19 00:30:00,21.932499999999997,159.25,43.36666666666667,openaq_ground
2026-07-19 01:30:00,21.8075,155.5,43.18333333333334,openaq_ground
2026-07-19 02:30:00,25.75,153.0,44.26666666666667,openaq_ground
2026-07-19 03:30:00,21.6175,138.25,34.166666666666664,openaq_ground
2026-07-19 04:30:00,17.275,136.5,35.85,openaq_ground
2026-07-19 05:30:00,14.577499999999999,140.25,31.866666666666664,openaq_ground
2026-07-19 06:30:00,14.705,131.5,34.733333333333334,openaq_ground
2026-07-19 07:30:00,14.5425,136.0,33.36666666666667,openaq_ground
2026-07-19 08:30:00,20.61,142.5,34.449999999999996,openaq_ground
2026-07-19 09:30:00,22.6625,143.75,31.099999999999998,openaq_ground
2026-07-19 10:30:00,16.7725,148.0,36.166666666666664,openaq_ground
2026-07-19 11:30:00,19.724999999999998,164.5,43.43333333333334,openaq_ground
2026-07-19 12:30:00,32.4275,195.5,49.949999999999996,openaq_ground
2026-07-19 13:30:00,24.9775,205.5,47.61666666666667,openaq_ground
2026-07-19 14:30:00,22.21,190.25,52.53333333333333,openaq_ground
2026-07-19 15:30:00,22.3825,157.5,59.800000000000004,openaq_ground
2026-07-19 16:30:00,23.615,153.75,65.45,openaq_ground
2026-07-19 17:30:00,21.772499999999997,140.25,60.35,openaq_ground
2026-07-19 18:30:00,22.72,131.5,53.800000000000004,openaq_ground
2026-07-19 19:30:00,22.0025,120.75,47.03333333333333,openaq_ground
2026-07-19 20:30:00,19.875,112.75,48.166666666666664,openaq_ground
2026-07-19 21:30:00,18.6875,107.0,42.46666666666667,openaq_ground
2026-07-19 22:30:00,19.205000000000002,102.25,40.18333333333333,openaq_ground
2026-07-19 23:30:00,18.7025,103.5,39.65,openaq_ground
2026-07-20 00:30:00,18.59,113.25,41.766666666666666,openaq_ground
2026-07-20 01:30:00,17.9575,122.0,45.083333333333336,openaq_ground
2026-07-20 02:30:00,23.13,114.075,40.9,openaq_ground
2026-07-20 03:30:00,25.267500000000002,63.0,32.93333333333333,openaq_ground
2026-07-20 04:30:00,25.5425,108.32499999999999,47.083333333333336,openaq_ground
2026-07-20 05:30:00,25.7,108.175,42.68333333333334,openaq_ground
2026-07-20 06:30:00,24.86,133.4,51.449999999999996,openaq_ground
2026-07-20 07:30:00,22.485,133.75,45.800000000000004,openaq_ground
2026-07-20 08:30:00,23.175,99.25,32.9,openaq_ground
2026-07-20 09:30:00,23.2725,89.925,35.61666666666667,openaq_ground
2026-07-20 10:30:00,21.015,65.325,29.95,openaq_ground
2026-07-20 11:30:00,20.397499999999997,64.625,28.650000000000002,openaq_ground
2026-07-20 12:30:00,24.3,65.975,26.8,openaq_ground
2026-07-20 13:30:00,24.325,70.0,27.04,openaq_ground
2026-07-20 14:30:00,24.65,71.65,27.016666666666666,openaq_ground
2026-07-20 15:30:00,27.875,77.725,28.099999999999998,openaq_ground
2026-07-20 16:30:00,28.224999999999998,90.4,32.949999999999996,openaq_ground
2026-07-20 17:30:00,24.7,99.3,37.31666666666667,openaq_ground
2026-07-20 18:30:00,,,43.65,openaq_ground
2026-07-20 19:30:00,21.5,73.0,36.03333333333333,openaq_ground
2026-07-20 20:30:00,21.75,67.1,26.900000000000002,openaq_ground
2026-07-20 21:30:00,23.669999999999998,60.724999999999994,33.0,openaq_ground
2026-07-20 22:30:00,23.765,41.775,26.833333333333332,openaq_ground
2026-07-20 23:30:00,15.620000000000001,25.225,21.4625,openaq_ground
2026-07-21 00:30:00,16.71,23.133333333333336,18.1575,openaq_ground
2026-07-21 01:30:00,19.2625,33.325,26.52,openaq_ground
2026-07-21 02:30:00,19.4,25.55,25.96,openaq_ground
2026-07-21 03:30:00,17.7575,22.0,17.8,openaq_ground
2026-07-21 04:30:00,23.28,35.0,20.52,openaq_ground
2026-07-21 05:30:00,22.232499999999998,33.95,24.84,openaq_ground
2026-07-21 06:30:00,17.935,51.8,29.339999999999996,openaq_ground
2026-07-21 07:30:00,16.4875,47.400000000000006,34.22,openaq_ground
2026-07-21 08:30:00,15.410000000000002,54.575,30.95,openaq_ground
2026-07-21 09:30:00,19.733333333333334,44.2,28.76,openaq_ground
2026-07-21 10:30:00,27.233333333333334,55.099999999999994,28.28333333333333,openaq_ground
2026-07-21 11:30:00,22.302500000000002,38.35,18.633333333333333,openaq_ground
2026-07-21 12:30:00,23.2,41.325,20.619999999999997,openaq_ground
2026-07-21 13:30:00,23.552500000000002,47.525,18.94,openaq_ground
2026-07-21 14:30:00,23.4025,51.85,19.4,openaq_ground
2026-07-21 15:30:00,24.46,58.35,22.360000000000003,openaq_ground
2026-07-21 16:30:00,23.977500000000003,61.275000000000006,19.5,openaq_ground
2026-07-21 17:30:00,22.375,62.975,22.733333333333334,openaq_ground
2026-07-21 18:30:00,,,32.4,openaq_ground
2026-07-21 19:30:00,,,30.8,openaq_ground
2026-07-21 20:30:00,,,33.8,openaq_ground
2026-07-21 21:30:00,15.217500000000001,55.6,22.75,openaq_ground
2026-07-21 22:30:00,12.52,45.65,21.56,openaq_ground
2026-07-21 23:30:00,18.115,41.85,21.96666666666667,openaq_ground
2026-07-22 00:30:00,17.085,50.075,24.36666666666667,openaq_ground
2026-07-22 01:30:00,18.79,38.875,25.3,openaq_ground
2026-07-22 02:30:00,16.44333333333333,33.833333333333336,27.040000000000003,openaq_ground
2026-07-22 03:30:00,19.8775,39.525,24.733333333333334,openaq_ground
2026-07-22 04:30:00,21.5875,45.75,26.71666666666667,openaq_ground
2026-07-22 05:30:00,18.555,49.9,28.633333333333336,openaq_ground
2026-07-22 06:30:00,16.0475,61.625,35.660000000000004,openaq_ground
2026-07-22 07:30:00,14.4425,50.05,25.366666666666664,openaq_ground
2026-07-22 08:30:00,15.684999999999999,56.224999999999994,22.933333333333334,openaq_ground
2026-07-22 09:30:00,16.1775,46.85,23.6,openaq_ground
2026-07-22 10:30:00,16.045,47.26666666666667,16.25,openaq_ground
2026-07-22 11:30:00,17.810000000000002,53.425,17.933333333333334,openaq_ground
2026-07-22 12:30:00,19.5675,56.875,26.25,openaq_ground
2026-07-22 13:30:00,24.0675,47.849999999999994,25.75,openaq_ground
2026-07-22 14:30:00,26.33,57.45,24.575,openaq_ground
2026-07-22 15:30:00,31.0375,94.975,20.816666666666666,openaq_ground
2026-07-22 16:30:00,32.894999999999996,83.6,22.016666666666666,openaq_ground
2026-07-22 17:30:00,21.5075,60.575,17.650000000000002,openaq_ground
2026-07-22 18:30:00,19.1025,38.25,16.98,openaq_ground
2026-07-22 19:30:00,21.455000000000002,46.1,21.35,openaq_ground
2026-07-22 20:30:00,17.9075,42.05,21.75,openaq_ground
2026-07-22 21:30:00,15.315,43.475,19.4,openaq_ground
2026-07-22 22:30:00,14.6125,40.65,27.4,openaq_ground
2026-07-22 23:30:00,13.6275,31.825,23.65,openaq_ground
2026-07-23 00:30:00,15.35,25.075,20.475,openaq_ground
2026-07-23 01:30:00,14.4375,37.45,22.240000000000002,openaq_ground
2026-07-23 02:30:00,14.135,34.175,20.7,openaq_ground
2026-07-23 03:30:00,13.42,43.275,24.44,openaq_ground
2026-07-23 04:30:00,14.47,45.93333333333334,25.566666666666666,openaq_ground
2026-07-23 05:30:00,14.665,76.7,35.18,openaq_ground
2026-07-23 06:30:00,13.7825,59.05,22.866666666666664,openaq_ground
2026-07-23 07:30:00,13.97,57.625,26.5,openaq_ground
2026-07-23 08:30:00,15.735,60.925,27.21666666666667,openaq_ground
2026-07-23 09:30:00,14.905,57.3,26.333333333333332,openaq_ground
2026-07-23 10:30:00,17.815,54.25,21.1,openaq_ground
2026-07-23 11:30:00,18.53,58.575,20.21666666666667,openaq_ground
2026-07-23 12:30:00,17.58,53.15,23.4,openaq_ground
2026-07-23 13:30:00,20.6625,50.9,22.479999999999997,openaq_ground
2026-07-23 14:30:00,25.335,48.375,25.52,openaq_ground
2026-07-23 15:30:00,23.0225,66.925,25.21666666666667,openaq_ground
2026-07-23 16:30:00,18.86,59.775000000000006,24.349999999999998,openaq_ground
2026-07-23 17:30:00,15.815000000000001,42.225,22.933333333333334,openaq_ground
2026-07-23 18:30:00,14.87,54.25,28.3,openaq_ground
2026-07-23 19:30:00,16.0625,54.6,33.0,openaq_ground
2026-07-23 20:30:00,12.120000000000001,48.9,32.86666666666667,openaq_ground
2026-07-23 21:30:00,10.43,44.25,29.833333333333332,openaq_ground
2026-07-23 22:30:00,10.9275,40.925,29.650000000000002,openaq_ground
2026-07-23 23:30:00,11.3775,47.5,31.116666666666664,openaq_ground
2026-07-24 00:30:00,12.495,57.93333333333334,39.32,openaq_ground
2026-07-24 01:30:00,12.935,50.175,35.333333333333336,openaq_ground
2026-07-24 02:30:00,13.6425,48.75,31.71666666666667,openaq_ground
2026-07-24 03:30:00,14.67,57.225,36.016666666666666,openaq_ground
2026-07-24 04:30:00,14.94,65.3,38.2,openaq_ground
2026-07-24 05:30:00,,,35.5,openaq_ground
2026-07-24 06:30:00,12.185,19.15,22.7,openaq_ground
2026-07-24 07:30:00,13.637500000000001,27.575,17.599999999999998,openaq_ground
2026-07-24 08:30:00,12.8925,42.96666666666667,16.740000000000002,openaq_ground
2026-07-24 09:30:00,13.0575,37.175,19.14,openaq_ground
2026-07-24 10:30:00,14.905,43.8,19.48,openaq_ground
2026-07-24 11:30:00,19.75,48.55,25.380000000000003,openaq_ground
2026-07-24 12:30:00,24.995,62.375,22.666666666666668,openaq_ground
2026-07-24 13:30:00,28.3475,69.975,23.883333333333336,openaq_ground
2026-07-24 14:30:00,21.915,59.15,23.233333333333334,openaq_ground
2026-07-24 15:30:00,15.906666666666666,61.166666666666664,31.32,openaq_ground
2026-07-24 16:30:00,15.453333333333333,57.76666666666667,31.52,openaq_ground
2026-07-24 17:30:00,17.665,56.525,28.75,openaq_ground
2026-07-24 18:30:00,16.0675,47.925,27.5,openaq_ground
2026-07-24 19:30:00,16.4925,49.825,28.900000000000002,openaq_ground
2026-07-24 20:30:00,14.1975,53.975,31.46666666666667,openaq_ground
2026-07-24 21:30:00,14.307500000000001,50.3,29.150000000000002,openaq_ground
2026-07-24 22:30:00,15.412500000000001,48.6,26.0,openaq_ground
2026-07-24 23:30:00,15.285,45.825,21.983333333333334,openaq_ground
2026-07-25 00:30:00,13.566666666666668,43.666666666666664,25.939999999999998,openaq_ground
2026-07-25 01:30:00,13.706666666666665,45.96666666666667,29.560000000000002,openaq_ground
2026-07-25 02:30:00,12.963333333333333,48.73333333333333,29.52,openaq_ground
2026-07-25 03:30:00,13.8575,60.7,28.900000000000002,openaq_ground
2026-07-25 04:30:00,12.87,59.6,30.233333333333334,openaq_ground
2026-07-25 05:30:00,14.706666666666665,79.33333333333333,43.95,openaq_ground
2026-07-25 06:30:00,13.443333333333333,79.33333333333333,39.879999999999995,openaq_ground
2026-07-25 07:30:00,13.866666666666667,59.224999999999994,30.25,openaq_ground
2026-07-25 08:30:00,15.886666666666668,56.2,30.74,openaq_ground
2026-07-25 09:30:00,20.336666666666666,81.0,38.7,openaq_ground
2026-07-25 10:30:00,25.073333333333334,108.33333333333333,39.25,openaq_ground
2026-07-25 11:30:00,19.95,66.6,27.05,openaq_ground
2026-07-25 12:30:00,13.920000000000002,34.266666666666666,26.8,openaq_ground
2026-07-25 13:30:00,18.6775,48.4,21.900000000000002,openaq_ground
2026-07-25 14:30:00,20.7575,52.075,24.174999999999997,openaq_ground
2026-07-25 15:30:00,21.5075,53.85,25.275,openaq_ground
2026-07-25 16:30:00,15.71,54.1,27.7,openaq_ground
2026-07-25 17:30:00,17.09,40.175,22.0,openaq_ground
2026-07-25 18:30:00,21.5975,46.55,19.325,openaq_ground
2026-07-25 19:30:00,19.5675,61.5,30.860000000000003,openaq_ground
2026-07-25 20:30:00,16.3275,65.575,39.32,openaq_ground
2026-07-25 21:30:00,16.98,53.925,32.2,openaq_ground
2026-07-25 22:30:00,18.9325,46.8,25.212500000000002,openaq_ground
2026-07-25 23:30:00,16.947499999999998,45.425,27.65,openaq_ground
2026-07-26 00:30:00,17.427500000000002,46.6,27.95,openaq_ground
2026-07-26 01:30:00,16.305,48.349999999999994,27.925,openaq_ground
2026-07-26 02:30:00,14.12,46.2,25.225,openaq_ground
2026-07-26 03:30:00,15.8025,37.35,23.64,openaq_ground
2026-07-26 04:30:00,15.695,51.375,30.02,openaq_ground
2026-07-26 05:30:00,13.5775,60.45,38.38,openaq_ground
2026-07-26 06:30:00,12.8325,59.65,35.5,openaq_ground
2026-07-26 07:30:00,15.935,80.975,38.15,openaq_ground
2026-07-26 08:30:00,17.095,83.0,33.775,openaq_ground
2026-07-26 09:30:00,19.865,65.425,36.75,openaq_ground
2026-07-26 10:30:00,17.80666666666667,95.39999999999999,49.4,openaq_ground
2026-07-26 11:30:00,19.0725,96.225,39.8,openaq_ground
2026-07-26 12:30:00,19.2925,71.275,21.05,openaq_ground
2026-07-26 13:30:00,20.3025,68.45,18.5825,openaq_ground
2026-07-26 14:30:00,21.905,74.9,32.3,openaq_ground
2026-07-26 15:30:00,28.72,75.8,37.875,openaq_ground
2026-07-26 16:30:00,28.7625,72.55,34.8,openaq_ground
2026-07-26 17:30:00,26.6825,70.125,27.900000000000002,openaq_ground
2026-07-26 18:30:00,26.6525,71.25,29.4,openaq_ground
2026-07-26 19:30:00,28.64,88.15,35.525,openaq_ground
2026-07-26 20:30:00,26.525000000000002,80.95,38.36,openaq_ground
2026-07-26 21:30:00,26.677500000000002,79.125,32.160000000000004,openaq_ground
2026-07-26 22:30:00,24.8525,67.175,24.056,openaq_ground
2026-07-26 23:30:00,25.715,71.3,26.660000000000004,openaq_ground
2026-07-27 00:30:00,22.44,105.225,36.14,openaq_ground
2026-07-27 01:30:00,26.5125,93.15,38.25,openaq_ground
2026-07-27 02:30:00,19.952499999999997,60.15,27.26,openaq_ground
2026-07-27 03:30:00,26.2675,40.175,26.225,openaq_ground
2026-07-27 04:30:00,22.32,50.3,22.3,openaq_ground
2026-07-27 05:30:00,14.957500000000001,72.85,28.24,openaq_ground
2026-07-27 06:30:00,13.309999999999999,71.65,34.975,openaq_ground
2026-07-27 07:30:00,14.565,67.13333333333334,24.439999999999998,openaq_ground
2026-07-27 08:30:00,16.537499999999998,61.333333333333336,24.116666666666664,openaq_ground
2026-07-27 09:30:00,18.2225,69.375,29.46666666666667,openaq_ground
2026-07-27 10:30:00,21.01,77.275,31.516666666666666,openaq_ground
2026-07-27 11:30:00,27.072499999999998,82.675,34.016666666666666,openaq_ground
2026-07-27 12:30:00,29.1875,33.46666666666667,22.075,openaq_ground
2026-07-27 13:30:00,35.775,38.325,28.2,openaq_ground
2026-07-27 14:30:00,35.045,58.724999999999994,46.36666666666667,openaq_ground
2026-07-27 15:30:00,32.52,78.33333333333333,50.14,openaq_ground
2026-07-27 16:30:00,28.2,56.800000000000004,47.160000000000004,openaq_ground
2026-07-27 17:30:00,21.88,62.833333333333336,51.1,openaq_ground
2026-07-27 18:30:00,18.349999999999998,53.4,37.519999999999996,openaq_ground
2026-07-27 19:30:00,21.59,56.36666666666667,34.4,openaq_ground
2026-07-27 20:30:00,19.2425,55.36666666666667,37.0,openaq_ground
2026-07-27 21:30:00,14.885,37.86666666666667,27.2,openaq_ground
2026-07-27 22:30:00,14.1875,19.615000000000002,28.266666666666666,openaq_ground
2026-07-27 23:30:00,17.735,30.0,22.419999999999998,openaq_ground
2026-07-28 00:30:00,15.763333333333335,50.85,26.6,openaq_ground
2026-07-28 01:30:00,18.6425,47.325,29.7,openaq_ground
2026-07-28 02:30:00,15.855,49.675,31.566666666666666,openaq_ground
2026-07-28 03:30:00,16.3275,13.0,21.46666666666667,openaq_ground
2026-07-28 04:30:00,21.6325,35.1,30.866666666666664,openaq_ground
2026-07-28 05:30:00,27.666666666666668,94.5,45.2,openaq_ground
2026-07-28 06:30:00,19.166666666666668,47.199999999999996,24.366666666666664,openaq_ground
2026-07-28 07:30:00,26.866666666666664,25.9,7.816666666666666,openaq_ground
2026-07-28 08:30:00,25.87,12.65,7.26,openaq_ground
2026-07-28 09:30:00,27.796666666666667,3.25,13.133333333333333,openaq_ground
2026-07-28 10:30:00,27.36,15.7,19.206,openaq_ground
2026-07-28 11:30:00,36.1475,23.35,23.1,openaq_ground
2026-07-28 12:30:00,41.695,40.4,25.639999999999997,openaq_ground
2026-07-28 13:30:00,38.39,38.6,29.8,openaq_ground
2026-07-28 14:30:00,30.596666666666668,55.6,31.9,openaq_ground
2026-07-28 15:30:00,34.9175,81.5,44.08,openaq_ground
2026-07-28 16:30:00,28.865000000000002,62.53333333333333,34.14,openaq_ground
2026-07-28 17:30:00,23.105,46.800000000000004,25.080000000000002,openaq_ground
2026-07-28 18:30:00,24.849999999999998,44.35,24.566666666666666,openaq_ground
2026-07-28 19:30:00,23.7475,44.425,23.383333333333336,openaq_ground
2026-07-28 20:30:00,24.4825,48.0,24.78333333333333,openaq_ground
2026-07-28 21:30:00,23.215,49.75,31.28333333333333,openaq_ground
2026-07-28 22:30:00,20.71,65.925,38.1,openaq_ground
2026-07-28 23:30:00,18.9,72.275,49.76666666666667,openaq_ground
2026-07-29 00:30:00,15.305,75.525,49.11666666666667,openaq_ground
2026-07-29 01:30:00,22.0075,79.825,49.65,openaq_ground
2026-07-29 02:30:00,22.8525,65.9,41.333333333333336,openaq_ground
2026-07-29 03:30:00,25.4175,63.6,37.28,openaq_ground
2026-07-29 04:30:00,24.26,76.1,45.58,openaq_ground
2026-07-29 05:30:00,21.997500000000002,78.53333333333333,45.32,openaq_ground
2026-07-29 06:30:00,18.215,85.25,57.46,openaq_ground
2026-07-29 07:30:00,19.2,85.89999999999999,50.54,openaq_ground
2026-07-29 08:30:00,19.7,114.0,54.08,openaq_ground
2026-07-29 09:30:00,24.459999999999997,96.325,52.43333333333334,openaq_ground
2026-07-29 10:30:00,28.725,73.7,44.61666666666667,openaq_ground
2026-07-29 11:30:00,32.75,79.93333333333334,40.54,openaq_ground
2026-07-29 12:30:00,33.95,83.03333333333333,36.1,openaq_ground
2026-07-29 13:30:00,35.7,73.35,40.699999999999996,openaq_ground
2026-07-29 14:30:00,37.3,78.575,43.15,openaq_ground
2026-07-29 15:30:00,39.525,100.0,46.2,openaq_ground
2026-07-29 16:30:00,38.26666666666667,96.13333333333333,51.879999999999995,openaq_ground
2026-07-29 17:30:00,33.6,109.625,48.68333333333334,openaq_ground
2026-07-29 18:30:00,29.85,108.8,54.38333333333333,openaq_ground
2026-07-29 19:30:00,32.4,110.9,54.1,openaq_ground
2026-07-29 20:30:00,31.900000000000002,113.475,56.4,openaq_ground
2026-07-29 21:30:00,31.825,106.0,55.333333333333336,openaq_ground
2026-07-29 22:30:00,25.3975,87.15,47.85,openaq_ground
2026-07-29 23:30:00,23.955000000000002,86.66666666666667,41.88,openaq_ground
2026-07-30 00:30:00,,,49.9,openaq_ground
2026-07-30 01:30:00,29.912499999999998,81.4,45.81666666666666,openaq_ground
2026-07-30 02:30:00,28.6175,91.33333333333333,50.04,openaq_ground
2026-07-30 03:30:00,30.7625,89.8,55.475,openaq_ground
2026-07-30 04:30:00,24.685,98.06666666666666,45.1,openaq_ground
2026-07-30 05:30:00,19.9975,70.425,34.12,openaq_ground
2026-07-30 06:30:00,17.7875,62.725,30.78,openaq_ground
2026-07-30 07:30:00,15.405000000000001,45.36666666666667,26.125,openaq_ground
2026-07-30 08:30:00,18.80666666666667,47.86666666666667,30.6,openaq_ground
2026-07-30 09:30:00,19.913333333333334,70.86666666666666,31.1,openaq_ground
2026-07-30 10:30:00,23.209999999999997,57.56666666666666,30.35,openaq_ground
2026-07-30 11:30:00,29.266666666666666,53.975,33.31666666666667,openaq_ground
2026-07-30 12:30:00,20.966666666666665,79.7,35.96,openaq_ground
2026-07-30 13:30:00,24.8025,75.55,30.21666666666667,openaq_ground
2026-07-30 14:30:00,24.45,76.075,30.983333333333334,openaq_ground
2026-07-30 15:30:00,32.425,74.4,33.583333333333336,openaq_ground
2026-07-30 16:30:00,38.5,78.375,36.583333333333336,openaq_ground
2026-07-30 17:30:00,35.55,71.7,31.3,openaq_ground
2026-07-30 18:30:00,34.675,61.45,28.683333333333334,openaq_ground
2026-07-30 19:30:00,27.725,52.4,32.13333333333333,openaq_ground
2026-07-30 20:30:00,20.5,45.475,19.583333333333332,openaq_ground
2026-07-30 21:30:00,17.8975,38.4,18.645,openaq_ground
2026-07-30 22:30:00,16.2975,36.125,19.099999999999998,openaq_ground
2026-07-30 23:30:00,13.875,31.75,18.8,openaq_ground
2026-07-31 00:30:00,13.365,28.099999999999998,14.526,openaq_ground
2026-07-31 01:30:00,18.055,31.375,16.400000000000002,openaq_ground
2026-07-31 02:30:00,19.94,53.9,21.259999999999998,openaq_ground
2026-07-31 03:30:00,13.566666666666668,48.95,17.525000000000002,openaq_ground
2026-07-31 04:30:00,12.553333333333333,50.4,20.15,openaq_ground
2026-07-31 05:30:00,14.18,42.76666666666667,18.080000000000002,openaq_ground
2026-07-31 06:30:00,15.0425,83.63333333333334,27.080000000000002,openaq_ground
2026-07-31 07:30:00,14.704999999999998,83.16666666666667,33.38,openaq_ground
2026-07-31 08:30:00,15.35,76.63333333333334,34.04,openaq_ground
2026-07-31 09:30:00,15.5725,61.5,30.03333333333333,openaq_ground
2026-07-31 10:30:00,15.4775,57.224999999999994,25.2,openaq_ground
2026-07-31 11:30:00,15.57,55.9,23.46666666666667,openaq_ground
2026-07-31 12:30:00,17.8175,58.825,24.916666666666668,openaq_ground
2026-07-31 13:30:00,18.925,55.175,21.650000000000002,openaq_ground
2026-07-31 14:30:00,21.7,55.8,23.150000000000002,openaq_ground
2026-07-31 15:30:00,21.767500000000002,61.675,24.916666666666668,openaq_ground
2026-07-31 16:30:00,18.5425,54.075,24.366666666666664,openaq_ground
2026-07-31 17:30:00,18.7125,51.25,23.849999999999998,openaq_ground
2026-07-31 18:30:00,20.59,49.23333333333333,28.78,openaq_ground
2026-07-31 19:30:00,17.0825,59.63333333333333,28.060000000000002,openaq_ground
2026-07-31 20:30:00,16.4625,48.3,32.85,openaq_ground
2026-07-31 21:30:00,15.057500000000001,48.7,28.18,openaq_ground
2026-07-31 22:30:00,14.225,45.5,24.233333333333334,openaq_ground
2026-07-31 23:30:00,15.110000000000001,47.333333333333336,19.68,openaq_ground
2026-08-01 00:30:00,19.68,40.95,22.125,openaq_ground
2026-08-01 01:30:00,14.9175,42.6,24.21666666666667,openaq_ground
2026-08-01 02:30:00,15.174999999999999,56.3,26.933333333333334,openaq_ground
2026-08-01 03:30:00,15.335,64.8,37.1,openaq_ground
2026-08-01 04:30:00,14.8625,69.8,44.46,openaq_ground
2026-08-01 05:30:00,13.7675,65.43333333333334,42.2,openaq_ground
2026-08-01 06:30:00,11.346666666666666,64.2,42.3,openaq_ground
2026-08-01 07:30:00,12.589999999999998,81.23333333333333,46.08,openaq_ground
2026-08-01 08:30:00,12.053333333333333,104.86666666666667,48.260000000000005,openaq_ground
2026-08-01 09:30:00,11.15,73.6,40.733333333333334,openaq_ground
2026-08-01 10:30:00,17.942500000000003,72.55,41.25,openaq_ground
2026-08-01 11:30:00,12.3225,70.1,37.86666666666667,openaq_ground
2026-08-01 12:30:00,15.219999999999999,82.95,41.983333333333334,openaq_ground
2026-08-01 13:30:00,24.3,87.0,41.7,openaq_ground
2026-08-01 14:30:00,23.900000000000002,64.96666666666667,40.38,openaq_ground
2026-08-01 15:30:00,19.150000000000002,83.33333333333333,46.660000000000004,openaq_ground
2026-08-01 16:30:00,17.3,90.0,48.86,openaq_ground
2026-08-01 17:30:00,16.75,75.725,46.449999999999996,openaq_ground
2026-08-01 18:30:00,11.113333333333335,69.15,41.975,openaq_ground
2026-08-01 19:30:00,13.25,40.6,25.05,openaq_ground
2026-08-01 20:30:00,9.8575,22.4,11.5825,openaq_ground
2026-08-01 21:30:00,10.3825,15.012500000000001,12.6,openaq_ground
2026-08-01 22:30:00,14.4125,26.8,12.714,openaq_ground
2026-08-01 23:30:00,13.684999999999999,30.8,22.38,openaq_ground
2026-08-02 00:30:00,14.515,33.13333333333333,32.08,openaq_ground
2026-08-02 01:30:00,16.05,43.0,36.166666666666664,openaq_ground
2026-08-02 02:30:00,16.0475,73.76666666666667,39.54,openaq_ground
2026-08-02 03:30:00,13.489999999999998,53.800000000000004,30.360000000000003,openaq_ground
2026-08-02 04:30:00,9.296666666666667,53.3,27.25,openaq_ground
2026-08-02 05:30:00,11.68,35.833333333333336,28.48,openaq_ground
2026-08-02 06:30:00,12.2625,58.699999999999996,33.0,openaq_ground
2026-08-02 07:30:00,10.94,63.599999999999994,35.63333333333333,openaq_ground
2026-08-02 08:30:00,10.115,62.9,36.46,openaq_ground
2026-08-02 09:30:00,10.655000000000001,47.5,32.06,openaq_ground
2026-08-02 10:30:00,9.863333333333333,31.5,15.682500000000001,openaq_ground
2026-08-02 11:30:00,9.756666666666666,28.933333333333337,24.06,openaq_ground
2026-08-02 12:30:00,14.709999999999999,58.9,30.360000000000003,openaq_ground
2026-08-02 13:30:00,16.7,57.475,30.2,openaq_ground
2026-08-02 14:30:00,18.1875,35.7,33.96666666666667,openaq_ground
2026-08-02 15:30:00,22.599999999999998,60.0,31.675,openaq_ground
2026-08-02 16:30:00,23.3,61.36666666666667,35.7,openaq_ground
2026-08-02 17:30:00,18.25,59.2,35.199999999999996,openaq_ground
2026-08-02 18:30:00,15.799999999999999,74.0,33.339999999999996,openaq_ground
2026-08-02 19:30:00,13.602500000000001,70.125,39.083333333333336,openaq_ground
2026-08-02 20:30:00,12.4875,51.73333333333333,33.1,openaq_ground
2026-08-02 21:30:00,11.477500000000001,51.025,32.71666666666667,openaq_ground
2026-08-02 22:30:00,13.120000000000001,53.1,31.25,openaq_ground
2026-08-02 23:30:00,11.155,52.825,30.099999999999998,openaq_ground
2026-08-03 00:30:00,8.799999999999999,45.45,24.975,openaq_ground
2026-08-03 01:30:00,10.56,53.4,33.72,openaq_ground
2026-08-03 02:30:00,10.346666666666668,65.39999999999999,36.3,openaq_ground
2026-08-03 03:30:00,9.9525,52.46666666666667,41.75,openaq_ground
2026-08-03 04:30:00,9.525,53.85,25.6,openaq_ground
2026-08-03 05:30:00,9.549999999999999,41.766666666666666,24.380000000000003,openaq_ground
2026-08-03 06:30:00,9.423333333333334,41.199999999999996,29.450000000000003,openaq_ground
2026-08-03 07:30:00,9.8325,58.875,28.400000000000002,openaq_ground
2026-08-03 08:30:00,9.889999999999999,53.575,22.099999999999998,openaq_ground
2026-08-03 09:30:00,9.522499999999999,39.166666666666664,21.875,openaq_ground
2026-08-03 10:30:00,8.493333333333334,48.06666666666666,23.65,openaq_ground
2026-08-03 11:30:00,10.48,50.75,20.73333333333333,openaq_ground
2026-08-03 12:30:00,15.51,62.36666666666667,24.64,openaq_ground
2026-08-03 13:30:00,15.8175,69.33333333333333,30.28,openaq_ground
2026-08-03 14:30:00,17.0,52.425,27.2,openaq_ground
2026-08-03 15:30:00,18.65,62.35,28.2,openaq_ground
2026-08-03 16:30:00,19.125,54.7,20.150000000000002,openaq_ground
2026-08-03 17:30:00,18.075,51.900000000000006,23.6,openaq_ground
2026-08-03 18:30:00,12.0,29.95,19.766666666666666,openaq_ground
2026-08-03 19:30:00,9.585,31.05,26.333333333333332,openaq_ground
2026-08-03 20:30:00,8.004999999999999,25.95,21.599999999999998,openaq_ground
2026-08-03 21:30:00,11.625,24.6,18.84,openaq_ground
2026-08-03 22:30:00,10.200000000000001,24.066666666666666,12.559999999999999,openaq_ground
2026-08-03 23:30:00,12.16,15.0,4.325,openaq_ground
2026-08-04 00:30:00,12.8825,27.6,13.266666666666666,openaq_ground
2026-08-04 01:30:00,11.907499999999999,28.5,21.075,openaq_ground
2026-08-04 02:30:00,11.6725,33.56666666666667,14.319999999999999,openaq_ground
2026-08-04 03:30:00,10.5225,37.75,6.540000000000001,openaq_ground
2026-08-04 04:30:00,11.927499999999998,33.7,14.05,openaq_ground
2026-08-04 05:30:00,13.77,34.46666666666667,20.54,openaq_ground
2026-08-04 06:30:00,12.043333333333335,54.1,24.35,openaq_ground
2026-08-04 07:30:00,10.51,58.166666666666664,23.880000000000003,openaq_ground
2026-08-04 08:30:00,11.063333333333333,56.36666666666667,27.160000000000004,openaq_ground
2026-08-04 09:30:00,10.675,13.8,15.65,openaq_ground
2026-08-04 10:30:00,10.96,35.6,28.85,openaq_ground
2026-08-04 11:30:00,20.875,25.53333333333333,23.96,openaq_ground
2026-08-04 12:30:00,28.775,32.1,26.816666666666666,openaq_ground
2026-08-04 13:30:00,33.475,40.45,25.983333333333334,openaq_ground
2026-08-04 14:30:00,25.1825,31.0,24.46,openaq_ground
2026-08-04 15:30:00,25.875,44.6,19.759999999999998,openaq_ground
2026-08-04 16:30:00,23.2325,34.7,24.974999999999998,openaq_ground
2026-08-04 17:30:00,19.025,49.06666666666666,34.7,openaq_ground
2026-08-04 18:30:00,27.366666666666664,38.63333333333333,24.32,openaq_ground
2026-08-04 19:30:00,24.9,45.7,27.133333333333336,openaq_ground
2026-08-04 20:30:00,24.65,39.8,24.400000000000002,openaq_ground
2026-08-04 21:30:00,20.2,36.0,23.96,openaq_ground
2026-08-04 22:30:00,16.833333333333332,45.96666666666667,26.1,openaq_ground
2026-08-04 23:30:00,16.173333333333336,59.26666666666667,33.92,openaq_ground
2026-08-05 00:30:00,15.733333333333334,52.6,40.88,openaq_ground
2026-08-05 01:30:00,14.066666666666668,60.73333333333333,40.38,openaq_ground
2026-08-05 02:30:00,13.856666666666667,59.96666666666667,40.575,openaq_ground
2026-08-05 03:30:00,11.18,42.95,36.6,openaq_ground
2026-08-05 04:30:00,10.475000000000001,49.45,47.575,openaq_ground
2026-08-05 05:30:00,14.063333333333333,86.8,46.94,openaq_ground
2026-08-05 06:30:00,16.560000000000002,88.35,43.959999999999994,openaq_ground
2026-08-05 07:30:00,15.266666666666666,62.6,55.025,openaq_ground
2026-08-05 08:30:00,10.01,65.375,47.81666666666666,openaq_ground
2026-08-05 09:30:00,8.06,51.96666666666667,32.96,openaq_ground
2026-08-05 10:30:00,5.3,54.2,37.0,openaq_ground
2026-08-05 11:30:00,23.099999999999998,77.66666666666667,51.18333333333334,openaq_ground
2026-08-05 12:30:00,21.025,87.33333333333333,46.5,openaq_ground
2026-08-05 13:30:00,19.9,70.56666666666666,41.38333333333333,openaq_ground
2026-08-05 14:30:00,24.45,50.23333333333333,34.53333333333333,openaq_ground
2026-08-05 15:30:00,27.8,70.725,40.63333333333333,openaq_ground
2026-08-05 16:30:00,29.325,87.475,43.13333333333333,openaq_ground
2026-08-05 17:30:00,20.733333333333334,137.96666666666667,38.5,openaq_ground
2026-08-05 18:30:00,24.566666666666666,68.63333333333333,40.06,openaq_ground
2026-08-05 19:30:00,23.7,68.45,41.325,openaq_ground
2026-08-05 20:30:00,17.27,67.33333333333333,31.76,openaq_ground
2026-08-05 21:30:00,9.7,42.36666666666667,25.919999999999998,openaq_ground
2026-08-05 22:30:00,11.5025,46.76666666666667,32.78,openaq_ground
2026-08-05 23:30:00,8.496666666666666,38.43333333333333,27.839999999999996,openaq_ground
2026-08-06 00:30:00,9.69,41.65,30.8,openaq_ground
2026-08-06 01:30:00,17.05,33.225,25.650000000000002,openaq_ground
2026-08-06 02:30:00,22.0,39.375,26.116666666666664,openaq_ground
2026-08-06 03:30:00,21.474999999999998,42.4,23.4,openaq_ground
2026-08-06 04:30:00,17.400000000000002,18.965,25.0,openaq_ground
2026-08-06 05:30:00,18.175,21.5,23.375,openaq_ground
2026-08-06 06:30:00,16.875,31.46666666666667,24.35,openaq_ground
2026-08-06 07:30:00,13.4925,35.625,25.860000000000003,openaq_ground
2026-08-06 08:30:00,14.566666666666668,37.15,27.075,openaq_ground
2026-08-06 09:30:00,11.1375,41.300000000000004,29.7,openaq_ground
2026-08-06 10:30:00,12.270000000000001,56.300000000000004,26.299999999999997,openaq_ground
2026-08-06 11:30:00,10.9,38.53333333333333,26.266666666666666,openaq_ground
2026-08-06 12:30:00,11.16,36.6,16.96666666666667,openaq_ground
2026-08-06 13:30:00,11.7525,35.85,19.06,openaq_ground
2026-08-06 14:30:00,14.675,42.15,24.6,openaq_ground
2026-08-06 15:30:00,19.325,44.725,29.439999999999998,openaq_ground
2026-08-06 16:30:00,20.333333333333332,58.29999999999999,37.575,openaq_ground
2026-08-06 17:30:00,22.15,76.1,46.68,openaq_ground
2026-08-06 18:30:00,20.166666666666668,69.86666666666666,37.9,openaq_ground
2026-08-06 19:30:00,18.175,68.075,42.7,openaq_ground
2026-08-06 20:30:00,16.675,60.675,45.32,openaq_ground
2026-08-06 21:30:00,13.235,48.675,35.88,openaq_ground
2026-08-06 22:30:00,13.043333333333335,42.5,32.85,openaq_ground
2026-08-06 23:30:00,6.826666666666667,36.0,21.75,openaq_ground
2026-08-07 00:30:00,8.34,35.56666666666667,27.0,openaq_ground
2026-08-07 01:30:00,11.2575,29.1,20.240000000000002,openaq_ground
2026-08-07 02:30:00,10.9125,32.075,22.54,openaq_ground
2026-08-07 03:30:00,12.2775,41.675,22.48,openaq_ground
2026-08-07 04:30:00,13.833333333333334,37.4,21.4,openaq_ground
2026-08-07 05:30:00,15.6,42.53333333333333,27.375,openaq_ground
2026-08-07 06:30:00,14.725000000000001,34.4,25.02,openaq_ground
2026-08-07 07:30:00,20.85,27.025,25.080000000000002,openaq_ground
2026-08-07 08:30:00,20.8,44.46666666666667,37.2,openaq_ground
2026-08-07 09:30:00,22.9,78.86666666666666,34.525,openaq_ground
2026-08-07 10:30:00,17.5,61.675,31.080000000000002,openaq_ground
2026-08-07 11:30:00,12.7,39.4,25.15,openaq_ground
2026-08-07 12:30:00,12.2675,21.15,16.016666666666666,openaq_ground
2026-08-07 13:30:00,15.475,21.266666666666666,16.259999999999998,openaq_ground
2026-08-07 14:30:00,18.65,19.03333333333333,18.0,openaq_ground
2026-08-07 15:30:00,17.3,28.525,18.5,openaq_ground
2026-08-07 16:30:00,19.75,36.9,23.58,openaq_ground
2026-08-07 17:30:00,15.025,40.53333333333333,33.1,openaq_ground
2026-08-07 18:30:00,15.825,25.425,24.96666666666667,openaq_ground
2026-08-07 19:30:00,17.385,38.125,24.955,openaq_ground
2026-08-07 20:30:00,13.65,33.225,21.3,openaq_ground
2026-08-07 21:30:00,16.825,39.13333333333333,27.5,openaq_ground
2026-08-07 22:30:00,13.225,54.275,37.166666666666664,openaq_ground
2026-08-07 23:30:00,14.175,58.275000000000006,31.583333333333332,openaq_ground
2026-08-08 00:30:00,17.150000000000002,56.3,35.81666666666667,openaq_ground
2026-08-08 01:30:00,21.455,48.06666666666666,36.38,openaq_ground
2026-08-08 02:30:00,14.532499999999999,59.2,42.2,openaq_ground
2026-08-08 03:30:00,8.977500000000001,52.45,33.46666666666667,openaq_ground
2026-08-08 04:30:00,6.8175,50.86666666666667,35.160000000000004,openaq_ground
2026-08-08 05:30:00,6.3925,55.166666666666664,30.24,openaq_ground
2026-08-08 06:30:00,6.8575,50.475,29.28333333333333,openaq_ground
2026-08-08 07:30:00,8.73,53.75,36.725,openaq_ground
2026-08-08 08:30:00,8.8225,74.375,35.575,openaq_ground
2026-08-08 09:30:00,8.0325,40.46666666666667,31.65,openaq_ground
2026-08-08 10:30:00,11.83,29.833333333333332,25.775,openaq_ground
2026-08-08 11:30:00,10.963333333333333,36.1,14.48,openaq_ground
2026-08-08 12:30:00,24.35,23.7,19.025,openaq_ground
2026-08-08 13:30:00,28.65,29.566666666666666,24.8,openaq_ground
2026-08-08 14:30:00,30.174999999999997,35.8,28.016666666666666,openaq_ground
2026-08-08 15:30:00,30.424999999999997,51.975,32.42,openaq_ground
2026-08-08 16:30:00,26.6,60.075,39.7,openaq_ground
2026-08-08 17:30:00,23.3,63.05,38.06666666666667,openaq_ground
2026-08-08 18:30:00,,,51.4,openaq_ground
2026-08-08 19:30:00,25.525,90.3,56.0,openaq_ground
2026-08-08 20:30:00,25.35,93.125,46.96666666666667,openaq_ground
2026-08-08 21:30:00,24.775000000000002,92.85,53.650000000000006,openaq_ground
2026-08-08 22:30:00,21.5625,90.9,46.300000000000004,openaq_ground
2026-08-08 23:30:00,20.2325,91.075,50.36666666666667,openaq_ground
2026-08-09 00:30:00,21.975,88.525,50.300000000000004,openaq_ground
2026-08-09 01:30:00,20.3725,74.8,50.449999999999996,openaq_ground
2026-08-09 02:30:00,14.950000000000001,66.45,41.699999999999996,openaq_ground
2026-08-09 03:30:00,12.5575,55.875,31.683333333333334,openaq_ground
2026-08-09 04:30:00,10.3375,40.675,30.82,openaq_ground
2026-08-09 05:30:00,8.1425,49.53333333333333,35.71666666666667,openaq_ground
2026-08-09 06:30:00,7.3725,44.333333333333336,26.82,openaq_ground
2026-08-09 07:30:00,6.9375,45.075,29.52,openaq_ground
2026-08-09 08:30:00,7.2775,43.45,27.439999999999998,openaq_ground
2026-08-09 09:30:00,8.615,42.05,27.339999999999996,openaq_ground
2026-08-09 10:30:00,8.97,48.224999999999994,23.0,openaq_ground
2026-08-09 11:30:00,9.855,47.925,27.119999999999997,openaq_ground
2026-08-09 12:30:00,21.2675,60.775,30.640000000000004,openaq_ground
2026-08-09 13:30:00,25.7,76.05,32.480000000000004,openaq_ground
2026-08-09 14:30:00,31.900000000000002,69.425,33.46,openaq_ground
2026-08-09 15:30:00,27.8,74.85,34.72,openaq_ground
2026-08-09 16:30:00,24.45,86.0,38.480000000000004,openaq_ground
2026-08-09 17:30:00,19.1,78.025,38.36,openaq_ground
2026-08-09 18:30:00,21.0375,74.725,36.9,openaq_ground
2026-08-09 19:30:00,19.32,67.375,35.480000000000004,openaq_ground
2026-08-09 20:30:00,15.6325,77.475,40.96,openaq_ground
2026-08-09 21:30:00,14.6375,83.075,38.0,openaq_ground
2026-08-09 22:30:00,16.4975,89.425,45.76,openaq_ground
2026-08-09 23:30:00,20.3325,78.475,42.8,openaq_ground
2026-08-10 00:30:00,19.0475,73.15,39.7,openaq_ground
2026-08-10 01:30:00,16.7325,80.15,42.32,openaq_ground
2026-08-10 02:30:00,13.535,58.175,30.880000000000003,openaq_ground
2026-08-10 03:30:00,11.2725,57.425,33.94,openaq_ground
2026-08-10 04:30:00,11.8825,72.925,42.82,openaq_ground
2026-08-10 05:30:00,10.2275,68.9,39.36,openaq_ground
2026-08-10 06:30:00,9.8375,67.475,40.94,openaq_ground
2026-08-10 07:30:00,9.43,63.025000000000006,32.050000000000004,openaq_ground
2026-08-10 08:30:00,8.4225,47.975,30.3,openaq_ground
2026-08-10 09:30:00,12.355,73.475,29.133333333333336,openaq_ground
2026-08-10 10:30:00,17.6175,45.3,22.36,openaq_ground
2026-08-10 11:30:00,26.025,40.225,22.934,openaq_ground
2026-08-10 12:30:00,26.7,58.175,28.566666666666666,openaq_ground
2026-08-10 13:30:00,29.599999999999998,58.45,27.883333333333336,openaq_ground
2026-08-10 14:30:00,31.85,65.625,33.88333333333333,openaq_ground
2026-08-10 15:30:00,35.6,74.325,42.51666666666667,openaq_ground
2026-08-10 16:30:00,35.199999999999996,80.925,47.38333333333333,openaq_ground
2026-08-10 17:30:00,28.625,88.55,52.48333333333333,openaq_ground
2026-08-10 18:30:00,18.2425,69.65,42.21666666666667,openaq_ground
2026-08-10 19:30:00,15.3825,54.175,33.56666666666667,openaq_ground
2026-08-10 20:30:00,12.9275,46.675,29.619999999999997,openaq_ground
2026-08-10 21:30:00,12.76,41.975,25.82,openaq_ground
2026-08-10 22:30:00,13.3,42.4,26.7,openaq_ground
2026-08-10 23:30:00,15.075,49.65,29.349999999999998,openaq_ground
2026-08-11 00:30:00,18.275,46.825,27.599999999999998,openaq_ground
2026-08-11 01:30:00,18.45,63.4,38.18,openaq_ground
2026-08-11 02:30:00,18.155,61.025,32.81666666666667,openaq_ground
2026-08-11 03:30:00,16.645,62.95,37.583333333333336,openaq_ground
2026-08-11 04:30:00,18.6,71.175,39.88333333333333,openaq_ground
2026-08-11 05:30:00,22.95,79.175,39.916666666666664,openaq_ground
2026-08-11 06:30:00,32.25,78.75,51.43333333333333,openaq_ground
2026-08-11 07:30:00,23.35,88.925,69.5,openaq_ground
2026-08-11 08:30:00,17.87,85.425,57.949999999999996,openaq_ground
2026-08-11 09:30:00,13.307500000000001,66.25,44.61666666666667,openaq_ground
2026-08-11 10:30:00,12.2975,49.75,40.449999999999996,openaq_ground
2026-08-11 11:30:00,11.1675,63.55,43.21666666666667,openaq_ground
2026-08-11 12:30:00,12.85,59.05,33.46,openaq_ground
2026-08-11 13:30:00,18.45,51.525,31.3,openaq_ground
2026-08-11 14:30:00,20.950000000000003,72.475,31.233333333333334,openaq_ground
2026-08-11 15:30:00,19.75,64.95,35.81666666666667,openaq_ground
2026-08-11 16:30:00,25.9,68.675,35.88333333333333,openaq_ground
2026-08-11 17:30:00,24.799999999999997,77.7,39.050000000000004,openaq_ground
2026-08-11 18:30:00,,,51.75,openaq_ground
2026-08-11 19:30:00,19.075,77.15,38.53333333333333,openaq_ground
2026-08-11 20:30:00,15.844999999999999,80.7,40.266666666666666,openaq_ground
2026-08-11 21:30:00,16.1825,84.9,37.28,openaq_ground
2026-08-11 22:30:00,13.2025,77.775,36.739999999999995,openaq_ground
2026-08-11 23:30:00,11.870000000000001,70.2,31.5,openaq_ground
2026-08-12 00:30:00,13.035,76.675,37.6,openaq_ground
2026-08-12 01:30:00,22.075,99.8,43.51666666666667,openaq_ground
2026-08-12 02:30:00,25.475,111.625,50.63333333333333,openaq_ground
2026-08-12 03:30:00,17.845,90.95,55.36666666666667,openaq_ground
2026-08-12 04:30:00,14.3925,79.8,43.13333333333333,openaq_ground
2026-08-12 05:30:00,12.81,61.95,36.86666666666667,openaq_ground
2026-08-12 06:30:00,12.6075,82.35,45.300000000000004,openaq_ground
2026-08-12 07:30:00,12.89,91.1,52.15,openaq_ground
2026-08-12 08:30:00,10.795,83.975,45.35,openaq_ground
2026-08-12 09:30:00,16.0575,105.5,47.63333333333333,openaq_ground
2026-08-12 10:30:00,24.409999999999997,82.95,40.016666666666666,openaq_ground
2026-08-12 11:30:00,15.614999999999998,86.9,42.6,openaq_ground
2026-08-12 12:30:00,21.549999999999997,103.0,46.01666666666667,openaq_ground
2026-08-12 13:30:00,26.925,108.1,44.06666666666666,openaq_ground
2026-08-12 14:30:00,25.175,112.0,46.18333333333334,openaq_ground
2026-08-12 15:30:00,26.200000000000003,117.0,50.68333333333334,openaq_ground
2026-08-12 16:30:00,23.3,122.825,55.6,openaq_ground
2026-08-12 17:30:00,18.8275,103.2,50.56666666666666,openaq_ground
2026-08-12 18:30:00,13.085,105.875,46.36666666666667,openaq_ground
2026-08-12 19:30:00,13.5225,91.125,40.36666666666667,openaq_ground
2026-08-12 20:30:00,15.629999999999999,87.85,38.483333333333334,openaq_ground
2026-08-12 21:30:00,21.866666666666664,86.66666666666667,34.28,openaq_ground
2026-08-12 22:30:00,,,36.65,openaq_ground
2026-08-12 23:30:00,14.9325,61.599999999999994,27.299999999999997,openaq_ground
2026-08-13 00:30:00,17.895,53.85,28.32,openaq_ground
2026-08-13 01:30:00,22.400000000000002,68.7,29.175,openaq_ground
2026-08-13 02:30:00,13.240000000000002,54.7,25.240000000000002,openaq_ground
2026-08-13 03:30:00,13.965,61.525,30.733333333333334,openaq_ground
2026-08-13 04:30:00,10.075,82.675,33.11666666666667,openaq_ground
2026-08-13 05:30:00,7.927499999999999,74.1,28.816666666666666,openaq_ground
2026-08-13 06:30:00,8.764999999999999,75.475,32.5,openaq_ground
2026-08-13 07:30:00,12.75,86.25,36.18333333333333,openaq_ground
2026-08-13 08:30:00,13.0525,84.975,38.25,openaq_ground
2026-08-13 09:30:00,10.5175,43.800000000000004,21.15,openaq_ground
2026-08-13 10:30:00,13.605,36.1,17.433333333333334,openaq_ground
2026-08-13 11:30:00,27.5,38.325,15.223333333333334,openaq_ground
2026-08-13 12:30:00,28.799999999999997,50.275,23.9,openaq_ground
2026-08-13 13:30:00,32.625,57.675,24.433333333333334,openaq_ground
2026-08-13 14:30:00,40.4,63.099999999999994,34.839999999999996,openaq_ground
2026-08-13 15:30:00,45.5,80.875,35.28333333333333,openaq_ground
2026-08-13 16:30:00,43.8,102.275,38.766666666666666,openaq_ground
2026-08-13 17:30:00,46.1925,109.9,47.88333333333333,openaq_ground
2026-08-13 18:30:00,28.15,105.85,50.300000000000004,openaq_ground
2026-08-13 19:30:00,36.550000000000004,106.75,57.93333333333334,openaq_ground
2026-08-13 20:30:00,33.875,136.5,61.1,openaq_ground
2026-08-13 21:30:00,27.5,134.0,57.21666666666667,openaq_ground
2026-08-13 22:30:00,23.83,102.425,36.25,openaq_ground
2026-08-13 23:30:00,19.05,62.8,26.28333333333333,openaq_ground
2026-08-14 00:30:00,22.14,58.825,20.933333333333334,openaq_ground
2026-08-14 01:30:00,18.195,62.5,27.54,openaq_ground
2026-08-14 02:30:00,16.385,75.025,26.666666666666668,openaq_ground
2026-08-14 03:30:00,12.032499999999999,46.3,22.266666666666666,openaq_ground
2026-08-14 04:30:00,12.052500000000002,41.85,20.880000000000003,openaq_ground
2026-08-14 05:30:00,11.1125,62.2,22.28,openaq_ground
2026-08-14 06:30:00,10.1775,57.625,21.779999999999998,openaq_ground
2026-08-14 07:30:00,13.037500000000001,70.95,25.0,openaq_ground
2026-08-14 08:30:00,16.2,35.95,10.175,openaq_ground
2026-08-14 09:30:00,26.8,40.475,13.575,openaq_ground
2026-08-14 10:30:00,28.55,34.025,19.6,openaq_ground
2026-08-14 11:30:00,42.2,75.075,34.7,openaq_ground
2026-08-14 12:30:00,49.375,53.35,28.24,openaq_ground
2026-08-14 13:30:00,56.125,69.65,33.88,openaq_ground
2026-08-14 14:30:00,45.475,83.2,31.54,openaq_ground
2026-08-14 15:30:00,32.2,76.975,38.92,openaq_ground
2026-08-14 16:30:00,32.3,75.575,36.239999999999995,openaq_ground
2026-08-14 17:30:00,33.074999999999996,80.4,40.519999999999996,openaq_ground
2026-08-14 18:30:00,25.375,85.325,42.82000000000001,openaq_ground
2026-08-14 19:30:00,22.225,77.2,44.56,openaq_ground
2026-08-14 20:30:00,19.155,78.6,44.82,openaq_ground
2026-08-14 21:30:00,23.3,89.10000000000001,39.0,openaq_ground
2026-08-14 22:30:00,14.35,78.45,32.4,openaq_ground
2026-08-14 23:30:00,11.3175,79.5,36.88,openaq_ground
2026-08-15 00:30:00,13.772499999999999,75.475,42.08,openaq_ground
2026-08-15 01:30:00,22.025000000000002,91.75,52.36,openaq_ground
2026-08-15 02:30:00,20.3,127.8,67.47999999999999,openaq_ground
2026-08-15 03:30:00,16.46,96.125,56.94,openaq_ground
2026-08-15 04:30:00,15.215,82.25,50.14,openaq_ground
2026-08-15 05:30:00,10.74,79.9,36.160000000000004,openaq_ground
2026-08-15 06:30:00,8.17,68.975,24.44,openaq_ground
2026-08-15 07:30:00,7.4775,46.975,29.6,openaq_ground
2026-08-15 08:30:00,7.0625,60.575,20.9,openaq_ground
2026-08-15 09:30:00,6.81,49.975,22.975,openaq_ground
2026-08-15 10:30:00,6.3999999999999995,52.1,21.35,openaq_ground
2026-08-15 11:30:00,8.0075,65.5,20.919999999999998,openaq_ground
2026-08-15 12:30:00,13.037500000000001,69.7,23.9,openaq_ground
2026-08-15 13:30:00,17.45,67.75,27.380000000000003,openaq_ground
2026-08-15 14:30:00,25.475,69.875,29.96,openaq_ground
2026-08-15 15:30:00,29.35,74.8,34.42,openaq_ground
2026-08-15 16:30:00,32.0,94.125,40.0,openaq_ground
2026-08-15 17:30:00,29.705,94.75,39.739999999999995,openaq_ground
2026-08-15 18:30:00,,,36.05,openaq_ground
2026-08-15 19:30:00,,,31.75,openaq_ground
2026-08-15 20:30:00,,,27.4,openaq_ground
2026-08-15 21:30:00,11.7175,63.525,24.75,openaq_ground
2026-08-15 22:30:00,10.36,52.825,24.1,openaq_ground
2026-08-15 23:30:00,10.495000000000001,52.375,17.425,openaq_ground
2026-08-16 00:30:00,13.3575,56.675,21.575,openaq_ground
2026-08-16 01:30:00,19.032500000000002,59.675,25.225,openaq_ground
2026-08-16 02:30:00,19.257500000000004,69.975,23.674999999999997,openaq_ground
2026-08-16 03:30:00,10.365,69.375,28.35,openaq_ground
2026-08-16 04:30:00,8.18,80.225,28.72,openaq_ground
2026-08-16 05:30:00,8.105,98.25,27.68,openaq_ground
2026-08-16 06:30:00,8.18,97.7,31.8,openaq_ground
2026-08-16 07:30:00,6.9075,102.225,27.660000000000004,openaq_ground
2026-08-16 08:30:00,6.6425,100.3,40.1,openaq_ground
2026-08-16 09:30:00,6.6850000000000005,103.475,33.28333333333333,openaq_ground
2026-08-16 10:30:00,7.470000000000001,101.85,32.03333333333333,openaq_ground
2026-08-16 11:30:00,9.057500000000001,98.45,30.3,openaq_ground
2026-08-16 12:30:00,13.094999999999999,92.8,30.660000000000004,openaq_ground
2026-08-16 13:30:00,18.795,88.975,28.04,openaq_ground
2026-08-16 14:30:00,24.2125,81.875,29.133333333333336,openaq_ground
2026-08-16 15:30:00,30.75,90.55,33.760000000000005,openaq_ground
2026-08-16 16:30:00,25.375,95.025,31.939999999999998,openaq_ground
2026-08-16 17:30:00,26.025,97.925,31.083333333333332,openaq_ground
2026-08-16 18:30:00,29.575,108.775,36.339999999999996,openaq_ground
2026-08-16 19:30:00,23.875,114.825,28.816666666666666,openaq_ground
2026-08-16 20:30:00,,,31.35,openaq_ground
2026-08-16 21:30:00,,,32.2,openaq_ground
2026-08-16 22:30:00,11.49,72.5,25.580000000000002,openaq_ground
2026-08-16 23:30:00,9.0425,66.35,21.740000000000002,openaq_ground
2026-08-17 00:30:00,9.1675,63.425,20.916666666666668,openaq_ground
2026-08-17 01:30:00,8.73,65.7,20.849999999999998,openaq_ground
2026-08-17 02:30:00,9.475,86.6,26.0,openaq_ground
2026-08-17 03:30:00,8.025,89.875,24.175,openaq_ground
2026-08-17 04:30:00,7.3875,109.225,27.96,openaq_ground
2026-08-17 05:30:00,9.75,84.25,26.24,openaq_ground
2026-08-17 06:30:00,6.51,87.0,28.619999999999997,openaq_ground
2026-08-17 07:30:00,6.375,97.975,25.516666666666666,openaq_ground
2026-08-17 08:30:00,6.007499999999999,105.775,32.11666666666667,openaq_ground
2026-08-17 09:30:00,5.3725,96.525,25.866666666666664,openaq_ground
2026-08-17 10:30:00,6.3675,87.0,25.416666666666668,openaq_ground
2026-08-17 11:30:00,7.3374999999999995,79.65,22.0,openaq_ground
2026-08-17 12:30:00,12.0,75.05,20.966666666666665,openaq_ground
2026-08-17 13:30:00,21.5,63.6,22.66,openaq_ground
2026-08-17 14:30:00,23.375,61.95,19.883333333333333,openaq_ground
2026-08-17 15:30:00,23.575,69.8,19.745,openaq_ground
2026-08-17 16:30:00,23.525,73.825,21.349999999999998,openaq_ground
2026-08-17 17:30:00,16.4625,70.875,21.46666666666667,openaq_ground
2026-08-17 18:30:00,18.05,60.725,25.160000000000004,openaq_ground
2026-08-17 19:30:00,11.9775,69.15,21.7,openaq_ground
2026-08-17 20:30:00,7.797499999999999,52.925,17.416666666666668,openaq_ground
2026-08-17 21:30:00,8.75,58.025,16.880000000000003,openaq_ground
2026-08-17 22:30:00,9.735000000000001,57.974999999999994,17.798,openaq_ground
2026-08-17 23:30:00,13.7,62.55,20.0,openaq_ground
2026-08-18 00:30:00,14.4575,60.5,20.3,openaq_ground
2026-08-18 01:30:00,13.945,67.725,18.183333333333334,openaq_ground
2026-08-18 02:30:00,14.012500000000001,73.75,19.67,openaq_ground
2026-08-18 03:30:00,9.495,87.7,20.599999999999998,openaq_ground
2026-08-18 04:30:00,7.272499999999999,98.15,24.5,openaq_ground
2026-08-18 05:30:00,7.115,105.375,28.316666666666666,openaq_ground
2026-08-18 06:30:00,6.7,115.075,36.56,openaq_ground
2026-08-18 07:30:00,6.66,120.1,42.38333333333333,openaq_ground
2026-08-18 08:30:00,7.8725,118.075,45.11666666666667,openaq_ground
2026-08-18 09:30:00,9.105,112.325,33.88333333333333,openaq_ground
2026-08-18 10:30:00,6.415,99.475,32.88333333333333,openaq_ground
2026-08-18 11:30:00,6.71,101.1,30.583333333333332,openaq_ground
2026-08-18 12:30:00,14.069999999999999,102.525,31.439999999999998,openaq_ground
2026-08-18 13:30:00,32.35,129.0,45.72,openaq_ground
2026-08-18 14:30:00,37.25,118.075,43.26666666666667,openaq_ground
2026-08-18 15:30:00,27.5,126.5,40.233333333333334,openaq_ground
2026-08-18 16:30:00,25.825000000000003,112.75,45.11666666666667,openaq_ground
2026-08-18 17:30:00,19.245,103.35,41.36666666666667,openaq_ground
2026-08-18 18:30:00,13.06,63.8,22.259999999999998,openaq_ground
2026-08-18 19:30:00,12.77,59.7,22.55,openaq_ground
2026-08-18 20:30:00,13.955,52.86666666666667,19.4,openaq_ground
2026-08-18 21:30:00,18.6075,46.975,21.900000000000002,openaq_ground
2026-08-18 22:30:00,19.5175,46.5,19.083333333333332,openaq_ground
2026-08-18 23:30:00,19.1875,51.9,18.333333333333332,openaq_ground
2026-08-19 00:30:00,16.26,54.275,28.0,openaq_ground
2026-08-19 01:30:00,18.9375,63.1,33.63333333333333,openaq_ground
2026-08-19 02:30:00,15.7175,87.275,34.85,openaq_ground
2026-08-19 03:30:00,15.712499999999999,96.75,34.36666666666667,openaq_ground
2026-08-19 04:30:00,12.825,116.55,42.73333333333333,openaq_ground
2026-08-19 05:30:00,10.993333333333334,115.9,34.46666666666667,openaq_ground
2026-08-19 06:30:00,7.8375,126.825,38.11666666666667,openaq_ground
2026-08-19 07:30:00,8.209999999999999,147.65,44.96666666666667,openaq_ground
2026-08-19 08:30:00,8.87,137.575,46.26666666666667,openaq_ground
2026-08-19 09:30:00,12.256666666666666,133.0,44.43333333333334,openaq_ground
2026-08-19 10:30:00,11.011750000000001,136.0,47.98333333333333,openaq_ground
2026-08-19 11:30:00,10.129999999999999,123.5,43.6,openaq_ground
2026-08-19 12:30:00,17.733333333333334,112.3,37.61666666666667,openaq_ground
2026-08-19 13:30:00,27.6125,81.5,34.06,openaq_ground
2026-08-19 14:30:00,26.825,83.225,37.03333333333333,openaq_ground
2026-08-19 15:30:00,23.349999999999998,111.35,43.833333333333336,openaq_ground
2026-08-19 16:30:00,22.9,106.3,47.18333333333334,openaq_ground
2026-08-19 17:30:00,25.525000000000002,107.375,45.75,openaq_ground
2026-08-19 18:30:00,25.0075,97.125,42.449999999999996,openaq_ground
2026-08-19 19:30:00,30.2425,89.95,38.53333333333333,openaq_ground
2026-08-19 20:30:00,23.9725,79.65,40.916666666666664,openaq_ground
2026-08-19 21:30:00,12.1075,74.3,38.233333333333334,openaq_ground
2026-08-19 22:30:00,8.87,43.03333333333333,21.16,openaq_ground
2026-08-19 23:30:00,12.686666666666666,31.1,15.683333333333332,openaq_ground
2026-08-20 00:30:00,18.68,33.4,15.526,openaq_ground
2026-08-20 01:30:00,14.675,50.825,23.133333333333336,openaq_ground
2026-08-20 02:30:00,19.333333333333332,66.025,29.433333333333334,openaq_ground
2026-08-20 03:30:00,18.833333333333332,83.05,33.53333333333333,openaq_ground
2026-08-20 04:30:00,12.103333333333333,78.575,32.92,openaq_ground
2026-08-20 05:30:00,11.233333333333334,98.875,39.68333333333333,openaq_ground
2026-08-20 06:30:00,11.446666666666667,116.575,45.199999999999996,openaq_ground
2026-08-20 07:30:00,10.43,124.625,39.13333333333333,openaq_ground
2026-08-20 08:30:00,9.176666666666666,118.825,45.666666666666664,openaq_ground
2026-08-20 09:30:00,13.095,116.775,37.733333333333334,openaq_ground
2026-08-20 10:30:00,10.455,110.0,39.0,openaq_ground
2026-08-20 11:30:00,12.785,137.25,44.61666666666667,openaq_ground
2026-08-20 12:30:00,19.15,118.25,43.916666666666664,openaq_ground
2026-08-20 13:30:00,32.275,111.75,40.13333333333333,openaq_ground
2026-08-20 14:30:00,34.8,121.0,48.833333333333336,openaq_ground
2026-08-20 15:30:00,29.525,103.0,44.6,openaq_ground
2026-08-20 16:30:00,28.325000000000003,110.35,49.03333333333333,openaq_ground
2026-08-20 17:30:00,28.575,102.6,52.28333333333333,openaq_ground
2026-08-20 18:30:00,37.833333333333336,100.56666666666666,54.05,openaq_ground
2026-08-20 19:30:00,21.15,113.85,56.583333333333336,openaq_ground
2026-08-20 20:30:00,23.075,122.75,57.833333333333336,openaq_ground
2026-08-20 21:30:00,25.025,111.0,43.76666666666667,openaq_ground
2026-08-20 22:30:00,16.225,95.25,34.56666666666667,openaq_ground
2026-08-20 23:30:00,11.515,65.85,23.816666666666666,openaq_ground
2026-08-21 00:30:00,11.43,83.025,27.55,openaq_ground
2026-08-21 01:30:00,14.0325,87.1,28.483333333333334,openaq_ground
2026-08-21 02:30:00,12.405000000000001,98.425,28.7,openaq_ground
2026-08-21 03:30:00,12.065,99.85,28.349999999999998,openaq_ground
2026-08-21 04:30:00,11.375,107.85,38.666666666666664,openaq_ground
2026-08-21 05:30:00,10.7975,111.1,37.733333333333334,openaq_ground
2026-08-21 06:30:00,11.41,97.175,30.583333333333332,openaq_ground
2026-08-21 07:30:00,10.399999999999999,73.65,27.666666666666668,openaq_ground
2026-08-21 08:30:00,10.525,102.125,33.5,openaq_ground
2026-08-21 09:30:00,13.2575,93.525,33.35,openaq_ground
2026-08-21 10:30:00,10.647499999999999,69.475,27.133333333333336,openaq_ground
2026-08-21 11:30:00,11.405000000000001,49.875,19.183333333333334,openaq_ground
2026-08-21 12:30:00,15.149999999999999,68.1,27.166666666666668,openaq_ground
2026-08-21 13:30:00,22.65,69.225,27.333333333333332,openaq_ground
2026-08-21 14:30:00,27.025,74.925,32.21666666666667,openaq_ground
2026-08-21 15:30:00,25.725,74.5,31.71666666666667,openaq_ground
2026-08-21 16:30:00,26.725,71.05,29.45,openaq_ground
2026-08-21 17:30:00,30.95,69.375,28.833333333333332,openaq_ground
2026-08-21 18:30:00,25.7,82.4,29.866666666666664,openaq_ground
2026-08-21 19:30:00,26.4,74.1,31.483333333333334,openaq_ground
2026-08-21 20:30:00,28.475,82.625,28.616666666666664,openaq_ground
2026-08-21 21:30:00,12.8475,54.85,19.766666666666666,openaq_ground
2026-08-21 22:30:00,11.9375,26.633333333333336,11.780000000000001,openaq_ground
2026-08-21 23:30:00,13.855,33.375,14.116666666666667,openaq_ground
2026-08-22 00:30:00,11.97,27.775,15.233333333333334,openaq_ground
2026-08-22 01:30:00,15.809999999999999,41.075,20.133333333333333,openaq_ground
2026-08-22 02:30:00,14.84,50.65,24.900000000000002,openaq_ground
2026-08-22 03:30:00,10.2675,66.3,24.933333333333334,openaq_ground
2026-08-22 04:30:00,9.3025,72.275,24.25,openaq_ground
2026-08-22 05:30:00,9.4625,82.275,37.333333333333336,openaq_ground
2026-08-22 06:30:00,8.83,81.95,29.733333333333334,openaq_ground
2026-08-22 07:30:00,10.895000000000001,148.725,31.28,openaq_ground
2026-08-22 08:30:00,8.89,107.325,35.7,openaq_ground
2026-08-22 09:30:00,9.5075,101.775,29.98,openaq_ground
2026-08-22 10:30:00,9.73,101.025,31.7,openaq_ground
2026-08-22 11:30:00,13.432500000000001,84.725,31.380000000000003,openaq_ground
2026-08-22 12:30:00,14.024999999999999,84.0,29.560000000000002,openaq_ground
2026-08-22 13:30:00,19.4275,90.85,30.839999999999996,openaq_ground
2026-08-22 14:30:00,26.2,109.075,39.54,openaq_ground
2026-08-22 15:30:00,28.125,121.05,49.260000000000005,openaq_ground
2026-08-22 16:30:00,22.775,128.5,51.4,openaq_ground
2026-08-22 17:30:00,24.275000000000002,121.75,52.42,openaq_ground
2026-08-22 18:30:00,23.425,120.75,57.06,openaq_ground
2026-08-22 19:30:00,30.175,117.0,48.62,openaq_ground
2026-08-22 20:30:00,,,47.1,openaq_ground
2026-08-22 21:30:00,14.6975,108.0,48.08,openaq_ground
2026-08-22 22:30:00,15.967500000000001,107.5,56.42,openaq_ground
2026-08-22 23:30:00,19.95,103.1,52.660000000000004,openaq_ground
2026-08-23 00:30:00,10.7425,73.525,31.74,openaq_ground
2026-08-23 01:30:00,15.175,36.6,25.7,openaq_ground
2026-08-23 02:30:00,13.9825,38.525,25.78,openaq_ground
2026-08-23 03:30:00,10.727500000000001,40.075,22.080000000000002,openaq_ground
2026-08-23 04:30:00,9.955,44.075,24.54,openaq_ground
2026-08-23 05:30:00,12.7375,29.366666666666664,24.275,openaq_ground
2026-08-23 06:30:00,11.8,39.733333333333334,25.65,openaq_ground
2026-08-23 07:30:00,10.8325,52.375,32.56666666666667,openaq_ground
2026-08-23 08:30:00,9.215,74.85,41.266666666666666,openaq_ground
2026-08-23 09:30:00,7.5,101.675,45.383333333333326,openaq_ground
2026-08-23 10:30:00,7.3325,102.9,41.96666666666667,openaq_ground
2026-08-23 11:30:00,9.7225,102.225,43.48333333333333,openaq_ground
2026-08-23 12:30:00,17.525,87.95,37.1,openaq_ground
2026-08-23 13:30:00,27.95,75.55,30.0,openaq_ground
2026-08-23 14:30:00,33.6,72.6,34.233333333333334,openaq_ground
2026-08-23 15:30:00,31.275,77.8,36.71666666666667,openaq_ground
2026-08-23 16:30:00,34.4,86.45,36.083333333333336,openaq_ground
2026-08-23 17:30:00,33.275,91.375,43.550000000000004,openaq_ground
2026-08-23 18:30:00,29.0,93.525,43.1,openaq_ground
2026-08-23 19:30:00,28.575000000000003,95.45,43.5,openaq_ground
2026-08-23 20:30:00,26.15,107.1,40.73333333333333,openaq_ground
2026-08-23 21:30:00,25.525000000000002,100.275,46.56,openaq_ground
2026-08-23 22:30:00,20.75,95.75,43.300000000000004,openaq_ground
2026-08-23 23:30:00,24.325,100.9,40.11666666666667,openaq_ground
2026-08-24 00:30:00,28.15,104.1,47.01666666666667,openaq_ground
2026-08-24 01:30:00,33.65,110.375,54.53333333333333,openaq_ground
2026-08-24 02:30:00,38.925,146.65,59.26666666666667,openaq_ground
2026-08-24 03:30:00,19.5,146.5,53.96666666666667,openaq_ground
2026-08-24 04:30:00,14.040000000000001,123.125,45.78333333333333,openaq_ground
2026-08-24 05:30:00,13.16,111.125,38.483333333333334,openaq_ground
2026-08-24 06:30:00,11.5225,45.925,22.09166666666667,openaq_ground
2026-08-24 07:30:00,18.142500000000002,25.266666666666666,12.4375,openaq_ground
2026-08-24 08:30:00,23.3,30.475,14.548333333333334,openaq_ground
2026-08-24 09:30:00,28.875,31.7,20.166,openaq_ground
2026-08-24 10:30:00,24.9,51.675,35.016666666666666,openaq_ground
2026-08-24 11:30:00,24.85,63.2,40.1,openaq_ground
2026-08-24 12:30:00,26.349999999999998,72.05,46.583333333333336,openaq_ground
2026-08-24 13:30:00,35.85,74.23333333333333,48.660000000000004,openaq_ground
2026-08-24 14:30:00,38.625,77.775,49.65,openaq_ground
2026-08-24 15:30:00,37.6,85.525,46.38333333333333,openaq_ground
2026-08-24 16:30:00,36.5,87.55,51.73333333333333,openaq_ground
2026-08-24 17:30:00,29.025,91.43333333333334,56.220000000000006,openaq_ground
2026-08-24 18:30:00,27.075000000000003,85.725,56.68333333333334,openaq_ground
2026-08-24 19:30:00,29.875,108.875,67.53999999999999,openaq_ground
2026-08-24 20:30:00,27.9,139.25,94.36,openaq_ground
2026-08-24 21:30:00,22.875,138.25,94.66666666666667,openaq_ground
2026-08-24 22:30:00,21.5,120.1,82.73333333333333,openaq_ground
2026-08-24 23:30:00,17.985,83.6,66.66666666666667,openaq_ground
2026-08-25 00:30:00,16.62,94.4,62.71666666666667,openaq_ground
2026-08-25 01:30:00,12.6,36.166666666666664,21.96,openaq_ground
2026-08-25 02:30:00,19.4575,22.400000000000002,18.14,openaq_ground
2026-08-25 03:30:00,19.45,32.875,26.68,openaq_ground
2026-08-25 04:30:00,21.875,69.075,41.18333333333333,openaq_ground
2026-08-25 05:30:00,20.975,45.45,31.46666666666667,openaq_ground
2026-08-25 06:30:00,21.5475,80.075,41.03333333333333,openaq_ground
2026-08-25 07:30:00,21.15,114.775,48.900000000000006,openaq_ground
2026-08-25 08:30:00,21.05,109.85,57.800000000000004,openaq_ground
2026-08-25 09:30:00,18.7675,141.25,60.76666666666667,openaq_ground
2026-08-25 10:30:00,15.95,71.925,40.15,openaq_ground
2026-08-25 11:30:00,20.425,51.35,28.616666666666664,openaq_ground
2026-08-25 12:30:00,23.475,48.45,25.21666666666667,openaq_ground
2026-08-25 13:30:00,30.65,45.025,20.516666666666666,openaq_ground
2026-08-25 14:30:00,38.175,42.65,26.26,openaq_ground
2026-08-25 15:30:00,37.075,46.95,33.583333333333336,openaq_ground
2026-08-25 16:30:00,29.275,55.75,30.266666666666666,openaq_ground
2026-08-25 17:30:00,30.375,61.13333333333333,28.983333333333334,openaq_ground
2026-08-25 18:30:00,34.6,85.275,36.38333333333333,openaq_ground
2026-08-25 19:30:00,24.075,78.125,32.516666666666666,openaq_ground
2026-08-25 20:30:00,23.299999999999997,63.7,34.61666666666667,openaq_ground
2026-08-25 21:30:00,22.65,67.825,25.03333333333333,openaq_ground
2026-08-25 22:30:00,19.622500000000002,61.075,34.6,openaq_ground
2026-08-25 23:30:00,19.0975,65.725,29.03333333333333,openaq_ground
2026-08-26 00:30:00,21.6,65.925,28.483333333333334,openaq_ground
2026-08-26 01:30:00,25.25,79.575,36.833333333333336,openaq_ground
2026-08-26 02:30:00,33.075,86.575,54.5,openaq_ground
2026-08-26 03:30:00,24.6,96.875,58.76666666666667,openaq_ground
2026-08-26 04:30:00,22.075,83.925,50.53333333333333,openaq_ground
2026-08-26 05:30:00,15.342500000000001,105.325,71.08333333333333,openaq_ground
2026-08-26 06:30:00,12.7275,101.15,62.46666666666667,openaq_ground
2026-08-26 07:30:00,10.435,123.95,61.11666666666667,openaq_ground
2026-08-26 08:30:00,13.325000000000001,88.95,54.1,openaq_ground
2026-08-26 09:30:00,17.08,123.5,68.86666666666666,openaq_ground
2026-08-26 10:30:00,17.45,102.0,60.449999999999996,openaq_ground
2026-08-26 11:30:00,16.7,87.55,50.63333333333333,openaq_ground
2026-08-26 12:30:00,21.4,87.925,53.23333333333333,openaq_ground
2026-08-26 13:30:00,36.275,101.375,59.06666666666666,openaq_ground
2026-08-26 14:30:00,35.35,103.575,54.86666666666667,openaq_ground
2026-08-26 15:30:00,34.3,106.775,55.35,openaq_ground
2026-08-26 16:30:00,27.45,103.175,56.35,openaq_ground
2026-08-26 17:30:00,22.425,90.35,47.949999999999996,openaq_ground
2026-08-26 18:30:00,28.125,91.875,52.98333333333333,openaq_ground
2026-08-26 19:30:00,25.849999999999998,103.0,50.4,openaq_ground
2026-08-26 20:30:00,26.425,93.05,45.23333333333333,openaq_ground
2026-08-26 21:30:00,27.025,99.9,42.43333333333333,openaq_ground
2026-08-26 22:30:00,25.025,92.85,44.13333333333333,openaq_ground
2026-08-26 23:30:00,21.175,92.925,42.35,openaq_ground
2026-08-27 00:30:00,19.7,87.05,37.016666666666666,openaq_ground
2026-08-27 01:30:00,23.475,87.075,36.6,openaq_ground
2026-08-27 02:30:00,17.27,99.375,42.55,openaq_ground
2026-08-27 03:30:00,13.2,108.85,37.949999999999996,openaq_ground
2026-08-27 04:30:00,15.033333333333333,129.75,42.31666666666667,openaq_ground
2026-08-27 05:30:00,18.4,148.25,41.916666666666664,openaq_ground
2026-08-27 06:30:00,21.975,156.25,44.53333333333333,openaq_ground
2026-08-27 07:30:00,16.325,175.0,56.32000000000001,openaq_ground
2026-08-27 08:30:00,19.475,186.25,69.68333333333334,openaq_ground
2026-08-27 09:30:00,,,60.7,openaq_ground
2026-08-27 10:30:00,,,51.8,openaq_ground
2026-08-27 11:30:00,,,49.6,openaq_ground
2026-08-27 12:30:00,,,50.9,openaq_ground
2026-08-27 13:30:00,,,49.7,openaq_ground
2026-08-27 14:30:00,,,64.75,openaq_ground
2026-08-27 15:30:00,,,67.05,openaq_ground
2026-08-27 16:30:00,,,78.9,openaq_ground
2026-08-27 17:30:00,,,66.3,openaq_ground
2026-08-27 18:30:00,,,60.45,openaq_ground
2026-08-27 19:30:00,,,52.2,openaq_ground
2026-08-27 20:30:00,,,47.5,openaq_ground
2026-08-27 21:30:00,,,44.25,openaq_ground
2026-08-27 22:30:00,,,43.55,openaq_ground
2026-08-27 23:30:00,,,35.65,openaq_ground
2026-08-28 00:30:00,,,37.0,openaq_ground
2026-08-28 01:30:00,,,33.7,openaq_ground
2026-08-28 02:30:00,,,35.0,openaq_ground
2026-08-28 03:30:00,,,33.15,openaq_ground
2026-08-28 04:30:00,,,36.7,openaq_ground
2026-08-28 05:30:00,,,36.05,openaq_ground
2026-08-28 06:30:00,,,30.1,openaq_ground
2026-08-28 07:30:00,,,34.35,openaq_ground
2026-08-28 08:30:00,,,34.6,openaq_ground
2026-08-28 09:30:00,,,30.7,openaq_ground
2026-08-28 10:30:00,,,32.1,openaq_ground
2026-08-28 11:30:00,,,30.8,openaq_ground
2026-08-28 12:30:00,,,34.4,openaq_ground
2026-08-28 13:30:00,,,36.3,openaq_ground
2026-08-28 14:30:00,,,43.3,openaq_ground
2026-08-28 15:30:00,,,50.15,openaq_ground
2026-08-28 16:30:00,,,51.1,openaq_ground
2026-08-28 17:30:00,24.3,125.75,36.63333333333333,openaq_ground
2026-08-28 18:30:00,25.925,124.75,36.699999999999996,openaq_ground
2026-08-28 19:30:00,24.349999999999998,114.5,31.633333333333336,openaq_ground
2026-08-28 20:30:00,16.175,91.625,24.516666666666666,openaq_ground
2026-08-28 21:30:00,15.65,80.4,23.916666666666668,openaq_ground
2026-08-28 22:30:00,14.075,79.975,24.71666666666667,openaq_ground
2026-08-28 23:30:00,14.05,77.94999999999999,23.53333333333333,openaq_ground
2026-08-29 00:30:00,15.0525,77.075,20.18,openaq_ground
2026-08-29 01:30:00,,,28.05,openaq_ground
2026-08-29 02:30:00,,,27.45,openaq_ground
2026-08-29 03:30:00,,,26.55,openaq_ground
2026-08-29 04:30:00,,,26.6,openaq_ground
2026-08-29 05:30:00,,,23.65,openaq_ground
2026-08-29 06:30:00,,,30.8,openaq_ground
2026-08-29 07:30:00,,,31.05,openaq_ground
2026-08-29 08:30:00,,,29.5,openaq_ground
2026-08-29 09:30:00,,,26.95,openaq_ground
2026-08-29 10:30:00,,,23.25,openaq_ground
2026-08-29 11:30:00,,,25.25,openaq_ground
2026-08-29 12:30:00,,,26.45,openaq_ground
2026-08-29 13:30:00,,,29.9,openaq_ground
2026-08-29 14:30:00,,,46.25,openaq_ground
2026-08-29 15:30:00,,,46.85,openaq_ground
2026-08-29 16:30:00,,,44.5,openaq_ground
2026-08-29 17:30:00,,,42.95,openaq_ground
2026-08-29 18:30:00,,,45.8,openaq_ground
2026-08-29 19:30:00,,,38.2,openaq_ground
2026-08-29 20:30:00,,,32.5,openaq_ground
2026-08-29 21:30:00,,,24.45,openaq_ground
2026-08-29 22:30:00,,,19.55,openaq_ground
2026-08-29 23:30:00,,,21.35,openaq_ground
2026-08-30 00:30:00,10.135,75.725,14.096666666666666,openaq_ground
2026-08-30 01:30:00,8.8225,81.2,17.683333333333334,openaq_ground
2026-08-30 02:30:00,7.0725,88.075,20.483333333333334,openaq_ground
2026-08-30 03:30:00,5.4275,107.025,26.100000000000005,openaq_ground
2026-08-30 04:30:00,6.395,128.25,22.375,openaq_ground
2026-08-30 05:30:00,6.205,134.5,22.0,openaq_ground
2026-08-30 06:30:00,6.8475,143.0,25.583333333333332,openaq_ground
2026-08-30 07:30:00,7.1275,148.25,28.099999999999998,openaq_ground
2026-08-30 08:30:00,6.5125,150.5,29.316666666666666,openaq_ground
2026-08-30 09:30:00,8.975,157.75,30.900000000000002,openaq_ground
2026-08-30 10:30:00,11.085,148.0,27.083333333333332,openaq_ground
2026-08-30 11:30:00,15.84,141.5,21.158333333333335,openaq_ground
2026-08-30 12:30:00,21.55,130.75,22.166666666666668,openaq_ground
2026-08-30 13:30:00,27.299999999999997,114.825,22.650000000000002,openaq_ground
2026-08-30 14:30:00,31.0,119.35,27.266666666666666,openaq_ground
2026-08-30 15:30:00,28.75,120.55,31.28333333333333,openaq_ground
2026-08-30 16:30:00,20.0,108.6,29.916666666666668,openaq_ground
2026-08-30 17:30:00,18.375,96.025,25.7,openaq_ground
2026-08-30 18:30:00,23.45,85.725,27.666666666666668,openaq_ground
2026-08-30 19:30:00,21.749999999999996,88.15,28.95,openaq_ground
2026-08-30 20:30:00,18.0275,83.95,23.583333333333332,openaq_ground
2026-08-30 21:30:00,18.8625,81.375,22.72,openaq_ground
2026-08-30 22:30:00,17.125,78.7,20.21,openaq_ground
2026-08-30 23:30:00,12.6025,64.075,16.419999999999998,openaq_ground
2026-08-31 00:30:00,11.615,66.35,15.219999999999999,openaq_ground
2026-08-31 01:30:00,12.27,75.55,19.830000000000002,openaq_ground
2026-08-31 02:30:00,10.89,93.875,19.29,openaq_ground
2026-08-31 03:30:00,9.175,102.325,19.119999999999997,openaq_ground
2026-08-31 04:30:00,7.5225,137.025,23.259999999999998,openaq_ground
2026-08-31 05:30:00,8.092500000000001,129.75,26.5,openaq_ground
2026-08-31 06:30:00,9.1325,133.75,26.691666666666666,openaq_ground
2026-08-31 07:30:00,7.465,135.75,23.125,openaq_ground
2026-08-31 08:30:00,7.3149999999999995,143.0,26.84166666666667,openaq_ground
2026-08-31 09:30:00,8.5975,140.5,27.28333333333333,openaq_ground
2026-08-31 10:30:00,10.25,139.25,25.683333333333334,openaq_ground
2026-08-31 11:30:00,12.8525,131.25,29.733333333333334,openaq_ground
2026-08-31 12:30:00,22.475,119.25,30.941666666666663,openaq_ground
2026-08-31 13:30:00,30.8,97.425,25.400000000000002,openaq_ground
2026-08-31 14:30:00,30.9,92.82499999999999,27.349999999999998,openaq_ground
2026-08-31 15:30:00,30.45,93.475,30.766666666666666,openaq_ground
2026-08-31 16:30:00,30.575,92.65,30.150000000000002,openaq_ground
2026-08-31 17:30:00,31.0,99.5,31.349999999999998,openaq_ground
2026-08-31 18:30:00,38.449999999999996,104.5,31.116666666666664,openaq_ground
2026-08-31 19:30:00,36.525,113.2,30.049999999999997,openaq_ground
2026-08-31 20:30:00,28.625,95.5,25.849999999999998,openaq_ground
2026-08-31 21:30:00,24.05,79.725,19.34,openaq_ground
2026-08-31 22:30:00,21.925,76.35,20.95,openaq_ground
2026-08-31 23:30:00,15.85,70.44999999999999,19.241666666666667,openaq_ground
2026-09-01 00:30:00,13.377500000000001,68.55,17.783333333333335,openaq_ground
2026-09-01 01:30:00,11.09,76.775,17.783333333333335,openaq_ground
2026-09-01 02:30:00,10.95,88.8,18.650000000000002,openaq_ground
2026-09-01 03:30:00,9.67,109.55,22.733333333333334,openaq_ground
2026-09-01 04:30:00,9.2475,106.425,26.63333333333333,openaq_ground
2026-09-01 05:30:00,10.4825,120.075,26.46666666666667,openaq_ground
2026-09-01 06:30:00,9.375,111.825,23.866666666666664,openaq_ground
2026-09-01 07:30:00,10.5925,128.6,28.880000000000003,openaq_ground
2026-09-01 08:30:00,9.9675,125.775,30.25,openaq_ground
2026-09-01 09:30:00,11.05,110.6,26.066666666666666,openaq_ground
2026-09-01 10:30:00,15.5575,119.05,29.400000000000002,openaq_ground
2026-09-01 11:30:00,20.375,125.025,32.35,openaq_ground
2026-09-01 12:30:00,25.375,111.375,31.8,openaq_ground
2026-09-01 13:30:00,27.825000000000003,69.2,23.541666666666668,openaq_ground
2026-09-01 14:30:00,25.0,48.875,21.816666666666666,openaq_ground
2026-09-01 15:30:00,25.975,46.9,18.733333333333334,openaq_ground
2026-09-01 16:30:00,28.825,49.925,19.333333333333332,openaq_ground
2026-09-01 17:30:00,29.7275,47.974999999999994,17.533333333333335,openaq_ground
2026-09-01 18:30:00,30.6,48.1,16.408333333333335,openaq_ground
2026-09-01 19:30:00,28.225,57.825,20.683333333333334,openaq_ground
2026-09-01 20:30:00,29.85,59.225,24.25,openaq_ground
2026-09-01 21:30:00,27.475,63.4,28.96,openaq_ground
2026-09-01 22:30:00,24.049999999999997,71.95,29.95,openaq_ground
2026-09-01 23:30:00,20.3,82.5,33.916666666666664,openaq_ground
2026-09-02 00:30:00,18.975,82.2,41.333333333333336,openaq_ground
2026-09-02 01:30:00,20.725,87.975,45.31666666666666,openaq_ground
2026-09-02 02:30:00,24.825,102.45,54.26666666666667,openaq_ground
2026-09-02 03:30:00,21.975,102.125,40.06666666666667,openaq_ground
2026-09-02 04:30:00,16.599999999999998,91.2,42.38333333333333,openaq_ground
2026-09-02 05:30:00,13.69,71.15,32.15,openaq_ground
2026-09-02 06:30:00,14.945,59.675,16.98,openaq_ground
2026-09-02 07:30:00,14.1,49.1,12.049999999999999,openaq_ground
2026-09-02 08:30:00,15.8,47.9,16.033333333333335,openaq_ground
2026-09-02 09:30:00,15.504999999999999,48.925,17.233333333333334,openaq_ground
2026-09-02 10:30:00,15.3925,54.45,21.02,openaq_ground
2026-09-02 11:30:00,16.8,54.8,19.05,openaq_ground
2026-09-02 12:30:00,16.6725,51.599999999999994,21.275,openaq_ground
2026-09-02 13:30:00,21.6,52.474999999999994,23.55,openaq_ground
2026-09-02 14:30:00,23.825,55.55,16.786,openaq_ground
2026-09-02 15:30:00,23.35,48.5,19.86,openaq_ground
2026-09-02 16:30:00,24.625,47.475,24.025,openaq_ground
2026-09-02 17:30:00,26.875,50.849999999999994,27.5,openaq_ground
2026-09-02 18:30:00,25.675,52.225,27.625,openaq_ground
2026-09-02 19:30:00,21.75,50.6,18.5,openaq_ground
2026-09-02 20:30:00,22.975,42.6,18.849999999999998,openaq_ground
2026-09-02 21:30:00,20.0,40.15,16.496666666666666,openaq_ground
2026-09-02 22:30:00,19.175,40.025,21.759999999999998,openaq_ground
2026-09-02 23:30:00,19.2,40.525,20.44,openaq_ground
2026-09-03 00:30:00,17.85,40.925,19.916666666666668,openaq_ground
2026-09-03 01:30:00,23.6,55.2,22.06,openaq_ground
2026-09-03 02:30:00,27.1,90.3,43.6,openaq_ground
2026-09-03 03:30:00,24.200000000000003,99.525,41.983333333333334,openaq_ground
2026-09-03 04:30:00,21.5725,80.8,30.625,openaq_ground
2026-09-03 05:30:00,11.620000000000001,65.9,21.78333333333333,openaq_ground
2026-09-03 06:30:00,19.955,51.725,21.666666666666668,openaq_ground
2026-09-03 07:30:00,19.866666666666667,62.75,26.291666666666668,openaq_ground
2026-09-03 08:30:00,14.286666666666667,51.099999999999994,20.108333333333334,openaq_ground
2026-09-03 09:30:00,14.110000000000001,55.5,22.919999999999998,openaq_ground
2026-09-03 10:30:00,14.446666666666667,51.56666666666666,21.78,openaq_ground
2026-09-03 11:30:00,15.816666666666668,46.13333333333333,15.280000000000001,openaq_ground
2026-09-03 12:30:00,28.700000000000003,42.699999999999996,12.666,openaq_ground
2026-09-03 13:30:00,34.333333333333336,45.666666666666664,11.82,openaq_ground
2026-09-03 14:30:00,32.13333333333333,42.13333333333333,13.516,openaq_ground
2026-09-03 15:30:00,28.0,48.56666666666666,17.14,openaq_ground
2026-09-03 16:30:00,27.5,44.5,19.7,openaq_ground
2026-09-03 17:30:00,30.866666666666664,39.4,18.72,openaq_ground
2026-09-03 18:30:00,30.099999999999998,41.03333333333333,17.22,openaq_ground
2026-09-03 19:30:00,28.833333333333332,34.833333333333336,17.169999999999998,openaq_ground
2026-09-03 20:30:00,25.605,39.775,17.72,openaq_ground
2026-09-03 21:30:00,19.4625,42.325,21.02,openaq_ground
2026-09-03 22:30:00,15.795,39.15,21.22,openaq_ground
2026-09-03 23:30:00,17.1225,39.475,23.94,openaq_ground
2026-09-04 00:30:00,19.134999999999998,39.675,19.48,openaq_ground
2026-09-04 01:30:00,17.775,44.675,19.566666666666666,openaq_ground
2026-09-04 02:30:00,16.925,46.975,19.708333333333332,openaq_ground
2026-09-04 03:30:00,11.63,42.699999999999996,16.099999999999998,openaq_ground
2026-09-04 04:30:00,10.535,48.025,17.224999999999998,openaq_ground
2026-09-04 05:30:00,16.432499999999997,62.3,28.733333333333334,openaq_ground
2026-09-04 06:30:00,22.255,60.175,31.916666666666668,openaq_ground
2026-09-04 07:30:00,16.7675,73.675,31.2,openaq_ground
2026-09-04 08:30:00,15.08,78.2,35.833333333333336,openaq_ground
2026-09-04 09:30:00,12.28,69.95,32.0,openaq_ground
2026-09-04 10:30:00,20.0625,25.225,11.225,openaq_ground
2026-09-04 11:30:00,29.5,30.366666666666664,8.639999999999999,openaq_ground
2026-09-04 12:30:00,33.6,27.03333333333333,10.010000000000002,openaq_ground
2026-09-04 13:30:00,36.075,24.5,12.9,openaq_ground
2026-09-04 14:30:00,42.05,32.45,19.133333333333333,openaq_ground
2026-09-04 15:30:00,28.5,39.15,24.95,openaq_ground
2026-09-04 16:30:00,25.475,34.05,24.275000000000002,openaq_ground
2026-09-04 17:30:00,27.15,39.625,25.683333333333334,openaq_ground
2026-09-04 18:30:00,24.35,30.075,23.883333333333336,openaq_ground
2026-09-04 19:30:00,23.400000000000002,35.05,22.616666666666664,openaq_ground
2026-09-04 20:30:00,22.75,47.225,25.25,openaq_ground
2026-09-04 21:30:00,19.825,40.25,23.266666666666666,openaq_ground
2026-09-04 22:30:00,15.4975,36.725,19.016666666666666,openaq_ground
2026-09-04 23:30:00,17.5875,31.7,17.366666666666667,openaq_ground
2026-09-05 00:30:00,16.34,28.5,15.950000000000001,openaq_ground
2026-09-05 01:30:00,18.6375,30.475,18.25,openaq_ground
2026-09-05 02:30:00,20.975,37.4,19.7,openaq_ground
2026-09-05 03:30:00,21.95,54.95,28.766666666666666,openaq_ground
2026-09-05 04:30:00,21.240000000000002,41.900000000000006,21.78333333333333,openaq_ground
2026-09-05 05:30:00,27.1,22.4125,12.311666666666667,openaq_ground
2026-09-05 06:30:00,32.6,20.4625,13.35,openaq_ground
2026-09-05 07:30:00,32.35,31.525,21.058333333333334,openaq_ground
2026-09-05 08:30:00,31.775,50.125,31.549999999999997,openaq_ground
2026-09-05 09:30:00,22.5,52.775,33.28333333333333,openaq_ground
2026-09-05 10:30:00,22.84,36.95,22.96,openaq_ground
2026-09-05 11:30:00,22.655,18.46666666666667,13.586000000000002,openaq_ground
2026-09-05 12:30:00,23.95,29.95,18.258333333333336,openaq_ground
2026-09-05 13:30:00,24.2,31.7,16.116666666666667,openaq_ground
2026-09-05 14:30:00,26.799999999999997,32.833333333333336,19.55,openaq_ground
2026-09-05 15:30:00,28.275,41.55,19.71666666666667,openaq_ground
2026-09-05 16:30:00,24.525,39.975,17.866666666666667,openaq_ground
2026-09-05 17:30:00,26.075,45.224999999999994,21.05,openaq_ground
2026-09-05 18:30:00,26.475,49.375,25.825,openaq_ground
2026-09-05 19:30:00,26.525,55.5,26.691666666666666,openaq_ground
2026-09-05 20:30:00,22.825,51.225,20.6,openaq_ground
2026-09-05 21:30:00,17.875,45.3,21.119999999999997,openaq_ground
2026-09-05 22:30:00,21.975,47.975,21.509999999999998,openaq_ground
2026-09-05 23:30:00,21.849999999999998,49.1,18.64,openaq_ground
2026-09-06 00:30:00,21.650000000000002,52.3,22.6,openaq_ground
2026-09-06 01:30:00,20.575,58.3,31.860000000000003,openaq_ground
2026-09-06 02:30:00,22.9,57.15,32.86,openaq_ground
2026-09-06 03:30:00,27.375,63.35,37.4,openaq_ground
2026-09-06 04:30:00,16.2625,43.875,25.73,openaq_ground
2026-09-06 05:30:00,13.2625,28.9875,19.839999999999996,openaq_ground
2026-09-06 06:30:00,12.065,15.9375,8.675,openaq_ground
2026-09-06 07:30:00,11.7075,5.0,13.758,openaq_ground
2026-09-06 08:30:00,14.4,7.25,17.162,openaq_ground
2026-09-06 09:30:00,15.385,25.5,28.899999999999995,openaq_ground
2026-09-06 10:30:00,12.3675,16.98,14.92,openaq_ground
2026-09-06 11:30:00,16.544999999999998,20.966666666666665,18.1475,openaq_ground
2026-09-06 12:30:00,17.1575,25.925,18.0,openaq_ground
2026-09-06 13:30:00,22.310000000000002,31.75,20.55,openaq_ground
2026-09-06 14:30:00,23.45,38.65,22.4,openaq_ground
2026-09-06 15:30:00,23.724999999999998,51.45,24.46,openaq_ground
2026-09-06 16:30:00,21.6,60.925,22.516666666666666,openaq_ground
2026-09-06 17:30:00,21.325,68.27499999999999,23.224999999999998,openaq_ground
2026-09-06 18:30:00,18.29,72.9,28.2,openaq_ground
2026-09-06 19:30:00,15.9875,74.0,29.21666666666667,openaq_ground
2026-09-06 20:30:00,15.6975,75.525,30.883333333333336,openaq_ground
2026-09-06 21:30:00,20.7875,79.675,31.76666666666667,openaq_ground
2026-09-06 22:30:00,20.465,77.575,31.28333333333333,openaq_ground
2026-09-06 23:30:00,17.64,70.775,28.7,openaq_ground
2026-09-07 00:30:00,18.017500000000002,69.5,30.25,openaq_ground
2026-09-07 01:30:00,36.5,86.025,38.06666666666667,openaq_ground
2026-09-07 02:30:00,38.275,99.6,47.15,openaq_ground
2026-09-07 03:30:00,26.925,77.65,40.074999999999996,openaq_ground
2026-09-07 04:30:00,20.575,66.25,37.7,openaq_ground
2026-09-07 05:30:00,18.2275,97.025,42.25,openaq_ground
2026-09-07 06:30:00,16.505,120.025,55.78333333333333,openaq_ground
2026-09-07 07:30:00,15.545,114.35,54.199999999999996,openaq_ground
2026-09-07 08:30:00,16.21,102.425,45.81666666666666,openaq_ground
2026-09-07 09:30:00,15.85,104.8,42.98333333333333,openaq_ground
2026-09-07 10:30:00,16.225,111.975,45.916666666666664,openaq_ground
2026-09-07 11:30:00,20.8,106.475,43.98333333333333,openaq_ground
2026-09-07 12:30:00,33.7,104.025,42.46666666666667,openaq_ground
2026-09-07 13:30:00,43.2,101.725,39.46666666666667,openaq_ground
2026-09-07 14:30:00,44.25,111.0,50.51666666666667,openaq_ground
2026-09-07 15:30:00,44.225,117.25,58.18333333333333,openaq_ground
2026-09-07 16:30:00,45.1,125.5,56.06666666666666,openaq_ground
2026-09-07 17:30:00,38.1,111.675,38.06666666666667,openaq_ground
2026-09-07 18:30:00,40.25,103.95,31.900000000000002,openaq_ground
2026-09-07 19:30:00,20.794999999999998,82.925,24.71666666666667,openaq_ground
2026-09-07 20:30:00,20.700000000000003,52.825,18.134,openaq_ground
2026-09-07 21:30:00,22.125,57.724999999999994,17.256,openaq_ground
2026-09-07 22:30:00,22.174999999999997,53.825,16.216666666666665,openaq_ground
2026-09-07 23:30:00,23.425,52.7,18.57,openaq_ground
2026-09-08 00:30:00,30.175,54.25,18.425,openaq_ground
2026-09-08 01:30:00,26.375,62.075,19.15833333333333,openaq_ground
2026-09-08 02:30:00,21.2,71.45,20.683333333333334,openaq_ground
2026-09-08 03:30:00,15.58,89.45,24.241666666666664,openaq_ground
2026-09-08 04:30:00,13.295,100.225,26.25833333333333,openaq_ground
2026-09-08 05:30:00,11.4725,100.0,27.716666666666665,openaq_ground
2026-09-08 06:30:00,11.22,112.575,30.349999999999998,openaq_ground
2026-09-08 07:30:00,9.8075,119.675,34.68333333333333,openaq_ground
2026-09-08 08:30:00,11.63,123.4,33.300000000000004,openaq_ground
2026-09-08 09:30:00,10.7025,121.0,29.816666666666666,openaq_ground
2026-09-08 10:30:00,11.157499999999999,122.75,25.0,openaq_ground
2026-09-08 11:30:00,16.2325,122.0,24.599999999999998,openaq_ground
2026-09-08 12:30:00,24.525000000000002,125.5,26.466666666666665,openaq_ground
2026-09-08 13:30:00,32.6,121.75,26.566666666666666,openaq_ground
2026-09-08 14:30:00,,,36.7,openaq_ground
2026-09-08 15:30:00,,,50.4,openaq_ground
2026-09-08 16:30:00,,,54.15,openaq_ground
2026-09-08 17:30:00,30.9,117.75,35.483333333333334,openaq_ground
2026-09-08 18:30:00,29.8,116.25,37.266666666666666,openaq_ground
2026-09-08 19:30:00,32.650000000000006,130.0,37.916666666666664,openaq_ground
2026-09-08 20:30:00,31.175,127.25,36.85,openaq_ground
2026-09-08 21:30:00,27.65,123.25,36.11666666666667,openaq_ground
2026-09-08 22:30:00,26.35,104.8,25.333333333333332,openaq_ground
2026-09-08 23:30:00,22.25,88.275,20.5,openaq_ground
2026-09-09 00:30:00,20.825,74.925,21.34,openaq_ground
2026-09-09 01:30:00,13.684999999999999,78.35,22.1,openaq_ground
2026-09-09 02:30:00,10.326666666666666,92.03333333333335,22.189999999999998,openaq_ground
2026-09-09 03:30:00,9.926666666666668,92.86666666666667,27.089999999999996,openaq_ground
2026-09-09 04:30:00,11.075,108.85,26.02,openaq_ground
2026-09-09 05:30:00,12.385,117.75,28.939999999999998,openaq_ground
2026-09-09 06:30:00,12.6725,118.0,29.869999999999997,openaq_ground
2026-09-09 07:30:00,9.84,112.025,23.82,openaq_ground
2026-09-09 08:30:00,9.08,112.875,19.575,openaq_ground
2026-09-09 09:30:00,9.5325,114.575,22.108333333333334,openaq_ground
2026-09-09 10:30:00,11.4875,122.975,27.349999999999998,openaq_ground
2026-09-09 11:30:00,19.3,125.0,26.916666666666668,openaq_ground
2026-09-09 12:30:00,31.200000000000003,114.0,23.03333333333333,openaq_ground
2026-09-09 13:30:00,39.1,110.825,25.599999999999998,openaq_ground
2026-09-09 14:30:00,36.85,114.375,34.78333333333333,openaq_ground
2026-09-09 15:30:00,38.225,117.8,37.083333333333336,openaq_ground
2026-09-09 16:30:00,36.05,130.25,39.43333333333333,openaq_ground
2026-09-09 17:30:00,31.85,132.0,43.699999999999996,openaq_ground
2026-09-09 18:30:00,29.575000000000003,120.5,39.449999999999996,openaq_ground
2026-09-09 19:30:00,31.725,123.0,40.35,openaq_ground
2026-09-09 20:30:00,33.9,133.25,40.6,openaq_ground
2026-09-09 21:30:00,35.1,140.0,41.56666666666667,openaq_ground
2026-09-09 22:30:00,36.375,136.75,41.11666666666667,openaq_ground
2026-09-09 23:30:00,33.975,127.75,36.699999999999996,openaq_ground
2026-09-10 00:30:00,29.175,115.75,33.550000000000004,openaq_ground
2026-09-10 01:30:00,25.4,110.75,27.46,openaq_ground
2026-09-10 02:30:00,19.7,114.75,27.399999999999995,openaq_ground
2026-09-10 03:30:00,14.057500000000001,112.5,27.466666666666665,openaq_ground
2026-09-10 04:30:00,13.1425,113.25,27.849999999999998,openaq_ground
2026-09-10 05:30:00,11.425,118.8,31.816666666666663,openaq_ground
2026-09-10 06:30:00,10.782499999999999,110.25,31.683333333333334,openaq_ground
2026-09-10 07:30:00,9.6375,108.75,23.791666666666668,openaq_ground
2026-09-10 08:30:00,9.649999999999999,99.425,18.633333333333333,openaq_ground
2026-09-10 09:30:00,10.5425,97.525,19.2,openaq_ground
2026-09-10 10:30:00,11.469999999999999,108.225,20.491666666666664,openaq_ground
2026-09-10 11:30:00,13.165,116.15,23.266666666666666,openaq_ground
2026-09-10 12:30:00,19.525000000000002,116.275,23.633333333333336,openaq_ground
2026-09-10 13:30:00,30.025,117.5,24.933333333333334,openaq_ground
2026-09-10 14:30:00,32.05,120.75,28.733333333333334,openaq_ground
2026-09-10 15:30:00,38.425000000000004,111.25,30.766666666666666,openaq_ground
2026-09-10 16:30:00,35.25,112.25,33.0,openaq_ground
2026-09-10 17:30:00,35.475,115.0,33.61666666666667,openaq_ground
2026-09-10 18:30:00,32.625,116.75,34.949999999999996,openaq_ground
2026-09-10 19:30:00,30.575,119.75,35.86666666666667,openaq_ground
2026-09-10 20:30:00,30.800000000000004,117.25,41.449999999999996,openaq_ground
2026-09-10 21:30:00,28.8,117.0,44.11666666666667,openaq_ground
2026-09-10 22:30:00,27.975,116.3,49.48333333333333,openaq_ground
2026-09-10 23:30:00,26.85,119.5,54.333333333333336,openaq_ground
2026-09-11 00:30:00,27.575,123.25,60.800000000000004,openaq_ground
2026-09-11 01:30:00,36.5,142.25,74.38333333333334,openaq_ground
2026-09-11 02:30:00,31.225,157.5,73.0,openaq_ground
2026-09-11 03:30:00,33.25,151.75,69.73333333333333,openaq_ground
2026-09-11 04:30:00,30.275,162.5,66.28333333333333,openaq_ground
2026-09-11 05:30:00,20.725,152.75,66.14999999999999,openaq_ground
2026-09-11 06:30:00,14.6125,135.25,58.78333333333333,openaq_ground
2026-09-11 07:30:00,12.045,119.25,47.333333333333336,openaq_ground
2026-09-11 08:30:00,12.35,79.6,24.666666666666668,openaq_ground
2026-09-11 09:30:00,15.695,41.825,13.172,openaq_ground
2026-09-11 10:30:00,23.525,42.0,16.5825,openaq_ground
2026-09-11 11:30:00,25.25,38.724999999999994,16.112000000000002,openaq_ground
2026-09-11 12:30:00,25.9,35.7,19.46,openaq_ground
2026-09-11 13:30:00,23.775,45.725,17.54,openaq_ground
2026-09-11 14:30:00,24.8325,47.95,17.275000000000002,openaq_ground
2026-09-11 15:30:00,24.375,49.375,21.516666666666666,openaq_ground
2026-09-11 16:30:00,24.5,58.525,22.53333333333333,openaq_ground
2026-09-11 17:30:00,27.975,62.025,24.675,openaq_ground
2026-09-11 18:30:00,23.005,57.6,20.028333333333332,openaq_ground
2026-09-11 19:30:00,18.36,47.75,21.94,openaq_ground
2026-09-11 20:30:00,16.982499999999998,44.95,25.16,openaq_ground
2026-09-11 21:30:00,15.4575,45.3,21.974999999999998,openaq_ground
2026-09-11 22:30:00,15.462500000000002,42.5,19.583333333333332,openaq_ground
2026-09-11 23:30:00,17.9075,38.275,19.616666666666667,openaq_ground
2026-09-12 00:30:00,19.625,55.25,23.45,openaq_ground
2026-09-12 01:30:00,17.85,65.325,27.53333333333333,openaq_ground
2026-09-12 02:30:00,18.875,74.525,30.95,openaq_ground
2026-09-12 03:30:00,16.732499999999998,68.525,30.483333333333334,openaq_ground
2026-09-12 04:30:00,13.262500000000001,63.325,25.316666666666666,openaq_ground
2026-09-12 05:30:00,12.5625,60.125,23.74,openaq_ground
2026-09-12 06:30:00,10.4775,53.825,20.66,openaq_ground
2026-09-12 07:30:00,10.306666666666667,43.425,18.52,openaq_ground
2026-09-12 08:30:00,11.93,42.675,18.316666666666666,openaq_ground
2026-09-12 09:30:00,13.143333333333333,48.575,19.5,openaq_ground
2026-09-12 10:30:00,16.983333333333334,36.4,14.738333333333335,openaq_ground
2026-09-12 11:30:00,21.01,44.0,17.191666666666666,openaq_ground
2026-09-12 12:30:00,24.766666666666666,61.275,17.599999999999998,openaq_ground
2026-09-12 13:30:00,25.266666666666666,63.025,21.474999999999998,openaq_ground
2026-09-12 14:30:00,26.433333333333337,63.025,18.3,openaq_ground
2026-09-12 15:30:00,27.91,71.425,25.358333333333334,openaq_ground
2026-09-12 16:30:00,29.566666666666666,81.75,30.816666666666663,openaq_ground
2026-09-12 17:30:00,26.53333333333333,84.975,33.449999999999996,openaq_ground
2026-09-12 18:30:00,23.126666666666665,91.025,37.0,openaq_ground
2026-09-12 19:30:00,21.36,89.45,41.550000000000004,openaq_ground
2026-09-12 20:30:00,21.743333333333336,82.25,36.199999999999996,openaq_ground
2026-09-12 21:30:00,20.743333333333336,78.25,32.93333333333333,openaq_ground
2026-09-12 22:30:00,21.900000000000002,76.075,33.68333333333333,openaq_ground
2026-09-12 23:30:00,21.75333333333333,76.825,39.449999999999996,openaq_ground
2026-09-13 00:30:00,17.94,62.175,29.866666666666664,openaq_ground
2026-09-13 01:30:00,13.666666666666666,44.875,19.400000000000002,openaq_ground
2026-09-13 02:30:00,9.916666666666666,42.55,21.1,openaq_ground
2026-09-13 03:30:00,7.493333333333333,43.15,22.97,openaq_ground
2026-09-13 04:30:00,7.210000000000001,43.3,21.71,openaq_ground
2026-09-13 05:30:00,7.353333333333333,42.575,24.47,openaq_ground
2026-09-13 06:30:00,7.6433333333333335,51.5,20.366666666666664,openaq_ground
2026-09-13 07:30:00,9.51,55.7,26.608333333333334,openaq_ground
2026-09-13 08:30:00,10.426666666666668,64.725,32.80833333333333,openaq_ground
2026-09-13 09:30:00,7.503333333333333,62.65,32.25,openaq_ground
2026-09-13 10:30:00,9.133333333333333,66.15,28.366666666666664,openaq_ground
2026-09-13 11:30:00,11.62,64.425,26.46666666666667,openaq_ground
2026-09-13 12:30:00,25.833333333333332,69.65,26.383333333333336,openaq_ground
2026-09-13 13:30:00,35.7,78.925,34.0,openaq_ground
2026-09-13 14:30:00,17.333333333333332,84.4,32.18333333333333,openaq_ground
2026-09-13 15:30:00,19.866666666666667,78.525,24.708333333333332,openaq_ground
2026-09-13 16:30:00,21.233333333333334,64.875,20.991666666666667,openaq_ground
2026-09-13 17:30:00,27.966666666666665,65.075,20.775,openaq_ground
2026-09-13 18:30:00,24.5,61.075,22.358333333333334,openaq_ground
2026-09-13 19:30:00,24.563333333333333,54.849999999999994,22.741666666666664,openaq_ground
2026-09-13 20:30:00,16.963333333333335,56.575,22.483333333333334,openaq_ground
2026-09-13 21:30:00,12.683333333333335,62.3,22.575,openaq_ground
2026-09-13 22:30:00,12.21,75.35,24.05,openaq_ground
2026-09-13 23:30:00,11.536666666666667,48.975,23.650000000000002,openaq_ground
2026-09-14 00:30:00,11.293333333333335,51.375,25.083333333333332,openaq_ground
2026-09-14 01:30:00,12.883333333333333,58.599999999999994,29.266666666666666,openaq_ground
2026-09-14 02:30:00,12.646666666666667,70.95,32.125,openaq_ground
2026-09-14 03:30:00,10.126666666666667,81.55,33.43333333333333,openaq_ground
2026-09-14 04:30:00,9.9,82.75,37.699999999999996,openaq_ground
2026-09-14 05:30:00,8.583333333333334,76.95,34.78,openaq_ground
2026-09-14 06:30:00,8.396666666666667,68.55,28.566666666666666,openaq_ground
2026-09-14 07:30:00,7.523333333333333,69.6,35.4,openaq_ground
2026-09-14 08:30:00,7.853333333333334,71.875,36.18333333333333,openaq_ground
2026-09-14 09:30:00,8.39,68.375,31.916666666666668,openaq_ground
2026-09-14 10:30:00,10.49,74.025,33.25,openaq_ground
2026-09-14 11:30:00,16.833333333333332,84.825,37.15,openaq_ground
2026-09-14 12:30:00,23.75,87.575,40.449999999999996,openaq_ground
2026-09-14 13:30:00,25.85,85.75,38.85,openaq_ground
2026-09-14 14:30:00,29.7,85.225,41.166666666666664,openaq_ground
2026-09-14 15:30:00,29.975,93.3,45.51666666666667,openaq_ground
2026-09-14 16:30:00,25.724999999999998,94.675,49.35,openaq_ground
2026-09-14 17:30:00,24.875,103.575,56.18333333333334,openaq_ground
2026-09-14 18:30:00,21.675,112.125,62.73333333333333,openaq_ground
2026-09-14 19:30:00,23.63,105.75,60.083333333333336,openaq_ground
2026-09-14 20:30:00,17.5325,94.9,54.666666666666664,openaq_ground
2026-09-14 21:30:00,19.810000000000002,86.175,50.54999999999999,openaq_ground
2026-09-14 22:30:00,20.775,86.7,46.46666666666667,openaq_ground
2026-09-14 23:30:00,20.1,86.875,47.96666666666667,openaq_ground
2026-09-15 00:30:00,17.9175,90.6,48.25,openaq_ground
2026-09-15 01:30:00,20.6,93.3,50.51666666666666,openaq_ground
2026-09-15 02:30:00,17.875,86.0,44.199999999999996,openaq_ground
2026-09-15 03:30:00,12.5875,75.3,37.800000000000004,openaq_ground
2026-09-15 04:30:00,12.5,77.725,36.449999999999996,openaq_ground
2026-09-15 05:30:00,12.375,79.625,37.63333333333333,openaq_ground
2026-09-15 06:30:00,10.33,84.475,36.916666666666664,openaq_ground
2026-09-15 07:30:00,9.765,83.5,39.166666666666664,openaq_ground
2026-09-15 08:30:00,9.0775,79.7,41.93333333333333,openaq_ground
2026-09-15 09:30:00,7.9975000000000005,77.55,42.71666666666667,openaq_ground
2026-09-15 10:30:00,8.9325,72.925,39.516666666666666,openaq_ground
2026-09-15 11:30:00,12.1425,85.1,36.480000000000004,openaq_ground
2026-09-15 12:30:00,21.4175,83.15,41.08,openaq_ground
2026-09-15 13:30:00,36.6125,77.625,39.550000000000004,openaq_ground
2026-09-15 14:30:00,33.55,89.975,43.96666666666667,openaq_ground
2026-09-15 15:30:00,33.975,102.65,44.73333333333333,openaq_ground
2026-09-15 16:30:00,30.975,97.5,44.199999999999996,openaq_ground
2026-09-15 17:30:00,25.0,86.125,37.85,openaq_ground
2026-09-15 18:30:00,18.142500000000002,73.8,31.016666666666666,openaq_ground
2026-09-15 19:30:00,12.525,56.95,24.59166666666667,openaq_ground
2026-09-15 20:30:00,14.475,50.099999999999994,25.43,openaq_ground
2026-09-15 21:30:00,17.25,45.75,22.660000000000004,openaq_ground
2026-09-15 22:30:00,21.95,45.2,22.94,openaq_ground
2026-09-15 23:30:00,17.52,50.8,24.46,openaq_ground
2026-09-16 00:30:00,19.625,46.35,20.016666666666666,openaq_ground
2026-09-16 01:30:00,26.5,55.55,21.833333333333332,openaq_ground
2026-09-16 02:30:00,23.325,63.075,23.03333333333333,openaq_ground
2026-09-16 03:30:00,16.7525,58.9,34.525,openaq_ground
2026-09-16 04:30:00,13.0825,71.675,29.5,openaq_ground
2026-09-16 05:30:00,9.65,80.8,35.516666666666666,openaq_ground
2026-09-16 06:30:00,8.82,83.175,36.28333333333333,openaq_ground
2026-09-16 07:30:00,9.532499999999999,81.85,29.3,openaq_ground
2026-09-16 08:30:00,9.04,69.4,29.400000000000002,openaq_ground
2026-09-16 09:30:00,8.71,68.65,25.53333333333333,openaq_ground
2026-09-16 10:30:00,11.682500000000001,72.425,25.916666666666668,openaq_ground
2026-09-16 11:30:00,15.885,79.975,28.583333333333332,openaq_ground
2026-09-16 12:30:00,25.25,82.375,28.433333333333334,openaq_ground
2026-09-16 13:30:00,27.55,86.725,29.866666666666664,openaq_ground
2026-09-16 14:30:00,37.4,87.05,34.233333333333334,openaq_ground
2026-09-16 15:30:00,38.725,98.975,42.46666666666667,openaq_ground
2026-09-16 16:30:00,,,63.1,openaq_ground
2026-09-16 17:30:00,40.625,111.5,55.65,openaq_ground
2026-09-16 18:30:00,38.925000000000004,114.45,56.98333333333333,openaq_ground
2026-09-16 19:30:00,35.975,119.7,57.25,openaq_ground
2026-09-16 20:30:00,35.45,120.75,56.449999999999996,openaq_ground
2026-09-16 21:30:00,33.949999999999996,120.0,59.300000000000004,openaq_ground
2026-09-16 22:30:00,21.55,127.5,49.11666666666667,openaq_ground
2026-09-16 23:30:00,10.1025,107.325,22.259999999999998,openaq_ground
2026-09-17 00:30:00,12.059999999999999,48.25,22.599999999999998,openaq_ground
2026-09-17 01:30:00,13.5,47.175,22.416666666666668,openaq_ground
2026-09-17 02:30:00,15.0,53.1,19.941666666666666,openaq_ground
2026-09-17 03:30:00,17.225,67.625,28.725000000000005,openaq_ground
2026-09-17 04:30:00,15.8375,89.625,41.18333333333333,openaq_ground
2026-09-17 05:30:00,12.785,100.475,39.449999999999996,openaq_ground
2026-09-17 06:30:00,12.4375,75.425,38.166666666666664,openaq_ground
2026-09-17 07:30:00,13.67,86.35,47.93333333333334,openaq_ground
2026-09-17 08:30:00,11.265,95.425,52.25,openaq_ground
2026-09-17 09:30:00,9.775,94.225,39.583333333333336,openaq_ground
2026-09-17 10:30:00,10.0625,81.95,33.03333333333333,openaq_ground
2026-09-17 11:30:00,18.375,74.325,29.516666666666666,openaq_ground
2026-09-17 12:30:00,32.375,72.325,30.516666666666666,openaq_ground
2026-09-17 13:30:00,37.2,83.0,35.63333333333333,openaq_ground
2026-09-17 14:30:00,,,48.5,openaq_ground
2026-09-17 15:30:00,,,49.95,openaq_ground
2026-09-17 16:30:00,,,39.85,openaq_ground
2026-09-17 17:30:00,14.232499999999998,46.825,15.950000000000001,openaq_ground
2026-09-17 18:30:00,14.82,43.03333333333333,17.84,openaq_ground
2026-09-17 19:30:00,12.936666666666667,48.199999999999996,23.8,openaq_ground
2026-09-17 20:30:00,18.599999999999998,39.46666666666667,22.6,openaq_ground
2026-09-17 21:30:00,21.650000000000002,42.525,18.4,openaq_ground
2026-09-17 22:30:00,14.385,50.325,19.833333333333332,openaq_ground
2026-09-17 23:30:00,16.689999999999998,44.65,21.55,openaq_ground
2026-09-18 00:30:00,20.7,48.025,22.175,openaq_ground
2026-09-18 01:30:00,18.25,62.075,25.766666666666666,openaq_ground
2026-09-18 02:30:00,14.6525,77.25,31.066666666666666,openaq_ground
2026-09-18 03:30:00,11.895,83.575,30.45,openaq_ground
2026-09-18 04:30:00,10.305,86.95,33.28333333333333,openaq_ground
2026-09-18 05:30:00,9.065,78.825,29.21666666666667,openaq_ground
2026-09-18 06:30:00,9.8725,81.95,30.28333333333333,openaq_ground
2026-09-18 07:30:00,9.59,77.85,25.61666666666667,openaq_ground
2026-09-18 08:30:00,9.5175,83.675,26.875,openaq_ground
2026-09-18 09:30:00,9.275,80.325,23.016666666666666,openaq_ground
2026-09-18 10:30:00,11.1125,74.725,24.96666666666667,openaq_ground
2026-09-18 11:30:00,14.875,73.875,24.175,openaq_ground
2026-09-18 12:30:00,23.575000000000003,73.45,21.258333333333333,openaq_ground
2026-09-18 13:30:00,30.5,74.9,24.075,openaq_ground
2026-09-18 14:30:00,35.625,80.625,27.733333333333334,openaq_ground
2026-09-18 15:30:00,36.2,91.1,34.74166666666667,openaq_ground
2026-09-18 16:30:00,31.725,92.325,36.46666666666667,openaq_ground
2026-09-18 17:30:00,27.9,87.1,34.85,openaq_ground
2026-09-18 18:30:00,25.525,91.475,35.083333333333336,openaq_ground
2026-09-18 19:30:00,23.75,86.575,34.35,openaq_ground
2026-09-18 20:30:00,21.0,83.325,35.516666666666666,openaq_ground
2026-09-18 21:30:00,22.875,78.275,34.275,openaq_ground
2026-09-18 22:30:00,21.2375,77.375,33.99166666666667,openaq_ground
2026-09-18 23:30:00,19.8075,78.3,31.166666666666668,openaq_ground
2026-09-19 00:30:00,22.375,74.075,29.3,openaq_ground
2026-09-19 01:30:00,30.625,87.775,39.516666666666666,openaq_ground
2026-09-19 02:30:00,31.725,118.85,50.53333333333333,openaq_ground
2026-09-19 03:30:00,24.15,129.75,58.18333333333334,openaq_ground
2026-09-19 04:30:00,20.015,130.25,60.21666666666667,openaq_ground
2026-09-19 05:30:00,15.8825,155.0,63.68333333333334,openaq_ground
2026-09-19 06:30:00,13.6525,164.25,61.949999999999996,openaq_ground
2026-09-19 07:30:00,11.59,150.25,54.800000000000004,openaq_ground
2026-09-19 08:30:00,10.93,133.25,49.56666666666666,openaq_ground
2026-09-19 09:30:00,10.682500000000001,140.75,50.98333333333333,openaq_ground
2026-09-19 10:30:00,11.62,132.0,45.5,openaq_ground
2026-09-19 11:30:00,18.625,131.25,46.666666666666664,openaq_ground
2026-09-19 12:30:00,27.549999999999997,126.55,50.03333333333333,openaq_ground
2026-09-19 13:30:00,34.25,126.525,57.93333333333334,openaq_ground
2026-09-19 14:30:00,36.3,130.0,66.53333333333333,openaq_ground
2026-09-19 15:30:00,35.3,150.75,80.45,openaq_ground
2026-09-19 16:30:00,31.55,159.25,79.91666666666667,openaq_ground
2026-09-19 17:30:00,34.825,141.75,70.73333333333333,openaq_ground
2026-09-19 18:30:00,35.525,124.75,62.78333333333333,openaq_ground
2026-09-19 19:30:00,33.75,120.5,56.04,openaq_ground
2026-09-19 20:30:00,30.674999999999997,120.75,55.28333333333333,openaq_ground
2026-09-19 21:30:00,28.775,124.25,53.36666666666667,openaq_ground
2026-09-19 22:30:00,25.75,121.0,61.61666666666667,openaq_ground
2026-09-19 23:30:00,24.225,137.75,75.3,openaq_ground
2026-09-20 00:30:00,24.35,155.0,82.55,openaq_ground
2026-09-20 01:30:00,29.375,173.75,93.91666666666667,openaq_ground
2026-09-20 02:30:00,36.325,232.25,131.16666666666666,openaq_ground
2026-09-20 03:30:00,28.674999999999997,252.0,131.31666666666666,openaq_ground
2026-09-20 04:30:00,13.445,167.0,77.63333333333334,openaq_ground
2026-09-20 05:30:00,11.945,136.25,57.4,openaq_ground
2026-09-20 06:30:00,12.055,136.5,54.666666666666664,openaq_ground
2026-09-20 07:30:00,12.817499999999999,142.5,60.56666666666666,openaq_ground
2026-09-20 08:30:00,14.049999999999999,154.5,66.63333333333334,openaq_ground
2026-09-20 09:30:00,14.44,162.75,67.64999999999999,openaq_ground
2026-09-20 10:30:00,15.725,169.25,64.95,openaq_ground
2026-09-20 11:30:00,21.5,150.0,57.94,openaq_ground
2026-09-20 12:30:00,27.76666666666667,146.0,54.779999999999994,openaq_ground
2026-09-20 13:30:00,33.699999999999996,147.0,56.04,openaq_ground
2026-09-20 14:30:00,35.1,149.33333333333334,59.260000000000005,openaq_ground
2026-09-20 15:30:00,31.75,154.25,64.26666666666667,openaq_ground
2026-09-20 16:30:00,36.625,158.25,74.81666666666666,openaq_ground
2026-09-20 17:30:00,42.375,157.25,78.51666666666667,openaq_ground
2026-09-20 18:30:00,40.625,163.0,77.2,openaq_ground
2026-09-20 19:30:00,36.775,165.5,74.88333333333334,openaq_ground
2026-09-20 20:30:00,33.25,155.0,70.89999999999999,openaq_ground
2026-09-20 21:30:00,32.275,143.25,71.75,openaq_ground
2026-09-20 22:30:00,29.05,139.75,73.0,openaq_ground
2026-09-20 23:30:00,25.9,134.5,74.25,openaq_ground
2026-09-21 00:30:00,26.325000000000003,134.75,76.63333333333334,openaq_ground
2026-09-21 01:30:00,29.75,140.25,77.76666666666667,openaq_ground
2026-09-21 02:30:00,25.775000000000002,169.0,76.58333333333333,openaq_ground
2026-09-21 03:30:00,19.35,174.25,69.14999999999999,openaq_ground
2026-09-21 04:30:00,14.46,170.25,67.64999999999999,openaq_ground
2026-09-21 05:30:00,10.74,161.0,62.1,openaq_ground
2026-09-21 06:30:00,10.67,158.25,61.333333333333336,openaq_ground
2026-09-21 07:30:00,11.61,164.75,60.416666666666664,openaq_ground
2026-09-21 08:30:00,11.525,176.0,63.949999999999996,openaq_ground
2026-09-21 09:30:00,10.775,179.0,62.9,openaq_ground
2026-09-21 10:30:00,12.9625,166.75,58.98333333333333,openaq_ground
2026-09-21 11:30:00,17.349999999999998,163.5,56.28333333333333,openaq_ground
2026-09-21 12:30:00,23.2,156.33333333333334,55.8,openaq_ground
2026-09-21 13:30:00,29.7,149.0,59.279999999999994,openaq_ground
2026-09-21 14:30:00,40.833333333333336,151.33333333333334,61.879999999999995,openaq_ground
2026-09-21 15:30:00,,,81.65,openaq_ground
2026-09-21 16:30:00,,,83.55,openaq_ground
2026-09-21 17:30:00,43.46666666666667,157.0,73.36,openaq_ground
2026-09-21 18:30:00,42.53333333333334,155.0,77.03999999999999,openaq_ground
2026-09-21 19:30:00,39.5,159.66666666666666,76.24,openaq_ground
2026-09-21 20:30:00,32.2,162.25,75.55,openaq_ground
2026-09-21 21:30:00,31.925,151.75,73.55,openaq_ground
2026-09-21 22:30:00,31.424999999999997,152.25,73.48333333333333,openaq_ground
2026-09-21 23:30:00,27.4,135.0,74.64999999999999,openaq_ground
2026-09-22 00:30:00,23.15,121.525,72.11666666666666,openaq_ground
2026-09-22 01:30:00,30.475,131.9,70.88333333333334,openaq_ground
2026-09-22 02:30:00,30.125,146.575,62.48333333333333,openaq_ground
2026-09-22 03:30:00,21.65,159.25,60.21666666666667,openaq_ground
2026-09-22 04:30:00,19.1,162.25,65.71666666666667,openaq_ground
2026-09-22 05:30:00,15.7,181.25,73.58333333333333,openaq_ground
2026-09-22 06:30:00,16.89,206.25,81.98333333333333,openaq_ground
2026-09-22 07:30:00,16.0475,221.5,81.85000000000001,openaq_ground
2026-09-22 08:30:00,15.309999999999999,196.0,73.83333333333333,openaq_ground
2026-09-22 09:30:00,13.352500000000001,177.5,60.43333333333334,openaq_ground
2026-09-22 10:30:00,12.7075,153.75,53.28333333333333,openaq_ground
2026-09-22 11:30:00,17.65,128.25,46.449999999999996,openaq_ground
2026-09-22 12:30:00,28.675,124.0,44.1,openaq_ground
2026-09-22 13:30:00,28.075000000000003,129.25,42.56666666666667,openaq_ground
2026-09-22 14:30:00,34.95,132.0,47.18333333333334,openaq_ground
2026-09-22 15:30:00,38.9,121.75,49.550000000000004,openaq_ground
2026-09-22 16:30:00,36.2,112.075,46.96666666666667,openaq_ground
2026-09-22 17:30:00,34.925,102.85,48.949999999999996,openaq_ground
2026-09-22 18:30:00,33.325,104.6,42.53333333333333,openaq_ground
2026-09-22 19:30:00,27.424999999999997,100.8,45.050000000000004,openaq_ground
2026-09-22 20:30:00,24.075,90.0,48.65,openaq_ground
2026-09-22 21:30:00,26.625,94.275,46.833333333333336,openaq_ground
2026-09-22 22:30:00,25.025,97.525,49.88333333333333,openaq_ground
2026-09-22 23:30:00,24.175,98.4,54.81666666666666,openaq_ground
2026-09-23 00:30:00,21.65,102.85,55.85,openaq_ground
2026-09-23 01:30:00,28.525,115.175,55.23333333333333,openaq_ground
2026-09-23 02:30:00,32.2,146.475,78.81666666666666,openaq_ground
2026-09-23 03:30:00,28.625,183.5,87.05,openaq_ground
2026-09-23 04:30:00,18.3,167.0,78.55,openaq_ground
2026-09-23 05:30:00,19.5,150.0,77.18333333333334,openaq_ground
2026-09-23 06:30:00,20.225,173.0,78.86666666666666,openaq_ground
2026-09-23 07:30:00,21.6925,182.5,85.25,openaq_ground
2026-09-23 08:30:00,22.055,196.25,81.55,openaq_ground
2026-09-23 09:30:00,22.46,199.25,78.3,openaq_ground
2026-09-23 10:30:00,23.275,207.75,88.21666666666665,openaq_ground
2026-09-23 11:30:00,25.075,193.25,74.2,openaq_ground
2026-09-23 12:30:00,28.25,172.5,71.25,openaq_ground
2026-09-23 13:30:00,33.025,177.25,77.98333333333333,openaq_ground
2026-09-23 14:30:00,43.575,165.0,74.16,openaq_ground
2026-09-23 15:30:00,40.849999999999994,158.25,78.11666666666666,openaq_ground
2026-09-23 16:30:00,40.175,146.25,72.7,openaq_ground
2026-09-23 17:30:00,38.575,143.75,74.01666666666667,openaq_ground
2026-09-23 18:30:00,40.4,147.5,75.86666666666666,openaq_ground
2026-09-23 19:30:00,38.875,152.75,82.75,openaq_ground
2026-09-23 20:30:00,38.275,157.75,90.14999999999999,openaq_ground
2026-09-23 21:30:00,29.174999999999997,158.0,85.01666666666667,openaq_ground
2026-09-23 22:30:00,19.05,132.75,68.88333333333334,openaq_ground
2026-09-23 23:30:00,20.575000000000003,85.35,42.233333333333334,openaq_ground
2026-09-24 00:30:00,22.25,64.6,28.400000000000002,openaq_ground
2026-09-24 01:30:00,22.225,77.725,31.599999999999998,openaq_ground
2026-09-24 02:30:00,21.93,94.35,35.6,openaq_ground
2026-09-24 03:30:00,17.4275,90.775,33.0,openaq_ground
2026-09-24 04:30:00,14.2975,82.275,32.775,openaq_ground
2026-09-24 05:30:00,13.1,83.625,35.21666666666667,openaq_ground
2026-09-24 06:30:00,12.27,91.05,38.55,openaq_ground
2026-09-24 07:30:00,10.4575,89.325,34.19166666666667,openaq_ground
2026-09-24 08:30:00,10.47,83.175,32.21666666666667,openaq_ground
2026-09-24 09:30:00,11.522499999999999,90.075,34.96666666666667,openaq_ground
2026-09-24 10:30:00,11.1175,103.7,35.88,openaq_ground
2026-09-24 11:30:00,18.830000000000002,99.775,34.28,openaq_ground
2026-09-24 12:30:00,30.35,104.95,38.1,openaq_ground
2026-09-24 13:30:00,29.3,100.3,37.239999999999995,openaq_ground
2026-09-24 14:30:00,22.724999999999998,92.65,27.82,openaq_ground
2026-09-24 15:30:00,21.2425,85.925,22.7,openaq_ground
2026-09-24 16:30:00,17.0775,75.95,19.589999999999996,openaq_ground
2026-09-24 17:30:00,16.357499999999998,65.9,16.46,openaq_ground
2026-09-24 18:30:00,12.41,60.0,12.906,openaq_ground
2026-09-24 19:30:00,10.905,49.325,14.175,openaq_ground
2026-09-24 20:30:00,10.74,41.1,16.333333333333332,openaq_ground
2026-09-24 21:30:00,10.82,33.875,12.799999999999999,openaq_ground
2026-09-24 22:30:00,11.18,28.475,4.76,openaq_ground
2026-09-24 23:30:00,15.44,21.25,4.47,openaq_ground
2026-09-25 00:30:00,15.76,20.425,5.973333333333334,openaq_ground
2026-09-25 01:30:00,16.5,18.5,3.59,openaq_ground
2026-09-25 02:30:00,13.840000000000002,31.55,4.66,openaq_ground
2026-09-25 03:30:00,13.295,38.875,5.976666666666667,openaq_ground
2026-09-25 04:30:00,12.37,50.95,15.366666666666667,openaq_ground
2026-09-25 05:30:00,12.3825,56.599999999999994,15.925,openaq_ground
2026-09-25 06:30:00,10.442499999999999,57.45,20.8,openaq_ground
2026-09-25 07:30:00,8.7345,52.3,16.36,openaq_ground
2026-09-25 08:30:00,7.090000000000001,57.075,15.040000000000001,openaq_ground
2026-09-25 09:30:00,7.166666666666667,48.55,11.7,openaq_ground
2026-09-25 10:30:00,10.3,60.9,10.544,openaq_ground
2026-09-25 11:30:00,16.26,66.275,14.0,openaq_ground
2026-09-25 12:30:00,20.697499999999998,75.975,14.919999999999998,openaq_ground
2026-09-25 13:30:00,22.575,76.425,16.41,openaq_ground
2026-09-25 14:30:00,27.075,87.3,22.1,openaq_ground
2026-09-25 15:30:00,21.95,88.8,25.080000000000002,openaq_ground
2026-09-25 16:30:00,16.5325,75.575,24.919999999999998,openaq_ground
2026-09-25 17:30:00,19.55,57.475,23.025,openaq_ground
2026-09-25 18:30:00,20.175,46.5,16.0575,openaq_ground
2026-09-25 19:30:00,16.0625,44.175,17.75,openaq_ground
2026-09-25 20:30:00,15.74,47.7,12.74,openaq_ground
2026-09-25 21:30:00,16.115000000000002,55.724999999999994,10.786,openaq_ground
2026-09-25 22:30:00,15.9025,34.75,8.11,openaq_ground
