datetime,no2,pm10,pm25,source
2025-09-30 00:00:00,10.965,9.59,1.25975,openaq_ground
2025-09-30 01:00:00,10.955,8.67,1.11325,openaq_ground
2025-09-30 02:00:00,10.033999999999999,4.413333333333333,0.63325,openaq_ground
2025-09-30 03:00:00,13.006499999999999,2.6733333333333333,0.559675,openaq_ground
2025-09-30 04:00:00,,,0.0,openaq_ground
2025-09-30 05:00:00,14.99,2.1999999999999997,0.6446750000000001,openaq_ground
2025-09-30 06:00:00,10.75,2.066666666666667,0.7208749999999999,openaq_ground
2025-09-30 07:00:00,9.445,1.6883333333333332,0.694,openaq_ground
2025-09-30 08:00:00,6.3,3.4,1.1524,openaq_ground
2025-09-30 09:00:00,,,0.0874,openaq_ground
2025-09-30 10:00:00,,,0.0222,openaq_ground
2025-09-30 11:00:00,4.82,3.707333333333333,0.88443,openaq_ground
2025-09-30 12:00:00,12.735000000000001,10.403333333333332,1.5288,openaq_ground
2025-09-30 13:00:00,,7.153333333333333,2.60805,openaq_ground
2025-09-30 14:00:00,9.959999999999999,5.71,2.4566666666666666,openaq_ground
2025-09-30 15:00:00,6.615,15.649999999999999,3.935,openaq_ground
2025-09-30 16:00:00,,,1.71,openaq_ground
2025-09-30 17:00:00,11.945,2.483333333333333,1.16375,openaq_ground
2025-09-30 18:00:00,8.735,3.1366666666666667,1.1427,openaq_ground
2025-09-30 19:00:00,8.49,4.8,1.790425,openaq_ground
2025-09-30 20:00:00,9.85,9.270000000000001,3.72785,openaq_ground
2025-09-30 21:00:00,11.77,9.75,3.87775,openaq_ground
2025-09-30 22:00:00,9.965,9.63,3.45925,openaq_ground
2025-09-30 23:00:00,7.125,10.686666666666667,4.775,openaq_ground
2025-10-01 00:00:00,11.879999999999999,8.433333333333332,2.684,openaq_ground
2025-10-01 01:00:00,5.824999999999999,10.466666666666667,2.47875,openaq_ground
2025-10-01 02:00:00,16.2,12.186666666666667,2.542,openaq_ground
2025-10-01 03:00:00,21.795,7.073333333333333,2.26825,openaq_ground
2025-10-01 04:00:00,21.770000000000003,9.836666666666666,2.98075,openaq_ground
2025-10-01 05:00:00,28.015,18.099999999999998,5.29025,openaq_ground
2025-10-01 06:00:00,24.85,24.26666666666667,14.685,openaq_ground
2025-10-01 07:00:00,28.549999999999997,35.96666666666667,20.9975,openaq_ground
2025-10-01 08:00:00,36.8,24.833333333333332,12.997499999999999,openaq_ground
2025-10-01 09:00:00,,,10.2,openaq_ground
2025-10-01 10:00:00,,,14.3,openaq_ground
2025-10-01 11:00:00,23.4,23.3,16.975,openaq_ground
2025-10-01 12:00:00,23.85,22.266666666666666,17.575,openaq_ground
2025-10-01 13:00:00,,21.5,17.395,openaq_ground
2025-10-01 14:00:00,17.5,22.633333333333336,14.6825,openaq_ground
2025-10-01 15:00:00,18.1,23.233333333333334,15.7325,openaq_ground
2025-10-01 16:00:00,18.9,26.0,15.75,openaq_ground
2025-10-01 17:00:00,25.9,28.433333333333334,18.475,openaq_ground
2025-10-01 18:00:00,,,24.4,openaq_ground
2025-10-01 19:00:00,32.3,12.433333333333332,10.7875,openaq_ground
2025-10-01 20:00:00,22.799999999999997,7.919999999999999,5.7425,openaq_ground
2025-10-01 21:00:00,18.95,7.353333333333334,3.07,openaq_ground
2025-10-01 22:00:00,17.945,5.6066666666666665,1.93,openaq_ground
2025-10-01 23:00:00,,,0.258,openaq_ground
2025-10-02 00:00:00,19.494999999999997,6.44,2.29875,openaq_ground
2025-10-02 01:00:00,17.68,7.739999999999999,2.66575,openaq_ground
2025-10-02 02:00:00,33.33,8.219999999999999,3.17475,openaq_ground
2025-10-02 03:00:00,26.955,11.530000000000001,5.795,openaq_ground
2025-10-02 04:00:00,25.779999999999998,9.583333333333334,5.4875,openaq_ground
2025-10-02 05:00:00,21.045,9.56,4.7625,openaq_ground
2025-10-02 06:00:00,18.2,12.386666666666668,7.02,openaq_ground
2025-10-02 07:00:00,22.59,17.066666666666666,10.2275,openaq_ground
2025-10-02 08:00:00,20.6,13.416666666666666,7.68,openaq_ground
2025-10-02 09:00:00,,,1.43,openaq_ground
2025-10-02 10:00:00,,,1.21,openaq_ground
2025-10-02 11:00:00,11.875,10.930000000000001,5.53425,openaq_ground
2025-10-02 12:00:00,2.965,7.846666666666667,3.7017499999999997,openaq_ground
2025-10-02 13:00:00,,,0.165,openaq_ground
2025-10-02 14:00:00,5.315,10.17,4.17825,openaq_ground
2025-10-02 15:00:00,7.390000000000001,4.92,2.71975,openaq_ground
2025-10-02 16:00:00,23.4,10.85,7.51,openaq_ground
2025-10-02 17:00:00,29.55,5.116666666666667,3.5774999999999997,openaq_ground
2025-10-02 18:00:00,29.65,7.760000000000001,3.2475,openaq_ground
2025-10-02 19:00:00,21.650000000000002,8.463333333333333,4.0675,openaq_ground
2025-10-02 20:00:00,21.69,7.79,4.6625000000000005,openaq_ground
2025-10-02 21:00:00,,,3.46,openaq_ground
2025-10-02 22:00:00,24.175,4.1499999999999995,2.045,openaq_ground
2025-10-02 23:00:00,15.16,2.686,1.8205,openaq_ground
2025-10-03 00:00:00,17.315,7.8,3.7824999999999998,openaq_ground
2025-10-03 01:00:00,9.7,10.826666666666668,4.785,openaq_ground
2025-10-03 02:00:00,18.345,11.513333333333334,5.5725,openaq_ground
2025-10-03 03:00:00,15.975,9.59,4.95,openaq_ground
2025-10-03 04:00:00,18.619999999999997,9.996666666666668,5.2675,openaq_ground
2025-10-03 05:00:00,,,3.82,openaq_ground
2025-10-03 06:00:00,10.469999999999999,12.12,5.922499999999999,openaq_ground
2025-10-03 07:00:00,5.845,14.166666666666666,6.8925,openaq_ground
2025-10-03 08:00:00,5.476,15.933333333333332,7.182499999999999,openaq_ground
2025-10-03 09:00:00,,,5.06,openaq_ground
2025-10-03 10:00:00,,,5.03,openaq_ground
2025-10-03 11:00:00,0.5635,10.873333333333335,6.1175,openaq_ground
2025-10-03 12:00:00,0.2525,16.8,7.71,openaq_ground
2025-10-03 13:00:00,,10.703333333333333,5.8225,openaq_ground
2025-10-03 14:00:00,0.80615,7.466666666666666,4.234999999999999,openaq_ground
2025-10-03 15:00:00,0.5435,7.423333333333333,3.87975,openaq_ground
2025-10-03 16:00:00,,,1.38,openaq_ground
2025-10-03 17:00:00,3.6350000000000002,7.346666666666667,4.2775,openaq_ground
2025-10-03 18:00:00,14.655,4.090000000000001,2.67,openaq_ground
2025-10-03 19:00:00,18.92,2.6033333333333335,1.9500000000000002,openaq_ground
2025-10-03 20:00:00,17.21,2.646666666666667,2.017,openaq_ground
2025-10-03 21:00:00,19.099999999999998,8.86,6.275,openaq_ground
2025-10-03 22:00:00,,,0.774,openaq_ground
2025-10-03 23:00:00,17.895,7.239999999999999,4.3915,openaq_ground
2025-10-04 00:00:00,11.545,8.826666666666666,6.91,openaq_ground
2025-10-04 01:00:00,14.49,10.71,6.220000000000001,openaq_ground
2025-10-04 02:00:00,11.13,9.516666666666667,6.775,openaq_ground
2025-10-04 03:00:00,14.515,19.8,12.1525,openaq_ground
2025-10-04 04:00:00,21.655,15.266666666666667,9.4,openaq_ground
2025-10-04 05:00:00,,,13.5,openaq_ground
2025-10-04 06:00:00,10.84,17.44333333333333,14.426666666666668,openaq_ground
2025-10-04 07:00:00,6.49,1.194,5.0525,openaq_ground
2025-10-04 08:00:00,3.55,2.8266666666666667,1.2145000000000001,openaq_ground
2025-10-04 09:00:00,,,0.0799,openaq_ground
2025-10-04 10:00:00,,,0.54,openaq_ground
2025-10-04 11:00:00,2.304,3.8800000000000003,1.737,openaq_ground
2025-10-04 12:00:00,2.3325,3.103333333333333,1.105,openaq_ground
2025-10-04 13:00:00,,2.606666666666667,1.0165,openaq_ground
2025-10-04 14:00:00,1.9044999999999999,1.0983333333333334,0.523,openaq_ground
2025-10-04 15:00:00,2.4365,0.8076666666666666,0.40975,openaq_ground
2025-10-04 16:00:00,1.5475,0.694,0.23074999999999998,openaq_ground
2025-10-04 17:00:00,2.7565,1.0999999999999999,0.7065,openaq_ground
2025-10-04 18:00:00,3.195,1.9456666666666667,1.20875,openaq_ground
2025-10-04 19:00:00,4.4350000000000005,1.0813333333333335,1.03925,openaq_ground
2025-10-04 20:00:00,4.0,1.676,1.07675,openaq_ground
2025-10-04 21:00:00,4.43,2.2933333333333334,1.29075,openaq_ground
2025-10-04 22:00:00,4.6850000000000005,2.1766666666666667,1.10925,openaq_ground
2025-10-04 23:00:00,7.28,1.83,1.0785,openaq_ground
2025-10-05 00:00:00,4.485,4.343333333333334,2.8765,openaq_ground
2025-10-05 01:00:00,,,0.633,openaq_ground
2025-10-05 02:00:00,4.845,2.4833333333333334,1.61725,openaq_ground
2025-10-05 03:00:00,4.653,3.483333333333333,2.215,openaq_ground
2025-10-05 04:00:00,3.189,4.576666666666667,3.275,openaq_ground
2025-10-05 05:00:00,3.17,3.3166666666666664,2.9299999999999997,openaq_ground
2025-10-05 06:00:00,2.488,3.013666666666667,3.0835,openaq_ground
2025-10-05 07:00:00,2.5675,5.88,4.2875,openaq_ground
2025-10-05 08:00:00,5.62,6.13,3.9050000000000002,openaq_ground
2025-10-05 09:00:00,,,2.05,openaq_ground
2025-10-05 10:00:00,,,1.96,openaq_ground
2025-10-05 11:00:00,1.27,6.546666666666667,3.03,openaq_ground
2025-10-05 12:00:00,1.2319499999999999,10.343333333333334,4.047750000000001,openaq_ground
2025-10-05 13:00:00,3.51,9.31,3.81,openaq_ground
2025-10-05 14:00:00,,,1.1,openaq_ground
2025-10-05 15:00:00,10.66,9.356666666666667,3.532,openaq_ground
2025-10-05 16:00:00,19.549999999999997,9.416666666666666,3.4655000000000005,openaq_ground
2025-10-05 17:00:00,28.1,11.593333333333334,3.69,openaq_ground
2025-10-05 18:00:00,30.95,11.553333333333335,3.9675,openaq_ground
2025-10-05 19:00:00,23.35,6.406666666666666,3.3525,openaq_ground
2025-10-05 20:00:00,21.375,6.486666666666667,2.9274999999999998,openaq_ground
2025-10-05 21:00:00,20.095,7.636666666666667,3.2675,openaq_ground
2025-10-05 22:00:00,17.64,8.03,3.045,openaq_ground
2025-10-05 23:00:00,19.86,7.0633333333333335,2.5525,openaq_ground
2025-10-06 00:00:00,15.305,7.433333333333334,2.636,openaq_ground
2025-10-06 01:00:00,,,0.547,openaq_ground
2025-10-06 02:00:00,29.665,11.096666666666666,4.05,openaq_ground
2025-10-06 03:00:00,23.76,16.366666666666667,5.725,openaq_ground
2025-10-06 04:00:00,24.315,20.099999999999998,8.1825,openaq_ground
2025-10-06 05:00:00,29.549999999999997,15.003333333333332,7.8025,openaq_ground
2025-10-06 06:00:00,10.725,6.47,4.22675,openaq_ground
2025-10-06 07:00:00,13.61,13.31,6.425,openaq_ground
2025-10-06 08:00:00,4.81,28.52666666666667,7.219250000000001,openaq_ground
2025-10-06 09:00:00,,,3.16,openaq_ground
2025-10-06 10:00:00,,,0.1,openaq_ground
2025-10-06 11:00:00,5.457,2.1919999999999997,0.71675,openaq_ground
2025-10-06 12:00:00,6.095,1.6600000000000001,0.402075,openaq_ground
2025-10-06 13:00:00,,2.6233333333333335,0.7432000000000001,openaq_ground
2025-10-06 14:00:00,9.515,6.723333333333333,1.8425,openaq_ground
2025-10-06 15:00:00,12.52,9.823333333333332,3.638575,openaq_ground
2025-10-06 16:00:00,29.45,12.6,4.8115000000000006,openaq_ground
2025-10-06 17:00:00,,,2.7,openaq_ground
2025-10-06 18:00:00,20.93,13.233333333333334,5.452500000000001,openaq_ground
2025-10-06 19:00:00,19.33,13.266666666666666,5.3125,openaq_ground
2025-10-06 20:00:00,24.31,15.466666666666667,5.8675,openaq_ground
2025-10-06 21:00:00,17.64,13.266666666666666,5.065,openaq_ground
2025-10-06 22:00:00,20.475,11.923333333333334,4.5225,openaq_ground
2025-10-06 23:00:00,19.56,10.086666666666666,4.0375,openaq_ground
2025-10-07 00:00:00,19.88,10.87,3.9354999999999998,openaq_ground
2025-10-07 01:00:00,22.465,10.733333333333334,4.09375,openaq_ground
2025-10-07 02:00:00,,,0.729,openaq_ground
2025-10-07 03:00:00,20.355,11.413333333333334,4.395,openaq_ground
2025-10-07 04:00:00,16.2,11.709999999999999,4.33925,openaq_ground
2025-10-07 05:00:00,20.35,15.966666666666667,6.08,openaq_ground
2025-10-07 06:00:00,19.615000000000002,19.666666666666668,7.49,openaq_ground
2025-10-07 07:00:00,20.55,18.5,10.3225,openaq_ground
2025-10-07 08:00:00,17.7,15.700000000000001,10.2775,openaq_ground
2025-10-07 09:00:00,,,9.63,openaq_ground
2025-10-07 10:00:00,,,4.39,openaq_ground
2025-10-07 11:00:00,23.549999999999997,17.083333333333332,14.85,openaq_ground
2025-10-07 12:00:00,24.25,14.633333333333333,8.307500000000001,openaq_ground
2025-10-07 13:00:00,,11.793333333333335,5.24275,openaq_ground
2025-10-07 14:00:00,19.0,14.766666666666666,5.423500000000001,openaq_ground
2025-10-07 15:00:00,21.2,32.68666666666667,6.335,openaq_ground
2025-10-07 16:00:00,,,2.36,openaq_ground
2025-10-07 17:00:00,52.6,20.566666666666666,5.9375,openaq_ground
2025-10-07 18:00:00,47.75,24.25,6.5175,openaq_ground
2025-10-07 19:00:00,21.95,5.996666666666666,1.822,openaq_ground
2025-10-07 20:00:00,15.190000000000001,6.813333333333333,1.00625,openaq_ground
2025-10-07 21:00:00,,,0.00354,openaq_ground
2025-10-07 22:00:00,12.175,6.38,0.914,openaq_ground
2025-10-07 23:00:00,21.8,7.015000000000001,0.8166666666666668,openaq_ground
2025-10-08 00:00:00,12.365,9.353333333333333,1.161375,openaq_ground
2025-10-08 01:00:00,15.26,9.87,1.31,openaq_ground
2025-10-08 02:00:00,,,0.0305,openaq_ground
2025-10-08 03:00:00,20.185,5.17,1.12305,openaq_ground
2025-10-08 04:00:00,9.685,4.043333333333333,0.9279000000000001,openaq_ground
2025-10-08 05:00:00,10.33,5.91,1.10118,openaq_ground
2025-10-08 06:00:00,27.4,10.9,4.7205,openaq_ground
2025-10-08 07:00:00,28.3,11.853333333333333,5.1475,openaq_ground
2025-10-08 08:00:00,36.0,10.543333333333333,5.4375,openaq_ground
2025-10-08 09:00:00,,,1.38,openaq_ground
2025-10-08 10:00:00,,,1.01,openaq_ground
2025-10-08 11:00:00,25.599999999999998,12.933333333333332,6.1795,openaq_ground
2025-10-08 12:00:00,,,2.15,openaq_ground
2025-10-08 13:00:00,,11.34666666666667,3.8625,openaq_ground
2025-10-08 14:00:00,21.85,13.683333333333332,5.2175,openaq_ground
2025-10-08 15:00:00,,,8.91,openaq_ground
2025-10-08 16:00:00,26.0,24.0,8.925,openaq_ground
2025-10-08 17:00:00,42.55,28.400000000000002,8.795,openaq_ground
2025-10-08 18:00:00,,,8.44,openaq_ground
2025-10-08 19:00:00,25.95,5.4799999999999995,2.0825,openaq_ground
2025-10-08 20:00:00,25.15,8.6,1.40675,openaq_ground
2025-10-08 21:00:00,,,0.0055,openaq_ground
2025-10-08 22:00:00,15.06,7.163333333333334,1.710575,openaq_ground
2025-10-08 23:00:00,13.860000000000001,9.643333333333333,2.3087999999999997,openaq_ground
2025-10-09 00:00:00,14.825,9.91,1.1796,openaq_ground
2025-10-09 01:00:00,24.3,5.935,1.0837,openaq_ground
2025-10-09 02:00:00,4.69,8.66,1.116625,openaq_ground
2025-10-09 03:00:00,27.86,6.725,1.0289,openaq_ground
2025-10-09 04:00:00,19.08,8.83,1.44095,openaq_ground
2025-10-09 05:00:00,18.205,7.65,0.9953333333333333,openaq_ground
2025-10-09 06:00:00,15.1,8.836666666666666,1.37325,openaq_ground
2025-10-09 07:00:00,21.59,6.003333333333333,1.4557499999999999,openaq_ground
2025-10-09 08:00:00,,,0.862,openaq_ground
2025-10-09 09:00:00,,,1.45,openaq_ground
2025-10-09 10:00:00,,,1.22,openaq_ground
2025-10-09 11:00:00,1.9365,6.24,2.42,openaq_ground
2025-10-09 12:00:00,8.92,5.853333333333333,2.56,openaq_ground
2025-10-09 13:00:00,,2.87,0.9884999999999999,openaq_ground
2025-10-09 14:00:00,5.15,6.636666666666667,1.57925,openaq_ground
2025-10-09 15:00:00,32.6,12.4,1.388,openaq_ground
2025-10-09 16:00:00,18.85,3.325,0.8861666666666667,openaq_ground
2025-10-09 17:00:00,30.7,5.476666666666667,1.12175,openaq_ground
2025-10-09 18:00:00,58.4,21.54,7.163333333333333,openaq_ground
2025-10-09 19:00:00,13.0,14.0,0.805,openaq_ground
2025-10-09 20:00:00,4.07,13.363333333333335,1.4887925,openaq_ground
2025-10-09 21:00:00,27.8,8.120000000000001,0.89,openaq_ground
2025-10-09 22:00:00,18.25,12.69,1.795,openaq_ground
2025-10-09 23:00:00,20.72,9.21,1.6475,openaq_ground
2025-10-10 00:00:00,,12.57,2.1883333333333335,openaq_ground
2025-10-10 01:00:00,31.349999999999998,20.566666666666666,3.53475,openaq_ground
2025-10-10 02:00:00,42.45,23.03333333333333,4.0815,openaq_ground
2025-10-10 03:00:00,24.2,25.666666666666668,5.018,openaq_ground
2025-10-10 04:00:00,37.15,19.2,4.285,openaq_ground
2025-10-10 05:00:00,41.2,33.00666666666667,5.5425,openaq_ground
2025-10-10 06:00:00,42.650000000000006,43.05,8.183333333333334,openaq_ground
2025-10-10 07:00:00,48.6,27.34,4.89,openaq_ground
2025-10-10 08:00:00,45.5,10.975,6.006666666666667,openaq_ground
2025-10-10 09:00:00,,,3.56,openaq_ground
2025-10-10 10:00:00,,,1.8,openaq_ground
2025-10-10 11:00:00,31.8,11.45,4.476,openaq_ground
2025-10-10 12:00:00,24.25,8.916666666666666,3.914,openaq_ground
2025-10-10 13:00:00,,4.5,2.0505,openaq_ground
2025-10-10 14:00:00,,,0.67,openaq_ground
2025-10-10 15:00:00,10.155,3.236666666666667,1.20275,openaq_ground
2025-10-10 16:00:00,26.5,4.57,2.01,openaq_ground
2025-10-10 17:00:00,37.8,3.15,1.312,openaq_ground
2025-10-10 18:00:00,4.72,5.904999999999999,1.4833333333333334,openaq_ground
2025-10-10 19:00:00,22.465,6.706666666666667,1.336,openaq_ground
2025-10-10 20:00:00,27.095,8.166666666666666,1.899675,openaq_ground
2025-10-10 21:00:00,19.3,4.8,0.7559,openaq_ground
2025-10-10 22:00:00,11.440000000000001,7.16,1.21,openaq_ground
2025-10-10 23:00:00,13.565000000000001,10.66,1.6623333333333334,openaq_ground
2025-10-11 00:00:00,,9.105,1.4853333333333332,openaq_ground
2025-10-11 01:00:00,6.32,8.203333333333333,1.594,openaq_ground
2025-10-11 02:00:00,9.55,6.86,1.2293333333333332,openaq_ground
2025-10-11 03:00:00,7.955,4.243333333333333,1.266,openaq_ground
2025-10-11 04:00:00,26.8,4.48,1.2393333333333334,openaq_ground
2025-10-11 05:00:00,16.099999999999998,4.1,1.1036666666666666,openaq_ground
2025-10-11 06:00:00,42.8,6.77,1.5216666666666665,openaq_ground
2025-10-11 07:00:00,,4.77,1.6976666666666667,openaq_ground
2025-10-11 08:00:00,3.885,5.78,1.5033333333333332,openaq_ground
2025-10-11 09:00:00,,,0.575,openaq_ground
2025-10-11 10:00:00,,,0.495,openaq_ground
2025-10-11 11:00:00,5.595,6.45,2.2933333333333334,openaq_ground
2025-10-11 12:00:00,9.49,,0.498,openaq_ground
2025-10-11 13:00:00,,6.41,1.48275,openaq_ground
2025-10-11 14:00:00,2.239,1.69,0.4503333333333333,openaq_ground
2025-10-11 15:00:00,7.03,3.605,0.42723333333333335,openaq_ground
2025-10-11 16:00:00,3.714,1.08,0.18833333333333332,openaq_ground
2025-10-11 17:00:00,14.334999999999999,3.675,0.37566666666666665,openaq_ground
2025-10-11 18:00:00,,3.3499999999999996,0.5206666666666667,openaq_ground
2025-10-11 19:00:00,5.79,5.5,1.4549999999999998,openaq_ground
2025-10-11 20:00:00,12.9,,0.269,openaq_ground
2025-10-11 21:00:00,4.795,8.286666666666667,2.27575,openaq_ground
2025-10-11 22:00:00,2.22,12.536666666666667,2.7162499999999996,openaq_ground
2025-10-11 23:00:00,14.7,12.1,1.9260000000000002,openaq_ground
2025-10-12 00:00:00,6.4750000000000005,10.023333333333333,2.53225,openaq_ground
2025-10-12 01:00:00,1.46,14.1,2.78225,openaq_ground
2025-10-12 02:00:00,6.87,16.8,2.2795,openaq_ground
2025-10-12 03:00:00,11.8,9.075,2.267333333333333,openaq_ground
2025-10-12 04:00:00,4.3,7.026666666666666,2.249,openaq_ground
2025-10-12 05:00:00,0.936,8.2,2.0749999999999997,openaq_ground
2025-10-12 06:00:00,6.005,14.850000000000001,3.422,openaq_ground
2025-10-12 07:00:00,7.52,6.989999999999999,1.99375,openaq_ground
2025-10-12 08:00:00,,7.73,1.813,openaq_ground
2025-10-12 09:00:00,,,0.144,openaq_ground
2025-10-12 10:00:00,,,0.0195,openaq_ground
2025-10-12 11:00:00,3.87,8.993333333333334,2.2795,openaq_ground
2025-10-12 12:00:00,5.46,7.036666666666666,2.1365,openaq_ground
2025-10-12 13:00:00,,10.735,1.8564999999999998,openaq_ground
2025-10-12 14:00:00,15.2,4.91,1.353,openaq_ground
2025-10-12 15:00:00,12.9,22.430000000000003,3.30525,openaq_ground
2025-10-12 16:00:00,40.15,18.37666666666667,3.08625,openaq_ground
2025-10-12 17:00:00,63.9,,1.5,openaq_ground
2025-10-12 18:00:00,29.25,14.966666666666667,3.406,openaq_ground
2025-10-12 19:00:00,15.6,8.846666666666666,2.53525,openaq_ground
2025-10-12 20:00:00,23.495,11.965,2.279666666666667,openaq_ground
2025-10-12 21:00:00,24.020000000000003,11.31,2.749333333333334,openaq_ground
2025-10-12 22:00:00,31.7,4.6466666666666665,2.0629999999999997,openaq_ground
2025-10-12 23:00:00,12.6,5.33,1.5633333333333335,openaq_ground
2025-10-13 00:00:00,44.9,7.03,1.9805,openaq_ground
2025-10-13 01:00:00,29.8,7.460000000000001,2.82025,openaq_ground
2025-10-13 02:00:00,33.45,3.8049999999999997,1.83,openaq_ground
2025-10-13 03:00:00,24.4,4.585,2.3433333333333333,openaq_ground
2025-10-13 04:00:00,36.0,2.875,1.985,openaq_ground
2025-10-13 05:00:00,21.85,3.55,1.89,openaq_ground
2025-10-13 06:00:00,23.5,12.203333333333333,7.5075,openaq_ground
2025-10-13 07:00:00,9.33,9.35,4.665,openaq_ground
2025-10-13 08:00:00,17.5,9.93,4.806666666666667,openaq_ground
2025-10-13 09:00:00,,,2.5,openaq_ground
2025-10-13 10:00:00,,,2.79,openaq_ground
2025-10-13 11:00:00,3.8899999999999997,7.5649999999999995,4.52,openaq_ground
2025-10-13 12:00:00,7.38,7.0,3.845,openaq_ground
2025-10-13 13:00:00,,7.1499999999999995,3.9133333333333336,openaq_ground
2025-10-13 14:00:00,9.54,2.66,1.52,openaq_ground
2025-10-13 15:00:00,6.46,4.153333333333333,2.5500000000000003,openaq_ground
2025-10-13 16:00:00,14.385,6.9799999999999995,2.951,openaq_ground
2025-10-13 17:00:00,,,0.262,openaq_ground
2025-10-13 18:00:00,20.4,6.41,2.575,openaq_ground
2025-10-13 19:00:00,18.685000000000002,5.593333333333334,2.38375,openaq_ground
2025-10-13 20:00:00,13.575,4.38,1.0375,openaq_ground
2025-10-13 21:00:00,13.2,3.535,0.7110000000000001,openaq_ground
2025-10-13 22:00:00,1.82,3.42,0.93635,openaq_ground
2025-10-13 23:00:00,7.12,3.41,0.8422333333333333,openaq_ground
2025-10-14 00:00:00,2.63,2.5966666666666667,0.87675,openaq_ground
2025-10-14 01:00:00,7.69,7.276666666666667,1.23725,openaq_ground
2025-10-14 02:00:00,6.705,4.275,1.2434666666666665,openaq_ground
2025-10-14 03:00:00,19.87,4.485,1.3327766666666667,openaq_ground
2025-10-14 04:00:00,,6.68,1.51,openaq_ground
2025-10-14 05:00:00,18.48,8.616666666666667,2.7035,openaq_ground
2025-10-14 06:00:00,14.174999999999999,8.68,2.265,openaq_ground
2025-10-14 07:00:00,2.99,7.226666666666667,2.652,openaq_ground
2025-10-14 08:00:00,36.8,6.68,2.2159999999999997,openaq_ground
2025-10-14 09:00:00,,,0.231,openaq_ground
2025-10-14 10:00:00,,,0.284,openaq_ground
2025-10-14 11:00:00,4.1899999999999995,6.22,2.109,openaq_ground
2025-10-14 12:00:00,1.89,7.69,1.6075,openaq_ground
2025-10-14 13:00:00,,6.1066666666666665,2.21075,openaq_ground
2025-10-14 14:00:00,7.28,5.34,1.6023333333333334,openaq_ground
2025-10-14 15:00:00,18.1,9.215,2.33,openaq_ground
2025-10-14 16:00:00,34.4,9.176666666666668,3.607,openaq_ground
2025-10-14 17:00:00,33.7,17.35,5.564666666666667,openaq_ground
2025-10-14 18:00:00,36.6,9.885,2.5913333333333335,openaq_ground
2025-10-14 19:00:00,22.18,5.255,1.4596666666666664,openaq_ground
2025-10-14 20:00:00,22.335,3.57,0.90185,openaq_ground
2025-10-14 21:00:00,25.325,5.7700000000000005,1.5791,openaq_ground
2025-10-14 22:00:00,,7.93,1.2281,openaq_ground
2025-10-14 23:00:00,3.72,4.48,1.1554333333333333,openaq_ground
2025-10-15 00:00:00,49.8,4.93,1.2622,openaq_ground
2025-10-15 01:00:00,13.045000000000002,6.256666666666667,1.9073,openaq_ground
2025-10-15 02:00:00,21.525000000000002,6.400000000000001,2.06525,openaq_ground
2025-10-15 03:00:00,19.990000000000002,6.83,1.9349999999999998,openaq_ground
2025-10-15 04:00:00,21.71,8.086666666666666,2.5949999999999998,openaq_ground
2025-10-15 05:00:00,7.21,11.25,2.8413333333333335,openaq_ground
2025-10-15 06:00:00,30.3,8.19,2.275,openaq_ground
2025-10-15 07:00:00,23.200000000000003,30.53333333333333,6.2775,openaq_ground
2025-10-15 08:00:00,16.3,15.866666666666667,6.3625,openaq_ground
2025-10-15 09:00:00,,,3.95,openaq_ground
2025-10-15 10:00:00,,,4.48,openaq_ground
2025-10-15 11:00:00,14.6,8.373333333333333,3.0822499999999997,openaq_ground
2025-10-15 12:00:00,,,1.59,openaq_ground
2025-10-15 13:00:00,,7.4799999999999995,3.12925,openaq_ground
2025-10-15 14:00:00,16.450000000000003,4.016666666666667,1.37085,openaq_ground
2025-10-15 15:00:00,26.8,20.506666666666668,2.9271249999999998,openaq_ground
2025-10-15 16:00:00,39.3,17.07,4.666666666666667,openaq_ground
2025-10-15 17:00:00,26.2,10.366666666666665,2.347,openaq_ground
2025-10-15 18:00:00,29.2,10.4,0.96975,openaq_ground
2025-10-15 19:00:00,14.275,15.825,1.4514333333333334,openaq_ground
2025-10-15 20:00:00,12.355,10.48,1.3213750000000002,openaq_ground
2025-10-15 21:00:00,,65.3,6.55,openaq_ground
2025-10-15 22:00:00,9.76,18.55,3.3486666666666665,openaq_ground
2025-10-15 23:00:00,1.5,12.186666666666667,2.04225,openaq_ground
2025-10-16 00:00:00,1.89,10.616666666666667,2.8832500000000003,openaq_ground
2025-10-16 01:00:00,16.425,8.56,3.0295,openaq_ground
2025-10-16 02:00:00,17.6,11.2,2.898,openaq_ground
2025-10-16 03:00:00,7.955,14.533333333333333,6.02175,openaq_ground
2025-10-16 04:00:00,2.08,14.649999999999999,4.760000000000001,openaq_ground
2025-10-16 05:00:00,11.065,21.65,6.789999999999999,openaq_ground
2025-10-16 06:00:00,16.855,27.599999999999998,7.656499999999999,openaq_ground
2025-10-16 07:00:00,,24.55,6.849999999999999,openaq_ground
2025-10-16 08:00:00,24.15,25.65,6.8133333333333335,openaq_ground
2025-10-16 09:00:00,,,1.15,openaq_ground
2025-10-16 10:00:00,,,1.02,openaq_ground
2025-10-16 11:00:00,8.89,11.485,4.26,openaq_ground
2025-10-16 12:00:00,6.925,9.583333333333334,3.91275,openaq_ground
2025-10-16 13:00:00,,11.026666666666666,3.658,openaq_ground
2025-10-16 14:00:00,,10.2,3.005,openaq_ground
2025-10-16 15:00:00,5.859999999999999,11.633333333333333,4.4675,openaq_ground
2025-10-16 16:00:00,,6.35,2.205,openaq_ground
2025-10-16 17:00:00,16.21,13.65,4.846666666666667,openaq_ground
2025-10-16 18:00:00,19.5,15.0,5.27,openaq_ground
2025-10-16 19:00:00,,9.76,3.37,openaq_ground
2025-10-16 20:00:00,26.535,12.333333333333334,4.4,openaq_ground
2025-10-16 21:00:00,45.0,16.8,4.42,openaq_ground
2025-10-16 22:00:00,2.81,15.75,4.96,openaq_ground
2025-10-16 23:00:00,21.5,23.950000000000003,6.766666666666667,openaq_ground
2025-10-17 00:00:00,20.64,12.5,4.359999999999999,openaq_ground
2025-10-17 01:00:00,3.37,17.0,6.2775,openaq_ground
2025-10-17 02:00:00,22.294999999999998,14.4,5.455,openaq_ground
2025-10-17 03:00:00,,14.8,4.1049999999999995,openaq_ground
2025-10-17 04:00:00,29.424999999999997,17.950000000000003,4.717666666666666,openaq_ground
2025-10-17 05:00:00,24.47,17.866666666666664,6.4125,openaq_ground
2025-10-17 06:00:00,38.0,18.2,5.43,openaq_ground
2025-10-17 07:00:00,23.4,29.566666666666666,10.4375,openaq_ground
2025-10-17 08:00:00,35.95,15.9,7.26,openaq_ground
2025-10-17 09:00:00,,,4.65,openaq_ground
2025-10-17 10:00:00,,,3.5,openaq_ground
2025-10-17 11:00:00,3.37,8.28,4.1675,openaq_ground
2025-10-17 12:00:00,3.5250000000000004,8.636666666666667,3.74,openaq_ground
2025-10-17 13:00:00,,8.02,2.5935,openaq_ground
2025-10-17 14:00:00,3.94,7.84,2.4403333333333332,openaq_ground
2025-10-17 15:00:00,3.365,4.526666666666666,1.73725,openaq_ground
2025-10-17 16:00:00,14.725,4.536666666666666,1.2476749999999999,openaq_ground
2025-10-17 17:00:00,22.7,5.359999999999999,2.19095,openaq_ground
2025-10-17 18:00:00,,,0.147,openaq_ground
2025-10-17 19:00:00,20.415,7.583333333333333,1.3323,openaq_ground
2025-10-17 20:00:00,5.09,10.29,1.9308666666666667,openaq_ground
2025-10-17 21:00:00,27.159999999999997,10.49,2.522675,openaq_ground
2025-10-17 22:00:00,,9.805,2.2937333333333334,openaq_ground
2025-10-17 23:00:00,17.96,10.935,2.6033333333333335,openaq_ground
2025-10-18 00:00:00,15.285,6.125,1.2133333333333334,openaq_ground
2025-10-18 01:00:00,11.0,14.575,1.9523333333333335,openaq_ground
2025-10-18 02:00:00,1.51,4.545,0.5143333333333334,openaq_ground
2025-10-18 03:00:00,18.0,6.01,0.6906666666666667,openaq_ground
2025-10-18 04:00:00,8.73,4.92,0.7010000000000001,openaq_ground
2025-10-18 05:00:00,7.6899999999999995,4.053333333333334,0.8925000000000001,openaq_ground
2025-10-18 06:00:00,,12.6,1.105,openaq_ground
2025-10-18 07:00:00,7.135,4.135,0.8193333333333334,openaq_ground
2025-10-18 08:00:00,8.54,2.9933333333333336,0.9226749999999999,openaq_ground
2025-10-18 09:00:00,,,0.0903,openaq_ground
2025-10-18 10:00:00,,,1.84,openaq_ground
2025-10-18 11:00:00,2.2,13.433333333333332,6.6325,openaq_ground
2025-10-18 12:00:00,7.42,20.2,6.88,openaq_ground
2025-10-18 13:00:00,,11.225,5.09,openaq_ground
2025-10-18 14:00:00,4.390000000000001,12.553333333333333,5.5525,openaq_ground
2025-10-18 15:00:00,8.18,9.985,4.733333333333333,openaq_ground
2025-10-18 16:00:00,3.34,14.8,6.8999999999999995,openaq_ground
2025-10-18 17:00:00,12.354999999999999,13.670000000000002,9.4325,openaq_ground
2025-10-18 18:00:00,17.215,6.726666666666667,4.88,openaq_ground
2025-10-18 19:00:00,3.14,2.75,2.8066666666666666,openaq_ground
2025-10-18 20:00:00,10.9,9.77,2.33,openaq_ground
2025-10-18 21:00:00,5.2225,4.543333333333333,0.7200000000000001,openaq_ground
2025-10-18 22:00:00,11.9,4.66,0.7296666666666667,openaq_ground
2025-10-18 23:00:00,13.1,2.973333333333333,0.72375,openaq_ground
2025-10-19 00:00:00,0.871,2.49,0.49866666666666665,openaq_ground
2025-10-19 01:00:00,10.878499999999999,4.260000000000001,0.85335,openaq_ground
2025-10-19 02:00:00,,5.48,0.6846500000000001,openaq_ground
2025-10-19 03:00:00,8.005,3.86,1.139,openaq_ground
2025-10-19 04:00:00,7.25,4.555,1.1533333333333333,openaq_ground
2025-10-19 05:00:00,10.3,13.035,2.5826666666666664,openaq_ground
2025-10-19 06:00:00,1.38,6.6850000000000005,1.6800666666666666,openaq_ground
2025-10-19 07:00:00,10.805,8.25,1.8780000000000001,openaq_ground
2025-10-19 08:00:00,7.385000000000001,4.83,1.069,openaq_ground
2025-10-19 09:00:00,,,0.0612,openaq_ground
2025-10-19 10:00:00,,,0.0625,openaq_ground
2025-10-19 11:00:00,0.5905,4.506666666666667,1.35305,openaq_ground
2025-10-19 12:00:00,2.57,5.6,1.636,openaq_ground
2025-10-19 13:00:00,,7.835,2.5943666666666663,openaq_ground
2025-10-19 14:00:00,4.324999999999999,10.993333333333334,4.7597499999999995,openaq_ground
2025-10-19 15:00:00,9.844999999999999,17.779999999999998,3.12075,openaq_ground
2025-10-19 16:00:00,21.450000000000003,31.973333333333333,4.41175,openaq_ground
2025-10-19 17:00:00,,,0.302,openaq_ground
2025-10-19 18:00:00,27.635,9.776666666666666,3.11025,openaq_ground
2025-10-19 19:00:00,37.8,14.12,3.1843333333333335,openaq_ground
2025-10-19 20:00:00,16.535,8.61,1.9616666666666667,openaq_ground
2025-10-19 21:00:00,26.7,12.0,1.3345,openaq_ground
2025-10-19 22:00:00,20.44,7.286666666666666,1.004275,openaq_ground
2025-10-19 23:00:00,11.795,6.563333333333333,0.84025,openaq_ground
2025-10-20 00:00:00,1.24,14.035,1.24,openaq_ground
2025-10-20 01:00:00,12.190000000000001,10.6,1.5766666666666669,openaq_ground
2025-10-20 02:00:00,,6.640000000000001,0.6610666666666667,openaq_ground
2025-10-20 03:00:00,15.895,6.243333333333333,0.63405,openaq_ground
2025-10-20 04:00:00,16.6,4.43,0.40875,openaq_ground
2025-10-20 08:00:00,,,0.0,openaq_ground
2025-10-20 09:00:00,,,0.0167,openaq_ground
2025-10-20 10:00:00,,,0.0,openaq_ground
2025-10-20 11:00:00,,,0.0,openaq_ground
2025-10-20 12:00:00,2.97,45.00333333333333,4.73125,openaq_ground
2025-10-20 13:00:00,,5.465,1.16675,openaq_ground
2025-10-20 14:00:00,,,0.0195,openaq_ground
2025-10-20 15:00:00,,,0.0173,openaq_ground
2025-10-20 16:00:00,,,0.0345,openaq_ground
2025-10-20 17:00:00,37.4,54.98333333333334,5.718,openaq_ground
2025-10-20 18:00:00,11.2,10.39,1.6544999999999999,openaq_ground
2025-10-20 19:00:00,9.64,10.864999999999998,1.7451666666666668,openaq_ground
2025-10-20 20:00:00,10.8,36.2,3.4086,openaq_ground
2025-10-20 21:00:00,10.1,48.949999999999996,5.847,openaq_ground
2025-10-20 22:00:00,8.19,25.266666666666666,4.3635,openaq_ground
2025-10-20 23:00:00,13.0,,0.539,openaq_ground
2025-10-21 00:00:00,7.51,23.58,3.66875,openaq_ground
2025-10-21 01:00:00,1.11,16.72,2.6719999999999997,openaq_ground
2025-10-21 02:00:00,14.4,6.64,0.641,openaq_ground
2025-10-21 03:00:00,6.864999999999999,6.0649999999999995,0.9706333333333333,openaq_ground
2025-10-21 04:00:00,6.225,3.58,0.8187074999999999,openaq_ground
2025-10-21 05:00:00,1.82,6.33,0.55335,openaq_ground
2025-10-21 06:00:00,5.645,4.87,1.051675,openaq_ground
2025-10-21 07:00:00,2.58,47.51666666666666,5.9256,openaq_ground
2025-10-21 08:00:00,16.735,3.855,1.0851,openaq_ground
2025-10-21 09:00:00,,,0.115,openaq_ground
2025-10-21 10:00:00,,,0.491,openaq_ground
2025-10-21 11:00:00,4.015000000000001,15.476666666666667,4.941,openaq_ground
2025-10-21 12:00:00,6.74,17.833333333333332,5.88575,openaq_ground
2025-10-21 13:00:00,,,0.429,openaq_ground
2025-10-21 14:00:00,17.45,20.836666666666666,5.2825,openaq_ground
2025-10-21 15:00:00,17.45,8.365,2.75,openaq_ground
2025-10-21 16:00:00,45.5,36.51,5.381,openaq_ground
2025-10-21 17:00:00,33.65,63.95,6.977666666666667,openaq_ground
2025-10-21 18:00:00,34.29,9.853333333333333,2.388,openaq_ground
2025-10-21 19:00:00,,6.48,1.1920000000000002,openaq_ground
2025-10-21 20:00:00,12.765,8.226666666666667,1.39175,openaq_ground
2025-10-21 21:00:00,,,0.12,openaq_ground
2025-10-21 22:00:00,9.7915,7.336666666666666,0.9319999999999999,openaq_ground
2025-10-21 23:00:00,13.4,11.16,1.21,openaq_ground
2025-10-22 00:00:00,8.600000000000001,16.85,2.0174,openaq_ground
2025-10-22 01:00:00,1.08,7.61,0.7843,openaq_ground
2025-10-22 02:00:00,,11.73,1.4489,openaq_ground
2025-10-22 03:00:00,12.684999999999999,6.993333333333333,1.2651249999999998,openaq_ground
2025-10-22 04:00:00,9.445,6.83,1.5379333333333334,openaq_ground
2025-10-22 05:00:00,13.969999999999999,5.25,1.1163999999999998,openaq_ground
2025-10-22 06:00:00,,3.505,0.8719999999999999,openaq_ground
2025-10-22 07:00:00,11.95,5.170000000000001,1.0795000000000001,openaq_ground
2025-10-22 08:00:00,21.5,4.655,1.155,openaq_ground
2025-10-22 09:00:00,,,0.0487,openaq_ground
2025-10-22 10:00:00,,,0.081,openaq_ground
2025-10-22 11:00:00,2.95,,0.006,openaq_ground
2025-10-22 12:00:00,1.5995,9.383333333333333,2.7682749999999996,openaq_ground
2025-10-22 13:00:00,,6.13,2.6336666666666666,openaq_ground
2025-10-22 14:00:00,3.52,8.023333333333333,3.121,openaq_ground
2025-10-22 15:00:00,4.78,11.22,3.1773333333333333,openaq_ground
2025-10-22 16:00:00,22.0,7.84,1.997,openaq_ground
2025-10-22 17:00:00,25.099999999999998,13.056666666666667,2.26725,openaq_ground
2025-10-22 18:00:00,,11.2,1.3755,openaq_ground
2025-10-22 19:00:00,16.295,21.35,2.7804333333333333,openaq_ground
2025-10-22 20:00:00,8.45,14.270000000000001,1.642375,openaq_ground
2025-10-22 21:00:00,17.7,4.37,0.5275333333333333,openaq_ground
2025-10-22 22:00:00,2.95,1.96,0.3116666666666667,openaq_ground
2025-10-22 23:00:00,12.0,15.3,1.107,openaq_ground
2025-10-23 00:00:00,10.4665,3.82,0.436335,openaq_ground
2025-10-23 01:00:00,8.9285,7.920000000000001,1.04935,openaq_ground
2025-10-23 02:00:00,,8.95,1.0066666666666666,openaq_ground
2025-10-23 03:00:00,10.2205,5.516666666666667,0.75975,openaq_ground
2025-10-23 04:00:00,7.301,2.9966666666666666,0.7382500000000001,openaq_ground
2025-10-23 05:00:00,1.2,3.703333333333333,0.871475,openaq_ground
2025-10-23 06:00:00,6.6615,1.8,0.33727,openaq_ground
2025-10-23 07:00:00,9.64,3.255,0.8772666666666668,openaq_ground
2025-10-23 08:00:00,5.4185,3.16,1.055965,openaq_ground
2025-10-23 09:00:00,,,0.0186,openaq_ground
2025-10-23 10:00:00,,,0.169,openaq_ground
2025-10-23 11:00:00,7.08,18.8,6.173333333333333,openaq_ground
2025-10-23 12:00:00,6.8149999999999995,14.6,5.626666666666666,openaq_ground
2025-10-23 13:00:00,,25.0,7.535,openaq_ground
2025-10-23 14:00:00,6.93,63.85,10.1,openaq_ground
2025-10-23 15:00:00,20.5,15.8,11.425,openaq_ground
2025-10-23 16:00:00,30.9,31.0,7.6575,openaq_ground
2025-10-23 17:00:00,,37.0,6.03,openaq_ground
2025-10-23 18:00:00,22.049999999999997,9.536666666666667,3.3875,openaq_ground
2025-10-23 19:00:00,,4.03,1.246,openaq_ground
2025-10-23 20:00:00,11.510000000000002,5.529999999999999,0.983,openaq_ground
2025-10-23 21:00:00,9.495000000000001,4.1866666666666665,1.00415,openaq_ground
2025-10-23 22:00:00,29.7,5.625,1.1533333333333333,openaq_ground
2025-10-23 23:00:00,26.34,6.61,0.76775,openaq_ground
2025-10-24 00:00:00,10.655,4.933333333333334,1.2057075,openaq_ground
2025-10-24 01:00:00,1.65,7.026666666666667,1.4052499999999999,openaq_ground
2025-10-24 02:00:00,18.71,6.486666666666667,1.531675,openaq_ground
2025-10-24 03:00:00,17.4,5.01,0.8669,openaq_ground
2025-10-24 04:00:00,1.36,4.29,1.12375,openaq_ground
2025-10-24 05:00:00,14.15,4.0649999999999995,1.1083666666666667,openaq_ground
2025-10-24 06:00:00,26.1,8.7,1.0933000000000002,openaq_ground
2025-10-24 07:00:00,17.36,6.646666666666667,1.9136,openaq_ground
2025-10-24 08:00:00,26.45,8.923333333333334,2.545125,openaq_ground
2025-10-24 09:00:00,,,0.0152,openaq_ground
2025-10-24 10:00:00,,,0.0167,openaq_ground
2025-10-24 11:00:00,6.74,3.7866666666666666,1.071175,openaq_ground
2025-10-24 12:00:00,8.97,4.11,1.04375,openaq_ground
2025-10-24 13:00:00,,2.55,0.7076666666666666,openaq_ground
2025-10-24 14:00:00,10.45,2.7846666666666664,1.076,openaq_ground
2025-10-24 15:00:00,15.65,3.9436666666666667,1.0708,openaq_ground
2025-10-24 16:00:00,17.1,104.75293333333333,10.9882,openaq_ground
2025-10-24 17:00:00,29.3,0.0307,0.20995,openaq_ground
2025-10-24 18:00:00,20.53,4.978366666666667,0.80105,openaq_ground
2025-10-24 19:00:00,18.14,3.99,0.32,openaq_ground
2025-10-24 20:00:00,,4.3658,0.6306666666666667,openaq_ground
2025-10-24 21:00:00,37.6,,0.0167,openaq_ground
2025-10-24 22:00:00,11.277999999999999,4.404,0.651,openaq_ground
2025-10-24 23:00:00,7.878,2.8166666666666664,0.57675,openaq_ground
2025-10-25 00:00:00,10.1,12.2,0.8378,openaq_ground
2025-10-25 01:00:00,5.1455,4.1435,0.5806666666666667,openaq_ground
2025-10-25 02:00:00,6.3665,4.509666666666667,1.077575,openaq_ground
2025-10-25 03:00:00,0.714,4.8053333333333335,1.085875,openaq_ground
2025-10-25 04:00:00,15.8,0.771,0.2623,openaq_ground
2025-10-25 05:00:00,6.785,7.210999999999999,1.235725,openaq_ground
2025-10-25 06:00:00,7.08,8.72,1.2297333333333331,openaq_ground
2025-10-25 07:00:00,5.195,2.4753333333333334,0.56945,openaq_ground
2025-10-25 08:00:00,1.65,1.367,0.36400000000000005,openaq_ground
2025-10-25 09:00:00,,,0.0,openaq_ground
2025-10-25 10:00:00,,,0.0,openaq_ground
2025-10-25 11:00:00,4.955,1.3893333333333333,0.372,openaq_ground
2025-10-25 12:00:00,4.33,3.045,0.529,openaq_ground
2025-10-25 13:00:00,,0.452,0.1915,openaq_ground
2025-10-25 14:00:00,9.84,10.53,3.3166666666666664,openaq_ground
2025-10-25 15:00:00,3.795,11.0481,3.9284250000000003,openaq_ground
2025-10-25 16:00:00,1.93,10.984766666666665,4.3259,openaq_ground
2025-10-25 17:00:00,10.0,15.1,4.62,openaq_ground
2025-10-25 18:00:00,7.98,6.433666666666666,2.61275,openaq_ground
2025-10-25 19:00:00,1.16,2.11,0.5416666666666666,openaq_ground
2025-10-25 20:00:00,14.5,2.9495,0.5006666666666667,openaq_ground
2025-10-25 21:00:00,5.3005,1.3216666666666665,0.3024,openaq_ground
2025-10-25 22:00:00,0.485,1.6023333333333334,0.33466666666666667,openaq_ground
2025-10-25 23:00:00,6.545999999999999,1.298,0.19066666666666665,openaq_ground
2025-10-26 00:00:00,6.292999999999999,4.6,0.48533333333333334,openaq_ground
2025-10-26 01:00:00,6.3305,2.920666666666667,0.39225,openaq_ground
2025-10-26 02:00:00,0.208,2.5075000000000003,0.3423333333333333,openaq_ground
2025-10-26 03:00:00,10.8,3.5395000000000003,0.5489433333333334,openaq_ground
2025-10-26 04:00:00,4.8895,5.63,0.8896666666666667,openaq_ground
2025-10-26 05:00:00,4.949,2.0613333333333332,0.461225,openaq_ground
2025-10-26 06:00:00,4.258,2.4126666666666665,0.5155,openaq_ground
2025-10-26 07:00:00,,1.69,0.41018,openaq_ground
2025-10-26 08:00:00,6.21,1.4205,0.633,openaq_ground
2025-10-26 09:00:00,,,1.0,openaq_ground
2025-10-26 10:00:00,,,0.0055,openaq_ground
2025-10-26 11:00:00,2.52,1.819,0.41425,openaq_ground
2025-10-26 12:00:00,,,0.0,openaq_ground
2025-10-26 13:00:00,,0.44300000000000006,0.16475,openaq_ground
2025-10-26 14:00:00,1.23,0.773,0.217,openaq_ground
2025-10-26 15:00:00,5.51,2.9210000000000003,0.424,openaq_ground
2025-10-26 16:00:00,4.995,1.8,0.22,openaq_ground
2025-10-26 17:00:00,9.35,1.064,0.207925,openaq_ground
2025-10-26 18:00:00,0.868,0.34685,0.0959,openaq_ground
2025-10-26 19:00:00,16.7,5.45,1.8956,openaq_ground
2025-10-26 20:00:00,18.065,2.6951666666666667,0.32585000000000003,openaq_ground
2025-10-26 21:00:00,27.4,0.043,0.02165,openaq_ground
2025-10-26 22:00:00,17.34,3.8303333333333334,0.449075,openaq_ground
2025-10-26 23:00:00,2.92,2.2422666666666666,0.44895,openaq_ground
2025-10-27 00:00:00,24.6,3.5901505,0.5534343333333333,openaq_ground
2025-10-27 01:00:00,21.195,15.05,4.16611,openaq_ground
2025-10-27 02:00:00,22.380000000000003,7.850185,2.869158,openaq_ground
2025-10-27 03:00:00,4.6,12.100100666666668,4.6700755,openaq_ground
2025-10-27 04:00:00,21.209999999999997,6.5979,2.7648249999999996,openaq_ground
2025-10-27 05:00:00,11.475000000000001,8.015,3.5433333333333334,openaq_ground
2025-10-27 06:00:00,8.4,0.8418,1.7876,openaq_ground
2025-10-27 07:00:00,2.33,2.48,1.43,openaq_ground
2025-10-27 08:00:00,,1.7590000000000001,0.74495,openaq_ground
2025-10-27 09:00:00,,,0.127,openaq_ground
2025-10-27 10:00:00,,,0.0195,openaq_ground
2025-10-27 11:00:00,,0.827,0.47850000000000004,openaq_ground
2025-10-27 12:00:00,3.69,,0.061,openaq_ground
2025-10-27 13:00:00,,0.6293333333333333,0.31525,openaq_ground
2025-10-27 14:00:00,4.38,0.7223333333333334,0.28350000000000003,openaq_ground
2025-10-27 15:00:00,8.57,0.8889999999999999,0.424,openaq_ground
2025-10-27 16:00:00,13.49,0.9846666666666666,0.553775,openaq_ground
2025-10-27 17:00:00,24.5,0.427,0.663,openaq_ground
2025-10-27 18:00:00,17.7,4.85,1.8310000000000002,openaq_ground
2025-10-27 19:00:00,8.64,1.8323333333333334,0.9085,openaq_ground
2025-10-27 20:00:00,17.2,2.29,0.9625,openaq_ground
2025-10-27 21:00:00,17.9,2.51,2.0286666666666666,openaq_ground
2025-10-27 22:00:00,10.085,2.27,1.2570000000000001,openaq_ground
2025-10-27 23:00:00,19.4,3.29,1.3715,openaq_ground
2025-10-28 00:00:00,1.73,6.415,3.17,openaq_ground
2025-10-28 01:00:00,14.145,2.77,0.9326666666666666,openaq_ground
2025-10-28 02:00:00,12.095,5.463333333333334,2.091,openaq_ground
2025-10-28 03:00:00,2.15,5.516666666666667,2.981,openaq_ground
2025-10-28 04:00:00,8.469999999999999,5.390000000000001,3.276666666666667,openaq_ground
2025-10-28 05:00:00,23.5,6.76,2.762,openaq_ground
2025-10-28 06:00:00,23.6,17.99,11.0225,openaq_ground
2025-10-28 07:00:00,27.7,39.86666666666667,22.625,openaq_ground
2025-10-28 08:00:00,22.9,24.35,16.236666666666668,openaq_ground
2025-10-28 09:00:00,,,9.6,openaq_ground
2025-10-28 10:00:00,,,19.1,openaq_ground
2025-10-28 11:00:00,17.0,30.55,24.666666666666668,openaq_ground
2025-10-28 12:00:00,13.9,9.7,9.636666666666667,openaq_ground
2025-10-28 13:00:00,,14.24,9.989999999999998,openaq_ground
2025-10-28 14:00:00,10.7,12.25,5.0633333333333335,openaq_ground
2025-10-28 15:00:00,24.6,14.066666666666668,5.5,openaq_ground
2025-10-28 16:00:00,32.35,4.01,1.9466666666666665,openaq_ground
2025-10-28 17:00:00,28.6,2.05,1.58,openaq_ground
2025-10-28 18:00:00,18.35,2.9499999999999997,1.77575,openaq_ground
2025-10-28 19:00:00,5.28,2.72,1.13,openaq_ground
2025-10-28 20:00:00,12.7,2.25,0.9039999999999999,openaq_ground
2025-10-28 21:00:00,13.6,1.595,0.5226666666666667,openaq_ground
2025-10-28 22:00:00,18.6,3.82,0.725,openaq_ground
2025-10-28 23:00:00,1.5,1.6099999999999999,0.37433333333333335,openaq_ground
2025-10-29 00:00:00,18.744999999999997,2.89,0.85645,openaq_ground
2025-10-29 01:00:00,25.0,6.805,1.2626666666666666,openaq_ground
2025-10-29 02:00:00,2.47,6.35,1.422,openaq_ground
2025-10-29 03:00:00,22.25,7.52,1.7406333333333333,openaq_ground
2025-10-29 04:00:00,13.629999999999999,7.773333333333333,2.477,openaq_ground
2025-10-29 05:00:00,9.219999999999999,9.113333333333335,3.2022500000000003,openaq_ground
2025-10-29 06:00:00,21.0,10.065000000000001,3.2099999999999995,openaq_ground
2025-10-29 07:00:00,1.78,16.45,7.363333333333333,openaq_ground
2025-10-29 08:00:00,7.355,13.700000000000001,4.098,openaq_ground
2025-10-29 09:00:00,,,0.487,openaq_ground
2025-10-29 10:00:00,,,0.439,openaq_ground
2025-10-29 11:00:00,9.530000000000001,10.113333333333333,4.32,openaq_ground
2025-10-29 12:00:00,,9.975,3.7566666666666664,openaq_ground
2025-10-29 13:00:00,,,0.786,openaq_ground
2025-10-29 14:00:00,,,0.494,openaq_ground
2025-10-29 15:00:00,,,0.106,openaq_ground
2025-10-29 16:00:00,,,0.0,openaq_ground
2025-10-29 17:00:00,,,0.509,openaq_ground
2025-10-29 18:00:00,16.0,4.3,2.395,openaq_ground
2025-10-29 19:00:00,26.06,4.476666666666667,1.56,openaq_ground
2025-10-29 20:00:00,,,0.336,openaq_ground
2025-10-29 21:00:00,14.2,6.295,0.5855333333333334,openaq_ground
2025-10-29 22:00:00,7.460000000000001,7.483333333333333,0.763,openaq_ground
2025-10-29 23:00:00,,,0.0,openaq_ground
2025-10-30 00:00:00,,,0.0,openaq_ground
2025-10-30 01:00:00,,,0.0,openaq_ground
2025-10-30 02:00:00,,,0.0,openaq_ground
2025-10-30 03:00:00,,,0.0235,openaq_ground
2025-10-30 04:00:00,,,0.0,openaq_ground
2025-10-30 05:00:00,,,0.0,openaq_ground
2025-10-30 06:00:00,,,0.00833,openaq_ground
2025-10-30 07:00:00,,,0.0,openaq_ground
2025-10-30 08:00:00,,,0.131,openaq_ground
2025-10-30 09:00:00,,,0.0,openaq_ground
2025-10-30 10:00:00,,,0.0,openaq_ground
2025-10-30 11:00:00,,,0.0,openaq_ground
2025-10-30 12:00:00,,,0.0,openaq_ground
2025-10-30 13:00:00,,,0.0,openaq_ground
2025-10-30 14:00:00,,,0.0186,openaq_ground
2025-10-30 15:00:00,,,0.0112,openaq_ground
2025-10-30 16:00:00,,,1.34,openaq_ground
2025-10-30 17:00:00,,,0.269,openaq_ground
2025-10-30 18:00:00,,,0.0417,openaq_ground
2025-10-30 19:00:00,,,0.0417,openaq_ground
2025-10-30 20:00:00,,,0.0849,openaq_ground
2025-10-30 21:00:00,,,0.0167,openaq_ground
2025-10-30 22:00:00,,,0.424,openaq_ground
2025-10-30 23:00:00,,,0.679,openaq_ground
2025-10-31 00:00:00,,,0.415,openaq_ground
2025-10-31 01:00:00,,,0.448,openaq_ground
2025-10-31 02:00:00,,,0.38,openaq_ground
2025-10-31 03:00:00,,,0.563,openaq_ground
2025-10-31 04:00:00,,,0.939,openaq_ground
2025-10-31 05:00:00,,,2.37,openaq_ground
2025-10-31 06:00:00,,,1.75,openaq_ground
2025-10-31 07:00:00,,,3.38,openaq_ground
2025-10-31 08:00:00,,,1.1,openaq_ground
2025-10-31 09:00:00,,,1.46,openaq_ground
2025-10-31 10:00:00,,,1.71,openaq_ground
2025-10-31 11:00:00,,,1.3,openaq_ground
2025-10-31 12:00:00,,,1.27,openaq_ground
2025-10-31 13:00:00,,,1.16,openaq_ground
2025-10-31 14:00:00,,,0.953,openaq_ground
2025-10-31 15:00:00,,,1.06,openaq_ground
2025-10-31 16:00:00,,,0.956,openaq_ground
2025-10-31 17:00:00,,,1.19,openaq_ground
2025-10-31 18:00:00,,,1.16,openaq_ground
2025-10-31 19:00:00,,,2.57,openaq_ground
2025-10-31 20:00:00,,,2.2,openaq_ground
2025-10-31 21:00:00,,,1.28,openaq_ground
2025-10-31 22:00:00,,,1.22,openaq_ground
2025-10-31 23:00:00,,,1.39,openaq_ground
2025-11-01 00:00:00,,,0.825,openaq_ground
2025-11-01 01:00:00,,,0.566,openaq_ground
2025-11-01 02:00:00,,,0.707,openaq_ground
2025-11-01 03:00:00,,,0.996,openaq_ground
2025-11-01 04:00:00,,,1.02,openaq_ground
2025-11-01 05:00:00,,,1.54,openaq_ground
2025-11-01 06:00:00,,,1.3,openaq_ground
2025-11-01 07:00:00,,,1.35,openaq_ground
2025-11-01 08:00:00,,,0.865,openaq_ground
2025-11-01 09:00:00,,,0.702,openaq_ground
2025-11-01 10:00:00,,,0.705,openaq_ground
2025-11-01 11:00:00,,,1.66,openaq_ground
2025-11-01 12:00:00,,,2.04,openaq_ground
2025-11-01 13:00:00,,,2.3,openaq_ground
2025-11-01 14:00:00,,,1.56,openaq_ground
2025-11-01 15:00:00,,,2.2,openaq_ground
2025-11-01 16:00:00,,,2.42,openaq_ground
2025-11-01 17:00:00,,,3.78,openaq_ground
2025-11-01 18:00:00,,,6.21,openaq_ground
2025-11-01 19:00:00,,,5.22,openaq_ground
2025-11-01 20:00:00,,,6.66,openaq_ground
2025-11-01 21:00:00,,,6.35,openaq_ground
2025-11-01 22:00:00,,,3.85,openaq_ground
2025-11-01 23:00:00,,,2.37,openaq_ground
2025-11-02 00:00:00,,,2.0,openaq_ground
2025-11-02 01:00:00,,,1.77,openaq_ground
2025-11-02 02:00:00,,,1.72,openaq_ground
2025-11-02 03:00:00,,,2.15,openaq_ground
2025-11-02 04:00:00,,,1.96,openaq_ground
2025-11-02 05:00:00,,,2.17,openaq_ground
2025-11-02 06:00:00,,,2.22,openaq_ground
2025-11-02 07:00:00,,,2.81,openaq_ground
2025-11-02 08:00:00,,,3.17,openaq_ground
2025-11-02 09:00:00,,,3.6,openaq_ground
2025-11-02 10:00:00,,,4.69,openaq_ground
2025-11-02 11:00:00,,,4.07,openaq_ground
2025-11-02 12:00:00,,,3.58,openaq_ground
2025-11-02 13:00:00,,,3.78,openaq_ground
2025-11-02 14:00:00,,,4.18,openaq_ground
2025-11-02 15:00:00,,,3.75,openaq_ground
2025-11-02 16:00:00,,,4.6,openaq_ground
2025-11-02 17:00:00,,,6.41,openaq_ground
2025-11-02 18:00:00,,,6.3,openaq_ground
2025-11-02 19:00:00,,,4.78,openaq_ground
2025-11-02 20:00:00,,,4.86,openaq_ground
2025-11-02 21:00:00,,,5.44,openaq_ground
2025-11-02 22:00:00,,,4.08,openaq_ground
2025-11-02 23:00:00,,,2.27,openaq_ground
2025-11-03 00:00:00,,,1.54,openaq_ground
2025-11-03 01:00:00,,,1.97,openaq_ground
2025-11-03 02:00:00,,,2.05,openaq_ground
2025-11-03 03:00:00,,,1.86,openaq_ground
2025-11-03 04:00:00,,,1.73,openaq_ground
2025-11-03 05:00:00,,,1.6,openaq_ground
2025-11-03 06:00:00,,,1.93,openaq_ground
2025-11-03 07:00:00,,,2.79,openaq_ground
2025-11-03 08:00:00,,,3.31,openaq_ground
2025-11-03 09:00:00,,,3.07,openaq_ground
2025-11-03 10:00:00,,,3.05,openaq_ground
2025-11-03 11:00:00,,,2.98,openaq_ground
2025-11-03 12:00:00,,,2.13,openaq_ground
2025-11-03 13:00:00,,,0.148,openaq_ground
2025-11-03 14:00:00,,,0.55,openaq_ground
2025-11-03 15:00:00,,,0.209,openaq_ground
2025-11-03 16:00:00,,,0.137,openaq_ground
2025-11-03 17:00:00,,,0.119,openaq_ground
2025-11-03 18:00:00,,,0.279,openaq_ground
2025-11-03 19:00:00,,,0.0665,openaq_ground
2025-11-03 20:00:00,,,0.00283,openaq_ground
2025-11-03 21:00:00,,,0.0354,openaq_ground
2025-11-03 22:00:00,,,0.631,openaq_ground
2025-11-03 23:00:00,,,1.76,openaq_ground
2025-11-04 00:00:00,,,1.82,openaq_ground
2025-11-04 01:00:00,,,1.02,openaq_ground
2025-11-04 02:00:00,,,0.223,openaq_ground
2025-11-04 03:00:00,,,0.235,openaq_ground
2025-11-04 04:00:00,,,1.09,openaq_ground
2025-11-04 05:00:00,,,0.572,openaq_ground
2025-11-04 06:00:00,,,0.644,openaq_ground
2025-11-04 07:00:00,,,0.338,openaq_ground
2025-11-04 08:00:00,,,0.405,openaq_ground
2025-11-04 09:00:00,,,0.331,openaq_ground
2025-11-04 10:00:00,,,0.567,openaq_ground
2025-11-04 11:00:00,,,0.494,openaq_ground
2025-11-04 12:00:00,,,0.597,openaq_ground
2025-11-04 13:00:00,,,0.904,openaq_ground
2025-11-04 14:00:00,,,1.11,openaq_ground
2025-11-04 15:00:00,,,1.61,openaq_ground
2025-11-04 16:00:00,,,1.57,openaq_ground
2025-11-04 17:00:00,,,1.7,openaq_ground
2025-11-04 18:00:00,,,1.42,openaq_ground
2025-11-04 19:00:00,,,1.31,openaq_ground
2025-11-04 20:00:00,,,1.61,openaq_ground
2025-11-04 21:00:00,,,1.14,openaq_ground
2025-11-04 22:00:00,,,1.27,openaq_ground
2025-11-04 23:00:00,,,0.754,openaq_ground
2025-11-05 00:00:00,,,0.563,openaq_ground
2025-11-05 01:00:00,,,0.883,openaq_ground
2025-11-05 02:00:00,,,1.35,openaq_ground
2025-11-05 03:00:00,,,2.2,openaq_ground
2025-11-05 04:00:00,,,3.05,openaq_ground
2025-11-05 05:00:00,,,3.7,openaq_ground
2025-11-05 07:00:00,,,5.03,openaq_ground
2025-11-05 08:00:00,,,6.27,openaq_ground
2025-11-05 09:00:00,,,5.37,openaq_ground
2025-11-05 10:00:00,,,4.95,openaq_ground
2025-11-05 11:00:00,,,5.24,openaq_ground
2025-11-05 12:00:00,,,4.6,openaq_ground
2025-11-05 13:00:00,,,4.33,openaq_ground
2025-11-05 14:00:00,,,4.02,openaq_ground
2025-11-05 15:00:00,,,4.2,openaq_ground
2025-11-05 16:00:00,,,6.44,openaq_ground
2025-11-05 17:00:00,,,9.01,openaq_ground
2025-11-05 18:00:00,,,6.1,openaq_ground
2025-11-05 19:00:00,,,2.56,openaq_ground
2025-11-05 20:00:00,,,0.863,openaq_ground
2025-11-05 21:00:00,,,0.384,openaq_ground
2025-11-05 22:00:00,,,0.234,openaq_ground
2025-11-05 23:00:00,,,0.00283,openaq_ground
2025-11-06 00:00:00,,,0.0,openaq_ground
2025-11-06 01:00:00,,,0.0,openaq_ground
2025-11-06 02:00:00,,,0.011,openaq_ground
2025-11-06 03:00:00,,,0.0,openaq_ground
2025-11-06 04:00:00,,,0.0195,openaq_ground
2025-11-06 05:00:00,7.46,13.466666666666667,3.2725,openaq_ground
2025-11-06 06:00:00,10.049999999999999,11.62,3.935,openaq_ground
2025-11-06 07:00:00,6.8950000000000005,14.4,5.7575,openaq_ground
2025-11-06 08:00:00,,,4.61,openaq_ground
2025-11-06 09:00:00,,,5.95,openaq_ground
2025-11-06 10:00:00,,,5.8,openaq_ground
2025-11-06 11:00:00,3.31,11.113333333333335,5.465,openaq_ground
2025-11-06 12:00:00,3.77,9.656666666666666,5.1025,openaq_ground
2025-11-06 13:00:00,,9.6,5.4475,openaq_ground
2025-11-06 14:00:00,9.43,10.953333333333333,5.2375,openaq_ground
2025-11-06 15:00:00,,,3.92,openaq_ground
2025-11-06 16:00:00,22.45,27.200000000000003,6.5275,openaq_ground
2025-11-06 17:00:00,33.15,13.866666666666667,5.1125,openaq_ground
2025-11-06 18:00:00,21.695,12.333333333333334,5.005,openaq_ground
2025-11-06 19:00:00,18.45,8.433333333333334,3.67,openaq_ground
2025-11-06 20:00:00,10.74,11.549999999999999,3.19875,openaq_ground
2025-11-06 21:00:00,33.2,11.0,2.9283333333333332,openaq_ground
2025-11-06 22:00:00,16.185,13.633333333333333,3.49425,openaq_ground
2025-11-06 23:00:00,15.395000000000001,11.63,3.272,openaq_ground
2025-11-07 00:00:00,17.275,11.479999999999999,3.44725,openaq_ground
2025-11-07 01:00:00,18.33,9.613333333333335,3.58275,openaq_ground
2025-11-07 02:00:00,17.865,13.200000000000001,4.61275,openaq_ground
2025-11-07 03:00:00,12.115,11.646666666666667,4.7725,openaq_ground
2025-11-07 04:00:00,,,2.76,openaq_ground
2025-11-07 05:00:00,16.974999999999998,12.133333333333333,5.815,openaq_ground
2025-11-07 06:00:00,18.245,13.116666666666667,6.4375,openaq_ground
2025-11-07 07:00:00,15.049999999999999,12.08,6.43,openaq_ground
2025-11-07 08:00:00,15.014999999999999,10.26,6.15,openaq_ground
2025-11-07 09:00:00,,,5.77,openaq_ground
2025-11-07 10:00:00,,,4.87,openaq_ground
2025-11-07 11:00:00,1.72,12.503333333333332,5.9125,openaq_ground
2025-11-07 12:00:00,1.6840000000000002,11.416666666666666,5.6975,openaq_ground
2025-11-07 13:00:00,,11.363333333333335,5.7475000000000005,openaq_ground
2025-11-07 14:00:00,2.56,13.4,5.955,openaq_ground
2025-11-07 15:00:00,15.3,,2.82,openaq_ground
2025-11-07 16:00:00,8.25,18.400000000000002,8.184999999999999,openaq_ground
2025-11-07 17:00:00,8.605,17.533333333333335,8.5625,openaq_ground
2025-11-07 18:00:00,12.525,14.200000000000001,8.09,openaq_ground
2025-11-07 19:00:00,20.8,17.573333333333334,8.91,openaq_ground
2025-11-07 20:00:00,16.585,17.066666666666666,7.445,openaq_ground
2025-11-07 21:00:00,,,4.26,openaq_ground
2025-11-07 22:00:00,26.005000000000003,14.5,6.1875,openaq_ground
2025-11-07 23:00:00,18.935000000000002,14.423333333333334,6.4575,openaq_ground
2025-11-08 00:00:00,13.785,10.96,5.66,openaq_ground
2025-11-08 01:00:00,17.945,10.086666666666666,5.2875,openaq_ground
2025-11-08 02:00:00,16.735,9.979999999999999,5.0825,openaq_ground
2025-11-08 03:00:00,10.87,9.5,4.1775,openaq_ground
2025-11-08 04:00:00,19.974999999999998,8.016666666666666,3.2525,openaq_ground
2025-11-08 05:00:00,22.119999999999997,8.44,2.847,openaq_ground
2025-11-08 06:00:00,17.355,11.466666666666667,3.48175,openaq_ground
2025-11-08 07:00:00,19.549999999999997,21.433333333333334,6.82775,openaq_ground
2025-11-08 08:00:00,27.95,23.96666666666667,10.38,openaq_ground
2025-11-08 09:00:00,,,11.4,openaq_ground
2025-11-08 10:00:00,,,6.74,openaq_ground
2025-11-08 11:00:00,13.8,22.099999999999998,9.075,openaq_ground
2025-11-08 12:00:00,4.465,15.299999999999999,5.7925,openaq_ground
2025-11-08 13:00:00,,12.493333333333334,5.425,openaq_ground
2025-11-08 14:00:00,3.68,10.86,5.355,openaq_ground
2025-11-08 15:00:00,2.751,10.733333333333334,4.37,openaq_ground
2025-11-08 16:00:00,3.55,9.19,3.6375,openaq_ground
2025-11-08 17:00:00,7.435,10.966666666666667,4.05,openaq_ground
2025-11-08 18:00:00,,,0.656,openaq_ground
2025-11-08 19:00:00,6.075,12.9,4.697,openaq_ground
2025-11-08 20:00:00,5.76,13.1,4.965,openaq_ground
2025-11-08 21:00:00,15.8,15.600000000000001,4.88,openaq_ground
2025-11-08 22:00:00,12.375,12.633333333333333,4.8125,openaq_ground
2025-11-08 23:00:00,18.174999999999997,10.333333333333334,4.6,openaq_ground
2025-11-09 00:00:00,12.55,13.356666666666667,4.7025,openaq_ground
2025-11-09 01:00:00,13.64,10.316666666666666,4.335,openaq_ground
2025-11-09 02:00:00,9.18,13.200000000000001,6.77,openaq_ground
2025-11-09 03:00:00,10.02,14.5,7.99,openaq_ground
2025-11-09 04:00:00,6.375,14.0,7.8925,openaq_ground
2025-11-09 05:00:00,6.585,17.033333333333335,8.5275,openaq_ground
2025-11-09 06:00:00,,,7.03,openaq_ground
2025-11-09 07:00:00,4.475,15.966666666666667,8.485,openaq_ground
2025-11-09 08:00:00,4.955,19.0,9.334999999999999,openaq_ground
2025-11-09 09:00:00,,,6.22,openaq_ground
2025-11-09 10:00:00,,,7.51,openaq_ground
2025-11-09 11:00:00,0.5745,18.233333333333334,8.8325,openaq_ground
2025-11-09 12:00:00,0.612,17.099999999999998,8.5125,openaq_ground
2025-11-09 13:00:00,,19.233333333333334,8.94,openaq_ground
2025-11-09 14:00:00,2.8949999999999996,20.96666666666667,9.285,openaq_ground
2025-11-09 15:00:00,3.89,18.900000000000002,8.715,openaq_ground
2025-11-09 16:00:00,16.75,24.133333333333336,8.275,openaq_ground
2025-11-09 17:00:00,,,3.21,openaq_ground
2025-11-09 18:00:00,28.349999999999998,40.9,7.8625,openaq_ground
2025-11-09 19:00:00,24.2,24.299999999999997,3.9125,openaq_ground
2025-11-09 20:00:00,22.875,14.43,2.4234999999999998,openaq_ground
2025-11-09 21:00:00,38.5,14.600000000000001,1.6203333333333332,openaq_ground
2025-11-09 22:00:00,19.235,12.033333333333333,1.5662500000000001,openaq_ground
2025-11-09 23:00:00,20.155,19.2,2.575,openaq_ground
2025-11-10 00:00:00,,,0.0223,openaq_ground
2025-11-10 01:00:00,18.04,16.733333333333334,2.6877500000000003,openaq_ground
2025-11-10 02:00:00,20.169999999999998,14.766666666666666,2.272,openaq_ground
2025-11-10 03:00:00,18.04,12.373333333333335,2.34475,openaq_ground
2025-11-10 04:00:00,17.16,3.996666666666666,0.90575,openaq_ground
2025-11-10 05:00:00,,,0.0,openaq_ground
2025-11-10 06:00:00,14.085,6.9366666666666665,1.64725,openaq_ground
2025-11-10 07:00:00,18.255000000000003,5.96,1.77345,openaq_ground
2025-11-10 08:00:00,16.23,6.873333333333334,2.004325,openaq_ground
2025-11-10 09:00:00,,,0.214,openaq_ground
2025-11-10 10:00:00,,,0.0418,openaq_ground
2025-11-10 11:00:00,12.55,4.256666666666667,1.786,openaq_ground
2025-11-10 12:00:00,4.6899999999999995,9.54,3.306125,openaq_ground
2025-11-10 13:00:00,,8.696666666666667,3.5225,openaq_ground
2025-11-10 14:00:00,2.1685,3.926666666666667,2.3325,openaq_ground
2025-11-10 15:00:00,2.4545000000000003,2.6199999999999997,1.3295,openaq_ground
2025-11-10 16:00:00,7.66,4.1866666666666665,2.03325,openaq_ground
2025-11-10 17:00:00,14.515,4.883333333333333,2.25075,openaq_ground
2025-11-10 18:00:00,12.305,9.586666666666668,3.926,openaq_ground
2025-11-10 19:00:00,9.73,12.299999999999999,4.5905000000000005,openaq_ground
2025-11-10 20:00:00,,,1.29,openaq_ground
2025-11-10 21:00:00,19.1,14.4,4.2956666666666665,openaq_ground
2025-11-10 22:00:00,10.53,12.0,4.178,openaq_ground
2025-11-10 23:00:00,11.049999999999999,11.986666666666666,4.467499999999999,openaq_ground
2025-11-11 00:00:00,18.3,10.966666666666667,4.3225,openaq_ground
2025-11-11 01:00:00,11.17,13.966666666666667,4.045,openaq_ground
2025-11-11 02:00:00,,,0.592,openaq_ground
2025-11-11 03:00:00,12.46,12.003333333333332,3.6777499999999996,openaq_ground
2025-11-11 04:00:00,8.55,11.036666666666667,3.7765000000000004,openaq_ground
2025-11-11 05:00:00,7.925,11.966666666666667,4.20275,openaq_ground
2025-11-11 06:00:00,7.27,10.700000000000001,4.155,openaq_ground
2025-11-11 07:00:00,5.465,11.233333333333334,4.02,openaq_ground
2025-11-11 08:00:00,4.7405,10.36,3.99775,openaq_ground
2025-11-11 09:00:00,,,0.75,openaq_ground
2025-11-11 10:00:00,,,0.753,openaq_ground
2025-11-11 11:00:00,1.775,10.713333333333333,3.98225,openaq_ground
2025-11-11 12:00:00,0.6775,10.473333333333334,3.7895000000000003,openaq_ground
2025-11-11 13:00:00,,10.32,3.88725,openaq_ground
2025-11-11 14:00:00,5.0600000000000005,9.61,3.8365,openaq_ground
2025-11-11 15:00:00,4.95,10.406666666666666,4.045,openaq_ground
2025-11-11 16:00:00,14.845,10.043333333333333,3.9425,openaq_ground
2025-11-11 17:00:00,15.175,11.200000000000001,4.3025,openaq_ground
2025-11-11 18:00:00,14.745000000000001,10.803333333333333,3.9375,openaq_ground
2025-11-11 19:00:00,9.89,10.216666666666667,4.015,openaq_ground
2025-11-11 20:00:00,9.155,12.906666666666666,4.2425,openaq_ground
2025-11-11 21:00:00,11.91,12.063333333333333,4.050000000000001,openaq_ground
2025-11-11 22:00:00,11.796,12.173333333333332,3.6,openaq_ground
2025-11-11 23:00:00,8.644,10.530000000000001,3.2595,openaq_ground
2025-11-12 00:00:00,8.85,10.66,3.67125,openaq_ground
2025-11-12 01:00:00,9.38,11.450000000000001,3.8899999999999997,openaq_ground
2025-11-12 02:00:00,,,1.16,openaq_ground
2025-11-12 03:00:00,8.945,10.336666666666666,3.875,openaq_ground
2025-11-12 04:00:00,10.955,10.006666666666666,4.1525,openaq_ground
2025-11-12 05:00:00,11.184999999999999,4.36,2.17,openaq_ground
2025-11-12 06:00:00,5.58,2.67,1.3836666666666666,openaq_ground
2025-11-12 07:00:00,9.78,2.5966666666666667,1.3336666666666666,openaq_ground
2025-11-12 08:00:00,13.92,2.3966666666666665,1.1226666666666667,openaq_ground
2025-11-12 11:00:00,1.485,2.15,0.9223333333333333,openaq_ground
2025-11-12 12:00:00,2.37,3.3800000000000003,1.01875,openaq_ground
2025-11-12 13:00:00,,3.4599999999999995,1.307075,openaq_ground
2025-11-12 14:00:00,6.494999999999999,3.0666666666666664,1.403,openaq_ground
2025-11-12 15:00:00,,,0.528,openaq_ground
2025-11-12 16:00:00,13.085,3.8633333333333333,1.77375,openaq_ground
2025-11-12 17:00:00,16.009999999999998,3.1666666666666665,0.9795,openaq_ground
2025-11-12 18:00:00,12.36,1.9066666666666665,0.7891999999999999,openaq_ground
2025-11-12 19:00:00,11.305,2.1613333333333333,0.4835,openaq_ground
2025-11-12 20:00:00,9.215,1.4733333333333334,0.43845,openaq_ground
2025-11-12 21:00:00,18.9,1.1265,0.41500000000000004,openaq_ground
2025-11-12 22:00:00,8.305,2.22,0.8909575000000001,openaq_ground
2025-11-12 23:00:00,12.21,3.044333333333333,1.281625,openaq_ground
2025-11-13 00:00:00,14.09,1.73,0.55835,openaq_ground
2025-11-13 01:00:00,12.19,3.043333333333333,1.3825,openaq_ground
2025-11-13 02:00:00,6.885,4.193333333333333,2.82975,openaq_ground
2025-11-13 03:00:00,7.675000000000001,4.6499999999999995,2.9625,openaq_ground
2025-11-13 04:00:00,6.535,6.8500000000000005,4.385,openaq_ground
2025-11-13 05:00:00,8.295,7.95,6.260000000000001,openaq_ground
2025-11-13 06:00:00,12.95,13.26,9.6775,openaq_ground
2025-11-13 07:00:00,10.78,18.166666666666668,12.3625,openaq_ground
2025-11-13 08:00:00,10.190000000000001,9.056666666666667,5.8100000000000005,openaq_ground
2025-11-13 09:00:00,,,5.29,openaq_ground
2025-11-13 10:00:00,,,6.53,openaq_ground
2025-11-13 11:00:00,6.51,19.0,9.203333333333333,openaq_ground
2025-11-13 12:00:00,4.805,12.700000000000001,5.765,openaq_ground
2025-11-13 13:00:00,,11.665,4.986666666666667,openaq_ground
2025-11-13 14:00:00,3.655,11.866666666666667,4.640000000000001,openaq_ground
2025-11-13 15:00:00,3.9799999999999995,9.515,3.8166666666666664,openaq_ground
2025-11-13 16:00:00,11.785,13.596666666666666,4.3425,openaq_ground
2025-11-13 17:00:00,13.565,14.35,3.9975,openaq_ground
2025-11-13 18:00:00,9.815,8.17,2.5555,openaq_ground
2025-11-13 19:00:00,1.83,8.285,3.154333333333333,openaq_ground
2025-11-13 20:00:00,13.15,10.003333333333332,2.52275,openaq_ground
2025-11-13 21:00:00,14.68,9.876666666666667,2.60075,openaq_ground
2025-11-13 22:00:00,19.7,12.75,2.7312,openaq_ground
2025-11-13 23:00:00,15.194999999999999,10.296666666666667,2.9805,openaq_ground
2025-11-14 00:00:00,9.315,9.129999999999999,2.237,openaq_ground
2025-11-14 01:00:00,0.957,8.355,2.795,openaq_ground
2025-11-14 02:00:00,6.849,8.1,2.10975,openaq_ground
2025-11-14 03:00:00,8.995,4.11,1.05375,openaq_ground
2025-11-14 04:00:00,11.235000000000001,3.97,1.16175,openaq_ground
2025-11-14 05:00:00,10.165,5.486666666666667,2.3766666666666665,openaq_ground
2025-11-14 06:00:00,8.455,4.69,1.9866666666666666,openaq_ground
2025-11-14 07:00:00,10.25,7.126666666666666,2.6999999999999997,openaq_ground
2025-11-14 08:00:00,13.709999999999999,6.8566666666666665,2.5466666666666664,openaq_ground
2025-11-14 11:00:00,2.685,4.926666666666667,2.6163333333333334,openaq_ground
2025-11-14 12:00:00,1.5055,7.543333333333333,4.12,openaq_ground
2025-11-14 13:00:00,,2.17,1.01725,openaq_ground
2025-11-14 14:00:00,3.3,2.8466666666666662,1.21275,openaq_ground
2025-11-14 15:00:00,4.13,2.9066666666666663,1.1321750000000002,openaq_ground
2025-11-14 16:00:00,,,0.075,openaq_ground
2025-11-14 17:00:00,14.370000000000001,4.066666666666666,1.84225,openaq_ground
2025-11-14 18:00:00,8.775,8.603333333333333,3.0172499999999998,openaq_ground
2025-11-14 19:00:00,14.58,8.736666666666666,3.11075,openaq_ground
2025-11-14 20:00:00,11.2265,6.823333333333333,2.8925,openaq_ground
2025-11-14 21:00:00,9.765,7.243333333333333,2.60325,openaq_ground
2025-11-14 22:00:00,,,0.269,openaq_ground
2025-11-14 23:00:00,13.354999999999999,7.383333333333333,2.19775,openaq_ground
2025-11-15 00:00:00,16.165,3.763333333333333,1.58925,openaq_ground
2025-11-15 01:00:00,9.59,3.9533333333333336,1.39875,openaq_ground
2025-11-15 02:00:00,13.485000000000001,6.096666666666667,1.9975,openaq_ground
2025-11-15 03:00:00,17.54,6.366666666666667,2.1717500000000003,openaq_ground
2025-11-15 04:00:00,13.53,6.313333333333333,1.8565,openaq_ground
2025-11-15 05:00:00,11.765,6.873333333333334,2.2015,openaq_ground
2025-11-15 06:00:00,16.48,5.760000000000001,2.26375,openaq_ground
2025-11-15 07:00:00,19.75,6.97,3.09475,openaq_ground
2025-11-15 08:00:00,15.195,9.346666666666666,6.26,openaq_ground
2025-11-15 09:00:00,,,8.04,openaq_ground
2025-11-15 10:00:00,,,6.0,openaq_ground
2025-11-15 11:00:00,8.105,8.506666666666666,5.4825,openaq_ground
2025-11-15 12:00:00,8.225000000000001,7.359999999999999,4.755,openaq_ground
2025-11-15 13:00:00,,5.993333333333332,3.3575,openaq_ground
2025-11-15 14:00:00,9.645,7.789999999999999,4.345,openaq_ground
2025-11-15 15:00:00,8.385,9.35,4.6725,openaq_ground
2025-11-15 16:00:00,,,0.494,openaq_ground
2025-11-15 17:00:00,7.325,5.416666666666667,2.3015,openaq_ground
2025-11-15 18:00:00,10.885,10.86,4.6175,openaq_ground
2025-11-15 19:00:00,9.75,8.863333333333335,2.9524999999999997,openaq_ground
2025-11-15 20:00:00,10.875,7.196666666666666,2.12975,openaq_ground
2025-11-15 21:00:00,10.9595,5.193333333333334,1.53975,openaq_ground
2025-11-15 22:00:00,,,0.0803,openaq_ground
2025-11-15 23:00:00,13.345,5.52,1.7676249999999998,openaq_ground
2025-11-16 00:00:00,8.991999999999999,8.516666666666667,2.557925,openaq_ground
2025-11-16 01:00:00,6.804,9.046666666666667,2.791,openaq_ground
2025-11-16 02:00:00,7.7375,11.246666666666668,3.3282499999999997,openaq_ground
2025-11-16 03:00:00,5.886,11.373333333333333,4.516666666666667,openaq_ground
2025-11-16 04:00:00,,,0.509,openaq_ground
2025-11-16 05:00:00,4.175,15.700000000000001,5.43625,openaq_ground
2025-11-16 06:00:00,5.505,17.966666666666665,6.3025,openaq_ground
2025-11-16 07:00:00,3.435,19.433333333333334,6.96,openaq_ground
2025-11-16 08:00:00,5.0615,21.7,7.7825,openaq_ground
2025-11-16 09:00:00,,,2.87,openaq_ground
2025-11-16 10:00:00,,,3.04,openaq_ground
2025-11-16 11:00:00,0.3425,25.03333333333333,8.8375,openaq_ground
2025-11-16 12:00:00,0.889,27.166666666666668,9.225,openaq_ground
2025-11-16 13:00:00,,23.866666666666664,8.895,openaq_ground
2025-11-16 14:00:00,4.16,23.53333333333333,8.6775,openaq_ground
2025-11-16 15:00:00,8.145,22.133333333333336,8.235,openaq_ground
2025-11-16 16:00:00,11.510000000000002,20.033333333333335,6.965,openaq_ground
2025-11-16 17:00:00,24.23,14.299999999999999,4.6274999999999995,openaq_ground
2025-11-16 18:00:00,20.990000000000002,13.5,3.0925000000000002,openaq_ground
2025-11-16 19:00:00,10.754999999999999,12.223333333333334,2.98,openaq_ground
2025-11-16 20:00:00,19.904999999999998,15.6,3.96725,openaq_ground
2025-11-16 21:00:00,,,0.856,openaq_ground
2025-11-16 22:00:00,16.73,10.833333333333334,3.42,openaq_ground
2025-11-16 23:00:00,20.764999999999997,13.696666666666667,3.35925,openaq_ground
2025-11-17 00:00:00,10.77,9.186666666666666,2.3535,openaq_ground
2025-11-17 01:00:00,7.875,8.360000000000001,2.179,openaq_ground
2025-11-17 02:00:00,10.834999999999999,13.363333333333335,2.2159999999999997,openaq_ground
2025-11-17 03:00:00,9.725,5.616666666666667,1.5202499999999999,openaq_ground
2025-11-17 04:00:00,17.69,5.843333333333334,1.685,openaq_ground
2025-11-17 05:00:00,13.495000000000001,5.28,1.569,openaq_ground
2025-11-17 06:00:00,,,0.273,openaq_ground
2025-11-17 07:00:00,8.775,8.073333333333332,3.486666666666667,openaq_ground
2025-11-17 08:00:00,15.19,15.483333333333333,6.5566666666666675,openaq_ground
2025-11-17 09:00:00,,,1.36,openaq_ground
2025-11-17 10:00:00,,,2.12,openaq_ground
2025-11-17 11:00:00,1.98,13.566666666666668,3.7649999999999997,openaq_ground
2025-11-17 12:00:00,0.5770000000000001,13.683333333333332,4.095,openaq_ground
2025-11-17 13:00:00,,9.046666666666667,2.78225,openaq_ground
2025-11-17 14:00:00,0.826,9.183333333333334,2.587,openaq_ground
2025-11-17 15:00:00,4.07,17.46666666666667,4.9887500000000005,openaq_ground
2025-11-17 16:00:00,,,0.817,openaq_ground
2025-11-17 17:00:00,19.555,14.699999999999998,5.217499999999999,openaq_ground
2025-11-17 18:00:00,29.534999999999997,13.4,4.3775,openaq_ground
2025-11-17 19:00:00,19.415000000000003,19.333333333333332,6.1225000000000005,openaq_ground
2025-11-17 20:00:00,19.03,21.266666666666666,7.0075,openaq_ground
2025-11-17 21:00:00,19.49,21.599999999999998,6.035,openaq_ground
2025-11-17 22:00:00,18.25,24.166666666666668,3.0225,openaq_ground
2025-11-17 23:00:00,,,0.623,openaq_ground
2025-11-18 00:00:00,17.07,11.93,1.236675,openaq_ground
2025-11-18 01:00:00,15.93,12.403333333333334,1.237325,openaq_ground
2025-11-18 02:00:00,30.540000000000003,11.456666666666665,1.183925,openaq_ground
2025-11-18 03:00:00,20.169999999999998,8.073333333333332,1.125,openaq_ground
2025-11-18 04:00:00,17.84,16.38,4.816999999999999,openaq_ground
2025-11-18 05:00:00,24.715,6.153333333333333,0.784825,openaq_ground
2025-11-18 06:00:00,21.415000000000003,24.52,5.6045,openaq_ground
2025-11-18 07:00:00,19.72,3.9499999999999997,0.6423325,openaq_ground
2025-11-18 08:00:00,,,0.0305,openaq_ground
2025-11-18 09:00:00,,,0.0,openaq_ground
2025-11-18 10:00:00,,,0.0472,openaq_ground
2025-11-18 11:00:00,1.5964999999999998,6.308,2.18625,openaq_ground
2025-11-18 12:00:00,0.9495,5.909999999999999,1.93525,openaq_ground
2025-11-18 13:00:00,0.728,4.156666666666666,1.17575,openaq_ground
2025-11-18 14:00:00,6.515,10.323333333333334,2.883425,openaq_ground
2025-11-18 15:00:00,6.84,11.463333333333333,3.245,openaq_ground
2025-11-18 16:00:00,,,0.28,openaq_ground
2025-11-18 17:00:00,31.0,14.850000000000001,3.62975,openaq_ground
2025-11-18 18:00:00,26.735,28.533333333333335,8.029,openaq_ground
2025-11-18 19:00:00,19.075,13.566666666666668,3.13825,openaq_ground
2025-11-18 20:00:00,19.535,17.1,3.984,openaq_ground
2025-11-18 21:00:00,14.520000000000001,21.2,6.9815000000000005,openaq_ground
2025-11-18 22:00:00,18.405,21.96666666666667,6.0855,openaq_ground
2025-11-18 23:00:00,23.409999999999997,20.53333333333333,7.380000000000001,openaq_ground
2025-11-19 00:00:00,10.895,23.366666666666664,8.095,openaq_ground
2025-11-19 01:00:00,12.56,22.266666666666666,7.1725,openaq_ground
2025-11-19 02:00:00,11.754999999999999,21.099999999999998,7.807499999999999,openaq_ground
2025-11-19 03:00:00,13.765,20.3,7.925,openaq_ground
2025-11-19 04:00:00,,,2.17,openaq_ground
2025-11-19 05:00:00,19.415,21.133333333333333,7.992500000000001,openaq_ground
2025-11-19 06:00:00,16.9,21.2,8.0775,openaq_ground
2025-11-19 07:00:00,15.2,32.766666666666666,10.8275,openaq_ground
2025-11-19 08:00:00,14.95,25.866666666666664,9.872499999999999,openaq_ground
2025-11-19 09:00:00,,,3.54,openaq_ground
2025-11-19 10:00:00,,,2.34,openaq_ground
2025-11-19 11:00:00,9.245000000000001,16.733333333333334,7.235,openaq_ground
2025-11-19 12:00:00,13.54,15.033333333333333,7.147500000000001,openaq_ground
2025-11-19 13:00:00,,,4.11,openaq_ground
2025-11-19 14:00:00,6.41,18.933333333333334,9.6075,openaq_ground
2025-11-19 15:00:00,7.92,22.066666666666666,10.875,openaq_ground
2025-11-19 16:00:00,12.715,21.933333333333334,10.9275,openaq_ground
2025-11-19 17:00:00,13.2,20.966666666666665,10.940000000000001,openaq_ground
2025-11-19 18:00:00,11.185,22.733333333333334,11.065,openaq_ground
2025-11-19 19:00:00,8.25,21.900000000000002,10.5475,openaq_ground
2025-11-19 20:00:00,7.760000000000001,34.333333333333336,10.5125,openaq_ground
2025-11-19 21:00:00,5.955,55.0,11.815,openaq_ground
2025-11-19 22:00:00,,,3.48,openaq_ground
2025-11-19 23:00:00,10.844999999999999,23.599999999999998,4.952500000000001,openaq_ground
2025-11-20 00:00:00,23.945,24.599999999999998,10.1275,openaq_ground
2025-11-20 01:00:00,18.23,26.833333333333332,10.625,openaq_ground
2025-11-20 02:00:00,18.82,22.333333333333332,11.46,openaq_ground
2025-11-20 03:00:00,23.400000000000002,23.8,11.4475,openaq_ground
2025-11-20 04:00:00,15.99,22.5,11.5825,openaq_ground
2025-11-20 05:00:00,14.255,20.766666666666666,11.05,openaq_ground
2025-11-20 06:00:00,15.770000000000001,22.166666666666668,10.6275,openaq_ground
2025-11-20 07:00:00,18.255,18.533333333333335,9.3875,openaq_ground
2025-11-20 08:00:00,18.37,18.333333333333332,8.2125,openaq_ground
2025-11-20 09:00:00,,,2.74,openaq_ground
2025-11-20 10:00:00,,,1.99,openaq_ground
2025-11-20 11:00:00,4.445,14.366666666666667,5.855,openaq_ground
2025-11-20 12:00:00,5.42,15.933333333333332,5.6325,openaq_ground
2025-11-20 13:00:00,,15.456666666666665,5.135,openaq_ground
2025-11-20 14:00:00,9.325,15.636666666666668,5.3175,openaq_ground
2025-11-20 15:00:00,17.1,19.333333333333336,6.2,openaq_ground
2025-11-20 16:00:00,33.9,21.9,5.683333333333334,openaq_ground
2025-11-20 17:00:00,14.0,21.1,6.505000000000001,openaq_ground
2025-11-20 18:00:00,30.4,23.5,7.675,openaq_ground
2025-11-20 19:00:00,25.63,12.799999999999999,3.4124999999999996,openaq_ground
2025-11-20 20:00:00,3.26,10.443333333333333,2.37,openaq_ground
2025-11-20 21:00:00,30.14,13.43,2.13325,openaq_ground
2025-11-20 22:00:00,31.41,7.783333333333334,1.5230000000000001,openaq_ground
2025-11-20 23:00:00,,,0.208,openaq_ground
2025-11-21 00:00:00,13.65,13.15,3.24875,openaq_ground
2025-11-21 01:00:00,8.49,31.166666666666668,5.2735,openaq_ground
2025-11-21 02:00:00,8.115,21.7,6.8825,openaq_ground
2025-11-21 03:00:00,6.715,19.033333333333335,6.8725,openaq_ground
2025-11-21 04:00:00,5.695,12.773333333333333,5.4475,openaq_ground
2025-11-21 05:00:00,9.09,15.0,5.16,openaq_ground
2025-11-21 06:00:00,6.765,8.65,4.0025,openaq_ground
2025-11-21 07:00:00,5.875,8.723333333333334,3.4074999999999998,openaq_ground
2025-11-21 08:00:00,1.83,5.47,2.445,openaq_ground
2025-11-21 09:00:00,,,1.11,openaq_ground
2025-11-21 10:00:00,,,1.13,openaq_ground
2025-11-21 11:00:00,4.89,7.766666666666667,2.84,openaq_ground
2025-11-21 12:00:00,8.74,7.296666666666667,2.5305,openaq_ground
2025-11-21 13:00:00,,7.066666666666666,2.46425,openaq_ground
2025-11-21 14:00:00,8.525,8.94,2.66825,openaq_ground
2025-11-21 15:00:00,,,0.65,openaq_ground
2025-11-21 16:00:00,10.01,9.916666666666666,2.985,openaq_ground
2025-11-21 17:00:00,19.705,13.333333333333334,3.53,openaq_ground
2025-11-21 18:00:00,17.134999999999998,10.5,3.39,openaq_ground
2025-11-21 19:00:00,22.185,6.68,1.97825,openaq_ground
2025-11-21 20:00:00,30.4,5.863333333333333,1.88375,openaq_ground
2025-11-21 21:00:00,11.465,6.713333333333334,2.359925,openaq_ground
2025-11-21 22:00:00,,,0.245,openaq_ground
2025-11-21 23:00:00,11.32,6.913333333333334,2.386,openaq_ground
2025-11-22 00:00:00,8.665,8.139999999999999,2.67525,openaq_ground
2025-11-22 01:00:00,6.6850000000000005,7.316666666666666,2.3577500000000002,openaq_ground
2025-11-22 02:00:00,5.864,8.12,2.30775,openaq_ground
2025-11-22 03:00:00,6.218999999999999,7.75,2.60125,openaq_ground
2025-11-22 04:00:00,7.885000000000001,8.326666666666666,3.42525,openaq_ground
2025-11-22 05:00:00,5.69,9.473333333333334,3.8785,openaq_ground
2025-11-22 06:00:00,,,0.769,openaq_ground
2025-11-22 07:00:00,4.105,10.666666666666666,4.295,openaq_ground
2025-11-22 08:00:00,2.7350000000000003,10.473333333333334,4.2475,openaq_ground
2025-11-22 09:00:00,,,1.51,openaq_ground
2025-11-22 10:00:00,,,1.34,openaq_ground
2025-11-22 11:00:00,1.1524999999999999,10.316666666666668,4.3100000000000005,openaq_ground
2025-11-22 12:00:00,1.049,10.206666666666667,4.255,openaq_ground
2025-11-22 13:00:00,,8.959999999999999,4.03,openaq_ground
2025-11-22 14:00:00,1.3765,10.113333333333333,4.005,openaq_ground
2025-11-22 15:00:00,0.561,9.053333333333333,3.86,openaq_ground
2025-11-22 16:00:00,4.545,9.256666666666666,3.6900000000000004,openaq_ground
2025-11-22 17:00:00,5.13,9.49,3.5925000000000002,openaq_ground
2025-11-22 18:00:00,4.6245,10.076666666666666,3.7424999999999997,openaq_ground
2025-11-22 19:00:00,,,1.05,openaq_ground
2025-11-22 20:00:00,12.205,8.916666666666666,3.5675,openaq_ground
2025-11-22 21:00:00,21.1,10.190000000000001,3.596666666666667,openaq_ground
2025-11-22 22:00:00,10.115,8.78,3.9025,openaq_ground
2025-11-22 23:00:00,16.805,9.153333333333334,4.1475,openaq_ground
2025-11-23 00:00:00,14.3,9.263333333333334,4.195,openaq_ground
2025-11-23 01:00:00,11.16,8.540000000000001,3.875,openaq_ground
2025-11-23 02:00:00,14.565000000000001,8.946666666666667,3.9475,openaq_ground
2025-11-23 03:00:00,11.885,7.93,3.8899999999999997,openaq_ground
2025-11-23 04:00:00,,,2.76,openaq_ground
2025-11-23 05:00:00,7.984999999999999,7.95,3.7625,openaq_ground
2025-11-23 06:00:00,9.235,8.966666666666667,3.9625000000000004,openaq_ground
2025-11-23 07:00:00,7.14,9.950000000000001,4.045,openaq_ground
2025-11-23 08:00:00,5.989999999999999,8.506666666666668,3.7475,openaq_ground
2025-11-23 09:00:00,,,3.37,openaq_ground
2025-11-23 11:00:00,2.875,8.973333333333334,4.083333333333333,openaq_ground
2025-11-23 12:00:00,2.94,7.879999999999999,3.85,openaq_ground
2025-11-23 13:00:00,,7.756666666666667,2.9505,openaq_ground
2025-11-23 14:00:00,5.41,6.013333333333333,2.6390000000000002,openaq_ground
2025-11-23 15:00:00,7.42,7.293333333333333,2.20275,openaq_ground
2025-11-23 16:00:00,,,0.459,openaq_ground
2025-11-23 17:00:00,22.35,4.739999999999999,1.797,openaq_ground
2025-11-23 18:00:00,20.55,6.533333333333334,1.9615,openaq_ground
2025-11-23 19:00:00,17.32,7.313333333333333,2.365,openaq_ground
2025-11-23 20:00:00,32.9,6.653333333333332,2.38275,openaq_ground
2025-11-23 21:00:00,,,0.647,openaq_ground
2025-11-23 22:00:00,23.505,7.366666666666667,2.39975,openaq_ground
2025-11-23 23:00:00,12.995,9.896666666666667,3.1732500000000003,openaq_ground
2025-11-24 00:00:00,18.435,11.566666666666668,3.59,openaq_ground
2025-11-24 01:00:00,13.299999999999999,9.876666666666667,3.4605,openaq_ground
2025-11-24 02:00:00,14.290000000000001,9.356666666666667,3.4844999999999997,openaq_ground
2025-11-24 03:00:00,15.055,9.48,4.476666666666667,openaq_ground
2025-11-24 04:00:00,11.135,8.756666666666666,3.43725,openaq_ground
2025-11-24 05:00:00,,,0.897,openaq_ground
2025-11-24 06:00:00,4.555,9.383333333333333,3.4202500000000002,openaq_ground
2025-11-24 07:00:00,8.36,8.796666666666667,3.3000000000000003,openaq_ground
2025-11-24 08:00:00,8.955,10.11,3.51225,openaq_ground
2025-11-24 09:00:00,,,0.811,openaq_ground
2025-11-24 10:00:00,,,0.867,openaq_ground
2025-11-24 11:00:00,0.415,10.716666666666667,3.489,openaq_ground
2025-11-24 12:00:00,0.752,9.463333333333333,3.52675,openaq_ground
2025-11-24 13:00:00,,9.573333333333332,3.60875,openaq_ground
2025-11-24 14:00:00,2.8515,11.566666666666668,3.8950000000000005,openaq_ground
2025-11-24 15:00:00,,,1.04,openaq_ground
2025-11-24 16:00:00,17.765,9.860000000000001,4.1875,openaq_ground
2025-11-24 17:00:00,24.845,12.63,4.3975,openaq_ground
2025-11-24 18:00:00,21.895,12.200000000000001,4.7675,openaq_ground
2025-11-24 19:00:00,11.479999999999999,14.1,5.4425,openaq_ground
2025-11-24 20:00:00,12.11,18.566666666666666,6.632499999999999,openaq_ground
2025-11-24 21:00:00,18.8,15.4,5.6575,openaq_ground
2025-11-24 22:00:00,9.193499999999998,15.933333333333332,5.55,openaq_ground
2025-11-24 23:00:00,,,1.92,openaq_ground
2025-11-25 00:00:00,14.454999999999998,19.966666666666665,6.3925,openaq_ground
2025-11-25 01:00:00,8.735,18.933333333333334,6.9025,openaq_ground
2025-11-25 02:00:00,14.925,19.099999999999998,7.0649999999999995,openaq_ground
2025-11-25 03:00:00,14.559999999999999,18.599999999999998,7.3374999999999995,openaq_ground
2025-11-25 04:00:00,16.125,21.866666666666664,8.415,openaq_ground
2025-11-25 05:00:00,10.045,23.266666666666666,9.23,openaq_ground
2025-11-25 06:00:00,9.745000000000001,24.53333333333333,9.8525,openaq_ground
2025-11-25 07:00:00,9.795,25.166666666666668,10.135,openaq_ground
2025-11-25 08:00:00,21.919999999999998,27.733333333333334,10.83,openaq_ground
2025-11-25 09:00:00,,,5.79,openaq_ground
2025-11-25 10:00:00,,,6.31,openaq_ground
2025-11-25 11:00:00,4.505,26.333333333333332,11.055,openaq_ground
2025-11-25 12:00:00,2.14,20.766666666666666,9.61,openaq_ground
2025-11-25 13:00:00,,24.233333333333334,9.2325,openaq_ground
2025-11-25 14:00:00,5.625,16.433333333333334,7.715,openaq_ground
2025-11-25 15:00:00,,,8.1,openaq_ground
2025-11-25 16:00:00,21.87,20.0,9.34,openaq_ground
2025-11-25 17:00:00,26.18,18.5,9.215,openaq_ground
2025-11-25 18:00:00,22.939999999999998,22.666666666666668,11.205,openaq_ground
2025-11-25 19:00:00,14.959999999999999,22.900000000000002,9.7325,openaq_ground
2025-11-25 20:00:00,14.58,15.223333333333334,4.9875,openaq_ground
2025-11-25 21:00:00,,,2.47,openaq_ground
2025-11-25 22:00:00,7.865,23.633333333333336,3.49425,openaq_ground
2025-11-25 23:00:00,12.059999999999999,20.099999999999998,1.96275,openaq_ground
2025-11-26 00:00:00,7.045,12.256666666666666,1.162075,openaq_ground
2025-11-26 01:00:00,7.619999999999999,8.84,0.94,openaq_ground
2025-11-26 02:00:00,11.775,11.796666666666667,1.185,openaq_ground
2025-11-26 03:00:00,10.625,7.666666666666667,0.9215,openaq_ground
2025-11-26 04:00:00,5.855,10.423333333333334,1.3970825,openaq_ground
2025-11-26 05:00:00,,,0.00283,openaq_ground
2025-11-26 06:00:00,5.265,7.46,1.105825,openaq_ground
2025-11-26 07:00:00,16.205,6.78,1.2703,openaq_ground
2025-11-26 08:00:00,11.53,12.700000000000001,2.6125,openaq_ground
2025-11-26 09:00:00,,,0.0195,openaq_ground
2025-11-26 10:00:00,,,0.0612,openaq_ground
2025-11-26 11:00:00,10.825,14.703333333333333,2.7677500000000004,openaq_ground
2025-11-26 12:00:00,9.95,12.306666666666667,2.52875,openaq_ground
2025-11-26 13:00:00,,8.123333333333333,1.9905,openaq_ground
2025-11-26 14:00:00,15.7,6.403333333333333,1.9292500000000001,openaq_ground
2025-11-26 15:00:00,14.950000000000001,18.773333333333333,4.1687,openaq_ground
2025-11-26 16:00:00,24.200000000000003,14.89,2.58825,openaq_ground
2025-11-26 17:00:00,,,0.358,openaq_ground
2025-11-26 18:00:00,12.79,17.433333333333334,2.80025,openaq_ground
2025-11-26 19:00:00,22.985,17.433333333333334,3.307,openaq_ground
2025-11-26 20:00:00,24.045,14.166666666666666,3.21675,openaq_ground
2025-11-26 21:00:00,22.05,14.716666666666667,3.20525,openaq_ground
2025-11-26 22:00:00,17.74,6.326666666666667,0.8885000000000001,openaq_ground
2025-11-26 23:00:00,30.56,6.59,1.2205000000000001,openaq_ground
2025-11-27 00:00:00,,,0.0,openaq_ground
2025-11-27 01:00:00,11.065,18.323333333333334,2.2032075,openaq_ground
2025-11-27 02:00:00,10.969999999999999,23.333333333333332,2.6428000000000003,openaq_ground
2025-11-27 03:00:00,12.209999999999999,8.96,1.4889999999999999,openaq_ground
2025-11-27 04:00:00,12.98,7.273333333333333,1.2915,openaq_ground
2025-11-27 05:00:00,10.16,9.69,1.8532000000000002,openaq_ground
2025-11-27 06:00:00,18.134999999999998,8.616666666666667,1.6470824999999998,openaq_ground
2025-11-27 07:00:00,12.280000000000001,7.87,1.724,openaq_ground
2025-11-27 08:00:00,5.497999999999999,7.81,1.33475,openaq_ground
2025-11-27 09:00:00,,,0.0473,openaq_ground
2025-11-27 10:00:00,,,0.0277,openaq_ground
2025-11-27 11:00:00,2.145,10.573333333333332,1.9857075,openaq_ground
2025-11-27 12:00:00,1.412,12.696666666666667,2.5257075,openaq_ground
2025-11-27 13:00:00,,10.2,1.49475,openaq_ground
2025-11-27 14:00:00,4.975,11.280000000000001,2.5035,openaq_ground
2025-11-27 15:00:00,11.5,22.65,3.2361,openaq_ground
2025-11-27 16:00:00,19.08,12.833333333333334,2.41925,openaq_ground
2025-11-27 17:00:00,35.150000000000006,29.666666666666668,4.189,openaq_ground
2025-11-27 18:00:00,34.449999999999996,22.433333333333334,3.67325,openaq_ground
2025-11-27 19:00:00,9.26,9.41,1.9796666666666667,openaq_ground
2025-11-27 20:00:00,10.200000000000001,13.25,2.5675,openaq_ground
2025-11-27 21:00:00,10.764999999999999,11.200000000000001,2.0395000000000003,openaq_ground
2025-11-27 22:00:00,11.545,11.876666666666667,2.44625,openaq_ground
2025-11-27 23:00:00,10.03,21.433333333333334,5.40225,openaq_ground
2025-11-28 00:00:00,7.43,31.466666666666665,7.621499999999999,openaq_ground
2025-11-28 01:00:00,,20.1,4.4750000000000005,openaq_ground
2025-11-28 02:00:00,11.395,24.433333333333334,7.195,openaq_ground
2025-11-28 03:00:00,17.03,20.7,7.078749999999999,openaq_ground
2025-11-28 04:00:00,19.915,16.733333333333334,6.0675,openaq_ground
2025-11-28 05:00:00,14.785,18.766666666666666,5.890000000000001,openaq_ground
2025-11-28 06:00:00,,,1.35,openaq_ground
2025-11-28 07:00:00,13.325,17.966666666666665,6.0275,openaq_ground
2025-11-28 08:00:00,13.69,19.400000000000002,6.1175,openaq_ground
2025-11-28 09:00:00,,,1.16,openaq_ground
2025-11-28 10:00:00,,,0.964,openaq_ground
2025-11-28 11:00:00,1.92,18.333333333333332,6.4395,openaq_ground
2025-11-28 12:00:00,1.219,16.966666666666665,6.185,openaq_ground
2025-11-28 13:00:00,,20.03333333333333,7.02,openaq_ground
2025-11-28 14:00:00,1.7805,23.03333333333333,7.4475,openaq_ground
2025-11-28 15:00:00,4.76,21.0,5.66,openaq_ground
2025-11-28 16:00:00,12.440000000000001,21.566666666666666,6.9725,openaq_ground
2025-11-28 17:00:00,26.5,344.15,43.9,openaq_ground
2025-11-28 18:00:00,14.66,13.056666666666667,4.29425,openaq_ground
2025-11-28 19:00:00,12.185,15.166666666666666,3.6762499999999996,openaq_ground
2025-11-28 20:00:00,12.635,13.526666666666666,3.92475,openaq_ground
2025-11-28 21:00:00,2.54,12.8,2.2845,openaq_ground
2025-11-28 22:00:00,18.305,13.766666666666666,3.388,openaq_ground
2025-11-28 23:00:00,8.465,7.88,1.73,openaq_ground
2025-11-29 00:00:00,12.123000000000001,7.403333333333333,1.2155,openaq_ground
2025-11-29 01:00:00,6.970000000000001,10.49,1.17805,openaq_ground
2025-11-29 02:00:00,6.26,6.483333333333333,0.935,openaq_ground
2025-11-29 03:00:00,19.2,7.425000000000001,0.9933333333333333,openaq_ground
2025-11-29 04:00:00,9.162,7.756666666666667,1.501,openaq_ground
2025-11-29 05:00:00,7.313,4.993333333333333,1.119325,openaq_ground
2025-11-29 06:00:00,7.109500000000001,5.859999999999999,1.32825,openaq_ground
2025-11-29 07:00:00,9.36,5.7799999999999985,1.133075,openaq_ground
2025-11-29 08:00:00,,,0.0655,openaq_ground
2025-11-29 09:00:00,,,0.05,openaq_ground
2025-11-29 10:00:00,,,0.0362,openaq_ground
2025-11-29 11:00:00,3.145,7.853333333333333,1.61825,openaq_ground
2025-11-29 12:00:00,3.505,10.363333333333333,2.4675000000000002,openaq_ground
2025-11-29 13:00:00,,7.95,2.071675,openaq_ground
2025-11-29 14:00:00,,,0.0362,openaq_ground
2025-11-29 15:00:00,4.315,8.706666666666667,2.231125,openaq_ground
2025-11-29 16:00:00,9.09,10.343333333333334,2.5075,openaq_ground
2025-11-29 17:00:00,12.79,8.836666666666666,2.8970000000000002,openaq_ground
2025-11-29 18:00:00,10.79,8.19,2.346575,openaq_ground
2025-11-29 19:00:00,13.945,7.909999999999999,2.0300000000000002,openaq_ground
2025-11-29 20:00:00,14.96,10.723333333333334,2.2515,openaq_ground
2025-11-29 21:00:00,22.104999999999997,8.953333333333333,2.10275,openaq_ground
2025-11-29 22:00:00,20.119999999999997,8.033333333333333,1.9162499999999998,openaq_ground
2025-11-29 23:00:00,,,0.131,openaq_ground
2025-11-30 00:00:00,18.24,13.299999999999999,4.289,openaq_ground
2025-11-30 01:00:00,11.545,10.466666666666667,3.55,openaq_ground
2025-11-30 02:00:00,12.845,13.5,4.835,openaq_ground
2025-11-30 03:00:00,12.43,22.099999999999998,6.8155,openaq_ground
2025-11-30 04:00:00,9.13,24.3,5.185,openaq_ground
2025-11-30 05:00:00,7.13,13.193333333333333,4.2475000000000005,openaq_ground
2025-11-30 06:00:00,7.6499999999999995,18.666666666666668,5.7524999999999995,openaq_ground
2025-11-30 07:00:00,12.100000000000001,30.200000000000003,13.1825,openaq_ground
2025-11-30 08:00:00,9.21,12.1,4.7325,openaq_ground
2025-11-30 09:00:00,,,1.69,openaq_ground
2025-11-30 10:00:00,,,1.72,openaq_ground
2025-11-30 11:00:00,4.035,9.883333333333333,4.0575,openaq_ground
2025-11-30 12:00:00,4.545,9.646666666666667,4.1975,openaq_ground
2025-11-30 13:00:00,,10.813333333333333,4.715,openaq_ground
2025-11-30 14:00:00,,,2.67,openaq_ground
2025-11-30 15:00:00,14.065,8.52,4.217499999999999,openaq_ground
2025-11-30 16:00:00,16.345,8.353333333333333,4.18,openaq_ground
2025-11-30 17:00:00,15.969999999999999,9.336666666666666,3.8225,openaq_ground
2025-11-30 18:00:00,9.85,17.38,3.88925,openaq_ground
2025-11-30 19:00:00,8.94,11.450000000000001,2.69875,openaq_ground
2025-11-30 20:00:00,10.66,9.616666666666665,2.64975,openaq_ground
2025-11-30 21:00:00,12.370000000000001,8.94,3.10025,openaq_ground
2025-11-30 22:00:00,17.3,,0.547,openaq_ground
2025-11-30 23:00:00,2.6,9.13,3.0045,openaq_ground
2025-12-01 00:00:00,16.055,11.493333333333334,3.746,openaq_ground
2025-12-01 01:00:00,11.245,13.796666666666667,3.98375,openaq_ground
2025-12-01 02:00:00,18.87,11.25,3.8975,openaq_ground
2025-12-01 03:00:00,16.044999999999998,8.983333333333334,3.94,openaq_ground
2025-12-01 04:00:00,11.38,9.776666666666666,3.9525,openaq_ground
2025-12-01 05:00:00,,,2.89,openaq_ground
2025-12-01 06:00:00,9.025,7.79,4.045,openaq_ground
2025-12-01 07:00:00,8.86,8.68,4.425,openaq_ground
2025-12-01 08:00:00,12.84,9.706666666666665,5.406666666666666,openaq_ground
2025-12-01 09:00:00,,,4.13,openaq_ground
2025-12-01 10:00:00,,,3.85,openaq_ground
2025-12-01 11:00:00,6.12,9.256666666666666,4.595,openaq_ground
2025-12-01 12:00:00,6.800000000000001,11.223333333333334,4.535,openaq_ground
2025-12-01 13:00:00,,8.36,3.9675,openaq_ground
2025-12-01 14:00:00,4.82,8.253333333333332,3.6574999999999998,openaq_ground
2025-12-01 15:00:00,17.830000000000002,5.85,2.555,openaq_ground
2025-12-01 16:00:00,19.9,9.59,4.283333333333333,openaq_ground
2025-12-01 17:00:00,19.1,15.873333333333333,5.577500000000001,openaq_ground
2025-12-01 18:00:00,25.215,13.61,6.0725,openaq_ground
2025-12-01 19:00:00,,,6.18,openaq_ground
2025-12-01 20:00:00,16.29,15.433333333333332,5.1625,openaq_ground
2025-12-01 21:00:00,10.2,2.823333333333333,1.99325,openaq_ground
2025-12-01 22:00:00,8.22,5.263333333333333,1.464,openaq_ground
2025-12-01 23:00:00,7.16,2.6033333333333335,1.0565,openaq_ground
2025-12-02 00:00:00,7.68,13.29,2.0175,openaq_ground
2025-12-02 01:00:00,4.89,11.866666666666665,2.359425,openaq_ground
2025-12-02 02:00:00,2.03,4.1,1.2825,openaq_ground
2025-12-02 03:00:00,9.115,6.896666666666667,2.243,openaq_ground
2025-12-02 04:00:00,11.34,6.456666666666667,2.3635,openaq_ground
2025-12-02 05:00:00,12.145,6.5566666666666675,2.576,openaq_ground
2025-12-02 06:00:00,15.2,8.105,2.4966666666666666,openaq_ground
2025-12-02 07:00:00,7.1,6.6933333333333325,2.505,openaq_ground
2025-12-02 08:00:00,14.475,4.826666666666667,2.125,openaq_ground
2025-12-02 09:00:00,,,0.914,openaq_ground
2025-12-02 10:00:00,,,0.767,openaq_ground
2025-12-02 11:00:00,4.665,5.576666666666667,2.175,openaq_ground
2025-12-02 12:00:00,2.972,5.109999999999999,2.07625,openaq_ground
2025-12-02 13:00:00,,6.773333333333333,2.2255,openaq_ground
2025-12-02 14:00:00,,,0.364,openaq_ground
2025-12-02 15:00:00,5.32,5.2,1.99375,openaq_ground
2025-12-02 16:00:00,15.465,5.543333333333333,2.0265,openaq_ground
2025-12-02 17:00:00,16.69,6.623333333333332,2.2155,openaq_ground
2025-12-02 18:00:00,18.52,9.71,2.5235,openaq_ground
2025-12-02 19:00:00,17.35,9.166666666666666,2.3405,openaq_ground
2025-12-02 20:00:00,14.254999999999999,8.323333333333332,2.50375,openaq_ground
2025-12-02 21:00:00,13.475,11.766666666666666,3.00075,openaq_ground
2025-12-02 22:00:00,20.225,12.393333333333333,2.9202500000000002,openaq_ground
2025-12-02 23:00:00,17.94,9.313333333333333,2.9130000000000003,openaq_ground
2025-12-03 00:00:00,,,0.275,openaq_ground
2025-12-03 01:00:00,14.434999999999999,10.436666666666667,2.6095,openaq_ground
2025-12-03 02:00:00,23.235,9.403333333333334,2.755,openaq_ground
2025-12-03 03:00:00,14.799999999999999,8.48,2.7672499999999998,openaq_ground
2025-12-03 04:00:00,12.6,8.093333333333334,2.955,openaq_ground
2025-12-03 05:00:00,4.88,7.08,2.58,openaq_ground
2025-12-03 06:00:00,7.55,8.083333333333334,3.875,openaq_ground
2025-12-03 07:00:00,13.61,8.696666666666665,3.7625,openaq_ground
2025-12-03 08:00:00,9.715,6.916666666666667,2.45,openaq_ground
2025-12-03 09:00:00,,,1.29,openaq_ground
2025-12-03 10:00:00,,,0.509,openaq_ground
2025-12-03 11:00:00,7.3149999999999995,4.739999999999999,1.9545,openaq_ground
2025-12-03 12:00:00,6.3100000000000005,5.673333333333333,2.1275,openaq_ground
2025-12-03 13:00:00,,,0.753,openaq_ground
2025-12-03 14:00:00,9.165000000000001,6.663333333333334,2.62,openaq_ground
2025-12-03 15:00:00,11.525,6.116666666666667,2.565,openaq_ground
2025-12-03 16:00:00,20.25,7.066666666666666,2.8725,openaq_ground
2025-12-03 17:00:00,21.45,8.376666666666667,3.2575,openaq_ground
2025-12-03 18:00:00,14.475,8.09,4.06,openaq_ground
2025-12-03 19:00:00,9.735,5.136666666666667,2.74,openaq_ground
2025-12-03 20:00:00,,,2.73,openaq_ground
2025-12-03 21:00:00,12.5,6.82,1.8389999999999997,openaq_ground
2025-12-03 22:00:00,7.98,7.760000000000001,2.163,openaq_ground
2025-12-03 23:00:00,9.18,8.25,1.8685,openaq_ground
2025-12-04 00:00:00,8.030000000000001,58.50333333333333,5.9777499999999995,openaq_ground
2025-12-04 01:00:00,6.66,23.560000000000002,2.8264175,openaq_ground
2025-12-04 02:00:00,7.705,5.98,1.232,openaq_ground
2025-12-04 03:00:00,10.455,6.8500000000000005,1.573,openaq_ground
2025-12-04 04:00:00,,,0.136,openaq_ground
2025-12-04 05:00:00,19.975,10.043333333333335,2.22775,openaq_ground
2025-12-04 06:00:00,16.45,8.703333333333333,2.0772500000000003,openaq_ground
2025-12-04 07:00:00,13.54,8.266666666666667,2.4625,openaq_ground
2025-12-04 08:00:00,9.350000000000001,10.436666666666666,2.4825,openaq_ground
2025-12-04 09:00:00,,,0.3,openaq_ground
2025-12-04 10:00:00,,,0.281,openaq_ground
2025-12-04 11:00:00,5.779999999999999,9.796666666666667,2.36975,openaq_ground
2025-12-04 12:00:00,5.0649999999999995,11.993333333333332,2.72675,openaq_ground
2025-12-04 13:00:00,,10.573333333333332,2.5692500000000003,openaq_ground
2025-12-04 14:00:00,6.27,11.103333333333333,2.9505,openaq_ground
2025-12-04 15:00:00,12.649999999999999,12.503333333333332,3.5092499999999998,openaq_ground
2025-12-04 16:00:00,,,1.18,openaq_ground
2025-12-04 17:00:00,24.509999999999998,23.2,4.8134999999999994,openaq_ground
2025-12-04 18:00:00,24.470000000000002,17.900000000000002,3.774,openaq_ground
2025-12-04 19:00:00,16.535,12.486666666666666,3.2905,openaq_ground
2025-12-04 20:00:00,18.51,12.11,3.03625,openaq_ground
2025-12-04 21:00:00,16.794999999999998,14.033333333333333,3.5235,openaq_ground
2025-12-04 22:00:00,20.395,14.833333333333334,4.062250000000001,openaq_ground
2025-12-04 23:00:00,,,0.669,openaq_ground
2025-12-05 00:00:00,16.995,21.333333333333332,5.544499999999999,openaq_ground
2025-12-05 01:00:00,9.445,61.166666666666664,7.692500000000001,openaq_ground
2025-12-05 02:00:00,8.959999999999999,70.56666666666666,8.5085,openaq_ground
2025-12-05 03:00:00,8.48,33.53333333333333,5.182499999999999,openaq_ground
2025-12-05 04:00:00,6.6499999999999995,42.06666666666667,5.53,openaq_ground
2025-12-05 05:00:00,,,1.06,openaq_ground
2025-12-05 06:00:00,6.210000000000001,19.533333333333335,3.5600000000000005,openaq_ground
2025-12-05 07:00:00,7.3100000000000005,12.9,2.84,openaq_ground
2025-12-05 08:00:00,7.4799999999999995,14.433333333333332,3.12425,openaq_ground
2025-12-05 09:00:00,,,0.703,openaq_ground
2025-12-05 10:00:00,,,0.833,openaq_ground
2025-12-05 11:00:00,1.5945,26.7,10.7025,openaq_ground
2025-12-05 12:00:00,0.9079999999999999,26.233333333333334,10.77,openaq_ground
2025-12-05 13:00:00,,28.099999999999998,10.719999999999999,openaq_ground
2025-12-05 14:00:00,2.2745,25.666666666666668,10.8225,openaq_ground
2025-12-05 15:00:00,3.305,26.833333333333332,10.8825,openaq_ground
2025-12-05 16:00:00,,,4.13,openaq_ground
2025-12-05 17:00:00,6.765,24.2,10.57,openaq_ground
2025-12-05 18:00:00,8.904499999999999,23.166666666666668,10.11,openaq_ground
2025-12-05 19:00:00,11.7915,22.03333333333333,9.965,openaq_ground
2025-12-05 20:00:00,10.14,24.03333333333333,9.4375,openaq_ground
2025-12-05 21:00:00,10.58,22.099999999999998,9.31,openaq_ground
2025-12-05 22:00:00,11.730500000000001,23.900000000000002,9.29,openaq_ground
2025-12-05 23:00:00,11.232,25.333333333333332,10.0225,openaq_ground
2025-12-06 00:00:00,,,3.26,openaq_ground
2025-12-06 01:00:00,12.5885,23.333333333333332,9.83,openaq_ground
2025-12-06 02:00:00,6.208,23.03333333333333,9.8675,openaq_ground
2025-12-06 03:00:00,6.42,23.566666666666666,10.385,openaq_ground
2025-12-06 04:00:00,5.3149999999999995,24.166666666666668,10.48,openaq_ground
2025-12-06 05:00:00,5.67,24.333333333333332,10.22,openaq_ground
2025-12-06 06:00:00,6.27,21.933333333333334,9.535,openaq_ground
2025-12-06 07:00:00,6.17,20.366666666666667,9.46,openaq_ground
2025-12-06 08:00:00,4.074999999999999,22.099999999999998,9.3475,openaq_ground
2025-12-06 09:00:00,,,3.93,openaq_ground
2025-12-06 10:00:00,,,3.94,openaq_ground
2025-12-06 11:00:00,2.375,21.8,9.5275,openaq_ground
2025-12-06 12:00:00,2.095,22.7,9.52,openaq_ground
2025-12-06 13:00:00,,24.03333333333333,9.68,openaq_ground
2025-12-06 14:00:00,4.800000000000001,19.400000000000002,8.120000000000001,openaq_ground
2025-12-06 15:00:00,,,3.31,openaq_ground
2025-12-06 16:00:00,2.734,10.583333333333334,2.505,openaq_ground
2025-12-06 17:00:00,9.030000000000001,6.173333333333333,1.81,openaq_ground
2025-12-06 18:00:00,8.665,6.16,1.67225,openaq_ground
2025-12-06 19:00:00,7.875,8.713333333333333,2.1077500000000002,openaq_ground
2025-12-06 20:00:00,17.13,8.003333333333332,1.9215,openaq_ground
2025-12-06 21:00:00,12.545,5.916666666666667,1.355,openaq_ground
2025-12-06 22:00:00,13.0,6.5566666666666675,1.40075,openaq_ground
2025-12-06 23:00:00,12.1,15.776666666666666,2.218325,openaq_ground
2025-12-07 00:00:00,5.835999999999999,9.783333333333333,1.68425,openaq_ground
2025-12-07 01:00:00,,,0.108,openaq_ground
2025-12-07 02:00:00,10.115,9.893333333333333,1.7222499999999998,openaq_ground
2025-12-07 03:00:00,6.4515,8.57,1.68875,openaq_ground
2025-12-07 04:00:00,10.29,11.106666666666667,2.22875,openaq_ground
2025-12-07 05:00:00,7.8549999999999995,10.323333333333332,2.05,openaq_ground
2025-12-07 06:00:00,,,0.403,openaq_ground
2025-12-07 07:00:00,3.3245,11.493333333333334,2.25225,openaq_ground
2025-12-07 08:00:00,2.3850000000000002,8.729999999999999,2.1270000000000002,openaq_ground
2025-12-07 09:00:00,,,0.578,openaq_ground
2025-12-07 10:00:00,,,0.692,openaq_ground
2025-12-07 11:00:00,3.02,9.806666666666667,2.4215,openaq_ground
2025-12-07 12:00:00,1.642,6.816666666666666,2.1670000000000003,openaq_ground
2025-12-07 13:00:00,,7.463333333333334,1.883,openaq_ground
2025-12-07 14:00:00,1.4344999999999999,10.67,2.37875,openaq_ground
2025-12-07 15:00:00,2.56,11.126666666666665,1.942,openaq_ground
2025-12-07 16:00:00,15.89,8.11,1.59975,openaq_ground
2025-12-07 17:00:00,,,0.0527,openaq_ground
2025-12-07 18:00:00,16.299999999999997,20.533333333333335,3.4675000000000002,openaq_ground
2025-12-07 19:00:00,11.280000000000001,13.703333333333333,5.21475,openaq_ground
2025-12-07 20:00:00,,,1.46,openaq_ground
2025-12-07 21:00:00,21.6,14.0,5.303666666666667,openaq_ground
2025-12-07 22:00:00,17.134999999999998,16.933333333333334,6.1775,openaq_ground
2025-12-07 23:00:00,19.205,15.466666666666667,5.281,openaq_ground
2025-12-08 00:00:00,21.94,16.5,5.8225,openaq_ground
2025-12-08 01:00:00,19.235,12.0,4.08,openaq_ground
2025-12-08 02:00:00,20.895000000000003,11.453333333333333,3.9675000000000002,openaq_ground
2025-12-08 03:00:00,12.610000000000001,10.413333333333334,3.5795000000000003,openaq_ground
2025-12-08 04:00:00,,,0.598,openaq_ground
2025-12-08 05:00:00,7.279999999999999,8.556666666666667,2.96575,openaq_ground
2025-12-08 06:00:00,7.61,8.313333333333333,3.21,openaq_ground
2025-12-08 07:00:00,6.86,9.243333333333334,3.6550000000000002,openaq_ground
2025-12-08 08:00:00,6.587,9.576666666666666,3.5515,openaq_ground
2025-12-08 09:00:00,,,0.737,openaq_ground
2025-12-08 10:00:00,,,0.611,openaq_ground
2025-12-08 11:00:00,0.5545,12.033333333333333,4.4425,openaq_ground
2025-12-08 12:00:00,1.982,10.303333333333333,4.063000000000001,openaq_ground
2025-12-08 13:00:00,,10.066666666666668,3.825,openaq_ground
2025-12-08 14:00:00,,,0.853,openaq_ground
2025-12-08 15:00:00,5.935,8.73,3.167,openaq_ground
2025-12-08 16:00:00,16.03,11.973333333333334,3.4619999999999997,openaq_ground
2025-12-08 17:00:00,30.085,9.666666666666666,3.231,openaq_ground
2025-12-08 18:00:00,15.57,9.459999999999999,3.28475,openaq_ground
2025-12-08 19:00:00,17.895,11.6,3.78825,openaq_ground
2025-12-08 20:00:00,14.5,10.863333333333335,3.98775,openaq_ground
2025-12-08 21:00:00,14.365,11.06,4.1205,openaq_ground
2025-12-08 22:00:00,26.31,11.200000000000001,4.25175,openaq_ground
2025-12-08 23:00:00,,,1.2,openaq_ground
2025-12-09 00:00:00,19.51,12.910000000000002,4.745,openaq_ground
2025-12-09 01:00:00,13.42,16.7,5.555,openaq_ground
2025-12-09 02:00:00,13.89,34.28333333333333,7.4475,openaq_ground
2025-12-09 03:00:00,18.33,12.666666666666666,5.465,openaq_ground
2025-12-09 04:00:00,17.84,12.700000000000001,5.15275,openaq_ground
2025-12-09 05:00:00,17.915,8.4,3.9975,openaq_ground
2025-12-09 06:00:00,,,3.21,openaq_ground
2025-12-09 07:00:00,13.01,8.85,4.470000000000001,openaq_ground
2025-12-09 08:00:00,13.18,10.01,5.07,openaq_ground
2025-12-09 09:00:00,,,3.85,openaq_ground
2025-12-09 10:00:00,,,4.64,openaq_ground
2025-12-09 11:00:00,10.615,9.450000000000001,3.7575,openaq_ground
2025-12-09 12:00:00,14.25,18.463333333333335,4.66,openaq_ground
2025-12-09 13:00:00,,10.090000000000002,3.6550000000000002,openaq_ground
2025-12-09 14:00:00,8.39,6.836666666666666,2.20975,openaq_ground
2025-12-09 15:00:00,,,0.125,openaq_ground
2025-12-09 16:00:00,44.75,15.079999999999998,3.4353,openaq_ground
2025-12-09 17:00:00,45.9,41.266666666666666,6.09655,openaq_ground
2025-12-09 18:00:00,48.400000000000006,27.266666666666666,4.4225,openaq_ground
2025-12-09 19:00:00,29.3,17.566666666666666,3.1727499999999997,openaq_ground
2025-12-09 20:00:00,15.205,10.506666666666666,1.75575,openaq_ground
2025-12-09 21:00:00,15.86,20.900000000000002,4.097075,openaq_ground
2025-12-09 22:00:00,17.8,11.406666666666666,1.850125,openaq_ground
2025-12-09 23:00:00,23.630000000000003,21.099999999999998,3.096925,openaq_ground
2025-12-10 00:00:00,28.255,20.099999999999998,3.4345,openaq_ground
2025-12-10 01:00:00,12.665,16.366666666666667,3.8623000000000003,openaq_ground
2025-12-10 02:00:00,,,0.451,openaq_ground
2025-12-10 03:00:00,10.075,17.166666666666668,4.1875,openaq_ground
2025-12-10 04:00:00,11.96,12.200000000000001,4.037,openaq_ground
2025-12-10 05:00:00,11.095,20.0,6.47375,openaq_ground
2025-12-10 06:00:00,7.63,13.093333333333334,3.3942499999999995,openaq_ground
2025-12-10 07:00:00,7.705,13.366666666666665,4.18125,openaq_ground
2025-12-10 08:00:00,9.18,11.733333333333334,4.03125,openaq_ground
2025-12-10 09:00:00,,,0.653,openaq_ground
2025-12-10 10:00:00,,,0.542,openaq_ground
2025-12-10 11:00:00,7.459999999999999,13.266666666666666,3.8495,openaq_ground
2025-12-10 12:00:00,6.109999999999999,15.033333333333333,4.379,openaq_ground
2025-12-10 13:00:00,,16.233333333333334,4.2425,openaq_ground
2025-12-10 14:00:00,8.545,25.433333333333334,5.0895,openaq_ground
2025-12-10 15:00:00,10.71,30.833333333333332,5.64625,openaq_ground
2025-12-10 16:00:00,18.535,14.299999999999999,5.1370000000000005,openaq_ground
2025-12-10 17:00:00,26.91,13.533333333333333,5.45925,openaq_ground
2025-12-10 18:00:00,16.31,14.966666666666667,5.782500000000001,openaq_ground
2025-12-10 19:00:00,13.455,15.6,5.453333333333333,openaq_ground
2025-12-10 20:00:00,,,1.36,openaq_ground
2025-12-10 21:00:00,21.3,18.95,5.6433333333333335,openaq_ground
2025-12-10 22:00:00,17.04,17.066666666666666,5.9025,openaq_ground
2025-12-10 23:00:00,14.48,14.4,6.025,openaq_ground
2025-12-11 00:00:00,13.965,14.3,4.976666666666667,openaq_ground
2025-12-11 01:00:00,14.01,15.6,5.7924999999999995,openaq_ground
2025-12-11 02:00:00,13.49,13.833333333333334,5.54,openaq_ground
2025-12-11 03:00:00,10.520000000000001,14.466666666666667,5.8975,openaq_ground
2025-12-11 04:00:00,,,1.29,openaq_ground
2025-12-11 05:00:00,9.225000000000001,14.799999999999999,6.05,openaq_ground
2025-12-11 06:00:00,7.955,15.199999999999998,6.4425,openaq_ground
2025-12-11 07:00:00,11.93,15.766666666666666,6.9075,openaq_ground
2025-12-11 08:00:00,8.290000000000001,15.4,6.1875,openaq_ground
2025-12-11 09:00:00,,,2.33,openaq_ground
2025-12-11 10:00:00,,,1.77,openaq_ground
2025-12-11 11:00:00,1.72,3.81,1.521175,openaq_ground
2025-12-11 12:00:00,3.145,4.34,1.2465,openaq_ground
2025-12-11 13:00:00,,3.0566666666666666,1.13225,openaq_ground
2025-12-11 14:00:00,13.625,6.826666666666667,2.0525,openaq_ground
2025-12-11 15:00:00,,,0.445,openaq_ground
2025-12-11 16:00:00,12.035,5.373333333333334,2.15775,openaq_ground
2025-12-11 17:00:00,16.04,6.676666666666667,2.5675,openaq_ground
2025-12-11 18:00:00,11.845,7.923333333333333,2.8015,openaq_ground
2025-12-11 19:00:00,6.3999999999999995,5.843333333333334,2.1622500000000002,openaq_ground
2025-12-11 20:00:00,9.74,6.1499999999999995,2.06525,openaq_ground
2025-12-11 21:00:00,6.935,13.116666666666667,3.03875,openaq_ground
2025-12-11 22:00:00,,,0.467,openaq_ground
2025-12-11 23:00:00,7.36,18.9,3.17275,openaq_ground
2025-12-12 00:00:00,7.444999999999999,20.200000000000003,3.4262500000000005,openaq_ground
2025-12-12 01:00:00,12.135,6.883333333333333,2.3655,openaq_ground
2025-12-12 02:00:00,6.21,10.16,3.2565,openaq_ground
2025-12-12 03:00:00,8.844999999999999,11.566666666666668,3.73025,openaq_ground
2025-12-12 04:00:00,11.955,10.953333333333333,3.8895,openaq_ground
2025-12-12 05:00:00,12.09,11.133333333333333,3.81575,openaq_ground
2025-12-12 06:00:00,,,0.892,openaq_ground
2025-12-12 07:00:00,14.35,14.299999999999999,5.33725,openaq_ground
2025-12-12 08:00:00,13.235,23.766666666666666,10.20825,openaq_ground
2025-12-12 09:00:00,,,0.964,openaq_ground
2025-12-12 10:00:00,,,0.82,openaq_ground
2025-12-12 11:00:00,10.88,11.173333333333332,4.5205,openaq_ground
2025-12-12 12:00:00,9.045,13.633333333333333,4.41825,openaq_ground
2025-12-12 13:00:00,,10.053333333333333,3.83,openaq_ground
2025-12-12 14:00:00,6.475,10.663333333333332,3.745,openaq_ground
2025-12-12 15:00:00,8.025,9.549999999999999,3.6992499999999997,openaq_ground
2025-12-12 16:00:00,10.26,9.823333333333332,3.52575,openaq_ground
2025-12-12 17:00:00,12.44,8.503333333333332,3.4000000000000004,openaq_ground
2025-12-12 18:00:00,20.1,,1.37,openaq_ground
2025-12-12 19:00:00,15.035,9.94,3.47775,openaq_ground
2025-12-12 20:00:00,1.82,8.48,3.12075,openaq_ground
2025-12-12 21:00:00,23.7,8.219999999999999,2.506,openaq_ground
2025-12-12 22:00:00,8.42,6.566666666666666,2.5015,openaq_ground
2025-12-12 23:00:00,11.9,6.976666666666667,2.424,openaq_ground
2025-12-13 00:00:00,5.04,6.486666666666667,2.4195,openaq_ground
2025-12-13 01:00:00,8.2,7.086666666666667,2.487,openaq_ground
2025-12-13 02:00:00,10.3105,7.326666666666667,2.491,openaq_ground
2025-12-13 03:00:00,6.36,5.853333333333334,2.4125,openaq_ground
2025-12-13 04:00:00,5.96,6.66,2.5469999999999997,openaq_ground
2025-12-13 05:00:00,,,1.04,openaq_ground
2025-12-13 06:00:00,8.032,7.383333333333333,2.8354999999999997,openaq_ground
2025-12-13 07:00:00,5.5,7.786666666666666,3.1625,openaq_ground
2025-12-13 08:00:00,4.3185,7.463333333333334,3.1155,openaq_ground
2025-12-13 09:00:00,,,0.838,openaq_ground
2025-12-13 10:00:00,,,1.24,openaq_ground
2025-12-13 11:00:00,0.31255,10.966666666666667,3.675,openaq_ground
2025-12-13 12:00:00,0.12465,9.926666666666668,3.7775,openaq_ground
2025-12-13 13:00:00,,10.969999999999999,3.92,openaq_ground
2025-12-13 14:00:00,0.069,10.876666666666665,4.1225,openaq_ground
2025-12-13 15:00:00,0.2975,10.983333333333334,4.1725,openaq_ground
2025-12-13 16:00:00,0.898,11.103333333333333,4.3425,openaq_ground
2025-12-13 17:00:00,2.331,12.066666666666668,4.7275,openaq_ground
2025-12-13 18:00:00,6.44,14.966666666666667,5.6975,openaq_ground
2025-12-13 19:00:00,,,2.68,openaq_ground
2025-12-13 20:00:00,6.905,16.599999999999998,6.125,openaq_ground
2025-12-13 21:00:00,12.606,14.4,6.115,openaq_ground
2025-12-13 22:00:00,8.35,14.1,6.1475,openaq_ground
2025-12-13 23:00:00,11.7,15.200000000000001,6.6775,openaq_ground
2025-12-14 00:00:00,,,3.33,openaq_ground
2025-12-14 01:00:00,5.188000000000001,17.666666666666668,6.955,openaq_ground
2025-12-14 02:00:00,12.14,20.466666666666665,7.3725000000000005,openaq_ground
2025-12-14 03:00:00,10.075,21.53333333333333,7.897499999999999,openaq_ground
2025-12-14 04:00:00,8.85,25.266666666666666,9.035,openaq_ground
2025-12-14 05:00:00,4.0555,26.566666666666666,9.575,openaq_ground
2025-12-14 06:00:00,9.700000000000001,27.433333333333334,10.094999999999999,openaq_ground
2025-12-14 07:00:00,,,4.67,openaq_ground
2025-12-14 08:00:00,7.795,25.0,9.6375,openaq_ground
2025-12-14 09:00:00,,,4.05,openaq_ground
2025-12-14 10:00:00,,,3.44,openaq_ground
2025-12-14 11:00:00,9.895,9.9,3.7525,openaq_ground
2025-12-14 12:00:00,6.495,24.733333333333334,4.7225,openaq_ground
2025-12-14 13:00:00,,8.256666666666666,3.3625,openaq_ground
2025-12-14 14:00:00,13.545,11.653333333333334,6.0725,openaq_ground
2025-12-14 15:00:00,21.15,16.34,4.5200000000000005,openaq_ground
2025-12-14 16:00:00,28.05,69.99666666666666,9.5275,openaq_ground
2025-12-14 17:00:00,40.55,21.400000000000002,4.985,openaq_ground
2025-12-14 18:00:00,32.4,21.7,4.1925,openaq_ground
2025-12-14 19:00:00,27.1,15.166666666666666,4.09,openaq_ground
2025-12-14 20:00:00,,,1.92,openaq_ground
2025-12-14 21:00:00,29.9,16.25,2.8633333333333333,openaq_ground
2025-12-14 22:00:00,16.83,16.133333333333333,2.8635,openaq_ground
2025-12-14 23:00:00,14.504999999999999,15.700000000000001,2.36225,openaq_ground
2025-12-15 00:00:00,7.720000000000001,33.46666666666667,4.2545,openaq_ground
2025-12-15 01:00:00,13.854999999999999,10.463333333333333,2.203625,openaq_ground
2025-12-15 02:00:00,23.740000000000002,15.266666666666666,2.7005,openaq_ground
2025-12-15 03:00:00,17.265,12.466666666666667,2.57225,openaq_ground
2025-12-15 04:00:00,17.17,11.280000000000001,2.3682499999999997,openaq_ground
2025-12-15 05:00:00,9.709999999999999,7.3,1.7115,openaq_ground
2025-12-15 06:00:00,,,0.158,openaq_ground
2025-12-15 07:00:00,6.617,6.096666666666667,1.51695,openaq_ground
2025-12-15 08:00:00,11.5205,5.609999999999999,1.375375,openaq_ground
2025-12-15 09:00:00,,,0.075,openaq_ground
2025-12-15 10:00:00,,,0.0388,openaq_ground
2025-12-15 11:00:00,2.024,5.416666666666667,1.6171675,openaq_ground
2025-12-15 12:00:00,3.8449999999999998,4.713333333333334,1.08075,openaq_ground
2025-12-15 13:00:00,,9.143333333333334,2.084575,openaq_ground
2025-12-15 14:00:00,5.325,4.143333333333333,0.985675,openaq_ground
2025-12-15 15:00:00,,,0.195,openaq_ground
2025-12-15 16:00:00,15.32,4.6433333333333335,0.5870825,openaq_ground
2025-12-15 17:00:00,17.395,8.756666666666666,1.5082075000000001,openaq_ground
2025-12-15 18:00:00,16.015,75.96666666666667,21.803874999999998,openaq_ground
2025-12-15 19:00:00,11.91,11.95,3.3830000000000005,openaq_ground
2025-12-15 20:00:00,11.354999999999999,16.54,4.07775,openaq_ground
2025-12-15 21:00:00,,,1.18,openaq_ground
2025-12-15 22:00:00,13.01,15.566666666666668,4.01225,openaq_ground
2025-12-15 23:00:00,22.61,13.936666666666667,3.91025,openaq_ground
2025-12-16 00:00:00,13.77,21.8,5.69375,openaq_ground
2025-12-16 01:00:00,11.14,17.973333333333333,5.78,openaq_ground
2025-12-16 02:00:00,13.105,19.846666666666668,6.768,openaq_ground
2025-12-16 03:00:00,10.565,11.713333333333333,3.8609999999999998,openaq_ground
2025-12-16 04:00:00,6.680000000000001,11.37,4.6499999999999995,openaq_ground
2025-12-16 05:00:00,6.6049999999999995,18.363333333333333,4.4822500000000005,openaq_ground
2025-12-16 06:00:00,11.64,10.09,3.855,openaq_ground
2025-12-16 07:00:00,11.985,8.176666666666668,2.81525,openaq_ground
2025-12-16 08:00:00,7.22,11.833333333333334,3.59875,openaq_ground
2025-12-16 09:00:00,,,0.623,openaq_ground
2025-12-16 10:00:00,,,0.311,openaq_ground
2025-12-16 11:00:00,2.355,1.6633333333333333,0.6145,openaq_ground
2025-12-16 12:00:00,2.5675000000000003,1.9799999999999998,0.7596750000000001,openaq_ground
2025-12-16 13:00:00,,1.6166666666666665,0.54125,openaq_ground
2025-12-16 14:00:00,4.0649999999999995,1.6366666666666667,0.49133249999999995,openaq_ground
2025-12-16 15:00:00,,,0.0443,openaq_ground
2025-12-16 16:00:00,9.84,1.8466666666666667,0.8447,openaq_ground
2025-12-16 17:00:00,12.305,3.19,1.194875,openaq_ground
2025-12-16 18:00:00,11.11,3.6233333333333335,1.7135,openaq_ground
2025-12-16 19:00:00,13.665000000000001,4.466666666666667,1.70075,openaq_ground
2025-12-16 20:00:00,9.89,3.3466666666666662,1.6822499999999998,openaq_ground
2025-12-16 21:00:00,10.41,5.173333333333333,2.0232,openaq_ground
2025-12-16 22:00:00,10.995000000000001,10.403333333333334,3.85575,openaq_ground
2025-12-16 23:00:00,5.545,10.049999999999999,3.885,openaq_ground
2025-12-17 00:00:00,7.59,10.17,4.215,openaq_ground
2025-12-17 01:00:00,6.18,11.51,4.0975,openaq_ground
2025-12-17 02:00:00,,,1.05,openaq_ground
2025-12-17 03:00:00,5.08,11.333333333333334,4.35775,openaq_ground
2025-12-17 04:00:00,4.795,11.18,4.6049999999999995,openaq_ground
2025-12-17 05:00:00,5.005,12.9,5.27,openaq_ground
2025-12-17 06:00:00,8.065,12.433333333333332,4.9125,openaq_ground
2025-12-17 07:00:00,11.47,12.633333333333333,4.8725000000000005,openaq_ground
2025-12-17 09:00:00,,,1.31,openaq_ground
2025-12-17 10:00:00,,,1.72,openaq_ground
2025-12-17 11:00:00,5.095000000000001,11.799999999999999,4.335,openaq_ground
2025-12-17 12:00:00,5.8,11.533333333333333,4.14,openaq_ground
2025-12-17 13:00:00,,10.15,4.115,openaq_ground
2025-12-17 14:00:00,,,1.41,openaq_ground
2025-12-17 15:00:00,14.725,14.766666666666666,4.5125,openaq_ground
2025-12-17 16:00:00,13.7,14.270000000000001,5.3075,openaq_ground
2025-12-17 17:00:00,18.9,14.266666666666667,4.825,openaq_ground
2025-12-17 18:00:00,20.7,16.166666666666668,5.3725,openaq_ground
2025-12-17 19:00:00,23.6,14.1,4.7875,openaq_ground
2025-12-17 20:00:00,21.25,13.700000000000001,4.782500000000001,openaq_ground
2025-12-17 21:00:00,19.245,12.333333333333334,4.52,openaq_ground
2025-12-17 22:00:00,,,1.53,openaq_ground
2025-12-17 23:00:00,19.835,15.496666666666668,5.17,openaq_ground
2025-12-18 00:00:00,18.71,14.566666666666668,5.3549999999999995,openaq_ground
2025-12-18 01:00:00,17.46,10.313333333333333,4.275,openaq_ground
2025-12-18 02:00:00,22.945,9.063333333333334,4.1825,openaq_ground
2025-12-18 03:00:00,24.384999999999998,10.17,3.9749999999999996,openaq_ground
2025-12-18 04:00:00,11.245000000000001,11.396666666666667,4.575,openaq_ground
2025-12-18 05:00:00,13.325000000000001,12.786666666666667,5.1025,openaq_ground
2025-12-18 06:00:00,23.3,10.86,4.443333333333333,openaq_ground
2025-12-18 07:00:00,5.72,12.6,4.57,openaq_ground
2025-12-18 08:00:00,8.05,10.699999999999998,4.58,openaq_ground
2025-12-18 09:00:00,,,2.36,openaq_ground
2025-12-18 10:00:00,,,1.41,openaq_ground
2025-12-18 11:00:00,3.6850000000000005,9.396666666666667,3.73,openaq_ground
2025-12-18 12:00:00,7.074999999999999,9.423333333333334,4.276,openaq_ground
2025-12-18 13:00:00,,12.209999999999999,3.4325,openaq_ground
2025-12-18 14:00:00,,,0.597,openaq_ground
2025-12-18 15:00:00,13.35,12.313333333333333,3.25375,openaq_ground
2025-12-18 16:00:00,20.35,10.290000000000001,3.3689999999999998,openaq_ground
2025-12-18 17:00:00,16.78,8.366666666666667,2.9625,openaq_ground
2025-12-18 18:00:00,22.744999999999997,6.54,2.255,openaq_ground
2025-12-18 19:00:00,31.14,7.793333333333333,1.6085,openaq_ground
2025-12-18 20:00:00,,,0.226,openaq_ground
2025-12-18 21:00:00,27.4,7.845000000000001,0.7545666666666667,openaq_ground
2025-12-18 22:00:00,12.735,4.489999999999999,0.57325,openaq_ground
2025-12-18 23:00:00,15.225000000000001,4.35,0.5685,openaq_ground
2025-12-19 00:00:00,24.675,4.736666666666667,0.674,openaq_ground
2025-12-19 01:00:00,,9.27,0.76,openaq_ground
2025-12-19 02:00:00,9.64,14.3,4.657066666666666,openaq_ground
2025-12-19 03:00:00,8.525,14.700000000000001,5.9725,openaq_ground
2025-12-19 04:00:00,5.015,5.1466666666666665,2.7525,openaq_ground
2025-12-19 05:00:00,6.07,5.876666666666666,2.668,openaq_ground
2025-12-19 06:00:00,10.05,5.716666666666666,2.5765000000000002,openaq_ground
2025-12-19 07:00:00,8.47,8.376666666666667,3.4404999999999997,openaq_ground
2025-12-19 08:00:00,8.38,8.610000000000001,3.6305,openaq_ground
2025-12-19 09:00:00,,,0.895,openaq_ground
2025-12-19 10:00:00,,,1.31,openaq_ground
2025-12-19 11:00:00,2.99,3.133333333333333,1.5925,openaq_ground
2025-12-19 12:00:00,2.545,2.4366666666666665,1.36775,openaq_ground
2025-12-19 13:00:00,,2.27,1.055,openaq_ground
2025-12-19 14:00:00,4.26,2.1333333333333333,1.0345,openaq_ground
2025-12-19 15:00:00,,,0.478,openaq_ground
2025-12-19 16:00:00,7.709999999999999,3.2533333333333325,1.20325,openaq_ground
2025-12-19 17:00:00,9.305,4.0633333333333335,1.527,openaq_ground
2025-12-19 18:00:00,12.530000000000001,4.593333333333334,1.58,openaq_ground
2025-12-19 19:00:00,13.435,2.6199999999999997,1.4425,openaq_ground
2025-12-19 20:00:00,12.36,3.8266666666666667,1.78,openaq_ground
2025-12-19 21:00:00,5.505000000000001,2.8866666666666667,1.56,openaq_ground
2025-12-19 22:00:00,6.43,2.9166666666666665,1.1385,openaq_ground
2025-12-19 23:00:00,8.379999999999999,4.6466666666666665,1.44875,openaq_ground
2025-12-20 00:00:00,11.415000000000001,2.6966666666666668,1.15525,openaq_ground
2025-12-20 01:00:00,13.665,3.013333333333333,1.09775,openaq_ground
2025-12-20 02:00:00,,,0.0557,openaq_ground
2025-12-20 03:00:00,6.41,3.893333333333333,1.2745000000000002,openaq_ground
2025-12-20 04:00:00,13.135,4.05,1.28325,openaq_ground
2025-12-20 05:00:00,4.43,4.056666666666667,1.85375,openaq_ground
2025-12-20 06:00:00,5.3,3.61,1.51275,openaq_ground
2025-12-20 07:00:00,9.07,4.93,1.7982500000000001,openaq_ground
2025-12-20 08:00:00,6.92,4.23,1.57575,openaq_ground
2025-12-20 09:00:00,,,0.431,openaq_ground
2025-12-20 10:00:00,,,0.69,openaq_ground
2025-12-20 11:00:00,2.344,3.4066666666666663,1.705,openaq_ground
2025-12-20 12:00:00,2.438,3.2566666666666664,1.2385000000000002,openaq_ground
2025-12-20 13:00:00,,3.02,1.232,openaq_ground
2025-12-20 14:00:00,3.55,3.1633333333333336,1.3425,openaq_ground
2025-12-20 15:00:00,4.79,3.34,1.342,openaq_ground
2025-12-20 16:00:00,4.140000000000001,4.273333333333333,1.31275,openaq_ground
2025-12-20 17:00:00,8.675,4.98,1.72875,openaq_ground
2025-12-20 18:00:00,,,0.242,openaq_ground
2025-12-20 19:00:00,3.785,3.75,1.46225,openaq_ground
2025-12-20 20:00:00,4.521,3.8666666666666667,1.31625,openaq_ground
2025-12-20 21:00:00,4.015,4.03,1.24025,openaq_ground
2025-12-20 22:00:00,3.0295,4.463333333333334,1.3375,openaq_ground
2025-12-20 23:00:00,6.15,4.316666666666666,1.263,openaq_ground
2025-12-21 00:00:00,3.665,3.873333333333333,1.3325,openaq_ground
2025-12-21 01:00:00,,,0.0833,openaq_ground
2025-12-21 02:00:00,3.2565,4.326666666666667,1.42625,openaq_ground
2025-12-21 03:00:00,3.191,3.85,1.391,openaq_ground
2025-12-21 04:00:00,5.6715,5.23,1.59825,openaq_ground
2025-12-21 05:00:00,4.96,5.726666666666667,1.62225,openaq_ground
2025-12-21 06:00:00,5.48,7.126666666666666,1.9809999999999999,openaq_ground
2025-12-21 07:00:00,7.5600000000000005,6.896666666666667,2.26875,openaq_ground
2025-12-21 08:00:00,5.285,7.45,2.3527500000000003,openaq_ground
2025-12-21 09:00:00,,,0.316,openaq_ground
2025-12-21 10:00:00,,,0.161,openaq_ground
2025-12-21 11:00:00,5.275,7.966666666666666,2.195,openaq_ground
2025-12-21 12:00:00,7.09,8.42,2.33825,openaq_ground
2025-12-21 13:00:00,,7.713333333333334,2.26525,openaq_ground
2025-12-21 14:00:00,,,0.128,openaq_ground
2025-12-21 15:00:00,8.44,14.08,2.716,openaq_ground
2025-12-21 16:00:00,15.6,23.47,3.74075,openaq_ground
2025-12-21 17:00:00,14.665,9.613333333333333,2.66075,openaq_ground
2025-12-21 18:00:00,11.695,8.943333333333333,2.51325,openaq_ground
2025-12-21 19:00:00,13.745000000000001,9.413333333333334,2.716,openaq_ground
2025-12-21 20:00:00,19.240000000000002,10.016666666666666,2.8394999999999997,openaq_ground
2025-12-21 21:00:00,28.2,8.555,2.6833333333333336,openaq_ground
2025-12-21 22:00:00,15.835,8.863333333333333,2.80675,openaq_ground
2025-12-21 23:00:00,18.854999999999997,8.133333333333333,2.78025,openaq_ground
2025-12-22 00:00:00,11.815,8.336666666666666,2.78325,openaq_ground
2025-12-22 01:00:00,8.465,7.390000000000001,2.517,openaq_ground
2025-12-22 02:00:00,,,0.806,openaq_ground
2025-12-22 03:00:00,7.4515,8.483333333333333,2.816,openaq_ground
2025-12-22 04:00:00,7.46,9.35,3.05925,openaq_ground
2025-12-22 05:00:00,6.815,10.256666666666666,3.4725,openaq_ground
2025-12-22 06:00:00,6.57,12.800000000000002,4.135,openaq_ground
2025-12-22 07:00:00,5.485,14.233333333333334,4.9325,openaq_ground
2025-12-22 08:00:00,5.58,14.066666666666668,6.130000000000001,openaq_ground
2025-12-22 09:00:00,,,2.15,openaq_ground
2025-12-22 10:00:00,,,2.31,openaq_ground
2025-12-22 11:00:00,0.465,17.266666666666666,7.7325,openaq_ground
2025-12-22 12:00:00,1.7930000000000001,20.8,8.3,openaq_ground
2025-12-22 13:00:00,,17.666666666666668,7.4425,openaq_ground
2025-12-22 14:00:00,3.71,15.566666666666668,6.1125,openaq_ground
2025-12-22 15:00:00,4.9,19.333333333333332,6.245,openaq_ground
2025-12-22 16:00:00,13.57,13.933333333333332,4.4125,openaq_ground
2025-12-22 17:00:00,12.13,10.866666666666667,3.8075,openaq_ground
2025-12-22 18:00:00,,,0.765,openaq_ground
2025-12-22 19:00:00,7.470000000000001,10.833333333333334,5.1275,openaq_ground
2025-12-22 20:00:00,8.870000000000001,9.033333333333333,4.9775,openaq_ground
2025-12-22 21:00:00,12.440000000000001,10.58,4.1899999999999995,openaq_ground
2025-12-22 22:00:00,7.75,30.933333333333334,7.949999999999999,openaq_ground
2025-12-22 23:00:00,9.64,35.913333333333334,6.525,openaq_ground
2025-12-23 00:00:00,8.185,29.926666666666673,5.56925,openaq_ground
2025-12-23 01:00:00,4.42,23.53333333333333,6.51075,openaq_ground
2025-12-23 02:00:00,6.46,16.87333333333333,5.1875,openaq_ground
2025-12-23 03:00:00,9.8245,10.266666666666666,4.0325,openaq_ground
2025-12-23 04:00:00,8.83,9.753333333333332,4.0184999999999995,openaq_ground
2025-12-23 05:00:00,10.27,9.046666666666667,4.035,openaq_ground
2025-12-23 06:00:00,16.14,12.266666666666666,4.145,openaq_ground
2025-12-23 07:00:00,,,1.67,openaq_ground
2025-12-23 08:00:00,10.360000000000001,8.516666666666666,3.3275,openaq_ground
2025-12-23 09:00:00,,,0.862,openaq_ground
2025-12-23 10:00:00,,,0.75,openaq_ground
2025-12-23 11:00:00,0.789,10.11,4.8175,openaq_ground
2025-12-23 12:00:00,0.7055,11.006666666666668,5.234999999999999,openaq_ground
2025-12-23 13:00:00,,8.73,4.28,openaq_ground
2025-12-23 14:00:00,3.63,10.63,5.115,openaq_ground
2025-12-23 15:00:00,2.665,11.666666666666666,5.6175,openaq_ground
2025-12-23 16:00:00,,16.7,4.985,openaq_ground
2025-12-23 17:00:00,14.879999999999999,9.723333333333333,5.1175,openaq_ground
2025-12-23 18:00:00,25.705000000000002,10.276666666666666,4.98,openaq_ground
2025-12-23 19:00:00,14.61,9.03,3.9299999999999997,openaq_ground
2025-12-23 20:00:00,14.71,8.556666666666667,4.065,openaq_ground
2025-12-23 21:00:00,6.69,8.076666666666666,2.6254999999999997,openaq_ground
2025-12-23 22:00:00,,5.12,0.6685,openaq_ground
2025-12-23 23:00:00,6.441,9.183333333333334,1.160075,openaq_ground
2025-12-24 00:00:00,7.1895,6.906666666666666,1.02275,openaq_ground
2025-12-24 01:00:00,8.05,12.743333333333334,1.735,openaq_ground
2025-12-24 02:00:00,6.7805,10.323333333333332,1.6133250000000001,openaq_ground
2025-12-24 03:00:00,5.519,11.806666666666667,1.6843,openaq_ground
2025-12-24 04:00:00,5.0395,8.43,1.16155,openaq_ground
2025-12-24 05:00:00,,,0.0222,openaq_ground
2025-12-24 06:00:00,8.370000000000001,6.436666666666667,1.39125,openaq_ground
2025-12-24 07:00:00,7.435,4.006666666666667,1.330575,openaq_ground
2025-12-24 08:00:00,7.425000000000001,5.476666666666667,1.681825,openaq_ground
2025-12-24 09:00:00,,,0.0613,openaq_ground
2025-12-24 10:00:00,,,0.0443,openaq_ground
2025-12-24 11:00:00,1.299,5.133333333333333,1.5168249999999999,openaq_ground
2025-12-24 12:00:00,1.315,5.233333333333333,1.5257075,openaq_ground
2025-12-24 13:00:00,,6.329999999999999,1.69205,openaq_ground
2025-12-24 14:00:00,3.5,7.696666666666666,2.1812,openaq_ground
2025-12-24 15:00:00,4.42,,0.0333,openaq_ground
2025-12-24 16:00:00,5.41,4.71,1.26845,openaq_ground
2025-12-24 17:00:00,4.95,4.776666666666666,1.0593325,openaq_ground
2025-12-24 18:00:00,7.459,5.243333333333333,0.6697500000000001,openaq_ground
2025-12-24 19:00:00,3.6494999999999997,2.8366666666666664,0.3369,openaq_ground
2025-12-24 20:00:00,4.810499999999999,3.39,0.47925,openaq_ground
2025-12-24 21:00:00,4.7780000000000005,4.73,0.5185,openaq_ground
2025-12-24 22:00:00,,,0.0,openaq_ground
2025-12-24 23:00:00,4.24065,3.956666666666667,0.42795000000000005,openaq_ground
2025-12-25 00:00:00,5.043,3.266666666666667,0.40549999999999997,openaq_ground
2025-12-25 01:00:00,6.397,9.13,1.18075,openaq_ground
2025-12-25 02:00:00,4.605,5.203333333333333,0.875575,openaq_ground
2025-12-25 03:00:00,3.8415,4.166666666666667,0.860825,openaq_ground
2025-12-25 04:00:00,2.592,3.5766666666666667,0.89,openaq_ground
2025-12-25 05:00:00,,,0.0472,openaq_ground
2025-12-25 06:00:00,3.131,2.58,0.604,openaq_ground
2025-12-25 07:00:00,6.005,2.7100000000000004,0.67125,openaq_ground
2025-12-25 08:00:00,10.785,3.4133333333333336,0.8125,openaq_ground
2025-12-25 09:00:00,,,0.025,openaq_ground
2025-12-25 10:00:00,,,0.0,openaq_ground
2025-12-25 11:00:00,6.045,2.8633333333333333,0.9312499999999999,openaq_ground
2025-12-25 12:00:00,4.76,3.81,0.9410000000000001,openaq_ground
2025-12-25 13:00:00,,3.59,1.0747499999999999,openaq_ground
2025-12-25 14:00:00,5.375,2.8733333333333335,0.95425,openaq_ground
2025-12-25 15:00:00,8.28,5.283333333333334,1.0975,openaq_ground
2025-12-25 16:00:00,11.59,2.6333333333333333,0.86025,openaq_ground
2025-12-25 17:00:00,,,0.0,openaq_ground
2025-12-25 18:00:00,7.305,1.4063333333333334,0.316,openaq_ground
2025-12-25 19:00:00,5.6445,1.3176666666666665,0.67425,openaq_ground
2025-12-25 20:00:00,6.039000000000001,2.9166666666666665,0.745,openaq_ground
2025-12-25 21:00:00,6.997850000000001,1.9066666666666665,0.4243325,openaq_ground
2025-12-25 22:00:00,8.264,2.9033333333333338,0.40995,openaq_ground
2025-12-25 23:00:00,6.436,2.9333333333333336,0.65375,openaq_ground
2025-12-26 00:00:00,5.1034999999999995,3.456666666666667,0.62375,openaq_ground
2025-12-26 01:00:00,,,0.0,openaq_ground
2025-12-26 02:00:00,7.0265,3.5066666666666664,0.5915,openaq_ground
2025-12-26 03:00:00,4.271,4.36,0.9702500000000001,openaq_ground
2025-12-26 04:00:00,4.9945,2.9899999999999998,0.9141999999999999,openaq_ground
2025-12-26 05:00:00,6.7,2.6633333333333336,0.73475,openaq_ground
2025-12-26 06:00:00,7.09,5.756666666666667,0.9743324999999999,openaq_ground
2025-12-26 07:00:00,6.386,3.3633333333333333,0.8915825,openaq_ground
2025-12-26 08:00:00,,,0.0,openaq_ground
2025-12-26 09:00:00,,,0.0,openaq_ground
2025-12-26 10:00:00,,,0.0,openaq_ground
2025-12-26 11:00:00,4.025,1.8366666666666667,0.4825,openaq_ground
2025-12-26 12:00:00,5.015,2.716666666666667,0.57475,openaq_ground
2025-12-26 13:00:00,,1.6233333333333333,0.46649999999999997,openaq_ground
2025-12-26 14:00:00,6.515000000000001,1.434,0.4485,openaq_ground
2025-12-26 15:00:00,,,0.0,openaq_ground
2025-12-26 16:00:00,19.85,3.733333333333333,0.77225,openaq_ground
2025-12-26 17:00:00,10.545,3.42,0.7909999999999999,openaq_ground
2025-12-26 18:00:00,7.475,3.02,0.68275,openaq_ground
2025-12-26 19:00:00,7.73,3.3200000000000003,0.801875,openaq_ground
2025-12-26 20:00:00,5.365,4.946666666666666,0.8487500000000001,openaq_ground
2025-12-26 21:00:00,7.0729999999999995,3.926666666666667,0.89795,openaq_ground
2025-12-26 22:00:00,11.79,5.303333333333334,1.0020825,openaq_ground
2025-12-26 23:00:00,,,0.0222,openaq_ground
2025-12-27 00:00:00,7.6850000000000005,4.523333333333333,1.12,openaq_ground
2025-12-27 01:00:00,13.235,3.23,1.217575,openaq_ground
2025-12-27 02:00:00,15.31,5.616666666666667,1.421375,openaq_ground
2025-12-27 03:00:00,6.53,2.84,0.821925,openaq_ground
2025-12-27 04:00:00,16.745,5.096666666666667,1.6875,openaq_ground
2025-12-27 05:00:00,9.41,6.486666666666667,1.9032499999999999,openaq_ground
2025-12-27 06:00:00,6.34,3.9433333333333334,1.31195,openaq_ground
2025-12-27 07:00:00,3.375,2.7433333333333336,0.9552499999999999,openaq_ground
2025-12-27 08:00:00,,,0.0278,openaq_ground
2025-12-27 09:00:00,,,0.0528,openaq_ground
2025-12-27 10:00:00,,,0.0775,openaq_ground
2025-12-27 11:00:00,6.005,2.9599999999999995,1.00555,openaq_ground
2025-12-27 12:00:00,6.27,3.3166666666666664,0.9657075,openaq_ground
2025-12-27 13:00:00,,3.4633333333333334,1.009875,openaq_ground
2025-12-27 14:00:00,8.08,3.4166666666666665,1.0022,openaq_ground
2025-12-27 15:00:00,,,0.0612,openaq_ground
2025-12-27 16:00:00,11.37,4.109999999999999,1.12805,openaq_ground
2025-12-27 17:00:00,6.3500000000000005,3.7900000000000005,1.0915,openaq_ground
2025-12-27 18:00:00,5.73,4.38,1.1687,openaq_ground
2025-12-27 19:00:00,6.1899999999999995,2.99,1.2038,openaq_ground
2025-12-27 20:00:00,,,0.183,openaq_ground
2025-12-27 21:00:00,6.61,3.0066666666666664,1.2525,openaq_ground
2025-12-27 22:00:00,6.495,4.256666666666667,1.3495,openaq_ground
2025-12-27 23:00:00,16.9,3.4299999999999997,1.2342,openaq_ground
2025-12-28 00:00:00,,,0.147,openaq_ground
2025-12-28 01:00:00,12.109,5.086666666666666,1.75475,openaq_ground
2025-12-28 02:00:00,11.717,3.6700000000000004,1.5272,openaq_ground
2025-12-28 03:00:00,6.8149999999999995,3.5866666666666664,1.3002500000000001,openaq_ground
2025-12-28 04:00:00,10.463,3.0933333333333337,1.195,openaq_ground
2025-12-28 05:00:00,9.723,3.2466666666666666,1.197825,openaq_ground
2025-12-28 06:00:00,,,2.73,openaq_ground
2025-12-28 07:00:00,8.195,4.096666666666667,1.42725,openaq_ground
2025-12-28 08:00:00,9.635,2.973333333333333,1.6325,openaq_ground
2025-12-28 09:00:00,,,0.292,openaq_ground
2025-12-28 10:00:00,,,0.0793,openaq_ground
2025-12-28 11:00:00,5.525,2.63,1.134175,openaq_ground
2025-12-28 12:00:00,5.605,2.8000000000000003,1.091925,openaq_ground
2025-12-28 13:00:00,,2.966666666666667,1.283,openaq_ground
2025-12-28 14:00:00,9.98,3.56,1.3966749999999999,openaq_ground
2025-12-28 15:00:00,14.5,5.5566666666666675,1.6069499999999999,openaq_ground
2025-12-28 16:00:00,17.5,6.31,1.7333749999999999,openaq_ground
2025-12-28 17:00:00,13.795,5.156666666666667,1.8202500000000001,openaq_ground
2025-12-28 18:00:00,,,0.139,openaq_ground
2025-12-28 19:00:00,8.61,3.5333333333333337,1.292,openaq_ground
2025-12-28 20:00:00,13.625,3.8366666666666664,1.20025,openaq_ground
2025-12-28 21:00:00,10.925,3.533333333333333,0.97325,openaq_ground
2025-12-28 22:00:00,11.22,3.1933333333333334,1.1338,openaq_ground
2025-12-29 00:00:00,,,0.0583,openaq_ground
2025-12-29 01:00:00,11.0875,4.526666666666666,1.6305,openaq_ground
2025-12-29 02:00:00,13.969999999999999,5.503333333333333,1.7040000000000002,openaq_ground
2025-12-29 03:00:00,6.8575,6.37,1.93125,openaq_ground
2025-12-29 04:00:00,9.9,6.463333333333334,2.14925,openaq_ground
2025-12-29 05:00:00,14.9,,0.797,openaq_ground
2025-12-29 06:00:00,7.92,4.94,1.95025,openaq_ground
2025-12-29 07:00:00,1.59,5.726666666666667,1.96,openaq_ground
2025-12-29 08:00:00,4.305,4.83,1.839,openaq_ground
2025-12-29 09:00:00,,,0.778,openaq_ground
2025-12-29 10:00:00,,,0.819,openaq_ground
2025-12-29 11:00:00,4.44,5.079999999999999,2.3575,openaq_ground
2025-12-29 12:00:00,2.795,5.22,2.39,openaq_ground
2025-12-29 13:00:00,,,1.87,openaq_ground
2025-12-29 14:00:00,4.325,2.7733333333333334,1.47125,openaq_ground
2025-12-29 15:00:00,3.77,3.0833333333333335,1.1395,openaq_ground
2025-12-29 16:00:00,5.135,2.4133333333333336,0.55925,openaq_ground
2025-12-29 17:00:00,7.935,2.331,0.6619499999999999,openaq_ground
2025-12-29 18:00:00,8.35,5.406666666666666,1.1134249999999999,openaq_ground
2025-12-29 19:00:00,8.254999999999999,2.9133333333333336,1.021,openaq_ground
2025-12-29 20:00:00,7.85,3.263333333333333,1.0630825,openaq_ground
2025-12-29 21:00:00,,,0.0,openaq_ground
2025-12-29 22:00:00,12.74,6.283333333333334,1.7518,openaq_ground
2025-12-29 23:00:00,9.415,4.303333333333334,1.396625,openaq_ground
2025-12-30 00:00:00,8.083499999999999,5.97,1.826,openaq_ground
2025-12-30 01:00:00,9.88,7.72,2.32125,openaq_ground
2025-12-30 02:00:00,11.175,6.883333333333333,2.2455749999999997,openaq_ground
2025-12-30 03:00:00,6.970000000000001,5.473333333333334,2.2055,openaq_ground
2025-12-30 05:00:00,8.5,5.0,2.395,openaq_ground
2025-12-30 06:00:00,10.565000000000001,4.703333333333333,1.96225,openaq_ground
2025-12-30 07:00:00,6.095000000000001,5.609999999999999,2.504,openaq_ground
2025-12-30 08:00:00,5.835,4.79,1.84125,openaq_ground
2025-12-30 09:00:00,,,0.0807,openaq_ground
2025-12-30 10:00:00,,,0.339,openaq_ground
2025-12-30 11:00:00,3.9450000000000003,2.966666666666667,0.8265,openaq_ground
2025-12-30 12:00:00,2.6799999999999997,2.026666666666667,0.835,openaq_ground
2025-12-30 13:00:00,,2.8200000000000003,0.9625,openaq_ground
2025-12-30 14:00:00,3.8899999999999997,5.2,1.672175,openaq_ground
2025-12-30 15:00:00,6.084999999999999,4.680000000000001,1.706,openaq_ground
2025-12-30 16:00:00,,,0.497,openaq_ground
2025-12-30 17:00:00,8.545,1.7240000000000002,0.5910500000000001,openaq_ground
2025-12-30 18:00:00,7.92,2.953333333333333,0.761,openaq_ground
2025-12-30 19:00:00,7.475,0.5326666666666667,0.27375,openaq_ground
2025-12-30 20:00:00,6.705,1.5090000000000001,0.519,openaq_ground
2025-12-30 21:00:00,9.375,1.3659999999999999,0.58975,openaq_ground
2025-12-30 22:00:00,7.17,1.6583333333333332,0.613425,openaq_ground
2025-12-30 23:00:00,6.5,4.445,0.8115666666666667,openaq_ground
2025-12-31 00:00:00,4.1675,4.3133333333333335,0.824925,openaq_ground
2025-12-31 01:00:00,6.259,2.1233333333333335,0.9637500000000001,openaq_ground
2025-12-31 02:00:00,,2.71,0.9215,openaq_ground
2025-12-31 03:00:00,5.905,6.1933333333333325,2.154,openaq_ground
2025-12-31 04:00:00,8.045,6.93,2.07425,openaq_ground
2025-12-31 05:00:00,6.2250000000000005,6.1066666666666665,2.0445,openaq_ground
2025-12-31 06:00:00,7.255,6.665,2.1203333333333334,openaq_ground
2025-12-31 07:00:00,4.345000000000001,8.173333333333334,2.77,openaq_ground
2025-12-31 08:00:00,,11.5,2.8499999999999996,openaq_ground
2025-12-31 09:00:00,,,1.82,openaq_ground
2025-12-31 10:00:00,,,1.82,openaq_ground
2025-12-31 11:00:00,2.99,7.546666666666667,2.9025,openaq_ground
2025-12-31 12:00:00,4.5,6.983333333333333,2.95,openaq_ground
2025-12-31 13:00:00,,5.419999999999999,2.45,openaq_ground
2025-12-31 14:00:00,0.9630000000000001,8.29,3.2199999999999998,openaq_ground
2025-12-31 15:00:00,1.625,8.003333333333332,3.465,openaq_ground
2025-12-31 16:00:00,7.825,5.036666666666666,2.815,openaq_ground
2025-12-31 17:00:00,1.71,3.64,2.035,openaq_ground
2025-12-31 18:00:00,7.23,,1.74,openaq_ground
2025-12-31 19:00:00,5.359999999999999,4.536666666666666,2.8225,openaq_ground
2025-12-31 20:00:00,4.125,3.4166666666666665,2.17,openaq_ground
2025-12-31 21:00:00,4.2355,3.6300000000000003,2.17,openaq_ground
2025-12-31 22:00:00,4.2425,3.2433333333333336,1.93,openaq_ground
2025-12-31 23:00:00,,,1.16,openaq_ground
2026-01-01 00:00:00,4.1035,4.566666666666666,3.0625,openaq_ground
2026-01-01 01:00:00,5.414,4.216666666666666,2.5774999999999997,openaq_ground
2026-01-01 02:00:00,4.5184999999999995,4.793333333333333,3.3425000000000002,openaq_ground
2026-01-01 03:00:00,6.5200000000000005,3.9899999999999998,2.7975,openaq_ground
2026-01-01 04:00:00,,,2.53,openaq_ground
2026-01-01 05:00:00,3.115,4.8500000000000005,3.1825,openaq_ground
2026-01-01 06:00:00,4.0395,4.783333333333334,2.96,openaq_ground
2026-01-01 07:00:00,3.3935,4.433333333333334,2.2975,openaq_ground
2026-01-01 08:00:00,3.25,3.526666666666667,2.3,openaq_ground
2026-01-01 09:00:00,,,2.25,openaq_ground
2026-01-01 10:00:00,,,1.98,openaq_ground
2026-01-01 11:00:00,2.67,4.293333333333333,2.2725,openaq_ground
2026-01-01 12:00:00,1.637,3.866666666666667,2.3375000000000004,openaq_ground
2026-01-01 13:00:00,,4.513333333333333,2.435,openaq_ground
2026-01-01 14:00:00,3.62,5.109999999999999,2.8200000000000003,openaq_ground
2026-01-01 15:00:00,5.7,5.91,3.1375,openaq_ground
2026-01-01 16:00:00,,,3.27,openaq_ground
2026-01-01 17:00:00,13.829999999999998,5.16,3.3375,openaq_ground
2026-01-01 18:00:00,4.4799999999999995,4.376666666666666,3.1625,openaq_ground
2026-01-01 19:00:00,4.265000000000001,4.236666666666667,2.56,openaq_ground
2026-01-01 20:00:00,3.9899999999999998,5.2299999999999995,2.4375,openaq_ground
2026-01-01 21:00:00,6.9,5.396666666666666,2.3725,openaq_ground
2026-01-01 22:00:00,5.303,4.663333333333333,2.1525,openaq_ground
2026-01-01 23:00:00,,,1.04,openaq_ground
2026-01-02 00:00:00,4.0735,4.796666666666667,2.255,openaq_ground
2026-01-02 01:00:00,5.035,4.94,2.142,openaq_ground
2026-01-02 02:00:00,3.905,3.72,1.6099999999999999,openaq_ground
2026-01-02 03:00:00,4.945,3.9966666666666666,1.4605,openaq_ground
2026-01-02 04:00:00,9.190000000000001,4.553333333333334,1.8980000000000001,openaq_ground
2026-01-02 05:00:00,4.76,6.3566666666666665,2.4745,openaq_ground
2026-01-02 06:00:00,3.84,6.099999999999999,2.4835000000000003,openaq_ground
2026-01-02 07:00:00,,,0.467,openaq_ground
2026-01-02 08:00:00,4.745,6.463333333333334,2.27875,openaq_ground
2026-01-02 09:00:00,,,0.836,openaq_ground
2026-01-02 10:00:00,,,1.51,openaq_ground
2026-01-02 11:00:00,2.431,11.6,4.65,openaq_ground
2026-01-02 12:00:00,2.595,14.0,5.3975,openaq_ground
2026-01-02 13:00:00,,13.4,5.425,openaq_ground
2026-01-02 14:00:00,4.675,13.5,5.2825,openaq_ground
2026-01-02 15:00:00,5.185,14.6,5.5424999999999995,openaq_ground
2026-01-02 16:00:00,,,2.55,openaq_ground
2026-01-02 17:00:00,8.415,14.066666666666668,5.46,openaq_ground
2026-01-02 18:00:00,7.43,12.39,4.75,openaq_ground
2026-01-02 19:00:00,6.99,9.16,3.705,openaq_ground
2026-01-02 20:00:00,6.115,6.123333333333334,2.46,openaq_ground
2026-01-02 21:00:00,7.96,5.609999999999999,2.17075,openaq_ground
2026-01-02 22:00:00,4.3445,7.7,2.22875,openaq_ground
2026-01-02 23:00:00,5.672,6.043333333333333,2.0935,openaq_ground
2026-01-03 00:00:00,4.2495,4.923333333333333,1.73175,openaq_ground
2026-01-03 01:00:00,4.0725,4.753333333333333,1.5739999999999998,openaq_ground
2026-01-03 02:00:00,4.3815,3.6366666666666667,1.3587500000000001,openaq_ground
2026-01-03 03:00:00,4.0305,3.9766666666666666,1.55525,openaq_ground
2026-01-03 04:00:00,3.5235,6.583333333333333,2.27375,openaq_ground
2026-01-03 05:00:00,,,0.453,openaq_ground
2026-01-03 06:00:00,3.5385,4.7700000000000005,1.7854999999999999,openaq_ground
2026-01-03 07:00:00,3.53,4.3133333333333335,1.45625,openaq_ground
2026-01-03 08:00:00,5.205,4.033333333333334,1.5396999999999998,openaq_ground
2026-01-03 09:00:00,,,0.103,openaq_ground
2026-01-03 10:00:00,,,0.1,openaq_ground
2026-01-03 11:00:00,3.79,4.803333333333334,1.5518,openaq_ground
2026-01-03 12:00:00,5.4,4.916666666666667,2.0484999999999998,openaq_ground
2026-01-03 13:00:00,,5.596666666666667,1.8014999999999999,openaq_ground
2026-01-03 14:00:00,3.135,5.183333333333334,1.739,openaq_ground
2026-01-03 15:00:00,,,0.764,openaq_ground
2026-01-03 16:00:00,1.35,5.273333333333333,1.90525,openaq_ground
2026-01-03 17:00:00,7.885,4.626666666666666,1.57125,openaq_ground
2026-01-03 18:00:00,5.015000000000001,5.613333333333333,1.7495,openaq_ground
2026-01-03 19:00:00,5.101999999999999,3.57,1.40025,openaq_ground
2026-01-03 20:00:00,4.7365,3.7433333333333336,1.49575,openaq_ground
2026-01-03 21:00:00,,,0.225,openaq_ground
2026-01-03 22:00:00,6.099,4.796666666666667,1.8055,openaq_ground
2026-01-03 23:00:00,19.8,4.886666666666667,1.8207499999999999,openaq_ground
2026-01-04 00:00:00,5.3845,6.31,2.0869999999999997,openaq_ground
2026-01-04 01:00:00,6.7845,6.016666666666667,2.053,openaq_ground
2026-01-04 02:00:00,13.8,5.903333333333333,2.1805,openaq_ground
2026-01-04 03:00:00,9.76,7.109999999999999,2.442,openaq_ground
2026-01-04 04:00:00,1.966,8.463333333333333,2.8685,openaq_ground
2026-01-04 05:00:00,,,0.87,openaq_ground
2026-01-04 06:00:00,1.9695,10.253333333333332,3.405,openaq_ground
2026-01-04 07:00:00,1.654,11.433333333333332,3.8375000000000004,openaq_ground
2026-01-04 08:00:00,2.0475,10.333333333333334,3.9225,openaq_ground
2026-01-04 09:00:00,,,1.21,openaq_ground
2026-01-04 11:00:00,0.82,17.433333333333334,5.5600000000000005,openaq_ground
2026-01-04 12:00:00,1.88,16.166666666666668,5.6325,openaq_ground
2026-01-04 13:00:00,,15.266666666666666,5.5625,openaq_ground
2026-01-04 14:00:00,2.6470000000000002,15.166666666666666,5.1899999999999995,openaq_ground
2026-01-04 15:00:00,,,2.41,openaq_ground
2026-01-04 16:00:00,7.7250000000000005,15.666666666666666,5.345000000000001,openaq_ground
2026-01-04 17:00:00,11.235,13.166666666666666,5.0575,openaq_ground
2026-01-04 18:00:00,14.515,16.733333333333334,5.6425,openaq_ground
2026-01-04 19:00:00,13.205,15.966666666666669,5.5225,openaq_ground
2026-01-04 20:00:00,,,1.66,openaq_ground
2026-01-04 21:00:00,23.4,14.4,4.803333333333334,openaq_ground
2026-01-04 22:00:00,8.165,14.0,5.0175,openaq_ground
2026-01-04 23:00:00,10.18,13.533333333333333,4.865,openaq_ground
2026-01-05 00:00:00,11.005,11.566666666666668,4.47,openaq_ground
2026-01-05 01:00:00,14.9,8.823333333333332,3.8899999999999997,openaq_ground
2026-01-05 02:00:00,12.525,8.67,3.7725,openaq_ground
2026-01-05 03:00:00,12.8015,7.789999999999999,3.3274999999999997,openaq_ground
2026-01-05 04:00:00,,,1.34,openaq_ground
2026-01-05 05:00:00,13.52,7.956666666666667,3.455,openaq_ground
2026-01-05 06:00:00,12.87,7.93,3.975,openaq_ground
2026-01-05 07:00:00,16.4,9.036666666666667,4.0275,openaq_ground
2026-01-05 08:00:00,11.76,8.233333333333333,4.005,openaq_ground
2026-01-05 09:00:00,,,3.14,openaq_ground
2026-01-05 10:00:00,,,2.98,openaq_ground
2026-01-05 11:00:00,3.275,6.213333333333334,3.4725,openaq_ground
2026-01-05 12:00:00,3.705,28.55666666666667,5.6975,openaq_ground
2026-01-05 13:00:00,,9.763333333333334,3.9050000000000002,openaq_ground
2026-01-05 14:00:00,10.255,9.563333333333334,4.375,openaq_ground
2026-01-05 15:00:00,,6.61,3.47,openaq_ground
2026-01-05 16:00:00,16.325,13.976666666666667,5.6025,openaq_ground
2026-01-05 17:00:00,17.92,9.386666666666667,4.8175,openaq_ground
2026-01-05 18:00:00,15.505,10.705,5.426666666666667,openaq_ground
2026-01-05 19:00:00,14.18,10.223333333333334,7.445,openaq_ground
2026-01-05 20:00:00,14.530000000000001,13.446666666666667,7.152500000000001,openaq_ground
2026-01-05 21:00:00,17.345,10.766666666666666,6.1125,openaq_ground
2026-01-05 22:00:00,14.68,10.826666666666668,6.2,openaq_ground
2026-01-05 23:00:00,16.75,10.133333333333333,6.205,openaq_ground
2026-01-06 00:00:00,14.545,9.243333333333334,5.359999999999999,openaq_ground
2026-01-06 01:00:00,29.2,9.75,5.336666666666666,openaq_ground
2026-01-06 02:00:00,11.045,10.313333333333333,5.8975,openaq_ground
2026-01-06 03:00:00,1.17,9.0,5.234999999999999,openaq_ground
2026-01-06 04:00:00,11.959999999999999,10.07,6.33,openaq_ground
2026-01-06 05:00:00,11.834999999999999,9.483333333333333,6.175,openaq_ground
2026-01-06 06:00:00,11.16,7.843333333333334,5.845000000000001,openaq_ground
2026-01-06 07:00:00,8.675,7.723333333333334,5.5875,openaq_ground
2026-01-06 08:00:00,14.58,8.086666666666668,4.9375,openaq_ground
2026-01-06 09:00:00,,,3.5,openaq_ground
2026-01-06 10:00:00,,,4.7,openaq_ground
2026-01-06 11:00:00,3.2279999999999998,8.996666666666666,4.305,openaq_ground
2026-01-06 12:00:00,3.67,8.770000000000001,4.3525,openaq_ground
2026-01-06 13:00:00,,9.72,4.5025,openaq_ground
2026-01-06 14:00:00,13.035,34.48,6.9025,openaq_ground
2026-01-06 15:00:00,10.795,18.720000000000002,5.3,openaq_ground
2026-01-06 16:00:00,16.0,10.4,4.335,openaq_ground
2026-01-06 17:00:00,39.6,8.325,4.0,openaq_ground
2026-01-06 18:00:00,10.945,12.073333333333332,3.74,openaq_ground
2026-01-06 19:00:00,9.095,35.06666666666667,7.33,openaq_ground
2026-01-06 20:00:00,8.105,20.0,9.0175,openaq_ground
2026-01-06 21:00:00,7.890000000000001,28.233333333333334,11.379999999999999,openaq_ground
2026-01-06 22:00:00,8.275,22.933333333333334,10.24,openaq_ground
2026-01-06 23:00:00,2.66,15.5,9.780000000000001,openaq_ground
2026-01-07 00:00:00,9.045,15.700000000000001,9.3875,openaq_ground
2026-01-07 01:00:00,36.5,15.25,9.343333333333334,openaq_ground
2026-01-07 02:00:00,21.935,15.966666666666669,9.0525,openaq_ground
2026-01-07 03:00:00,19.529999999999998,14.533333333333333,9.015,openaq_ground
2026-01-07 04:00:00,16.71,13.0,8.76,openaq_ground
2026-01-07 05:00:00,16.61,14.0,8.805,openaq_ground
2026-01-07 06:00:00,2.91,13.4,8.665,openaq_ground
2026-01-07 07:00:00,8.286,14.066666666666668,8.5125,openaq_ground
2026-01-07 08:00:00,5.869999999999999,17.033333333333335,8.907499999999999,openaq_ground
2026-01-07 09:00:00,,,7.69,openaq_ground
2026-01-07 10:00:00,,,7.81,openaq_ground
2026-01-07 11:00:00,8.25,10.65,7.035,openaq_ground
2026-01-07 12:00:00,6.075,8.536666666666667,5.8175,openaq_ground
2026-01-07 13:00:00,,10.353333333333333,5.2275,openaq_ground
2026-01-07 14:00:00,8.69,8.493333333333334,4.645,openaq_ground
2026-01-07 15:00:00,,,2.39,openaq_ground
2026-01-07 16:00:00,17.63,26.09,6.35,openaq_ground
2026-01-07 17:00:00,19.055,12.403333333333334,5.705,openaq_ground
2026-01-07 18:00:00,16.650000000000002,13.833333333333334,7.2325,openaq_ground
2026-01-07 19:00:00,,,8.98,openaq_ground
2026-01-07 20:00:00,,,9.75,openaq_ground
2026-01-07 21:00:00,,,8.08,openaq_ground
2026-01-07 22:00:00,17.82,14.233333333333334,7.4925,openaq_ground
2026-01-07 23:00:00,17.115000000000002,13.200000000000001,7.38,openaq_ground
2026-01-08 00:00:00,18.31,11.08,6.305,openaq_ground
2026-01-08 01:00:00,11.39,10.896666666666667,5.9275,openaq_ground
2026-01-08 02:00:00,,,5.15,openaq_ground
2026-01-08 03:00:00,13.754999999999999,9.156666666666666,5.165,openaq_ground
2026-01-08 04:00:00,12.99,11.65,5.7524999999999995,openaq_ground
2026-01-08 05:00:00,17.03,11.1,5.58,openaq_ground
2026-01-08 06:00:00,8.355,11.433333333333332,5.905,openaq_ground
2026-01-08 07:00:00,13.84,11.979999999999999,5.945,openaq_ground
2026-01-08 08:00:00,14.120000000000001,13.6,6.21,openaq_ground
2026-01-08 09:00:00,,,4.99,openaq_ground
2026-01-08 10:00:00,,,5.51,openaq_ground
2026-01-08 11:00:00,9.305,11.1,5.91,openaq_ground
2026-01-08 12:00:00,9.045,13.366666666666665,6.2075,openaq_ground
2026-01-08 13:00:00,,11.766666666666666,6.1825,openaq_ground
2026-01-08 14:00:00,9.125,11.07,6.3149999999999995,openaq_ground
2026-01-08 15:00:00,,,6.03,openaq_ground
2026-01-08 16:00:00,19.049999999999997,12.223333333333334,5.155,openaq_ground
2026-01-08 17:00:00,25.89,10.71,2.73775,openaq_ground
2026-01-08 18:00:00,11.399999999999999,6.036666666666666,1.04425,openaq_ground
2026-01-08 19:00:00,10.465,5.8933333333333335,0.7302500000000001,openaq_ground
2026-01-08 20:00:00,9.675,7.7,1.20695,openaq_ground
2026-01-08 21:00:00,4.635,71.60000000000001,8.790000000000001,openaq_ground
2026-01-08 22:00:00,5.915,35.26666666666666,7.69525,openaq_ground
2026-01-08 23:00:00,,,1.78,openaq_ground
2026-01-09 00:00:00,4.497999999999999,15.0,5.4350000000000005,openaq_ground
2026-01-09 01:00:00,5.295,15.566666666666668,5.75,openaq_ground
2026-01-09 02:00:00,13.215,15.9,6.4875,openaq_ground
2026-01-09 03:00:00,9.805000000000001,15.233333333333334,6.0,openaq_ground
2026-01-09 04:00:00,10.6,11.933333333333332,5.515000000000001,openaq_ground
2026-01-09 05:00:00,9.029,12.633333333333333,5.2875,openaq_ground
2026-01-09 06:00:00,7.775,11.6,5.09,openaq_ground
2026-01-09 07:00:00,12.614999999999998,11.700000000000001,5.1075,openaq_ground
2026-01-09 08:00:00,,,2.19,openaq_ground
2026-01-09 09:00:00,,,2.2,openaq_ground
2026-01-09 10:00:00,,,2.7,openaq_ground
2026-01-09 11:00:00,1.051,12.066666666666668,5.21,openaq_ground
2026-01-09 12:00:00,0.6375,12.766666666666666,5.15,openaq_ground
2026-01-09 13:00:00,,16.0,5.34,openaq_ground
2026-01-09 14:00:00,0.9755,13.800000000000002,5.9075,openaq_ground
2026-01-09 15:00:00,0.8217099999999999,14.649999999999999,5.886666666666667,openaq_ground
2026-01-09 16:00:00,3.9975,16.266666666666666,7.1125,openaq_ground
2026-01-09 17:00:00,4.775,17.53333333333333,7.0725,openaq_ground
2026-01-09 18:00:00,10.370000000000001,18.2,6.67,openaq_ground
2026-01-09 19:00:00,11.105,16.233333333333334,6.2375,openaq_ground
2026-01-09 20:00:00,12.305,13.766666666666666,5.235,openaq_ground
2026-01-09 21:00:00,12.435,11.046666666666667,3.6499999999999995,openaq_ground
2026-01-09 22:00:00,,,1.33,openaq_ground
2026-01-09 23:00:00,6.817,10.396666666666667,2.2525000000000004,openaq_ground
2026-01-10 00:00:00,5.602,10.823333333333332,2.255,openaq_ground
2026-01-10 01:00:00,7.2295,14.366666666666665,2.083,openaq_ground
2026-01-10 02:00:00,8.35,7.78,1.3475,openaq_ground
2026-01-10 03:00:00,8.155000000000001,6.583333333333333,1.09275,openaq_ground
2026-01-10 04:00:00,8.875,7.083333333333333,1.177925,openaq_ground
2026-01-10 05:00:00,4.465,7.706666666666666,1.561925,openaq_ground
2026-01-10 06:00:00,,,0.394,openaq_ground
2026-01-10 07:00:00,6.42,5.296666666666667,1.2185000000000001,openaq_ground
2026-01-10 08:00:00,3.5540000000000003,5.1000000000000005,1.3985750000000001,openaq_ground
2026-01-10 09:00:00,,,0.0582,openaq_ground
2026-01-10 10:00:00,,,0.0612,openaq_ground
2026-01-10 11:00:00,1.39565,4.633333333333333,1.443325,openaq_ground
2026-01-10 12:00:00,2.25905,7.359999999999999,1.81725,openaq_ground
2026-01-10 13:00:00,,7.289999999999999,1.4405,openaq_ground
2026-01-10 14:00:00,1.70575,9.66,1.69475,openaq_ground
2026-01-10 15:00:00,,,0.036,openaq_ground
2026-01-10 16:00:00,2.5335,11.0,2.411125,openaq_ground
2026-01-10 17:00:00,4.6118500000000004,11.333333333333334,1.8552499999999998,openaq_ground
2026-01-10 18:00:00,6.42,27.899999999999995,2.83675,openaq_ground
2026-01-10 19:00:00,6.51,23.233333333333334,2.396375,openaq_ground
2026-01-10 20:00:00,,28.4,1.73085,openaq_ground
2026-01-10 21:00:00,9.66,10.9,0.90035,openaq_ground
2026-01-10 22:00:00,4.1425,11.64,1.53555,openaq_ground
2026-01-10 23:00:00,12.0,4.04,0.6865,openaq_ground
2026-01-11 00:00:00,6.1215,8.083333333333334,1.56845,openaq_ground
2026-01-11 01:00:00,5.244999999999999,12.906666666666666,2.8865,openaq_ground
2026-01-11 02:00:00,10.4,3.315,1.7833333333333332,openaq_ground
2026-01-11 03:00:00,1.64,1.88,1.3883333333333334,openaq_ground
2026-01-11 04:00:00,5.22,1.8456666666666666,0.5635,openaq_ground
2026-01-11 05:00:00,6.885,1.5936666666666668,0.473,openaq_ground
2026-01-11 06:00:00,6.32,2.56,0.61355,openaq_ground
2026-01-11 07:00:00,6.68,1.605,0.5278999999999999,openaq_ground
2026-01-11 08:00:00,6.0,1.8633333333333333,0.5632075,openaq_ground
2026-01-11 09:00:00,,,0.0112,openaq_ground
2026-01-11 10:00:00,,,0.236,openaq_ground
2026-01-11 11:00:00,1.266,14.9,6.565,openaq_ground
2026-01-11 12:00:00,1.8619999999999999,11.753333333333332,5.135,openaq_ground
2026-01-11 13:00:00,,12.1,4.67,openaq_ground
2026-01-11 14:00:00,2.6500000000000004,12.133333333333333,4.74,openaq_ground
2026-01-11 15:00:00,3.827,15.4,5.165,openaq_ground
2026-01-11 16:00:00,8.5,15.033333333333333,4.9425,openaq_ground
2026-01-11 17:00:00,8.845,13.366666666666667,4.7325,openaq_ground
2026-01-11 18:00:00,8.195,15.066666666666668,5.105,openaq_ground
2026-01-11 19:00:00,,,1.52,openaq_ground
2026-01-11 20:00:00,3.8049999999999997,18.286666666666665,4.4625,openaq_ground
2026-01-11 21:00:00,4.5315,14.513333333333334,3.90125,openaq_ground
2026-01-11 22:00:00,5.1305,11.886666666666668,3.3672500000000003,openaq_ground
2026-01-11 23:00:00,12.573500000000001,10.57,3.0735,openaq_ground
2026-01-12 00:00:00,1.14,11.799999999999999,3.16425,openaq_ground
2026-01-12 01:00:00,,,1.58,openaq_ground
2026-01-12 02:00:00,1.26,12.799999999999999,3.672,openaq_ground
2026-01-12 03:00:00,0.854,11.19,3.6105,openaq_ground
2026-01-12 04:00:00,0.236,10.14,3.4109999999999996,openaq_ground
2026-01-12 05:00:00,0.441,10.0,3.4074999999999998,openaq_ground
2026-01-12 06:00:00,0.53,11.566666666666668,3.5775,openaq_ground
2026-01-12 07:00:00,,,0.556,openaq_ground
2026-01-12 08:00:00,0.376,11.966666666666667,3.9855,openaq_ground
2026-01-12 09:00:00,,,0.797,openaq_ground
2026-01-12 10:00:00,,,0.833,openaq_ground
2026-01-12 11:00:00,0.195,12.766666666666666,4.36475,openaq_ground
2026-01-12 12:00:00,0.236,11.586666666666666,4.295,openaq_ground
2026-01-12 13:00:00,,12.866666666666667,4.5,openaq_ground
2026-01-12 14:00:00,3.9050000000000002,12.653333333333334,4.28,openaq_ground
2026-01-12 15:00:00,,,1.44,openaq_ground
2026-01-12 16:00:00,14.6,12.566666666666668,4.21,openaq_ground
2026-01-12 17:00:00,16.35,13.596666666666666,4.32,openaq_ground
2026-01-12 18:00:00,16.555,16.733333333333334,4.952500000000001,openaq_ground
2026-01-12 19:00:00,9.1,15.633333333333335,5.5425,openaq_ground
2026-01-12 20:00:00,11.444999999999999,15.266666666666666,5.595,openaq_ground
2026-01-12 21:00:00,12.455,17.533333333333335,6.195,openaq_ground
2026-01-12 22:00:00,10.84,17.733333333333334,6.33,openaq_ground
2026-01-12 23:00:00,13.07,17.26666666666667,6.5024999999999995,openaq_ground
2026-01-13 00:00:00,17.66,17.5,6.91,openaq_ground
2026-01-13 01:00:00,13.875,17.900000000000002,7.12,openaq_ground
2026-01-13 02:00:00,,,2.48,openaq_ground
2026-01-13 03:00:00,9.520000000000001,17.433333333333334,6.8925,openaq_ground
2026-01-13 04:00:00,8.545,17.833333333333332,6.795,openaq_ground
2026-01-13 05:00:00,8.685,18.433333333333334,6.5275,openaq_ground
2026-01-13 06:00:00,7.795,16.53333333333333,6.262499999999999,openaq_ground
2026-01-13 07:00:00,6.21,15.799999999999999,6.09,openaq_ground
2026-01-13 08:00:00,7.135,18.066666666666666,7.265000000000001,openaq_ground
2026-01-13 09:00:00,,,2.93,openaq_ground
2026-01-13 10:00:00,,,3.96,openaq_ground
2026-01-13 11:00:00,2.925,11.066666666666668,5.4375,openaq_ground
2026-01-13 12:00:00,3.3,10.056666666666667,5.48,openaq_ground
2026-01-13 13:00:00,,10.48,5.4975000000000005,openaq_ground
2026-01-13 14:00:00,5.0,9.093333333333334,4.8875,openaq_ground
2026-01-13 15:00:00,8.440000000000001,9.32,4.98,openaq_ground
2026-01-13 16:00:00,13.274999999999999,12.133333333333333,5.734999999999999,openaq_ground
2026-01-13 17:00:00,14.649999999999999,10.473333333333334,4.9725,openaq_ground
2026-01-13 18:00:00,,,3.67,openaq_ground
2026-01-13 19:00:00,14.25,10.263333333333334,5.359999999999999,openaq_ground
2026-01-13 20:00:00,11.615,9.87,5.1025,openaq_ground
2026-01-13 21:00:00,10.235,12.17,5.640000000000001,openaq_ground
2026-01-13 22:00:00,15.190000000000001,11.1,5.4925,openaq_ground
2026-01-13 23:00:00,24.85,12.066666666666668,5.37,openaq_ground
2026-01-14 00:00:00,21.1,8.1,4.195,openaq_ground
2026-01-14 01:00:00,19.96,9.11,4.82,openaq_ground
2026-01-14 02:00:00,24.14,8.299999999999999,4.74,openaq_ground
2026-01-14 03:00:00,14.435,8.953333333333333,4.965,openaq_ground
2026-01-14 04:00:00,12.035,8.686666666666667,4.86,openaq_ground
2026-01-14 05:00:00,13.215,9.013333333333334,4.84,openaq_ground
2026-01-14 06:00:00,,,2.41,openaq_ground
2026-01-14 07:00:00,13.46,7.946666666666666,4.27,openaq_ground
2026-01-14 08:00:00,10.77,5.703333333333333,3.7225,openaq_ground
2026-01-14 09:00:00,,,2.65,openaq_ground
2026-01-14 10:00:00,,,1.69,openaq_ground
2026-01-14 11:00:00,3.76,5.66,2.9525,openaq_ground
2026-01-14 12:00:00,3.8949999999999996,5.846666666666667,2.84,openaq_ground
2026-01-14 13:00:00,6.11,5.876666666666666,3.1475,openaq_ground
2026-01-14 14:00:00,7.845000000000001,6.513333333333333,3.4074999999999998,openaq_ground
2026-01-14 15:00:00,7.33,4.7,2.5233333333333334,openaq_ground
2026-01-14 16:00:00,14.23,4.825,2.7899999999999996,openaq_ground
2026-01-14 17:00:00,15.835,3.965,2.5500000000000003,openaq_ground
2026-01-14 18:00:00,16.88,4.04,2.7133333333333334,openaq_ground
2026-01-14 19:00:00,19.09,8.253333333333334,3.9375,openaq_ground
2026-01-14 20:00:00,15.934999999999999,6.603333333333333,3.6475,openaq_ground
2026-01-14 21:00:00,,10.0,3.51,openaq_ground
2026-01-14 22:00:00,10.355,8.190000000000001,3.4766666666666666,openaq_ground
2026-01-14 23:00:00,10.39,7.140000000000001,2.5,openaq_ground
2026-01-15 00:00:00,14.41,6.543333333333333,2.50125,openaq_ground
2026-01-15 01:00:00,14.489999999999998,4.953333333333333,2.2722499999999997,openaq_ground
2026-01-15 02:00:00,12.93,4.97,2.08675,openaq_ground
2026-01-15 03:00:00,14.04,5.22,2.4025,openaq_ground
2026-01-15 04:00:00,9.525,7.386666666666667,3.1275,openaq_ground
2026-01-15 05:00:00,9.065,7.93,3.21,openaq_ground
2026-01-15 06:00:00,9.23,5.763333333333333,2.7775,openaq_ground
2026-01-15 07:00:00,6.905,5.876666666666668,2.66,openaq_ground
2026-01-15 08:00:00,,,1.45,openaq_ground
2026-01-15 09:00:00,,,1.58,openaq_ground
2026-01-15 10:00:00,,,0.886,openaq_ground
2026-01-15 11:00:00,5.065,3.84,1.66225,openaq_ground
2026-01-15 12:00:00,5.17,4.489999999999999,1.4985,openaq_ground
2026-01-15 13:00:00,,5.16,1.5585,openaq_ground
2026-01-15 14:00:00,8.485,6.78,1.7275,openaq_ground
2026-01-15 15:00:00,5.890000000000001,6.213333333333334,1.955,openaq_ground
2026-01-15 16:00:00,,,0.389,openaq_ground
2026-01-15 17:00:00,17.7,7.243333333333333,2.05275,openaq_ground
2026-01-15 18:00:00,14.2,5.026666666666666,2.1475,openaq_ground
2026-01-15 19:00:00,11.265,4.053333333333334,1.5625,openaq_ground
2026-01-15 20:00:00,6.74,5.096666666666667,1.689,openaq_ground
2026-01-15 21:00:00,3.69,5.123333333333334,1.6965,openaq_ground
2026-01-15 22:00:00,2.51,5.573333333333333,1.9372500000000001,openaq_ground
2026-01-15 23:00:00,4.875,5.493333333333333,1.9,openaq_ground
2026-01-16 00:00:00,4.92,10.35,2.20675,openaq_ground
2026-01-16 01:00:00,,,0.0417,openaq_ground
2026-01-16 02:00:00,5.4350000000000005,7.14,2.2701249999999997,openaq_ground
2026-01-16 03:00:00,5.5649999999999995,4.493333333333333,1.85775,openaq_ground
2026-01-16 04:00:00,5.095,4.06,1.26925,openaq_ground
2026-01-16 05:00:00,6.6499999999999995,4.986666666666667,1.6757,openaq_ground
2026-01-16 06:00:00,4.955,5.9366666666666665,2.05975,openaq_ground
2026-01-16 07:00:00,7.035,7.84,3.32775,openaq_ground
2026-01-16 08:00:00,7.38,6.8999999999999995,3.6955,openaq_ground
2026-01-16 09:00:00,,,0.419,openaq_ground
2026-01-16 10:00:00,,,0.533,openaq_ground
2026-01-16 11:00:00,2.965,6.006666666666667,2.4444999999999997,openaq_ground
2026-01-16 12:00:00,1.87,5.386666666666667,2.023,openaq_ground
2026-01-16 13:00:00,,,0.52,openaq_ground
2026-01-16 14:00:00,5.67,5.37,1.9947499999999998,openaq_ground
2026-01-16 15:00:00,4.66,5.796666666666667,2.2645,openaq_ground
2026-01-16 16:00:00,5.23,6.010000000000001,2.35525,openaq_ground
2026-01-16 17:00:00,5.75,6.1866666666666665,2.56525,openaq_ground
2026-01-16 18:00:00,5.27,6.773333333333333,2.7775,openaq_ground
2026-01-16 19:00:00,,,1.44,openaq_ground
2026-01-16 20:00:00,7.64,8.38,3.04,openaq_ground
2026-01-16 21:00:00,6.58,6.3933333333333335,2.4525,openaq_ground
2026-01-16 22:00:00,9.33,8.216666666666667,2.97375,openaq_ground
2026-01-16 23:00:00,3.6319999999999997,5.84,1.899,openaq_ground
2026-01-17 00:00:00,3.2929999999999997,3.8866666666666667,1.5015,openaq_ground
2026-01-17 01:00:00,,,0.0445,openaq_ground
2026-01-17 02:00:00,2.277,3.723333333333333,1.122625,openaq_ground
2026-01-17 03:00:00,3.1100000000000003,3.66,1.222625,openaq_ground
2026-01-17 04:00:00,2.4375,2.82,0.9023749999999999,openaq_ground
2026-01-17 05:00:00,1.486,3.6999999999999997,1.138075,openaq_ground
2026-01-17 06:00:00,2.7,4.3,1.40005,openaq_ground
2026-01-17 07:00:00,2.44,5.126666666666666,1.48195,openaq_ground
2026-01-17 08:00:00,,,0.128,openaq_ground
2026-01-17 09:00:00,,,0.00567,openaq_ground
2026-01-17 10:00:00,,,0.269,openaq_ground
2026-01-17 11:00:00,3.5250000000000004,5.753333333333333,1.54,openaq_ground
2026-01-17 12:00:00,2.275,4.76,1.3639999999999999,openaq_ground
2026-01-17 13:00:00,,,0.142,openaq_ground
2026-01-17 14:00:00,3.31,6.373333333333334,1.441,openaq_ground
2026-01-17 15:00:00,9.015,4.433333333333334,1.3287499999999999,openaq_ground
2026-01-17 16:00:00,6.845,5.890000000000001,1.4085,openaq_ground
2026-01-17 17:00:00,4.265,4.42,1.6252499999999999,openaq_ground
2026-01-17 18:00:00,4.5649999999999995,4.216666666666667,1.37325,openaq_ground
2026-01-17 19:00:00,6.135000000000001,3.8433333333333333,1.25325,openaq_ground
2026-01-17 20:00:00,5.2749999999999995,3.8633333333333333,1.2432999999999998,openaq_ground
2026-01-17 21:00:00,,,0.0583,openaq_ground
2026-01-17 22:00:00,4.645,6.716666666666666,1.7626249999999999,openaq_ground
2026-01-17 23:00:00,16.0,4.476666666666667,1.202375,openaq_ground
2026-01-18 00:00:00,8.915,5.353333333333334,1.491,openaq_ground
2026-01-18 01:00:00,9.174999999999999,5.2,1.4035,openaq_ground
2026-01-18 02:00:00,13.32,5.333333333333333,1.5972,openaq_ground
2026-01-18 03:00:00,14.42,4.739999999999999,1.63,openaq_ground
2026-01-18 04:00:00,,,0.558,openaq_ground
2026-01-18 05:00:00,6.165,4.846666666666667,1.67675,openaq_ground
2026-01-18 06:00:00,8.44,4.706666666666667,1.38575,openaq_ground
2026-01-18 07:00:00,5.855,5.326666666666667,2.01,openaq_ground
2026-01-18 08:00:00,6.625,5.890000000000001,1.8355000000000001,openaq_ground
2026-01-18 09:00:00,,,0.542,openaq_ground
2026-01-18 10:00:00,,,0.433,openaq_ground
2026-01-18 11:00:00,7.734999999999999,5.503333333333334,2.426,openaq_ground
2026-01-18 12:00:00,6.665,9.183333333333334,4.0835,openaq_ground
2026-01-18 13:00:00,,7.236666666666667,3.1445,openaq_ground
2026-01-18 14:00:00,7.215,10.159999999999998,5.0685,openaq_ground
2026-01-18 15:00:00,,,0.664,openaq_ground
2026-01-18 16:00:00,19.6,6.863333333333333,2.3907499999999997,openaq_ground
2026-01-18 17:00:00,25.700000000000003,7.4433333333333325,2.33875,openaq_ground
2026-01-18 18:00:00,16.715,10.533333333333333,2.915,openaq_ground
2026-01-18 19:00:00,11.205,6.093333333333334,2.06225,openaq_ground
2026-01-18 20:00:00,14.74,4.68,1.7217500000000001,openaq_ground
2026-01-18 21:00:00,22.514999999999997,3.5233333333333334,1.374,openaq_ground
2026-01-18 22:00:00,13.28,3.6733333333333333,1.4815,openaq_ground
2026-01-18 23:00:00,11.523,5.883333333333333,2.153,openaq_ground
2026-01-19 00:00:00,13.37,5.513333333333333,2.0655,openaq_ground
2026-01-19 01:00:00,9.385,5.47,2.02325,openaq_ground
2026-01-19 02:00:00,,,0.372,openaq_ground
2026-01-19 03:00:00,16.23,4.3500000000000005,1.79325,openaq_ground
2026-01-19 04:00:00,12.0235,5.8933333333333335,1.943,openaq_ground
2026-01-19 05:00:00,8.989999999999998,6.293333333333333,2.283,openaq_ground
2026-01-19 06:00:00,9.515,6.003333333333333,2.266,openaq_ground
2026-01-19 07:00:00,11.795,5.47,2.27975,openaq_ground
2026-01-19 08:00:00,12.375,6.646666666666666,2.417,openaq_ground
2026-01-19 09:00:00,,,0.798,openaq_ground
2026-01-19 10:00:00,,,0.825,openaq_ground
2026-01-19 11:00:00,3.42,6.523333333333333,2.2405,openaq_ground
2026-01-19 12:00:00,5.1850000000000005,10.496666666666666,2.62575,openaq_ground
2026-01-19 13:00:00,,13.6,2.948,openaq_ground
2026-01-19 14:00:00,9.465,7.676666666666667,2.3055,openaq_ground
2026-01-19 15:00:00,8.615,10.166666666666666,2.7675,openaq_ground
2026-01-19 16:00:00,13.725,7.52,2.935,openaq_ground
2026-01-19 17:00:00,38.9,19.35,5.216666666666666,openaq_ground
2026-01-19 18:00:00,20.55,7.97,3.0250000000000004,openaq_ground
2026-01-19 19:00:00,15.649999999999999,7.823333333333334,2.5715,openaq_ground
2026-01-19 20:00:00,5.84,8.73,1.8639999999999999,openaq_ground
2026-01-19 21:00:00,16.895,5.79,2.4130000000000003,openaq_ground
2026-01-19 22:00:00,15.73,6.68,2.5355,openaq_ground
2026-01-19 23:00:00,19.8,5.66,2.1466666666666665,openaq_ground
2026-01-20 00:00:00,11.535,6.223333333333334,2.21975,openaq_ground
2026-01-20 01:00:00,14.955,6.169999999999999,2.2375,openaq_ground
2026-01-20 02:00:00,15.9,4.956666666666667,1.91175,openaq_ground
2026-01-20 03:00:00,11.31,4.326666666666666,1.9685000000000001,openaq_ground
2026-01-20 04:00:00,12.9905,5.193333333333333,2.065,openaq_ground
2026-01-20 05:00:00,11.967,5.596666666666667,1.97875,openaq_ground
2026-01-20 06:00:00,1.33,5.06,1.993,openaq_ground
2026-01-20 07:00:00,9.74,,0.808,openaq_ground
2026-01-20 08:00:00,9.205,5.413333333333333,1.9412500000000001,openaq_ground
2026-01-20 09:00:00,,,0.678,openaq_ground
2026-01-20 10:00:00,,,0.778,openaq_ground
2026-01-20 11:00:00,1.435,4.846666666666667,1.922,openaq_ground
2026-01-20 12:00:00,1.55,5.116666666666667,1.81725,openaq_ground
2026-01-20 13:00:00,,,1.23,openaq_ground
2026-01-20 14:00:00,1.834,4.97,1.9172500000000001,openaq_ground
2026-01-20 15:00:00,3.411,5.75,1.8737499999999998,openaq_ground
2026-01-20 16:00:00,14.809999999999999,6.44,2.0355,openaq_ground
2026-01-20 17:00:00,10.420000000000002,7.436666666666667,2.181,openaq_ground
2026-01-20 18:00:00,12.510000000000002,6.516666666666667,2.207,openaq_ground
2026-01-20 19:00:00,10.815,8.89,2.66675,openaq_ground
2026-01-20 20:00:00,7.239999999999999,8.493333333333334,2.71775,openaq_ground
2026-01-20 21:00:00,10.705,6.323333333333333,2.59675,openaq_ground
2026-01-20 22:00:00,13.795,10.32,3.31775,openaq_ground
2026-01-20 23:00:00,,,0.678,openaq_ground
2026-01-21 00:00:00,15.05,14.6,4.24,openaq_ground
2026-01-21 01:00:00,8.835,15.533333333333333,4.875,openaq_ground
2026-01-21 02:00:00,11.37,15.0,5.3575,openaq_ground
2026-01-21 03:00:00,14.295,13.733333333333334,5.5575,openaq_ground
2026-01-21 04:00:00,8.924999999999999,14.833333333333334,6.7425,openaq_ground
2026-01-21 05:00:00,5.2540000000000004,17.099999999999998,7.37,openaq_ground
2026-01-21 06:00:00,3.0565,19.5,8.254999999999999,openaq_ground
2026-01-21 07:00:00,3.929,19.333333333333332,9.035,openaq_ground
2026-01-21 08:00:00,9.56,19.5,8.705,openaq_ground
2026-01-21 09:00:00,,,5.16,openaq_ground
2026-01-21 10:00:00,,,4.11,openaq_ground
2026-01-21 11:00:00,0.321,11.799999999999999,5.6625,openaq_ground
2026-01-21 12:00:00,0.104,14.466666666666667,6.1675,openaq_ground
2026-01-21 13:00:00,,11.469999999999999,5.737500000000001,openaq_ground
2026-01-21 14:00:00,0.975,9.546666666666667,5.135,openaq_ground
2026-01-21 15:00:00,,,2.51,openaq_ground
2026-01-21 16:00:00,9.91,7.456666666666666,3.965,openaq_ground
2026-01-21 17:00:00,10.745,11.616666666666667,5.3149999999999995,openaq_ground
2026-01-21 18:00:00,8.295,12.596666666666666,6.4125,openaq_ground
2026-01-21 19:00:00,8.879999999999999,10.633333333333333,5.2475,openaq_ground
2026-01-21 20:00:00,13.895,13.066666666666668,6.2625,openaq_ground
2026-01-21 21:00:00,,,3.17,openaq_ground
2026-01-21 22:00:00,11.605,4.023333333333333,2.33,openaq_ground
2026-01-21 23:00:00,12.94,4.773333333333333,2.3525,openaq_ground
2026-01-22 00:00:00,13.815000000000001,4.453333333333333,2.2135,openaq_ground
2026-01-22 01:00:00,16.345,2.876666666666667,1.213,openaq_ground
2026-01-22 02:00:00,12.715,2.216666666666667,0.8855000000000001,openaq_ground
2026-01-22 03:00:00,21.76,3.9966666666666666,1.6975,openaq_ground
2026-01-22 04:00:00,,,0.328,openaq_ground
2026-01-22 05:00:00,11.955,3.966666666666667,1.9402499999999998,openaq_ground
2026-01-22 06:00:00,13.190000000000001,4.263333333333333,1.772,openaq_ground
2026-01-22 07:00:00,10.440000000000001,5.8999999999999995,1.869,openaq_ground
2026-01-22 08:00:00,10.73,7.466666666666666,2.24125,openaq_ground
2026-01-22 09:00:00,,,0.2,openaq_ground
2026-01-22 10:00:00,,,1.36,openaq_ground
2026-01-22 11:00:00,5.257,10.153333333333334,2.99625,openaq_ground
2026-01-22 12:00:00,1.9849999999999999,7.286666666666666,2.1245,openaq_ground
2026-01-22 13:00:00,,5.076666666666666,1.72725,openaq_ground
2026-01-22 14:00:00,2.065,5.3566666666666665,1.5805,openaq_ground
2026-01-22 15:00:00,5.21,3.5933333333333333,1.616,openaq_ground
2026-01-22 16:00:00,,,2.27,openaq_ground
2026-01-22 17:00:00,17.8,3.6666666666666665,3.54,openaq_ground
2026-01-22 18:00:00,14.29,6.456666666666667,4.1975,openaq_ground
2026-01-22 19:00:00,9.9,7.353333333333333,3.9625,openaq_ground
2026-01-22 20:00:00,15.715,6.69,4.27,openaq_ground
2026-01-22 21:00:00,14.19,5.923333333333333,2.4075,openaq_ground
2026-01-22 22:00:00,8.66,7.743333333333332,2.8602499999999997,openaq_ground
2026-01-22 23:00:00,7.6,14.763333333333334,3.96,openaq_ground
2026-01-23 00:00:00,7.325,6.48,2.705,openaq_ground
2026-01-23 01:00:00,6.085,19.07,3.98,openaq_ground
2026-01-23 02:00:00,11.09,8.033333333333333,3.2575000000000003,openaq_ground
2026-01-23 03:00:00,,,1.36,openaq_ground
2026-01-23 04:00:00,4.6745,9.986666666666666,3.27975,openaq_ground
2026-01-23 05:00:00,5.125,9.563333333333333,2.6799999999999997,openaq_ground
2026-01-23 06:00:00,4.505,5.25,2.835,openaq_ground
2026-01-23 07:00:00,4.63,5.196666666666666,2.79,openaq_ground
2026-01-23 08:00:00,4.3549999999999995,7.286666666666666,3.56,openaq_ground
2026-01-23 09:00:00,,,1.71,openaq_ground
2026-01-23 10:00:00,,,1.44,openaq_ground
2026-01-23 11:00:00,1.2080000000000002,6.890000000000001,3.1075,openaq_ground
2026-01-23 12:00:00,1.555,7.883333333333333,3.2125,openaq_ground
2026-01-23 13:00:00,,9.086666666666666,3.2474999999999996,openaq_ground
2026-01-23 14:00:00,1.6284999999999998,8.9,3.0865,openaq_ground
2026-01-23 15:00:00,1.3330000000000002,8.126666666666667,2.59725,openaq_ground
2026-01-23 16:00:00,2.335,7.853333333333334,2.48075,openaq_ground
2026-01-23 17:00:00,3.7649999999999997,8.416666666666666,2.6950000000000003,openaq_ground
2026-01-23 18:00:00,3.635,6.176666666666667,2.21725,openaq_ground
2026-01-23 19:00:00,3.971,6.516666666666667,2.1355,openaq_ground
2026-01-23 20:00:00,4.9915,4.013333333333333,1.289,openaq_ground
2026-01-23 21:00:00,,,0.2,openaq_ground
2026-01-23 22:00:00,4.1185,4.496666666666667,1.042375,openaq_ground
2026-01-23 23:00:00,5.077,3.9000000000000004,1.245875,openaq_ground
2026-01-24 00:00:00,5.0649999999999995,3.2633333333333336,0.8743000000000001,openaq_ground
2026-01-24 01:00:00,5.665,2.1966666666666668,0.646925,openaq_ground
2026-01-24 02:00:00,4.345,2.8299999999999996,1.014925,openaq_ground
2026-01-24 03:00:00,4.14,3.99,2.3093,openaq_ground
2026-01-24 04:00:00,3.27,1.8346666666666664,1.023675,openaq_ground
2026-01-24 05:00:00,3.335,2.2666666666666666,1.24305,openaq_ground
2026-01-24 06:00:00,,,0.164,openaq_ground
2026-01-24 07:00:00,3.625,4.6033333333333335,2.21975,openaq_ground
2026-01-24 08:00:00,2.8549999999999995,6.903333333333333,2.7425,openaq_ground
2026-01-24 09:00:00,,,0.642,openaq_ground
2026-01-24 10:00:00,,,0.107,openaq_ground
2026-01-24 11:00:00,2.715,3.3333333333333335,0.8953,openaq_ground
2026-01-24 12:00:00,4.2,3.7866666666666666,0.8296250000000001,openaq_ground
2026-01-24 13:00:00,,4.59,0.8775,openaq_ground
2026-01-24 14:00:00,4.37,3.223333333333333,0.8269500000000001,openaq_ground
2026-01-24 15:00:00,4.31,5.136666666666667,1.3035,openaq_ground
2026-01-24 16:00:00,4.984999999999999,4.973333333333334,1.66175,openaq_ground
2026-01-24 17:00:00,7.59,6.536666666666666,2.8865,openaq_ground
2026-01-24 18:00:00,,,0.736,openaq_ground
2026-01-24 19:00:00,7.24,4.12,1.22275,openaq_ground
2026-01-24 20:00:00,7.61,2.7266666666666666,1.04775,openaq_ground
2026-01-24 21:00:00,7.715,3.16,0.8455,openaq_ground
2026-01-24 22:00:00,5.585,3.8666666666666667,1.58975,openaq_ground
2026-01-24 23:00:00,11.3,2.4566666666666666,0.7622,openaq_ground
2026-01-25 00:00:00,3.7800000000000002,3.97,0.943125,openaq_ground
2026-01-25 01:00:00,,,0.0112,openaq_ground
2026-01-25 02:00:00,4.4295,3.8266666666666667,1.1055000000000001,openaq_ground
2026-01-25 03:00:00,5.2,2.3466666666666667,0.926,openaq_ground
2026-01-25 04:00:00,5.4,3.6333333333333333,1.315175,openaq_ground
2026-01-25 05:00:00,3.33,3.176666666666667,1.499,openaq_ground
2026-01-25 06:00:00,4.595000000000001,3.7433333333333336,1.33725,openaq_ground
2026-01-25 07:00:00,5.609999999999999,5.253333333333333,1.4935,openaq_ground
2026-01-25 08:00:00,7.275,5.613333333333333,1.9375,openaq_ground
2026-01-25 09:00:00,,,0.708,openaq_ground
2026-01-25 10:00:00,,,1.17,openaq_ground
2026-01-25 11:00:00,2.475,11.49,4.205,openaq_ground
2026-01-25 12:00:00,2.91,14.766666666666666,4.98,openaq_ground
2026-01-25 13:00:00,,13.666666666666666,4.685,openaq_ground
2026-01-25 14:00:00,3.215,14.233333333333334,4.395,openaq_ground
2026-01-25 15:00:00,5.155,13.933333333333332,4.3425,openaq_ground
2026-01-25 16:00:00,9.11,13.983333333333334,4.3625,openaq_ground
2026-01-25 17:00:00,,,1.45,openaq_ground
2026-01-25 18:00:00,15.605,12.933333333333332,4.0675,openaq_ground
2026-01-25 19:00:00,8.265,8.506666666666666,2.455,openaq_ground
2026-01-25 20:00:00,4.83,8.459999999999999,1.8615,openaq_ground
2026-01-25 21:00:00,8.51,13.7,1.4325,openaq_ground
2026-01-25 22:00:00,4.732,6.543333333333333,1.533,openaq_ground
2026-01-25 23:00:00,,,0.0278,openaq_ground
2026-01-26 00:00:00,7.3545,5.8999999999999995,1.22,openaq_ground
2026-01-26 01:00:00,3.8449999999999998,7.616666666666666,1.745125,openaq_ground
2026-01-26 02:00:00,,,0.0112,openaq_ground
2026-01-26 03:00:00,7.235,13.703333333333333,2.835175,openaq_ground
2026-01-26 04:00:00,4.76,8.513333333333334,2.53625,openaq_ground
2026-01-26 05:00:00,7.57,7.636666666666667,2.832,openaq_ground
2026-01-26 06:00:00,3.6100000000000003,7.989999999999999,3.17,openaq_ground
2026-01-26 07:00:00,4.3950000000000005,10.6,3.685,openaq_ground
2026-01-26 08:00:00,4.04,11.299999999999999,4.855,openaq_ground
2026-01-26 09:00:00,,,4.67,openaq_ground
2026-01-26 10:00:00,,,2.87,openaq_ground
2026-01-26 11:00:00,2.02,12.883333333333333,5.93,openaq_ground
2026-01-26 12:00:00,2.415,13.736666666666666,5.672499999999999,openaq_ground
2026-01-26 13:00:00,,11.423333333333334,4.6975,openaq_ground
2026-01-26 14:00:00,2.6854999999999998,11.366666666666667,3.765,openaq_ground
2026-01-26 15:00:00,5.255,7.766666666666667,2.7482499999999996,openaq_ground
2026-01-26 16:00:00,6.664999999999999,7.6066666666666665,2.264,openaq_ground
2026-01-26 17:00:00,7.835000000000001,6.13,1.9542499999999998,openaq_ground
2026-01-26 18:00:00,10.7,10.59,1.8085666666666667,openaq_ground
2026-01-26 19:00:00,5.875,5.73,1.8403,openaq_ground
2026-01-26 20:00:00,1.69,4.41,1.2095,openaq_ground
2026-01-26 21:00:00,17.7,6.289999999999999,1.5120000000000002,openaq_ground
2026-01-26 22:00:00,3.805,5.976666666666667,1.68825,openaq_ground
2026-01-26 23:00:00,5.3915,8.543333333333333,1.861825,openaq_ground
2026-01-27 00:00:00,6.5915,5.016666666666667,1.509925,openaq_ground
2026-01-27 01:00:00,5.45,5.1466666666666665,1.34695,openaq_ground
2026-01-27 02:00:00,5.445,9.25,1.525125,openaq_ground
2026-01-27 03:00:00,,,0.0,openaq_ground
2026-01-27 04:00:00,4.955,4.273333333333333,1.4461249999999999,openaq_ground
2026-01-27 05:00:00,4.0600000000000005,4.36,1.433875,openaq_ground
2026-01-27 06:00:00,7.08,5.56,1.594,openaq_ground
2026-01-27 07:00:00,,,0.262,openaq_ground
2026-01-27 08:00:00,7.445,7.460000000000001,1.971,openaq_ground
2026-01-27 09:00:00,,,0.414,openaq_ground
2026-01-27 10:00:00,,,0.0888,openaq_ground
2026-01-27 11:00:00,6.109999999999999,6.733333333333333,2.00975,openaq_ground
2026-01-27 12:00:00,5.51,9.326666666666666,2.36325,openaq_ground
2026-01-27 13:00:00,,9.293333333333333,2.4314999999999998,openaq_ground
2026-01-27 14:00:00,5.98,10.756666666666668,2.633,openaq_ground
2026-01-27 15:00:00,13.4,10.176666666666668,2.836,openaq_ground
2026-01-27 16:00:00,25.0,13.6,3.2969999999999997,openaq_ground
2026-01-27 17:00:00,18.165,8.826666666666666,2.51,openaq_ground
2026-01-27 18:00:00,18.3,,0.636,openaq_ground
2026-01-27 19:00:00,11.525,7.533333333333334,2.5035,openaq_ground
2026-01-27 20:00:00,9.834999999999999,8.403333333333334,2.81475,openaq_ground
2026-01-27 21:00:00,26.7,11.225000000000001,2.971333333333334,openaq_ground
2026-01-27 22:00:00,1.64,10.613333333333333,3.4205,openaq_ground
2026-01-27 23:00:00,11.755,12.133333333333333,3.96,openaq_ground
2026-01-28 00:00:00,9.934999999999999,10.699999999999998,3.9139999999999997,openaq_ground
2026-01-28 01:00:00,8.295,11.666666666666666,3.9370000000000003,openaq_ground
2026-01-28 02:00:00,20.0,12.9,3.8019999999999996,openaq_ground
2026-01-28 03:00:00,12.64,10.5,2.8555,openaq_ground
2026-01-28 04:00:00,14.010000000000002,11.700000000000001,4.0245,openaq_ground
2026-01-28 05:00:00,14.844999999999999,11.863333333333335,3.834,openaq_ground
2026-01-28 06:00:00,9.934999999999999,12.316666666666668,3.9525,openaq_ground
2026-01-28 07:00:00,12.174999999999999,10.883333333333333,3.92,openaq_ground
2026-01-28 08:00:00,2.14,12.073333333333332,3.9307499999999997,openaq_ground
2026-01-28 09:00:00,,,0.983,openaq_ground
2026-01-28 10:00:00,,,1.02,openaq_ground
2026-01-28 11:00:00,4.83,15.0,4.57175,openaq_ground
2026-01-28 12:00:00,,,0.931,openaq_ground
2026-01-28 13:00:00,,18.38,4.5175,openaq_ground
2026-01-28 14:00:00,11.015,11.799999999999999,3.8175,openaq_ground
2026-01-28 15:00:00,12.975,8.543333333333335,2.33975,openaq_ground
2026-01-28 16:00:00,18.6,12.683333333333332,2.95125,openaq_ground
2026-01-28 17:00:00,25.25,20.033333333333335,3.87225,openaq_ground
2026-01-28 18:00:00,22.799999999999997,24.7,4.367675,openaq_ground
2026-01-28 19:00:00,22.15,35.266666666666666,5.18905,openaq_ground
2026-01-28 20:00:00,,,0.226,openaq_ground
2026-01-28 21:00:00,39.2,37.5,4.8965,openaq_ground
2026-01-28 22:00:00,24.505,17.523333333333333,3.0347500000000003,openaq_ground
2026-01-28 23:00:00,21.9,9.28,1.97475,openaq_ground
2026-01-29 00:00:00,18.5,10.733333333333334,2.02475,openaq_ground
2026-01-29 01:00:00,18.375,11.036666666666667,1.9043,openaq_ground
2026-01-29 02:00:00,8.065,18.823333333333334,2.4071249999999997,openaq_ground
2026-01-29 03:00:00,10.61,14.94,2.435175,openaq_ground
2026-01-29 04:00:00,,,0.0,openaq_ground
2026-01-29 05:00:00,4.01,23.366666666666664,5.324225,openaq_ground
2026-01-29 06:00:00,3.464,24.366666666666664,6.63775,openaq_ground
2026-01-29 07:00:00,3.623,14.566666666666668,6.092499999999999,openaq_ground
2026-01-29 08:00:00,5.640000000000001,14.733333333333334,6.2325,openaq_ground
2026-01-29 09:00:00,,,2.01,openaq_ground
2026-01-29 10:00:00,,,1.51,openaq_ground
2026-01-29 11:00:00,2.6799999999999997,15.833333333333334,6.3675,openaq_ground
2026-01-29 12:00:00,3.49,16.53333333333333,6.59,openaq_ground
2026-01-29 13:00:00,,21.066666666666666,6.9625,openaq_ground
2026-01-29 14:00:00,5.965,23.0,7.385,openaq_ground
2026-01-29 15:00:00,7.15,19.233333333333334,7.0024999999999995,openaq_ground
2026-01-29 16:00:00,17.445,21.833333333333332,7.3225,openaq_ground
2026-01-29 17:00:00,,,2.86,openaq_ground
2026-01-29 18:00:00,16.905,25.733333333333334,8.2925,openaq_ground
2026-01-29 19:00:00,12.6,18.466666666666665,7.6425,openaq_ground
2026-01-29 20:00:00,9.355,19.0,6.673333333333335,openaq_ground
2026-01-29 21:00:00,19.8,22.0,5.925000000000001,openaq_ground
2026-01-29 22:00:00,14.53,17.65,6.59,openaq_ground
2026-01-29 23:00:00,,,2.33,openaq_ground
2026-01-30 00:00:00,9.749500000000001,20.2,8.01,openaq_ground
2026-01-30 01:00:00,10.18,19.833333333333332,8.0875,openaq_ground
2026-01-30 02:00:00,12.455,21.366666666666664,8.245000000000001,openaq_ground
2026-01-30 03:00:00,6.3100000000000005,24.099999999999998,9.120000000000001,openaq_ground
2026-01-30 04:00:00,7.175,22.133333333333336,8.6575,openaq_ground
2026-01-30 05:00:00,9.575000000000001,22.599999999999998,8.545,openaq_ground
2026-01-30 06:00:00,9.575000000000001,19.900000000000002,8.3875,openaq_ground
2026-01-30 07:00:00,10.34,19.866666666666664,8.2275,openaq_ground
2026-01-30 08:00:00,10.66,20.233333333333334,8.3275,openaq_ground
2026-01-30 09:00:00,,,3.73,openaq_ground
2026-01-30 10:00:00,,,3.88,openaq_ground
2026-01-30 11:00:00,1.25,22.46666666666667,9.052499999999998,openaq_ground
2026-01-30 12:00:00,0.8075,20.366666666666667,9.035,openaq_ground
2026-01-30 13:00:00,,22.333333333333332,9.2275,openaq_ground
2026-01-30 14:00:00,,,4.77,openaq_ground
2026-01-30 15:00:00,3.03,22.400000000000002,9.092500000000001,openaq_ground
2026-01-30 16:00:00,9.7,23.133333333333336,8.64,openaq_ground
2026-01-30 17:00:00,9.205,23.53333333333333,8.5225,openaq_ground
2026-01-30 18:00:00,7.239999999999999,19.166666666666668,8.115,openaq_ground
2026-01-30 19:00:00,11.95,21.599999999999998,8.4275,openaq_ground
2026-01-30 20:00:00,11.22,19.3,8.35,openaq_ground
2026-01-30 21:00:00,13.114999999999998,18.099999999999998,8.025,openaq_ground
2026-01-30 22:00:00,,,3.8,openaq_ground
2026-01-30 23:00:00,13.520000000000001,16.333333333333332,7.4375,openaq_ground
2026-01-31 00:00:00,11.109,17.866666666666667,7.5975,openaq_ground
2026-01-31 01:00:00,18.259,16.2,7.397500000000001,openaq_ground
2026-01-31 02:00:00,13.8545,15.233333333333334,7.172499999999999,openaq_ground
2026-01-31 03:00:00,,,3.29,openaq_ground
2026-01-31 04:00:00,7.735,16.033333333333335,7.415,openaq_ground
2026-01-31 05:00:00,8.4255,15.5,7.404999999999999,openaq_ground
2026-01-31 06:00:00,14.154499999999999,16.566666666666666,7.6975,openaq_ground
2026-01-31 07:00:00,4.315,17.2,7.625,openaq_ground
2026-01-31 08:00:00,3.19,18.233333333333334,7.5425,openaq_ground
2026-01-31 09:00:00,,,4.42,openaq_ground
2026-01-31 10:00:00,,,4.87,openaq_ground
2026-01-31 11:00:00,1.6255000000000002,15.700000000000001,7.1875,openaq_ground
2026-01-31 12:00:00,0.25,16.53333333333333,7.1875,openaq_ground
2026-01-31 13:00:00,,14.299999999999999,6.6475,openaq_ground
2026-01-31 14:00:00,,,3.72,openaq_ground
2026-01-31 15:00:00,1.375,14.700000000000001,6.91,openaq_ground
2026-01-31 16:00:00,5.989999999999999,15.5,7.08,openaq_ground
2026-01-31 17:00:00,5.835000000000001,14.333333333333334,7.045,openaq_ground
2026-01-31 18:00:00,5.5840000000000005,13.200000000000001,6.632499999999999,openaq_ground
2026-01-31 19:00:00,6.88,12.233333333333334,6.105,openaq_ground
2026-01-31 20:00:00,5.904,11.866666666666667,6.005,openaq_ground
2026-01-31 21:00:00,10.2465,11.966666666666667,5.8,openaq_ground
2026-01-31 22:00:00,8.31,13.299999999999999,6.11,openaq_ground
2026-01-31 23:00:00,,,2.95,openaq_ground
2026-02-01 00:00:00,5.995,15.233333333333334,6.715,openaq_ground
2026-02-01 01:00:00,9.617,18.866666666666667,7.539999999999999,openaq_ground
2026-02-01 02:00:00,7.943,18.666666666666668,7.7725,openaq_ground
2026-02-01 03:00:00,6.024500000000001,16.2,7.42,openaq_ground
2026-02-01 04:00:00,,,4.41,openaq_ground
2026-02-01 05:00:00,2.4215,14.5,6.640000000000001,openaq_ground
2026-02-01 06:00:00,7.03,16.266666666666666,7.4125,openaq_ground
2026-02-01 07:00:00,3.715,21.53333333333333,9.495,openaq_ground
2026-02-01 08:00:00,2.014,23.933333333333334,10.3975,openaq_ground
2026-02-01 09:00:00,,,6.07,openaq_ground
2026-02-01 10:00:00,,,5.62,openaq_ground
2026-02-01 11:00:00,1.49,28.833333333333332,11.7575,openaq_ground
2026-02-01 12:00:00,0.7975000000000001,25.766666666666666,11.39,openaq_ground
2026-02-01 13:00:00,,21.313333333333333,9.4875,openaq_ground
2026-02-01 14:00:00,3.255,22.423333333333332,10.055,openaq_ground
2026-02-01 15:00:00,,,7.06,openaq_ground
2026-02-01 16:00:00,19.4,51.99666666666667,10.147499999999999,openaq_ground
2026-02-01 17:00:00,27.0,39.403333333333336,8.785,openaq_ground
2026-02-01 18:00:00,22.465,12.366666666666667,3.795,openaq_ground
2026-02-01 19:00:00,18.669999999999998,12.333333333333334,3.1475,openaq_ground
2026-02-01 20:00:00,17.825,12.686666666666667,2.6,openaq_ground
2026-02-01 21:00:00,13.9,25.299999999999997,3.207333333333333,openaq_ground
2026-02-01 22:00:00,8.395,11.513333333333334,2.11625,openaq_ground
2026-02-01 23:00:00,9.9525,11.233333333333334,2.0745,openaq_ground
2026-02-02 00:00:00,,,0.2,openaq_ground
2026-02-02 01:00:00,11.8,8.933333333333334,1.574,openaq_ground
2026-02-02 02:00:00,14.23,9.276666666666666,1.533,openaq_ground
2026-02-02 03:00:00,6.08,12.38,1.9939999999999998,openaq_ground
2026-02-02 04:00:00,10.854999999999999,16.033333333333335,2.46095,openaq_ground
2026-02-02 05:00:00,3.755,108.83333333333333,15.47625,openaq_ground
2026-02-02 06:00:00,2.7399999999999998,12.563333333333333,4.08325,openaq_ground
2026-02-02 07:00:00,3.4800000000000004,13.1,4.035,openaq_ground
2026-02-02 08:00:00,,,0.53,openaq_ground
2026-02-02 09:00:00,,,0.819,openaq_ground
2026-02-02 10:00:00,,,1.22,openaq_ground
2026-02-02 11:00:00,1.3185,7.25,3.5475000000000003,openaq_ground
2026-02-02 12:00:00,1.635,8.746666666666666,3.8899999999999997,openaq_ground
2026-02-02 13:00:00,,7.79,4.0175,openaq_ground
2026-02-02 14:00:00,5.1725,11.333333333333334,4.9625,openaq_ground
2026-02-02 15:00:00,4.75,12.36,5.195,openaq_ground
2026-02-02 16:00:00,16.55,10.823333333333332,4.665,openaq_ground
2026-02-02 17:00:00,,,1.81,openaq_ground
2026-02-02 18:00:00,18.7,13.266666666666666,5.3025,openaq_ground
2026-02-02 19:00:00,14.85,9.043333333333333,3.96,openaq_ground
2026-02-02 20:00:00,11.71,10.676666666666668,4.4475,openaq_ground
2026-02-02 21:00:00,19.8,11.3,4.513333333333333,openaq_ground
2026-02-02 22:00:00,15.270000000000001,9.476666666666667,4.67,openaq_ground
2026-02-02 23:00:00,,,5.38,openaq_ground
2026-02-03 00:00:00,12.905,5.82,2.8725,openaq_ground
2026-02-03 01:00:00,10.3,5.243333333333333,2.476,openaq_ground
2026-02-03 02:00:00,10.605,4.67,2.5775,openaq_ground
2026-02-03 03:00:00,10.27,5.663333333333334,3.18,openaq_ground
2026-02-03 04:00:00,10.045,7.546666666666667,4.245,openaq_ground
2026-02-03 05:00:00,4.48,8.73,4.095000000000001,openaq_ground
2026-02-03 06:00:00,10.425,8.366666666666667,5.5175,openaq_ground
2026-02-03 07:00:00,8.45,9.12,5.47,openaq_ground
2026-02-03 08:00:00,7.7299999999999995,6.8999999999999995,3.775,openaq_ground
2026-02-03 09:00:00,,,2.44,openaq_ground
2026-02-03 10:00:00,,,1.66,openaq_ground
2026-02-03 11:00:00,10.275,6.883333333333333,3.04,openaq_ground
2026-02-03 12:00:00,4.915,7.846666666666667,3.09,openaq_ground
2026-02-03 13:00:00,,,1.88,openaq_ground
2026-02-03 14:00:00,7.445,7.766666666666667,2.9924999999999997,openaq_ground
2026-02-03 15:00:00,10.905000000000001,7.316666666666666,2.7775,openaq_ground
2026-02-03 16:00:00,14.2,7.793333333333333,3.1025,openaq_ground
2026-02-03 17:00:00,21.3,8.423333333333334,2.9525,openaq_ground
2026-02-03 18:00:00,24.0,6.010000000000001,2.5,openaq_ground
2026-02-03 19:00:00,,,1.09,openaq_ground
2026-02-03 20:00:00,17.54,4.7299999999999995,2.165,openaq_ground
2026-02-03 21:00:00,31.9,5.92,1.9483333333333333,openaq_ground
2026-02-03 22:00:00,11.434999999999999,4.533333333333333,1.82675,openaq_ground
2026-02-03 23:00:00,12.83,6.683333333333334,2.3085,openaq_ground
2026-02-04 00:00:00,12.395,8.003333333333332,2.7969999999999997,openaq_ground
2026-02-04 01:00:00,6.245,7.586666666666666,2.962,openaq_ground
2026-02-04 02:00:00,15.674999999999999,8.88,3.08775,openaq_ground
2026-02-04 03:00:00,,,1.03,openaq_ground
2026-02-04 04:00:00,13.695,8.363333333333333,3.0519999999999996,openaq_ground
2026-02-04 05:00:00,9.871500000000001,8.923333333333332,3.16275,openaq_ground
2026-02-04 06:00:00,10.605,9.936666666666667,3.79,openaq_ground
2026-02-04 07:00:00,8.51,9.66,3.875,openaq_ground
2026-02-04 08:00:00,6.37,11.9,4.32,openaq_ground
2026-02-04 09:00:00,,,1.54,openaq_ground
2026-02-04 10:00:00,,,1.49,openaq_ground
2026-02-04 11:00:00,4.2250000000000005,13.1,4.59,openaq_ground
2026-02-04 12:00:00,5.944999999999999,12.533333333333333,4.3925,openaq_ground
2026-02-04 13:00:00,,10.270000000000001,3.985,openaq_ground
2026-02-04 14:00:00,6.965,11.396666666666667,4.265000000000001,openaq_ground
2026-02-04 15:00:00,,,1.91,openaq_ground
2026-02-04 16:00:00,16.75,9.61,3.895,openaq_ground
2026-02-04 17:00:00,22.615,10.586666666666666,4.2625,openaq_ground
2026-02-04 18:00:00,,,2.47,openaq_ground
2026-02-04 19:00:00,7.895,13.366666666666667,5.3725000000000005,openaq_ground
2026-02-04 20:00:00,10.65,13.066666666666668,5.1375,openaq_ground
2026-02-04 21:00:00,22.4,13.85,5.25,openaq_ground
2026-02-04 22:00:00,11.385000000000002,15.55,5.696666666666666,openaq_ground
2026-02-04 23:00:00,27.1,,3.12,openaq_ground
2026-02-05 00:00:00,2.39,16.333333333333332,6.955,openaq_ground
2026-02-05 01:00:00,14.01,15.533333333333333,6.779999999999999,openaq_ground
2026-02-05 02:00:00,14.690000000000001,17.166666666666668,6.7475,openaq_ground
2026-02-05 03:00:00,14.36,18.633333333333333,7.0125,openaq_ground
2026-02-05 04:00:00,10.9,20.599999999999998,7.6775,openaq_ground
2026-02-05 05:00:00,,,2.64,openaq_ground
2026-02-05 06:00:00,6.935,22.733333333333334,8.41,openaq_ground
2026-02-05 07:00:00,7.975,22.366666666666664,8.879999999999999,openaq_ground
2026-02-05 08:00:00,7.539999999999999,22.833333333333332,8.785,openaq_ground
2026-02-05 09:00:00,,,4.14,openaq_ground
2026-02-05 10:00:00,,,3.35,openaq_ground
2026-02-05 11:00:00,2.13,18.166666666666668,7.467499999999999,openaq_ground
2026-02-05 12:00:00,3.4,14.283333333333333,5.8149999999999995,openaq_ground
2026-02-05 13:00:00,,13.406666666666666,5.195,openaq_ground
2026-02-05 14:00:00,7.985,12.276666666666666,4.715,openaq_ground
2026-02-05 15:00:00,8.01,11.423333333333332,4.52,openaq_ground
2026-02-05 16:00:00,,,0.734,openaq_ground
2026-02-05 17:00:00,18.9,11.836666666666668,5.2805,openaq_ground
2026-02-05 18:00:00,13.85,8.25,3.0355,openaq_ground
2026-02-05 19:00:00,13.695,8.26,2.4457,openaq_ground
2026-02-05 20:00:00,12.055,7.849999999999999,2.35325,openaq_ground
2026-02-05 21:00:00,13.6,6.903333333333333,2.287,openaq_ground
2026-02-05 22:00:00,7.074999999999999,9.49,2.5875,openaq_ground
2026-02-05 23:00:00,6.59,14.200000000000001,4.3325,openaq_ground
2026-02-06 00:00:00,6.425000000000001,19.599999999999998,7.5725,openaq_ground
2026-02-06 01:00:00,4.999499999999999,17.166666666666668,7.8125,openaq_ground
2026-02-06 02:00:00,,,3.35,openaq_ground
2026-02-06 03:00:00,5.16,14.853333333333333,6.79,openaq_ground
2026-02-06 04:00:00,6.91,18.033333333333335,7.202500000000001,openaq_ground
2026-02-06 05:00:00,5.77,12.766666666666666,4.7524999999999995,openaq_ground
2026-02-06 06:00:00,5.970000000000001,10.253333333333332,3.9850000000000003,openaq_ground
2026-02-06 07:00:00,5.25,11.75,3.9225,openaq_ground
2026-02-06 08:00:00,4.8500000000000005,13.0,3.7475,openaq_ground
2026-02-06 09:00:00,,,0.698,openaq_ground
2026-02-06 10:00:00,,,0.922,openaq_ground
2026-02-06 11:00:00,3.1950000000000003,14.166666666666666,3.7675,openaq_ground
2026-02-06 12:00:00,3.275,12.799999999999999,3.805,openaq_ground
2026-02-06 13:00:00,,11.5,3.75,openaq_ground
2026-02-06 14:00:00,5.13,12.736666666666666,4.08,openaq_ground
2026-02-06 15:00:00,,10.5,2.8649999999999998,openaq_ground
2026-02-06 16:00:00,8.32,11.513333333333334,3.5075000000000003,openaq_ground
2026-02-06 17:00:00,12.01,16.466666666666665,4.4425,openaq_ground
2026-02-06 18:00:00,11.32,13.85,3.796666666666667,openaq_ground
2026-02-06 19:00:00,11.695,12.333333333333334,4.7225,openaq_ground
2026-02-06 20:00:00,10.25,11.093333333333334,3.9625,openaq_ground
2026-02-06 21:00:00,,8.72,3.0549999999999997,openaq_ground
2026-02-06 22:00:00,10.285,9.523333333333333,3.55,openaq_ground
2026-02-06 23:00:00,10.225,10.016666666666667,4.05,openaq_ground
2026-02-07 00:00:00,12.41,11.549999999999999,4.5525,openaq_ground
2026-02-07 01:00:00,9.82,11.566666666666668,4.7924999999999995,openaq_ground
2026-02-07 02:00:00,9.5145,10.456666666666665,5.275,openaq_ground
2026-02-07 03:00:00,6.1265,12.1,5.4025,openaq_ground
2026-02-07 04:00:00,,,2.97,openaq_ground
2026-02-07 05:00:00,5.845,9.93,4.9025,openaq_ground
2026-02-07 06:00:00,6.945,10.026666666666666,4.995,openaq_ground
2026-02-07 07:00:00,6.505,9.543333333333335,4.6875,openaq_ground
2026-02-07 08:00:00,4.195,13.200000000000001,5.915,openaq_ground
2026-02-07 09:00:00,,,2.37,openaq_ground
2026-02-07 10:00:00,,,3.85,openaq_ground
2026-02-07 11:00:00,9.225,12.466666666666667,4.8875,openaq_ground
2026-02-07 12:00:00,4.585,12.790000000000001,4.535,openaq_ground
2026-02-07 13:00:00,,16.333333333333332,6.165,openaq_ground
2026-02-07 14:00:00,1.8505,7.989999999999999,3.9975,openaq_ground
2026-02-07 15:00:00,1.698,7.796666666666667,2.9025,openaq_ground
2026-02-07 16:00:00,,,0.789,openaq_ground
2026-02-07 17:00:00,4.09,8.963333333333333,3.3015,openaq_ground
2026-02-07 18:00:00,2.686,10.293333333333333,3.99925,openaq_ground
2026-02-07 19:00:00,6.14,12.700000000000001,4.545,openaq_ground
2026-02-07 20:00:00,3.4385000000000003,8.860000000000001,3.8049999999999997,openaq_ground
2026-02-07 21:00:00,3.1135,8.066666666666666,3.246,openaq_ground
2026-02-07 22:00:00,3.6285,8.676666666666668,3.2277500000000003,openaq_ground
2026-02-07 23:00:00,8.59,9.623333333333333,3.33,openaq_ground
2026-02-08 00:00:00,9.825000000000001,7.736666666666667,2.7805,openaq_ground
2026-02-08 01:00:00,,,0.709,openaq_ground
2026-02-08 02:00:00,9.195,11.863333333333332,3.7075,openaq_ground
2026-02-08 03:00:00,12.591,14.333333333333334,5.00025,openaq_ground
2026-02-08 04:00:00,7.98,16.3,5.4475,openaq_ground
2026-02-08 05:00:00,6.782,16.133333333333336,5.415,openaq_ground
2026-02-08 06:00:00,5.0395,13.9,5.2425,openaq_ground
2026-02-08 07:00:00,3.3085,14.066666666666668,5.125,openaq_ground
2026-02-08 08:00:00,3.153,14.233333333333334,5.2325,openaq_ground
2026-02-08 09:00:00,,,1.59,openaq_ground
2026-02-08 10:00:00,,,1.75,openaq_ground
2026-02-08 11:00:00,0.21250000000000002,16.066666666666666,5.359999999999999,openaq_ground
2026-02-08 12:00:00,1.48,14.666666666666666,5.175,openaq_ground
2026-02-08 13:00:00,,12.36,4.83,openaq_ground
2026-02-08 14:00:00,3.0749999999999997,14.333333333333334,5.4025,openaq_ground
2026-02-08 15:00:00,6.22,14.066666666666668,4.9925,openaq_ground
2026-02-08 16:00:00,14.55,13.0,4.855,openaq_ground
2026-02-08 17:00:00,17.35,18.3,5.47,openaq_ground
2026-02-08 18:00:00,,,2.43,openaq_ground
2026-02-08 19:00:00,11.475,11.073333333333332,4.4125,openaq_ground
2026-02-08 20:00:00,12.235,12.566666666666668,4.8625,openaq_ground
2026-02-08 21:00:00,27.2,15.350000000000001,5.090000000000001,openaq_ground
2026-02-08 22:00:00,13.19,10.543333333333333,4.4675,openaq_ground
2026-02-08 23:00:00,16.86,9.483333333333334,3.915,openaq_ground
2026-02-09 00:00:00,,,1.72,openaq_ground
2026-02-09 01:00:00,19.259999999999998,9.85,4.08,openaq_ground
2026-02-09 02:00:00,22.92,11.616666666666667,4.525,openaq_ground
2026-02-09 03:00:00,13.115,10.416666666666666,4.0575,openaq_ground
2026-02-09 04:00:00,12.775,10.873333333333333,4.220000000000001,openaq_ground
2026-02-09 05:00:00,13.48,11.533333333333333,4.2675,openaq_ground
2026-02-09 06:00:00,12.010000000000002,11.4,4.3225,openaq_ground
2026-02-09 07:00:00,,,2.24,openaq_ground
2026-02-09 08:00:00,6.965,9.636666666666667,3.855,openaq_ground
2026-02-09 09:00:00,,,1.62,openaq_ground
2026-02-09 10:00:00,,,1.5,openaq_ground
2026-02-09 11:00:00,1.4449999999999998,9.466666666666667,3.8449999999999998,openaq_ground
2026-02-09 12:00:00,1.0855000000000001,9.33,3.9775,openaq_ground
2026-02-09 13:00:00,,9.96,4.155,openaq_ground
2026-02-09 14:00:00,3.1550000000000002,9.85,4.2725,openaq_ground
2026-02-09 15:00:00,3.805,9.41,3.75,openaq_ground
2026-02-09 16:00:00,,14.7,3.92,openaq_ground
2026-02-09 17:00:00,24.799999999999997,9.343333333333334,4.2524999999999995,openaq_ground
2026-02-09 18:00:00,18.659999999999997,13.993333333333334,4.6075,openaq_ground
2026-02-09 19:00:00,12.305,10.686666666666667,4.225,openaq_ground
2026-02-09 20:00:00,12.985,10.719999999999999,4.14,openaq_ground
2026-02-09 21:00:00,21.7,8.625,3.85,openaq_ground
2026-02-09 22:00:00,14.91,13.733333333333334,4.4575000000000005,openaq_ground
2026-02-09 23:00:00,1.3,8.77,3.2350000000000003,openaq_ground
2026-02-10 00:00:00,34.4,10.42,4.153333333333333,openaq_ground
2026-02-10 01:00:00,12.98,9.706666666666665,4.3149999999999995,openaq_ground
2026-02-10 02:00:00,20.77,9.85,4.54,openaq_ground
2026-02-10 03:00:00,17.565,9.153333333333334,4.0649999999999995,openaq_ground
2026-02-10 04:00:00,11.395,9.306666666666667,4.2075,openaq_ground
2026-02-10 05:00:00,,,1.49,openaq_ground
2026-02-10 06:00:00,14.97,9.950000000000001,4.3549999999999995,openaq_ground
2026-02-10 07:00:00,14.675,10.74,4.5825,openaq_ground
2026-02-10 08:00:00,13.850000000000001,12.700000000000001,5.279999999999999,openaq_ground
2026-02-10 09:00:00,,,3.35,openaq_ground
2026-02-10 10:00:00,,,2.66,openaq_ground
2026-02-10 11:00:00,6.725,16.766666666666666,4.7075,openaq_ground
2026-02-10 12:00:00,9.275,14.323333333333332,3.88,openaq_ground
2026-02-10 13:00:00,,15.033333333333333,4.345,openaq_ground
2026-02-10 14:00:00,6.99,16.03333333333333,4.3325,openaq_ground
2026-02-10 15:00:00,3.29,8.013333333333334,2.91,openaq_ground
2026-02-10 16:00:00,9.205,7.2,3.1745,openaq_ground
2026-02-10 17:00:00,,,1.67,openaq_ground
2026-02-10 18:00:00,9.88,11.270000000000001,3.9,openaq_ground
2026-02-10 19:00:00,7.48,6.353333333333333,2.4725,openaq_ground
2026-02-10 20:00:00,9.0,9.683333333333334,2.79825,openaq_ground
2026-02-10 21:00:00,14.7,10.8,2.6189999999999998,openaq_ground
2026-02-10 22:00:00,6.515000000000001,9.273333333333333,2.54875,openaq_ground
2026-02-10 23:00:00,7.9,10.766666666666666,3.3945,openaq_ground
2026-02-11 00:00:00,12.72,9.083333333333334,3.1825,openaq_ground
2026-02-11 01:00:00,13.1,8.75,3.1325,openaq_ground
2026-02-11 02:00:00,,,0.881,openaq_ground
2026-02-11 03:00:00,12.795,7.593333333333334,2.9775,openaq_ground
2026-02-11 04:00:00,9.92,6.73,3.2,openaq_ground
2026-02-11 05:00:00,12.735,7.12,3.3675,openaq_ground
2026-02-11 06:00:00,11.065000000000001,6.859999999999999,3.4225,openaq_ground
2026-02-11 07:00:00,5.638,7.07,3.6625,openaq_ground
2026-02-11 08:00:00,,,3.6,openaq_ground
2026-02-11 09:00:00,,,3.99,openaq_ground
2026-02-11 10:00:00,,,3.88,openaq_ground
2026-02-11 11:00:00,0.9915,6.16,3.4375,openaq_ground
2026-02-11 12:00:00,0.448,5.616666666666667,3.2125,openaq_ground
2026-02-11 13:00:00,,,2.81,openaq_ground
2026-02-11 14:00:00,0.628,6.116666666666667,2.95,openaq_ground
2026-02-11 15:00:00,2.9655,4.67,2.5875,openaq_ground
2026-02-11 16:00:00,10.085,4.92,2.715,openaq_ground
2026-02-11 17:00:00,16.625,6.13,2.96,openaq_ground
2026-02-11 18:00:00,16.55,7.573333333333333,3.02,openaq_ground
2026-02-11 19:00:00,9.540000000000001,6.579999999999999,2.8674999999999997,openaq_ground
2026-02-11 20:00:00,13.350000000000001,7.626666666666666,3.015,openaq_ground
2026-02-11 21:00:00,18.2,11.955,3.3666666666666667,openaq_ground
2026-02-11 22:00:00,1.89,9.51,2.79,openaq_ground
2026-02-11 23:00:00,14.135,13.933333333333332,5.325,openaq_ground
2026-02-12 00:00:00,13.235,12.233333333333334,5.43,openaq_ground
2026-02-12 01:00:00,11.895,14.233333333333334,6.21,openaq_ground
2026-02-12 02:00:00,7.235,13.5,6.3725000000000005,openaq_ground
2026-02-12 03:00:00,11.690000000000001,16.3,7.154999999999999,openaq_ground
2026-02-12 04:00:00,7.154999999999999,18.7,8.1675,openaq_ground
2026-02-12 05:00:00,8.945,18.333333333333332,8.905,openaq_ground
2026-02-12 06:00:00,,,7.56,openaq_ground
2026-02-12 07:00:00,11.785,19.866666666666667,10.085,openaq_ground
2026-02-12 08:00:00,4.935,24.633333333333336,10.942499999999999,openaq_ground
2026-02-12 09:00:00,,,8.15,openaq_ground
2026-02-12 10:00:00,,,8.72,openaq_ground
2026-02-12 11:00:00,2.213,24.166666666666668,11.395,openaq_ground
2026-02-12 12:00:00,2.875,25.866666666666664,11.345,openaq_ground
2026-02-12 13:00:00,,17.166666666666668,9.2825,openaq_ground
2026-02-12 14:00:00,6.17,17.866666666666667,9.28,openaq_ground
2026-02-12 15:00:00,,,7.45,openaq_ground
2026-02-12 16:00:00,20.05,19.766666666666666,8.63,openaq_ground
2026-02-12 17:00:00,23.2,22.63333333333333,8.9925,openaq_ground
2026-02-12 18:00:00,23.45,18.433333333333334,8.47,openaq_ground
2026-02-12 19:00:00,18.91,19.333333333333332,8.8575,openaq_ground
2026-02-12 20:00:00,18.865000000000002,28.666666666666668,10.385,openaq_ground
2026-02-12 21:00:00,23.6,29.8,10.129999999999999,openaq_ground
2026-02-12 22:00:00,3.84,22.1,7.82,openaq_ground
2026-02-12 23:00:00,16.755,28.566666666666666,10.355,openaq_ground
2026-02-13 00:00:00,13.105,25.833333333333332,10.712499999999999,openaq_ground
2026-02-13 01:00:00,17.815,31.333333333333332,13.602500000000001,openaq_ground
2026-02-13 02:00:00,16.075,30.599999999999998,12.42,openaq_ground
2026-02-13 03:00:00,26.6,18.866666666666664,8.4225,openaq_ground
2026-02-13 04:00:00,6.95,11.65,4.4625,openaq_ground
2026-02-13 05:00:00,5.140000000000001,29.766666666666666,12.7425,openaq_ground
2026-02-13 06:00:00,5.116499999999999,26.03333333333333,12.5,openaq_ground
2026-02-13 07:00:00,4.0155,11.066666666666668,5.93,openaq_ground
2026-02-13 08:00:00,3.661,13.0,5.08,openaq_ground
2026-02-13 09:00:00,,,1.28,openaq_ground
2026-02-13 10:00:00,,,1.36,openaq_ground
2026-02-13 11:00:00,4.69,11.373333333333335,3.709,openaq_ground
2026-02-13 12:00:00,4.535,9.24,3.3855,openaq_ground
2026-02-13 13:00:00,,7.863333333333333,3.01075,openaq_ground
2026-02-13 14:00:00,7.195,7.803333333333334,2.59225,openaq_ground
2026-02-13 15:00:00,6.635,7.783333333333334,2.4160000000000004,openaq_ground
2026-02-13 16:00:00,9.625,8.166666666666666,2.5145,openaq_ground
2026-02-13 17:00:00,10.95,9.106666666666667,2.4185,openaq_ground
2026-02-13 18:00:00,,,3.33,openaq_ground
2026-02-13 19:00:00,8.09,10.886666666666665,3.715,openaq_ground
2026-02-13 20:00:00,9.629999999999999,8.549999999999999,2.91225,openaq_ground
2026-02-13 21:00:00,9.674999999999999,9.623333333333333,2.9225,openaq_ground
2026-02-13 22:00:00,10.225,5.743333333333333,1.9454249999999997,openaq_ground
2026-02-13 23:00:00,14.425,5.32,1.8535,openaq_ground
2026-02-14 00:00:00,,,0.175,openaq_ground
2026-02-14 01:00:00,9.024999999999999,9.229999999999999,3.2220000000000004,openaq_ground
2026-02-14 02:00:00,8.365,11.276666666666666,3.76675,openaq_ground
2026-02-14 03:00:00,11.795,11.803333333333333,3.7744999999999997,openaq_ground
2026-02-14 04:00:00,5.215,11.403333333333334,4.1245,openaq_ground
2026-02-14 05:00:00,15.165000000000001,14.6,4.51075,openaq_ground
2026-02-14 06:00:00,,,1.09,openaq_ground
2026-02-14 07:00:00,4.79,12.133333333333333,4.311,openaq_ground
2026-02-14 08:00:00,6.914999999999999,11.256666666666666,4.179,openaq_ground
2026-02-14 09:00:00,,,1.37,openaq_ground
2026-02-14 10:00:00,,,1.24,openaq_ground
2026-02-14 11:00:00,2.65,10.699999999999998,4.4,openaq_ground
2026-02-14 12:00:00,3.5949999999999998,11.133333333333333,4.5225,openaq_ground
2026-02-14 13:00:00,,11.333333333333334,4.395,openaq_ground
2026-02-14 14:00:00,2.035,10.9,4.3100000000000005,openaq_ground
2026-02-14 15:00:00,,,1.42,openaq_ground
2026-02-14 16:00:00,6.5655,9.786666666666667,3.6275000000000004,openaq_ground
2026-02-14 17:00:00,4.66,7.93,3.246,openaq_ground
2026-02-14 18:00:00,3.6,9.546666666666667,3.147,openaq_ground
2026-02-14 19:00:00,5.515000000000001,9.873333333333333,3.1675,openaq_ground
2026-02-14 20:00:00,3.3949999999999996,11.116666666666665,3.42575,openaq_ground
2026-02-14 21:00:00,3.024,9.88,3.41525,openaq_ground
2026-02-14 22:00:00,4.075,10.895,3.1950000000000003,openaq_ground
2026-02-14 23:00:00,7.0,14.07,3.958,openaq_ground
2026-02-15 00:00:00,,9.05,2.749,openaq_ground
2026-02-15 01:00:00,3.4335,8.803333333333333,3.17525,openaq_ground
2026-02-15 02:00:00,4.1915000000000004,8.983333333333333,3.0205,openaq_ground
2026-02-15 03:00:00,3.8585,10.806666666666667,3.143,openaq_ground
2026-02-15 04:00:00,4.642,9.973333333333334,3.8914999999999997,openaq_ground
2026-02-15 05:00:00,,,1.05,openaq_ground
2026-02-15 06:00:00,3.232,10.546666666666667,4.092499999999999,openaq_ground
2026-02-15 07:00:00,1.637,11.99,5.1025,openaq_ground
2026-02-15 08:00:00,1.4325,10.299999999999999,4.3,openaq_ground
2026-02-15 09:00:00,,,1.52,openaq_ground
2026-02-15 10:00:00,,,1.46,openaq_ground
2026-02-15 11:00:00,1.3199999999999998,8.323333333333332,3.7925,openaq_ground
2026-02-15 12:00:00,1.37,7.636666666666667,3.7,openaq_ground
2026-02-15 13:00:00,,5.963333333333334,3.275,openaq_ground
2026-02-15 14:00:00,1.11575,5.763333333333333,3.075,openaq_ground
2026-02-15 15:00:00,3.8805,6.416666666666667,3.1175,openaq_ground
2026-02-15 16:00:00,5.53,5.8,3.1350000000000002,openaq_ground
2026-02-15 17:00:00,7.01,6.926666666666667,3.2675,openaq_ground
2026-02-15 18:00:00,5.755000000000001,3.9899999999999998,2.52625,openaq_ground
2026-02-15 19:00:00,6.39,2.118,1.3623333333333332,openaq_ground
2026-02-15 20:00:00,6.91,3.85,2.0415,openaq_ground
2026-02-15 21:00:00,,,0.144,openaq_ground
2026-02-15 22:00:00,5.12,4.1066666666666665,2.33775,openaq_ground
2026-02-15 23:00:00,4.84,3.1799999999999997,1.82925,openaq_ground
2026-02-16 00:00:00,8.1,3.5636666666666663,1.8115,openaq_ground
2026-02-16 01:00:00,5.930000000000001,3.033333333333333,1.4905,openaq_ground
2026-02-16 02:00:00,5.085,2.1493333333333333,1.29225,openaq_ground
2026-02-16 03:00:00,,,0.436,openaq_ground
2026-02-16 04:00:00,3.2649999999999997,2.3633333333333333,1.4615,openaq_ground
2026-02-16 05:00:00,2.6950000000000003,2.050666666666667,1.5045,openaq_ground
2026-02-16 06:00:00,1.8034999999999999,2.244,1.201,openaq_ground
2026-02-16 07:00:00,1.8335000000000001,1.2009999999999998,0.62575,openaq_ground
2026-02-16 08:00:00,1.9989999999999999,1.6199999999999999,0.603,openaq_ground
2026-02-16 09:00:00,,,0.128,openaq_ground
2026-02-16 10:00:00,,,0.0528,openaq_ground
2026-02-16 11:00:00,1.2265,1.4333333333333333,0.4028325,openaq_ground
2026-02-16 12:00:00,0.9570000000000001,1.2476666666666667,0.35362499999999997,openaq_ground
2026-02-16 13:00:00,,1.4333333333333336,0.32175,openaq_ground
2026-02-16 14:00:00,1.77,0.9716666666666667,0.322125,openaq_ground
2026-02-16 15:00:00,1.22,0.859,0.20755,openaq_ground
2026-02-16 16:00:00,,,0.0,openaq_ground
2026-02-16 17:00:00,7.869999999999999,1.3479999999999999,0.440675,openaq_ground
2026-02-16 18:00:00,8.91,1.4566666666666668,0.5426666666666666,openaq_ground
2026-02-16 19:00:00,8.434999999999999,2.263,0.82,openaq_ground
2026-02-16 20:00:00,6.7749999999999995,1.7933333333333332,0.9996666666666667,openaq_ground
2026-02-16 21:00:00,9.1,3.04,1.675,openaq_ground
2026-02-16 22:00:00,6.775,2.546666666666667,1.3433333333333335,openaq_ground
2026-02-16 23:00:00,8.125,6.583333333333333,5.21,openaq_ground
2026-02-17 00:00:00,12.4,,0.75,openaq_ground
2026-02-17 01:00:00,3.21,3.396666666666667,1.7575,openaq_ground
2026-02-17 02:00:00,9.445,2.59,1.894,openaq_ground
2026-02-17 03:00:00,7.485,2.31,1.301,openaq_ground
2026-02-17 04:00:00,7.365,2.8066666666666666,1.6675,openaq_ground
2026-02-17 05:00:00,6.744999999999999,6.283333333333334,2.785,openaq_ground
2026-02-17 06:00:00,6.41,9.096666666666668,4.58,openaq_ground
2026-02-17 07:00:00,,,1.08,openaq_ground
2026-02-17 08:00:00,7.02,8.0,3.4967499999999996,openaq_ground
2026-02-17 09:00:00,,,1.41,openaq_ground
2026-02-17 10:00:00,,,9.43,openaq_ground
2026-02-17 11:00:00,5.005,8.78,2.5375,openaq_ground
2026-02-17 12:00:00,4.095,8.846666666666666,2.69325,openaq_ground
2026-02-17 13:00:00,,10.243333333333334,3.3049999999999997,openaq_ground
2026-02-17 14:00:00,,,0.714,openaq_ground
2026-02-17 15:00:00,7.455,8.700000000000001,3.025,openaq_ground
2026-02-17 16:00:00,16.0,8.206666666666667,3.3875,openaq_ground
2026-02-17 17:00:00,16.95,9.303333333333333,4.095,openaq_ground
2026-02-17 18:00:00,19.0,17.866666666666667,5.6875,openaq_ground
2026-02-17 19:00:00,17.355,16.11,5.5325,openaq_ground
2026-02-17 20:00:00,14.515,9.62,3.215,openaq_ground
2026-02-17 21:00:00,27.6,10.254999999999999,2.7263333333333333,openaq_ground
2026-02-17 22:00:00,19.415,8.523333333333333,3.0375,openaq_ground
2026-02-17 23:00:00,,,2.19,openaq_ground
2026-02-18 00:00:00,11.334999999999999,5.710000000000001,2.4875,openaq_ground
2026-02-18 01:00:00,10.32,6.866666666666666,2.98,openaq_ground
2026-02-18 02:00:00,13.004999999999999,6.213333333333334,2.8725,openaq_ground
2026-02-18 03:00:00,14.040000000000001,4.806666666666667,2.86,openaq_ground
2026-02-18 04:00:00,12.73,5.666666666666667,2.6225,openaq_ground
2026-02-18 05:00:00,23.9,6.55,2.7099999999999995,openaq_ground
2026-02-18 06:00:00,12.18,7.623333333333334,3.0725,openaq_ground
2026-02-18 07:00:00,4.12,7.39,3.22,openaq_ground
2026-02-18 08:00:00,10.73,8.903333333333334,3.6025,openaq_ground
2026-02-18 09:00:00,,,2.96,openaq_ground
2026-02-18 10:00:00,,,2.69,openaq_ground
2026-02-18 11:00:00,5.0649999999999995,10.64,3.69,openaq_ground
2026-02-18 12:00:00,3.5700000000000003,9.853333333333333,3.63,openaq_ground
2026-02-18 13:00:00,,14.163333333333334,4.1175,openaq_ground
2026-02-18 14:00:00,6.699999999999999,11.88,3.675,openaq_ground
2026-02-18 15:00:00,,,2.19,openaq_ground
2026-02-18 16:00:00,20.2,22.093333333333334,4.705,openaq_ground
2026-02-18 17:00:00,23.75,89.10000000000001,10.7225,openaq_ground
2026-02-18 18:00:00,22.15,22.76666666666667,5.445,openaq_ground
2026-02-18 19:00:00,22.64,14.520000000000001,3.6675,openaq_ground
2026-02-18 20:00:00,17.995,9.049999999999999,2.7375,openaq_ground
2026-02-18 21:00:00,10.035,6.756666666666667,1.81075,openaq_ground
2026-02-18 22:00:00,9.405,7.8,1.66055,openaq_ground
2026-02-18 23:00:00,12.795,8.433333333333334,1.7158250000000002,openaq_ground
2026-02-19 00:00:00,13.69,5.93,1.1442766666666666,openaq_ground
2026-02-19 01:00:00,,,0.1,openaq_ground
2026-02-19 02:00:00,21.055,7.405,1.2133333333333332,openaq_ground
2026-02-19 03:00:00,23.505000000000003,8.695,1.5333333333333332,openaq_ground
2026-02-19 04:00:00,6.365,11.49,2.5139,openaq_ground
2026-02-19 05:00:00,9.01,8.7,2.0963333333333334,openaq_ground
2026-02-19 06:00:00,8.83,7.955,2.3006666666666664,openaq_ground
2026-02-19 07:00:00,8.77,9.440000000000001,2.736666666666667,openaq_ground
2026-02-19 08:00:00,11.14,7.715,3.0,openaq_ground
2026-02-19 09:00:00,,,2.24,openaq_ground
2026-02-19 10:00:00,,,2.37,openaq_ground
2026-02-19 11:00:00,12.25,13.35,3.546666666666667,openaq_ground
2026-02-19 12:00:00,10.65,10.045,3.3766666666666665,openaq_ground
2026-02-19 13:00:00,,12.85,3.6,openaq_ground
2026-02-19 14:00:00,11.100000000000001,13.649999999999999,3.5066666666666664,openaq_ground
2026-02-19 15:00:00,12.05,19.0,4.593333333333333,openaq_ground
2026-02-19 16:00:00,12.5,27.3,4.6049999999999995,openaq_ground
2026-02-19 17:00:00,27.900000000000002,43.300000000000004,7.493333333333333,openaq_ground
2026-02-19 18:00:00,28.6,35.333333333333336,7.5075,openaq_ground
2026-02-19 19:00:00,19.25,17.900000000000002,4.005,openaq_ground
2026-02-19 20:00:00,23.1,7.494999999999999,1.397,openaq_ground
2026-02-19 21:00:00,,10.475,1.3046666666666666,openaq_ground
2026-02-19 22:00:00,7.86,14.246666666666668,2.20875,openaq_ground
2026-02-19 23:00:00,5.48,25.74,3.96525,openaq_ground
2026-02-20 00:00:00,3.41,5.19,0.976,openaq_ground
2026-02-20 01:00:00,7.45,22.616666666666664,2.9804249999999994,openaq_ground
2026-02-20 02:00:00,6.675,9.94,2.543875,openaq_ground
2026-02-20 03:00:00,21.029999999999998,12.866666666666667,4.1332075,openaq_ground
2026-02-20 04:00:00,33.3,14.3,3.785333333333334,openaq_ground
2026-02-20 05:00:00,16.68,17.966666666666665,5.0475,openaq_ground
2026-02-20 06:00:00,8.905000000000001,12.483333333333334,3.9525,openaq_ground
2026-02-20 07:00:00,7.015000000000001,14.166666666666666,5.065,openaq_ground
2026-02-20 08:00:00,2.24,8.27,1.906,openaq_ground
2026-02-20 09:00:00,,,0.353,openaq_ground
2026-02-20 10:00:00,,,0.317,openaq_ground
2026-02-20 11:00:00,3.675,7.71,2.96425,openaq_ground
2026-02-20 12:00:00,3.005,10.576666666666666,3.6332500000000003,openaq_ground
2026-02-20 13:00:00,,8.803333333333333,3.09875,openaq_ground
2026-02-20 14:00:00,4.76,9.236666666666666,3.02925,openaq_ground
2026-02-20 15:00:00,,,0.811,openaq_ground
2026-02-20 16:00:00,12.7,9.4,2.91275,openaq_ground
2026-02-20 17:00:00,15.95,11.906666666666666,3.50925,openaq_ground
2026-02-20 18:00:00,15.82,11.633333333333333,3.6885000000000003,openaq_ground
2026-02-20 19:00:00,12.745000000000001,13.866666666666667,4.6375,openaq_ground
2026-02-20 20:00:00,15.354999999999999,15.333333333333334,4.8325,openaq_ground
2026-02-20 21:00:00,11.02,13.5,4.7325,openaq_ground
2026-02-20 22:00:00,11.515,13.700000000000001,4.965,openaq_ground
2026-02-20 23:00:00,21.330000000000002,15.533333333333333,5.0475,openaq_ground
2026-02-21 00:00:00,,,1.37,openaq_ground
2026-02-21 01:00:00,8.525,13.4,4.895,openaq_ground
2026-02-21 02:00:00,8.684,12.233333333333334,4.6025,openaq_ground
2026-02-21 03:00:00,8.161999999999999,15.066666666666668,5.1125,openaq_ground
2026-02-21 04:00:00,6.0035,16.766666666666666,6.02,openaq_ground
2026-02-21 05:00:00,12.79,21.733333333333334,7.2575,openaq_ground
2026-02-21 06:00:00,13.025,14.033333333333333,5.375,openaq_ground
2026-02-21 07:00:00,,,4.53,openaq_ground
2026-02-21 08:00:00,12.75,8.836666666666666,3.33,openaq_ground
2026-02-21 09:00:00,,,1.68,openaq_ground
2026-02-21 10:00:00,,,1.02,openaq_ground
2026-02-21 11:00:00,3.9749999999999996,10.200000000000001,2.3810000000000002,openaq_ground
2026-02-21 12:00:00,2.678,9.306666666666667,1.6815,openaq_ground
2026-02-21 13:00:00,,1.5970000000000002,0.602,openaq_ground
2026-02-21 14:00:00,2.791,1.485,0.51,openaq_ground
2026-02-21 15:00:00,7.525,3.14,0.792,openaq_ground
2026-02-21 16:00:00,16.15,4.5,1.04,openaq_ground
2026-02-21 17:00:00,16.25,3.8699999999999997,0.87105,openaq_ground
2026-02-21 18:00:00,7.654999999999999,4.246666666666666,0.846825,openaq_ground
2026-02-21 19:00:00,,,0.164,openaq_ground
2026-02-21 20:00:00,5.699999999999999,7.026666666666666,1.39595,openaq_ground
2026-02-21 21:00:00,10.3,8.385,1.2036,openaq_ground
2026-02-21 22:00:00,4.865,7.786666666666666,1.794425,openaq_ground
2026-02-21 23:00:00,13.0,7.036666666666666,1.6219999999999999,openaq_ground
2026-02-22 00:00:00,6.385,5.273333333333333,1.3927999999999998,openaq_ground
2026-02-22 01:00:00,7.890000000000001,8.6,2.1515,openaq_ground
2026-02-22 02:00:00,3.57,15.833333333333334,4.8557500000000005,openaq_ground
2026-02-22 03:00:00,3.285,18.433333333333334,6.45,openaq_ground
2026-02-22 04:00:00,,,2.07,openaq_ground
2026-02-22 05:00:00,5.389,20.400000000000002,8.4575,openaq_ground
2026-02-22 06:00:00,6.3,24.166666666666668,9.3025,openaq_ground
2026-02-22 07:00:00,10.450000000000001,24.433333333333337,9.675,openaq_ground
2026-02-22 08:00:00,8.370000000000001,27.3,10.2225,openaq_ground
2026-02-22 09:00:00,,,4.12,openaq_ground
2026-02-22 10:00:00,,,4.29,openaq_ground
2026-02-22 11:00:00,6.155,23.733333333333334,9.445,openaq_ground
2026-02-22 12:00:00,4.9399999999999995,25.066666666666666,9.36,openaq_ground
2026-02-22 13:00:00,,22.333333333333332,8.4475,openaq_ground
2026-02-22 14:00:00,13.010000000000002,24.433333333333334,8.515,openaq_ground
2026-02-22 15:00:00,10.1,19.133333333333333,7.1274999999999995,openaq_ground
2026-02-22 16:00:00,19.6,22.900000000000002,8.0725,openaq_ground
2026-02-22 17:00:00,,,1.95,openaq_ground
2026-02-22 18:00:00,29.55,27.833333333333332,8.9475,openaq_ground
2026-02-22 19:00:00,16.240000000000002,25.900000000000002,8.73,openaq_ground
2026-02-22 20:00:00,12.82,21.0,8.6675,openaq_ground
2026-02-22 21:00:00,27.0,23.4,8.06,openaq_ground
2026-02-22 22:00:00,10.855,19.96666666666667,7.5725,openaq_ground
2026-02-22 23:00:00,16.375,20.1,7.3275,openaq_ground
2026-02-23 00:00:00,12.200000000000001,17.15,6.419999999999999,openaq_ground
2026-02-23 01:00:00,16.61,18.233333333333334,7.147500000000001,openaq_ground
2026-02-23 02:00:00,,18.0,5.84,openaq_ground
2026-02-23 03:00:00,7.845000000000001,19.400000000000002,7.615,openaq_ground
2026-02-23 04:00:00,11.065,22.766666666666666,8.4275,openaq_ground
2026-02-23 05:00:00,8.75,21.75,8.873333333333333,openaq_ground
2026-02-23 06:00:00,6.8950000000000005,24.266666666666666,9.434999999999999,openaq_ground
2026-02-23 07:00:00,7.355,23.333333333333332,9.735,openaq_ground
2026-02-23 08:00:00,3.4050000000000002,22.900000000000002,9.745,openaq_ground
2026-02-23 09:00:00,,,5.36,openaq_ground
2026-02-23 10:00:00,,,4.47,openaq_ground
2026-02-23 11:00:00,2.68,23.366666666666664,8.9275,openaq_ground
2026-02-23 12:00:00,4.75,23.96666666666667,8.2775,openaq_ground
2026-02-23 13:00:00,18.0,18.900000000000002,6.9275,openaq_ground
2026-02-23 14:00:00,19.95,32.93333333333333,6.835,openaq_ground
2026-02-23 15:00:00,14.1,27.166666666666668,5.77,openaq_ground
2026-02-23 16:00:00,7.875,22.666666666666668,5.842499999999999,openaq_ground
2026-02-23 17:00:00,,,3.24,openaq_ground
2026-02-23 18:00:00,11.0,20.633333333333333,7.98,openaq_ground
2026-02-23 19:00:00,7.485,21.166666666666668,9.35,openaq_ground
2026-02-23 20:00:00,10.33,23.233333333333334,9.685,openaq_ground
2026-02-23 21:00:00,14.1,24.95,9.433333333333334,openaq_ground
2026-02-23 22:00:00,15.205,24.666666666666668,10.21,openaq_ground
2026-02-23 23:00:00,7.895,24.633333333333336,9.46,openaq_ground
2026-02-24 00:00:00,8.915000000000001,24.2,8.5525,openaq_ground
2026-02-24 01:00:00,6.2,21.866666666666664,7.7925,openaq_ground
2026-02-24 02:00:00,6.970000000000001,20.566666666666666,7.9975,openaq_ground
2026-02-24 03:00:00,7.41,21.733333333333334,7.96,openaq_ground
2026-02-24 04:00:00,,,2.41,openaq_ground
2026-02-24 05:00:00,13.435,22.3,9.04,openaq_ground
2026-02-24 06:00:00,14.809999999999999,23.866666666666664,9.11,openaq_ground
2026-02-24 07:00:00,14.925,22.8,9.2975,openaq_ground
2026-02-24 08:00:00,10.38,23.866666666666664,9.375,openaq_ground
2026-02-24 09:00:00,,,3.2,openaq_ground
2026-02-24 10:00:00,,,3.4,openaq_ground
2026-02-24 11:00:00,3.23,22.599999999999998,9.625,openaq_ground
2026-02-24 12:00:00,1.9,23.233333333333334,9.625,openaq_ground
2026-02-24 13:00:00,,,3.8,openaq_ground
2026-02-24 14:00:00,1.288,20.53333333333333,9.625,openaq_ground
2026-02-24 15:00:00,3.475,21.333333333333332,9.95,openaq_ground
2026-02-24 16:00:00,13.25,22.099999999999998,9.675,openaq_ground
2026-02-24 17:00:00,13.99,23.633333333333336,10.225,openaq_ground
2026-02-24 18:00:00,8.965,25.566666666666666,10.225,openaq_ground
2026-02-24 19:00:00,12.375,22.733333333333334,10.025,openaq_ground
2026-02-24 20:00:00,,,4.5,openaq_ground
2026-02-24 21:00:00,17.6,34.1,8.9,openaq_ground
2026-02-24 22:00:00,10.67,31.0,10.975,openaq_ground
2026-02-24 23:00:00,11.42,29.566666666666666,11.45,openaq_ground
2026-02-25 00:00:00,10.780000000000001,29.46666666666667,11.55,openaq_ground
2026-02-25 01:00:00,6.915,28.3,11.45,openaq_ground
2026-02-25 02:00:00,14.8,29.8,10.700000000000001,openaq_ground
2026-02-25 03:00:00,1.99,23.6,8.5,openaq_ground
2026-02-25 04:00:00,8.42,30.400000000000002,12.25,openaq_ground
2026-02-25 05:00:00,12.035,29.333333333333332,12.075,openaq_ground
2026-02-25 06:00:00,12.575,27.933333333333334,11.575,openaq_ground
2026-02-25 07:00:00,14.530000000000001,27.46666666666667,11.55,openaq_ground
2026-02-25 08:00:00,13.02,23.7,10.7775,openaq_ground
2026-02-25 09:00:00,,,4.0,openaq_ground
2026-02-25 10:00:00,,,3.4,openaq_ground
2026-02-25 11:00:00,7.125,25.366666666666664,8.965,openaq_ground
2026-02-25 12:00:00,7.375,24.53333333333333,8.4375,openaq_ground
2026-02-25 13:00:00,8.49,24.133333333333336,8.467500000000001,openaq_ground
2026-02-25 14:00:00,8.01,21.3,8.2225,openaq_ground
2026-02-25 15:00:00,,,4.2,openaq_ground
2026-02-25 16:00:00,18.950000000000003,24.900000000000002,7.9975000000000005,openaq_ground
2026-02-25 17:00:00,32.25,21.96666666666667,7.705,openaq_ground
2026-02-25 18:00:00,40.5,31.399999999999995,8.557500000000001,openaq_ground
2026-02-25 19:00:00,21.5,17.166666666666668,4.217499999999999,openaq_ground
2026-02-25 20:00:00,13.024999999999999,32.03333333333333,10.25,openaq_ground
2026-02-25 21:00:00,14.9,31.7,12.4,openaq_ground
2026-02-25 22:00:00,10.95,22.96666666666667,11.52,openaq_ground
2026-02-25 23:00:00,9.525,25.366666666666664,12.8,openaq_ground
2026-02-26 00:00:00,,,8.0,openaq_ground
2026-02-26 01:00:00,11.665,9.363333333333333,6.53,openaq_ground
2026-02-26 02:00:00,9.795000000000002,5.073333333333333,2.6175,openaq_ground
2026-02-26 03:00:00,10.45,5.236666666666667,2.3274999999999997,openaq_ground
2026-02-26 04:00:00,5.779999999999999,3.376666666666667,1.7160000000000002,openaq_ground
2026-02-26 05:00:00,6.84,2.8066666666666666,1.4675,openaq_ground
2026-02-26 06:00:00,10.774999999999999,5.486666666666667,2.8075,openaq_ground
2026-02-26 07:00:00,6.7,4.79,2.1675,openaq_ground
2026-02-26 08:00:00,4.015000000000001,7.84,2.7725,openaq_ground
2026-02-26 09:00:00,,,0.7,openaq_ground
2026-02-26 10:00:00,,,0.5,openaq_ground
2026-02-26 11:00:00,2.54,8.196666666666667,3.2249999999999996,openaq_ground
2026-02-26 12:00:00,4.335,5.686666666666667,2.6149999999999998,openaq_ground
2026-02-26 13:00:00,6.13,7.169999999999999,3.045,openaq_ground
2026-02-26 14:00:00,5.45,6.933333333333334,3.63,openaq_ground
2026-02-26 15:00:00,8.795,8.426666666666668,3.7750000000000004,openaq_ground
2026-02-26 16:00:00,19.85,9.549999999999999,3.3125,openaq_ground
2026-02-26 17:00:00,,11.8,3.28,openaq_ground
2026-02-26 18:00:00,19.4,8.555,2.9333333333333336,openaq_ground
2026-02-26 19:00:00,21.1,9.33,3.3324999999999996,openaq_ground
2026-02-26 20:00:00,17.2,8.113333333333333,3.4875,openaq_ground
2026-02-26 21:00:00,14.850000000000001,10.486666666666666,3.75,openaq_ground
2026-02-26 22:00:00,12.370000000000001,10.406666666666666,3.7025,openaq_ground
2026-02-26 23:00:00,,12.1,3.505,openaq_ground
2026-02-27 00:00:00,7.15,8.286666666666667,3.425,openaq_ground
2026-02-27 01:00:00,12.055,7.706666666666667,3.2125,openaq_ground
2026-02-27 02:00:00,8.91,8.290000000000001,2.795,openaq_ground
2026-02-27 03:00:00,13.485,7.95,2.9125,openaq_ground
2026-02-27 04:00:00,10.85,7.723333333333334,2.9975,openaq_ground
2026-02-27 05:00:00,21.035,17.36,7.885000000000001,openaq_ground
2026-02-27 06:00:00,,,0.9,openaq_ground
2026-02-27 07:00:00,14.285,9.08,4.095,openaq_ground
2026-02-27 08:00:00,17.18,9.43,5.1274999999999995,openaq_ground
2026-02-27 09:00:00,,,3.9,openaq_ground
2026-02-27 10:00:00,,,2.9,openaq_ground
2026-02-27 11:00:00,10.91,10.063333333333333,4.1899999999999995,openaq_ground
2026-02-27 12:00:00,8.6,10.313333333333334,4.365,openaq_ground
2026-02-27 13:00:00,7.88,10.316666666666668,5.3774999999999995,openaq_ground
2026-02-27 14:00:00,8.73,8.466666666666667,4.3,openaq_ground
2026-02-27 15:00:00,9.73,9.453333333333333,5.2125,openaq_ground
2026-02-27 16:00:00,13.850000000000001,7.640000000000001,4.8549999999999995,openaq_ground
2026-02-27 17:00:00,,,1.2,openaq_ground
2026-02-27 18:00:00,19.314999999999998,9.700000000000001,4.1075,openaq_ground
2026-02-27 19:00:00,16.43,8.466666666666667,3.4075,openaq_ground
2026-02-27 20:00:00,13.995000000000001,7.323333333333333,3.6625,openaq_ground
2026-02-27 21:00:00,14.290000000000001,5.863333333333333,2.775,openaq_ground
2026-02-27 22:00:00,12.5,7.496666666666667,2.7525,openaq_ground
2026-02-27 23:00:00,10.79,5.670000000000001,2.39,openaq_ground
2026-02-28 00:00:00,,,0.4,openaq_ground
2026-02-28 01:00:00,11.305,4.983333333333333,1.9825,openaq_ground
2026-02-28 02:00:00,13.64,5.323333333333333,2.12,openaq_ground
2026-02-28 03:00:00,8.0095,6.383333333333333,2.135,openaq_ground
2026-02-28 04:00:00,8.4885,11.403333333333334,2.6675,openaq_ground
2026-02-28 05:00:00,10.98,8.106666666666667,2.5825,openaq_ground
2026-02-28 06:00:00,16.89,8.65,2.6675,openaq_ground
2026-02-28 07:00:00,17.745,8.813333333333333,2.9,openaq_ground
2026-02-28 08:00:00,17.91,9.14,3.3325,openaq_ground
2026-02-28 09:00:00,,,1.3,openaq_ground
2026-02-28 10:00:00,,,1.5,openaq_ground
2026-02-28 11:00:00,3.3099999999999996,7.936666666666667,2.6225,openaq_ground
2026-02-28 12:00:00,3.145,9.74,3.2074999999999996,openaq_ground
2026-02-28 13:00:00,9.62,9.049999999999999,3.005,openaq_ground
2026-02-28 14:00:00,6.035,10.146666666666667,3.0725,openaq_ground
2026-02-28 15:00:00,,,0.7,openaq_ground
2026-02-28 16:00:00,11.92,8.303333333333333,2.8625,openaq_ground
2026-02-28 17:00:00,16.45,10.719999999999999,4.7124999999999995,openaq_ground
2026-02-28 18:00:00,10.875,8.266666666666667,3.755,openaq_ground
2026-02-28 19:00:00,8.96,7.036666666666666,3.07,openaq_ground
2026-02-28 20:00:00,,8.81,2.915,openaq_ground
2026-02-28 21:00:00,12.9,9.14,3.635,openaq_ground
2026-02-28 22:00:00,6.11,10.546666666666667,4.025,openaq_ground
2026-02-28 23:00:00,7.16,5.1433333333333335,2.6075,openaq_ground
2026-03-01 00:00:00,6.3999999999999995,5.22,2.39,openaq_ground
2026-03-01 01:00:00,6.765000000000001,6.333333333333333,3.42,openaq_ground
2026-03-01 02:00:00,7.24,6.246666666666666,3.9475,openaq_ground
2026-03-01 03:00:00,10.17,9.366666666666665,5.29,openaq_ground
2026-03-01 04:00:00,,9.55,5.075,openaq_ground
2026-03-01 05:00:00,5.79,7.233333333333333,5.907500000000001,openaq_ground
2026-03-01 06:00:00,5.199999999999999,3.6833333333333336,2.9025000000000003,openaq_ground
2026-03-01 07:00:00,4.035,2.42,2.413333333333333,openaq_ground
2026-03-01 08:00:00,4.8149999999999995,3.133333333333333,2.75,openaq_ground
2026-03-01 09:00:00,,,4.9,openaq_ground
2026-03-01 10:00:00,,,1.2,openaq_ground
2026-03-01 11:00:00,5.8,5.54,2.605,openaq_ground
2026-03-01 12:00:00,2.09,9.69,3.745,openaq_ground
2026-03-01 13:00:00,2.16,6.609999999999999,3.065,openaq_ground
2026-03-01 14:00:00,,,1.3,openaq_ground
2026-03-01 15:00:00,3.54,4.64,2.265,openaq_ground
2026-03-01 16:00:00,9.405000000000001,5.503333333333333,2.755,openaq_ground
2026-03-01 17:00:00,10.504999999999999,5.633333333333333,2.81,openaq_ground
2026-03-01 18:00:00,11.085,8.12,3.68,openaq_ground
2026-03-01 19:00:00,,,1.3,openaq_ground
2026-03-01 20:00:00,7.53,7.1066666666666665,3.38,openaq_ground
2026-03-01 21:00:00,10.2,,1.4,openaq_ground
2026-03-01 22:00:00,11.1,7.136666666666667,2.8125,openaq_ground
2026-03-01 23:00:00,7.03,6.903333333333333,3.0425,openaq_ground
2026-03-02 00:00:00,6.535,5.05,2.1574999999999998,openaq_ground
2026-03-02 01:00:00,5.53,5.3999999999999995,2.19,openaq_ground
2026-03-02 02:00:00,5.109999999999999,7.06,2.6125,openaq_ground
2026-03-02 03:00:00,9.29,6.38,3.0650000000000004,openaq_ground
2026-03-02 04:00:00,2.36,9.469999999999999,4.42,openaq_ground
2026-03-02 05:00:00,5.35,6.2,3.45,openaq_ground
2026-03-02 06:00:00,16.939999999999998,10.426666666666668,5.515000000000001,openaq_ground
2026-03-02 07:00:00,7.975,7.196666666666666,3.8225,openaq_ground
2026-03-02 08:00:00,8.17,6.716666666666666,4.1775,openaq_ground
2026-03-02 09:00:00,,,5.0,openaq_ground
2026-03-02 10:00:00,,,1.2,openaq_ground
2026-03-02 11:00:00,3.065,5.170000000000001,2.1375,openaq_ground
2026-03-02 12:00:00,4.145,4.653333333333333,2.115,openaq_ground
2026-03-02 13:00:00,4.89,5.236666666666667,2.1,openaq_ground
2026-03-02 14:00:00,3.8949999999999996,5.633333333333333,2.24,openaq_ground
2026-03-02 15:00:00,9.675,7.473333333333334,2.5825,openaq_ground
2026-03-02 16:00:00,10.96,7.21,2.6725,openaq_ground
2026-03-02 17:00:00,22.75,7.256666666666667,2.74,openaq_ground
2026-03-02 18:00:00,,,1.1,openaq_ground
2026-03-02 19:00:00,15.8,10.283333333333333,4.3175,openaq_ground
2026-03-02 20:00:00,10.469999999999999,10.44,3.98,openaq_ground
2026-03-02 21:00:00,12.8,9.295,3.986666666666667,openaq_ground
2026-03-02 22:00:00,9.28,9.049999999999999,3.9025,openaq_ground
2026-03-02 23:00:00,11.155,10.9,4.547499999999999,openaq_ground
2026-03-03 00:00:00,9.72,13.15,5.445,openaq_ground
2026-03-03 01:00:00,4.34,11.56,3.776666666666667,openaq_ground
2026-03-03 02:00:00,5.37,11.286666666666667,4.37,openaq_ground
2026-03-03 03:00:00,12.1,10.8,3.725,openaq_ground
2026-03-03 04:00:00,6.484999999999999,10.19,3.795,openaq_ground
2026-03-03 05:00:00,8.275,13.766666666666666,5.69,openaq_ground
2026-03-03 06:00:00,19.225,18.133333333333333,7.745,openaq_ground
2026-03-03 07:00:00,22.450000000000003,35.666666666666664,20.925,openaq_ground
2026-03-03 08:00:00,19.5,20.566666666666666,11.5,openaq_ground
2026-03-03 09:00:00,,,12.7,openaq_ground
2026-03-03 10:00:00,,,4.8,openaq_ground
2026-03-03 11:00:00,11.350000000000001,16.866666666666667,9.205,openaq_ground
2026-03-03 12:00:00,11.25,12.4,8.1475,openaq_ground
2026-03-03 13:00:00,14.7,13.63,7.4125,openaq_ground
2026-03-03 14:00:00,11.38,12.133333333333333,6.32,openaq_ground
2026-03-03 15:00:00,13.09,10.950000000000001,5.390000000000001,openaq_ground
2026-03-03 16:00:00,21.34,16.2,7.7075000000000005,openaq_ground
2026-03-03 17:00:00,,,4.4,openaq_ground
2026-03-03 18:00:00,20.9,21.266666666666666,9.795,openaq_ground
2026-03-03 19:00:00,25.65,15.133333333333333,9.645,openaq_ground
2026-03-03 20:00:00,19.990000000000002,12.433333333333332,7.2375,openaq_ground
2026-03-03 21:00:00,30.1,11.25,4.183333333333334,openaq_ground
2026-03-03 22:00:00,28.75,10.713333333333333,4.3225,openaq_ground
2026-03-03 23:00:00,,,2.0,openaq_ground
2026-03-04 00:00:00,12.445,9.916666666666666,3.5975,openaq_ground
2026-03-04 01:00:00,8.215,7.723333333333334,2.7475,openaq_ground
2026-03-04 02:00:00,16.125,7.146666666666667,2.5475,openaq_ground
2026-03-04 03:00:00,10.925,7.8133333333333335,2.4299999999999997,openaq_ground
2026-03-04 04:00:00,10.37,9.436666666666667,2.695,openaq_ground
2026-03-04 05:00:00,8.450000000000001,10.22,3.0575,openaq_ground
2026-03-04 06:00:00,,,0.8,openaq_ground
2026-03-04 07:00:00,8.775,12.283333333333333,3.83,openaq_ground
2026-03-04 08:00:00,5.805,13.733333333333334,3.935,openaq_ground
2026-03-04 09:00:00,,,1.1,openaq_ground
2026-03-04 10:00:00,,,1.2,openaq_ground
2026-03-04 11:00:00,1.166,17.246666666666666,4.8125,openaq_ground
2026-03-04 12:00:00,0.6665,14.633333333333333,4.3675,openaq_ground
2026-03-04 13:00:00,4.49,11.9,4.175000000000001,openaq_ground
2026-03-04 14:00:00,0.817,10.015,3.4233333333333333,openaq_ground
2026-03-04 15:00:00,3.9749999999999996,10.770000000000001,3.5999999999999996,openaq_ground
2026-03-04 16:00:00,32.3,12.2,3.64,openaq_ground
2026-03-04 17:00:00,24.6,13.45,4.53,openaq_ground
2026-03-04 18:00:00,14.105,15.333333333333334,5.635,openaq_ground
2026-03-04 19:00:00,10.435,22.166666666666668,6.67,openaq_ground
2026-03-04 20:00:00,13.030000000000001,18.933333333333334,6.305,openaq_ground
2026-03-04 21:00:00,27.2,19.7,5.926666666666667,openaq_ground
2026-03-04 22:00:00,16.895,14.766666666666666,5.6525,openaq_ground
2026-03-04 23:00:00,,,2.9,openaq_ground
2026-03-05 00:00:00,13.629999999999999,16.4,6.36,openaq_ground
2026-03-05 01:00:00,12.115,29.5,8.06,openaq_ground
2026-03-05 02:00:00,12.59,21.46666666666667,7.8999999999999995,openaq_ground
2026-03-05 03:00:00,19.945,22.3,8.59,openaq_ground
2026-03-05 04:00:00,15.705,22.7,8.79,openaq_ground
2026-03-05 05:00:00,15.255,26.0,9.975,openaq_ground
2026-03-05 06:00:00,18.445,24.0,9.875,openaq_ground
2026-03-05 07:00:00,9.64,23.900000000000002,9.712499999999999,openaq_ground
2026-03-05 08:00:00,15.7,26.5,9.41,openaq_ground
2026-03-05 09:00:00,,,6.4,openaq_ground
2026-03-05 10:00:00,,,5.0,openaq_ground
2026-03-05 11:00:00,6.59,25.63333333333333,8.475,openaq_ground
2026-03-05 12:00:00,6.265,28.346666666666668,7.140000000000001,openaq_ground
2026-03-05 13:00:00,5.3,14.01,5.005,openaq_ground
2026-03-05 14:00:00,5.985,10.313333333333333,4.1875,openaq_ground
2026-03-05 15:00:00,,,2.9,openaq_ground
2026-03-05 16:00:00,16.8,10.973333333333334,3.5925000000000002,openaq_ground
2026-03-05 17:00:00,20.200000000000003,22.67,5.96,openaq_ground
2026-03-05 18:00:00,22.85,26.286666666666665,6.525,openaq_ground
2026-03-05 19:00:00,32.0,24.0,6.275,openaq_ground
2026-03-05 20:00:00,22.4,19.599999999999998,5.43,openaq_ground
2026-03-05 21:00:00,22.2,15.2,3.706666666666667,openaq_ground
2026-03-05 22:00:00,12.18,14.9,3.0625,openaq_ground
2026-03-05 23:00:00,,,1.3,openaq_ground
2026-03-06 00:00:00,13.965,19.3,3.545,openaq_ground
2026-03-06 01:00:00,27.560000000000002,18.5,4.0649999999999995,openaq_ground
2026-03-06 02:00:00,23.799999999999997,17.966666666666665,4.9425,openaq_ground
2026-03-06 03:00:00,23.584999999999997,16.213333333333335,4.4399999999999995,openaq_ground
2026-03-06 04:00:00,27.89,13.6,4.14,openaq_ground
2026-03-06 05:00:00,,,1.7,openaq_ground
2026-03-06 06:00:00,24.1,20.866666666666667,5.505,openaq_ground
2026-03-06 07:00:00,31.65,16.666666666666668,5.105,openaq_ground
2026-03-06 08:00:00,31.75,17.166666666666668,6.035,openaq_ground
2026-03-06 09:00:00,,,3.2,openaq_ground
2026-03-06 10:00:00,,,3.7,openaq_ground
2026-03-06 11:00:00,27.45,11.433333333333332,4.295,openaq_ground
2026-03-06 12:00:00,15.899999999999999,11.263333333333334,3.4075,openaq_ground
2026-03-06 13:00:00,11.8,11.08,2.785,openaq_ground
2026-03-06 14:00:00,11.76,13.866666666666667,3.52,openaq_ground
2026-03-06 15:00:00,5.37,12.9,3.9625,openaq_ground
2026-03-06 16:00:00,14.1,11.366666666666667,3.8899999999999997,openaq_ground
2026-03-06 17:00:00,20.700000000000003,18.933333333333334,5.2375,openaq_ground
2026-03-06 18:00:00,,,1.7,openaq_ground
2026-03-06 19:00:00,13.245,16.996666666666666,8.1525,openaq_ground
2026-03-06 20:00:00,12.295,15.533333333333333,8.05,openaq_ground
2026-03-06 21:00:00,26.1,12.600000000000001,7.066666666666666,openaq_ground
2026-03-06 22:00:00,25.105,15.1,5.0225,openaq_ground
2026-03-06 23:00:00,20.04,16.23333333333333,4.4025,openaq_ground
2026-03-07 00:00:00,18.535,14.433333333333332,3.7725,openaq_ground
2026-03-07 01:00:00,,,1.3,openaq_ground
2026-03-07 02:00:00,17.060000000000002,11.596666666666666,3.75,openaq_ground
2026-03-07 03:00:00,7.295,11.736666666666666,3.88,openaq_ground
2026-03-07 04:00:00,8.540000000000001,13.1,4.335,openaq_ground
2026-03-07 05:00:00,15.044999999999998,12.323333333333332,4.745,openaq_ground
2026-03-07 06:00:00,16.815,13.206666666666665,5.275,openaq_ground
2026-03-07 07:00:00,10.05,12.733333333333334,5.109999999999999,openaq_ground
2026-03-07 08:00:00,,,1.7,openaq_ground
2026-03-07 09:00:00,,,1.3,openaq_ground
2026-03-07 10:00:00,,,3.0,openaq_ground
2026-03-07 11:00:00,2.42,20.266666666666666,8.72,openaq_ground
2026-03-07 12:00:00,4.22,21.099999999999998,8.7125,openaq_ground
2026-03-07 13:00:00,4.58,19.0,7.6325,openaq_ground
2026-03-07 14:00:00,3.84,20.266666666666666,9.1975,openaq_ground
2026-03-07 15:00:00,,,6.2,openaq_ground
2026-03-07 16:00:00,5.515000000000001,13.799999999999999,7.577500000000001,openaq_ground
2026-03-07 17:00:00,7.3950000000000005,12.700000000000001,6.91,openaq_ground
2026-03-07 18:00:00,8.535,11.93,7.57,openaq_ground
2026-03-07 19:00:00,7.795,11.066666666666668,7.17,openaq_ground
2026-03-07 20:00:00,7.935,11.766666666666666,6.85,openaq_ground
2026-03-07 21:00:00,24.8,15.55,6.966666666666666,openaq_ground
2026-03-07 22:00:00,12.084999999999999,17.966666666666665,6.69,openaq_ground
2026-03-07 23:00:00,,,4.4,openaq_ground
2026-03-08 00:00:00,19.335,15.866666666666667,8.469999999999999,openaq_ground
2026-03-08 01:00:00,16.805,11.366666666666667,7.182499999999999,openaq_ground
2026-03-08 02:00:00,14.94,10.543333333333333,6.8475,openaq_ground
2026-03-08 03:00:00,7.27,12.133333333333333,5.0575,openaq_ground
2026-03-08 04:00:00,6.739999999999999,13.233333333333334,6.8375,openaq_ground
2026-03-08 05:00:00,5.24,12.300000000000002,7.074999999999999,openaq_ground
2026-03-08 06:00:00,5.66,12.433333333333332,6.37,openaq_ground
2026-03-08 07:00:00,5.595,11.14,5.109999999999999,openaq_ground
2026-03-08 08:00:00,6.72,6.91,3.9699999999999998,openaq_ground
2026-03-08 09:00:00,,,3.9,openaq_ground
2026-03-08 10:00:00,,,3.6,openaq_ground
2026-03-08 11:00:00,1.3924999999999998,2.1466666666666665,1.3585,openaq_ground
2026-03-08 12:00:00,1.5245,2.21,0.79525,openaq_ground
2026-03-08 13:00:00,3.31,1.1326666666666665,0.34950000000000003,openaq_ground
2026-03-08 14:00:00,2.307,1.7963333333333331,0.372,openaq_ground
2026-03-08 15:00:00,,,0.0,openaq_ground
2026-03-08 16:00:00,6.6049999999999995,1.912,0.63575,openaq_ground
2026-03-08 17:00:00,9.969999999999999,3.223333333333333,1.2545000000000002,openaq_ground
2026-03-08 18:00:00,11.915000000000001,2.1633333333333336,0.812,openaq_ground
2026-03-08 19:00:00,17.1,2.885,1.3923333333333332,openaq_ground
2026-03-08 20:00:00,9.715,9.780000000000001,6.0200000000000005,openaq_ground
2026-03-08 21:00:00,8.585,5.699999999999999,2.8625000000000003,openaq_ground
2026-03-08 22:00:00,12.709999999999999,12.396666666666667,3.32,openaq_ground
2026-03-08 23:00:00,10.99,7.3,3.365,openaq_ground
2026-03-09 00:00:00,16.04,7.609999999999999,3.3725,openaq_ground
2026-03-09 01:00:00,10.510000000000002,6.926666666666667,3.0149999999999997,openaq_ground
2026-03-09 02:00:00,11.855,6.239999999999999,2.5025,openaq_ground
2026-03-09 03:00:00,,,0.2,openaq_ground
2026-03-09 04:00:00,11.495,10.86,5.6825,openaq_ground
2026-03-09 05:00:00,14.989999999999998,13.03,6.5075,openaq_ground
2026-03-09 06:00:00,14.69,11.573333333333332,5.1675,openaq_ground
2026-03-09 07:00:00,14.004999999999999,12.033333333333333,5.2275,openaq_ground
2026-03-09 08:00:00,16.450000000000003,13.353333333333333,6.5575,openaq_ground
2026-03-09 09:00:00,,,3.1,openaq_ground
2026-03-09 10:00:00,,,3.0,openaq_ground
2026-03-09 11:00:00,7.715,12.463333333333333,6.455,openaq_ground
2026-03-09 12:00:00,6.02,8.033333333333333,3.1525,openaq_ground
2026-03-09 13:00:00,8.91,8.623333333333333,3.465,openaq_ground
2026-03-09 14:00:00,,,0.6,openaq_ground
2026-03-09 15:00:00,8.7,8.033333333333333,2.9275,openaq_ground
2026-03-09 16:00:00,18.4,16.233333333333334,4.13,openaq_ground
2026-03-09 17:00:00,27.85,13.913333333333334,4.2075000000000005,openaq_ground
2026-03-09 18:00:00,27.799999999999997,18.49,4.197500000000001,openaq_ground
2026-03-09 19:00:00,21.6,12.033333333333333,3.92,openaq_ground
2026-03-09 20:00:00,,,1.2,openaq_ground
2026-03-09 21:00:00,39.1,10.260000000000002,1.835,openaq_ground
2026-03-09 22:00:00,19.38,6.82,2.0425,openaq_ground
2026-03-09 23:00:00,15.184999999999999,7.6066666666666665,2.2,openaq_ground
2026-03-10 00:00:00,12.99,6.833333333333333,2.0725000000000002,openaq_ground
2026-03-10 01:00:00,,,0.1,openaq_ground
2026-03-10 02:00:00,14.695,6.996666666666667,1.9725000000000001,openaq_ground
2026-03-10 03:00:00,13.645,6.613333333333333,1.835,openaq_ground
2026-03-10 04:00:00,10.365,5.82,1.7625,openaq_ground
2026-03-10 05:00:00,12.74,5.390000000000001,1.8849999999999998,openaq_ground
2026-03-10 06:00:00,8.89,5.05,1.76,openaq_ground
2026-03-10 07:00:00,,,0.2,openaq_ground
2026-03-10 08:00:00,7.66,5.713333333333334,1.7575,openaq_ground
2026-03-10 09:00:00,,,0.2,openaq_ground
2026-03-10 10:00:00,,,0.1,openaq_ground
2026-03-10 11:00:00,0.2346,5.696666666666666,1.7525,openaq_ground
2026-03-10 12:00:00,0.2674,8.016666666666667,2.0825,openaq_ground
2026-03-10 13:00:00,,,0.2,openaq_ground
2026-03-10 14:00:00,7.2145,6.036666666666666,2.0625,openaq_ground
2026-03-10 15:00:00,10.14,9.53,2.285,openaq_ground
2026-03-10 16:00:00,25.65,15.643333333333333,7.42,openaq_ground
2026-03-10 17:00:00,26.6,16.296666666666667,2.985,openaq_ground
2026-03-10 18:00:00,23.5,10.593333333333334,2.4125,openaq_ground
2026-03-10 19:00:00,16.11,9.436666666666667,2.4625,openaq_ground
2026-03-10 20:00:00,11.08,6.333333333333333,1.985,openaq_ground
2026-03-10 21:00:00,27.7,6.575,1.8233333333333335,openaq_ground
2026-03-10 22:00:00,16.275000000000002,7.170000000000001,1.9525000000000001,openaq_ground
2026-03-10 23:00:00,,,0.2,openaq_ground
2026-03-11 00:00:00,13.575000000000001,7.6499999999999995,2.205,openaq_ground
2026-03-11 01:00:00,11.375,9.083333333333334,2.465,openaq_ground
2026-03-11 02:00:00,14.185,9.59,2.61,openaq_ground
2026-03-11 03:00:00,8.895,9.813333333333333,2.62,openaq_ground
2026-03-11 04:00:00,12.959999999999999,7.603333333333334,2.315,openaq_ground
2026-03-11 05:00:00,11.165000000000001,9.85,2.835,openaq_ground
2026-03-11 06:00:00,,,0.5,openaq_ground
2026-03-11 07:00:00,11.09,10.21,3.3925,openaq_ground
2026-03-11 08:00:00,5.495,11.166666666666666,3.755,openaq_ground
2026-03-11 09:00:00,,,1.1,openaq_ground
2026-03-11 10:00:00,,,1.4,openaq_ground
2026-03-11 11:00:00,1.0205,11.763333333333334,3.89,openaq_ground
2026-03-11 12:00:00,0.7,11.64,3.79,openaq_ground
2026-03-11 13:00:00,0.317,11.273333333333333,4.1525,openaq_ground
2026-03-11 14:00:00,1.178,12.833333333333334,4.025,openaq_ground
2026-03-11 15:00:00,,,1.7,openaq_ground
2026-03-11 16:00:00,17.884999999999998,9.106666666666667,3.2875,openaq_ground
2026-03-11 17:00:00,18.16,14.533333333333333,4.4675,openaq_ground
2026-03-11 18:00:00,17.009999999999998,20.866666666666667,5.6425,openaq_ground
2026-03-11 19:00:00,14.774999999999999,16.233333333333334,4.9675,openaq_ground
2026-03-11 20:00:00,16.08,16.7,5.0024999999999995,openaq_ground
2026-03-11 21:00:00,19.0,19.05,5.02,openaq_ground
2026-03-11 22:00:00,18.265,22.266666666666666,6.475,openaq_ground
2026-03-11 23:00:00,,,2.8,openaq_ground
2026-03-12 00:00:00,14.155,23.96666666666667,7.8475,openaq_ground
2026-03-12 01:00:00,14.47,25.866666666666664,9.125,openaq_ground
2026-03-12 02:00:00,13.19,26.46666666666667,10.125,openaq_ground
2026-03-12 03:00:00,15.52,29.400000000000002,11.0,openaq_ground
2026-03-12 04:00:00,16.64,29.899999999999995,10.75,openaq_ground
2026-03-12 05:00:00,20.5,29.833333333333332,11.3,openaq_ground
2026-03-12 06:00:00,13.75,31.0,11.025,openaq_ground
2026-03-12 07:00:00,13.96,20.666666666666668,8.3725,openaq_ground
2026-03-12 08:00:00,,,4.5,openaq_ground
2026-03-12 09:00:00,,,4.3,openaq_ground
2026-03-12 10:00:00,,,3.3,openaq_ground
2026-03-12 11:00:00,9.565000000000001,11.636666666666665,3.0025,openaq_ground
2026-03-12 12:00:00,11.66,35.166666666666664,5.795,openaq_ground
2026-03-12 13:00:00,9.62,13.14,3.3345,openaq_ground
2026-03-12 14:00:00,8.54,16.05666666666667,3.4287499999999995,openaq_ground
2026-03-12 15:00:00,4.97,10.243333333333334,2.3754999999999997,openaq_ground
2026-03-12 16:00:00,24.065,18.39,3.63525,openaq_ground
2026-03-12 17:00:00,,,0.4,openaq_ground
2026-03-12 18:00:00,19.64,15.426666666666668,2.9419999999999997,openaq_ground
2026-03-12 19:00:00,21.92,14.713333333333333,2.51525,openaq_ground
2026-03-12 20:00:00,20.495,11.793333333333335,1.5350000000000001,openaq_ground
2026-03-12 21:00:00,,,0.0,openaq_ground
2026-03-12 22:00:00,18.0,13.226666666666667,1.4355,openaq_ground
2026-03-12 23:00:00,,,0.0,openaq_ground
2026-03-13 00:00:00,6.390000000000001,20.0,6.8425,openaq_ground
2026-03-13 01:00:00,7.4399999999999995,16.766666666666666,6.0275,openaq_ground
2026-03-13 02:00:00,7.99,12.700000000000001,4.5825,openaq_ground
2026-03-13 03:00:00,8.32,12.943333333333333,4.7,openaq_ground
2026-03-13 04:00:00,9.735000000000001,14.433333333333335,4.9175,openaq_ground
2026-03-13 05:00:00,,,1.2,openaq_ground
2026-03-13 06:00:00,9.545,11.64,4.6125,openaq_ground
2026-03-13 07:00:00,5.545,10.013333333333334,4.1850000000000005,openaq_ground
2026-03-13 08:00:00,7.4750000000000005,8.176666666666668,3.685,openaq_ground
2026-03-13 09:00:00,,,0.9,openaq_ground
2026-03-13 10:00:00,,,0.8,openaq_ground
2026-03-13 11:00:00,3.5900000000000003,8.89,3.3425000000000002,openaq_ground
2026-03-13 12:00:00,5.905,9.723333333333334,3.8275,openaq_ground
2026-03-13 13:00:00,5.1850000000000005,8.523333333333333,3.48,openaq_ground
2026-03-13 14:00:00,5.1450000000000005,5.95,2.695,openaq_ground
2026-03-13 15:00:00,,,1.1,openaq_ground
2026-03-13 16:00:00,7.699999999999999,5.413333333333334,2.495,openaq_ground
2026-03-13 17:00:00,9.825,6.926666666666667,2.72,openaq_ground
2026-03-13 18:00:00,10.434999999999999,8.223333333333334,2.9875,openaq_ground
2026-03-13 19:00:00,14.205,10.37,4.42,openaq_ground
2026-03-13 20:00:00,13.434999999999999,6.9799999999999995,2.6525,openaq_ground
2026-03-13 21:00:00,,,0.6,openaq_ground
2026-03-13 22:00:00,12.62,10.123333333333333,2.88,openaq_ground
2026-03-13 23:00:00,14.905,8.450000000000001,2.58,openaq_ground
2026-03-14 00:00:00,14.185,6.413333333333334,2.43,openaq_ground
2026-03-14 01:00:00,11.8095,6.296666666666667,2.225,openaq_ground
2026-03-14 02:00:00,10.9115,6.203333333333333,2.0025,openaq_ground
2026-03-14 03:00:00,11.7,6.636666666666667,1.9500000000000002,openaq_ground
2026-03-14 04:00:00,8.338000000000001,6.956666666666667,2.0825,openaq_ground
2026-03-14 05:00:00,,,0.2,openaq_ground
2026-03-14 06:00:00,7.455,10.79,3.425,openaq_ground
2026-03-14 07:00:00,12.174999999999999,14.200000000000001,4.46,openaq_ground
2026-03-14 08:00:00,10.105,16.333333333333332,5.215,openaq_ground
2026-03-14 09:00:00,,,1.4,openaq_ground
2026-03-14 10:00:00,,,1.7,openaq_ground
2026-03-14 11:00:00,5.715,16.900000000000002,5.22,openaq_ground
2026-03-14 12:00:00,4.725,8.19,3.045,openaq_ground
2026-03-14 13:00:00,8.32,7.803333333333334,2.8449999999999998,openaq_ground
2026-03-14 14:00:00,5.17,10.873333333333333,3.5175,openaq_ground
2026-03-14 15:00:00,4.575,12.966666666666667,5.0,openaq_ground
2026-03-14 16:00:00,,,6.7,openaq_ground
2026-03-14 17:00:00,7.81,11.799999999999999,5.4175,openaq_ground
2026-03-14 18:00:00,10.8,13.733333333333334,5.985,openaq_ground
2026-03-14 19:00:00,11.665,12.266666666666666,6.3475,openaq_ground
2026-03-14 20:00:00,,,7.1,openaq_ground
2026-03-14 21:00:00,26.1,11.4,3.875,openaq_ground
2026-03-14 22:00:00,11.414499999999999,7.353333333333334,2.675,openaq_ground
2026-03-14 23:00:00,25.1,7.1433333333333335,2.52,openaq_ground
2026-03-15 00:00:00,12.6335,6.87,2.63,openaq_ground
2026-03-15 01:00:00,9.66,14.863333333333335,3.4974999999999996,openaq_ground
2026-03-15 02:00:00,10.9715,6.463333333333334,2.735,openaq_ground
2026-03-15 03:00:00,6.3885,7.816666666666666,3.0524999999999998,openaq_ground
2026-03-15 04:00:00,7.5649999999999995,7.1933333333333325,2.925,openaq_ground
2026-03-15 05:00:00,6.185,13.053333333333335,3.705,openaq_ground
2026-03-15 06:00:00,,,1.2,openaq_ground
2026-03-15 07:00:00,8.185,12.290000000000001,3.745,openaq_ground
2026-03-15 08:00:00,4.69,8.813333333333333,3.48,openaq_ground
2026-03-15 09:00:00,,,1.4,openaq_ground
2026-03-15 10:00:00,,,1.9,openaq_ground
2026-03-15 11:00:00,4.3,8.673333333333334,3.7275,openaq_ground
2026-03-15 12:00:00,3.915,8.9,3.44,openaq_ground
2026-03-15 13:00:00,7.2,8.266666666666667,3.1125,openaq_ground
2026-03-15 14:00:00,6.74,8.896666666666667,3.13,openaq_ground
2026-03-15 15:00:00,8.535,6.223333333333334,2.795,openaq_ground
2026-03-15 16:00:00,23.85,5.526666666666666,2.7824999999999998,openaq_ground
2026-03-15 17:00:00,,,3.7,openaq_ground
2026-03-15 18:00:00,19.85,7.576666666666667,4.1450000000000005,openaq_ground
2026-03-15 19:00:00,20.25,9.896666666666667,4.7925,openaq_ground
2026-03-15 20:00:00,18.7,15.75,9.335,openaq_ground
2026-03-15 21:00:00,27.0,8.44,4.566666666666666,openaq_ground
2026-03-15 22:00:00,22.33,11.753333333333332,4.57,openaq_ground
2026-03-15 23:00:00,16.045,12.68,4.7775,openaq_ground
2026-03-16 00:00:00,14.53,8.81,4.8175,openaq_ground
2026-03-16 01:00:00,,,3.7,openaq_ground
2026-03-16 02:00:00,14.58,8.18,2.81,openaq_ground
2026-03-16 03:00:00,18.655,8.986666666666666,2.5675,openaq_ground
2026-03-16 04:00:00,13.125,5.496666666666666,1.8275000000000001,openaq_ground
2026-03-16 05:00:00,19.575,9.163333333333334,2.64,openaq_ground
2026-03-16 06:00:00,11.82,8.473333333333333,3.13,openaq_ground
2026-03-16 07:00:00,12.04,7.206666666666666,2.9699999999999998,openaq_ground
2026-03-16 08:00:00,15.344999999999999,6.489999999999999,2.6525,openaq_ground
2026-03-16 09:00:00,,,1.1,openaq_ground
2026-03-16 10:00:00,,,0.3,openaq_ground
2026-03-16 11:00:00,6.095000000000001,12.1,4.6375,openaq_ground
2026-03-16 12:00:00,6.545,12.566666666666668,5.78,openaq_ground
2026-03-16 13:00:00,9.91,13.666666666666666,7.17,openaq_ground
2026-03-16 14:00:00,8.09,12.436666666666667,7.0125,openaq_ground
2026-03-16 15:00:00,12.83,12.0,6.2275,openaq_ground
2026-03-16 16:00:00,16.975,10.58,6.1525,openaq_ground
2026-03-16 17:00:00,22.25,14.966666666666667,6.58,openaq_ground
2026-03-16 18:00:00,23.6,17.733333333333334,6.6525,openaq_ground
2026-03-16 19:00:00,,,6.8,openaq_ground
2026-03-16 20:00:00,10.42,14.333333333333334,5.765,openaq_ground
2026-03-16 21:00:00,14.6,13.8,4.913333333333333,openaq_ground
2026-03-16 22:00:00,15.36,13.339999999999998,5.01,openaq_ground
2026-03-16 23:00:00,13.55,10.376666666666667,4.4875,openaq_ground
2026-03-17 00:00:00,18.72,9.64,4.38,openaq_ground
2026-03-17 01:00:00,,,2.3,openaq_ground
2026-03-17 02:00:00,18.185,8.613333333333333,3.5774999999999997,openaq_ground
2026-03-17 03:00:00,16.905,9.833333333333334,3.755,openaq_ground
2026-03-17 04:00:00,12.01,7.746666666666666,3.8724999999999996,openaq_ground
2026-03-17 05:00:00,10.77,8.016666666666667,4.0675,openaq_ground
2026-03-17 06:00:00,,,3.5,openaq_ground
2026-03-17 07:00:00,7.33,9.16,4.93,openaq_ground
2026-03-17 08:00:00,7.5600000000000005,11.353333333333333,5.4025,openaq_ground
2026-03-17 09:00:00,,,4.7,openaq_ground
2026-03-17 10:00:00,,,5.7,openaq_ground
2026-03-17 11:00:00,1.742,14.533333333333333,7.1274999999999995,openaq_ground
2026-03-17 12:00:00,2.4699999999999998,11.799999999999999,5.9725,openaq_ground
2026-03-17 13:00:00,1.78,12.566666666666668,5.7,openaq_ground
2026-03-17 14:00:00,,,3.5,openaq_ground
2026-03-17 15:00:00,8.31,8.186666666666667,2.2125000000000004,openaq_ground
2026-03-17 16:00:00,21.86,38.276666666666664,4.745,openaq_ground
2026-03-17 17:00:00,24.6,85.56,7.922499999999999,openaq_ground
2026-03-17 18:00:00,26.7,26.633333333333336,4.7275,openaq_ground
2026-03-17 19:00:00,26.4,59.800000000000004,6.4925,openaq_ground
2026-03-17 20:00:00,24.4,17.633333333333333,2.3325,openaq_ground
2026-03-17 21:00:00,,,0.3,openaq_ground
2026-03-17 22:00:00,30.099999999999998,37.699999999999996,4.595,openaq_ground
2026-03-17 23:00:00,8.975000000000001,38.46666666666667,4.96,openaq_ground
2026-03-18 00:00:00,9.05,32.0,4.680000000000001,openaq_ground
2026-03-18 01:00:00,8.8,20.169999999999998,3.605,openaq_ground
2026-03-18 02:00:00,12.004999999999999,15.853333333333333,4.6225000000000005,openaq_ground
2026-03-18 03:00:00,10.41,10.803333333333333,3.5825,openaq_ground
2026-03-18 04:00:00,,,0.8,openaq_ground
2026-03-18 05:00:00,11.45,12.183333333333332,5.0649999999999995,openaq_ground
2026-03-18 06:00:00,7.6049999999999995,14.699999999999998,5.055,openaq_ground
2026-03-18 07:00:00,9.105,12.6,5.12,openaq_ground
2026-03-18 08:00:00,10.19,11.623333333333333,5.995,openaq_ground
2026-03-18 09:00:00,,,1.2,openaq_ground
2026-03-18 10:00:00,,,1.6,openaq_ground
2026-03-18 11:00:00,3.3600000000000003,8.936666666666666,4.237500000000001,openaq_ground
2026-03-18 12:00:00,5.225,8.523333333333333,3.1875,openaq_ground
2026-03-18 13:00:00,6.3,8.5,3.31,openaq_ground
2026-03-18 14:00:00,9.405,9.1,3.755,openaq_ground
2026-03-18 15:00:00,13.6,10.829999999999998,3.7575,openaq_ground
2026-03-18 16:00:00,23.200000000000003,14.936666666666667,4.5125,openaq_ground
2026-03-18 17:00:00,23.200000000000003,14.333333333333334,4.8825,openaq_ground
2026-03-18 18:00:00,27.85,17.033333333333335,5.995,openaq_ground
2026-03-18 19:00:00,22.615000000000002,17.833333333333332,7.1225000000000005,openaq_ground
2026-03-18 20:00:00,16.82,19.599999999999998,7.295,openaq_ground
2026-03-18 21:00:00,17.6,19.4,6.93,openaq_ground
2026-03-18 22:00:00,15.16,18.166666666666668,7.074999999999999,openaq_ground
2026-03-18 23:00:00,14.325000000000001,19.3,6.8825,openaq_ground
2026-03-19 00:00:00,15.75,15.566666666666668,6.0675,openaq_ground
2026-03-19 01:00:00,16.935000000000002,17.166666666666668,6.1825,openaq_ground
2026-03-19 02:00:00,15.07,13.299999999999999,5.3175,openaq_ground
2026-03-19 03:00:00,9.485,11.996666666666668,4.8025,openaq_ground
2026-03-19 04:00:00,21.09,13.233333333333334,4.6675,openaq_ground
2026-03-19 05:00:00,12.614999999999998,14.0,5.2975,openaq_ground
2026-03-19 06:00:00,14.9,13.366666666666667,4.9775,openaq_ground
2026-03-19 07:00:00,13.674999999999999,13.799999999999999,5.13,openaq_ground
2026-03-19 08:00:00,,,1.8,openaq_ground
2026-03-19 09:00:00,,,1.8,openaq_ground
2026-03-19 10:00:00,,,1.5,openaq_ground
2026-03-19 11:00:00,2.62,11.446666666666665,4.1325,openaq_ground
2026-03-19 12:00:00,4.2,11.573333333333332,3.7350000000000003,openaq_ground
2026-03-19 13:00:00,5.1,12.453333333333333,3.785,openaq_ground
2026-03-19 14:00:00,4.55,14.476666666666667,3.8175,openaq_ground
2026-03-19 15:00:00,6.725,15.566666666666665,4.1,openaq_ground
2026-03-19 16:00:00,14.75,12.6,4.2325,openaq_ground
2026-03-19 17:00:00,22.25,10.773333333333333,3.9675,openaq_ground
2026-03-19 18:00:00,28.95,12.436666666666667,4.4375,openaq_ground
2026-03-19 19:00:00,,,1.7,openaq_ground
2026-03-19 20:00:00,38.8,12.606666666666667,4.5649999999999995,openaq_ground
2026-03-19 21:00:00,34.3,9.38,3.74,openaq_ground
2026-03-19 22:00:00,40.9,8.543333333333333,3.3925,openaq_ground
2026-03-19 23:00:00,42.0,9.696666666666665,3.39,openaq_ground
2026-03-20 00:00:00,36.9,8.396666666666667,2.9175,openaq_ground
2026-03-20 01:00:00,20.16,7.523333333333333,2.845,openaq_ground
2026-03-20 02:00:00,13.514999999999999,9.383333333333333,3.2875,openaq_ground
2026-03-20 03:00:00,15.545,9.64,3.7750000000000004,openaq_ground
2026-03-20 04:00:00,15.315000000000001,8.373333333333333,3.345,openaq_ground
2026-03-20 05:00:00,21.71,9.023333333333333,3.715,openaq_ground
2026-03-20 06:00:00,14.780000000000001,8.696666666666667,3.5,openaq_ground
2026-03-20 07:00:00,14.57,10.806666666666667,3.2199999999999998,openaq_ground
2026-03-20 08:00:00,14.75,9.733333333333334,3.14,openaq_ground
2026-03-20 09:00:00,,,1.0,openaq_ground
2026-03-20 10:00:00,,,0.9,openaq_ground
2026-03-20 11:00:00,4.305,17.830000000000002,4.234999999999999,openaq_ground
2026-03-20 12:00:00,5.095000000000001,10.963333333333333,3.1075,openaq_ground
2026-03-20 13:00:00,6.26,8.083333333333334,2.585,openaq_ground
2026-03-20 14:00:00,7.135,8.036666666666667,2.8775,openaq_ground
2026-03-20 15:00:00,7.585,7.829999999999999,2.885,openaq_ground
2026-03-20 16:00:00,12.96,9.643333333333333,3.0825,openaq_ground
2026-03-20 17:00:00,16.08,11.666666666666666,3.9924999999999997,openaq_ground
2026-03-20 18:00:00,18.23,14.966666666666669,4.82,openaq_ground
2026-03-20 19:00:00,23.005000000000003,8.326666666666666,3.2649999999999997,openaq_ground
2026-03-20 20:00:00,16.235,8.343333333333334,2.94,openaq_ground
2026-03-20 21:00:00,,,1.5,openaq_ground
2026-03-20 22:00:00,16.39,7.713333333333334,2.8025,openaq_ground
2026-03-20 23:00:00,11.74,7.8999999999999995,2.735,openaq_ground
2026-03-21 00:00:00,14.385,8.243333333333332,2.8425,openaq_ground
2026-03-21 01:00:00,13.75,6.55,2.59,openaq_ground
2026-03-21 02:00:00,12.290000000000001,6.873333333333334,2.5875,openaq_ground
2026-03-21 03:00:00,11.185,7.3,2.7125,openaq_ground
2026-03-21 04:00:00,17.07,7.133333333333333,2.74,openaq_ground
2026-03-21 05:00:00,12.715,9.96,3.2425,openaq_ground
2026-03-21 06:00:00,12.905,10.103333333333333,3.485,openaq_ground
2026-03-21 07:00:00,11.225,10.233333333333333,3.6125,openaq_ground
2026-03-21 08:00:00,11.66,12.733333333333334,3.9050000000000002,openaq_ground
2026-03-21 09:00:00,,,0.8,openaq_ground
2026-03-21 10:00:00,,,1.0,openaq_ground
2026-03-21 11:00:00,3.41,10.446666666666667,3.505,openaq_ground
2026-03-21 12:00:00,6.300000000000001,11.273333333333333,3.98,openaq_ground
2026-03-21 13:00:00,5.42,11.473333333333334,3.625,openaq_ground
2026-03-21 14:00:00,3.53,9.4,3.4575,openaq_ground
2026-03-21 15:00:00,2.81,10.493333333333334,3.7425,openaq_ground
2026-03-21 16:00:00,8.265,10.07,3.6100000000000003,openaq_ground
2026-03-21 17:00:00,10.105,14.24,4.5125,openaq_ground
2026-03-21 18:00:00,9.42,12.516666666666666,4.495,openaq_ground
2026-03-21 19:00:00,17.375,15.666666666666666,5.085,openaq_ground
2026-03-21 20:00:00,10.595,13.033333333333333,4.1274999999999995,openaq_ground
2026-03-21 21:00:00,14.969999999999999,12.64,4.0525,openaq_ground
2026-03-21 22:00:00,10.344999999999999,17.26666666666667,4.8775,openaq_ground
2026-03-21 23:00:00,26.5,18.73333333333333,5.1450000000000005,openaq_ground
2026-03-22 00:00:00,13.135,14.366666666666665,4.6625,openaq_ground
2026-03-22 01:00:00,15.865,12.9,4.7025,openaq_ground
2026-03-22 02:00:00,15.735000000000001,10.9,4.0575,openaq_ground
2026-03-22 03:00:00,8.355,10.633333333333333,4.0725,openaq_ground
2026-03-22 04:00:00,8.635,9.656666666666666,3.7925,openaq_ground
2026-03-22 05:00:00,12.204999999999998,14.200000000000001,4.8975,openaq_ground
2026-03-22 06:00:00,9.530000000000001,15.933333333333332,5.0225,openaq_ground
2026-03-22 07:00:00,7.890000000000001,16.9,4.8100000000000005,openaq_ground
2026-03-22 08:00:00,10.175,14.299999999999999,4.96,openaq_ground
2026-03-22 09:00:00,,,2.3,openaq_ground
2026-03-22 10:00:00,,,2.6,openaq_ground
2026-03-22 11:00:00,10.309999999999999,14.016666666666666,7.07,openaq_ground
2026-03-22 12:00:00,10.51,13.329999999999998,6.2475,openaq_ground
2026-03-22 13:00:00,10.5,12.5,5.305,openaq_ground
2026-03-22 14:00:00,9.334999999999999,11.200000000000001,5.1775,openaq_ground
2026-03-22 15:00:00,10.09,21.166666666666668,6.5825,openaq_ground
2026-03-22 16:00:00,14.899999999999999,19.733333333333334,6.5775,openaq_ground
2026-03-22 17:00:00,18.3,35.233333333333334,8.11,openaq_ground
2026-03-22 18:00:00,22.6,31.433333333333334,8.3,openaq_ground
2026-03-22 19:00:00,20.119999999999997,18.036666666666665,6.67,openaq_ground
2026-03-22 20:00:00,16.560000000000002,9.616666666666667,4.7075,openaq_ground
2026-03-22 21:00:00,36.5,9.485,3.66,openaq_ground
2026-03-22 22:00:00,38.2,12.503333333333336,4.1025,openaq_ground
2026-03-22 23:00:00,27.4,17.416666666666668,4.1850000000000005,openaq_ground
2026-03-23 00:00:00,16.835,9.0,3.4925,openaq_ground
2026-03-23 01:00:00,14.7,9.023333333333333,3.2199999999999998,openaq_ground
2026-03-23 02:00:00,12.254999999999999,7.553333333333334,3.02,openaq_ground
2026-03-23 03:00:00,10.125,8.073333333333332,3.215,openaq_ground
2026-03-23 04:00:00,11.17,11.183333333333332,3.6849999999999996,openaq_ground
2026-03-23 05:00:00,8.22,9.873333333333333,4.1475,openaq_ground
2026-03-23 06:00:00,7.78,11.986666666666666,4.4399999999999995,openaq_ground
2026-03-23 07:00:00,4.6915000000000004,12.593333333333334,4.7625,openaq_ground
2026-03-23 08:00:00,8.065,11.973333333333334,5.0275,openaq_ground
2026-03-23 09:00:00,,,2.7,openaq_ground
2026-03-23 10:00:00,,,2.7,openaq_ground
2026-03-23 11:00:00,1.37,10.9,4.5325,openaq_ground
2026-03-23 12:00:00,0.94025,10.473333333333334,4.5675,openaq_ground
2026-03-23 13:00:00,7.31,15.666666666666666,6.029999999999999,openaq_ground
2026-03-23 14:00:00,5.08,17.8,5.485,openaq_ground
2026-03-23 15:00:00,7.555,13.873333333333333,4.6,openaq_ground
2026-03-23 16:00:00,23.15,7.983333333333333,3.825,openaq_ground
2026-03-23 17:00:00,27.150000000000002,5.403333333333333,2.3449999999999998,openaq_ground
2026-03-23 18:00:00,19.0,6.456666666666667,3.865,openaq_ground
2026-03-23 19:00:00,11.42,12.566666666666668,6.295,openaq_ground
2026-03-23 20:00:00,11.09,12.883333333333333,7.619999999999999,openaq_ground
2026-03-23 21:00:00,17.1,23.45,13.896666666666667,openaq_ground
2026-03-23 22:00:00,10.07,15.733333333333334,9.85,openaq_ground
2026-03-23 23:00:00,12.829999999999998,21.2,11.875,openaq_ground
2026-03-24 00:00:00,10.56,25.8,13.15,openaq_ground
2026-03-24 01:00:00,8.165000000000001,18.666666666666668,10.575,openaq_ground
2026-03-24 02:00:00,12.15,15.566666666666668,9.1375,openaq_ground
2026-03-24 03:00:00,23.94,15.533333333333333,8.765,openaq_ground
2026-03-24 04:00:00,18.735,17.633333333333333,9.21,openaq_ground
2026-03-24 05:00:00,14.86,18.3,9.9525,openaq_ground
2026-03-24 06:00:00,13.555,18.8,11.0725,openaq_ground
2026-03-24 07:00:00,10.455,18.666666666666668,12.0,openaq_ground
2026-03-24 08:00:00,11.989999999999998,32.800000000000004,22.75,openaq_ground
2026-03-24 09:00:00,,,16.9,openaq_ground
2026-03-24 10:00:00,,,17.4,openaq_ground
2026-03-24 11:00:00,4.1499999999999995,24.366666666666664,15.075,openaq_ground
2026-03-24 12:00:00,3.1599999999999997,25.633333333333336,14.325,openaq_ground
2026-03-24 13:00:00,8.12,23.5,12.700000000000001,openaq_ground
2026-03-24 14:00:00,3.292,17.566666666666666,11.2275,openaq_ground
2026-03-24 15:00:00,3.02,12.799999999999999,9.7325,openaq_ground
2026-03-24 16:00:00,16.065,12.31,7.970000000000001,openaq_ground
2026-03-24 17:00:00,27.080000000000002,10.876666666666667,5.9175,openaq_ground
2026-03-24 18:00:00,,,4.0,openaq_ground
2026-03-24 19:00:00,,,3.3,openaq_ground
2026-03-24 20:00:00,,,3.0,openaq_ground
2026-03-24 21:00:00,,,3.3,openaq_ground
2026-03-24 22:00:00,,,2.6,openaq_ground
2026-03-24 23:00:00,,,1.7,openaq_ground
2026-03-25 00:00:00,,,0.9,openaq_ground
2026-03-25 01:00:00,,,2.0,openaq_ground
2026-03-25 02:00:00,12.815,12.5,4.3025,openaq_ground
2026-03-25 03:00:00,14.745000000000001,13.933333333333332,4.827500000000001,openaq_ground
2026-03-25 04:00:00,21.02,14.246666666666664,4.905,openaq_ground
2026-03-25 05:00:00,20.84,8.536666666666667,4.295,openaq_ground
2026-03-25 06:00:00,19.01,8.746666666666668,4.1375,openaq_ground
2026-03-25 07:00:00,13.520000000000001,9.083333333333334,4.635,openaq_ground
2026-03-25 08:00:00,15.530000000000001,8.626666666666667,3.9924999999999997,openaq_ground
2026-03-25 09:00:00,,,3.6,openaq_ground
2026-03-25 10:00:00,,,3.3,openaq_ground
2026-03-25 11:00:00,4.18,7.526666666666666,4.98,openaq_ground
2026-03-25 12:00:00,5.785,6.703333333333333,4.7725,openaq_ground
2026-03-25 13:00:00,6.49,7.246666666666667,4.375,openaq_ground
2026-03-25 14:00:00,3.725,8.856666666666667,5.6975,openaq_ground
2026-03-25 15:00:00,7.745000000000001,8.366666666666667,5.1049999999999995,openaq_ground
2026-03-25 16:00:00,21.02,11.473333333333334,5.845,openaq_ground
2026-03-25 17:00:00,15.935,12.433333333333332,5.65,openaq_ground
2026-03-25 18:00:00,16.66,14.133333333333335,6.1225,openaq_ground
2026-03-25 19:00:00,8.14,18.5,7.845000000000001,openaq_ground
2026-03-25 20:00:00,13.115,19.7,7.986666666666667,openaq_ground
2026-03-25 21:00:00,24.9,21.5,8.666666666666666,openaq_ground
2026-03-25 22:00:00,13.47,20.566666666666666,9.315,openaq_ground
2026-03-25 23:00:00,3.16,20.03333333333333,9.18,openaq_ground
2026-03-26 00:00:00,14.955,21.133333333333333,10.3,openaq_ground
2026-03-26 01:00:00,11.49,21.766666666666666,10.9,openaq_ground
2026-03-26 02:00:00,11.9,25.53333333333333,11.8,openaq_ground
2026-03-26 03:00:00,8.405,25.166666666666668,12.274999999999999,openaq_ground
2026-03-26 04:00:00,13.21,26.0,12.175,openaq_ground
2026-03-26 05:00:00,5.53,25.833333333333332,12.825,openaq_ground
2026-03-26 06:00:00,3.221,27.666666666666668,13.225,openaq_ground
2026-03-26 07:00:00,3.0515,26.5,13.275,openaq_ground
2026-03-26 08:00:00,,,7.8,openaq_ground
2026-03-26 09:00:00,,,8.5,openaq_ground
2026-03-26 10:00:00,,,8.8,openaq_ground
2026-03-26 11:00:00,0.3485,24.933333333333334,13.175,openaq_ground
2026-03-26 12:00:00,0.349,22.133333333333336,12.125,openaq_ground
2026-03-26 13:00:00,,20.833333333333332,11.7,openaq_ground
2026-03-26 14:00:00,1.96,28.166666666666668,13.975000000000001,openaq_ground
2026-03-26 15:00:00,2.2515,20.733333333333334,11.825,openaq_ground
2026-03-26 16:00:00,6.905,14.533333333333333,9.565,openaq_ground
2026-03-26 17:00:00,9.344999999999999,18.566666666666666,10.175,openaq_ground
2026-03-26 18:00:00,9.665,18.266666666666666,9.9275,openaq_ground
2026-03-26 19:00:00,8.094999999999999,23.633333333333336,12.6,openaq_ground
2026-03-26 20:00:00,9.489999999999998,23.566666666666666,12.75,openaq_ground
2026-03-26 21:00:00,23.1,28.700000000000003,14.0,openaq_ground
2026-03-26 22:00:00,11.435,26.133333333333336,12.95,openaq_ground
2026-03-26 23:00:00,6.515,26.7,12.55,openaq_ground
2026-03-27 00:00:00,11.335,24.599999999999998,11.4925,openaq_ground
2026-03-27 01:00:00,11.965,27.666666666666668,12.1,openaq_ground
2026-03-27 02:00:00,14.41,25.73333333333333,11.95,openaq_ground
2026-03-27 03:00:00,15.08,30.333333333333332,12.825,openaq_ground
2026-03-27 04:00:00,15.405000000000001,30.066666666666663,13.024999999999999,openaq_ground
2026-03-27 05:00:00,18.975,37.03333333333333,14.525,openaq_ground
2026-03-27 06:00:00,12.49,35.800000000000004,14.475,openaq_ground
2026-03-27 07:00:00,12.045000000000002,44.5,15.975,openaq_ground
2026-03-27 08:00:00,,,7.1,openaq_ground
2026-03-27 09:00:00,,,6.4,openaq_ground
2026-03-27 10:00:00,,,5.7,openaq_ground
2026-03-27 11:00:00,1.525,3.1366666666666667,1.2965,openaq_ground
2026-03-27 12:00:00,1.81,2.86,0.78225,openaq_ground
2026-03-27 13:00:00,2.1,1.843333333333333,0.35650000000000004,openaq_ground
2026-03-27 14:00:00,3.7300000000000004,1.7699999999999998,0.373,openaq_ground
2026-03-27 15:00:00,7.404999999999999,1.79,0.3375,openaq_ground
2026-03-27 16:00:00,16.075,7.68,0.9277500000000001,openaq_ground
2026-03-27 17:00:00,22.299999999999997,24.426666666666666,3.0147500000000003,openaq_ground
2026-03-27 18:00:00,24.799999999999997,7.696666666666666,1.4425,openaq_ground
2026-03-27 19:00:00,27.85,31.69666666666667,8.215,openaq_ground
2026-03-27 20:00:00,9.735,5.960000000000001,1.77,openaq_ground
2026-03-27 21:00:00,10.1,10.95,3.473333333333333,openaq_ground
2026-03-27 22:00:00,9.924999999999999,19.28666666666667,6.702500000000001,openaq_ground
2026-03-27 23:00:00,12.05,15.713333333333333,5.16,openaq_ground
2026-03-28 00:00:00,8.76,24.22,7.41,openaq_ground
2026-03-28 01:00:00,9.02,15.663333333333334,4.835000000000001,openaq_ground
2026-03-28 02:00:00,9.215,23.533333333333335,6.36,openaq_ground
2026-03-28 03:00:00,7.98,11.479999999999999,4.4275,openaq_ground
2026-03-28 04:00:00,8.745000000000001,17.400000000000002,5.762499999999999,openaq_ground
2026-03-28 05:00:00,20.33,18.033333333333335,6.025,openaq_ground
2026-03-28 06:00:00,10.445,16.066666666666666,5.7075,openaq_ground
2026-03-28 07:00:00,13.190000000000001,13.233333333333334,5.1875,openaq_ground
2026-03-28 08:00:00,,,2.4,openaq_ground
2026-03-28 09:00:00,,,2.3,openaq_ground
2026-03-28 10:00:00,,,2.9,openaq_ground
2026-03-28 11:00:00,3.29,11.803333333333333,4.5375,openaq_ground
2026-03-28 12:00:00,2.4699999999999998,14.166666666666666,4.9475,openaq_ground
2026-03-28 13:00:00,2.7,12.733333333333334,4.5275,openaq_ground
2026-03-28 14:00:00,0.7375,12.606666666666667,4.625,openaq_ground
2026-03-28 15:00:00,0.44799999999999995,12.613333333333332,4.3825,openaq_ground
2026-03-28 16:00:00,1.7705,9.743333333333332,4.21,openaq_ground
2026-03-28 17:00:00,6.455,5.82,2.4325,openaq_ground
2026-03-28 18:00:00,5.734999999999999,4.113333333333333,2.2125,openaq_ground
2026-03-28 19:00:00,11.5,3.8333333333333335,2.015,openaq_ground
2026-03-28 20:00:00,10.34,7.926666666666667,3.5125,openaq_ground
2026-03-28 21:00:00,24.7,4.35,2.223333333333333,openaq_ground
2026-03-28 22:00:00,11.98,3.436666666666667,1.85,openaq_ground
2026-03-29 00:00:00,15.35,7.413333333333333,2.71,openaq_ground
2026-03-29 01:00:00,18.57,7.09,2.7474999999999996,openaq_ground
2026-03-29 02:00:00,13.225,8.26,2.89,openaq_ground
2026-03-29 03:00:00,21.005,11.276666666666666,4.7325,openaq_ground
2026-03-29 04:00:00,14.565000000000001,10.54,3.4425000000000003,openaq_ground
2026-03-29 05:00:00,15.8,14.363333333333335,4.8175,openaq_ground
2026-03-29 06:00:00,12.325,12.12,5.5375,openaq_ground
2026-03-29 07:00:00,15.45,17.8,10.7375,openaq_ground
2026-03-29 08:00:00,14.285,18.900000000000002,11.6125,openaq_ground
2026-03-29 09:00:00,,,9.1,openaq_ground
2026-03-29 10:00:00,,,10.0,openaq_ground
2026-03-29 11:00:00,8.16,10.79,7.88,openaq_ground
2026-03-29 12:00:00,8.83,10.456666666666667,7.84,openaq_ground
2026-03-29 13:00:00,7.85,10.643333333333333,7.66,openaq_ground
2026-03-29 14:00:00,9.03,10.843333333333334,5.7675,openaq_ground
2026-03-29 15:00:00,10.005,9.86,5.0649999999999995,openaq_ground
2026-03-29 16:00:00,13.3,14.57,7.2225,openaq_ground
2026-03-29 17:00:00,21.549999999999997,11.966666666666667,4.6875,openaq_ground
2026-03-29 18:00:00,13.899999999999999,13.566666666666668,5.5625,openaq_ground
2026-03-29 19:00:00,12.229999999999999,8.69,5.3,openaq_ground
2026-03-29 20:00:00,12.639999999999999,6.036666666666666,5.4425,openaq_ground
2026-03-29 21:00:00,18.0,19.130000000000003,4.843333333333334,openaq_ground
2026-03-29 22:00:00,14.425,6.840000000000001,2.5975,openaq_ground
2026-03-29 23:00:00,9.385,5.133333333333334,1.69775,openaq_ground
2026-03-30 00:00:00,11.04,14.903333333333334,2.585,openaq_ground
2026-03-30 01:00:00,13.495000000000001,7.396666666666667,2.58,openaq_ground
2026-03-30 02:00:00,20.935,10.89,3.6975000000000002,openaq_ground
2026-03-30 03:00:00,18.225,8.503333333333332,3.1925,openaq_ground
2026-03-30 04:00:00,13.07,6.9799999999999995,2.8875,openaq_ground
2026-03-30 05:00:00,15.11,8.446666666666667,3.165,openaq_ground
2026-03-30 06:00:00,11.385,9.046666666666667,3.3325,openaq_ground
2026-03-30 07:00:00,2.96,8.3,2.52,openaq_ground
2026-03-30 08:00:00,13.3,8.149999999999999,2.953333333333333,openaq_ground
2026-03-30 09:00:00,,,0.9,openaq_ground
2026-03-30 10:00:00,,,1.2,openaq_ground
2026-03-30 11:00:00,8.49,6.32,2.7325,openaq_ground
2026-03-30 12:00:00,4.005,8.096666666666666,3.9725,openaq_ground
2026-03-30 13:00:00,6.1,6.886666666666667,4.0225,openaq_ground
2026-03-30 14:00:00,6.635,8.446666666666667,4.3525,openaq_ground
2026-03-30 15:00:00,8.49,10.356666666666667,3.6475,openaq_ground
2026-03-30 16:00:00,7.86,18.866666666666667,5.904999999999999,openaq_ground
2026-03-30 17:00:00,11.05,15.033333333333333,6.0,openaq_ground
2026-03-30 18:00:00,16.759999999999998,20.166666666666668,7.925000000000001,openaq_ground
2026-03-30 19:00:00,10.805,21.900000000000002,8.5025,openaq_ground
2026-03-30 20:00:00,10.385,19.833333333333332,8.067499999999999,openaq_ground
2026-03-30 21:00:00,12.3,17.4,6.756666666666667,openaq_ground
2026-03-30 22:00:00,8.085,17.033333333333335,6.4725,openaq_ground
2026-03-30 23:00:00,8.34,15.566666666666668,5.4175,openaq_ground
2026-03-31 00:00:00,8.385,14.733333333333334,5.0675,openaq_ground
2026-03-31 01:00:00,6.04,13.766666666666666,5.1575,openaq_ground
2026-03-31 02:00:00,7.83,17.033333333333335,5.1625,openaq_ground
2026-03-31 03:00:00,10.260000000000002,13.88,4.7125,openaq_ground
2026-03-31 04:00:00,16.7,13.233333333333333,5.047499999999999,openaq_ground
2026-03-31 05:00:00,10.975,15.6,6.0825,openaq_ground
2026-03-31 06:00:00,13.365,15.353333333333333,7.15,openaq_ground
2026-03-31 07:00:00,16.15,25.8,14.5875,openaq_ground
2026-03-31 08:00:00,,,10.2,openaq_ground
2026-03-31 09:00:00,,,2.5,openaq_ground
2026-03-31 10:00:00,,,0.9,openaq_ground
2026-03-31 11:00:00,9.37,18.099999999999998,5.4575,openaq_ground
2026-03-31 12:00:00,9.425,27.466666666666665,6.2775,openaq_ground
2026-03-31 13:00:00,12.1,17.066666666666666,7.4275,openaq_ground
2026-03-31 14:00:00,10.8,14.5,5.435,openaq_ground
2026-03-31 15:00:00,13.2,17.033333333333335,6.845000000000001,openaq_ground
2026-03-31 16:00:00,32.5,24.866666666666664,12.455,openaq_ground
2026-03-31 17:00:00,39.4,28.0,6.419999999999999,openaq_ground
2026-03-31 18:00:00,33.3,27.900000000000002,9.3825,openaq_ground
2026-03-31 19:00:00,37.55,19.936666666666664,7.734999999999999,openaq_ground
2026-03-31 20:00:00,32.9,9.77,4.98,openaq_ground
2026-03-31 21:00:00,41.5,10.780000000000001,3.8333333333333335,openaq_ground
2026-03-31 22:00:00,20.54,8.72,3.4025,openaq_ground
2026-03-31 23:00:00,20.919999999999998,10.090000000000002,3.4499999999999997,openaq_ground
2026-04-01 00:00:00,19.915,9.236666666666666,3.0325,openaq_ground
2026-04-01 01:00:00,19.055,9.313333333333333,3.1175,openaq_ground
2026-04-01 02:00:00,24.645,10.543333333333333,3.29,openaq_ground
2026-04-01 03:00:00,19.42,6.546666666666667,2.6875,openaq_ground
2026-04-01 04:00:00,16.65,5.546666666666667,2.3525,openaq_ground
2026-04-01 05:00:00,21.05,8.63,2.805,openaq_ground
2026-04-01 06:00:00,25.200000000000003,12.033333333333333,4.2925,openaq_ground
2026-04-01 07:00:00,21.35,10.413333333333334,4.077500000000001,openaq_ground
2026-04-01 08:00:00,21.6,9.903333333333334,4.5475,openaq_ground
2026-04-01 09:00:00,,,1.5,openaq_ground
2026-04-01 10:00:00,,,1.4,openaq_ground
2026-04-01 11:00:00,5.1850000000000005,10.653333333333334,3.8425000000000002,openaq_ground
2026-04-01 12:00:00,6.915,13.033333333333333,4.615,openaq_ground
2026-04-01 13:00:00,8.93,10.62,3.95,openaq_ground
2026-04-01 14:00:00,8.4,12.5,4.7,openaq_ground
2026-04-01 15:00:00,15.3,14.333333333333334,6.3774999999999995,openaq_ground
2026-04-01 16:00:00,22.799999999999997,12.643333333333333,6.115,openaq_ground
2026-04-01 17:00:00,23.85,14.706666666666669,6.9,openaq_ground
2026-04-01 18:00:00,22.4,20.456666666666667,8.26,openaq_ground
2026-04-01 19:00:00,23.85,16.400000000000002,6.3425,openaq_ground
2026-04-01 20:00:00,22.2,15.566666666666668,4.9825,openaq_ground
2026-04-01 21:00:00,34.2,13.4,3.19,openaq_ground
2026-04-01 22:00:00,5.75,7.47,3.33,openaq_ground
2026-04-01 23:00:00,18.919999999999998,14.113333333333335,3.675,openaq_ground
2026-04-02 00:00:00,20.735,18.060000000000002,4.13,openaq_ground
2026-04-02 01:00:00,20.01,12.333333333333334,3.3775,openaq_ground
2026-04-02 02:00:00,22.985,12.43,3.8025,openaq_ground
2026-04-02 03:00:00,15.35,12.01,3.6725000000000003,openaq_ground
2026-04-02 04:00:00,19.61,13.466666666666667,4.1525,openaq_ground
2026-04-02 05:00:00,16.465,18.533333333333335,5.567500000000001,openaq_ground
2026-04-02 06:00:00,12.445,14.866666666666667,5.37,openaq_ground
2026-04-02 07:00:00,10.620000000000001,15.300000000000002,5.7175,openaq_ground
2026-04-02 08:00:00,9.225,15.6,5.73,openaq_ground
2026-04-02 09:00:00,,,2.4,openaq_ground
2026-04-02 10:00:00,,,2.5,openaq_ground
2026-04-02 11:00:00,1.835,13.533333333333331,5.6775,openaq_ground
2026-04-02 12:00:00,2.27,14.733333333333334,6.265000000000001,openaq_ground
2026-04-02 13:00:00,2.78,12.833333333333334,5.5249999999999995,openaq_ground
2026-04-02 14:00:00,3.33,10.773333333333333,5.3125,openaq_ground
2026-04-02 15:00:00,1.98,12.520000000000001,5.7425,openaq_ground
2026-04-02 16:00:00,3.37,10.576666666666666,5.3025,openaq_ground
2026-04-02 17:00:00,9.895,9.896666666666667,5.43,openaq_ground
2026-04-02 18:00:00,8.635,13.233333333333334,6.2875,openaq_ground
2026-04-02 19:00:00,11.075,16.76666666666667,6.815,openaq_ground
2026-04-02 20:00:00,12.36,15.633333333333335,5.985,openaq_ground
2026-04-02 21:00:00,25.0,13.85,4.163333333333333,openaq_ground
2026-04-02 22:00:00,15.435,12.020000000000001,4.0125,openaq_ground
2026-04-02 23:00:00,14.145,14.6,4.465,openaq_ground
2026-04-03 00:00:00,14.17,17.566666666666666,5.2175,openaq_ground
2026-04-03 01:00:00,14.255,14.06,3.875,openaq_ground
2026-04-03 02:00:00,15.170000000000002,17.966666666666665,3.7649999999999997,openaq_ground
2026-04-03 03:00:00,2.5,8.09,1.47625,openaq_ground
2026-04-03 04:00:00,7.345000000000001,5.286666666666666,1.2774999999999999,openaq_ground
2026-04-03 05:00:00,6.845000000000001,6.633333333333333,1.3399999999999999,openaq_ground
2026-04-03 06:00:00,18.1,8.37,2.205,openaq_ground
2026-04-03 07:00:00,26.85,6.053333333333335,1.79925,openaq_ground
2026-04-03 08:00:00,27.35,20.30666666666667,4.8,openaq_ground
2026-04-03 09:00:00,,,0.0,openaq_ground
2026-04-03 10:00:00,,,0.1,openaq_ground
2026-04-03 11:00:00,8.945,11.693333333333333,2.70575,openaq_ground
2026-04-03 12:00:00,6.605,5.003333333333333,1.438,openaq_ground
2026-04-03 13:00:00,0.0156,4.7,1.045,openaq_ground
2026-04-03 14:00:00,3.575,5.576666666666667,1.31075,openaq_ground
2026-04-03 15:00:00,2.665,7.186666666666667,1.7000000000000002,openaq_ground
2026-04-03 16:00:00,11.68,7.413333333333334,1.46275,openaq_ground
2026-04-03 17:00:00,20.165,10.053333333333333,2.0065,openaq_ground
2026-04-03 18:00:00,21.02,14.06,2.8575,openaq_ground
2026-04-03 19:00:00,26.950000000000003,11.936666666666667,2.515,openaq_ground
2026-04-03 20:00:00,10.77,15.533333333333333,5.145,openaq_ground
2026-04-03 21:00:00,10.5,16.9,5.6000000000000005,openaq_ground
2026-04-03 22:00:00,8.995000000000001,16.866666666666667,7.1850000000000005,openaq_ground
2026-04-03 23:00:00,8.75,16.02333333333333,6.17,openaq_ground
2026-04-04 00:00:00,8.45,14.033333333333333,5.4375,openaq_ground
2026-04-04 01:00:00,7.88,12.916666666666666,5.0,openaq_ground
2026-04-04 02:00:00,9.195,11.606666666666667,4.75,openaq_ground
2026-04-04 03:00:00,8.285,11.853333333333333,5.335,openaq_ground
2026-04-04 04:00:00,9.74,12.433333333333332,4.9875,openaq_ground
2026-04-04 05:00:00,8.025,13.366666666666667,5.8725,openaq_ground
2026-04-04 06:00:00,8.99,13.933333333333332,6.0575,openaq_ground
2026-04-04 07:00:00,6.3,12.463333333333333,4.8125,openaq_ground
2026-04-04 08:00:00,,12.9,4.75,openaq_ground
2026-04-04 09:00:00,,,2.2,openaq_ground
2026-04-04 10:00:00,,,5.0,openaq_ground
2026-04-04 11:00:00,4.205,7.47,4.025,openaq_ground
2026-04-04 13:00:00,,,2.0,openaq_ground
2026-04-04 14:00:00,4.4,4.38,2.14,openaq_ground
2026-04-04 15:00:00,3.375,3.75,2.035,openaq_ground
2026-04-04 16:00:00,3.87,4.57,2.1225,openaq_ground
2026-04-04 17:00:00,3.375,6.053333333333334,2.615,openaq_ground
2026-04-04 18:00:00,4.945,4.923333333333333,2.25,openaq_ground
2026-04-04 19:00:00,10.405000000000001,7.113333333333333,3.7249999999999996,openaq_ground
2026-04-04 20:00:00,11.555,10.44,5.54,openaq_ground
2026-04-04 21:00:00,12.684999999999999,8.056666666666667,3.265,openaq_ground
2026-04-04 22:00:00,17.12,7.88,3.375,openaq_ground
2026-04-04 23:00:00,26.2,7.25,2.526666666666667,openaq_ground
2026-04-05 00:00:00,31.8,8.996666666666668,3.0225,openaq_ground
2026-04-05 01:00:00,17.72,9.64,3.8475,openaq_ground
2026-04-05 02:00:00,11.295000000000002,11.276666666666666,4.285,openaq_ground
2026-04-05 03:00:00,15.620000000000001,10.61,4.4375,openaq_ground
2026-04-05 04:00:00,16.115000000000002,11.4,4.967499999999999,openaq_ground
2026-04-05 05:00:00,17.66,15.166666666666666,6.0275,openaq_ground
2026-04-05 06:00:00,18.884999999999998,15.799999999999999,6.977499999999999,openaq_ground
2026-04-05 07:00:00,13.345,15.666666666666666,6.2075,openaq_ground
2026-04-05 08:00:00,11.059999999999999,13.1,5.705,openaq_ground
2026-04-05 09:00:00,4.07,14.1,5.6375,openaq_ground
2026-04-05 10:00:00,5.3549999999999995,12.733333333333334,4.8075,openaq_ground
2026-04-05 11:00:00,,,1.2,openaq_ground
2026-04-05 12:00:00,3.72,9.35,3.365,openaq_ground
2026-04-05 13:00:00,3.875,8.256666666666666,3.2525,openaq_ground
2026-04-05 14:00:00,5.55,7.166666666666667,3.2375,openaq_ground
2026-04-05 15:00:00,5.965,4.4366666666666665,2.3225,openaq_ground
2026-04-05 16:00:00,4.65,4.523333333333333,1.9625,openaq_ground
2026-04-05 17:00:00,8.42,5.073333333333333,2.6125,openaq_ground
2026-04-05 18:00:00,11.95,7.036666666666666,5.529999999999999,openaq_ground
2026-04-05 19:00:00,,,3.0,openaq_ground
2026-04-05 20:00:00,13.25,7.34,3.35,openaq_ground
2026-04-05 21:00:00,15.43,5.533333333333332,2.6425,openaq_ground
2026-04-05 22:00:00,12.614999999999998,4.6499999999999995,1.815,openaq_ground
2026-04-05 23:00:00,32.5,3.1950000000000003,1.1366666666666667,openaq_ground
2026-04-06 00:00:00,14.565,3.8633333333333333,1.5275,openaq_ground
2026-04-06 01:00:00,15.46,4.566666666666666,1.58,openaq_ground
2026-04-06 02:00:00,13.844999999999999,5.093333333333334,2.295,openaq_ground
2026-04-06 03:00:00,13.275,5.33,2.5949999999999998,openaq_ground
2026-04-06 04:00:00,11.36,8.213333333333333,3.995,openaq_ground
2026-04-06 05:00:00,9.265,6.946666666666666,4.0625,openaq_ground
2026-04-06 06:00:00,14.68,8.47,5.1375,openaq_ground
2026-04-06 07:00:00,13.825000000000001,10.226666666666667,5.6075,openaq_ground
2026-04-06 08:00:00,3.91,9.416666666666666,4.6775,openaq_ground
2026-04-06 09:00:00,2.93,8.71,3.6525,openaq_ground
2026-04-06 10:00:00,1.9,8.393333333333333,3.635,openaq_ground
2026-04-06 11:00:00,,,1.6,openaq_ground
2026-04-06 12:00:00,1.4,12.95,4.86,openaq_ground
2026-04-06 13:00:00,2.0949999999999998,14.333333333333334,5.84,openaq_ground
2026-04-06 14:00:00,0.0801,15.299999999999999,6.3525,openaq_ground
2026-04-06 15:00:00,0.319,13.9,6.1625,openaq_ground
2026-04-06 16:00:00,0.42000000000000004,17.0,6.99,openaq_ground
2026-04-06 17:00:00,1.5115,17.366666666666664,7.485,openaq_ground
2026-04-06 18:00:00,10.91,18.5,8.3275,openaq_ground
2026-04-06 19:00:00,15.709999999999999,22.566666666666666,9.525,openaq_ground
2026-04-06 20:00:00,13.555,23.066666666666666,10.225,openaq_ground
2026-04-06 21:00:00,11.035,22.900000000000002,10.5,openaq_ground
2026-04-06 22:00:00,9.114999999999998,22.2,9.875,openaq_ground
2026-04-06 23:00:00,26.7,27.6,8.85,openaq_ground
2026-04-07 00:00:00,16.115000000000002,17.933333333333334,8.4475,openaq_ground
2026-04-07 01:00:00,14.6,20.666666666666668,8.7275,openaq_ground
2026-04-07 02:00:00,17.32,22.733333333333334,9.45,openaq_ground
2026-04-07 03:00:00,17.330000000000002,24.066666666666666,10.625,openaq_ground
2026-04-07 04:00:00,17.09,23.933333333333334,10.825,openaq_ground
2026-04-07 05:00:00,12.15,23.03333333333333,10.6,openaq_ground
2026-04-07 06:00:00,10.82,22.833333333333332,11.225,openaq_ground
2026-04-07 07:00:00,7.76,22.566666666666666,11.15,openaq_ground
2026-04-07 08:00:00,5.9895,23.099999999999998,10.925,openaq_ground
2026-04-07 09:00:00,9.108,25.233333333333334,11.6,openaq_ground
2026-04-07 10:00:00,7.23,26.166666666666668,11.475,openaq_ground
2026-04-07 11:00:00,,,6.2,openaq_ground
2026-04-07 12:00:00,0.895,25.15,10.4,openaq_ground
2026-04-07 13:00:00,1.2149999999999999,26.099999999999998,11.424999999999999,openaq_ground
2026-04-07 14:00:00,2.48,24.866666666666664,11.05,openaq_ground
2026-04-07 15:00:00,2.795,18.733333333333334,8.6575,openaq_ground
2026-04-07 16:00:00,1.48,17.966666666666665,8.225,openaq_ground
2026-04-07 17:00:00,4.03,19.7,8.8425,openaq_ground
2026-04-07 18:00:00,8.975,18.96666666666667,8.675,openaq_ground
2026-04-07 19:00:00,23.405,18.366666666666667,8.315,openaq_ground
2026-04-07 20:00:00,16.865000000000002,21.8,8.8625,openaq_ground
2026-04-07 21:00:00,15.26,22.7,8.8675,openaq_ground
2026-04-07 22:00:00,16.12,23.5,9.399999999999999,openaq_ground
2026-04-07 23:00:00,24.5,22.85,7.243333333333333,openaq_ground
2026-04-08 00:00:00,19.990000000000002,14.883333333333333,5.6025,openaq_ground
2026-04-08 01:00:00,17.7,15.29,5.17,openaq_ground
2026-04-08 02:00:00,18.43,7.946666666666666,2.1492500000000003,openaq_ground
2026-04-08 03:00:00,21.75,12.786666666666667,2.927,openaq_ground
2026-04-08 04:00:00,21.305,5.676666666666667,0.96625,openaq_ground
2026-04-08 05:00:00,27.35,14.696666666666667,3.6325000000000003,openaq_ground
2026-04-08 06:00:00,26.6,17.543333333333333,4.31,openaq_ground
2026-04-08 07:00:00,15.775,13.07,4.0125,openaq_ground
2026-04-08 08:00:00,27.25,6.580000000000001,2.88,openaq_ground
2026-04-08 09:00:00,16.57,5.6433333333333335,1.885,openaq_ground
2026-04-08 10:00:00,13.24,3.856666666666667,1.485,openaq_ground
2026-04-08 11:00:00,,,0.3,openaq_ground
2026-04-08 12:00:00,14.5,10.004999999999999,1.7356666666666667,openaq_ground
2026-04-08 13:00:00,6.87,3.6633333333333336,1.2925,openaq_ground
2026-04-08 14:00:00,11.6,6.066666666666666,1.2775,openaq_ground
2026-04-08 15:00:00,12.05,4.216666666666667,1.21,openaq_ground
2026-04-08 16:00:00,12.1,5.1866666666666665,2.0949999999999998,openaq_ground
2026-04-08 17:00:00,17.4,7.033333333333334,2.145,openaq_ground
2026-04-08 18:00:00,19.05,18.74,3.9799999999999995,openaq_ground
2026-04-08 19:00:00,23.15,56.26666666666667,11.7625,openaq_ground
2026-04-08 20:00:00,25.25,18.89666666666667,3.94,openaq_ground
2026-04-08 21:00:00,22.2,5.346666666666667,1.56,openaq_ground
2026-04-08 22:00:00,13.735,6.096666666666667,1.0775,openaq_ground
2026-04-08 23:00:00,24.0,7.205,1.0133333333333334,openaq_ground
2026-04-09 00:00:00,10.805,6.890000000000001,1.065,openaq_ground
2026-04-09 01:00:00,10.31,4.62,0.73325,openaq_ground
2026-04-09 02:00:00,8.605,6.080000000000001,0.86525,openaq_ground
2026-04-09 03:00:00,12.83,17.313333333333333,3.27,openaq_ground
2026-04-09 04:00:00,16.28,14.183333333333335,3.0575,openaq_ground
2026-04-09 05:00:00,17.355,9.546666666666667,2.6325000000000003,openaq_ground
2026-04-09 06:00:00,28.51,19.849999999999998,13.6275,openaq_ground
2026-04-09 07:00:00,31.4,30.2,17.095,openaq_ground
2026-04-09 08:00:00,22.1,16.966666666666665,6.9275,openaq_ground
2026-04-09 09:00:00,25.25,21.169999999999998,5.093333333333334,openaq_ground
2026-04-09 10:00:00,,,4.0,openaq_ground
2026-04-09 11:00:00,,,0.9,openaq_ground
2026-04-09 12:00:00,10.7,7.22,1.6666666666666667,openaq_ground
2026-04-09 13:00:00,14.399999999999999,7.260000000000001,1.7825,openaq_ground
2026-04-09 14:00:00,11.4,7.283333333333334,2.13,openaq_ground
2026-04-09 15:00:00,13.07,8.336666666666668,3.465,openaq_ground
2026-04-09 16:00:00,12.44,8.84,3.59,openaq_ground
2026-04-09 17:00:00,18.25,7.84,3.675,openaq_ground
2026-04-09 18:00:00,25.049999999999997,8.946666666666665,3.915,openaq_ground
2026-04-09 19:00:00,28.8,22.66,5.535,openaq_ground
2026-04-09 20:00:00,33.1,26.180000000000003,6.28,openaq_ground
2026-04-09 21:00:00,26.3,15.729999999999999,6.3675,openaq_ground
2026-04-09 22:00:00,19.86,20.5,6.9825,openaq_ground
2026-04-09 23:00:00,45.0,10.365,3.4499999999999997,openaq_ground
2026-04-10 00:00:00,22.14,8.73,3.045,openaq_ground
2026-04-10 01:00:00,35.7,8.863333333333333,2.9225,openaq_ground
2026-04-10 02:00:00,20.585,8.133333333333333,2.63,openaq_ground
2026-04-10 03:00:00,10.385,9.596666666666666,2.8875,openaq_ground
2026-04-10 04:00:00,12.865,9.053333333333333,2.9675,openaq_ground
2026-04-10 05:00:00,14.765,10.183333333333334,3.41,openaq_ground
2026-04-10 06:00:00,19.205000000000002,9.713333333333333,3.5525,openaq_ground
2026-04-10 07:00:00,15.93,9.233333333333333,3.6475,openaq_ground
2026-04-10 08:00:00,10.32,11.733333333333334,4.485,openaq_ground
2026-04-10 09:00:00,6.9350000000000005,10.24,4.3125,openaq_ground
2026-04-10 10:00:00,,,1.4,openaq_ground
2026-04-10 11:00:00,,,1.1,openaq_ground
2026-04-10 12:00:00,,,1.3,openaq_ground
2026-04-10 13:00:00,0.8075,18.223333333333333,5.2875,openaq_ground
2026-04-10 14:00:00,,13.266666666666667,4.9425,openaq_ground
2026-04-10 15:00:00,0.895,13.766666666666666,5.255,openaq_ground
2026-04-10 16:00:00,0.7695,11.366666666666667,4.4425,openaq_ground
2026-04-10 17:00:00,0.5945,17.886666666666667,5.7225,openaq_ground
2026-04-10 18:00:00,6.335,11.853333333333333,4.545,openaq_ground
2026-04-10 19:00:00,5.26,10.82,4.4275,openaq_ground
2026-04-10 20:00:00,5.26,14.566666666666668,5.365,openaq_ground
2026-04-10 21:00:00,11.385,12.866666666666667,5.425,openaq_ground
2026-04-10 22:00:00,9.29,15.066666666666668,6.395,openaq_ground
2026-04-10 23:00:00,20.3,16.65,6.6499999999999995,openaq_ground
2026-04-11 00:00:00,12.235,16.5,6.987500000000001,openaq_ground
2026-04-11 01:00:00,10.004999999999999,17.866666666666667,7.67,openaq_ground
2026-04-11 02:00:00,14.635,19.3,8.1425,openaq_ground
2026-04-11 03:00:00,13.174999999999999,19.0,8.2325,openaq_ground
2026-04-11 04:00:00,18.68,20.766666666666666,8.6375,openaq_ground
2026-04-11 05:00:00,10.96,19.733333333333334,9.325,openaq_ground
2026-04-11 06:00:00,11.344999999999999,21.166666666666668,10.2,openaq_ground
2026-04-11 07:00:00,7.025,21.03333333333333,10.5,openaq_ground
2026-04-11 08:00:00,8.965,22.666666666666668,11.275,openaq_ground
2026-04-11 09:00:00,3.05,24.400000000000002,12.35,openaq_ground
2026-04-11 10:00:00,2.785,25.933333333333334,13.025,openaq_ground
2026-04-11 11:00:00,,,8.6,openaq_ground
2026-04-11 12:00:00,3.76,,7.7,openaq_ground
2026-04-11 13:00:00,1.665,25.5,11.7925,openaq_ground
2026-04-11 14:00:00,3.31,25.7,11.2625,openaq_ground
2026-04-11 15:00:00,1.52,22.099999999999998,9.3675,openaq_ground
2026-04-11 16:00:00,2.13,25.933333333333334,10.9,openaq_ground
2026-04-11 17:00:00,3.3600000000000003,21.333333333333332,8.455,openaq_ground
2026-04-11 18:00:00,8.629999999999999,22.666666666666668,8.120000000000001,openaq_ground
2026-04-11 19:00:00,8.755,23.599999999999998,8.5875,openaq_ground
2026-04-11 20:00:00,8.91,24.2,8.665,openaq_ground
2026-04-11 21:00:00,12.015,19.400000000000002,7.422499999999999,openaq_ground
2026-04-11 22:00:00,10.195,21.233333333333334,9.247499999999999,openaq_ground
2026-04-11 23:00:00,36.1,33.05,10.526666666666666,openaq_ground
2026-04-12 00:00:00,20.5,19.400000000000002,7.7125,openaq_ground
2026-04-12 01:00:00,17.425,10.68,4.7075,openaq_ground
2026-04-12 02:00:00,19.830000000000002,7.203333333333333,3.5600000000000005,openaq_ground
2026-04-12 03:00:00,14.775,7.609999999999999,4.225,openaq_ground
2026-04-12 04:00:00,17.105,10.483333333333334,4.4725,openaq_ground
2026-04-12 05:00:00,27.75,6.783333333333334,6.697500000000001,openaq_ground
2026-04-12 06:00:00,15.05,20.2,17.875,openaq_ground
2026-04-12 07:00:00,14.65,10.703333333333333,11.389999999999999,openaq_ground
2026-04-12 08:00:00,9.015,7.72,7.07,openaq_ground
2026-04-12 09:00:00,7.694999999999999,5.743333333333333,3.9875,openaq_ground
2026-04-12 10:00:00,,,2.8,openaq_ground
2026-04-12 11:00:00,,,4.4,openaq_ground
2026-04-12 12:00:00,,,9.8,openaq_ground
2026-04-12 13:00:00,3.7750000000000004,8.956666666666667,6.05,openaq_ground
2026-04-12 14:00:00,5.02,7.463333333333334,5.6475,openaq_ground
2026-04-12 15:00:00,4.19,8.573333333333332,6.7225,openaq_ground
2026-04-12 16:00:00,4.97,6.463333333333334,4.3275,openaq_ground
2026-04-12 17:00:00,9.41,11.283333333333333,5.985,openaq_ground
2026-04-12 18:00:00,21.65,13.033333333333333,7.02,openaq_ground
2026-04-12 19:00:00,23.4,12.733333333333334,6.5225,openaq_ground
2026-04-12 20:00:00,21.7,14.200000000000001,6.3725000000000005,openaq_ground
2026-04-12 21:00:00,26.099999999999998,15.600000000000001,6.78,openaq_ground
2026-04-12 22:00:00,22.0,18.8,7.4675,openaq_ground
2026-04-12 23:00:00,53.4,56.8,14.15,openaq_ground
2026-04-13 00:00:00,25.15,24.03333333333333,8.535,openaq_ground
2026-04-13 01:00:00,23.65,26.633333333333336,9.88,openaq_ground
2026-04-13 02:00:00,26.55,22.866666666666664,9.145,openaq_ground
2026-04-13 03:00:00,18.935,17.933333333333334,8.5625,openaq_ground
2026-04-13 04:00:00,25.26,19.333333333333332,7.5675,openaq_ground
2026-04-13 05:00:00,25.45,18.933333333333334,8.7375,openaq_ground
2026-04-13 06:00:00,33.650000000000006,31.366666666666664,13.195,openaq_ground
2026-04-13 07:00:00,31.95,28.5,20.175,openaq_ground
2026-04-13 08:00:00,29.4,26.8,15.475,openaq_ground
2026-04-13 09:00:00,16.8,20.063333333333333,13.835,openaq_ground
2026-04-13 10:00:00,18.35,14.533333333333333,9.620000000000001,openaq_ground
2026-04-13 11:00:00,,,3.1,openaq_ground
2026-04-13 12:00:00,13.0,2.95,0.99,openaq_ground
2026-04-13 13:00:00,5.245,1.1723333333333332,0.28325,openaq_ground
2026-04-13 14:00:00,7.09,2.781,0.5429999999999999,openaq_ground
2026-04-13 15:00:00,8.29,5.25,1.04575,openaq_ground
2026-04-13 16:00:00,9.36,5.66,4.5385,openaq_ground
2026-04-13 17:00:00,7.404999999999999,6.766666666666667,13.0075,openaq_ground
2026-04-13 18:00:00,35.95,17.226666666666663,7.3425,openaq_ground
2026-04-13 19:00:00,36.5,103.13333333333334,11.614999999999998,openaq_ground
2026-04-13 20:00:00,35.45,8.25,2.17,openaq_ground
2026-04-13 21:00:00,28.95,6.456666666666667,1.29,openaq_ground
2026-04-13 22:00:00,27.75,5.726666666666667,0.852,openaq_ground
2026-04-13 23:00:00,,4.29,0.535,openaq_ground
2026-04-14 00:00:00,16.085,4.516666666666667,0.92675,openaq_ground
2026-04-14 01:00:00,15.41,4.3133333333333335,0.84475,openaq_ground
2026-04-14 02:00:00,13.549999999999999,12.303333333333335,1.96,openaq_ground
2026-04-14 03:00:00,10.540000000000001,6.336666666666666,1.3074999999999999,openaq_ground
2026-04-14 04:00:00,22.55,7.0,1.9325,openaq_ground
2026-04-14 05:00:00,23.365000000000002,5.973333333333334,1.56,openaq_ground
2026-04-14 06:00:00,20.965,6.48,1.9725000000000001,openaq_ground
2026-04-14 07:00:00,22.520000000000003,6.613333333333333,3.2125000000000004,openaq_ground
2026-04-14 08:00:00,14.805,28.28333333333333,19.2775,openaq_ground
2026-04-14 09:00:00,13.260000000000002,22.98,4.8525,openaq_ground
2026-04-14 10:00:00,21.1,8.746666666666668,5.525,openaq_ground
2026-04-14 11:00:00,,,0.4,openaq_ground
2026-04-14 12:00:00,,,0.6,openaq_ground
2026-04-14 13:00:00,14.9,2.67,1.085,openaq_ground
2026-04-14 14:00:00,13.5,3.5700000000000003,0.9675,openaq_ground
2026-04-14 15:00:00,14.204999999999998,3.9033333333333338,0.9225000000000001,openaq_ground
2026-04-14 16:00:00,7.755000000000001,6.02,2.0250000000000004,openaq_ground
2026-04-14 17:00:00,13.05,4.986666666666667,1.3825,openaq_ground
2026-04-14 18:00:00,34.85,7.273333333333333,1.315,openaq_ground
2026-04-14 19:00:00,33.099999999999994,7.526666666666666,1.7475,openaq_ground
2026-04-14 20:00:00,28.650000000000002,13.579999999999998,2.48,openaq_ground
2026-04-14 21:00:00,23.35,9.450000000000001,2.4125,openaq_ground
2026-04-14 22:00:00,14.11,7.563333333333333,2.5675,openaq_ground
2026-04-14 23:00:00,21.1,7.655,1.906666666666667,openaq_ground
2026-04-15 00:00:00,17.97,9.913333333333334,1.95,openaq_ground
2026-04-15 01:00:00,18.01,11.213333333333333,2.42,openaq_ground
2026-04-15 02:00:00,26.445,12.023333333333333,2.6500000000000004,openaq_ground
2026-04-15 03:00:00,24.605,5.526666666666666,1.565,openaq_ground
2026-04-15 04:00:00,17.555,7.516666666666667,1.9975,openaq_ground
2026-04-15 05:00:00,25.25,11.633333333333333,2.8125,openaq_ground
2026-04-15 06:00:00,22.37,12.5,4.17,openaq_ground
2026-04-15 07:00:00,30.3,14.333333333333334,5.4775,openaq_ground
2026-04-15 08:00:00,26.0,20.7,9.3125,openaq_ground
2026-04-15 09:00:00,22.2,15.089999999999998,6.1375,openaq_ground
2026-04-15 10:00:00,12.600000000000001,13.313333333333333,4.1005,openaq_ground
2026-04-15 11:00:00,,,3.4,openaq_ground
2026-04-15 12:00:00,7.06,2.32,1.0905,openaq_ground
2026-04-15 13:00:00,6.74,3.186666666666667,1.12825,openaq_ground
2026-04-15 14:00:00,12.5,4.623333333333334,0.90725,openaq_ground
2026-04-15 15:00:00,6.300000000000001,3.19,0.9135,openaq_ground
2026-04-15 16:00:00,19.96,3.853333333333333,1.24475,openaq_ground
2026-04-15 17:00:00,16.245,3.8599999999999994,0.8200000000000001,openaq_ground
2026-04-15 18:00:00,34.75,4.283333333333333,1.3,openaq_ground
2026-04-15 19:00:00,45.05,6.626666666666666,1.6775,openaq_ground
2026-04-15 20:00:00,40.8,10.433333333333334,1.8475,openaq_ground
2026-04-15 21:00:00,17.7,11.573333333333332,1.9625,openaq_ground
2026-04-15 22:00:00,10.775,12.763333333333334,2.1975000000000002,openaq_ground
2026-04-15 23:00:00,25.0,6.3,1.27,openaq_ground
2026-04-16 00:00:00,14.025,10.353333333333333,1.89,openaq_ground
2026-04-16 01:00:00,11.555,11.01,1.71,openaq_ground
2026-04-16 02:00:00,16.325,8.24,1.28,openaq_ground
2026-04-16 03:00:00,13.165000000000001,15.533333333333333,2.015,openaq_ground
2026-04-16 04:00:00,,,0.5,openaq_ground
2026-04-16 05:00:00,22.47,8.656666666666668,2.14,openaq_ground
2026-04-16 06:00:00,26.25,10.31,4.446666666666666,openaq_ground
2026-04-16 07:00:00,30.05,14.933333333333332,5.913333333333333,openaq_ground
2026-04-16 08:00:00,24.1,24.133333333333336,13.425,openaq_ground
2026-04-16 09:00:00,33.05,19.366666666666667,11.432500000000001,openaq_ground
2026-04-16 10:00:00,29.0,27.03333333333333,12.97,openaq_ground
2026-04-16 11:00:00,,,17.8,openaq_ground
2026-04-16 12:00:00,,,16.9,openaq_ground
2026-04-16 13:00:00,20.85,24.46666666666667,14.6,openaq_ground
2026-04-16 14:00:00,19.6,25.2,13.4,openaq_ground
2026-04-16 15:00:00,18.9,20.900000000000002,10.0825,openaq_ground
2026-04-16 16:00:00,13.899999999999999,21.333333333333332,8.344999999999999,openaq_ground
2026-04-16 17:00:00,11.350000000000001,16.833333333333332,6.375,openaq_ground
2026-04-16 18:00:00,22.049999999999997,16.333333333333332,6.2275,openaq_ground
2026-04-16 19:00:00,35.6,19.900000000000002,7.095,openaq_ground
2026-04-16 20:00:00,29.299999999999997,16.48,4.245,openaq_ground
2026-04-16 21:00:00,19.055,10.450000000000001,2.1574999999999998,openaq_ground
2026-04-16 22:00:00,24.465000000000003,9.54,1.5475,openaq_ground
2026-04-16 23:00:00,34.5,7.515,1.2103333333333335,openaq_ground
2026-04-17 00:00:00,23.85,11.586666666666666,1.25575,openaq_ground
2026-04-17 01:00:00,27.29,7.253333333333334,1.1075,openaq_ground
2026-04-17 02:00:00,20.11,14.333333333333334,1.4900000000000002,openaq_ground
2026-04-17 03:00:00,17.285,21.616666666666664,2.33,openaq_ground
2026-04-17 04:00:00,17.715,9.106666666666667,1.615,openaq_ground
2026-04-17 05:00:00,16.04,10.293333333333335,3.365,openaq_ground
2026-04-17 06:00:00,18.48,12.033333333333333,4.0375,openaq_ground
2026-04-17 07:00:00,,,1.7,openaq_ground
2026-04-17 08:00:00,21.35,12.996666666666668,4.32,openaq_ground
2026-04-17 09:00:00,20.950000000000003,12.79,5.25,openaq_ground
2026-04-17 10:00:00,22.9,12.62,6.78,openaq_ground
2026-04-17 11:00:00,,,1.1,openaq_ground
2026-04-17 12:00:00,3.63,,0.1,openaq_ground
2026-04-17 13:00:00,4.66,4.846666666666667,1.2815,openaq_ground
2026-04-17 14:00:00,14.3,6.793333333333333,1.29325,openaq_ground
2026-04-17 15:00:00,3.175,6.323333333333333,1.2630000000000001,openaq_ground
2026-04-17 16:00:00,1.7,4.636333333333333,1.101,openaq_ground
2026-04-17 17:00:00,4.21,1.6023333333333334,0.35125,openaq_ground
2026-04-17 18:00:00,17.445,26.483333333333334,3.4962500000000003,openaq_ground
2026-04-17 19:00:00,26.95,18.823333333333334,2.59275,openaq_ground
2026-04-17 20:00:00,24.0,39.059999999999995,4.8,openaq_ground
2026-04-17 21:00:00,18.65,11.456666666666665,1.875,openaq_ground
2026-04-17 22:00:00,28.07,10.566666666666666,2.1407499999999997,openaq_ground
2026-04-17 23:00:00,35.5,11.3,1.7,openaq_ground
2026-04-18 00:00:00,17.255,8.946666666666667,1.71,openaq_ground
2026-04-18 01:00:00,14.595,8.44,2.02,openaq_ground
2026-04-18 02:00:00,19.785,9.886666666666667,2.395,openaq_ground
2026-04-18 03:00:00,24.575,6.243333333333333,1.4825,openaq_ground
2026-04-18 04:00:00,15.065000000000001,7.216666666666666,1.995,openaq_ground
2026-04-18 05:00:00,16.564999999999998,8.39,2.6825,openaq_ground
2026-04-18 06:00:00,13.48,9.643333333333333,4.989999999999999,openaq_ground
2026-04-18 07:00:00,20.415,10.106666666666667,4.3875,openaq_ground
2026-04-18 08:00:00,23.18,10.696666666666667,6.4925,openaq_ground
2026-04-18 09:00:00,25.200000000000003,10.863333333333335,8.9375,openaq_ground
2026-04-18 10:00:00,30.7,,16.0,openaq_ground
2026-04-18 11:00:00,,,6.1,openaq_ground
2026-04-18 12:00:00,17.7,11.92,6.81,openaq_ground
2026-04-18 13:00:00,14.85,9.723333333333334,5.86,openaq_ground
2026-04-18 14:00:00,11.5,9.716666666666667,5.755,openaq_ground
2026-04-18 15:00:00,8.89,8.136666666666667,4.8975,openaq_ground
2026-04-18 16:00:00,8.04,9.063333333333334,5.25,openaq_ground
2026-04-18 17:00:00,10.195,9.110000000000001,4.1675,openaq_ground
2026-04-18 18:00:00,12.665,8.643333333333333,3.73,openaq_ground
2026-04-18 19:00:00,17.1,9.146666666666667,4.0600000000000005,openaq_ground
2026-04-18 20:00:00,18.05,11.833333333333334,6.015,openaq_ground
2026-04-18 21:00:00,10.12,10.93,6.005,openaq_ground
2026-04-18 22:00:00,7.305,10.166666666666666,5.6325,openaq_ground
2026-04-18 23:00:00,12.7,11.8,3.73,openaq_ground
2026-04-19 00:00:00,8.59,9.03,1.9475000000000002,openaq_ground
2026-04-19 01:00:00,4.87,7.3,2.09,openaq_ground
2026-04-19 02:00:00,5.115,8.243333333333332,2.5675,openaq_ground
2026-04-19 03:00:00,5.885000000000001,10.49,3.04,openaq_ground
2026-04-19 04:00:00,9.225,8.053333333333333,3.0125,openaq_ground
2026-04-19 05:00:00,9.785,8.29,3.9225000000000003,openaq_ground
2026-04-19 06:00:00,13.329999999999998,8.853333333333333,3.8825,openaq_ground
2026-04-19 07:00:00,7.789999999999999,8.053333333333333,3.79,openaq_ground
2026-04-19 08:00:00,5.9799999999999995,7.91,3.42,openaq_ground
2026-04-19 09:00:00,6.6899999999999995,8.296666666666667,3.865,openaq_ground
2026-04-19 10:00:00,,,2.7,openaq_ground
2026-04-19 11:00:00,,,0.4,openaq_ground
2026-04-19 12:00:00,3.58,,0.0,openaq_ground
2026-04-19 13:00:00,2.101,3.4933333333333336,1.54,openaq_ground
2026-04-19 14:00:00,4.6,5.516666666666667,2.015,openaq_ground
2026-04-19 15:00:00,2.5149999999999997,6.703333333333333,2.7025,openaq_ground
2026-04-19 16:00:00,3.37,7.156666666666666,2.8200000000000003,openaq_ground
2026-04-19 17:00:00,4.448,9.516666666666667,3.0275,openaq_ground
2026-04-19 18:00:00,10.2,7.486666666666667,2.9475,openaq_ground
2026-04-19 19:00:00,11.9,7.196666666666666,2.7424999999999997,openaq_ground
2026-04-19 20:00:00,12.2,12.020000000000001,5.085,openaq_ground
2026-04-19 21:00:00,20.6,9.055,3.6,openaq_ground
2026-04-19 22:00:00,10.0,12.959999999999999,5.079999999999999,openaq_ground
2026-04-19 23:00:00,8.75,6.5,1.3350000000000002,openaq_ground
2026-04-20 00:00:00,9.89,8.685,2.2933333333333334,openaq_ground
2026-04-20 01:00:00,11.1,8.315000000000001,2.526666666666667,openaq_ground
2026-04-20 02:00:00,10.7,6.655,1.9333333333333333,openaq_ground
2026-04-20 03:00:00,17.6,9.09,2.6,openaq_ground
2026-04-20 04:00:00,26.6,5.994999999999999,2.9599999999999995,openaq_ground
2026-04-20 05:00:00,22.2,7.84,2.9933333333333336,openaq_ground
2026-04-20 06:00:00,12.2,7.17,3.3800000000000003,openaq_ground
2026-04-20 07:00:00,12.3,9.559999999999999,4.466666666666666,openaq_ground
2026-04-20 08:00:00,39.0,8.625,6.673333333333335,openaq_ground
2026-04-20 09:00:00,22.7,6.09,4.723333333333334,openaq_ground
2026-04-20 10:00:00,,,2.9,openaq_ground
2026-04-20 11:00:00,,,2.0,openaq_ground
2026-04-20 12:00:00,,,0.8,openaq_ground
2026-04-20 13:00:00,10.9,6.345,2.1233333333333335,openaq_ground
2026-04-20 14:00:00,12.7,8.030000000000001,2.563333333333333,openaq_ground
2026-04-20 15:00:00,14.5,7.74,2.3033333333333332,openaq_ground
2026-04-20 16:00:00,12.6,6.105,1.8399999999999999,openaq_ground
2026-04-20 17:00:00,15.1,5.76,1.8366666666666667,openaq_ground
2026-04-20 18:00:00,31.9,4.165,1.6333333333333335,openaq_ground
2026-04-20 19:00:00,33.7,6.390000000000001,3.2600000000000002,openaq_ground
2026-04-20 20:00:00,24.7,13.395,3.75,openaq_ground
2026-04-20 21:00:00,24.1,6.735,4.076666666666667,openaq_ground
2026-04-20 22:00:00,19.2,5.619999999999999,3.6966666666666668,openaq_ground
2026-04-20 23:00:00,17.1,16.9,2.435,openaq_ground
2026-04-21 00:00:00,15.4,8.86,2.546666666666667,openaq_ground
2026-04-21 01:00:00,14.9,10.035,2.3966666666666665,openaq_ground
2026-04-21 02:00:00,14.3,7.01,2.676666666666667,openaq_ground
2026-04-21 03:00:00,8.25,9.030000000000001,3.016666666666667,openaq_ground
2026-04-21 04:00:00,10.355,6.64,2.723333333333333,openaq_ground
2026-04-21 05:00:00,29.400000000000002,4.78,4.07,openaq_ground
2026-04-21 06:00:00,18.049999999999997,7.095000000000001,4.53,openaq_ground
2026-04-21 07:00:00,11.55,8.1,4.976666666666667,openaq_ground
2026-04-21 08:00:00,12.05,6.27,5.333333333333333,openaq_ground
2026-04-21 09:00:00,13.25,9.615,8.203333333333333,openaq_ground
2026-04-21 10:00:00,13.95,15.5,12.246666666666668,openaq_ground
2026-04-21 11:00:00,,,2.2,openaq_ground
2026-04-21 12:00:00,11.5,,0.6,openaq_ground
2026-04-21 13:00:00,12.6,5.73,1.92,openaq_ground
2026-04-21 14:00:00,8.43,6.65,2.1133333333333333,openaq_ground
2026-04-21 15:00:00,10.15,4.965,1.5766666666666669,openaq_ground
2026-04-21 16:00:00,12.5,4.26,1.47,openaq_ground
2026-04-21 17:00:00,15.0,3.115,1.0566666666666666,openaq_ground
2026-04-21 18:00:00,22.5,4.845,2.67,openaq_ground
2026-04-21 19:00:00,26.2,6.3149999999999995,3.1533333333333338,openaq_ground
2026-04-21 20:00:00,24.4,5.445,2.223333333333333,openaq_ground
2026-04-21 21:00:00,16.8,17.31,3.966666666666667,openaq_ground
2026-04-21 22:00:00,14.58,6.33,2.5366666666666666,openaq_ground
2026-04-21 23:00:00,19.9,3.775,1.8800000000000001,openaq_ground
2026-04-22 00:00:00,12.260000000000002,4.46,2.0366666666666666,openaq_ground
2026-04-22 01:00:00,14.38,5.735,2.47,openaq_ground
2026-04-22 02:00:00,11.79,4.4350000000000005,2.1133333333333333,openaq_ground
2026-04-22 03:00:00,12.855,9.046666666666667,2.72,openaq_ground
2026-04-22 04:00:00,15.45,5.516666666666667,4.6125,openaq_ground
2026-04-22 05:00:00,23.9,9.206666666666665,6.92,openaq_ground
2026-04-22 06:00:00,21.450000000000003,7.3999999999999995,5.85,openaq_ground
2026-04-22 07:00:00,17.8,5.989999999999999,4.5575,openaq_ground
2026-04-22 08:00:00,17.25,7.456666666666667,4.27,openaq_ground
2026-04-22 09:00:00,15.600000000000001,7.1433333333333335,4.2524999999999995,openaq_ground
2026-04-22 10:00:00,16.41,6.296666666666667,3.87,openaq_ground
2026-04-22 11:00:00,,,6.9,openaq_ground
2026-04-22 12:00:00,,,1.3,openaq_ground
2026-04-22 13:00:00,10.295,4.79,2.225,openaq_ground
2026-04-22 14:00:00,18.3,3.8800000000000003,1.63,openaq_ground
2026-04-22 15:00:00,11.16,3.353333333333333,1.5275,openaq_ground
2026-04-22 16:00:00,12.265,4.36,1.6875,openaq_ground
2026-04-22 17:00:00,11.0,5.1433333333333335,3.4475000000000002,openaq_ground
2026-04-22 18:00:00,28.2,13.473333333333334,7.9475,openaq_ground
2026-04-22 19:00:00,29.3,11.089999999999998,11.3775,openaq_ground
2026-04-22 20:00:00,,,13.8,openaq_ground
2026-04-22 21:00:00,33.55,10.193333333333333,3.5149999999999997,openaq_ground
2026-04-22 22:00:00,32.15,6.593333333333334,1.8825,openaq_ground
2026-04-22 23:00:00,,,0.2,openaq_ground
2026-04-23 00:00:00,24.6,5.616666666666667,1.6025,openaq_ground
2026-04-23 01:00:00,17.75,12.093333333333334,2.8325,openaq_ground
2026-04-23 02:00:00,22.99,9.306666666666667,2.8200000000000003,openaq_ground
2026-04-23 03:00:00,28.450000000000003,10.033333333333333,2.9575,openaq_ground
2026-04-23 04:00:00,31.950000000000003,7.6933333333333325,2.5775,openaq_ground
2026-04-23 05:00:00,39.05,30.400000000000002,8.465,openaq_ground
2026-04-23 06:00:00,41.55,30.133333333333336,22.130000000000003,openaq_ground
2026-04-23 07:00:00,39.15,30.63333333333333,26.2225,openaq_ground
2026-04-23 08:00:00,41.0,43.080000000000005,34.6375,openaq_ground
2026-04-23 09:00:00,39.0,42.06666666666667,29.3525,openaq_ground
2026-04-23 10:00:00,32.55,29.400000000000002,23.71,openaq_ground
2026-04-23 11:00:00,,,23.8,openaq_ground
2026-04-23 12:00:00,,,33.8,openaq_ground
2026-04-23 13:00:00,19.0,31.53333333333333,30.3,openaq_ground
2026-04-23 14:00:00,19.8,31.633333333333336,28.9,openaq_ground
2026-04-23 15:00:00,16.85,22.166666666666668,19.225,openaq_ground
2026-04-23 16:00:00,13.3,18.433333333333334,16.1,openaq_ground
2026-04-23 17:00:00,22.05,18.333333333333332,15.350000000000001,openaq_ground
2026-04-23 18:00:00,25.15,18.3,13.325,openaq_ground
2026-04-23 19:00:00,24.45,19.233333333333334,15.29,openaq_ground
2026-04-23 20:00:00,31.799999999999997,17.166666666666668,12.84,openaq_ground
2026-04-23 21:00:00,35.75,20.37666666666667,10.2225,openaq_ground
2026-04-23 22:00:00,30.85,12.1,5.6450000000000005,openaq_ground
2026-04-23 23:00:00,44.8,13.0,4.32,openaq_ground
2026-04-24 00:00:00,22.41,8.335,3.466666666666667,openaq_ground
2026-04-24 01:00:00,23.11,9.065,2.9,openaq_ground
2026-04-24 02:00:00,27.79,7.573333333333333,2.6725,openaq_ground
2026-04-24 03:00:00,24.525,6.976666666666667,2.9575,openaq_ground
2026-04-24 04:00:00,32.05,8.34,4.076666666666667,openaq_ground
2026-04-24 05:00:00,38.15,22.0,13.2925,openaq_ground
2026-04-24 06:00:00,41.75,28.133333333333336,17.97,openaq_ground
2026-04-24 07:00:00,31.45,15.966666666666667,11.4725,openaq_ground
2026-04-24 08:00:00,30.25,14.833333333333334,13.5525,openaq_ground
2026-04-24 09:00:00,30.05,32.666666666666664,25.087500000000002,openaq_ground
2026-04-24 10:00:00,29.45,33.4,29.945,openaq_ground
2026-04-24 11:00:00,,,27.4,openaq_ground
2026-04-24 12:00:00,,,13.5,openaq_ground
2026-04-24 13:00:00,13.149999999999999,12.04,8.54,openaq_ground
2026-04-24 14:00:00,11.1,13.81,9.7025,openaq_ground
2026-04-24 15:00:00,10.8,14.426666666666668,11.212499999999999,openaq_ground
2026-04-24 16:00:00,8.95,15.006666666666668,11.355,openaq_ground
2026-04-24 17:00:00,9.17,12.833333333333334,10.684999999999999,openaq_ground
2026-04-24 18:00:00,9.1,17.133333333333333,13.625,openaq_ground
2026-04-24 19:00:00,11.915000000000001,18.166666666666668,15.48,openaq_ground
2026-04-24 20:00:00,14.85,18.356666666666666,14.385,openaq_ground
2026-04-24 21:00:00,20.75,12.54,10.27,openaq_ground
2026-04-24 22:00:00,19.049999999999997,6.4799999999999995,4.9375,openaq_ground
2026-04-24 23:00:00,35.0,6.055,3.4766666666666666,openaq_ground
2026-04-25 00:00:00,25.715,6.736666666666667,4.1575,openaq_ground
2026-04-25 01:00:00,23.805,6.713333333333334,2.745,openaq_ground
2026-04-25 02:00:00,25.08,8.056666666666667,3.2024999999999997,openaq_ground
2026-04-25 03:00:00,29.975,9.17,3.2725,openaq_ground
2026-04-25 04:00:00,27.15,8.766666666666666,4.0675,openaq_ground
2026-04-25 05:00:00,29.35,15.800000000000002,8.7275,openaq_ground
2026-04-25 06:00:00,33.0,25.400000000000002,20.924999999999997,openaq_ground
2026-04-25 07:00:00,31.849999999999998,22.866666666666664,19.85,openaq_ground
2026-04-25 08:00:00,31.200000000000003,23.133333333333336,20.775,openaq_ground
2026-04-25 09:00:00,28.35,35.36666666666667,30.1,openaq_ground
2026-04-25 10:00:00,23.45,34.199999999999996,29.95,openaq_ground
2026-04-25 11:00:00,,,42.1,openaq_ground
2026-04-25 12:00:00,,,35.3,openaq_ground
2026-04-25 13:00:00,21.2,18.106666666666666,16.93,openaq_ground
2026-04-25 14:00:00,14.8,12.653333333333334,9.1375,openaq_ground
2026-04-25 15:00:00,10.29,9.63,5.9725,openaq_ground
2026-04-25 16:00:00,9.795,11.963333333333333,6.890000000000001,openaq_ground
2026-04-25 17:00:00,21.720000000000002,8.993333333333334,5.865,openaq_ground
2026-04-25 18:00:00,20.4,10.35,6.9375,openaq_ground
2026-04-25 19:00:00,26.1,9.9,6.2175,openaq_ground
2026-04-25 20:00:00,27.45,14.123333333333335,12.120000000000001,openaq_ground
2026-04-25 21:00:00,15.919999999999998,8.016666666666667,5.6875,openaq_ground
2026-04-25 22:00:00,14.525,10.343333333333334,7.29,openaq_ground
2026-04-25 23:00:00,33.9,15.55,7.933333333333334,openaq_ground
2026-04-26 00:00:00,28.7,16.566666666666666,7.6625,openaq_ground
2026-04-26 01:00:00,18.6,14.466666666666667,7.2175,openaq_ground
2026-04-26 02:00:00,27.365,13.666666666666666,6.35,openaq_ground
2026-04-26 03:00:00,18.075,12.799999999999999,6.0625,openaq_ground
2026-04-26 04:00:00,23.22,14.566666666666668,7.0175,openaq_ground
2026-04-26 05:00:00,20.445,14.566666666666668,7.3875,openaq_ground
2026-04-26 06:00:00,19.325,15.566666666666668,8.955,openaq_ground
2026-04-26 07:00:00,21.6,13.533333333333333,8.01,openaq_ground
2026-04-26 08:00:00,20.4,15.633333333333333,9.295,openaq_ground
2026-04-26 09:00:00,13.575000000000001,12.799999999999999,6.72,openaq_ground
2026-04-26 10:00:00,14.805,13.066666666666668,6.1,openaq_ground
2026-04-26 11:00:00,,,3.0,openaq_ground
2026-04-26 12:00:00,17.9,15.440000000000001,7.580000000000001,openaq_ground
2026-04-26 13:00:00,7.26,12.2,4.71,openaq_ground
2026-04-26 14:00:00,11.1,13.045,6.516666666666667,openaq_ground
2026-04-26 15:00:00,8.33,10.466666666666667,6.6775,openaq_ground
2026-04-26 16:00:00,8.77,11.496666666666664,7.3925,openaq_ground
2026-04-26 17:00:00,9.385,12.040000000000001,7.765000000000001,openaq_ground
2026-04-26 18:00:00,13.45,13.42,9.030000000000001,openaq_ground
2026-04-26 19:00:00,12.7,11.583333333333334,7.845000000000001,openaq_ground
2026-04-26 20:00:00,19.4,13.066666666666668,7.9025,openaq_ground
2026-04-26 21:00:00,26.150000000000002,10.906666666666666,6.2725,openaq_ground
2026-04-26 22:00:00,20.9,11.773333333333333,6.54,openaq_ground
2026-04-26 23:00:00,34.2,12.75,6.12,openaq_ground
2026-04-27 00:00:00,22.25,11.446666666666667,5.6375,openaq_ground
2026-04-27 01:00:00,14.285,10.523333333333333,5.2325,openaq_ground
2026-04-27 02:00:00,18.619999999999997,12.066666666666668,5.672499999999999,openaq_ground
2026-04-27 03:00:00,18.009999999999998,11.5,5.6775,openaq_ground
2026-04-27 04:00:00,22.4,14.24,6.28,openaq_ground
2026-04-27 05:00:00,20.5,11.770000000000001,6.885,openaq_ground
2026-04-27 06:00:00,19.43,16.080000000000002,9.2675,openaq_ground
2026-04-27 07:00:00,19.35,20.23,8.8025,openaq_ground
2026-04-27 08:00:00,20.05,11.589999999999998,6.342499999999999,openaq_ground
2026-04-27 09:00:00,13.48,12.85,7.7375,openaq_ground
2026-04-27 10:00:00,14.025,11.536666666666667,7.532500000000001,openaq_ground
2026-04-27 11:00:00,,,5.1,openaq_ground
2026-04-27 12:00:00,8.59,9.355,6.6066666666666665,openaq_ground
2026-04-27 13:00:00,8.925,8.92,6.33,openaq_ground
2026-04-27 14:00:00,7.51,12.796666666666667,7.955,openaq_ground
2026-04-27 15:00:00,8.995000000000001,9.636666666666667,6.7675,openaq_ground
2026-04-27 16:00:00,8.495000000000001,11.270000000000001,5.67,openaq_ground
2026-04-27 17:00:00,22.900000000000002,14.363333333333332,6.967499999999999,openaq_ground
2026-04-27 18:00:00,15.0,22.5,9.825,openaq_ground
2026-04-27 19:00:00,16.9,35.56666666666666,16.675,openaq_ground
2026-04-27 20:00:00,31.450000000000003,17.233333333333334,9.1875,openaq_ground
2026-04-27 21:00:00,38.35,15.633333333333333,7.465,openaq_ground
2026-04-27 22:00:00,26.2,14.245000000000001,6.206666666666666,openaq_ground
2026-04-27 23:00:00,39.3,14.1,6.12,openaq_ground
2026-04-28 00:00:00,21.6,12.966666666666667,5.87,openaq_ground
2026-04-28 01:00:00,19.15,13.480000000000002,4.505,openaq_ground
2026-04-28 02:00:00,27.3,10.913333333333334,4.43,openaq_ground
2026-04-28 03:00:00,23.785,10.836666666666668,4.390000000000001,openaq_ground
2026-04-28 04:00:00,34.55,8.31,4.885,openaq_ground
2026-04-28 05:00:00,32.6,11.71,6.1,openaq_ground
2026-04-28 06:00:00,36.3,26.633333333333336,18.65,openaq_ground
2026-04-28 07:00:00,37.55,32.333333333333336,21.3125,openaq_ground
2026-04-28 08:00:00,31.95,25.26666666666667,16.35,openaq_ground
2026-04-28 09:00:00,30.05,18.633333333333333,15.280000000000001,openaq_ground
2026-04-28 10:00:00,,,16.8,openaq_ground
2026-04-28 11:00:00,,,17.5,openaq_ground
2026-04-28 12:00:00,23.1,,12.4,openaq_ground
2026-04-28 13:00:00,20.8,18.099999999999998,14.725,openaq_ground
2026-04-28 14:00:00,22.0,18.933333333333334,12.5,openaq_ground
2026-04-28 15:00:00,23.15,16.133333333333333,10.317499999999999,openaq_ground
2026-04-28 16:00:00,12.95,18.7,10.775,openaq_ground
2026-04-28 17:00:00,10.95,25.433333333333337,16.5125,openaq_ground
2026-04-28 18:00:00,20.19,25.23333333333333,17.275,openaq_ground
2026-04-28 19:00:00,20.419999999999998,55.43333333333333,25.9,openaq_ground
2026-04-28 20:00:00,30.75,26.366666666666664,18.265,openaq_ground
2026-04-28 21:00:00,37.85,20.5,14.7725,openaq_ground
2026-04-28 22:00:00,29.65,16.7,6.295,openaq_ground
2026-04-28 23:00:00,42.5,15.8,5.4,openaq_ground
2026-04-29 00:00:00,40.349999999999994,14.766666666666667,5.0225,openaq_ground
2026-04-29 01:00:00,26.0,10.133333333333333,4.5875,openaq_ground
2026-04-29 02:00:00,26.349999999999998,9.07,3.6500000000000004,openaq_ground
2026-04-29 03:00:00,20.65,11.453333333333333,4.04,openaq_ground
2026-04-29 04:00:00,37.5,15.733333333333334,5.2975,openaq_ground
2026-04-29 05:00:00,27.22,18.433333333333334,5.82,openaq_ground
2026-04-29 06:00:00,26.7,16.266666666666666,6.915,openaq_ground
2026-04-29 07:00:00,44.349999999999994,16.366666666666667,8.73,openaq_ground
2026-04-29 08:00:00,7.68,27.666666666666668,7.535,openaq_ground
2026-04-29 09:00:00,3.815,15.396666666666667,5.475,openaq_ground
2026-04-29 10:00:00,4.66,14.300000000000002,5.785,openaq_ground
2026-04-29 11:00:00,,,2.4,openaq_ground
2026-04-29 12:00:00,10.8,19.9,7.05,openaq_ground
2026-04-29 13:00:00,2.14,13.3,5.14,openaq_ground
2026-04-29 14:00:00,10.9,19.266666666666666,7.425,openaq_ground
2026-04-29 15:00:00,9.39,18.466666666666665,7.24,openaq_ground
2026-04-29 16:00:00,3.27,15.066666666666668,6.2075,openaq_ground
2026-04-29 17:00:00,12.15,13.6,5.75,openaq_ground
2026-04-29 18:00:00,22.45,15.9,6.6274999999999995,openaq_ground
2026-04-29 19:00:00,49.8,21.866666666666664,7.645,openaq_ground
2026-04-29 20:00:00,38.05,28.76666666666667,10.41,openaq_ground
2026-04-29 21:00:00,16.2,23.03333333333333,8.322500000000002,openaq_ground
2026-04-29 22:00:00,24.935,17.8,5.5225,openaq_ground
2026-04-29 23:00:00,37.8,16.65,5.036666666666666,openaq_ground
2026-04-30 00:00:00,18.215,15.133333333333333,4.9875,openaq_ground
2026-04-30 01:00:00,17.25,18.066666666666666,5.862500000000001,openaq_ground
2026-04-30 02:00:00,29.8,18.03333333333333,6.047499999999999,openaq_ground
2026-04-30 03:00:00,21.455,14.766666666666666,5.9350000000000005,openaq_ground
2026-04-30 04:00:00,27.69,12.566666666666668,5.405,openaq_ground
2026-04-30 05:00:00,31.299999999999997,14.5,7.9975000000000005,openaq_ground
2026-04-30 06:00:00,19.73,19.96666666666667,10.42,openaq_ground
2026-04-30 07:00:00,20.225,19.966666666666665,9.8975,openaq_ground
2026-04-30 08:00:00,20.205,15.633333333333333,8.1275,openaq_ground
2026-04-30 09:00:00,19.72,19.633333333333333,8.1125,openaq_ground
2026-04-30 10:00:00,17.155,18.099999999999998,7.3725,openaq_ground
2026-04-30 11:00:00,,,2.5,openaq_ground
2026-04-30 12:00:00,3.48,17.7,5.06,openaq_ground
2026-04-30 13:00:00,7.765,14.666666666666666,6.9525,openaq_ground
2026-04-30 14:00:00,,12.2,3.885,openaq_ground
2026-04-30 15:00:00,1.92,19.3,9.116666666666667,openaq_ground
2026-04-30 16:00:00,6.279999999999999,14.666666666666666,6.665,openaq_ground
2026-04-30 17:00:00,14.55,15.123333333333333,7.4625,openaq_ground
2026-04-30 18:00:00,30.200000000000003,18.400000000000002,8.225,openaq_ground
2026-04-30 19:00:00,32.75,17.433333333333334,7.4975,openaq_ground
2026-04-30 20:00:00,36.05,20.566666666666666,8.395,openaq_ground
2026-04-30 21:00:00,32.75,21.733333333333334,7.1725,openaq_ground
2026-04-30 22:00:00,22.4,12.020000000000001,4.995,openaq_ground
2026-04-30 23:00:00,36.2,15.95,4.88,openaq_ground
2026-05-01 00:00:00,21.725,11.39,4.575,openaq_ground
2026-05-01 01:00:00,20.045,13.166666666666666,4.905,openaq_ground
2026-05-01 02:00:00,22.68,12.703333333333333,4.922499999999999,openaq_ground
2026-05-01 03:00:00,17.48,14.433333333333332,5.234999999999999,openaq_ground
2026-05-01 04:00:00,22.099999999999998,13.966666666666667,6.405,openaq_ground
2026-05-01 05:00:00,30.9,19.166666666666668,9.45,openaq_ground
2026-05-01 06:00:00,31.450000000000003,22.266666666666666,12.25,openaq_ground
2026-05-01 07:00:00,30.0,33.733333333333334,21.82,openaq_ground
2026-05-01 08:00:00,29.35,31.133333333333336,17.75,openaq_ground
2026-05-01 09:00:00,27.25,24.633333333333336,16.7175,openaq_ground
2026-05-01 10:00:00,28.4,29.333333333333332,19.8625,openaq_ground
2026-05-01 11:00:00,,,8.6,openaq_ground
2026-05-01 12:00:00,,,10.7,openaq_ground
2026-05-01 13:00:00,15.1,16.866666666666664,14.025,openaq_ground
2026-05-01 14:00:00,13.7,23.0,17.325,openaq_ground
2026-05-01 15:00:00,11.855,26.433333333333334,16.975,openaq_ground
2026-05-01 16:00:00,9.65,18.233333333333334,12.925,openaq_ground
2026-05-01 17:00:00,8.39,14.633333333333335,9.9375,openaq_ground
2026-05-01 18:00:00,13.615000000000002,11.64,7.3225,openaq_ground
2026-05-01 19:00:00,23.95,11.376666666666667,8.96,openaq_ground
2026-05-01 20:00:00,23.450000000000003,9.136666666666667,7.635,openaq_ground
2026-05-01 21:00:00,13.6,12.216666666666669,9.0975,openaq_ground
2026-05-01 22:00:00,10.785,11.97,5.234999999999999,openaq_ground
2026-05-01 23:00:00,18.1,16.4,6.163333333333334,openaq_ground
2026-05-02 00:00:00,16.86,16.3,9.9975,openaq_ground
2026-05-02 01:00:00,13.89,16.7,9.6875,openaq_ground
2026-05-02 02:00:00,16.615000000000002,17.8,7.6325,openaq_ground
2026-05-02 03:00:00,27.0,19.666666666666668,8.9775,openaq_ground
2026-05-02 04:00:00,23.65,16.2,8.379999999999999,openaq_ground
2026-05-02 05:00:00,29.450000000000003,18.8,15.21,openaq_ground
2026-05-02 06:00:00,32.75,29.46666666666667,27.025,openaq_ground
2026-05-02 07:00:00,32.55,54.96666666666667,51.025,openaq_ground
2026-05-02 08:00:00,30.950000000000003,63.53,58.055,openaq_ground
2026-05-02 09:00:00,25.950000000000003,57.53333333333333,56.974999999999994,openaq_ground
2026-05-02 10:00:00,28.15,34.48666666666667,37.275,openaq_ground
2026-05-02 11:00:00,,,46.5,openaq_ground
2026-05-02 12:00:00,,,27.0,openaq_ground
2026-05-02 13:00:00,18.15,19.496666666666666,20.759999999999998,openaq_ground
2026-05-02 14:00:00,12.1,20.963333333333335,19.18,openaq_ground
2026-05-02 15:00:00,11.7,19.476666666666667,13.639999999999999,openaq_ground
2026-05-02 16:00:00,9.36,25.266666666666666,21.125,openaq_ground
2026-05-02 17:00:00,9.605,23.666666666666668,19.975,openaq_ground
2026-05-02 18:00:00,14.35,21.233333333333334,15.700000000000001,openaq_ground
2026-05-02 19:00:00,17.15,22.766666666666666,16.6975,openaq_ground
2026-05-02 20:00:00,17.4,18.02,12.86,openaq_ground
2026-05-02 21:00:00,21.0,14.19,7.5875,openaq_ground
2026-05-02 22:00:00,16.740000000000002,9.403333333333334,4.1075,openaq_ground
2026-05-02 23:00:00,30.2,9.100000000000001,2.72,openaq_ground
2026-05-03 00:00:00,24.1,5.919999999999999,2.6625,openaq_ground
2026-05-03 01:00:00,16.535,6.756666666666667,2.71,openaq_ground
2026-05-03 02:00:00,19.584999999999997,6.933333333333333,3.02,openaq_ground
2026-05-03 03:00:00,20.04,7.836666666666666,3.0375,openaq_ground
2026-05-03 04:00:00,23.585,8.01,4.425,openaq_ground
2026-05-03 05:00:00,25.1,12.166666666666666,8.057500000000001,openaq_ground
2026-05-03 06:00:00,30.049999999999997,15.850000000000001,12.059999999999999,openaq_ground
2026-05-03 07:00:00,22.9,29.50333333333333,21.92,openaq_ground
2026-05-03 08:00:00,29.05,21.733333333333334,18.564999999999998,openaq_ground
2026-05-03 09:00:00,25.1,18.27,19.5475,openaq_ground
2026-05-03 10:00:00,18.4,18.793333333333333,16.497500000000002,openaq_ground
2026-05-03 11:00:00,,,12.0,openaq_ground
2026-05-03 12:00:00,9.14,14.8,12.700000000000001,openaq_ground
2026-05-03 13:00:00,12.600000000000001,17.606666666666666,17.747500000000002,openaq_ground
2026-05-03 14:00:00,12.9,8.5,10.04,openaq_ground
2026-05-03 15:00:00,11.15,7.506666666666667,6.955,openaq_ground
2026-05-03 16:00:00,13.55,8.28,7.05,openaq_ground
2026-05-03 17:00:00,17.6,13.303333333333335,8.7575,openaq_ground
2026-05-03 18:00:00,20.65,18.3,10.8425,openaq_ground
2026-05-03 19:00:00,29.35,19.333333333333332,10.8925,openaq_ground
2026-05-03 20:00:00,32.25,29.733333333333334,16.625,openaq_ground
2026-05-03 21:00:00,31.5,28.266666666666666,16.0975,openaq_ground
2026-05-03 22:00:00,20.65,9.553333333333333,6.915,openaq_ground
2026-05-03 23:00:00,30.8,13.0,7.475,openaq_ground
2026-05-04 00:00:00,19.75,14.183333333333332,7.7925,openaq_ground
2026-05-04 01:00:00,17.380000000000003,12.426666666666668,7.5175,openaq_ground
2026-05-04 02:00:00,24.255000000000003,12.863333333333335,8.940000000000001,openaq_ground
2026-05-04 03:00:00,25.65,18.24,12.877500000000001,openaq_ground
2026-05-04 04:00:00,28.15,13.966666666666667,11.5725,openaq_ground
2026-05-04 05:00:00,23.95,13.966666666666667,11.129999999999999,openaq_ground
2026-05-04 06:00:00,24.35,12.766666666666666,10.182500000000001,openaq_ground
2026-05-04 07:00:00,20.65,21.766666666666666,12.8125,openaq_ground
2026-05-04 08:00:00,19.450000000000003,20.400000000000002,19.1375,openaq_ground
2026-05-04 09:00:00,19.65,21.133333333333336,21.675,openaq_ground
2026-05-04 10:00:00,,,35.2,openaq_ground
2026-05-04 11:00:00,,,30.4,openaq_ground
2026-05-04 12:00:00,10.3,,23.5,openaq_ground
2026-05-04 13:00:00,6.62,18.599999999999998,15.975,openaq_ground
2026-05-04 14:00:00,9.3,18.400000000000002,14.225000000000001,openaq_ground
2026-05-04 15:00:00,,,14.4,openaq_ground
2026-05-04 16:00:00,8.895,12.466666666666667,11.0375,openaq_ground
2026-05-04 17:00:00,7.51,15.566666666666668,12.625,openaq_ground
2026-05-04 18:00:00,15.06,14.4,13.08,openaq_ground
2026-05-04 19:00:00,26.25,15.200000000000001,13.825,openaq_ground
2026-05-04 20:00:00,26.150000000000002,16.833333333333332,13.57,openaq_ground
2026-05-04 21:00:00,26.3,21.033333333333335,17.6,openaq_ground
2026-05-04 22:00:00,21.75,22.933333333333334,16.725,openaq_ground
2026-05-04 23:00:00,26.4,23.5,16.033333333333335,openaq_ground
2026-05-05 00:00:00,16.5,24.2,18.450000000000003,openaq_ground
2026-05-05 01:00:00,10.9,17.033333333333335,12.6925,openaq_ground
2026-05-05 02:00:00,21.009999999999998,16.266666666666666,11.28,openaq_ground
2026-05-05 03:00:00,18.335,14.200000000000001,10.5525,openaq_ground
2026-05-05 04:00:00,21.950000000000003,13.199999999999998,11.364999999999998,openaq_ground
2026-05-05 05:00:00,23.799999999999997,11.299999999999999,11.0875,openaq_ground
2026-05-05 06:00:00,21.040000000000003,12.666666666666666,14.4475,openaq_ground
2026-05-05 07:00:00,16.465,17.0,15.3375,openaq_ground
2026-05-05 08:00:00,18.73,12.700000000000001,12.9325,openaq_ground
2026-05-05 09:00:00,18.57,11.156666666666666,13.0125,openaq_ground
2026-05-05 10:00:00,12.129999999999999,11.433333333333332,14.07,openaq_ground
2026-05-05 11:00:00,,,25.1,openaq_ground
2026-05-05 12:00:00,9.93,11.0,14.946666666666667,openaq_ground
2026-05-05 13:00:00,6.3100000000000005,11.456666666666669,13.3125,openaq_ground
2026-05-05 14:00:00,6.87,13.676666666666668,12.1375,openaq_ground
2026-05-05 15:00:00,,,11.2,openaq_ground
2026-05-05 16:00:00,6.56,14.463333333333333,6.3,openaq_ground
2026-05-05 17:00:00,13.75,10.186666666666666,7.3525,openaq_ground
2026-05-05 18:00:00,22.95,10.986666666666666,12.23,openaq_ground
2026-05-05 19:00:00,20.1,23.399999999999995,20.189999999999998,openaq_ground
2026-05-05 20:00:00,24.75,20.133333333333333,20.917499999999997,openaq_ground
2026-05-05 21:00:00,30.8,30.833333333333332,21.05,openaq_ground
2026-05-05 22:00:00,39.3,26.906666666666666,14.237499999999999,openaq_ground
2026-05-05 23:00:00,57.4,17.35,7.526666666666667,openaq_ground
2026-05-06 00:00:00,36.25,11.496666666666664,2.8850000000000002,openaq_ground
2026-05-06 01:00:00,28.45,15.866666666666667,3.2875,openaq_ground
2026-05-06 02:00:00,,,1.6,openaq_ground
2026-05-06 03:00:00,,,0.9,openaq_ground
2026-05-06 04:00:00,,,3.9,openaq_ground
2026-05-06 05:00:00,,,18.7,openaq_ground
2026-05-06 06:00:00,,,34.9,openaq_ground
2026-05-06 07:00:00,,,17.7,openaq_ground
2026-05-06 08:00:00,,,21.7,openaq_ground
2026-05-06 09:00:00,,,4.3,openaq_ground
2026-05-06 10:00:00,,,3.5,openaq_ground
2026-05-06 11:00:00,,,2.5,openaq_ground
2026-05-06 12:00:00,,,2.5,openaq_ground
2026-05-06 13:00:00,,,0.1,openaq_ground
2026-05-06 14:00:00,,,0.0,openaq_ground
2026-05-06 15:00:00,,,0.0,openaq_ground
2026-05-06 16:00:00,,,0.0,openaq_ground
2026-05-06 17:00:00,,,0.6,openaq_ground
2026-05-06 18:00:00,,,0.4,openaq_ground
2026-05-06 19:00:00,,,0.5,openaq_ground
2026-05-06 20:00:00,,,0.2,openaq_ground
2026-05-06 21:00:00,20.515,7.503333333333333,2.2424999999999997,openaq_ground
2026-05-06 22:00:00,26.599999999999998,8.44,2.55,openaq_ground
2026-05-06 23:00:00,26.2,10.243333333333334,2.43,openaq_ground
2026-05-07 00:00:00,25.175,9.353333333333333,2.2075,openaq_ground
2026-05-07 01:00:00,26.080000000000002,13.273333333333333,3.9125,openaq_ground
2026-05-07 02:00:00,19.8,11.07,3.875,openaq_ground
2026-05-07 03:00:00,30.849999999999998,15.533333333333333,4.6325,openaq_ground
2026-05-07 04:00:00,27.7,16.4,4.5075,openaq_ground
2026-05-07 05:00:00,39.75,21.31,4.265,openaq_ground
2026-05-07 06:00:00,35.55,17.09,5.0825,openaq_ground
2026-05-07 07:00:00,26.57,6.323333333333334,1.67725,openaq_ground
2026-05-07 08:00:00,27.150000000000002,6.993333333333333,2.93,openaq_ground
2026-05-07 09:00:00,17.98,10.39,3.3625,openaq_ground
2026-05-07 10:00:00,,,0.7,openaq_ground
2026-05-07 11:00:00,,,0.2,openaq_ground
2026-05-07 12:00:00,13.73,8.826666666666666,2.1985,openaq_ground
2026-05-07 13:00:00,,,0.5,openaq_ground
2026-05-07 14:00:00,13.7,7.003333333333333,1.64925,openaq_ground
2026-05-07 15:00:00,10.755,3.6619999999999995,1.04325,openaq_ground
2026-05-07 16:00:00,12.635,11.209999999999999,3.1590000000000003,openaq_ground
2026-05-07 17:00:00,13.85,20.470000000000002,4.883,openaq_ground
2026-05-07 18:00:00,35.85,12.956666666666665,3.15325,openaq_ground
2026-05-07 19:00:00,34.650000000000006,23.17,5.42,openaq_ground
2026-05-07 20:00:00,31.3,16.733333333333334,3.9650000000000003,openaq_ground
2026-05-07 21:00:00,23.6,15.236666666666666,4.67575,openaq_ground
2026-05-07 22:00:00,25.15,14.51,4.6525,openaq_ground
2026-05-07 23:00:00,27.85,14.413333333333332,3.4725,openaq_ground
2026-05-08 00:00:00,25.07,11.713333333333333,2.48,openaq_ground
2026-05-08 01:00:00,21.775,19.7,7.9275,openaq_ground
2026-05-08 02:00:00,25.15,22.233333333333334,8.445,openaq_ground
2026-05-08 03:00:00,25.9,36.6,10.6775,openaq_ground
2026-05-08 04:00:00,30.05,24.066666666666666,11.25,openaq_ground
2026-05-08 05:00:00,23.07,28.46666666666667,13.45,openaq_ground
2026-05-08 06:00:00,12.35,24.96666666666667,12.3275,openaq_ground
2026-05-08 07:00:00,13.764999999999999,23.0,10.55,openaq_ground
2026-05-08 08:00:00,13.8,22.483333333333334,10.543333333333335,openaq_ground
2026-05-08 09:00:00,21.355,8.893333333333333,4.915,openaq_ground
2026-05-08 10:00:00,9.625,7.46,3.5949999999999998,openaq_ground
2026-05-08 11:00:00,,,0.3,openaq_ground
2026-05-08 12:00:00,4.72,3.66,0.9265,openaq_ground
2026-05-08 13:00:00,1.244,9.523333333333333,1.0775,openaq_ground
2026-05-08 14:00:00,2.35,1.8666666666666665,0.4375,openaq_ground
2026-05-08 15:00:00,2.83,1.3619999999999999,0.40475,openaq_ground
2026-05-08 16:00:00,6.815,2.0453333333333332,0.58375,openaq_ground
2026-05-08 17:00:00,7.54,1.6333333333333335,0.895,openaq_ground
2026-05-08 18:00:00,14.085,3.6133333333333333,2.8575,openaq_ground
2026-05-08 19:00:00,11.315,5.319999999999999,2.9875,openaq_ground
2026-05-08 20:00:00,13.64,5.6000000000000005,2.3674999999999997,openaq_ground
2026-05-08 21:00:00,13.89,5.376666666666666,2.31,openaq_ground
2026-05-08 22:00:00,10.015,6.576666666666667,2.0700000000000003,openaq_ground
2026-05-08 23:00:00,13.815,4.243333333333333,1.5950000000000002,openaq_ground
2026-05-09 00:00:00,29.25,8.083333333333334,2.21225,openaq_ground
2026-05-09 01:00:00,22.71,10.406666666666666,3.4524999999999997,openaq_ground
2026-05-09 02:00:00,17.42,7.953333333333333,3.41,openaq_ground
2026-05-09 03:00:00,15.965,9.296666666666667,3.735,openaq_ground
2026-05-09 04:00:00,17.785,10.716666666666667,4.0925,openaq_ground
2026-05-09 05:00:00,22.27,11.696666666666667,5.1925,openaq_ground
2026-05-09 06:00:00,22.075,13.54,8.49,openaq_ground
2026-05-09 07:00:00,22.95,21.006666666666664,18.23,openaq_ground
2026-05-09 08:00:00,31.1,31.333333333333332,27.05,openaq_ground
2026-05-09 09:00:00,29.049999999999997,25.666666666666668,21.075,openaq_ground
2026-05-09 10:00:00,25.05,33.699999999999996,23.05,openaq_ground
2026-05-09 11:00:00,,,2.8,openaq_ground
2026-05-09 12:00:00,21.6,30.03333333333333,20.9,openaq_ground
2026-05-09 13:00:00,,,5.0,openaq_ground
2026-05-09 14:00:00,21.0,13.049999999999999,11.17,openaq_ground
2026-05-09 15:00:00,14.2,10.0,8.092500000000001,openaq_ground
2026-05-09 16:00:00,13.15,15.533333333333333,6.6674999999999995,openaq_ground
2026-05-09 17:00:00,11.3,15.9,7.1975,openaq_ground
2026-05-09 18:00:00,16.06,15.943333333333333,8.645,openaq_ground
2026-05-09 19:00:00,27.85,15.920000000000002,9.537500000000001,openaq_ground
2026-05-09 20:00:00,27.599999999999998,9.492666666666667,5.6465,openaq_ground
2026-05-09 21:00:00,13.075,14.093333333333334,2.58,openaq_ground
2026-05-09 22:00:00,7.955,25.213333333333335,5.12,openaq_ground
2026-05-09 23:00:00,5.335,13.969999999999999,4.0575,openaq_ground
2026-05-10 00:00:00,12.3,11.799999999999999,4.4575,openaq_ground
2026-05-10 01:00:00,7.37,12.56,5.1225000000000005,openaq_ground
2026-05-10 02:00:00,7.16,14.9,5.945,openaq_ground
2026-05-10 03:00:00,7.615,9.32,4.625,openaq_ground
2026-05-10 04:00:00,,,4.0,openaq_ground
2026-05-10 05:00:00,7.585000000000001,9.883333333333333,5.265,openaq_ground
2026-05-10 06:00:00,,,4.1,openaq_ground
2026-05-10 07:00:00,12.6,12.5,6.146666666666666,openaq_ground
2026-05-10 08:00:00,8.365,14.533333333333333,8.05,openaq_ground
2026-05-10 09:00:00,6.605,11.766666666666666,5.8875,openaq_ground
2026-05-10 10:00:00,10.105,11.173333333333332,5.5875,openaq_ground
2026-05-10 11:00:00,,,1.0,openaq_ground
2026-05-10 12:00:00,7.355,10.056666666666667,4.385,openaq_ground
2026-05-10 13:00:00,6.550000000000001,8.816666666666668,3.51,openaq_ground
2026-05-10 14:00:00,10.5,8.47,3.7675,openaq_ground
2026-05-10 15:00:00,,,1.3,openaq_ground
2026-05-10 16:00:00,7.195,7.523333333333333,3.6574999999999998,openaq_ground
2026-05-10 17:00:00,12.219999999999999,8.653333333333334,4.4675,openaq_ground
2026-05-10 18:00:00,32.35,11.413333333333334,4.779999999999999,openaq_ground
2026-05-10 19:00:00,36.6,17.666666666666668,8.2475,openaq_ground
2026-05-10 20:00:00,37.1,14.166666666666666,7.39,openaq_ground
2026-05-10 21:00:00,32.9,8.906666666666668,3.4124999999999996,openaq_ground
2026-05-10 22:00:00,25.650000000000002,8.226666666666667,3.5275,openaq_ground
2026-05-10 23:00:00,10.8,4.34,1.67,openaq_ground
2026-05-11 00:00:00,28.2,8.14,2.2133333333333334,openaq_ground
2026-05-11 01:00:00,21.905,5.955,1.46,openaq_ground
2026-05-11 02:00:00,15.215,6.093333333333334,1.6724999999999999,openaq_ground
2026-05-11 03:00:00,27.01,10.979999999999999,2.81,openaq_ground
2026-05-11 04:00:00,33.2,14.766666666666666,4.835,openaq_ground
2026-05-11 05:00:00,41.85,48.23333333333333,20.4,openaq_ground
2026-05-11 06:00:00,46.1,25.366666666666664,16.9625,openaq_ground
2026-05-11 07:00:00,47.95,19.233333333333334,14.4625,openaq_ground
2026-05-11 08:00:00,42.55,20.96666666666667,16.9325,openaq_ground
2026-05-11 09:00:00,40.75,19.2,9.696666666666667,openaq_ground
2026-05-11 10:00:00,23.5,16.636666666666667,8.376666666666667,openaq_ground
2026-05-11 11:00:00,,,10.3,openaq_ground
2026-05-11 12:00:00,13.8,22.096666666666664,9.655,openaq_ground
2026-05-11 13:00:00,9.64,15.263333333333334,6.9325,openaq_ground
2026-05-11 14:00:00,12.3,14.6,5.3149999999999995,openaq_ground
2026-05-11 15:00:00,9.709999999999999,14.886666666666665,7.4,openaq_ground
2026-05-11 16:00:00,11.0,10.846666666666666,5.092499999999999,openaq_ground
2026-05-11 17:00:00,15.55,11.526666666666666,6.8025,openaq_ground
2026-05-11 18:00:00,27.65,21.46666666666667,9.4125,openaq_ground
2026-05-11 19:00:00,43.900000000000006,24.633333333333336,10.537500000000001,openaq_ground
2026-05-11 20:00:00,49.0,17.3,8.8275,openaq_ground
2026-05-11 21:00:00,39.75,16.42,8.02,openaq_ground
2026-05-11 22:00:00,30.05,13.566666666666668,5.08,openaq_ground
2026-05-11 23:00:00,43.3,8.97,2.74,openaq_ground
2026-05-12 00:00:00,29.75,15.9,4.24,openaq_ground
2026-05-12 01:00:00,16.755000000000003,13.733333333333334,4.3425,openaq_ground
2026-05-12 02:00:00,25.75,19.566666666666666,5.91,openaq_ground
2026-05-12 03:00:00,19.25,9.566666666666666,2.75,openaq_ground
2026-05-12 04:00:00,16.355,28.31,4.8275,openaq_ground
2026-05-12 05:00:00,19.275,17.10333333333333,4.805,openaq_ground
2026-05-12 06:00:00,13.875,52.6,10.905000000000001,openaq_ground
2026-05-12 07:00:00,19.705,20.2,9.6325,openaq_ground
2026-05-12 08:00:00,20.35,27.3,15.75,openaq_ground
2026-05-12 09:00:00,19.75,26.766666666666666,18.85,openaq_ground
2026-05-12 10:00:00,26.35,29.2,19.325,openaq_ground
2026-05-12 11:00:00,,,28.2,openaq_ground
2026-05-12 12:00:00,22.5,26.3,18.125,openaq_ground
2026-05-12 13:00:00,22.3,21.46666666666667,14.350000000000001,openaq_ground
2026-05-12 14:00:00,22.5,20.566666666666666,11.45,openaq_ground
2026-05-12 15:00:00,22.6,21.46666666666667,10.149999999999999,openaq_ground
2026-05-12 16:00:00,17.55,20.9,11.450000000000001,openaq_ground
2026-05-12 17:00:00,22.0,18.7,9.3625,openaq_ground
2026-05-12 18:00:00,23.700000000000003,26.366666666666664,11.6425,openaq_ground
2026-05-12 19:00:00,35.15,41.23333333333333,12.7,openaq_ground
2026-05-12 20:00:00,31.200000000000003,25.666666666666668,11.6375,openaq_ground
2026-05-12 21:00:00,30.65,24.53333333333333,12.295,openaq_ground
2026-05-12 22:00:00,14.925,20.266666666666666,8.985,openaq_ground
2026-05-12 23:00:00,14.36,13.4,7.2875,openaq_ground
2026-05-13 00:00:00,14.110000000000001,9.17,3.795,openaq_ground
2026-05-13 01:00:00,10.495000000000001,8.753333333333332,3.1675,openaq_ground
2026-05-13 02:00:00,8.39,11.14,2.225,openaq_ground
2026-05-13 03:00:00,13.940000000000001,5.913333333333334,1.4175,openaq_ground
2026-05-13 04:00:00,20.145,7.2,3.05,openaq_ground
2026-05-13 05:00:00,19.35,6.890000000000001,3.8049999999999997,openaq_ground
2026-05-13 06:00:00,24.65,6.19,4.14,openaq_ground
2026-05-13 07:00:00,20.9,12.15,7.84,openaq_ground
2026-05-13 08:00:00,21.9,13.966666666666667,9.365,openaq_ground
2026-05-13 09:00:00,14.100000000000001,9.563333333333334,7.15,openaq_ground
2026-05-13 10:00:00,16.85,9.57,6.925000000000001,openaq_ground
2026-05-13 11:00:00,,,13.4,openaq_ground
2026-05-13 12:00:00,13.175,13.709999999999999,10.3325,openaq_ground
2026-05-13 13:00:00,13.540000000000001,11.916666666666666,9.5025,openaq_ground
2026-05-13 14:00:00,12.7,13.286666666666667,11.3425,openaq_ground
2026-05-13 15:00:00,11.315,9.283333333333333,8.89,openaq_ground
2026-05-13 16:00:00,11.305,10.243333333333334,8.12,openaq_ground
2026-05-13 17:00:00,10.275,10.24,8.557500000000001,openaq_ground
2026-05-13 18:00:00,18.9,17.293333333333333,11.9575,openaq_ground
2026-05-13 19:00:00,26.05,42.53333333333333,17.175,openaq_ground
2026-05-13 20:00:00,28.65,24.166666666666668,12.385,openaq_ground
2026-05-13 21:00:00,34.900000000000006,18.953333333333333,10.8525,openaq_ground
2026-05-13 22:00:00,29.95,11.366666666666667,6.0649999999999995,openaq_ground
2026-05-13 23:00:00,21.7,12.96,5.95,openaq_ground
2026-05-14 00:00:00,18.6,12.976666666666667,3.6375,openaq_ground
2026-05-14 01:00:00,17.549999999999997,16.665,3.7533333333333334,openaq_ground
2026-05-14 02:00:00,16.45,17.45,6.43,openaq_ground
2026-05-14 03:00:00,23.75,10.81,6.385,openaq_ground
2026-05-14 04:00:00,31.299999999999997,17.400000000000002,8.809999999999999,openaq_ground
2026-05-14 05:00:00,41.15,32.96666666666667,19.325000000000003,openaq_ground
2026-05-14 06:00:00,37.400000000000006,26.900000000000002,20.815,openaq_ground
2026-05-14 07:00:00,36.05,34.666666666666664,30.8425,openaq_ground
2026-05-14 08:00:00,33.2,47.0,42.150000000000006,openaq_ground
2026-05-14 09:00:00,29.9,33.5,35.9375,openaq_ground
2026-05-14 10:00:00,19.65,41.06666666666666,39.207499999999996,openaq_ground
2026-05-14 11:00:00,,,42.9,openaq_ground
2026-05-14 12:00:00,21.45,27.96666666666667,28.049999999999997,openaq_ground
2026-05-14 13:00:00,20.55,29.900000000000002,24.6,openaq_ground
2026-05-14 14:00:00,15.2,33.23333333333333,24.55,openaq_ground
2026-05-14 15:00:00,19.200000000000003,17.91,13.77,openaq_ground
2026-05-14 16:00:00,13.85,10.793333333333331,8.835,openaq_ground
2026-05-14 17:00:00,14.600000000000001,14.9,12.7125,openaq_ground
2026-05-14 18:00:00,20.1,14.563333333333333,12.07,openaq_ground
2026-05-14 19:00:00,24.9,19.333333333333332,13.704999999999998,openaq_ground
2026-05-14 20:00:00,26.950000000000003,12.886666666666665,12.307500000000001,openaq_ground
2026-05-14 21:00:00,29.799999999999997,16.599999999999998,14.45,openaq_ground
2026-05-14 22:00:00,29.15,27.133333333333336,20.575,openaq_ground
2026-05-14 23:00:00,19.5,20.5,16.9325,openaq_ground
2026-05-15 00:00:00,15.285,12.996666666666668,9.219999999999999,openaq_ground
2026-05-15 01:00:00,10.21,18.96666666666667,12.065,openaq_ground
2026-05-15 02:00:00,19.11,17.666666666666668,9.36,openaq_ground
2026-05-15 03:00:00,18.475,13.666666666666666,8.5225,openaq_ground
2026-05-15 04:00:00,21.25,16.599999999999998,9.557500000000001,openaq_ground
2026-05-15 05:00:00,,,15.6,openaq_ground
2026-05-15 06:00:00,18.22,27.599999999999998,19.025,openaq_ground
2026-05-15 07:00:00,15.780000000000001,28.400000000000002,17.425,openaq_ground
2026-05-15 08:00:00,20.6,26.0,15.85,openaq_ground
2026-05-15 09:00:00,17.2,22.2,16.45,openaq_ground
2026-05-15 10:00:00,15.85,24.366666666666664,16.35,openaq_ground
2026-05-15 11:00:00,,,22.6,openaq_ground
2026-05-15 12:00:00,14.399999999999999,29.0,21.11,openaq_ground
2026-05-15 13:00:00,12.399999999999999,15.656666666666666,11.975,openaq_ground
2026-05-15 14:00:00,17.1,15.020000000000001,8.9475,openaq_ground
2026-05-15 15:00:00,17.4,18.133333333333333,10.65,openaq_ground
2026-05-15 16:00:00,19.05,15.466666666666667,8.7725,openaq_ground
2026-05-15 17:00:00,20.85,15.593333333333334,11.0475,openaq_ground
2026-05-15 18:00:00,20.0,17.133333333333333,12.4375,openaq_ground
2026-05-15 19:00:00,20.3,23.133333333333336,17.275,openaq_ground
2026-05-15 20:00:00,24.05,26.7,15.049999999999999,openaq_ground
2026-05-15 21:00:00,29.05,19.333333333333332,14.05,openaq_ground
2026-05-15 22:00:00,23.75,14.866666666666667,10.4,openaq_ground
2026-05-15 23:00:00,18.275,12.766666666666666,8.7325,openaq_ground
2026-05-16 00:00:00,23.775,11.806666666666667,6.6225,openaq_ground
2026-05-16 01:00:00,20.270000000000003,7.413333333333333,4.47,openaq_ground
2026-05-16 02:00:00,19.735,6.359999999999999,3.7874999999999996,openaq_ground
2026-05-16 03:00:00,21.259999999999998,6.84,3.5875,openaq_ground
2026-05-16 04:00:00,25.87,7.303333333333334,4.8774999999999995,openaq_ground
2026-05-16 05:00:00,25.65,10.549999999999999,9.8775,openaq_ground
2026-05-16 06:00:00,28.2,11.456666666666665,11.8775,openaq_ground
2026-05-16 07:00:00,32.8,13.246666666666668,17.1425,openaq_ground
2026-05-16 09:00:00,20.1,25.66,19.08,openaq_ground
2026-05-16 10:00:00,23.05,31.666666666666668,22.2725,openaq_ground
2026-05-16 11:00:00,,,9.6,openaq_ground
2026-05-16 12:00:00,17.85,20.2,16.815,openaq_ground
2026-05-16 13:00:00,22.4,24.5,21.715,openaq_ground
2026-05-16 14:00:00,19.2,16.686666666666667,17.0825,openaq_ground
2026-05-16 15:00:00,13.3,20.766666666666666,17.5,openaq_ground
2026-05-16 16:00:00,10.11,16.266666666666666,15.3125,openaq_ground
2026-05-16 17:00:00,9.405,18.966666666666665,18.305,openaq_ground
2026-05-16 18:00:00,8.504999999999999,17.400000000000002,14.19,openaq_ground
2026-05-16 19:00:00,7.755,18.733333333333334,14.4475,openaq_ground
2026-05-16 20:00:00,9.49,22.633333333333336,21.3325,openaq_ground
2026-05-16 21:00:00,18.950000000000003,14.673333333333332,11.665,openaq_ground
2026-05-16 22:00:00,22.4,15.133333333333333,9.15,openaq_ground
2026-05-16 23:00:00,22.005000000000003,11.033333333333333,6.784999999999999,openaq_ground
2026-05-17 00:00:00,31.8,9.793333333333335,4.2225,openaq_ground
2026-05-17 01:00:00,19.205,10.346666666666666,4.24,openaq_ground
2026-05-17 02:00:00,17.895,8.116666666666667,3.575,openaq_ground
2026-05-17 03:00:00,15.63,5.623333333333334,2.425,openaq_ground
2026-05-17 04:00:00,19.885,3.97,2.45,openaq_ground
2026-05-17 05:00:00,,,9.7,openaq_ground
2026-05-17 06:00:00,27.4,11.983333333333334,11.739999999999998,openaq_ground
2026-05-17 07:00:00,27.4,10.79,8.8375,openaq_ground
2026-05-17 08:00:00,20.585,12.44,9.645,openaq_ground
2026-05-17 09:00:00,13.36,21.52333333333333,16.805,openaq_ground
2026-05-17 10:00:00,16.04,22.066666666666666,15.129999999999999,openaq_ground
2026-05-17 11:00:00,,,8.6,openaq_ground
2026-05-17 12:00:00,8.870000000000001,13.513333333333335,10.9925,openaq_ground
2026-05-17 13:00:00,9.57,11.653333333333334,8.5375,openaq_ground
2026-05-17 14:00:00,11.3,11.743333333333334,7.24,openaq_ground
2026-05-17 15:00:00,8.29,9.873333333333333,7.01,openaq_ground
2026-05-17 16:00:00,8.04,10.19,7.08,openaq_ground
2026-05-17 17:00:00,10.1,9.266666666666666,6.4475,openaq_ground
2026-05-17 18:00:00,12.68,10.673333333333332,8.3125,openaq_ground
2026-05-17 19:00:00,16.6,16.32,10.87,openaq_ground
2026-05-17 20:00:00,17.759999999999998,21.666666666666668,13.879999999999999,openaq_ground
2026-05-17 21:00:00,20.95,73.93333333333332,18.0275,openaq_ground
2026-05-17 22:00:00,26.35,16.066666666666666,7.8025,openaq_ground
2026-05-17 23:00:00,30.650000000000002,16.2,5.2125,openaq_ground
2026-05-18 00:00:00,23.85,8.07,3.2625,openaq_ground
2026-05-18 01:00:00,16.615000000000002,8.67,3.0525,openaq_ground
2026-05-18 02:00:00,20.695,3.3633333333333333,2.1425,openaq_ground
2026-05-18 03:00:00,18.275,4.010000000000001,1.75,openaq_ground
2026-05-18 04:00:00,25.57,5.55,2.6925,openaq_ground
2026-05-18 05:00:00,25.31,4.89,3.03,openaq_ground
2026-05-18 06:00:00,26.71,4.613333333333333,4.095,openaq_ground
2026-05-18 07:00:00,25.23,4.329999999999999,3.2125,openaq_ground
2026-05-18 08:00:00,17.6,7.423333333333333,5.175,openaq_ground
2026-05-18 09:00:00,20.55,18.87,9.842500000000001,openaq_ground
2026-05-18 10:00:00,13.355,16.393333333333334,9.932500000000001,openaq_ground
2026-05-18 11:00:00,,,1.9,openaq_ground
2026-05-18 12:00:00,11.504999999999999,16.166666666666668,9.99,openaq_ground
2026-05-18 13:00:00,12.184999999999999,15.263333333333334,9.7125,openaq_ground
2026-05-18 14:00:00,20.8,12.62,8.57,openaq_ground
2026-05-18 15:00:00,16.45,9.64,8.35,openaq_ground
2026-05-18 16:00:00,9.945,10.516666666666667,9.8225,openaq_ground
2026-05-18 17:00:00,10.629999999999999,9.363333333333333,8.870000000000001,openaq_ground
2026-05-18 18:00:00,18.7,10.82,9.57,openaq_ground
2026-05-18 19:00:00,19.65,16.366666666666664,11.297500000000001,openaq_ground
2026-05-18 20:00:00,20.05,22.433333333333334,11.922500000000001,openaq_ground
2026-05-18 21:00:00,22.7,18.5,12.25,openaq_ground
2026-05-18 22:00:00,44.5,,14.8,openaq_ground
2026-05-18 23:00:00,34.55,16.8,6.3575,openaq_ground
2026-05-19 00:00:00,27.0,16.666666666666668,4.4025,openaq_ground
2026-05-19 01:00:00,26.35,9.226666666666667,2.6425,openaq_ground
2026-05-19 02:00:00,21.045,8.966666666666667,2.4225000000000003,openaq_ground
2026-05-19 03:00:00,21.685,7.650000000000001,2.575,openaq_ground
2026-05-19 04:00:00,26.049999999999997,7.239999999999999,4.82,openaq_ground
2026-05-19 05:00:00,36.4,13.176666666666668,9.9575,openaq_ground
2026-05-19 06:00:00,37.0,57.1,40.775000000000006,openaq_ground
2026-05-19 07:00:00,34.85,56.43333333333334,42.6675,openaq_ground
2026-05-19 08:00:00,31.099999999999998,51.63333333333333,48.675,openaq_ground
2026-05-19 09:00:00,32.7,48.46666666666667,45.725,openaq_ground
2026-05-19 10:00:00,30.200000000000003,55.1,55.75,openaq_ground
2026-05-19 11:00:00,,,68.4,openaq_ground
2026-05-19 12:00:00,30.55,35.6,37.5,openaq_ground
2026-05-19 13:00:00,28.15,34.800000000000004,33.1775,openaq_ground
2026-05-19 14:00:00,24.4,26.03333333333333,25.025,openaq_ground
2026-05-19 15:00:00,20.0,13.393333333333333,12.962499999999999,openaq_ground
2026-05-19 16:00:00,18.15,10.090000000000002,8.9825,openaq_ground
2026-05-19 17:00:00,24.4,9.93,8.754999999999999,openaq_ground
2026-05-19 18:00:00,33.7,12.443333333333333,9.1325,openaq_ground
2026-05-19 19:00:00,35.15,14.6,11.950000000000001,openaq_ground
2026-05-19 20:00:00,32.5,46.199999999999996,14.485,openaq_ground
2026-05-19 21:00:00,34.15,36.05666666666667,16.355,openaq_ground
2026-05-19 22:00:00,29.05,23.799999999999997,15.013333333333334,openaq_ground
2026-05-19 23:00:00,28.2,17.25,9.79,openaq_ground
2026-05-20 00:00:00,23.6,9.855,6.236666666666667,openaq_ground
2026-05-20 01:00:00,24.335,10.0,5.3625,openaq_ground
2026-05-20 02:00:00,26.755,9.756666666666668,5.6625,openaq_ground
2026-05-20 03:00:00,26.15,9.62,5.77,openaq_ground
2026-05-20 04:00:00,28.6,9.706666666666665,6.7325,openaq_ground
2026-05-20 05:00:00,30.25,29.8,24.9925,openaq_ground
2026-05-20 06:00:00,28.3,33.1,30.135,openaq_ground
2026-05-20 07:00:00,31.6,37.56666666666666,37.25,openaq_ground
2026-05-20 08:00:00,28.35,43.86666666666667,44.15,openaq_ground
2026-05-20 09:00:00,32.3,37.733333333333334,41.550000000000004,openaq_ground
2026-05-20 10:00:00,27.299999999999997,40.96666666666667,36.17,openaq_ground
2026-05-20 11:00:00,,,42.5,openaq_ground
2026-05-20 12:00:00,25.799999999999997,17.573333333333334,13.85,openaq_ground
2026-05-20 13:00:00,20.950000000000003,10.196666666666667,8.94,openaq_ground
2026-05-20 14:00:00,22.2,14.746666666666668,11.1425,openaq_ground
2026-05-20 15:00:00,20.15,7.926666666666666,5.3825,openaq_ground
2026-05-20 16:00:00,20.3,12.393333333333333,4.515,openaq_ground
2026-05-20 17:00:00,31.6,9.086666666666668,3.8425000000000002,openaq_ground
2026-05-20 18:00:00,45.35,15.103333333333333,4.8875,openaq_ground
2026-05-20 19:00:00,55.5,20.573333333333334,4.645,openaq_ground
2026-05-20 20:00:00,43.8,22.833333333333332,4.075,openaq_ground
2026-05-20 21:00:00,32.1,11.815000000000001,2.0233333333333334,openaq_ground
2026-05-20 22:00:00,33.35,24.13,3.4050000000000002,openaq_ground
2026-05-20 23:00:00,35.6,14.413333333333334,3.5125,openaq_ground
2026-05-21 00:00:00,45.45,19.53333333333333,4.7675,openaq_ground
2026-05-21 01:00:00,39.0,27.2,7.62,openaq_ground
2026-05-21 02:00:00,50.7,94.5,18.8,openaq_ground
2026-05-21 03:00:00,55.55,55.26666666666666,19.5,openaq_ground
2026-05-21 04:00:00,22.450000000000003,27.333333333333332,12.8925,openaq_ground
2026-05-21 05:00:00,14.0,25.833333333333332,11.1425,openaq_ground
2026-05-21 06:00:00,14.365,16.233333333333334,8.61,openaq_ground
2026-05-21 07:00:00,19.7,22.900000000000002,13.795,openaq_ground
2026-05-21 08:00:00,39.6,33.63333333333333,18.3975,openaq_ground
2026-05-21 09:00:00,42.75,36.833333333333336,18.445,openaq_ground
2026-05-21 10:00:00,,,21.4,openaq_ground
2026-05-21 11:00:00,,,15.4,openaq_ground
2026-05-21 12:00:00,,,9.0,openaq_ground
2026-05-21 13:00:00,17.6,20.3,9.38,openaq_ground
2026-05-21 14:00:00,15.8,21.400000000000002,11.1325,openaq_ground
2026-05-21 15:00:00,19.8,28.23333333333333,10.975,openaq_ground
2026-05-21 16:00:00,8.41,18.8,8.2025,openaq_ground
2026-05-21 17:00:00,13.9,17.099999999999998,5.89,openaq_ground
2026-05-21 18:00:00,27.9,18.8,6.5024999999999995,openaq_ground
2026-05-21 19:00:00,43.8,22.566666666666666,7.147500000000001,openaq_ground
2026-05-21 20:00:00,38.15,18.433333333333334,7.63,openaq_ground
2026-05-21 21:00:00,24.9,16.099999999999998,7.08,openaq_ground
2026-05-21 22:00:00,22.509999999999998,16.53333333333333,6.945,openaq_ground
2026-05-21 23:00:00,24.669999999999998,16.0,7.0825,openaq_ground
2026-05-22 00:00:00,21.919999999999998,16.96666666666667,7.15,openaq_ground
2026-05-22 01:00:00,24.48,18.166666666666668,7.5600000000000005,openaq_ground
2026-05-22 02:00:00,20.235,19.5,7.9325,openaq_ground
2026-05-22 03:00:00,19.655,19.766666666666666,8.415,openaq_ground
2026-05-22 04:00:00,32.0,25.333333333333332,11.925,openaq_ground
2026-05-22 05:00:00,21.75,29.7,13.75,openaq_ground
2026-05-22 06:00:00,24.765,24.8,11.825,openaq_ground
2026-05-22 07:00:00,21.830000000000002,24.166666666666668,13.342500000000001,openaq_ground
2026-05-22 08:00:00,34.9,34.1,27.975,openaq_ground
2026-05-22 09:00:00,32.2,39.53333333333333,33.775,openaq_ground
2026-05-22 10:00:00,24.35,29.46666666666667,28.325,openaq_ground
2026-05-22 11:00:00,,,31.0,openaq_ground
2026-05-22 12:00:00,13.7,20.266666666666666,14.575,openaq_ground
2026-05-22 13:00:00,,,13.8,openaq_ground
2026-05-22 14:00:00,13.8,20.033333333333335,12.7925,openaq_ground
2026-05-22 15:00:00,11.674999999999999,24.7,16.950000000000003,openaq_ground
2026-05-22 16:00:00,13.549999999999999,17.26666666666667,10.5475,openaq_ground
2026-05-22 17:00:00,13.5,12.969999999999999,7.295,openaq_ground
2026-05-22 18:00:00,16.5,18.52333333333333,11.945,openaq_ground
2026-05-22 19:00:00,18.6,21.400000000000002,14.075,openaq_ground
2026-05-22 20:00:00,18.9,19.933333333333334,15.4,openaq_ground
2026-05-22 21:00:00,23.65,22.366666666666664,16.025,openaq_ground
2026-05-22 22:00:00,30.099999999999998,25.666666666666668,13.875,openaq_ground
2026-05-22 23:00:00,31.8,17.166666666666668,6.1225000000000005,openaq_ground
2026-05-23 00:00:00,28.79,10.043333333333335,3.5324999999999998,openaq_ground
2026-05-23 01:00:00,29.265,13.666666666666666,3.785,openaq_ground
2026-05-23 02:00:00,25.055,11.420000000000002,3.51,openaq_ground
2026-05-23 03:00:00,28.225,12.713333333333333,3.6950000000000003,openaq_ground
2026-05-23 04:00:00,27.35,13.333333333333334,5.9125,openaq_ground
2026-05-23 05:00:00,35.45,15.866666666666667,16.475,openaq_ground
2026-05-23 06:00:00,26.400000000000002,13.283333333333333,18.2875,openaq_ground
2026-05-23 07:00:00,24.1,13.066666666666668,17.1225,openaq_ground
2026-05-23 08:00:00,27.2,12.233333333333334,17.0275,openaq_ground
2026-05-23 09:00:00,31.55,53.43333333333334,46.625,openaq_ground
2026-05-23 10:00:00,30.15,42.56666666666667,38.3,openaq_ground
2026-05-23 11:00:00,,,56.3,openaq_ground
2026-05-23 12:00:00,24.05,37.266666666666666,36.45,openaq_ground
2026-05-23 13:00:00,18.8,36.86666666666667,33.8,openaq_ground
2026-05-23 14:00:00,,,40.1,openaq_ground
2026-05-23 15:00:00,15.25,28.0,27.125,openaq_ground
2026-05-23 16:00:00,13.9,32.43333333333334,30.25,openaq_ground
2026-05-23 17:00:00,15.4,30.7,28.225,openaq_ground
2026-05-23 18:00:00,13.149999999999999,25.166666666666668,23.525,openaq_ground
2026-05-23 19:00:00,15.350000000000001,26.633333333333336,23.75,openaq_ground
2026-05-23 20:00:00,20.9,30.03333333333333,26.674999999999997,openaq_ground
2026-05-23 21:00:00,23.4,25.433333333333334,23.475,openaq_ground
2026-05-23 22:00:00,29.6,22.2,17.7,openaq_ground
2026-05-23 23:00:00,28.0,17.766666666666666,11.05,openaq_ground
2026-05-24 00:00:00,37.2,16.833333333333332,7.91,openaq_ground
2026-05-24 01:00:00,23.740000000000002,16.733333333333334,7.3475,openaq_ground
2026-05-24 02:00:00,26.595,16.933333333333334,7.68,openaq_ground
2026-05-24 03:00:00,20.259999999999998,24.666666666666668,13.9025,openaq_ground
2026-05-24 04:00:00,20.44,16.633333333333333,9.875,openaq_ground
2026-05-24 05:00:00,43.4,,26.1,openaq_ground
2026-05-24 06:00:00,20.985,19.5,14.997499999999999,openaq_ground
2026-05-24 07:00:00,17.335,16.23333333333333,8.7475,openaq_ground
2026-05-24 08:00:00,19.245,14.023333333333333,11.067499999999999,openaq_ground
2026-05-24 09:00:00,9.775,21.733333333333334,17.5375,openaq_ground
2026-05-24 10:00:00,7.46,14.133333333333333,9.030000000000001,openaq_ground
2026-05-24 11:00:00,,,6.0,openaq_ground
2026-05-24 12:00:00,3.88,14.266666666666666,8.0125,openaq_ground
2026-05-24 13:00:00,7.42,12.373333333333333,6.7475000000000005,openaq_ground
2026-05-24 14:00:00,9.31,12.013333333333334,5.83,openaq_ground
2026-05-24 15:00:00,17.8,10.623333333333333,6.135,openaq_ground
2026-05-24 16:00:00,12.95,12.596666666666666,9.1125,openaq_ground
2026-05-24 17:00:00,15.200000000000001,9.236666666666666,9.1275,openaq_ground
2026-05-24 18:00:00,18.7,11.94,11.7675,openaq_ground
2026-05-24 19:00:00,23.39,25.333333333333332,18.8225,openaq_ground
2026-05-24 20:00:00,26.2,24.3,20.165,openaq_ground
2026-05-24 21:00:00,30.45,22.330000000000002,18.5975,openaq_ground
2026-05-24 22:00:00,26.95,17.69,12.88,openaq_ground
2026-05-24 23:00:00,25.8,12.946666666666665,9.19,openaq_ground
2026-05-25 00:00:00,29.75,10.246666666666668,6.845,openaq_ground
2026-05-25 01:00:00,22.75,10.966666666666667,3.61,openaq_ground
2026-05-25 02:00:00,27.599999999999998,8.81,3.3375000000000004,openaq_ground
2026-05-25 03:00:00,31.299999999999997,8.540000000000001,3.3325,openaq_ground
2026-05-25 04:00:00,28.3,10.823333333333332,5.81,openaq_ground
2026-05-25 05:00:00,36.95,21.866666666666664,17.365,openaq_ground
2026-05-25 06:00:00,34.9,25.093333333333334,25.455,openaq_ground
2026-05-25 07:00:00,33.2,27.566666666666663,25.224999999999998,openaq_ground
2026-05-25 08:00:00,23.1,14.0,12.54,openaq_ground
2026-05-25 09:00:00,19.05,18.433333333333334,18.340000000000003,openaq_ground
2026-05-25 10:00:00,20.65,20.936666666666667,18.6725,openaq_ground
2026-05-25 11:00:00,,,47.6,openaq_ground
2026-05-25 12:00:00,21.25,17.8,21.58,openaq_ground
2026-05-25 13:00:00,11.5,9.400666666666668,10.8035,openaq_ground
2026-05-25 14:00:00,12.8,10.723333333333334,10.504,openaq_ground
2026-05-25 15:00:00,10.7,11.916666666666666,11.5975,openaq_ground
2026-05-25 16:00:00,11.165,13.313333333333333,13.355,openaq_ground
2026-05-25 17:00:00,12.77,13.976666666666667,13.55,openaq_ground
2026-05-25 18:00:00,19.0,12.576666666666666,13.6725,openaq_ground
2026-05-25 19:00:00,21.2,11.273333333333333,11.817499999999999,openaq_ground
2026-05-25 20:00:00,21.95,17.846666666666668,13.4275,openaq_ground
2026-05-25 21:00:00,22.45,9.459999999999999,5.48,openaq_ground
2026-05-25 22:00:00,16.975,4.843333333333333,3.2925,openaq_ground
2026-05-25 23:00:00,13.825,4.116666666666666,1.7762499999999999,openaq_ground
2026-05-26 00:00:00,14.264999999999999,5.173333333333334,1.6887500000000002,openaq_ground
2026-05-26 01:00:00,14.585,7.723333333333334,3.06,openaq_ground
2026-05-26 02:00:00,14.035,12.956666666666669,4.41225,openaq_ground
2026-05-26 03:00:00,19.705,14.533333333333333,5.295,openaq_ground
2026-05-26 04:00:00,24.814999999999998,15.976666666666667,8.39,openaq_ground
2026-05-26 05:00:00,23.450000000000003,14.906666666666666,9.245,openaq_ground
2026-05-26 06:00:00,26.1,19.013333333333332,9.875,openaq_ground
2026-05-26 07:00:00,19.05,14.25,9.875,openaq_ground
2026-05-26 08:00:00,18.325,20.463333333333335,14.6725,openaq_ground
2026-05-26 09:00:00,14.649999999999999,18.933333333333334,14.0175,openaq_ground
2026-05-26 10:00:00,16.15,26.653333333333336,26.0875,openaq_ground
2026-05-26 11:00:00,,,46.7,openaq_ground
2026-05-26 12:00:00,20.3,21.183333333333334,15.540000000000001,openaq_ground
2026-05-26 13:00:00,15.05,24.173333333333332,16.94,openaq_ground
2026-05-26 14:00:00,12.2,22.939999999999998,17.544999999999998,openaq_ground
2026-05-26 15:00:00,14.45,20.846666666666668,16.4525,openaq_ground
2026-05-26 16:00:00,15.899999999999999,16.526666666666667,13.6125,openaq_ground
2026-05-26 17:00:00,13.25,17.714,14.007249999999999,openaq_ground
2026-05-26 18:00:00,29.349999999999998,22.629333333333335,17.86625,openaq_ground
2026-05-26 19:00:00,30.9,36.34733333333333,17.70525,openaq_ground
2026-05-26 20:00:00,33.45,18.19,11.2205,openaq_ground
2026-05-26 21:00:00,35.95,19.9,10.376666666666667,openaq_ground
2026-05-26 22:00:00,28.700000000000003,9.936666666666666,3.8954999999999997,openaq_ground
2026-05-26 23:00:00,25.4,9.326666666666666,3.38775,openaq_ground
2026-05-27 00:00:00,28.41,8.153333333333334,2.777,openaq_ground
2026-05-27 01:00:00,19.455000000000002,7.22,2.7247500000000002,openaq_ground
2026-05-27 02:00:00,29.134999999999998,8.22,2.9465,openaq_ground
2026-05-27 03:00:00,24.89,9.936666666666666,3.3295000000000003,openaq_ground
2026-05-27 04:00:00,33.9,9.676666666666668,4.4742500000000005,openaq_ground
2026-05-27 05:00:00,32.65,10.969999999999999,11.69,openaq_ground
2026-05-27 06:00:00,31.9,18.663333333333334,14.9475,openaq_ground
2026-05-27 07:00:00,30.200000000000003,13.603333333333332,16.895,openaq_ground
2026-05-27 08:00:00,24.25,9.643333333333333,14.685,openaq_ground
2026-05-27 09:00:00,26.200000000000003,11.526666666666666,11.9975,openaq_ground
2026-05-27 10:00:00,27.5,13.243333333333332,15.1325,openaq_ground
2026-05-27 11:00:00,,,26.2,openaq_ground
2026-05-27 12:00:00,22.6,19.933333333333334,15.925,openaq_ground
2026-05-27 13:00:00,16.2,16.51,19.3675,openaq_ground
2026-05-27 14:00:00,12.0,16.14,18.732499999999998,openaq_ground
2026-05-27 15:00:00,16.549999999999997,11.076666666666668,12.967500000000001,openaq_ground
2026-05-27 16:00:00,12.75,13.009,15.4735,openaq_ground
2026-05-27 17:00:00,19.1,11.357333333333335,15.411750000000001,openaq_ground
2026-05-27 18:00:00,25.0,9.956,11.212,openaq_ground
2026-05-27 19:00:00,27.15,13.756666666666668,13.354999999999999,openaq_ground
2026-05-27 20:00:00,27.0,18.15,23.23333333333333,openaq_ground
2026-05-27 21:00:00,29.0,29.5,18.666666666666668,openaq_ground
2026-05-27 22:00:00,26.7,24.0,17.8,openaq_ground
2026-05-27 23:00:00,28.0,25.049999999999997,17.2,openaq_ground
2026-05-28 00:00:00,37.1,17.35,16.533333333333335,openaq_ground
2026-05-28 01:00:00,42.8,16.0,11.833333333333334,openaq_ground
2026-05-28 02:00:00,39.5,36.65,13.133333333333333,openaq_ground
2026-05-28 03:00:00,53.4,25.933333333333334,12.925,openaq_ground
2026-05-28 04:00:00,40.9,38.63333333333333,21.3,openaq_ground
2026-05-28 05:00:00,42.9,29.666666666666668,18.6925,openaq_ground
2026-05-28 06:00:00,37.5,18.833333333333332,19.95,openaq_ground
2026-05-28 07:00:00,32.9,38.733333333333334,37.775,openaq_ground
2026-05-28 08:00:00,25.7,33.199999999999996,33.475,openaq_ground
2026-05-28 09:00:00,26.55,45.1,41.25,openaq_ground
2026-05-28 10:00:00,22.85,51.333333333333336,47.95,openaq_ground
2026-05-28 11:00:00,,,49.7,openaq_ground
2026-05-28 12:00:00,19.2,26.866666666666664,31.7,openaq_ground
2026-05-28 13:00:00,15.100000000000001,27.900000000000002,31.625,openaq_ground
2026-05-28 14:00:00,15.3,25.3,29.9,openaq_ground
2026-05-28 15:00:00,10.32,22.433333333333334,27.925,openaq_ground
2026-05-28 16:00:00,8.775,24.066666666666666,28.5,openaq_ground
2026-05-28 17:00:00,7.7700000000000005,23.5,25.724999999999998,openaq_ground
2026-05-28 18:00:00,7.805,26.5,24.575,openaq_ground
2026-05-28 19:00:00,13.145,34.300000000000004,33.125,openaq_ground
2026-05-28 20:00:00,12.865,52.300000000000004,39.55,openaq_ground
2026-05-28 21:00:00,19.39,37.63333333333333,28.275,openaq_ground
2026-05-28 22:00:00,28.35,17.8,13.635,openaq_ground
2026-05-28 23:00:00,33.55,18.733333333333334,13.6575,openaq_ground
2026-05-29 00:00:00,27.400000000000002,22.666666666666668,12.622499999999999,openaq_ground
2026-05-29 01:00:00,25.5,15.0,7.5649999999999995,openaq_ground
2026-05-29 02:00:00,26.55,25.3,9.1475,openaq_ground
2026-05-29 03:00:00,24.299999999999997,27.7,11.1025,openaq_ground
2026-05-29 04:00:00,31.1,24.366666666666664,11.585,openaq_ground
2026-05-29 05:00:00,34.45,31.166666666666668,18.075,openaq_ground
2026-05-29 06:00:00,31.7,41.699999999999996,33.79,openaq_ground
2026-05-29 07:00:00,24.450000000000003,59.0,48.5,openaq_ground
2026-05-29 08:00:00,16.55,73.83333333333333,69.4,openaq_ground
2026-05-29 09:00:00,25.4,57.096666666666664,59.5125,openaq_ground
2026-05-29 10:00:00,26.700000000000003,36.38,37.7875,openaq_ground
2026-05-29 11:00:00,,,8.4,openaq_ground
2026-05-29 12:00:00,8.120000000000001,32.42666666666667,23.07,openaq_ground
2026-05-29 13:00:00,8.26,19.576666666666668,12.435,openaq_ground
2026-05-29 14:00:00,2.05,28.700000000000003,18.532500000000002,openaq_ground
2026-05-29 15:00:00,3.505,24.146666666666665,15.2425,openaq_ground
2026-05-29 16:00:00,2.65,12.663333333333334,7.2775,openaq_ground
2026-05-29 17:00:00,4.37,9.209999999999999,5.015000000000001,openaq_ground
2026-05-29 18:00:00,5.74,29.55333333333333,19.6775,openaq_ground
2026-05-29 19:00:00,8.535,12.799999999999999,6.0525,openaq_ground
2026-05-29 20:00:00,13.9,7.526666666666667,4.4775,openaq_ground
2026-05-29 21:00:00,13.41,5.963333333333334,4.035,openaq_ground
2026-05-29 22:00:00,13.035,8.776666666666666,4.97,openaq_ground
2026-05-29 23:00:00,13.135,8.87,4.8025,openaq_ground
2026-05-30 00:00:00,15.795,12.066666666666668,5.234999999999999,openaq_ground
2026-05-30 01:00:00,14.83,12.986666666666666,5.095,openaq_ground
2026-05-30 02:00:00,13.28,11.666666666666666,4.975,openaq_ground
2026-05-30 03:00:00,14.21,12.253333333333332,4.4750000000000005,openaq_ground
2026-05-30 04:00:00,17.075,12.566666666666668,5.43,openaq_ground
2026-05-30 05:00:00,14.725000000000001,13.843333333333334,6.970000000000001,openaq_ground
2026-05-30 06:00:00,19.335,15.486666666666666,7.8975,openaq_ground
2026-05-30 07:00:00,20.605,21.53333333333333,15.725,openaq_ground
2026-05-30 08:00:00,16.85,31.596666666666664,27.375,openaq_ground
2026-05-30 09:00:00,22.05,25.233333333333334,25.485,openaq_ground
2026-05-30 10:00:00,18.75,42.65,34.375,openaq_ground
2026-05-30 11:00:00,,,15.7,openaq_ground
2026-05-30 12:00:00,15.1,54.9,24.1,openaq_ground
2026-05-30 13:00:00,9.58,11.1,6.42,openaq_ground
2026-05-30 14:00:00,10.4,16.566666666666666,10.1025,openaq_ground
2026-05-30 15:00:00,6.225,7.236666666666667,2.3325,openaq_ground
2026-05-30 16:00:00,2.295,5.05,1.575,openaq_ground
2026-05-30 17:00:00,2.67,7.706666666666667,2.655,openaq_ground
2026-05-30 18:00:00,10.6,8.58,2.3274999999999997,openaq_ground
2026-05-30 19:00:00,12.6,5.453333333333333,2.0105,openaq_ground
2026-05-30 20:00:00,10.655000000000001,6.046666666666667,1.6575,openaq_ground
2026-05-30 21:00:00,32.2,8.206666666666667,1.9025,openaq_ground
2026-05-30 22:00:00,27.0,9.04,2.795,openaq_ground
2026-05-30 23:00:00,36.3,11.26,2.95,openaq_ground
2026-05-31 00:00:00,28.2,15.6,3.5475,openaq_ground
2026-05-31 01:00:00,26.5,11.97,2.31,openaq_ground
2026-05-31 02:00:00,33.7,15.766666666666666,3.55,openaq_ground
2026-05-31 03:00:00,21.3,19.0,5.0875,openaq_ground
2026-05-31 04:00:00,29.9,13.86,4.055,openaq_ground
2026-05-31 05:00:00,,,8.7,openaq_ground
2026-05-31 06:00:00,30.0,13.729999999999999,5.3625,openaq_ground
2026-05-31 07:00:00,28.5,14.839999999999998,5.105,openaq_ground
2026-05-31 08:00:00,18.8,13.053333333333335,4.6475,openaq_ground
2026-05-31 09:00:00,14.2,10.883333333333333,3.647,openaq_ground
2026-05-31 10:00:00,14.0,10.590000000000002,3.7424999999999997,openaq_ground
2026-05-31 11:00:00,,,0.9,openaq_ground
2026-05-31 12:00:00,4.0600000000000005,15.799999999999999,5.2075,openaq_ground
2026-05-31 13:00:00,3.6799999999999997,18.433333333333334,5.779999999999999,openaq_ground
2026-05-31 14:00:00,3.13,9.51,2.6824999999999997,openaq_ground
2026-05-31 15:00:00,4.415,9.086666666666666,2.4425,openaq_ground
2026-05-31 16:00:00,2.46,8.496666666666668,2.1850000000000005,openaq_ground
2026-05-31 17:00:00,3.515,7.420000000000001,2.0475,openaq_ground
2026-05-31 18:00:00,19.205,10.54,3.325,openaq_ground
2026-05-31 19:00:00,8.469999999999999,16.04,5.9075,openaq_ground
2026-05-31 20:00:00,19.15,24.166666666666668,8.49,openaq_ground
2026-05-31 21:00:00,26.75,23.2,8.6775,openaq_ground
2026-05-31 22:00:00,22.3,19.5,8.317499999999999,openaq_ground
2026-05-31 23:00:00,19.32,18.7,7.5575,openaq_ground
2026-06-01 00:00:00,21.805,24.066666666666666,9.5375,openaq_ground
2026-06-01 01:00:00,16.215,30.400000000000002,11.15,openaq_ground
2026-06-01 02:00:00,25.325,32.13333333333333,13.682500000000001,openaq_ground
2026-06-01 03:00:00,33.480000000000004,56.6,14.2,openaq_ground
2026-06-01 04:00:00,23.88,32.53333333333333,13.825,openaq_ground
2026-06-01 05:00:00,19.29,30.833333333333332,14.8,openaq_ground
2026-06-01 06:00:00,,,9.4,openaq_ground
2026-06-01 07:00:00,11.0,27.96666666666667,12.6,openaq_ground
2026-06-01 08:00:00,15.705,28.5,12.425,openaq_ground
2026-06-01 09:00:00,9.73,28.2,13.525,openaq_ground
2026-06-01 10:00:00,4.985,24.133333333333336,11.475000000000001,openaq_ground
2026-06-01 11:00:00,,,5.5,openaq_ground
2026-06-01 12:00:00,1.74,20.833333333333332,9.8275,openaq_ground
2026-06-01 13:00:00,,,3.2,openaq_ground
2026-06-01 14:00:00,2.33,28.633333333333336,10.6,openaq_ground
2026-06-01 15:00:00,2.615,22.2,9.675,openaq_ground
2026-06-01 16:00:00,2.895,25.066666666666666,9.6175,openaq_ground
2026-06-01 17:00:00,5.045,22.900000000000002,9.215,openaq_ground
2026-06-01 18:00:00,20.855,24.96666666666667,9.59,openaq_ground
2026-06-01 19:00:00,30.549999999999997,26.53333333333333,10.65,openaq_ground
2026-06-01 20:00:00,31.3,27.666666666666668,10.55,openaq_ground
2026-06-01 21:00:00,30.1,34.23333333333333,12.0,openaq_ground
2026-06-01 22:00:00,30.6,36.666666666666664,13.350000000000001,openaq_ground
2026-06-01 23:00:00,29.150000000000002,29.96666666666667,12.6,openaq_ground
2026-06-02 00:00:00,35.9,24.599999999999998,9.7,openaq_ground
2026-06-02 01:00:00,13.399999999999999,19.233333333333334,6.7125,openaq_ground
2026-06-02 02:00:00,13.620000000000001,13.366666666666667,7.574999999999999,openaq_ground
2026-06-02 03:00:00,12.105,12.340000000000002,7.5925,openaq_ground
2026-06-02 04:00:00,15.09,8.076666666666666,4.3825,openaq_ground
2026-06-02 05:00:00,13.86,9.643333333333333,6.42,openaq_ground
2026-06-02 06:00:00,11.674999999999999,9.58,6.0125,openaq_ground
2026-06-02 07:00:00,11.5,8.513333333333334,4.907500000000001,openaq_ground
2026-06-02 08:00:00,10.274999999999999,10.573333333333332,6.65,openaq_ground
2026-06-02 09:00:00,9.535,6.56,3.215,openaq_ground
2026-06-02 10:00:00,,,0.4,openaq_ground
2026-06-02 11:00:00,,,1.2,openaq_ground
2026-06-02 12:00:00,,,0.6,openaq_ground
2026-06-02 13:00:00,5.53,4.093333333333334,1.6284999999999998,openaq_ground
2026-06-02 14:00:00,8.64,2.9133333333333336,1.36075,openaq_ground
2026-06-02 15:00:00,7.44,2.7733333333333334,0.79625,openaq_ground
2026-06-02 16:00:00,4.915,3.813333333333333,1.77975,openaq_ground
2026-06-02 17:00:00,12.64,6.386666666666667,2.6950000000000003,openaq_ground
2026-06-02 18:00:00,34.2,3.67,2.165,openaq_ground
2026-06-02 19:00:00,41.2,8.450000000000001,4.3375,openaq_ground
2026-06-02 20:00:00,46.8,8.856666666666667,5.385,openaq_ground
2026-06-02 21:00:00,44.95,8.246666666666666,6.1025,openaq_ground
2026-06-02 22:00:00,35.4,7.06,3.6075,openaq_ground
2026-06-02 23:00:00,34.2,7.02,1.915,openaq_ground
2026-06-03 00:00:00,31.36,9.03,2.3775,openaq_ground
2026-06-03 01:00:00,30.905,7.713333333333334,2.5375,openaq_ground
2026-06-03 02:00:00,28.895,5.84,1.915,openaq_ground
2026-06-03 03:00:00,24.21,6.226666666666667,2.07,openaq_ground
2026-06-03 04:00:00,36.0,7.833333333333333,3.9675,openaq_ground
2026-06-03 05:00:00,29.75,8.203333333333333,4.8225,openaq_ground
2026-06-03 06:00:00,28.325,8.983333333333333,5.24,openaq_ground
2026-06-03 07:00:00,18.53,5.703333333333333,3.1174999999999997,openaq_ground
2026-06-03 08:00:00,15.41,6.383333333333333,3.685,openaq_ground
2026-06-03 09:00:00,14.685,7.346666666666667,3.435,openaq_ground
2026-06-03 10:00:00,,,2.1,openaq_ground
2026-06-03 11:00:00,,,1.2,openaq_ground
2026-06-03 12:00:00,4.23,6.029999999999999,2.5966666666666667,openaq_ground
2026-06-03 13:00:00,5.455,6.63,3.2075,openaq_ground
2026-06-03 14:00:00,13.9,4.72,2.4725,openaq_ground
2026-06-03 15:00:00,2.79,8.82,3.8625,openaq_ground
2026-06-03 16:00:00,3.675,9.27,4.3475,openaq_ground
2026-06-03 17:00:00,4.355,12.133333333333333,5.335,openaq_ground
2026-06-03 18:00:00,31.9,10.233333333333333,4.8075,openaq_ground
2026-06-03 19:00:00,43.7,18.866666666666667,8.6825,openaq_ground
2026-06-03 20:00:00,36.6,27.0,12.9625,openaq_ground
2026-06-03 21:00:00,18.8,20.633333333333333,6.1875,openaq_ground
2026-06-03 22:00:00,32.0,14.433333333333332,4.7175,openaq_ground
2026-06-03 23:00:00,36.3,12.223333333333334,3.6375,openaq_ground
2026-06-04 00:00:00,37.2,13.566666666666668,3.565,openaq_ground
2026-06-04 01:00:00,45.9,17.5,4.04,openaq_ground
2026-06-04 02:00:00,51.4,17.733333333333334,5.1375,openaq_ground
2026-06-04 03:00:00,46.8,13.233333333333334,3.4375,openaq_ground
2026-06-04 04:00:00,49.9,17.383333333333333,5.4275,openaq_ground
2026-06-04 05:00:00,59.9,16.766666666666666,6.6499999999999995,openaq_ground
2026-06-04 06:00:00,48.4,16.386666666666667,6.3175,openaq_ground
2026-06-04 07:00:00,53.7,11.78,6.7825,openaq_ground
2026-06-04 08:00:00,47.6,10.92,5.2525,openaq_ground
2026-06-04 09:00:00,40.1,25.866666666666664,12.5075,openaq_ground
2026-06-04 10:00:00,31.3,14.443333333333333,11.5625,openaq_ground
2026-06-04 11:00:00,,,13.2,openaq_ground
2026-06-04 12:00:00,,,2.8,openaq_ground
2026-06-04 13:00:00,14.25,13.466666666666667,7.335,openaq_ground
2026-06-04 14:00:00,15.3,8.62,5.6,openaq_ground
2026-06-04 15:00:00,13.86,12.863333333333332,5.225,openaq_ground
2026-06-04 16:00:00,7.9,12.093333333333334,3.5775,openaq_ground
2026-06-04 17:00:00,24.95,9.273333333333333,2.69,openaq_ground
2026-06-04 18:00:00,43.75,11.933333333333332,2.9225000000000003,openaq_ground
2026-06-04 19:00:00,61.1,13.596666666666666,3.4525,openaq_ground
2026-06-04 20:00:00,44.5,18.166666666666668,4.7225,openaq_ground
2026-06-04 21:00:00,40.2,17.733333333333334,5.0125,openaq_ground
2026-06-04 22:00:00,31.0,13.913333333333334,3.4225000000000003,openaq_ground
2026-06-04 23:00:00,39.5,17.533333333333335,4.2675,openaq_ground
2026-06-05 00:00:00,63.4,17.2,5.0775,openaq_ground
2026-06-05 01:00:00,37.15,29.200000000000003,11.605,openaq_ground
2026-06-05 02:00:00,53.0,21.2,10.8675,openaq_ground
2026-06-05 03:00:00,53.8,26.8,17.125,openaq_ground
2026-06-05 04:00:00,55.25,26.5,17.375,openaq_ground
2026-06-05 05:00:00,48.85,42.43333333333333,25.325,openaq_ground
2026-06-05 06:00:00,44.25,51.4,37.075,openaq_ground
2026-06-05 07:00:00,42.05,25.599999999999998,25.325,openaq_ground
2026-06-05 08:00:00,33.1,43.300000000000004,36.45,openaq_ground
2026-06-05 09:00:00,34.1,30.41333333333333,27.6825,openaq_ground
2026-06-05 10:00:00,35.35,37.266666666666666,35.675,openaq_ground
2026-06-05 11:00:00,,,32.9,openaq_ground
2026-06-05 12:00:00,30.9,10.7,20.08,openaq_ground
2026-06-05 13:00:00,19.1,37.1,27.950000000000003,openaq_ground
2026-06-05 14:00:00,24.6,23.166666666666668,15.4925,openaq_ground
2026-06-05 15:00:00,19.75,13.046666666666667,8.2325,openaq_ground
2026-06-05 16:00:00,21.7,6.636666666666667,4.1835,openaq_ground
2026-06-05 17:00:00,9.645,5.0566666666666675,2.161,openaq_ground
2026-06-05 18:00:00,10.565000000000001,5.080000000000001,2.4299999999999997,openaq_ground
2026-06-05 19:00:00,11.055,5.896666666666666,3.2325,openaq_ground
2026-06-05 20:00:00,11.205,7.043333333333333,3.885,openaq_ground
2026-06-05 21:00:00,13.690000000000001,8.396666666666667,4.0425,openaq_ground
2026-06-05 22:00:00,14.36,8.386666666666667,4.07,openaq_ground
2026-06-05 23:00:00,13.765,11.416666666666666,5.08,openaq_ground
2026-06-06 00:00:00,14.335,11.063333333333333,4.782500000000001,openaq_ground
2026-06-06 01:00:00,14.58,9.876666666666667,5.495,openaq_ground
2026-06-06 02:00:00,12.77,10.780000000000001,5.245,openaq_ground
2026-06-06 03:00:00,16.485,12.40333333333333,6.515,openaq_ground
2026-06-06 04:00:00,20.045,11.700000000000001,6.8875,openaq_ground
2026-06-06 05:00:00,22.349999999999998,18.3,13.809999999999999,openaq_ground
2026-06-06 06:00:00,30.650000000000002,35.800000000000004,27.549999999999997,openaq_ground
2026-06-06 07:00:00,32.3,39.833333333333336,33.925,openaq_ground
2026-06-06 08:00:00,29.75,24.833333333333332,24.17,openaq_ground
2026-06-06 09:00:00,25.15,38.86666666666667,32.775,openaq_ground
2026-06-06 10:00:00,24.25,26.433333333333334,26.15,openaq_ground
2026-06-06 11:00:00,,,18.9,openaq_ground
2026-06-06 12:00:00,17.3,19.0,14.87,openaq_ground
2026-06-06 13:00:00,8.350000000000001,15.81,10.6275,openaq_ground
2026-06-06 14:00:00,8.71,10.763333333333334,5.895,openaq_ground
2026-06-06 15:00:00,5.67,7.453333333333333,4.217499999999999,openaq_ground
2026-06-06 16:00:00,3.08,8.44,5.98,openaq_ground
2026-06-06 17:00:00,11.2,11.9,7.783333333333334,openaq_ground
2026-06-06 18:00:00,9.665,10.346666666666666,11.600000000000001,openaq_ground
2026-06-06 19:00:00,15.1,11.966666666666667,14.7675,openaq_ground
2026-06-06 20:00:00,17.5,16.033333333333335,18.95,openaq_ground
2026-06-06 21:00:00,24.5,12.203333333333333,6.805,openaq_ground
2026-06-06 22:00:00,22.275,8.299999999999999,3.115,openaq_ground
2026-06-06 23:00:00,16.45,7.553333333333335,2.8375,openaq_ground
2026-06-07 00:00:00,13.4,7.1933333333333325,2.895,openaq_ground
2026-06-07 01:00:00,16.935000000000002,7.3933333333333335,2.865,openaq_ground
2026-06-07 02:00:00,18.05,8.75,3.12,openaq_ground
2026-06-07 03:00:00,21.77,14.066666666666665,4.615,openaq_ground
2026-06-07 04:00:00,24.349999999999998,17.233333333333334,8.05,openaq_ground
2026-06-07 05:00:00,,,23.2,openaq_ground
2026-06-07 06:00:00,39.25,58.86666666666667,52.2625,openaq_ground
2026-06-07 07:00:00,36.65,76.16666666666667,85.675,openaq_ground
2026-06-07 08:00:00,34.55,81.0,80.825,openaq_ground
2026-06-07 09:00:00,31.2,77.0,79.3,openaq_ground
2026-06-07 10:00:00,28.5,91.56666666666666,83.80000000000001,openaq_ground
2026-06-07 11:00:00,,,35.5,openaq_ground
2026-06-07 12:00:00,13.0,40.800000000000004,34.8,openaq_ground
2026-06-07 13:00:00,18.55,30.666666666666668,24.564999999999998,openaq_ground
2026-06-07 14:00:00,,,15.0,openaq_ground
2026-06-07 15:00:00,14.0,22.566666666666666,17.21,openaq_ground
2026-06-07 16:00:00,13.100000000000001,22.2,17.285,openaq_ground
2026-06-07 17:00:00,16.05,35.666666666666664,23.765,openaq_ground
2026-06-07 18:00:00,33.3,27.3,17.6325,openaq_ground
2026-06-07 19:00:00,52.300000000000004,42.96666666666666,17.925,openaq_ground
2026-06-07 20:00:00,20.450000000000003,8.876666666666667,5.7524999999999995,openaq_ground
2026-06-07 21:00:00,19.6,3.686666666666666,1.6387500000000002,openaq_ground
2026-06-07 22:00:00,17.585,4.6499999999999995,0.74,openaq_ground
2026-06-07 23:00:00,12.135,4.4366666666666665,0.769,openaq_ground
2026-06-08 00:00:00,9.88,7.113333333333333,1.237,openaq_ground
2026-06-08 01:00:00,14.149999999999999,5.283333333333333,1.04625,openaq_ground
2026-06-08 02:00:00,16.34,26.400000000000002,8.335,openaq_ground
2026-06-08 03:00:00,11.72,29.733333333333334,11.625,openaq_ground
2026-06-08 04:00:00,9.555,26.03333333333333,12.225,openaq_ground
2026-06-08 05:00:00,8.719999999999999,19.400000000000002,9.62,openaq_ground
2026-06-08 06:00:00,13.175,20.03333333333333,9.7175,openaq_ground
2026-06-08 07:00:00,12.775,21.666666666666668,11.7,openaq_ground
2026-06-08 08:00:00,20.375,26.599999999999998,13.469999999999999,openaq_ground
2026-06-08 09:00:00,9.235,19.366666666666667,8.465,openaq_ground
2026-06-08 10:00:00,8.379999999999999,17.266666666666666,8.0225,openaq_ground
2026-06-08 11:00:00,,,7.7,openaq_ground
2026-06-08 12:00:00,,,3.7,openaq_ground
2026-06-08 13:00:00,6.3,9.246666666666668,3.9225,openaq_ground
2026-06-08 14:00:00,8.16,9.74,3.785,openaq_ground
2026-06-08 15:00:00,6.074999999999999,9.83,3.88,openaq_ground
2026-06-08 16:00:00,5.0,9.303333333333333,3.76,openaq_ground
2026-06-08 17:00:00,7.025,11.983333333333334,4.3575,openaq_ground
2026-06-08 18:00:00,13.96,15.0,5.35,openaq_ground
2026-06-08 19:00:00,19.3,13.799999999999999,5.09,openaq_ground
2026-06-08 20:00:00,17.299999999999997,15.9,6.0275,openaq_ground
2026-06-08 21:00:00,11.379999999999999,17.599999999999998,6.0375,openaq_ground
2026-06-08 22:00:00,9.635000000000002,18.0,6.955,openaq_ground
2026-06-08 23:00:00,8.25,17.333333333333332,6.43,openaq_ground
2026-06-09 00:00:00,15.115,16.266666666666666,6.4975,openaq_ground
2026-06-09 01:00:00,13.265,15.766666666666666,6.905,openaq_ground
2026-06-09 02:00:00,13.485,14.433333333333332,6.135,openaq_ground
2026-06-09 03:00:00,15.21,15.766666666666666,6.805,openaq_ground
2026-06-09 04:00:00,24.1,21.866666666666664,9.8125,openaq_ground
2026-06-09 05:00:00,46.150000000000006,31.599999999999998,17.189999999999998,openaq_ground
2026-06-09 06:00:00,53.5,66.2,48.625,openaq_ground
2026-06-09 07:00:00,53.9,60.43333333333334,48.1,openaq_ground
2026-06-09 08:00:00,32.05,48.666666666666664,42.25,openaq_ground
2026-06-09 09:00:00,27.0,37.43333333333333,32.825,openaq_ground
2026-06-09 10:00:00,16.75,26.366666666666664,27.825,openaq_ground
2026-06-09 11:00:00,,,55.4,openaq_ground
2026-06-09 12:00:00,21.15,19.466666666666665,22.625,openaq_ground
2026-06-09 13:00:00,25.75,23.233333333333334,22.2,openaq_ground
2026-06-09 14:00:00,31.8,18.333333333333332,12.95,openaq_ground
2026-06-09 15:00:00,11.295,18.099999999999998,12.3825,openaq_ground
2026-06-09 16:00:00,15.6,23.900000000000002,13.25,openaq_ground
2026-06-09 17:00:00,15.3,19.233333333333334,13.600000000000001,openaq_ground
2026-06-09 18:00:00,43.849999999999994,18.866666666666664,16.3825,openaq_ground
2026-06-09 19:00:00,42.75,25.066666666666666,20.0,openaq_ground
2026-06-09 20:00:00,39.05,24.8,22.35,openaq_ground
2026-06-09 21:00:00,36.9,26.400000000000002,18.825,openaq_ground
2026-06-09 22:00:00,39.2,20.4,8.8475,openaq_ground
2026-06-09 23:00:00,32.7,22.53333333333333,11.0625,openaq_ground
2026-06-10 00:00:00,23.314999999999998,12.576666666666668,10.4675,openaq_ground
2026-06-10 01:00:00,18.0,11.883333333333333,6.9975,openaq_ground
2026-06-10 02:00:00,25.225,12.466666666666667,6.6975,openaq_ground
2026-06-10 03:00:00,31.1,13.866666666666667,6.3225,openaq_ground
2026-06-10 04:00:00,38.85,25.066666666666666,13.15,openaq_ground
2026-06-10 05:00:00,52.25,35.833333333333336,23.85,openaq_ground
2026-06-10 06:00:00,44.7,40.4,31.8375,openaq_ground
2026-06-10 07:00:00,46.35,44.300000000000004,37.25,openaq_ground
2026-06-10 08:00:00,40.5,51.76666666666667,46.650000000000006,openaq_ground
2026-06-10 09:00:00,29.849999999999998,76.46666666666667,69.1,openaq_ground
2026-06-10 10:00:00,23.0,97.10000000000001,88.9,openaq_ground
2026-06-10 11:00:00,,,114.0,openaq_ground
2026-06-10 12:00:00,13.33,102.16666666666667,99.875,openaq_ground
2026-06-10 13:00:00,15.735,83.0,81.2,openaq_ground
2026-06-10 14:00:00,18.7,59.300000000000004,66.175,openaq_ground
2026-06-10 15:00:00,9.59,47.9,52.275,openaq_ground
2026-06-10 16:00:00,7.45,41.6,45.85,openaq_ground
2026-06-10 17:00:00,8.57,42.03333333333333,45.3,openaq_ground
2026-06-10 18:00:00,9.64,48.300000000000004,49.074999999999996,openaq_ground
2026-06-10 19:00:00,13.114999999999998,136.86666666666667,51.575,openaq_ground
2026-06-10 20:00:00,22.45,39.86666666666667,44.849999999999994,openaq_ground
2026-06-10 21:00:00,29.0,36.96666666666667,33.85,openaq_ground
2026-06-10 22:00:00,36.0,16.96666666666667,14.545,openaq_ground
2026-06-10 23:00:00,28.2,25.133333333333336,12.0725,openaq_ground
2026-06-11 00:00:00,26.95,20.833333333333332,7.175,openaq_ground
2026-06-11 01:00:00,23.9,13.36,5.5649999999999995,openaq_ground
2026-06-11 02:00:00,25.5,11.26,5.1075,openaq_ground
2026-06-11 03:00:00,23.515,11.866666666666667,5.94,openaq_ground
2026-06-11 04:00:00,34.65,17.433333333333334,9.057500000000001,openaq_ground
2026-06-11 05:00:00,28.85,17.400000000000002,10.585,openaq_ground
2026-06-11 06:00:00,28.7,19.266666666666666,11.065000000000001,openaq_ground
2026-06-11 07:00:00,30.1,13.973333333333334,11.0425,openaq_ground
2026-06-11 08:00:00,28.299999999999997,26.5,20.880000000000003,openaq_ground
2026-06-11 09:00:00,32.7,24.3,20.25,openaq_ground
2026-06-11 10:00:00,27.75,26.566666666666666,21.105,openaq_ground
2026-06-11 11:00:00,,,41.8,openaq_ground
2026-06-11 12:00:00,18.0,23.64,26.8175,openaq_ground
2026-06-11 13:00:00,17.45,22.30333333333333,21.7225,openaq_ground
2026-06-11 14:00:00,14.0,25.266666666666666,24.7875,openaq_ground
2026-06-11 15:00:00,13.685,16.639999999999997,20.3225,openaq_ground
2026-06-11 16:00:00,19.7,16.166666666666668,17.985,openaq_ground
2026-06-11 17:00:00,14.6,13.873333333333335,12.6975,openaq_ground
2026-06-11 18:00:00,30.6,19.0,17.45,openaq_ground
2026-06-11 19:00:00,33.35,19.366666666666667,17.95,openaq_ground
2026-06-11 20:00:00,30.1,27.333333333333332,25.275,openaq_ground
2026-06-11 21:00:00,36.3,21.5,20.835,openaq_ground
2026-06-11 22:00:00,38.8,25.333333333333332,20.45,openaq_ground
2026-06-11 23:00:00,29.95,6.223333333333334,4.595,openaq_ground
2026-06-12 00:00:00,19.35,13.286666666666667,7.1225,openaq_ground
2026-06-12 01:00:00,15.59,12.176666666666668,4.3425,openaq_ground
2026-06-12 02:00:00,26.45,11.089999999999998,5.2725,openaq_ground
2026-06-12 03:00:00,26.7,15.676666666666668,9.9575,openaq_ground
2026-06-12 04:00:00,35.05,27.400000000000002,17.6075,openaq_ground
2026-06-12 05:00:00,36.75,17.7,18.055,openaq_ground
2026-06-12 06:00:00,30.95,19.96666666666667,21.495,openaq_ground
2026-06-12 07:00:00,32.3,36.5,30.6,openaq_ground
2026-06-12 08:00:00,28.5,37.63333333333333,34.525,openaq_ground
2026-06-12 09:00:00,28.950000000000003,26.5,22.5,openaq_ground
2026-06-12 10:00:00,,,40.8,openaq_ground
2026-06-12 11:00:00,,,16.7,openaq_ground
2026-06-12 12:00:00,11.850000000000001,22.8,10.4225,openaq_ground
2026-06-12 13:00:00,8.459999999999999,15.996666666666664,9.415000000000001,openaq_ground
2026-06-12 14:00:00,11.3,13.413333333333332,8.91,openaq_ground
2026-06-12 15:00:00,7.93,13.246666666666668,7.965,openaq_ground
2026-06-12 16:00:00,8.145,12.103333333333333,6.5125,openaq_ground
2026-06-12 17:00:00,10.375,14.87,10.7825,openaq_ground
2026-06-12 18:00:00,15.95,13.573333333333332,8.7,openaq_ground
2026-06-12 19:00:00,26.75,14.453333333333333,9.4025,openaq_ground
2026-06-12 20:00:00,27.4,13.203333333333333,9.280000000000001,openaq_ground
2026-06-12 21:00:00,26.95,11.186666666666667,6.890000000000001,openaq_ground
2026-06-12 22:00:00,26.799999999999997,8.336666666666666,4.255,openaq_ground
2026-06-12 23:00:00,21.25,8.733333333333334,4.0275,openaq_ground
2026-06-13 00:00:00,29.465,11.11,3.495,openaq_ground
2026-06-13 01:00:00,15.42,8.916666666666666,4.4275,openaq_ground
2026-06-13 02:00:00,12.68,12.69,6.9,openaq_ground
2026-06-13 03:00:00,15.645,16.099999999999998,10.6475,openaq_ground
2026-06-13 04:00:00,17.25,18.066666666666666,14.897499999999999,openaq_ground
2026-06-13 05:00:00,29.95,36.53333333333333,31.125,openaq_ground
2026-06-13 06:00:00,27.9,58.366666666666674,53.2,openaq_ground
2026-06-13 07:00:00,25.049999999999997,72.8,65.575,openaq_ground
2026-06-13 08:00:00,25.2,69.96666666666667,71.375,openaq_ground
2026-06-13 09:00:00,24.8,79.09666666666668,72.515,openaq_ground
2026-06-13 10:00:00,,,15.0,openaq_ground
2026-06-13 11:00:00,,,8.8,openaq_ground
2026-06-13 12:00:00,7.734999999999999,26.289999999999996,17.89,openaq_ground
2026-06-13 13:00:00,4.9,7.996666666666667,4.8,openaq_ground
2026-06-13 14:00:00,6.9,13.176666666666668,8.5375,openaq_ground
2026-06-13 15:00:00,5.4399999999999995,6.486666666666667,3.8625,openaq_ground
2026-06-13 16:00:00,6.035,8.07,5.9725,openaq_ground
2026-06-13 17:00:00,6.9,6.726666666666667,4.907500000000001,openaq_ground
2026-06-13 18:00:00,12.105,8.726666666666667,6.805,openaq_ground
2026-06-13 19:00:00,12.3,18.656666666666666,11.7425,openaq_ground
2026-06-13 20:00:00,14.75,13.17,11.717500000000001,openaq_ground
2026-06-13 21:00:00,21.55,13.280000000000001,9.905,openaq_ground
2026-06-13 22:00:00,20.55,12.199999999999998,7.8425,openaq_ground
2026-06-13 23:00:00,23.77,5.04,2.0525,openaq_ground
2026-06-14 00:00:00,13.9035,4.986666666666667,2.0275,openaq_ground
2026-06-14 01:00:00,22.24,6.153333333333333,2.0825,openaq_ground
2026-06-14 02:00:00,27.54,7.59,2.715,openaq_ground
2026-06-14 03:00:00,9.89,21.0,5.1475,openaq_ground
2026-06-14 04:00:00,22.51,17.166666666666668,5.3925,openaq_ground
2026-06-14 05:00:00,40.1,,3.4,openaq_ground
2026-06-14 06:00:00,31.950000000000003,9.03,8.275,openaq_ground
2026-06-14 07:00:00,47.6,17.033333333333335,17.71,openaq_ground
2026-06-14 08:00:00,47.45,31.45,32.2,openaq_ground
2026-06-14 09:00:00,43.35,23.596666666666664,25.455,openaq_ground
2026-06-14 10:00:00,,,36.6,openaq_ground
2026-06-14 11:00:00,,,36.3,openaq_ground
2026-06-14 12:00:00,21.95,36.06666666666667,21.975,openaq_ground
2026-06-14 13:00:00,,,15.0,openaq_ground
2026-06-14 14:00:00,7.36,19.7,12.496666666666668,openaq_ground
2026-06-14 15:00:00,12.15,17.77,11.115,openaq_ground
2026-06-14 16:00:00,20.45,19.176666666666666,12.305,openaq_ground
2026-06-14 17:00:00,27.35,19.8,13.2975,openaq_ground
2026-06-14 18:00:00,38.45,19.666666666666668,10.135,openaq_ground
2026-06-14 19:00:00,44.599999999999994,25.5,10.6675,openaq_ground
2026-06-14 20:00:00,35.45,16.033333333333335,7.875,openaq_ground
2026-06-14 21:00:00,22.5,19.266666666666666,9.835,openaq_ground
2026-06-14 22:00:00,23.85,19.466666666666665,9.175,openaq_ground
2026-06-14 23:00:00,32.9,14.333333333333334,7.375,openaq_ground
2026-06-15 00:00:00,36.8,7.669999999999999,7.205,openaq_ground
2026-06-15 01:00:00,31.2,7.013333333333333,6.4575,openaq_ground
2026-06-15 02:00:00,15.96,5.1033333333333335,2.8175,openaq_ground
2026-06-15 03:00:00,25.9,13.906666666666666,10.71,openaq_ground
2026-06-15 04:00:00,35.8,17.599999999999998,20.5,openaq_ground
2026-06-15 05:00:00,28.25,15.9,19.15,openaq_ground
2026-06-15 06:00:00,20.4,23.733333333333334,23.225,openaq_ground
2026-06-15 07:00:00,19.785,17.05666666666667,17.695,openaq_ground
2026-06-15 08:00:00,13.09,9.01,12.3225,openaq_ground
2026-06-15 09:00:00,9.26,8.39,6.74,openaq_ground
2026-06-15 10:00:00,10.57,7.183333333333334,5.04,openaq_ground
2026-06-15 11:00:00,,,1.6,openaq_ground
2026-06-15 12:00:00,,,0.4,openaq_ground
2026-06-15 13:00:00,6.699999999999999,4.853333333333333,1.9525,openaq_ground
2026-06-15 14:00:00,12.4,5.593333333333334,2.7800000000000002,openaq_ground
2026-06-15 15:00:00,8.02,6.246666666666667,3.6525,openaq_ground
2026-06-15 16:00:00,14.23,8.556666666666667,4.51,openaq_ground
2026-06-15 17:00:00,19.799999999999997,10.363333333333333,5.975,openaq_ground
2026-06-15 18:00:00,26.950000000000003,15.243333333333334,11.1025,openaq_ground
2026-06-15 19:00:00,37.2,14.566666666666668,11.26,openaq_ground
2026-06-15 20:00:00,37.65,18.2,14.0525,openaq_ground
2026-06-15 21:00:00,35.25,14.1,9.3725,openaq_ground
2026-06-15 22:00:00,35.1,10.719999999999999,5.99,openaq_ground
2026-06-15 23:00:00,29.15,7.03,2.7625,openaq_ground
2026-06-16 00:00:00,25.22,7.203333333333333,2.7525,openaq_ground
2026-06-16 01:00:00,16.5,5.443333333333334,2.3575,openaq_ground
2026-06-16 02:00:00,26.115,5.38,2.2575,openaq_ground
2026-06-16 03:00:00,22.825,6.173333333333333,2.815,openaq_ground
2026-06-16 04:00:00,34.55,10.946666666666667,6.8675,openaq_ground
2026-06-16 05:00:00,35.85,13.393333333333333,9.2875,openaq_ground
2026-06-16 06:00:00,29.4,11.273333333333333,8.9675,openaq_ground
2026-06-16 07:00:00,33.25,17.16,10.2425,openaq_ground
2026-06-16 08:00:00,22.7,18.27,11.135,openaq_ground
2026-06-16 09:00:00,23.5,53.61666666666667,37.84,openaq_ground
2026-06-16 10:00:00,,,14.8,openaq_ground
2026-06-16 11:00:00,,,23.2,openaq_ground
2026-06-16 12:00:00,9.71,24.0,18.0,openaq_ground
2026-06-16 13:00:00,9.865,22.566666666666666,14.8,openaq_ground
2026-06-16 14:00:00,11.3,5.786666666666666,3.83,openaq_ground
2026-06-16 15:00:00,10.14,4.016666666666667,1.4465,openaq_ground
2026-06-16 16:00:00,11.2,10.466666666666667,2.7425,openaq_ground
2026-06-16 17:00:00,23.0,7.383333333333333,3.405,openaq_ground
2026-06-16 18:00:00,54.75,11.103333333333333,7.645,openaq_ground
2026-06-16 19:00:00,39.45,7.133333333333333,2.7975000000000003,openaq_ground
2026-06-16 20:00:00,20.595,16.566666666666666,7.5625,openaq_ground
2026-06-16 21:00:00,15.655,11.61,4.79,openaq_ground
2026-06-16 22:00:00,27.1,10.88,4.325,openaq_ground
2026-06-16 23:00:00,24.5,12.066666666666668,4.7,openaq_ground
2026-06-17 00:00:00,16.5,11.81,4.895,openaq_ground
2026-06-17 01:00:00,12.0,15.566666666666665,5.59,openaq_ground
2026-06-17 02:00:00,14.435,13.623333333333333,5.0275,openaq_ground
2026-06-17 03:00:00,15.79,16.266666666666666,7.035,openaq_ground
2026-06-17 04:00:00,36.75,22.433333333333334,10.2925,openaq_ground
2026-06-17 05:00:00,52.3,27.733333333333334,15.9125,openaq_ground
2026-06-17 06:00:00,55.45,28.96666666666667,23.532500000000002,openaq_ground
2026-06-17 07:00:00,47.15,50.26666666666667,41.849999999999994,openaq_ground
2026-06-17 08:00:00,44.3,38.699999999999996,38.0,openaq_ground
2026-06-17 09:00:00,37.25,49.23333333333334,40.525,openaq_ground
2026-06-17 10:00:00,34.2,36.733333333333334,33.1475,openaq_ground
2026-06-17 11:00:00,,,24.8,openaq_ground
2026-06-17 12:00:00,16.25,14.936666666666667,11.21,openaq_ground
2026-06-17 13:00:00,13.96,10.93,6.3175,openaq_ground
2026-06-17 14:00:00,,,3.5,openaq_ground
2026-06-17 15:00:00,10.47,8.086666666666668,3.34,openaq_ground
2026-06-17 16:00:00,10.115,7.210000000000001,3.5124999999999997,openaq_ground
2026-06-17 17:00:00,18.45,13.766666666666666,7.0075,openaq_ground
2026-06-17 18:00:00,29.75,14.200000000000001,7.775,openaq_ground
2026-06-17 19:00:00,24.450000000000003,19.433333333333334,15.735,openaq_ground
2026-06-17 20:00:00,33.45,23.23,18.525,openaq_ground
2026-06-17 21:00:00,39.5,21.433333333333334,15.0525,openaq_ground
2026-06-17 22:00:00,29.35,16.900000000000002,9.5525,openaq_ground
2026-06-17 23:00:00,19.8,12.393333333333333,7.460000000000001,openaq_ground
2026-06-18 00:00:00,23.150000000000002,12.526666666666666,8.4425,openaq_ground
2026-06-18 01:00:00,19.950000000000003,13.666666666666666,9.57,openaq_ground
2026-06-18 02:00:00,22.85,17.333333333333332,10.2875,openaq_ground
2026-06-18 03:00:00,27.25,14.866666666666667,8.7025,openaq_ground
2026-06-18 04:00:00,36.55,30.433333333333337,18.575,openaq_ground
2026-06-18 05:00:00,31.75,56.86666666666667,38.575,openaq_ground
2026-06-18 06:00:00,31.05,77.66666666666667,59.95,openaq_ground
2026-06-18 07:00:00,24.95,69.89999999999999,61.325,openaq_ground
2026-06-18 08:00:00,19.634999999999998,98.13333333333333,94.405,openaq_ground
2026-06-18 09:00:00,12.27,95.5,88.155,openaq_ground
2026-06-18 10:00:00,13.885,105.2,102.675,openaq_ground
2026-06-18 11:00:00,,,99.3,openaq_ground
2026-06-18 12:00:00,6.3115000000000006,80.2,79.15,openaq_ground
2026-06-18 13:00:00,4.498,72.03333333333333,72.9,openaq_ground
2026-06-18 14:00:00,7.84,62.833333333333336,64.05,openaq_ground
2026-06-18 15:00:00,5.4325,41.833333333333336,41.95,openaq_ground
2026-06-18 16:00:00,5.9595,30.603333333333335,28.3875,openaq_ground
2026-06-18 17:00:00,9.15,33.06666666666666,23.0975,openaq_ground
2026-06-18 18:00:00,19.98,38.86666666666667,27.1,openaq_ground
2026-06-18 19:00:00,34.75,51.26666666666667,35.025,openaq_ground
2026-06-18 20:00:00,,,16.8,openaq_ground
2026-06-18 21:00:00,30.2,15.663333333333334,9.247499999999999,openaq_ground
2026-06-18 22:00:00,33.75,11.466666666666667,5.154999999999999,openaq_ground
2026-06-18 23:00:00,29.95,11.173333333333332,3.915,openaq_ground
2026-06-19 00:00:00,27.5,15.700000000000001,5.525,openaq_ground
2026-06-19 01:00:00,17.85,12.433333333333335,4.092499999999999,openaq_ground
2026-06-19 02:00:00,23.35,14.9,4.945,openaq_ground
2026-06-19 03:00:00,22.9,19.066666666666666,7.45,openaq_ground
2026-06-19 04:00:00,31.950000000000003,25.066666666666666,15.95,openaq_ground
2026-06-19 05:00:00,38.650000000000006,30.666666666666668,23.775,openaq_ground
2026-06-19 06:00:00,43.45,63.333333333333336,46.25,openaq_ground
2026-06-19 07:00:00,42.8,47.833333333333336,38.75,openaq_ground
2026-06-19 08:00:00,40.0,26.643333333333334,27.465,openaq_ground
2026-06-19 09:00:00,11.525,10.703333333333333,13.3275,openaq_ground
2026-06-19 10:00:00,10.75,3.0566666666666666,3.058,openaq_ground
2026-06-19 11:00:00,,,0.7,openaq_ground
2026-06-19 12:00:00,1.525,9.048,0.95175,openaq_ground
2026-06-19 13:00:00,1.52,3.4000000000000004,0.7235,openaq_ground
2026-06-19 14:00:00,1.02,2.41,0.8515,openaq_ground
2026-06-19 15:00:00,1.88,2.433666666666667,0.58,openaq_ground
2026-06-19 16:00:00,3.15,2.64,0.55625,openaq_ground
2026-06-19 17:00:00,2.745,2.3266666666666667,0.7965,openaq_ground
2026-06-19 18:00:00,9.504999999999999,4.183333333333334,1.49725,openaq_ground
2026-06-19 19:00:00,10.685,2.9899999999999998,0.9485,openaq_ground
2026-06-19 20:00:00,13.245,6.52,1.6425,openaq_ground
2026-06-19 21:00:00,18.395000000000003,7.276666666666666,1.7425,openaq_ground
2026-06-19 22:00:00,17.635,6.453333333333333,1.3125,openaq_ground
2026-06-19 23:00:00,13.825,6.71,1.3,openaq_ground
2026-06-20 00:00:00,,,0.4,openaq_ground
2026-06-20 01:00:00,9.265,20.55,2.0625,openaq_ground
2026-06-20 02:00:00,5.7299999999999995,10.813333333333333,1.1099999999999999,openaq_ground
2026-06-20 03:00:00,17.985,11.016666666666666,1.1320000000000001,openaq_ground
2026-06-20 04:00:00,8.41,7.083333333333333,0.95375,openaq_ground
2026-06-20 05:00:00,11.885000000000002,3.6166666666666667,1.94525,openaq_ground
2026-06-20 06:00:00,10.55,6.79,3.4099999999999997,openaq_ground
2026-06-20 07:00:00,8.6,7.59,4.8425,openaq_ground
2026-06-20 08:00:00,12.535,7.909999999999999,6.465,openaq_ground
2026-06-20 09:00:00,9.585,5.583333333333333,5.5,openaq_ground
2026-06-20 10:00:00,9.899999999999999,4.546666666666667,2.7624999999999997,openaq_ground
2026-06-20 11:00:00,,,1.4,openaq_ground
2026-06-20 12:00:00,8.59,3.58,1.7113333333333334,openaq_ground
2026-06-20 13:00:00,5.21,2.021,0.75775,openaq_ground
2026-06-20 14:00:00,7.11,1.8406666666666667,0.755,openaq_ground
2026-06-20 15:00:00,5.3149999999999995,3.186666666666666,1.1975,openaq_ground
2026-06-20 16:00:00,8.959999999999999,1.5796666666666666,0.73075,openaq_ground
2026-06-20 17:00:00,5.1850000000000005,4.206666666666667,1.57,openaq_ground
2026-06-20 18:00:00,12.43,4.533333333333333,2.4125,openaq_ground
2026-06-20 19:00:00,12.16,2.9066666666666667,1.795,openaq_ground
2026-06-20 20:00:00,14.165,4.16,2.975,openaq_ground
2026-06-20 21:00:00,16.455,7.326666666666667,5.505,openaq_ground
2026-06-20 22:00:00,18.16,6.713333333333334,5.467499999999999,openaq_ground
2026-06-20 23:00:00,17.174999999999997,8.486666666666666,6.9799999999999995,openaq_ground
2026-06-21 00:00:00,14.764000000000001,18.24,11.64,openaq_ground
2026-06-21 01:00:00,18.82,6.796666666666667,4.9725,openaq_ground
2026-06-21 02:00:00,28.125,14.993333333333332,10.592500000000001,openaq_ground
2026-06-21 03:00:00,25.525,9.453333333333333,6.27,openaq_ground
2026-06-21 04:00:00,20.85,20.94333333333333,15.66,openaq_ground
2026-06-21 05:00:00,,,33.3,openaq_ground
2026-06-21 06:00:00,33.45,31.066666666666663,34.155,openaq_ground
2026-06-21 07:00:00,28.85,42.43333333333333,44.305,openaq_ground
2026-06-21 08:00:00,24.299999999999997,38.13333333333333,41.625,openaq_ground
2026-06-21 09:00:00,19.3,39.00666666666667,41.39,openaq_ground
2026-06-21 10:00:00,15.6,57.57333333333333,57.08,openaq_ground
2026-06-21 11:00:00,,,82.9,openaq_ground
2026-06-21 12:00:00,16.35,56.300000000000004,62.27499999999999,openaq_ground
2026-06-21 13:00:00,12.42,49.26666666666667,56.324999999999996,openaq_ground
2026-06-21 14:00:00,13.2,40.333333333333336,50.2,openaq_ground
2026-06-21 15:00:00,10.56,29.866666666666664,41.225,openaq_ground
2026-06-21 16:00:00,8.225,31.866666666666664,39.375,openaq_ground
2026-06-21 17:00:00,7.445,48.699999999999996,49.175,openaq_ground
2026-06-21 18:00:00,8.45,38.333333333333336,41.800000000000004,openaq_ground
2026-06-21 19:00:00,12.55,48.26666666666667,48.275,openaq_ground
2026-06-21 20:00:00,11.58,67.96666666666667,58.65,openaq_ground
2026-06-21 21:00:00,25.7,45.03333333333333,43.75,openaq_ground
2026-06-21 22:00:00,30.450000000000003,16.87666666666667,17.5675,openaq_ground
2026-06-21 23:00:00,32.6,7.59,6.67,openaq_ground
2026-06-22 00:00:00,26.2,8.156666666666666,2.605,openaq_ground
2026-06-22 01:00:00,29.75,5.513333333333333,2.045,openaq_ground
2026-06-22 02:00:00,26.8,5.23,1.69,openaq_ground
2026-06-22 03:00:00,20.75,6.4366666666666665,2.9875,openaq_ground
2026-06-22 04:00:00,29.884999999999998,8.72,5.04,openaq_ground
2026-06-22 05:00:00,26.15,13.566666666666668,10.587499999999999,openaq_ground
2026-06-22 06:00:00,26.05,13.013333333333334,9.205,openaq_ground
2026-06-22 07:00:00,26.4,15.633333333333333,9.0,openaq_ground
2026-06-22 08:00:00,19.72,34.76666666666667,21.7325,openaq_ground
2026-06-22 09:00:00,14.174999999999999,28.400000000000002,18.71,openaq_ground
2026-06-22 10:00:00,14.325,52.13333333333333,34.415,openaq_ground
2026-06-22 11:00:00,,,2.7,openaq_ground
2026-06-22 12:00:00,13.100000000000001,22.833333333333332,14.1025,openaq_ground
2026-06-22 13:00:00,9.54,27.400000000000002,18.1025,openaq_ground
2026-06-22 14:00:00,13.0,25.066666666666663,15.885,openaq_ground
2026-06-22 15:00:00,9.125,25.53333333333333,23.192500000000003,openaq_ground
2026-06-22 16:00:00,6.32,22.73333333333333,19.62,openaq_ground
2026-06-22 17:00:00,9.71,34.03333333333333,28.75,openaq_ground
2026-06-22 18:00:00,7.0600000000000005,34.4,29.475,openaq_ground
2026-06-22 19:00:00,14.52,36.4,35.75,openaq_ground
2026-06-22 20:00:00,18.735,51.86666666666667,41.2,openaq_ground
2026-06-22 21:00:00,27.4,32.199999999999996,25.745,openaq_ground
2026-06-22 22:00:00,34.1,18.033333333333335,10.275,openaq_ground
2026-06-22 23:00:00,41.6,42.06666666666666,12.625,openaq_ground
2026-06-23 00:00:00,31.0,23.5,13.0625,openaq_ground
2026-06-23 01:00:00,32.9,11.583333333333334,6.6125,openaq_ground
2026-06-23 02:00:00,30.05,13.466666666666667,5.5,openaq_ground
2026-06-23 03:00:00,25.65,13.899999999999999,5.62,openaq_ground
2026-06-23 04:00:00,42.45,26.7,15.7325,openaq_ground
2026-06-23 05:00:00,40.3,49.73333333333333,39.0,openaq_ground
2026-06-23 06:00:00,37.9,67.16666666666667,54.8,openaq_ground
2026-06-23 07:00:00,32.75,53.03333333333333,46.835,openaq_ground
2026-06-23 08:00:00,16.5565,65.66666666666667,50.9,openaq_ground
2026-06-23 09:00:00,26.6,53.43333333333334,46.7,openaq_ground
2026-06-23 10:00:00,,,66.1,openaq_ground
2026-06-23 11:00:00,,,53.9,openaq_ground
2026-06-23 12:00:00,21.05,43.5,42.375,openaq_ground
2026-06-23 13:00:00,20.85,27.099999999999998,26.55,openaq_ground
2026-06-23 14:00:00,24.5,21.666666666666668,21.65,openaq_ground
2026-06-23 15:00:00,18.05,22.099999999999998,22.275,openaq_ground
2026-06-23 16:00:00,16.049999999999997,27.666666666666668,26.775,openaq_ground
2026-06-23 17:00:00,14.5,24.0,24.825,openaq_ground
2026-06-23 18:00:00,22.15,27.796666666666667,23.6475,openaq_ground
2026-06-23 19:00:00,22.65,37.26666666666667,25.45,openaq_ground
2026-06-23 20:00:00,23.0,33.766666666666666,28.400000000000002,openaq_ground
2026-06-23 21:00:00,22.45,37.300000000000004,28.825,openaq_ground
2026-06-23 22:00:00,23.75,26.666666666666668,24.625,openaq_ground
2026-06-23 23:00:00,25.3,31.366666666666664,27.675,openaq_ground
2026-06-24 00:00:00,29.700000000000003,25.676666666666666,19.495,openaq_ground
2026-06-24 01:00:00,38.0,18.233333333333334,7.6975,openaq_ground
2026-06-24 02:00:00,32.15,18.033333333333335,8.395,openaq_ground
2026-06-24 03:00:00,22.85,29.666666666666668,18.2425,openaq_ground
2026-06-24 04:00:00,30.75,34.166666666666664,20.585,openaq_ground
2026-06-24 05:00:00,25.65,41.4,27.5125,openaq_ground
2026-06-24 06:00:00,24.0,26.200000000000003,15.605,openaq_ground
2026-06-24 07:00:00,26.95,34.25333333333334,23.32,openaq_ground
2026-06-24 08:00:00,27.95,40.86666666666667,29.3325,openaq_ground
2026-06-24 09:00:00,16.0,20.8,18.925,openaq_ground
2026-06-24 10:00:00,4.765000000000001,7.676666666666667,5.68,openaq_ground
2026-06-24 11:00:00,,,0.5,openaq_ground
2026-06-24 12:00:00,,,0.1,openaq_ground
2026-06-24 13:00:00,3.535,2.4566666666666666,1.0594999999999999,openaq_ground
2026-06-24 14:00:00,7.49,3.5400000000000005,1.645,openaq_ground
2026-06-24 15:00:00,4.09,2.716666666666667,1.5675000000000001,openaq_ground
2026-06-24 16:00:00,7.785,1.5833333333333333,0.90325,openaq_ground
2026-06-24 17:00:00,8.84,4.073333333333333,2.70875,openaq_ground
2026-06-24 18:00:00,27.65,6.716666666666666,4.15,openaq_ground
2026-06-24 19:00:00,43.75,6.313333333333333,6.317500000000001,openaq_ground
2026-06-24 20:00:00,48.5,10.816666666666668,7.455,openaq_ground
2026-06-24 21:00:00,29.75,5.663333333333334,3.305,openaq_ground
2026-06-24 22:00:00,29.35,6.859999999999999,3.145,openaq_ground
2026-06-24 23:00:00,20.6,6.076666666666667,4.455,openaq_ground
2026-06-25 00:00:00,16.615,6.52,2.9725,openaq_ground
2026-06-25 01:00:00,13.45,5.296666666666667,3.18,openaq_ground
2026-06-25 02:00:00,16.995,5.3566666666666665,3.4699999999999998,openaq_ground
2026-06-25 03:00:00,13.81,10.92,5.8774999999999995,openaq_ground
2026-06-25 04:00:00,16.12,12.303333333333333,6.654999999999999,openaq_ground
2026-06-25 05:00:00,10.875,7.523333333333333,4.5075,openaq_ground
2026-06-25 06:00:00,16.95,10.586666666666666,5.9625,openaq_ground
2026-06-25 07:00:00,7.375,11.033333333333333,6.0975,openaq_ground
2026-06-25 08:00:00,8.44,11.126666666666667,5.7825,openaq_ground
2026-06-25 09:00:00,8.434999999999999,11.5,7.0575,openaq_ground
2026-06-25 10:00:00,5.234999999999999,8.56,4.965,openaq_ground
2026-06-25 11:00:00,,,2.3,openaq_ground
2026-06-25 12:00:00,5.285,14.466666666666667,7.545,openaq_ground
2026-06-25 13:00:00,3.9349999999999996,13.966666666666667,7.0649999999999995,openaq_ground
2026-06-25 14:00:00,7.18,10.34,5.0925,openaq_ground
2026-06-25 15:00:00,4.87,11.133333333333333,5.34,openaq_ground
2026-06-25 16:00:00,5.595000000000001,13.466666666666667,6.28,openaq_ground
2026-06-25 17:00:00,9.675,11.766666666666666,6.077500000000001,openaq_ground
2026-06-25 18:00:00,24.549999999999997,13.966666666666667,6.055,openaq_ground
2026-06-25 19:00:00,23.2,10.116666666666667,4.7425,openaq_ground
2026-06-25 20:00:00,38.05,13.6,6.6225000000000005,openaq_ground
2026-06-25 21:00:00,22.8,12.799999999999999,5.6125,openaq_ground
2026-06-25 22:00:00,21.65,13.700000000000001,7.27,openaq_ground
2026-06-25 23:00:00,17.77,9.963333333333333,4.9575,openaq_ground
2026-06-26 00:00:00,16.8,20.266666666666666,11.7175,openaq_ground
2026-06-26 01:00:00,13.23,12.5,5.9425,openaq_ground
2026-06-26 02:00:00,15.815,13.12,7.827500000000001,openaq_ground
2026-06-26 03:00:00,21.98,12.733333333333334,6.8775,openaq_ground
2026-06-26 04:00:00,22.92,15.0,8.335,openaq_ground
2026-06-26 05:00:00,27.8,14.366666666666667,10.1075,openaq_ground
2026-06-26 06:00:00,28.0,11.373333333333335,7.75,openaq_ground
2026-06-26 07:00:00,32.45,23.266666666666666,18.0275,openaq_ground
2026-06-26 08:00:00,29.35,24.066666666666666,17.95,openaq_ground
2026-06-26 09:00:00,30.4,24.8,22.05,openaq_ground
2026-06-26 10:00:00,27.6,31.066666666666663,28.25,openaq_ground
2026-06-26 12:00:00,27.1,29.166666666666668,23.900000000000002,openaq_ground
2026-06-26 13:00:00,20.6,27.7,23.266666666666666,openaq_ground
2026-06-26 14:00:00,25.6,21.7,17.633333333333336,openaq_ground
2026-06-26 15:00:00,11.934999999999999,20.366666666666664,16.666666666666668,openaq_ground
2026-06-26 16:00:00,8.945,21.0,17.233333333333334,openaq_ground
2026-06-26 17:00:00,9.575,19.033333333333335,16.466666666666665,openaq_ground
2026-06-26 18:00:00,16.25,20.633333333333336,16.466666666666665,openaq_ground
2026-06-26 19:00:00,24.15,18.666666666666668,18.25,openaq_ground
2026-06-26 20:00:00,31.1,18.566666666666666,18.52,openaq_ground
2026-06-26 21:00:00,28.85,12.6,11.635000000000002,openaq_ground
2026-06-26 22:00:00,23.950000000000003,21.429999999999996,18.115000000000002,openaq_ground
2026-06-27 00:00:00,22.200000000000003,13.5,8.355,openaq_ground
2026-06-27 01:00:00,19.75,11.4,6.29,openaq_ground
2026-06-27 02:00:00,16.19,11.066666666666668,6.140000000000001,openaq_ground
2026-06-27 03:00:00,20.195,15.5,10.0125,openaq_ground
2026-06-27 04:00:00,26.85,27.899999999999995,19.175,openaq_ground
2026-06-27 05:00:00,40.6,35.53333333333333,30.085,openaq_ground
2026-06-27 06:00:00,33.95,93.56666666666666,77.375,openaq_ground
2026-06-27 07:00:00,31.6,108.5,89.425,openaq_ground
2026-06-27 08:00:00,39.05,89.73333333333333,78.875,openaq_ground
2026-06-27 09:00:00,30.8,74.03333333333333,80.225,openaq_ground
2026-06-27 10:00:00,29.1,92.03333333333335,87.75,openaq_ground
2026-06-27 11:00:00,,,55.2,openaq_ground
2026-06-27 12:00:00,31.45,40.06666666666666,37.85,openaq_ground
2026-06-27 13:00:00,25.1,35.333333333333336,33.5,openaq_ground
2026-06-27 14:00:00,16.4,24.933333333333334,19.8,openaq_ground
2026-06-27 15:00:00,13.0,28.53333333333333,22.9,openaq_ground
2026-06-27 16:00:00,11.6,20.533333333333335,19.575,openaq_ground
2026-06-27 17:00:00,11.8,16.96666666666667,13.9875,openaq_ground
2026-06-27 18:00:00,11.105,11.219999999999999,10.8725,openaq_ground
2026-06-27 19:00:00,13.315,13.413333333333332,13.035,openaq_ground
2026-06-27 20:00:00,16.3,17.966666666666665,18.03,openaq_ground
2026-06-27 21:00:00,12.18,7.646666666666667,6.6525,openaq_ground
2026-06-27 22:00:00,15.495,11.199999999999998,8.2675,openaq_ground
2026-06-27 23:00:00,15.735000000000001,8.693333333333333,7.3975,openaq_ground
2026-06-28 00:00:00,20.9,5.433333333333334,4.970000000000001,openaq_ground
2026-06-28 01:00:00,12.75,7.023333333333333,4.922499999999999,openaq_ground
2026-06-28 02:00:00,13.605,6.016666666666667,3.745,openaq_ground
2026-06-28 03:00:00,15.92,5.26,3.9675,openaq_ground
2026-06-28 04:00:00,19.12,14.1,8.8425,openaq_ground
2026-06-28 05:00:00,45.2,,32.4,openaq_ground
2026-06-28 06:00:00,25.4,47.03333333333334,42.775,openaq_ground
2026-06-28 07:00:00,43.349999999999994,49.86666666666667,49.025,openaq_ground
2026-06-28 08:00:00,38.95,58.23333333333334,59.425,openaq_ground
2026-06-28 09:00:00,34.0,53.63333333333333,53.8,openaq_ground
2026-06-28 10:00:00,29.849999999999998,39.5,37.7,openaq_ground
2026-06-28 11:00:00,,,34.6,openaq_ground
2026-06-28 12:00:00,14.3,16.666666666666668,16.7,openaq_ground
2026-06-28 13:00:00,9.185,12.863333333333335,10.9725,openaq_ground
2026-06-28 14:00:00,12.3,8.93,7.3125,openaq_ground
2026-06-28 15:00:00,12.01,8.713333333333333,8.4375,openaq_ground
2026-06-28 16:00:00,9.36,9.696666666666667,9.102500000000001,openaq_ground
2026-06-28 17:00:00,21.35,6.676666666666667,5.0575,openaq_ground
2026-06-28 18:00:00,28.35,8.086666666666666,5.8375,openaq_ground
2026-06-28 19:00:00,37.25,21.166666666666668,12.25,openaq_ground
2026-06-28 20:00:00,37.75,20.3,13.125,openaq_ground
2026-06-28 21:00:00,30.299999999999997,29.600000000000005,14.924999999999999,openaq_ground
2026-06-28 22:00:00,21.65,17.433333333333334,9.5425,openaq_ground
2026-06-28 23:00:00,18.7,11.163333333333332,4.7175,openaq_ground
2026-06-29 00:00:00,17.299999999999997,14.736666666666665,7.4575000000000005,openaq_ground
2026-06-29 01:00:00,23.400000000000002,11.69,5.1975,openaq_ground
2026-06-29 02:00:00,38.0,15.733333333333334,7.3825,openaq_ground
2026-06-29 03:00:00,29.98,8.68,4.0,openaq_ground
2026-06-29 04:00:00,34.75,16.11,9.41,openaq_ground
2026-06-29 05:00:00,26.200000000000003,8.633333333333333,8.3575,openaq_ground
2026-06-29 06:00:00,28.5,8.36,9.4775,openaq_ground
2026-06-29 07:00:00,25.85,8.936666666666666,9.575,openaq_ground
2026-06-29 08:00:00,21.67,13.410000000000002,8.9025,openaq_ground
2026-06-29 09:00:00,22.85,18.48,11.940000000000001,openaq_ground
2026-06-29 10:00:00,,,21.4,openaq_ground
2026-06-29 11:00:00,,,19.5,openaq_ground
2026-06-29 12:00:00,5.065,15.033333333333333,9.32,openaq_ground
2026-06-29 13:00:00,,,4.0,openaq_ground
2026-06-29 14:00:00,3.47,14.153333333333334,7.79,openaq_ground
2026-06-29 15:00:00,6.555,12.813333333333334,6.234999999999999,openaq_ground
2026-06-29 16:00:00,8.875,29.743333333333336,7.670000000000001,openaq_ground
2026-06-29 17:00:00,21.700000000000003,10.780000000000001,6.395,openaq_ground
2026-06-29 18:00:00,29.299999999999997,18.099999999999998,11.1325,openaq_ground
2026-06-29 19:00:00,31.049999999999997,36.03333333333333,18.3875,openaq_ground
2026-06-29 20:00:00,34.599999999999994,38.833333333333336,29.1,openaq_ground
2026-06-29 21:00:00,33.6,18.400000000000002,16.0425,openaq_ground
2026-06-29 22:00:00,24.1,19.433333333333334,8.192499999999999,openaq_ground
2026-06-29 23:00:00,26.35,16.966666666666665,5.2775,openaq_ground
2026-06-30 00:00:00,22.549999999999997,13.533333333333331,4.645,openaq_ground
2026-06-30 01:00:00,18.555,12.533333333333333,4.705,openaq_ground
2026-06-30 02:00:00,26.130000000000003,10.553333333333333,4.0825,openaq_ground
2026-06-30 03:00:00,18.515,14.0,5.295,openaq_ground
2026-06-30 04:00:00,30.0,16.866666666666667,6.69,openaq_ground
2026-06-30 05:00:00,33.050000000000004,21.96666666666667,12.0,openaq_ground
2026-06-30 06:00:00,22.759999999999998,18.0,8.91,openaq_ground
2026-06-30 07:00:00,25.085,58.4,37.435,openaq_ground
2026-06-30 08:00:00,16.615,49.13333333333333,30.302500000000002,openaq_ground
2026-06-30 09:00:00,23.4,45.866666666666674,29.097499999999997,openaq_ground
2026-06-30 10:00:00,25.75,44.1,27.2725,openaq_ground
2026-06-30 11:00:00,,,4.0,openaq_ground
2026-06-30 12:00:00,16.0,42.13333333333333,26.5,openaq_ground
2026-06-30 13:00:00,12.8,30.633333333333336,19.5675,openaq_ground
2026-06-30 14:00:00,10.4,37.300000000000004,30.9,openaq_ground
2026-06-30 15:00:00,9.26,43.96666666666667,33.325,openaq_ground
2026-06-30 16:00:00,7.55,33.300000000000004,28.775,openaq_ground
2026-06-30 17:00:00,6.01,34.199999999999996,27.05,openaq_ground
2026-06-30 18:00:00,17.265,36.1,29.0,openaq_ground
2026-06-30 19:00:00,22.645,46.56666666666666,38.55,openaq_ground
2026-06-30 20:00:00,25.7,64.60000000000001,42.225,openaq_ground
2026-06-30 21:00:00,29.1,53.26666666666667,41.875,openaq_ground
2026-06-30 22:00:00,34.4,34.76666666666667,26.875,openaq_ground
2026-06-30 23:00:00,36.15,20.7,13.967500000000001,openaq_ground
2026-07-01 00:00:00,26.75,12.699999999999998,4.7375,openaq_ground
2026-07-01 01:00:00,23.86,11.530000000000001,4.84,openaq_ground
2026-07-01 02:00:00,27.895,11.910000000000002,5.0825,openaq_ground
2026-07-01 03:00:00,20.79,12.333333333333334,4.365,openaq_ground
2026-07-01 04:00:00,35.25,20.3,10.19,openaq_ground
2026-07-01 05:00:00,39.35,39.766666666666666,28.490000000000002,openaq_ground
2026-07-01 06:00:00,40.5,48.23333333333333,38.71,openaq_ground
2026-07-01 07:00:00,33.75,56.23333333333333,45.0325,openaq_ground
2026-07-01 08:00:00,28.25,84.17333333333333,69.0,openaq_ground
2026-07-01 09:00:00,26.15,83.79333333333334,67.7425,openaq_ground
2026-07-01 10:00:00,23.85,48.63333333333333,39.615,openaq_ground
2026-07-01 11:00:00,,,54.7,openaq_ground
2026-07-01 12:00:00,24.9,35.36666666666667,37.0,openaq_ground
2026-07-01 13:00:00,16.6,33.46666666666666,29.575,openaq_ground
2026-07-01 14:00:00,13.6,30.566666666666666,27.675,openaq_ground
2026-07-01 15:00:00,10.75,35.833333333333336,32.8,openaq_ground
2026-07-01 16:00:00,9.835,35.0,30.525,openaq_ground
2026-07-01 17:00:00,13.65,30.0,20.875,openaq_ground
2026-07-01 18:00:00,17.05,28.333333333333332,25.450000000000003,openaq_ground
2026-07-01 19:00:00,20.285,31.23333333333333,28.700000000000003,openaq_ground
2026-07-01 20:00:00,19.75,38.06666666666667,35.2,openaq_ground
2026-07-01 21:00:00,25.25,27.366666666666664,21.825,openaq_ground
2026-07-01 22:00:00,28.75,32.6,24.0925,openaq_ground
2026-07-01 23:00:00,27.8,18.366666666666664,11.7675,openaq_ground
2026-07-02 00:00:00,25.55,14.049999999999999,6.155,openaq_ground
2026-07-02 01:00:00,27.650000000000002,10.206666666666665,4.9875,openaq_ground
2026-07-02 02:00:00,21.959999999999997,12.4,5.4575,openaq_ground
2026-07-02 03:00:00,22.545,10.626666666666667,4.8100000000000005,openaq_ground
2026-07-02 04:00:00,29.349999999999998,12.39,7.3675,openaq_ground
2026-07-02 05:00:00,34.0,15.313333333333333,10.315000000000001,openaq_ground
2026-07-02 06:00:00,28.7,20.903333333333332,16.39,openaq_ground
2026-07-02 07:00:00,24.7,38.15,32.725,openaq_ground
2026-07-02 08:00:00,21.5,40.833333333333336,28.75,openaq_ground
2026-07-02 09:00:00,27.0,61.43333333333334,62.075,openaq_ground
2026-07-02 10:00:00,24.05,59.699999999999996,36.15,openaq_ground
2026-07-02 11:00:00,,,77.0,openaq_ground
2026-07-02 12:00:00,13.6,17.566666666666666,25.275,openaq_ground
2026-07-02 13:00:00,,,20.4,openaq_ground
2026-07-02 14:00:00,11.1,10.646666666666667,10.68,openaq_ground
2026-07-02 15:00:00,8.595,7.353333333333334,9.785,openaq_ground
2026-07-02 16:00:00,8.33,12.670000000000002,10.375,openaq_ground
2026-07-02 17:00:00,10.399999999999999,16.366666666666667,14.975,openaq_ground
2026-07-02 18:00:00,13.6,23.066666666666666,22.7,openaq_ground
2026-07-02 19:00:00,22.0,35.63333333333333,31.375,openaq_ground
2026-07-02 20:00:00,20.799999999999997,48.199999999999996,45.025000000000006,openaq_ground
2026-07-02 21:00:00,25.5,32.0,32.5,openaq_ground
2026-07-02 22:00:00,33.25,33.300000000000004,27.65,openaq_ground
2026-07-02 23:00:00,39.1,13.833333333333334,8.55,openaq_ground
2026-07-03 00:00:00,52.0,,2.5,openaq_ground
2026-07-03 01:00:00,31.3,10.406666666666666,3.875,openaq_ground
2026-07-03 02:00:00,29.975,14.050000000000002,5.3875,openaq_ground
2026-07-03 03:00:00,33.0,13.433333333333332,7.14,openaq_ground
2026-07-03 04:00:00,37.55,22.833333333333332,16.16,openaq_ground
2026-07-03 05:00:00,43.65,64.8,35.225,openaq_ground
2026-07-03 06:00:00,39.35,37.0,31.799999999999997,openaq_ground
2026-07-03 07:00:00,30.0,44.56666666666666,35.175,openaq_ground
2026-07-03 08:00:00,32.25,66.2,54.9,openaq_ground
2026-07-03 09:00:00,29.700000000000003,65.16666666666667,51.1,openaq_ground
2026-07-03 10:00:00,21.725,71.73333333333333,54.6775,openaq_ground
2026-07-03 11:00:00,,,3.7,openaq_ground
2026-07-03 12:00:00,9.02,33.699999999999996,19.497500000000002,openaq_ground
2026-07-03 13:00:00,10.965,34.23333333333333,20.514999999999997,openaq_ground
2026-07-03 14:00:00,13.7,14.466666666666667,6.33,openaq_ground
2026-07-03 15:00:00,10.75,6.6433333333333335,2.513,openaq_ground
2026-07-03 16:00:00,4.305,2.22,1.0625,openaq_ground
2026-07-03 17:00:00,9.84,2.5933333333333333,1.13,openaq_ground
2026-07-03 18:00:00,16.715,9.2,3.84,openaq_ground
2026-07-03 19:00:00,11.715,14.186666666666667,4.0575,openaq_ground
2026-07-03 20:00:00,8.805,7.303333333333334,3.0949999999999998,openaq_ground
2026-07-03 21:00:00,12.285,8.803333333333333,3.1125,openaq_ground
2026-07-03 22:00:00,14.325000000000001,8.163333333333334,2.5749999999999997,openaq_ground
2026-07-03 23:00:00,23.665,6.96,2.045,openaq_ground
2026-07-04 00:00:00,19.565,5.836666666666666,1.535,openaq_ground
2026-07-04 01:00:00,18.66,6.11,2.1414999999999997,openaq_ground
2026-07-04 02:00:00,19.67,9.473333333333334,3.505,openaq_ground
2026-07-04 03:00:00,21.72,10.433333333333334,4.5925,openaq_ground
2026-07-04 04:00:00,18.365000000000002,6.973333333333334,3.0975,openaq_ground
2026-07-04 05:00:00,10.264999999999999,11.533333333333333,4.265,openaq_ground
2026-07-04 06:00:00,18.11,14.466666666666667,6.33,openaq_ground
2026-07-04 07:00:00,13.72,24.7,11.805,openaq_ground
2026-07-04 08:00:00,12.285,17.23333333333333,8.22,openaq_ground
2026-07-04 09:00:00,13.045,11.770000000000001,7.63,openaq_ground
2026-07-04 10:00:00,,,9.7,openaq_ground
2026-07-04 11:00:00,,,6.0,openaq_ground
2026-07-04 12:00:00,11.28,13.666666666666666,7.2585,openaq_ground
2026-07-04 13:00:00,6.555,9.996666666666668,4.90925,openaq_ground
2026-07-04 14:00:00,8.94,3.1926666666666663,2.186,openaq_ground
2026-07-04 15:00:00,8.84,15.25,10.8975,openaq_ground
2026-07-04 16:00:00,6.12,8.38,5.925000000000001,openaq_ground
2026-07-04 17:00:00,9.07,8.41,4.6025,openaq_ground
2026-07-04 18:00:00,13.969999999999999,3.47,2.2775,openaq_ground
2026-07-04 19:00:00,26.15,11.506666666666666,7.140000000000001,openaq_ground
2026-07-04 20:00:00,43.95,17.02,7.3675,openaq_ground
2026-07-04 21:00:00,41.75,9.946666666666667,5.154999999999999,openaq_ground
2026-07-04 22:00:00,26.7,6.516666666666666,2.9975,openaq_ground
2026-07-04 23:00:00,26.3,6.176666666666667,4.0275,openaq_ground
2026-07-05 00:00:00,22.6,6.19,3.5325,openaq_ground
2026-07-05 01:00:00,9.53,4.786666666666666,3.435,openaq_ground
2026-07-05 02:00:00,8.52,4.84,2.9725,openaq_ground
2026-07-05 03:00:00,9.34,3.896666666666667,3.3850000000000002,openaq_ground
2026-07-05 04:00:00,10.915,3.1300000000000003,3.2125,openaq_ground
2026-07-05 05:00:00,17.3,,5.3,openaq_ground
2026-07-05 06:00:00,10.595,4.206666666666667,3.4524999999999997,openaq_ground
2026-07-05 07:00:00,11.085,4.156666666666666,3.4525,openaq_ground
2026-07-05 08:00:00,9.515,3.3966666666666665,2.4555,openaq_ground
2026-07-05 09:00:00,8.175,7.102666666666667,5.15025,openaq_ground
2026-07-05 10:00:00,,,0.4,openaq_ground
2026-07-05 11:00:00,,,0.1,openaq_ground
2026-07-05 12:00:00,3.9799999999999995,1.9086666666666663,1.3110000000000002,openaq_ground
2026-07-05 13:00:00,3.558,3.0980000000000003,1.99825,openaq_ground
2026-07-05 14:00:00,10.8,1.9080000000000001,0.9805,openaq_ground
2026-07-05 15:00:00,3.86,2.06,0.4895,openaq_ground
2026-07-05 16:00:00,4.71,3.22,0.71975,openaq_ground
2026-07-05 17:00:00,6.695,4.156666666666666,1.73,openaq_ground
2026-07-05 18:00:00,10.98,1.074,0.6205,openaq_ground
2026-07-05 19:00:00,17.35,1.2309999999999999,1.379,openaq_ground
2026-07-05 20:00:00,15.600000000000001,1.1156666666666666,1.47525,openaq_ground
2026-07-05 21:00:00,15.915,1.7566666666666666,0.95875,openaq_ground
2026-07-05 22:00:00,10.735,2.363,1.6095000000000002,openaq_ground
2026-07-05 23:00:00,9.26,3.858333333333333,2.9419999999999997,openaq_ground
2026-07-06 00:00:00,10.850000000000001,1.3796666666666664,1.145,openaq_ground
2026-07-06 01:00:00,11.28,1.7383333333333333,1.2675,openaq_ground
2026-07-06 02:00:00,18.315,1.9733333333333334,1.6985000000000001,openaq_ground
2026-07-06 03:00:00,19.49,7.62,5.66625,openaq_ground
2026-07-06 04:00:00,16.575,2.966666666666667,2.15725,openaq_ground
2026-07-06 05:00:00,12.61,3.5583333333333336,2.6775,openaq_ground
2026-07-06 06:00:00,10.754999999999999,2.5666666666666664,1.72,openaq_ground
2026-07-06 07:00:00,9.365,1.9846666666666668,1.2367499999999998,openaq_ground
2026-07-06 08:00:00,6.529999999999999,3.436,2.102,openaq_ground
2026-07-06 09:00:00,5.07,1.7136666666666667,1.126,openaq_ground
2026-07-06 10:00:00,4.42,2.58,1.67875,openaq_ground
2026-07-06 11:00:00,,,0.2,openaq_ground
2026-07-06 12:00:00,,,0.3,openaq_ground
2026-07-06 13:00:00,2.9899999999999998,2.58,1.24325,openaq_ground
2026-07-06 14:00:00,3.0005,2.2433333333333336,0.97725,openaq_ground
2026-07-06 15:00:00,3.9099999999999997,2.1933333333333334,1.25525,openaq_ground
2026-07-06 16:00:00,4.69,1.551,0.97975,openaq_ground
2026-07-06 17:00:00,5.565,1.4933333333333334,0.83575,openaq_ground
2026-07-06 18:00:00,10.66,1.7226666666666663,0.86825,openaq_ground
2026-07-06 19:00:00,14.875,1.9666666666666668,1.2225000000000001,openaq_ground
2026-07-06 20:00:00,17.85,4.159999999999999,3.115,openaq_ground
2026-07-06 21:00:00,17.25,2.393333333333333,1.45025,openaq_ground
2026-07-06 22:00:00,17.23,2.2399999999999998,1.175,openaq_ground
2026-07-06 23:00:00,17.3,3.5366666666666666,2.36,openaq_ground
2026-07-07 00:00:00,15.725,1.79,1.8375,openaq_ground
2026-07-07 01:00:00,16.65,1.7946666666666669,3.41625,openaq_ground
2026-07-07 02:00:00,14.83,1.8533333333333333,2.935,openaq_ground
2026-07-07 03:00:00,14.75,1.3463333333333332,1.01275,openaq_ground
2026-07-07 04:00:00,15.805,2.4333333333333336,2.06,openaq_ground
2026-07-07 05:00:00,15.684999999999999,2.2600000000000002,1.8425,openaq_ground
2026-07-07 06:00:00,18.405,3.0700000000000003,2.1905,openaq_ground
2026-07-07 07:00:00,14.85,2.41,2.0225,openaq_ground
2026-07-07 08:00:00,19.759999999999998,4.46,3.305,openaq_ground
2026-07-07 09:00:00,15.3,5.703333333333333,4.1975,openaq_ground
2026-07-07 10:00:00,9.65,7.816666666666667,6.0,openaq_ground
2026-07-07 11:00:00,,,14.0,openaq_ground
2026-07-07 12:00:00,5.94,3.6233333333333335,4.79625,openaq_ground
2026-07-07 13:00:00,,,1.7,openaq_ground
2026-07-07 14:00:00,6.890000000000001,4.57,2.839,openaq_ground
2026-07-07 15:00:00,6.135,3.52,2.1174999999999997,openaq_ground
2026-07-07 16:00:00,7.275,2.6533333333333333,1.48,openaq_ground
2026-07-07 17:00:00,12.41,2.9466666666666668,2.09,openaq_ground
2026-07-07 18:00:00,33.8,5.63,4.875,openaq_ground
2026-07-07 19:00:00,37.95,8.863333333333333,8.5375,openaq_ground
2026-07-07 20:00:00,30.6,12.853333333333333,11.53,openaq_ground
2026-07-07 21:00:00,22.6,7.263333333333333,5.0875,openaq_ground
2026-07-07 22:00:00,19.9,6.1066666666666665,4.9174999999999995,openaq_ground
2026-07-07 23:00:00,19.2,6.890000000000001,7.255000000000001,openaq_ground
2026-07-08 00:00:00,24.75,9.020000000000001,7.3675,openaq_ground
2026-07-08 01:00:00,22.900000000000002,11.456666666666669,8.76,openaq_ground
2026-07-08 02:00:00,28.6,9.566666666666666,5.2225,openaq_ground
2026-07-08 03:00:00,22.450000000000003,7.41,8.495000000000001,openaq_ground
2026-07-08 04:00:00,22.1,7.52,7.9925,openaq_ground
2026-07-08 05:00:00,16.7,4.036666666666666,3.1985,openaq_ground
2026-07-08 06:00:00,14.915000000000001,7.886666666666667,5.545,openaq_ground
2026-07-08 07:00:00,10.935,7.543333333333334,5.640000000000001,openaq_ground
2026-07-08 08:00:00,12.35,4.156666666666667,3.22175,openaq_ground
2026-07-08 09:00:00,12.27,3.6566666666666667,3.6825,openaq_ground
2026-07-08 10:00:00,4.96,3.2266666666666666,2.38,openaq_ground
2026-07-08 11:00:00,,,1.9,openaq_ground
2026-07-08 12:00:00,3.9225000000000003,5.5566666666666675,2.215,openaq_ground
2026-07-08 13:00:00,,,0.1,openaq_ground
2026-07-08 14:00:00,3.81,5.2,1.7249999999999999,openaq_ground
2026-07-08 15:00:00,7.0,5.84,2.5125,openaq_ground
2026-07-08 16:00:00,9.215,2.1576666666666666,1.06825,openaq_ground
2026-07-08 17:00:00,8.675,3.0199999999999996,1.35,openaq_ground
2026-07-08 18:00:00,13.165,3.65,1.7774999999999999,openaq_ground
2026-07-08 19:00:00,25.53,3.8833333333333333,1.9275,openaq_ground
2026-07-08 20:00:00,28.95,10.146666666666667,4.255,openaq_ground
2026-07-08 21:00:00,29.1,7.583333333333333,2.735,openaq_ground
2026-07-08 22:00:00,20.92,5.833333333333333,2.8625,openaq_ground
2026-07-08 23:00:00,19.725,10.676666666666668,4.6175,openaq_ground
2026-07-09 00:00:00,19.255000000000003,7.89,2.8674999999999997,openaq_ground
2026-07-09 01:00:00,15.09,6.239999999999999,2.535,openaq_ground
2026-07-09 02:00:00,15.99,4.83,1.9425000000000001,openaq_ground
2026-07-09 03:00:00,18.34,4.443333333333333,3.1075,openaq_ground
2026-07-09 04:00:00,23.1,5.566666666666666,4.48,openaq_ground
2026-07-09 05:00:00,23.7,8.92,8.157499999999999,openaq_ground
2026-07-09 06:00:00,19.9,6.446666666666666,5.515,openaq_ground
2026-07-09 07:00:00,21.700000000000003,9.92,8.935,openaq_ground
2026-07-09 08:00:00,20.55,6.803333333333334,6.49,openaq_ground
2026-07-09 09:00:00,19.35,6.513333333333333,5.6125,openaq_ground
2026-07-09 10:00:00,14.775,5.173333333333333,5.3,openaq_ground
2026-07-09 11:00:00,,,3.8,openaq_ground
2026-07-09 12:00:00,7.16,3.6333333333333333,1.935,openaq_ground
2026-07-09 13:00:00,6.1850000000000005,4.69,3.035,openaq_ground
2026-07-09 14:00:00,4.475,3.3499999999999996,2.2625,openaq_ground
2026-07-09 15:00:00,7.5,3.5133333333333336,2.2175,openaq_ground
2026-07-09 16:00:00,8.405,4.333333333333333,3.1075,openaq_ground
2026-07-09 17:00:00,19.71,6.756666666666668,4.725,openaq_ground
2026-07-09 18:00:00,23.5,4.256666666666667,3.505,openaq_ground
2026-07-09 19:00:00,32.05,14.073333333333332,9.36,openaq_ground
2026-07-09 20:00:00,24.35,12.583333333333334,10.4275,openaq_ground
2026-07-09 21:00:00,22.5,7.510000000000001,5.94,openaq_ground
2026-07-09 22:00:00,17.65,5.616666666666666,3.7875,openaq_ground
2026-07-09 23:00:00,14.055,4.046666666666667,2.1500000000000004,openaq_ground
2026-07-10 00:00:00,13.335,5.8133333333333335,3.3125,openaq_ground
2026-07-10 01:00:00,13.43,3.4066666666666663,1.9175,openaq_ground
2026-07-10 02:00:00,15.2,14.666666666666666,10.26175,openaq_ground
2026-07-10 03:00:00,13.46,5.1866666666666665,3.2575000000000003,openaq_ground
2026-07-10 04:00:00,19.125,11.11,7.46,openaq_ground
2026-07-10 05:00:00,30.7,21.793333333333333,20.634999999999998,openaq_ground
2026-07-10 06:00:00,33.0,39.666666666666664,39.224999999999994,openaq_ground
2026-07-10 07:00:00,36.5,61.96666666666666,66.7,openaq_ground
2026-07-10 08:00:00,33.5,45.76666666666667,48.325,openaq_ground
2026-07-10 09:00:00,30.9,58.26666666666666,55.9,openaq_ground
2026-07-10 10:00:00,,,63.5,openaq_ground
2026-07-10 11:00:00,,,26.5,openaq_ground
2026-07-10 12:00:00,20.65,32.03333333333334,32.025,openaq_ground
2026-07-10 13:00:00,14.649999999999999,26.099999999999998,24.5,openaq_ground
2026-07-10 14:00:00,11.030000000000001,23.76666666666667,23.575,openaq_ground
2026-07-10 15:00:00,9.9,22.8,22.9,openaq_ground
2026-07-10 16:00:00,5.5,15.383333333333333,17.2525,openaq_ground
2026-07-10 17:00:00,13.754999999999999,16.466666666666665,18.7,openaq_ground
2026-07-10 18:00:00,18.200000000000003,13.083333333333334,15.225,openaq_ground
2026-07-10 19:00:00,20.35,12.316666666666668,12.177499999999998,openaq_ground
2026-07-10 20:00:00,22.75,14.823333333333332,12.99,openaq_ground
2026-07-10 21:00:00,21.55,61.4,47.2575,openaq_ground
2026-07-10 22:00:00,18.75,11.979999999999999,13.955,openaq_ground
2026-07-10 23:00:00,22.0,6.636666666666667,4.3825,openaq_ground
2026-07-11 00:00:00,19.17,4.156666666666667,2.5975,openaq_ground
2026-07-11 01:00:00,14.11,7.3066666666666675,4.375,openaq_ground
2026-07-11 02:00:00,21.2,5.116666666666666,2.7275,openaq_ground
2026-07-11 03:00:00,25.18,4.5200000000000005,3.125,openaq_ground
2026-07-11 04:00:00,21.715000000000003,16.64,11.1125,openaq_ground
2026-07-11 05:00:00,32.45,30.2,25.8675,openaq_ground
2026-07-11 06:00:00,40.9,64.76666666666667,54.775000000000006,openaq_ground
2026-07-11 07:00:00,33.55,65.89999999999999,58.45,openaq_ground
2026-07-11 08:00:00,28.25,71.60000000000001,66.025,openaq_ground
2026-07-11 09:00:00,22.25,81.83333333333333,71.375,openaq_ground
2026-07-11 10:00:00,18.3,76.9,67.16666666666667,openaq_ground
2026-07-11 11:00:00,,,59.4,openaq_ground
2026-07-11 12:00:00,10.540000000000001,113.0,103.19999999999999,openaq_ground
2026-07-11 13:00:00,8.969999999999999,120.0,110.525,openaq_ground
2026-07-11 14:00:00,7.369999999999999,86.2,87.975,openaq_ground
2026-07-11 15:00:00,6.19,53.900000000000006,64.175,openaq_ground
2026-07-11 16:00:00,6.4,45.76666666666667,52.7,openaq_ground
2026-07-11 17:00:00,6.86,40.406666666666666,45.847500000000004,openaq_ground
2026-07-11 18:00:00,9.075,31.400000000000002,36.595,openaq_ground
2026-07-11 19:00:00,6.675,51.13333333333333,51.425,openaq_ground
2026-07-11 20:00:00,12.355,70.8,68.625,openaq_ground
2026-07-11 21:00:00,16.75,36.733333333333334,42.475,openaq_ground
2026-07-11 22:00:00,21.599999999999998,30.933333333333334,27.150000000000002,openaq_ground
2026-07-11 23:00:00,21.049999999999997,17.293333333333333,13.317499999999999,openaq_ground
2026-07-12 00:00:00,25.0,8.16,3.125,openaq_ground
2026-07-12 01:00:00,21.0,6.3933333333333335,2.335,openaq_ground
2026-07-12 02:00:00,16.665,7.476666666666667,2.78,openaq_ground
2026-07-12 03:00:00,14.32,5.933333333333334,2.555,openaq_ground
2026-07-12 04:00:00,16.185,8.776666666666666,5.109999999999999,openaq_ground
2026-07-12 05:00:00,32.6,,15.1,openaq_ground
2026-07-12 06:00:00,18.47,14.533333333333333,8.705,openaq_ground
2026-07-12 07:00:00,10.36,14.433333333333332,7.21,openaq_ground
2026-07-12 08:00:00,11.66,19.400000000000002,8.467500000000001,openaq_ground
2026-07-12 09:00:00,5.42,28.633333333333336,13.9,openaq_ground
2026-07-12 10:00:00,,,5.1,openaq_ground
2026-07-12 11:00:00,,,3.6,openaq_ground
2026-07-12 12:00:00,,,2.7,openaq_ground
2026-07-12 13:00:00,8.129999999999999,21.8,11.6525,openaq_ground
2026-07-12 14:00:00,4.5649999999999995,20.866666666666667,11.485,openaq_ground
2026-07-12 15:00:00,2.89,19.026666666666667,10.6375,openaq_ground
2026-07-12 16:00:00,7.07,18.656666666666666,10.737499999999999,openaq_ground
2026-07-12 17:00:00,6.45,23.833333333333332,12.375,openaq_ground
2026-07-12 18:00:00,23.55,10.766666666666666,4.7775,openaq_ground
2026-07-12 19:00:00,30.799999999999997,12.6,4.07,openaq_ground
2026-07-12 20:00:00,30.104999999999997,7.38,2.8525,openaq_ground
2026-07-12 21:00:00,18.18,6.836666666666667,2.18,openaq_ground
2026-07-12 22:00:00,23.65,8.076666666666666,3.1925,openaq_ground
2026-07-12 23:00:00,29.080000000000002,7.746666666666666,2.9875,openaq_ground
2026-07-13 00:00:00,22.49,8.216666666666667,3.25,openaq_ground
2026-07-13 01:00:00,24.52,10.283333333333333,3.6725,openaq_ground
2026-07-13 02:00:00,32.45,9.15,2.96,openaq_ground
2026-07-13 03:00:00,27.6,11.196666666666667,5.7875,openaq_ground
2026-07-13 04:00:00,31.05,10.556666666666667,4.445,openaq_ground
2026-07-13 05:00:00,35.9,17.57,7.01,openaq_ground
2026-07-13 06:00:00,32.55,13.403333333333334,8.0275,openaq_ground
2026-07-13 07:00:00,26.349999999999998,13.106666666666667,7.074999999999999,openaq_ground
2026-07-13 08:00:00,26.549999999999997,13.626666666666665,6.375,openaq_ground
2026-07-13 09:00:00,16.825,3.646666666666667,3.2525,openaq_ground
2026-07-13 10:00:00,16.475,10.916666666666666,3.8875,openaq_ground
2026-07-13 11:00:00,,,7.7,openaq_ground
2026-07-13 12:00:00,,,3.6,openaq_ground
2026-07-13 13:00:00,7.615,5.683333333333334,2.79675,openaq_ground
2026-07-13 14:00:00,9.335,16.033333333333335,7.37,openaq_ground
2026-07-13 15:00:00,11.18,13.673333333333332,6.175,openaq_ground
2026-07-13 16:00:00,16.700000000000003,18.433333333333334,7.29,openaq_ground
2026-07-13 17:00:00,30.65,13.486666666666666,5.5325,openaq_ground
2026-07-13 18:00:00,40.85,18.74,4.79,openaq_ground
2026-07-13 19:00:00,50.849999999999994,34.6,17.435,openaq_ground
2026-07-13 20:00:00,49.0,13.450000000000001,5.22,openaq_ground
2026-07-13 21:00:00,54.7,24.676666666666666,6.607500000000001,openaq_ground
2026-07-13 22:00:00,40.85,11.049999999999999,3.83,openaq_ground
2026-07-13 23:00:00,36.8,9.51,2.9175,openaq_ground
2026-07-14 00:00:00,37.21,10.626666666666667,2.2225,openaq_ground
2026-07-14 01:00:00,26.79,9.393333333333334,3.2024999999999997,openaq_ground
2026-07-14 02:00:00,22.29,4.03,0.7045,openaq_ground
2026-07-14 03:00:00,23.384999999999998,7.363333333333333,2.0225,openaq_ground
2026-07-14 04:00:00,32.84,11.51,4.3825,openaq_ground
2026-07-14 05:00:00,35.85,13.743333333333332,12.365,openaq_ground
2026-07-14 06:00:00,51.0,42.1,27.335,openaq_ground
2026-07-14 07:00:00,49.85,27.233333333333334,23.785,openaq_ground
2026-07-14 08:00:00,41.2,24.833333333333332,22.965,openaq_ground
2026-07-14 09:00:00,37.05,35.9,27.525000000000002,openaq_ground
2026-07-14 10:00:00,29.18,23.71666666666667,17.810000000000002,openaq_ground
2026-07-14 11:00:00,,,8.1,openaq_ground
2026-07-14 12:00:00,21.25,26.5,20.625,openaq_ground
2026-07-14 13:00:00,18.8,31.26666666666667,24.700000000000003,openaq_ground
2026-07-14 14:00:00,16.35,25.726666666666663,11.9125,openaq_ground
2026-07-14 15:00:00,18.45,22.993333333333336,9.7175,openaq_ground
2026-07-14 16:00:00,20.1,25.666666666666668,11.945,openaq_ground
2026-07-14 17:00:00,20.6,14.32,7.4375,openaq_ground
2026-07-14 18:00:00,34.2,13.13,8.26,openaq_ground
2026-07-14 19:00:00,40.55,24.76666666666667,12.719999999999999,openaq_ground
2026-07-14 20:00:00,33.800000000000004,25.629999999999995,11.3475,openaq_ground
2026-07-14 21:00:00,40.55,18.599999999999998,10.7725,openaq_ground
2026-07-14 22:00:00,45.0,27.366666666666664,12.265,openaq_ground
2026-07-14 23:00:00,48.1,22.266666666666666,8.52,openaq_ground
2026-07-15 00:00:00,33.9,17.366666666666664,6.4375,openaq_ground
2026-07-15 01:00:00,35.7,21.766666666666666,7.675000000000001,openaq_ground
2026-07-15 02:00:00,41.35,17.066666666666666,7.425,openaq_ground
2026-07-15 03:00:00,31.150000000000002,22.7,11.682500000000001,openaq_ground
2026-07-15 04:00:00,24.25,19.713333333333335,11.372499999999999,openaq_ground
2026-07-15 05:00:00,27.9,28.599999999999998,19.2225,openaq_ground
2026-07-15 06:00:00,20.700000000000003,17.2,15.3525,openaq_ground
2026-07-15 07:00:00,18.9,20.366666666666667,16.175,openaq_ground
2026-07-15 08:00:00,27.95,27.733333333333334,22.95,openaq_ground
2026-07-15 09:00:00,28.700000000000003,36.1,35.2,openaq_ground
2026-07-15 10:00:00,28.6,37.56666666666667,40.325,openaq_ground
2026-07-15 11:00:00,,,65.9,openaq_ground
2026-07-15 12:00:00,20.0,37.53333333333333,40.9,openaq_ground
2026-07-15 13:00:00,20.2,31.333333333333332,33.825,openaq_ground
2026-07-15 14:00:00,20.4,28.96666666666667,30.950000000000003,openaq_ground
2026-07-15 15:00:00,18.0,13.056666666666667,18.1875,openaq_ground
2026-07-15 16:00:00,18.0,13.663333333333334,12.975000000000001,openaq_ground
2026-07-15 17:00:00,19.9,13.936666666666667,9.5975,openaq_ground
2026-07-15 18:00:00,30.349999999999998,8.913333333333334,5.032500000000001,openaq_ground
2026-07-15 19:00:00,16.4,11.726666666666667,4.8325,openaq_ground
2026-07-15 20:00:00,27.695,12.043333333333335,5.59,openaq_ground
2026-07-15 21:00:00,29.4,18.366666666666664,8.662500000000001,openaq_ground
2026-07-15 22:00:00,18.59,19.333333333333332,9.7575,openaq_ground
2026-07-15 23:00:00,26.77,18.566666666666666,8.435,openaq_ground
2026-07-16 00:00:00,29.32,17.400000000000002,7.08,openaq_ground
2026-07-16 01:00:00,24.900000000000002,15.933333333333335,6.08,openaq_ground
2026-07-16 02:00:00,34.265,14.833333333333334,5.6075,openaq_ground
2026-07-16 03:00:00,27.705000000000002,18.166666666666668,7.13,openaq_ground
2026-07-16 04:00:00,34.4,22.2,9.4925,openaq_ground
2026-07-16 05:00:00,53.2,28.53333333333333,15.275,openaq_ground
2026-07-16 06:00:00,53.849999999999994,37.96666666666667,18.5,openaq_ground
2026-07-16 07:00:00,43.1,46.833333333333336,30.41,openaq_ground
2026-07-16 08:00:00,45.65,73.53333333333333,54.135000000000005,openaq_ground
2026-07-16 09:00:00,38.4,81.9,53.8,openaq_ground
2026-07-16 10:00:00,40.0,74.95,46.68,openaq_ground
2026-07-16 11:00:00,,,11.2,openaq_ground
2026-07-16 12:00:00,18.85,32.6,17.5525,openaq_ground
2026-07-16 13:00:00,16.9,38.6,25.240000000000002,openaq_ground
2026-07-16 14:00:00,8.555,24.599999999999998,15.1025,openaq_ground
2026-07-16 15:00:00,9.97,19.5,11.895,openaq_ground
2026-07-16 16:00:00,15.2,27.866666666666664,16.6525,openaq_ground
2026-07-16 17:00:00,16.9,23.266666666666666,14.0425,openaq_ground
2026-07-16 18:00:00,24.049999999999997,31.7,16.7,openaq_ground
2026-07-16 19:00:00,27.55,48.46666666666667,29.475,openaq_ground
2026-07-16 20:00:00,28.8,46.43333333333334,28.15,openaq_ground
2026-07-16 21:00:00,33.95,46.06666666666666,22.875,openaq_ground
2026-07-16 22:00:00,38.9,26.566666666666663,11.0475,openaq_ground
2026-07-16 23:00:00,31.95,14.556666666666667,6.2975,openaq_ground
2026-07-17 00:00:00,31.9,11.64,4.609999999999999,openaq_ground
2026-07-17 01:00:00,29.9,21.2,6.2875,openaq_ground
2026-07-17 02:00:00,34.65,13.166666666666666,5.3625,openaq_ground
2026-07-17 03:00:00,33.75,20.066666666666666,7.11,openaq_ground
2026-07-17 04:00:00,40.8,27.600000000000005,13.9925,openaq_ground
2026-07-17 05:00:00,45.3,65.23333333333333,34.05,openaq_ground
2026-07-17 06:00:00,44.7,92.16666666666667,63.4,openaq_ground
2026-07-17 07:00:00,41.1,113.16666666666667,89.025,openaq_ground
2026-07-17 08:00:00,35.05,125.8,99.625,openaq_ground
2026-07-17 09:00:00,28.7,113.23333333333333,90.1,openaq_ground
2026-07-17 10:00:00,,,73.3,openaq_ground
2026-07-17 11:00:00,,,94.2,openaq_ground
2026-07-17 12:00:00,21.6,55.81999999999999,39.8275,openaq_ground
2026-07-17 13:00:00,29.95,42.79999999999999,30.417499999999997,openaq_ground
2026-07-17 14:00:00,30.15,23.313333333333333,14.95,openaq_ground
2026-07-17 15:00:00,26.4,25.326666666666668,18.002499999999998,openaq_ground
2026-07-17 16:00:00,27.85,26.439999999999998,21.192500000000003,openaq_ground
2026-07-17 17:00:00,29.15,31.8,24.200000000000003,openaq_ground
2026-07-17 18:00:00,26.4,23.666666666666668,17.875,openaq_ground
2026-07-17 19:00:00,19.3,36.4,29.975,openaq_ground
2026-07-17 20:00:00,26.45,42.06666666666666,37.375,openaq_ground
2026-07-17 21:00:00,31.5,39.1,34.675,openaq_ground
2026-07-17 22:00:00,33.349999999999994,27.46666666666667,24.4,openaq_ground
2026-07-17 23:00:00,35.6,23.5,16.275,openaq_ground
2026-07-18 00:00:00,33.85,23.400000000000002,10.015,openaq_ground
2026-07-18 01:00:00,32.5,37.766666666666666,12.84,openaq_ground
2026-07-18 02:00:00,31.35,31.133333333333336,13.084999999999999,openaq_ground
2026-07-18 03:00:00,28.650000000000002,35.199999999999996,12.805,openaq_ground
2026-07-18 04:00:00,41.05,76.43333333333334,51.225,openaq_ground
2026-07-18 05:00:00,44.3,105.86666666666667,76.0,openaq_ground
2026-07-18 06:00:00,47.849999999999994,139.76666666666668,114.85,openaq_ground
2026-07-18 07:00:00,45.8,108.0,89.175,openaq_ground
2026-07-18 08:00:00,42.7,101.26666666666667,78.15,openaq_ground
2026-07-18 09:00:00,37.7,108.03333333333335,87.575,openaq_ground
2026-07-18 10:00:00,34.35,105.47333333333331,81.07,openaq_ground
2026-07-18 11:00:00,,,14.9,openaq_ground
2026-07-18 12:00:00,32.0,87.24666666666667,63.155,openaq_ground
2026-07-18 13:00:00,28.0,77.45,56.3025,openaq_ground
2026-07-18 14:00:00,25.65,50.656666666666666,35.24125,openaq_ground
2026-07-18 15:00:00,7.720000000000001,31.430000000000003,20.599,openaq_ground
2026-07-18 16:00:00,5.75,8.81,2.965,openaq_ground
2026-07-18 17:00:00,4.695,5.523333333333333,2.0725000000000002,openaq_ground
2026-07-18 18:00:00,8.05,7.6433333333333335,3.455,openaq_ground
2026-07-18 19:00:00,9.129999999999999,13.049999999999999,6.0725,openaq_ground
2026-07-18 20:00:00,11.075,11.546666666666667,5.16,openaq_ground
2026-07-18 21:00:00,13.065,16.166666666666668,7.97,openaq_ground
2026-07-18 22:00:00,14.905000000000001,14.85,8.0575,openaq_ground
2026-07-18 23:00:00,18.35,8.78,3.675,openaq_ground
2026-07-19 00:00:00,25.4,12.493333333333334,5.3825,openaq_ground
2026-07-19 01:00:00,16.99,10.816666666666668,4.6075,openaq_ground
2026-07-19 02:00:00,10.565,9.16,3.4025,openaq_ground
2026-07-19 03:00:00,11.629999999999999,7.093333333333334,3.46,openaq_ground
2026-07-19 04:00:00,18.9,15.706666666666665,9.615,openaq_ground
2026-07-19 05:00:00,,,30.7,openaq_ground
2026-07-19 06:00:00,43.4,46.666666666666664,35.269999999999996,openaq_ground
2026-07-19 07:00:00,44.15,68.5,51.6475,openaq_ground
2026-07-19 08:00:00,43.15,89.7,69.94,openaq_ground
2026-07-19 09:00:00,37.75,76.06666666666666,64.525,openaq_ground
2026-07-19 10:00:00,34.2,87.3,79.4,openaq_ground
2026-07-19 11:00:00,,,51.8,openaq_ground
2026-07-19 12:00:00,18.6,62.23333333333334,58.5,openaq_ground
2026-07-19 13:00:00,16.95,62.1,67.2,openaq_ground
2026-07-19 14:00:00,16.65,55.73333333333333,52.2,openaq_ground
2026-07-19 15:00:00,15.25,42.6,40.7,openaq_ground
2026-07-19 16:00:00,16.7,41.5,40.525,openaq_ground
2026-07-19 17:00:00,19.15,35.43333333333333,35.125,openaq_ground
2026-07-19 18:00:00,20.15,31.0,27.950000000000003,openaq_ground
2026-07-19 19:00:00,20.6,40.1,33.324999999999996,openaq_ground
2026-07-19 20:00:00,31.55,40.43333333333334,37.0,openaq_ground
2026-07-19 21:00:00,40.05,24.566666666666666,24.425,openaq_ground
2026-07-19 22:00:00,39.650000000000006,19.57,16.5225,openaq_ground
2026-07-19 23:00:00,41.7,11.336666666666668,7.4925,openaq_ground
2026-07-20 00:00:00,35.65,14.313333333333333,5.59,openaq_ground
2026-07-20 01:00:00,30.85,14.5,5.025,openaq_ground
2026-07-20 02:00:00,27.900000000000002,15.433333333333332,4.58,openaq_ground
2026-07-20 03:00:00,26.674999999999997,15.533333333333333,4.9475,openaq_ground
2026-07-20 04:00:00,39.85,21.8,7.055,openaq_ground
2026-07-20 05:00:00,47.4,22.83666666666667,14.07,openaq_ground
2026-07-20 06:00:00,39.75,20.366666666666667,14.4075,openaq_ground
2026-07-20 07:00:00,31.8,22.639999999999997,12.0725,openaq_ground
2026-07-20 08:00:00,23.650000000000002,21.866666666666664,9.8475,openaq_ground
2026-07-20 09:00:00,19.415,24.96666666666667,11.7975,openaq_ground
2026-07-20 10:00:00,16.2,21.866666666666664,10.675,openaq_ground
2026-07-20 11:00:00,,,4.0,openaq_ground
2026-07-20 12:00:00,4.365,27.200000000000003,14.864999999999998,openaq_ground
2026-07-20 13:00:00,8.545,29.8,16.939999999999998,openaq_ground
2026-07-20 14:00:00,10.68,18.366666666666667,9.8575,openaq_ground
2026-07-20 15:00:00,11.0,21.626666666666665,12.370000000000001,openaq_ground
2026-07-20 16:00:00,14.27,16.2,10.49,openaq_ground
2026-07-20 17:00:00,15.8,28.3,17.775,openaq_ground
2026-07-20 18:00:00,17.95,28.333333333333332,22.9,openaq_ground
2026-07-20 19:00:00,24.25,27.933333333333334,24.025,openaq_ground
2026-07-20 20:00:00,23.95,32.333333333333336,24.125,openaq_ground
2026-07-20 21:00:00,26.200000000000003,34.1,22.825,openaq_ground
2026-07-20 22:00:00,25.9,29.099999999999998,20.15,openaq_ground
2026-07-20 23:00:00,38.45,13.143333333333333,13.24,openaq_ground
2026-07-21 00:00:00,33.8,12.903333333333334,8.205,openaq_ground
2026-07-21 01:00:00,35.2,15.333333333333334,7.4825,openaq_ground
2026-07-21 02:00:00,30.3,24.8,9.4075,openaq_ground
2026-07-21 03:00:00,35.8,24.0,9.86,openaq_ground
2026-07-21 04:00:00,39.35,41.43333333333334,22.45,openaq_ground
2026-07-21 05:00:00,35.95,79.7,52.15,openaq_ground
2026-07-21 06:00:00,33.75,115.56666666666666,82.325,openaq_ground
2026-07-21 07:00:00,25.8,131.13333333333333,104.275,openaq_ground
2026-07-21 08:00:00,24.75,134.0,114.35,openaq_ground
2026-07-21 09:00:00,21.25,195.0,162.0,openaq_ground
2026-07-21 10:00:00,,,110.0,openaq_ground
2026-07-21 11:00:00,,,88.4,openaq_ground
2026-07-21 12:00:00,16.085,85.23333333333333,65.175,openaq_ground
2026-07-21 13:00:00,19.35,42.52333333333333,31.715,openaq_ground
2026-07-21 14:00:00,21.5,37.800000000000004,28.3975,openaq_ground
2026-07-21 15:00:00,21.2,42.06666666666667,27.8375,openaq_ground
2026-07-21 16:00:00,23.299999999999997,30.433333333333334,26.025,openaq_ground
2026-07-21 17:00:00,21.1,26.633333333333336,21.822499999999998,openaq_ground
2026-07-21 18:00:00,23.7,31.900000000000002,24.125,openaq_ground
2026-07-21 19:00:00,41.85,44.56666666666666,28.025,openaq_ground
2026-07-21 20:00:00,37.95,57.56666666666667,36.599999999999994,openaq_ground
2026-07-21 21:00:00,45.65,56.56666666666667,30.1,openaq_ground
2026-07-21 22:00:00,38.15,33.06666666666667,21.35,openaq_ground
2026-07-21 23:00:00,42.1,22.5,15.1,openaq_ground
2026-07-22 00:00:00,24.200000000000003,9.186666666666667,5.0875,openaq_ground
2026-07-22 01:00:00,,,2.8,openaq_ground
2026-07-22 02:00:00,26.95,7.57,3.7225,openaq_ground
2026-07-22 03:00:00,24.8,7.963333333333334,3.5025,openaq_ground
2026-07-22 04:00:00,35.55,12.200000000000001,8.1125,openaq_ground
2026-07-22 05:00:00,33.900000000000006,34.73333333333333,27.4975,openaq_ground
2026-07-22 06:00:00,35.7,14.89,15.335,openaq_ground
2026-07-22 07:00:00,29.45,22.633333333333336,19.75,openaq_ground
2026-07-22 08:00:00,17.45,9.343333333333332,7.43,openaq_ground
2026-07-22 09:00:00,14.43,15.56,11.315000000000001,openaq_ground
2026-07-22 10:00:00,19.15,12.136666666666665,8.785,openaq_ground
2026-07-22 11:00:00,,,8.1,openaq_ground
2026-07-22 12:00:00,5.46,22.24333333333333,16.475,openaq_ground
2026-07-22 13:00:00,8.105,32.46333333333333,22.875,openaq_ground
2026-07-22 14:00:00,6.5,12.82,8.5725,openaq_ground
2026-07-22 15:00:00,3.8449999999999998,11.903333333333334,7.475,openaq_ground
2026-07-22 16:00:00,4.97,11.993333333333334,7.4025,openaq_ground
2026-07-22 17:00:00,8.935,10.296666666666667,6.4175,openaq_ground
2026-07-22 18:00:00,25.05,15.293333333333335,8.96,openaq_ground
2026-07-22 19:00:00,30.95,21.850000000000005,12.8625,openaq_ground
2026-07-22 20:00:00,26.400000000000002,21.32,11.2475,openaq_ground
2026-07-22 21:00:00,29.5,25.396666666666665,14.27,openaq_ground
2026-07-22 22:00:00,28.15,24.439999999999998,13.0925,openaq_ground
2026-07-22 23:00:00,31.049999999999997,24.666666666666668,10.997499999999999,openaq_ground
2026-07-23 00:00:00,33.35,26.53333333333333,13.774999999999999,openaq_ground
2026-07-23 01:00:00,35.75,25.833333333333332,13.3225,openaq_ground
2026-07-23 02:00:00,36.55,37.56666666666666,21.225,openaq_ground
2026-07-23 03:00:00,38.0,38.4,21.375,openaq_ground
2026-07-23 04:00:00,42.3,34.46666666666667,21.525,openaq_ground
2026-07-23 05:00:00,42.4,22.48,17.810000000000002,openaq_ground
2026-07-23 06:00:00,,,34.6,openaq_ground
2026-07-23 07:00:00,28.5,9.316666666666666,9.8675,openaq_ground
2026-07-23 08:00:00,26.0,14.94,8.662500000000001,openaq_ground
2026-07-23 09:00:00,24.475,6.44,5.83,openaq_ground
2026-07-23 10:00:00,29.05,10.403333333333332,7.7525,openaq_ground
2026-07-23 11:00:00,,,6.8,openaq_ground
2026-07-23 12:00:00,11.96,5.620666666666668,3.11625,openaq_ground
2026-07-23 13:00:00,7.1,8.1,2.215,openaq_ground
2026-07-23 14:00:00,6.625,5.62,3.7125,openaq_ground
2026-07-23 15:00:00,10.985,8.186666666666667,3.0665,openaq_ground
2026-07-23 16:00:00,18.7,3.6666666666666665,2.7432499999999997,openaq_ground
2026-07-23 17:00:00,20.049999999999997,14.17,7.327500000000001,openaq_ground
2026-07-23 18:00:00,29.85,7.513333333333333,2.5225,openaq_ground
2026-07-23 19:00:00,39.65,16.76,7.505000000000001,openaq_ground
2026-07-23 20:00:00,31.95,15.240000000000002,4.4125,openaq_ground
2026-07-23 21:00:00,27.345,16.77,2.9050000000000002,openaq_ground
2026-07-23 22:00:00,29.55,10.01,2.2525,openaq_ground
2026-07-23 23:00:00,24.23,6.823333333333333,1.6775,openaq_ground
2026-07-24 00:00:00,25.415,10.11,1.815,openaq_ground
2026-07-24 01:00:00,23.535,6.403333333333333,1.4295,openaq_ground
2026-07-24 02:00:00,33.1,10.75,1.9425,openaq_ground
2026-07-24 03:00:00,17.62,17.89,2.805,openaq_ground
2026-07-24 04:00:00,14.5,6.7700000000000005,3.3674999999999997,openaq_ground
2026-07-24 05:00:00,15.565000000000001,5.6866666666666665,4.72,openaq_ground
2026-07-24 06:00:00,12.82,10.59,5.9925,openaq_ground
2026-07-24 07:00:00,14.65,12.56,6.42,openaq_ground
2026-07-24 08:00:00,16.95,14.973333333333334,9.5625,openaq_ground
2026-07-24 09:00:00,14.95,26.266666666666666,18.6,openaq_ground
2026-07-24 10:00:00,,,34.5,openaq_ground
2026-07-24 11:00:00,,,42.5,openaq_ground
2026-07-24 12:00:00,12.855,38.26666666666667,33.175,openaq_ground
2026-07-24 13:00:00,12.83,25.766666666666666,25.425,openaq_ground
2026-07-24 14:00:00,8.435,16.266666666666666,17.5775,openaq_ground
2026-07-24 15:00:00,4.335,11.046666666666667,9.105,openaq_ground
2026-07-24 16:00:00,3.85,10.003333333333332,7.1625,openaq_ground
2026-07-24 17:00:00,7.525,7.346666666666667,4.7875,openaq_ground
2026-07-24 18:00:00,3.315,3.3033333333333332,1.725,openaq_ground
2026-07-24 19:00:00,5.465,4.8999999999999995,2.585,openaq_ground
2026-07-24 20:00:00,4.77,2.9299999999999997,2.1375,openaq_ground
2026-07-24 21:00:00,4.955,8.92,6.42,openaq_ground
2026-07-24 22:00:00,8.600000000000001,7.986666666666667,5.2225,openaq_ground
2026-07-24 23:00:00,7.48,4.406666666666667,2.705,openaq_ground
2026-07-25 00:00:00,7.52,4.3966666666666665,2.52,openaq_ground
2026-07-25 01:00:00,12.02,6.723333333333334,4.575,openaq_ground
2026-07-25 02:00:00,12.85,9.54,5.91,openaq_ground
2026-07-25 03:00:00,10.53,7.846666666666667,4.2275,openaq_ground
2026-07-25 04:00:00,9.045,7.0566666666666675,4.9350000000000005,openaq_ground
2026-07-25 05:00:00,16.615,7.196666666666666,5.915,openaq_ground
2026-07-25 06:00:00,13.399999999999999,10.786666666666667,13.065000000000001,openaq_ground
2026-07-25 07:00:00,17.6,45.76666666666667,37.2,openaq_ground
2026-07-25 08:00:00,20.1,39.26666666666667,41.0,openaq_ground
2026-07-25 09:00:00,21.7,45.9,49.175,openaq_ground
2026-07-25 10:00:00,,,72.2,openaq_ground
2026-07-25 11:00:00,,,66.5,openaq_ground
2026-07-25 12:00:00,18.950000000000003,72.26666666666667,75.025,openaq_ground
2026-07-25 13:00:00,14.3,50.03333333333333,55.099999999999994,openaq_ground
2026-07-25 14:00:00,16.4,27.900000000000002,32.725,openaq_ground
2026-07-25 15:00:00,20.4,23.333333333333332,24.275,openaq_ground
2026-07-25 16:00:00,12.85,19.833333333333332,16.2725,openaq_ground
2026-07-25 17:00:00,7.775,14.300000000000002,14.48,openaq_ground
2026-07-25 18:00:00,17.4,17.8,18.725,openaq_ground
2026-07-25 19:00:00,18.45,19.633333333333333,21.525,openaq_ground
2026-07-25 20:00:00,21.85,22.0,24.025000000000002,openaq_ground
2026-07-25 21:00:00,22.35,14.68,16.655,openaq_ground
2026-07-25 22:00:00,19.65,9.493333333333334,9.225,openaq_ground
2026-07-25 23:00:00,12.434999999999999,8.116666666666667,6.8625,openaq_ground
2026-07-26 00:00:00,24.4,6.3133333333333335,4.0024999999999995,openaq_ground
2026-07-26 01:00:00,12.014999999999999,4.8133333333333335,2.3875,openaq_ground
2026-07-26 02:00:00,14.735,2.25,1.4125,openaq_ground
2026-07-26 03:00:00,13.55,5.156666666666666,3.105,openaq_ground
2026-07-26 04:00:00,19.605,18.34,13.920000000000002,openaq_ground
2026-07-26 05:00:00,,,35.8,openaq_ground
2026-07-26 06:00:00,42.2,42.15,39.935,openaq_ground
2026-07-26 07:00:00,33.1,85.43333333333334,69.075,openaq_ground
2026-07-26 08:00:00,30.75,75.03333333333333,66.35,openaq_ground
2026-07-26 09:00:00,30.299999999999997,99.06666666666666,100.65,openaq_ground
2026-07-26 10:00:00,27.85,66.0,78.1,openaq_ground
2026-07-26 11:00:00,,,83.2,openaq_ground
2026-07-26 12:00:00,20.049999999999997,81.56666666666666,79.0,openaq_ground
2026-07-26 13:00:00,17.549999999999997,66.0,80.25,openaq_ground
2026-07-26 14:00:00,14.0,66.93333333333334,74.575,openaq_ground
2026-07-26 15:00:00,16.15,43.333333333333336,48.475,openaq_ground
2026-07-26 16:00:00,16.55,31.866666666666664,36.475,openaq_ground
2026-07-26 17:00:00,18.45,34.699999999999996,35.125,openaq_ground
2026-07-26 18:00:00,21.85,41.233333333333334,38.525,openaq_ground
2026-07-26 19:00:00,27.3,59.866666666666674,48.625,openaq_ground
2026-07-26 20:00:00,22.5,49.36666666666667,49.375,openaq_ground
2026-07-26 21:00:00,34.65,24.7,31.125,openaq_ground
2026-07-26 22:00:00,33.95,19.8,16.185000000000002,openaq_ground
2026-07-26 23:00:00,25.9,9.82,6.01,openaq_ground
2026-07-27 00:00:00,32.85,8.976666666666667,4.0425,openaq_ground
2026-07-27 01:00:00,30.950000000000003,6.976666666666667,3.3775,openaq_ground
2026-07-27 02:00:00,32.800000000000004,11.75,5.1499999999999995,openaq_ground
2026-07-27 03:00:00,35.05,19.233333333333334,6.8,openaq_ground
2026-07-27 04:00:00,44.1,26.866666666666664,10.2625,openaq_ground
2026-07-27 05:00:00,48.5,41.23333333333333,22.362499999999997,openaq_ground
2026-07-27 06:00:00,48.8,64.60000000000001,36.5,openaq_ground
2026-07-27 07:00:00,42.55,73.8,41.0625,openaq_ground
2026-07-27 08:00:00,44.2,69.3,47.205,openaq_ground
2026-07-27 09:00:00,41.9,81.67999999999999,56.730000000000004,openaq_ground
2026-07-27 10:00:00,38.15,102.89999999999999,67.895,openaq_ground
2026-07-27 11:00:00,,,37.5,openaq_ground
2026-07-27 12:00:00,17.35,56.333333333333336,47.6,openaq_ground
2026-07-27 13:00:00,16.299999999999997,61.199999999999996,44.7,openaq_ground
2026-07-27 14:00:00,16.25,50.06666666666666,36.0,openaq_ground
2026-07-27 15:00:00,13.55,36.733333333333334,29.0,openaq_ground
2026-07-27 16:00:00,14.3,29.566666666666663,22.525,openaq_ground
2026-07-27 17:00:00,16.4,34.300000000000004,21.125,openaq_ground
2026-07-27 18:00:00,18.5,44.26666666666667,33.125,openaq_ground
2026-07-27 19:00:00,27.0,59.93333333333333,45.0,openaq_ground
2026-07-27 20:00:00,40.65,82.8,56.224999999999994,openaq_ground
2026-07-27 21:00:00,41.3,30.2,17.7675,openaq_ground
2026-07-27 22:00:00,37.5,20.133333333333333,11.105,openaq_ground
2026-07-27 23:00:00,23.45,12.266666666666666,8.41,openaq_ground
2026-07-28 00:00:00,28.4,19.266666666666666,9.0925,openaq_ground
2026-07-28 01:00:00,33.6,25.299999999999997,8.535,openaq_ground
2026-07-28 02:00:00,42.099999999999994,37.333333333333336,12.5625,openaq_ground
2026-07-28 03:00:00,32.7,31.566666666666663,10.6575,openaq_ground
2026-07-28 04:00:00,36.25,40.1,14.55,openaq_ground
2026-07-28 05:00:00,41.95,67.13333333333334,32.050000000000004,openaq_ground
2026-07-28 06:00:00,,,36.8,openaq_ground
2026-07-28 07:00:00,30.45,36.56666666666667,19.997500000000002,openaq_ground
2026-07-28 08:00:00,27.200000000000003,36.93333333333333,17.2,openaq_ground
2026-07-28 09:00:00,19.85,20.919999999999998,10.88,openaq_ground
2026-07-28 10:00:00,16.549999999999997,24.53,8.2975,openaq_ground
2026-07-28 11:00:00,,,2.6,openaq_ground
2026-07-28 12:00:00,4.06,25.843333333333334,9.56,openaq_ground
2026-07-28 13:00:00,3.085,24.439999999999998,8.9225,openaq_ground
2026-07-28 14:00:00,4.175,23.52,9.537500000000001,openaq_ground
2026-07-28 15:00:00,4.685,22.8,11.4275,openaq_ground
2026-07-28 16:00:00,4.91,22.03333333333333,10.682500000000001,openaq_ground
2026-07-28 17:00:00,10.61,23.666666666666668,11.39,openaq_ground
2026-07-28 18:00:00,30.349999999999998,28.133333333333336,15.0425,openaq_ground
2026-07-28 19:00:00,26.049999999999997,39.5,24.932499999999997,openaq_ground
2026-07-28 20:00:00,25.049999999999997,35.96666666666666,20.744999999999997,openaq_ground
2026-07-28 21:00:00,29.4,25.099999999999998,11.285,openaq_ground
2026-07-28 22:00:00,31.4,19.900000000000002,8.685,openaq_ground
2026-07-28 23:00:00,27.2,18.366666666666667,7.35,openaq_ground
2026-07-29 00:00:00,27.4,19.866666666666667,6.63,openaq_ground
2026-07-29 01:00:00,27.15,26.266666666666666,7.895,openaq_ground
2026-07-29 02:00:00,23.355,21.75,6.5424999999999995,openaq_ground
2026-07-29 03:00:00,31.700000000000003,22.3,6.970000000000001,openaq_ground
2026-07-29 04:00:00,33.3,37.199999999999996,14.3,openaq_ground
2026-07-29 05:00:00,42.25,44.800000000000004,27.775,openaq_ground
2026-07-29 06:00:00,39.15,69.3,43.9,openaq_ground
2026-07-29 07:00:00,37.45,75.46666666666667,51.35,openaq_ground
2026-07-29 08:00:00,35.65,100.60000000000001,76.225,openaq_ground
2026-07-29 09:00:00,35.55,90.66666666666667,78.925,openaq_ground
2026-07-29 10:00:00,,,107.0,openaq_ground
2026-07-29 11:00:00,,,65.6,openaq_ground
2026-07-29 12:00:00,30.3,36.05,38.156666666666666,openaq_ground
2026-07-29 13:00:00,23.65,36.07,30.362499999999997,openaq_ground
2026-07-29 14:00:00,17.3,31.51,24.002499999999998,openaq_ground
2026-07-29 15:00:00,14.5,21.0,16.5925,openaq_ground
2026-07-29 16:00:00,19.6,21.150000000000002,14.712500000000002,openaq_ground
2026-07-29 17:00:00,23.65,32.1,17.7475,openaq_ground
2026-07-29 18:00:00,33.6,30.266666666666666,17.93,openaq_ground
2026-07-29 19:00:00,43.4,35.6,24.125,openaq_ground
2026-07-29 20:00:00,46.0,21.33666666666667,9.045,openaq_ground
2026-07-29 21:00:00,50.25,25.933333333333334,9.8725,openaq_ground
2026-07-29 22:00:00,38.0,10.18,3.1224999999999996,openaq_ground
2026-07-29 23:00:00,27.665,9.746666666666666,2.585,openaq_ground
2026-07-30 00:00:00,27.255,12.243333333333334,3.1725,openaq_ground
2026-07-30 01:00:00,22.38,11.523333333333333,3.4325,openaq_ground
2026-07-30 02:00:00,31.015,11.643333333333333,3.3225,openaq_ground
2026-07-30 03:00:00,15.61,14.106666666666667,4.4775,openaq_ground
2026-07-30 04:00:00,28.0,11.393333333333333,5.1775,openaq_ground
2026-07-30 05:00:00,39.150000000000006,15.9,9.555,openaq_ground
2026-07-30 06:00:00,34.25,7.673333333333333,7.2225,openaq_ground
2026-07-30 07:00:00,35.1,7.263333333333333,7.890000000000001,openaq_ground
2026-07-30 08:00:00,34.8,19.029999999999998,11.434999999999999,openaq_ground
2026-07-30 09:00:00,25.4,10.6,14.5425,openaq_ground
2026-07-30 10:00:00,27.27,5.043333333333333,5.445,openaq_ground
2026-07-30 11:00:00,,,2.1,openaq_ground
2026-07-30 12:00:00,3.69,8.063333333333333,3.4899999999999998,openaq_ground
2026-07-30 13:00:00,1.666,4.016666666666667,1.008,openaq_ground
2026-07-30 14:00:00,2.635,3.0133333333333336,1.822,openaq_ground
2026-07-30 15:00:00,4.33,1.6583333333333332,1.31325,openaq_ground
2026-07-30 16:00:00,9.08,2.776666666666667,0.9332499999999999,openaq_ground
2026-07-30 17:00:00,17.2,6.066666666666666,2.1632499999999997,openaq_ground
2026-07-30 18:00:00,16.5,8.623333333333333,2.4274999999999998,openaq_ground
2026-07-30 19:00:00,56.7,9.716666666666667,6.4425,openaq_ground
2026-07-30 20:00:00,41.3,13.633333333333333,5.515,openaq_ground
2026-07-30 21:00:00,11.280000000000001,8.033333333333333,1.4449999999999998,openaq_ground
2026-07-30 22:00:00,10.965,7.2299999999999995,1.33,openaq_ground
2026-07-30 23:00:00,12.545,7.43,1.52725,openaq_ground
2026-07-31 00:00:00,9.795,6.766666666666667,0.97975,openaq_ground
2026-07-31 01:00:00,9.6,7.93,1.02075,openaq_ground
2026-07-31 02:00:00,8.58,11.046666666666667,1.875,openaq_ground
2026-07-31 03:00:00,11.535,9.666666666666666,3.245,openaq_ground
2026-07-31 04:00:00,18.3,11.506666666666666,5.2325,openaq_ground
2026-07-31 05:00:00,6.194999999999999,15.746666666666664,3.8475,openaq_ground
2026-07-31 06:00:00,6.65,11.14,3.5975,openaq_ground
2026-07-31 07:00:00,5.705,9.603333333333333,3.4425,openaq_ground
2026-07-31 08:00:00,4.93,6.580000000000001,3.4875,openaq_ground
2026-07-31 09:00:00,3.005,5.896666666666667,3.36,openaq_ground
2026-07-31 10:00:00,2.365,5.66,3.3874999999999997,openaq_ground
2026-07-31 11:00:00,,,2.0,openaq_ground
2026-07-31 12:00:00,2.75,10.015,4.556666666666666,openaq_ground
2026-07-31 13:00:00,1.88,8.4,4.3475,openaq_ground
2026-07-31 14:00:00,1.647,7.373333333333334,3.62,openaq_ground
2026-07-31 15:00:00,1.7955,7.246666666666667,3.995,openaq_ground
2026-07-31 16:00:00,2.715,9.936666666666667,4.355,openaq_ground
2026-07-31 17:00:00,3.775,7.203333333333333,3.6500000000000004,openaq_ground
2026-07-31 18:00:00,5.935,9.006666666666666,4.34,openaq_ground
2026-07-31 19:00:00,8.18,7.713333333333334,4.6125,openaq_ground
2026-07-31 20:00:00,12.755,7.593333333333334,3.9749999999999996,openaq_ground
2026-07-31 21:00:00,21.9,12.633333333333333,6.967499999999999,openaq_ground
2026-07-31 22:00:00,15.805,7.823333333333333,7.0575,openaq_ground
2026-07-31 23:00:00,12.425,8.78,4.3125,openaq_ground
2026-08-01 00:00:00,8.370000000000001,6.336666666666666,3.2024999999999997,openaq_ground
2026-08-01 01:00:00,7.505,7.363333333333334,3.5425,openaq_ground
2026-08-01 02:00:00,7.83,6.946666666666666,3.3125,openaq_ground
2026-08-01 03:00:00,11.565000000000001,10.803333333333333,5.9975000000000005,openaq_ground
2026-08-01 04:00:00,15.51,9.86,5.550000000000001,openaq_ground
2026-08-01 05:00:00,26.1,27.14,21.985,openaq_ground
2026-08-01 06:00:00,43.05,75.26666666666667,58.575,openaq_ground
2026-08-01 07:00:00,39.45,87.36666666666667,74.8,openaq_ground
2026-08-01 08:00:00,35.900000000000006,74.6,64.75,openaq_ground
2026-08-01 09:00:00,32.25,68.66666666666667,59.125,openaq_ground
2026-08-01 10:00:00,31.150000000000002,55.13333333333333,50.45,openaq_ground
2026-08-01 11:00:00,,,60.8,openaq_ground
2026-08-01 12:00:00,20.05,71.60000000000001,64.175,openaq_ground
2026-08-01 13:00:00,19.4,58.23333333333333,53.0,openaq_ground
2026-08-01 14:00:00,17.7,59.199999999999996,56.675,openaq_ground
2026-08-01 15:00:00,16.7,56.4,57.8,openaq_ground
2026-08-01 16:00:00,13.75,53.199999999999996,56.949999999999996,openaq_ground
2026-08-01 17:00:00,14.75,28.96666666666667,38.2,openaq_ground
2026-08-01 18:00:00,15.0,24.933333333333334,30.175,openaq_ground
2026-08-01 19:00:00,14.95,38.1,31.724999999999998,openaq_ground
2026-08-01 20:00:00,24.6,30.933333333333337,32.975,openaq_ground
2026-08-01 21:00:00,20.7,30.866666666666664,34.375,openaq_ground
2026-08-01 22:00:00,23.35,11.796666666666667,12.370000000000001,openaq_ground
2026-08-01 23:00:00,26.72,9.543333333333335,4.8975,openaq_ground
2026-08-02 00:00:00,56.1,24.310000000000002,6.725,openaq_ground
2026-08-02 01:00:00,26.935,15.416666666666666,4.975,openaq_ground
2026-08-02 02:00:00,20.44,12.016666666666666,4.7425,openaq_ground
2026-08-02 03:00:00,23.220000000000002,12.14,3.6550000000000002,openaq_ground
2026-08-02 04:00:00,22.505,10.48,5.0425,openaq_ground
2026-08-02 05:00:00,,,26.4,openaq_ground
2026-08-02 06:00:00,29.65,25.316666666666666,24.685,openaq_ground
2026-08-02 07:00:00,36.599999999999994,40.06666666666667,34.9,openaq_ground
2026-08-02 08:00:00,38.2,58.199999999999996,54.525,openaq_ground
2026-08-02 09:00:00,32.65,98.53333333333335,88.25,openaq_ground
2026-08-02 10:00:00,,,141.0,openaq_ground
2026-08-02 11:00:00,,,129.0,openaq_ground
2026-08-02 12:00:00,19.2,85.03333333333333,86.4,openaq_ground
2026-08-02 13:00:00,16.45,77.76666666666667,78.125,openaq_ground
2026-08-02 14:00:00,15.600000000000001,66.96666666666667,64.225,openaq_ground
2026-08-02 15:00:00,14.75,55.03333333333333,52.65,openaq_ground
2026-08-02 16:00:00,16.185,49.13333333333333,47.525,openaq_ground
2026-08-02 17:00:00,15.600000000000001,49.5,45.375,openaq_ground
2026-08-02 18:00:00,21.700000000000003,61.73333333333333,49.65,openaq_ground
2026-08-02 19:00:00,24.1,78.3,52.175,openaq_ground
2026-08-02 20:00:00,31.5,60.23333333333333,40.075,openaq_ground
2026-08-02 21:00:00,45.3,64.89999999999999,37.875,openaq_ground
2026-08-02 22:00:00,41.6,10.233333333333334,7.2375,openaq_ground
2026-08-02 23:00:00,12.71,11.776666666666666,2.4275,openaq_ground
2026-08-03 00:00:00,12.96,10.846666666666666,2.3365,openaq_ground
2026-08-03 01:00:00,12.309999999999999,5.1866666666666665,1.07,openaq_ground
2026-08-03 02:00:00,8.155000000000001,24.366666666666664,6.3825,openaq_ground
2026-08-03 03:00:00,,,3.5,openaq_ground
2026-08-03 04:00:00,13.69,11.633333333333335,4.9375,openaq_ground
2026-08-03 05:00:00,20.85,19.666666666666668,9.79,openaq_ground
2026-08-03 06:00:00,28.950000000000003,25.46666666666667,17.45,openaq_ground
2026-08-03 07:00:00,32.3,32.93333333333333,28.875,openaq_ground
2026-08-03 08:00:00,10.44,16.473333333333333,14.3675,openaq_ground
2026-08-03 09:00:00,7.105,16.833333333333332,9.095,openaq_ground
2026-08-03 10:00:00,8.379999999999999,13.133333333333335,6.305,openaq_ground
2026-08-03 11:00:00,,,2.1,openaq_ground
2026-08-03 12:00:00,,,1.2,openaq_ground
2026-08-03 13:00:00,1.785,10.936666666666667,4.577500000000001,openaq_ground
2026-08-03 14:00:00,1.902,7.670000000000001,3.1725,openaq_ground
2026-08-03 15:00:00,3.88,5.666666666666667,2.3175,openaq_ground
2026-08-03 16:00:00,1.52,5.706666666666667,2.5,openaq_ground
2026-08-03 17:00:00,3.625,5.353333333333334,2.15,openaq_ground
2026-08-03 18:00:00,8.28,7.846666666666667,3.13,openaq_ground
2026-08-03 19:00:00,10.68,4.8999999999999995,2.14425,openaq_ground
2026-08-03 20:00:00,13.8,6.47,3.9325,openaq_ground
2026-08-03 21:00:00,10.875,4.516666666666667,2.7525,openaq_ground
2026-08-03 22:00:00,12.07,4.546666666666667,2.475,openaq_ground
2026-08-03 23:00:00,13.39,5.3999999999999995,2.7475,openaq_ground
2026-08-04 00:00:00,13.62,5.783333333333334,3.4375,openaq_ground
2026-08-04 01:00:00,7.890000000000001,5.423333333333333,3.0225,openaq_ground
2026-08-04 02:00:00,9.81,3.8033333333333332,2.08,openaq_ground
2026-08-04 03:00:00,8.89,6.266666666666667,3.1725,openaq_ground
2026-08-04 04:00:00,11.215,6.543333333333334,4.0975,openaq_ground
2026-08-04 05:00:00,11.385,5.383333333333333,3.8725,openaq_ground
2026-08-04 06:00:00,7.970000000000001,6.436666666666667,4.0425,openaq_ground
2026-08-04 07:00:00,6.8,6.52,4.3774999999999995,openaq_ground
2026-08-04 08:00:00,7.74,8.193333333333333,5.0575,openaq_ground
2026-08-04 09:00:00,2.45,11.3,6.87,openaq_ground
2026-08-04 10:00:00,8.59,12.325,6.586666666666667,openaq_ground
2026-08-04 11:00:00,,,3.3,openaq_ground
2026-08-04 12:00:00,2.595,8.966666666666667,4.4725,openaq_ground
2026-08-04 13:00:00,2.15,9.313333333333333,4.445,openaq_ground
2026-08-04 14:00:00,2.985,8.046666666666667,3.8525,openaq_ground
2026-08-04 15:00:00,2.1830000000000003,8.04,3.64,openaq_ground
2026-08-04 16:00:00,4.695,9.4,3.88,openaq_ground
2026-08-04 17:00:00,11.26,10.47,4.8075,openaq_ground
2026-08-04 18:00:00,27.73,11.530000000000001,6.4175,openaq_ground
2026-08-04 19:00:00,43.15,12.206666666666665,8.2625,openaq_ground
2026-08-04 20:00:00,37.0,14.366666666666667,8.655000000000001,openaq_ground
2026-08-04 21:00:00,31.950000000000003,11.466666666666667,5.4,openaq_ground
2026-08-04 22:00:00,19.049999999999997,10.876666666666665,5.055,openaq_ground
2026-08-04 23:00:00,22.515,10.543333333333333,4.1675,openaq_ground
2026-08-05 00:00:00,11.559999999999999,8.833333333333334,3.88,openaq_ground
2026-08-05 01:00:00,8.254999999999999,16.523333333333333,9.1425,openaq_ground
2026-08-05 02:00:00,13.370000000000001,9.203333333333333,3.5925,openaq_ground
2026-08-05 03:00:00,9.825000000000001,8.146666666666667,3.2824999999999998,openaq_ground
2026-08-05 04:00:00,17.515,8.896666666666667,4.8825,openaq_ground
2026-08-05 05:00:00,33.55,20.633333333333336,17.1775,openaq_ground
2026-08-05 06:00:00,47.9,39.199999999999996,32.95,openaq_ground
2026-08-05 07:00:00,47.55,64.39999999999999,54.775,openaq_ground
2026-08-05 08:00:00,41.1,61.4,56.175,openaq_ground
2026-08-05 09:00:00,42.15,55.9,54.675000000000004,openaq_ground
2026-08-05 10:00:00,,,72.9,openaq_ground
2026-08-05 11:00:00,,,71.1,openaq_ground
2026-08-05 12:00:00,,,59.8,openaq_ground
2026-08-05 13:00:00,16.85,44.46666666666667,42.15,openaq_ground
2026-08-05 14:00:00,12.75,46.93333333333333,37.675,openaq_ground
2026-08-05 15:00:00,14.100000000000001,37.43333333333333,32.0,openaq_ground
2026-08-05 16:00:00,13.0,32.766666666666666,34.625,openaq_ground
2026-08-05 17:00:00,15.850000000000001,29.8,28.75,openaq_ground
2026-08-05 18:00:00,18.85,37.63333333333333,33.95,openaq_ground
2026-08-05 19:00:00,27.85,48.23333333333333,45.4,openaq_ground
2026-08-05 20:00:00,29.65,41.53333333333333,43.175,openaq_ground
2026-08-05 21:00:00,36.9,31.066666666666666,30.0,openaq_ground
2026-08-05 22:00:00,37.35,24.5,21.119999999999997,openaq_ground
2026-08-05 23:00:00,31.05,14.666666666666666,7.1850000000000005,openaq_ground
2026-08-06 00:00:00,27.05,11.833333333333334,5.0875,openaq_ground
2026-08-06 01:00:00,25.315,12.660000000000002,4.495,openaq_ground
2026-08-06 02:00:00,26.795,9.71,4.57,openaq_ground
2026-08-06 03:00:00,27.375,11.9,4.425000000000001,openaq_ground
2026-08-06 04:00:00,29.94,14.433333333333332,7.4275,openaq_ground
2026-08-06 05:00:00,51.7,39.800000000000004,24.25,openaq_ground
2026-08-06 06:00:00,53.0,38.36666666666667,29.66,openaq_ground
2026-08-06 07:00:00,51.4,40.6,34.89,openaq_ground
2026-08-06 08:00:00,40.6,64.13333333333334,48.5025,openaq_ground
2026-08-06 09:00:00,43.05,73.13333333333334,58.932500000000005,openaq_ground
2026-08-06 10:00:00,36.3,68.73333333333333,47.4225,openaq_ground
2026-08-06 11:00:00,,,7.4,openaq_ground
2026-08-06 12:00:00,26.9,45.57333333333333,33.6925,openaq_ground
2026-08-06 13:00:00,26.45,39.803333333333335,29.825,openaq_ground
2026-08-06 14:00:00,20.35,36.79666666666667,30.605,openaq_ground
2026-08-06 15:00:00,16.95,37.70666666666667,31.295,openaq_ground
2026-08-06 16:00:00,16.9,44.836666666666666,36.0975,openaq_ground
2026-08-06 17:00:00,19.0,39.46666666666667,33.1625,openaq_ground
2026-08-06 18:00:00,22.85,45.73333333333333,36.714999999999996,openaq_ground
2026-08-06 19:00:00,27.950000000000003,37.300000000000004,26.915,openaq_ground
2026-08-06 20:00:00,32.0,41.800000000000004,33.042500000000004,openaq_ground
2026-08-06 21:00:00,31.4,33.666666666666664,20.05,openaq_ground
2026-08-06 22:00:00,37.3,25.8,12.5875,openaq_ground
2026-08-06 23:00:00,41.7,25.50666666666667,12.82,openaq_ground
2026-08-07 00:00:00,32.8,30.433333333333337,17.8675,openaq_ground
2026-08-07 01:00:00,19.8,13.943333333333333,5.455,openaq_ground
2026-08-07 02:00:00,28.635,11.476666666666667,4.0725,openaq_ground
2026-08-07 03:00:00,24.6,11.316666666666668,4.1975,openaq_ground
2026-08-07 04:00:00,26.1,12.883333333333335,6.015000000000001,openaq_ground
2026-08-07 05:00:00,27.5,16.066666666666666,9.3925,openaq_ground
2026-08-07 06:00:00,27.299999999999997,35.89,22.939999999999998,openaq_ground
2026-08-07 07:00:00,27.3,65.19666666666667,42.78,openaq_ground
2026-08-07 08:00:00,24.8,41.943333333333335,27.647499999999997,openaq_ground
2026-08-07 09:00:00,20.81,42.4,27.46,openaq_ground
2026-08-07 10:00:00,15.55,46.0,32.575,openaq_ground
2026-08-07 11:00:00,,,55.2,openaq_ground
2026-08-07 12:00:00,,,57.8,openaq_ground
2026-08-07 13:00:00,20.1,41.199999999999996,40.3,openaq_ground
2026-08-07 14:00:00,21.4,41.26666666666667,39.175,openaq_ground
2026-08-07 15:00:00,19.9,34.56666666666667,33.025000000000006,openaq_ground
2026-08-07 16:00:00,15.0,33.53333333333333,31.3,openaq_ground
2026-08-07 17:00:00,13.25,36.233333333333334,35.45,openaq_ground
2026-08-07 18:00:00,19.2,34.199999999999996,33.3,openaq_ground
2026-08-07 19:00:00,16.05,44.23333333333333,38.15,openaq_ground
2026-08-07 20:00:00,21.85,38.6,40.35,openaq_ground
2026-08-07 21:00:00,36.7,32.36666666666667,28.675,openaq_ground
2026-08-07 22:00:00,33.0,25.066666666666666,20.46,openaq_ground
2026-08-07 23:00:00,27.55,9.513333333333334,3.5525,openaq_ground
2026-08-08 00:00:00,28.75,9.573333333333332,3.7475,openaq_ground
2026-08-08 01:00:00,15.045,5.083333333333333,2.3525,openaq_ground
2026-08-08 02:00:00,17.63,7.593333333333334,3.49,openaq_ground
2026-08-08 03:00:00,19.53,7.333333333333333,4.074999999999999,openaq_ground
2026-08-08 04:00:00,19.365000000000002,7.383333333333333,4.077500000000001,openaq_ground
2026-08-08 05:00:00,18.895,9.306666666666667,5.285,openaq_ground
2026-08-08 06:00:00,19.585,8.203333333333333,4.6075,openaq_ground
2026-08-08 07:00:00,17.945,9.736666666666666,5.7175,openaq_ground
2026-08-08 08:00:00,17.73,10.843333333333334,6.3975,openaq_ground
2026-08-08 09:00:00,13.575000000000001,11.606666666666667,6.005,openaq_ground
2026-08-08 10:00:00,,,5.2,openaq_ground
2026-08-08 11:00:00,,,4.4,openaq_ground
2026-08-08 12:00:00,5.7749999999999995,13.793333333333331,6.88,openaq_ground
2026-08-08 13:00:00,5.285,11.92,6.7975,openaq_ground
2026-08-08 14:00:00,2.65,13.016666666666666,5.692500000000001,openaq_ground
2026-08-08 15:00:00,2.005,14.366666666666667,7.925,openaq_ground
2026-08-08 16:00:00,5.0,9.520000000000001,4.9825,openaq_ground
2026-08-08 17:00:00,3.4450000000000003,9.473333333333333,4.72,openaq_ground
2026-08-08 18:00:00,5.48,17.733333333333334,7.664999999999999,openaq_ground
2026-08-08 19:00:00,11.084999999999999,17.833333333333332,7.3175,openaq_ground
2026-08-08 20:00:00,10.739999999999998,22.733333333333334,9.0625,openaq_ground
2026-08-08 21:00:00,20.435,22.233333333333334,8.7825,openaq_ground
2026-08-08 22:00:00,18.29,19.866666666666667,8.615,openaq_ground
2026-08-08 23:00:00,18.145,19.099999999999998,7.112500000000001,openaq_ground
2026-08-09 00:00:00,27.0,16.966666666666665,7.485,openaq_ground
2026-08-09 01:00:00,12.845,16.166666666666668,6.4875,openaq_ground
2026-08-09 02:00:00,,,5.3,openaq_ground
2026-08-09 03:00:00,18.855,19.833333333333332,8.2125,openaq_ground
2026-08-09 04:00:00,13.05,23.266666666666666,11.735,openaq_ground
2026-08-09 05:00:00,15.200000000000001,27.2,20.475,openaq_ground
2026-08-09 06:00:00,13.5,24.46666666666667,22.925,openaq_ground
2026-08-09 07:00:00,9.36,24.266666666666666,25.0,openaq_ground
2026-08-09 08:00:00,8.085,14.463333333333333,12.43,openaq_ground
2026-08-09 09:00:00,15.19,14.266666666666666,12.3275,openaq_ground
2026-08-09 10:00:00,9.959999999999999,23.333333333333332,20.475,openaq_ground
2026-08-09 11:00:00,,,27.1,openaq_ground
2026-08-09 12:00:00,10.99,20.266666666666666,20.75,openaq_ground
2026-08-09 13:00:00,10.95,16.616666666666667,16.2275,openaq_ground
2026-08-09 14:00:00,8.075,12.256666666666666,13.8825,openaq_ground
2026-08-09 15:00:00,9.02,14.866666666666667,13.6025,openaq_ground
2026-08-09 16:00:00,6.72,7.853333333333334,8.4375,openaq_ground
2026-08-09 17:00:00,18.5,11.296666666666667,9.975000000000001,openaq_ground
2026-08-09 18:00:00,29.1,13.543333333333335,12.432500000000001,openaq_ground
2026-08-09 19:00:00,32.400000000000006,33.75,26.482499999999998,openaq_ground
2026-08-09 20:00:00,36.349999999999994,7.93,6.43,openaq_ground
2026-08-09 21:00:00,25.05,5.773333333333333,4.79,openaq_ground
2026-08-09 22:00:00,11.19,4.92,3.0275,openaq_ground
2026-08-09 23:00:00,12.1,4.553333333333334,2.325,openaq_ground
2026-08-10 00:00:00,13.6,4.75,2.3724999999999996,openaq_ground
2026-08-10 01:00:00,10.364999999999998,4.256666666666667,1.6825,openaq_ground
2026-08-10 02:00:00,10.295,4.01,1.835,openaq_ground
2026-08-10 03:00:00,10.0,4.9799999999999995,2.5700000000000003,openaq_ground
2026-08-10 04:00:00,13.475000000000001,4.963333333333334,3.305,openaq_ground
2026-08-10 05:00:00,13.5,8.963333333333333,6.7524999999999995,openaq_ground
2026-08-10 06:00:00,11.870000000000001,10.386666666666668,6.315,openaq_ground
2026-08-10 07:00:00,10.19,10.193333333333333,6.3525,openaq_ground
2026-08-10 08:00:00,16.0,11.006666666666666,7.755000000000001,openaq_ground
2026-08-10 09:00:00,,,4.1,openaq_ground
2026-08-10 10:00:00,9.31,9.156666666666666,3.8875,openaq_ground
2026-08-10 11:00:00,,,1.1,openaq_ground
2026-08-10 12:00:00,4.695,5.463333333333334,2.195,openaq_ground
2026-08-10 13:00:00,4.82,6.9366666666666665,2.855,openaq_ground
2026-08-10 14:00:00,6.47,6.55,3.255,openaq_ground
2026-08-10 15:00:00,11.22,8.853333333333333,5.282500000000001,openaq_ground
2026-08-10 16:00:00,10.705,12.329999999999998,7.5225,openaq_ground
2026-08-10 17:00:00,21.65,15.146666666666668,8.175,openaq_ground
2026-08-10 18:00:00,21.85,18.96666666666667,11.9,openaq_ground
2026-08-10 19:00:00,26.35,30.3,24.5,openaq_ground
2026-08-10 20:00:00,34.349999999999994,30.833333333333332,24.275,openaq_ground
2026-08-10 21:00:00,40.65,14.033333333333331,12.9275,openaq_ground
2026-08-10 22:00:00,33.45,12.176666666666668,6.87,openaq_ground
2026-08-10 23:00:00,27.85,10.116666666666667,4.4925,openaq_ground
2026-08-11 00:00:00,22.575000000000003,7.586666666666666,3.4125,openaq_ground
2026-08-11 01:00:00,22.6,5.403333333333333,1.7425000000000002,openaq_ground
2026-08-11 02:00:00,18.904999999999998,3.4066666666666663,1.005,openaq_ground
2026-08-11 03:00:00,18.5,2.9966666666666666,1.7525,openaq_ground
2026-08-11 04:00:00,22.22,6.126666666666668,3.2775,openaq_ground
2026-08-11 05:00:00,20.340000000000003,5.489999999999999,3.6799999999999997,openaq_ground
2026-08-11 06:00:00,20.439999999999998,7.136666666666667,4.0175,openaq_ground
2026-08-11 07:00:00,12.375,6.293333333333333,3.8225,openaq_ground
2026-08-11 08:00:00,13.045,7.006666666666667,4.4175,openaq_ground
2026-08-11 09:00:00,6.63,7.736666666666667,3.995,openaq_ground
2026-08-11 10:00:00,9.879999999999999,6.213333333333334,3.005,openaq_ground
2026-08-11 11:00:00,,,2.2,openaq_ground
2026-08-11 12:00:00,0.873,6.78,3.3266666666666667,openaq_ground
2026-08-11 13:00:00,0.46845,8.966666666666667,3.605,openaq_ground
2026-08-11 14:00:00,1.83,8.1,3.2275,openaq_ground
2026-08-11 15:00:00,0.9299999999999999,8.793333333333335,3.4525,openaq_ground
2026-08-11 16:00:00,1.48,8.13,3.505,openaq_ground
2026-08-11 17:00:00,3.5549999999999997,12.263333333333334,5.295,openaq_ground
2026-08-11 18:00:00,15.745,10.6,4.865,openaq_ground
2026-08-11 19:00:00,18.259999999999998,14.833333333333334,6.695,openaq_ground
2026-08-11 20:00:00,14.655000000000001,20.066666666666666,7.334999999999999,openaq_ground
2026-08-11 21:00:00,11.485,18.133333333333333,6.885,openaq_ground
2026-08-11 22:00:00,12.379999999999999,18.433333333333334,7.775,openaq_ground
2026-08-11 23:00:00,12.745,18.6,8.265,openaq_ground
2026-08-12 00:00:00,15.875,18.166666666666668,7.785,openaq_ground
2026-08-12 01:00:00,9.084999999999999,19.0,9.0775,openaq_ground
2026-08-12 02:00:00,14.334999999999999,20.366666666666667,9.1475,openaq_ground
2026-08-12 03:00:00,12.165,19.333333333333332,9.4175,openaq_ground
2026-08-12 04:00:00,15.005,22.8,10.32,openaq_ground
2026-08-12 05:00:00,10.815000000000001,23.333333333333332,11.55,openaq_ground
2026-08-12 06:00:00,14.26,24.46666666666667,11.5325,openaq_ground
2026-08-12 07:00:00,12.120000000000001,22.766666666666666,11.35,openaq_ground
2026-08-12 08:00:00,11.545000000000002,23.53333333333333,11.35,openaq_ground
2026-08-12 09:00:00,10.97,25.599999999999998,11.5,openaq_ground
2026-08-12 10:00:00,11.11,24.133333333333336,11.05,openaq_ground
2026-08-12 11:00:00,,,6.2,openaq_ground
2026-08-12 12:00:00,2.3099999999999996,26.166666666666668,11.05,openaq_ground
2026-08-12 13:00:00,1.945,24.633333333333336,10.5,openaq_ground
2026-08-12 14:00:00,2.485,27.099999999999998,11.05,openaq_ground
2026-08-12 15:00:00,2.2199999999999998,29.2,11.2,openaq_ground
2026-08-12 16:00:00,3.165,27.233333333333334,11.275,openaq_ground
2026-08-12 17:00:00,6.215,31.066666666666666,12.3,openaq_ground
2026-08-12 18:00:00,20.695,34.300000000000004,13.075,openaq_ground
2026-08-12 19:00:00,28.6,32.43333333333333,13.075,openaq_ground
2026-08-12 20:00:00,29.1,32.93333333333333,12.55,openaq_ground
2026-08-12 21:00:00,21.11,32.300000000000004,11.75,openaq_ground
2026-08-12 22:00:00,16.345,26.933333333333337,10.149999999999999,openaq_ground
2026-08-12 23:00:00,24.37,24.7,9.35,openaq_ground
2026-08-13 00:00:00,27.615000000000002,21.099999999999998,8.575,openaq_ground
2026-08-13 01:00:00,22.200000000000003,20.733333333333334,7.824999999999999,openaq_ground
2026-08-13 02:00:00,24.6,20.366666666666664,7.415000000000001,openaq_ground
2026-08-13 03:00:00,20.73,22.46666666666667,8.8375,openaq_ground
2026-08-13 04:00:00,31.75,23.8,10.525,openaq_ground
2026-08-13 05:00:00,27.95,25.599999999999998,14.475,openaq_ground
2026-08-13 06:00:00,31.200000000000003,31.666666666666668,18.0,openaq_ground
2026-08-13 07:00:00,30.75,31.53333333333333,19.175,openaq_ground
2026-08-13 08:00:00,29.35,51.833333333333336,43.55,openaq_ground
2026-08-13 09:00:00,31.35,48.23333333333333,42.625,openaq_ground
2026-08-13 10:00:00,23.25,30.0,23.0,openaq_ground
2026-08-13 11:00:00,,,5.8,openaq_ground
2026-08-13 12:00:00,7.01,10.63,6.76,openaq_ground
2026-08-13 13:00:00,7.4350000000000005,9.22,7.4575,openaq_ground
2026-08-13 14:00:00,6.68,10.303333333333333,7.8275,openaq_ground
2026-08-13 15:00:00,5.4,10.953333333333333,8.2675,openaq_ground
2026-08-13 16:00:00,5.91,8.700000000000001,7.05,openaq_ground
2026-08-13 17:00:00,6.96,7.346666666666667,5.5375,openaq_ground
2026-08-13 18:00:00,13.185,7.4433333333333325,5.3025,openaq_ground
2026-08-13 19:00:00,17.85,13.903333333333334,6.46,openaq_ground
2026-08-13 20:00:00,18.7,9.623333333333333,6.255000000000001,openaq_ground
2026-08-13 21:00:00,15.38,9.06,6.845000000000001,openaq_ground
2026-08-13 22:00:00,12.88,9.083333333333334,6.5125,openaq_ground
2026-08-13 23:00:00,12.015,11.453333333333333,7.8425,openaq_ground
2026-08-14 00:00:00,14.79,10.076666666666666,5.9,openaq_ground
2026-08-14 01:00:00,,,3.8,openaq_ground
2026-08-14 02:00:00,14.75,13.950000000000001,6.0325,openaq_ground
2026-08-14 03:00:00,22.555,14.133333333333333,9.9125,openaq_ground
2026-08-14 04:00:00,18.04,13.9,10.9125,openaq_ground
2026-08-14 05:00:00,18.115,12.25,10.29,openaq_ground
2026-08-14 06:00:00,20.634999999999998,8.23,7.78,openaq_ground
2026-08-14 07:00:00,20.275000000000002,8.796666666666667,7.12,openaq_ground
2026-08-14 08:00:00,14.735,7.263333333333333,6.7325,openaq_ground
2026-08-14 09:00:00,16.169999999999998,6.9366666666666665,7.4775,openaq_ground
2026-08-14 10:00:00,14.265,10.883333333333335,8.635,openaq_ground
2026-08-14 11:00:00,,,6.9,openaq_ground
2026-08-14 12:00:00,3.83,4.5,4.075,openaq_ground
2026-08-14 13:00:00,4.205,4.653333333333333,3.785,openaq_ground
2026-08-14 14:00:00,2.855,4.38,3.8525,openaq_ground
2026-08-14 15:00:00,2.16,3.963333333333333,3.7225,openaq_ground
2026-08-14 16:00:00,5.8100000000000005,4.62,4.4775,openaq_ground
2026-08-14 17:00:00,7.17,6.14,5.9575000000000005,openaq_ground
2026-08-14 18:00:00,5.9,5.719999999999999,5.01,openaq_ground
2026-08-14 19:00:00,8.045,7.54,6.895,openaq_ground
2026-08-14 20:00:00,9.85,11.1,8.1675,openaq_ground
2026-08-14 21:00:00,12.01,8.356666666666667,9.2775,openaq_ground
2026-08-14 22:00:00,10.23,4.15,4.1525,openaq_ground
2026-08-14 23:00:00,10.04,5.096666666666667,4.32,openaq_ground
2026-08-15 00:00:00,10.465,10.163333333333332,4.904999999999999,openaq_ground
2026-08-15 01:00:00,7.800000000000001,7.6066666666666665,3.945,openaq_ground
2026-08-15 02:00:00,9.485,7.886666666666667,4.285,openaq_ground
2026-08-15 03:00:00,,,7.1,openaq_ground
2026-08-15 04:00:00,9.435,8.87,5.645,openaq_ground
2026-08-15 05:00:00,9.93,6.703333333333333,6.595,openaq_ground
2026-08-15 06:00:00,8.515,6.536666666666666,4.4075,openaq_ground
2026-08-15 07:00:00,7.425000000000001,7.993333333333333,5.475,openaq_ground
2026-08-15 08:00:00,7.614999999999999,9.476666666666667,6.1725,openaq_ground
2026-08-15 09:00:00,5.97,10.706666666666665,6.7225,openaq_ground
2026-08-15 10:00:00,5.125,8.963333333333333,5.25,openaq_ground
2026-08-15 11:00:00,,,1.1,openaq_ground
2026-08-15 12:00:00,,,0.7,openaq_ground
2026-08-15 13:00:00,4.705,11.633333333333333,6.09,openaq_ground
2026-08-15 14:00:00,2.35,13.14,6.115,openaq_ground
2026-08-15 15:00:00,2.8649999999999998,11.9,5.1875,openaq_ground
2026-08-15 16:00:00,2.37,11.233333333333334,4.975,openaq_ground
2026-08-15 17:00:00,5.72,9.586666666666666,4.055,openaq_ground
2026-08-15 18:00:00,8.495000000000001,9.503333333333332,4.0725,openaq_ground
2026-08-15 19:00:00,8.025,9.659999999999998,4.8950000000000005,openaq_ground
2026-08-15 20:00:00,7.35,13.003333333333332,8.765,openaq_ground
2026-08-15 21:00:00,8.015,6.726666666666667,3.7625,openaq_ground
2026-08-15 22:00:00,11.2,5.45,3.41,openaq_ground
2026-08-15 23:00:00,7.035,4.533333333333334,2.4875,openaq_ground
2026-08-16 00:00:00,12.0,7.383333333333333,3.34,openaq_ground
2026-08-16 01:00:00,,,1.3,openaq_ground
2026-08-16 02:00:00,5.035,8.37,3.6825,openaq_ground
2026-08-16 03:00:00,5.334999999999999,8.57,3.7175000000000002,openaq_ground
2026-08-16 04:00:00,8.334999999999999,9.016666666666667,3.742,openaq_ground
2026-08-16 05:00:00,19.7,,5.2,openaq_ground
2026-08-16 06:00:00,15.74,18.066666666666666,11.32,openaq_ground
2026-08-16 07:00:00,12.795,10.396666666666667,10.504000000000001,openaq_ground
2026-08-16 08:00:00,13.035,12.596666666666666,10.044,openaq_ground
2026-08-16 09:00:00,17.9,14.733333333333334,12.676,openaq_ground
2026-08-16 10:00:00,,,14.8,openaq_ground
2026-08-16 11:00:00,,,6.95,openaq_ground
2026-08-16 12:00:00,11.125,12.0,7.889999999999999,openaq_ground
2026-08-16 13:00:00,14.55,11.0,6.522,openaq_ground
2026-08-16 14:00:00,17.25,12.866666666666665,8.937999999999999,openaq_ground
2026-08-16 15:00:00,9.7,13.280000000000001,8.214,openaq_ground
2026-08-16 16:00:00,10.075,12.229999999999999,7.894,openaq_ground
2026-08-16 17:00:00,10.05,23.80666666666667,14.768,openaq_ground
2026-08-16 18:00:00,23.0,23.46666666666667,15.040000000000001,openaq_ground
2026-08-16 19:00:00,27.0,23.166666666666668,20.26,openaq_ground
2026-08-16 20:00:00,34.55,13.066666666666668,14.656,openaq_ground
2026-08-16 21:00:00,34.3,11.08,6.26,openaq_ground
2026-08-16 22:00:00,,,1.45,openaq_ground
2026-08-16 23:00:00,20.35,6.48,2.478,openaq_ground
2026-08-17 00:00:00,20.145,5.38,2.048,openaq_ground
2026-08-17 01:00:00,16.64,5.6933333333333325,1.752,openaq_ground
2026-08-17 02:00:00,12.41,3.5,1.246,openaq_ground
2026-08-17 03:00:00,14.28,11.159999999999998,8.483333333333333,openaq_ground
2026-08-17 04:00:00,4.34,6.39,2.98,openaq_ground
2026-08-17 05:00:00,34.8,4.62,1.84,openaq_ground
2026-08-17 06:00:00,32.55,27.400000000000002,22.52,openaq_ground
2026-08-17 07:00:00,34.900000000000006,25.666666666666668,20.98,openaq_ground
2026-08-17 08:00:00,33.85,26.066666666666666,18.52,openaq_ground
2026-08-17 09:00:00,25.15,17.633333333333333,14.16,openaq_ground
2026-08-17 10:00:00,26.55,17.166666666666668,15.62,openaq_ground
2026-08-17 11:00:00,,,15.2,openaq_ground
2026-08-17 12:00:00,8.52,5.890000000000001,5.832,openaq_ground
2026-08-17 13:00:00,9.15,4.3133333333333335,3.102,openaq_ground
2026-08-17 14:00:00,8.08,3.276666666666667,1.8399999999999999,openaq_ground
2026-08-17 15:00:00,4.755,2.18,0.8534,openaq_ground
2026-08-17 16:00:00,4.67,2.44,0.7254,openaq_ground
2026-08-17 17:00:00,6.959999999999999,3.91,1.1880000000000002,openaq_ground
2026-08-17 18:00:00,18.09,26.023333333333337,2.854,openaq_ground
2026-08-17 19:00:00,36.8,14.716666666666667,4.534,openaq_ground
2026-08-17 20:00:00,,,0.6000000000000001,openaq_ground
2026-08-17 21:00:00,9.620000000000001,8.466666666666667,2.3560000000000003,openaq_ground
2026-08-17 22:00:00,4.87,9.61,2.4899999999999998,openaq_ground
2026-08-17 23:00:00,5.359999999999999,10.58,2.556,openaq_ground
2026-08-18 00:00:00,4.755,10.21,2.4379999999999997,openaq_ground
2026-08-18 01:00:00,4.89,8.666666666666666,3.278,openaq_ground
2026-08-18 02:00:00,5.92,8.823333333333332,3.718,openaq_ground
2026-08-18 03:00:00,,,0.95,openaq_ground
2026-08-18 04:00:00,8.685,9.193333333333333,3.75,openaq_ground
2026-08-18 05:00:00,6.875,8.496666666666668,4.026,openaq_ground
2026-08-18 06:00:00,6.105,12.459999999999999,5.32,openaq_ground
2026-08-18 07:00:00,5.24,11.293333333333331,4.324,openaq_ground
2026-08-18 08:00:00,6.33,11.11,3.9659999999999997,openaq_ground
2026-08-18 09:00:00,7.635,14.280000000000001,5.68,openaq_ground
2026-08-18 10:00:00,,,1.3,openaq_ground
2026-08-18 11:00:00,,,1.35,openaq_ground
2026-08-18 12:00:00,3.545,15.333333333333334,5.008,openaq_ground
2026-08-18 13:00:00,7.74,16.833333333333332,5.720000000000001,openaq_ground
2026-08-18 14:00:00,4.85,19.366666666666667,6.482000000000001,openaq_ground
2026-08-18 15:00:00,7.39,21.400000000000002,7.0200000000000005,openaq_ground
2026-08-18 16:00:00,6.245,24.266666666666666,8.620000000000001,openaq_ground
2026-08-18 17:00:00,,,2.2,openaq_ground
2026-08-18 18:00:00,21.65,17.099999999999998,7.224000000000001,openaq_ground
2026-08-18 19:00:00,38.0,19.766666666666666,9.034,openaq_ground
2026-08-18 20:00:00,36.95,14.263333333333334,6.964,openaq_ground
2026-08-18 21:00:00,27.0,12.923333333333332,7.648000000000001,openaq_ground
2026-08-18 22:00:00,11.604999999999999,6.026666666666666,3.066,openaq_ground
2026-08-18 23:00:00,8.785,4.426666666666667,2.1719999999999997,openaq_ground
2026-08-19 00:00:00,9.850000000000001,5.813333333333333,2.0759999999999996,openaq_ground
2026-08-19 01:00:00,,,0.6,openaq_ground
2026-08-19 02:00:00,8.315000000000001,6.32,2.398,openaq_ground
2026-08-19 03:00:00,8.625,8.6,2.944,openaq_ground
2026-08-19 04:00:00,15.795,9.479999999999999,3.8920000000000003,openaq_ground
2026-08-19 05:00:00,21.689999999999998,10.913333333333332,5.895999999999999,openaq_ground
2026-08-19 06:00:00,23.65,23.566666666666663,14.232,openaq_ground
2026-08-19 07:00:00,24.15,25.7,14.95,openaq_ground
2026-08-19 08:00:00,,,12.75,openaq_ground
2026-08-19 09:00:00,25.75,25.8,17.080000000000002,openaq_ground
2026-08-19 10:00:00,21.9,35.199999999999996,23.86,openaq_ground
2026-08-19 11:00:00,,,16.15,openaq_ground
2026-08-19 12:00:00,13.7,23.633333333333336,14.86,openaq_ground
2026-08-19 13:00:00,12.355,20.166666666666668,11.1,openaq_ground
2026-08-19 14:00:00,,,6.7,openaq_ground
2026-08-19 15:00:00,8.13,20.533333333333335,11.86,openaq_ground
2026-08-19 16:00:00,15.955,19.8,9.584,openaq_ground
2026-08-19 17:00:00,19.1,22.5,11.059999999999999,openaq_ground
2026-08-19 18:00:00,35.35,22.833333333333332,11.18,openaq_ground
2026-08-19 19:00:00,40.7,22.7,12.24,openaq_ground
2026-08-19 20:00:00,40.0,17.666666666666668,10.706,openaq_ground
2026-08-19 21:00:00,,,8.2,openaq_ground
2026-08-19 22:00:00,18.8,12.966666666666667,6.867999999999999,openaq_ground
2026-08-19 23:00:00,13.975,7.4799999999999995,3.432,openaq_ground
2026-08-20 00:00:00,10.19,13.446666666666667,3.442,openaq_ground
2026-08-20 01:00:00,15.41,11.9,3.0300000000000002,openaq_ground
2026-08-20 02:00:00,26.990000000000002,8.973333333333334,2.94,openaq_ground
2026-08-20 03:00:00,25.61,8.553333333333333,2.848,openaq_ground
2026-08-20 04:00:00,28.88,7.796666666666667,3.5566666666666666,openaq_ground
2026-08-20 05:00:00,28.06,10.85,4.92,openaq_ground
2026-08-20 06:00:00,,,11.8,openaq_ground
2026-08-20 07:00:00,31.0,26.53333333333333,14.162,openaq_ground
2026-08-20 08:00:00,36.75,31.53333333333333,22.202,openaq_ground
2026-08-20 09:00:00,39.55,40.5,26.839999999999996,openaq_ground
2026-08-20 10:00:00,35.95,30.566666666666666,20.09,openaq_ground
2026-08-20 11:00:00,,,8.4,openaq_ground
2026-08-20 12:00:00,12.594999999999999,14.473333333333334,7.7780000000000005,openaq_ground
2026-08-20 13:00:00,7.295,17.74,9.584,openaq_ground
2026-08-20 14:00:00,8.15,10.51,4.302,openaq_ground
2026-08-20 15:00:00,13.465,12.163333333333334,4.3740000000000006,openaq_ground
2026-08-20 16:00:00,9.82,12.766666666666666,5.412,openaq_ground
2026-08-20 17:00:00,17.55,13.776666666666666,5.574,openaq_ground
2026-08-20 18:00:00,,,1.65,openaq_ground
2026-08-20 19:00:00,31.35,17.25,8.05,openaq_ground
2026-08-20 20:00:00,33.599999999999994,10.326666666666666,5.382,openaq_ground
2026-08-20 21:00:00,28.099999999999998,13.433333333333332,4.684,openaq_ground
2026-08-20 22:00:00,22.1,15.333333333333334,4.7299999999999995,openaq_ground
2026-08-20 23:00:00,21.115,13.1,4.2700000000000005,openaq_ground
2026-08-21 00:00:00,21.54,15.399999999999999,4.0575,openaq_ground
2026-08-21 01:00:00,13.05,14.366666666666667,4.944,openaq_ground
2026-08-21 02:00:00,,,1.55,openaq_ground
2026-08-21 03:00:00,21.01,15.1,5.186,openaq_ground
2026-08-21 04:00:00,19.61,15.266666666666666,5.172,openaq_ground
2026-08-21 05:00:00,20.985,17.586666666666666,6.062,openaq_ground
2026-08-21 06:00:00,21.14,25.666666666666668,9.662,openaq_ground
2026-08-21 07:00:00,20.215,34.93333333333333,18.8,openaq_ground
2026-08-21 08:00:00,21.549999999999997,34.03333333333333,17.98,openaq_ground
2026-08-21 09:00:00,24.95,54.36666666666667,32.7,openaq_ground
2026-08-21 10:00:00,27.75,70.0,43.64,openaq_ground
2026-08-21 11:00:00,,,52.15,openaq_ground
2026-08-21 12:00:00,24.15,54.23333333333333,38.72,openaq_ground
2026-08-21 13:00:00,17.25,43.46666666666666,32.239999999999995,openaq_ground
2026-08-21 14:00:00,16.1,45.23333333333333,33.56,openaq_ground
2026-08-21 15:00:00,15.85,41.63333333333333,28.46,openaq_ground
2026-08-21 16:00:00,16.1,37.833333333333336,21.119999999999997,openaq_ground
2026-08-21 17:00:00,,,1.0,openaq_ground
2026-08-21 18:00:00,26.3,27.733333333333334,14.16,openaq_ground
2026-08-21 19:00:00,32.05,30.266666666666666,16.14,openaq_ground
2026-08-21 20:00:00,41.95,22.366666666666664,11.274000000000001,openaq_ground
2026-08-21 21:00:00,45.45,10.523333333333333,6.926,openaq_ground
2026-08-21 22:00:00,37.05,7.2799999999999985,4.018,openaq_ground
2026-08-21 23:00:00,40.6,20.476666666666667,5.212,openaq_ground
2026-08-22 00:00:00,,,2.0999999999999996,openaq_ground
2026-08-22 01:00:00,31.32,9.366666666666667,2.636,openaq_ground
2026-08-22 02:00:00,21.195,7.306666666666666,2.122,openaq_ground
2026-08-22 03:00:00,23.77,14.476666666666667,2.634,openaq_ground
2026-08-22 04:00:00,24.215,6.71,1.476,openaq_ground
2026-08-22 05:00:00,22.07,4.583333333333333,1.3800000000000001,openaq_ground
2026-08-22 06:00:00,21.985,7.093333333333334,4.402,openaq_ground
2026-08-22 07:00:00,18.59,6.323333333333333,3.002,openaq_ground
2026-08-22 08:00:00,21.545,4.7299999999999995,4.5778,openaq_ground
2026-08-22 09:00:00,12.674999999999999,4.353333333333333,3.5308,openaq_ground
2026-08-22 10:00:00,,,2.15,openaq_ground
2026-08-22 11:00:00,,,0.75,openaq_ground
2026-08-22 12:00:00,5.48,1.423,0.38980000000000004,openaq_ground
2026-08-22 13:00:00,1.375,4.833333333333333,1.224,openaq_ground
2026-08-22 14:00:00,2.3885,9.813333333333333,2.412,openaq_ground
2026-08-22 15:00:00,0.41850000000000004,2.266666666666667,0.8855999999999999,openaq_ground
2026-08-22 16:00:00,1.52,2.35,0.45519999999999994,openaq_ground
2026-08-22 17:00:00,1.975,2.5366666666666666,0.735,openaq_ground
2026-08-22 18:00:00,,,0.0,openaq_ground
2026-08-22 19:00:00,6.715,2.058,0.678,openaq_ground
2026-08-22 20:00:00,5.99,1.4833333333333334,0.5658000000000001,openaq_ground
2026-08-22 21:00:00,17.610000000000003,1.289,0.4906,openaq_ground
2026-08-22 22:00:00,6.210000000000001,2.1,0.265,openaq_ground
2026-08-22 23:00:00,4.91,5.8133333333333335,0.95,openaq_ground
2026-08-23 00:00:00,7.53,7.386666666666667,1.364,openaq_ground
2026-08-23 01:00:00,4.55,5.486666666666667,1.374,openaq_ground
2026-08-23 02:00:00,,,0.0,openaq_ground
2026-08-23 03:00:00,4.885,2.0466666666666664,0.5288,openaq_ground
2026-08-23 04:00:00,,,0.0,openaq_ground
2026-08-23 05:00:00,8.93,4.906666666666667,1.6620000000000001,openaq_ground
2026-08-23 06:00:00,7.345000000000001,4.25,2.1100000000000003,openaq_ground
2026-08-23 07:00:00,16.37,8.03,5.956,openaq_ground
2026-08-23 08:00:00,18.145,16.04,10.762,openaq_ground
2026-08-23 09:00:00,14.715,13.746666666666664,9.553999999999998,openaq_ground
2026-08-23 10:00:00,15.255,7.6933333333333325,4.8374,openaq_ground
2026-08-23 11:00:00,,,3.8,openaq_ground
2026-08-23 12:00:00,13.96,24.099999999999998,14.384,openaq_ground
2026-08-23 13:00:00,13.600000000000001,17.466666666666665,10.422,openaq_ground
2026-08-23 14:00:00,14.5,18.433333333333334,10.07,openaq_ground
2026-08-23 15:00:00,,,2.25,openaq_ground
2026-08-23 16:00:00,18.95,14.923333333333334,7.304,openaq_ground
2026-08-23 17:00:00,25.2,18.099999999999998,8.208,openaq_ground
2026-08-23 18:00:00,39.1,29.766666666666666,11.776,openaq_ground
2026-08-23 19:00:00,46.1,58.5,28.220000000000006,openaq_ground
2026-08-23 20:00:00,46.2,21.366666666666664,12.424000000000001,openaq_ground
2026-08-23 21:00:00,28.5,7.456666666666667,2.4520000000000004,openaq_ground
2026-08-23 22:00:00,28.1,7.2,1.5859999999999999,openaq_ground
2026-08-23 23:00:00,,,0.0,openaq_ground
2026-08-24 00:00:00,27.099999999999998,3.2566666666666664,0.6641999999999999,openaq_ground
2026-08-24 01:00:00,20.965,5.903333333333333,1.078,openaq_ground
2026-08-24 02:00:00,28.25,5.996666666666666,2.384,openaq_ground
2026-08-24 03:00:00,14.505,7.510000000000001,0.9640000000000001,openaq_ground
2026-08-24 04:00:00,25.02,11.036666666666667,4.630000000000001,openaq_ground
2026-08-24 05:00:00,27.765,13.396666666666667,5.401999999999999,openaq_ground
2026-08-24 06:00:00,,,6.05,openaq_ground
2026-08-24 07:00:00,22.605,6.636666666666667,5.0896,openaq_ground
2026-08-24 08:00:00,23.72,8.573333333333332,4.73,openaq_ground
2026-08-24 09:00:00,24.275,3.686666666666666,3.7467999999999995,openaq_ground
2026-08-24 10:00:00,17.775000000000002,8.526666666666667,2.2292,openaq_ground
2026-08-24 11:00:00,,,1.7,openaq_ground
2026-08-24 12:00:00,4.51,1.8733333333333333,0.44239999999999996,openaq_ground
2026-08-24 13:00:00,4.375,3.4586666666666672,0.43019999999999997,openaq_ground
2026-08-24 14:00:00,2.99,5.382999999999999,0.9471999999999999,openaq_ground
2026-08-24 15:00:00,2.205,3.5526666666666666,0.6123999999999999,openaq_ground
2026-08-24 16:00:00,3.0,6.821000000000001,1.0056,openaq_ground
2026-08-24 17:00:00,,,0.3,openaq_ground
2026-08-24 18:00:00,37.4,8.986666666666666,1.95,openaq_ground
2026-08-24 19:00:00,52.9,14.306666666666667,2.118,openaq_ground
2026-08-24 20:00:00,34.2,9.126666666666667,1.3798,openaq_ground
2026-08-24 21:00:00,11.64,6.963333333333334,0.9352,openaq_ground
2026-08-24 22:00:00,9.02,12.590000000000002,1.178,openaq_ground
2026-08-24 23:00:00,13.05,6.573333333333333,0.7116,openaq_ground
2026-08-25 00:00:00,7.890000000000001,9.383333333333333,0.8788,openaq_ground
2026-08-25 01:00:00,8.395,6.936666666666667,0.6806,openaq_ground
2026-08-25 02:00:00,13.85,8.193333333333333,0.756,openaq_ground
2026-08-25 03:00:00,,,2.15,openaq_ground
2026-08-25 04:00:00,15.555,7.16,0.9042,openaq_ground
2026-08-25 05:00:00,27.735,9.723333333333334,2.0780000000000003,openaq_ground
2026-08-25 06:00:00,24.94,11.303333333333335,2.508,openaq_ground
2026-08-25 07:00:00,40.900000000000006,19.066666666666666,7.454000000000001,openaq_ground
2026-08-25 08:00:00,,,4.4,openaq_ground
2026-08-25 09:00:00,,,3.75,openaq_ground
2026-08-25 10:00:00,,,0.9,openaq_ground
2026-08-25 11:00:00,,,3.05,openaq_ground
2026-08-25 12:00:00,,,6.9,openaq_ground
2026-08-25 13:00:00,,,4.75,openaq_ground
2026-08-25 14:00:00,,,3.15,openaq_ground
2026-08-25 15:00:00,,,3.5,openaq_ground
2026-08-25 16:00:00,,,3.6999999999999997,openaq_ground
2026-08-25 17:00:00,,,4.8,openaq_ground
2026-08-25 18:00:00,,,7.4,openaq_ground
2026-08-25 19:00:00,,,2.4,openaq_ground
2026-08-25 20:00:00,39.400000000000006,16.97,5.754,openaq_ground
2026-08-25 21:00:00,26.55,9.536666666666667,2.05,openaq_ground
2026-08-25 22:00:00,27.205000000000002,20.143333333333334,2.5460000000000003,openaq_ground
2026-08-25 23:00:00,,,1.5,openaq_ground
2026-08-26 00:00:00,12.705,21.900000000000002,8.496,openaq_ground
2026-08-26 01:00:00,9.205,23.400000000000002,7.7780000000000005,openaq_ground
2026-08-26 02:00:00,10.64,17.833333333333332,8.212,openaq_ground
2026-08-26 03:00:00,10.295,17.233333333333334,6.5200000000000005,openaq_ground
2026-08-26 04:00:00,18.22,19.533333333333335,6.744,openaq_ground
2026-08-26 05:00:00,24.76,12.81,5.302,openaq_ground
2026-08-26 06:00:00,11.99,5.923333333333333,3.2504000000000004,openaq_ground
2026-08-26 07:00:00,,,0.95,openaq_ground
2026-08-26 08:00:00,13.545,4.276666666666666,2.55,openaq_ground
2026-08-26 09:00:00,14.795000000000002,7.253333333333333,5.38,openaq_ground
2026-08-26 10:00:00,13.575000000000001,8.66,7.045999999999999,openaq_ground
2026-08-26 11:00:00,,,4.3,openaq_ground
2026-08-26 12:00:00,8.385,10.753333333333336,6.409999999999999,openaq_ground
2026-08-26 13:00:00,6.5649999999999995,4.977,2.8120000000000003,openaq_ground
2026-08-26 14:00:00,5.23,3.5400000000000005,2.1100000000000003,openaq_ground
2026-08-26 15:00:00,,,0.25,openaq_ground
2026-08-26 16:00:00,7.2749999999999995,3.6466666666666665,2.3,openaq_ground
2026-08-26 17:00:00,9.815,3.486666666666667,2.1079999999999997,openaq_ground
2026-08-26 18:00:00,18.049999999999997,5.05,2.658,openaq_ground
2026-08-26 19:00:00,35.9,10.413333333333332,4.304,openaq_ground
2026-08-26 20:00:00,34.6,15.4,6.709999999999999,openaq_ground
2026-08-26 21:00:00,,,2.4499999999999997,openaq_ground
2026-08-26 22:00:00,22.55,20.133333333333333,8.0,openaq_ground
2026-08-26 23:00:00,20.71,20.8,7.640000000000001,openaq_ground
2026-08-27 00:00:00,23.02,16.033333333333335,6.856,openaq_ground
2026-08-27 01:00:00,12.325000000000001,17.133333333333336,6.736,openaq_ground
2026-08-27 02:00:00,14.155,20.566666666666666,8.02,openaq_ground
2026-08-27 03:00:00,13.535,22.53333333333333,9.059999999999999,openaq_ground
2026-08-27 04:00:00,16.405,20.433333333333334,8.396,openaq_ground
2026-08-27 05:00:00,,,3.6999999999999997,openaq_ground
2026-08-27 06:00:00,7.38,19.166666666666668,7.896000000000001,openaq_ground
2026-08-27 07:00:00,10.015,20.633333333333333,8.992,openaq_ground
2026-08-27 08:00:00,6.915,21.46666666666667,9.896,openaq_ground
2026-08-27 09:00:00,5.09,16.633333333333336,6.904000000000001,openaq_ground
2026-08-27 10:00:00,2.965,21.766666666666666,7.978,openaq_ground
2026-08-27 11:00:00,,,2.95,openaq_ground
2026-08-27 12:00:00,0.7425,22.099999999999998,8.0,openaq_ground
2026-08-27 13:00:00,1.345,20.733333333333334,7.708,openaq_ground
2026-08-27 14:00:00,0.6025,24.400000000000002,7.634,openaq_ground
2026-08-27 15:00:00,2.7775000000000003,18.633333333333333,6.0,openaq_ground
2026-08-27 16:00:00,0.875,18.3,6.144,openaq_ground
2026-08-27 17:00:00,5.375,24.333333333333332,7.719999999999999,openaq_ground
2026-08-27 18:00:00,25.299999999999997,28.73333333333333,8.559999999999999,openaq_ground
2026-08-27 19:00:00,33.650000000000006,25.3,8.172,openaq_ground
2026-08-27 20:00:00,32.8,22.91,7.106399999999999,openaq_ground
2026-08-27 21:00:00,23.365000000000002,15.756666666666666,4.9112,openaq_ground
2026-08-27 22:00:00,22.285,6.740000000000001,1.2803999999999998,openaq_ground
2026-08-27 23:00:00,14.239999999999998,5.526666666666666,0.893,openaq_ground
2026-08-28 00:00:00,14.59,5.976666666666667,0.6646,openaq_ground
2026-08-28 01:00:00,,,0.0,openaq_ground
2026-08-28 02:00:00,17.195,2.3800000000000003,0.28700000000000003,openaq_ground
2026-08-28 03:00:00,18.729999999999997,3.53,0.35540000000000005,openaq_ground
2026-08-28 04:00:00,17.41,6.656666666666667,0.7988000000000002,openaq_ground
2026-08-28 05:00:00,14.225,6.403333333333333,1.3679999999999999,openaq_ground
2026-08-28 06:00:00,13.925,6.16,2.418,openaq_ground
2026-08-28 07:00:00,9.125,3.436666666666666,1.064,openaq_ground
2026-08-28 08:00:00,30.599999999999998,14.126666666666665,4.286,openaq_ground
2026-08-28 09:00:00,22.45,7.640000000000001,3.814,openaq_ground
2026-08-28 10:00:00,23.8,4.946666666666666,1.9759999999999998,openaq_ground
2026-08-28 11:00:00,,,0.25,openaq_ground
2026-08-28 12:00:00,21.05,12.513333333333334,3.8200000000000003,openaq_ground
2026-08-28 13:00:00,14.649999999999999,26.333333333333332,6.6659999999999995,openaq_ground
2026-08-28 14:00:00,9.01,10.893333333333333,2.816,openaq_ground
2026-08-28 15:00:00,7.72,9.943333333333333,2.282,openaq_ground
2026-08-28 16:00:00,10.69,15.200000000000001,3.16,openaq_ground
2026-08-28 17:00:00,23.475,10.823333333333332,2.55,openaq_ground
2026-08-28 18:00:00,28.8,12.530000000000001,3.3739999999999997,openaq_ground
2026-08-28 19:00:00,32.75,14.463333333333333,5.496,openaq_ground
2026-08-28 20:00:00,34.45,10.943333333333333,3.434,openaq_ground
2026-08-28 21:00:00,26.2,6.87,2.026,openaq_ground
2026-08-28 22:00:00,20.045,3.223333333333333,0.806,openaq_ground
2026-08-28 23:00:00,21.605,3.736666666666667,0.7378,openaq_ground
2026-08-29 00:00:00,22.645,5.34,1.0310000000000001,openaq_ground
2026-08-29 01:00:00,23.525000000000002,7.13,1.6239999999999999,openaq_ground
2026-08-29 02:00:00,19.325,6.026666666666667,1.236,openaq_ground
2026-08-29 03:00:00,20.1,5.253333333333333,0.944,openaq_ground
2026-08-29 04:00:00,29.575000000000003,7.18,1.0219999999999998,openaq_ground
2026-08-29 05:00:00,22.49,7.716666666666666,1.6712,openaq_ground
2026-08-29 06:00:00,19.740000000000002,14.866666666666665,5.0920000000000005,openaq_ground
2026-08-29 07:00:00,23.12,7.086666666666667,3.9019999999999997,openaq_ground
2026-08-29 08:00:00,13.2,9.39,3.9,openaq_ground
2026-08-29 09:00:00,36.4,17.92,5.705,openaq_ground
2026-08-29 10:00:00,40.05,14.540000000000001,7.022,openaq_ground
2026-08-29 11:00:00,,,1.05,openaq_ground
2026-08-29 12:00:00,20.5,21.900000000000002,10.186,openaq_ground
2026-08-29 13:00:00,,,0.1,openaq_ground
2026-08-29 14:00:00,20.299999999999997,12.96,5.392,openaq_ground
2026-08-29 15:00:00,5.255,5.5,1.2454,openaq_ground
2026-08-29 16:00:00,4.51,1.7233333333333334,0.5186,openaq_ground
2026-08-29 17:00:00,3.54,4.235666666666667,0.497,openaq_ground
2026-08-29 18:00:00,15.010000000000002,3.513333333333333,1.4638,openaq_ground
2026-08-29 19:00:00,17.03,7.863333333333333,1.4196,openaq_ground
2026-08-29 20:00:00,12.985,7.6866666666666665,1.7719999999999998,openaq_ground
2026-08-29 21:00:00,12.524999999999999,13.766666666666666,3.818,openaq_ground
2026-08-29 22:00:00,11.594999999999999,12.833333333333334,3.6159999999999997,openaq_ground
2026-08-29 23:00:00,11.86,11.636666666666665,3.396,openaq_ground
2026-08-30 00:00:00,29.6,10.516666666666667,2.73,openaq_ground
2026-08-30 01:00:00,9.254999999999999,8.886666666666667,1.7746,openaq_ground
2026-08-30 02:00:00,4.715,11.37,0.932,openaq_ground
2026-08-30 03:00:00,4.1899999999999995,5.3133333333333335,0.5237999999999999,openaq_ground
2026-08-30 04:00:00,3.4050000000000002,10.243333333333332,3.076,openaq_ground
2026-08-30 05:00:00,4.75,15.3,3.926666666666667,openaq_ground
2026-08-30 06:00:00,5.025,16.599999999999998,5.664,openaq_ground
2026-08-30 07:00:00,9.545,22.266666666666666,8.6,openaq_ground
2026-08-30 08:00:00,15.0,24.866666666666664,10.82,openaq_ground
2026-08-30 09:00:00,17.05,30.233333333333334,17.72,openaq_ground
2026-08-30 10:00:00,,,9.75,openaq_ground
2026-08-30 11:00:00,,,12.15,openaq_ground
2026-08-30 12:00:00,13.98,32.166666666666664,11.569999999999999,openaq_ground
2026-08-30 13:00:00,12.2,24.333333333333332,6.776000000000001,openaq_ground
2026-08-30 14:00:00,6.3100000000000005,20.099999999999998,5.351999999999999,openaq_ground
2026-08-30 15:00:00,7.98,17.6,5.008,openaq_ground
2026-08-30 16:00:00,21.884999999999998,17.400000000000002,5.26,openaq_ground
2026-08-30 17:00:00,29.049999999999997,17.5,7.002,openaq_ground
2026-08-30 18:00:00,32.05,24.133333333333336,11.094,openaq_ground
2026-08-30 19:00:00,38.75,27.333333333333332,9.764,openaq_ground
2026-08-30 20:00:00,41.0,21.03333333333333,8.404,openaq_ground
2026-08-30 21:00:00,26.814999999999998,14.466666666666667,4.326,openaq_ground
2026-08-30 22:00:00,19.365000000000002,14.533333333333333,3.882,openaq_ground
2026-08-30 23:00:00,25.915,11.219999999999999,3.614,openaq_ground
2026-08-31 00:00:00,20.465,75.63333333333334,7.8420000000000005,openaq_ground
2026-08-31 01:00:00,8.265,8.16,3.112,openaq_ground
2026-08-31 02:00:00,10.754999999999999,7.486666666666667,2.726,openaq_ground
2026-08-31 03:00:00,9.08,8.156666666666666,3.724,openaq_ground
2026-08-31 04:00:00,9.515,6.69,2.6380000000000003,openaq_ground
2026-08-31 05:00:00,21.95,9.42,4.456,openaq_ground
2026-08-31 06:00:00,10.600000000000001,7.239999999999999,2.9219999999999997,openaq_ground
2026-08-31 07:00:00,7.755,10.723333333333334,5.029999999999999,openaq_ground
2026-08-31 08:00:00,12.5,7.366666666666667,3.4099999999999993,openaq_ground
2026-08-31 09:00:00,7.645,7.3933333333333335,4.218,openaq_ground
2026-08-31 10:00:00,9.98,6.786666666666666,4.452,openaq_ground
2026-08-31 11:00:00,,,6.3,openaq_ground
2026-08-31 12:00:00,10.0,5.8933333333333335,6.066,openaq_ground
2026-08-31 13:00:00,,,4.2,openaq_ground
2026-08-31 14:00:00,13.585,7.02,5.674,openaq_ground
2026-08-31 15:00:00,13.86,8.633333333333333,7.148000000000001,openaq_ground
2026-08-31 16:00:00,15.125,6.466666666666666,5.828,openaq_ground
2026-08-31 17:00:00,16.4,5.97,3.9859999999999998,openaq_ground
2026-08-31 18:00:00,32.650000000000006,12.966666666666667,7.066,openaq_ground
2026-08-31 19:00:00,34.95,10.12,8.352,openaq_ground
2026-08-31 20:00:00,36.3,6.010000000000001,4.1339999999999995,openaq_ground
2026-08-31 21:00:00,27.1,7.096666666666667,2.55,openaq_ground
2026-08-31 22:00:00,18.56,5.913333333333334,2.212,openaq_ground
2026-08-31 23:00:00,24.02,4.983333333333333,1.524,openaq_ground
2026-09-01 00:00:00,14.82,6.536666666666666,1.636,openaq_ground
2026-09-01 01:00:00,21.770000000000003,7.760000000000001,2.0140000000000002,openaq_ground
2026-09-01 02:00:00,20.270000000000003,6.8,2.026,openaq_ground
2026-09-01 03:00:00,19.61,9.12,2.022,openaq_ground
2026-09-01 04:00:00,25.02,6.553333333333334,1.9759999999999998,openaq_ground
2026-09-01 05:00:00,20.36,9.93,4.0,openaq_ground
2026-09-01 06:00:00,23.590000000000003,28.379999999999995,11.104000000000001,openaq_ground
2026-09-01 07:00:00,20.81,36.333333333333336,17.3,openaq_ground
2026-09-01 08:00:00,26.75,47.43333333333334,27.1,openaq_ground
2026-09-01 09:00:00,38.8,67.5,40.14,openaq_ground
2026-09-01 10:00:00,36.55,68.0,34.980000000000004,openaq_ground
2026-09-01 11:00:00,,,24.25,openaq_ground
2026-09-01 12:00:00,29.8,59.666666666666664,36.339999999999996,openaq_ground
2026-09-01 13:00:00,25.5,41.46666666666667,21.16,openaq_ground
2026-09-01 14:00:00,20.75,41.800000000000004,25.080000000000002,openaq_ground
2026-09-01 15:00:00,16.0,34.46666666666667,22.660000000000004,openaq_ground
2026-09-01 16:00:00,21.25,35.733333333333334,21.6,openaq_ground
2026-09-01 17:00:00,22.65,37.0,21.0,openaq_ground
2026-09-01 18:00:00,33.650000000000006,39.699999999999996,22.660000000000004,openaq_ground
2026-09-01 19:00:00,45.2,55.23333333333333,25.96,openaq_ground
2026-09-01 20:00:00,51.85,54.76666666666667,23.259999999999998,openaq_ground
2026-09-01 21:00:00,46.599999999999994,55.53333333333333,18.3,openaq_ground
2026-09-01 22:00:00,51.55,50.76666666666667,14.76,openaq_ground
2026-09-01 23:00:00,51.15,34.6,11.28,openaq_ground
2026-09-02 00:00:00,42.5,27.27333333333333,8.456,openaq_ground
2026-09-02 01:00:00,16.06,17.31,3.442,openaq_ground
2026-09-02 02:00:00,13.475,10.113333333333333,1.9380000000000002,openaq_ground
2026-09-02 03:00:00,19.375,5.986666666666667,1.7579999999999998,openaq_ground
2026-09-02 04:00:00,35.345,4.473333333333334,1.298,openaq_ground
2026-09-02 05:00:00,,,3.9000000000000004,openaq_ground
2026-09-02 06:00:00,17.44,14.796666666666667,6.926,openaq_ground
2026-09-02 07:00:00,35.3,21.46666666666667,10.138,openaq_ground
2026-09-02 08:00:00,15.715,20.043333333333333,8.89,openaq_ground
2026-09-02 09:00:00,17.185000000000002,10.166666666666666,7.614,openaq_ground
2026-09-02 10:00:00,32.5,17.30333333333333,6.336,openaq_ground
2026-09-02 11:00:00,,,30.2,openaq_ground
2026-09-02 12:00:00,6.2669999999999995,8.033333333333333,7.35,openaq_ground
2026-09-02 13:00:00,4.9,8.2,3.2800000000000002,openaq_ground
2026-09-02 14:00:00,9.695,7.7299999999999995,3.668,openaq_ground
2026-09-02 15:00:00,6.67,35.67666666666667,18.11,openaq_ground
2026-09-02 16:00:00,,,3.35,openaq_ground
2026-09-02 17:00:00,16.4,6.823333333333333,4.632,openaq_ground
2026-09-02 18:00:00,36.75,11.376666666666667,3.7439999999999998,openaq_ground
2026-09-02 19:00:00,42.2,40.36666666666667,6.776000000000001,openaq_ground
2026-09-02 20:00:00,41.2,9.700000000000001,2.638,openaq_ground
2026-09-02 21:00:00,17.72,10.586666666666668,3.878,openaq_ground
2026-09-02 22:00:00,18.35,7.903333333333333,3.732,openaq_ground
2026-09-02 23:00:00,27.125,7.8999999999999995,3.618,openaq_ground
2026-09-03 00:00:00,16.57,4.776666666666666,1.302,openaq_ground
2026-09-03 01:00:00,,,7.3,openaq_ground
2026-09-03 02:00:00,25.115000000000002,6.633333333333334,1.291,openaq_ground
2026-09-03 03:00:00,16.225,8.266666666666667,113.41600000000001,openaq_ground
2026-09-03 04:00:00,13.55,7.45,1.3,openaq_ground
2026-09-03 05:00:00,17.740000000000002,9.003333333333332,1.9380000000000002,openaq_ground
2026-09-03 06:00:00,34.300000000000004,9.553333333333333,4.422,openaq_ground
2026-09-03 07:00:00,32.2,12.126666666666665,3.468,openaq_ground
2026-09-03 08:00:00,,,2.1,openaq_ground
2026-09-03 09:00:00,30.55,7.3933333333333335,6.095999999999999,openaq_ground
2026-09-03 10:00:00,35.2,12.903333333333334,3.57,openaq_ground
2026-09-03 11:00:00,,,0.8999999999999999,openaq_ground
2026-09-03 12:00:00,14.95,12.949999999999998,2.554,openaq_ground
2026-09-03 13:00:00,9.07,10.793333333333331,2.43,openaq_ground
2026-09-03 14:00:00,1.67,10.653333333333334,2.1116,openaq_ground
2026-09-03 15:00:00,2.285,10.459999999999999,3.692,openaq_ground
2026-09-03 16:00:00,3.2350000000000003,6.976666666666667,1.4384000000000001,openaq_ground
2026-09-03 17:00:00,,,0.05,openaq_ground
2026-09-03 18:00:00,19.1,6.676666666666667,0.9704,openaq_ground
2026-09-03 19:00:00,17.525000000000002,6.006666666666667,6.2354,openaq_ground
2026-09-03 20:00:00,8.845,41.39,17.87,openaq_ground
2026-09-03 21:00:00,11.02,7.153333333333333,1.0967500000000001,openaq_ground
2026-09-03 22:00:00,5.825,34.333333333333336,3.31825,openaq_ground
2026-09-03 23:00:00,5.8500000000000005,16.733333333333334,1.629,openaq_ground
2026-09-04 00:00:00,6.08,11.723333333333334,3.5660000000000003,openaq_ground
2026-09-04 01:00:00,8.040000000000001,15.079999999999998,1.3699999999999999,openaq_ground
2026-09-04 02:00:00,9.845,4.386666666666667,0.6178,openaq_ground
2026-09-04 03:00:00,6.865,5.033333333333334,0.5156000000000001,openaq_ground
2026-09-04 04:00:00,,,0.0,openaq_ground
2026-09-04 05:00:00,15.24,3.85,0.7827999999999999,openaq_ground
2026-09-04 06:00:00,15.125,5.1499999999999995,1.4525,openaq_ground
2026-09-04 07:00:00,24.15,8.22,3.1075,openaq_ground
2026-09-04 08:00:00,22.950000000000003,7.946666666666666,3.4025,openaq_ground
2026-09-04 09:00:00,14.05,5.696666666666666,2.835,openaq_ground
2026-09-04 10:00:00,12.205,7.53,3.6719999999999997,openaq_ground
2026-09-04 11:00:00,,,0.9500000000000001,openaq_ground
2026-09-04 12:00:00,7.645,11.53,5.108,openaq_ground
2026-09-04 13:00:00,14.370000000000001,7.036666666666666,3.6660000000000004,openaq_ground
2026-09-04 14:00:00,14.59,9.63,4.206,openaq_ground
2026-09-04 15:00:00,19.035,6.41,2.85,openaq_ground
2026-09-04 16:00:00,17.7,5.483333333333333,2.18,openaq_ground
2026-09-04 17:00:00,,,2.0,openaq_ground
2026-09-04 18:00:00,28.2,11.266666666666666,4.7875,openaq_ground
2026-09-04 19:00:00,29.549999999999997,13.913333333333332,3.8280000000000003,openaq_ground
2026-09-04 20:00:00,28.200000000000003,103.16000000000001,11.029999999999998,openaq_ground
2026-09-04 21:00:00,24.255,10.126666666666665,3.9025,openaq_ground
2026-09-04 22:00:00,14.41,3.733333333333333,1.385,openaq_ground
2026-09-04 23:00:00,22.54,5.673333333333333,1.5175,openaq_ground
2026-09-05 00:00:00,23.345,4.816666666666666,1.1295000000000002,openaq_ground
2026-09-05 01:00:00,,,0.0,openaq_ground
2026-09-05 02:00:00,17.685,3.896666666666667,0.786,openaq_ground
2026-09-05 03:00:00,11.105,3.813333333333333,0.8325,openaq_ground
2026-09-05 04:00:00,9.695,5.123333333333334,1.3497499999999998,openaq_ground
2026-09-05 05:00:00,11.465,6.45,2.8375000000000004,openaq_ground
2026-09-05 06:00:00,9.305,4.706666666666666,1.8175,openaq_ground
2026-09-05 07:00:00,14.155,12.886666666666665,6.1499999999999995,openaq_ground
2026-09-05 08:00:00,12.455,10.530000000000001,6.1225000000000005,openaq_ground
2026-09-05 09:00:00,15.379999999999999,9.086666666666666,3.8579999999999997,openaq_ground
2026-09-05 10:00:00,16.35,8.593333333333334,6.2725,openaq_ground
2026-09-05 11:00:00,,,1.55,openaq_ground
2026-09-05 12:00:00,17.35,8.226666666666667,4.8839999999999995,openaq_ground
2026-09-05 13:00:00,17.2,5.97,5.14,openaq_ground
2026-09-05 14:00:00,22.85,7.556666666666666,46.088,openaq_ground
2026-09-05 15:00:00,20.0,9.976666666666667,5.657500000000001,openaq_ground
2026-09-05 16:00:00,2.9450000000000003,18.033333333333335,9.275,openaq_ground
2026-09-05 17:00:00,2.5999999999999996,17.866666666666664,7.16,openaq_ground
2026-09-05 18:00:00,3.045,14.49,5.9225,openaq_ground
2026-09-05 19:00:00,10.565,11.163333333333332,6.824000000000001,openaq_ground
2026-09-05 20:00:00,12.350000000000001,11.806666666666667,5.418,openaq_ground
2026-09-05 21:00:00,16.150000000000002,8.986666666666666,5.1775,openaq_ground
2026-09-05 22:00:00,15.239999999999998,7.733333333333334,4.5875,openaq_ground
2026-09-05 23:00:00,12.895,5.796666666666667,3.2775,openaq_ground
2026-09-06 00:00:00,27.3,6.156666666666666,3.4225,openaq_ground
2026-09-06 01:00:00,22.15,8.48,4.2675,openaq_ground
2026-09-06 02:00:00,11.85,10.106666666666667,8.76,openaq_ground
2026-09-06 03:00:00,14.53,6.953333333333333,7.555,openaq_ground
2026-09-06 04:00:00,14.01,6.256666666666667,9.5925,openaq_ground
2026-09-06 05:00:00,37.5,,10.7,openaq_ground
2026-09-06 06:00:00,13.520000000000001,5.496666666666667,5.234999999999999,openaq_ground
2026-09-06 07:00:00,14.645000000000001,11.050000000000002,10.64,openaq_ground
2026-09-06 08:00:00,11.865,8.473333333333334,12.555,openaq_ground
2026-09-06 09:00:00,12.71,7.006666666666667,9.280000000000001,openaq_ground
2026-09-06 10:00:00,,,18.0,openaq_ground
2026-09-06 11:00:00,,,8.4,openaq_ground
2026-09-06 12:00:00,7.79,6.616666666666667,7.1725,openaq_ground
2026-09-06 13:00:00,8.75,7.263333333333333,7.5425,openaq_ground
2026-09-06 14:00:00,8.345,4.39,3.3975,openaq_ground
2026-09-06 15:00:00,7.8100000000000005,4.713333333333334,2.1574999999999998,openaq_ground
2026-09-06 16:00:00,8.575,4.930000000000001,2.58,openaq_ground
2026-09-06 17:00:00,10.52,3.703,2.2655000000000003,openaq_ground
2026-09-06 18:00:00,28.1,7.963333333333334,4.3975,openaq_ground
2026-09-06 19:00:00,39.15,8.756666666666666,6.577500000000001,openaq_ground
2026-09-06 20:00:00,38.0,7.896666666666666,4.03,openaq_ground
2026-09-06 21:00:00,32.65,6.960000000000001,3.4375,openaq_ground
2026-09-06 22:00:00,24.55,8.376666666666667,3.6550000000000002,openaq_ground
2026-09-06 23:00:00,34.1,7.579999999999999,3.72,openaq_ground
2026-09-07 00:00:00,36.115,7.456666666666666,4.1625,openaq_ground
2026-09-07 01:00:00,21.119999999999997,8.846666666666666,3.29,openaq_ground
2026-09-07 02:00:00,27.53,7.626666666666666,3.375,openaq_ground
2026-09-07 03:00:00,28.695,7.296666666666667,3.4050000000000002,openaq_ground
2026-09-07 04:00:00,20.775000000000002,7.95,3.8175,openaq_ground
2026-09-07 05:00:00,28.085,8.446666666666667,3.79,openaq_ground
2026-09-07 06:00:00,26.93,17.32,10.36,openaq_ground
2026-09-07 07:00:00,27.9,21.0,14.2975,openaq_ground
2026-09-07 08:00:00,16.89,14.530000000000001,7.39,openaq_ground
2026-09-07 09:00:00,19.57,13.219999999999999,6.8725000000000005,openaq_ground
2026-09-07 10:00:00,,,2.9,openaq_ground
2026-09-07 11:00:00,,,6.8,openaq_ground
2026-09-07 12:00:00,5.025,15.133333333333333,5.9125,openaq_ground
2026-09-07 13:00:00,,,0.5,openaq_ground
2026-09-07 14:00:00,2.24,11.333333333333334,3.5425000000000004,openaq_ground
2026-09-07 15:00:00,1.97,10.376666666666667,4.8925,openaq_ground
2026-09-07 16:00:00,3.67,15.053333333333333,9.52,openaq_ground
2026-09-07 17:00:00,7.55,10.696666666666667,4.1675,openaq_ground
2026-09-07 18:00:00,27.35,13.433333333333332,6.21,openaq_ground
2026-09-07 19:00:00,36.85,16.633333333333336,7.7475000000000005,openaq_ground
2026-09-07 20:00:00,32.85,15.933333333333332,7.5975,openaq_ground
2026-09-07 21:00:00,29.450000000000003,14.133333333333333,6.130000000000001,openaq_ground
2026-09-07 22:00:00,21.615,13.013333333333334,4.3125,openaq_ground
2026-09-07 23:00:00,25.905,11.363333333333335,3.6525,openaq_ground
2026-09-08 00:00:00,22.485,10.516666666666667,3.7424999999999997,openaq_ground
2026-09-08 01:00:00,17.419999999999998,11.966666666666667,3.9850000000000003,openaq_ground
2026-09-08 02:00:00,21.225,11.033333333333333,3.68,openaq_ground
2026-09-08 03:00:00,19.135,10.47,3.9025,openaq_ground
2026-09-08 04:00:00,22.185000000000002,11.766666666666666,4.0875,openaq_ground
2026-09-08 05:00:00,32.7,15.166666666666666,6.27,openaq_ground
2026-09-08 06:00:00,32.75,18.46666666666667,10.3475,openaq_ground
2026-09-08 07:00:00,26.395,19.933333333333334,9.9925,openaq_ground
2026-09-08 08:00:00,27.35,32.9,21.567500000000003,openaq_ground
2026-09-08 09:00:00,25.049999999999997,29.003333333333334,21.6175,openaq_ground
2026-09-08 10:00:00,26.3,32.48,22.475,openaq_ground
2026-09-08 11:00:00,,,11.9,openaq_ground
2026-09-08 12:00:00,14.200000000000001,26.2,15.905,openaq_ground
2026-09-08 13:00:00,18.4,26.433333333333334,18.9175,openaq_ground
2026-09-08 14:00:00,15.700000000000001,25.566666666666666,20.8,openaq_ground
2026-09-08 15:00:00,12.765,25.433333333333334,21.35,openaq_ground
2026-09-08 16:00:00,7.06,23.933333333333334,23.5,openaq_ground
2026-09-08 17:00:00,10.455,20.566666666666666,21.25,openaq_ground
2026-09-08 18:00:00,18.265,30.166666666666668,23.96,openaq_ground
2026-09-08 19:00:00,25.25,24.366666666666664,14.594999999999999,openaq_ground
2026-09-08 20:00:00,25.6,12.93,7.4,openaq_ground
2026-09-08 21:00:00,21.9,12.6,4.2575,openaq_ground
2026-09-08 22:00:00,18.675,11.286666666666667,3.6525,openaq_ground
2026-09-08 23:00:00,15.87,13.399999999999999,4.234999999999999,openaq_ground
2026-09-09 00:00:00,19.305,12.966666666666667,4.0175,openaq_ground
2026-09-09 01:00:00,17.72,16.233333333333334,5.12,openaq_ground
2026-09-09 02:00:00,21.835,14.266666666666666,5.075,openaq_ground
2026-09-09 03:00:00,15.035,17.03333333333333,4.316,openaq_ground
2026-09-09 04:00:00,18.93,17.366666666666667,4.884,openaq_ground
2026-09-09 05:00:00,17.0,16.669999999999998,5.314,openaq_ground
2026-09-09 06:00:00,18.45,17.833333333333332,8.292,openaq_ground
2026-09-09 07:00:00,25.67,20.5,9.564,openaq_ground
2026-09-09 08:00:00,23.2,40.9,17.0,openaq_ground
2026-09-09 09:00:00,25.15,37.333333333333336,24.04,openaq_ground
2026-09-09 10:00:00,19.95,47.86666666666667,27.139999999999997,openaq_ground
2026-09-09 11:00:00,,,22.2,openaq_ground
2026-09-09 12:00:00,16.45,48.1,23.26,openaq_ground
2026-09-09 13:00:00,17.35,33.06666666666667,21.0,openaq_ground
2026-09-09 14:00:00,19.1,17.043333333333333,8.764,openaq_ground
2026-09-09 15:00:00,6.82,14.366666666666665,4.512,openaq_ground
2026-09-09 16:00:00,3.75,10.563333333333333,3.092,openaq_ground
2026-09-09 17:00:00,3.455,11.846666666666666,2.466,openaq_ground
2026-09-09 18:00:00,10.21,8.903333333333334,2.31,openaq_ground
2026-09-09 19:00:00,16.795,4.913333333333333,1.8820000000000001,openaq_ground
2026-09-09 20:00:00,15.219999999999999,2.9933333333333336,1.2018,openaq_ground
2026-09-09 21:00:00,16.325,3.06,1.424,openaq_ground
2026-09-09 22:00:00,15.52,4.776666666666666,2.194,openaq_ground
2026-09-09 23:00:00,15.639999999999999,4.446666666666666,1.998,openaq_ground
2026-09-10 00:00:00,15.065,1.9400000000000002,1.1878,openaq_ground
2026-09-10 01:00:00,16.335,6.416666666666667,2.2640000000000002,openaq_ground
2026-09-10 02:00:00,18.335,8.226666666666667,3.7340000000000004,openaq_ground
2026-09-10 03:00:00,15.075,8.946666666666667,4.034000000000001,openaq_ground
2026-09-10 04:00:00,11.595,6.166666666666667,2.05,openaq_ground
2026-09-10 05:00:00,19.810000000000002,8.523333333333333,3.71,openaq_ground
2026-09-10 06:00:00,30.45,27.233333333333334,18.82,openaq_ground
2026-09-10 07:00:00,38.8,43.53333333333333,28.160000000000004,openaq_ground
2026-09-10 08:00:00,33.1,49.5,34.040000000000006,openaq_ground
2026-09-10 09:00:00,31.8,68.03333333333333,48.04,openaq_ground
2026-09-10 10:00:00,,,35.15,openaq_ground
2026-09-10 11:00:00,,,27.85,openaq_ground
2026-09-10 12:00:00,17.35,56.63333333333333,41.9,openaq_ground
2026-09-10 13:00:00,17.049999999999997,34.56666666666666,29.946000000000005,openaq_ground
2026-09-10 14:00:00,14.2,29.76666666666667,20.601999999999997,openaq_ground
2026-09-10 15:00:00,11.8,17.77,14.424000000000001,openaq_ground
2026-09-10 16:00:00,12.305,21.633333333333336,12.581999999999999,openaq_ground
2026-09-10 17:00:00,16.85,14.51,7.876,openaq_ground
2026-09-10 18:00:00,28.5,14.423333333333334,8.53,openaq_ground
2026-09-10 19:00:00,31.35,17.023333333333337,8.772,openaq_ground
2026-09-10 20:00:00,21.4,9.036666666666667,3.2039999999999997,openaq_ground
2026-09-10 21:00:00,18.549999999999997,4.496666666666667,1.1480000000000001,openaq_ground
2026-09-10 22:00:00,18.3,4.023333333333333,1.1219999999999999,openaq_ground
2026-09-10 23:00:00,25.22,4.31,0.9720000000000001,openaq_ground
2026-09-11 00:00:00,22.155,4.6866666666666665,1.088,openaq_ground
2026-09-11 01:00:00,15.729999999999999,5.613333333333333,1.208,openaq_ground
2026-09-11 02:00:00,28.86,6.343333333333334,1.27,openaq_ground
2026-09-11 03:00:00,28.91,6.45,1.424,openaq_ground
2026-09-11 04:00:00,34.55,6.876666666666666,1.8699999999999999,openaq_ground
2026-09-11 05:00:00,12.525,13.709999999999999,3.558,openaq_ground
2026-09-11 06:00:00,9.305,21.900000000000002,4.764,openaq_ground
2026-09-11 07:00:00,6.2299999999999995,16.2,5.274,openaq_ground
2026-09-11 08:00:00,13.309999999999999,20.5,7.88,openaq_ground
2026-09-11 09:00:00,12.975,23.933333333333334,9.28,openaq_ground
2026-09-11 10:00:00,,,4.45,openaq_ground
2026-09-11 11:00:00,,,6.75,openaq_ground
2026-09-11 12:00:00,12.705,25.099999999999998,11.76,openaq_ground
2026-09-11 13:00:00,15.55,21.733333333333334,9.74,openaq_ground
2026-09-11 14:00:00,17.07,24.7,11.7,openaq_ground
2026-09-11 15:00:00,14.6,21.96666666666667,10.32,openaq_ground
2026-09-11 16:00:00,12.88,21.400000000000002,9.28,openaq_ground
2026-09-11 17:00:00,13.670000000000002,19.666666666666668,8.198,openaq_ground
2026-09-11 18:00:00,16.9,23.066666666666666,8.697999999999999,openaq_ground
2026-09-11 19:00:00,17.25,24.0,9.68,openaq_ground
2026-09-11 20:00:00,18.105,19.033333333333335,7.328,openaq_ground
2026-09-11 21:00:00,10.055,15.966666666666669,5.6739999999999995,openaq_ground
2026-09-11 22:00:00,8.969999999999999,14.700000000000001,4.68,openaq_ground
2026-09-11 23:00:00,7.8,14.0,4.572,openaq_ground
2026-09-12 00:00:00,12.094999999999999,14.233333333333334,3.936,openaq_ground
2026-09-12 01:00:00,16.195,13.4,3.9579999999999997,openaq_ground
2026-09-12 02:00:00,14.440000000000001,12.733333333333334,4.014,openaq_ground
2026-09-12 03:00:00,14.655,13.533333333333333,4.406000000000001,openaq_ground
2026-09-12 04:00:00,18.73,14.433333333333332,4.532,openaq_ground
2026-09-12 05:00:00,20.61,18.400000000000002,6.878,openaq_ground
2026-09-12 06:00:00,11.31,15.233333333333334,5.654,openaq_ground
2026-09-12 07:00:00,15.405,20.333333333333332,7.8740000000000006,openaq_ground
2026-09-12 08:00:00,12.98,24.2,8.586000000000002,openaq_ground
2026-09-12 09:00:00,17.155,23.833333333333332,8.652,openaq_ground
2026-09-12 10:00:00,20.275,36.333333333333336,16.624000000000002,openaq_ground
2026-09-12 11:00:00,,,5.55,openaq_ground
2026-09-12 12:00:00,21.65,31.166666666666668,15.52,openaq_ground
2026-09-12 13:00:00,16.3,27.733333333333334,15.319999999999999,openaq_ground
2026-09-12 14:00:00,14.65,24.099999999999998,17.96,openaq_ground
2026-09-12 15:00:00,12.95,19.66,14.34,openaq_ground
2026-09-12 16:00:00,14.1,14.616666666666665,7.381800000000001,openaq_ground
2026-09-12 17:00:00,4.81,3.51,0.3966666666666667,openaq_ground
2026-09-12 18:00:00,15.1,9.5,2.82,openaq_ground
2026-09-12 19:00:00,9.370000000000001,14.12,2.936,openaq_ground
2026-09-12 20:00:00,5.1,8.993333333333334,3.02,openaq_ground
2026-09-12 21:00:00,6.300000000000001,13.966666666666667,5.014,openaq_ground
2026-09-12 22:00:00,8.42,17.333333333333332,5.868,openaq_ground
2026-09-12 23:00:00,5.68,15.266666666666667,5.476,openaq_ground
2026-09-13 00:00:00,6.64,15.166666666666666,5.228,openaq_ground
2026-09-13 01:00:00,6.765000000000001,12.326666666666668,4.068,openaq_ground
2026-09-13 02:00:00,8.65,11.503333333333332,3.8840000000000003,openaq_ground
2026-09-13 03:00:00,11.72,18.733333333333334,6.0,openaq_ground
2026-09-13 04:00:00,19.295,22.46666666666667,7.002,openaq_ground
2026-09-13 05:00:00,21.45,24.233333333333334,8.2,openaq_ground
2026-09-13 06:00:00,14.71,22.833333333333332,10.24,openaq_ground
2026-09-13 07:00:00,17.990000000000002,28.333333333333332,12.919999999999998,openaq_ground
2026-09-13 08:00:00,17.78,25.96666666666667,10.78,openaq_ground
2026-09-13 09:00:00,16.185,24.233333333333334,9.68,openaq_ground
2026-09-13 10:00:00,16.384999999999998,28.96666666666667,8.608,openaq_ground
2026-09-13 11:00:00,,,2.1,openaq_ground
2026-09-13 12:00:00,5.29,24.099999999999998,7.35,openaq_ground
2026-09-13 13:00:00,7.29,23.766666666666666,7.156000000000001,openaq_ground
2026-09-13 14:00:00,9.585,24.666666666666668,7.33,openaq_ground
2026-09-13 15:00:00,8.205,19.266666666666666,6.748,openaq_ground
2026-09-13 16:00:00,11.565000000000001,14.566666666666668,5.284000000000001,openaq_ground
2026-09-13 17:00:00,14.350000000000001,15.033333333333333,4.586,openaq_ground
2026-09-13 18:00:00,30.549999999999997,20.633333333333333,7.57,openaq_ground
2026-09-13 19:00:00,40.3,16.926666666666666,6.736,openaq_ground
2026-09-13 20:00:00,30.8,16.266666666666666,5.118,openaq_ground
2026-09-13 21:00:00,27.349999999999998,11.156666666666666,3.7880000000000003,openaq_ground
2026-09-13 22:00:00,23.2,10.856666666666667,3.5480000000000005,openaq_ground
2026-09-13 23:00:00,6.71,6.79,1.6166666666666665,openaq_ground
2026-09-14 00:00:00,31.4,10.975,2.605,openaq_ground
2026-09-14 01:00:00,21.87,11.866666666666667,3.618,openaq_ground
2026-09-14 02:00:00,21.095,11.966666666666667,4.192,openaq_ground
2026-09-14 03:00:00,16.15,13.833333333333334,4.848000000000001,openaq_ground
2026-09-14 04:00:00,22.53,16.133333333333333,5.638,openaq_ground
2026-09-14 05:00:00,19.82,17.333333333333332,5.845999999999999,openaq_ground
2026-09-14 06:00:00,23.705,18.233333333333334,5.978,openaq_ground
2026-09-14 07:00:00,23.73,13.116666666666667,6.398000000000001,openaq_ground
2026-09-14 08:00:00,12.75,14.323333333333332,6.184,openaq_ground
2026-09-14 09:00:00,16.635,11.966666666666667,4.7780000000000005,openaq_ground
2026-09-14 10:00:00,13.39,11.423333333333332,4.892,openaq_ground
2026-09-14 11:00:00,,,0.9,openaq_ground
2026-09-14 12:00:00,3.48,12.685,4.055,openaq_ground
2026-09-14 13:00:00,1.4515,13.0,5.068,openaq_ground
2026-09-14 14:00:00,1.341,14.299999999999999,5.694,openaq_ground
2026-09-14 15:00:00,1.665,10.75,5.212,openaq_ground
2026-09-14 16:00:00,2.45,17.53,6.824000000000001,openaq_ground
2026-09-14 17:00:00,10.16,10.246666666666668,3.498,openaq_ground
2026-09-14 18:00:00,22.2,9.793333333333333,3.306,openaq_ground
2026-09-14 19:00:00,27.95,24.900000000000002,4.652,openaq_ground
2026-09-14 20:00:00,22.775000000000002,9.466666666666667,3.556,openaq_ground
2026-09-14 21:00:00,21.265,8.663333333333332,3.184,openaq_ground
2026-09-14 22:00:00,20.284999999999997,11.24,2.88,openaq_ground
2026-09-14 23:00:00,20.68,7.676666666666667,2.254,openaq_ground
2026-09-15 00:00:00,18.625,6.023333333333333,1.6780000000000002,openaq_ground
2026-09-15 01:00:00,19.75,7.25,7.409999999999999,openaq_ground
2026-09-15 02:00:00,22.970000000000002,7.956666666666666,2.88,openaq_ground
2026-09-15 03:00:00,19.64,10.883333333333333,3.63,openaq_ground
2026-09-15 04:00:00,21.549999999999997,6.44,2.562,openaq_ground
2026-09-15 05:00:00,,,0.55,openaq_ground
2026-09-15 06:00:00,24.3,17.46666666666667,5.606,openaq_ground
2026-09-15 07:00:00,28.1,31.46666666666667,14.98,openaq_ground
2026-09-15 08:00:00,34.05,36.199999999999996,19.5,openaq_ground
2026-09-15 09:00:00,30.15,39.266666666666666,22.22,openaq_ground
2026-09-15 10:00:00,28.35,39.53333333333333,23.26,openaq_ground
2026-09-15 11:00:00,,,14.2,openaq_ground
2026-09-15 12:00:00,20.4,37.833333333333336,23.64,openaq_ground
2026-09-15 13:00:00,16.9,24.7,17.9,openaq_ground
2026-09-15 14:00:00,13.85,22.96666666666667,16.259999999999998,openaq_ground
2026-09-15 15:00:00,13.75,20.900000000000002,15.86,openaq_ground
2026-09-15 16:00:00,15.75,22.866666666666664,14.774000000000001,openaq_ground
2026-09-15 17:00:00,26.15,25.96666666666667,14.474,openaq_ground
2026-09-15 18:00:00,49.5,46.46666666666667,11.059999999999999,openaq_ground
2026-09-15 19:00:00,40.65,22.03333333333333,6.018,openaq_ground
2026-09-15 20:00:00,37.65,12.733333333333334,3.4219999999999997,openaq_ground
2026-09-15 21:00:00,35.6,12.586666666666666,2.0,openaq_ground
2026-09-15 22:00:00,17.675,13.003333333333332,1.8400000000000003,openaq_ground
2026-09-15 23:00:00,10.93,7.82,0.842,openaq_ground
2026-09-16 00:00:00,9.025,12.933333333333332,1.0826,openaq_ground
2026-09-16 01:00:00,16.27,8.373333333333333,0.826,openaq_ground
2026-09-16 02:00:00,14.33,8.959999999999999,0.866,openaq_ground
2026-09-16 03:00:00,14.755,11.516666666666666,1.264,openaq_ground
2026-09-16 04:00:00,34.099999999999994,13.713333333333333,1.9880000000000002,openaq_ground
2026-09-16 05:00:00,15.399999999999999,17.133333333333333,2.658,openaq_ground
2026-09-16 06:00:00,12.72,15.633333333333335,4.734,openaq_ground
2026-09-16 07:00:00,,,1.95,openaq_ground
2026-09-16 08:00:00,9.0,11.766666666666666,4.636,openaq_ground
2026-09-16 09:00:00,9.995,10.023333333333333,4.056,openaq_ground
2026-09-16 10:00:00,8.015,6.256666666666667,2.962,openaq_ground
2026-09-16 11:00:00,,,0.45,openaq_ground
2026-09-16 12:00:00,4.19,1.3006666666666666,0.5538000000000001,openaq_ground
2026-09-16 13:00:00,3.385,0.7439999999999999,0.36819999999999997,openaq_ground
2026-09-16 14:00:00,2.875,1.0606666666666666,0.6018000000000001,openaq_ground
2026-09-16 15:00:00,4.13,1.6900000000000002,0.882,openaq_ground
2026-09-16 16:00:00,4.53,1.5533333333333335,0.5254,openaq_ground
2026-09-16 17:00:00,7.45,1.2133333333333334,0.5808,openaq_ground
2026-09-16 18:00:00,14.945,1.9133333333333333,0.9810000000000001,openaq_ground
2026-09-16 19:00:00,23.400000000000002,3.276666666666667,1.278,openaq_ground
2026-09-16 20:00:00,25.75,4.546666666666667,2.282,openaq_ground
2026-09-16 21:00:00,21.0,3.8066666666666666,1.9140000000000001,openaq_ground
2026-09-16 22:00:00,27.6,4.573333333333333,2.8600000000000003,openaq_ground
2026-09-16 23:00:00,18.125,2.92,2.71,openaq_ground
2026-09-17 00:00:00,21.7,4.51,2.894,openaq_ground
2026-09-17 01:00:00,17.634999999999998,2.69,1.7204000000000002,openaq_ground
2026-09-17 02:00:00,18.34,3.5500000000000003,1.72,openaq_ground
2026-09-17 03:00:00,19.634999999999998,4.1499999999999995,1.612,openaq_ground
2026-09-17 04:00:00,21.29,6.63,3.364,openaq_ground
2026-09-17 05:00:00,28.7,6.346666666666667,5.332,openaq_ground
2026-09-17 06:00:00,33.6,21.133333333333333,15.689999999999998,openaq_ground
2026-09-17 07:00:00,33.1,20.53333333333333,17.226,openaq_ground
2026-09-17 08:00:00,33.05,26.066666666666666,22.82,openaq_ground
2026-09-17 09:00:00,29.45,34.96666666666666,21.72,openaq_ground
2026-09-17 10:00:00,,,25.5,openaq_ground
2026-09-17 11:00:00,,,15.6,openaq_ground
2026-09-17 12:00:00,15.850000000000001,30.666666666666668,20.762,openaq_ground
2026-09-17 13:00:00,11.6,35.300000000000004,21.78,openaq_ground
2026-09-17 14:00:00,10.8,22.3,17.076,openaq_ground
2026-09-17 15:00:00,10.725,26.816666666666666,20.866,openaq_ground
2026-09-17 16:00:00,9.43,20.433333333333334,9.4,openaq_ground
2026-09-17 17:00:00,11.55,17.093333333333334,8.48,openaq_ground
2026-09-17 18:00:00,24.2,24.266666666666666,10.806000000000001,openaq_ground
2026-09-17 19:00:00,23.05,7.87,4.888,openaq_ground
2026-09-17 20:00:00,27.1,9.07,4.346,openaq_ground
2026-09-17 21:00:00,22.35,6.55,3.29,openaq_ground
2026-09-17 22:00:00,16.575,5.8500000000000005,0.984,openaq_ground
2026-09-17 23:00:00,20.57,4.430000000000001,0.8268000000000001,openaq_ground
2026-09-18 00:00:00,16.925,4.906666666666666,0.942,openaq_ground
2026-09-18 01:00:00,18.195,5.87,1.092,openaq_ground
2026-09-18 02:00:00,25.46,5.8066666666666675,0.8939999999999999,openaq_ground
2026-09-18 03:00:00,27.79,5.933333333333334,1.1540000000000001,openaq_ground
2026-09-18 04:00:00,23.88,6.923333333333333,1.722,openaq_ground
2026-09-18 05:00:00,18.74,8.81,2.378,openaq_ground
2026-09-18 06:00:00,23.95,15.133333333333333,4.848,openaq_ground
2026-09-18 07:00:00,27.45,16.78,6.6819999999999995,openaq_ground
2026-09-18 08:00:00,21.479999999999997,10.51,5.1339999999999995,openaq_ground
2026-09-18 09:00:00,20.3,9.263333333333334,4.242,openaq_ground
2026-09-18 10:00:00,,,0.9,openaq_ground
2026-09-18 11:00:00,,,0.1,openaq_ground
2026-09-18 12:00:00,3.88,5.18,1.3125,openaq_ground
2026-09-18 13:00:00,3.755,13.113333333333335,2.88,openaq_ground
2026-09-18 14:00:00,,,0.3,openaq_ground
2026-09-18 15:00:00,,,0.15,openaq_ground
2026-09-18 16:00:00,,,0.15,openaq_ground
2026-09-18 17:00:00,7.130000000000001,8.796666666666667,2.9560000000000004,openaq_ground
2026-09-18 18:00:00,16.635,14.6,3.8560000000000003,openaq_ground
2026-09-18 19:00:00,17.130000000000003,17.966666666666665,5.992,openaq_ground
2026-09-18 20:00:00,,,1.75,openaq_ground
2026-09-18 21:00:00,12.605,9.33,1.492,openaq_ground
2026-09-18 22:00:00,17.665,5.77,0.8109999999999999,openaq_ground
2026-09-18 23:00:00,14.6,4.566666666666666,0.49119999999999997,openaq_ground
2026-09-19 00:00:00,8.49,10.143333333333333,1.1099999999999999,openaq_ground
2026-09-19 01:00:00,8.95,8.166666666666666,0.85,openaq_ground
2026-09-19 02:00:00,8.129999999999999,6.48,0.63,openaq_ground
2026-09-19 03:00:00,9.366999999999999,16.546666666666667,1.3838000000000001,openaq_ground
2026-09-19 04:00:00,11.220500000000001,7.87,0.7496,openaq_ground
2026-09-19 05:00:00,7.32,5.09,0.8576,openaq_ground
2026-09-19 06:00:00,10.72,3.0499999999999994,0.9120000000000001,openaq_ground
2026-09-19 07:00:00,12.025,5.0566666666666675,1.0610000000000002,openaq_ground
2026-09-19 08:00:00,7.59,5.176666666666667,1.5892,openaq_ground
2026-09-19 09:00:00,7.205,6.136666666666667,1.6920000000000002,openaq_ground
2026-09-19 10:00:00,5.15,5.4433333333333325,2.1068000000000002,openaq_ground
2026-09-19 11:00:00,,,0.4,openaq_ground
2026-09-19 12:00:00,1.7254999999999998,24.266666666666666,9.102,openaq_ground
2026-09-19 13:00:00,1.0295,14.333333333333334,19.808,openaq_ground
2026-09-19 14:00:00,0.8949999999999999,8.133333333333333,152.174,openaq_ground
2026-09-19 15:00:00,3.6350000000000002,6.463333333333334,24.886000000000003,openaq_ground
2026-09-19 16:00:00,3.625,8.786666666666667,8.094,openaq_ground
2026-09-19 17:00:00,4.075,8.1,4.032500000000001,openaq_ground
2026-09-19 18:00:00,12.02,5.906666666666667,4.035,openaq_ground
2026-09-19 19:00:00,10.255,5.633333333333333,3.7840000000000003,openaq_ground
2026-09-19 20:00:00,9.825,5.043333333333333,3.0780000000000003,openaq_ground
2026-09-19 21:00:00,7.94,8.266666666666667,2.724,openaq_ground
2026-09-19 22:00:00,4.7855,5.366666666666667,1.534,openaq_ground
2026-09-19 23:00:00,3.8905,6.423333333333333,1.718,openaq_ground
2026-09-20 00:00:00,8.55,8.106666666666667,1.8820000000000001,openaq_ground
2026-09-20 01:00:00,2.8099999999999996,7.12,2.06,openaq_ground
2026-09-20 02:00:00,3.8475,14.43,3.178,openaq_ground
2026-09-20 03:00:00,3.9175000000000004,9.303333333333333,3.286,openaq_ground
2026-09-20 04:00:00,4.925,11.466666666666667,4.054,openaq_ground
2026-09-20 05:00:00,,,1.15,openaq_ground
2026-09-20 06:00:00,12.15,18.8,7.452,openaq_ground
2026-09-20 07:00:00,16.8,35.349999999999994,15.425,openaq_ground
2026-09-20 08:00:00,21.25,29.4,15.825,openaq_ground
2026-09-20 09:00:00,32.15,36.85,18.225,openaq_ground
2026-09-20 10:00:00,29.450000000000003,33.6,16.15,openaq_ground
2026-09-20 11:00:00,,,6.75,openaq_ground
2026-09-20 12:00:00,10.735,28.049999999999997,9.225,openaq_ground
2026-09-20 13:00:00,2.665,23.85,7.325,openaq_ground
2026-09-20 14:00:00,2.84,24.85,7.6,openaq_ground
2026-09-20 15:00:00,3.35,24.75,9.833333333333334,openaq_ground
2026-09-20 16:00:00,1.11,22.0,9.666666666666666,openaq_ground
2026-09-20 17:00:00,3.52,25.05,10.233333333333333,openaq_ground
2026-09-20 18:00:00,21.8,20.9,8.64,openaq_ground
2026-09-20 19:00:00,29.240000000000002,23.599999999999998,10.245000000000001,openaq_ground
2026-09-20 20:00:00,18.11,24.0,28.040000000000003,openaq_ground
2026-09-20 21:00:00,18.1,23.833333333333332,8.559999999999999,openaq_ground
2026-09-20 22:00:00,13.760000000000002,23.266666666666666,7.878,openaq_ground
2026-09-20 23:00:00,14.74,23.066666666666666,7.992,openaq_ground
2026-09-21 00:00:00,18.42,21.366666666666664,7.316,openaq_ground
2026-09-21 01:00:00,28.11,19.366666666666667,6.332000000000001,openaq_ground
2026-09-21 02:00:00,21.93,17.733333333333334,5.804,openaq_ground
2026-09-21 03:00:00,18.125,18.033333333333335,6.256,openaq_ground
2026-09-21 04:00:00,22.92,20.2,6.109999999999999,openaq_ground
2026-09-21 05:00:00,28.15,19.400000000000002,6.296,openaq_ground
2026-09-21 06:00:00,33.7,22.03333333333333,8.2,openaq_ground
2026-09-21 07:00:00,11.704999999999998,32.86666666666667,4.812,openaq_ground
2026-09-21 08:00:00,5.9525,10.25,1.426,openaq_ground
2026-09-21 09:00:00,4.7075000000000005,7.933333333333333,0.9880000000000001,openaq_ground
2026-09-21 10:00:00,,,0.0,openaq_ground
2026-09-21 11:00:00,,,0.05,openaq_ground
2026-09-21 12:00:00,5.0825000000000005,34.166666666666664,7.734,openaq_ground
2026-09-21 13:00:00,2.106,26.700000000000003,6.9625,openaq_ground
2026-09-21 14:00:00,1.499,11.086666666666666,4.029999999999999,openaq_ground
2026-09-21 15:00:00,2.9245,6.609999999999999,2.7824999999999998,openaq_ground
2026-09-21 16:00:00,2.715,4.366666666666667,1.9475,openaq_ground
2026-09-21 17:00:00,12.175,3.8833333333333333,1.73,openaq_ground
2026-09-21 18:00:00,23.59,4.736666666666667,2.1624999999999996,openaq_ground
2026-09-21 19:00:00,22.35,5.62,2.855,openaq_ground
2026-09-21 20:00:00,21.76,4.746666666666666,2.565,openaq_ground
2026-09-21 21:00:00,15.295,4.46,2.025,openaq_ground
2026-09-21 22:00:00,15.16,5.783333333333334,2.1175,openaq_ground
2026-09-21 23:00:00,20.92,3.9966666666666666,2.1325000000000003,openaq_ground
2026-09-22 00:00:00,18.845,3.3333333333333335,73.468,openaq_ground
2026-09-22 01:00:00,15.655,6.183333333333334,10.208,openaq_ground
2026-09-22 02:00:00,24.4,4.243333333333333,2.16,openaq_ground
2026-09-22 03:00:00,,,5.050000000000001,openaq_ground
2026-09-22 04:00:00,22.55,7.713333333333334,1.8399999999999999,openaq_ground
2026-09-22 05:00:00,20.54,8.959999999999999,3.57,openaq_ground
2026-09-22 06:00:00,19.3,17.633333333333333,11.935,openaq_ground
2026-09-22 07:00:00,34.05,24.26666666666667,19.517500000000002,openaq_ground
2026-09-22 08:00:00,7.135,22.900000000000002,8.897499999999999,openaq_ground
2026-09-22 09:00:00,2.4899999999999998,23.5,7.28,openaq_ground
2026-09-22 10:00:00,4.075,18.566666666666666,5.7475,openaq_ground
2026-09-22 11:00:00,,,1.8,openaq_ground
2026-09-22 12:00:00,,,1.3,openaq_ground
2026-09-22 13:00:00,1.496,9.66,3.7,openaq_ground
2026-09-22 14:00:00,1.8275,8.893333333333333,3.6950000000000003,openaq_ground
2026-09-22 15:00:00,3.76,7.919999999999999,3.4275,openaq_ground
2026-09-22 16:00:00,9.665,6.163333333333334,2.6925,openaq_ground
2026-09-22 17:00:00,8.65,6.8566666666666665,2.8175,openaq_ground
2026-09-22 18:00:00,21.25,7.91,2.7775,openaq_ground
2026-09-22 19:00:00,21.1,8.446666666666667,3.0825,openaq_ground
2026-09-22 20:00:00,18.3,7.416666666666667,2.865,openaq_ground
2026-09-22 21:00:00,8.17,5.933333333333334,2.1325000000000003,openaq_ground
2026-09-22 22:00:00,5.955,8.203333333333333,2.7525,openaq_ground
2026-09-22 23:00:00,6.24,7.126666666666668,2.48,openaq_ground
2026-09-23 00:00:00,6.64,7.263333333333333,2.665,openaq_ground
2026-09-23 01:00:00,5.88,6.88,2.505,openaq_ground
2026-09-23 02:00:00,6.08,9.51,3.0925000000000002,openaq_ground
2026-09-23 03:00:00,5.215,7.946666666666666,3.035,openaq_ground
2026-09-23 04:00:00,8.635,8.11,2.9725,openaq_ground
2026-09-23 05:00:00,10.34,8.526666666666666,3.5,openaq_ground
2026-09-23 06:00:00,,,2.8,openaq_ground
2026-09-23 07:00:00,29.65,22.633333333333336,14.9,openaq_ground
2026-09-23 08:00:00,37.599999999999994,32.06666666666667,24.775,openaq_ground
2026-09-23 09:00:00,29.45,25.599999999999998,18.975,openaq_ground
2026-09-23 10:00:00,21.8,24.7,17.3,openaq_ground
2026-09-23 11:00:00,,,14.8,openaq_ground
2026-09-23 12:00:00,19.8,22.266666666666666,20.9,openaq_ground
2026-09-23 13:00:00,16.15,25.7,25.6,openaq_ground
2026-09-23 14:00:00,13.75,19.166666666666668,20.95,openaq_ground
2026-09-23 15:00:00,17.5,22.366666666666664,20.475,openaq_ground
2026-09-23 16:00:00,15.05,20.099999999999998,14.925,openaq_ground
2026-09-23 17:00:00,13.05,18.833333333333332,12.9825,openaq_ground
2026-09-23 18:00:00,15.7,25.8,17.25,openaq_ground
2026-09-23 19:00:00,29.5,15.133333333333333,13.0225,openaq_ground
2026-09-23 20:00:00,30.65,13.166666666666666,5.855,openaq_ground
2026-09-23 21:00:00,21.95,6.436666666666667,3.0425,openaq_ground
2026-09-23 22:00:00,23.724999999999998,5.5200000000000005,1.645,openaq_ground
2026-09-23 23:00:00,18.765,5.613333333333333,1.35,openaq_ground
2026-09-24 00:00:00,18.11,6.176666666666667,1.405,openaq_ground
2026-09-24 01:00:00,16.81,5.373333333333334,1.315,openaq_ground
2026-09-24 02:00:00,23.265,4.3966666666666665,1.2275,openaq_ground
2026-09-24 03:00:00,18.49,4.526666666666666,1.5375,openaq_ground
2026-09-24 04:00:00,19.845,6.926666666666667,2.005,openaq_ground
2026-09-24 05:00:00,23.09,9.433333333333332,3.3575,openaq_ground
2026-09-24 06:00:00,22.06,11.703333333333333,4.0200000000000005,openaq_ground
2026-09-24 07:00:00,23.97,14.956666666666665,6.5025,openaq_ground
2026-09-24 08:00:00,22.49,15.373333333333335,6.390000000000001,openaq_ground
2026-09-24 09:00:00,15.645000000000001,20.593333333333334,11.6925,openaq_ground
2026-09-24 10:00:00,,,8.5,openaq_ground
2026-09-24 11:00:00,,,6.0,openaq_ground
2026-09-24 12:00:00,10.6,27.5,10.875,openaq_ground
2026-09-24 13:00:00,13.335,17.900000000000002,10.83,openaq_ground
2026-09-24 14:00:00,26.549999999999997,28.44333333333333,11.385000000000002,openaq_ground
2026-09-24 15:00:00,24.1,12.903333333333334,8.31,openaq_ground
2026-09-24 16:00:00,21.25,15.0,8.07,openaq_ground
2026-09-24 17:00:00,24.5,17.066666666666666,9.3125,openaq_ground
2026-09-24 18:00:00,26.1,17.866666666666664,10.217500000000001,openaq_ground
2026-09-24 19:00:00,35.0,34.13333333333333,12.0425,openaq_ground
2026-09-24 20:00:00,25.15,14.636666666666665,4.99,openaq_ground
2026-09-24 21:00:00,21.415,5.44,2.1733333333333333,openaq_ground
2026-09-24 22:00:00,15.575000000000001,6.06,2.59,openaq_ground
2026-09-25 00:00:00,22.68,5.823333333333333,2.2466666666666666,openaq_ground
2026-09-25 01:00:00,18.52,5.363333333333333,2.1733333333333333,openaq_ground
2026-09-25 02:00:00,26.375,6.046666666666667,3.06,openaq_ground
2026-09-25 03:00:00,22.92,6.553333333333334,3.0500000000000003,openaq_ground
2026-09-25 04:00:00,29.784999999999997,6.083333333333333,3.3800000000000003,openaq_ground
2026-09-25 05:00:00,21.33,7.783333333333334,4.355,openaq_ground
2026-09-25 06:00:00,24.845,7.45,5.075,openaq_ground
2026-09-25 07:00:00,24.32,11.020000000000001,6.91,openaq_ground
2026-09-25 08:00:00,22.55,17.22,14.052499999999998,openaq_ground
2026-09-25 09:00:00,16.085,13.826666666666666,13.7675,openaq_ground
2026-09-25 10:00:00,,,23.5,openaq_ground
2026-09-25 11:00:00,,,15.3,openaq_ground
2026-09-25 12:00:00,10.91,11.92,10.635,openaq_ground
2026-09-25 13:00:00,12.5,9.053333333333333,7.827500000000001,openaq_ground
2026-09-25 14:00:00,6.875,9.083333333333334,6.21,openaq_ground
2026-09-25 15:00:00,4.115,8.696666666666667,3.245,openaq_ground
2026-09-25 16:00:00,3.915,3.92,1.3575,openaq_ground
2026-09-25 17:00:00,4.1899999999999995,5.97,1.775,openaq_ground
2026-09-25 18:00:00,,,0.7,openaq_ground
2026-09-25 19:00:00,9.675,5.11,1.5325,openaq_ground
2026-09-25 20:00:00,9.42,9.883333333333333,2.1075,openaq_ground
2026-09-25 21:00:00,14.44,7.56,1.8525,openaq_ground
2026-09-25 22:00:00,14.0,9.413333333333332,2.465,openaq_ground
