datetime,temperature_2m,relative_humidity_2m,surface_pressure,wind_speed_10m,wind_direction_10m,precipitation
2025-09-24 00:00:00,9.0,90,1008.5,11.7,95,0.0
2025-09-24 01:00:00,8.7,80,1009.5,13.3,88,0.0
2025-09-24 02:00:00,8.5,82,1008.8,13.9,89,0.0
2025-09-24 03:00:00,8.8,82,1008.0,14.5,83,0.0
2025-09-24 04:00:00,8.9,83,1007.6,14.2,75,0.0
2025-09-24 05:00:00,9.0,85,1006.9,12.9,71,0.0
2025-09-24 06:00:00,9.0,88,1006.5,11.1,67,0.0
2025-09-24 07:00:00,9.7,87,1006.5,12.9,48,0.0
2025-09-24 08:00:00,10.4,83,1005.7,13.0,39,0.0
2025-09-24 09:00:00,11.5,77,1004.9,10.5,35,0.0
2025-09-24 10:00:00,12.5,74,1004.0,7.3,44,0.0
2025-09-24 11:00:00,14.3,66,1002.7,7.6,52,0.0
2025-09-24 12:00:00,16.3,54,1001.4,9.2,35,0.0
2025-09-24 13:00:00,14.6,67,1000.5,12.4,87,0.0
2025-09-24 14:00:00,14.8,67,999.3,11.7,94,0.0
2025-09-24 15:00:00,14.9,66,998.2,14.4,100,0.0
2025-09-24 16:00:00,14.8,64,997.3,14.5,104,0.0
2025-09-24 17:00:00,15.1,64,996.7,5.3,82,0.0
2025-09-24 18:00:00,14.6,61,996.4,7.9,336,0.0
2025-09-24 19:00:00,13.2,45,996.5,10.5,319,0.0
2025-09-24 20:00:00,11.7,46,996.7,9.3,313,0.0
2025-09-24 21:00:00,10.1,51,996.6,6.5,304,0.0
2025-09-24 22:00:00,9.5,51,996.0,7.1,280,0.0
2025-09-24 23:00:00,9.5,48,995.1,9.8,277,0.0
2025-09-25 00:00:00,8.1,59,994.7,5.2,301,0.0
2025-09-25 01:00:00,9.5,53,993.1,13.7,300,0.0
2025-09-25 02:00:00,9.8,54,992.7,15.1,292,0.0
2025-09-25 03:00:00,9.1,62,991.9,4.7,288,0.0
2025-09-25 04:00:00,8.8,63,991.0,4.6,54,0.0
2025-09-25 05:00:00,8.8,69,990.5,7.8,75,0.0
2025-09-25 06:00:00,9.2,71,990.0,6.2,68,0.0
2025-09-25 07:00:00,9.4,75,990.2,2.6,65,0.0
2025-09-25 08:00:00,11.4,61,990.2,4.7,337,0.0
2025-09-25 09:00:00,12.5,56,990.3,4.4,351,0.0
2025-09-25 10:00:00,13.9,52,989.9,7.9,356,0.0
2025-09-25 11:00:00,14.5,54,990.0,7.8,292,0.0
2025-09-25 12:00:00,16.7,50,989.9,13.7,267,0.0
2025-09-25 13:00:00,12.4,68,991.0,21.3,234,1.6
2025-09-25 14:00:00,12.9,65,991.1,10.9,192,0.1
2025-09-25 15:00:00,12.8,56,992.0,15.1,220,0.1
2025-09-25 16:00:00,11.1,71,993.4,9.2,250,2.9
2025-09-25 17:00:00,10.7,72,994.0,6.9,242,0.6
2025-09-25 18:00:00,9.8,81,995.0,8.7,248,0.7
2025-09-25 19:00:00,8.9,90,996.1,8.8,319,0.0
2025-09-25 20:00:00,7.5,94,996.9,8.1,315,0.0
2025-09-25 21:00:00,6.1,94,997.2,4.2,313,0.0
2025-09-25 22:00:00,5.3,96,997.1,4.4,339,0.0
2025-09-25 23:00:00,5.2,96,997.1,2.1,20,0.0
2025-09-26 00:00:00,4.9,96,997.2,1.0,329,0.0
2025-09-26 01:00:00,4.9,90,996.9,2.5,270,0.0
2025-09-26 02:00:00,6.1,71,996.6,8.4,307,0.0
2025-09-26 03:00:00,7.7,64,996.7,11.4,303,0.0
2025-09-26 04:00:00,6.7,68,996.5,5.7,302,0.0
2025-09-26 05:00:00,7.7,62,996.4,10.5,93,0.0
2025-09-26 06:00:00,8.1,71,996.4,14.3,65,0.0
2025-09-26 07:00:00,9.1,65,996.7,15.2,49,0.0
2025-09-26 08:00:00,10.9,58,998.0,9.3,36,0.0
2025-09-26 09:00:00,12.0,54,998.5,6.5,314,0.0
2025-09-26 10:00:00,12.3,49,998.1,7.8,312,0.1
2025-09-26 11:00:00,13.1,50,998.1,12.4,313,0.0
2025-09-26 12:00:00,14.1,50,998.2,12.1,327,0.1
2025-09-26 13:00:00,14.5,47,997.9,11.5,356,0.0
2025-09-26 14:00:00,14.6,49,997.8,11.2,350,0.0
2025-09-26 15:00:00,16.3,36,997.8,17.3,300,0.0
2025-09-26 16:00:00,15.2,36,998.6,21.3,299,0.0
2025-09-26 17:00:00,14.5,38,999.5,20.4,293,0.0
2025-09-26 18:00:00,12.9,42,1000.6,18.5,286,0.0
2025-09-26 19:00:00,11.0,50,1001.7,18.8,293,0.0
2025-09-26 20:00:00,9.7,52,1003.0,16.5,288,0.0
2025-09-26 21:00:00,9.1,49,1003.8,17.0,283,0.0
2025-09-26 22:00:00,8.2,49,1005.2,12.8,251,0.0
2025-09-26 23:00:00,6.9,59,1006.4,9.4,210,0.0
2025-09-27 00:00:00,5.9,70,1007.0,5.6,263,0.0
2025-09-27 01:00:00,5.3,83,1007.5,0.4,180,0.0
2025-09-27 02:00:00,4.8,84,1007.9,1.1,189,0.0
2025-09-27 03:00:00,4.3,85,1008.3,0.4,180,0.0
2025-09-27 04:00:00,3.9,85,1008.8,0.7,180,0.0
2025-09-27 05:00:00,3.9,81,1009.5,2.2,189,0.0
2025-09-27 06:00:00,3.7,78,1010.3,3.1,201,0.0
2025-09-27 07:00:00,4.9,73,1011.3,3.0,205,0.0
2025-09-27 08:00:00,7.5,58,1011.8,2.7,242,0.0
2025-09-27 09:00:00,9.7,50,1012.2,1.9,338,0.0
2025-09-27 10:00:00,11.9,43,1012.2,4.8,15,0.0
2025-09-27 11:00:00,13.5,39,1011.8,7.7,31,0.0
2025-09-27 12:00:00,14.4,35,1011.2,10.3,43,0.0
2025-09-27 13:00:00,15.6,29,1010.2,13.6,48,0.0
2025-09-27 14:00:00,15.7,38,1009.6,15.1,63,0.0
2025-09-27 15:00:00,15.8,43,1009.0,19.7,28,0.0
2025-09-27 16:00:00,15.0,48,1008.7,15.2,22,0.0
2025-09-27 17:00:00,12.8,54,1008.6,18.7,50,0.0
2025-09-27 18:00:00,11.9,67,1008.0,17.8,59,0.0
2025-09-27 19:00:00,11.8,72,1007.7,19.4,48,0.0
2025-09-27 20:00:00,12.2,70,1007.7,17.2,49,0.0
2025-09-27 21:00:00,12.4,67,1007.6,13.4,29,0.0
2025-09-27 22:00:00,11.8,69,1007.8,9.4,2,0.0
2025-09-27 23:00:00,11.4,69,1007.8,9.7,331,0.0
2025-09-28 00:00:00,12.9,62,1007.8,17.7,319,0.0
2025-09-28 01:00:00,12.8,69,1007.2,15.6,344,0.0
2025-09-28 02:00:00,12.0,74,1007.5,11.4,353,0.0
2025-09-28 03:00:00,11.2,78,1007.6,7.6,7,0.0
2025-09-28 04:00:00,11.0,80,1007.6,7.7,12,0.0
2025-09-28 05:00:00,10.3,82,1007.8,6.5,28,0.0
2025-09-28 06:00:00,10.8,78,1008.3,8.0,18,0.0
2025-09-28 07:00:00,11.9,73,1008.5,10.1,10,0.0
2025-09-28 08:00:00,14.2,64,1008.5,12.1,6,0.0
2025-09-28 09:00:00,16.5,55,1008.3,14.9,9,0.0
2025-09-28 10:00:00,17.5,49,1007.6,15.7,18,0.0
2025-09-28 11:00:00,17.8,49,1007.1,21.4,25,0.0
2025-09-28 12:00:00,19.7,46,1006.2,17.7,9,0.0
2025-09-28 13:00:00,21.1,35,1004.7,21.6,345,0.0
2025-09-28 14:00:00,21.0,38,1003.6,20.7,343,0.0
2025-09-28 15:00:00,20.6,39,1003.0,21.7,331,0.0
2025-09-28 16:00:00,19.8,39,1002.7,21.6,319,0.0
2025-09-28 17:00:00,18.4,42,1003.4,19.0,297,0.0
2025-09-28 18:00:00,17.2,41,1003.6,15.2,291,0.0
2025-09-28 19:00:00,16.6,38,1004.0,18.3,277,0.0
2025-09-28 20:00:00,15.7,39,1003.8,18.8,250,0.0
2025-09-28 21:00:00,13.6,48,1003.4,5.6,132,0.0
2025-09-28 22:00:00,14.2,54,1001.7,17.0,56,0.0
2025-09-28 23:00:00,15.3,50,1000.6,21.3,29,0.0
2025-09-29 00:00:00,15.0,53,999.3,20.4,30,0.0
2025-09-29 01:00:00,15.2,56,998.9,10.9,17,0.0
2025-09-29 02:00:00,13.9,62,1000.2,9.7,227,0.0
2025-09-29 03:00:00,14.3,61,999.4,25.4,289,0.3
2025-09-29 04:00:00,13.5,63,999.8,19.0,289,0.0
2025-09-29 05:00:00,12.3,66,1001.5,8.5,252,0.0
2025-09-29 06:00:00,10.9,74,1003.2,7.8,203,0.0
2025-09-29 07:00:00,11.9,65,1004.8,13.9,224,0.0
2025-09-29 08:00:00,12.8,49,1006.0,18.0,221,0.0
2025-09-29 09:00:00,13.8,42,1006.6,14.3,229,0.0
2025-09-29 10:00:00,15.8,40,1006.7,9.7,272,0.0
2025-09-29 11:00:00,17.0,24,1006.6,17.3,281,0.1
2025-09-29 12:00:00,17.5,20,1006.6,21.4,270,0.0
2025-09-29 13:00:00,13.1,57,1007.7,15.2,63,0.2
2025-09-29 14:00:00,13.6,53,1007.7,14.5,41,0.0
2025-09-29 15:00:00,12.9,51,1007.8,8.2,54,0.0
2025-09-29 16:00:00,13.2,48,1007.9,8.8,70,0.0
2025-09-29 17:00:00,12.8,50,1008.4,6.5,71,0.0
2025-09-29 18:00:00,11.0,60,1009.7,8.8,118,0.5
2025-09-29 19:00:00,9.1,71,1010.5,12.1,108,0.0
2025-09-29 20:00:00,8.3,78,1012.2,11.0,138,0.0
2025-09-29 21:00:00,7.4,82,1013.4,4.7,212,0.1
2025-09-29 22:00:00,7.1,92,1014.0,6.9,321,0.5
2025-09-29 23:00:00,7.4,90,1014.2,6.6,325,0.0
2025-09-30 00:00:00,7.7,84,1014.2,6.3,340,0.0
2025-09-30 01:00:00,7.3,78,1013.8,4.1,52,0.0
2025-09-30 02:00:00,7.5,79,1013.0,6.6,53,0.0
2025-09-30 03:00:00,7.4,82,1011.8,11.6,42,0.0
2025-09-30 04:00:00,7.6,81,1011.1,13.4,33,0.0
2025-09-30 05:00:00,7.3,81,1010.6,13.7,35,0.0
2025-09-30 06:00:00,6.7,83,1010.1,10.6,34,0.0
2025-09-30 07:00:00,6.6,82,1009.8,6.9,25,0.0
2025-09-30 08:00:00,7.7,72,1009.7,3.4,16,0.0
2025-09-30 09:00:00,9.9,55,1009.5,4.8,349,0.0
2025-09-30 10:00:00,11.7,46,1008.9,7.8,326,0.0
2025-09-30 11:00:00,13.1,45,1008.2,8.8,340,0.0
2025-09-30 12:00:00,14.7,39,1007.2,18.6,313,0.0
2025-09-30 13:00:00,16.2,35,1004.9,27.9,309,0.0
2025-09-30 14:00:00,16.2,35,1003.9,27.0,314,0.0
2025-09-30 15:00:00,15.6,36,1003.2,27.7,314,0.0
2025-09-30 16:00:00,14.5,39,1002.7,29.0,313,0.0
2025-09-30 17:00:00,13.7,42,1001.9,29.5,315,0.0
2025-09-30 18:00:00,12.6,46,1001.8,27.8,313,0.0
2025-09-30 19:00:00,11.6,50,1001.7,25.2,315,0.0
2025-09-30 20:00:00,11.3,50,1001.8,23.8,314,0.0
2025-09-30 21:00:00,11.0,50,1001.0,19.1,325,0.0
2025-09-30 22:00:00,10.9,51,1000.6,20.0,329,0.0
2025-09-30 23:00:00,11.3,50,999.7,16.7,346,0.0
2025-10-01 00:00:00,10.7,56,999.3,16.3,353,0.0
2025-10-01 01:00:00,10.2,62,998.5,15.5,358,0.0
2025-10-01 02:00:00,9.8,66,998.4,11.5,346,0.0
2025-10-01 03:00:00,9.0,72,998.5,5.0,296,0.0
2025-10-01 04:00:00,8.4,72,999.4,13.2,219,0.0
2025-10-01 05:00:00,5.9,77,1001.2,25.2,180,0.2
2025-10-01 06:00:00,4.8,75,1002.9,24.7,190,0.3
2025-10-01 07:00:00,3.9,84,1004.5,22.2,195,0.7
2025-10-01 08:00:00,4.1,89,1006.0,18.0,214,1.2
2025-10-01 09:00:00,5.6,69,1007.2,20.1,210,0.3
2025-10-01 10:00:00,6.7,56,1007.9,18.4,214,0.1
2025-10-01 11:00:00,7.7,48,1008.3,19.9,218,0.0
2025-10-01 12:00:00,8.0,41,1008.6,18.0,213,0.0
2025-10-01 13:00:00,8.4,41,1008.5,16.1,214,0.0
2025-10-01 14:00:00,9.1,38,1008.6,13.1,223,0.0
2025-10-01 15:00:00,9.8,35,1008.3,10.3,221,0.0
2025-10-01 16:00:00,10.0,37,1008.6,7.0,206,0.0
2025-10-01 17:00:00,10.0,39,1008.9,5.8,187,0.0
2025-10-01 18:00:00,8.9,42,1009.8,4.9,141,0.0
2025-10-01 19:00:00,7.1,61,1010.2,2.8,140,0.0
2025-10-01 20:00:00,6.6,62,1010.7,2.9,356,0.0
2025-10-01 21:00:00,5.9,66,1011.0,6.3,342,0.0
2025-10-01 22:00:00,5.0,77,1011.3,5.4,326,0.0
2025-10-01 23:00:00,4.2,79,1011.8,3.3,299,0.0
2025-10-02 00:00:00,4.1,81,1011.5,3.3,144,0.0
2025-10-02 01:00:00,3.4,83,1011.9,1.9,119,0.0
2025-10-02 02:00:00,3.6,85,1011.2,4.0,129,0.0
2025-10-02 03:00:00,3.2,85,1011.1,1.5,144,0.0
2025-10-02 04:00:00,2.6,84,1011.1,1.3,172,0.0
2025-10-02 05:00:00,2.4,83,1011.2,2.1,160,0.0
2025-10-02 06:00:00,3.2,90,1011.3,5.1,84,0.0
2025-10-02 07:00:00,4.5,87,1011.3,7.0,64,0.0
2025-10-02 08:00:00,6.9,83,1011.5,8.6,29,0.0
2025-10-02 09:00:00,8.6,66,1011.5,11.5,39,0.0
2025-10-02 10:00:00,9.9,54,1010.8,14.9,48,0.0
2025-10-02 11:00:00,10.8,54,1009.9,18.8,51,0.0
2025-10-02 12:00:00,11.8,51,1009.2,19.2,64,0.0
2025-10-02 13:00:00,11.9,52,1009.1,20.3,60,0.0
2025-10-02 14:00:00,12.0,52,1008.9,18.1,63,0.0
2025-10-02 15:00:00,11.9,53,1008.7,16.2,66,0.0
2025-10-02 16:00:00,10.6,64,1008.7,14.3,75,0.0
2025-10-02 17:00:00,10.1,70,1008.7,12.7,79,0.4
2025-10-02 18:00:00,9.9,72,1008.8,12.2,76,0.4
2025-10-02 19:00:00,9.7,73,1009.3,10.3,85,0.0
2025-10-02 20:00:00,9.6,74,1009.8,11.4,85,0.2
2025-10-02 21:00:00,9.1,80,1010.4,12.5,83,0.2
2025-10-02 22:00:00,8.8,81,1010.8,14.6,86,0.0
2025-10-02 23:00:00,8.5,83,1011.0,12.4,90,0.0
2025-10-03 00:00:00,8.9,83,1010.7,12.4,103,0.0
2025-10-03 01:00:00,9.2,82,1010.3,14.4,92,0.0
2025-10-03 02:00:00,9.1,85,1010.3,16.8,87,0.0
2025-10-03 03:00:00,8.9,84,1009.9,17.7,85,0.0
2025-10-03 04:00:00,9.1,83,1009.9,15.9,81,0.0
2025-10-03 05:00:00,9.1,85,1009.9,15.1,75,0.0
2025-10-03 06:00:00,9.0,89,1009.8,13.9,63,0.0
2025-10-03 07:00:00,8.9,91,1009.9,11.0,55,0.0
2025-10-03 08:00:00,9.8,82,1009.7,12.3,52,0.0
2025-10-03 09:00:00,10.8,71,1009.4,15.4,57,0.0
2025-10-03 10:00:00,11.6,73,1008.9,19.1,59,0.0
2025-10-03 11:00:00,11.3,78,1008.7,21.5,56,0.1
2025-10-03 12:00:00,11.3,80,1007.7,23.1,58,0.2
2025-10-03 13:00:00,11.6,80,1006.7,26.7,63,0.2
2025-10-03 14:00:00,11.2,83,1005.9,27.5,65,0.2
2025-10-03 15:00:00,11.1,83,1005.3,27.9,66,0.1
2025-10-03 16:00:00,11.0,83,1004.4,28.7,74,0.0
2025-10-03 17:00:00,10.9,84,1004.0,29.1,76,0.0
2025-10-03 18:00:00,10.3,87,1003.9,29.0,74,0.0
2025-10-03 19:00:00,10.0,89,1003.4,27.8,80,0.2
2025-10-03 20:00:00,10.1,89,1003.0,29.0,81,0.1
2025-10-03 21:00:00,10.2,89,1002.5,26.8,84,0.1
2025-10-03 22:00:00,10.4,91,1001.9,25.9,80,0.3
2025-10-03 23:00:00,10.7,92,1000.9,25.5,72,0.1
2025-10-04 00:00:00,10.7,93,999.8,24.6,74,0.3
2025-10-04 01:00:00,10.9,93,998.9,25.3,72,0.1
2025-10-04 02:00:00,11.0,94,997.8,25.9,70,0.2
2025-10-04 03:00:00,11.0,94,996.6,25.2,69,0.2
2025-10-04 04:00:00,11.0,95,995.9,24.9,65,0.3
2025-10-04 05:00:00,10.9,95,995.1,26.2,64,0.5
2025-10-04 06:00:00,10.8,97,994.1,23.4,67,0.3
2025-10-04 07:00:00,11.0,97,993.9,22.8,67,0.6
2025-10-04 08:00:00,11.1,97,993.5,23.1,72,0.8
2025-10-04 09:00:00,11.1,97,992.9,22.2,81,1.5
2025-10-04 10:00:00,11.3,98,992.2,21.2,78,1.3
2025-10-04 11:00:00,11.3,98,991.5,16.9,76,1.1
2025-10-04 12:00:00,11.4,97,990.5,9.4,82,1.0
2025-10-04 13:00:00,11.5,98,990.4,9.0,59,2.1
2025-10-04 14:00:00,11.7,97,989.4,3.1,93,1.4
2025-10-04 15:00:00,12.2,94,988.8,4.4,78,0.5
2025-10-04 16:00:00,12.6,91,988.6,1.4,90,0.2
2025-10-04 17:00:00,12.6,91,988.5,1.0,121,0.1
2025-10-04 18:00:00,11.8,97,988.6,4.5,95,0.1
2025-10-04 19:00:00,11.2,99,988.7,3.0,128,0.1
2025-10-04 20:00:00,11.2,98,989.2,4.4,232,0.2
2025-10-04 21:00:00,11.1,97,989.0,14.4,239,0.3
2025-10-04 22:00:00,10.5,94,989.6,21.5,226,0.3
2025-10-04 23:00:00,9.8,93,989.7,22.4,224,0.1
2025-10-05 00:00:00,9.5,93,990.0,24.2,233,0.1
2025-10-05 01:00:00,9.1,92,990.1,25.1,236,0.4
2025-10-05 02:00:00,8.7,90,990.0,24.6,237,0.1
2025-10-05 03:00:00,8.7,89,990.2,22.4,238,0.1
2025-10-05 04:00:00,8.7,91,990.1,23.8,243,0.1
2025-10-05 05:00:00,8.9,92,990.4,24.0,241,0.2
2025-10-05 06:00:00,9.4,93,991.1,23.8,233,0.4
2025-10-05 07:00:00,9.5,94,992.1,23.4,224,0.5
2025-10-05 08:00:00,9.9,93,992.7,24.9,221,0.6
2025-10-05 09:00:00,10.1,92,993.7,26.3,221,0.7
2025-10-05 10:00:00,10.1,91,994.1,25.8,224,0.6
2025-10-05 11:00:00,10.1,88,994.7,30.2,222,0.6
2025-10-05 12:00:00,9.4,88,995.5,32.7,223,0.6
2025-10-05 13:00:00,9.3,89,996.0,30.8,226,0.7
2025-10-05 14:00:00,9.0,90,996.1,34.5,226,0.9
2025-10-05 15:00:00,8.7,90,996.3,36.8,223,1.0
2025-10-05 16:00:00,8.6,93,996.7,34.1,225,1.1
2025-10-05 17:00:00,8.3,92,997.6,33.2,223,1.3
2025-10-05 18:00:00,8.2,89,997.5,35.1,221,1.7
2025-10-05 19:00:00,7.8,93,998.2,31.5,222,1.3
2025-10-05 20:00:00,7.9,92,999.4,29.2,222,2.2
2025-10-05 21:00:00,7.9,92,999.8,27.1,224,2.2
2025-10-05 22:00:00,8.1,92,1000.5,29.0,221,0.9
2025-10-05 23:00:00,8.1,93,1000.7,31.1,222,0.9
2025-10-06 00:00:00,8.1,92,1000.3,31.9,218,0.9
2025-10-06 01:00:00,8.3,89,1000.3,32.5,216,0.6
2025-10-06 02:00:00,8.2,89,1000.1,30.6,213,0.4
2025-10-06 03:00:00,8.1,88,999.9,26.0,214,0.1
2025-10-06 04:00:00,7.9,88,1000.1,19.2,220,0.0
2025-10-06 05:00:00,7.6,89,1000.3,13.9,229,0.0
2025-10-06 06:00:00,6.6,94,1000.7,8.9,262,0.0
2025-10-06 07:00:00,7.3,93,1000.4,8.0,239,0.0
2025-10-06 08:00:00,8.8,85,1000.0,6.2,234,0.0
2025-10-06 09:00:00,10.3,78,999.3,3.1,353,0.0
2025-10-06 10:00:00,11.2,76,997.9,8.9,45,0.0
2025-10-06 11:00:00,11.7,75,997.6,11.9,60,0.0
2025-10-06 12:00:00,12.1,73,996.0,14.3,70,0.0
2025-10-06 13:00:00,12.5,73,994.5,17.4,82,0.0
2025-10-06 14:00:00,12.4,75,993.4,18.4,84,0.0
2025-10-06 15:00:00,11.9,78,992.0,18.6,94,0.0
2025-10-06 16:00:00,12.5,79,991.0,11.7,111,0.0
2025-10-06 17:00:00,12.9,82,989.8,4.5,76,0.0
2025-10-06 18:00:00,12.3,82,988.0,3.8,82,0.0
2025-10-06 19:00:00,13.5,71,987.2,10.9,322,0.0
2025-10-06 20:00:00,13.2,63,986.0,19.4,15,0.0
2025-10-06 21:00:00,13.2,65,986.6,16.5,22,0.0
2025-10-06 22:00:00,12.9,69,985.9,16.8,24,0.0
2025-10-06 23:00:00,11.2,78,985.9,6.6,69,0.1
2025-10-07 00:00:00,10.1,83,987.0,2.5,150,0.0
2025-10-07 01:00:00,9.6,84,987.8,3.6,300,0.0
2025-10-07 02:00:00,9.0,87,988.6,7.8,275,0.0
2025-10-07 03:00:00,8.9,84,990.1,9.1,236,0.0
2025-10-07 04:00:00,8.7,83,991.1,12.3,209,0.0
2025-10-07 05:00:00,7.5,85,991.5,2.7,247,0.0
2025-10-07 06:00:00,8.0,85,991.8,5.6,50,0.0
2025-10-07 07:00:00,9.5,86,992.5,8.9,71,0.0
2025-10-07 08:00:00,10.1,81,993.9,11.5,80,0.0
2025-10-07 09:00:00,10.0,82,995.5,10.3,144,0.7
2025-10-07 10:00:00,10.2,80,996.3,4.3,15,0.1
2025-10-07 11:00:00,11.0,77,997.3,6.0,61,0.0
2025-10-07 12:00:00,12.3,76,998.8,5.5,27,0.1
2025-10-07 13:00:00,12.7,74,999.7,5.9,349,0.1
2025-10-07 14:00:00,10.8,77,1000.5,13.2,22,3.6
2025-10-07 15:00:00,9.7,81,1001.2,15.2,40,0.1
2025-10-07 16:00:00,10.3,78,1002.0,10.5,35,0.0
2025-10-07 17:00:00,10.7,77,1002.6,9.8,43,0.0
2025-10-07 18:00:00,11.7,79,1002.1,5.5,101,0.0
2025-10-07 19:00:00,10.0,86,1002.9,6.8,132,0.0
2025-10-07 20:00:00,9.4,86,1004.0,9.2,130,0.0
2025-10-07 21:00:00,8.6,87,1005.0,1.9,151,0.0
2025-10-07 22:00:00,9.0,79,1006.0,8.6,292,0.0
2025-10-07 23:00:00,8.7,64,1006.8,10.9,276,0.0
2025-10-08 00:00:00,8.9,62,1007.6,11.5,272,0.0
2025-10-08 01:00:00,9.1,62,1008.2,11.9,272,0.0
2025-10-08 02:00:00,9.3,63,1008.3,11.9,273,0.0
2025-10-08 03:00:00,9.2,65,1008.4,8.6,278,0.0
2025-10-08 04:00:00,9.9,63,1008.5,9.4,281,0.0
2025-10-08 05:00:00,10.1,63,1009.0,9.3,283,0.0
2025-10-08 06:00:00,9.5,68,1009.1,6.7,289,0.0
2025-10-08 07:00:00,11.6,60,1009.6,10.4,284,0.0
2025-10-08 08:00:00,13.0,58,1010.3,14.7,288,0.0
2025-10-08 09:00:00,14.0,57,1011.0,13.9,297,0.0
2025-10-08 10:00:00,14.9,56,1011.6,16.9,294,0.0
2025-10-08 11:00:00,15.8,54,1011.7,18.4,293,0.0
2025-10-08 12:00:00,15.1,55,1010.9,20.8,288,0.0
2025-10-08 13:00:00,15.9,55,1011.0,22.9,277,0.0
2025-10-08 14:00:00,17.9,51,1011.0,22.6,295,0.0
2025-10-08 15:00:00,17.6,52,1010.9,24.2,295,0.0
2025-10-08 16:00:00,17.2,54,1010.9,23.7,297,0.0
2025-10-08 17:00:00,16.2,55,1011.6,21.1,289,0.0
2025-10-08 18:00:00,15.2,57,1012.5,17.6,286,0.0
2025-10-08 19:00:00,14.3,58,1013.2,18.2,284,0.0
2025-10-08 20:00:00,13.9,57,1014.1,22.2,284,0.0
2025-10-08 21:00:00,13.4,60,1014.8,16.7,299,0.0
2025-10-08 22:00:00,12.2,68,1015.3,6.5,318,0.0
2025-10-08 23:00:00,10.8,73,1015.7,3.5,39,0.0
2025-10-09 00:00:00,10.7,70,1015.5,3.2,183,0.0
2025-10-09 01:00:00,11.7,68,1015.3,11.6,235,0.0
2025-10-09 02:00:00,12.5,65,1014.9,17.5,261,0.0
2025-10-09 03:00:00,12.8,62,1014.9,17.8,271,0.0
2025-10-09 04:00:00,12.3,63,1014.9,14.4,268,0.0
2025-10-09 05:00:00,11.4,68,1015.2,6.8,235,0.0
2025-10-09 06:00:00,9.5,74,1015.0,3.8,191,0.0
2025-10-09 07:00:00,10.9,74,1015.0,2.3,151,0.0
2025-10-09 08:00:00,14.5,62,1014.7,5.0,26,0.0
2025-10-09 09:00:00,15.6,57,1014.5,5.5,19,0.0
2025-10-09 10:00:00,16.1,58,1014.6,7.3,46,0.0
2025-10-09 11:00:00,17.2,54,1014.2,7.3,50,0.0
2025-10-09 12:00:00,18.9,51,1013.3,9.2,6,0.0
2025-10-09 13:00:00,19.5,46,1012.1,10.0,54,0.0
2025-10-09 14:00:00,20.3,51,1012.0,7.8,19,0.0
2025-10-09 15:00:00,21.2,48,1011.6,12.1,339,0.0
2025-10-09 16:00:00,20.4,51,1010.8,12.0,352,0.0
2025-10-09 17:00:00,18.5,65,1010.5,12.8,359,0.0
2025-10-09 18:00:00,18.2,66,1010.6,14.5,6,0.0
2025-10-09 19:00:00,17.1,65,1010.2,14.3,342,0.0
2025-10-09 20:00:00,16.3,71,1010.4,12.6,329,0.7
2025-10-09 21:00:00,16.6,71,1010.2,20.4,344,0.2
2025-10-09 22:00:00,16.2,71,1009.1,19.5,3,0.0
2025-10-09 23:00:00,16.4,62,1007.6,27.2,12,0.0
2025-10-10 00:00:00,16.6,65,1006.6,24.5,17,0.0
2025-10-10 01:00:00,16.2,65,1006.0,16.8,30,0.0
2025-10-10 02:00:00,15.3,69,1004.7,13.9,48,0.1
2025-10-10 03:00:00,14.9,76,1003.9,15.0,43,0.2
2025-10-10 04:00:00,15.6,78,1003.6,14.4,36,0.1
2025-10-10 05:00:00,15.0,83,1004.6,5.2,356,0.1
2025-10-10 06:00:00,14.3,88,1005.5,6.5,28,0.0
2025-10-10 07:00:00,16.4,83,1006.0,10.8,360,0.0
2025-10-10 08:00:00,18.0,77,1006.3,12.8,344,0.0
2025-10-10 09:00:00,18.6,70,1007.2,14.7,309,0.0
2025-10-10 10:00:00,20.3,61,1007.6,15.5,297,0.0
2025-10-10 11:00:00,21.0,59,1008.1,13.7,292,0.0
2025-10-10 12:00:00,21.6,54,1008.2,9.4,299,0.0
2025-10-10 13:00:00,21.2,61,1008.6,2.4,42,0.0
2025-10-10 14:00:00,19.9,73,1008.4,5.5,49,0.0
2025-10-10 15:00:00,19.5,76,1008.5,6.1,313,0.0
2025-10-10 16:00:00,19.9,60,1009.2,10.7,277,0.0
2025-10-10 17:00:00,19.2,57,1009.7,14.1,281,0.0
2025-10-10 18:00:00,16.8,74,1009.3,6.6,291,0.0
2025-10-10 19:00:00,16.6,67,1008.8,8.2,15,0.0
2025-10-10 20:00:00,16.6,69,1009.1,13.6,317,0.0
2025-10-10 21:00:00,14.9,76,1009.4,6.2,308,0.0
2025-10-10 22:00:00,13.7,80,1009.0,2.5,45,0.0
2025-10-10 23:00:00,13.2,81,1009.2,3.4,16,0.0
2025-10-11 00:00:00,13.2,78,1009.4,7.3,340,0.0
2025-10-11 01:00:00,13.4,74,1008.9,7.4,304,0.0
2025-10-11 02:00:00,13.1,77,1008.5,8.9,328,0.0
2025-10-11 03:00:00,13.2,81,1008.5,7.6,332,0.0
2025-10-11 04:00:00,12.6,83,1008.3,6.6,351,0.0
2025-10-11 05:00:00,12.9,80,1008.1,9.3,25,0.0
2025-10-11 06:00:00,14.0,73,1008.0,13.0,24,0.0
2025-10-11 07:00:00,15.5,74,1007.8,15.3,15,0.0
2025-10-11 08:00:00,17.5,70,1007.6,19.5,22,0.0
2025-10-11 09:00:00,18.8,64,1006.9,20.5,29,0.0
2025-10-11 10:00:00,20.4,60,1005.9,22.9,33,0.0
2025-10-11 11:00:00,21.1,57,1005.9,24.9,20,0.0
2025-10-11 12:00:00,23.2,57,1004.9,25.9,6,0.0
2025-10-11 13:00:00,23.6,55,1005.0,23.0,5,0.0
2025-10-11 14:00:00,24.3,50,1005.1,20.8,344,0.0
2025-10-11 15:00:00,23.5,50,1005.4,24.6,332,0.0
2025-10-11 16:00:00,22.9,44,1006.1,25.5,332,0.0
2025-10-11 17:00:00,21.5,45,1006.2,23.6,330,0.0
2025-10-11 18:00:00,21.0,45,1006.2,23.9,328,0.0
2025-10-11 19:00:00,18.5,53,1006.0,21.3,344,0.0
2025-10-11 20:00:00,16.8,62,1006.4,15.2,354,0.0
2025-10-11 21:00:00,15.8,67,1006.4,10.3,5,0.0
2025-10-11 22:00:00,15.9,71,1005.2,12.2,41,0.0
2025-10-11 23:00:00,15.5,67,1004.4,9.8,49,0.0
2025-10-12 00:00:00,13.6,70,1003.8,1.6,90,0.0
2025-10-12 01:00:00,14.2,68,1002.9,4.3,175,0.0
2025-10-12 02:00:00,13.7,70,1001.7,3.7,141,0.0
2025-10-12 03:00:00,13.7,70,1001.2,5.8,144,0.0
2025-10-12 04:00:00,13.7,71,1000.4,2.1,165,0.0
2025-10-12 05:00:00,15.5,61,1000.7,9.6,240,0.0
2025-10-12 06:00:00,15.0,68,1001.8,9.1,229,0.0
2025-10-12 07:00:00,16.9,66,1002.2,3.0,197,0.0
2025-10-12 08:00:00,19.3,57,1002.5,4.2,317,0.0
2025-10-12 09:00:00,20.5,48,1002.9,13.6,313,0.0
2025-10-12 10:00:00,21.5,40,1002.8,19.0,292,0.0
2025-10-12 11:00:00,21.8,38,1003.5,25.0,293,0.0
2025-10-12 12:00:00,22.5,35,1003.4,24.2,296,0.0
2025-10-12 13:00:00,22.1,36,1003.4,26.1,296,0.0
2025-10-12 14:00:00,21.6,38,1003.4,25.9,304,0.0
2025-10-12 15:00:00,20.8,40,1003.3,26.3,299,0.0
2025-10-12 16:00:00,19.9,40,1003.6,25.4,297,0.0
2025-10-12 17:00:00,18.5,44,1003.6,23.1,291,0.0
2025-10-12 18:00:00,18.4,45,1004.6,12.8,280,0.0
2025-10-12 19:00:00,16.6,48,1005.3,10.7,284,0.0
2025-10-12 20:00:00,15.5,49,1005.9,9.3,288,0.0
2025-10-12 21:00:00,13.9,57,1006.3,5.6,249,0.0
2025-10-12 22:00:00,13.3,55,1006.2,5.9,272,0.0
2025-10-12 23:00:00,13.2,56,1006.1,2.7,266,0.0
2025-10-13 00:00:00,12.7,58,1006.2,5.0,2,0.0
2025-10-13 01:00:00,11.8,64,1006.2,5.0,289,0.0
2025-10-13 02:00:00,11.7,63,1006.0,4.5,236,0.0
2025-10-13 03:00:00,11.7,61,1005.6,3.6,99,0.0
2025-10-13 04:00:00,11.6,67,1005.0,6.9,83,0.0
2025-10-13 05:00:00,11.2,72,1004.6,5.4,84,0.0
2025-10-13 06:00:00,11.7,70,1004.0,2.8,108,0.0
2025-10-13 07:00:00,13.9,65,1003.9,4.3,73,0.0
2025-10-13 08:00:00,15.7,57,1004.1,1.8,225,0.0
2025-10-13 09:00:00,16.9,50,1003.9,4.5,203,0.0
2025-10-13 10:00:00,15.7,59,1003.7,2.3,108,1.9
2025-10-13 11:00:00,13.9,75,1003.1,4.0,126,0.7
2025-10-13 12:00:00,15.0,84,1002.5,5.1,36,0.0
2025-10-13 13:00:00,16.0,74,1002.0,6.9,23,0.0
2025-10-13 14:00:00,16.5,68,1001.1,7.9,35,0.2
2025-10-13 15:00:00,14.8,77,1000.7,6.4,74,0.5
2025-10-13 16:00:00,13.4,86,1000.1,7.1,109,0.9
2025-10-13 17:00:00,12.8,90,999.5,6.8,130,0.6
2025-10-13 18:00:00,12.5,89,1000.2,1.9,248,0.3
2025-10-13 19:00:00,12.0,96,1000.3,3.1,234,0.6
2025-10-13 20:00:00,11.3,96,1000.6,6.6,229,0.4
2025-10-13 21:00:00,11.0,92,1000.4,9.5,216,0.2
2025-10-13 22:00:00,9.8,94,1000.4,11.5,220,0.0
2025-10-13 23:00:00,9.2,96,1000.6,14.9,234,0.0
2025-10-14 00:00:00,9.6,97,1001.0,15.4,229,0.0
2025-10-14 01:00:00,9.3,96,1001.2,17.1,227,0.0
2025-10-14 02:00:00,9.4,93,1001.7,17.7,219,0.0
2025-10-14 03:00:00,9.2,91,1002.6,15.3,214,0.0
2025-10-14 04:00:00,9.3,89,1003.3,13.2,206,0.0
2025-10-14 05:00:00,9.2,88,1004.0,11.0,198,0.0
2025-10-14 06:00:00,9.1,86,1004.8,8.1,179,0.0
2025-10-14 07:00:00,9.6,84,1005.7,7.7,211,0.0
2025-10-14 08:00:00,10.4,77,1006.7,11.4,201,0.0
2025-10-14 09:00:00,10.8,72,1007.2,10.5,192,0.0
2025-10-14 10:00:00,11.5,65,1007.5,9.2,186,0.0
2025-10-14 11:00:00,12.4,57,1007.6,9.2,187,0.0
2025-10-14 12:00:00,12.9,53,1007.4,10.7,197,0.0
2025-10-14 13:00:00,12.6,54,1007.4,12.4,202,0.0
2025-10-14 14:00:00,13.0,52,1007.2,11.4,198,0.0
2025-10-14 15:00:00,13.0,52,1007.0,9.0,178,0.0
2025-10-14 16:00:00,12.7,53,1007.1,3.9,164,0.0
2025-10-14 17:00:00,11.8,58,1007.5,5.5,347,0.0
2025-10-14 18:00:00,10.8,66,1008.2,10.8,3,0.0
2025-10-14 19:00:00,10.3,69,1008.4,9.1,27,0.0
2025-10-14 20:00:00,9.5,74,1009.0,10.1,41,0.0
2025-10-14 21:00:00,8.9,75,1009.4,11.3,61,0.0
2025-10-14 22:00:00,8.5,77,1009.5,11.2,74,0.0
2025-10-14 23:00:00,8.3,78,1009.3,10.6,75,0.0
2025-10-15 00:00:00,8.4,76,1008.7,11.1,78,0.0
2025-10-15 01:00:00,9.0,73,1008.4,11.6,69,0.0
2025-10-15 02:00:00,8.6,75,1007.9,11.4,63,0.0
2025-10-15 03:00:00,8.7,77,1007.6,12.5,62,0.0
2025-10-15 04:00:00,8.7,77,1007.3,11.6,58,0.0
2025-10-15 05:00:00,8.4,79,1007.2,9.3,61,0.0
2025-10-15 06:00:00,8.9,77,1007.8,10.4,64,0.0
2025-10-15 07:00:00,9.7,77,1008.0,6.5,48,0.0
2025-10-15 08:00:00,11.1,70,1008.0,4.6,42,0.0
2025-10-15 09:00:00,12.5,59,1008.4,3.1,13,0.0
2025-10-15 10:00:00,13.9,51,1008.5,4.6,324,0.0
2025-10-15 11:00:00,15.4,47,1008.2,4.7,344,0.0
2025-10-15 12:00:00,15.3,50,1008.1,8.3,49,0.0
2025-10-15 13:00:00,15.7,49,1007.8,8.4,74,0.0
2025-10-15 14:00:00,15.9,47,1007.3,8.9,72,0.0
2025-10-15 15:00:00,15.3,52,1007.0,10.5,73,0.0
2025-10-15 16:00:00,15.4,56,1007.0,7.3,83,0.0
2025-10-15 17:00:00,15.0,60,1006.7,7.7,69,0.0
2025-10-15 18:00:00,13.7,75,1006.6,8.1,90,0.0
2025-10-15 19:00:00,12.3,84,1006.8,2.0,117,0.0
2025-10-15 20:00:00,12.9,66,1007.2,10.1,309,0.0
2025-10-15 21:00:00,12.4,60,1006.9,12.3,305,0.0
2025-10-15 22:00:00,12.6,59,1006.9,14.8,291,0.0
2025-10-15 23:00:00,12.3,63,1006.5,7.4,296,0.0
2025-10-16 00:00:00,11.7,69,1005.8,2.4,257,0.0
2025-10-16 01:00:00,13.1,56,1005.6,15.5,280,0.0
2025-10-16 02:00:00,13.1,57,1005.1,21.6,289,0.0
2025-10-16 03:00:00,13.3,56,1005.0,20.3,280,0.0
2025-10-16 04:00:00,13.4,54,1004.5,19.1,291,0.0
2025-10-16 05:00:00,13.2,54,1004.6,15.1,306,0.0
2025-10-16 06:00:00,13.8,55,1004.1,16.3,305,0.0
2025-10-16 07:00:00,14.7,54,1004.1,19.3,305,0.0
2025-10-16 08:00:00,16.6,51,1003.6,12.4,301,0.0
2025-10-16 09:00:00,18.4,46,1004.1,12.8,267,0.0
2025-10-16 10:00:00,19.6,38,1005.4,23.1,242,0.0
2025-10-16 11:00:00,15.4,58,1007.8,25.7,189,0.0
2025-10-16 12:00:00,15.2,53,1009.3,22.7,177,0.0
2025-10-16 13:00:00,14.9,43,1011.0,17.6,174,0.5
2025-10-16 14:00:00,13.5,64,1012.1,7.6,194,1.4
2025-10-16 15:00:00,14.0,59,1013.0,5.2,229,0.0
2025-10-16 16:00:00,14.0,50,1014.0,3.5,201,0.0
2025-10-16 17:00:00,13.8,49,1015.1,2.3,270,0.0
2025-10-16 18:00:00,12.2,64,1016.8,4.3,360,0.0
2025-10-16 19:00:00,11.0,78,1017.6,6.9,14,0.0
2025-10-16 20:00:00,9.7,86,1018.6,3.7,29,0.0
2025-10-16 21:00:00,9.4,86,1019.0,1.9,73,0.0
2025-10-16 22:00:00,8.9,89,1019.6,1.1,81,0.0
2025-10-16 23:00:00,8.4,91,1019.8,2.0,95,0.0
2025-10-17 00:00:00,7.9,91,1019.5,3.9,103,0.0
2025-10-17 01:00:00,8.7,90,1018.9,7.3,97,0.0
2025-10-17 02:00:00,9.0,89,1018.6,10.0,82,0.0
2025-10-17 03:00:00,9.4,86,1017.9,13.5,74,0.0
2025-10-17 04:00:00,9.8,77,1017.6,15.3,52,0.0
2025-10-17 05:00:00,9.9,72,1017.5,15.4,47,0.0
2025-10-17 06:00:00,10.3,68,1017.7,19.4,48,0.0
2025-10-17 07:00:00,11.2,65,1017.7,20.0,46,0.0
2025-10-17 08:00:00,12.1,60,1017.6,19.0,47,0.0
2025-10-17 09:00:00,13.1,57,1017.3,16.4,46,0.0
2025-10-17 10:00:00,14.3,54,1017.0,13.4,55,0.0
2025-10-17 11:00:00,15.8,52,1016.5,10.5,55,0.0
2025-10-17 12:00:00,16.7,53,1015.5,13.0,70,0.0
2025-10-17 13:00:00,17.4,56,1014.6,13.6,73,0.0
2025-10-17 14:00:00,17.9,57,1013.6,11.6,78,0.0
2025-10-17 15:00:00,18.4,57,1012.8,10.7,99,0.0
2025-10-17 16:00:00,18.8,58,1011.9,8.5,97,0.0
2025-10-17 17:00:00,18.6,62,1011.7,3.3,126,0.0
2025-10-17 18:00:00,17.6,66,1011.0,5.9,169,0.0
2025-10-17 19:00:00,15.0,78,1011.1,5.3,218,0.0
2025-10-17 20:00:00,14.4,48,1011.3,15.9,276,0.0
2025-10-17 21:00:00,13.1,52,1011.4,12.5,303,0.0
2025-10-17 22:00:00,12.2,56,1011.2,12.0,315,0.0
2025-10-17 23:00:00,11.2,60,1010.7,9.9,307,0.0
2025-10-18 00:00:00,10.7,64,1009.3,7.5,325,0.0
2025-10-18 01:00:00,10.0,72,1008.7,4.2,295,0.0
2025-10-18 02:00:00,9.3,72,1007.8,2.9,11,0.0
2025-10-18 03:00:00,10.1,71,1007.2,10.5,8,0.0
2025-10-18 04:00:00,11.7,64,1006.7,21.7,4,0.0
2025-10-18 05:00:00,12.3,63,1006.1,23.7,9,0.0
2025-10-18 06:00:00,13.2,64,1005.5,19.1,28,0.0
2025-10-18 07:00:00,13.4,64,1005.5,16.8,24,0.0
2025-10-18 08:00:00,14.7,60,1005.5,17.3,20,0.0
2025-10-18 09:00:00,15.4,58,1005.2,22.1,26,0.0
2025-10-18 10:00:00,16.2,52,1004.7,26.1,20,0.0
2025-10-18 11:00:00,17.5,49,1005.2,25.3,14,0.0
2025-10-18 12:00:00,19.9,46,1004.5,21.0,354,0.0
2025-10-18 13:00:00,19.9,46,1004.7,18.8,9,0.0
2025-10-18 14:00:00,21.0,42,1004.4,15.7,347,0.0
2025-10-18 15:00:00,21.0,43,1003.9,17.6,326,0.0
2025-10-18 16:00:00,20.7,45,1003.9,17.1,317,0.0
2025-10-18 17:00:00,19.4,52,1004.3,14.3,319,0.0
2025-10-18 18:00:00,18.3,60,1004.5,10.5,239,0.9
2025-10-18 19:00:00,14.3,74,1005.7,11.4,199,1.1
2025-10-18 20:00:00,12.9,83,1005.9,12.3,195,0.8
2025-10-18 21:00:00,11.7,80,1006.2,11.2,186,0.1
2025-10-18 22:00:00,11.8,79,1006.7,6.5,208,0.0
2025-10-18 23:00:00,11.6,80,1006.6,9.7,208,0.0
2025-10-19 00:00:00,11.8,80,1006.5,8.3,250,0.0
2025-10-19 01:00:00,11.5,80,1006.2,3.7,256,0.0
2025-10-19 02:00:00,11.3,83,1005.5,3.3,229,0.0
2025-10-19 03:00:00,10.8,87,1005.2,2.4,253,0.0
2025-10-19 04:00:00,8.9,93,1004.5,4.2,250,0.0
2025-10-19 05:00:00,7.8,96,1004.4,4.0,238,0.0
2025-10-19 06:00:00,8.0,94,1004.5,1.1,342,0.0
2025-10-19 07:00:00,10.2,86,1004.3,1.6,297,0.0
2025-10-19 08:00:00,12.6,74,1004.2,5.7,319,0.0
2025-10-19 09:00:00,14.6,45,1005.0,23.2,282,0.0
2025-10-19 10:00:00,15.5,48,1004.8,24.0,278,0.0
2025-10-19 11:00:00,15.5,38,1005.2,28.6,261,0.0
2025-10-19 12:00:00,15.2,42,1005.8,27.0,239,0.2
2025-10-19 13:00:00,18.1,22,1005.9,20.0,237,0.2
2025-10-19 14:00:00,18.5,23,1005.9,19.6,237,0.0
2025-10-19 15:00:00,17.8,25,1006.0,14.6,244,0.0
2025-10-19 16:00:00,17.0,30,1006.9,15.0,235,0.0
2025-10-19 17:00:00,16.4,35,1008.1,15.7,254,0.0
2025-10-19 18:00:00,14.3,57,1008.7,12.2,52,0.0
2025-10-19 19:00:00,12.0,69,1009.5,15.2,74,0.0
2025-10-19 20:00:00,10.7,69,1011.2,15.3,78,0.0
2025-10-19 21:00:00,10.2,68,1012.4,14.3,84,0.0
2025-10-19 22:00:00,9.9,66,1012.5,15.3,90,0.0
2025-10-19 23:00:00,9.9,64,1012.0,12.8,84,0.0
2025-10-20 00:00:00,9.7,72,1011.1,15.5,86,0.0
2025-10-20 01:00:00,10.0,75,1010.0,13.4,85,0.0
2025-10-20 02:00:00,8.8,85,1008.5,3.9,34,0.0
2025-10-20 03:00:00,8.3,89,1007.6,5.0,2,0.0
2025-10-20 04:00:00,8.1,83,1006.8,6.6,33,0.0
2025-10-20 05:00:00,8.0,80,1006.3,2.8,18,0.0
2025-10-20 06:00:00,10.2,57,1003.8,19.6,1,0.0
2025-10-20 07:00:00,11.5,58,1004.1,24.4,354,0.0
2025-10-20 08:00:00,12.9,52,1004.4,24.8,5,0.0
2025-10-20 09:00:00,13.9,50,1004.0,19.2,354,0.0
2025-10-20 10:00:00,14.7,51,1004.2,12.4,13,0.0
2025-10-20 11:00:00,16.6,44,1003.6,19.1,308,0.0
2025-10-20 12:00:00,18.6,44,1000.0,16.9,360,0.0
2025-10-20 13:00:00,19.3,42,1000.3,14.9,306,0.0
2025-10-20 14:00:00,19.3,40,999.8,24.3,299,0.0
2025-10-20 15:00:00,18.3,43,998.9,25.0,295,0.0
2025-10-20 16:00:00,17.6,46,999.2,15.4,289,0.0
2025-10-20 17:00:00,16.8,46,999.1,12.5,291,0.0
2025-10-20 18:00:00,17.1,50,998.4,16.2,314,0.1
2025-10-20 19:00:00,15.6,55,998.0,16.6,299,0.2
2025-10-20 20:00:00,14.2,63,998.0,10.9,286,0.2
2025-10-20 21:00:00,12.9,72,998.4,6.0,233,0.6
2025-10-20 22:00:00,12.6,73,997.9,10.3,268,0.6
2025-10-20 23:00:00,11.9,87,996.3,10.6,66,0.5
2025-10-21 00:00:00,11.3,88,995.3,17.0,10,0.8
2025-10-21 01:00:00,11.1,90,994.3,9.9,33,0.8
2025-10-21 02:00:00,12.2,86,993.3,9.4,3,0.6
2025-10-21 03:00:00,13.0,83,991.9,8.9,38,0.2
2025-10-21 04:00:00,12.5,87,991.3,6.9,346,0.0
2025-10-21 05:00:00,13.1,87,991.5,8.9,294,0.0
2025-10-21 06:00:00,14.6,82,990.6,15.0,308,0.0
2025-10-21 07:00:00,15.3,81,990.9,12.4,273,0.0
2025-10-21 08:00:00,17.7,75,990.6,10.3,306,0.0
2025-10-21 09:00:00,18.2,46,991.1,35.7,308,0.0
2025-10-21 10:00:00,18.3,40,991.4,35.6,296,0.0
2025-10-21 11:00:00,18.7,36,992.5,37.5,293,0.0
2025-10-21 12:00:00,19.7,38,992.1,32.6,299,0.0
2025-10-21 13:00:00,19.7,39,992.0,33.3,296,0.0
2025-10-21 14:00:00,19.3,43,991.7,34.8,301,0.0
2025-10-21 15:00:00,18.4,46,991.8,33.6,297,0.0
2025-10-21 16:00:00,18.0,43,992.5,30.6,285,0.0
2025-10-21 17:00:00,16.8,45,994.2,30.7,274,0.0
2025-10-21 18:00:00,17.5,43,994.6,24.1,284,0.0
2025-10-21 19:00:00,15.3,50,996.4,21.0,279,0.0
2025-10-21 20:00:00,14.0,50,998.1,20.1,275,0.0
2025-10-21 21:00:00,12.8,49,999.1,17.1,272,0.0
2025-10-21 22:00:00,12.1,48,1000.2,17.4,278,0.0
2025-10-21 23:00:00,11.7,49,1001.3,19.9,297,0.0
2025-10-22 00:00:00,9.7,67,1002.3,4.8,233,0.0
2025-10-22 01:00:00,9.2,65,1002.9,5.4,244,0.0
2025-10-22 02:00:00,9.2,61,1003.3,6.4,262,0.0
2025-10-22 03:00:00,9.7,53,1003.2,13.9,291,0.0
2025-10-22 04:00:00,9.9,52,1003.0,18.1,307,0.0
2025-10-22 05:00:00,9.7,55,1002.9,16.5,310,0.0
2025-10-22 06:00:00,8.5,63,1002.8,7.1,311,0.0
2025-10-22 07:00:00,11.5,54,1002.9,14.5,324,0.0
2025-10-22 08:00:00,13.1,51,1002.8,15.8,323,0.0
2025-10-22 09:00:00,14.2,50,1002.9,15.7,336,0.0
2025-10-22 10:00:00,15.0,50,1002.9,14.1,330,0.0
2025-10-22 11:00:00,16.6,45,1002.3,17.7,330,0.0
2025-10-22 12:00:00,18.4,41,1001.0,25.3,319,0.0
2025-10-22 13:00:00,19.2,39,1000.9,23.7,314,0.0
2025-10-22 14:00:00,19.2,39,1001.2,27.8,308,0.0
2025-10-22 15:00:00,18.5,40,1001.3,27.8,308,0.0
2025-10-22 16:00:00,18.0,41,1002.0,25.3,309,0.0
2025-10-22 17:00:00,17.1,43,1002.0,23.2,306,0.0
2025-10-22 18:00:00,16.9,47,1001.6,23.6,320,0.0
2025-10-22 19:00:00,15.1,49,1002.1,20.2,315,0.0
2025-10-22 20:00:00,14.2,53,1001.7,16.4,316,0.0
2025-10-22 21:00:00,14.4,53,1001.1,19.8,320,0.0
2025-10-22 22:00:00,14.8,53,1000.3,20.6,324,0.0
2025-10-22 23:00:00,14.8,55,999.3,18.4,339,0.0
2025-10-23 00:00:00,14.3,56,998.7,19.7,339,0.0
2025-10-23 01:00:00,14.0,57,997.1,21.0,338,0.0
2025-10-23 02:00:00,13.4,66,996.3,18.7,360,1.1
2025-10-23 03:00:00,13.3,62,994.7,20.6,21,0.0
2025-10-23 04:00:00,12.8,63,992.8,20.6,43,0.4
2025-10-23 05:00:00,11.9,73,991.5,21.6,55,0.7
2025-10-23 06:00:00,12.8,71,989.3,20.1,51,0.4
2025-10-23 07:00:00,13.0,77,986.9,20.2,49,0.4
2025-10-23 08:00:00,15.1,74,983.2,22.0,52,0.8
2025-10-23 09:00:00,16.3,77,981.8,21.1,27,1.2
2025-10-23 10:00:00,16.1,96,980.5,29.0,31,2.7
2025-10-23 11:00:00,17.4,95,979.5,13.7,60,3.4
2025-10-23 12:00:00,21.7,67,977.8,48.9,310,0.3
2025-10-23 13:00:00,22.3,48,979.8,45.1,309,0.0
2025-10-23 14:00:00,21.9,54,981.0,37.5,311,0.0
2025-10-23 15:00:00,20.6,46,982.3,37.9,305,0.0
2025-10-23 16:00:00,19.5,48,983.5,36.9,303,0.0
2025-10-23 17:00:00,17.8,49,984.9,35.2,301,0.0
2025-10-23 18:00:00,17.0,50,985.4,32.8,306,0.0
2025-10-23 19:00:00,15.0,55,987.1,27.6,298,0.0
2025-10-23 20:00:00,14.4,54,988.4,26.2,297,0.0
2025-10-23 21:00:00,13.9,53,990.1,19.0,280,0.0
2025-10-23 22:00:00,13.8,49,991.6,27.1,288,0.0
2025-10-23 23:00:00,12.0,54,994.0,14.7,255,0.0
2025-10-24 00:00:00,9.5,77,995.9,4.3,237,0.0
2025-10-24 01:00:00,8.6,83,997.0,3.6,213,0.0
2025-10-24 02:00:00,7.9,85,997.9,1.5,284,0.0
2025-10-24 03:00:00,7.2,88,998.7,2.1,322,0.0
2025-10-24 04:00:00,6.3,92,999.6,3.7,313,0.0
2025-10-24 05:00:00,6.9,75,1000.5,8.4,261,0.0
2025-10-24 06:00:00,6.4,93,1001.6,1.1,252,0.0
2025-10-24 07:00:00,8.4,87,1002.6,3.3,347,0.0
2025-10-24 08:00:00,10.9,62,1002.9,5.5,328,0.0
2025-10-24 09:00:00,12.8,51,1003.3,12.2,303,0.0
2025-10-24 10:00:00,14.3,46,1003.8,12.2,292,0.0
2025-10-24 11:00:00,15.6,43,1004.0,10.6,300,0.0
2025-10-24 12:00:00,16.8,36,1003.3,8.7,343,0.0
2025-10-24 13:00:00,17.6,34,1002.7,8.9,347,0.0
2025-10-24 14:00:00,17.6,33,1002.2,9.3,351,0.0
2025-10-24 15:00:00,18.3,30,1001.1,10.8,359,0.0
2025-10-24 16:00:00,17.1,37,1000.6,24.7,331,0.0
2025-10-24 17:00:00,15.3,41,1000.7,24.7,318,0.0
2025-10-24 18:00:00,14.5,45,1000.4,20.4,322,0.0
2025-10-24 19:00:00,12.6,51,1000.5,16.6,330,0.0
2025-10-24 20:00:00,11.3,53,1000.8,15.2,326,0.0
2025-10-24 21:00:00,10.5,55,1000.3,15.4,319,0.0
2025-10-24 22:00:00,10.3,56,1000.0,15.6,319,0.0
2025-10-24 23:00:00,9.6,64,999.6,5.9,2,0.0
2025-10-25 00:00:00,9.4,65,999.5,9.5,358,0.0
2025-10-25 01:00:00,9.2,71,998.9,5.3,28,0.0
2025-10-25 02:00:00,9.3,72,997.9,7.9,39,0.0
2025-10-25 03:00:00,9.5,73,997.6,7.4,39,0.0
2025-10-25 04:00:00,9.3,76,997.3,6.6,35,0.0
2025-10-25 05:00:00,9.2,75,996.9,7.0,23,0.0
2025-10-25 06:00:00,10.1,69,996.7,11.1,22,0.0
2025-10-25 07:00:00,12.0,65,996.6,13.1,360,0.0
2025-10-25 08:00:00,14.0,55,996.5,15.1,359,0.0
2025-10-25 09:00:00,15.6,49,996.7,13.2,338,0.0
2025-10-25 10:00:00,17.1,43,996.7,11.8,313,0.0
2025-10-25 11:00:00,18.2,43,996.4,11.2,319,0.0
2025-10-25 12:00:00,20.3,32,995.1,15.0,316,0.0
2025-10-25 13:00:00,21.0,26,994.6,17.3,308,0.0
2025-10-25 14:00:00,21.0,26,993.9,20.8,299,0.0
2025-10-25 15:00:00,20.3,26,993.5,24.5,292,0.0
2025-10-25 16:00:00,19.3,29,993.4,25.8,292,0.0
2025-10-25 17:00:00,18.1,33,993.8,26.7,298,0.0
2025-10-25 18:00:00,16.8,37,993.7,24.5,295,0.0
2025-10-25 19:00:00,14.6,44,994.3,19.8,296,0.0
2025-10-25 20:00:00,12.9,47,994.8,18.8,290,0.0
2025-10-25 21:00:00,12.1,49,995.1,17.8,281,0.0
2025-10-25 22:00:00,11.5,51,995.4,18.0,277,0.0
2025-10-25 23:00:00,11.1,54,995.9,15.2,265,0.0
2025-10-26 00:00:00,10.3,59,996.1,11.9,266,0.0
2025-10-26 01:00:00,10.1,60,995.9,13.3,269,0.0
2025-10-26 02:00:00,9.7,60,995.7,11.2,271,0.0
2025-10-26 03:00:00,9.2,64,995.3,6.9,285,0.0
2025-10-26 04:00:00,9.5,62,995.0,11.8,308,0.0
2025-10-26 05:00:00,9.6,61,994.8,14.7,313,0.0
2025-10-26 06:00:00,9.2,72,995.2,8.3,108,0.0
2025-10-26 07:00:00,11.5,66,994.8,6.5,71,0.0
2025-10-26 08:00:00,13.9,51,994.2,15.2,333,0.0
2025-10-26 09:00:00,15.3,43,993.9,16.0,316,0.0
2025-10-26 10:00:00,15.5,47,993.7,15.0,334,0.0
2025-10-26 11:00:00,16.8,38,993.3,23.6,305,0.0
2025-10-26 12:00:00,17.7,39,992.9,22.5,308,0.0
2025-10-26 13:00:00,18.0,34,992.5,24.6,299,0.0
2025-10-26 14:00:00,18.4,31,991.9,23.7,300,0.0
2025-10-26 15:00:00,18.2,31,991.4,26.2,293,0.0
2025-10-26 16:00:00,17.5,33,991.3,26.4,292,0.0
2025-10-26 17:00:00,16.4,35,991.4,23.8,293,0.0
2025-10-26 18:00:00,15.0,42,991.6,21.0,306,0.0
2025-10-26 19:00:00,13.3,50,991.9,18.0,312,0.0
2025-10-26 20:00:00,12.4,52,992.4,19.5,312,0.0
2025-10-26 21:00:00,12.0,52,992.5,18.0,323,0.0
2025-10-26 22:00:00,11.8,54,992.0,16.6,337,0.0
2025-10-26 23:00:00,12.2,52,991.4,17.0,327,0.0
2025-10-27 00:00:00,12.5,51,991.0,19.2,324,0.0
2025-10-27 01:00:00,12.9,49,990.7,20.9,309,0.0
2025-10-27 02:00:00,12.8,50,990.2,19.9,307,0.0
2025-10-27 03:00:00,13.2,49,990.3,17.1,311,0.0
2025-10-27 04:00:00,13.1,52,991.0,17.1,311,0.0
2025-10-27 05:00:00,12.9,53,990.9,15.4,304,0.0
2025-10-27 06:00:00,12.6,56,991.3,10.5,335,0.0
2025-10-27 07:00:00,13.7,53,991.5,8.7,5,0.0
2025-10-27 08:00:00,15.1,50,991.6,8.5,358,0.0
2025-10-27 09:00:00,16.4,46,991.2,8.0,16,0.0
2025-10-27 10:00:00,17.8,41,990.1,7.0,10,0.0
2025-10-27 11:00:00,18.0,43,989.4,8.6,23,0.0
2025-10-27 12:00:00,17.3,50,988.5,18.9,31,0.1
2025-10-27 13:00:00,15.7,56,987.2,19.9,46,0.2
2025-10-27 14:00:00,15.9,56,985.9,20.4,50,0.5
2025-10-27 15:00:00,15.3,63,983.9,19.3,46,0.6
2025-10-27 16:00:00,15.7,64,981.9,16.7,52,0.5
2025-10-27 17:00:00,14.0,74,979.9,14.1,59,0.8
2025-10-27 18:00:00,10.8,91,978.8,17.9,105,1.0
2025-10-27 19:00:00,10.8,93,977.7,11.7,104,0.7
2025-10-27 20:00:00,7.6,97,978.3,23.9,279,2.3
2025-10-27 21:00:00,5.7,95,980.2,47.9,252,1.1
2025-10-27 22:00:00,4.7,93,984.1,40.7,235,1.5
2025-10-27 23:00:00,4.5,92,986.1,29.9,245,0.7
2025-10-28 00:00:00,3.9,94,987.6,24.6,255,0.2
2025-10-28 01:00:00,3.8,92,988.8,20.9,255,0.2
2025-10-28 02:00:00,3.9,91,988.6,18.6,251,0.1
2025-10-28 03:00:00,4.1,88,989.0,17.3,250,0.1
2025-10-28 04:00:00,4.3,88,989.3,13.8,259,0.0
2025-10-28 05:00:00,4.6,87,989.9,12.8,264,0.1
2025-10-28 06:00:00,4.8,86,990.9,11.0,269,0.3
2025-10-28 07:00:00,5.3,87,991.4,9.6,267,0.2
2025-10-28 08:00:00,5.0,87,992.1,13.0,264,1.0
2025-10-28 09:00:00,3.6,99,992.7,18.0,250,1.8
2025-10-28 10:00:00,3.1,100,993.5,20.6,244,1.8
2025-10-28 11:00:00,4.2,87,993.8,22.5,230,0.9
2025-10-28 12:00:00,6.9,80,994.0,21.3,226,0.3
2025-10-28 13:00:00,6.4,71,994.5,23.8,217,0.1
2025-10-28 14:00:00,7.7,66,994.9,24.2,218,0.1
2025-10-28 15:00:00,8.7,59,995.3,23.4,220,0.0
2025-10-28 16:00:00,8.7,61,995.9,20.7,225,0.0
2025-10-28 17:00:00,8.7,57,997.1,17.5,229,0.0
2025-10-28 18:00:00,8.4,56,997.4,10.6,228,0.0
2025-10-28 19:00:00,6.9,72,998.1,3.0,253,0.0
2025-10-28 20:00:00,6.3,70,998.9,0.4,63,0.0
2025-10-28 21:00:00,5.5,73,999.4,4.5,5,0.0
2025-10-28 22:00:00,5.9,78,999.8,7.2,360,0.0
2025-10-28 23:00:00,4.6,86,999.8,4.1,23,0.0
2025-10-29 00:00:00,4.4,87,1000.7,3.4,43,0.0
2025-10-29 01:00:00,4.3,90,1000.6,1.3,106,0.0
2025-10-29 02:00:00,4.8,85,1000.7,3.9,156,0.0
2025-10-29 03:00:00,4.3,83,1001.3,3.5,165,0.0
2025-10-29 04:00:00,4.1,78,1002.1,3.4,186,0.0
2025-10-29 05:00:00,4.7,69,1003.3,10.2,233,0.0
2025-10-29 06:00:00,4.4,78,1005.4,17.5,209,0.0
2025-10-29 07:00:00,5.9,77,1007.4,13.1,226,0.0
2025-10-29 08:00:00,7.7,72,1009.1,11.6,240,0.0
2025-10-29 09:00:00,10.8,58,1009.6,12.1,242,0.0
2025-10-29 10:00:00,12.1,47,1010.7,17.6,227,0.0
2025-10-29 11:00:00,13.4,41,1011.2,16.8,238,0.0
2025-10-29 12:00:00,14.1,39,1011.2,11.5,243,0.0
2025-10-29 13:00:00,15.0,39,1010.5,5.6,295,0.0
2025-10-29 14:00:00,15.3,40,1010.5,9.3,15,0.0
2025-10-29 15:00:00,14.1,44,1010.3,15.9,65,0.0
2025-10-29 16:00:00,13.3,49,1010.3,18.2,79,0.0
2025-10-29 17:00:00,12.4,61,1011.0,18.9,74,0.0
2025-10-29 18:00:00,11.2,66,1011.4,22.9,75,0.0
2025-10-29 19:00:00,10.2,72,1011.7,22.2,77,0.0
2025-10-29 20:00:00,10.2,78,1011.7,20.3,78,0.0
2025-10-29 21:00:00,9.9,82,1011.7,10.2,59,0.0
2025-10-29 22:00:00,8.4,87,1011.9,4.1,268,0.0
2025-10-29 23:00:00,8.8,64,1011.9,10.1,271,0.0
2025-10-30 00:00:00,7.9,69,1011.7,4.6,252,0.0
2025-10-30 01:00:00,8.9,64,1011.6,10.2,280,0.0
2025-10-30 02:00:00,8.4,67,1011.4,11.0,260,0.0
2025-10-30 03:00:00,7.8,67,1011.5,8.8,239,0.0
2025-10-30 04:00:00,7.4,69,1011.6,6.8,241,0.0
2025-10-30 05:00:00,7.0,71,1011.7,6.3,275,0.0
2025-10-30 06:00:00,7.5,72,1011.6,1.8,259,0.0
2025-10-30 07:00:00,9.9,65,1011.9,3.5,285,0.0
2025-10-30 08:00:00,12.3,59,1011.7,4.0,3,0.0
2025-10-30 09:00:00,14.4,55,1011.1,10.0,346,0.0
2025-10-30 10:00:00,16.5,47,1010.8,13.8,302,0.0
2025-10-30 11:00:00,17.5,45,1010.7,17.2,318,0.0
2025-10-30 12:00:00,19.1,39,1009.1,20.5,304,0.0
2025-10-30 13:00:00,19.1,37,1008.6,27.7,294,0.0
2025-10-30 14:00:00,18.8,39,1008.0,28.7,301,0.0
2025-10-30 15:00:00,18.1,42,1007.5,29.5,300,0.0
2025-10-30 16:00:00,17.5,43,1007.4,25.3,301,0.0
2025-10-30 17:00:00,16.8,45,1008.0,22.1,300,0.0
2025-10-30 18:00:00,16.5,48,1007.5,21.8,314,0.0
2025-10-30 19:00:00,14.4,52,1007.9,19.3,303,0.0
2025-10-30 20:00:00,13.0,54,1008.2,20.0,296,0.0
2025-10-30 21:00:00,12.5,55,1008.5,17.4,292,0.0
2025-10-30 22:00:00,12.3,57,1009.4,18.5,291,0.0
2025-10-30 23:00:00,11.9,59,1009.6,19.3,298,0.0
2025-10-31 00:00:00,12.0,58,1009.1,19.1,298,0.0
2025-10-31 01:00:00,11.8,57,1008.7,20.6,296,0.0
2025-10-31 02:00:00,11.6,57,1008.5,20.9,291,0.0
2025-10-31 03:00:00,11.2,58,1008.6,16.3,286,0.0
2025-10-31 04:00:00,10.9,60,1008.7,14.4,279,0.0
2025-10-31 05:00:00,10.5,62,1009.0,13.1,269,0.0
2025-10-31 06:00:00,10.9,62,1009.3,8.0,252,0.0
2025-10-31 07:00:00,12.9,57,1010.1,9.2,230,0.0
2025-10-31 08:00:00,14.8,52,1010.7,12.1,227,0.0
2025-10-31 09:00:00,15.7,49,1011.4,14.9,214,0.5
2025-10-31 10:00:00,16.2,48,1012.4,12.1,218,0.0
2025-10-31 11:00:00,15.5,53,1013.2,11.4,198,0.3
2025-10-31 12:00:00,15.2,53,1013.6,15.4,190,0.2
2025-10-31 13:00:00,14.7,52,1014.4,17.6,195,0.0
2025-10-31 14:00:00,14.5,50,1015.4,15.9,200,0.0
2025-10-31 15:00:00,13.9,52,1015.8,14.5,201,0.0
2025-10-31 16:00:00,13.7,54,1016.5,13.6,200,0.0
2025-10-31 17:00:00,12.8,54,1017.6,13.5,199,0.0
2025-10-31 18:00:00,11.5,70,1019.3,7.6,1,0.0
2025-10-31 19:00:00,10.6,78,1020.7,5.6,343,0.0
2025-10-31 20:00:00,10.3,79,1022.1,4.6,342,0.0
2025-10-31 21:00:00,10.2,79,1023.2,1.6,276,0.0
2025-10-31 22:00:00,10.0,74,1024.2,4.2,211,0.0
2025-10-31 23:00:00,9.9,72,1024.9,4.7,198,0.0
2025-11-01 00:00:00,9.5,74,1025.2,4.1,209,0.0
2025-11-01 01:00:00,9.0,82,1025.3,2.1,250,0.0
2025-11-01 02:00:00,9.1,83,1025.2,1.0,301,0.0
2025-11-01 03:00:00,9.0,84,1025.3,0.6,288,0.0
2025-11-01 04:00:00,8.0,84,1025.6,0.0,270,0.0
2025-11-01 05:00:00,7.5,84,1025.8,1.2,153,0.0
2025-11-01 06:00:00,8.8,80,1026.7,1.7,131,0.0
2025-11-01 07:00:00,10.5,73,1027.2,5.1,48,0.0
2025-11-01 08:00:00,11.5,66,1027.5,13.1,37,0.1
2025-11-01 09:00:00,11.6,67,1027.7,14.7,40,0.1
2025-11-01 10:00:00,12.4,66,1027.6,15.7,39,0.2
2025-11-01 11:00:00,13.1,64,1027.3,15.6,50,0.1
2025-11-01 12:00:00,13.2,63,1026.7,12.0,58,0.0
2025-11-01 13:00:00,14.0,61,1025.8,17.4,74,0.0
2025-11-01 14:00:00,13.6,63,1025.4,19.7,74,0.0
2025-11-01 15:00:00,13.4,64,1024.8,20.3,70,0.0
2025-11-01 16:00:00,13.0,66,1024.3,20.8,71,0.0
2025-11-01 17:00:00,12.5,71,1024.3,19.9,72,0.0
2025-11-01 18:00:00,11.9,75,1024.0,18.8,76,0.0
2025-11-01 19:00:00,10.9,81,1024.1,17.0,80,0.0
2025-11-01 20:00:00,10.5,84,1024.6,16.4,91,0.0
2025-11-01 21:00:00,10.4,84,1024.6,15.4,96,0.0
2025-11-01 22:00:00,10.2,85,1024.7,13.2,101,0.0
2025-11-01 23:00:00,9.9,87,1024.4,10.7,113,0.0
2025-11-02 00:00:00,8.8,90,1025.1,6.5,175,0.0
2025-11-02 01:00:00,8.3,89,1025.1,7.7,219,0.0
2025-11-02 02:00:00,7.9,92,1024.7,6.6,223,0.0
2025-11-02 03:00:00,7.5,95,1024.7,5.6,222,0.0
2025-11-02 04:00:00,7.0,98,1024.1,3.7,215,0.0
2025-11-02 05:00:00,6.9,98,1023.8,3.5,201,0.0
2025-11-02 06:00:00,7.2,97,1024.5,4.2,198,0.0
2025-11-02 07:00:00,9.0,90,1024.5,3.5,189,0.0
2025-11-02 08:00:00,11.6,77,1024.3,0.6,34,0.0
2025-11-02 09:00:00,13.8,67,1024.2,2.2,336,0.0
2025-11-02 10:00:00,15.8,58,1023.7,4.4,30,0.0
2025-11-02 11:00:00,15.9,58,1023.5,10.2,42,0.0
2025-11-02 12:00:00,15.5,65,1023.6,12.5,58,0.0
2025-11-02 13:00:00,15.7,63,1023.3,14.7,68,0.0
2025-11-02 14:00:00,15.6,64,1023.0,14.6,74,0.0
2025-11-02 15:00:00,15.4,64,1022.7,13.1,69,0.0
2025-11-02 16:00:00,14.7,67,1022.6,11.1,65,0.0
2025-11-02 17:00:00,13.7,72,1022.8,10.4,67,0.0
2025-11-02 18:00:00,12.4,82,1023.1,8.6,53,0.0
2025-11-02 19:00:00,11.5,88,1023.6,7.2,77,0.0
2025-11-02 20:00:00,10.7,93,1024.1,7.3,99,0.0
2025-11-02 21:00:00,10.5,93,1024.4,3.8,98,0.0
2025-11-02 22:00:00,10.1,94,1024.2,3.4,87,0.0
2025-11-02 23:00:00,9.7,95,1023.9,3.6,96,0.0
2025-11-03 00:00:00,9.7,94,1023.9,5.1,94,0.0
2025-11-03 01:00:00,9.9,92,1023.4,5.4,96,0.0
2025-11-03 02:00:00,9.9,91,1022.9,6.1,104,0.0
2025-11-03 03:00:00,9.9,89,1022.7,7.5,101,0.0
2025-11-03 04:00:00,10.0,86,1022.4,8.4,100,0.0
2025-11-03 05:00:00,10.0,87,1022.2,9.4,98,0.0
2025-11-03 06:00:00,10.4,84,1022.8,8.8,95,0.0
2025-11-03 07:00:00,12.8,76,1023.0,9.4,88,0.0
2025-11-03 08:00:00,14.4,69,1023.0,11.1,76,0.0
2025-11-03 09:00:00,15.5,62,1022.8,12.4,69,0.0
2025-11-03 10:00:00,16.6,55,1022.3,13.1,65,0.0
2025-11-03 11:00:00,17.8,46,1021.7,14.4,67,0.0
2025-11-03 12:00:00,18.4,44,1020.5,16.0,69,0.0
2025-11-03 13:00:00,18.3,47,1019.7,16.9,76,0.0
2025-11-03 14:00:00,17.8,50,1018.9,17.5,85,0.0
2025-11-03 15:00:00,16.9,57,1017.9,18.0,82,0.0
2025-11-03 16:00:00,16.4,60,1017.3,17.7,85,0.0
2025-11-03 17:00:00,16.0,62,1016.7,16.2,100,0.0
2025-11-03 18:00:00,15.0,71,1015.5,14.5,110,0.0
2025-11-03 19:00:00,13.9,77,1014.8,14.4,121,0.0
2025-11-03 20:00:00,13.4,79,1014.4,10.3,140,0.0
2025-11-03 21:00:00,13.3,77,1014.4,6.4,223,0.0
2025-11-03 22:00:00,14.9,48,1014.0,15.8,272,0.0
2025-11-03 23:00:00,13.9,49,1013.4,15.9,266,0.0
2025-11-04 00:00:00,13.4,51,1013.1,14.5,259,0.0
2025-11-04 01:00:00,12.9,55,1012.2,16.4,262,0.0
2025-11-04 02:00:00,12.3,58,1011.7,14.6,254,0.0
2025-11-04 03:00:00,12.0,59,1011.3,14.2,246,0.0
2025-11-04 04:00:00,11.6,61,1011.5,14.3,243,0.0
2025-11-04 05:00:00,11.5,61,1011.7,14.5,234,0.0
2025-11-04 06:00:00,12.2,60,1012.1,13.1,241,0.0
2025-11-04 07:00:00,14.4,53,1012.7,11.8,244,0.0
2025-11-04 08:00:00,16.3,50,1013.3,12.4,253,0.0
2025-11-04 09:00:00,18.6,46,1013.3,13.6,255,0.0
2025-11-04 10:00:00,21.6,38,1013.5,14.0,261,0.0
2025-11-04 11:00:00,22.4,37,1013.4,10.3,270,0.0
2025-11-04 12:00:00,25.1,28,1013.0,6.6,291,0.0
2025-11-04 13:00:00,26.7,25,1012.6,5.4,312,0.0
2025-11-04 14:00:00,27.3,24,1012.4,3.7,346,0.0
2025-11-04 15:00:00,26.1,24,1012.1,6.5,62,0.0
2025-11-04 16:00:00,21.4,40,1012.9,19.1,87,0.0
2025-11-04 17:00:00,20.6,39,1012.8,13.3,82,0.0
2025-11-04 18:00:00,19.0,46,1013.5,12.4,49,0.0
2025-11-04 19:00:00,17.7,56,1014.5,7.6,56,0.0
2025-11-04 20:00:00,16.1,63,1015.7,1.0,45,0.0
2025-11-04 21:00:00,14.6,72,1016.8,5.2,333,0.0
2025-11-04 22:00:00,13.4,79,1017.2,5.5,328,0.0
2025-11-04 23:00:00,12.2,85,1017.2,4.6,342,0.0
2025-11-05 00:00:00,11.4,91,1017.7,7.4,359,0.0
2025-11-05 01:00:00,11.1,87,1017.4,8.2,352,0.0
2025-11-05 02:00:00,11.3,85,1017.2,7.0,360,0.0
2025-11-05 03:00:00,11.4,85,1016.7,9.8,17,0.0
2025-11-05 04:00:00,11.2,81,1016.1,12.0,43,0.0
2025-11-05 05:00:00,10.8,84,1015.8,14.4,59,0.0
2025-11-05 06:00:00,11.5,82,1015.7,15.8,60,0.0
2025-11-05 07:00:00,12.4,76,1015.9,17.8,57,0.0
2025-11-05 08:00:00,13.2,70,1016.0,18.5,58,0.0
2025-11-05 09:00:00,14.2,66,1015.7,18.7,59,0.0
2025-11-05 10:00:00,14.9,64,1015.4,18.8,64,0.0
2025-11-05 11:00:00,15.6,61,1014.9,19.6,70,0.0
2025-11-05 12:00:00,15.9,61,1013.9,21.0,74,0.0
2025-11-05 13:00:00,15.8,63,1013.2,22.9,82,0.0
2025-11-05 14:00:00,15.2,64,1012.7,23.5,85,0.0
2025-11-05 15:00:00,14.7,68,1011.8,23.3,81,0.0
2025-11-05 16:00:00,14.3,72,1011.1,20.3,84,0.0
2025-11-05 17:00:00,14.0,76,1010.8,18.4,88,0.0
2025-11-05 18:00:00,13.7,79,1010.3,17.7,86,0.0
2025-11-05 19:00:00,12.8,86,1010.2,16.6,99,0.0
2025-11-05 20:00:00,12.5,91,1010.2,17.3,101,0.0
2025-11-05 21:00:00,12.6,90,1009.9,16.2,111,0.0
2025-11-05 22:00:00,12.6,90,1009.6,13.9,113,0.0
2025-11-05 23:00:00,12.5,90,1009.4,9.7,112,0.0
2025-11-06 00:00:00,11.6,92,1008.8,4.0,117,0.0
2025-11-06 01:00:00,11.2,94,1008.3,0.3,225,0.0
2025-11-06 02:00:00,10.7,94,1007.7,0.3,225,0.0
2025-11-06 03:00:00,10.3,94,1007.3,2.1,195,0.0
2025-11-06 04:00:00,10.2,92,1007.0,0.9,169,0.0
2025-11-06 05:00:00,9.5,95,1007.3,0.4,180,0.0
2025-11-06 06:00:00,10.3,96,1006.8,6.2,123,0.0
2025-11-06 07:00:00,13.2,75,1007.0,4.8,124,0.0
2025-11-06 08:00:00,17.6,46,1007.0,1.5,135,0.0
2025-11-06 09:00:00,21.6,45,1006.9,9.8,300,0.0
2025-11-06 10:00:00,24.4,39,1007.1,22.9,298,0.0
2025-11-06 11:00:00,24.8,40,1007.2,20.8,297,0.0
2025-11-06 12:00:00,26.9,38,1005.7,14.5,326,0.0
2025-11-06 13:00:00,27.4,38,1005.6,13.8,321,0.0
2025-11-06 14:00:00,27.3,36,1005.4,19.6,306,0.1
2025-11-06 15:00:00,26.9,36,1005.5,25.0,296,0.0
2025-11-06 16:00:00,25.5,40,1006.0,25.4,299,0.0
2025-11-06 17:00:00,24.3,43,1006.8,20.7,300,0.0
2025-11-06 18:00:00,23.6,43,1006.4,23.1,313,0.0
2025-11-06 19:00:00,21.4,48,1007.5,14.3,289,0.0
2025-11-06 20:00:00,18.1,60,1009.0,15.2,257,0.0
2025-11-06 21:00:00,15.4,67,1010.8,20.5,228,0.0
2025-11-06 22:00:00,13.7,82,1012.4,23.4,225,0.0
2025-11-06 23:00:00,13.5,85,1013.0,19.9,221,0.0
2025-11-07 00:00:00,12.6,86,1013.5,14.9,236,0.0
2025-11-07 01:00:00,12.3,88,1014.2,10.8,227,0.0
2025-11-07 02:00:00,11.9,90,1014.1,6.3,239,0.0
2025-11-07 03:00:00,11.4,92,1013.9,3.8,262,0.0
2025-11-07 04:00:00,10.7,96,1014.0,3.0,237,0.0
2025-11-07 05:00:00,10.1,98,1014.3,1.3,172,0.0
2025-11-07 06:00:00,12.2,87,1014.5,8.2,76,0.0
2025-11-07 07:00:00,14.2,76,1014.9,9.3,66,0.0
2025-11-07 08:00:00,15.4,71,1015.2,11.9,60,0.0
2025-11-07 09:00:00,16.2,65,1015.1,14.3,55,0.0
2025-11-07 10:00:00,16.9,60,1014.7,16.8,55,0.0
2025-11-07 11:00:00,17.7,58,1014.5,16.7,63,0.0
2025-11-07 12:00:00,19.1,56,1013.5,17.3,68,0.0
2025-11-07 13:00:00,18.8,59,1013.4,18.7,77,0.0
2025-11-07 14:00:00,18.4,61,1012.8,19.9,80,0.0
2025-11-07 15:00:00,17.8,65,1012.3,20.1,83,0.0
2025-11-07 16:00:00,17.1,69,1012.1,18.9,92,0.0
2025-11-07 17:00:00,16.4,72,1012.2,17.6,98,0.0
2025-11-07 18:00:00,15.5,74,1012.1,17.3,98,0.0
2025-11-07 19:00:00,14.4,80,1012.2,16.2,103,0.0
2025-11-07 20:00:00,13.8,83,1012.8,15.6,101,0.0
2025-11-07 21:00:00,13.5,86,1013.7,12.3,112,0.0
2025-11-07 22:00:00,13.2,88,1013.8,9.4,119,0.0
2025-11-07 23:00:00,12.8,90,1013.8,3.8,131,0.0
2025-11-08 00:00:00,12.2,92,1013.3,1.8,217,0.0
2025-11-08 01:00:00,12.2,92,1013.0,6.0,261,0.0
2025-11-08 02:00:00,11.5,94,1012.5,6.5,251,0.0
2025-11-08 03:00:00,11.2,86,1012.4,6.6,237,0.0
2025-11-08 04:00:00,11.1,76,1012.0,5.9,247,0.0
2025-11-08 05:00:00,10.5,75,1011.8,4.3,268,0.0
2025-11-08 06:00:00,11.7,75,1011.7,1.2,141,0.0
2025-11-08 07:00:00,13.3,66,1011.8,2.0,265,0.0
2025-11-08 08:00:00,16.2,56,1011.6,2.5,262,0.0
2025-11-08 09:00:00,19.2,48,1011.2,4.4,279,0.0
2025-11-08 10:00:00,21.3,44,1010.6,3.8,335,0.0
2025-11-08 11:00:00,22.3,43,1010.5,5.5,17,0.0
2025-11-08 12:00:00,23.2,36,1009.3,9.1,30,0.0
2025-11-08 13:00:00,23.3,36,1008.8,11.5,48,0.0
2025-11-08 14:00:00,22.0,39,1008.5,15.1,59,0.0
2025-11-08 15:00:00,20.6,43,1008.0,15.1,75,0.0
2025-11-08 16:00:00,19.9,44,1007.9,13.5,92,0.0
2025-11-08 17:00:00,19.3,48,1007.9,9.8,96,0.0
2025-11-08 18:00:00,17.6,50,1007.9,9.5,119,0.0
2025-11-08 19:00:00,17.6,47,1008.1,7.9,110,0.0
2025-11-08 20:00:00,16.6,62,1008.5,2.2,166,0.0
2025-11-08 21:00:00,16.0,60,1009.0,2.8,281,0.0
2025-11-08 22:00:00,15.7,64,1009.2,4.6,225,0.0
2025-11-08 23:00:00,15.9,63,1009.7,10.8,234,0.0
2025-11-09 00:00:00,15.1,66,1009.6,10.3,254,0.0
2025-11-09 01:00:00,14.5,68,1009.9,12.5,242,0.0
2025-11-09 02:00:00,12.9,78,1009.8,13.7,252,0.0
2025-11-09 03:00:00,11.7,92,1010.1,17.8,249,0.0
2025-11-09 04:00:00,11.5,94,1010.4,19.5,235,0.0
2025-11-09 05:00:00,11.3,94,1010.6,16.2,230,0.0
2025-11-09 06:00:00,11.7,90,1011.2,12.7,234,0.0
2025-11-09 07:00:00,13.3,81,1011.3,10.2,214,0.0
2025-11-09 08:00:00,15.0,73,1011.2,5.4,249,0.0
2025-11-09 09:00:00,15.8,67,1010.7,2.3,315,0.0
2025-11-09 10:00:00,18.2,52,1010.3,5.6,63,0.0
2025-11-09 11:00:00,19.4,44,1009.8,10.7,61,0.0
2025-11-09 12:00:00,19.6,48,1009.0,13.7,56,0.0
2025-11-09 13:00:00,18.6,48,1008.7,17.3,66,0.0
2025-11-09 14:00:00,18.2,49,1008.2,17.5,73,0.0
2025-11-09 15:00:00,17.6,54,1007.6,18.3,72,0.0
2025-11-09 16:00:00,16.3,66,1007.2,17.9,78,0.0
2025-11-09 17:00:00,15.3,73,1006.7,15.5,86,0.0
2025-11-09 18:00:00,14.3,81,1006.6,15.3,89,0.0
2025-11-09 19:00:00,13.5,86,1006.4,15.8,91,0.0
2025-11-09 20:00:00,13.0,90,1006.4,14.2,90,0.0
2025-11-09 21:00:00,12.7,91,1006.1,13.4,84,0.0
2025-11-09 22:00:00,12.5,93,1005.7,12.6,87,0.0
2025-11-09 23:00:00,12.4,93,1005.1,11.9,87,0.0
2025-11-10 00:00:00,12.5,94,1003.8,11.9,93,0.0
2025-11-10 01:00:00,12.7,95,1002.9,10.8,91,0.0
2025-11-10 02:00:00,12.9,94,1001.5,9.5,90,0.0
2025-11-10 03:00:00,12.5,94,1000.9,4.7,72,0.0
2025-11-10 04:00:00,12.0,93,1000.3,4.3,62,0.0
2025-11-10 05:00:00,11.8,88,999.9,4.3,90,0.0
2025-11-10 06:00:00,14.4,72,999.2,7.0,80,0.0
2025-11-10 07:00:00,16.9,59,998.8,9.7,34,0.0
2025-11-10 08:00:00,18.0,57,998.1,19.0,15,0.0
2025-11-10 09:00:00,18.6,56,998.1,19.4,13,0.0
2025-11-10 10:00:00,18.9,56,997.9,17.2,6,0.0
2025-11-10 11:00:00,21.1,49,997.3,19.9,6,0.0
2025-11-10 12:00:00,23.4,42,995.4,18.1,31,0.0
2025-11-10 13:00:00,23.5,46,994.5,16.4,45,0.0
2025-11-10 14:00:00,24.9,41,993.6,18.5,24,0.0
2025-11-10 15:00:00,24.6,41,992.9,17.8,20,0.0
2025-11-10 16:00:00,24.1,43,992.7,21.1,4,0.0
2025-11-10 17:00:00,23.9,42,992.2,25.5,5,0.0
2025-11-10 18:00:00,22.7,48,992.0,23.1,356,0.0
2025-11-10 19:00:00,20.1,63,991.8,17.9,28,0.0
2025-11-10 20:00:00,19.3,62,991.9,16.2,29,0.0
2025-11-10 21:00:00,18.4,60,992.5,14.5,28,0.0
2025-11-10 22:00:00,18.0,62,992.9,11.1,31,0.0
2025-11-10 23:00:00,17.6,63,993.0,6.5,13,0.0
2025-11-11 00:00:00,18.0,58,993.4,11.6,291,0.0
2025-11-11 01:00:00,16.7,65,994.0,11.7,224,0.0
2025-11-11 02:00:00,14.6,82,995.5,20.1,220,0.8
2025-11-11 03:00:00,12.5,94,997.5,28.4,200,1.5
2025-11-11 04:00:00,11.8,90,999.1,30.1,203,2.0
2025-11-11 05:00:00,11.6,88,1001.3,27.5,208,0.2
2025-11-11 06:00:00,11.0,89,1003.1,22.0,216,0.4
2025-11-11 07:00:00,11.8,85,1005.0,14.4,227,0.1
2025-11-11 08:00:00,13.0,74,1006.2,14.8,216,0.0
2025-11-11 09:00:00,14.2,64,1007.3,14.3,214,0.0
2025-11-11 10:00:00,15.1,58,1008.2,13.6,202,0.0
2025-11-11 11:00:00,16.8,52,1008.6,8.4,189,0.0
2025-11-11 12:00:00,18.4,52,1008.2,7.0,209,0.0
2025-11-11 13:00:00,18.9,49,1008.3,10.1,74,0.0
2025-11-11 14:00:00,16.6,60,1009.0,21.1,63,0.0
2025-11-11 15:00:00,15.9,61,1009.1,20.6,67,0.0
2025-11-11 16:00:00,15.3,61,1009.8,22.0,73,0.0
2025-11-11 17:00:00,14.2,69,1011.0,21.8,75,0.0
2025-11-11 18:00:00,13.1,75,1012.3,18.7,74,0.0
2025-11-11 19:00:00,12.2,78,1013.7,18.4,81,0.0
2025-11-11 20:00:00,12.1,78,1014.6,16.4,81,0.0
2025-11-11 21:00:00,12.1,77,1015.5,16.5,76,0.0
2025-11-11 22:00:00,11.8,79,1016.2,15.5,70,0.0
2025-11-11 23:00:00,11.6,80,1016.3,15.0,71,0.0
2025-11-12 00:00:00,11.4,80,1016.4,12.3,72,0.0
2025-11-12 01:00:00,11.0,81,1016.0,12.7,74,0.0
2025-11-12 02:00:00,10.9,82,1016.0,13.3,77,0.0
2025-11-12 03:00:00,10.8,84,1015.9,14.3,78,0.0
2025-11-12 04:00:00,10.7,87,1016.0,15.8,78,0.0
2025-11-12 05:00:00,10.7,87,1015.7,17.3,79,0.0
2025-11-12 06:00:00,11.6,81,1015.7,19.6,68,0.0
2025-11-12 07:00:00,12.6,72,1015.9,22.7,62,0.0
2025-11-12 08:00:00,13.0,70,1015.9,24.3,61,0.0
2025-11-12 09:00:00,13.7,66,1015.8,25.1,61,0.0
2025-11-12 10:00:00,13.9,65,1015.4,26.4,60,0.0
2025-11-12 11:00:00,14.3,63,1014.9,26.9,61,0.0
2025-11-12 12:00:00,15.0,59,1013.6,27.3,62,0.0
2025-11-12 13:00:00,15.1,61,1012.4,28.7,66,0.0
2025-11-12 14:00:00,15.1,62,1011.6,29.6,67,0.0
2025-11-12 15:00:00,14.3,67,1010.7,29.8,66,0.0
2025-11-12 16:00:00,13.7,71,1009.9,30.3,63,0.0
2025-11-12 17:00:00,13.2,78,1009.2,28.7,63,0.3
2025-11-12 18:00:00,12.7,77,1008.4,27.3,59,0.4
2025-11-12 19:00:00,12.5,80,1008.2,23.4,58,0.1
2025-11-12 20:00:00,12.5,84,1007.8,20.3,60,0.1
2025-11-12 21:00:00,12.4,88,1007.4,19.7,61,0.1
2025-11-12 22:00:00,12.4,90,1006.6,16.4,66,0.0
2025-11-12 23:00:00,12.4,91,1005.9,12.9,72,0.0
2025-11-13 00:00:00,12.5,91,1005.8,12.8,62,0.1
2025-11-13 01:00:00,12.4,92,1004.7,10.4,64,0.2
2025-11-13 02:00:00,12.3,94,1003.6,9.1,76,0.4
2025-11-13 03:00:00,12.1,97,1003.0,7.7,91,0.8
2025-11-13 04:00:00,12.2,97,1002.0,6.4,115,1.2
2025-11-13 05:00:00,12.2,96,1001.9,4.4,150,1.7
2025-11-13 06:00:00,11.9,96,1001.1,10.9,209,2.6
2025-11-13 07:00:00,12.0,96,1000.3,16.8,221,1.5
2025-11-13 08:00:00,12.2,95,999.8,17.2,211,1.8
2025-11-13 09:00:00,12.3,95,999.4,19.2,214,2.1
2025-11-13 10:00:00,12.8,91,998.1,24.9,213,0.7
2025-11-13 11:00:00,13.3,84,998.0,27.9,210,0.2
2025-11-13 12:00:00,12.8,87,997.3,23.7,211,0.1
2025-11-13 13:00:00,13.0,84,996.9,28.6,216,0.2
2025-11-13 14:00:00,12.5,86,996.9,31.3,225,0.4
2025-11-13 15:00:00,12.2,88,997.1,29.2,232,0.7
2025-11-13 16:00:00,11.9,92,997.6,26.4,240,1.0
2025-11-13 17:00:00,11.8,92,997.9,26.8,234,1.0
2025-11-13 18:00:00,11.6,92,998.8,22.6,240,0.5
2025-11-13 19:00:00,11.4,92,999.5,19.1,239,0.4
2025-11-13 20:00:00,11.1,93,1000.2,15.5,245,0.3
2025-11-13 21:00:00,10.9,94,1000.7,12.1,249,0.2
2025-11-13 22:00:00,10.7,95,1000.9,7.6,236,0.0
2025-11-13 23:00:00,10.1,96,1001.0,1.5,284,0.0
2025-11-14 00:00:00,10.5,97,1000.7,3.0,33,0.0
2025-11-14 01:00:00,10.6,96,1000.4,5.0,103,0.0
2025-11-14 02:00:00,11.1,93,1000.2,8.4,97,0.0
2025-11-14 03:00:00,11.5,92,1000.3,11.7,91,0.0
2025-11-14 04:00:00,11.5,93,1000.1,12.7,97,0.0
2025-11-14 05:00:00,11.7,92,1000.2,11.0,91,0.0
2025-11-14 06:00:00,12.7,88,1000.0,12.8,79,0.0
2025-11-14 07:00:00,14.4,77,1000.1,11.2,62,0.0
2025-11-14 08:00:00,15.3,71,1000.3,8.0,65,0.0
2025-11-14 09:00:00,16.9,67,1000.1,4.7,83,0.0
2025-11-14 10:00:00,18.7,60,999.8,3.2,71,0.0
2025-11-14 11:00:00,19.5,61,999.4,7.7,57,0.0
2025-11-14 12:00:00,19.4,60,998.4,13.1,77,0.0
2025-11-14 13:00:00,19.1,65,997.4,18.5,60,0.0
2025-11-14 14:00:00,18.6,66,996.7,20.5,55,0.0
2025-11-14 15:00:00,18.6,67,995.5,19.8,57,0.0
2025-11-14 16:00:00,20.8,57,994.8,12.0,339,0.0
2025-11-14 17:00:00,19.9,41,995.0,19.9,301,0.0
2025-11-14 18:00:00,19.4,51,993.7,15.0,343,0.0
2025-11-14 19:00:00,17.3,58,993.8,15.7,1,0.0
2025-11-14 20:00:00,15.9,57,994.1,17.6,1,0.0
2025-11-14 21:00:00,15.6,56,994.0,17.0,5,0.0
2025-11-14 22:00:00,14.7,65,994.0,12.3,15,0.1
2025-11-14 23:00:00,14.7,67,993.9,10.8,1,0.0
2025-11-15 00:00:00,14.7,66,994.1,12.6,334,0.0
2025-11-15 01:00:00,12.6,75,995.3,22.9,237,0.1
2025-11-15 02:00:00,10.5,85,996.8,20.3,228,0.2
2025-11-15 03:00:00,10.0,87,997.5,20.5,211,0.1
2025-11-15 04:00:00,9.1,87,998.4,15.3,214,0.0
2025-11-15 05:00:00,8.9,88,999.6,13.0,224,0.0
2025-11-15 06:00:00,9.6,82,1000.7,9.4,270,0.0
2025-11-15 07:00:00,10.2,82,1001.8,8.3,257,0.2
2025-11-15 08:00:00,11.5,69,1002.7,6.5,219,0.1
2025-11-15 09:00:00,12.5,64,1003.3,3.6,261,0.1
2025-11-15 10:00:00,13.3,66,1003.8,3.6,319,0.1
2025-11-15 11:00:00,13.7,65,1004.5,2.5,352,0.2
2025-11-15 12:00:00,13.4,63,1004.4,9.3,8,0.1
2025-11-15 13:00:00,12.7,68,1005.6,9.7,132,0.5
2025-11-15 14:00:00,12.7,73,1006.5,6.3,263,0.2
2025-11-15 15:00:00,12.2,74,1007.6,2.4,279,0.2
2025-11-15 16:00:00,12.3,72,1008.8,3.6,60,0.1
2025-11-15 17:00:00,11.6,76,1010.0,4.9,4,0.1
2025-11-15 18:00:00,11.0,77,1011.5,4.4,52,0.0
2025-11-15 19:00:00,10.8,78,1012.9,6.7,38,0.0
2025-11-15 20:00:00,10.4,82,1013.8,6.0,27,0.0
2025-11-15 21:00:00,9.7,86,1015.0,4.6,39,0.0
2025-11-15 22:00:00,9.8,85,1016.0,5.4,70,0.0
2025-11-15 23:00:00,9.9,85,1016.6,6.0,85,0.0
2025-11-16 00:00:00,8.5,89,1016.8,4.7,97,0.0
2025-11-16 01:00:00,8.5,91,1017.3,5.5,81,0.0
2025-11-16 02:00:00,9.3,88,1017.5,7.5,79,0.0
2025-11-16 03:00:00,9.4,85,1018.1,8.1,78,0.0
2025-11-16 04:00:00,9.0,84,1018.8,6.5,76,0.0
2025-11-16 05:00:00,8.7,84,1019.5,6.5,95,0.0
2025-11-16 06:00:00,10.4,75,1020.3,13.0,79,0.0
2025-11-16 07:00:00,11.4,66,1021.1,15.4,61,0.0
2025-11-16 08:00:00,11.9,63,1021.4,16.9,52,0.0
2025-11-16 09:00:00,12.7,60,1021.9,17.3,42,0.0
2025-11-16 10:00:00,13.6,54,1022.2,18.7,40,0.0
2025-11-16 11:00:00,14.3,57,1022.2,20.0,48,0.0
2025-11-16 12:00:00,15.5,61,1021.3,21.9,55,0.0
2025-11-16 13:00:00,15.6,62,1021.0,23.1,66,0.0
2025-11-16 14:00:00,15.1,68,1020.7,23.9,72,0.0
2025-11-16 15:00:00,14.9,68,1020.3,25.5,74,0.0
2025-11-16 16:00:00,14.4,72,1020.1,25.9,74,0.0
2025-11-16 17:00:00,14.1,74,1019.5,24.8,77,0.0
2025-11-16 18:00:00,13.7,75,1019.1,24.1,80,0.0
2025-11-16 19:00:00,13.0,80,1018.7,22.0,85,0.0
2025-11-16 20:00:00,12.5,84,1018.4,19.7,94,0.0
2025-11-16 21:00:00,12.5,84,1018.4,18.0,93,0.0
2025-11-16 22:00:00,12.8,84,1018.2,18.0,83,0.0
2025-11-16 23:00:00,12.8,85,1017.2,19.4,72,0.0
2025-11-17 00:00:00,12.8,86,1016.1,19.2,68,0.0
2025-11-17 01:00:00,12.6,89,1015.4,15.6,76,0.0
2025-11-17 02:00:00,12.6,90,1015.2,11.2,89,0.0
2025-11-17 03:00:00,12.0,81,1014.9,6.8,32,0.0
2025-11-17 04:00:00,11.7,70,1014.5,9.9,2,0.0
2025-11-17 05:00:00,11.5,71,1014.4,11.4,7,0.0
2025-11-17 06:00:00,12.6,67,1014.1,18.6,6,0.0
2025-11-17 07:00:00,13.7,61,1014.1,17.3,3,0.0
2025-11-17 08:00:00,15.3,56,1013.8,17.8,2,0.0
2025-11-17 09:00:00,17.0,55,1013.5,14.3,353,0.0
2025-11-17 10:00:00,18.7,54,1013.3,9.2,340,0.0
2025-11-17 11:00:00,20.5,50,1012.8,9.4,360,0.0
2025-11-17 12:00:00,22.9,43,1011.8,17.1,17,0.0
2025-11-17 13:00:00,23.0,48,1011.2,14.5,30,0.0
2025-11-17 14:00:00,23.6,50,1010.3,11.9,31,0.0
2025-11-17 15:00:00,24.2,41,1010.1,11.9,321,0.0
2025-11-17 16:00:00,24.2,42,1009.5,13.0,346,0.0
2025-11-17 17:00:00,22.4,52,1009.7,16.5,353,0.0
2025-11-17 18:00:00,22.2,50,1009.1,15.9,348,0.0
2025-11-17 19:00:00,20.4,55,1008.7,13.2,4,0.0
2025-11-17 20:00:00,19.1,61,1008.9,10.9,8,0.0
2025-11-17 21:00:00,18.3,65,1009.0,12.2,13,0.0
2025-11-17 22:00:00,18.4,62,1009.4,16.2,347,0.0
2025-11-17 23:00:00,18.3,62,1008.9,14.9,353,0.0
2025-11-18 00:00:00,15.9,74,1007.5,6.3,37,0.0
2025-11-18 01:00:00,17.5,64,1006.5,16.6,21,0.0
2025-11-18 02:00:00,17.4,57,1005.6,19.6,27,0.0
2025-11-18 03:00:00,17.1,60,1005.0,18.2,32,0.0
2025-11-18 04:00:00,17.8,60,1004.5,20.2,21,0.0
2025-11-18 05:00:00,18.1,60,1004.3,21.7,25,0.0
2025-11-18 06:00:00,18.3,64,1002.8,19.8,33,0.0
2025-11-18 07:00:00,19.0,63,1002.9,20.7,23,0.0
2025-11-18 08:00:00,19.5,62,1002.2,24.1,38,0.0
2025-11-18 09:00:00,20.4,57,1002.1,25.8,39,0.0
2025-11-18 10:00:00,20.8,57,1002.2,24.7,39,0.0
2025-11-18 11:00:00,21.1,59,1002.0,21.9,45,0.0
2025-11-18 12:00:00,23.5,51,1001.1,19.6,29,0.0
2025-11-18 13:00:00,24.1,45,1000.8,22.5,20,0.0
2025-11-18 14:00:00,23.1,52,1000.7,18.8,44,0.0
2025-11-18 15:00:00,24.0,49,1000.7,24.2,15,0.0
2025-11-18 16:00:00,23.7,49,1001.5,25.2,3,0.0
2025-11-18 17:00:00,23.9,49,1002.1,22.6,8,0.0
2025-11-18 18:00:00,23.2,54,1001.7,18.2,9,0.0
2025-11-18 19:00:00,21.6,58,1002.5,15.8,30,0.0
2025-11-18 20:00:00,20.2,63,1003.3,20.7,30,0.0
2025-11-18 21:00:00,20.2,62,1004.7,21.2,20,0.0
2025-11-18 22:00:00,19.7,63,1005.2,21.3,19,0.0
2025-11-18 23:00:00,19.3,64,1005.9,23.1,26,0.0
2025-11-19 00:00:00,19.4,65,1005.8,25.3,15,0.0
2025-11-19 01:00:00,19.2,65,1005.7,21.1,11,0.0
2025-11-19 02:00:00,19.1,64,1005.6,16.8,4,0.0
2025-11-19 03:00:00,18.9,64,1005.7,12.2,2,0.0
2025-11-19 04:00:00,18.1,67,1005.6,8.6,31,0.0
2025-11-19 05:00:00,17.9,68,1006.6,11.8,24,0.2
2025-11-19 06:00:00,17.0,77,1006.6,4.8,75,0.6
2025-11-19 07:00:00,17.4,77,1006.9,5.9,104,0.1
2025-11-19 08:00:00,17.8,73,1007.5,5.6,94,0.0
2025-11-19 09:00:00,17.6,74,1007.2,6.8,88,0.1
2025-11-19 10:00:00,17.9,73,1007.5,6.9,97,0.0
2025-11-19 11:00:00,22.3,57,1006.6,6.3,85,0.0
2025-11-19 12:00:00,23.2,53,1006.0,9.7,50,0.0
2025-11-19 13:00:00,23.5,53,1006.1,8.7,52,0.0
2025-11-19 14:00:00,24.2,51,1006.0,7.3,28,0.0
2025-11-19 15:00:00,23.1,56,1005.6,5.1,39,0.0
2025-11-19 16:00:00,21.7,60,1005.9,4.3,336,0.0
2025-11-19 17:00:00,21.5,67,1006.0,5.6,230,0.1
2025-11-19 18:00:00,19.4,70,1006.7,3.9,37,0.0
2025-11-19 19:00:00,18.3,72,1007.4,5.6,61,0.0
2025-11-19 20:00:00,17.2,76,1007.8,4.5,56,0.0
2025-11-19 21:00:00,16.9,76,1008.0,4.1,77,0.0
2025-11-19 22:00:00,16.3,78,1008.0,5.3,62,0.3
2025-11-19 23:00:00,15.7,84,1008.1,6.0,74,2.6
2025-11-20 00:00:00,15.6,87,1008.0,0.5,315,4.2
2025-11-20 01:00:00,15.9,85,1008.1,4.3,204,0.0
2025-11-20 02:00:00,15.7,86,1008.2,9.3,221,0.1
2025-11-20 03:00:00,15.5,88,1009.2,5.8,250,0.1
2025-11-20 04:00:00,14.6,93,1009.9,9.2,249,0.0
2025-11-20 05:00:00,13.9,92,1010.6,12.1,229,0.0
2025-11-20 06:00:00,13.6,91,1011.4,13.5,243,0.0
2025-11-20 07:00:00,15.5,80,1012.5,12.8,222,0.0
2025-11-20 08:00:00,17.4,67,1013.5,14.0,218,0.0
2025-11-20 09:00:00,19.3,57,1013.8,14.5,226,0.0
2025-11-20 10:00:00,20.9,51,1014.4,16.3,233,0.0
2025-11-20 11:00:00,22.3,46,1014.9,15.3,232,0.0
2025-11-20 12:00:00,24.8,40,1014.2,11.7,218,0.0
2025-11-20 13:00:00,25.9,36,1014.1,7.0,212,0.0
2025-11-20 14:00:00,25.8,36,1014.1,7.8,86,0.0
2025-11-20 15:00:00,22.6,54,1014.4,18.9,69,0.0
2025-11-20 16:00:00,21.0,59,1014.7,16.5,84,0.0
2025-11-20 17:00:00,18.2,70,1015.4,18.2,73,0.0
2025-11-20 18:00:00,17.5,74,1015.6,13.7,95,0.0
2025-11-20 19:00:00,17.1,75,1015.5,11.7,111,0.0
2025-11-20 20:00:00,16.5,76,1015.5,14.7,102,0.0
2025-11-20 21:00:00,16.5,77,1015.9,14.2,108,0.0
2025-11-20 22:00:00,16.3,80,1016.0,12.4,120,0.0
2025-11-20 23:00:00,15.9,82,1016.0,10.2,124,0.0
2025-11-21 00:00:00,15.8,82,1015.3,9.9,132,0.0
2025-11-21 01:00:00,15.0,85,1014.9,3.3,144,0.0
2025-11-21 02:00:00,14.8,83,1014.7,2.3,241,0.0
2025-11-21 03:00:00,14.4,84,1014.6,4.3,255,0.0
2025-11-21 04:00:00,13.8,81,1014.6,4.7,261,0.0
2025-11-21 05:00:00,14.0,72,1014.2,6.4,295,0.0
2025-11-21 06:00:00,15.1,70,1013.9,2.5,120,0.0
2025-11-21 07:00:00,17.2,62,1014.0,3.8,107,0.0
2025-11-21 08:00:00,20.4,48,1014.2,3.5,81,0.0
2025-11-21 09:00:00,23.0,39,1014.0,2.5,352,0.0
2025-11-21 10:00:00,24.5,36,1014.1,9.4,310,0.0
2025-11-21 11:00:00,25.7,35,1014.1,11.3,324,0.0
2025-11-21 12:00:00,26.9,32,1012.7,12.7,40,0.0
2025-11-21 13:00:00,27.0,34,1012.8,1.9,326,0.0
2025-11-21 14:00:00,28.9,26,1012.3,20.3,290,0.0
2025-11-21 15:00:00,25.8,37,1012.7,18.0,234,0.0
2025-11-21 16:00:00,23.6,41,1013.2,16.7,226,0.0
2025-11-21 17:00:00,20.7,47,1013.8,18.0,218,0.0
2025-11-21 18:00:00,17.1,61,1014.4,20.1,225,0.0
2025-11-21 19:00:00,14.6,76,1015.2,22.5,223,0.0
2025-11-21 20:00:00,13.5,80,1015.7,23.4,220,0.0
2025-11-21 21:00:00,13.1,80,1016.7,21.3,218,0.0
2025-11-21 22:00:00,12.9,80,1017.6,20.2,217,0.0
2025-11-21 23:00:00,12.5,82,1018.1,17.2,217,0.0
2025-11-22 00:00:00,12.2,81,1018.7,11.4,235,0.0
2025-11-22 01:00:00,11.8,83,1018.8,8.0,239,0.0
2025-11-22 02:00:00,11.3,85,1019.1,7.5,228,0.0
2025-11-22 03:00:00,10.9,88,1019.0,3.4,223,0.0
2025-11-22 04:00:00,10.8,89,1019.1,2.8,243,0.0
2025-11-22 05:00:00,10.7,90,1019.5,2.3,212,0.0
2025-11-22 06:00:00,11.3,86,1020.0,2.3,203,0.0
2025-11-22 07:00:00,12.7,78,1020.2,3.4,84,0.0
2025-11-22 08:00:00,14.2,68,1020.7,8.9,72,0.1
2025-11-22 09:00:00,15.3,60,1020.7,13.6,75,0.1
2025-11-22 10:00:00,15.8,52,1020.7,16.1,76,0.0
2025-11-22 11:00:00,15.8,50,1020.8,17.5,78,0.0
2025-11-22 12:00:00,16.3,44,1019.8,18.1,80,0.0
2025-11-22 13:00:00,16.4,43,1019.4,21.0,83,0.0
2025-11-22 14:00:00,16.2,45,1018.9,21.5,81,0.0
2025-11-22 15:00:00,15.8,47,1018.3,21.1,79,0.0
2025-11-22 16:00:00,15.2,51,1017.8,20.3,77,0.0
2025-11-22 17:00:00,15.0,52,1017.6,19.6,75,0.0
2025-11-22 18:00:00,14.3,60,1017.0,18.6,77,0.0
2025-11-22 19:00:00,13.4,68,1016.9,19.0,77,0.0
2025-11-22 20:00:00,12.8,75,1016.9,19.0,78,0.0
2025-11-22 21:00:00,12.7,78,1017.0,18.6,75,0.0
2025-11-22 22:00:00,12.8,78,1016.9,18.4,74,0.1
2025-11-22 23:00:00,12.7,78,1016.2,17.8,68,0.0
2025-11-23 00:00:00,12.3,83,1015.9,16.8,64,0.0
2025-11-23 01:00:00,12.6,81,1015.4,16.4,61,0.0
2025-11-23 02:00:00,12.9,80,1014.7,15.5,62,0.0
2025-11-23 03:00:00,12.9,81,1014.2,14.3,62,0.0
2025-11-23 04:00:00,12.9,83,1013.8,13.3,58,0.0
2025-11-23 05:00:00,12.9,84,1013.7,12.4,60,0.0
2025-11-23 06:00:00,13.7,81,1014.1,14.2,57,0.0
2025-11-23 07:00:00,14.0,80,1013.9,13.2,56,0.0
2025-11-23 08:00:00,15.1,74,1013.6,11.3,57,0.0
2025-11-23 09:00:00,15.7,71,1013.5,9.5,63,0.0
2025-11-23 10:00:00,16.9,66,1013.1,8.6,64,0.1
2025-11-23 11:00:00,17.9,62,1012.8,8.0,63,0.0
2025-11-23 12:00:00,18.6,58,1011.7,8.5,72,0.0
2025-11-23 13:00:00,19.1,58,1011.1,13.3,63,0.0
2025-11-23 14:00:00,18.6,63,1010.8,15.7,60,0.0
2025-11-23 15:00:00,17.9,66,1010.3,16.2,61,0.0
2025-11-23 16:00:00,17.3,67,1010.2,15.9,59,0.0
2025-11-23 17:00:00,16.5,70,1010.2,14.6,70,0.0
2025-11-23 18:00:00,15.1,77,1010.0,13.9,71,0.0
2025-11-23 19:00:00,14.0,84,1010.4,12.4,88,0.0
2025-11-23 20:00:00,13.7,87,1010.8,11.1,97,0.0
2025-11-23 21:00:00,14.2,86,1011.8,8.4,99,0.2
2025-11-23 22:00:00,14.2,85,1012.4,7.1,106,0.2
2025-11-23 23:00:00,14.1,84,1012.7,7.4,135,0.8
2025-11-24 00:00:00,13.1,87,1013.4,8.2,166,1.1
2025-11-24 01:00:00,12.8,87,1013.4,6.5,185,0.1
2025-11-24 02:00:00,12.5,86,1013.6,5.6,213,0.1
2025-11-24 03:00:00,12.2,88,1013.9,6.0,213,0.2
2025-11-24 04:00:00,11.7,90,1014.0,7.8,187,0.4
2025-11-24 05:00:00,11.3,89,1014.4,8.9,161,0.3
2025-11-24 06:00:00,10.9,81,1015.1,5.2,151,0.1
2025-11-24 07:00:00,11.0,80,1015.8,3.5,159,0.0
2025-11-24 08:00:00,11.3,80,1016.2,1.5,150,0.0
2025-11-24 09:00:00,11.8,76,1016.5,1.7,13,0.0
2025-11-24 10:00:00,12.6,72,1016.5,4.5,23,0.0
2025-11-24 11:00:00,13.2,70,1016.8,7.3,31,0.0
2025-11-24 12:00:00,13.5,69,1016.7,11.2,40,0.0
2025-11-24 13:00:00,13.4,70,1016.8,16.3,55,0.0
2025-11-24 14:00:00,13.0,71,1016.6,18.4,74,0.0
2025-11-24 15:00:00,13.3,68,1016.6,18.2,74,0.0
2025-11-24 16:00:00,12.6,71,1016.6,17.7,70,0.0
2025-11-24 17:00:00,12.6,72,1016.8,17.0,69,0.0
2025-11-24 18:00:00,12.2,73,1017.1,17.6,70,0.0
2025-11-24 19:00:00,11.6,75,1017.8,16.6,67,0.0
2025-11-24 20:00:00,11.4,77,1018.2,15.1,64,0.0
2025-11-24 21:00:00,11.5,77,1018.7,13.5,67,0.0
2025-11-24 22:00:00,11.6,78,1018.8,13.4,64,0.0
2025-11-24 23:00:00,11.3,80,1018.6,12.5,60,0.0
2025-11-25 00:00:00,12.1,78,1018.6,13.4,51,0.0
2025-11-25 01:00:00,12.1,80,1018.1,15.0,48,0.0
2025-11-25 02:00:00,12.2,82,1017.7,16.0,52,0.0
2025-11-25 03:00:00,12.4,82,1017.4,16.7,54,0.0
2025-11-25 04:00:00,12.4,84,1016.9,19.1,52,0.1
2025-11-25 05:00:00,12.7,84,1017.0,19.9,49,0.1
2025-11-25 06:00:00,12.9,87,1016.7,21.9,47,0.1
2025-11-25 07:00:00,13.3,85,1016.5,24.7,49,0.2
2025-11-25 08:00:00,14.2,78,1016.4,26.7,51,0.3
2025-11-25 09:00:00,14.8,75,1016.1,27.6,52,0.2
2025-11-25 10:00:00,15.3,74,1015.8,27.2,54,0.2
2025-11-25 11:00:00,15.7,73,1015.6,27.0,59,0.1
2025-11-25 12:00:00,16.9,69,1014.3,25.2,70,0.0
2025-11-25 13:00:00,17.0,68,1013.4,25.2,73,0.0
2025-11-25 14:00:00,17.2,66,1012.6,24.4,75,0.0
2025-11-25 15:00:00,17.3,73,1011.8,20.4,84,0.0
2025-11-25 16:00:00,17.4,73,1011.0,19.6,88,0.0
2025-11-25 17:00:00,16.8,76,1010.3,17.5,100,0.0
2025-11-25 18:00:00,15.8,80,1009.7,17.0,109,0.0
2025-11-25 19:00:00,15.5,82,1009.3,17.7,100,0.0
2025-11-25 20:00:00,14.9,86,1009.0,15.1,112,0.0
2025-11-25 21:00:00,14.6,88,1009.0,10.1,114,0.0
2025-11-25 22:00:00,14.4,88,1008.5,7.7,115,0.0
2025-11-25 23:00:00,14.9,83,1007.9,5.6,84,0.0
2025-11-26 00:00:00,14.6,88,1006.8,10.6,122,0.0
2025-11-26 01:00:00,14.8,88,1005.6,9.4,107,0.0
2025-11-26 02:00:00,15.3,87,1004.4,9.6,77,0.0
2025-11-26 03:00:00,16.2,73,1003.4,19.2,43,0.0
2025-11-26 04:00:00,16.6,74,1002.4,24.1,45,0.0
2025-11-26 05:00:00,16.7,75,1001.9,24.0,49,0.0
2025-11-26 06:00:00,16.9,77,1000.8,20.8,43,0.0
2025-11-26 07:00:00,17.1,80,1000.6,22.0,37,1.0
2025-11-26 08:00:00,16.2,89,1000.2,23.5,45,4.6
2025-11-26 09:00:00,18.4,85,1000.0,21.9,42,0.0
2025-11-26 10:00:00,20.3,74,999.6,25.8,34,0.0
2025-11-26 11:00:00,21.1,70,999.8,24.0,34,0.0
2025-11-26 12:00:00,25.3,53,998.3,19.7,355,0.0
2025-11-26 13:00:00,26.2,48,998.0,21.0,339,0.0
2025-11-26 14:00:00,26.3,47,998.3,21.1,334,0.0
2025-11-26 15:00:00,25.5,48,998.8,16.9,329,0.0
2025-11-26 16:00:00,24.6,48,999.0,16.4,321,0.0
2025-11-26 17:00:00,23.6,52,999.5,9.3,319,0.0
2025-11-26 18:00:00,24.2,54,999.5,16.8,308,0.0
2025-11-26 19:00:00,22.2,59,1000.3,15.8,305,0.0
2025-11-26 20:00:00,20.3,68,1000.8,11.4,322,0.0
2025-11-26 21:00:00,18.6,72,1001.5,14.9,13,0.0
2025-11-26 22:00:00,17.9,72,1001.6,15.3,15,0.0
2025-11-26 23:00:00,17.5,73,1001.1,13.0,18,0.0
2025-11-27 00:00:00,16.0,76,1000.9,2.9,360,0.0
2025-11-27 01:00:00,14.8,82,1000.6,5.8,346,0.0
2025-11-27 02:00:00,14.0,85,1000.7,5.7,351,0.0
2025-11-27 03:00:00,13.1,86,1000.3,1.5,120,0.0
2025-11-27 04:00:00,13.2,83,999.7,0.2,180,0.0
2025-11-27 05:00:00,13.5,80,999.3,2.9,184,0.0
2025-11-27 06:00:00,15.0,75,997.7,7.9,69,0.0
2025-11-27 07:00:00,19.4,63,996.6,27.8,3,0.0
2025-11-27 08:00:00,21.4,53,995.5,28.5,13,0.0
2025-11-27 09:00:00,22.6,45,993.7,33.9,33,0.0
2025-11-27 10:00:00,22.9,48,992.3,32.1,41,0.0
2025-11-27 11:00:00,22.9,55,992.2,26.2,28,0.1
2025-11-27 12:00:00,22.7,64,992.5,18.9,21,0.4
2025-11-27 13:00:00,24.4,56,992.1,21.6,15,0.1
2025-11-27 14:00:00,25.9,53,992.1,22.4,355,0.0
2025-11-27 15:00:00,26.7,48,991.8,18.3,342,0.0
2025-11-27 16:00:00,26.7,44,992.2,19.6,316,0.0
2025-11-27 17:00:00,25.2,44,993.1,19.4,311,0.0
2025-11-27 18:00:00,25.7,38,993.1,12.2,304,0.0
2025-11-27 19:00:00,23.5,50,993.6,10.7,6,0.0
2025-11-27 20:00:00,20.5,61,994.4,15.0,14,0.0
2025-11-27 21:00:00,19.2,57,994.8,14.5,14,0.0
2025-11-27 22:00:00,18.4,56,995.1,14.7,11,0.0
2025-11-27 23:00:00,17.6,54,995.1,9.4,1,0.0
2025-11-28 00:00:00,18.4,42,993.9,15.5,345,0.0
2025-11-28 01:00:00,18.0,47,993.5,13.1,351,0.0
2025-11-28 02:00:00,17.7,48,993.8,14.8,4,0.0
2025-11-28 03:00:00,17.6,53,993.9,16.2,359,0.0
2025-11-28 04:00:00,17.0,56,993.7,9.2,11,0.0
2025-11-28 05:00:00,16.8,59,994.3,9.6,34,0.0
2025-11-28 06:00:00,18.5,50,993.9,13.5,10,0.0
2025-11-28 07:00:00,19.1,49,994.8,13.7,351,0.0
2025-11-28 08:00:00,21.4,36,995.7,19.3,305,0.0
2025-11-28 09:00:00,22.7,37,996.8,26.1,295,0.0
2025-11-28 10:00:00,24.9,27,997.4,27.7,270,0.0
2025-11-28 11:00:00,25.8,27,998.2,22.5,251,0.0
2025-11-28 12:00:00,23.7,33,998.6,19.1,200,0.0
2025-11-28 13:00:00,21.8,39,1000.1,15.5,190,0.0
2025-11-28 14:00:00,22.4,37,1001.0,11.2,178,0.0
2025-11-28 15:00:00,22.0,38,1001.9,6.2,142,0.0
2025-11-28 16:00:00,20.2,43,1002.8,13.3,74,0.0
2025-11-28 17:00:00,18.0,49,1003.7,19.2,78,0.0
2025-11-28 18:00:00,15.7,54,1005.3,17.0,81,0.0
2025-11-28 19:00:00,14.2,56,1006.1,18.8,83,0.0
2025-11-28 20:00:00,13.4,64,1006.8,19.0,67,0.0
2025-11-28 21:00:00,13.1,68,1007.0,16.8,59,0.0
2025-11-28 22:00:00,13.0,69,1006.1,17.2,50,0.0
2025-11-28 23:00:00,12.7,71,1005.2,16.7,48,0.0
2025-11-29 00:00:00,12.8,68,1004.0,17.5,55,0.0
2025-11-29 01:00:00,12.6,74,1003.2,15.0,52,0.0
2025-11-29 02:00:00,12.4,77,1002.2,12.6,52,0.0
2025-11-29 03:00:00,11.6,82,1002.1,4.9,10,0.0
2025-11-29 04:00:00,11.1,81,1002.4,3.4,16,0.0
2025-11-29 05:00:00,12.3,62,1003.4,12.3,273,0.0
2025-11-29 06:00:00,13.4,57,1003.0,10.1,245,0.0
2025-11-29 07:00:00,15.1,51,1002.6,3.9,236,0.0
2025-11-29 08:00:00,17.1,44,1002.9,7.2,332,0.0
2025-11-29 09:00:00,18.5,42,1003.0,7.1,339,0.0
2025-11-29 10:00:00,20.3,44,1003.0,8.4,325,0.0
2025-11-29 11:00:00,22.5,37,1003.1,14.5,315,0.0
2025-11-29 12:00:00,23.7,35,1002.0,8.2,341,0.0
2025-11-29 13:00:00,25.0,30,1001.8,8.5,353,0.0
2025-11-29 14:00:00,25.6,29,1001.8,12.5,337,0.0
2025-11-29 15:00:00,24.6,33,1002.0,19.8,318,0.0
2025-11-29 16:00:00,24.4,32,1001.6,27.1,310,0.0
2025-11-29 17:00:00,23.4,35,1001.4,25.5,317,0.0
2025-11-29 18:00:00,22.6,39,1000.7,21.5,324,0.0
2025-11-29 19:00:00,21.2,44,1001.3,17.9,323,0.0
2025-11-29 20:00:00,19.4,48,1001.6,16.8,317,0.0
2025-11-29 21:00:00,18.6,49,1002.1,17.7,305,0.0
2025-11-29 22:00:00,18.4,49,1002.4,19.0,300,0.0
2025-11-29 23:00:00,18.2,49,1001.9,16.7,294,0.0
2025-11-30 00:00:00,18.4,47,1001.3,13.4,290,0.0
2025-11-30 01:00:00,17.7,49,1001.0,6.2,36,0.0
2025-11-30 02:00:00,17.1,56,999.8,9.9,74,0.0
2025-11-30 03:00:00,17.1,58,999.4,9.8,73,0.0
2025-11-30 04:00:00,15.9,68,998.9,9.2,118,0.0
2025-11-30 05:00:00,15.5,70,998.5,6.1,102,0.0
2025-11-30 06:00:00,16.5,69,997.5,8.4,81,0.0
2025-11-30 07:00:00,17.4,59,996.8,3.6,57,0.0
2025-11-30 08:00:00,18.9,50,996.0,4.7,43,0.0
2025-11-30 09:00:00,20.1,45,994.9,10.7,13,0.0
2025-11-30 10:00:00,19.4,48,994.3,19.0,356,0.0
2025-11-30 11:00:00,19.5,49,993.7,18.0,360,0.0
2025-11-30 12:00:00,21.8,36,991.8,9.5,11,0.0
2025-11-30 13:00:00,21.7,34,991.2,14.8,40,0.0
2025-11-30 14:00:00,20.9,45,989.3,12.7,84,0.0
2025-11-30 15:00:00,19.9,49,987.4,13.8,97,0.2
2025-11-30 16:00:00,21.2,41,986.7,13.7,56,0.0
2025-11-30 17:00:00,16.9,67,985.8,16.2,86,0.1
2025-11-30 18:00:00,17.5,73,984.4,10.5,78,0.0
2025-11-30 19:00:00,17.8,74,983.8,11.0,41,0.0
2025-11-30 20:00:00,17.1,78,984.2,3.6,30,0.0
2025-11-30 21:00:00,16.4,81,985.2,9.5,213,0.0
2025-11-30 22:00:00,15.9,81,985.7,5.1,188,0.0
2025-11-30 23:00:00,15.1,86,985.8,1.5,216,0.0
2025-12-01 00:00:00,14.8,79,986.6,8.0,228,0.0
2025-12-01 01:00:00,13.9,83,987.6,11.7,232,0.0
2025-12-01 02:00:00,12.7,93,988.7,14.8,231,0.0
2025-12-01 03:00:00,12.2,94,989.9,16.3,233,0.0
2025-12-01 04:00:00,12.0,95,991.3,14.4,228,0.0
2025-12-01 05:00:00,11.7,97,992.4,12.1,222,0.0
2025-12-01 06:00:00,13.4,92,993.5,8.9,252,0.0
2025-12-01 07:00:00,15.4,79,994.5,9.4,223,0.0
2025-12-01 08:00:00,17.8,60,995.5,9.5,217,0.0
2025-12-01 09:00:00,18.6,58,996.3,6.3,243,0.1
2025-12-01 10:00:00,19.3,52,996.5,4.6,288,0.2
2025-12-01 11:00:00,19.9,49,996.6,3.0,308,0.2
2025-12-01 12:00:00,20.9,44,996.4,13.1,81,0.0
2025-12-01 13:00:00,21.6,45,995.7,13.3,77,0.0
2025-12-01 14:00:00,20.9,50,995.9,13.2,38,0.3
2025-12-01 15:00:00,17.0,68,997.0,19.2,62,0.1
2025-12-01 16:00:00,15.4,72,997.3,23.1,87,0.0
2025-12-01 17:00:00,15.7,72,997.5,19.8,83,0.0
2025-12-01 18:00:00,14.7,77,997.5,19.8,87,0.0
2025-12-01 19:00:00,14.2,80,997.7,18.2,87,0.0
2025-12-01 20:00:00,13.9,83,997.7,17.5,81,0.0
2025-12-01 21:00:00,13.7,86,998.0,17.6,96,0.0
2025-12-01 22:00:00,14.0,87,998.3,9.0,96,0.0
2025-12-01 23:00:00,13.4,90,997.9,0.6,162,0.0
2025-12-02 00:00:00,13.5,89,998.5,6.8,92,0.0
2025-12-02 01:00:00,12.2,93,998.0,0.5,135,0.0
2025-12-02 02:00:00,11.0,98,998.4,4.4,249,0.0
2025-12-02 03:00:00,10.3,99,998.2,6.6,223,0.0
2025-12-02 04:00:00,10.1,99,998.8,5.2,236,0.0
2025-12-02 05:00:00,10.1,98,999.3,7.1,221,0.0
2025-12-02 06:00:00,12.4,87,999.1,3.5,285,0.9
2025-12-02 07:00:00,13.5,82,999.3,2.7,247,0.0
2025-12-02 08:00:00,14.4,75,999.3,0.4,63,0.0
2025-12-02 09:00:00,14.7,70,999.6,2.6,56,0.0
2025-12-02 10:00:00,14.6,69,1000.5,5.3,352,0.3
2025-12-02 11:00:00,13.9,79,1001.5,15.5,242,1.1
2025-12-02 12:00:00,14.3,76,1002.2,19.2,225,0.1
2025-12-02 13:00:00,15.8,66,1002.2,21.0,219,0.0
2025-12-02 14:00:00,16.5,60,1002.3,18.9,216,0.0
2025-12-02 15:00:00,17.1,56,1002.6,16.0,207,0.0
2025-12-02 16:00:00,16.8,58,1003.0,12.1,195,0.0
2025-12-02 17:00:00,16.8,57,1002.7,9.5,170,0.0
2025-12-02 18:00:00,16.4,59,1003.7,2.6,106,0.0
2025-12-02 19:00:00,14.7,70,1004.5,13.3,74,0.0
2025-12-02 20:00:00,13.0,80,1005.2,14.4,81,0.0
2025-12-02 21:00:00,12.6,81,1005.9,13.0,91,0.0
2025-12-02 22:00:00,12.3,83,1006.2,9.7,91,0.0
2025-12-02 23:00:00,11.9,86,1005.8,8.3,95,0.0
2025-12-03 00:00:00,11.5,91,1005.8,9.2,94,0.0
2025-12-03 01:00:00,11.6,90,1005.4,9.5,105,0.0
2025-12-03 02:00:00,11.7,89,1005.1,11.4,106,0.0
2025-12-03 03:00:00,12.0,86,1004.7,12.5,110,0.0
2025-12-03 04:00:00,11.7,87,1004.4,11.6,111,0.0
2025-12-03 05:00:00,11.9,85,1004.1,11.8,119,0.0
2025-12-03 06:00:00,12.3,80,1004.4,14.1,103,0.0
2025-12-03 07:00:00,12.5,75,1004.4,14.8,100,0.1
2025-12-03 08:00:00,12.8,71,1004.6,13.7,107,0.0
2025-12-03 09:00:00,13.4,68,1004.9,14.2,99,0.0
2025-12-03 10:00:00,13.5,67,1004.6,12.2,109,0.0
2025-12-03 11:00:00,14.5,63,1004.1,12.2,104,0.0
2025-12-03 12:00:00,14.7,61,1003.7,14.1,97,0.2
2025-12-03 13:00:00,14.6,63,1003.3,12.5,97,0.0
2025-12-03 14:00:00,14.7,62,1003.0,13.5,104,0.1
2025-12-03 15:00:00,14.9,59,1002.7,12.1,108,0.0
2025-12-03 16:00:00,14.7,59,1002.9,9.6,116,0.0
2025-12-03 17:00:00,14.2,61,1002.9,8.4,113,0.0
2025-12-03 18:00:00,13.4,67,1003.2,4.6,138,0.0
2025-12-03 19:00:00,13.1,69,1003.7,4.6,206,0.0
2025-12-03 20:00:00,12.5,72,1003.9,7.2,202,0.0
2025-12-03 21:00:00,11.6,75,1004.3,8.8,175,0.0
2025-12-03 22:00:00,11.0,78,1004.5,7.5,204,0.0
2025-12-03 23:00:00,10.3,82,1004.7,7.1,223,0.0
2025-12-04 00:00:00,10.3,81,1004.7,10.4,219,0.0
2025-12-04 01:00:00,10.3,81,1004.4,10.6,224,0.0
2025-12-04 02:00:00,10.1,81,1004.5,12.6,224,0.0
2025-12-04 03:00:00,10.2,79,1004.7,12.2,226,0.0
2025-12-04 04:00:00,9.9,80,1005.0,9.7,228,0.0
2025-12-04 05:00:00,9.7,82,1005.3,8.4,242,0.0
2025-12-04 06:00:00,10.4,83,1005.7,9.0,272,0.0
2025-12-04 07:00:00,12.1,76,1006.2,9.7,251,0.0
2025-12-04 08:00:00,13.8,64,1006.3,12.6,218,0.0
2025-12-04 09:00:00,14.8,58,1006.5,14.5,219,0.0
2025-12-04 10:00:00,15.8,53,1006.3,16.2,223,0.0
2025-12-04 11:00:00,16.7,50,1006.2,17.8,223,0.0
2025-12-04 12:00:00,18.3,41,1005.2,18.3,224,0.0
2025-12-04 13:00:00,18.7,44,1004.9,17.3,215,0.0
2025-12-04 14:00:00,18.4,46,1004.8,15.3,217,0.0
2025-12-04 15:00:00,18.7,42,1004.4,14.1,199,0.0
2025-12-04 16:00:00,18.7,40,1004.3,14.2,188,0.0
2025-12-04 17:00:00,18.7,36,1004.2,8.5,174,0.0
2025-12-04 18:00:00,18.2,34,1004.6,1.9,56,0.0
2025-12-04 19:00:00,16.0,60,1005.0,8.4,25,0.0
2025-12-04 20:00:00,14.2,77,1005.5,8.0,31,0.0
2025-12-04 21:00:00,14.0,79,1006.3,5.5,44,0.0
2025-12-04 22:00:00,14.0,79,1006.3,5.5,58,0.0
2025-12-04 23:00:00,14.1,78,1006.3,5.4,75,0.0
2025-12-05 00:00:00,14.0,77,1006.5,5.0,60,0.0
2025-12-05 01:00:00,12.8,83,1006.2,4.2,83,0.0
2025-12-05 02:00:00,12.8,84,1005.8,5.8,92,0.0
2025-12-05 03:00:00,12.2,86,1005.7,5.4,84,0.0
2025-12-05 04:00:00,12.0,86,1005.5,5.0,71,0.0
2025-12-05 05:00:00,11.9,85,1005.5,5.0,69,0.0
2025-12-05 06:00:00,13.9,77,1005.7,9.1,60,0.0
2025-12-05 07:00:00,15.6,68,1005.6,10.3,63,0.0
2025-12-05 08:00:00,17.0,61,1005.3,11.3,53,0.0
2025-12-05 09:00:00,18.6,53,1005.0,10.6,47,0.0
2025-12-05 10:00:00,20.2,46,1004.6,10.7,48,0.0
2025-12-05 11:00:00,22.2,46,1004.4,7.7,49,0.0
2025-12-05 12:00:00,23.1,50,1003.2,10.7,82,0.0
2025-12-05 13:00:00,25.2,47,1002.3,8.9,83,0.0
2025-12-05 14:00:00,27.2,41,1001.8,8.8,301,0.0
2025-12-05 15:00:00,26.4,35,1001.6,35.1,300,0.0
2025-12-05 16:00:00,24.6,39,1002.4,31.7,301,0.0
2025-12-05 17:00:00,23.4,42,1002.6,25.0,313,0.0
2025-12-05 18:00:00,22.3,47,1002.5,28.4,300,0.0
2025-12-05 19:00:00,21.6,49,1002.6,26.2,308,0.0
2025-12-05 20:00:00,20.6,51,1002.7,23.8,308,0.0
2025-12-05 21:00:00,20.1,51,1003.4,21.0,308,0.0
2025-12-05 22:00:00,19.8,51,1004.0,16.5,288,0.0
2025-12-05 23:00:00,18.8,54,1004.2,13.6,309,0.0
2025-12-06 00:00:00,18.1,59,1004.3,1.4,247,0.0
2025-12-06 01:00:00,16.0,68,1005.2,13.9,86,0.0
2025-12-06 02:00:00,14.7,76,1005.8,10.6,81,0.0
2025-12-06 03:00:00,13.9,71,1006.7,14.0,89,0.0
2025-12-06 04:00:00,14.0,71,1007.1,12.2,98,0.0
2025-12-06 05:00:00,13.6,69,1008.0,13.0,92,0.0
2025-12-06 06:00:00,14.9,67,1008.8,15.4,85,0.0
2025-12-06 07:00:00,16.4,55,1009.6,19.4,80,0.0
2025-12-06 08:00:00,17.2,50,1010.0,21.5,78,0.0
2025-12-06 09:00:00,17.8,46,1010.6,22.7,79,0.0
2025-12-06 10:00:00,18.4,43,1010.7,23.5,81,0.0
2025-12-06 11:00:00,18.7,41,1011.1,24.9,82,0.0
2025-12-06 12:00:00,18.6,42,1011.7,27.3,77,0.0
2025-12-06 13:00:00,18.7,43,1011.3,29.3,78,0.0
2025-12-06 14:00:00,18.4,44,1011.2,29.5,79,0.0
2025-12-06 15:00:00,18.1,46,1011.2,29.1,79,0.0
2025-12-06 16:00:00,17.5,48,1010.8,29.4,80,0.0
2025-12-06 17:00:00,16.9,52,1010.6,27.1,86,0.0
2025-12-06 18:00:00,16.1,60,1010.6,25.6,88,0.0
2025-12-06 19:00:00,15.3,65,1010.8,22.9,94,0.0
2025-12-06 20:00:00,14.6,71,1010.7,20.1,99,0.0
2025-12-06 21:00:00,14.7,72,1011.1,17.7,107,0.3
2025-12-06 22:00:00,14.4,78,1010.4,17.0,105,0.2
2025-12-06 23:00:00,14.3,81,1010.4,12.2,115,0.0
2025-12-07 00:00:00,14.8,79,1009.7,9.2,116,0.0
2025-12-07 01:00:00,14.9,81,1009.2,4.4,81,0.0
2025-12-07 02:00:00,14.5,86,1008.8,4.7,72,0.0
2025-12-07 03:00:00,14.4,87,1008.7,1.7,131,0.0
2025-12-07 04:00:00,15.5,81,1008.7,1.9,73,0.0
2025-12-07 05:00:00,18.1,69,1008.9,12.8,336,0.0
2025-12-07 06:00:00,20.0,58,1008.2,17.2,308,0.0
2025-12-07 07:00:00,21.2,52,1008.1,25.0,310,0.0
2025-12-07 08:00:00,21.9,48,1008.7,26.7,320,0.0
2025-12-07 09:00:00,22.9,44,1008.7,21.6,341,0.0
2025-12-07 10:00:00,23.6,41,1007.9,21.5,337,0.0
2025-12-07 11:00:00,24.3,36,1007.6,18.5,331,0.0
2025-12-07 12:00:00,26.2,34,1005.9,18.7,343,0.0
2025-12-07 13:00:00,28.1,32,1005.7,18.0,348,0.0
2025-12-07 14:00:00,28.2,32,1005.9,15.1,327,0.0
2025-12-07 15:00:00,26.7,34,1006.1,28.8,319,0.0
2025-12-07 16:00:00,26.2,33,1005.3,24.7,338,0.0
2025-12-07 17:00:00,25.1,36,1004.7,21.2,1,0.0
2025-12-07 18:00:00,25.5,38,1003.9,18.6,351,0.0
2025-12-07 19:00:00,24.3,40,1003.8,17.3,344,0.0
2025-12-07 20:00:00,22.8,44,1004.2,18.5,353,0.0
2025-12-07 21:00:00,21.6,44,1004.8,21.0,351,0.0
2025-12-07 22:00:00,20.9,46,1005.0,22.3,2,0.0
2025-12-07 23:00:00,20.0,48,1004.6,23.8,4,0.0
2025-12-08 00:00:00,20.0,48,1003.3,25.4,1,0.0
2025-12-08 01:00:00,19.5,51,1002.5,21.8,10,0.0
2025-12-08 02:00:00,19.5,55,1001.8,20.2,13,0.0
2025-12-08 03:00:00,20.1,54,1001.6,25.4,7,0.0
2025-12-08 04:00:00,20.1,55,1001.4,24.6,15,0.0
2025-12-08 05:00:00,19.9,56,1002.6,19.6,10,0.0
2025-12-08 06:00:00,20.0,64,1002.4,23.2,8,0.2
2025-12-08 07:00:00,18.5,80,1003.9,13.9,339,1.3
2025-12-08 08:00:00,19.4,80,1006.0,13.3,254,0.8
2025-12-08 09:00:00,18.5,79,1008.3,20.7,247,0.5
2025-12-08 10:00:00,18.5,73,1009.7,14.8,226,0.3
2025-12-08 11:00:00,17.9,67,1011.4,16.2,183,0.1
2025-12-08 12:00:00,19.0,60,1012.5,3.8,161,0.0
2025-12-08 13:00:00,19.4,59,1013.4,5.6,92,0.7
2025-12-08 14:00:00,19.4,59,1013.8,10.2,49,0.2
2025-12-08 15:00:00,18.8,62,1014.1,18.8,56,0.0
2025-12-08 16:00:00,17.3,65,1015.0,21.3,67,0.0
2025-12-08 17:00:00,16.5,66,1015.5,22.1,78,0.0
2025-12-08 18:00:00,15.8,68,1016.4,21.0,76,0.0
2025-12-08 19:00:00,14.8,77,1017.1,20.5,75,0.0
2025-12-08 20:00:00,14.2,81,1017.5,19.0,73,0.0
2025-12-08 21:00:00,13.9,82,1018.2,18.5,74,0.0
2025-12-08 22:00:00,13.8,84,1018.6,18.1,73,0.0
2025-12-08 23:00:00,13.7,85,1018.5,17.3,70,0.0
2025-12-09 00:00:00,14.2,84,1018.9,16.7,65,0.0
2025-12-09 01:00:00,14.1,84,1018.5,15.9,65,0.0
2025-12-09 02:00:00,13.7,87,1017.9,14.2,68,0.0
2025-12-09 03:00:00,13.4,90,1017.3,14.2,68,0.0
2025-12-09 04:00:00,13.4,91,1016.8,13.5,67,0.0
2025-12-09 05:00:00,13.5,91,1016.8,11.6,74,0.0
2025-12-09 06:00:00,14.4,87,1016.8,13.9,80,0.0
2025-12-09 07:00:00,15.8,81,1016.7,14.4,68,0.0
2025-12-09 08:00:00,17.3,72,1016.6,10.4,67,0.0
2025-12-09 09:00:00,19.2,61,1016.3,8.0,56,0.0
2025-12-09 10:00:00,21.0,52,1015.8,7.8,52,0.0
2025-12-09 11:00:00,22.7,45,1015.5,7.8,52,0.0
2025-12-09 12:00:00,22.5,55,1015.2,11.9,70,0.0
2025-12-09 13:00:00,23.4,48,1014.3,13.7,77,0.0
2025-12-09 14:00:00,22.1,51,1014.0,18.0,79,0.0
2025-12-09 15:00:00,21.4,56,1013.6,18.0,88,0.0
2025-12-09 16:00:00,21.2,58,1013.0,18.2,92,0.0
2025-12-09 17:00:00,21.5,58,1012.6,13.5,91,0.0
2025-12-09 18:00:00,20.5,62,1012.7,11.3,90,0.0
2025-12-09 19:00:00,19.6,67,1012.6,9.4,78,0.0
2025-12-09 20:00:00,17.6,77,1012.2,7.6,105,0.0
2025-12-09 21:00:00,17.9,80,1012.0,2.8,101,0.0
2025-12-09 22:00:00,18.8,73,1011.5,8.3,346,0.0
2025-12-09 23:00:00,18.0,74,1011.2,5.9,346,0.0
2025-12-10 00:00:00,17.1,77,1010.5,5.1,352,0.0
2025-12-10 01:00:00,16.8,76,1010.4,5.2,344,0.0
2025-12-10 02:00:00,17.2,73,1009.9,6.6,331,0.0
2025-12-10 03:00:00,17.5,68,1009.8,6.6,291,0.0
2025-12-10 04:00:00,17.7,67,1009.8,5.2,264,0.0
2025-12-10 05:00:00,18.6,61,1010.1,6.9,298,0.0
2025-12-10 06:00:00,18.5,60,1010.1,6.2,291,0.0
2025-12-10 07:00:00,20.0,57,1010.9,5.6,266,0.0
2025-12-10 08:00:00,20.9,52,1011.2,8.5,288,0.0
2025-12-10 09:00:00,22.5,47,1011.1,9.2,296,0.0
2025-12-10 10:00:00,25.3,40,1010.9,10.6,300,0.0
2025-12-10 11:00:00,26.7,37,1010.8,10.7,310,0.0
2025-12-10 12:00:00,27.6,29,1010.0,5.2,46,0.0
2025-12-10 13:00:00,26.2,35,1010.8,16.4,82,0.0
2025-12-10 14:00:00,26.2,35,1010.9,10.7,102,0.0
2025-12-10 15:00:00,25.3,33,1011.5,9.3,117,0.0
2025-12-10 16:00:00,24.0,35,1012.2,8.8,107,0.0
2025-12-10 17:00:00,22.2,40,1013.2,7.2,91,0.0
2025-12-10 18:00:00,18.9,54,1014.9,4.8,34,0.0
2025-12-10 19:00:00,18.0,58,1015.6,3.7,55,0.0
2025-12-10 20:00:00,17.3,59,1016.1,3.6,70,0.0
2025-12-10 21:00:00,17.0,55,1016.6,3.6,60,0.0
2025-12-10 22:00:00,16.5,53,1016.8,1.7,58,0.0
2025-12-10 23:00:00,16.1,52,1016.7,1.6,90,0.0
2025-12-11 00:00:00,15.2,54,1016.5,2.4,77,0.0
2025-12-11 01:00:00,14.3,60,1016.4,3.5,62,0.0
2025-12-11 02:00:00,13.8,58,1015.9,5.5,54,0.0
2025-12-11 03:00:00,13.2,59,1015.7,6.3,63,0.0
2025-12-11 04:00:00,12.9,61,1015.5,6.8,78,0.0
2025-12-11 05:00:00,12.5,65,1015.2,7.6,90,0.0
2025-12-11 06:00:00,13.7,65,1015.2,10.9,83,0.0
2025-12-11 07:00:00,14.3,66,1015.1,14.1,79,0.0
2025-12-11 08:00:00,14.7,65,1014.8,15.9,75,0.0
2025-12-11 09:00:00,15.3,62,1014.3,17.1,73,0.0
2025-12-11 10:00:00,15.4,63,1013.7,17.5,73,0.0
2025-12-11 11:00:00,16.1,60,1012.8,19.5,72,0.0
2025-12-11 12:00:00,16.0,62,1012.1,19.2,75,0.0
2025-12-11 13:00:00,16.8,60,1010.9,21.0,75,0.0
2025-12-11 14:00:00,16.6,61,1009.9,21.7,76,0.0
2025-12-11 15:00:00,16.5,63,1009.1,21.6,77,0.0
2025-12-11 16:00:00,16.5,63,1008.2,20.9,75,0.0
2025-12-11 17:00:00,16.4,64,1007.3,20.2,70,0.0
2025-12-11 18:00:00,15.6,67,1006.8,19.6,71,0.0
2025-12-11 19:00:00,15.3,69,1006.8,18.4,66,0.0
2025-12-11 20:00:00,14.5,77,1006.7,16.5,74,0.0
2025-12-11 21:00:00,14.2,81,1007.4,8.5,122,0.0
2025-12-11 22:00:00,12.5,86,1008.3,13.5,207,0.9
2025-12-11 23:00:00,12.6,90,1008.5,11.7,253,0.0
2025-12-12 00:00:00,11.9,93,1009.5,12.7,252,0.0
2025-12-12 01:00:00,11.0,94,1009.8,13.6,248,0.0
2025-12-12 02:00:00,10.9,94,1009.8,13.9,240,0.0
2025-12-12 03:00:00,11.0,93,1010.1,15.4,238,0.0
2025-12-12 04:00:00,10.9,94,1010.4,15.6,240,0.0
2025-12-12 05:00:00,10.8,94,1010.9,14.5,240,0.0
2025-12-12 06:00:00,11.6,88,1011.9,14.3,242,0.1
2025-12-12 07:00:00,13.3,75,1012.6,16.5,213,0.2
2025-12-12 08:00:00,14.2,70,1013.5,16.3,202,0.3
2025-12-12 09:00:00,15.2,58,1014.1,19.5,200,0.1
2025-12-12 10:00:00,15.8,57,1014.4,20.0,199,0.1
2025-12-12 11:00:00,16.4,54,1014.6,18.8,197,0.0
2025-12-12 12:00:00,16.3,52,1015.1,15.9,198,0.0
2025-12-12 13:00:00,17.0,48,1014.8,12.9,203,0.0
2025-12-12 14:00:00,18.2,43,1014.6,13.4,213,0.0
2025-12-12 15:00:00,17.7,46,1014.5,15.2,203,0.0
2025-12-12 16:00:00,17.6,47,1014.8,10.8,198,0.0
2025-12-12 17:00:00,17.4,47,1015.2,3.6,233,0.0
2025-12-12 18:00:00,15.6,59,1015.6,10.7,31,0.0
2025-12-12 19:00:00,14.5,64,1016.4,10.7,30,0.0
2025-12-12 20:00:00,13.6,68,1017.2,7.1,43,0.0
2025-12-12 21:00:00,13.1,72,1017.9,6.0,39,0.0
2025-12-12 22:00:00,12.8,75,1018.2,3.9,34,0.0
2025-12-12 23:00:00,12.3,80,1018.2,4.0,18,0.0
2025-12-13 00:00:00,11.9,82,1018.4,3.4,43,0.0
2025-12-13 01:00:00,11.7,82,1018.2,3.0,73,0.0
2025-12-13 02:00:00,11.4,84,1018.5,3.1,77,0.0
2025-12-13 03:00:00,11.0,86,1018.5,3.3,22,0.0
2025-12-13 04:00:00,10.8,89,1019.0,2.8,342,0.0
2025-12-13 05:00:00,10.7,90,1019.5,1.0,329,0.0
2025-12-13 06:00:00,12.5,86,1020.3,3.0,107,0.0
2025-12-13 07:00:00,14.6,73,1021.0,5.5,71,0.0
2025-12-13 08:00:00,15.8,62,1021.3,9.8,66,0.0
2025-12-13 09:00:00,16.4,59,1021.7,12.3,52,0.0
2025-12-13 10:00:00,16.7,57,1022.0,14.0,49,0.0
2025-12-13 11:00:00,17.2,56,1022.0,14.6,60,0.0
2025-12-13 12:00:00,16.7,60,1022.1,17.2,70,0.0
2025-12-13 13:00:00,17.1,59,1021.9,18.0,88,0.0
2025-12-13 14:00:00,17.0,59,1021.8,18.4,82,0.0
2025-12-13 15:00:00,16.8,60,1021.6,20.5,79,0.0
2025-12-13 16:00:00,16.5,62,1021.3,21.5,79,0.0
2025-12-13 17:00:00,16.1,64,1021.2,20.7,73,0.0
2025-12-13 18:00:00,15.6,66,1020.9,21.1,68,0.0
2025-12-13 19:00:00,14.9,71,1021.1,19.8,63,0.0
2025-12-13 20:00:00,14.2,76,1021.2,18.7,62,0.0
2025-12-13 21:00:00,14.1,77,1021.6,18.1,63,0.0
2025-12-13 22:00:00,13.9,81,1021.6,16.8,61,0.0
2025-12-13 23:00:00,13.8,83,1021.4,16.9,59,0.0
2025-12-14 00:00:00,13.7,83,1021.1,17.4,63,0.0
2025-12-14 01:00:00,13.6,85,1020.8,17.5,65,0.0
2025-12-14 02:00:00,13.7,85,1020.4,17.8,67,0.0
2025-12-14 03:00:00,13.9,85,1020.1,18.1,66,0.0
2025-12-14 04:00:00,14.1,87,1020.1,18.2,67,0.0
2025-12-14 05:00:00,14.0,88,1020.1,17.4,66,0.0
2025-12-14 06:00:00,14.8,82,1020.4,20.7,59,0.0
2025-12-14 07:00:00,15.8,79,1020.2,19.8,62,0.0
2025-12-14 08:00:00,16.9,75,1019.7,20.9,61,0.0
2025-12-14 09:00:00,17.7,70,1019.3,20.4,64,0.0
2025-12-14 10:00:00,18.7,65,1018.8,19.9,70,0.0
2025-12-14 11:00:00,19.3,63,1018.4,19.7,76,0.0
2025-12-14 12:00:00,19.7,65,1018.1,21.0,81,0.0
2025-12-14 13:00:00,20.4,61,1017.5,21.4,83,0.0
2025-12-14 14:00:00,20.9,58,1016.7,20.6,86,0.0
2025-12-14 15:00:00,20.8,58,1016.1,17.6,90,0.0
2025-12-14 16:00:00,20.7,57,1015.5,15.4,101,0.0
2025-12-14 17:00:00,20.4,60,1015.1,13.7,108,0.0
2025-12-14 18:00:00,19.2,66,1015.0,13.3,118,0.0
2025-12-14 19:00:00,18.0,71,1014.7,13.1,124,0.0
2025-12-14 20:00:00,17.6,73,1014.5,7.7,149,0.0
2025-12-14 21:00:00,17.1,79,1014.9,2.0,45,0.0
2025-12-14 22:00:00,16.4,74,1014.7,4.7,356,0.0
2025-12-14 23:00:00,15.6,75,1014.6,3.8,360,0.0
2025-12-15 00:00:00,15.8,56,1013.7,11.2,360,0.0
2025-12-15 01:00:00,16.1,50,1013.0,12.4,357,0.0
2025-12-15 02:00:00,15.7,53,1012.4,10.1,2,0.0
2025-12-15 03:00:00,15.5,56,1011.8,7.2,359,0.0
2025-12-15 04:00:00,15.3,56,1011.3,9.0,359,0.0
2025-12-15 05:00:00,15.3,56,1011.0,8.8,4,0.0
2025-12-15 06:00:00,16.5,52,1010.1,11.5,4,0.0
2025-12-15 07:00:00,18.6,48,1009.8,11.7,4,0.0
2025-12-15 08:00:00,20.3,46,1009.2,19.3,11,0.0
2025-12-15 09:00:00,21.2,44,1008.4,26.7,8,0.0
2025-12-15 10:00:00,22.7,39,1008.0,24.3,17,0.0
2025-12-15 11:00:00,23.9,36,1007.0,26.9,19,0.0
2025-12-15 12:00:00,25.3,31,1006.3,22.8,12,0.0
2025-12-15 13:00:00,26.5,30,1005.5,21.9,6,0.0
2025-12-15 14:00:00,26.6,30,1004.9,23.7,348,0.0
2025-12-15 15:00:00,25.8,29,1004.7,25.6,348,0.0
2025-12-15 16:00:00,25.0,30,1004.3,28.2,355,0.0
2025-12-15 17:00:00,23.4,35,1004.3,28.6,360,0.0
2025-12-15 18:00:00,23.0,39,1003.2,29.1,5,0.0
2025-12-15 19:00:00,22.2,42,1003.1,22.9,11,0.0
2025-12-15 20:00:00,21.5,46,1002.7,22.3,14,0.0
2025-12-15 21:00:00,21.1,49,1002.7,21.5,16,0.0
2025-12-15 22:00:00,20.4,55,1002.6,18.4,20,0.2
2025-12-15 23:00:00,20.2,57,1001.8,19.1,23,0.1
2025-12-16 00:00:00,19.0,63,1000.3,21.4,28,0.4
2025-12-16 01:00:00,18.1,75,1000.5,20.7,19,1.2
2025-12-16 02:00:00,17.1,85,999.4,19.6,34,0.9
2025-12-16 03:00:00,16.9,86,999.0,14.1,21,0.4
2025-12-16 04:00:00,16.7,89,999.9,13.7,355,0.2
2025-12-16 05:00:00,16.4,90,999.9,12.0,341,0.2
2025-12-16 06:00:00,17.1,89,999.4,7.8,326,0.0
2025-12-16 07:00:00,19.4,61,1000.1,19.4,293,0.0
2025-12-16 08:00:00,21.5,33,1000.9,16.7,305,0.0
2025-12-16 09:00:00,21.4,35,1000.7,12.3,273,0.0
2025-12-16 10:00:00,21.0,47,1000.4,9.5,241,0.0
2025-12-16 11:00:00,22.1,38,1001.1,11.2,302,0.0
2025-12-16 12:00:00,20.9,39,1001.0,5.6,75,0.0
2025-12-16 13:00:00,19.9,48,1000.3,12.1,53,0.3
2025-12-16 14:00:00,18.2,65,1000.4,9.0,57,0.6
2025-12-16 15:00:00,18.5,61,1000.2,7.5,66,0.5
2025-12-16 16:00:00,19.0,60,999.9,5.9,2,0.5
2025-12-16 17:00:00,19.9,38,999.8,15.8,317,0.0
2025-12-16 18:00:00,19.2,38,1000.3,19.7,297,0.0
2025-12-16 19:00:00,18.4,37,1000.8,13.2,292,0.0
2025-12-16 20:00:00,15.5,57,1001.8,8.2,213,0.1
2025-12-16 21:00:00,13.8,74,1003.0,9.6,186,0.0
2025-12-16 22:00:00,11.3,88,1004.2,16.2,227,3.1
2025-12-16 23:00:00,12.1,82,1004.9,11.3,187,0.8
2025-12-17 00:00:00,10.5,90,1006.2,20.6,227,0.0
2025-12-17 01:00:00,10.3,90,1006.5,19.1,228,0.4
2025-12-17 02:00:00,10.0,93,1007.0,22.0,222,0.7
2025-12-17 03:00:00,9.8,93,1007.6,17.6,235,2.4
2025-12-17 04:00:00,10.1,93,1008.3,18.7,220,1.5
2025-12-17 05:00:00,10.4,93,1008.9,19.9,217,1.4
2025-12-17 06:00:00,10.0,91,1009.6,19.4,233,1.5
2025-12-17 07:00:00,10.7,93,1010.4,20.7,229,0.9
2025-12-17 08:00:00,11.3,87,1011.4,25.9,228,0.9
2025-12-17 09:00:00,12.0,82,1012.1,25.1,226,1.4
2025-12-17 10:00:00,12.6,81,1012.2,27.0,217,0.6
2025-12-17 11:00:00,12.4,81,1012.4,25.3,218,0.5
2025-12-17 12:00:00,13.6,78,1012.7,23.1,217,0.1
2025-12-17 13:00:00,13.6,77,1012.9,26.1,209,0.2
2025-12-17 14:00:00,15.0,65,1012.6,27.5,205,0.1
2025-12-17 15:00:00,14.9,60,1012.5,26.4,204,0.0
2025-12-17 16:00:00,15.2,53,1012.2,20.2,202,0.0
2025-12-17 17:00:00,14.7,58,1012.6,18.6,210,0.0
2025-12-17 18:00:00,13.8,61,1012.9,18.0,203,0.0
2025-12-17 19:00:00,12.8,64,1013.1,15.9,211,0.0
2025-12-17 20:00:00,11.9,70,1013.6,13.9,226,0.0
2025-12-17 21:00:00,11.3,75,1014.0,13.2,240,0.0
2025-12-17 22:00:00,11.1,77,1013.8,12.2,243,0.0
2025-12-17 23:00:00,10.7,80,1013.6,11.8,253,0.0
2025-12-18 00:00:00,11.5,77,1013.0,11.7,266,0.0
2025-12-18 01:00:00,11.3,77,1012.3,11.7,260,0.0
2025-12-18 02:00:00,11.3,77,1011.9,11.4,258,0.0
2025-12-18 03:00:00,10.3,82,1011.5,10.1,251,0.0
2025-12-18 04:00:00,9.8,84,1011.5,8.5,238,0.0
2025-12-18 05:00:00,9.8,84,1010.9,6.6,227,0.0
2025-12-18 06:00:00,10.3,83,1010.9,8.7,246,0.0
2025-12-18 07:00:00,11.9,75,1011.1,8.1,246,0.0
2025-12-18 08:00:00,12.7,74,1011.0,6.2,237,0.1
2025-12-18 09:00:00,13.5,72,1011.1,5.0,221,0.0
2025-12-18 10:00:00,14.2,70,1010.4,2.6,236,0.0
2025-12-18 11:00:00,16.6,65,1009.8,1.0,292,0.0
2025-12-18 12:00:00,17.0,64,1009.1,3.1,357,0.0
2025-12-18 13:00:00,18.4,63,1008.4,5.4,20,0.0
2025-12-18 14:00:00,18.4,65,1007.3,10.0,23,0.0
2025-12-18 15:00:00,18.4,63,1006.8,12.4,42,0.0
2025-12-18 16:00:00,16.6,66,1006.7,14.1,51,0.0
2025-12-18 17:00:00,15.7,70,1006.2,14.5,65,0.0
2025-12-18 18:00:00,16.6,69,1005.5,10.6,71,0.0
2025-12-18 19:00:00,15.6,81,1005.6,9.8,72,0.3
2025-12-18 20:00:00,15.2,84,1005.8,7.8,130,0.5
2025-12-18 21:00:00,14.9,87,1005.4,10.7,121,0.0
2025-12-18 22:00:00,14.9,86,1004.5,7.3,121,0.0
2025-12-18 23:00:00,14.9,82,1003.7,8.8,116,0.0
2025-12-19 00:00:00,15.5,82,1003.5,10.1,136,0.0
2025-12-19 01:00:00,15.1,84,1003.5,4.4,161,0.0
2025-12-19 02:00:00,14.7,87,1002.9,2.7,176,0.0
2025-12-19 03:00:00,15.0,80,1002.1,3.0,237,0.0
2025-12-19 04:00:00,14.4,75,1001.3,1.2,297,0.0
2025-12-19 05:00:00,13.8,74,1000.6,2.0,350,0.0
2025-12-19 06:00:00,15.7,72,1000.1,8.5,107,0.0
2025-12-19 07:00:00,17.5,66,999.4,6.1,71,0.0
2025-12-19 08:00:00,19.1,57,998.9,6.0,17,0.0
2025-12-19 09:00:00,19.9,53,997.6,10.4,32,0.0
2025-12-19 10:00:00,20.3,52,996.6,11.3,31,0.0
2025-12-19 11:00:00,20.6,51,995.4,14.9,21,0.0
2025-12-19 12:00:00,22.5,46,994.5,17.3,329,0.0
2025-12-19 13:00:00,20.3,57,993.5,14.4,1,0.1
2025-12-19 14:00:00,19.5,64,991.7,15.6,7,0.0
2025-12-19 15:00:00,21.2,59,991.4,13.0,332,0.3
2025-12-19 16:00:00,14.9,81,993.0,33.1,203,2.5
2025-12-19 17:00:00,13.0,77,994.5,32.8,200,0.2
2025-12-19 18:00:00,11.8,80,995.8,33.2,212,0.4
2025-12-19 19:00:00,10.7,81,997.1,28.6,221,0.4
2025-12-19 20:00:00,10.2,81,998.2,25.3,224,0.2
2025-12-19 21:00:00,10.2,80,999.4,20.1,230,0.1
2025-12-19 22:00:00,10.3,79,999.7,19.2,236,0.1
2025-12-19 23:00:00,10.0,81,999.8,19.2,238,0.1
2025-12-20 00:00:00,9.4,84,1000.6,15.5,257,0.2
2025-12-20 01:00:00,8.7,87,1001.0,16.3,239,0.7
2025-12-20 02:00:00,8.7,91,1000.6,15.5,261,0.3
2025-12-20 03:00:00,8.5,91,1000.4,11.8,258,0.1
2025-12-20 04:00:00,8.8,89,1000.2,9.0,250,0.0
2025-12-20 05:00:00,8.8,90,1000.4,5.9,243,0.0
2025-12-20 06:00:00,9.1,88,1001.1,4.6,198,0.0
2025-12-20 07:00:00,9.9,80,1001.6,4.1,236,0.0
2025-12-20 08:00:00,11.2,70,1001.9,6.5,242,0.1
2025-12-20 09:00:00,12.8,63,1002.1,9.9,235,0.1
2025-12-20 10:00:00,13.9,59,1002.1,11.2,224,0.0
2025-12-20 11:00:00,14.5,52,1002.1,11.8,209,0.0
2025-12-20 12:00:00,14.5,53,1002.6,7.4,227,0.0
2025-12-20 13:00:00,15.4,49,1002.4,5.2,226,0.0
2025-12-20 14:00:00,14.8,53,1002.4,4.3,225,0.0
2025-12-20 15:00:00,15.1,54,1002.0,4.9,6,0.0
2025-12-20 16:00:00,15.4,55,1001.8,11.0,10,0.0
2025-12-20 17:00:00,13.6,58,1002.0,11.3,20,0.4
2025-12-20 18:00:00,13.7,57,1002.2,6.3,90,0.1
2025-12-20 19:00:00,11.1,75,1003.6,13.1,181,1.2
2025-12-20 20:00:00,9.7,85,1004.6,16.6,181,1.4
2025-12-20 21:00:00,9.6,87,1005.5,6.6,217,0.1
2025-12-20 22:00:00,9.5,86,1006.3,10.7,228,0.0
2025-12-20 23:00:00,9.4,82,1006.6,12.7,232,0.0
2025-12-21 00:00:00,8.9,88,1007.4,12.3,245,0.1
2025-12-21 01:00:00,9.0,86,1007.8,14.3,237,0.1
2025-12-21 02:00:00,8.8,85,1008.0,14.8,236,0.1
2025-12-21 03:00:00,8.5,86,1007.8,11.7,250,0.0
2025-12-21 04:00:00,7.9,88,1008.1,8.9,252,0.0
2025-12-21 05:00:00,7.7,91,1008.9,10.3,274,0.0
2025-12-21 06:00:00,8.5,88,1009.8,10.3,272,0.0
2025-12-21 07:00:00,10.1,77,1010.2,11.5,256,0.0
2025-12-21 08:00:00,11.2,67,1010.5,15.3,230,0.1
2025-12-21 09:00:00,12.5,58,1010.8,17.8,224,0.0
2025-12-21 10:00:00,13.7,52,1010.9,20.5,223,0.0
2025-12-21 11:00:00,14.6,47,1010.8,20.6,224,0.0
2025-12-21 12:00:00,14.2,48,1011.4,20.3,221,0.0
2025-12-21 13:00:00,14.3,49,1011.4,17.6,221,0.0
2025-12-21 14:00:00,15.0,47,1011.1,15.2,228,0.0
2025-12-21 15:00:00,14.7,50,1010.7,15.4,213,0.0
2025-12-21 16:00:00,15.1,51,1010.0,12.7,191,0.0
2025-12-21 17:00:00,14.7,53,1009.9,10.3,178,0.0
2025-12-21 18:00:00,14.1,55,1010.7,8.9,193,0.0
2025-12-21 19:00:00,13.0,57,1011.1,9.6,186,0.0
2025-12-21 20:00:00,11.7,66,1011.6,6.8,192,0.0
2025-12-21 21:00:00,11.1,72,1012.2,3.8,225,0.0
2025-12-21 22:00:00,11.5,69,1012.1,2.9,274,0.0
2025-12-21 23:00:00,11.4,71,1012.3,3.9,248,0.0
2025-12-22 00:00:00,11.3,74,1012.6,3.7,223,0.0
2025-12-22 01:00:00,11.3,71,1012.2,1.7,229,0.0
2025-12-22 02:00:00,10.6,79,1011.7,0.7,180,0.0
2025-12-22 03:00:00,9.8,80,1011.5,0.9,180,0.0
2025-12-22 04:00:00,8.8,82,1011.5,1.3,196,0.0
2025-12-22 05:00:00,8.2,83,1011.8,1.9,197,0.0
2025-12-22 06:00:00,9.6,77,1012.2,3.4,198,0.0
2025-12-22 07:00:00,12.0,68,1012.4,1.5,234,0.0
2025-12-22 08:00:00,13.3,68,1012.3,2.7,23,0.0
2025-12-22 09:00:00,14.6,64,1012.2,7.9,35,0.0
2025-12-22 10:00:00,15.3,63,1011.7,10.1,57,0.0
2025-12-22 11:00:00,15.8,62,1011.0,13.5,63,0.0
2025-12-22 12:00:00,16.2,61,1010.4,14.5,58,0.0
2025-12-22 13:00:00,16.3,62,1009.7,17.3,69,0.0
2025-12-22 14:00:00,16.0,63,1008.7,19.3,78,0.0
2025-12-22 15:00:00,15.4,67,1007.9,20.3,68,0.0
2025-12-22 16:00:00,14.9,70,1007.1,20.1,61,0.0
2025-12-22 17:00:00,14.3,73,1005.9,22.3,65,0.0
2025-12-22 18:00:00,14.2,76,1005.5,22.3,71,0.0
2025-12-22 19:00:00,13.7,79,1004.9,21.0,74,0.0
2025-12-22 20:00:00,13.5,81,1004.2,19.5,78,0.0
2025-12-22 21:00:00,13.5,84,1003.3,19.8,86,0.1
2025-12-22 22:00:00,13.4,89,1001.9,19.1,91,0.4
2025-12-22 23:00:00,13.7,90,1000.5,18.9,88,0.7
2025-12-23 00:00:00,14.0,95,999.1,18.8,85,0.0
2025-12-23 01:00:00,14.2,95,997.4,18.6,77,0.3
2025-12-23 02:00:00,14.3,94,995.2,17.4,74,0.0
2025-12-23 03:00:00,14.2,94,993.9,17.4,96,0.0
2025-12-23 04:00:00,14.7,90,992.7,13.5,98,0.0
2025-12-23 05:00:00,15.3,88,992.1,9.7,90,0.0
2025-12-23 06:00:00,16.5,81,991.6,5.7,58,0.0
2025-12-23 07:00:00,19.0,77,991.9,8.0,337,0.0
2025-12-23 08:00:00,21.5,70,992.0,13.4,328,0.0
2025-12-23 09:00:00,23.9,52,992.6,18.9,284,0.0
2025-12-23 10:00:00,23.7,59,993.0,15.9,248,0.0
2025-12-23 11:00:00,24.1,57,993.5,18.0,231,0.0
2025-12-23 12:00:00,26.1,45,993.8,15.9,228,0.0
2025-12-23 13:00:00,24.1,48,994.6,18.0,207,0.0
2025-12-23 14:00:00,24.3,47,994.9,19.6,205,0.0
2025-12-23 15:00:00,23.0,53,995.7,18.3,206,0.0
2025-12-23 16:00:00,22.7,54,996.3,12.9,208,0.0
2025-12-23 17:00:00,21.7,54,996.8,7.7,216,0.0
2025-12-23 18:00:00,20.1,58,997.2,1.9,214,0.0
2025-12-23 19:00:00,19.3,62,997.3,5.9,35,0.0
2025-12-23 20:00:00,17.7,71,997.5,8.4,34,0.0
2025-12-23 21:00:00,16.9,74,998.0,9.3,41,0.0
2025-12-23 22:00:00,15.9,76,998.5,12.5,51,0.0
2025-12-23 23:00:00,15.1,82,998.1,14.9,71,0.0
2025-12-24 00:00:00,14.3,86,997.7,20.4,86,0.0
2025-12-24 01:00:00,14.2,88,996.6,19.5,85,0.0
2025-12-24 02:00:00,14.2,88,996.0,13.6,82,0.0
2025-12-24 03:00:00,14.1,87,995.3,10.2,81,0.0
2025-12-24 04:00:00,13.2,87,994.5,4.7,86,0.0
2025-12-24 05:00:00,12.6,88,993.8,4.4,63,0.0
2025-12-24 06:00:00,15.4,86,993.4,11.5,92,0.0
2025-12-24 07:00:00,17.0,74,993.4,5.6,94,0.0
2025-12-24 08:00:00,18.8,62,992.9,6.4,8,0.1
2025-12-24 09:00:00,20.3,53,992.0,7.3,344,0.1
2025-12-24 10:00:00,22.3,46,992.2,12.2,303,0.0
2025-12-24 11:00:00,23.8,37,992.5,17.4,294,0.0
2025-12-24 12:00:00,25.0,27,992.3,17.9,330,0.0
2025-12-24 13:00:00,25.5,22,992.5,19.6,288,0.0
2025-12-24 14:00:00,26.0,22,992.6,24.2,274,0.0
2025-12-24 15:00:00,24.9,25,993.2,28.4,278,0.0
2025-12-24 16:00:00,23.9,26,993.8,26.5,285,0.0
2025-12-24 17:00:00,22.6,29,994.5,26.6,283,0.0
2025-12-24 18:00:00,22.4,29,994.7,22.6,276,0.0
2025-12-24 19:00:00,20.5,35,995.7,22.2,290,0.0
2025-12-24 20:00:00,18.6,40,996.8,17.6,293,0.0
2025-12-24 21:00:00,16.7,44,997.7,14.9,297,0.0
2025-12-24 22:00:00,15.6,45,998.3,16.9,308,0.0
2025-12-24 23:00:00,15.1,46,997.2,11.5,340,0.0
2025-12-25 00:00:00,15.4,48,996.7,11.7,9,0.0
2025-12-25 01:00:00,15.2,56,995.8,16.0,14,0.0
2025-12-25 02:00:00,15.0,59,994.9,14.5,47,0.0
2025-12-25 03:00:00,14.5,64,994.5,7.5,80,0.0
2025-12-25 04:00:00,13.7,69,994.3,6.4,162,0.0
2025-12-25 05:00:00,13.5,70,994.4,13.1,148,0.0
2025-12-25 06:00:00,15.7,59,994.2,15.8,140,0.0
2025-12-25 07:00:00,18.5,55,994.6,8.7,107,0.0
2025-12-25 08:00:00,20.0,45,994.9,4.4,69,0.0
2025-12-25 09:00:00,20.8,45,995.0,5.3,352,0.3
2025-12-25 10:00:00,21.1,45,994.8,7.6,355,0.0
2025-12-25 11:00:00,22.3,43,994.2,11.3,352,0.0
2025-12-25 12:00:00,24.9,34,993.7,15.2,324,0.0
2025-12-25 13:00:00,23.5,41,992.9,17.3,331,0.8
2025-12-25 14:00:00,23.7,45,991.5,17.9,336,0.2
2025-12-25 15:00:00,25.1,31,991.1,30.6,306,0.0
2025-12-25 16:00:00,23.3,41,991.2,29.4,296,0.1
2025-12-25 17:00:00,20.8,52,992.0,26.5,305,0.6
2025-12-25 18:00:00,19.7,51,992.9,25.2,321,0.3
2025-12-25 19:00:00,17.2,57,993.2,19.7,328,0.3
2025-12-25 20:00:00,16.2,59,993.4,14.2,297,0.1
2025-12-25 21:00:00,15.7,58,994.0,13.5,306,0.0
2025-12-25 22:00:00,15.3,61,994.3,10.7,303,0.0
2025-12-25 23:00:00,15.3,61,994.5,11.5,293,0.0
2025-12-26 00:00:00,15.6,67,993.5,0.6,214,0.0
2025-12-26 01:00:00,15.1,69,993.3,0.8,207,0.0
2025-12-26 02:00:00,14.2,73,992.9,0.2,180,0.0
2025-12-26 03:00:00,13.2,77,992.8,0.2,180,0.0
2025-12-26 04:00:00,12.8,75,993.0,1.7,193,0.0
2025-12-26 05:00:00,12.8,77,993.1,1.8,233,0.0
2025-12-26 06:00:00,14.6,65,993.3,5.1,276,0.0
2025-12-26 07:00:00,17.0,56,993.2,5.7,307,0.0
2025-12-26 08:00:00,18.3,50,993.4,8.9,342,0.0
2025-12-26 09:00:00,19.5,47,993.0,12.0,341,0.0
2025-12-26 10:00:00,20.8,37,992.7,18.3,317,0.0
2025-12-26 11:00:00,21.5,33,992.6,21.1,314,0.0
2025-12-26 12:00:00,22.2,29,992.6,18.2,315,0.0
2025-12-26 13:00:00,23.2,24,992.0,19.1,312,0.0
2025-12-26 14:00:00,23.0,24,991.6,20.5,299,0.0
2025-12-26 15:00:00,22.5,27,991.5,22.2,299,0.1
2025-12-26 16:00:00,22.1,27,991.5,20.4,298,0.0
2025-12-26 17:00:00,21.2,28,991.8,22.9,299,0.0
2025-12-26 18:00:00,20.0,33,991.6,17.7,308,0.0
2025-12-26 19:00:00,19.0,36,992.5,15.6,297,0.0
2025-12-26 20:00:00,17.5,41,993.2,13.6,320,0.0
2025-12-26 21:00:00,16.5,49,993.7,15.0,327,0.0
2025-12-26 22:00:00,15.6,49,994.0,12.2,307,0.0
2025-12-26 23:00:00,14.9,52,994.5,12.9,307,0.0
2025-12-27 00:00:00,14.8,47,995.0,14.1,305,0.0
2025-12-27 01:00:00,13.8,51,995.4,12.7,297,0.0
2025-12-27 02:00:00,13.0,54,995.9,11.8,257,0.0
2025-12-27 03:00:00,12.5,56,996.3,10.5,235,0.0
2025-12-27 04:00:00,12.3,56,997.0,9.0,240,0.0
2025-12-27 05:00:00,11.8,58,997.9,7.7,239,0.0
2025-12-27 06:00:00,12.9,51,999.2,4.5,247,0.0
2025-12-27 07:00:00,15.2,44,999.9,4.3,294,0.0
2025-12-27 08:00:00,17.3,37,1000.3,7.0,282,0.0
2025-12-27 09:00:00,18.7,33,1000.5,8.6,262,0.0
2025-12-27 10:00:00,20.0,31,1000.8,7.0,249,0.0
2025-12-27 11:00:00,21.1,29,1001.3,3.1,216,0.0
2025-12-27 12:00:00,21.8,25,1000.9,12.8,70,0.0
2025-12-27 13:00:00,17.3,49,1001.7,17.7,61,4.8
2025-12-27 14:00:00,17.3,53,1002.2,6.8,222,2.1
2025-12-27 15:00:00,18.3,44,1002.2,10.4,80,1.1
2025-12-27 16:00:00,18.1,41,1002.3,7.8,56,0.3
2025-12-27 17:00:00,18.6,39,1002.3,10.2,69,0.0
2025-12-27 18:00:00,17.4,47,1002.9,15.3,78,0.0
2025-12-27 19:00:00,16.4,54,1003.9,13.6,79,0.0
2025-12-27 20:00:00,15.2,68,1004.8,11.1,98,0.0
2025-12-27 21:00:00,14.6,73,1005.5,8.8,118,0.0
2025-12-27 22:00:00,13.7,79,1005.8,4.3,182,0.0
2025-12-27 23:00:00,12.9,84,1006.3,4.5,227,0.0
2025-12-28 00:00:00,12.2,81,1006.8,1.9,202,0.0
2025-12-28 01:00:00,12.0,78,1007.0,5.4,217,0.0
2025-12-28 02:00:00,11.1,82,1007.1,5.6,222,0.0
2025-12-28 03:00:00,10.4,85,1007.5,4.8,209,0.0
2025-12-28 04:00:00,10.0,88,1007.8,5.7,208,0.0
2025-12-28 05:00:00,9.7,91,1008.5,6.6,229,0.0
2025-12-28 06:00:00,10.0,90,1009.3,6.6,227,0.0
2025-12-28 07:00:00,12.4,81,1009.9,6.9,231,0.0
2025-12-28 08:00:00,15.1,69,1010.6,6.4,234,0.0
2025-12-28 09:00:00,17.2,51,1010.7,2.0,243,0.0
2025-12-28 10:00:00,18.6,44,1010.9,2.2,35,0.1
2025-12-28 11:00:00,19.4,41,1011.0,5.0,49,0.0
2025-12-28 12:00:00,18.9,41,1011.2,6.2,83,0.1
2025-12-28 13:00:00,19.0,39,1011.3,9.9,75,0.0
2025-12-28 14:00:00,19.7,38,1011.2,11.1,60,0.0
2025-12-28 15:00:00,19.5,42,1011.6,13.5,65,0.0
2025-12-28 16:00:00,18.8,48,1012.1,15.6,64,0.0
2025-12-28 17:00:00,17.4,53,1012.4,15.9,62,0.0
2025-12-28 18:00:00,17.0,55,1012.8,13.4,50,0.0
2025-12-28 19:00:00,15.6,61,1013.7,14.1,52,0.0
2025-12-28 20:00:00,14.7,67,1014.5,12.4,66,0.0
2025-12-28 21:00:00,14.2,72,1015.4,11.5,65,0.0
2025-12-28 22:00:00,14.0,75,1016.0,10.6,66,0.0
2025-12-28 23:00:00,13.6,79,1016.4,8.5,69,0.0
2025-12-29 00:00:00,13.1,82,1016.3,6.3,92,0.0
2025-12-29 01:00:00,12.8,84,1015.9,4.9,96,0.0
2025-12-29 02:00:00,12.3,87,1015.7,3.8,95,0.0
2025-12-29 03:00:00,12.0,89,1015.9,4.6,81,0.0
2025-12-29 04:00:00,11.4,92,1016.3,3.1,114,0.0
2025-12-29 05:00:00,11.1,93,1016.4,2.7,152,0.0
2025-12-29 06:00:00,12.3,85,1016.8,3.6,147,0.0
2025-12-29 07:00:00,14.8,74,1017.3,1.9,73,0.0
2025-12-29 08:00:00,16.4,62,1017.3,4.5,61,0.0
2025-12-29 09:00:00,17.7,52,1017.1,8.2,49,0.0
2025-12-29 10:00:00,18.0,55,1016.8,11.4,52,0.0
2025-12-29 11:00:00,17.8,56,1016.7,13.6,47,0.0
2025-12-29 12:00:00,17.7,52,1016.3,13.7,68,0.0
2025-12-29 13:00:00,18.1,52,1016.4,16.0,71,0.0
2025-12-29 14:00:00,17.6,55,1016.0,19.1,79,0.0
2025-12-29 15:00:00,16.6,58,1015.5,18.2,88,0.0
2025-12-29 16:00:00,17.9,53,1015.1,15.8,82,0.0
2025-12-29 17:00:00,17.2,56,1015.1,18.9,71,0.0
2025-12-29 18:00:00,15.7,62,1015.2,16.4,75,0.0
2025-12-29 19:00:00,15.4,61,1015.5,13.2,92,0.0
2025-12-29 20:00:00,14.8,62,1016.1,11.2,95,0.0
2025-12-29 21:00:00,14.4,64,1016.6,9.3,122,0.0
2025-12-29 22:00:00,14.2,66,1016.7,8.3,141,0.0
2025-12-29 23:00:00,14.0,67,1016.4,8.0,160,0.0
2025-12-30 00:00:00,13.7,66,1015.8,10.9,164,0.0
2025-12-30 01:00:00,13.4,68,1015.6,9.6,168,0.0
2025-12-30 02:00:00,13.0,72,1015.2,8.0,160,0.0
2025-12-30 03:00:00,12.7,75,1014.9,7.0,151,0.1
2025-12-30 04:00:00,12.7,75,1014.7,7.8,151,0.0
2025-12-30 05:00:00,12.7,75,1014.4,9.7,141,0.0
2025-12-30 06:00:00,12.6,74,1014.4,11.1,137,0.0
2025-12-30 07:00:00,13.0,70,1014.5,13.5,124,0.0
2025-12-30 08:00:00,13.1,68,1015.3,13.7,117,0.1
2025-12-30 09:00:00,13.9,60,1014.3,16.9,118,0.0
2025-12-30 10:00:00,13.8,64,1013.8,19.1,115,0.2
2025-12-30 11:00:00,14.2,62,1013.8,19.9,107,0.2
2025-12-30 12:00:00,13.8,66,1013.6,18.7,106,1.7
2025-12-30 13:00:00,13.7,67,1013.2,17.3,100,0.6
2025-12-30 14:00:00,13.6,70,1012.8,18.5,101,2.2
2025-12-30 15:00:00,14.3,63,1011.9,18.1,124,0.5
2025-12-30 16:00:00,13.2,72,1011.9,16.4,119,0.6
2025-12-30 17:00:00,12.9,69,1011.6,16.5,121,0.2
2025-12-30 18:00:00,12.7,72,1011.3,12.0,116,0.3
2025-12-30 19:00:00,12.3,77,1011.2,11.3,121,0.2
2025-12-30 20:00:00,11.8,83,1010.7,12.9,123,0.4
2025-12-30 21:00:00,11.9,83,1010.8,11.1,130,0.2
2025-12-30 22:00:00,11.5,87,1010.3,10.8,138,0.4
2025-12-30 23:00:00,11.4,90,1009.3,10.3,145,1.2
2025-12-31 00:00:00,11.1,91,1009.2,6.6,164,0.2
2025-12-31 01:00:00,11.2,90,1008.2,7.6,184,0.1
2025-12-31 02:00:00,11.1,90,1007.3,6.1,204,0.0
2025-12-31 03:00:00,11.1,92,1006.3,5.7,235,0.0
2025-12-31 04:00:00,11.1,93,1005.7,6.5,251,0.0
2025-12-31 05:00:00,11.1,95,1005.0,7.9,254,0.0
2025-12-31 06:00:00,11.8,92,1004.7,9.5,234,0.0
2025-12-31 07:00:00,12.7,89,1004.1,10.5,243,0.0
2025-12-31 08:00:00,13.9,80,1003.6,14.7,227,0.0
2025-12-31 09:00:00,14.2,79,1003.2,14.8,231,0.0
2025-12-31 10:00:00,14.4,79,1002.9,15.3,239,0.0
2025-12-31 11:00:00,14.9,77,1002.2,17.0,237,0.0
2025-12-31 12:00:00,16.3,69,1001.7,16.1,230,0.6
2025-12-31 13:00:00,16.9,66,1000.8,13.7,220,0.1
2025-12-31 14:00:00,17.1,65,1000.4,12.5,212,0.0
2025-12-31 15:00:00,17.5,63,999.6,10.2,211,0.0
2025-12-31 16:00:00,17.8,62,999.3,3.0,213,0.0
2025-12-31 17:00:00,17.4,64,998.8,6.0,69,0.0
2025-12-31 18:00:00,17.0,71,999.0,13.1,65,0.0
2025-12-31 19:00:00,15.3,81,999.2,19.1,64,0.0
2025-12-31 20:00:00,14.5,85,999.4,15.1,70,0.0
2025-12-31 21:00:00,14.3,87,999.3,14.8,61,0.0
2025-12-31 22:00:00,14.1,87,998.7,13.4,62,0.0
2025-12-31 23:00:00,13.9,87,998.1,12.8,59,0.0
2026-01-01 00:00:00,14.1,87,997.4,13.7,57,0.3
2026-01-01 01:00:00,13.9,93,996.9,13.1,46,0.7
2026-01-01 02:00:00,13.9,94,996.2,13.1,58,0.0
2026-01-01 03:00:00,14.3,93,995.4,14.3,63,0.1
2026-01-01 04:00:00,14.4,94,994.9,12.3,59,0.4
2026-01-01 05:00:00,14.3,97,994.7,8.3,66,2.1
2026-01-01 06:00:00,14.6,97,994.6,5.2,131,0.6
2026-01-01 07:00:00,15.5,91,994.6,5.4,143,0.3
2026-01-01 08:00:00,16.4,87,994.5,6.3,200,0.2
2026-01-01 09:00:00,16.3,86,994.3,8.7,230,0.4
2026-01-01 10:00:00,16.7,85,994.0,13.6,226,0.4
2026-01-01 11:00:00,18.4,77,993.7,15.5,220,0.2
2026-01-01 12:00:00,19.3,72,993.4,16.5,216,0.0
2026-01-01 13:00:00,19.7,73,993.3,16.5,214,0.1
2026-01-01 14:00:00,19.1,74,993.5,17.5,220,0.0
2026-01-01 15:00:00,18.2,77,993.7,15.1,220,0.2
2026-01-01 16:00:00,17.8,79,994.2,13.0,226,0.4
2026-01-01 17:00:00,17.3,81,994.3,13.4,226,0.2
2026-01-01 18:00:00,18.1,77,994.6,13.8,219,0.0
2026-01-01 19:00:00,17.1,80,995.2,11.0,230,0.0
2026-01-01 20:00:00,16.0,87,996.2,11.5,222,0.0
2026-01-01 21:00:00,15.0,92,997.1,10.3,226,0.3
2026-01-01 22:00:00,14.8,93,997.9,10.5,241,4.0
2026-01-01 23:00:00,14.8,94,998.4,12.8,239,1.0
2026-01-02 00:00:00,14.8,95,999.0,14.3,241,0.0
2026-01-02 01:00:00,14.7,93,999.1,14.1,236,0.1
2026-01-02 02:00:00,14.5,94,999.3,14.2,244,0.0
2026-01-02 03:00:00,14.3,94,999.5,14.2,238,0.0
2026-01-02 04:00:00,14.2,94,1000.2,12.5,235,0.1
2026-01-02 05:00:00,14.2,93,1000.8,11.8,230,0.0
2026-01-02 06:00:00,14.4,92,1001.5,11.3,228,0.1
2026-01-02 07:00:00,14.9,88,1002.1,11.9,215,0.1
2026-01-02 08:00:00,15.3,85,1002.6,14.3,208,0.0
2026-01-02 09:00:00,15.8,79,1002.9,15.5,205,0.0
2026-01-02 10:00:00,16.5,74,1003.0,15.7,207,0.0
2026-01-02 11:00:00,16.7,72,1003.6,15.4,199,0.1
2026-01-02 12:00:00,15.4,74,1004.2,13.9,199,0.1
2026-01-02 13:00:00,16.5,69,1004.4,14.1,201,0.0
2026-01-02 14:00:00,16.8,70,1004.6,14.6,196,0.2
2026-01-02 15:00:00,16.3,69,1004.6,13.5,188,0.1
2026-01-02 16:00:00,16.2,68,1004.9,12.5,198,0.0
2026-01-02 17:00:00,15.5,70,1005.2,13.3,199,0.0
2026-01-02 18:00:00,14.8,73,1005.9,12.2,206,0.0
2026-01-02 19:00:00,14.2,76,1006.7,12.8,208,0.0
2026-01-02 20:00:00,13.9,78,1007.3,13.0,206,0.0
2026-01-02 21:00:00,13.6,81,1008.2,12.4,216,0.0
2026-01-02 22:00:00,13.4,82,1008.9,11.3,224,0.0
2026-01-02 23:00:00,13.3,83,1009.3,11.2,229,0.0
2026-01-03 00:00:00,12.8,85,1009.8,12.3,231,0.0
2026-01-03 01:00:00,12.6,86,1010.0,12.2,236,0.0
2026-01-03 02:00:00,12.4,85,1009.9,13.4,233,0.0
2026-01-03 03:00:00,12.3,84,1010.0,12.9,234,0.0
2026-01-03 04:00:00,12.3,84,1010.3,12.4,231,0.0
2026-01-03 05:00:00,12.2,84,1011.0,11.5,228,0.1
2026-01-03 06:00:00,12.2,85,1011.8,11.0,222,0.2
2026-01-03 07:00:00,12.5,84,1012.5,10.2,228,0.1
2026-01-03 08:00:00,12.8,81,1013.4,12.5,212,0.0
2026-01-03 09:00:00,13.1,76,1013.8,13.6,208,0.0
2026-01-03 10:00:00,13.8,71,1013.9,15.2,206,0.0
2026-01-03 11:00:00,15.2,65,1014.1,15.7,207,0.0
2026-01-03 12:00:00,15.3,61,1014.3,15.1,209,0.0
2026-01-03 13:00:00,15.8,61,1014.4,14.9,205,0.0
2026-01-03 14:00:00,15.9,61,1014.4,15.1,208,0.0
2026-01-03 15:00:00,16.2,59,1014.5,15.2,210,0.0
2026-01-03 16:00:00,16.4,57,1014.7,14.6,206,0.0
2026-01-03 17:00:00,16.1,58,1014.9,13.7,202,0.0
2026-01-03 18:00:00,15.6,59,1015.5,11.6,196,0.0
2026-01-03 19:00:00,14.5,63,1016.2,9.7,198,0.0
2026-01-03 20:00:00,13.8,67,1016.6,7.0,201,0.0
2026-01-03 21:00:00,13.1,73,1017.2,5.0,193,0.0
2026-01-03 22:00:00,12.4,80,1017.7,2.6,196,0.0
2026-01-03 23:00:00,11.7,83,1017.5,1.2,207,0.0
2026-01-04 00:00:00,11.5,85,1017.5,0.7,166,0.0
2026-01-04 01:00:00,11.2,85,1017.3,1.9,146,0.0
2026-01-04 02:00:00,11.0,86,1017.0,4.0,141,0.0
2026-01-04 03:00:00,10.7,86,1016.8,4.2,140,0.0
2026-01-04 04:00:00,10.4,88,1016.4,4.4,128,0.0
2026-01-04 05:00:00,10.2,90,1016.7,4.6,72,0.0
2026-01-04 06:00:00,12.7,85,1016.7,9.2,43,0.0
2026-01-04 07:00:00,14.2,73,1016.9,13.4,39,0.0
2026-01-04 08:00:00,15.0,66,1017.0,15.7,46,0.0
2026-01-04 09:00:00,15.6,64,1016.9,18.2,43,0.0
2026-01-04 10:00:00,16.3,61,1016.6,19.5,45,0.0
2026-01-04 11:00:00,17.1,59,1016.4,20.2,47,0.0
2026-01-04 12:00:00,17.2,57,1015.9,22.2,59,0.0
2026-01-04 13:00:00,17.1,58,1015.6,23.4,66,0.0
2026-01-04 14:00:00,17.1,60,1015.3,24.5,70,0.0
2026-01-04 15:00:00,16.8,62,1014.9,25.2,73,0.0
2026-01-04 16:00:00,16.8,64,1014.7,24.0,68,0.0
2026-01-04 17:00:00,16.3,68,1014.4,23.8,66,0.0
2026-01-04 18:00:00,16.1,70,1014.4,21.7,68,0.0
2026-01-04 19:00:00,15.3,74,1014.7,21.4,67,0.0
2026-01-04 20:00:00,14.7,77,1015.0,19.7,69,0.0
2026-01-04 21:00:00,14.4,81,1015.4,18.3,72,0.0
2026-01-04 22:00:00,14.4,82,1015.4,18.2,76,0.0
2026-01-04 23:00:00,14.4,82,1015.2,18.6,75,0.0
2026-01-05 00:00:00,14.7,81,1015.6,18.5,77,0.0
2026-01-05 01:00:00,14.5,83,1015.4,16.7,76,0.0
2026-01-05 02:00:00,14.4,84,1015.4,15.9,76,0.0
2026-01-05 03:00:00,14.2,87,1015.3,14.2,81,0.0
2026-01-05 04:00:00,14.0,89,1015.3,13.2,83,0.0
2026-01-05 05:00:00,13.9,91,1015.4,11.9,87,0.0
2026-01-05 06:00:00,15.0,85,1016.1,11.7,86,0.0
2026-01-05 07:00:00,16.2,79,1016.5,10.5,86,0.0
2026-01-05 08:00:00,17.3,74,1016.9,8.3,86,0.0
2026-01-05 09:00:00,18.0,71,1016.9,6.9,81,0.1
2026-01-05 10:00:00,18.5,70,1016.9,6.1,66,0.0
2026-01-05 11:00:00,19.6,67,1016.8,5.9,55,0.0
2026-01-05 12:00:00,19.3,69,1017.0,12.8,68,0.0
2026-01-05 13:00:00,19.4,66,1016.7,12.5,69,0.0
2026-01-05 14:00:00,19.6,63,1016.2,14.5,83,0.0
2026-01-05 15:00:00,20.0,61,1015.9,14.4,75,0.0
2026-01-05 16:00:00,19.2,65,1015.6,16.3,70,0.0
2026-01-05 17:00:00,18.0,70,1015.4,16.3,79,0.0
2026-01-05 18:00:00,17.1,75,1015.6,13.9,86,0.0
2026-01-05 19:00:00,16.5,78,1015.5,12.1,93,0.0
2026-01-05 20:00:00,15.8,82,1015.8,9.9,102,0.0
2026-01-05 21:00:00,15.3,86,1016.2,6.6,103,0.0
2026-01-05 22:00:00,15.1,88,1016.3,6.1,93,0.0
2026-01-05 23:00:00,14.6,91,1016.1,4.5,97,0.0
2026-01-06 00:00:00,14.0,93,1016.2,5.2,110,0.0
2026-01-06 01:00:00,13.7,94,1016.0,3.7,125,0.0
2026-01-06 02:00:00,13.1,95,1015.8,1.9,124,0.0
2026-01-06 03:00:00,12.8,96,1015.6,1.2,141,0.0
2026-01-06 04:00:00,12.3,97,1015.2,1.1,171,0.0
2026-01-06 05:00:00,12.0,96,1015.4,1.0,225,0.0
2026-01-06 06:00:00,12.9,93,1016.1,2.1,239,0.0
2026-01-06 07:00:00,14.7,89,1016.3,3.1,310,0.0
2026-01-06 08:00:00,16.7,81,1016.5,3.7,325,0.0
2026-01-06 09:00:00,18.7,71,1016.2,4.8,335,0.0
2026-01-06 10:00:00,20.5,61,1015.7,5.6,356,0.0
2026-01-06 11:00:00,22.0,53,1015.1,6.4,11,0.0
2026-01-06 12:00:00,21.8,59,1014.9,13.9,48,0.0
2026-01-06 13:00:00,21.1,61,1014.8,16.4,57,0.0
2026-01-06 14:00:00,21.1,59,1014.6,16.7,69,0.0
2026-01-06 15:00:00,21.4,56,1014.0,16.9,83,0.0
2026-01-06 16:00:00,20.7,58,1013.7,17.6,70,0.0
2026-01-06 17:00:00,19.1,68,1013.5,16.3,63,0.0
2026-01-06 18:00:00,18.0,76,1013.6,14.0,66,0.0
2026-01-06 19:00:00,17.1,83,1013.8,12.2,76,0.0
2026-01-06 20:00:00,16.2,90,1013.9,8.3,96,0.0
2026-01-06 21:00:00,15.8,91,1014.0,8.5,97,0.0
2026-01-06 22:00:00,15.6,90,1013.8,8.8,102,0.0
2026-01-06 23:00:00,15.6,87,1013.6,7.3,107,0.0
2026-01-07 00:00:00,15.8,83,1013.5,9.7,106,0.0
2026-01-07 01:00:00,15.6,84,1013.1,9.7,105,0.0
2026-01-07 02:00:00,15.2,87,1012.7,6.3,110,0.0
2026-01-07 03:00:00,14.4,90,1012.5,3.8,135,0.0
2026-01-07 04:00:00,14.0,89,1012.1,2.7,160,0.0
2026-01-07 05:00:00,13.8,87,1012.1,3.4,186,0.0
2026-01-07 06:00:00,14.6,85,1012.7,6.5,231,0.0
2026-01-07 07:00:00,16.4,68,1013.1,7.7,267,0.0
2026-01-07 08:00:00,19.1,57,1013.1,9.0,255,0.0
2026-01-07 09:00:00,21.5,56,1013.1,14.0,240,0.0
2026-01-07 10:00:00,22.9,55,1012.8,12.9,235,0.0
2026-01-07 11:00:00,24.2,50,1012.5,8.4,230,0.0
2026-01-07 12:00:00,23.8,52,1012.1,10.1,199,0.0
2026-01-07 13:00:00,22.8,58,1012.0,4.9,170,0.1
2026-01-07 14:00:00,22.5,59,1011.5,4.4,60,0.0
2026-01-07 15:00:00,22.4,57,1011.4,11.8,67,0.0
2026-01-07 16:00:00,22.0,56,1010.8,15.5,65,0.0
2026-01-07 17:00:00,20.7,59,1011.0,15.4,69,0.0
2026-01-07 18:00:00,20.0,69,1011.2,13.0,63,0.0
2026-01-07 19:00:00,18.4,80,1011.8,11.2,62,0.0
2026-01-07 20:00:00,17.3,88,1012.1,8.8,62,0.0
2026-01-07 21:00:00,16.9,91,1012.9,3.1,54,0.0
2026-01-07 22:00:00,16.6,92,1012.7,3.4,252,0.0
2026-01-07 23:00:00,16.0,95,1012.5,2.6,245,0.0
2026-01-08 00:00:00,15.8,91,1012.8,3.3,248,0.0
2026-01-08 01:00:00,15.6,90,1012.4,5.3,218,0.0
2026-01-08 02:00:00,14.9,93,1012.0,3.2,223,0.0
2026-01-08 03:00:00,14.4,93,1011.8,3.4,223,0.0
2026-01-08 04:00:00,13.8,95,1012.1,2.8,235,0.0
2026-01-08 05:00:00,13.5,95,1012.4,2.8,207,0.0
2026-01-08 06:00:00,14.7,94,1012.9,3.1,83,0.0
2026-01-08 07:00:00,17.2,84,1013.4,4.3,62,0.0
2026-01-08 08:00:00,19.1,76,1013.7,9.4,66,0.0
2026-01-08 09:00:00,20.2,69,1013.6,12.8,66,0.0
2026-01-08 10:00:00,20.3,68,1013.3,13.7,74,0.0
2026-01-08 11:00:00,20.8,63,1012.9,14.1,76,0.0
2026-01-08 12:00:00,20.9,62,1012.3,15.2,64,0.0
2026-01-08 13:00:00,21.5,59,1012.1,15.3,60,0.0
2026-01-08 14:00:00,20.7,63,1011.4,17.3,71,0.0
2026-01-08 15:00:00,19.6,70,1011.0,16.6,70,0.0
2026-01-08 16:00:00,19.2,72,1010.0,16.8,67,0.0
2026-01-08 17:00:00,18.4,76,1009.6,16.3,74,0.0
2026-01-08 18:00:00,18.1,77,1009.0,13.4,95,0.0
2026-01-08 19:00:00,18.0,75,1008.3,13.6,110,0.0
2026-01-08 20:00:00,18.0,76,1007.6,10.5,115,0.0
2026-01-08 21:00:00,18.1,77,1007.2,1.4,130,0.1
2026-01-08 22:00:00,18.3,73,1007.0,6.2,277,0.0
2026-01-08 23:00:00,18.6,60,1006.3,12.3,299,0.0
2026-01-09 00:00:00,18.5,63,1006.2,11.2,274,0.0
2026-01-09 01:00:00,18.4,60,1005.8,11.1,287,0.0
2026-01-09 02:00:00,18.5,61,1005.3,9.1,277,0.0
2026-01-09 03:00:00,19.7,57,1004.8,14.9,263,0.0
2026-01-09 04:00:00,20.1,56,1004.4,15.3,292,0.0
2026-01-09 05:00:00,19.6,58,1004.3,12.1,295,0.0
2026-01-09 06:00:00,20.5,58,1004.3,13.9,289,0.0
2026-01-09 07:00:00,22.7,51,1003.7,17.4,315,0.0
2026-01-09 08:00:00,24.1,48,1004.1,17.8,313,0.0
2026-01-09 09:00:00,24.6,50,1003.6,11.9,328,0.2
2026-01-09 10:00:00,27.9,41,1003.6,19.4,268,0.0
2026-01-09 11:00:00,26.3,47,1004.2,25.2,224,0.1
2026-01-09 12:00:00,24.5,53,1005.6,17.6,191,0.0
2026-01-09 13:00:00,23.0,51,1006.9,17.9,192,0.0
2026-01-09 14:00:00,22.7,49,1007.9,11.8,191,0.0
2026-01-09 15:00:00,22.9,46,1008.0,6.1,175,0.0
2026-01-09 16:00:00,22.6,48,1007.9,4.1,67,0.0
2026-01-09 17:00:00,21.0,50,1008.4,13.0,64,0.0
2026-01-09 18:00:00,17.7,57,1009.7,16.1,68,0.0
2026-01-09 19:00:00,16.3,65,1010.4,17.0,67,0.0
2026-01-09 20:00:00,15.6,69,1010.9,17.0,67,0.0
2026-01-09 21:00:00,15.3,71,1010.4,16.9,69,0.0
2026-01-09 22:00:00,15.4,70,1010.5,16.2,76,0.0
2026-01-09 23:00:00,15.4,70,1009.8,17.8,74,0.0
2026-01-10 00:00:00,15.5,71,1009.7,18.9,75,0.0
2026-01-10 01:00:00,15.4,78,1009.0,18.7,79,0.0
2026-01-10 02:00:00,15.8,82,1007.8,16.7,84,0.0
2026-01-10 03:00:00,16.3,78,1006.6,9.5,69,0.0
2026-01-10 04:00:00,16.0,74,1005.5,7.2,72,0.0
2026-01-10 05:00:00,16.3,68,1005.6,5.9,88,0.0
2026-01-10 06:00:00,17.0,72,1005.0,10.6,99,0.0
2026-01-10 07:00:00,18.4,67,1004.9,7.9,102,0.0
2026-01-10 08:00:00,19.8,62,1004.8,4.9,36,0.0
2026-01-10 09:00:00,23.5,46,1004.4,19.9,320,0.0
2026-01-10 10:00:00,24.9,45,1003.5,22.5,323,0.0
2026-01-10 11:00:00,26.0,45,1003.5,23.0,316,0.0
2026-01-10 12:00:00,29.3,37,1002.3,23.4,313,0.0
2026-01-10 13:00:00,29.7,35,1002.6,27.4,305,0.0
2026-01-10 14:00:00,29.4,36,1002.3,28.2,312,0.0
2026-01-10 15:00:00,29.1,37,1002.4,29.7,316,0.0
2026-01-10 16:00:00,27.3,40,1002.7,32.5,317,0.0
2026-01-10 17:00:00,26.2,39,1003.1,32.0,318,0.0
2026-01-10 18:00:00,26.5,39,1001.8,34.8,326,0.0
2026-01-10 19:00:00,24.8,43,1002.2,30.1,331,0.0
2026-01-10 20:00:00,23.2,45,1002.0,30.9,326,0.0
2026-01-10 21:00:00,22.2,48,1002.5,27.5,326,0.0
2026-01-10 22:00:00,20.6,59,1003.0,15.5,359,0.0
2026-01-10 23:00:00,20.4,55,1002.5,18.6,340,0.0
2026-01-11 00:00:00,22.0,52,1001.5,22.0,333,0.0
2026-01-11 01:00:00,21.7,56,1000.4,21.9,354,0.0
2026-01-11 02:00:00,21.1,58,999.9,22.8,351,0.0
2026-01-11 03:00:00,20.9,56,999.0,24.1,348,0.0
2026-01-11 04:00:00,20.6,56,997.8,24.1,354,0.0
2026-01-11 05:00:00,20.8,55,997.5,22.0,347,0.0
2026-01-11 06:00:00,22.5,55,995.4,19.1,4,0.0
2026-01-11 07:00:00,24.3,49,995.4,10.5,7,0.0
2026-01-11 08:00:00,25.3,47,995.3,3.5,15,0.0
2026-01-11 09:00:00,27.1,40,995.6,22.8,313,0.0
2026-01-11 10:00:00,27.2,42,995.3,34.9,298,0.0
2026-01-11 11:00:00,27.7,42,995.6,32.9,292,0.0
2026-01-11 12:00:00,28.8,41,996.0,29.9,307,0.1
2026-01-11 13:00:00,29.1,39,995.8,31.3,302,0.1
2026-01-11 14:00:00,28.9,39,995.1,31.2,302,0.0
2026-01-11 15:00:00,23.9,61,997.0,28.1,282,1.3
2026-01-11 16:00:00,22.0,69,997.9,16.9,268,1.5
2026-01-11 17:00:00,22.7,43,997.4,20.8,302,0.0
2026-01-11 18:00:00,21.8,50,996.3,18.3,313,0.0
2026-01-11 19:00:00,20.6,57,995.9,16.7,299,0.3
2026-01-11 20:00:00,18.9,68,996.3,16.6,275,0.3
2026-01-11 21:00:00,18.7,65,996.7,20.5,269,0.1
2026-01-11 22:00:00,19.0,61,996.3,13.9,256,0.0
2026-01-11 23:00:00,17.8,66,997.7,13.6,250,0.0
2026-01-12 00:00:00,14.3,78,999.6,18.4,169,1.2
2026-01-12 01:00:00,14.0,75,1001.6,13.9,203,0.2
2026-01-12 02:00:00,13.6,74,1003.5,14.7,203,0.5
2026-01-12 03:00:00,13.0,79,1004.5,4.2,216,0.5
2026-01-12 04:00:00,13.3,75,1005.8,6.0,245,0.0
2026-01-12 05:00:00,13.5,74,1007.0,3.3,234,0.0
2026-01-12 06:00:00,13.1,73,1008.5,3.5,242,0.0
2026-01-12 07:00:00,13.2,74,1009.6,7.3,226,0.8
2026-01-12 08:00:00,13.7,69,1010.6,10.8,198,0.1
2026-01-12 09:00:00,14.7,61,1011.7,15.3,201,0.0
2026-01-12 10:00:00,15.7,60,1012.3,12.9,200,0.0
2026-01-12 11:00:00,16.1,58,1013.2,15.0,197,0.4
2026-01-12 12:00:00,17.7,51,1013.3,8.7,210,0.2
2026-01-12 13:00:00,18.5,45,1013.4,5.2,182,0.1
2026-01-12 14:00:00,18.6,43,1013.8,3.2,74,0.0
2026-01-12 15:00:00,17.8,54,1013.6,14.8,42,0.0
2026-01-12 16:00:00,17.3,53,1014.0,19.9,44,0.0
2026-01-12 17:00:00,16.1,56,1014.3,20.0,66,0.0
2026-01-12 18:00:00,15.8,56,1015.0,19.9,72,0.0
2026-01-12 19:00:00,15.0,60,1015.4,19.8,75,0.0
2026-01-12 20:00:00,14.5,65,1015.8,18.0,67,0.0
2026-01-12 21:00:00,14.3,66,1016.3,17.7,61,0.0
2026-01-12 22:00:00,14.3,67,1016.5,17.2,59,0.0
2026-01-12 23:00:00,14.4,70,1016.3,17.3,55,0.0
2026-01-13 00:00:00,14.5,71,1016.2,18.0,54,0.0
2026-01-13 01:00:00,14.6,73,1015.7,17.5,48,0.0
2026-01-13 02:00:00,14.3,73,1015.2,14.5,45,0.0
2026-01-13 03:00:00,13.7,72,1014.7,12.7,45,0.0
2026-01-13 04:00:00,12.9,73,1014.8,10.7,37,0.0
2026-01-13 05:00:00,12.4,75,1014.6,8.0,42,0.0
2026-01-13 06:00:00,13.5,76,1014.8,9.2,35,0.0
2026-01-13 07:00:00,14.8,71,1014.8,7.2,25,0.0
2026-01-13 08:00:00,16.2,67,1014.4,7.0,46,0.0
2026-01-13 09:00:00,17.6,62,1013.9,8.2,64,0.0
2026-01-13 10:00:00,18.6,58,1013.5,8.9,61,0.0
2026-01-13 11:00:00,19.5,56,1012.9,8.8,55,0.0
2026-01-13 12:00:00,20.6,52,1011.8,6.4,63,0.0
2026-01-13 13:00:00,21.4,52,1010.7,5.9,40,0.0
2026-01-13 14:00:00,21.3,56,1010.3,7.1,30,0.0
2026-01-13 15:00:00,21.4,58,1009.3,6.6,77,0.0
2026-01-13 16:00:00,21.3,60,1008.6,8.0,59,0.0
2026-01-13 17:00:00,19.2,70,1009.0,10.5,39,0.0
2026-01-13 18:00:00,19.0,65,1008.8,5.0,360,0.0
2026-01-13 19:00:00,18.0,70,1009.0,5.2,346,0.0
2026-01-13 20:00:00,17.1,75,1009.1,3.4,335,0.0
2026-01-13 21:00:00,16.6,76,1009.8,6.9,298,0.2
2026-01-13 22:00:00,16.3,72,1009.7,11.5,241,0.0
2026-01-13 23:00:00,15.6,78,1009.6,12.4,230,0.0
2026-01-14 00:00:00,15.1,89,1010.1,12.4,236,0.0
2026-01-14 01:00:00,14.5,94,1009.8,11.3,226,1.0
2026-01-14 02:00:00,14.4,95,1009.6,10.2,240,0.6
2026-01-14 03:00:00,14.2,95,1009.4,10.7,235,0.8
2026-01-14 04:00:00,14.0,96,1009.5,10.1,235,0.4
2026-01-14 05:00:00,13.9,96,1009.7,9.8,244,0.3
2026-01-14 06:00:00,13.9,95,1010.3,7.0,247,0.2
2026-01-14 07:00:00,14.3,92,1010.5,7.0,244,0.1
2026-01-14 08:00:00,14.5,90,1011.2,6.5,236,0.2
2026-01-14 09:00:00,15.1,85,1011.4,5.6,225,0.2
2026-01-14 10:00:00,15.9,79,1011.2,4.2,216,0.2
2026-01-14 11:00:00,16.9,71,1011.2,0.9,90,0.2
2026-01-14 12:00:00,17.9,65,1010.7,5.0,77,0.1
2026-01-14 13:00:00,18.6,63,1010.5,8.7,73,0.0
2026-01-14 14:00:00,18.3,63,1010.4,12.0,72,0.0
2026-01-14 15:00:00,17.8,64,1010.0,13.6,75,0.0
2026-01-14 16:00:00,17.6,68,1010.0,15.2,74,0.0
2026-01-14 17:00:00,16.9,72,1010.4,16.3,77,0.0
2026-01-14 18:00:00,16.4,73,1010.6,15.5,87,0.0
2026-01-14 19:00:00,16.0,77,1011.3,15.4,84,0.0
2026-01-14 20:00:00,15.5,82,1011.6,14.8,86,0.0
2026-01-14 21:00:00,15.1,84,1012.3,14.4,78,0.0
2026-01-14 22:00:00,14.9,84,1012.6,13.4,75,0.0
2026-01-14 23:00:00,14.9,84,1012.3,12.5,83,0.0
2026-01-15 00:00:00,15.0,83,1012.7,10.4,75,0.0
2026-01-15 01:00:00,14.8,84,1012.6,9.1,75,0.0
2026-01-15 02:00:00,14.6,85,1012.3,8.4,79,0.0
2026-01-15 03:00:00,14.6,85,1011.8,7.2,93,0.0
2026-01-15 04:00:00,14.5,85,1011.7,7.0,113,0.0
2026-01-15 05:00:00,14.1,89,1011.8,10.3,109,0.1
2026-01-15 06:00:00,14.4,88,1012.0,10.9,98,0.2
2026-01-15 07:00:00,14.6,86,1012.5,14.4,89,0.3
2026-01-15 08:00:00,14.7,85,1012.8,16.6,89,0.3
2026-01-15 09:00:00,15.4,80,1012.7,18.6,93,0.3
2026-01-15 10:00:00,15.6,79,1012.5,22.1,96,0.3
2026-01-15 11:00:00,15.6,78,1012.2,24.2,99,0.3
2026-01-15 12:00:00,15.3,80,1012.1,24.2,93,0.4
2026-01-15 13:00:00,15.6,76,1012.0,26.3,92,0.3
2026-01-15 14:00:00,14.9,82,1011.8,23.6,98,1.3
2026-01-15 15:00:00,15.0,79,1011.2,23.6,97,0.2
2026-01-15 16:00:00,14.8,81,1010.9,20.7,103,0.4
2026-01-15 17:00:00,14.8,83,1010.5,20.4,107,0.7
2026-01-15 18:00:00,13.8,90,1010.9,19.2,107,0.9
2026-01-15 19:00:00,13.5,92,1011.0,17.8,106,1.7
2026-01-15 20:00:00,13.4,92,1011.0,17.5,111,1.7
2026-01-15 21:00:00,13.4,92,1010.9,15.1,115,1.3
2026-01-15 22:00:00,13.4,91,1010.3,11.3,127,1.1
2026-01-15 23:00:00,13.2,92,1009.8,7.9,131,0.6
2026-01-16 00:00:00,12.9,92,1010.1,4.2,170,0.2
2026-01-16 01:00:00,12.6,94,1009.3,5.8,180,0.3
2026-01-16 02:00:00,12.6,96,1008.5,3.8,205,0.2
2026-01-16 03:00:00,12.7,95,1007.9,3.6,200,0.1
2026-01-16 04:00:00,12.7,93,1007.3,3.8,211,0.1
2026-01-16 05:00:00,12.5,94,1007.1,4.8,222,0.1
2026-01-16 06:00:00,12.4,94,1007.3,5.6,243,0.1
2026-01-16 07:00:00,12.8,91,1007.1,6.6,259,0.2
2026-01-16 08:00:00,13.1,91,1007.1,7.4,236,0.2
2026-01-16 09:00:00,14.1,87,1007.2,6.4,198,0.2
2026-01-16 10:00:00,14.3,84,1007.2,6.5,188,0.3
2026-01-16 11:00:00,14.3,82,1007.1,8.3,194,0.6
2026-01-16 12:00:00,16.0,68,1007.0,11.4,204,0.2
2026-01-16 13:00:00,16.3,67,1006.8,14.6,198,0.0
2026-01-16 14:00:00,15.9,68,1006.9,15.2,199,0.0
2026-01-16 15:00:00,15.0,67,1007.2,15.1,197,0.0
2026-01-16 16:00:00,15.5,65,1007.2,16.0,201,0.0
2026-01-16 17:00:00,14.7,68,1007.3,18.0,207,0.0
2026-01-16 18:00:00,14.2,71,1008.1,19.1,204,0.1
2026-01-16 19:00:00,13.1,79,1008.8,16.5,205,0.1
2026-01-16 20:00:00,12.6,83,1009.5,13.8,213,0.1
2026-01-16 21:00:00,12.4,82,1010.3,12.2,221,0.0
2026-01-16 22:00:00,11.9,82,1011.0,12.6,224,0.0
2026-01-16 23:00:00,11.6,83,1011.4,13.0,228,0.0
2026-01-17 00:00:00,11.4,85,1011.9,12.9,230,0.0
2026-01-17 01:00:00,11.0,87,1012.2,14.9,228,0.1
2026-01-17 02:00:00,11.4,85,1012.2,14.8,230,0.0
2026-01-17 03:00:00,11.3,85,1012.8,16.1,230,0.1
2026-01-17 04:00:00,10.7,85,1013.4,15.7,224,0.1
2026-01-17 05:00:00,10.8,87,1014.1,16.2,225,0.1
2026-01-17 06:00:00,11.2,87,1015.1,14.9,223,0.2
2026-01-17 07:00:00,11.5,85,1015.8,14.9,221,0.3
2026-01-17 08:00:00,12.1,84,1016.4,14.9,216,0.2
2026-01-17 09:00:00,13.3,71,1017.1,18.1,203,0.1
2026-01-17 10:00:00,14.2,66,1017.5,20.0,207,0.0
2026-01-17 11:00:00,15.6,59,1017.6,20.4,207,0.0
2026-01-17 12:00:00,15.9,58,1018.1,21.1,207,0.0
2026-01-17 13:00:00,16.2,54,1018.2,20.8,209,0.0
2026-01-17 14:00:00,16.1,55,1018.4,21.7,204,0.0
2026-01-17 15:00:00,15.0,62,1018.6,20.5,204,0.0
2026-01-17 16:00:00,15.5,59,1018.6,19.4,199,0.0
2026-01-17 17:00:00,15.0,61,1019.1,18.6,198,0.0
2026-01-17 18:00:00,14.6,62,1019.6,16.3,196,0.0
2026-01-17 19:00:00,13.9,63,1020.4,13.1,193,0.0
2026-01-17 20:00:00,12.8,71,1021.2,9.0,196,0.0
2026-01-17 21:00:00,12.1,76,1022.2,6.4,209,0.0
2026-01-17 22:00:00,11.9,78,1022.6,4.9,208,0.0
2026-01-17 23:00:00,11.9,79,1022.9,4.2,211,0.0
2026-01-18 00:00:00,11.7,76,1023.4,7.1,201,0.0
2026-01-18 01:00:00,11.7,73,1023.3,5.8,202,0.0
2026-01-18 02:00:00,11.4,75,1023.2,3.7,194,0.0
2026-01-18 03:00:00,11.0,77,1023.2,2.8,230,0.0
2026-01-18 04:00:00,10.4,80,1023.4,4.0,249,0.0
2026-01-18 05:00:00,10.0,82,1023.8,4.5,256,0.0
2026-01-18 06:00:00,10.4,82,1024.4,6.2,248,0.0
2026-01-18 07:00:00,11.5,76,1025.0,5.0,232,0.0
2026-01-18 08:00:00,12.6,66,1025.3,5.6,195,0.0
2026-01-18 09:00:00,13.6,59,1025.4,7.3,157,0.1
2026-01-18 10:00:00,14.0,60,1025.5,6.8,140,0.0
2026-01-18 11:00:00,14.1,60,1025.9,5.9,125,0.1
2026-01-18 12:00:00,14.2,60,1025.7,6.1,124,0.4
2026-01-18 13:00:00,14.4,64,1025.6,6.6,119,0.3
2026-01-18 14:00:00,13.8,73,1025.7,6.5,124,0.5
2026-01-18 15:00:00,13.9,74,1025.7,5.4,94,0.7
2026-01-18 16:00:00,13.7,75,1025.8,8.0,62,0.7
2026-01-18 17:00:00,13.3,74,1025.7,9.4,36,0.5
2026-01-18 18:00:00,13.4,66,1025.8,7.2,55,0.2
2026-01-18 19:00:00,13.4,64,1026.1,5.0,69,0.0
2026-01-18 20:00:00,13.2,69,1026.3,3.6,93,0.0
2026-01-18 21:00:00,12.9,71,1026.6,5.2,106,0.0
2026-01-18 22:00:00,12.7,72,1026.7,6.2,111,0.0
2026-01-18 23:00:00,11.9,75,1026.5,6.7,114,0.0
2026-01-19 00:00:00,11.5,74,1026.5,6.6,103,0.0
2026-01-19 01:00:00,10.9,78,1026.3,6.5,103,0.0
2026-01-19 02:00:00,10.7,80,1026.1,6.3,110,0.0
2026-01-19 03:00:00,10.6,80,1025.6,7.1,109,0.0
2026-01-19 04:00:00,10.7,79,1025.1,6.4,106,0.0
2026-01-19 05:00:00,11.0,77,1025.1,5.2,94,0.0
2026-01-19 06:00:00,11.5,73,1025.2,7.4,89,0.0
2026-01-19 07:00:00,12.9,65,1025.3,7.8,68,0.0
2026-01-19 08:00:00,13.7,57,1025.1,10.2,54,0.0
2026-01-19 09:00:00,14.3,56,1025.0,11.6,55,0.0
2026-01-19 10:00:00,14.8,56,1024.8,12.5,62,0.0
2026-01-19 11:00:00,15.4,55,1024.6,13.0,66,0.0
2026-01-19 12:00:00,16.0,53,1024.1,12.3,72,0.0
2026-01-19 13:00:00,16.1,54,1024.0,15.2,66,0.0
2026-01-19 14:00:00,15.9,54,1023.6,15.5,70,0.0
2026-01-19 15:00:00,16.3,53,1022.8,15.5,75,0.0
2026-01-19 16:00:00,16.2,54,1022.3,15.8,67,0.0
2026-01-19 17:00:00,15.8,55,1022.2,15.4,64,0.0
2026-01-19 18:00:00,15.6,55,1022.1,13.9,65,0.0
2026-01-19 19:00:00,14.8,57,1022.2,13.4,68,0.0
2026-01-19 20:00:00,13.7,64,1022.4,10.9,70,0.0
2026-01-19 21:00:00,13.0,68,1022.7,10.6,76,0.0
2026-01-19 22:00:00,12.6,71,1022.5,11.2,80,0.0
2026-01-19 23:00:00,12.3,72,1022.4,10.4,80,0.0
2026-01-20 00:00:00,11.9,76,1022.1,8.6,89,0.0
2026-01-20 01:00:00,11.7,76,1021.8,6.3,87,0.0
2026-01-20 02:00:00,10.7,80,1021.5,4.0,85,0.0
2026-01-20 03:00:00,10.3,80,1020.8,1.3,106,0.0
2026-01-20 04:00:00,9.5,82,1020.5,0.8,153,0.0
2026-01-20 05:00:00,9.2,83,1020.7,0.2,180,0.0
2026-01-20 06:00:00,9.8,82,1020.5,2.6,155,0.0
2026-01-20 07:00:00,12.6,74,1020.6,2.7,94,0.0
2026-01-20 08:00:00,14.2,61,1020.7,6.1,58,0.0
2026-01-20 09:00:00,14.6,59,1020.7,9.6,60,0.0
2026-01-20 10:00:00,15.3,56,1020.4,10.7,59,0.0
2026-01-20 11:00:00,16.0,52,1020.1,11.1,67,0.0
2026-01-20 12:00:00,16.9,51,1019.4,11.9,58,0.0
2026-01-20 13:00:00,17.2,50,1019.2,15.0,51,0.0
2026-01-20 14:00:00,16.6,52,1018.8,16.3,62,0.0
2026-01-20 15:00:00,16.1,56,1018.5,16.8,73,0.0
2026-01-20 16:00:00,15.6,58,1018.1,16.0,78,0.0
2026-01-20 17:00:00,15.1,59,1017.9,16.0,73,0.0
2026-01-20 18:00:00,15.0,59,1017.5,14.7,79,0.0
2026-01-20 19:00:00,14.2,61,1017.4,15.3,75,0.0
2026-01-20 20:00:00,13.3,64,1017.8,13.7,71,0.0
2026-01-20 21:00:00,13.0,65,1017.8,12.8,73,0.0
2026-01-20 22:00:00,12.9,65,1017.3,12.2,68,0.0
2026-01-20 23:00:00,13.2,66,1017.4,11.5,58,0.0
2026-01-21 00:00:00,13.1,67,1017.0,12.9,63,0.0
2026-01-21 01:00:00,13.4,65,1016.3,13.8,66,0.0
2026-01-21 02:00:00,13.3,66,1015.7,14.3,62,0.0
2026-01-21 03:00:00,13.3,68,1014.9,16.1,58,0.0
2026-01-21 04:00:00,13.6,67,1014.4,16.9,56,0.0
2026-01-21 05:00:00,13.5,71,1013.9,19.3,59,0.0
2026-01-21 06:00:00,13.8,70,1013.4,18.9,65,0.0
2026-01-21 07:00:00,14.1,71,1013.4,21.8,60,0.0
2026-01-21 08:00:00,14.3,72,1013.1,24.1,62,0.1
2026-01-21 09:00:00,14.8,70,1012.4,28.6,60,0.1
2026-01-21 10:00:00,15.1,71,1011.8,29.5,59,0.0
2026-01-21 11:00:00,15.4,73,1011.4,31.4,57,0.3
2026-01-21 12:00:00,15.1,76,1010.2,31.4,59,0.2
2026-01-21 13:00:00,15.9,73,1009.6,32.6,63,0.1
2026-01-21 14:00:00,15.8,76,1008.7,31.6,68,0.3
2026-01-21 15:00:00,15.9,79,1007.4,30.8,70,0.2
2026-01-21 16:00:00,15.8,85,1006.7,33.2,70,0.3
2026-01-21 17:00:00,15.8,87,1005.6,31.3,72,0.4
2026-01-21 18:00:00,15.5,91,1004.4,28.2,76,0.3
2026-01-21 19:00:00,15.7,91,1003.9,28.9,78,0.2
2026-01-21 20:00:00,15.7,92,1003.3,29.5,76,0.6
2026-01-21 21:00:00,15.8,94,1002.6,30.1,70,0.7
2026-01-21 22:00:00,15.8,94,1001.9,30.7,69,0.5
2026-01-21 23:00:00,15.7,94,1001.3,30.4,66,0.5
2026-01-22 00:00:00,15.8,93,1000.5,28.3,71,0.5
2026-01-22 01:00:00,15.9,92,999.3,28.4,70,0.4
2026-01-22 02:00:00,16.0,94,998.1,29.6,66,0.5
2026-01-22 03:00:00,16.1,94,997.1,31.3,68,0.6
2026-01-22 04:00:00,15.8,95,996.2,29.3,68,1.1
2026-01-22 05:00:00,15.7,97,995.5,28.5,66,1.4
2026-01-22 06:00:00,15.9,95,994.9,27.6,72,2.9
2026-01-22 07:00:00,15.9,96,994.3,29.2,73,3.4
2026-01-22 08:00:00,15.9,96,993.8,28.7,78,3.8
2026-01-22 09:00:00,16.0,95,993.5,29.2,80,3.6
2026-01-22 10:00:00,16.2,95,992.7,27.2,83,2.9
2026-01-22 11:00:00,16.5,95,992.4,25.5,85,2.6
2026-01-22 12:00:00,17.1,92,991.8,19.6,84,1.3
2026-01-22 13:00:00,17.4,87,991.1,24.3,89,0.8
2026-01-22 14:00:00,16.4,97,990.9,22.1,97,1.7
2026-01-22 15:00:00,16.5,93,990.8,20.4,98,1.3
2026-01-22 16:00:00,16.5,92,990.5,18.8,99,0.4
2026-01-22 17:00:00,16.5,89,990.4,17.4,97,0.2
2026-01-22 18:00:00,16.5,90,990.2,13.8,96,0.2
2026-01-22 19:00:00,16.3,92,989.8,12.8,92,0.2
2026-01-22 20:00:00,16.1,91,989.8,11.2,91,0.0
2026-01-22 21:00:00,16.0,91,989.8,8.8,94,0.0
2026-01-22 22:00:00,15.0,94,989.5,4.2,95,0.0
2026-01-22 23:00:00,14.6,95,989.5,2.4,103,0.0
2026-01-23 00:00:00,15.2,93,988.9,5.1,94,0.0
2026-01-23 01:00:00,15.1,94,988.2,2.6,102,0.0
2026-01-23 02:00:00,14.5,95,987.8,0.4,207,0.0
2026-01-23 03:00:00,13.8,96,987.4,1.8,233,0.0
2026-01-23 04:00:00,13.9,96,986.8,3.7,231,0.0
2026-01-23 05:00:00,13.8,96,986.4,3.3,234,0.0
2026-01-23 06:00:00,13.7,98,986.4,6.5,240,0.0
2026-01-23 07:00:00,14.8,98,985.9,7.8,228,0.0
2026-01-23 08:00:00,16.8,89,985.7,8.4,230,0.0
2026-01-23 09:00:00,18.2,85,985.4,6.7,234,0.0
2026-01-23 10:00:00,19.1,80,984.9,6.7,268,0.0
2026-01-23 11:00:00,20.3,71,984.2,7.1,280,0.1
2026-01-23 12:00:00,19.2,75,983.9,11.6,217,0.1
2026-01-23 13:00:00,17.7,82,983.7,11.9,209,1.4
2026-01-23 14:00:00,17.2,82,983.3,17.0,202,0.3
2026-01-23 15:00:00,16.7,78,983.7,17.3,195,0.2
2026-01-23 16:00:00,15.8,76,983.8,17.5,200,0.2
2026-01-23 17:00:00,15.2,78,983.4,17.1,198,0.3
2026-01-23 18:00:00,14.7,78,983.6,17.0,202,0.3
2026-01-23 19:00:00,13.9,80,983.3,16.1,198,0.1
2026-01-23 20:00:00,13.1,85,983.9,12.8,204,0.2
2026-01-23 21:00:00,12.8,86,984.4,12.4,211,0.6
2026-01-23 22:00:00,12.3,92,984.5,13.3,203,1.1
2026-01-23 23:00:00,12.1,89,984.3,15.3,208,0.5
2026-01-24 00:00:00,11.7,89,984.3,17.7,211,0.1
2026-01-24 01:00:00,11.8,88,983.5,19.4,209,0.1
2026-01-24 02:00:00,11.9,86,983.2,20.1,207,0.1
2026-01-24 03:00:00,12.0,83,983.2,20.4,205,0.0
2026-01-24 04:00:00,12.0,82,983.1,19.2,206,0.1
2026-01-24 05:00:00,12.0,82,983.5,19.0,205,0.1
2026-01-24 06:00:00,11.8,85,983.4,21.2,207,0.1
2026-01-24 07:00:00,12.4,80,983.5,22.0,216,0.1
2026-01-24 08:00:00,13.2,74,983.5,25.3,223,0.0
2026-01-24 09:00:00,13.0,78,983.5,25.1,222,0.1
2026-01-24 10:00:00,13.7,73,983.2,25.2,227,0.1
2026-01-24 11:00:00,14.7,63,983.4,27.9,222,0.0
2026-01-24 12:00:00,15.7,56,983.2,29.7,224,0.0
2026-01-24 13:00:00,15.4,62,982.7,22.6,228,0.0
2026-01-24 14:00:00,15.2,70,982.6,22.6,235,0.2
2026-01-24 15:00:00,15.1,68,982.6,26.1,237,0.2
2026-01-24 16:00:00,14.2,77,982.6,23.6,238,0.5
2026-01-24 17:00:00,13.4,85,982.4,26.4,227,0.9
2026-01-24 18:00:00,13.1,89,982.7,21.8,229,0.8
2026-01-24 19:00:00,13.3,89,982.6,20.6,227,0.1
2026-01-24 20:00:00,13.2,87,982.7,19.9,222,0.3
2026-01-24 21:00:00,12.8,85,983.2,23.5,230,0.6
2026-01-24 22:00:00,12.3,84,983.4,22.8,237,0.4
2026-01-24 23:00:00,12.0,84,983.1,21.3,246,0.8
2026-01-25 00:00:00,12.0,88,983.2,16.5,248,0.5
2026-01-25 01:00:00,12.0,84,982.8,15.9,252,0.4
2026-01-25 02:00:00,11.7,86,982.7,14.2,252,0.3
2026-01-25 03:00:00,11.5,88,982.6,11.8,259,0.3
2026-01-25 04:00:00,11.3,93,982.6,7.9,249,0.7
2026-01-25 05:00:00,11.3,93,982.5,6.0,265,1.4
2026-01-25 06:00:00,11.5,91,983.4,4.8,239,0.1
2026-01-25 07:00:00,12.0,92,983.5,7.5,291,0.1
2026-01-25 08:00:00,12.5,90,984.1,8.2,289,0.0
2026-01-25 09:00:00,13.8,88,984.2,7.2,289,0.0
2026-01-25 10:00:00,15.5,82,984.6,10.0,285,0.0
2026-01-25 11:00:00,16.6,63,985.0,20.3,235,0.0
2026-01-25 12:00:00,14.9,72,986.1,18.6,234,0.0
2026-01-25 13:00:00,16.6,62,986.2,22.4,228,0.0
2026-01-25 14:00:00,19.0,53,986.0,26.1,229,0.0
2026-01-25 15:00:00,17.4,63,986.5,21.4,225,0.0
2026-01-25 16:00:00,17.1,69,987.0,19.2,219,0.9
2026-01-25 17:00:00,15.6,82,987.4,18.9,230,1.3
2026-01-25 18:00:00,15.1,86,988.6,21.0,240,0.4
2026-01-25 19:00:00,14.8,84,989.1,21.7,234,0.2
2026-01-25 20:00:00,14.4,89,990.1,19.2,232,0.5
2026-01-25 21:00:00,14.6,90,990.9,15.5,238,0.0
2026-01-25 22:00:00,14.6,90,991.2,14.4,236,0.1
2026-01-25 23:00:00,14.6,90,991.6,15.8,229,0.3
2026-01-26 00:00:00,14.3,92,992.5,19.5,219,0.1
2026-01-26 01:00:00,14.5,89,992.8,18.1,229,0.1
2026-01-26 02:00:00,14.0,91,993.1,14.3,236,0.0
2026-01-26 03:00:00,13.9,91,993.4,12.7,232,0.0
2026-01-26 04:00:00,13.6,92,993.7,11.6,246,0.0
2026-01-26 05:00:00,13.5,93,994.2,10.0,249,0.0
2026-01-26 06:00:00,13.6,92,995.1,10.6,242,0.0
2026-01-26 07:00:00,15.1,90,995.6,9.7,236,0.0
2026-01-26 08:00:00,17.0,78,996.1,8.8,247,0.0
2026-01-26 09:00:00,18.1,70,996.8,10.8,222,0.0
2026-01-26 10:00:00,18.8,64,997.2,12.2,208,0.0
2026-01-26 11:00:00,19.4,62,997.5,13.0,209,0.0
2026-01-26 12:00:00,18.4,66,997.5,18.1,197,0.3
2026-01-26 13:00:00,18.9,65,997.6,18.0,196,0.0
2026-01-26 14:00:00,19.1,63,997.7,16.6,199,0.0
2026-01-26 15:00:00,19.2,63,998.0,15.4,196,0.0
2026-01-26 16:00:00,18.7,64,998.4,15.2,185,0.0
2026-01-26 17:00:00,17.9,67,998.5,11.7,175,0.0
2026-01-26 18:00:00,17.0,69,999.3,8.3,164,0.0
2026-01-26 19:00:00,16.3,71,999.7,7.5,160,0.0
2026-01-26 20:00:00,15.5,76,1000.5,6.0,185,0.0
2026-01-26 21:00:00,14.6,81,1001.5,8.7,197,0.0
2026-01-26 22:00:00,13.9,85,1002.1,10.5,196,0.0
2026-01-26 23:00:00,13.5,85,1002.4,9.4,204,0.0
2026-01-27 00:00:00,13.2,83,1003.0,12.0,198,0.0
2026-01-27 01:00:00,13.2,82,1003.1,12.3,201,0.0
2026-01-27 02:00:00,13.1,81,1003.4,11.8,208,0.0
2026-01-27 03:00:00,12.9,82,1003.5,12.4,214,0.0
2026-01-27 04:00:00,12.9,82,1003.9,12.7,219,0.0
2026-01-27 05:00:00,12.9,81,1004.6,12.2,218,0.0
2026-01-27 06:00:00,12.7,84,1005.5,12.4,213,0.0
2026-01-27 07:00:00,13.0,82,1006.1,12.3,202,0.0
2026-01-27 08:00:00,13.7,78,1007.0,12.6,197,0.0
2026-01-27 09:00:00,14.8,72,1007.7,16.1,202,0.0
2026-01-27 10:00:00,15.3,71,1008.5,15.8,201,0.0
2026-01-27 11:00:00,15.9,68,1008.9,16.7,202,0.0
2026-01-27 12:00:00,15.6,68,1009.4,17.5,204,0.0
2026-01-27 13:00:00,16.1,65,1009.5,16.8,205,0.0
2026-01-27 14:00:00,16.7,64,1009.8,14.8,206,0.0
2026-01-27 15:00:00,16.5,65,1010.0,13.0,207,0.0
2026-01-27 16:00:00,16.5,64,1010.5,12.6,206,0.0
2026-01-27 17:00:00,16.1,63,1010.9,11.5,209,0.0
2026-01-27 18:00:00,15.9,64,1011.6,7.4,209,0.0
2026-01-27 19:00:00,15.0,67,1012.4,7.2,219,0.0
2026-01-27 20:00:00,13.3,75,1013.5,9.9,209,0.0
2026-01-27 21:00:00,12.7,76,1014.2,10.7,188,0.0
2026-01-27 22:00:00,12.6,78,1014.5,4.4,173,0.0
2026-01-27 23:00:00,12.3,81,1014.7,0.7,14,0.0
2026-01-28 00:00:00,11.5,87,1015.6,2.5,150,0.0
2026-01-28 01:00:00,11.5,89,1015.4,3.9,137,0.0
2026-01-28 02:00:00,11.3,90,1014.9,3.7,104,0.0
2026-01-28 03:00:00,12.4,88,1014.4,8.4,43,0.0
2026-01-28 04:00:00,12.8,89,1014.5,11.0,52,0.0
2026-01-28 05:00:00,12.8,88,1015.3,10.6,60,0.0
2026-01-28 06:00:00,13.4,85,1015.6,14.3,62,0.0
2026-01-28 07:00:00,14.7,79,1015.6,17.0,58,0.0
2026-01-28 08:00:00,15.4,75,1015.4,19.8,50,0.0
2026-01-28 09:00:00,16.1,74,1015.3,18.8,50,0.0
2026-01-28 10:00:00,16.7,76,1014.8,18.7,64,0.0
2026-01-28 11:00:00,17.6,75,1014.7,16.6,72,0.0
2026-01-28 12:00:00,18.5,73,1014.3,15.2,83,0.0
2026-01-28 13:00:00,18.9,71,1013.8,16.9,89,0.0
2026-01-28 14:00:00,19.0,71,1013.7,17.6,89,0.0
2026-01-28 15:00:00,18.8,73,1013.3,16.6,88,0.0
2026-01-28 16:00:00,18.5,72,1012.9,16.0,93,0.0
2026-01-28 17:00:00,18.0,75,1012.8,14.3,96,0.0
2026-01-28 18:00:00,17.6,75,1012.9,12.8,99,0.0
2026-01-28 19:00:00,17.5,75,1012.8,11.4,115,0.0
2026-01-28 20:00:00,17.3,73,1012.4,9.4,114,0.0
2026-01-28 21:00:00,16.6,78,1012.5,2.7,70,0.0
2026-01-28 22:00:00,16.6,79,1011.7,1.5,135,0.0
2026-01-28 23:00:00,16.5,78,1011.4,3.6,273,0.0
2026-01-29 00:00:00,15.6,83,1010.3,0.5,315,0.0
2026-01-29 01:00:00,14.1,89,1009.5,2.7,247,0.0
2026-01-29 02:00:00,15.6,80,1008.6,5.6,228,0.0
2026-01-29 03:00:00,16.3,66,1008.2,14.2,263,0.0
2026-01-29 04:00:00,16.3,66,1008.4,12.9,255,0.0
2026-01-29 05:00:00,16.5,65,1009.2,15.6,243,0.0
2026-01-29 06:00:00,16.6,66,1009.7,12.6,236,0.0
2026-01-29 07:00:00,17.6,66,1010.0,10.4,228,0.0
2026-01-29 08:00:00,19.7,59,1010.1,8.9,246,0.0
2026-01-29 09:00:00,19.6,63,1010.3,9.1,240,0.2
2026-01-29 10:00:00,18.6,71,1009.7,4.3,327,0.7
2026-01-29 11:00:00,19.4,69,1009.6,8.0,16,0.0
2026-01-29 12:00:00,20.2,61,1009.4,9.8,55,0.0
2026-01-29 13:00:00,21.4,57,1009.0,8.6,60,0.0
2026-01-29 14:00:00,23.1,52,1008.8,2.7,328,0.0
2026-01-29 15:00:00,24.2,51,1008.5,10.6,281,0.0
2026-01-29 16:00:00,25.1,46,1008.0,11.7,279,0.0
2026-01-29 17:00:00,25.3,45,1008.3,14.8,260,0.0
2026-01-29 18:00:00,25.0,47,1008.9,11.6,255,0.1
2026-01-29 19:00:00,18.0,69,1010.9,19.9,166,0.1
2026-01-29 20:00:00,15.9,71,1012.9,12.7,203,0.0
2026-01-29 21:00:00,14.9,71,1015.1,8.8,219,0.0
2026-01-29 22:00:00,14.7,71,1016.2,5.1,238,0.0
2026-01-29 23:00:00,14.5,73,1016.8,3.9,257,0.0
2026-01-30 00:00:00,14.6,74,1017.8,3.5,258,0.0
2026-01-30 01:00:00,14.5,75,1017.8,3.1,225,0.0
2026-01-30 02:00:00,14.4,75,1017.8,3.8,175,0.0
2026-01-30 03:00:00,14.4,74,1017.8,6.1,150,0.0
2026-01-30 04:00:00,14.3,76,1017.6,5.9,137,0.0
2026-01-30 05:00:00,13.8,79,1017.7,4.5,130,0.0
2026-01-30 06:00:00,14.0,80,1018.3,3.3,126,0.0
2026-01-30 07:00:00,14.6,76,1018.6,4.1,90,0.1
2026-01-30 08:00:00,14.9,76,1018.6,5.6,57,0.2
2026-01-30 09:00:00,15.1,74,1018.3,8.4,48,0.1
2026-01-30 10:00:00,16.0,68,1017.8,12.5,63,0.0
2026-01-30 11:00:00,16.6,65,1017.3,17.6,66,0.0
2026-01-30 12:00:00,16.6,66,1016.8,18.3,72,0.0
2026-01-30 13:00:00,16.8,66,1015.8,20.7,77,0.0
2026-01-30 14:00:00,16.7,67,1014.9,21.9,76,0.0
2026-01-30 15:00:00,16.8,67,1014.2,22.5,71,0.0
2026-01-30 16:00:00,16.6,68,1013.7,21.3,70,0.0
2026-01-30 17:00:00,16.3,71,1013.6,20.7,72,0.0
2026-01-30 18:00:00,16.2,71,1013.6,17.2,80,0.0
2026-01-30 19:00:00,15.8,74,1013.9,14.7,82,0.0
2026-01-30 20:00:00,15.1,79,1014.1,12.0,82,0.0
2026-01-30 21:00:00,14.9,81,1014.4,11.5,80,0.0
2026-01-30 22:00:00,14.7,83,1014.1,10.4,79,0.0
2026-01-30 23:00:00,14.5,86,1013.7,9.7,74,0.0
2026-01-31 00:00:00,14.6,86,1013.4,8.8,73,0.0
2026-01-31 01:00:00,14.8,87,1012.4,8.4,74,0.0
2026-01-31 02:00:00,14.6,89,1011.7,6.9,85,0.0
2026-01-31 03:00:00,14.2,92,1010.9,6.8,88,0.0
2026-01-31 04:00:00,13.8,94,1010.2,6.8,93,0.0
2026-01-31 05:00:00,13.9,94,1009.7,6.0,85,0.0
2026-01-31 06:00:00,13.4,96,1010.1,5.0,111,0.0
2026-01-31 07:00:00,14.5,94,1009.8,3.8,85,0.0
2026-01-31 08:00:00,16.2,83,1009.4,5.8,56,0.0
2026-01-31 09:00:00,17.4,75,1009.0,5.6,40,0.0
2026-01-31 10:00:00,18.5,71,1008.3,5.4,42,0.0
2026-01-31 11:00:00,19.0,70,1007.5,7.5,46,0.0
2026-01-31 12:00:00,19.3,66,1007.1,11.2,48,0.0
2026-01-31 13:00:00,20.0,59,1006.4,10.5,66,0.0
2026-01-31 14:00:00,20.9,53,1006.0,8.4,59,0.0
2026-01-31 15:00:00,21.2,53,1005.6,8.3,49,0.0
2026-01-31 16:00:00,20.8,53,1005.5,10.0,54,0.0
2026-01-31 17:00:00,19.9,52,1005.6,10.8,43,0.0
2026-01-31 18:00:00,18.4,63,1006.0,12.2,36,0.0
2026-01-31 19:00:00,17.9,77,1006.6,10.1,27,0.0
2026-01-31 20:00:00,16.9,86,1007.5,7.5,35,0.0
2026-01-31 21:00:00,16.1,89,1008.5,8.3,68,0.0
2026-01-31 22:00:00,15.5,87,1008.8,11.3,82,0.0
2026-01-31 23:00:00,15.0,86,1009.2,10.9,81,0.0
2026-02-01 00:00:00,14.6,89,1009.4,9.9,78,0.0
2026-02-01 01:00:00,14.3,90,1009.5,9.5,79,0.0
2026-02-01 02:00:00,14.3,89,1009.5,8.7,77,0.0
2026-02-01 03:00:00,14.2,90,1009.3,7.1,75,0.0
2026-02-01 04:00:00,14.2,90,1009.0,6.1,66,0.0
2026-02-01 05:00:00,14.2,91,1009.2,5.4,50,0.0
2026-02-01 06:00:00,14.4,91,1009.2,9.1,52,0.0
2026-02-01 07:00:00,15.2,86,1009.5,9.3,50,0.0
2026-02-01 08:00:00,16.4,78,1009.5,11.9,63,0.0
2026-02-01 09:00:00,17.4,72,1010.1,11.1,63,0.0
2026-02-01 10:00:00,18.0,66,1009.6,14.2,61,0.0
2026-02-01 11:00:00,18.4,61,1009.5,14.7,57,0.0
2026-02-01 12:00:00,19.0,60,1009.1,16.4,63,0.0
2026-02-01 13:00:00,19.3,68,1008.5,20.1,65,0.0
2026-02-01 14:00:00,19.1,69,1007.5,22.5,68,0.0
2026-02-01 15:00:00,18.9,71,1006.6,23.4,69,0.0
2026-02-01 16:00:00,18.6,72,1006.0,23.8,68,0.0
2026-02-01 17:00:00,18.0,74,1005.6,24.0,68,0.0
2026-02-01 18:00:00,17.4,76,1005.3,23.1,77,0.0
2026-02-01 19:00:00,16.6,80,1005.1,22.5,80,0.0
2026-02-01 20:00:00,15.8,84,1005.1,20.0,91,0.0
2026-02-01 21:00:00,15.7,86,1005.3,19.4,98,0.0
2026-02-01 22:00:00,15.8,88,1004.7,18.7,72,0.0
2026-02-01 23:00:00,15.9,90,1003.9,18.5,59,0.0
2026-02-02 00:00:00,15.9,91,1002.9,21.0,52,0.0
2026-02-02 01:00:00,16.0,88,1002.0,15.3,53,0.0
2026-02-02 02:00:00,15.5,80,1001.0,9.2,47,0.0
2026-02-02 03:00:00,14.0,83,1000.4,1.6,84,0.0
2026-02-02 04:00:00,13.0,88,999.8,0.2,90,0.0
2026-02-02 05:00:00,12.5,88,1000.0,2.3,328,0.0
2026-02-02 06:00:00,12.6,88,999.6,4.3,246,0.0
2026-02-02 07:00:00,15.6,65,999.9,9.6,247,0.0
2026-02-02 08:00:00,18.5,54,1000.0,12.3,277,0.0
2026-02-02 09:00:00,20.2,51,1000.1,16.2,282,0.0
2026-02-02 10:00:00,21.4,50,1000.4,19.5,291,0.0
2026-02-02 11:00:00,22.5,46,1000.5,22.5,299,0.0
2026-02-02 12:00:00,24.7,41,999.2,18.6,310,0.0
2026-02-02 13:00:00,25.6,38,998.7,13.3,327,0.0
2026-02-02 14:00:00,26.2,37,998.4,10.2,332,0.0
2026-02-02 15:00:00,26.9,36,998.4,12.6,313,0.0
2026-02-02 16:00:00,26.5,36,998.4,14.8,293,0.0
2026-02-02 17:00:00,25.5,38,999.0,19.7,286,0.0
2026-02-02 18:00:00,25.5,39,999.2,20.5,277,0.0
2026-02-02 19:00:00,21.3,54,1000.5,27.6,201,0.1
2026-02-02 20:00:00,17.3,72,1002.2,18.4,200,0.0
2026-02-02 21:00:00,16.3,80,1004.5,19.2,223,0.1
2026-02-02 22:00:00,14.6,93,1005.4,20.3,210,1.7
2026-02-02 23:00:00,13.6,91,1006.3,13.4,212,1.6
2026-02-03 00:00:00,13.5,90,1007.9,9.9,217,0.5
2026-02-03 01:00:00,12.9,92,1007.7,9.9,185,0.7
2026-02-03 02:00:00,12.7,89,1008.6,9.4,223,0.3
2026-02-03 03:00:00,12.5,87,1008.5,8.5,197,0.3
2026-02-03 04:00:00,12.5,85,1008.5,5.3,235,0.0
2026-02-03 05:00:00,12.5,84,1008.8,2.5,266,0.0
2026-02-03 06:00:00,12.4,85,1010.0,1.1,288,0.2
2026-02-03 07:00:00,12.5,87,1010.7,3.8,3,0.3
2026-02-03 08:00:00,12.9,85,1010.7,3.2,164,0.4
2026-02-03 09:00:00,13.2,79,1011.5,4.6,189,0.4
2026-02-03 10:00:00,13.0,82,1011.5,9.0,203,0.6
2026-02-03 11:00:00,13.3,82,1012.1,7.0,184,3.6
2026-02-03 12:00:00,12.5,88,1012.1,8.1,179,1.8
2026-02-03 13:00:00,12.7,90,1011.9,8.8,175,1.6
2026-02-03 14:00:00,13.2,83,1012.4,9.7,176,1.5
2026-02-03 15:00:00,12.7,85,1012.6,10.0,195,0.6
2026-02-03 16:00:00,12.4,89,1013.2,10.0,188,1.0
2026-02-03 17:00:00,12.0,92,1013.4,12.2,199,1.1
2026-02-03 18:00:00,11.5,90,1014.6,11.5,194,0.8
2026-02-03 19:00:00,11.5,90,1015.4,9.0,206,0.5
2026-02-03 20:00:00,11.3,94,1016.2,5.5,212,0.4
2026-02-03 21:00:00,11.0,94,1016.8,5.4,236,0.2
2026-02-03 22:00:00,10.6,93,1017.2,5.4,217,0.1
2026-02-03 23:00:00,10.7,93,1017.6,7.8,241,0.0
2026-02-04 00:00:00,10.5,92,1018.1,9.0,233,0.0
2026-02-04 01:00:00,9.6,94,1018.1,7.0,249,0.0
2026-02-04 02:00:00,9.2,95,1018.3,6.2,263,0.0
2026-02-04 03:00:00,8.6,96,1018.3,5.3,260,0.0
2026-02-04 04:00:00,7.7,97,1018.3,4.4,251,0.0
2026-02-04 05:00:00,7.3,97,1018.4,3.1,242,0.0
2026-02-04 06:00:00,7.7,96,1018.8,3.1,204,0.0
2026-02-04 07:00:00,9.5,94,1019.3,1.9,202,0.0
2026-02-04 08:00:00,11.9,87,1019.2,2.7,20,0.0
2026-02-04 09:00:00,13.4,77,1019.3,6.4,27,0.0
2026-02-04 10:00:00,14.5,72,1019.2,9.3,41,0.0
2026-02-04 11:00:00,15.4,68,1018.9,11.9,48,0.0
2026-02-04 12:00:00,16.5,64,1018.3,13.2,52,0.0
2026-02-04 13:00:00,17.3,64,1018.0,14.7,67,0.0
2026-02-04 14:00:00,17.2,66,1017.8,17.0,74,0.0
2026-02-04 15:00:00,17.0,68,1017.6,18.3,76,0.0
2026-02-04 16:00:00,16.8,67,1017.4,19.2,75,0.0
2026-02-04 17:00:00,16.4,67,1017.5,19.0,72,0.0
2026-02-04 18:00:00,16.0,70,1017.6,18.1,71,0.0
2026-02-04 19:00:00,15.3,74,1017.8,16.3,69,0.0
2026-02-04 20:00:00,14.5,78,1018.5,15.2,71,0.0
2026-02-04 21:00:00,14.4,78,1019.1,15.0,71,0.0
2026-02-04 22:00:00,14.3,80,1019.3,13.9,66,0.0
2026-02-04 23:00:00,14.1,82,1019.1,13.7,68,0.0
2026-02-05 00:00:00,13.9,84,1018.9,12.7,74,0.0
2026-02-05 01:00:00,13.9,85,1018.7,13.3,74,0.0
2026-02-05 02:00:00,14.0,86,1018.6,13.1,74,0.0
2026-02-05 03:00:00,14.0,87,1018.3,13.5,74,0.0
2026-02-05 04:00:00,14.1,87,1018.0,13.7,71,0.0
2026-02-05 05:00:00,13.9,88,1018.0,13.2,66,0.0
2026-02-05 06:00:00,13.9,90,1018.1,13.5,65,0.0
2026-02-05 07:00:00,15.1,85,1018.2,16.1,57,0.0
2026-02-05 08:00:00,16.0,80,1018.1,19.5,59,0.0
2026-02-05 09:00:00,16.6,77,1017.7,18.9,57,0.0
2026-02-05 10:00:00,17.2,76,1017.4,17.9,56,0.0
2026-02-05 11:00:00,17.8,77,1017.1,17.6,63,0.0
2026-02-05 12:00:00,18.3,75,1016.4,18.2,70,0.0
2026-02-05 13:00:00,18.5,72,1015.6,19.9,75,0.0
2026-02-05 14:00:00,18.5,71,1015.1,20.0,82,0.0
2026-02-05 15:00:00,18.2,71,1014.1,21.1,89,0.0
2026-02-05 16:00:00,18.1,70,1013.3,20.7,93,0.0
2026-02-05 17:00:00,17.6,72,1012.8,19.4,103,0.0
2026-02-05 18:00:00,17.2,73,1012.3,18.4,111,0.0
2026-02-05 19:00:00,16.4,77,1011.8,18.8,118,0.0
2026-02-05 20:00:00,15.9,82,1011.3,17.0,122,0.0
2026-02-05 21:00:00,15.2,86,1011.1,12.1,128,0.0
2026-02-05 22:00:00,14.3,90,1010.8,7.4,139,0.0
2026-02-05 23:00:00,13.9,89,1010.5,1.0,149,0.0
2026-02-06 00:00:00,14.3,84,1009.9,3.2,142,0.0
2026-02-06 01:00:00,14.5,77,1009.6,2.7,188,0.0
2026-02-06 02:00:00,14.9,67,1009.6,7.2,233,0.0
2026-02-06 03:00:00,14.3,67,1009.5,11.8,239,0.0
2026-02-06 04:00:00,13.9,69,1009.4,11.5,240,0.0
2026-02-06 05:00:00,13.7,69,1009.8,10.0,234,0.0
2026-02-06 06:00:00,12.9,75,1010.4,6.9,221,0.0
2026-02-06 07:00:00,14.8,71,1010.9,8.9,223,0.0
2026-02-06 08:00:00,17.3,65,1011.3,7.8,222,0.0
2026-02-06 09:00:00,19.9,56,1012.2,15.0,240,0.0
2026-02-06 10:00:00,21.7,49,1012.1,12.5,247,0.0
2026-02-06 11:00:00,22.6,47,1012.4,12.8,246,0.0
2026-02-06 12:00:00,24.8,38,1011.9,6.1,223,0.0
2026-02-06 13:00:00,24.4,46,1011.8,7.3,232,0.0
2026-02-06 14:00:00,23.3,60,1012.1,5.2,180,0.0
2026-02-06 15:00:00,22.5,66,1012.0,1.9,17,0.0
2026-02-06 16:00:00,22.1,69,1012.2,4.6,13,0.0
2026-02-06 17:00:00,21.2,66,1012.3,10.7,35,0.0
2026-02-06 18:00:00,19.4,73,1012.7,7.8,46,0.0
2026-02-06 19:00:00,18.1,74,1013.2,6.3,24,0.0
2026-02-06 20:00:00,16.6,84,1013.8,3.8,355,0.0
2026-02-06 21:00:00,16.0,88,1014.3,4.7,342,0.0
2026-02-06 22:00:00,15.4,91,1014.2,5.3,332,0.0
2026-02-06 23:00:00,14.9,90,1014.1,4.8,331,0.0
2026-02-07 00:00:00,13.7,93,1014.1,4.3,285,0.0
2026-02-07 01:00:00,13.5,95,1013.6,0.4,333,0.0
2026-02-07 02:00:00,13.0,96,1013.2,0.3,225,0.0
2026-02-07 03:00:00,12.9,97,1012.9,1.6,207,0.0
2026-02-07 04:00:00,12.9,96,1012.5,4.5,214,0.0
2026-02-07 05:00:00,12.9,96,1012.5,4.5,230,0.0
2026-02-07 06:00:00,12.7,96,1012.9,2.9,248,0.0
2026-02-07 07:00:00,14.1,91,1013.3,1.8,264,0.0
2026-02-07 08:00:00,15.5,84,1013.4,2.4,318,0.0
2026-02-07 09:00:00,17.1,78,1013.3,3.4,342,0.0
2026-02-07 10:00:00,18.8,72,1012.7,4.6,9,0.0
2026-02-07 11:00:00,20.0,67,1012.3,7.8,38,0.0
2026-02-07 12:00:00,20.2,68,1012.2,12.8,66,0.0
2026-02-07 13:00:00,20.5,65,1011.9,12.8,76,0.0
2026-02-07 14:00:00,20.4,62,1011.5,14.0,83,0.0
2026-02-07 15:00:00,20.3,63,1010.9,14.8,80,0.0
2026-02-07 16:00:00,19.7,67,1010.7,14.8,74,0.0
2026-02-07 17:00:00,19.4,71,1010.3,14.2,78,0.0
2026-02-07 18:00:00,18.9,74,1010.0,14.0,90,0.0
2026-02-07 19:00:00,17.8,82,1009.4,15.3,120,0.0
2026-02-07 20:00:00,17.1,84,1009.2,13.0,132,0.0
2026-02-07 21:00:00,16.5,86,1009.7,5.8,146,0.0
2026-02-07 22:00:00,16.8,76,1009.6,8.0,261,0.0
2026-02-07 23:00:00,16.8,63,1010.0,11.9,252,0.0
2026-02-08 00:00:00,16.2,64,1010.0,11.7,256,0.0
2026-02-08 01:00:00,15.8,63,1010.2,14.2,252,0.0
2026-02-08 02:00:00,15.7,66,1011.0,19.2,243,0.0
2026-02-08 03:00:00,15.1,88,1012.0,19.5,203,0.0
2026-02-08 04:00:00,14.5,86,1013.2,16.2,203,0.0
2026-02-08 05:00:00,13.9,83,1014.8,9.8,224,0.0
2026-02-08 06:00:00,13.7,83,1016.2,8.7,214,0.0
2026-02-08 07:00:00,14.1,77,1017.5,11.4,199,0.0
2026-02-08 08:00:00,14.6,72,1018.4,13.9,183,0.0
2026-02-08 09:00:00,14.5,70,1019.1,9.2,192,0.0
2026-02-08 10:00:00,14.9,68,1019.7,10.2,190,0.0
2026-02-08 11:00:00,14.8,66,1019.8,10.9,186,0.0
2026-02-08 12:00:00,16.4,56,1020.0,7.2,193,0.0
2026-02-08 13:00:00,17.0,56,1019.9,3.3,229,0.0
2026-02-08 14:00:00,16.9,57,1019.8,4.3,17,0.0
2026-02-08 15:00:00,16.7,60,1019.5,13.3,35,0.0
2026-02-08 16:00:00,15.8,62,1019.6,18.1,53,0.0
2026-02-08 17:00:00,14.8,66,1019.6,18.9,72,0.0
2026-02-08 18:00:00,14.1,70,1019.9,17.6,74,0.0
2026-02-08 19:00:00,14.3,68,1019.9,16.1,68,0.0
2026-02-08 20:00:00,14.2,70,1020.0,14.8,59,0.0
2026-02-08 21:00:00,14.1,72,1020.5,14.5,59,0.0
2026-02-08 22:00:00,14.2,73,1020.1,14.4,57,0.0
2026-02-08 23:00:00,14.6,72,1020.3,14.5,52,0.0
2026-02-09 00:00:00,14.7,74,1020.4,13.2,60,0.0
2026-02-09 01:00:00,14.7,76,1020.5,11.4,64,0.0
2026-02-09 02:00:00,14.7,78,1020.5,9.5,68,0.0
2026-02-09 03:00:00,14.1,83,1020.3,5.7,44,0.0
2026-02-09 04:00:00,13.5,89,1019.9,4.0,357,0.0
2026-02-09 05:00:00,12.8,93,1020.2,2.5,291,0.0
2026-02-09 06:00:00,12.3,94,1020.5,0.7,284,0.0
2026-02-09 07:00:00,13.4,87,1021.1,1.6,243,0.1
2026-02-09 08:00:00,14.9,81,1021.3,1.1,9,0.0
2026-02-09 09:00:00,16.4,74,1021.5,6.9,23,0.0
2026-02-09 10:00:00,17.2,71,1021.6,9.6,43,0.1
2026-02-09 11:00:00,17.8,67,1021.5,9.7,51,0.0
2026-02-09 12:00:00,17.9,68,1021.6,9.0,61,0.1
2026-02-09 13:00:00,18.5,67,1021.6,9.7,59,0.1
2026-02-09 14:00:00,18.6,67,1021.5,10.8,57,0.1
2026-02-09 15:00:00,18.3,69,1021.4,11.8,71,0.0
2026-02-09 16:00:00,18.0,70,1021.4,13.6,78,0.0
2026-02-09 17:00:00,17.5,71,1021.2,16.7,83,0.0
2026-02-09 18:00:00,16.8,75,1021.5,16.5,76,0.0
2026-02-09 19:00:00,16.4,76,1021.7,16.4,73,0.0
2026-02-09 20:00:00,15.8,82,1022.0,15.2,69,0.0
2026-02-09 21:00:00,15.6,83,1022.5,15.7,63,0.0
2026-02-09 22:00:00,15.6,84,1022.2,16.0,63,0.0
2026-02-09 23:00:00,15.3,87,1021.7,15.0,63,0.0
2026-02-10 00:00:00,15.2,87,1021.6,14.8,66,0.0
2026-02-10 01:00:00,15.1,88,1021.0,14.3,62,0.0
2026-02-10 02:00:00,15.1,89,1020.5,14.3,62,0.0
2026-02-10 03:00:00,15.0,89,1019.9,15.1,64,0.0
2026-02-10 04:00:00,15.0,88,1019.2,15.0,64,0.0
2026-02-10 05:00:00,14.9,90,1018.8,14.4,62,0.0
2026-02-10 06:00:00,15.3,88,1018.8,15.5,61,0.0
2026-02-10 07:00:00,16.1,86,1018.8,17.3,59,0.0
2026-02-10 08:00:00,17.0,81,1018.7,15.7,58,0.0
2026-02-10 09:00:00,17.3,80,1018.2,14.3,59,0.0
2026-02-10 10:00:00,18.2,76,1017.8,11.4,67,0.0
2026-02-10 11:00:00,19.3,71,1017.2,11.2,74,0.0
2026-02-10 12:00:00,20.6,69,1016.3,13.1,81,0.0
2026-02-10 13:00:00,21.1,65,1015.3,14.8,84,0.0
2026-02-10 14:00:00,21.4,64,1015.0,14.3,85,0.0
2026-02-10 15:00:00,21.4,63,1014.3,12.0,83,0.0
2026-02-10 16:00:00,22.2,61,1013.8,10.1,73,0.0
2026-02-10 17:00:00,22.4,61,1013.6,8.6,59,0.0
2026-02-10 18:00:00,22.4,59,1013.5,6.0,73,0.0
2026-02-10 19:00:00,21.7,64,1013.6,3.2,56,0.0
2026-02-10 20:00:00,19.8,75,1013.7,1.9,41,0.0
2026-02-10 21:00:00,19.6,71,1014.3,5.9,290,0.0
2026-02-10 22:00:00,19.8,61,1014.7,11.4,263,0.0
2026-02-10 23:00:00,19.1,62,1014.8,13.7,260,0.0
2026-02-11 00:00:00,19.1,62,1014.8,14.0,244,0.0
2026-02-11 01:00:00,18.2,66,1014.7,11.7,252,0.0
2026-02-11 02:00:00,17.6,71,1014.8,11.7,255,0.0
2026-02-11 03:00:00,17.3,72,1015.2,12.5,238,0.0
2026-02-11 04:00:00,16.8,73,1015.8,14.6,219,0.0
2026-02-11 05:00:00,15.8,84,1016.4,10.4,224,0.0
2026-02-11 06:00:00,15.8,90,1017.6,13.4,223,0.0
2026-02-11 07:00:00,16.0,89,1018.7,15.5,232,0.0
2026-02-11 08:00:00,16.4,83,1019.4,16.3,222,0.0
2026-02-11 09:00:00,17.0,79,1019.8,15.9,213,0.0
2026-02-11 10:00:00,18.5,71,1019.9,13.0,207,0.0
2026-02-11 11:00:00,20.2,65,1019.8,9.6,206,0.0
2026-02-11 12:00:00,20.2,65,1019.2,1.8,114,0.0
2026-02-11 13:00:00,19.7,69,1019.0,6.2,73,0.0
2026-02-11 14:00:00,19.3,74,1018.9,10.6,71,0.0
2026-02-11 15:00:00,19.4,72,1017.9,12.0,69,0.0
2026-02-11 16:00:00,18.9,72,1017.5,14.6,56,0.0
2026-02-11 17:00:00,17.2,76,1017.6,17.9,62,0.0
2026-02-11 18:00:00,15.9,81,1017.8,17.3,70,0.0
2026-02-11 19:00:00,15.1,84,1017.7,17.1,78,0.0
2026-02-11 20:00:00,14.6,87,1018.0,15.2,80,0.0
2026-02-11 21:00:00,14.7,86,1018.2,15.3,78,0.0
2026-02-11 22:00:00,14.6,85,1018.2,16.1,76,0.0
2026-02-11 23:00:00,14.7,84,1017.8,16.5,70,0.0
2026-02-12 00:00:00,14.6,87,1017.9,16.8,71,0.0
2026-02-12 01:00:00,14.9,86,1017.4,17.5,66,0.0
2026-02-12 02:00:00,15.2,85,1016.9,18.0,64,0.0
2026-02-12 03:00:00,15.5,85,1016.4,18.8,63,0.0
2026-02-12 04:00:00,15.6,85,1015.7,18.4,63,0.0
2026-02-12 05:00:00,15.7,86,1015.4,18.0,61,0.0
2026-02-12 06:00:00,15.7,86,1015.3,20.1,59,0.0
2026-02-12 07:00:00,16.0,84,1015.4,22.7,54,0.1
2026-02-12 08:00:00,16.4,82,1015.0,23.6,52,0.1
2026-02-12 09:00:00,17.0,80,1014.6,23.5,53,0.1
2026-02-12 10:00:00,17.6,78,1014.2,24.1,56,0.0
2026-02-12 11:00:00,18.6,73,1013.7,23.8,59,0.0
2026-02-12 12:00:00,19.5,71,1013.0,26.4,66,0.0
2026-02-12 13:00:00,19.7,71,1012.4,25.5,68,0.0
2026-02-12 14:00:00,19.8,72,1011.8,25.4,71,0.0
2026-02-12 15:00:00,19.6,71,1011.0,25.2,73,0.0
2026-02-12 16:00:00,19.4,76,1010.2,23.4,79,0.0
2026-02-12 17:00:00,19.3,76,1009.4,23.5,82,0.0
2026-02-12 18:00:00,18.6,81,1008.7,21.8,91,0.0
2026-02-12 19:00:00,17.9,84,1008.3,20.3,105,0.0
2026-02-12 20:00:00,17.3,89,1008.2,17.1,107,0.0
2026-02-12 21:00:00,17.1,91,1008.2,14.3,100,0.0
2026-02-12 22:00:00,17.1,93,1007.9,11.0,95,0.0
2026-02-12 23:00:00,17.8,89,1007.4,9.4,88,0.0
2026-02-13 00:00:00,18.0,88,1006.8,9.6,86,0.0
2026-02-13 01:00:00,18.3,83,1006.3,10.4,69,0.0
2026-02-13 02:00:00,19.4,70,1005.4,14.3,31,0.0
2026-02-13 03:00:00,19.8,66,1004.8,17.2,15,0.0
2026-02-13 04:00:00,19.3,68,1003.9,15.3,30,0.0
2026-02-13 05:00:00,19.1,69,1003.7,17.1,33,0.0
2026-02-13 06:00:00,18.6,77,1002.6,14.4,53,0.0
2026-02-13 07:00:00,19.2,74,1002.4,16.2,55,0.0
2026-02-13 08:00:00,20.1,71,1002.1,14.7,48,0.0
2026-02-13 09:00:00,22.2,63,1001.4,17.1,36,0.0
2026-02-13 10:00:00,23.3,60,1001.2,24.4,35,0.0
2026-02-13 11:00:00,24.2,58,1001.3,25.6,44,0.0
2026-02-13 12:00:00,22.2,67,1000.9,21.0,51,0.0
2026-02-13 13:00:00,23.2,62,1000.6,19.4,54,0.0
2026-02-13 14:00:00,23.6,64,1000.2,19.6,56,0.0
2026-02-13 15:00:00,25.3,64,1000.2,16.2,45,0.0
2026-02-13 16:00:00,24.7,71,1000.9,8.9,29,0.8
2026-02-13 17:00:00,20.6,79,1002.5,17.3,205,7.4
2026-02-13 18:00:00,19.9,81,1002.8,18.5,229,0.0
2026-02-13 19:00:00,16.9,86,1004.3,23.9,219,0.0
2026-02-13 20:00:00,15.0,86,1006.2,23.0,218,0.0
2026-02-13 21:00:00,14.6,84,1008.0,21.9,223,0.0
2026-02-13 22:00:00,14.5,82,1009.2,17.9,221,0.0
2026-02-13 23:00:00,14.4,81,1009.5,13.0,233,0.0
2026-02-14 00:00:00,13.2,80,1010.1,15.3,230,0.0
2026-02-14 01:00:00,13.1,80,1010.4,12.9,234,0.0
2026-02-14 02:00:00,13.3,78,1010.5,10.4,234,0.0
2026-02-14 03:00:00,13.4,78,1010.6,8.3,243,0.0
2026-02-14 04:00:00,12.7,81,1010.6,8.3,246,0.0
2026-02-14 05:00:00,12.1,84,1011.0,7.6,251,0.0
2026-02-14 06:00:00,11.4,88,1011.5,8.2,256,0.0
2026-02-14 07:00:00,12.3,84,1011.5,9.5,249,0.0
2026-02-14 08:00:00,14.5,72,1011.8,10.5,239,0.0
2026-02-14 09:00:00,16.2,64,1011.6,6.7,214,0.0
2026-02-14 10:00:00,17.8,54,1011.5,2.6,74,0.0
2026-02-14 11:00:00,18.9,49,1011.2,9.0,44,0.0
2026-02-14 12:00:00,19.6,45,1010.4,10.9,40,0.0
2026-02-14 13:00:00,19.3,42,1009.9,14.7,48,0.0
2026-02-14 14:00:00,18.2,51,1009.8,18.2,60,0.0
2026-02-14 15:00:00,18.1,50,1009.4,18.3,68,0.0
2026-02-14 16:00:00,18.3,49,1008.9,16.4,75,0.0
2026-02-14 17:00:00,18.0,51,1008.9,16.7,76,0.0
2026-02-14 18:00:00,16.9,57,1009.3,14.8,72,0.0
2026-02-14 19:00:00,15.7,62,1009.7,12.9,74,0.0
2026-02-14 20:00:00,14.9,69,1011.0,6.2,78,0.0
2026-02-14 21:00:00,14.3,77,1012.1,0.9,127,0.0
2026-02-14 22:00:00,13.5,79,1012.6,3.6,229,0.0
2026-02-14 23:00:00,12.9,81,1012.7,7.8,233,0.0
2026-02-15 00:00:00,12.3,86,1013.4,11.7,212,0.0
2026-02-15 01:00:00,12.4,84,1013.4,14.9,211,0.0
2026-02-15 02:00:00,12.6,80,1013.6,15.8,209,0.0
2026-02-15 03:00:00,12.6,78,1013.3,16.2,210,0.0
2026-02-15 04:00:00,12.7,76,1013.4,16.5,214,0.0
2026-02-15 05:00:00,12.4,76,1013.7,17.9,219,0.0
2026-02-15 06:00:00,12.2,77,1013.8,18.6,221,0.0
2026-02-15 07:00:00,12.7,75,1014.1,20.6,217,0.0
2026-02-15 08:00:00,13.7,66,1014.4,25.4,207,0.0
2026-02-15 09:00:00,14.4,62,1014.4,27.2,204,0.0
2026-02-15 10:00:00,15.1,58,1014.5,28.3,201,0.0
2026-02-15 11:00:00,15.1,59,1014.3,27.2,201,0.1
2026-02-15 12:00:00,15.3,58,1013.9,28.4,200,0.2
2026-02-15 13:00:00,15.9,55,1013.2,29.7,200,0.0
2026-02-15 14:00:00,16.2,55,1012.9,28.7,200,0.0
2026-02-15 15:00:00,15.8,57,1012.5,29.2,201,0.0
2026-02-15 16:00:00,15.0,60,1012.2,28.4,203,0.0
2026-02-15 17:00:00,14.2,62,1011.8,28.0,207,0.0
2026-02-15 18:00:00,13.8,63,1011.8,28.4,200,0.0
2026-02-15 19:00:00,13.4,70,1011.9,26.1,202,0.0
2026-02-15 20:00:00,13.0,75,1012.1,23.6,206,0.3
2026-02-15 21:00:00,12.7,78,1011.9,24.2,207,0.5
2026-02-15 22:00:00,12.6,82,1011.1,26.0,208,0.4
2026-02-15 23:00:00,12.6,83,1010.2,27.0,215,0.7
2026-02-16 00:00:00,11.6,87,1010.4,25.6,215,1.4
2026-02-16 01:00:00,11.6,88,1009.6,29.1,215,0.8
2026-02-16 02:00:00,11.4,89,1009.1,32.7,208,0.6
2026-02-16 03:00:00,11.6,88,1009.0,33.2,206,1.0
2026-02-16 04:00:00,11.3,91,1008.1,36.3,210,1.3
2026-02-16 05:00:00,11.9,88,1008.4,33.0,205,0.5
2026-02-16 06:00:00,11.4,87,1007.9,35.5,213,1.1
2026-02-16 07:00:00,11.8,87,1007.8,35.5,212,1.0
2026-02-16 08:00:00,12.3,88,1008.4,29.5,210,0.7
2026-02-16 09:00:00,12.9,85,1008.0,27.9,212,0.3
2026-02-16 10:00:00,12.8,86,1007.5,29.7,216,0.4
2026-02-16 11:00:00,13.0,86,1007.1,29.9,218,0.7
2026-02-16 12:00:00,12.8,88,1006.8,27.9,219,1.9
2026-02-16 13:00:00,13.4,86,1006.7,27.1,221,0.4
2026-02-16 14:00:00,14.0,85,1006.3,30.7,217,0.6
2026-02-16 15:00:00,13.6,88,1005.7,34.0,221,1.6
2026-02-16 16:00:00,13.8,88,1005.0,34.2,226,1.7
2026-02-16 17:00:00,13.5,90,1004.5,34.8,224,0.9
2026-02-16 18:00:00,12.9,92,1004.4,33.7,229,1.3
2026-02-16 19:00:00,12.8,94,1004.1,32.2,231,1.8
2026-02-16 20:00:00,12.8,94,1004.0,31.7,231,2.5
2026-02-16 21:00:00,12.8,94,1004.3,35.1,226,3.2
2026-02-16 22:00:00,12.6,95,1004.2,35.4,231,5.5
2026-02-16 23:00:00,12.6,95,1004.1,34.1,236,5.0
2026-02-17 00:00:00,11.7,93,1004.1,34.5,240,3.8
2026-02-17 01:00:00,11.8,94,1003.6,33.3,240,3.5
2026-02-17 02:00:00,11.9,95,1003.1,33.5,238,2.3
2026-02-17 03:00:00,12.2,95,1002.7,32.4,239,2.4
2026-02-17 04:00:00,12.3,95,1002.4,32.9,237,1.4
2026-02-17 05:00:00,12.5,95,1002.1,31.8,236,1.5
2026-02-17 06:00:00,12.4,93,1002.4,30.6,239,1.0
2026-02-17 07:00:00,12.2,95,1002.5,30.5,240,1.0
2026-02-17 08:00:00,12.4,95,1003.0,29.1,247,1.4
2026-02-17 09:00:00,12.4,94,1002.9,29.6,252,1.5
2026-02-17 10:00:00,12.5,93,1003.2,30.2,249,1.2
2026-02-17 11:00:00,13.0,89,1003.3,30.0,246,0.7
2026-02-17 12:00:00,14.0,81,1003.2,28.0,249,0.6
2026-02-17 13:00:00,14.8,76,1003.4,30.8,242,0.1
2026-02-17 14:00:00,14.6,76,1003.4,26.2,243,0.2
2026-02-17 15:00:00,14.7,80,1003.0,26.2,240,0.4
2026-02-17 16:00:00,14.3,84,1003.0,23.2,240,0.4
2026-02-17 17:00:00,14.9,80,1002.7,22.9,233,0.0
2026-02-17 18:00:00,14.8,80,1002.8,24.4,228,0.0
2026-02-17 19:00:00,14.4,82,1002.7,20.9,230,0.0
2026-02-17 20:00:00,13.9,85,1003.1,17.7,231,0.0
2026-02-17 21:00:00,13.9,86,1003.6,15.1,234,0.0
2026-02-17 22:00:00,13.8,88,1003.7,14.1,231,0.0
2026-02-17 23:00:00,13.8,88,1003.7,13.1,233,0.0
2026-02-18 00:00:00,13.6,89,1003.4,11.0,235,0.5
2026-02-18 01:00:00,13.6,90,1003.2,8.5,235,0.0
2026-02-18 02:00:00,13.3,92,1002.8,6.1,246,0.0
2026-02-18 03:00:00,13.2,93,1002.8,4.3,253,0.0
2026-02-18 04:00:00,13.0,95,1002.5,3.0,256,0.0
2026-02-18 05:00:00,12.9,96,1002.3,1.5,263,0.0
2026-02-18 06:00:00,12.9,96,1002.3,1.0,338,0.0
2026-02-18 07:00:00,13.5,94,1002.3,3.3,354,0.0
2026-02-18 08:00:00,14.6,90,1002.3,3.4,32,0.0
2026-02-18 09:00:00,16.1,79,1002.3,8.1,45,0.0
2026-02-18 10:00:00,16.8,77,1002.4,8.7,58,0.0
2026-02-18 11:00:00,17.9,74,1002.4,9.1,72,0.0
2026-02-18 12:00:00,16.9,77,1001.4,10.4,73,0.0
2026-02-18 13:00:00,18.0,75,1000.6,13.0,79,0.0
2026-02-18 14:00:00,18.2,76,1000.1,15.4,85,0.0
2026-02-18 15:00:00,17.9,77,999.7,15.5,80,0.0
2026-02-18 16:00:00,17.4,80,999.5,16.0,75,0.0
2026-02-18 17:00:00,16.9,83,999.3,15.5,75,0.0
2026-02-18 18:00:00,16.3,87,999.2,14.9,77,0.0
2026-02-18 19:00:00,15.7,90,998.8,13.4,79,0.0
2026-02-18 20:00:00,14.9,93,998.7,13.7,99,0.0
2026-02-18 21:00:00,14.9,93,998.6,13.9,107,0.0
2026-02-18 22:00:00,14.9,91,998.4,13.4,118,0.0
2026-02-18 23:00:00,14.7,91,998.0,10.8,133,0.0
2026-02-19 00:00:00,14.6,93,997.5,9.4,137,0.0
2026-02-19 01:00:00,13.9,93,997.1,3.3,158,0.0
2026-02-19 02:00:00,13.5,91,996.9,3.4,212,0.0
2026-02-19 03:00:00,14.2,85,996.4,5.7,257,0.0
2026-02-19 04:00:00,13.7,85,996.3,4.7,298,0.0
2026-02-19 05:00:00,13.5,85,996.6,0.6,124,0.0
2026-02-19 06:00:00,12.8,87,996.4,2.1,128,0.0
2026-02-19 07:00:00,15.2,80,996.0,1.7,122,0.0
2026-02-19 08:00:00,17.0,75,996.1,1.1,180,0.0
2026-02-19 09:00:00,19.5,65,996.3,2.8,297,0.0
2026-02-19 10:00:00,20.9,63,996.5,8.3,326,0.0
2026-02-19 11:00:00,22.0,60,996.9,9.3,323,0.0
2026-02-19 12:00:00,23.1,52,996.2,4.5,88,0.0
2026-02-19 13:00:00,24.0,53,996.1,1.5,60,0.0
2026-02-19 14:00:00,24.7,52,996.1,7.4,313,0.1
2026-02-19 15:00:00,23.9,59,995.9,6.6,299,0.2
2026-02-19 16:00:00,24.0,55,995.9,6.9,279,0.1
2026-02-19 17:00:00,24.0,57,995.9,7.6,355,0.1
2026-02-19 18:00:00,20.4,70,996.6,8.3,174,0.9
2026-02-19 19:00:00,19.4,85,997.1,6.7,355,0.0
2026-02-19 20:00:00,17.5,98,998.2,4.7,28,0.0
2026-02-19 21:00:00,17.2,97,998.7,6.8,48,0.0
2026-02-19 22:00:00,16.6,95,998.9,5.2,27,0.0
2026-02-19 23:00:00,16.0,96,999.1,0.9,79,0.0
2026-02-20 00:00:00,14.4,88,999.5,4.7,43,0.0
2026-02-20 01:00:00,14.0,88,999.0,2.5,120,0.0
2026-02-20 02:00:00,13.7,87,999.1,2.7,203,0.0
2026-02-20 03:00:00,14.9,73,998.8,10.6,273,0.0
2026-02-20 04:00:00,15.3,65,998.2,11.9,285,0.0
2026-02-20 05:00:00,15.6,63,997.9,17.2,305,0.0
2026-02-20 06:00:00,14.3,77,998.0,3.1,339,0.0
2026-02-20 07:00:00,16.2,68,997.7,10.9,320,0.0
2026-02-20 08:00:00,18.3,63,997.9,10.8,302,0.0
2026-02-20 09:00:00,20.0,56,998.7,13.3,297,0.0
2026-02-20 10:00:00,20.0,52,999.4,20.2,272,0.0
2026-02-20 11:00:00,18.8,59,1000.1,22.4,222,0.3
2026-02-20 12:00:00,18.7,53,1000.1,18.8,206,0.1
2026-02-20 13:00:00,16.8,67,1002.0,11.5,222,2.8
2026-02-20 14:00:00,17.8,58,1002.6,1.6,180,0.0
2026-02-20 15:00:00,18.7,55,1002.9,6.2,285,0.0
2026-02-20 16:00:00,16.5,63,1003.9,1.2,321,0.4
2026-02-20 17:00:00,17.0,63,1004.4,6.9,17,0.0
2026-02-20 18:00:00,15.6,70,1005.7,3.5,55,1.5
2026-02-20 19:00:00,12.9,83,1007.4,10.5,335,3.0
2026-02-20 20:00:00,11.7,90,1008.1,1.6,6,0.1
2026-02-20 21:00:00,11.1,91,1009.1,2.6,192,0.0
2026-02-20 22:00:00,11.5,94,1010.0,2.8,281,0.0
2026-02-20 23:00:00,11.9,95,1010.5,5.1,262,0.0
2026-02-21 00:00:00,12.2,90,1011.2,2.2,270,0.0
2026-02-21 01:00:00,12.5,91,1011.4,3.1,267,0.0
2026-02-21 02:00:00,12.3,92,1011.1,5.1,328,0.0
2026-02-21 03:00:00,12.1,86,1010.9,3.8,11,0.0
2026-02-21 04:00:00,11.1,83,1010.8,4.8,48,0.0
2026-02-21 05:00:00,12.4,77,1011.0,7.6,47,0.0
2026-02-21 06:00:00,11.8,78,1011.4,9.7,65,0.0
2026-02-21 07:00:00,12.6,77,1011.8,11.9,52,0.0
2026-02-21 08:00:00,13.9,69,1012.2,14.8,40,0.0
2026-02-21 09:00:00,14.3,67,1012.4,16.3,49,0.0
2026-02-21 10:00:00,15.0,64,1012.6,15.0,52,0.0
2026-02-21 11:00:00,15.8,61,1012.3,13.9,59,0.0
2026-02-21 12:00:00,15.9,63,1011.6,18.5,58,0.0
2026-02-21 13:00:00,16.3,61,1010.6,19.9,64,0.0
2026-02-21 14:00:00,16.2,65,1009.7,23.9,80,0.0
2026-02-21 15:00:00,16.4,66,1008.5,25.4,76,0.0
2026-02-21 16:00:00,16.6,70,1007.4,24.7,69,0.0
2026-02-21 17:00:00,16.1,75,1006.4,25.1,62,0.0
2026-02-21 18:00:00,15.5,80,1005.7,27.3,65,0.0
2026-02-21 19:00:00,15.7,82,1005.0,21.1,53,0.0
2026-02-21 20:00:00,15.3,78,1004.7,6.8,335,0.0
2026-02-21 21:00:00,15.1,60,1004.8,12.5,321,0.0
2026-02-21 22:00:00,15.0,57,1003.6,13.9,313,0.0
2026-02-21 23:00:00,14.6,59,1003.5,12.2,287,0.4
2026-02-22 00:00:00,14.8,59,1002.4,13.8,282,0.0
2026-02-22 01:00:00,15.0,56,1002.1,25.6,299,0.0
2026-02-22 02:00:00,14.7,61,1001.6,7.9,294,0.0
2026-02-22 03:00:00,14.3,63,1001.1,0.7,14,0.0
2026-02-22 04:00:00,14.2,65,1000.4,1.2,39,0.0
2026-02-22 05:00:00,13.6,68,1000.8,0.2,180,0.0
2026-02-22 06:00:00,12.5,74,1000.8,4.6,216,0.0
2026-02-22 07:00:00,13.8,68,1001.6,12.3,203,0.0
2026-02-22 08:00:00,16.4,63,1002.6,13.4,231,0.0
2026-02-22 09:00:00,17.6,54,1003.7,15.4,238,0.0
2026-02-22 10:00:00,19.1,48,1004.4,18.3,233,0.0
2026-02-22 11:00:00,19.9,41,1005.3,20.1,224,0.0
2026-02-22 12:00:00,21.4,35,1005.1,12.4,223,0.0
2026-02-22 13:00:00,21.8,36,1004.9,8.9,207,0.0
2026-02-22 14:00:00,21.7,37,1005.1,12.0,194,0.0
2026-02-22 15:00:00,20.4,43,1005.5,15.4,174,0.0
2026-02-22 16:00:00,18.4,47,1006.7,22.3,183,0.0
2026-02-22 17:00:00,17.4,52,1007.6,19.1,185,0.0
2026-02-22 18:00:00,15.6,60,1009.6,16.1,211,0.0
2026-02-22 19:00:00,14.0,70,1010.6,16.7,208,0.0
2026-02-22 20:00:00,13.1,75,1012.0,12.5,219,0.0
2026-02-22 21:00:00,12.6,80,1013.4,9.7,239,0.0
2026-02-22 22:00:00,11.9,84,1013.8,7.9,258,0.0
2026-02-22 23:00:00,11.5,87,1014.0,7.7,258,0.0
2026-02-23 00:00:00,10.9,89,1014.5,5.9,268,0.0
2026-02-23 01:00:00,10.2,90,1014.7,4.6,252,0.0
2026-02-23 02:00:00,9.8,91,1014.8,2.7,247,0.0
2026-02-23 03:00:00,9.6,91,1015.0,2.2,235,0.0
2026-02-23 04:00:00,9.3,93,1014.8,0.4,297,0.0
2026-02-23 05:00:00,8.8,95,1014.6,0.4,243,0.0
2026-02-23 06:00:00,8.1,94,1015.1,0.6,198,0.0
2026-02-23 07:00:00,9.5,92,1015.8,3.4,180,0.0
2026-02-23 08:00:00,12.8,81,1015.9,3.6,72,0.0
2026-02-23 09:00:00,14.5,70,1016.0,10.9,45,0.0
2026-02-23 10:00:00,15.3,69,1015.8,13.6,42,0.0
2026-02-23 11:00:00,15.8,68,1015.2,15.1,50,0.0
2026-02-23 12:00:00,16.4,66,1014.4,16.9,61,0.0
2026-02-23 13:00:00,17.0,64,1013.6,19.6,63,0.0
2026-02-23 14:00:00,16.9,65,1013.1,20.8,69,0.0
2026-02-23 15:00:00,16.5,67,1012.3,21.3,72,0.0
2026-02-23 16:00:00,16.2,69,1011.7,22.3,73,0.0
2026-02-23 17:00:00,15.9,74,1011.5,21.7,78,0.0
2026-02-23 18:00:00,15.3,78,1011.4,20.6,84,0.0
2026-02-23 19:00:00,14.9,82,1011.0,18.5,89,0.0
2026-02-23 20:00:00,14.7,87,1010.6,16.7,97,0.0
2026-02-23 21:00:00,15.0,88,1009.9,15.0,104,0.0
2026-02-23 22:00:00,15.1,88,1009.8,8.4,115,0.0
2026-02-23 23:00:00,14.2,90,1009.9,5.0,145,0.0
2026-02-24 00:00:00,14.1,86,1009.7,1.9,214,0.0
2026-02-24 01:00:00,15.7,64,1010.4,12.9,283,0.0
2026-02-24 02:00:00,16.6,59,1010.2,13.4,276,0.0
2026-02-24 03:00:00,16.4,63,1010.5,12.4,237,0.0
2026-02-24 04:00:00,16.2,63,1011.9,17.9,225,0.0
2026-02-24 05:00:00,15.7,66,1013.3,17.7,231,0.0
2026-02-24 06:00:00,15.2,80,1015.5,24.6,199,0.0
2026-02-24 07:00:00,14.3,82,1017.4,24.4,212,0.0
2026-02-24 08:00:00,14.9,77,1019.2,24.1,222,0.0
2026-02-24 09:00:00,15.4,72,1020.8,22.3,218,0.0
2026-02-24 10:00:00,16.2,67,1022.3,19.9,217,0.0
2026-02-24 11:00:00,16.8,62,1023.0,17.9,214,0.0
2026-02-24 12:00:00,16.6,59,1023.4,14.5,212,0.0
2026-02-24 13:00:00,17.2,58,1023.9,12.7,209,0.0
2026-02-24 14:00:00,17.6,58,1024.2,10.1,204,0.0
2026-02-24 15:00:00,18.0,57,1024.1,7.8,202,0.0
2026-02-24 16:00:00,18.1,57,1024.3,5.2,192,0.0
2026-02-24 17:00:00,17.7,59,1024.7,3.3,61,0.0
2026-02-24 18:00:00,16.5,65,1025.1,10.4,44,0.0
2026-02-24 19:00:00,15.1,73,1025.4,8.9,47,0.0
2026-02-24 20:00:00,14.1,78,1026.0,8.9,62,0.0
2026-02-24 21:00:00,13.5,79,1026.6,10.7,74,0.0
2026-02-24 22:00:00,13.1,81,1026.4,10.9,71,0.0
2026-02-24 23:00:00,12.7,84,1026.1,10.2,66,0.0
2026-02-25 00:00:00,12.6,85,1025.9,10.9,66,0.0
2026-02-25 01:00:00,12.5,86,1025.6,10.5,66,0.0
2026-02-25 02:00:00,12.7,86,1025.0,13.4,62,0.0
2026-02-25 03:00:00,12.9,86,1024.6,16.2,59,0.0
2026-02-25 04:00:00,12.9,86,1024.1,17.8,60,0.0
2026-02-25 05:00:00,13.0,87,1023.5,18.3,60,0.0
2026-02-25 06:00:00,13.2,86,1023.3,18.9,62,0.0
2026-02-25 07:00:00,13.9,83,1023.7,19.8,64,0.0
2026-02-25 08:00:00,14.9,79,1024.1,20.3,64,0.0
2026-02-25 09:00:00,15.6,77,1023.9,21.0,62,0.0
2026-02-25 10:00:00,16.4,74,1023.1,22.2,64,0.0
2026-02-25 11:00:00,16.9,76,1022.2,22.3,67,0.0
2026-02-25 12:00:00,17.5,74,1021.1,22.4,70,0.0
2026-02-25 13:00:00,18.0,72,1020.0,22.7,74,0.0
2026-02-25 14:00:00,18.2,72,1018.8,21.7,79,0.0
2026-02-25 15:00:00,18.2,72,1017.4,20.2,81,0.0
2026-02-25 16:00:00,17.9,75,1016.4,19.1,89,0.0
2026-02-25 17:00:00,17.4,78,1015.5,17.8,103,0.0
2026-02-25 18:00:00,16.8,81,1014.3,16.8,108,0.0
2026-02-25 19:00:00,16.2,83,1013.4,13.8,116,0.0
2026-02-25 20:00:00,15.9,84,1013.0,12.2,128,0.0
2026-02-25 21:00:00,15.3,86,1012.5,11.1,143,0.0
2026-02-25 22:00:00,14.7,88,1012.2,4.6,144,0.0
2026-02-25 23:00:00,15.6,77,1011.5,3.2,207,0.0
2026-02-26 00:00:00,15.5,74,1010.8,1.1,180,0.0
2026-02-26 01:00:00,15.8,69,1010.7,5.5,243,0.0
2026-02-26 02:00:00,17.5,58,1009.8,9.3,280,0.0
2026-02-26 03:00:00,18.2,60,1009.3,13.9,276,0.0
2026-02-26 04:00:00,18.0,64,1009.0,11.9,285,0.0
2026-02-26 05:00:00,16.8,70,1008.9,7.4,304,0.0
2026-02-26 06:00:00,15.2,73,1008.8,0.7,166,0.0
2026-02-26 07:00:00,17.2,70,1009.2,5.1,276,0.0
2026-02-26 08:00:00,18.8,70,1009.7,13.2,255,0.0
2026-02-26 09:00:00,20.2,68,1009.6,11.6,224,0.1
2026-02-26 10:00:00,21.2,64,1010.1,16.2,240,0.1
2026-02-26 11:00:00,19.4,76,1010.4,15.7,239,0.1
2026-02-26 12:00:00,17.7,79,1011.1,18.5,225,0.0
2026-02-26 13:00:00,16.8,84,1011.5,19.5,213,0.6
2026-02-26 14:00:00,16.1,83,1011.9,19.8,211,0.0
2026-02-26 15:00:00,15.1,85,1012.0,17.4,212,0.0
2026-02-26 16:00:00,14.7,86,1012.4,16.3,209,0.0
2026-02-26 17:00:00,14.8,83,1013.2,18.2,212,0.0
2026-02-26 18:00:00,12.6,88,1014.1,23.1,215,0.2
2026-02-26 19:00:00,11.6,89,1014.7,22.5,215,0.9
2026-02-26 20:00:00,11.2,93,1015.6,15.7,232,2.5
2026-02-26 21:00:00,11.1,93,1016.1,14.2,219,3.7
2026-02-26 22:00:00,11.1,90,1016.7,12.0,233,0.5
2026-02-26 23:00:00,11.0,90,1016.6,10.7,234,0.0
2026-02-27 00:00:00,10.9,90,1017.0,11.2,237,0.0
2026-02-27 01:00:00,10.7,85,1017.0,10.3,239,0.0
2026-02-27 02:00:00,10.6,85,1017.1,9.4,259,0.0
2026-02-27 03:00:00,10.3,85,1017.2,10.9,257,0.0
2026-02-27 04:00:00,10.1,85,1017.4,11.3,256,0.0
2026-02-27 05:00:00,10.0,85,1017.6,11.4,254,0.0
2026-02-27 06:00:00,10.0,85,1018.3,11.3,260,0.0
2026-02-27 07:00:00,10.3,84,1018.9,10.0,256,0.0
2026-02-27 08:00:00,11.2,82,1019.7,9.5,259,0.0
2026-02-27 09:00:00,12.5,77,1020.3,10.1,250,0.0
2026-02-27 10:00:00,13.9,68,1020.6,10.7,222,0.0
2026-02-27 11:00:00,14.6,61,1021.1,11.4,213,0.0
2026-02-27 12:00:00,14.3,60,1021.3,11.2,212,0.0
2026-02-27 13:00:00,14.7,59,1021.3,10.8,212,0.0
2026-02-27 14:00:00,14.7,62,1021.3,12.4,216,0.0
2026-02-27 15:00:00,14.9,63,1021.2,11.0,214,0.0
2026-02-27 16:00:00,15.5,59,1021.3,7.3,203,0.0
2026-02-27 17:00:00,15.3,60,1021.8,4.7,189,0.0
2026-02-27 18:00:00,14.8,59,1022.1,5.2,76,0.0
2026-02-27 19:00:00,13.6,71,1022.5,6.7,66,0.0
2026-02-27 20:00:00,12.8,77,1023.1,7.7,59,0.0
2026-02-27 21:00:00,12.1,80,1023.6,7.0,69,0.0
2026-02-27 22:00:00,11.7,82,1024.0,6.4,68,0.0
2026-02-27 23:00:00,11.5,83,1024.2,6.6,53,0.0
2026-02-28 00:00:00,11.2,85,1024.1,6.4,54,0.0
2026-02-28 01:00:00,10.5,87,1024.0,5.2,34,0.0
2026-02-28 02:00:00,10.2,88,1023.5,5.2,34,0.0
2026-02-28 03:00:00,9.9,88,1023.3,5.4,42,0.0
2026-02-28 04:00:00,9.8,88,1023.2,5.7,46,0.0
2026-02-28 05:00:00,10.1,86,1023.0,6.4,54,0.0
2026-02-28 06:00:00,10.0,86,1023.0,6.5,56,0.0
2026-02-28 07:00:00,11.3,85,1023.1,7.7,49,0.0
2026-02-28 08:00:00,13.1,78,1023.0,10.4,42,0.0
2026-02-28 09:00:00,14.1,68,1022.9,13.4,41,0.0
2026-02-28 10:00:00,14.8,62,1023.1,14.1,43,0.0
2026-02-28 11:00:00,15.5,63,1022.4,15.5,51,0.0
2026-02-28 12:00:00,16.3,62,1021.3,15.6,57,0.0
2026-02-28 13:00:00,16.6,60,1020.7,16.6,63,0.0
2026-02-28 14:00:00,16.5,60,1019.9,17.5,65,0.0
2026-02-28 15:00:00,16.2,62,1019.2,18.0,69,0.0
2026-02-28 16:00:00,16.0,61,1018.6,18.0,72,0.0
2026-02-28 17:00:00,15.5,63,1018.5,17.3,68,0.0
2026-02-28 18:00:00,15.0,66,1018.0,14.7,71,0.0
2026-02-28 19:00:00,14.0,72,1017.8,12.7,75,0.0
2026-02-28 20:00:00,13.4,76,1017.9,11.5,76,0.0
2026-02-28 21:00:00,13.2,79,1017.7,9.7,74,0.0
2026-02-28 22:00:00,13.1,80,1017.0,9.0,75,0.0
2026-02-28 23:00:00,13.0,82,1016.4,9.1,81,0.0
2026-03-01 00:00:00,12.9,85,1015.9,8.7,94,0.0
2026-03-01 01:00:00,12.7,88,1015.1,8.6,101,0.0
2026-03-01 02:00:00,12.3,89,1013.9,8.0,110,0.0
2026-03-01 03:00:00,12.0,90,1013.1,6.3,114,0.0
2026-03-01 04:00:00,11.1,92,1012.1,1.9,139,0.0
2026-03-01 05:00:00,10.1,94,1011.4,1.9,209,0.0
2026-03-01 06:00:00,10.0,91,1011.0,6.5,214,0.0
2026-03-01 07:00:00,10.4,92,1010.9,7.5,228,0.0
2026-03-01 08:00:00,12.6,85,1010.9,7.4,225,0.0
2026-03-01 09:00:00,15.5,72,1010.9,10.8,208,0.0
2026-03-01 10:00:00,16.8,64,1010.8,6.5,178,0.0
2026-03-01 11:00:00,17.1,66,1010.7,7.8,187,0.3
2026-03-01 12:00:00,14.1,82,1010.2,17.1,197,1.3
2026-03-01 13:00:00,13.5,77,1009.9,18.6,177,0.6
2026-03-01 14:00:00,13.3,69,1009.4,17.9,190,0.1
2026-03-01 15:00:00,10.8,79,1010.4,18.3,206,2.1
2026-03-01 16:00:00,9.5,82,1010.8,15.6,204,1.6
2026-03-01 17:00:00,8.9,87,1011.2,7.8,251,2.8
2026-03-01 18:00:00,8.5,91,1010.7,12.4,283,1.4
2026-03-01 19:00:00,7.7,94,1011.5,19.6,281,2.8
2026-03-01 20:00:00,7.0,95,1011.9,17.3,300,3.3
2026-03-01 21:00:00,7.3,91,1012.4,15.1,271,2.1
2026-03-01 22:00:00,8.2,89,1011.9,17.7,255,0.1
2026-03-01 23:00:00,8.2,84,1012.0,20.9,227,1.1
2026-03-02 00:00:00,7.7,87,1011.7,24.5,228,0.1
2026-03-02 01:00:00,7.3,84,1012.1,23.5,222,0.2
2026-03-02 02:00:00,7.9,82,1011.9,24.0,230,0.2
2026-03-02 03:00:00,7.7,85,1012.0,27.7,225,0.2
2026-03-02 04:00:00,6.5,86,1012.4,25.7,227,0.1
2026-03-02 05:00:00,7.0,85,1012.6,24.1,220,0.3
2026-03-02 06:00:00,6.3,87,1013.3,27.1,228,0.7
2026-03-02 07:00:00,6.1,88,1014.0,25.1,230,0.9
2026-03-02 08:00:00,7.4,85,1014.4,25.6,230,0.3
2026-03-02 09:00:00,7.5,82,1014.6,28.0,222,0.8
2026-03-02 10:00:00,9.3,71,1014.8,25.7,220,0.8
2026-03-02 11:00:00,10.2,72,1014.5,26.2,207,0.1
2026-03-02 12:00:00,10.8,73,1014.2,24.7,201,0.2
2026-03-02 13:00:00,11.3,68,1014.7,26.0,202,0.2
2026-03-02 14:00:00,10.8,63,1015.0,29.7,195,0.2
2026-03-02 15:00:00,11.0,64,1014.9,28.3,199,0.1
2026-03-02 16:00:00,10.5,66,1015.2,25.6,196,0.1
2026-03-02 17:00:00,10.2,64,1015.5,27.2,199,0.3
2026-03-02 18:00:00,9.6,66,1015.7,24.4,201,0.0
2026-03-02 19:00:00,9.1,73,1015.9,19.4,199,0.0
2026-03-02 20:00:00,8.7,74,1016.4,17.5,201,0.4
2026-03-02 21:00:00,8.2,77,1017.1,15.9,203,0.1
2026-03-02 22:00:00,8.3,81,1017.0,15.4,209,0.3
2026-03-02 23:00:00,8.2,79,1017.2,13.6,215,0.0
2026-03-03 00:00:00,8.5,76,1017.4,13.8,212,0.1
2026-03-03 01:00:00,8.9,74,1017.3,9.6,220,0.0
2026-03-03 02:00:00,9.3,67,1017.3,10.7,228,0.0
2026-03-03 03:00:00,9.6,68,1017.4,18.4,213,0.0
2026-03-03 04:00:00,9.3,72,1017.8,17.8,213,0.0
2026-03-03 05:00:00,9.6,72,1018.0,15.3,229,0.0
2026-03-03 06:00:00,9.6,70,1018.5,17.2,222,0.0
2026-03-03 07:00:00,9.9,69,1018.9,16.2,221,0.0
2026-03-03 08:00:00,10.6,66,1019.0,17.0,220,0.0
2026-03-03 09:00:00,11.3,64,1019.6,21.6,211,0.0
2026-03-03 10:00:00,11.4,64,1020.2,20.9,211,0.0
2026-03-03 11:00:00,11.8,66,1020.4,23.4,213,0.1
2026-03-03 12:00:00,12.3,63,1020.2,23.8,209,0.0
2026-03-03 13:00:00,13.0,62,1020.2,23.7,209,0.0
2026-03-03 14:00:00,12.8,64,1020.4,20.8,209,0.0
2026-03-03 15:00:00,13.5,61,1020.1,19.1,208,0.0
2026-03-03 16:00:00,13.3,62,1020.0,17.1,208,0.0
2026-03-03 17:00:00,12.9,64,1020.0,15.0,209,0.0
2026-03-03 18:00:00,12.4,65,1020.2,12.9,210,0.0
2026-03-03 19:00:00,11.6,71,1020.4,7.8,203,0.0
2026-03-03 20:00:00,10.2,78,1020.9,4.3,204,0.0
2026-03-03 21:00:00,9.1,81,1021.8,3.5,242,0.0
2026-03-03 22:00:00,8.8,83,1022.2,1.4,247,0.0
2026-03-03 23:00:00,8.2,84,1022.2,0.6,288,0.0
2026-03-04 00:00:00,7.8,87,1022.3,3.7,281,0.0
2026-03-04 01:00:00,7.2,88,1022.2,3.5,231,0.0
2026-03-04 02:00:00,6.7,89,1021.8,3.3,202,0.0
2026-03-04 03:00:00,6.2,89,1021.7,2.7,184,0.0
2026-03-04 04:00:00,6.0,89,1021.5,2.2,185,0.0
2026-03-04 05:00:00,5.6,90,1021.5,1.7,193,0.0
2026-03-04 06:00:00,5.3,92,1021.9,0.9,143,0.0
2026-03-04 07:00:00,6.8,92,1022.2,1.5,111,0.0
2026-03-04 08:00:00,10.3,83,1022.3,5.9,38,0.0
2026-03-04 09:00:00,12.0,81,1022.5,8.4,34,0.0
2026-03-04 10:00:00,13.2,74,1022.7,11.3,48,0.0
2026-03-04 11:00:00,14.0,71,1022.7,13.1,53,0.0
2026-03-04 12:00:00,14.7,70,1022.0,14.5,62,0.0
2026-03-04 13:00:00,15.1,68,1021.8,15.6,67,0.0
2026-03-04 14:00:00,15.0,68,1021.5,16.1,70,0.0
2026-03-04 15:00:00,14.9,68,1021.0,16.9,73,0.0
2026-03-04 16:00:00,14.6,68,1020.7,16.8,74,0.0
2026-03-04 17:00:00,14.2,70,1020.5,16.6,70,0.0
2026-03-04 18:00:00,13.8,73,1020.1,16.9,69,0.0
2026-03-04 19:00:00,13.0,78,1020.0,16.1,72,0.0
2026-03-04 20:00:00,12.6,80,1020.1,15.7,70,0.0
2026-03-04 21:00:00,12.5,84,1020.2,15.6,67,0.0
2026-03-04 22:00:00,12.7,85,1019.9,15.9,72,0.0
2026-03-04 23:00:00,12.9,88,1019.7,16.4,77,0.0
2026-03-05 00:00:00,12.9,88,1020.2,16.1,76,0.0
2026-03-05 01:00:00,13.0,86,1019.9,16.9,76,0.0
2026-03-05 02:00:00,13.2,86,1019.3,17.3,71,0.0
2026-03-05 03:00:00,13.1,89,1018.9,15.1,65,0.0
2026-03-05 04:00:00,12.9,91,1018.4,13.3,69,0.0
2026-03-05 05:00:00,12.8,92,1018.0,12.6,73,0.0
2026-03-05 06:00:00,13.1,92,1018.1,13.1,72,0.0
2026-03-05 07:00:00,13.2,93,1018.6,11.6,74,0.0
2026-03-05 08:00:00,14.6,89,1018.7,13.3,74,0.0
2026-03-05 09:00:00,15.4,85,1018.8,14.2,74,0.0
2026-03-05 10:00:00,16.2,84,1018.8,12.4,76,0.0
2026-03-05 11:00:00,16.8,80,1018.7,11.8,78,0.0
2026-03-05 12:00:00,17.3,79,1018.3,11.8,81,0.0
2026-03-05 13:00:00,17.8,77,1017.9,13.6,85,0.0
2026-03-05 14:00:00,18.0,75,1017.1,14.6,86,0.0
2026-03-05 15:00:00,17.8,78,1016.4,13.7,85,0.0
2026-03-05 16:00:00,17.6,76,1015.8,12.3,93,0.0
2026-03-05 17:00:00,17.1,78,1015.3,12.0,98,0.0
2026-03-05 18:00:00,15.9,84,1015.5,10.3,91,0.0
2026-03-05 19:00:00,14.4,91,1015.4,10.8,108,0.0
2026-03-05 20:00:00,13.9,91,1015.5,7.3,110,0.0
2026-03-05 21:00:00,13.9,87,1015.2,5.6,115,0.0
2026-03-05 22:00:00,13.3,86,1014.9,4.4,117,0.0
2026-03-05 23:00:00,12.9,84,1014.6,0.9,191,0.0
2026-03-06 00:00:00,12.8,86,1014.0,2.9,133,0.0
2026-03-06 01:00:00,13.0,83,1013.5,0.7,166,0.0
2026-03-06 02:00:00,12.5,84,1012.9,0.8,153,0.0
2026-03-06 03:00:00,12.2,85,1012.6,1.1,171,0.0
2026-03-06 04:00:00,11.8,86,1012.3,2.3,180,0.0
2026-03-06 05:00:00,12.3,85,1012.0,4.7,184,0.0
2026-03-06 06:00:00,11.3,93,1012.1,3.8,169,0.0
2026-03-06 07:00:00,12.1,89,1012.7,9.2,211,0.0
2026-03-06 08:00:00,15.1,68,1013.1,14.7,242,0.0
2026-03-06 09:00:00,18.0,61,1012.9,13.9,253,0.0
2026-03-06 10:00:00,20.6,54,1013.1,13.2,250,0.0
2026-03-06 11:00:00,22.7,50,1013.1,10.2,252,0.0
2026-03-06 12:00:00,24.5,49,1012.2,8.1,266,0.0
2026-03-06 13:00:00,25.5,49,1012.1,4.3,285,0.0
2026-03-06 14:00:00,25.7,53,1012.1,4.9,360,0.0
2026-03-06 15:00:00,25.0,58,1012.0,9.4,30,0.0
2026-03-06 16:00:00,24.3,53,1012.3,10.4,53,0.0
2026-03-06 17:00:00,23.0,56,1012.6,8.0,70,0.0
2026-03-06 18:00:00,22.1,52,1012.2,6.2,97,0.0
2026-03-06 19:00:00,20.9,57,1012.8,1.3,34,0.0
2026-03-06 20:00:00,18.9,65,1013.7,5.0,289,0.0
2026-03-06 21:00:00,18.5,68,1014.8,8.8,266,0.0
2026-03-06 22:00:00,17.8,68,1015.4,10.9,250,0.0
2026-03-06 23:00:00,17.1,71,1016.0,10.6,252,0.0
2026-03-07 00:00:00,15.3,76,1016.1,6.4,245,0.0
2026-03-07 01:00:00,15.5,75,1016.6,9.0,224,0.0
2026-03-07 02:00:00,15.3,76,1016.8,11.2,233,0.0
2026-03-07 03:00:00,14.8,78,1016.8,10.1,235,0.0
2026-03-07 04:00:00,14.2,81,1017.0,11.8,237,0.0
2026-03-07 05:00:00,13.7,86,1017.0,11.7,232,0.0
2026-03-07 06:00:00,12.9,92,1017.2,8.0,224,0.0
2026-03-07 07:00:00,13.4,93,1017.6,10.1,207,0.0
2026-03-07 08:00:00,16.2,85,1017.5,7.2,212,0.0
2026-03-07 09:00:00,18.6,74,1017.4,2.2,235,0.0
2026-03-07 10:00:00,20.2,69,1017.2,2.7,48,0.0
2026-03-07 11:00:00,21.2,65,1016.9,8.1,62,0.0
2026-03-07 12:00:00,22.5,59,1015.4,10.3,67,0.0
2026-03-07 13:00:00,22.3,58,1014.8,12.3,78,0.0
2026-03-07 14:00:00,22.3,57,1014.1,12.5,84,0.0
2026-03-07 15:00:00,21.5,59,1013.3,13.7,86,0.0
2026-03-07 16:00:00,19.9,65,1013.1,14.8,84,0.0
2026-03-07 17:00:00,18.8,69,1012.9,14.1,92,0.0
2026-03-07 18:00:00,18.2,73,1012.5,14.3,105,0.0
2026-03-07 19:00:00,17.1,76,1012.2,14.1,107,0.0
2026-03-07 20:00:00,16.7,78,1012.3,14.8,114,0.0
2026-03-07 21:00:00,16.3,80,1012.5,14.3,111,0.0
2026-03-07 22:00:00,16.0,84,1012.3,14.2,112,0.0
2026-03-07 23:00:00,15.6,88,1011.9,12.8,119,0.0
2026-03-08 00:00:00,15.2,90,1011.6,12.7,119,0.0
2026-03-08 01:00:00,15.2,90,1011.3,9.3,122,0.0
2026-03-08 02:00:00,14.6,92,1010.6,4.2,130,0.0
2026-03-08 03:00:00,14.2,91,1010.3,1.5,201,0.0
2026-03-08 04:00:00,14.4,91,1010.0,8.7,246,0.0
2026-03-08 05:00:00,14.5,93,1009.6,10.9,230,0.0
2026-03-08 06:00:00,14.0,96,1009.4,10.6,226,0.0
2026-03-08 07:00:00,14.0,95,1009.1,12.3,214,0.0
2026-03-08 08:00:00,15.8,89,1008.7,8.6,219,0.0
2026-03-08 09:00:00,18.5,80,1008.2,6.7,232,0.0
2026-03-08 10:00:00,21.0,71,1007.4,5.2,250,0.0
2026-03-08 11:00:00,22.8,66,1007.1,3.4,288,0.0
2026-03-08 12:00:00,23.5,66,1006.3,5.9,35,0.0
2026-03-08 13:00:00,23.6,66,1005.8,9.1,69,0.0
2026-03-08 14:00:00,22.6,68,1005.3,11.0,64,0.0
2026-03-08 15:00:00,21.3,70,1004.7,12.5,63,0.0
2026-03-08 16:00:00,20.4,71,1004.6,13.0,80,0.0
2026-03-08 17:00:00,20.8,73,1004.9,7.9,191,0.0
2026-03-08 18:00:00,18.1,91,1005.7,10.5,239,0.2
2026-03-08 19:00:00,16.0,89,1006.1,21.8,232,0.5
2026-03-08 20:00:00,15.0,93,1006.7,20.5,224,0.1
2026-03-08 21:00:00,14.8,92,1007.3,19.9,226,0.0
2026-03-08 22:00:00,14.7,90,1007.6,19.8,222,0.0
2026-03-08 23:00:00,14.6,88,1008.0,19.8,219,0.0
2026-03-09 00:00:00,14.5,90,1008.1,18.1,221,0.1
2026-03-09 01:00:00,13.9,89,1008.5,20.3,222,0.1
2026-03-09 02:00:00,13.5,88,1008.7,18.1,217,0.1
2026-03-09 03:00:00,13.3,89,1009.0,14.6,219,0.1
2026-03-09 04:00:00,12.9,90,1009.6,14.8,216,0.5
2026-03-09 05:00:00,12.2,89,1010.6,18.3,214,0.3
2026-03-09 06:00:00,11.3,88,1011.2,19.9,215,2.4
2026-03-09 07:00:00,11.4,83,1012.0,16.2,212,0.0
2026-03-09 08:00:00,11.8,83,1013.1,15.0,218,0.0
2026-03-09 09:00:00,11.8,82,1013.8,15.9,218,0.0
2026-03-09 10:00:00,12.5,76,1014.6,15.7,213,0.1
2026-03-09 11:00:00,12.1,78,1015.5,16.0,204,0.1
2026-03-09 12:00:00,12.8,71,1015.9,15.1,203,0.2
2026-03-09 13:00:00,13.3,63,1016.3,15.6,206,0.0
2026-03-09 14:00:00,13.7,60,1016.6,16.0,204,0.0
2026-03-09 15:00:00,13.3,61,1017.0,16.1,205,0.0
2026-03-09 16:00:00,13.1,63,1017.4,14.7,203,0.0
2026-03-09 17:00:00,13.0,63,1017.6,12.9,201,0.0
2026-03-09 18:00:00,12.7,65,1018.2,10.5,200,0.0
2026-03-09 19:00:00,12.2,69,1018.8,6.3,204,0.0
2026-03-09 20:00:00,12.0,72,1019.6,4.8,211,0.0
2026-03-09 21:00:00,11.8,73,1020.3,4.8,217,0.0
2026-03-09 22:00:00,11.5,76,1020.7,4.8,222,0.0
2026-03-09 23:00:00,11.1,78,1021.0,4.1,229,0.0
2026-03-10 00:00:00,10.7,79,1021.2,4.1,218,0.0
2026-03-10 01:00:00,10.0,83,1021.5,3.1,242,0.0
2026-03-10 02:00:00,9.8,85,1021.5,3.1,242,0.0
2026-03-10 03:00:00,9.8,84,1021.7,3.4,223,0.0
2026-03-10 04:00:00,9.5,84,1021.9,4.5,230,0.0
2026-03-10 05:00:00,9.3,85,1022.1,4.1,218,0.0
2026-03-10 06:00:00,8.9,87,1022.5,5.5,212,0.0
2026-03-10 07:00:00,9.4,85,1022.9,4.9,180,0.0
2026-03-10 08:00:00,10.9,79,1023.1,3.9,158,0.0
2026-03-10 09:00:00,12.1,66,1023.4,4.9,107,0.0
2026-03-10 10:00:00,13.1,61,1023.5,7.7,74,0.0
2026-03-10 11:00:00,13.2,60,1023.5,11.3,72,0.0
2026-03-10 12:00:00,14.0,58,1022.9,12.6,70,0.0
2026-03-10 13:00:00,13.8,59,1022.5,14.7,70,0.0
2026-03-10 14:00:00,14.0,60,1022.3,16.2,63,0.0
2026-03-10 15:00:00,13.9,60,1021.8,16.3,62,0.0
2026-03-10 16:00:00,13.9,59,1021.3,16.6,63,0.0
2026-03-10 17:00:00,13.8,59,1021.5,17.5,61,0.0
2026-03-10 18:00:00,13.3,63,1021.5,18.2,65,0.0
2026-03-10 19:00:00,13.0,64,1021.4,17.8,63,0.0
2026-03-10 20:00:00,13.0,64,1021.7,17.3,61,0.0
2026-03-10 21:00:00,13.1,64,1022.1,17.5,53,0.0
2026-03-10 22:00:00,13.1,64,1022.3,16.7,50,0.0
2026-03-10 23:00:00,13.2,64,1022.2,16.6,51,0.0
2026-03-11 00:00:00,13.0,70,1022.0,13.2,51,0.0
2026-03-11 01:00:00,12.8,72,1021.4,12.2,53,0.0
2026-03-11 02:00:00,12.8,74,1020.7,12.0,50,0.0
2026-03-11 03:00:00,12.6,77,1020.6,11.6,44,0.0
2026-03-11 04:00:00,12.5,78,1020.5,11.5,39,0.0
2026-03-11 05:00:00,12.3,79,1020.7,10.5,33,0.0
2026-03-11 06:00:00,11.5,83,1020.6,10.1,29,0.0
2026-03-11 07:00:00,11.8,81,1020.3,9.8,40,0.0
2026-03-11 08:00:00,13.5,72,1020.1,13.1,48,0.0
2026-03-11 09:00:00,14.4,67,1019.9,16.3,49,0.0
2026-03-11 10:00:00,15.1,64,1020.0,18.3,49,0.0
2026-03-11 11:00:00,15.6,62,1019.4,19.4,52,0.0
2026-03-11 12:00:00,16.2,59,1018.2,19.9,57,0.0
2026-03-11 13:00:00,16.5,59,1017.7,19.7,57,0.0
2026-03-11 14:00:00,16.7,60,1017.3,19.3,62,0.0
2026-03-11 15:00:00,16.4,62,1016.5,20.8,68,0.0
2026-03-11 16:00:00,16.1,62,1016.1,21.4,70,0.0
2026-03-11 17:00:00,15.6,64,1015.8,21.1,66,0.0
2026-03-11 18:00:00,14.9,68,1015.7,19.6,66,0.0
2026-03-11 19:00:00,14.1,72,1015.7,17.5,63,0.0
2026-03-11 20:00:00,14.0,74,1015.5,18.2,62,0.0
2026-03-11 21:00:00,13.9,75,1015.8,17.8,62,0.0
2026-03-11 22:00:00,13.9,76,1015.5,18.4,59,0.0
2026-03-11 23:00:00,13.9,79,1014.9,18.8,58,0.0
2026-03-12 00:00:00,13.9,83,1014.1,17.7,62,0.0
2026-03-12 01:00:00,14.0,85,1013.4,18.5,61,0.0
2026-03-12 02:00:00,13.9,87,1012.6,18.0,61,0.0
2026-03-12 03:00:00,13.9,89,1011.6,16.4,61,0.0
2026-03-12 04:00:00,13.7,90,1011.1,14.9,58,0.0
2026-03-12 05:00:00,13.7,89,1010.3,14.1,62,0.0
2026-03-12 06:00:00,14.0,88,1009.9,17.5,56,0.0
2026-03-12 07:00:00,14.4,87,1009.9,18.5,49,0.0
2026-03-12 08:00:00,15.4,83,1009.2,19.1,57,0.0
2026-03-12 09:00:00,16.3,77,1009.1,17.6,57,0.0
2026-03-12 10:00:00,17.1,72,1008.9,17.7,63,0.0
2026-03-12 11:00:00,18.2,67,1008.0,17.2,57,0.0
2026-03-12 12:00:00,19.2,67,1006.8,17.5,58,0.0
2026-03-12 13:00:00,20.4,65,1006.0,14.3,71,0.0
2026-03-12 14:00:00,20.8,64,1004.8,15.9,86,0.0
2026-03-12 15:00:00,20.9,63,1004.1,16.1,79,0.0
2026-03-12 16:00:00,19.8,67,1003.9,16.2,80,0.0
2026-03-12 17:00:00,18.9,72,1003.6,14.2,81,0.0
2026-03-12 18:00:00,17.4,80,1003.5,14.5,82,0.0
2026-03-12 19:00:00,16.5,82,1003.2,16.3,65,0.0
2026-03-12 20:00:00,16.4,84,1002.9,15.1,62,0.0
2026-03-12 21:00:00,17.4,64,1002.5,14.3,23,0.0
2026-03-12 22:00:00,16.7,59,1003.0,17.5,351,0.0
2026-03-12 23:00:00,15.8,62,1002.6,12.1,359,0.0
2026-03-13 00:00:00,16.2,60,1001.4,15.2,10,0.0
2026-03-13 01:00:00,16.5,62,1000.6,12.1,20,0.0
2026-03-13 02:00:00,17.1,63,1000.0,14.7,22,0.0
2026-03-13 03:00:00,18.2,61,999.5,19.9,25,0.0
2026-03-13 04:00:00,19.0,61,999.1,21.7,28,0.0
2026-03-13 05:00:00,19.4,62,998.7,21.5,27,0.0
2026-03-13 06:00:00,18.7,68,997.3,17.2,32,0.0
2026-03-13 07:00:00,18.5,73,998.0,14.5,17,0.0
2026-03-13 08:00:00,21.3,68,997.6,17.7,350,0.0
2026-03-13 09:00:00,23.4,58,997.8,24.1,338,0.0
2026-03-13 10:00:00,24.3,57,998.1,22.7,337,0.0
2026-03-13 11:00:00,25.4,54,998.3,23.0,334,0.0
2026-03-13 12:00:00,26.3,51,997.8,17.8,327,0.0
2026-03-13 13:00:00,24.2,58,998.4,19.1,274,0.3
2026-03-13 14:00:00,18.6,70,999.0,21.8,207,0.3
2026-03-13 15:00:00,18.2,67,999.1,24.0,211,0.0
2026-03-13 16:00:00,16.8,69,999.6,21.3,219,0.0
2026-03-13 17:00:00,15.4,73,1000.2,19.9,221,0.0
2026-03-13 18:00:00,14.7,77,1000.7,20.2,221,0.0
2026-03-13 19:00:00,14.1,82,1001.1,17.2,226,0.2
2026-03-13 20:00:00,13.7,86,1001.5,13.4,217,0.2
2026-03-13 21:00:00,13.6,87,1002.1,13.6,229,0.0
2026-03-13 22:00:00,13.4,88,1002.4,13.0,215,0.3
2026-03-13 23:00:00,13.1,88,1003.0,11.2,220,0.1
2026-03-14 00:00:00,13.2,83,1003.9,12.7,230,0.0
2026-03-14 01:00:00,13.2,82,1004.5,12.5,226,0.0
2026-03-14 02:00:00,13.1,83,1005.0,12.0,233,0.0
2026-03-14 03:00:00,12.8,85,1005.6,11.7,239,0.0
2026-03-14 04:00:00,12.0,89,1005.8,9.9,243,0.0
2026-03-14 05:00:00,11.3,92,1006.5,9.4,250,0.0
2026-03-14 06:00:00,10.8,93,1007.3,10.1,264,0.0
2026-03-14 07:00:00,10.8,91,1008.0,8.4,247,0.0
2026-03-14 08:00:00,12.4,84,1008.7,6.1,240,0.0
2026-03-14 09:00:00,14.4,75,1009.1,5.1,238,0.0
2026-03-14 10:00:00,16.0,66,1009.4,0.8,315,0.0
2026-03-14 11:00:00,17.2,60,1009.3,6.0,44,0.0
2026-03-14 12:00:00,17.6,57,1009.1,9.8,52,0.0
2026-03-14 13:00:00,17.7,56,1008.9,13.6,62,0.0
2026-03-14 14:00:00,17.5,59,1008.4,14.6,70,0.0
2026-03-14 15:00:00,17.1,64,1008.2,14.7,67,0.0
2026-03-14 16:00:00,16.6,65,1007.8,15.7,65,0.0
2026-03-14 17:00:00,15.9,70,1007.7,17.8,63,0.0
2026-03-14 18:00:00,15.1,72,1008.1,16.7,69,0.0
2026-03-14 19:00:00,14.3,78,1008.2,17.0,67,0.0
2026-03-14 20:00:00,14.2,82,1008.3,18.3,67,0.0
2026-03-14 21:00:00,14.6,83,1008.4,17.6,65,0.0
2026-03-14 22:00:00,14.7,82,1008.4,13.1,58,0.0
2026-03-14 23:00:00,13.4,87,1008.6,4.9,66,0.0
2026-03-15 00:00:00,12.9,80,1008.6,3.2,109,0.0
2026-03-15 01:00:00,12.4,81,1008.7,3.3,193,0.0
2026-03-15 02:00:00,12.2,81,1008.9,8.1,227,0.0
2026-03-15 03:00:00,12.0,75,1009.2,12.2,243,0.0
2026-03-15 04:00:00,11.8,75,1009.6,14.7,243,0.0
2026-03-15 05:00:00,11.3,86,1009.8,14.1,243,0.0
2026-03-15 06:00:00,10.9,95,1010.3,10.7,235,0.0
2026-03-15 07:00:00,11.2,95,1011.4,4.8,236,0.0
2026-03-15 08:00:00,13.1,89,1012.4,3.5,345,0.0
2026-03-15 09:00:00,15.1,80,1012.9,5.5,36,0.0
2026-03-15 10:00:00,16.3,74,1013.0,8.2,50,0.0
2026-03-15 11:00:00,17.6,68,1012.9,8.0,54,0.0
2026-03-15 12:00:00,18.1,61,1012.9,11.7,44,0.0
2026-03-15 13:00:00,18.7,58,1012.9,12.7,43,0.0
2026-03-15 14:00:00,19.1,53,1012.5,13.6,50,0.0
2026-03-15 15:00:00,19.0,52,1012.3,15.2,60,0.0
2026-03-15 16:00:00,18.4,52,1012.0,16.5,67,0.0
2026-03-15 17:00:00,17.8,56,1012.2,16.0,79,0.0
2026-03-15 18:00:00,16.6,64,1012.6,16.0,83,0.0
2026-03-15 19:00:00,15.5,74,1012.7,16.9,87,0.0
2026-03-15 20:00:00,15.1,78,1013.4,16.6,84,0.0
2026-03-15 21:00:00,15.0,79,1013.7,16.2,81,0.0
2026-03-15 22:00:00,15.0,78,1013.6,15.5,80,0.0
2026-03-15 23:00:00,14.8,78,1013.1,14.6,86,0.0
2026-03-16 00:00:00,14.2,89,1013.2,12.4,93,0.0
2026-03-16 01:00:00,13.6,92,1013.0,10.6,101,0.0
2026-03-16 02:00:00,13.7,93,1012.6,8.4,97,0.0
2026-03-16 03:00:00,12.5,95,1012.1,2.8,108,0.0
2026-03-16 04:00:00,11.3,99,1011.6,1.3,196,0.0
2026-03-16 05:00:00,10.8,100,1011.7,4.7,208,0.0
2026-03-16 06:00:00,9.9,100,1012.2,0.9,191,0.0
2026-03-16 07:00:00,9.7,100,1013.2,6.6,235,0.0
2026-03-16 08:00:00,12.1,94,1014.0,7.5,240,0.0
2026-03-16 09:00:00,15.0,79,1014.5,6.4,252,0.0
2026-03-16 10:00:00,17.9,55,1014.8,7.6,275,0.0
2026-03-16 11:00:00,19.9,47,1014.8,7.2,297,0.0
2026-03-16 12:00:00,21.1,48,1014.1,10.2,54,0.0
2026-03-16 13:00:00,20.8,50,1014.2,13.3,69,0.0
2026-03-16 14:00:00,20.4,53,1013.8,14.8,76,0.0
2026-03-16 15:00:00,20.1,52,1013.6,16.9,76,0.0
2026-03-16 16:00:00,19.5,51,1013.4,18.0,87,0.0
2026-03-16 17:00:00,18.4,57,1013.9,17.1,89,0.0
2026-03-16 18:00:00,17.0,70,1014.3,16.8,80,0.0
2026-03-16 19:00:00,15.6,79,1014.6,17.1,98,0.0
2026-03-16 20:00:00,15.3,81,1015.2,16.0,119,0.0
2026-03-16 21:00:00,15.5,75,1016.1,14.4,120,0.0
2026-03-16 22:00:00,15.5,71,1016.5,13.4,107,0.0
2026-03-16 23:00:00,15.2,76,1016.9,10.5,117,0.0
2026-03-17 00:00:00,14.6,79,1017.7,6.6,111,0.0
2026-03-17 01:00:00,13.2,85,1018.1,5.1,234,0.0
2026-03-17 02:00:00,12.1,89,1018.6,11.8,245,0.0
2026-03-17 03:00:00,11.5,95,1018.9,13.2,235,0.0
2026-03-17 04:00:00,11.5,96,1019.1,12.0,233,0.0
2026-03-17 05:00:00,11.5,97,1019.6,12.1,230,0.0
2026-03-17 06:00:00,11.3,98,1020.1,12.1,227,0.0
2026-03-17 07:00:00,11.7,98,1020.7,12.1,222,0.0
2026-03-17 08:00:00,12.7,95,1021.2,14.0,226,0.0
2026-03-17 09:00:00,14.7,83,1021.7,13.4,227,0.0
2026-03-17 10:00:00,17.0,71,1021.6,10.3,223,0.0
2026-03-17 11:00:00,18.6,65,1021.4,6.3,219,0.0
2026-03-17 12:00:00,19.0,62,1021.4,2.9,79,0.0
2026-03-17 13:00:00,19.9,59,1021.0,11.5,58,0.0
2026-03-17 14:00:00,18.8,67,1020.4,16.2,61,0.0
2026-03-17 15:00:00,17.8,69,1020.2,17.1,72,0.0
2026-03-17 16:00:00,16.8,73,1019.7,17.9,84,0.0
2026-03-17 17:00:00,16.1,81,1019.2,16.7,83,0.0
2026-03-17 18:00:00,15.4,85,1019.4,15.7,73,0.0
2026-03-17 19:00:00,14.6,90,1019.0,15.1,68,0.0
2026-03-17 20:00:00,14.7,87,1018.8,15.2,67,0.0
2026-03-17 21:00:00,14.4,87,1018.5,15.1,75,0.0
2026-03-17 22:00:00,14.2,92,1017.8,16.4,77,0.0
2026-03-17 23:00:00,14.4,93,1016.8,15.2,74,0.0
2026-03-18 00:00:00,15.0,89,1015.9,11.6,72,0.0
2026-03-18 01:00:00,14.7,83,1015.1,5.8,51,0.0
2026-03-18 02:00:00,14.5,78,1014.3,6.4,16,0.0
2026-03-18 03:00:00,14.4,76,1013.2,7.7,30,0.0
2026-03-18 04:00:00,15.8,73,1012.5,13.1,29,0.0
2026-03-18 05:00:00,16.9,70,1012.1,18.8,27,0.0
2026-03-18 06:00:00,17.4,69,1012.1,19.5,18,0.0
2026-03-18 07:00:00,17.4,70,1012.3,21.6,11,0.1
2026-03-18 08:00:00,17.7,69,1012.3,17.5,19,0.0
2026-03-18 09:00:00,18.1,68,1012.5,14.7,33,0.0
2026-03-18 10:00:00,19.3,64,1012.3,9.3,65,0.0
2026-03-18 11:00:00,19.7,64,1012.9,8.6,119,0.0
2026-03-18 12:00:00,20.6,59,1012.8,7.1,146,0.0
2026-03-18 13:00:00,22.4,54,1014.5,28.9,223,0.2
2026-03-18 14:00:00,19.9,55,1016.3,21.3,183,0.0
2026-03-18 15:00:00,19.5,55,1017.8,16.1,193,0.0
2026-03-18 16:00:00,18.7,57,1019.1,12.9,189,0.0
2026-03-18 17:00:00,17.5,56,1020.0,11.8,174,0.0
2026-03-18 18:00:00,16.2,61,1021.4,8.8,175,0.0
2026-03-18 19:00:00,15.4,62,1022.3,5.2,180,0.0
2026-03-18 20:00:00,15.2,63,1023.6,2.7,188,0.0
2026-03-18 21:00:00,15.0,64,1024.1,2.2,215,0.0
2026-03-18 22:00:00,14.7,66,1024.4,1.7,257,0.0
2026-03-18 23:00:00,14.4,70,1024.5,1.5,240,0.0
2026-03-19 00:00:00,13.7,71,1024.7,4.0,183,0.0
2026-03-19 01:00:00,13.3,78,1024.4,1.8,174,0.0
2026-03-19 02:00:00,13.3,78,1024.1,0.9,180,0.0
2026-03-19 03:00:00,12.7,82,1023.8,1.1,81,0.0
2026-03-19 04:00:00,12.9,78,1023.1,5.5,81,0.0
2026-03-19 05:00:00,12.2,75,1022.7,8.3,66,0.0
2026-03-19 06:00:00,11.9,77,1022.4,10.9,71,0.0
2026-03-19 07:00:00,12.2,78,1022.5,12.6,71,0.0
2026-03-19 08:00:00,13.8,69,1022.3,16.0,61,0.0
2026-03-19 09:00:00,14.5,66,1022.2,17.3,63,0.0
2026-03-19 10:00:00,15.1,67,1021.9,19.2,62,0.0
2026-03-19 11:00:00,15.6,65,1021.5,20.7,59,0.0
2026-03-19 12:00:00,16.2,63,1020.7,20.9,62,0.0
2026-03-19 13:00:00,16.8,62,1020.1,21.3,64,0.0
2026-03-19 14:00:00,16.7,64,1019.2,21.3,67,0.0
2026-03-19 15:00:00,16.6,65,1018.6,21.4,67,0.0
2026-03-19 16:00:00,16.0,68,1018.0,21.1,70,0.0
2026-03-19 17:00:00,15.5,70,1017.4,19.6,67,0.0
2026-03-19 18:00:00,14.4,76,1017.8,18.8,68,0.0
2026-03-19 19:00:00,13.8,80,1017.9,16.6,71,0.0
2026-03-19 20:00:00,13.7,81,1018.4,15.7,70,0.0
2026-03-19 21:00:00,13.7,80,1018.8,15.0,67,0.0
2026-03-19 22:00:00,13.7,80,1018.5,13.4,66,0.0
2026-03-19 23:00:00,13.8,79,1018.5,11.3,70,0.0
2026-03-20 00:00:00,13.5,80,1018.4,9.0,77,0.0
2026-03-20 01:00:00,13.3,82,1018.5,6.7,84,0.0
2026-03-20 02:00:00,13.2,83,1018.7,5.2,106,0.0
2026-03-20 03:00:00,12.8,86,1018.6,5.0,145,0.0
2026-03-20 04:00:00,12.2,88,1018.7,4.9,170,0.0
2026-03-20 05:00:00,11.7,90,1018.8,5.4,174,0.0
2026-03-20 06:00:00,12.4,88,1019.0,4.7,148,0.0
2026-03-20 07:00:00,12.7,86,1019.3,3.8,139,0.0
2026-03-20 08:00:00,13.2,83,1019.6,2.7,143,0.2
2026-03-20 09:00:00,13.5,82,1020.0,2.2,132,0.2
2026-03-20 10:00:00,14.1,79,1020.3,1.5,97,0.1
2026-03-20 11:00:00,14.6,76,1020.3,1.2,27,0.0
2026-03-20 12:00:00,14.9,75,1020.0,4.6,26,0.0
2026-03-20 13:00:00,14.9,76,1020.1,6.1,45,0.1
2026-03-20 14:00:00,14.7,77,1019.8,5.8,51,0.0
2026-03-20 15:00:00,15.3,75,1019.7,4.4,69,0.0
2026-03-20 16:00:00,15.0,75,1019.8,8.3,70,0.0
2026-03-20 17:00:00,14.4,74,1019.7,10.2,67,0.0
2026-03-20 18:00:00,13.3,76,1020.1,12.3,69,0.0
2026-03-20 19:00:00,12.9,78,1020.4,12.1,84,0.0
2026-03-20 20:00:00,12.6,79,1021.0,10.8,80,0.0
2026-03-20 21:00:00,12.5,80,1021.7,9.1,75,0.0
2026-03-20 22:00:00,12.7,79,1021.9,7.4,72,0.0
2026-03-20 23:00:00,12.9,78,1022.1,5.8,56,0.0
2026-03-21 00:00:00,12.7,78,1022.1,6.7,63,0.0
2026-03-21 01:00:00,11.9,82,1021.9,5.2,65,0.0
2026-03-21 02:00:00,11.2,85,1021.6,4.3,68,0.0
2026-03-21 03:00:00,11.0,86,1021.4,3.9,68,0.0
2026-03-21 04:00:00,10.7,86,1021.2,3.9,68,0.0
2026-03-21 05:00:00,10.7,87,1021.0,4.8,63,0.0
2026-03-21 06:00:00,10.6,91,1021.3,5.6,83,0.0
2026-03-21 07:00:00,10.8,90,1021.8,6.1,76,0.0
2026-03-21 08:00:00,12.8,81,1022.3,8.8,59,0.0
2026-03-21 09:00:00,14.1,69,1022.5,11.9,52,0.0
2026-03-21 10:00:00,14.8,67,1023.0,12.3,52,0.0
2026-03-21 11:00:00,15.3,66,1022.9,12.9,51,0.0
2026-03-21 12:00:00,15.8,65,1022.5,11.8,52,0.0
2026-03-21 13:00:00,16.1,63,1022.1,13.5,65,0.0
2026-03-21 14:00:00,16.1,63,1021.6,14.1,74,0.0
2026-03-21 15:00:00,15.8,64,1021.3,14.2,77,0.0
2026-03-21 16:00:00,15.4,66,1021.1,14.4,80,0.0
2026-03-21 17:00:00,14.7,69,1020.9,14.9,81,0.0
2026-03-21 18:00:00,13.9,72,1021.4,13.5,76,0.0
2026-03-21 19:00:00,13.0,77,1021.8,11.5,65,0.0
2026-03-21 20:00:00,12.7,80,1022.1,11.8,73,0.0
2026-03-21 21:00:00,12.7,80,1022.3,11.9,72,0.0
2026-03-21 22:00:00,12.7,82,1022.5,12.2,66,0.0
2026-03-21 23:00:00,12.8,83,1022.5,12.3,65,0.0
2026-03-22 00:00:00,12.5,85,1022.4,12.4,71,0.0
2026-03-22 01:00:00,12.4,87,1022.1,12.5,70,0.0
2026-03-22 02:00:00,12.4,89,1021.8,12.5,72,0.0
2026-03-22 03:00:00,12.4,90,1021.6,11.7,75,0.0
2026-03-22 04:00:00,12.4,91,1021.4,11.6,77,0.0
2026-03-22 05:00:00,12.4,92,1021.4,9.9,87,0.0
2026-03-22 06:00:00,12.2,92,1021.7,11.4,85,0.0
2026-03-22 07:00:00,12.1,94,1022.2,9.4,82,0.0
2026-03-22 08:00:00,13.7,89,1022.6,7.2,72,0.0
2026-03-22 09:00:00,15.3,81,1023.1,5.8,76,0.0
2026-03-22 10:00:00,16.9,71,1023.5,6.1,76,0.0
2026-03-22 11:00:00,18.1,66,1024.0,6.3,66,0.0
2026-03-22 12:00:00,19.2,64,1023.6,5.3,45,0.0
2026-03-22 13:00:00,20.1,63,1023.7,6.9,47,0.0
2026-03-22 14:00:00,20.3,62,1023.5,6.9,57,0.0
2026-03-22 15:00:00,20.0,63,1023.6,9.1,65,0.0
2026-03-22 16:00:00,19.1,63,1024.0,11.7,63,0.0
2026-03-22 17:00:00,17.5,66,1024.4,13.5,65,0.0
2026-03-22 18:00:00,15.9,75,1025.3,11.4,66,0.0
2026-03-22 19:00:00,14.8,87,1026.2,9.9,74,0.0
2026-03-22 20:00:00,14.5,91,1027.1,9.4,85,0.0
2026-03-22 21:00:00,14.3,90,1027.9,7.2,102,0.0
2026-03-22 22:00:00,14.0,88,1028.4,6.1,109,0.0
2026-03-22 23:00:00,13.6,88,1028.6,4.6,111,0.0
2026-03-23 00:00:00,12.6,90,1028.9,2.6,124,0.0
2026-03-23 01:00:00,12.4,91,1029.1,3.0,123,0.0
2026-03-23 02:00:00,12.0,91,1029.3,3.1,103,0.0
2026-03-23 03:00:00,11.8,92,1029.0,4.1,77,0.0
2026-03-23 04:00:00,11.5,95,1028.9,4.6,79,0.0
2026-03-23 05:00:00,11.4,96,1028.9,4.8,70,0.0
2026-03-23 06:00:00,11.7,93,1029.1,5.8,86,0.0
2026-03-23 07:00:00,12.1,94,1029.4,6.8,61,0.0
2026-03-23 08:00:00,13.7,91,1029.8,9.0,43,0.0
2026-03-23 09:00:00,14.9,83,1029.8,13.7,52,0.0
2026-03-23 10:00:00,15.5,79,1029.9,14.9,53,0.0
2026-03-23 11:00:00,16.3,74,1029.8,15.4,55,0.0
2026-03-23 12:00:00,17.2,72,1029.2,15.1,64,0.0
2026-03-23 13:00:00,17.4,72,1028.8,17.0,72,0.0
2026-03-23 14:00:00,17.4,73,1027.9,18.0,76,0.0
2026-03-23 15:00:00,17.1,74,1027.6,18.6,76,0.0
2026-03-23 16:00:00,16.8,76,1027.3,18.4,78,0.0
2026-03-23 17:00:00,16.1,80,1026.8,17.9,85,0.0
2026-03-23 18:00:00,15.6,83,1026.4,16.6,92,0.0
2026-03-23 19:00:00,14.8,86,1026.1,16.2,104,0.0
2026-03-23 20:00:00,14.7,85,1026.1,16.7,108,0.0
2026-03-23 21:00:00,14.7,85,1026.0,15.7,112,0.0
2026-03-23 22:00:00,14.7,86,1025.8,14.6,116,0.0
2026-03-23 23:00:00,14.5,87,1025.8,13.4,119,0.0
2026-03-24 00:00:00,14.2,87,1025.4,12.8,119,0.0
2026-03-24 01:00:00,13.9,87,1025.2,9.8,125,0.0
2026-03-24 02:00:00,13.0,88,1025.1,5.1,122,0.0
2026-03-24 03:00:00,13.1,86,1024.8,1.1,90,0.0
2026-03-24 04:00:00,11.4,93,1024.8,2.2,246,0.0
2026-03-24 05:00:00,10.7,95,1024.8,4.1,232,0.0
2026-03-24 06:00:00,10.0,97,1025.5,3.6,229,0.0
2026-03-24 07:00:00,10.4,89,1025.8,8.0,230,0.0
2026-03-24 08:00:00,12.5,74,1026.2,10.2,234,0.0
2026-03-24 09:00:00,15.2,70,1026.3,10.1,243,0.0
2026-03-24 10:00:00,17.3,75,1026.6,13.0,227,0.0
2026-03-24 11:00:00,18.5,74,1026.8,15.1,221,0.0
2026-03-24 12:00:00,20.6,66,1026.6,8.6,237,0.0
2026-03-24 13:00:00,21.5,60,1026.2,5.8,216,0.0
2026-03-24 14:00:00,21.7,59,1025.8,2.1,105,0.0
2026-03-24 15:00:00,21.0,64,1025.5,5.7,66,0.0
2026-03-24 16:00:00,20.1,66,1025.4,7.8,68,0.0
2026-03-24 17:00:00,19.0,69,1025.3,7.4,58,0.0
2026-03-24 18:00:00,17.2,77,1025.8,7.5,55,0.0
2026-03-24 19:00:00,15.4,88,1025.9,4.8,61,0.0
2026-03-24 20:00:00,14.3,94,1026.4,2.2,55,0.0
2026-03-24 21:00:00,13.9,95,1026.6,1.0,135,0.0
2026-03-24 22:00:00,13.5,95,1026.5,2.7,188,0.0
2026-03-24 23:00:00,13.1,94,1026.6,6.8,202,0.0
2026-03-25 00:00:00,12.5,99,1027.0,8.6,221,0.0
2026-03-25 01:00:00,12.5,100,1027.2,9.3,226,0.0
2026-03-25 02:00:00,12.5,100,1027.2,9.0,232,0.0
2026-03-25 03:00:00,12.4,100,1027.1,8.6,241,0.0
2026-03-25 04:00:00,12.5,99,1027.3,9.8,234,0.0
2026-03-25 05:00:00,12.6,99,1027.9,10.7,234,0.0
2026-03-25 06:00:00,12.8,99,1028.6,11.5,235,0.0
2026-03-25 07:00:00,13.2,98,1029.1,12.3,241,0.0
2026-03-25 08:00:00,14.0,93,1029.7,16.1,236,0.0
2026-03-25 09:00:00,14.6,89,1029.5,16.4,228,0.0
2026-03-25 10:00:00,15.5,83,1029.9,15.9,222,0.0
2026-03-25 11:00:00,16.0,78,1029.9,14.7,221,0.0
2026-03-25 12:00:00,15.4,74,1029.9,15.2,216,0.0
2026-03-25 13:00:00,15.9,72,1029.7,14.0,215,0.0
2026-03-25 14:00:00,16.2,70,1029.0,13.4,211,0.0
2026-03-25 15:00:00,16.6,66,1028.8,8.0,194,0.0
2026-03-25 16:00:00,16.2,67,1028.9,3.8,93,0.0
2026-03-25 17:00:00,15.3,76,1028.9,7.3,81,0.0
2026-03-25 18:00:00,14.5,85,1028.8,9.1,82,0.0
2026-03-25 19:00:00,14.2,86,1028.7,9.4,87,0.0
2026-03-25 20:00:00,14.0,89,1028.8,6.7,90,0.0
2026-03-25 21:00:00,14.1,88,1028.5,7.7,87,0.0
2026-03-25 22:00:00,14.2,88,1028.1,8.6,98,0.2
2026-03-25 23:00:00,14.2,90,1027.8,6.4,106,0.2
2026-03-26 00:00:00,14.0,88,1027.6,4.0,183,0.4
2026-03-26 01:00:00,13.9,92,1027.2,4.9,123,0.1
2026-03-26 02:00:00,14.0,94,1026.4,6.5,76,0.1
2026-03-26 03:00:00,14.1,94,1025.7,14.3,62,0.0
2026-03-26 04:00:00,13.7,94,1024.7,15.6,66,0.2
2026-03-26 05:00:00,14.1,92,1024.2,19.4,59,0.5
2026-03-26 06:00:00,14.7,89,1023.3,25.0,63,0.6
2026-03-26 07:00:00,14.8,92,1023.1,27.0,66,0.7
2026-03-26 08:00:00,14.5,91,1022.7,30.0,63,0.3
2026-03-26 09:00:00,14.9,89,1022.0,31.9,65,0.3
2026-03-26 10:00:00,15.8,87,1022.0,31.9,65,0.2
2026-03-26 11:00:00,15.8,86,1020.8,34.8,67,0.3
2026-03-26 12:00:00,15.6,91,1019.8,31.7,70,0.8
2026-03-26 13:00:00,15.8,90,1019.2,31.4,67,0.7
2026-03-26 14:00:00,15.7,92,1018.3,31.9,70,1.1
2026-03-26 15:00:00,15.5,93,1017.4,33.8,68,1.3
2026-03-26 16:00:00,15.6,92,1016.4,35.2,70,0.7
2026-03-26 17:00:00,15.4,92,1015.5,36.9,70,0.8
2026-03-26 18:00:00,15.3,93,1015.1,36.9,71,1.2
2026-03-26 19:00:00,15.3,92,1014.5,36.3,74,0.7
2026-03-26 20:00:00,15.5,91,1014.0,39.6,68,0.3
2026-03-26 21:00:00,15.5,93,1013.3,38.0,65,0.4
2026-03-26 22:00:00,15.8,91,1012.8,37.0,62,0.5
2026-03-26 23:00:00,15.9,90,1012.2,38.6,59,0.5
2026-03-27 00:00:00,15.3,94,1011.6,34.6,62,0.5
2026-03-27 01:00:00,15.6,92,1010.9,33.9,55,0.4
2026-03-27 02:00:00,15.8,91,1010.3,33.1,54,0.2
2026-03-27 03:00:00,16.1,91,1009.6,34.3,51,0.2
2026-03-27 04:00:00,16.3,90,1008.7,37.1,49,0.2
2026-03-27 05:00:00,16.3,89,1007.7,39.8,51,0.0
2026-03-27 06:00:00,16.0,91,1007.0,35.1,49,0.0
2026-03-27 07:00:00,16.2,90,1006.8,34.8,49,0.0
2026-03-27 08:00:00,16.7,87,1006.5,36.3,50,0.0
2026-03-27 09:00:00,16.8,87,1006.2,37.2,53,0.2
2026-03-27 10:00:00,16.6,89,1006.3,36.0,53,0.4
2026-03-27 11:00:00,17.3,86,1006.2,39.9,50,0.0
2026-03-27 12:00:00,17.8,84,1005.3,38.2,45,0.0
2026-03-27 13:00:00,17.7,84,1005.0,39.1,45,0.0
2026-03-27 14:00:00,18.5,81,1003.9,36.7,45,0.0
2026-03-27 15:00:00,18.5,83,1003.1,28.6,46,0.0
2026-03-27 16:00:00,18.6,84,1002.9,25.0,43,0.0
2026-03-27 17:00:00,18.1,87,1002.9,21.1,44,0.0
2026-03-27 18:00:00,18.3,86,1002.7,20.1,39,0.0
2026-03-27 19:00:00,18.5,87,1002.7,15.2,48,0.0
2026-03-27 20:00:00,20.5,73,1003.1,19.3,24,0.0
2026-03-27 21:00:00,21.5,65,1003.4,24.5,13,0.0
2026-03-27 22:00:00,21.2,65,1003.8,24.3,15,0.0
2026-03-27 23:00:00,20.7,66,1004.1,23.4,12,0.0
2026-03-28 00:00:00,21.1,66,1003.5,20.7,10,0.0
2026-03-28 01:00:00,20.3,68,1003.8,17.6,15,0.0
2026-03-28 02:00:00,19.5,69,1004.1,16.8,16,0.0
2026-03-28 03:00:00,19.4,69,1004.2,16.5,14,0.0
2026-03-28 04:00:00,19.2,69,1004.5,15.3,13,0.0
2026-03-28 05:00:00,18.8,70,1005.0,14.3,7,0.0
2026-03-28 06:00:00,18.5,71,1005.6,14.6,1,0.0
2026-03-28 07:00:00,18.2,74,1006.3,14.7,345,0.0
2026-03-28 08:00:00,19.7,72,1007.1,15.0,330,0.0
2026-03-28 09:00:00,21.9,66,1008.4,11.6,278,0.0
2026-03-28 10:00:00,22.2,70,1009.7,10.7,230,0.0
2026-03-28 11:00:00,21.1,75,1010.4,12.3,235,0.0
2026-03-28 12:00:00,23.2,61,1011.2,3.5,208,0.0
2026-03-28 13:00:00,23.2,64,1011.7,4.2,78,0.0
2026-03-28 14:00:00,22.2,70,1011.7,8.5,55,0.0
2026-03-28 15:00:00,21.7,74,1012.0,10.1,27,0.0
2026-03-28 16:00:00,20.2,76,1012.5,11.5,40,0.0
2026-03-28 17:00:00,18.8,79,1012.8,10.4,46,0.0
2026-03-28 18:00:00,16.9,85,1013.6,9.9,9,0.0
2026-03-28 19:00:00,15.7,89,1014.4,11.0,10,0.0
2026-03-28 20:00:00,14.9,91,1015.0,11.5,44,0.0
2026-03-28 21:00:00,14.7,91,1015.5,11.5,60,0.0
2026-03-28 22:00:00,14.4,91,1015.4,10.3,74,0.0
2026-03-28 23:00:00,14.4,89,1015.5,9.4,79,0.0
2026-03-29 00:00:00,13.9,88,1015.3,10.6,90,0.0
2026-03-29 01:00:00,13.8,88,1015.0,11.3,83,0.0
2026-03-29 02:00:00,13.7,89,1014.9,12.3,87,0.0
2026-03-29 03:00:00,13.7,90,1014.6,12.1,86,0.0
2026-03-29 04:00:00,14.0,90,1014.1,12.5,85,0.0
2026-03-29 05:00:00,14.0,92,1013.5,15.0,85,0.2
2026-03-29 06:00:00,13.9,91,1013.7,14.9,82,0.0
2026-03-29 07:00:00,13.9,94,1013.4,15.0,80,0.9
2026-03-29 08:00:00,14.4,94,1013.0,18.1,75,0.1
2026-03-29 09:00:00,15.0,92,1012.6,19.7,74,0.1
2026-03-29 10:00:00,15.2,93,1012.0,21.1,76,0.0
2026-03-29 11:00:00,16.2,90,1011.4,17.3,74,0.1
2026-03-29 12:00:00,17.2,87,1010.8,14.4,70,0.0
2026-03-29 13:00:00,17.5,87,1009.5,13.4,84,0.0
2026-03-29 14:00:00,16.6,90,1008.7,11.9,88,0.0
2026-03-29 15:00:00,16.8,90,1008.1,12.7,101,0.1
2026-03-29 16:00:00,17.0,89,1007.1,11.1,120,0.0
2026-03-29 17:00:00,17.0,88,1006.9,9.3,119,0.0
2026-03-29 18:00:00,16.6,91,1006.1,8.9,109,0.0
2026-03-29 19:00:00,15.5,94,1005.8,5.6,105,0.0
2026-03-29 20:00:00,14.7,95,1005.6,1.8,127,0.0
2026-03-29 21:00:00,15.1,93,1005.5,4.0,32,0.0
2026-03-29 22:00:00,15.8,88,1005.0,3.0,346,0.0
2026-03-29 23:00:00,15.3,90,1004.7,4.3,5,0.0
2026-03-30 00:00:00,15.1,82,1004.7,3.7,235,0.0
2026-03-30 01:00:00,15.0,82,1004.2,4.1,315,0.0
2026-03-30 02:00:00,14.0,86,1003.9,3.9,283,0.0
2026-03-30 03:00:00,14.2,85,1003.1,1.5,353,0.0
2026-03-30 04:00:00,13.5,88,1002.4,4.2,329,0.0
2026-03-30 05:00:00,13.8,84,1002.1,2.0,275,0.0
2026-03-30 06:00:00,14.0,84,1002.4,4.8,160,0.0
2026-03-30 07:00:00,13.9,85,1003.0,10.9,231,0.0
2026-03-30 08:00:00,14.7,85,1003.7,13.8,228,0.1
2026-03-30 09:00:00,16.2,85,1004.0,14.0,232,0.0
2026-03-30 10:00:00,16.7,85,1004.9,14.2,204,0.0
2026-03-30 11:00:00,16.6,79,1005.7,11.9,195,0.0
2026-03-30 12:00:00,17.3,76,1005.6,11.5,194,0.0
2026-03-30 13:00:00,17.2,74,1004.8,6.7,164,0.0
2026-03-30 14:00:00,18.2,72,1004.3,1.9,158,0.0
2026-03-30 15:00:00,17.8,74,1003.8,6.8,32,0.0
2026-03-30 16:00:00,16.2,81,1003.4,14.3,43,0.0
2026-03-30 17:00:00,15.6,82,1003.2,11.1,56,0.0
2026-03-30 18:00:00,14.9,83,1002.8,13.9,57,0.0
2026-03-30 19:00:00,14.1,88,1003.0,15.0,50,0.0
2026-03-30 20:00:00,13.6,91,1003.3,14.4,57,0.0
2026-03-30 21:00:00,13.6,89,1003.4,15.6,75,0.0
2026-03-30 22:00:00,13.8,90,1003.4,12.7,96,0.0
2026-03-30 23:00:00,13.4,93,1003.6,9.9,132,0.0
2026-03-31 00:00:00,11.9,95,1004.1,5.6,174,0.0
2026-03-31 01:00:00,12.0,93,1005.1,15.0,222,0.0
2026-03-31 02:00:00,12.6,95,1006.2,11.8,227,0.0
2026-03-31 03:00:00,12.8,91,1007.7,8.7,159,0.0
2026-03-31 04:00:00,12.4,88,1008.8,1.5,173,0.0
2026-03-31 05:00:00,12.7,89,1010.0,3.4,295,0.0
2026-03-31 06:00:00,11.7,92,1011.9,8.2,209,0.0
2026-03-31 07:00:00,11.2,84,1012.7,20.0,191,0.0
2026-03-31 08:00:00,11.0,80,1014.0,23.6,197,0.1
2026-03-31 09:00:00,11.4,77,1015.4,17.0,198,0.0
2026-03-31 10:00:00,11.9,70,1017.0,15.2,209,0.0
2026-03-31 11:00:00,12.3,68,1018.4,16.8,204,0.0
2026-03-31 12:00:00,12.1,68,1018.9,17.7,207,0.0
2026-03-31 13:00:00,12.4,63,1019.3,15.7,204,0.0
2026-03-31 14:00:00,12.5,61,1019.4,15.0,203,0.0
2026-03-31 15:00:00,12.3,61,1019.4,14.3,199,0.0
2026-03-31 16:00:00,12.4,61,1019.7,13.2,195,0.0
2026-03-31 17:00:00,12.2,61,1019.9,10.7,188,0.0
2026-03-31 18:00:00,11.6,64,1020.7,4.9,182,0.0
2026-03-31 19:00:00,11.1,73,1021.2,2.0,180,0.0
2026-03-31 20:00:00,10.8,70,1021.9,0.4,243,0.0
2026-03-31 21:00:00,10.4,73,1022.1,0.5,225,0.0
2026-03-31 22:00:00,9.8,74,1022.9,1.2,231,0.0
2026-03-31 23:00:00,9.5,76,1023.1,1.3,225,0.0
2026-04-01 00:00:00,9.5,80,1023.4,2.8,281,0.0
2026-04-01 01:00:00,8.4,81,1023.6,3.8,275,0.0
2026-04-01 02:00:00,7.8,80,1023.6,2.2,246,0.0
2026-04-01 03:00:00,7.5,79,1023.5,1.5,194,0.0
2026-04-01 04:00:00,7.5,78,1023.4,1.3,172,0.0
2026-04-01 05:00:00,7.3,80,1023.8,1.6,174,0.0
2026-04-01 06:00:00,7.0,82,1024.4,0.6,146,0.0
2026-04-01 07:00:00,7.2,82,1025.0,0.5,180,0.0
2026-04-01 08:00:00,9.2,77,1025.9,2.0,260,0.0
2026-04-01 09:00:00,11.2,77,1026.7,2.0,297,0.0
2026-04-01 10:00:00,12.9,70,1027.4,2.4,347,0.0
2026-04-01 11:00:00,14.1,63,1027.0,6.0,21,0.0
2026-04-01 12:00:00,15.0,61,1026.5,7.3,17,0.0
2026-04-01 13:00:00,15.0,61,1026.3,10.3,29,0.0
2026-04-01 14:00:00,14.9,61,1025.9,11.1,36,0.0
2026-04-01 15:00:00,15.0,61,1025.9,8.8,44,0.0
2026-04-01 16:00:00,14.8,65,1026.2,8.7,53,0.0
2026-04-01 17:00:00,14.0,69,1026.2,10.0,52,0.0
2026-04-01 18:00:00,12.9,75,1026.9,6.6,57,0.0
2026-04-01 19:00:00,12.0,81,1027.3,6.6,68,0.0
2026-04-01 20:00:00,11.9,83,1027.8,7.4,58,0.0
2026-04-01 21:00:00,12.0,82,1027.9,8.9,54,0.0
2026-04-01 22:00:00,12.1,82,1028.1,9.1,56,0.0
2026-04-01 23:00:00,12.1,84,1028.1,9.6,60,0.0
2026-04-02 00:00:00,11.8,84,1028.1,10.3,65,0.0
2026-04-02 01:00:00,11.8,85,1028.0,10.8,64,0.0
2026-04-02 02:00:00,11.8,86,1028.1,11.0,71,0.0
2026-04-02 03:00:00,11.8,87,1027.9,10.7,76,0.0
2026-04-02 04:00:00,11.8,88,1027.8,11.1,76,0.0
2026-04-02 05:00:00,11.9,89,1027.6,10.8,72,0.0
2026-04-02 06:00:00,11.6,91,1028.1,10.5,77,0.0
2026-04-02 07:00:00,11.4,92,1028.5,10.2,82,0.0
2026-04-02 08:00:00,13.0,89,1028.9,12.2,82,0.0
2026-04-02 09:00:00,14.5,83,1029.1,11.5,81,0.0
2026-04-02 10:00:00,15.6,76,1029.3,10.9,83,0.0
2026-04-02 11:00:00,16.6,70,1029.2,10.6,79,0.0
2026-04-02 12:00:00,17.6,65,1028.8,9.8,85,0.0
2026-04-02 13:00:00,18.1,64,1028.5,11.0,87,0.0
2026-04-02 14:00:00,18.3,62,1028.0,12.6,92,0.0
2026-04-02 15:00:00,18.1,61,1027.7,13.7,92,0.0
2026-04-02 16:00:00,17.6,61,1027.6,13.5,98,0.0
2026-04-02 17:00:00,16.7,63,1027.4,13.2,107,0.0
2026-04-02 18:00:00,15.4,70,1027.7,12.5,111,0.0
2026-04-02 19:00:00,14.5,75,1028.0,13.0,109,0.0
2026-04-02 20:00:00,14.1,80,1028.2,13.5,113,0.0
2026-04-02 21:00:00,13.9,83,1028.1,13.3,113,0.0
2026-04-02 22:00:00,13.8,86,1028.2,13.2,110,0.0
2026-04-02 23:00:00,13.7,88,1027.7,13.9,107,0.0
2026-04-03 00:00:00,13.3,89,1027.6,13.1,108,0.0
2026-04-03 01:00:00,13.3,90,1027.1,12.6,107,0.0
2026-04-03 02:00:00,13.3,92,1026.8,11.8,103,0.0
2026-04-03 03:00:00,13.2,94,1026.2,11.5,104,0.0
2026-04-03 04:00:00,13.2,94,1025.3,11.5,99,0.0
2026-04-03 05:00:00,13.2,94,1024.9,11.6,95,0.0
2026-04-03 06:00:00,12.8,96,1024.6,12.0,99,0.0
2026-04-03 07:00:00,12.6,96,1024.3,11.9,100,0.0
2026-04-03 08:00:00,14.1,94,1023.9,11.8,99,0.0
2026-04-03 09:00:00,15.8,85,1023.7,8.6,79,0.0
2026-04-03 10:00:00,16.4,79,1023.4,5.1,54,0.0
2026-04-03 11:00:00,17.9,69,1022.6,3.6,53,0.0
2026-04-03 12:00:00,19.2,56,1021.4,2.4,73,0.0
2026-04-03 13:00:00,21.0,46,1020.6,0.9,323,0.0
2026-04-03 14:00:00,21.9,46,1019.7,6.7,326,0.0
2026-04-03 15:00:00,22.0,45,1019.0,13.6,304,0.0
2026-04-03 16:00:00,21.3,47,1018.6,15.9,295,0.0
2026-04-03 17:00:00,20.1,51,1018.6,15.3,295,0.0
2026-04-03 18:00:00,18.8,55,1018.0,14.2,285,0.0
2026-04-03 19:00:00,16.8,59,1018.2,14.0,288,0.0
2026-04-03 20:00:00,15.8,62,1018.3,13.4,287,0.0
2026-04-03 21:00:00,15.5,63,1018.6,12.3,281,0.0
2026-04-03 22:00:00,15.6,63,1018.4,9.9,270,0.0
2026-04-03 23:00:00,16.3,60,1018.5,14.7,281,0.0
2026-04-04 00:00:00,14.7,66,1017.4,7.6,306,0.0
2026-04-04 01:00:00,15.1,70,1016.9,2.2,246,0.0
2026-04-04 02:00:00,15.4,69,1016.6,7.2,63,0.0
2026-04-04 03:00:00,16.6,70,1016.3,11.8,20,0.0
2026-04-04 04:00:00,17.0,68,1016.2,12.8,4,0.0
2026-04-04 05:00:00,17.1,67,1016.8,14.2,358,0.0
2026-04-04 06:00:00,17.7,65,1015.9,13.2,349,0.0
2026-04-04 07:00:00,18.3,64,1016.3,19.8,331,0.0
2026-04-04 08:00:00,18.3,65,1017.4,14.0,323,0.0
2026-04-04 09:00:00,19.4,60,1017.9,15.6,308,0.0
2026-04-04 10:00:00,18.6,67,1019.0,17.7,229,0.0
2026-04-04 11:00:00,17.4,76,1019.6,20.6,234,0.0
2026-04-04 12:00:00,16.3,72,1020.6,16.6,220,0.0
2026-04-04 13:00:00,16.1,70,1021.0,14.8,211,0.0
2026-04-04 14:00:00,16.2,69,1020.8,12.2,197,0.0
2026-04-04 15:00:00,16.5,66,1020.7,9.1,188,0.0
2026-04-04 16:00:00,16.2,67,1021.1,8.5,175,0.0
2026-04-04 17:00:00,15.1,69,1021.5,8.3,174,0.0
2026-04-04 18:00:00,13.4,78,1022.5,11.7,200,0.0
2026-04-04 19:00:00,13.0,80,1023.1,9.9,199,0.0
2026-04-04 20:00:00,13.0,80,1023.7,6.8,198,0.0
2026-04-04 21:00:00,12.9,81,1024.4,3.9,193,0.0
2026-04-04 22:00:00,12.8,81,1024.5,1.6,90,0.1
2026-04-04 23:00:00,12.7,84,1024.9,1.0,22,0.0
2026-04-05 00:00:00,12.8,83,1025.6,1.9,17,0.0
2026-04-05 01:00:00,12.7,84,1025.5,1.8,66,0.0
2026-04-05 02:00:00,12.7,83,1025.9,1.0,59,0.0
2026-04-05 03:00:00,12.4,86,1025.8,2.2,114,0.0
2026-04-05 04:00:00,11.5,90,1025.9,2.1,121,0.0
2026-04-05 05:00:00,11.9,88,1026.2,3.3,96,0.0
2026-04-05 06:00:00,11.8,87,1026.8,7.1,105,0.1
2026-04-05 07:00:00,11.7,87,1027.4,6.9,107,0.2
2026-04-05 08:00:00,12.0,86,1028.1,7.8,112,0.3
2026-04-05 09:00:00,12.3,84,1028.6,10.4,105,0.2
2026-04-05 10:00:00,12.9,79,1029.1,13.5,99,0.1
2026-04-05 11:00:00,13.1,76,1029.0,14.8,96,0.0
2026-04-05 12:00:00,13.4,75,1029.3,11.0,93,0.0
2026-04-05 13:00:00,13.6,75,1028.9,12.6,87,0.1
2026-04-05 14:00:00,13.9,74,1028.5,13.5,86,0.0
2026-04-05 15:00:00,14.2,73,1028.5,13.7,86,0.0
2026-04-05 16:00:00,14.1,73,1028.3,13.3,82,0.0
2026-04-05 17:00:00,13.7,74,1028.4,13.8,84,0.0
2026-04-05 18:00:00,13.2,76,1028.4,13.0,91,0.0
2026-04-05 19:00:00,13.0,79,1028.9,11.6,95,0.0
2026-04-05 20:00:00,12.8,80,1029.3,11.5,100,0.0
2026-04-05 21:00:00,12.8,79,1029.3,11.2,102,0.0
2026-04-05 22:00:00,12.7,80,1029.5,11.4,103,0.0
2026-04-05 23:00:00,12.7,81,1029.3,11.0,96,0.0
2026-04-06 00:00:00,12.6,81,1029.0,9.6,104,0.0
2026-04-06 01:00:00,12.4,82,1028.6,9.7,106,0.0
2026-04-06 02:00:00,12.3,84,1028.4,10.1,110,0.0
2026-04-06 03:00:00,12.1,86,1028.0,9.1,111,0.0
2026-04-06 04:00:00,12.1,88,1027.4,7.9,117,0.0
2026-04-06 05:00:00,12.0,89,1027.0,6.3,127,0.0
2026-04-06 06:00:00,11.6,90,1026.9,5.3,128,0.0
2026-04-06 07:00:00,11.6,90,1026.6,3.9,143,0.0
2026-04-06 08:00:00,12.3,87,1026.6,3.6,147,0.0
2026-04-06 09:00:00,13.4,82,1026.7,4.9,107,0.0
2026-04-06 10:00:00,14.0,81,1026.5,10.3,74,0.2
2026-04-06 11:00:00,14.4,80,1026.4,13.8,68,0.4
2026-04-06 12:00:00,15.0,76,1026.2,11.6,74,0.1
2026-04-06 13:00:00,15.2,75,1025.7,14.0,77,0.0
2026-04-06 14:00:00,14.7,80,1025.4,15.3,81,0.0
2026-04-06 15:00:00,14.4,82,1024.9,14.9,91,0.1
2026-04-06 16:00:00,14.2,83,1024.3,15.1,92,0.1
2026-04-06 17:00:00,14.0,85,1024.1,14.0,99,0.4
2026-04-06 18:00:00,13.7,94,1024.1,20.8,74,1.1
2026-04-06 19:00:00,13.8,94,1024.1,17.7,67,0.1
2026-04-06 20:00:00,13.8,92,1024.0,18.4,68,0.0
2026-04-06 21:00:00,13.9,91,1023.8,22.0,64,0.1
2026-04-06 22:00:00,14.0,90,1023.5,22.5,63,0.1
2026-04-06 23:00:00,14.0,92,1023.1,20.7,67,0.2
2026-04-07 00:00:00,14.5,94,1022.8,23.2,61,0.1
2026-04-07 01:00:00,14.6,94,1022.5,27.4,54,0.6
2026-04-07 02:00:00,14.6,94,1022.2,27.9,52,0.8
2026-04-07 03:00:00,14.4,94,1021.7,27.1,50,0.6
2026-04-07 04:00:00,14.4,94,1020.9,26.1,55,0.2
2026-04-07 05:00:00,14.3,95,1020.7,27.5,56,0.4
2026-04-07 06:00:00,14.7,93,1020.6,26.9,62,0.6
2026-04-07 07:00:00,14.8,91,1020.3,25.8,60,0.1
2026-04-07 08:00:00,15.0,90,1020.3,26.3,60,0.1
2026-04-07 09:00:00,15.3,86,1020.3,29.9,59,0.4
2026-04-07 10:00:00,15.5,87,1020.1,29.0,60,1.1
2026-04-07 11:00:00,15.4,88,1020.0,29.3,60,0.7
2026-04-07 12:00:00,16.2,83,1019.0,30.0,63,0.4
2026-04-07 13:00:00,15.8,86,1018.1,27.4,60,0.0
2026-04-07 14:00:00,15.9,84,1017.3,27.7,54,0.1
2026-04-07 15:00:00,15.7,86,1016.8,27.7,56,0.0
2026-04-07 16:00:00,15.5,88,1016.5,26.2,54,0.0
2026-04-07 17:00:00,15.6,87,1015.9,25.3,60,0.1
2026-04-07 18:00:00,15.3,88,1015.4,19.7,69,0.0
2026-04-07 19:00:00,15.2,89,1015.1,20.2,67,0.0
2026-04-07 20:00:00,15.3,88,1014.7,22.5,58,0.0
2026-04-07 21:00:00,15.3,88,1014.2,24.9,56,0.0
2026-04-07 22:00:00,15.2,88,1013.7,25.8,50,0.0
2026-04-07 23:00:00,15.1,88,1013.3,26.2,47,0.0
2026-04-08 00:00:00,15.0,90,1011.9,22.1,61,0.0
2026-04-08 01:00:00,15.1,89,1011.3,23.9,50,0.0
2026-04-08 02:00:00,14.9,89,1010.9,25.2,51,0.1
2026-04-08 03:00:00,14.7,91,1010.0,20.6,56,0.0
2026-04-08 04:00:00,14.4,92,1009.6,20.0,59,0.0
2026-04-08 05:00:00,14.3,92,1009.2,19.8,51,0.0
2026-04-08 06:00:00,14.4,93,1008.1,18.6,62,0.0
2026-04-08 07:00:00,14.5,90,1008.0,19.3,53,0.0
2026-04-08 08:00:00,15.3,85,1008.0,21.2,42,0.0
2026-04-08 09:00:00,15.8,86,1007.8,16.6,49,0.0
2026-04-08 10:00:00,17.5,79,1008.2,11.8,50,0.0
2026-04-08 11:00:00,20.0,65,1008.2,13.1,9,0.0
2026-04-08 12:00:00,18.9,77,1007.2,12.7,61,0.0
2026-04-08 13:00:00,21.2,70,1006.2,13.2,44,0.0
2026-04-08 14:00:00,22.9,50,1005.5,14.2,353,0.0
2026-04-08 15:00:00,23.1,46,1005.6,13.2,336,0.0
2026-04-08 16:00:00,22.5,51,1005.8,13.0,334,0.0
2026-04-08 17:00:00,20.9,61,1006.3,12.6,334,0.0
2026-04-08 18:00:00,19.5,67,1006.0,10.6,349,0.0
2026-04-08 19:00:00,18.3,70,1006.6,12.2,341,0.0
2026-04-08 20:00:00,17.4,71,1007.2,11.2,332,0.0
2026-04-08 21:00:00,16.9,73,1007.6,9.8,334,0.0
2026-04-08 22:00:00,16.5,74,1007.9,10.1,349,0.0
2026-04-08 23:00:00,16.5,75,1008.1,10.3,348,0.0
2026-04-09 00:00:00,16.1,75,1007.7,6.6,347,0.0
2026-04-09 01:00:00,15.9,77,1007.7,7.1,341,0.0
2026-04-09 02:00:00,16.0,77,1008.0,8.5,332,0.0
2026-04-09 03:00:00,15.6,78,1008.1,9.2,320,0.0
2026-04-09 04:00:00,14.9,81,1008.2,7.1,315,0.0
2026-04-09 05:00:00,13.8,85,1008.5,5.9,320,0.0
2026-04-09 06:00:00,14.2,80,1008.1,4.2,348,0.0
2026-04-09 07:00:00,14.0,82,1008.0,4.9,356,0.0
2026-04-09 08:00:00,15.6,79,1008.6,5.4,2,0.0
2026-04-09 09:00:00,17.6,75,1008.9,6.2,353,0.0
2026-04-09 10:00:00,20.2,70,1009.4,10.1,321,0.0
2026-04-09 11:00:00,22.0,52,1009.5,19.7,315,0.0
2026-04-09 12:00:00,23.1,46,1008.8,18.8,314,0.0
2026-04-09 13:00:00,23.3,43,1008.5,18.9,310,0.0
2026-04-09 14:00:00,23.3,41,1008.3,17.8,306,0.0
2026-04-09 15:00:00,23.3,37,1008.5,18.3,296,0.0
2026-04-09 16:00:00,22.5,41,1009.0,15.4,256,0.0
2026-04-09 17:00:00,19.7,61,1009.7,12.4,210,0.0
2026-04-09 18:00:00,18.2,70,1009.9,4.8,243,0.0
2026-04-09 19:00:00,16.6,77,1010.7,6.2,263,0.0
2026-04-09 20:00:00,15.6,82,1011.6,10.0,261,0.0
2026-04-09 21:00:00,15.2,79,1012.5,11.0,244,0.0
2026-04-09 22:00:00,14.8,70,1013.4,9.8,242,0.0
2026-04-09 23:00:00,14.2,67,1014.4,10.8,237,0.0
2026-04-10 00:00:00,13.6,63,1014.8,11.9,231,0.0
2026-04-10 01:00:00,13.1,64,1015.6,13.7,220,0.0
2026-04-10 02:00:00,12.5,66,1016.0,12.5,235,0.0
2026-04-10 03:00:00,11.3,73,1016.4,12.9,235,0.0
2026-04-10 04:00:00,10.2,86,1017.1,9.6,203,0.0
2026-04-10 05:00:00,9.8,89,1018.1,3.9,227,0.0
2026-04-10 06:00:00,9.7,97,1019.0,5.3,278,0.0
2026-04-10 07:00:00,10.2,99,1019.4,6.2,213,0.0
2026-04-10 08:00:00,11.1,96,1019.9,5.6,178,0.0
2026-04-10 09:00:00,13.1,89,1020.7,2.1,165,0.0
2026-04-10 10:00:00,15.2,79,1021.1,4.6,48,0.0
2026-04-10 11:00:00,16.2,73,1021.2,12.4,57,0.1
2026-04-10 12:00:00,15.7,68,1020.9,11.9,60,0.0
2026-04-10 13:00:00,16.2,65,1020.6,14.0,64,0.0
2026-04-10 14:00:00,16.1,67,1019.7,14.9,75,0.0
2026-04-10 15:00:00,15.8,70,1019.4,16.6,72,0.0
2026-04-10 16:00:00,15.2,74,1019.3,18.2,72,0.0
2026-04-10 17:00:00,14.5,76,1019.1,19.1,76,0.0
2026-04-10 18:00:00,13.5,82,1019.2,17.6,79,0.0
2026-04-10 19:00:00,13.1,84,1019.3,17.0,75,0.0
2026-04-10 20:00:00,13.0,86,1019.8,17.1,71,0.0
2026-04-10 21:00:00,12.9,87,1019.9,17.6,67,0.0
2026-04-10 22:00:00,13.1,86,1019.7,18.6,62,0.0
2026-04-10 23:00:00,13.2,87,1019.3,19.2,62,0.0
2026-04-11 00:00:00,13.1,88,1018.7,19.7,66,0.0
2026-04-11 01:00:00,13.2,89,1018.3,20.5,65,0.0
2026-04-11 02:00:00,13.1,91,1018.0,20.1,63,0.0
2026-04-11 03:00:00,13.1,92,1017.2,20.1,59,0.0
2026-04-11 04:00:00,13.2,93,1016.4,20.6,61,0.0
2026-04-11 05:00:00,13.4,93,1015.9,22.8,55,0.0
2026-04-11 06:00:00,13.6,92,1016.0,23.1,56,0.0
2026-04-11 07:00:00,13.6,93,1015.4,23.2,59,0.0
2026-04-11 08:00:00,14.0,90,1015.1,24.2,57,0.0
2026-04-11 09:00:00,14.6,86,1014.9,25.9,56,0.0
2026-04-11 10:00:00,15.1,83,1015.0,23.2,59,0.0
2026-04-11 11:00:00,15.7,78,1014.7,21.9,63,0.0
2026-04-11 12:00:00,16.5,77,1013.5,22.1,68,0.0
2026-04-11 13:00:00,16.9,76,1012.6,21.8,75,0.0
2026-04-11 14:00:00,17.0,74,1011.6,19.7,76,0.0
2026-04-11 15:00:00,16.8,76,1010.9,19.8,78,0.0
2026-04-11 16:00:00,16.4,77,1010.5,20.3,73,0.0
2026-04-11 17:00:00,15.6,81,1010.1,18.9,71,0.0
2026-04-11 18:00:00,15.1,83,1009.9,21.6,68,0.0
2026-04-11 19:00:00,14.9,87,1009.7,21.4,72,0.0
2026-04-11 20:00:00,15.0,90,1008.9,22.9,74,0.0
2026-04-11 21:00:00,15.0,92,1008.4,24.8,67,0.0
2026-04-11 22:00:00,15.0,94,1007.8,25.1,64,0.0
2026-04-11 23:00:00,14.9,93,1006.9,26.0,59,0.0
2026-04-12 00:00:00,14.7,94,1006.3,25.2,54,0.0
2026-04-12 01:00:00,14.3,95,1005.8,17.8,44,0.0
2026-04-12 02:00:00,13.8,93,1005.0,11.1,51,0.0
2026-04-12 03:00:00,14.0,88,1004.2,11.6,64,0.0
2026-04-12 04:00:00,14.0,86,1003.9,13.0,44,0.0
2026-04-12 05:00:00,14.6,76,1003.8,13.1,60,0.0
2026-04-12 06:00:00,14.2,86,1003.5,11.2,85,0.0
2026-04-12 07:00:00,14.3,92,1002.9,6.1,93,0.0
2026-04-12 08:00:00,14.8,91,1002.8,8.4,105,0.0
2026-04-12 09:00:00,15.5,91,1003.1,14.9,88,0.0
2026-04-12 10:00:00,15.7,91,1002.7,16.5,70,0.0
2026-04-12 11:00:00,15.6,87,1002.0,11.4,53,0.5
2026-04-12 12:00:00,16.5,89,1000.1,13.9,91,1.1
2026-04-12 13:00:00,15.9,95,999.6,20.3,75,0.5
2026-04-12 14:00:00,15.7,99,998.1,16.4,60,2.1
2026-04-12 15:00:00,15.7,99,997.1,16.1,83,1.3
2026-04-12 16:00:00,15.9,98,995.9,13.3,88,0.5
2026-04-12 17:00:00,16.0,98,994.8,8.7,94,0.3
2026-04-12 18:00:00,16.0,98,994.3,6.3,103,0.1
2026-04-12 19:00:00,15.8,98,993.7,2.4,216,0.0
2026-04-12 20:00:00,15.8,98,993.0,8.5,235,0.0
2026-04-12 21:00:00,15.3,100,992.5,12.4,239,0.0
2026-04-12 22:00:00,15.1,99,991.9,16.0,243,0.0
2026-04-12 23:00:00,14.7,98,991.9,19.7,234,0.0
2026-04-13 00:00:00,14.3,99,991.9,18.2,245,0.0
2026-04-13 01:00:00,13.8,98,992.2,20.2,243,0.0
2026-04-13 02:00:00,13.4,99,992.6,20.6,246,0.0
2026-04-13 03:00:00,13.4,99,993.0,19.6,251,0.0
2026-04-13 04:00:00,13.4,98,993.3,18.6,247,0.0
2026-04-13 05:00:00,12.3,95,994.2,15.5,247,0.0
2026-04-13 06:00:00,11.6,95,994.4,12.1,232,0.0
2026-04-13 07:00:00,11.0,94,994.7,7.7,221,0.0
2026-04-13 08:00:00,11.7,93,995.3,6.6,303,0.0
2026-04-13 09:00:00,12.8,89,995.3,5.0,215,0.0
2026-04-13 10:00:00,14.7,83,995.0,2.7,233,0.0
2026-04-13 11:00:00,16.2,73,995.0,2.4,9,0.0
2026-04-13 12:00:00,17.4,72,994.3,8.7,43,0.0
2026-04-13 13:00:00,17.1,75,994.0,13.9,86,0.0
2026-04-13 14:00:00,15.7,82,993.6,15.9,105,0.0
2026-04-13 15:00:00,16.7,79,993.4,9.2,94,0.0
2026-04-13 16:00:00,17.4,64,992.9,16.2,3,0.0
2026-04-13 17:00:00,16.9,62,993.2,13.9,356,0.0
2026-04-13 18:00:00,16.3,67,992.9,10.5,340,0.0
2026-04-13 19:00:00,14.7,74,993.3,7.5,350,0.0
2026-04-13 20:00:00,14.5,71,993.5,13.4,334,0.0
2026-04-13 21:00:00,14.2,69,993.9,16.3,331,0.0
2026-04-13 22:00:00,13.6,73,994.1,12.3,331,0.0
2026-04-13 23:00:00,12.9,77,993.8,10.9,331,0.0
2026-04-14 00:00:00,12.6,71,994.0,12.5,325,0.0
2026-04-14 01:00:00,11.9,75,994.2,6.6,292,0.0
2026-04-14 02:00:00,11.0,80,994.3,3.4,328,0.0
2026-04-14 03:00:00,10.6,83,994.2,5.8,20,0.0
2026-04-14 04:00:00,10.4,85,994.2,4.2,47,0.0
2026-04-14 05:00:00,10.2,82,994.5,6.0,61,0.0
2026-04-14 06:00:00,11.7,73,994.6,12.6,11,0.0
2026-04-14 07:00:00,10.8,79,994.8,10.6,349,0.0
2026-04-14 08:00:00,11.2,69,995.3,13.6,328,0.0
2026-04-14 09:00:00,13.8,56,995.8,14.7,319,0.0
2026-04-14 10:00:00,14.9,51,995.8,15.2,330,0.0
2026-04-14 11:00:00,15.8,49,995.5,10.2,342,0.0
2026-04-14 12:00:00,17.0,47,994.7,17.3,356,0.0
2026-04-14 13:00:00,18.0,43,994.1,15.0,328,0.0
2026-04-14 14:00:00,18.3,42,993.7,14.6,321,0.0
2026-04-14 15:00:00,18.0,41,993.3,16.4,318,0.0
2026-04-14 16:00:00,17.4,42,993.1,16.7,318,0.0
2026-04-14 17:00:00,16.4,46,993.2,13.3,318,0.0
2026-04-14 18:00:00,15.2,56,993.2,13.6,353,0.0
2026-04-14 19:00:00,13.9,61,993.3,12.5,352,0.0
2026-04-14 20:00:00,13.2,60,993.3,12.6,335,0.0
2026-04-14 21:00:00,12.0,65,993.3,8.8,327,0.0
2026-04-14 22:00:00,10.9,71,993.4,5.4,300,0.0
2026-04-14 23:00:00,10.4,73,993.4,4.3,246,0.0
2026-04-15 00:00:00,9.7,72,993.8,4.8,233,0.0
2026-04-15 01:00:00,9.3,71,993.7,7.7,239,0.0
2026-04-15 02:00:00,8.5,74,994.2,11.3,236,0.0
2026-04-15 03:00:00,8.4,73,994.7,11.5,229,0.0
2026-04-15 04:00:00,8.3,76,995.0,12.5,226,0.0
2026-04-15 05:00:00,8.4,87,995.6,12.8,236,0.0
2026-04-15 06:00:00,8.3,89,996.5,17.2,239,0.0
2026-04-15 07:00:00,8.3,88,997.2,14.5,235,0.0
2026-04-15 08:00:00,9.2,84,997.7,13.3,240,0.0
2026-04-15 09:00:00,11.1,77,998.2,9.7,243,0.0
2026-04-15 10:00:00,13.3,70,998.0,8.3,252,0.0
2026-04-15 11:00:00,14.8,63,997.9,5.1,247,0.0
2026-04-15 12:00:00,16.1,51,997.2,3.1,270,0.0
2026-04-15 13:00:00,17.0,48,996.6,2.8,27,0.0
2026-04-15 14:00:00,16.7,54,996.0,11.5,46,0.0
2026-04-15 15:00:00,16.2,54,995.5,12.9,69,0.0
2026-04-15 16:00:00,15.2,57,994.8,14.4,82,0.0
2026-04-15 17:00:00,14.2,73,994.4,13.5,59,0.0
2026-04-15 18:00:00,13.3,77,993.3,15.6,83,0.0
2026-04-15 19:00:00,12.6,84,992.5,5.3,52,0.0
2026-04-15 20:00:00,13.6,70,991.7,16.0,15,0.0
2026-04-15 21:00:00,13.4,70,991.7,13.4,7,0.0
2026-04-15 22:00:00,13.1,76,990.6,11.0,15,0.8
2026-04-15 23:00:00,12.7,80,990.8,6.5,346,0.0
2026-04-16 00:00:00,11.4,85,990.9,5.3,336,0.0
2026-04-16 01:00:00,10.0,89,991.3,10.4,210,0.0
2026-04-16 02:00:00,10.2,80,991.5,14.1,265,0.0
2026-04-16 03:00:00,10.4,62,992.2,13.8,244,0.0
2026-04-16 04:00:00,9.7,61,992.8,13.6,233,0.0
2026-04-16 05:00:00,8.8,68,993.4,10.6,227,0.0
2026-04-16 06:00:00,8.4,69,993.9,10.4,242,0.0
2026-04-16 07:00:00,8.5,65,995.0,11.6,228,0.0
2026-04-16 08:00:00,9.2,61,995.7,11.2,233,0.0
2026-04-16 09:00:00,11.5,57,996.5,11.0,259,0.0
2026-04-16 10:00:00,13.5,50,996.9,12.7,277,0.0
2026-04-16 11:00:00,15.7,40,996.8,17.9,285,0.0
2026-04-16 12:00:00,17.1,28,996.6,14.0,288,0.0
2026-04-16 13:00:00,17.7,29,996.6,18.7,268,0.0
2026-04-16 14:00:00,17.1,28,996.6,21.1,261,0.0
2026-04-16 15:00:00,17.7,29,996.8,20.4,273,0.0
2026-04-16 16:00:00,15.5,32,998.1,21.1,257,0.0
2026-04-16 17:00:00,15.2,37,999.0,14.6,238,0.0
2026-04-16 18:00:00,14.3,40,999.7,11.6,254,0.0
2026-04-16 19:00:00,12.9,51,1000.8,6.9,227,0.0
2026-04-16 20:00:00,10.7,65,1002.4,4.0,288,0.0
2026-04-16 21:00:00,10.0,69,1003.3,4.7,254,0.0
2026-04-16 22:00:00,9.6,72,1003.9,2.5,201,0.0
2026-04-16 23:00:00,9.3,71,1004.3,1.4,270,0.0
2026-04-17 00:00:00,8.6,72,1004.9,0.2,180,0.0
2026-04-17 01:00:00,8.0,73,1005.2,0.6,236,0.0
2026-04-17 02:00:00,7.3,76,1005.6,1.4,247,0.0
2026-04-17 03:00:00,6.8,76,1005.5,0.9,259,0.0
2026-04-17 04:00:00,6.6,76,1005.1,1.5,97,0.0
2026-04-17 05:00:00,6.7,78,1005.0,1.8,90,0.0
2026-04-17 06:00:00,9.5,80,1005.4,10.1,71,0.0
2026-04-17 07:00:00,10.0,79,1005.6,12.5,79,0.0
2026-04-17 08:00:00,10.6,78,1005.5,9.4,58,0.0
2026-04-17 09:00:00,12.3,72,1005.4,7.6,36,0.0
2026-04-17 10:00:00,13.3,65,1004.8,7.8,46,0.0
2026-04-17 11:00:00,15.3,62,1003.8,8.2,54,0.0
2026-04-17 12:00:00,17.6,53,1002.4,18.5,15,0.0
2026-04-17 13:00:00,18.5,51,1001.1,18.2,31,0.0
2026-04-17 14:00:00,19.1,50,999.9,18.5,24,0.0
2026-04-17 15:00:00,19.3,46,999.0,21.7,10,0.0
2026-04-17 16:00:00,18.2,52,998.2,25.0,21,0.0
2026-04-17 17:00:00,17.4,56,997.2,27.0,24,0.0
2026-04-17 18:00:00,17.3,59,996.8,23.7,17,0.0
2026-04-17 19:00:00,16.9,62,996.6,23.1,26,0.0
2026-04-17 20:00:00,16.5,64,996.3,20.6,26,0.0
2026-04-17 21:00:00,16.0,67,996.1,19.7,28,0.1
2026-04-17 22:00:00,15.3,72,996.2,19.6,24,0.3
2026-04-17 23:00:00,14.1,84,996.1,15.5,27,1.1
2026-04-18 00:00:00,15.5,71,994.4,18.6,19,0.3
2026-04-18 01:00:00,14.8,76,993.9,13.5,33,0.0
2026-04-18 02:00:00,14.5,81,993.9,11.3,42,0.0
2026-04-18 03:00:00,14.8,81,993.5,14.8,48,0.1
2026-04-18 04:00:00,14.4,84,993.2,14.0,52,0.2
2026-04-18 05:00:00,14.5,83,993.1,16.5,44,0.2
2026-04-18 06:00:00,15.7,73,992.6,18.0,12,0.2
2026-04-18 07:00:00,15.2,75,992.0,10.1,25,0.0
2026-04-18 08:00:00,15.2,76,992.3,9.4,42,0.0
2026-04-18 09:00:00,16.1,72,993.0,13.9,38,0.0
2026-04-18 10:00:00,16.6,71,993.6,13.0,17,0.0
2026-04-18 11:00:00,18.0,66,994.3,7.3,350,0.0
2026-04-18 12:00:00,19.3,59,993.8,11.7,4,0.0
2026-04-18 13:00:00,18.9,55,993.5,16.7,1,0.0
2026-04-18 14:00:00,19.0,55,993.2,11.8,352,0.0
2026-04-18 15:00:00,18.3,58,992.9,9.2,348,0.0
2026-04-18 16:00:00,17.7,60,993.0,10.1,359,0.0
2026-04-18 17:00:00,16.9,65,993.2,9.0,354,0.0
2026-04-18 18:00:00,15.5,71,993.0,4.1,322,0.0
2026-04-18 19:00:00,15.2,68,993.7,8.6,352,0.0
2026-04-18 20:00:00,14.4,66,994.5,9.8,340,0.0
2026-04-18 21:00:00,14.0,64,994.9,8.3,318,0.0
2026-04-18 22:00:00,13.2,65,995.4,6.4,320,0.0
2026-04-18 23:00:00,11.7,72,995.7,5.2,304,0.0
2026-04-19 00:00:00,10.9,69,996.2,6.2,278,0.0
2026-04-19 01:00:00,10.9,66,996.6,5.6,248,0.0
2026-04-19 02:00:00,10.8,66,997.0,10.2,239,0.0
2026-04-19 03:00:00,9.5,74,997.6,6.9,275,0.0
2026-04-19 04:00:00,9.3,78,997.1,6.9,219,0.0
2026-04-19 05:00:00,9.2,85,997.7,8.7,265,0.3
2026-04-19 06:00:00,8.8,85,997.3,7.3,280,0.2
2026-04-19 07:00:00,9.1,87,997.6,10.1,229,0.0
2026-04-19 08:00:00,9.6,86,998.4,8.8,208,0.0
2026-04-19 09:00:00,11.3,79,999.1,9.3,221,0.0
2026-04-19 10:00:00,13.5,69,999.7,11.5,228,0.0
2026-04-19 11:00:00,14.9,63,999.9,12.7,226,0.0
2026-04-19 12:00:00,16.4,57,1000.3,12.6,229,0.0
2026-04-19 13:00:00,16.6,54,1000.7,15.3,236,0.3
2026-04-19 14:00:00,16.1,55,1000.1,17.6,211,0.0
2026-04-19 15:00:00,15.8,57,1000.9,16.5,214,0.0
2026-04-19 16:00:00,15.0,61,1001.5,17.9,214,0.0
2026-04-19 17:00:00,13.7,69,1002.1,17.3,222,0.0
2026-04-19 18:00:00,12.1,80,1003.0,17.7,221,0.0
2026-04-19 19:00:00,11.7,85,1003.3,17.8,228,0.0
2026-04-19 20:00:00,11.8,83,1003.3,18.2,224,0.0
2026-04-19 21:00:00,12.0,81,1003.7,16.9,220,0.0
2026-04-19 22:00:00,11.9,83,1004.4,14.6,212,0.0
2026-04-19 23:00:00,11.5,87,1004.6,16.0,211,0.2
2026-04-20 00:00:00,11.4,88,1005.2,13.3,201,0.0
2026-04-20 01:00:00,11.1,88,1006.2,11.4,196,0.9
2026-04-20 02:00:00,10.9,90,1006.6,12.2,193,1.2
2026-04-20 03:00:00,10.6,93,1006.8,11.6,185,0.8
2026-04-20 04:00:00,10.6,92,1006.9,12.9,188,1.2
2026-04-20 05:00:00,10.4,93,1007.3,14.5,187,0.7
2026-04-20 06:00:00,10.5,88,1008.3,15.2,197,0.2
2026-04-20 07:00:00,10.6,84,1009.0,14.2,188,0.1
2026-04-20 08:00:00,10.7,83,1009.7,14.4,183,0.1
2026-04-20 09:00:00,11.1,80,1010.6,15.3,181,0.1
2026-04-20 10:00:00,11.2,76,1011.9,16.5,173,0.1
2026-04-20 11:00:00,11.3,71,1012.9,17.8,168,0.1
2026-04-20 12:00:00,11.7,62,1013.3,20.2,177,0.0
2026-04-20 13:00:00,11.6,57,1013.1,21.5,185,0.0
2026-04-20 14:00:00,11.4,57,1013.8,19.5,182,0.0
2026-04-20 15:00:00,10.4,64,1014.4,18.2,178,0.0
2026-04-20 16:00:00,10.0,63,1014.3,18.9,182,0.0
2026-04-20 17:00:00,9.0,68,1014.7,18.1,174,0.0
2026-04-20 18:00:00,8.6,73,1014.7,16.6,182,0.0
2026-04-20 19:00:00,8.5,70,1015.7,12.1,176,0.0
2026-04-20 20:00:00,8.7,63,1016.6,15.2,163,0.0
2026-04-20 21:00:00,8.1,64,1017.4,12.2,178,0.0
2026-04-20 22:00:00,8.1,64,1017.9,14.5,168,0.0
2026-04-20 23:00:00,7.4,71,1018.2,13.1,205,0.0
2026-04-21 00:00:00,7.2,70,1018.1,12.9,172,0.0
2026-04-21 01:00:00,6.9,67,1018.3,11.7,184,0.0
2026-04-21 02:00:00,6.8,69,1018.4,8.6,196,0.0
2026-04-21 03:00:00,7.4,64,1018.4,11.6,185,0.0
2026-04-21 04:00:00,7.5,63,1018.5,13.3,183,0.0
2026-04-21 05:00:00,7.8,62,1018.6,13.8,189,0.0
2026-04-21 06:00:00,7.6,66,1019.0,13.9,180,0.0
2026-04-21 07:00:00,7.4,67,1019.4,15.8,168,0.0
2026-04-21 08:00:00,6.5,78,1019.8,14.9,197,0.1
2026-04-21 09:00:00,7.6,73,1020.4,17.4,198,0.0
2026-04-21 10:00:00,8.2,70,1020.8,17.1,201,0.1
2026-04-21 11:00:00,9.0,67,1021.0,19.4,187,0.0
2026-04-21 12:00:00,9.7,61,1020.5,20.9,182,0.0
2026-04-21 13:00:00,9.2,65,1020.5,18.4,200,0.1
2026-04-21 14:00:00,10.7,54,1019.9,21.1,183,0.0
2026-04-21 15:00:00,10.3,55,1020.0,21.5,184,0.0
2026-04-21 16:00:00,9.0,67,1020.3,20.7,187,0.0
2026-04-21 17:00:00,8.4,73,1020.5,17.9,198,0.0
2026-04-21 18:00:00,7.7,80,1021.0,17.0,203,0.0
2026-04-21 19:00:00,7.8,81,1021.2,14.9,191,0.1
2026-04-21 20:00:00,8.2,81,1021.6,14.6,196,0.1
2026-04-21 21:00:00,8.4,79,1021.6,14.6,196,0.1
2026-04-21 22:00:00,8.2,79,1021.6,13.7,199,0.0
2026-04-21 23:00:00,8.4,72,1021.5,14.7,188,0.0
2026-04-22 00:00:00,8.2,71,1021.8,16.2,188,0.0
2026-04-22 01:00:00,7.8,73,1022.3,16.0,187,0.0
2026-04-22 02:00:00,7.9,69,1022.6,14.5,197,0.0
2026-04-22 03:00:00,7.9,67,1023.1,15.3,184,0.0
2026-04-22 04:00:00,8.2,66,1023.1,14.3,198,0.0
2026-04-22 05:00:00,8.0,72,1023.7,14.6,196,0.0
2026-04-22 06:00:00,7.4,78,1023.5,14.4,206,0.0
2026-04-22 07:00:00,7.4,79,1023.4,13.3,212,0.0
2026-04-22 08:00:00,8.1,73,1023.6,13.9,210,0.0
2026-04-22 09:00:00,8.6,75,1024.4,15.3,205,0.1
2026-04-22 10:00:00,9.7,67,1024.9,21.7,198,0.0
2026-04-22 11:00:00,9.7,68,1025.1,23.7,197,0.0
2026-04-22 12:00:00,9.3,75,1024.8,19.0,213,0.1
2026-04-22 13:00:00,9.4,76,1024.4,20.4,213,0.3
2026-04-22 14:00:00,9.3,77,1024.5,18.8,209,0.2
2026-04-22 15:00:00,9.6,76,1024.2,16.9,220,0.1
2026-04-22 16:00:00,10.8,63,1024.0,16.3,208,0.0
2026-04-22 17:00:00,10.5,64,1024.2,15.0,213,0.0
2026-04-22 18:00:00,9.5,72,1024.5,14.8,239,0.0
2026-04-22 19:00:00,9.4,72,1024.9,14.1,236,0.0
2026-04-22 20:00:00,9.4,73,1025.1,14.9,236,0.0
2026-04-22 21:00:00,9.5,73,1025.2,15.2,241,0.0
2026-04-22 22:00:00,9.4,74,1025.5,14.7,245,0.0
2026-04-22 23:00:00,9.0,78,1025.7,13.5,245,0.2
2026-04-23 00:00:00,8.7,85,1025.3,10.5,233,0.3
2026-04-23 01:00:00,8.4,84,1025.6,10.6,244,0.1
2026-04-23 02:00:00,8.0,81,1025.5,11.5,259,0.0
2026-04-23 03:00:00,7.5,78,1025.4,11.7,249,0.0
2026-04-23 04:00:00,7.2,77,1025.1,12.1,240,0.0
2026-04-23 05:00:00,6.7,77,1025.4,10.9,237,0.0
2026-04-23 06:00:00,5.4,81,1025.7,9.7,246,0.0
2026-04-23 07:00:00,5.1,80,1025.9,9.1,229,0.0
2026-04-23 08:00:00,5.8,78,1026.3,8.8,213,0.0
2026-04-23 09:00:00,7.5,74,1026.8,6.8,217,0.0
2026-04-23 10:00:00,9.7,67,1026.8,6.8,233,0.0
2026-04-23 11:00:00,11.5,65,1026.7,6.1,236,0.0
2026-04-23 12:00:00,12.8,56,1026.2,3.4,286,0.0
2026-04-23 13:00:00,13.5,52,1025.5,2.9,313,0.0
2026-04-23 14:00:00,14.0,51,1025.0,2.6,335,0.0
2026-04-23 15:00:00,13.9,52,1024.7,4.5,14,0.0
2026-04-23 16:00:00,13.3,58,1024.9,7.7,24,0.0
2026-04-23 17:00:00,12.1,65,1025.1,7.9,27,0.0
2026-04-23 18:00:00,10.5,77,1025.2,4.1,45,0.0
2026-04-23 19:00:00,10.4,75,1025.7,4.5,88,0.0
2026-04-23 20:00:00,9.9,79,1026.1,6.0,95,0.0
2026-04-23 21:00:00,9.3,83,1026.2,5.1,100,0.0
2026-04-23 22:00:00,8.7,87,1026.6,4.8,105,0.0
2026-04-23 23:00:00,8.2,89,1026.8,4.6,103,0.0
2026-04-24 00:00:00,7.4,91,1026.8,3.6,120,0.0
2026-04-24 01:00:00,6.9,93,1026.9,3.3,139,0.0
2026-04-24 02:00:00,6.4,94,1026.9,2.6,155,0.0
2026-04-24 03:00:00,5.8,94,1026.8,2.2,175,0.0
2026-04-24 04:00:00,5.5,91,1026.4,3.1,193,0.0
2026-04-24 05:00:00,5.0,90,1026.3,3.1,193,0.0
2026-04-24 06:00:00,5.0,89,1026.4,3.6,177,0.0
2026-04-24 07:00:00,5.0,88,1026.5,0.8,207,0.0
2026-04-24 08:00:00,5.6,87,1026.6,1.4,230,0.0
2026-04-24 09:00:00,8.0,86,1027.1,3.2,236,0.0
2026-04-24 10:00:00,10.4,82,1027.4,2.6,231,0.0
2026-04-24 11:00:00,12.2,75,1027.2,2.4,9,0.0
2026-04-24 12:00:00,13.5,68,1026.4,3.2,357,0.0
2026-04-24 13:00:00,14.3,66,1025.7,3.4,354,0.0
2026-04-24 14:00:00,14.7,66,1024.8,4.4,7,0.0
2026-04-24 15:00:00,14.6,67,1024.5,4.9,10,0.0
2026-04-24 16:00:00,14.0,70,1024.5,6.9,15,0.0
2026-04-24 17:00:00,12.5,74,1024.5,8.1,24,0.0
2026-04-24 18:00:00,10.6,84,1024.6,4.3,33,0.0
2026-04-24 19:00:00,10.3,86,1024.7,3.6,63,0.0
2026-04-24 20:00:00,10.0,88,1024.6,3.9,56,0.0
2026-04-24 21:00:00,9.7,89,1024.4,3.8,82,0.0
2026-04-24 22:00:00,10.0,87,1024.3,5.1,107,0.0
2026-04-24 23:00:00,10.2,83,1024.0,6.5,104,0.0
2026-04-25 00:00:00,10.0,82,1023.8,6.6,107,0.0
2026-04-25 01:00:00,10.0,79,1023.4,6.5,104,0.0
2026-04-25 02:00:00,9.5,80,1023.1,5.4,84,0.0
2026-04-25 03:00:00,9.3,84,1022.9,3.7,47,0.0
2026-04-25 04:00:00,8.8,92,1022.4,4.3,33,0.0
2026-04-25 05:00:00,8.1,99,1022.3,1.7,18,0.0
2026-04-25 06:00:00,7.4,100,1022.5,5.0,77,0.0
2026-04-25 07:00:00,6.7,100,1022.4,3.4,84,0.0
2026-04-25 08:00:00,7.2,100,1022.9,2.4,77,0.0
2026-04-25 09:00:00,8.9,99,1023.4,1.1,99,0.0
2026-04-25 10:00:00,10.1,95,1023.4,0.6,288,0.0
2026-04-25 11:00:00,12.3,82,1023.0,0.8,297,0.0
2026-04-25 12:00:00,15.1,63,1022.6,3.5,21,0.0
2026-04-25 13:00:00,16.1,62,1021.9,4.3,28,0.0
2026-04-25 14:00:00,16.6,63,1021.2,4.8,22,0.0
2026-04-25 15:00:00,16.9,64,1020.6,3.9,13,0.0
2026-04-25 16:00:00,16.8,67,1020.5,3.3,13,0.0
2026-04-25 17:00:00,15.3,78,1020.1,4.3,24,0.0
2026-04-25 18:00:00,13.5,83,1020.1,3.3,347,0.0
2026-04-25 19:00:00,13.2,82,1020.2,2.2,55,0.0
2026-04-25 20:00:00,13.0,81,1019.7,2.7,110,0.0
2026-04-25 21:00:00,12.9,78,1019.2,3.1,114,0.0
2026-04-25 22:00:00,13.0,73,1018.7,1.9,112,0.0
2026-04-25 23:00:00,13.0,71,1018.3,1.0,112,0.0
2026-04-26 00:00:00,13.1,70,1017.4,0.8,117,0.0
2026-04-26 01:00:00,13.1,69,1016.8,1.3,82,0.0
2026-04-26 02:00:00,12.3,72,1015.7,2.7,90,0.0
2026-04-26 03:00:00,12.1,71,1014.7,0.4,180,0.0
2026-04-26 04:00:00,11.5,72,1014.2,4.9,197,0.0
2026-04-26 05:00:00,12.6,66,1014.3,10.4,231,0.0
2026-04-26 06:00:00,12.5,66,1014.3,13.4,223,0.0
2026-04-26 07:00:00,12.4,65,1014.4,12.0,230,0.0
2026-04-26 08:00:00,12.7,65,1014.7,10.8,237,0.0
2026-04-26 09:00:00,14.2,63,1015.1,11.3,227,0.0
2026-04-26 10:00:00,16.1,57,1015.4,13.9,221,0.0
2026-04-26 11:00:00,17.7,51,1015.8,12.8,209,0.0
2026-04-26 12:00:00,18.4,48,1015.4,4.2,126,0.0
2026-04-26 13:00:00,17.0,62,1015.4,10.1,63,0.0
2026-04-26 14:00:00,15.0,76,1015.1,13.5,52,0.0
2026-04-26 15:00:00,13.9,76,1015.4,12.4,56,0.0
2026-04-26 16:00:00,13.3,80,1015.6,11.9,59,0.0
2026-04-26 17:00:00,12.7,86,1015.7,9.0,59,0.0
2026-04-26 18:00:00,13.1,86,1015.9,6.3,355,0.0
2026-04-26 19:00:00,12.4,91,1017.0,5.1,309,0.0
2026-04-26 20:00:00,12.2,92,1017.0,4.1,345,0.0
2026-04-26 21:00:00,11.3,95,1017.1,4.1,38,0.0
2026-04-26 22:00:00,11.9,91,1017.5,7.1,75,0.0
2026-04-26 23:00:00,11.8,91,1017.6,7.1,75,0.0
2026-04-27 00:00:00,12.1,88,1017.4,7.2,63,0.0
2026-04-27 01:00:00,12.2,88,1018.1,7.2,63,0.0
2026-04-27 02:00:00,12.2,88,1018.3,7.8,85,0.0
2026-04-27 03:00:00,12.2,89,1018.3,7.9,74,0.1
2026-04-27 04:00:00,12.0,91,1018.0,8.4,79,0.0
2026-04-27 05:00:00,11.3,93,1018.2,7.2,84,0.0
2026-04-27 06:00:00,11.6,93,1018.8,5.5,77,0.0
2026-04-27 07:00:00,11.2,93,1019.0,5.0,90,0.0
2026-04-27 08:00:00,11.3,94,1019.5,4.4,69,0.0
2026-04-27 09:00:00,12.4,89,1020.1,6.4,54,0.0
2026-04-27 10:00:00,13.4,84,1020.0,4.9,54,0.0
2026-04-27 11:00:00,14.6,77,1020.2,7.3,54,0.0
2026-04-27 12:00:00,15.9,70,1019.7,7.7,41,0.0
2026-04-27 13:00:00,16.4,66,1019.3,9.2,51,0.0
2026-04-27 14:00:00,16.1,66,1018.9,10.2,59,0.0
2026-04-27 15:00:00,15.9,67,1018.5,10.4,79,0.0
2026-04-27 16:00:00,15.2,70,1018.5,9.9,88,0.0
2026-04-27 17:00:00,14.2,77,1018.4,9.3,82,0.0
2026-04-27 18:00:00,13.3,83,1018.7,7.6,86,0.0
2026-04-27 19:00:00,13.1,84,1019.1,8.3,79,0.0
2026-04-27 20:00:00,12.9,84,1019.2,8.0,82,0.0
2026-04-27 21:00:00,12.9,83,1019.3,8.2,98,0.0
2026-04-27 22:00:00,12.5,84,1019.6,8.6,106,0.0
2026-04-27 23:00:00,12.3,84,1019.5,7.5,105,0.0
2026-04-28 00:00:00,11.8,85,1019.3,7.3,110,0.0
2026-04-28 01:00:00,11.5,86,1019.3,5.1,96,0.0
2026-04-28 02:00:00,11.0,87,1019.2,3.3,68,0.0
2026-04-28 03:00:00,10.5,91,1019.2,2.5,82,0.0
2026-04-28 04:00:00,9.9,94,1018.7,4.8,75,0.0
2026-04-28 05:00:00,9.4,98,1018.6,0.4,207,0.0
2026-04-28 06:00:00,9.4,90,1019.3,4.6,169,0.0
2026-04-28 07:00:00,9.6,82,1019.6,2.0,175,0.0
2026-04-28 08:00:00,10.0,79,1020.2,5.2,239,0.0
2026-04-28 09:00:00,11.9,74,1021.0,6.8,273,0.0
2026-04-28 10:00:00,14.4,68,1021.3,7.2,276,0.0
2026-04-28 11:00:00,17.6,56,1021.4,9.2,254,0.0
2026-04-28 12:00:00,19.7,50,1021.2,4.5,268,0.0
2026-04-28 13:00:00,21.0,43,1020.5,2.7,278,0.0
2026-04-28 14:00:00,21.0,42,1020.1,0.8,45,0.0
2026-04-28 15:00:00,19.8,54,1020.2,5.1,73,0.0
2026-04-28 16:00:00,17.7,67,1020.7,9.1,76,0.0
2026-04-28 17:00:00,15.3,76,1020.9,7.3,70,0.0
2026-04-28 18:00:00,13.6,81,1020.9,4.7,92,0.0
2026-04-28 19:00:00,13.1,87,1021.6,5.6,69,0.0
2026-04-28 20:00:00,12.9,91,1022.1,7.4,86,0.0
2026-04-28 21:00:00,12.0,92,1022.3,2.7,86,0.0
2026-04-28 22:00:00,11.4,93,1022.2,2.0,135,0.0
2026-04-28 23:00:00,11.2,90,1022.3,1.3,172,0.0
2026-04-29 00:00:00,10.1,93,1021.6,3.4,227,0.0
2026-04-29 01:00:00,10.1,91,1021.3,7.5,233,0.0
2026-04-29 02:00:00,9.9,88,1021.2,8.5,235,0.0
2026-04-29 03:00:00,10.3,83,1020.8,9.0,233,0.0
2026-04-29 04:00:00,10.6,81,1020.5,9.9,232,0.0
2026-04-29 05:00:00,10.8,80,1020.3,9.2,223,0.0
2026-04-29 06:00:00,9.2,84,1020.4,4.5,196,0.0
2026-04-29 07:00:00,8.9,84,1020.4,5.4,220,0.0
2026-04-29 08:00:00,9.6,84,1020.7,6.4,245,0.0
2026-04-29 09:00:00,11.8,77,1021.0,9.5,238,0.0
2026-04-29 10:00:00,14.8,66,1021.0,7.0,247,0.0
2026-04-29 11:00:00,17.1,58,1020.8,7.3,281,0.0
2026-04-29 12:00:00,18.8,53,1019.9,6.9,319,0.0
2026-04-29 13:00:00,19.0,55,1018.8,8.5,353,0.0
2026-04-29 14:00:00,19.1,54,1017.7,9.0,15,0.0
2026-04-29 15:00:00,18.6,54,1016.8,11.3,36,0.0
2026-04-29 16:00:00,18.1,62,1016.5,10.6,50,0.0
2026-04-29 17:00:00,17.9,67,1016.4,10.8,334,0.0
2026-04-29 18:00:00,17.3,61,1016.3,13.9,312,0.0
2026-04-29 19:00:00,16.8,58,1016.8,16.5,297,0.0
2026-04-29 20:00:00,16.1,59,1018.7,14.2,269,0.0
2026-04-29 21:00:00,16.1,55,1020.9,20.2,230,0.0
2026-04-29 22:00:00,12.8,69,1023.6,29.6,193,0.3
2026-04-29 23:00:00,12.9,68,1025.3,22.8,201,0.0
2026-04-30 00:00:00,12.2,71,1027.4,18.7,210,0.1
2026-04-30 01:00:00,12.1,70,1028.8,13.2,214,0.0
2026-04-30 02:00:00,11.9,71,1030.2,10.6,215,0.0
2026-04-30 03:00:00,11.8,69,1031.0,8.6,217,0.0
2026-04-30 04:00:00,11.4,71,1031.7,6.5,228,0.0
2026-04-30 05:00:00,11.2,73,1032.6,5.2,239,0.0
2026-04-30 06:00:00,10.7,66,1034.1,8.9,204,0.0
2026-04-30 07:00:00,10.0,67,1034.8,5.6,213,0.0
2026-04-30 08:00:00,10.2,68,1036.0,4.2,230,0.0
2026-04-30 09:00:00,11.7,60,1036.8,5.3,218,0.0
2026-04-30 10:00:00,12.7,53,1037.4,6.5,199,0.0
2026-04-30 11:00:00,13.5,49,1037.5,4.2,220,0.0
2026-04-30 12:00:00,13.8,45,1037.0,2.7,222,0.0
2026-04-30 13:00:00,14.6,43,1036.4,2.8,45,0.0
2026-04-30 14:00:00,14.5,45,1035.8,9.3,41,0.0
2026-04-30 15:00:00,13.7,50,1035.7,13.6,42,0.0
2026-04-30 16:00:00,13.1,51,1035.9,12.8,61,0.0
2026-04-30 17:00:00,12.4,55,1035.6,11.6,72,0.0
2026-04-30 18:00:00,11.3,64,1035.7,14.0,64,0.0
2026-04-30 19:00:00,11.3,64,1036.1,15.5,62,0.0
2026-04-30 20:00:00,11.2,66,1036.5,16.1,57,0.0
2026-04-30 21:00:00,11.1,68,1036.7,15.6,53,0.0
2026-04-30 22:00:00,11.0,72,1037.0,14.4,50,0.0
2026-04-30 23:00:00,10.8,75,1037.2,13.5,49,0.0
2026-05-01 00:00:00,10.6,77,1036.9,13.6,51,0.0
2026-05-01 01:00:00,10.3,80,1036.7,12.8,52,0.0
2026-05-01 02:00:00,10.3,81,1036.2,12.6,54,0.0
2026-05-01 03:00:00,10.4,83,1035.7,12.4,54,0.0
2026-05-01 04:00:00,10.2,85,1035.1,11.2,60,0.0
2026-05-01 05:00:00,9.9,87,1034.8,8.8,67,0.0
2026-05-01 06:00:00,9.6,87,1035.1,10.0,82,0.0
2026-05-01 07:00:00,9.7,86,1034.8,10.4,88,0.0
2026-05-01 08:00:00,10.1,88,1035.0,9.9,78,0.0
2026-05-01 09:00:00,11.6,80,1035.3,8.2,68,0.0
2026-05-01 10:00:00,12.6,74,1035.2,6.9,73,0.0
2026-05-01 11:00:00,14.0,67,1035.4,8.0,81,0.0
2026-05-01 12:00:00,15.2,64,1035.0,9.6,73,0.0
2026-05-01 13:00:00,15.6,63,1034.3,10.1,80,0.0
2026-05-01 14:00:00,15.6,63,1033.7,10.6,81,0.0
2026-05-01 15:00:00,15.3,64,1033.4,11.2,80,0.0
2026-05-01 16:00:00,14.4,70,1033.2,10.9,83,0.0
2026-05-01 17:00:00,13.0,79,1032.9,9.4,91,0.0
2026-05-01 18:00:00,11.5,91,1033.1,9.4,95,0.0
2026-05-01 19:00:00,11.2,93,1033.3,8.5,90,0.0
2026-05-01 20:00:00,10.9,93,1033.2,8.5,90,0.0
2026-05-01 21:00:00,10.5,94,1032.9,7.6,91,0.0
2026-05-01 22:00:00,10.2,95,1032.5,7.7,99,0.0
2026-05-01 23:00:00,9.3,98,1032.2,6.5,109,0.0
2026-05-02 00:00:00,9.2,94,1031.5,8.4,109,0.0
2026-05-02 01:00:00,8.1,91,1031.0,5.7,103,0.0
2026-05-02 02:00:00,8.1,89,1030.6,4.0,90,0.0
2026-05-02 03:00:00,8.2,91,1029.8,3.0,73,0.0
2026-05-02 04:00:00,8.0,96,1029.4,1.5,60,0.0
2026-05-02 05:00:00,7.0,100,1029.1,0.5,270,0.0
2026-05-02 06:00:00,6.7,100,1029.7,2.4,138,0.0
2026-05-02 07:00:00,6.0,99,1030.0,1.5,187,0.0
2026-05-02 08:00:00,6.7,91,1030.6,4.6,231,0.0
2026-05-02 09:00:00,8.0,87,1031.4,8.5,232,0.0
2026-05-02 10:00:00,9.7,79,1031.8,9.2,239,0.0
2026-05-02 11:00:00,12.6,68,1031.9,10.2,238,0.0
2026-05-02 12:00:00,15.2,57,1031.9,3.1,263,0.0
2026-05-02 13:00:00,16.4,54,1031.4,2.1,308,0.0
2026-05-02 14:00:00,17.0,52,1031.2,1.5,339,0.0
2026-05-02 15:00:00,16.6,54,1031.0,3.7,43,0.0
2026-05-02 16:00:00,15.1,60,1031.1,7.6,52,0.0
2026-05-02 17:00:00,13.2,70,1031.1,5.5,67,0.0
2026-05-02 18:00:00,10.7,85,1031.9,3.2,93,0.0
2026-05-02 19:00:00,10.3,87,1032.4,3.4,93,0.0
2026-05-02 20:00:00,9.9,90,1032.8,4.0,80,0.0
2026-05-02 21:00:00,9.5,93,1033.0,4.5,85,0.0
2026-05-02 22:00:00,9.3,95,1033.4,5.1,94,0.0
2026-05-02 23:00:00,9.2,96,1033.3,5.1,96,0.0
2026-05-03 00:00:00,9.5,95,1033.3,6.0,95,0.0
2026-05-03 01:00:00,9.8,91,1033.0,6.7,95,0.0
2026-05-03 02:00:00,9.3,90,1032.9,7.3,97,0.0
2026-05-03 03:00:00,9.7,86,1032.5,9.0,96,0.0
2026-05-03 04:00:00,9.8,86,1031.8,10.3,93,0.0
2026-05-03 05:00:00,9.9,89,1031.4,11.3,89,0.0
2026-05-03 06:00:00,9.5,92,1031.7,10.8,88,0.0
2026-05-03 07:00:00,8.8,95,1031.6,9.1,80,0.0
2026-05-03 08:00:00,9.5,93,1031.9,11.5,73,0.0
2026-05-03 09:00:00,11.6,87,1032.3,14.7,67,0.0
2026-05-03 10:00:00,12.8,77,1032.0,14.6,68,0.0
2026-05-03 11:00:00,13.8,68,1031.9,14.8,74,0.0
2026-05-03 12:00:00,14.6,70,1031.3,13.9,76,0.0
2026-05-03 13:00:00,15.0,68,1030.8,12.8,79,0.0
2026-05-03 14:00:00,15.0,70,1030.3,12.7,82,0.0
2026-05-03 15:00:00,14.6,74,1030.1,11.9,84,0.0
2026-05-03 16:00:00,13.9,77,1030.2,10.4,88,0.0
2026-05-03 17:00:00,12.8,83,1030.2,8.2,98,0.0
2026-05-03 18:00:00,11.4,90,1030.7,7.0,94,0.0
2026-05-03 19:00:00,11.0,93,1030.8,6.5,95,0.0
2026-05-03 20:00:00,10.7,93,1031.0,6.2,105,0.0
2026-05-03 21:00:00,10.5,94,1031.1,5.5,113,0.0
2026-05-03 22:00:00,9.8,96,1031.3,4.6,121,0.0
2026-05-03 23:00:00,8.9,97,1031.5,2.9,150,0.0
2026-05-04 00:00:00,8.0,98,1031.3,2.7,138,0.0
2026-05-04 01:00:00,6.3,100,1031.1,1.3,180,0.0
2026-05-04 02:00:00,5.0,98,1031.1,1.7,198,0.0
2026-05-04 03:00:00,4.7,93,1030.8,3.0,205,0.0
2026-05-04 04:00:00,5.2,90,1030.4,4.2,205,0.0
2026-05-04 05:00:00,6.2,88,1030.4,4.3,222,0.0
2026-05-04 06:00:00,6.1,89,1030.9,3.4,227,0.0
2026-05-04 07:00:00,6.1,99,1031.2,5.8,214,0.0
2026-05-04 08:00:00,6.6,98,1031.4,5.7,212,0.0
2026-05-04 09:00:00,8.1,96,1032.0,5.2,226,0.0
2026-05-04 10:00:00,9.8,86,1032.1,5.4,236,0.0
2026-05-04 11:00:00,11.7,75,1031.9,5.1,252,0.0
2026-05-04 12:00:00,13.4,70,1031.6,4.5,272,0.0
2026-05-04 13:00:00,14.6,65,1030.7,2.4,287,0.0
2026-05-04 14:00:00,15.0,64,1030.1,2.8,18,0.0
2026-05-04 15:00:00,14.4,69,1029.5,6.1,40,0.0
2026-05-04 16:00:00,13.1,77,1029.4,7.9,51,0.0
2026-05-04 17:00:00,11.3,86,1029.4,7.6,63,0.0
2026-05-04 18:00:00,9.5,94,1030.0,6.9,85,0.0
2026-05-04 19:00:00,9.2,97,1030.3,6.1,109,0.0
2026-05-04 20:00:00,8.9,98,1030.6,4.6,121,0.0
2026-05-04 21:00:00,9.1,97,1030.6,4.8,117,0.0
2026-05-04 22:00:00,9.0,97,1030.8,5.5,122,0.0
2026-05-04 23:00:00,8.5,97,1030.7,5.6,121,0.0
2026-05-05 00:00:00,8.0,97,1030.5,5.9,113,0.0
2026-05-05 01:00:00,7.7,97,1030.2,3.9,137,0.0
2026-05-05 02:00:00,6.8,97,1029.9,2.3,151,0.0
2026-05-05 03:00:00,6.3,96,1029.3,1.8,169,0.0
2026-05-05 04:00:00,6.1,94,1028.9,0.9,180,0.0
2026-05-05 05:00:00,5.8,93,1028.7,0.8,225,0.0
2026-05-05 06:00:00,6.6,90,1029.2,2.5,210,0.0
2026-05-05 07:00:00,6.6,89,1029.2,5.0,221,0.0
2026-05-05 08:00:00,6.5,89,1029.4,5.8,214,0.0
2026-05-05 09:00:00,8.1,84,1029.5,4.6,222,0.0
2026-05-05 10:00:00,9.5,83,1029.4,1.9,248,0.0
2026-05-05 11:00:00,10.9,79,1029.1,2.0,5,0.0
2026-05-05 12:00:00,11.7,74,1028.6,4.6,31,0.0
2026-05-05 13:00:00,12.7,70,1027.3,6.0,63,0.0
2026-05-05 14:00:00,13.2,67,1026.2,8.3,57,0.0
2026-05-05 15:00:00,12.6,73,1025.6,10.0,56,0.0
2026-05-05 16:00:00,11.4,83,1025.6,9.3,61,0.0
2026-05-05 17:00:00,10.2,93,1025.2,8.4,79,0.0
2026-05-05 18:00:00,9.0,97,1025.2,8.5,92,0.0
2026-05-05 19:00:00,9.0,96,1024.9,9.1,99,0.0
2026-05-05 20:00:00,8.9,94,1024.5,7.6,104,0.0
2026-05-05 21:00:00,8.7,93,1024.1,6.6,103,0.0
2026-05-05 22:00:00,8.5,90,1023.9,5.8,99,0.0
2026-05-05 23:00:00,7.6,89,1023.4,3.8,98,0.0
2026-05-06 00:00:00,8.3,88,1022.1,3.4,96,0.0
2026-05-06 01:00:00,8.5,84,1021.6,0.5,225,0.0
2026-05-06 02:00:00,7.6,90,1021.3,0.7,284,0.0
2026-05-06 03:00:00,7.0,91,1020.9,0.9,270,0.0
2026-05-06 04:00:00,6.6,92,1020.1,1.3,270,0.0
2026-05-06 05:00:00,6.9,85,1020.1,1.5,216,0.0
2026-05-06 06:00:00,7.1,84,1019.9,6.2,253,0.0
2026-05-06 07:00:00,6.8,81,1019.8,5.2,205,0.0
2026-05-06 08:00:00,7.5,77,1019.9,2.5,201,0.0
2026-05-06 09:00:00,10.5,66,1020.1,1.9,241,0.0
2026-05-06 10:00:00,12.9,66,1020.5,5.2,338,0.0
2026-05-06 11:00:00,15.4,57,1020.4,4.5,7,0.0
2026-05-06 12:00:00,18.7,42,1019.4,6.9,85,0.0
2026-05-06 13:00:00,19.6,40,1018.9,7.6,76,0.0
2026-05-06 14:00:00,19.6,42,1019.3,6.4,54,0.0
2026-05-06 15:00:00,19.4,44,1019.2,7.5,50,0.0
2026-05-06 16:00:00,18.7,50,1019.6,5.2,25,0.0
2026-05-06 17:00:00,17.2,61,1019.8,5.7,281,0.0
2026-05-06 18:00:00,16.0,61,1020.0,4.6,231,0.0
2026-05-06 19:00:00,16.4,63,1019.9,1.3,254,0.0
2026-05-06 20:00:00,14.3,70,1019.6,4.8,70,0.0
2026-05-06 21:00:00,14.0,69,1019.2,6.6,77,0.0
2026-05-06 22:00:00,13.3,77,1019.3,3.1,69,0.0
2026-05-06 23:00:00,13.4,80,1018.5,5.7,24,0.0
2026-05-07 00:00:00,13.5,79,1018.2,4.6,21,0.0
2026-05-07 01:00:00,13.6,80,1017.7,7.1,30,0.0
2026-05-07 02:00:00,15.3,75,1017.2,12.9,28,0.0
2026-05-07 03:00:00,16.5,68,1016.6,19.0,18,0.0
2026-05-07 04:00:00,16.7,67,1015.8,19.2,19,0.0
2026-05-07 05:00:00,16.2,68,1015.1,16.7,21,0.0
2026-05-07 06:00:00,16.5,66,1013.8,16.8,30,0.0
2026-05-07 07:00:00,17.1,64,1012.9,17.1,47,0.0
2026-05-07 08:00:00,15.9,69,1012.8,18.7,46,0.0
2026-05-07 09:00:00,16.4,67,1012.4,18.0,28,0.0
2026-05-07 10:00:00,17.1,64,1011.6,18.2,28,0.0
2026-05-07 11:00:00,16.8,67,1011.0,19.4,31,0.0
2026-05-07 12:00:00,18.6,60,1009.5,16.7,44,1.0
2026-05-07 13:00:00,21.1,53,1008.7,17.2,42,0.0
2026-05-07 14:00:00,19.5,60,1007.8,15.0,53,0.0
2026-05-07 15:00:00,17.8,76,1007.9,8.0,40,0.6
2026-05-07 16:00:00,16.2,94,1007.4,6.9,166,2.7
2026-05-07 17:00:00,15.7,90,1006.2,11.4,114,0.2
2026-05-07 18:00:00,15.9,88,1005.7,7.6,59,0.0
2026-05-07 19:00:00,16.2,85,1005.5,14.9,45,0.0
2026-05-07 20:00:00,16.3,84,1005.4,17.4,37,0.0
2026-05-07 21:00:00,16.6,81,1005.3,18.2,32,0.0
2026-05-07 22:00:00,16.7,79,1005.7,18.0,28,0.0
2026-05-07 23:00:00,16.6,78,1006.0,15.8,24,0.0
2026-05-08 00:00:00,18.9,67,1005.4,18.0,1,0.0
2026-05-08 01:00:00,18.2,70,1005.1,14.6,10,0.0
2026-05-08 02:00:00,18.2,70,1005.2,14.0,348,0.0
2026-05-08 03:00:00,17.9,75,1004.8,15.4,353,0.0
2026-05-08 04:00:00,17.4,76,1004.5,14.4,344,0.0
2026-05-08 05:00:00,17.0,77,1004.1,8.9,336,0.0
2026-05-08 06:00:00,15.6,86,1003.3,4.9,356,0.0
2026-05-08 07:00:00,15.6,86,1002.6,4.8,56,0.0
2026-05-08 08:00:00,15.9,85,1002.5,5.3,38,0.0
2026-05-08 09:00:00,17.1,79,1002.2,11.0,75,0.0
2026-05-08 10:00:00,17.4,78,1001.8,12.7,78,0.0
2026-05-08 11:00:00,19.5,67,1000.5,13.2,66,0.0
2026-05-08 12:00:00,21.3,58,999.6,8.5,29,0.0
2026-05-08 13:00:00,20.2,67,998.4,13.2,34,0.8
2026-05-08 14:00:00,17.9,85,996.8,17.7,41,0.4
2026-05-08 15:00:00,16.3,90,995.3,19.9,57,0.8
2026-05-08 16:00:00,15.1,97,993.1,23.9,61,1.0
2026-05-08 17:00:00,15.0,94,990.3,29.1,49,3.5
2026-05-08 18:00:00,14.8,93,989.8,33.2,46,0.7
2026-05-08 19:00:00,15.0,89,988.8,29.8,40,0.0
2026-05-08 20:00:00,15.2,87,988.2,23.6,38,0.0
2026-05-08 21:00:00,15.2,86,987.7,17.4,34,0.0
2026-05-08 22:00:00,15.7,74,987.7,15.8,19,0.0
2026-05-08 23:00:00,16.3,59,987.3,17.4,353,0.0
2026-05-09 00:00:00,17.1,59,986.5,24.3,354,0.0
2026-05-09 01:00:00,16.7,60,986.1,18.9,13,0.0
2026-05-09 02:00:00,16.3,61,984.7,19.5,12,0.0
2026-05-09 03:00:00,15.2,69,986.1,3.2,344,0.0
2026-05-09 04:00:00,14.3,71,985.6,8.9,21,0.0
2026-05-09 05:00:00,14.8,67,986.4,21.0,304,0.0
2026-05-09 06:00:00,12.0,89,988.5,16.5,259,0.0
2026-05-09 07:00:00,12.2,93,989.8,17.2,222,0.4
2026-05-09 08:00:00,12.3,94,990.9,16.3,218,0.2
2026-05-09 09:00:00,12.5,93,992.1,11.3,217,0.4
2026-05-09 10:00:00,13.2,89,992.9,7.0,252,0.1
2026-05-09 11:00:00,13.7,85,993.4,6.8,258,0.0
2026-05-09 12:00:00,15.7,72,992.4,3.2,273,0.0
2026-05-09 13:00:00,16.4,69,991.8,5.1,17,0.0
2026-05-09 14:00:00,15.7,76,991.5,14.7,54,0.0
2026-05-09 15:00:00,14.1,82,991.3,17.3,93,0.0
2026-05-09 16:00:00,13.7,83,991.2,15.8,82,0.0
2026-05-09 17:00:00,12.6,88,991.2,14.7,96,0.0
2026-05-09 18:00:00,11.9,93,991.3,16.2,111,0.0
2026-05-09 19:00:00,11.5,93,991.1,8.9,132,0.0
2026-05-09 20:00:00,11.5,85,991.9,10.1,246,0.0
2026-05-09 21:00:00,12.4,65,992.0,13.9,265,0.0
2026-05-09 22:00:00,12.7,63,992.0,14.6,266,0.0
2026-05-09 23:00:00,12.9,62,992.2,16.1,275,0.0
2026-05-10 00:00:00,12.5,65,992.4,9.4,294,0.0
2026-05-10 01:00:00,12.8,65,992.0,11.2,273,0.0
2026-05-10 02:00:00,13.6,60,991.2,16.2,270,0.0
2026-05-10 03:00:00,14.1,59,990.9,18.7,272,0.0
2026-05-10 04:00:00,14.2,60,990.9,20.5,271,0.0
2026-05-10 05:00:00,14.0,61,991.9,15.5,265,0.0
2026-05-10 06:00:00,14.6,58,991.2,20.6,275,0.0
2026-05-10 07:00:00,13.8,62,991.8,14.1,268,0.0
2026-05-10 08:00:00,14.0,61,992.0,14.6,261,0.0
2026-05-10 09:00:00,15.2,59,993.1,13.0,244,0.0
2026-05-10 10:00:00,14.8,64,994.7,18.4,196,0.0
2026-05-10 11:00:00,12.7,74,996.3,22.2,182,0.0
2026-05-10 12:00:00,12.8,64,997.0,25.8,191,0.0
2026-05-10 13:00:00,11.9,65,997.2,21.4,193,0.0
2026-05-10 14:00:00,11.0,68,998.8,14.1,211,0.0
2026-05-10 15:00:00,10.6,66,1000.1,17.3,197,0.0
2026-05-10 16:00:00,10.2,70,1001.5,12.5,207,0.0
2026-05-10 17:00:00,9.3,79,1003.0,13.4,206,0.5
2026-05-10 18:00:00,8.6,82,1004.4,7.1,214,0.5
2026-05-10 19:00:00,8.5,85,1005.6,12.4,199,0.4
2026-05-10 20:00:00,8.7,81,1006.6,15.5,209,0.2
2026-05-10 21:00:00,8.9,75,1007.8,17.9,212,0.1
2026-05-10 22:00:00,9.3,66,1008.9,21.4,216,0.0
2026-05-10 23:00:00,9.5,60,1010.0,23.3,216,0.0
2026-05-11 00:00:00,9.2,61,1010.9,19.9,221,0.0
2026-05-11 01:00:00,8.8,60,1011.6,20.4,216,0.0
2026-05-11 02:00:00,8.6,59,1012.7,20.9,208,0.0
2026-05-11 03:00:00,8.3,59,1013.7,18.6,212,0.0
2026-05-11 04:00:00,8.2,58,1014.3,15.4,217,0.0
2026-05-11 05:00:00,7.8,62,1015.2,12.2,221,0.0
2026-05-11 06:00:00,7.9,61,1016.3,13.3,229,0.0
2026-05-11 07:00:00,7.3,63,1017.1,11.5,239,0.0
2026-05-11 08:00:00,6.3,70,1018.4,9.9,265,0.0
2026-05-11 09:00:00,6.9,73,1019.3,10.8,268,0.0
2026-05-11 10:00:00,8.8,64,1019.7,9.7,251,0.0
2026-05-11 11:00:00,10.1,59,1020.0,9.6,244,0.0
2026-05-11 12:00:00,11.5,52,1019.1,7.7,246,0.0
2026-05-11 13:00:00,12.0,49,1018.6,6.0,263,0.0
2026-05-11 14:00:00,12.2,49,1018.3,3.8,287,0.0
2026-05-11 15:00:00,12.4,47,1018.0,1.3,352,0.0
2026-05-11 16:00:00,11.8,52,1017.9,6.1,19,0.0
2026-05-11 17:00:00,10.0,65,1017.8,7.8,19,0.0
2026-05-11 18:00:00,8.3,70,1017.8,6.2,33,0.0
2026-05-11 19:00:00,8.8,66,1018.0,8.8,51,0.0
2026-05-11 20:00:00,9.2,68,1018.2,11.6,48,0.0
2026-05-11 21:00:00,9.4,71,1018.2,13.8,42,0.0
2026-05-11 22:00:00,9.5,70,1018.0,14.9,41,0.0
2026-05-11 23:00:00,9.7,71,1018.2,15.7,41,0.0
2026-05-12 00:00:00,8.9,75,1017.8,14.5,42,0.0
2026-05-12 01:00:00,8.7,77,1017.3,13.9,48,0.0
2026-05-12 02:00:00,8.8,78,1016.9,12.8,50,0.0
2026-05-12 03:00:00,8.8,80,1016.4,12.6,57,0.0
2026-05-12 04:00:00,8.4,83,1015.7,7.6,63,0.0
2026-05-12 05:00:00,7.5,85,1015.9,4.9,92,0.0
2026-05-12 06:00:00,9.2,80,1016.5,8.2,98,0.0
2026-05-12 07:00:00,8.5,83,1017.2,2.9,94,0.0
2026-05-12 08:00:00,6.7,92,1018.1,2.1,239,0.0
2026-05-12 09:00:00,8.1,86,1018.7,7.4,248,0.0
2026-05-12 10:00:00,10.4,73,1019.1,7.6,251,0.0
2026-05-12 11:00:00,12.6,60,1019.1,7.9,253,0.0
2026-05-12 12:00:00,14.9,56,1018.6,6.7,268,0.0
2026-05-12 13:00:00,16.6,50,1017.9,9.1,288,0.0
2026-05-12 14:00:00,17.4,45,1017.9,7.9,282,0.0
2026-05-12 15:00:00,17.6,43,1018.0,7.7,259,0.0
2026-05-12 16:00:00,16.9,47,1018.4,7.8,236,0.0
2026-05-12 17:00:00,13.4,65,1019.8,15.8,169,0.0
2026-05-12 18:00:00,11.6,74,1021.1,15.5,190,0.0
2026-05-12 19:00:00,11.2,76,1022.1,14.9,203,0.0
2026-05-12 20:00:00,10.7,80,1022.9,11.2,213,0.0
2026-05-12 21:00:00,10.2,86,1023.8,8.5,235,0.0
2026-05-12 22:00:00,9.4,91,1024.2,7.1,264,0.0
2026-05-12 23:00:00,8.9,93,1024.7,7.6,284,0.0
2026-05-13 00:00:00,9.7,89,1024.7,7.2,276,0.0
2026-05-13 01:00:00,9.8,87,1025.1,6.9,264,0.0
2026-05-13 02:00:00,9.9,84,1025.1,7.3,250,0.0
2026-05-13 03:00:00,10.1,82,1025.7,6.8,258,0.0
2026-05-13 04:00:00,10.4,80,1026.0,7.7,245,0.0
2026-05-13 05:00:00,10.2,82,1026.3,7.5,255,0.0
2026-05-13 06:00:00,9.7,86,1026.9,8.4,263,0.0
2026-05-13 07:00:00,9.6,87,1027.5,8.3,270,0.1
2026-05-13 08:00:00,9.5,87,1028.4,9.4,275,0.1
2026-05-13 09:00:00,9.9,83,1029.0,9.9,274,0.1
2026-05-13 10:00:00,11.1,75,1029.3,8.7,266,0.0
2026-05-13 11:00:00,13.2,63,1029.4,10.7,257,0.0
2026-05-13 12:00:00,14.9,52,1028.9,15.2,240,0.0
2026-05-13 13:00:00,14.9,53,1028.6,17.6,220,0.0
2026-05-13 14:00:00,14.3,58,1029.0,16.3,214,0.0
2026-05-13 15:00:00,14.5,57,1029.2,14.7,213,0.0
2026-05-13 16:00:00,13.8,63,1029.7,15.5,203,0.0
2026-05-13 17:00:00,12.7,74,1030.3,12.7,210,0.0
2026-05-13 18:00:00,11.8,82,1030.7,9.5,191,0.0
2026-05-13 19:00:00,11.2,86,1031.4,5.1,225,0.0
2026-05-13 20:00:00,10.0,93,1032.3,6.9,276,0.0
2026-05-13 21:00:00,9.4,95,1032.8,6.6,253,0.0
2026-05-13 22:00:00,9.0,96,1033.1,5.2,276,0.0
2026-05-13 23:00:00,8.6,96,1033.4,5.4,270,0.0
2026-05-14 00:00:00,9.9,90,1033.0,6.3,250,0.0
2026-05-14 01:00:00,8.3,96,1033.2,4.7,238,0.0
2026-05-14 02:00:00,7.4,98,1033.2,3.9,257,0.0
2026-05-14 03:00:00,6.7,98,1033.2,4.0,252,0.0
2026-05-14 04:00:00,6.2,98,1033.1,4.4,232,0.0
2026-05-14 05:00:00,5.9,98,1033.3,3.6,217,0.0
2026-05-14 06:00:00,5.8,98,1033.8,4.3,180,0.0
2026-05-14 07:00:00,5.6,100,1034.0,3.4,198,0.0
2026-05-14 08:00:00,5.5,99,1034.5,2.3,219,0.0
2026-05-14 09:00:00,6.8,95,1034.9,3.2,236,0.0
2026-05-14 10:00:00,8.9,91,1035.0,3.2,227,0.0
2026-05-14 11:00:00,11.9,80,1035.1,3.2,232,0.0
2026-05-14 12:00:00,14.7,65,1034.5,5.7,235,0.0
2026-05-14 13:00:00,16.1,56,1033.8,5.6,243,0.0
2026-05-14 14:00:00,16.8,50,1033.3,4.8,243,0.0
2026-05-14 15:00:00,16.8,48,1033.0,1.9,202,0.0
2026-05-14 16:00:00,15.4,53,1033.3,3.2,90,0.0
2026-05-14 17:00:00,13.1,71,1033.7,5.7,81,0.0
2026-05-14 18:00:00,11.1,80,1034.1,2.5,86,0.0
2026-05-14 19:00:00,10.2,91,1034.6,3.1,80,0.0
2026-05-14 20:00:00,9.6,97,1035.0,3.0,76,0.0
2026-05-14 21:00:00,9.0,100,1035.2,2.3,113,0.0
2026-05-14 22:00:00,8.4,100,1035.4,2.6,115,0.0
2026-05-14 23:00:00,7.9,100,1035.7,1.7,122,0.0
2026-05-15 00:00:00,6.7,100,1035.9,0.5,180,0.0
2026-05-15 01:00:00,6.9,99,1036.0,2.5,176,0.0
2026-05-15 02:00:00,6.4,99,1035.9,4.5,182,0.0
2026-05-15 03:00:00,5.7,100,1035.8,6.4,188,0.0
2026-05-15 04:00:00,5.6,98,1036.0,5.2,174,0.0
2026-05-15 05:00:00,5.4,99,1036.4,2.2,166,0.0
2026-05-15 06:00:00,4.6,99,1036.9,1.2,219,0.0
2026-05-15 07:00:00,4.7,100,1037.2,2.9,227,0.0
2026-05-15 08:00:00,5.5,97,1037.8,3.6,217,0.0
2026-05-15 09:00:00,6.9,93,1038.5,3.6,229,0.0
2026-05-15 10:00:00,8.6,89,1038.7,5.1,225,0.0
2026-05-15 11:00:00,11.0,81,1039.0,7.8,214,0.0
2026-05-15 12:00:00,12.1,76,1038.5,11.6,213,0.0
2026-05-15 13:00:00,12.9,70,1037.9,12.4,208,0.0
2026-05-15 14:00:00,12.8,70,1037.8,12.7,207,0.0
2026-05-15 15:00:00,12.5,71,1037.6,12.2,208,0.0
2026-05-15 16:00:00,11.9,74,1037.8,11.1,207,0.0
2026-05-15 17:00:00,11.3,76,1038.1,9.8,208,0.0
2026-05-15 18:00:00,10.9,79,1038.5,5.5,218,0.0
2026-05-15 19:00:00,10.9,79,1038.7,5.0,229,0.0
2026-05-15 20:00:00,10.9,80,1038.9,4.8,233,0.0
2026-05-15 21:00:00,10.7,81,1039.2,4.8,243,0.0
2026-05-15 22:00:00,10.7,82,1039.4,4.7,230,0.0
2026-05-15 23:00:00,10.4,85,1039.7,3.8,225,0.0
2026-05-16 00:00:00,9.7,86,1039.5,4.3,222,0.1
2026-05-16 01:00:00,9.3,89,1039.6,3.0,232,0.0
2026-05-16 02:00:00,9.2,89,1039.4,3.1,242,0.0
2026-05-16 03:00:00,8.9,91,1039.4,3.6,237,0.0
2026-05-16 04:00:00,8.7,92,1039.2,4.2,230,0.0
2026-05-16 05:00:00,8.5,92,1039.2,4.7,227,0.0
2026-05-16 06:00:00,8.0,94,1039.2,2.5,201,0.0
2026-05-16 07:00:00,7.6,96,1039.2,1.6,207,0.0
2026-05-16 08:00:00,7.6,95,1039.6,1.8,276,0.0
2026-05-16 09:00:00,8.6,87,1040.1,2.6,286,0.0
2026-05-16 10:00:00,9.9,79,1040.4,1.7,302,0.0
2026-05-16 11:00:00,11.4,68,1040.5,3.6,33,0.0
2026-05-16 12:00:00,12.6,63,1040.0,8.1,35,0.0
2026-05-16 13:00:00,12.6,62,1039.4,9.8,50,0.0
2026-05-16 14:00:00,12.5,62,1039.3,10.6,62,0.0
2026-05-16 15:00:00,12.1,62,1039.2,10.9,68,0.0
2026-05-16 16:00:00,11.7,63,1039.4,9.9,71,0.0
2026-05-16 17:00:00,10.9,68,1039.7,8.7,77,0.0
2026-05-16 18:00:00,10.0,71,1039.7,8.3,66,0.0
2026-05-16 19:00:00,9.8,70,1040.0,7.7,65,0.0
2026-05-16 20:00:00,9.4,70,1040.0,6.7,63,0.0
2026-05-16 21:00:00,8.7,74,1040.1,5.7,58,0.0
2026-05-16 22:00:00,8.2,81,1040.4,5.5,49,0.0
2026-05-16 23:00:00,8.2,86,1040.4,5.2,44,0.0
2026-05-17 00:00:00,7.9,88,1040.3,5.3,38,0.0
2026-05-17 01:00:00,7.7,88,1040.3,4.9,24,0.0
2026-05-17 02:00:00,7.2,89,1040.0,4.3,17,0.0
2026-05-17 03:00:00,6.8,90,1039.7,3.4,25,0.0
2026-05-17 04:00:00,6.4,92,1039.3,2.4,27,0.0
2026-05-17 05:00:00,6.0,96,1039.2,2.3,29,0.0
2026-05-17 06:00:00,5.3,92,1039.4,5.8,60,0.0
2026-05-17 07:00:00,5.1,92,1039.4,5.0,52,0.0
2026-05-17 08:00:00,5.0,95,1039.6,5.5,32,0.0
2026-05-17 09:00:00,7.5,91,1039.8,6.6,29,0.0
2026-05-17 10:00:00,9.4,81,1040.0,7.3,40,0.0
2026-05-17 11:00:00,10.9,73,1040.1,10.3,54,0.0
2026-05-17 12:00:00,12.4,65,1039.1,12.3,58,0.0
2026-05-17 13:00:00,12.8,61,1038.6,13.5,56,0.0
2026-05-17 14:00:00,12.8,59,1038.3,13.6,55,0.0
2026-05-17 15:00:00,12.7,60,1037.9,13.6,58,0.0
2026-05-17 16:00:00,12.2,61,1037.8,13.5,61,0.0
2026-05-17 17:00:00,11.2,66,1037.8,10.7,65,0.0
2026-05-17 18:00:00,10.5,76,1037.8,10.0,64,0.0
2026-05-17 19:00:00,10.3,78,1037.9,9.8,64,0.0
2026-05-17 20:00:00,10.1,79,1038.0,9.0,59,0.0
2026-05-17 21:00:00,10.0,80,1038.2,8.4,50,0.0
2026-05-17 22:00:00,10.1,82,1038.5,8.9,42,0.0
2026-05-17 23:00:00,10.1,84,1038.5,9.6,37,0.0
2026-05-18 00:00:00,10.3,81,1038.0,10.2,45,0.0
2026-05-18 01:00:00,10.1,81,1038.0,10.1,47,0.0
2026-05-18 02:00:00,9.7,84,1037.6,9.7,47,0.0
2026-05-18 03:00:00,9.7,85,1037.5,9.4,45,0.0
2026-05-18 04:00:00,9.5,85,1037.2,9.4,45,0.0
2026-05-18 05:00:00,9.5,84,1037.2,9.3,44,0.0
2026-05-18 06:00:00,9.0,86,1037.1,8.2,36,0.0
2026-05-18 07:00:00,9.0,86,1037.1,8.1,35,0.0
2026-05-18 08:00:00,8.9,86,1037.0,7.4,23,0.0
2026-05-18 09:00:00,9.5,81,1037.1,7.1,24,0.0
2026-05-18 10:00:00,10.3,74,1037.0,8.2,36,0.0
2026-05-18 11:00:00,11.1,70,1036.8,11.7,44,0.0
2026-05-18 12:00:00,11.9,68,1036.2,12.6,46,0.0
2026-05-18 13:00:00,12.3,67,1035.3,13.5,52,0.0
2026-05-18 14:00:00,12.5,65,1034.8,14.6,55,0.0
2026-05-18 15:00:00,12.3,65,1034.3,15.3,58,0.0
2026-05-18 16:00:00,11.8,67,1034.1,15.2,63,0.0
2026-05-18 17:00:00,11.0,72,1034.2,13.1,65,0.0
2026-05-18 18:00:00,10.4,75,1033.8,11.6,64,0.0
2026-05-18 19:00:00,10.4,75,1033.9,11.4,59,0.0
2026-05-18 20:00:00,10.2,76,1033.8,11.6,53,0.0
2026-05-18 21:00:00,10.1,78,1033.6,11.3,51,0.0
2026-05-18 22:00:00,10.0,79,1033.8,9.8,47,0.0
2026-05-18 23:00:00,9.5,84,1033.6,7.7,49,0.0
2026-05-19 00:00:00,7.9,95,1033.1,1.6,27,0.0
2026-05-19 01:00:00,7.0,99,1033.2,2.2,222,0.0
2026-05-19 02:00:00,6.4,99,1032.9,3.8,221,0.0
2026-05-19 03:00:00,6.1,97,1032.6,4.2,227,0.0
2026-05-19 04:00:00,5.6,99,1032.1,5.5,221,0.0
2026-05-19 05:00:00,5.6,99,1031.7,5.7,212,0.0
2026-05-19 06:00:00,5.7,100,1031.9,1.1,171,0.0
2026-05-19 07:00:00,6.0,100,1031.6,0.6,198,0.0
2026-05-19 08:00:00,6.3,99,1031.5,0.4,333,0.0
2026-05-19 09:00:00,7.0,98,1031.8,0.9,281,0.0
2026-05-19 10:00:00,7.8,97,1031.8,0.9,191,0.0
2026-05-19 11:00:00,9.4,87,1031.6,5.2,46,0.0
2026-05-19 12:00:00,10.0,91,1030.3,7.3,52,0.0
2026-05-19 13:00:00,10.4,85,1029.3,6.3,59,0.0
2026-05-19 14:00:00,10.8,82,1028.9,6.8,68,0.0
2026-05-19 15:00:00,10.9,81,1028.2,9.0,64,0.0
2026-05-19 16:00:00,10.6,83,1027.8,8.1,61,0.0
2026-05-19 17:00:00,10.3,84,1027.5,6.1,58,0.0
2026-05-19 18:00:00,9.3,88,1027.2,3.3,68,0.0
2026-05-19 19:00:00,9.4,89,1027.3,3.3,96,0.0
2026-05-19 20:00:00,8.5,91,1027.0,3.3,99,0.0
2026-05-19 21:00:00,7.9,95,1026.7,3.7,104,0.0
2026-05-19 22:00:00,7.4,98,1026.5,1.5,104,0.0
2026-05-19 23:00:00,6.9,100,1026.1,0.3,225,0.0
2026-05-20 00:00:00,6.9,100,1025.7,2.3,209,0.0
2026-05-20 01:00:00,6.5,99,1025.3,3.3,225,0.0
2026-05-20 02:00:00,6.6,100,1024.9,3.9,223,0.0
2026-05-20 03:00:00,6.5,98,1024.5,4.6,222,0.0
2026-05-20 04:00:00,6.4,97,1024.1,4.1,236,0.0
2026-05-20 05:00:00,6.2,97,1023.8,2.5,240,0.0
2026-05-20 06:00:00,6.3,95,1023.4,5.5,58,0.0
2026-05-20 07:00:00,6.1,98,1023.0,3.8,59,0.0
2026-05-20 08:00:00,6.1,100,1022.8,2.6,74,0.0
2026-05-20 09:00:00,7.0,97,1022.7,3.9,77,0.0
2026-05-20 10:00:00,8.2,91,1022.2,4.7,62,0.0
2026-05-20 11:00:00,9.5,80,1021.9,5.0,55,0.0
2026-05-20 12:00:00,10.9,73,1020.9,6.5,84,0.0
2026-05-20 13:00:00,12.0,64,1019.9,8.3,94,0.0
2026-05-20 14:00:00,12.4,63,1019.2,9.4,102,0.0
2026-05-20 15:00:00,12.9,62,1018.3,8.5,103,0.0
2026-05-20 16:00:00,12.8,62,1017.8,6.9,105,0.0
2026-05-20 17:00:00,10.6,71,1017.3,4.5,119,0.0
2026-05-20 18:00:00,9.7,82,1016.6,4.9,126,0.0
2026-05-20 19:00:00,9.3,84,1016.6,2.8,45,0.0
2026-05-20 20:00:00,9.0,82,1016.5,5.6,15,0.0
2026-05-20 21:00:00,10.0,70,1016.5,8.4,310,0.0
2026-05-20 22:00:00,11.1,61,1016.6,9.9,286,0.0
2026-05-20 23:00:00,9.6,65,1016.6,5.8,286,0.0
2026-05-21 00:00:00,6.8,78,1015.4,0.5,135,0.0
2026-05-21 01:00:00,8.2,74,1015.1,6.8,18,0.0
2026-05-21 02:00:00,10.7,72,1014.3,12.2,16,0.0
2026-05-21 03:00:00,11.6,69,1014.0,14.9,15,0.0
2026-05-21 04:00:00,12.6,63,1013.5,19.4,27,0.0
2026-05-21 05:00:00,13.7,58,1012.7,23.1,31,0.0
2026-05-21 06:00:00,13.9,57,1011.7,20.2,28,0.0
2026-05-21 07:00:00,13.8,60,1011.5,21.7,37,0.0
2026-05-21 08:00:00,13.9,64,1011.5,22.7,39,0.0
2026-05-21 09:00:00,14.5,64,1011.7,21.4,31,0.0
2026-05-21 10:00:00,15.4,61,1011.7,20.8,22,0.0
2026-05-21 11:00:00,16.6,57,1012.3,15.8,2,0.0
2026-05-21 12:00:00,19.3,48,1012.4,11.1,321,0.0
2026-05-21 13:00:00,20.1,48,1012.5,10.4,332,0.0
2026-05-21 14:00:00,19.6,51,1013.4,9.2,6,0.0
2026-05-21 15:00:00,18.9,56,1014.0,7.4,14,0.0
2026-05-21 16:00:00,18.2,61,1015.1,5.4,345,0.0
2026-05-21 17:00:00,16.3,62,1016.5,15.0,187,0.0
2026-05-21 18:00:00,12.9,67,1018.4,16.5,204,0.0
2026-05-21 19:00:00,12.8,64,1020.2,7.8,218,0.0
2026-05-21 20:00:00,12.4,67,1022.0,5.3,352,0.0
2026-05-21 21:00:00,11.6,72,1023.1,1.2,27,0.0
2026-05-21 22:00:00,11.3,77,1024.3,1.9,56,0.0
2026-05-21 23:00:00,11.6,77,1025.5,3.1,3,0.0
2026-05-22 00:00:00,11.3,80,1026.4,6.5,347,0.2
2026-05-22 01:00:00,11.3,83,1026.8,5.5,349,0.0
2026-05-22 02:00:00,11.4,85,1026.8,5.4,30,0.0
2026-05-22 03:00:00,11.5,83,1026.9,6.2,52,0.0
2026-05-22 04:00:00,11.6,78,1026.9,7.8,46,0.0
2026-05-22 05:00:00,11.6,74,1026.8,10.7,30,0.0
2026-05-22 06:00:00,11.6,74,1027.1,8.9,29,0.0
2026-05-22 07:00:00,10.9,80,1027.2,10.8,21,0.1
2026-05-22 08:00:00,10.4,86,1027.3,11.3,39,0.1
2026-05-22 09:00:00,11.6,78,1027.6,15.8,43,0.0
2026-05-22 10:00:00,12.5,69,1027.7,18.0,50,0.0
2026-05-22 11:00:00,13.0,66,1027.3,21.1,54,0.0
2026-05-22 12:00:00,13.1,70,1026.2,20.4,63,0.0
2026-05-22 13:00:00,13.3,71,1025.1,20.6,71,0.0
2026-05-22 14:00:00,13.6,70,1024.5,19.9,72,0.0
2026-05-22 15:00:00,13.2,72,1023.8,18.7,79,0.0
2026-05-22 16:00:00,12.5,79,1023.6,16.9,88,0.0
2026-05-22 17:00:00,11.6,88,1023.5,14.8,100,0.0
2026-05-22 18:00:00,11.3,90,1023.4,14.6,106,0.0
2026-05-22 19:00:00,11.2,91,1023.2,12.9,113,0.0
2026-05-22 20:00:00,10.7,92,1023.2,10.2,136,0.0
2026-05-22 21:00:00,9.8,93,1023.3,7.4,198,0.0
2026-05-22 22:00:00,9.8,90,1023.9,10.7,229,0.0
2026-05-22 23:00:00,10.1,88,1024.6,12.2,221,0.0
2026-05-23 00:00:00,9.2,93,1025.1,9.9,232,0.0
2026-05-23 01:00:00,8.6,96,1025.7,10.9,248,0.0
2026-05-23 02:00:00,8.2,96,1025.7,10.3,241,0.0
2026-05-23 03:00:00,7.8,97,1026.3,8.9,227,0.0
2026-05-23 04:00:00,7.6,97,1026.2,7.5,217,0.0
2026-05-23 05:00:00,7.2,97,1026.4,5.9,218,0.0
2026-05-23 06:00:00,5.5,99,1027.7,2.7,250,0.0
2026-05-23 07:00:00,5.5,100,1028.6,2.5,188,0.0
2026-05-23 08:00:00,5.8,99,1029.2,1.9,197,0.0
2026-05-23 09:00:00,7.6,95,1030.0,3.2,232,0.0
2026-05-23 10:00:00,9.9,87,1030.2,2.5,249,0.0
2026-05-23 11:00:00,12.1,72,1030.5,1.8,354,0.0
2026-05-23 12:00:00,14.4,59,1030.2,3.7,47,0.0
2026-05-23 13:00:00,15.4,51,1029.9,6.7,34,0.0
2026-05-23 14:00:00,15.7,50,1029.7,7.6,38,0.0
2026-05-23 15:00:00,15.3,53,1029.5,8.4,42,0.0
2026-05-23 16:00:00,14.4,60,1029.7,7.2,53,0.0
2026-05-23 17:00:00,12.5,72,1030.3,6.3,105,0.0
2026-05-23 18:00:00,11.0,77,1031.0,4.3,95,0.0
2026-05-23 19:00:00,11.1,78,1031.5,8.9,97,0.0
2026-05-23 20:00:00,10.0,86,1031.9,9.3,103,0.0
2026-05-23 21:00:00,8.4,96,1032.3,7.4,131,0.0
2026-05-23 22:00:00,7.4,99,1032.5,8.1,141,0.0
2026-05-23 23:00:00,6.8,99,1032.8,7.4,137,0.0
2026-05-24 00:00:00,5.6,98,1032.8,1.5,187,0.0
2026-05-24 01:00:00,5.4,95,1033.1,6.6,221,0.0
2026-05-24 02:00:00,5.8,95,1032.9,5.4,214,0.0
2026-05-24 03:00:00,6.0,97,1033.0,4.5,203,0.0
2026-05-24 04:00:00,6.5,98,1032.7,4.4,189,0.0
2026-05-24 05:00:00,7.5,94,1032.7,3.3,186,0.0
2026-05-24 06:00:00,7.9,94,1032.8,2.0,170,0.0
2026-05-24 07:00:00,8.5,91,1032.9,0.6,198,0.0
2026-05-24 08:00:00,8.6,91,1033.1,1.2,297,0.0
2026-05-24 09:00:00,9.7,85,1033.3,2.5,339,0.0
2026-05-24 10:00:00,10.8,82,1033.3,1.3,45,0.0
2026-05-24 11:00:00,11.8,80,1033.0,6.1,47,0.0
2026-05-24 12:00:00,12.9,73,1032.5,9.4,59,0.2
2026-05-24 13:00:00,13.1,71,1032.0,10.4,62,0.1
2026-05-24 14:00:00,13.1,72,1031.3,10.9,57,0.0
2026-05-24 15:00:00,12.7,74,1030.6,10.6,58,0.0
2026-05-24 16:00:00,12.1,78,1030.4,10.7,61,0.0
2026-05-24 17:00:00,11.1,85,1030.3,10.2,67,0.0
2026-05-24 18:00:00,10.3,90,1030.1,11.5,70,0.0
2026-05-24 19:00:00,10.4,89,1030.0,11.8,66,0.0
2026-05-24 20:00:00,10.4,87,1030.1,12.4,60,0.0
2026-05-24 21:00:00,10.2,88,1029.9,13.3,58,0.0
2026-05-24 22:00:00,10.3,87,1029.6,14.2,57,0.0
2026-05-24 23:00:00,10.3,87,1029.3,14.0,57,0.0
2026-05-25 00:00:00,10.2,86,1028.5,12.8,66,0.0
2026-05-25 01:00:00,10.1,88,1028.3,12.0,66,0.0
2026-05-25 02:00:00,9.8,90,1027.7,11.4,71,0.0
2026-05-25 03:00:00,9.6,92,1027.3,10.9,77,0.0
2026-05-25 04:00:00,9.2,93,1026.9,8.4,80,0.0
2026-05-25 05:00:00,8.4,97,1026.6,5.2,63,0.0
2026-05-25 06:00:00,7.8,98,1026.2,8.6,78,0.0
2026-05-25 07:00:00,6.9,100,1026.2,4.9,51,0.0
2026-05-25 08:00:00,6.4,100,1025.9,4.1,52,0.0
2026-05-25 09:00:00,7.6,99,1025.7,4.8,65,0.0
2026-05-25 10:00:00,8.7,95,1025.5,5.4,70,0.0
2026-05-25 11:00:00,9.9,84,1025.2,4.7,62,0.0
2026-05-25 12:00:00,11.6,79,1024.3,6.5,71,0.0
2026-05-25 13:00:00,12.1,74,1023.1,6.0,73,0.0
2026-05-25 14:00:00,12.1,71,1022.2,5.7,62,0.0
2026-05-25 15:00:00,11.7,72,1021.1,6.2,73,0.0
2026-05-25 16:00:00,11.0,75,1020.8,5.9,92,0.0
2026-05-25 17:00:00,9.5,83,1020.6,6.1,92,0.0
2026-05-25 18:00:00,9.3,90,1020.1,7.3,100,0.0
2026-05-25 19:00:00,8.8,93,1019.8,2.7,86,0.0
2026-05-25 20:00:00,8.7,94,1019.4,0.9,90,0.0
2026-05-25 21:00:00,8.1,96,1018.8,0.5,180,0.0
2026-05-25 22:00:00,8.0,93,1018.4,3.6,207,0.0
2026-05-25 23:00:00,8.7,86,1018.6,8.8,227,0.0
2026-05-26 00:00:00,7.6,91,1018.3,5.4,217,0.0
2026-05-26 01:00:00,8.8,86,1018.9,9.7,236,0.0
2026-05-26 02:00:00,9.2,79,1019.9,14.7,235,0.0
2026-05-26 03:00:00,8.7,81,1020.6,14.5,233,0.0
2026-05-26 04:00:00,9.4,78,1020.8,15.4,227,0.0
2026-05-26 05:00:00,9.4,78,1021.4,12.3,230,0.0
2026-05-26 06:00:00,8.7,87,1021.6,10.5,213,0.0
2026-05-26 07:00:00,9.0,86,1022.1,9.0,217,0.0
2026-05-26 08:00:00,9.3,83,1023.3,10.7,229,0.0
2026-05-26 09:00:00,11.2,81,1024.9,11.4,207,0.0
2026-05-26 10:00:00,11.9,76,1026.2,13.3,207,0.0
2026-05-26 11:00:00,12.4,70,1027.5,14.5,202,0.0
2026-05-26 12:00:00,12.6,65,1027.4,12.4,206,0.0
2026-05-26 13:00:00,12.9,62,1027.2,13.1,205,0.0
2026-05-26 14:00:00,12.3,63,1027.6,13.9,194,0.0
2026-05-26 15:00:00,11.8,64,1027.8,11.2,196,0.0
2026-05-26 16:00:00,11.3,66,1028.4,9.6,201,0.0
2026-05-26 17:00:00,10.8,68,1029.0,9.3,189,0.0
2026-05-26 18:00:00,10.3,72,1029.2,8.4,211,0.0
2026-05-26 19:00:00,10.2,73,1029.6,6.0,221,0.0
2026-05-26 20:00:00,9.9,74,1030.0,3.8,221,0.0
2026-05-26 21:00:00,9.7,75,1030.4,3.3,225,0.0
2026-05-26 22:00:00,9.6,75,1030.7,2.7,222,0.0
2026-05-26 23:00:00,9.4,76,1030.8,1.7,221,0.0
2026-05-27 00:00:00,8.1,81,1030.6,0.6,198,0.0
2026-05-27 01:00:00,7.4,83,1030.2,1.1,171,0.0
2026-05-27 02:00:00,6.9,85,1029.7,0.4,180,0.0
2026-05-27 03:00:00,6.6,86,1029.1,0.9,143,0.0
2026-05-27 04:00:00,6.5,86,1028.5,1.5,135,0.0
2026-05-27 05:00:00,6.5,86,1028.4,2.6,106,0.0
2026-05-27 06:00:00,6.1,86,1028.1,4.9,92,0.0
2026-05-27 07:00:00,6.4,89,1027.8,4.5,56,0.0
2026-05-27 08:00:00,5.6,96,1027.9,4.5,16,0.0
2026-05-27 09:00:00,7.3,95,1027.6,4.9,36,0.0
2026-05-27 10:00:00,8.7,90,1027.3,4.9,51,0.0
2026-05-27 11:00:00,9.8,86,1026.8,5.4,60,0.0
2026-05-27 12:00:00,11.8,75,1025.4,6.7,71,0.0
2026-05-27 13:00:00,12.8,69,1024.2,7.6,87,0.0
2026-05-27 14:00:00,12.8,69,1023.4,7.7,78,0.0
2026-05-27 15:00:00,12.7,70,1022.8,8.2,75,0.0
2026-05-27 16:00:00,11.7,76,1022.7,6.7,74,0.0
2026-05-27 17:00:00,10.0,89,1022.8,4.9,86,0.0
2026-05-27 18:00:00,9.6,97,1022.3,6.0,87,0.0
2026-05-27 19:00:00,10.0,96,1022.1,4.2,115,0.0
2026-05-27 20:00:00,9.9,96,1021.8,1.7,131,0.0
2026-05-27 21:00:00,9.2,97,1021.7,0.3,225,0.0
2026-05-27 22:00:00,8.7,96,1021.9,2.7,217,0.0
2026-05-27 23:00:00,8.0,95,1021.8,3.1,211,0.0
2026-05-28 00:00:00,7.3,99,1021.7,4.2,5,0.0
2026-05-28 01:00:00,7.5,100,1021.3,1.0,68,0.0
2026-05-28 02:00:00,7.6,100,1020.7,1.9,131,0.0
2026-05-28 03:00:00,7.6,100,1020.5,0.8,153,0.0
2026-05-28 04:00:00,7.8,98,1020.2,1.4,140,0.0
2026-05-28 05:00:00,7.8,98,1019.8,0.9,79,0.0
2026-05-28 06:00:00,7.7,94,1020.1,0.4,117,0.0
2026-05-28 07:00:00,6.9,98,1020.7,0.4,243,0.0
2026-05-28 08:00:00,6.1,99,1021.4,2.7,332,0.0
2026-05-28 09:00:00,7.1,98,1022.3,3.8,349,0.0
2026-05-28 10:00:00,7.9,99,1022.8,3.1,7,0.0
2026-05-28 11:00:00,8.9,96,1022.9,5.7,18,0.0
2026-05-28 12:00:00,10.6,88,1022.1,6.5,352,0.0
2026-05-28 13:00:00,11.5,79,1021.3,5.2,358,0.0
2026-05-28 14:00:00,12.2,73,1020.7,4.8,25,0.0
2026-05-28 15:00:00,12.1,72,1020.1,6.4,36,0.0
2026-05-28 16:00:00,11.2,77,1020.2,6.8,53,0.0
2026-05-28 17:00:00,9.5,91,1020.9,6.1,66,0.0
2026-05-28 18:00:00,8.5,96,1021.0,4.7,130,0.0
2026-05-28 19:00:00,8.0,98,1021.6,5.6,132,0.0
2026-05-28 20:00:00,7.3,99,1022.2,4.2,130,0.0
2026-05-28 21:00:00,6.9,100,1022.4,2.8,105,0.0
2026-05-28 22:00:00,7.0,100,1022.6,1.8,264,0.0
2026-05-28 23:00:00,6.5,99,1022.7,4.6,249,0.0
2026-05-29 00:00:00,5.6,100,1022.4,1.8,225,0.0
2026-05-29 01:00:00,5.9,100,1022.6,2.3,198,0.0
2026-05-29 02:00:00,6.0,97,1022.3,1.8,180,0.0
2026-05-29 03:00:00,5.6,95,1022.1,1.0,158,0.0
2026-05-29 04:00:00,5.5,94,1021.7,1.0,121,0.0
2026-05-29 05:00:00,5.4,95,1021.8,1.3,82,0.0
2026-05-29 06:00:00,4.9,94,1021.7,3.9,106,0.0
2026-05-29 07:00:00,5.6,91,1021.5,4.9,107,0.0
2026-05-29 08:00:00,5.7,94,1021.9,5.4,88,0.0
2026-05-29 09:00:00,7.7,95,1022.9,6.3,88,0.0
2026-05-29 10:00:00,10.0,89,1023.3,7.6,93,0.0
2026-05-29 11:00:00,11.7,80,1023.4,6.0,53,0.0
2026-05-29 12:00:00,13.4,65,1022.9,1.6,360,0.0
2026-05-29 13:00:00,14.5,56,1022.4,2.0,360,0.0
2026-05-29 14:00:00,14.6,54,1021.9,3.0,65,0.0
2026-05-29 15:00:00,13.5,60,1021.6,6.5,76,0.0
2026-05-29 16:00:00,11.6,74,1021.8,8.3,60,0.0
2026-05-29 17:00:00,9.7,90,1022.5,7.8,75,0.0
2026-05-29 18:00:00,8.0,96,1022.5,6.0,99,0.0
2026-05-29 19:00:00,8.2,95,1023.0,7.1,105,0.0
2026-05-29 20:00:00,8.5,94,1023.4,7.9,93,0.0
2026-05-29 21:00:00,8.4,91,1023.2,8.3,91,0.0
2026-05-29 22:00:00,8.1,92,1023.2,10.3,97,0.0
2026-05-29 23:00:00,7.7,97,1022.9,10.8,101,0.0
2026-05-30 00:00:00,7.8,97,1022.7,11.4,96,0.0
2026-05-30 01:00:00,8.6,95,1022.4,12.3,86,0.0
2026-05-30 02:00:00,8.9,94,1021.8,14.4,75,0.0
2026-05-30 03:00:00,9.3,95,1021.5,14.7,68,0.0
2026-05-30 04:00:00,9.5,95,1021.1,15.7,68,0.0
2026-05-30 05:00:00,9.7,96,1020.6,16.2,71,0.0
2026-05-30 06:00:00,9.7,97,1020.5,17.1,83,0.0
2026-05-30 07:00:00,10.1,95,1020.2,16.2,87,0.0
2026-05-30 08:00:00,10.1,96,1020.2,16.3,80,0.0
2026-05-30 09:00:00,10.5,97,1020.2,17.3,79,0.0
2026-05-30 10:00:00,11.0,95,1020.0,17.2,85,0.0
2026-05-30 11:00:00,11.9,88,1019.3,17.1,92,0.0
2026-05-30 12:00:00,13.0,84,1018.3,15.5,87,0.0
2026-05-30 13:00:00,13.4,80,1017.2,15.2,97,0.0
2026-05-30 14:00:00,14.0,76,1016.2,14.9,101,0.0
2026-05-30 15:00:00,13.8,75,1015.2,13.6,98,0.0
2026-05-30 16:00:00,12.8,77,1014.9,11.3,107,0.0
2026-05-30 17:00:00,11.3,81,1014.9,9.6,127,0.0
2026-05-30 18:00:00,11.2,84,1014.3,7.1,109,0.0
2026-05-30 19:00:00,11.1,75,1013.8,6.2,17,0.0
2026-05-30 20:00:00,10.8,66,1013.4,6.9,6,0.0
2026-05-30 21:00:00,10.5,69,1013.1,7.6,8,0.0
2026-05-30 22:00:00,10.6,71,1013.2,9.0,5,0.0
2026-05-30 23:00:00,10.8,72,1013.2,10.8,10,0.0
2026-05-31 00:00:00,10.2,73,1012.0,7.9,4,0.0
2026-05-31 01:00:00,11.6,69,1011.8,9.5,10,0.0
2026-05-31 02:00:00,12.6,69,1011.3,14.8,27,0.0
2026-05-31 03:00:00,14.0,65,1010.9,19.9,29,0.0
2026-05-31 04:00:00,14.4,65,1010.4,19.5,37,0.0
2026-05-31 05:00:00,14.4,69,1009.6,19.7,45,0.0
2026-05-31 06:00:00,14.6,68,1008.6,19.7,41,0.0
2026-05-31 07:00:00,15.1,66,1008.5,19.2,40,0.0
2026-05-31 08:00:00,14.5,70,1008.4,18.1,46,0.0
2026-05-31 09:00:00,15.0,68,1008.5,17.7,50,0.0
2026-05-31 10:00:00,16.1,61,1008.3,18.9,42,0.0
2026-05-31 11:00:00,17.0,58,1008.3,18.3,47,0.0
2026-05-31 12:00:00,17.9,58,1007.3,17.0,54,0.0
2026-05-31 13:00:00,18.1,60,1006.2,14.5,59,0.0
2026-05-31 14:00:00,18.8,60,1005.8,18.6,41,0.0
2026-05-31 15:00:00,17.4,66,1005.6,19.7,42,0.0
2026-05-31 16:00:00,17.3,69,1006.2,18.7,33,0.0
2026-05-31 17:00:00,17.3,72,1006.6,14.9,30,0.0
2026-05-31 18:00:00,16.0,79,1005.6,10.1,55,0.0
2026-05-31 19:00:00,18.3,69,1006.1,13.0,20,0.0
2026-05-31 20:00:00,18.7,67,1006.6,14.2,15,0.0
2026-05-31 21:00:00,17.4,73,1006.7,12.0,55,0.0
2026-05-31 22:00:00,15.8,79,1007.4,14.4,67,0.0
2026-05-31 23:00:00,16.4,75,1008.1,13.8,69,0.0
2026-06-01 00:00:00,16.2,73,1006.9,8.8,75,0.0
2026-06-01 01:00:00,17.2,69,1006.7,9.9,75,0.0
2026-06-01 02:00:00,16.2,73,1006.9,11.6,96,0.0
2026-06-01 03:00:00,16.5,73,1007.0,12.1,67,0.1
2026-06-01 04:00:00,16.8,71,1006.8,15.8,42,0.0
2026-06-01 05:00:00,15.8,74,1006.6,11.5,56,0.0
2026-06-01 06:00:00,16.3,73,1006.3,10.6,48,0.0
2026-06-01 07:00:00,17.8,68,1006.7,15.2,19,0.0
2026-06-01 08:00:00,17.7,67,1006.6,12.4,36,0.0
2026-06-01 09:00:00,16.1,74,1007.4,10.1,65,0.0
2026-06-01 10:00:00,16.1,74,1007.2,6.9,121,0.0
2026-06-01 11:00:00,16.9,71,1007.3,9.0,123,0.0
2026-06-01 12:00:00,15.7,81,1006.0,12.9,110,0.0
2026-06-01 13:00:00,17.7,70,1005.7,11.5,94,0.0
2026-06-01 14:00:00,16.5,75,1005.0,12.8,91,0.0
2026-06-01 15:00:00,16.3,77,1004.5,11.2,96,0.0
2026-06-01 16:00:00,16.1,80,1004.5,13.1,82,0.0
2026-06-01 17:00:00,14.8,93,1004.7,13.4,78,2.1
2026-06-01 18:00:00,14.2,92,1004.6,12.7,105,0.0
2026-06-01 19:00:00,14.1,92,1004.2,13.4,119,0.0
2026-06-01 20:00:00,14.0,94,1004.2,9.6,106,0.5
2026-06-01 21:00:00,14.2,93,1003.3,6.4,140,0.2
2026-06-01 22:00:00,14.1,95,1003.4,12.4,109,0.0
2026-06-01 23:00:00,13.9,95,1002.9,12.9,97,0.0
2026-06-02 00:00:00,14.0,90,1001.6,11.9,101,0.0
2026-06-02 01:00:00,14.0,90,1002.1,15.8,71,0.0
2026-06-02 02:00:00,13.6,93,1000.7,14.1,77,0.1
2026-06-02 03:00:00,13.5,95,1000.5,17.3,57,0.1
2026-06-02 04:00:00,13.5,95,999.8,16.2,66,0.0
2026-06-02 05:00:00,13.6,94,999.9,10.7,74,0.2
2026-06-02 06:00:00,13.3,95,998.6,9.4,97,0.1
2026-06-02 07:00:00,13.2,96,998.6,9.5,119,0.1
2026-06-02 08:00:00,12.7,96,998.6,9.5,127,0.0
2026-06-02 09:00:00,13.6,95,998.6,9.8,114,0.0
2026-06-02 10:00:00,14.5,92,999.0,7.9,114,0.1
2026-06-02 11:00:00,15.3,91,999.3,7.0,136,0.0
2026-06-02 12:00:00,16.0,91,997.8,3.1,339,0.0
2026-06-02 13:00:00,16.6,89,997.7,1.6,96,0.0
2026-06-02 14:00:00,16.2,86,998.2,12.7,227,0.0
2026-06-02 15:00:00,13.9,87,998.6,19.7,235,0.0
2026-06-02 16:00:00,12.7,93,998.9,20.8,230,0.0
2026-06-02 17:00:00,12.3,92,999.9,18.9,223,0.1
2026-06-02 18:00:00,12.5,91,1000.3,16.4,230,0.1
2026-06-02 19:00:00,12.7,91,1000.9,17.8,235,0.0
2026-06-02 20:00:00,12.7,89,1001.4,17.2,229,0.0
2026-06-02 21:00:00,12.3,89,1002.0,15.7,232,0.0
2026-06-02 22:00:00,11.8,90,1002.9,13.4,231,0.0
2026-06-02 23:00:00,11.7,89,1003.5,13.0,229,0.1
2026-06-03 00:00:00,11.7,89,1004.1,9.8,235,1.7
2026-06-03 01:00:00,11.6,89,1004.6,9.3,248,0.0
2026-06-03 02:00:00,11.3,93,1005.0,9.4,223,0.4
2026-06-03 03:00:00,11.2,95,1005.4,6.9,219,0.4
2026-06-03 04:00:00,11.0,96,1005.5,5.9,239,0.0
2026-06-03 05:00:00,10.8,97,1005.8,3.4,254,0.0
2026-06-03 06:00:00,10.4,96,1006.4,0.2,360,0.0
2026-06-03 07:00:00,10.8,95,1006.8,0.9,79,0.0
2026-06-03 08:00:00,10.9,94,1007.6,0.9,90,0.1
2026-06-03 09:00:00,11.2,95,1008.3,2.4,117,0.2
2026-06-03 10:00:00,11.5,95,1008.8,3.9,77,0.2
2026-06-03 11:00:00,11.8,92,1009.0,7.8,58,0.1
2026-06-03 12:00:00,12.1,85,1008.7,9.3,66,0.0
2026-06-03 13:00:00,12.8,77,1008.3,8.6,70,0.0
2026-06-03 14:00:00,13.0,73,1008.2,9.7,72,0.0
2026-06-03 15:00:00,12.6,74,1008.0,11.2,78,0.0
2026-06-03 16:00:00,11.8,81,1008.2,11.7,85,0.0
2026-06-03 17:00:00,10.8,90,1008.0,12.4,82,0.0
2026-06-03 18:00:00,10.6,91,1008.3,14.4,72,0.0
2026-06-03 19:00:00,10.9,90,1008.8,15.0,69,0.0
2026-06-03 20:00:00,10.9,90,1009.0,14.6,70,0.0
2026-06-03 21:00:00,10.9,91,1009.0,15.3,73,0.0
2026-06-03 22:00:00,11.0,91,1008.8,16.3,68,0.0
2026-06-03 23:00:00,11.1,91,1008.7,18.4,57,0.0
2026-06-04 00:00:00,11.5,93,1008.3,19.6,58,0.0
2026-06-04 01:00:00,11.2,95,1007.7,19.1,47,0.1
2026-06-04 02:00:00,10.6,96,1007.3,16.6,49,0.0
2026-06-04 03:00:00,9.9,98,1006.7,14.3,42,0.0
2026-06-04 04:00:00,9.7,94,1006.3,12.2,43,0.0
2026-06-04 05:00:00,9.1,95,1005.5,11.0,69,0.0
2026-06-04 06:00:00,9.8,94,1005.1,13.3,81,0.0
2026-06-04 07:00:00,10.3,89,1005.3,9.8,67,0.0
2026-06-04 08:00:00,10.8,85,1004.6,10.0,77,0.0
2026-06-04 09:00:00,11.3,84,1004.6,13.4,64,0.0
2026-06-04 10:00:00,11.9,85,1004.4,12.5,70,0.0
2026-06-04 11:00:00,12.8,84,1004.2,12.0,76,0.0
2026-06-04 12:00:00,14.6,67,1003.1,10.6,93,0.0
2026-06-04 13:00:00,15.8,64,1002.0,10.5,97,0.0
2026-06-04 14:00:00,16.6,65,1001.6,9.9,78,0.0
2026-06-04 15:00:00,17.0,65,1001.2,12.2,44,0.0
2026-06-04 16:00:00,16.4,67,1000.9,13.0,31,0.0
2026-06-04 17:00:00,15.8,70,1000.9,12.7,11,0.0
2026-06-04 18:00:00,15.6,70,1000.4,14.8,1,0.0
2026-06-04 19:00:00,15.7,68,1000.3,11.9,350,0.0
2026-06-04 20:00:00,15.5,70,1000.2,15.5,347,0.0
2026-06-04 21:00:00,14.8,70,1000.0,12.6,350,0.0
2026-06-04 22:00:00,14.7,69,1000.1,14.4,9,0.0
2026-06-04 23:00:00,15.2,65,1000.3,12.8,19,0.0
2026-06-05 00:00:00,13.2,74,999.6,5.8,26,0.0
2026-06-05 01:00:00,12.6,77,999.2,6.0,39,0.0
2026-06-05 02:00:00,12.9,77,999.0,9.6,17,0.0
2026-06-05 03:00:00,14.4,69,998.8,12.7,23,0.0
2026-06-05 04:00:00,13.2,73,998.5,11.1,30,0.0
2026-06-05 05:00:00,13.2,75,998.2,11.6,35,0.0
2026-06-05 06:00:00,12.4,80,997.7,7.7,59,0.0
2026-06-05 07:00:00,12.4,80,997.5,7.2,78,0.0
2026-06-05 08:00:00,12.4,85,997.3,8.6,100,0.0
2026-06-05 09:00:00,12.9,85,997.5,9.1,117,0.0
2026-06-05 10:00:00,14.5,76,997.1,8.2,130,0.0
2026-06-05 11:00:00,16.2,68,997.0,6.2,112,0.0
2026-06-05 12:00:00,16.2,65,995.9,8.4,99,0.0
2026-06-05 13:00:00,16.3,67,994.7,5.8,99,0.0
2026-06-05 14:00:00,16.0,82,994.6,5.8,16,1.1
2026-06-05 15:00:00,14.9,88,994.1,4.1,257,0.6
2026-06-05 16:00:00,14.5,88,994.1,8.8,191,0.2
2026-06-05 17:00:00,13.4,85,993.6,6.8,197,0.0
2026-06-05 18:00:00,12.7,86,993.4,0.6,342,0.4
2026-06-05 19:00:00,12.1,96,993.9,5.1,350,0.3
2026-06-05 20:00:00,11.9,96,993.4,7.2,194,1.3
2026-06-05 21:00:00,11.9,95,993.4,4.4,161,0.8
2026-06-05 22:00:00,11.9,92,993.3,1.9,197,0.1
2026-06-05 23:00:00,11.2,93,993.3,4.2,230,0.0
2026-06-06 00:00:00,11.5,91,993.4,1.5,201,0.1
2026-06-06 01:00:00,11.2,90,993.6,1.3,214,0.0
2026-06-06 02:00:00,10.3,94,993.5,7.3,237,0.0
2026-06-06 03:00:00,9.9,93,993.7,7.5,228,0.0
2026-06-06 04:00:00,10.2,90,993.9,8.4,233,0.0
2026-06-06 05:00:00,10.7,88,994.4,10.7,220,0.0
2026-06-06 06:00:00,10.2,91,995.2,17.1,230,0.1
2026-06-06 07:00:00,10.2,95,996.2,18.1,238,0.5
2026-06-06 08:00:00,10.9,95,997.0,17.3,219,1.1
2026-06-06 09:00:00,10.9,92,998.1,19.4,200,0.9
2026-06-06 10:00:00,10.8,92,999.4,17.0,207,0.5
2026-06-06 11:00:00,10.9,92,1000.4,15.8,220,0.2
2026-06-06 12:00:00,12.5,80,1000.4,15.7,217,0.1
2026-06-06 13:00:00,12.2,79,1000.2,14.4,210,0.0
2026-06-06 14:00:00,12.5,74,1000.4,10.1,220,0.0
2026-06-06 15:00:00,12.8,69,1000.6,8.4,208,0.0
2026-06-06 16:00:00,12.2,71,1001.6,6.7,211,0.0
2026-06-06 17:00:00,10.7,81,1002.2,3.8,211,0.0
2026-06-06 18:00:00,9.8,86,1002.3,2.3,209,0.0
2026-06-06 19:00:00,9.1,87,1002.7,1.1,171,0.0
2026-06-06 20:00:00,8.7,88,1003.2,3.2,142,0.0
2026-06-06 21:00:00,9.1,87,1003.5,5.8,97,0.0
2026-06-06 22:00:00,9.3,86,1003.9,6.4,72,0.0
2026-06-06 23:00:00,9.4,89,1004.2,6.5,62,0.0
2026-06-07 00:00:00,8.3,92,1005.7,1.3,135,0.0
2026-06-07 01:00:00,7.3,88,1007.2,9.4,215,0.5
2026-06-07 02:00:00,7.6,93,1008.6,6.5,185,5.1
2026-06-07 03:00:00,6.7,94,1009.1,3.1,234,0.0
2026-06-07 04:00:00,5.5,97,1010.0,6.5,289,0.0
2026-06-07 05:00:00,4.7,98,1010.7,3.9,248,0.0
2026-06-07 06:00:00,4.4,97,1011.6,1.5,216,0.0
2026-06-07 07:00:00,4.7,95,1011.9,0.9,281,0.0
2026-06-07 08:00:00,4.9,94,1011.9,1.5,76,0.0
2026-06-07 09:00:00,6.1,95,1012.0,4.5,85,0.0
2026-06-07 10:00:00,8.5,94,1011.9,9.8,67,0.0
2026-06-07 11:00:00,10.2,88,1011.9,11.3,63,0.0
2026-06-07 12:00:00,12.0,63,1010.8,15.3,60,0.0
2026-06-07 13:00:00,12.5,60,1010.2,14.1,71,0.0
2026-06-07 14:00:00,12.5,67,1010.3,11.7,69,0.0
2026-06-07 15:00:00,12.3,73,1010.3,11.8,82,0.0
2026-06-07 16:00:00,12.0,77,1010.3,8.5,94,0.0
2026-06-07 17:00:00,10.0,85,1010.3,3.2,124,0.0
2026-06-07 18:00:00,8.8,93,1010.0,0.4,153,0.0
2026-06-07 19:00:00,8.5,92,1009.8,1.2,207,0.0
2026-06-07 20:00:00,8.5,85,1010.3,6.4,245,0.0
2026-06-07 21:00:00,8.9,72,1009.8,7.6,269,0.0
2026-06-07 22:00:00,8.6,72,1009.8,6.4,259,0.0
2026-06-07 23:00:00,8.2,73,1009.5,4.3,265,0.0
2026-06-08 00:00:00,8.3,71,1008.5,1.1,99,0.0
2026-06-08 01:00:00,9.0,68,1008.3,1.4,230,0.0
2026-06-08 02:00:00,9.9,70,1008.1,8.8,261,0.0
2026-06-08 03:00:00,10.7,70,1008.3,12.1,268,0.0
2026-06-08 04:00:00,10.6,70,1007.9,9.7,259,0.0
2026-06-08 05:00:00,11.2,69,1007.8,10.8,269,0.0
2026-06-08 06:00:00,10.2,71,1007.3,7.7,273,0.0
2026-06-08 07:00:00,13.1,63,1007.3,18.6,275,0.0
2026-06-08 08:00:00,14.2,58,1007.4,21.2,284,0.0
2026-06-08 09:00:00,15.0,56,1007.7,21.3,282,0.0
2026-06-08 10:00:00,15.7,55,1007.9,19.8,280,0.0
2026-06-08 11:00:00,16.8,53,1007.9,19.1,282,0.0
2026-06-08 12:00:00,18.5,50,1007.1,17.9,283,0.0
2026-06-08 13:00:00,18.7,48,1006.4,14.1,260,0.0
2026-06-08 14:00:00,17.5,52,1006.4,11.7,179,0.0
2026-06-08 15:00:00,13.5,64,1007.4,20.2,175,0.0
2026-06-08 16:00:00,11.3,68,1008.8,25.6,182,0.0
2026-06-08 17:00:00,9.2,80,1010.7,25.7,191,1.0
2026-06-08 18:00:00,9.0,84,1011.9,11.3,197,1.2
2026-06-08 19:00:00,9.2,84,1012.8,9.5,237,0.5
2026-06-08 20:00:00,8.6,89,1013.8,12.1,247,1.8
2026-06-08 21:00:00,8.2,92,1014.3,15.0,232,0.3
2026-06-08 22:00:00,8.0,85,1014.9,20.8,235,0.1
2026-06-08 23:00:00,8.4,78,1015.4,23.4,235,0.1
2026-06-09 00:00:00,8.9,57,1015.7,27.1,228,0.1
2026-06-09 01:00:00,9.3,52,1016.2,27.0,226,0.0
2026-06-09 02:00:00,9.3,52,1016.9,27.5,230,0.0
2026-06-09 03:00:00,8.3,55,1017.2,20.6,252,0.0
2026-06-09 04:00:00,7.1,61,1017.9,15.6,263,0.0
2026-06-09 05:00:00,7.4,56,1018.3,16.2,251,0.0
2026-06-09 06:00:00,9.6,50,1019.6,32.5,229,0.0
2026-06-09 07:00:00,9.7,52,1019.9,31.9,234,0.0
2026-06-09 08:00:00,9.5,52,1021.0,31.3,234,0.0
2026-06-09 09:00:00,10.0,52,1022.3,34.5,229,0.0
2026-06-09 10:00:00,10.9,50,1023.4,39.5,222,0.0
2026-06-09 11:00:00,11.5,51,1024.3,40.6,222,0.0
2026-06-09 12:00:00,11.8,49,1025.2,39.2,217,0.0
2026-06-09 13:00:00,11.9,47,1025.5,36.7,216,0.0
2026-06-09 14:00:00,12.1,47,1025.9,33.4,214,0.0
2026-06-09 15:00:00,11.9,50,1026.4,27.8,216,0.0
2026-06-09 16:00:00,11.4,54,1027.3,19.4,217,0.0
2026-06-09 17:00:00,10.3,62,1028.2,12.6,218,0.0
2026-06-09 18:00:00,8.1,74,1028.6,7.2,207,0.0
2026-06-09 19:00:00,7.7,78,1029.3,6.2,216,0.0
2026-06-09 20:00:00,6.6,84,1029.9,5.3,252,0.0
2026-06-09 21:00:00,5.8,86,1030.3,6.5,267,0.0
2026-06-09 22:00:00,5.2,85,1030.8,6.7,251,0.0
2026-06-09 23:00:00,5.1,84,1031.1,6.5,242,0.0
2026-06-10 00:00:00,4.4,83,1031.4,5.8,234,0.0
2026-06-10 01:00:00,4.4,80,1031.7,5.6,239,0.0
2026-06-10 02:00:00,4.3,78,1031.7,6.0,237,0.0
2026-06-10 03:00:00,4.3,76,1031.8,5.3,232,0.0
2026-06-10 04:00:00,4.3,74,1031.7,5.4,228,0.0
2026-06-10 05:00:00,4.4,72,1031.8,5.2,224,0.0
2026-06-10 06:00:00,3.8,70,1032.8,4.0,212,0.0
2026-06-10 07:00:00,3.7,70,1033.2,4.2,211,0.0
2026-06-10 08:00:00,3.9,70,1033.6,4.3,213,0.0
2026-06-10 09:00:00,5.9,65,1034.0,4.2,211,0.0
2026-06-10 10:00:00,8.6,59,1034.1,6.3,204,0.0
2026-06-10 11:00:00,10.9,53,1034.4,6.1,220,0.0
2026-06-10 12:00:00,13.0,51,1033.9,2.1,239,0.0
2026-06-10 13:00:00,14.2,51,1033.2,3.3,279,0.0
2026-06-10 14:00:00,14.4,51,1033.0,3.1,280,0.0
2026-06-10 15:00:00,14.2,52,1032.6,2.3,315,0.0
2026-06-10 16:00:00,12.9,69,1032.7,2.7,20,0.0
2026-06-10 17:00:00,10.1,82,1033.0,4.2,54,0.0
2026-06-10 18:00:00,8.7,85,1033.0,3.3,84,0.0
2026-06-10 19:00:00,8.5,88,1033.4,5.2,112,0.0
2026-06-10 20:00:00,8.4,84,1033.5,6.8,117,0.0
2026-06-10 21:00:00,7.9,81,1033.6,6.1,113,0.0
2026-06-10 22:00:00,7.7,82,1034.0,6.0,106,0.0
2026-06-10 23:00:00,7.5,86,1033.9,6.1,95,0.0
2026-06-11 00:00:00,6.8,90,1033.9,5.4,98,0.0
2026-06-11 01:00:00,6.8,91,1034.0,5.4,98,0.0
2026-06-11 02:00:00,6.6,92,1033.8,5.4,94,0.0
2026-06-11 03:00:00,6.5,91,1034.0,4.4,97,0.0
2026-06-11 04:00:00,6.3,92,1033.5,3.4,93,0.0
2026-06-11 05:00:00,6.1,94,1033.2,2.6,74,0.0
2026-06-11 06:00:00,5.8,97,1033.2,2.7,58,0.0
2026-06-11 07:00:00,5.3,100,1033.3,4.5,53,0.0
2026-06-11 08:00:00,5.0,100,1033.1,5.3,55,0.0
2026-06-11 09:00:00,6.6,97,1033.4,6.6,64,0.0
2026-06-11 10:00:00,9.2,91,1033.3,9.9,71,0.0
2026-06-11 11:00:00,10.7,86,1033.0,11.2,69,0.0
2026-06-11 12:00:00,10.0,93,1032.3,8.6,88,0.0
2026-06-11 13:00:00,11.0,86,1031.6,10.8,88,0.0
2026-06-11 14:00:00,11.5,82,1030.6,12.5,83,0.0
2026-06-11 15:00:00,11.5,80,1030.0,13.6,73,0.0
2026-06-11 16:00:00,11.0,84,1030.0,13.3,69,0.0
2026-06-11 17:00:00,9.9,89,1030.1,11.2,68,0.0
2026-06-11 18:00:00,9.9,89,1030.1,13.4,70,0.0
2026-06-11 19:00:00,10.0,90,1029.9,13.3,74,0.0
2026-06-11 20:00:00,9.7,92,1030.0,10.1,80,0.0
2026-06-11 21:00:00,9.1,93,1029.8,8.7,83,0.0
2026-06-11 22:00:00,8.4,96,1029.7,5.7,72,0.0
2026-06-11 23:00:00,7.5,100,1029.5,1.3,82,0.0
2026-06-12 00:00:00,6.6,100,1029.4,3.7,104,0.0
2026-06-12 01:00:00,6.0,100,1028.8,0.7,194,0.0
2026-06-12 02:00:00,5.0,100,1028.7,2.3,209,0.0
2026-06-12 03:00:00,4.8,100,1028.9,6.1,214,0.0
2026-06-12 04:00:00,5.5,94,1028.9,8.7,222,0.0
2026-06-12 05:00:00,6.1,85,1029.1,9.0,232,0.0
2026-06-12 06:00:00,5.7,84,1029.8,8.7,243,0.0
2026-06-12 07:00:00,6.5,86,1030.6,9.4,230,0.4
2026-06-12 08:00:00,6.6,86,1031.0,5.9,215,0.5
2026-06-12 09:00:00,7.1,84,1031.8,8.7,217,0.0
2026-06-12 10:00:00,9.1,81,1032.3,11.0,206,0.0
2026-06-12 11:00:00,12.5,73,1032.6,10.0,194,0.0
2026-06-12 12:00:00,11.5,71,1032.5,9.6,200,0.0
2026-06-12 13:00:00,12.8,70,1031.7,8.4,196,0.0
2026-06-12 14:00:00,13.7,70,1031.5,9.2,192,0.0
2026-06-12 15:00:00,13.4,70,1031.4,6.2,197,0.0
2026-06-12 16:00:00,12.9,71,1031.8,4.2,205,0.0
2026-06-12 17:00:00,10.5,83,1032.3,3.3,229,0.0
2026-06-12 18:00:00,9.9,88,1032.2,2.5,60,0.0
2026-06-12 19:00:00,9.1,94,1032.4,4.8,56,0.0
2026-06-12 20:00:00,9.0,95,1032.5,6.1,45,0.0
2026-06-12 21:00:00,8.5,95,1032.5,5.5,41,0.0
2026-06-12 22:00:00,8.1,96,1032.8,5.5,46,0.0
2026-06-12 23:00:00,7.9,96,1032.5,6.0,57,0.0
2026-06-13 00:00:00,7.5,99,1031.9,5.8,68,0.0
2026-06-13 01:00:00,7.8,97,1031.4,6.8,68,0.0
2026-06-13 02:00:00,8.0,94,1030.9,8.1,55,0.0
2026-06-13 03:00:00,8.2,94,1030.5,9.1,51,0.0
2026-06-13 04:00:00,7.9,96,1029.8,8.7,50,0.0
2026-06-13 05:00:00,7.7,98,1029.5,8.2,58,0.0
2026-06-13 06:00:00,7.8,98,1029.3,10.5,68,0.0
2026-06-13 07:00:00,8.0,98,1029.1,9.5,58,0.0
2026-06-13 08:00:00,8.1,98,1029.3,6.6,55,0.0
2026-06-13 09:00:00,8.8,97,1029.4,9.0,60,0.0
2026-06-13 10:00:00,9.3,96,1029.5,9.6,62,0.0
2026-06-13 11:00:00,9.9,93,1029.7,8.0,76,0.0
2026-06-13 12:00:00,12.1,85,1028.3,7.9,93,0.0
2026-06-13 13:00:00,13.0,79,1027.9,4.5,90,0.0
2026-06-13 14:00:00,13.6,74,1027.9,2.8,215,0.0
2026-06-13 15:00:00,12.8,78,1027.9,7.4,229,0.0
2026-06-13 16:00:00,11.7,81,1028.3,5.8,261,0.0
2026-06-13 17:00:00,9.3,93,1028.3,4.7,277,0.0
2026-06-13 18:00:00,8.0,95,1028.1,2.0,185,0.0
2026-06-13 19:00:00,7.8,97,1027.9,2.8,125,0.0
2026-06-13 20:00:00,8.7,97,1027.8,9.6,98,0.0
2026-06-13 21:00:00,9.2,96,1027.5,10.3,88,0.0
2026-06-13 22:00:00,9.6,94,1027.3,9.8,82,0.0
2026-06-13 23:00:00,9.8,94,1027.1,9.6,76,0.0
2026-06-14 00:00:00,10.1,95,1026.5,10.4,72,0.0
2026-06-14 01:00:00,10.0,96,1025.8,8.7,68,0.0
2026-06-14 02:00:00,9.8,98,1024.8,7.2,76,0.0
2026-06-14 03:00:00,9.1,100,1024.5,5.0,88,0.0
2026-06-14 04:00:00,8.2,100,1023.8,3.7,101,0.0
2026-06-14 05:00:00,7.7,100,1023.6,1.3,106,0.0
2026-06-14 06:00:00,6.9,100,1023.3,1.0,59,0.0
2026-06-14 07:00:00,7.0,100,1023.0,1.0,135,0.0
2026-06-14 08:00:00,7.3,99,1022.6,1.5,135,0.0
2026-06-14 09:00:00,8.3,97,1022.5,3.6,110,0.0
2026-06-14 10:00:00,9.7,94,1021.7,7.5,101,0.0
2026-06-14 11:00:00,11.8,86,1021.5,7.2,94,0.0
2026-06-14 12:00:00,14.5,75,1020.3,7.3,97,0.0
2026-06-14 13:00:00,15.9,69,1018.8,6.5,104,0.0
2026-06-14 14:00:00,16.9,66,1017.9,6.1,88,0.0
2026-06-14 15:00:00,17.0,68,1017.4,7.3,67,0.0
2026-06-14 16:00:00,17.5,65,1017.4,13.0,296,0.0
2026-06-14 17:00:00,17.0,57,1017.5,20.9,290,0.0
2026-06-14 18:00:00,16.0,59,1016.8,14.3,298,0.0
2026-06-14 19:00:00,14.3,65,1016.8,8.4,289,0.0
2026-06-14 20:00:00,13.5,68,1016.5,1.3,146,0.0
2026-06-14 21:00:00,13.2,70,1016.2,3.9,118,0.0
2026-06-14 22:00:00,12.8,74,1016.0,3.1,121,0.0
2026-06-14 23:00:00,12.4,76,1015.7,1.0,112,0.0
2026-06-15 00:00:00,12.0,77,1014.4,1.8,127,0.0
2026-06-15 01:00:00,13.3,71,1014.3,3.9,158,0.0
2026-06-15 02:00:00,16.4,57,1013.7,13.9,259,0.0
2026-06-15 03:00:00,17.1,54,1013.7,17.8,273,0.0
2026-06-15 04:00:00,16.2,57,1013.8,13.5,280,0.0
2026-06-15 05:00:00,15.2,60,1013.6,13.6,305,0.0
2026-06-15 06:00:00,11.2,79,1014.1,4.8,245,0.0
2026-06-15 07:00:00,12.1,71,1015.0,11.0,139,0.0
2026-06-15 08:00:00,10.6,79,1016.2,2.6,129,0.0
2026-06-15 09:00:00,11.1,79,1017.4,5.3,303,0.0
2026-06-15 10:00:00,10.9,87,1018.4,7.5,294,0.1
2026-06-15 11:00:00,10.6,94,1019.4,5.8,296,1.5
2026-06-15 12:00:00,10.1,93,1019.2,4.6,189,1.1
2026-06-15 13:00:00,10.3,93,1019.5,3.5,204,2.1
2026-06-15 14:00:00,10.2,94,1019.9,10.6,215,2.2
2026-06-15 15:00:00,9.6,90,1020.4,10.3,202,1.5
2026-06-15 16:00:00,9.4,91,1020.8,3.9,248,0.9
2026-06-15 17:00:00,9.0,96,1021.7,9.3,280,0.1
2026-06-15 18:00:00,8.4,96,1022.2,8.1,258,0.1
2026-06-15 19:00:00,8.5,96,1022.5,10.2,249,0.2
2026-06-15 20:00:00,8.5,96,1023.0,12.5,245,0.1
2026-06-15 21:00:00,8.4,95,1023.4,14.4,242,0.1
2026-06-15 22:00:00,8.3,95,1023.8,13.6,226,0.1
2026-06-15 23:00:00,8.5,93,1024.1,11.7,217,0.1
2026-06-16 00:00:00,7.7,93,1025.0,13.3,208,0.0
2026-06-16 01:00:00,7.3,94,1025.6,10.7,216,0.0
2026-06-16 02:00:00,7.5,92,1025.7,11.1,216,0.0
2026-06-16 03:00:00,7.4,90,1025.8,11.5,207,0.0
2026-06-16 04:00:00,7.2,88,1025.6,9.7,209,0.0
2026-06-16 05:00:00,6.2,88,1025.5,7.4,227,0.0
2026-06-16 06:00:00,5.2,90,1025.5,5.6,248,0.0
2026-06-16 07:00:00,5.2,90,1025.7,5.1,252,0.0
2026-06-16 08:00:00,4.7,91,1025.7,4.9,262,0.0
2026-06-16 09:00:00,5.3,92,1025.7,6.4,259,0.0
2026-06-16 10:00:00,6.6,90,1025.5,3.3,257,0.0
2026-06-16 11:00:00,8.1,78,1024.6,2.3,288,0.0
2026-06-16 12:00:00,9.3,68,1022.5,5.8,5,0.0
2026-06-16 13:00:00,9.7,66,1020.9,9.3,34,0.0
2026-06-16 14:00:00,9.5,66,1019.7,10.7,49,0.0
2026-06-16 15:00:00,9.2,68,1018.6,11.1,56,0.0
2026-06-16 16:00:00,8.7,73,1017.8,11.9,61,0.0
2026-06-16 17:00:00,7.7,80,1017.0,12.2,66,0.0
2026-06-16 18:00:00,7.7,85,1015.4,14.4,68,0.0
2026-06-16 19:00:00,8.3,87,1014.2,14.3,70,0.0
2026-06-16 20:00:00,8.5,89,1013.1,10.1,73,0.0
2026-06-16 21:00:00,7.1,91,1011.7,4.7,94,0.0
2026-06-16 22:00:00,6.7,91,1010.3,2.2,132,0.0
2026-06-16 23:00:00,6.7,90,1009.4,0.9,217,0.0
2026-06-17 00:00:00,6.5,90,1008.2,2.5,262,0.0
2026-06-17 01:00:00,8.4,73,1007.5,8.6,272,0.0
2026-06-17 02:00:00,10.5,56,1006.9,20.2,284,0.0
2026-06-17 03:00:00,10.7,56,1006.6,22.3,290,0.0
2026-06-17 04:00:00,10.2,60,1005.8,11.6,302,0.0
2026-06-17 05:00:00,9.9,63,1006.4,12.7,282,0.0
2026-06-17 06:00:00,9.6,67,1006.2,9.3,285,0.0
2026-06-17 07:00:00,8.8,72,1006.9,6.3,239,0.0
2026-06-17 08:00:00,9.4,70,1007.9,10.3,218,0.0
2026-06-17 09:00:00,9.8,75,1009.6,14.2,189,0.0
2026-06-17 10:00:00,11.2,61,1011.0,23.3,189,0.0
2026-06-17 11:00:00,10.9,63,1011.9,21.4,198,0.0
2026-06-17 12:00:00,10.8,68,1012.3,12.5,207,0.0
2026-06-17 13:00:00,11.2,61,1012.4,11.2,198,0.0
2026-06-17 14:00:00,11.1,60,1012.6,10.0,201,0.0
2026-06-17 15:00:00,10.7,62,1012.8,9.2,196,0.0
2026-06-17 16:00:00,10.3,65,1013.5,4.3,202,0.0
2026-06-17 17:00:00,9.7,71,1013.9,0.5,270,0.0
2026-06-17 18:00:00,8.9,77,1013.8,3.3,257,0.0
2026-06-17 19:00:00,8.7,78,1013.8,1.6,270,0.0
2026-06-17 20:00:00,7.4,81,1013.4,0.7,284,0.0
2026-06-17 21:00:00,6.9,81,1012.9,0.5,135,0.0
2026-06-17 22:00:00,6.5,82,1012.5,4.8,53,0.0
2026-06-17 23:00:00,6.8,87,1012.0,7.5,37,0.0
2026-06-18 00:00:00,8.2,81,1011.3,13.6,49,0.0
2026-06-18 01:00:00,8.3,79,1010.7,13.6,50,0.0
2026-06-18 02:00:00,8.5,81,1009.8,14.2,50,0.0
2026-06-18 03:00:00,8.3,84,1009.1,12.1,49,0.0
2026-06-18 04:00:00,7.6,85,1007.8,9.8,55,0.0
2026-06-18 05:00:00,7.1,86,1006.9,7.1,60,0.0
2026-06-18 06:00:00,6.1,88,1006.6,4.0,100,0.0
2026-06-18 07:00:00,4.9,94,1007.4,3.2,196,0.0
2026-06-18 08:00:00,4.7,96,1007.2,5.1,148,0.0
2026-06-18 09:00:00,5.0,95,1008.2,6.0,197,0.0
2026-06-18 10:00:00,6.7,89,1009.6,15.3,232,0.0
2026-06-18 11:00:00,7.2,84,1010.8,12.7,238,0.0
2026-06-18 12:00:00,10.1,76,1010.1,7.7,273,0.0
2026-06-18 13:00:00,11.0,74,1010.2,7.3,279,0.0
2026-06-18 14:00:00,11.5,73,1010.5,5.4,290,0.0
2026-06-18 15:00:00,11.8,70,1011.0,4.2,301,0.0
2026-06-18 16:00:00,11.1,80,1011.7,2.2,325,0.0
2026-06-18 17:00:00,9.2,81,1012.3,0.5,315,0.0
2026-06-18 18:00:00,7.8,84,1012.7,3.0,65,0.0
2026-06-18 19:00:00,7.9,82,1013.4,1.3,90,0.0
2026-06-18 20:00:00,7.6,82,1013.9,1.4,90,0.0
2026-06-18 21:00:00,7.4,80,1014.4,1.9,112,0.0
2026-06-18 22:00:00,7.2,80,1014.7,2.7,98,0.0
2026-06-18 23:00:00,7.0,82,1015.2,2.2,81,0.0
2026-06-19 00:00:00,6.3,83,1015.7,3.6,81,0.0
2026-06-19 01:00:00,6.4,85,1015.8,2.5,82,0.0
2026-06-19 02:00:00,6.2,86,1015.8,2.7,90,0.0
2026-06-19 03:00:00,5.9,90,1015.7,6.0,80,0.0
2026-06-19 04:00:00,6.3,91,1015.5,6.9,75,0.0
2026-06-19 05:00:00,6.1,94,1015.3,6.9,67,0.0
2026-06-19 06:00:00,5.5,98,1015.5,7.1,81,0.0
2026-06-19 07:00:00,6.2,95,1015.7,9.3,80,0.0
2026-06-19 08:00:00,6.8,89,1015.4,11.2,69,0.0
2026-06-19 09:00:00,7.5,85,1015.4,12.2,59,0.0
2026-06-19 10:00:00,8.1,80,1015.6,11.9,48,0.0
2026-06-19 11:00:00,10.1,68,1015.2,10.1,50,0.0
2026-06-19 12:00:00,12.7,59,1014.0,15.1,57,0.0
2026-06-19 13:00:00,13.0,62,1013.3,11.0,62,0.0
2026-06-19 14:00:00,13.4,64,1012.0,8.4,101,0.0
2026-06-19 15:00:00,13.7,64,1012.1,2.9,133,0.0
2026-06-19 16:00:00,13.1,73,1012.3,0.3,135,0.0
2026-06-19 17:00:00,12.4,67,1012.8,10.9,258,0.0
2026-06-19 18:00:00,10.5,75,1011.7,3.0,205,0.0
2026-06-19 19:00:00,10.5,73,1011.8,1.5,315,0.0
2026-06-19 20:00:00,10.1,75,1011.8,1.7,49,0.0
2026-06-19 21:00:00,10.8,73,1011.6,4.3,28,0.0
2026-06-19 22:00:00,11.0,75,1011.2,3.6,70,0.0
2026-06-19 23:00:00,12.7,68,1011.1,9.3,331,0.0
2026-06-20 00:00:00,17.0,56,1010.0,26.4,323,0.0
2026-06-20 01:00:00,16.3,60,1010.0,27.8,352,0.0
2026-06-20 02:00:00,15.5,65,1009.1,29.8,6,0.0
2026-06-20 03:00:00,15.9,63,1008.7,32.9,12,0.0
2026-06-20 04:00:00,15.6,65,1008.6,30.8,18,0.0
2026-06-20 05:00:00,15.3,67,1007.9,29.0,17,0.0
2026-06-20 06:00:00,15.5,69,1006.6,24.7,5,0.0
2026-06-20 07:00:00,15.9,69,1006.6,24.4,8,0.0
2026-06-20 08:00:00,16.0,68,1006.3,24.8,17,0.0
2026-06-20 09:00:00,16.6,65,1005.8,27.2,21,0.0
2026-06-20 10:00:00,16.6,67,1006.0,23.0,19,0.0
2026-06-20 11:00:00,17.1,67,1006.0,20.0,17,0.0
2026-06-20 12:00:00,18.9,64,1005.0,19.1,18,0.0
2026-06-20 13:00:00,18.9,66,1003.7,15.6,40,0.0
2026-06-20 14:00:00,19.1,68,1002.6,10.0,23,0.0
2026-06-20 15:00:00,18.6,69,1001.5,11.4,354,0.0
2026-06-20 16:00:00,18.7,64,1003.0,10.8,330,0.1
2026-06-20 17:00:00,17.1,71,1003.8,11.7,269,0.1
2026-06-20 18:00:00,14.5,91,1004.8,12.9,235,0.7
2026-06-20 19:00:00,14.2,93,1005.7,12.6,233,3.2
2026-06-20 20:00:00,13.1,97,1006.9,11.1,254,2.6
2026-06-20 21:00:00,12.4,96,1008.2,12.2,244,2.0
2026-06-20 22:00:00,12.0,97,1009.5,12.7,224,0.4
2026-06-20 23:00:00,11.8,96,1010.4,6.6,202,0.1
2026-06-21 00:00:00,10.9,96,1011.9,0.7,284,0.0
2026-06-21 01:00:00,11.1,97,1012.7,4.1,270,0.0
2026-06-21 02:00:00,10.9,96,1013.5,6.4,230,0.2
2026-06-21 03:00:00,10.7,94,1014.3,4.5,203,0.3
2026-06-21 04:00:00,10.3,94,1015.0,4.7,208,0.2
2026-06-21 05:00:00,10.4,96,1015.3,7.0,206,0.3
2026-06-21 06:00:00,9.7,95,1016.2,3.9,193,0.2
2026-06-21 07:00:00,9.7,93,1016.8,6.7,186,0.1
2026-06-21 08:00:00,9.4,92,1017.5,7.4,177,0.0
2026-06-21 09:00:00,9.3,92,1018.6,3.6,213,0.7
2026-06-21 10:00:00,9.2,92,1019.2,7.2,217,1.4
2026-06-21 11:00:00,8.8,88,1020.2,10.0,194,3.6
2026-06-21 12:00:00,10.1,87,1019.8,4.1,236,2.2
2026-06-21 13:00:00,10.0,84,1019.4,3.3,209,0.3
2026-06-21 14:00:00,10.2,81,1018.9,1.5,7,0.0
2026-06-21 15:00:00,10.5,78,1018.7,3.5,351,0.0
2026-06-21 16:00:00,10.1,81,1019.2,5.5,351,0.0
2026-06-21 17:00:00,8.1,89,1019.7,4.6,349,0.0
2026-06-21 18:00:00,7.6,87,1019.8,0.9,360,0.0
2026-06-21 19:00:00,7.4,87,1020.2,0.9,79,0.0
2026-06-21 20:00:00,7.0,87,1020.9,0.9,101,0.0
2026-06-21 21:00:00,6.7,88,1021.4,0.8,117,0.0
2026-06-21 22:00:00,6.1,90,1022.0,0.4,180,0.0
2026-06-21 23:00:00,5.6,92,1022.9,0.4,207,0.0
2026-06-22 00:00:00,5.1,88,1023.1,0.8,117,0.0
2026-06-22 01:00:00,5.2,90,1023.2,0.5,315,0.0
2026-06-22 02:00:00,4.5,95,1023.2,0.6,252,0.0
2026-06-22 03:00:00,4.3,93,1023.5,1.1,180,0.0
2026-06-22 04:00:00,4.3,89,1023.7,1.3,196,0.0
2026-06-22 05:00:00,3.9,89,1023.7,1.7,229,0.0
2026-06-22 06:00:00,2.9,92,1024.3,0.6,236,0.0
2026-06-22 07:00:00,2.7,91,1024.8,0.5,225,0.0
2026-06-22 08:00:00,2.4,91,1025.2,1.0,248,0.0
2026-06-22 09:00:00,3.5,89,1025.7,0.6,198,0.0
2026-06-22 10:00:00,6.0,85,1025.8,2.6,141,0.0
2026-06-22 11:00:00,8.3,83,1025.7,4.5,95,0.0
2026-06-22 12:00:00,10.1,80,1025.2,6.5,92,0.0
2026-06-22 13:00:00,10.7,76,1024.4,8.3,86,0.0
2026-06-22 14:00:00,10.9,74,1024.1,9.7,87,0.0
2026-06-22 15:00:00,10.7,75,1023.5,11.2,85,0.0
2026-06-22 16:00:00,10.0,81,1023.9,12.6,77,0.0
2026-06-22 17:00:00,8.8,92,1024.0,11.9,84,0.0
2026-06-22 18:00:00,8.3,93,1024.0,12.7,96,0.0
2026-06-22 19:00:00,8.3,93,1023.7,13.1,98,0.0
2026-06-22 20:00:00,8.6,92,1023.7,13.1,97,0.0
2026-06-22 21:00:00,8.8,88,1023.4,12.1,88,0.0
2026-06-22 22:00:00,8.7,89,1023.3,11.4,79,0.0
2026-06-22 23:00:00,8.4,91,1023.3,10.5,78,0.0
2026-06-23 00:00:00,8.2,92,1022.9,12.0,76,0.0
2026-06-23 01:00:00,8.1,93,1022.3,9.6,77,0.0
2026-06-23 02:00:00,7.6,95,1021.8,7.2,71,0.0
2026-06-23 03:00:00,6.6,98,1021.5,5.8,68,0.0
2026-06-23 04:00:00,5.8,100,1021.1,3.2,52,0.0
2026-06-23 05:00:00,4.9,100,1020.7,1.5,60,0.0
2026-06-23 06:00:00,4.1,100,1020.8,5.3,72,0.0
2026-06-23 07:00:00,4.2,100,1020.8,3.5,105,0.0
2026-06-23 08:00:00,4.3,100,1020.6,2.3,122,0.0
2026-06-23 09:00:00,5.0,100,1020.5,1.8,174,0.0
2026-06-23 10:00:00,6.3,96,1020.3,2.5,240,0.0
2026-06-23 11:00:00,7.9,93,1020.1,3.3,241,0.0
2026-06-23 12:00:00,8.8,94,1019.0,1.0,68,0.0
2026-06-23 13:00:00,10.1,92,1018.0,1.3,34,0.0
2026-06-23 14:00:00,10.3,90,1017.1,3.1,10,0.0
2026-06-23 15:00:00,10.4,87,1016.7,2.1,15,0.0
2026-06-23 16:00:00,9.5,92,1016.8,1.6,63,0.0
2026-06-23 17:00:00,7.4,97,1016.7,3.7,169,0.0
2026-06-23 18:00:00,6.5,100,1016.0,4.8,101,0.0
2026-06-23 19:00:00,6.0,100,1016.3,3.9,62,0.0
2026-06-23 20:00:00,5.8,100,1016.3,4.8,149,0.0
2026-06-23 21:00:00,6.2,99,1015.9,5.5,144,0.0
2026-06-23 22:00:00,5.3,97,1015.8,3.0,163,0.0
2026-06-23 23:00:00,4.8,96,1015.6,3.1,177,0.0
2026-06-24 00:00:00,5.6,83,1015.1,3.0,115,0.0
2026-06-24 01:00:00,6.1,83,1014.5,1.7,131,0.0
2026-06-24 02:00:00,6.0,83,1014.0,3.1,152,0.0
2026-06-24 03:00:00,6.5,84,1013.7,1.7,131,0.0
2026-06-24 04:00:00,6.9,86,1013.2,1.9,107,0.0
2026-06-24 05:00:00,7.1,88,1012.8,3.1,69,0.0
2026-06-24 06:00:00,7.8,84,1012.3,8.5,91,0.0
2026-06-24 07:00:00,8.3,79,1012.1,8.1,95,0.0
2026-06-24 08:00:00,8.4,77,1011.5,5.9,101,0.0
2026-06-24 09:00:00,8.8,75,1011.1,5.6,75,0.0
2026-06-24 10:00:00,9.1,82,1011.0,4.7,81,0.0
2026-06-24 11:00:00,10.5,84,1010.4,4.2,80,0.0
2026-06-24 12:00:00,11.1,83,1009.3,12.6,89,0.0
2026-06-24 13:00:00,11.7,82,1008.4,12.4,90,0.0
2026-06-24 14:00:00,12.4,80,1007.3,10.1,84,0.0
2026-06-24 15:00:00,12.2,81,1006.2,9.4,91,0.0
2026-06-24 16:00:00,11.5,86,1006.0,6.1,114,0.0
2026-06-24 17:00:00,10.8,90,1005.4,7.6,126,0.0
2026-06-24 18:00:00,10.8,93,1003.7,10.5,114,0.0
2026-06-24 19:00:00,11.2,92,1003.7,11.4,97,0.0
2026-06-24 20:00:00,10.8,94,1003.8,9.7,93,0.2
2026-06-24 21:00:00,10.7,94,1003.5,8.6,119,0.0
2026-06-24 22:00:00,9.5,97,1004.8,18.0,212,0.0
2026-06-24 23:00:00,9.5,92,1005.5,27.6,194,0.2
2026-06-25 00:00:00,7.7,91,1006.0,29.0,203,0.6
2026-06-25 01:00:00,7.2,88,1006.4,26.8,203,0.2
2026-06-25 02:00:00,7.7,78,1006.3,25.3,200,0.1
2026-06-25 03:00:00,7.6,82,1006.6,13.8,227,0.4
2026-06-25 04:00:00,6.9,90,1007.0,9.2,281,0.1
2026-06-25 05:00:00,6.1,91,1007.2,9.8,296,0.1
2026-06-25 06:00:00,5.6,90,1007.3,6.5,256,0.0
2026-06-25 07:00:00,5.7,90,1007.8,5.2,241,0.0
2026-06-25 08:00:00,5.6,90,1008.8,7.3,240,0.0
2026-06-25 09:00:00,5.8,88,1009.9,9.6,249,0.0
2026-06-25 10:00:00,6.6,86,1010.8,11.8,250,0.0
2026-06-25 11:00:00,7.8,76,1011.6,16.2,232,0.1
2026-06-25 12:00:00,8.0,80,1011.8,27.3,216,0.4
2026-06-25 13:00:00,7.4,82,1012.1,26.5,217,0.4
2026-06-25 14:00:00,7.5,85,1012.1,24.6,222,0.5
2026-06-25 15:00:00,7.6,85,1013.1,23.6,211,0.7
2026-06-25 16:00:00,7.4,85,1014.3,26.4,204,0.3
2026-06-25 17:00:00,7.1,85,1015.2,30.6,198,0.4
2026-06-25 18:00:00,7.0,85,1016.6,28.0,204,0.3
2026-06-25 19:00:00,6.6,86,1017.7,26.0,208,0.4
2026-06-25 20:00:00,6.4,89,1018.3,26.1,204,0.4
2026-06-25 21:00:00,6.7,85,1019.0,26.7,203,0.3
2026-06-25 22:00:00,6.4,84,1019.6,23.9,203,0.2
2026-06-25 23:00:00,6.1,83,1020.3,22.1,207,0.2
2026-06-26 00:00:00,5.7,83,1020.9,20.4,206,0.2
2026-06-26 01:00:00,6.6,70,1021.2,23.8,198,0.0
2026-06-26 02:00:00,6.8,63,1021.3,23.6,201,0.0
2026-06-26 03:00:00,6.7,62,1021.9,20.4,201,0.0
2026-06-26 04:00:00,6.5,62,1021.7,20.2,202,0.0
2026-06-26 05:00:00,6.2,67,1021.5,19.3,201,0.0
2026-06-26 06:00:00,5.8,70,1022.2,16.9,199,0.0
2026-06-26 07:00:00,6.2,67,1022.5,15.6,202,0.0
2026-06-26 08:00:00,6.3,66,1023.0,16.7,201,0.0
2026-06-26 09:00:00,6.5,65,1023.7,14.7,206,0.0
2026-06-26 10:00:00,6.5,67,1023.9,13.5,209,0.0
2026-06-26 11:00:00,6.9,67,1023.9,14.3,199,0.0
2026-06-26 12:00:00,7.3,64,1023.5,16.4,195,0.0
2026-06-26 13:00:00,7.4,63,1022.5,14.7,197,0.0
2026-06-26 14:00:00,7.3,64,1021.9,12.8,202,0.0
2026-06-26 15:00:00,7.3,66,1021.6,11.0,204,0.0
2026-06-26 16:00:00,7.1,67,1021.5,9.9,209,0.0
2026-06-26 17:00:00,7.0,69,1021.8,7.9,221,0.0
2026-06-26 18:00:00,6.3,75,1021.6,6.0,249,0.0
2026-06-26 19:00:00,6.1,78,1021.8,7.2,273,0.0
2026-06-26 20:00:00,5.9,79,1021.5,8.3,268,0.0
2026-06-26 21:00:00,5.7,79,1021.4,6.8,273,0.0
2026-06-26 22:00:00,5.1,81,1021.4,5.6,264,0.0
2026-06-26 23:00:00,4.9,80,1021.2,6.4,254,0.0
2026-06-27 00:00:00,4.1,82,1020.8,6.0,249,0.0
2026-06-27 01:00:00,3.9,82,1021.0,6.1,236,0.0
2026-06-27 02:00:00,4.2,81,1020.4,6.2,226,0.0
2026-06-27 03:00:00,4.3,81,1020.6,6.4,232,0.0
2026-06-27 04:00:00,4.2,81,1020.6,6.1,238,0.0
2026-06-27 05:00:00,4.4,81,1020.3,6.0,226,0.0
2026-06-27 06:00:00,2.5,91,1020.7,4.0,177,0.0
2026-06-27 07:00:00,2.8,89,1021.1,3.8,197,0.0
2026-06-27 08:00:00,3.0,89,1021.5,4.7,212,0.0
2026-06-27 09:00:00,3.8,87,1022.2,7.5,226,0.0
2026-06-27 10:00:00,5.1,82,1022.8,7.3,232,0.0
2026-06-27 11:00:00,6.1,77,1023.1,7.1,232,0.0
2026-06-27 12:00:00,7.7,71,1022.5,8.0,226,0.0
2026-06-27 13:00:00,8.3,71,1022.0,9.2,215,0.0
2026-06-27 14:00:00,8.6,73,1021.6,8.7,204,0.0
2026-06-27 15:00:00,8.8,73,1021.4,6.8,209,0.0
2026-06-27 16:00:00,8.5,75,1021.6,4.1,225,0.0
2026-06-27 17:00:00,7.6,83,1022.1,3.1,277,0.0
2026-06-27 18:00:00,6.4,87,1022.1,3.1,230,0.0
2026-06-27 19:00:00,5.9,89,1022.6,3.9,223,0.0
2026-06-27 20:00:00,5.4,90,1023.0,4.2,223,0.0
2026-06-27 21:00:00,5.4,91,1023.2,5.6,222,0.0
2026-06-27 22:00:00,5.4,90,1023.8,5.9,220,0.0
2026-06-27 23:00:00,5.5,89,1024.0,5.4,220,0.0
2026-06-28 00:00:00,5.8,89,1023.8,5.1,219,0.0
2026-06-28 01:00:00,5.8,89,1023.8,5.9,220,0.0
2026-06-28 02:00:00,5.8,88,1023.6,5.4,214,0.0
2026-06-28 03:00:00,5.1,90,1023.6,6.0,217,0.0
2026-06-28 04:00:00,4.5,91,1023.5,5.4,220,0.0
2026-06-28 05:00:00,3.9,93,1023.2,4.4,215,0.0
2026-06-28 06:00:00,3.4,93,1023.7,6.1,208,0.0
2026-06-28 07:00:00,3.8,94,1024.2,7.8,206,0.0
2026-06-28 08:00:00,3.0,95,1024.6,6.3,207,0.0
2026-06-28 09:00:00,3.2,95,1025.0,7.8,218,0.0
2026-06-28 10:00:00,5.1,88,1025.5,7.7,229,0.0
2026-06-28 11:00:00,7.4,74,1025.7,5.8,231,0.0
2026-06-28 12:00:00,9.4,66,1025.1,3.5,249,0.0
2026-06-28 13:00:00,10.2,57,1024.6,4.2,263,0.0
2026-06-28 14:00:00,10.5,55,1024.2,4.8,257,0.0
2026-06-28 15:00:00,10.4,55,1024.2,6.2,240,0.0
2026-06-28 16:00:00,9.6,63,1024.7,5.6,241,0.0
2026-06-28 17:00:00,7.3,74,1025.2,6.4,232,0.0
2026-06-28 18:00:00,6.0,76,1025.9,6.4,212,0.0
2026-06-28 19:00:00,5.2,77,1026.9,5.6,202,0.0
2026-06-28 20:00:00,4.8,78,1027.4,5.0,199,0.0
2026-06-28 21:00:00,5.7,76,1027.6,3.9,248,0.0
2026-06-28 22:00:00,6.3,72,1028.2,9.1,216,0.0
2026-06-28 23:00:00,6.8,74,1028.7,7.0,215,0.0
2026-06-29 00:00:00,6.9,74,1029.0,7.0,206,0.0
2026-06-29 01:00:00,6.7,78,1029.5,7.7,201,0.1
2026-06-29 02:00:00,7.0,81,1029.8,7.1,210,0.2
2026-06-29 03:00:00,6.9,82,1030.3,9.3,223,0.0
2026-06-29 04:00:00,6.9,84,1030.4,10.4,224,0.0
2026-06-29 05:00:00,7.1,86,1030.3,11.9,221,0.0
2026-06-29 06:00:00,6.2,87,1031.2,9.4,225,0.0
2026-06-29 07:00:00,6.2,86,1031.7,8.3,221,0.0
2026-06-29 08:00:00,5.8,88,1032.1,8.1,227,0.0
2026-06-29 09:00:00,6.2,88,1032.7,8.4,228,0.0
2026-06-29 10:00:00,7.8,85,1033.3,7.9,227,0.0
2026-06-29 11:00:00,9.2,84,1033.7,7.4,225,0.0
2026-06-29 12:00:00,11.0,81,1033.2,4.2,198,0.0
2026-06-29 13:00:00,11.7,75,1032.9,0.9,281,0.0
2026-06-29 14:00:00,11.5,74,1032.5,3.9,34,0.0
2026-06-29 15:00:00,10.4,83,1032.4,9.1,49,0.1
2026-06-29 16:00:00,9.7,88,1032.8,12.4,68,0.1
2026-06-29 17:00:00,9.0,89,1033.0,11.0,86,0.0
2026-06-29 18:00:00,8.4,90,1033.1,10.1,89,0.0
2026-06-29 19:00:00,8.8,87,1033.7,10.5,83,0.0
2026-06-29 20:00:00,8.8,86,1033.8,10.2,80,0.0
2026-06-29 21:00:00,8.9,87,1034.0,10.3,74,0.0
2026-06-29 22:00:00,8.8,88,1034.1,10.2,69,0.0
2026-06-29 23:00:00,8.5,89,1034.2,8.8,64,0.0
2026-06-30 00:00:00,8.1,89,1034.1,7.9,57,0.1
2026-06-30 01:00:00,8.0,90,1033.9,9.3,53,0.0
2026-06-30 02:00:00,7.6,90,1033.7,9.8,46,0.0
2026-06-30 03:00:00,7.6,92,1033.7,10.4,45,0.0
2026-06-30 04:00:00,7.1,96,1033.3,10.2,42,0.0
2026-06-30 05:00:00,6.6,99,1033.1,9.5,37,0.0
2026-06-30 06:00:00,5.9,99,1033.0,9.4,42,0.0
2026-06-30 07:00:00,5.9,98,1033.4,9.5,29,0.0
2026-06-30 08:00:00,5.8,97,1033.8,9.8,35,0.0
2026-06-30 09:00:00,6.0,96,1034.2,11.0,40,0.0
2026-06-30 10:00:00,6.7,95,1034.4,9.4,47,0.0
2026-06-30 11:00:00,7.9,90,1034.4,10.0,51,0.0
2026-06-30 12:00:00,9.5,85,1033.4,10.6,48,0.0
2026-06-30 13:00:00,10.2,78,1032.8,13.8,55,0.0
2026-06-30 14:00:00,10.4,74,1032.2,16.2,59,0.0
2026-06-30 15:00:00,10.2,74,1032.0,15.9,62,0.0
2026-06-30 16:00:00,9.7,76,1032.0,14.3,66,0.0
2026-06-30 17:00:00,8.8,80,1032.0,13.5,71,0.0
2026-06-30 18:00:00,8.6,81,1031.8,13.3,77,0.0
2026-06-30 19:00:00,8.9,80,1031.8,13.9,71,0.0
2026-06-30 20:00:00,9.0,80,1031.9,13.6,67,0.0
2026-06-30 21:00:00,8.9,82,1031.7,13.5,67,0.0
2026-06-30 22:00:00,8.7,83,1031.8,12.5,69,0.0
2026-06-30 23:00:00,8.3,87,1031.6,11.7,73,0.0
2026-07-01 00:00:00,7.9,86,1031.5,11.5,76,0.0
2026-07-01 01:00:00,7.6,88,1031.3,9.7,72,0.0
2026-07-01 02:00:00,6.9,93,1031.3,7.2,63,0.0
2026-07-01 03:00:00,5.9,98,1031.2,4.8,65,0.0
2026-07-01 04:00:00,5.3,100,1031.0,1.4,67,0.0
2026-07-01 05:00:00,4.8,100,1030.9,0.3,225,0.0
2026-07-01 06:00:00,5.2,100,1031.3,4.9,107,0.0
2026-07-01 07:00:00,4.9,100,1031.5,0.7,166,0.0
2026-07-01 08:00:00,4.6,100,1031.8,0.4,207,0.0
2026-07-01 09:00:00,5.2,98,1032.3,1.0,202,0.0
2026-07-01 10:00:00,6.7,96,1032.7,2.7,127,0.0
2026-07-01 11:00:00,8.0,88,1032.8,4.0,82,0.0
2026-07-01 12:00:00,9.2,88,1031.8,6.1,71,0.0
2026-07-01 13:00:00,9.8,85,1031.1,6.0,74,0.0
2026-07-01 14:00:00,10.0,83,1030.7,6.5,71,0.0
2026-07-01 15:00:00,9.8,83,1030.2,6.9,73,0.0
2026-07-01 16:00:00,8.9,86,1030.1,7.1,81,0.0
2026-07-01 17:00:00,7.4,93,1030.4,5.4,96,0.0
2026-07-01 18:00:00,6.8,94,1030.5,6.0,100,0.0
2026-07-01 19:00:00,6.6,93,1030.7,5.8,94,0.0
2026-07-01 20:00:00,6.4,96,1030.8,5.8,83,0.0
2026-07-01 21:00:00,6.2,99,1030.9,6.3,95,0.0
2026-07-01 22:00:00,6.3,97,1031.0,6.9,104,0.0
2026-07-01 23:00:00,6.3,94,1031.2,6.4,98,0.0
2026-07-02 00:00:00,6.1,94,1031.3,6.5,92,0.0
2026-07-02 01:00:00,5.8,97,1031.1,5.9,76,0.0
2026-07-02 02:00:00,5.6,100,1031.0,4.1,61,0.0
2026-07-02 03:00:00,5.4,100,1030.8,1.9,41,0.0
2026-07-02 04:00:00,5.4,100,1030.5,1.3,45,0.0
2026-07-02 05:00:00,5.7,100,1030.4,1.1,108,0.0
2026-07-02 06:00:00,5.4,100,1030.5,5.0,75,0.0
2026-07-02 07:00:00,5.1,100,1030.7,4.7,72,0.0
2026-07-02 08:00:00,5.4,100,1030.9,4.8,61,0.0
2026-07-02 09:00:00,6.0,100,1031.1,5.8,56,0.0
2026-07-02 10:00:00,6.9,99,1031.1,5.8,70,0.0
2026-07-02 11:00:00,8.0,93,1031.1,6.0,83,0.0
2026-07-02 12:00:00,9.6,89,1030.0,8.3,84,0.0
2026-07-02 13:00:00,10.0,86,1029.3,7.9,86,0.0
2026-07-02 14:00:00,10.1,84,1028.7,8.5,91,0.0
2026-07-02 15:00:00,9.7,86,1028.6,8.5,92,0.0
2026-07-02 16:00:00,9.1,88,1028.4,9.6,98,0.0
2026-07-02 17:00:00,7.7,93,1028.1,8.5,114,0.0
2026-07-02 18:00:00,8.1,92,1027.6,10.5,106,0.0
2026-07-02 19:00:00,8.1,90,1027.6,10.8,118,0.0
2026-07-02 20:00:00,7.6,87,1027.5,8.7,132,0.0
2026-07-02 21:00:00,6.5,88,1027.3,7.7,139,0.0
2026-07-02 22:00:00,6.3,88,1026.8,6.2,123,0.0
2026-07-02 23:00:00,5.2,92,1027.0,1.5,306,0.0
2026-07-03 00:00:00,4.7,98,1026.6,0.6,288,0.0
2026-07-03 01:00:00,4.5,98,1026.4,0.5,225,0.0
2026-07-03 02:00:00,4.1,97,1026.4,1.2,219,0.0
2026-07-03 03:00:00,4.6,97,1025.8,3.3,171,0.0
2026-07-03 04:00:00,4.5,93,1025.5,2.6,214,0.0
2026-07-03 05:00:00,4.3,94,1025.3,0.9,217,0.0
2026-07-03 06:00:00,4.1,95,1024.6,0.7,180,0.0
2026-07-03 07:00:00,3.9,94,1024.9,0.8,297,0.0
2026-07-03 08:00:00,3.7,95,1024.8,0.6,252,0.0
2026-07-03 09:00:00,4.5,94,1024.8,2.2,171,0.0
2026-07-03 10:00:00,6.5,91,1024.9,0.9,281,0.0
2026-07-03 11:00:00,8.1,91,1024.9,0.4,297,0.0
2026-07-03 12:00:00,11.2,83,1023.3,2.0,10,0.0
2026-07-03 13:00:00,12.0,77,1022.4,5.5,63,0.0
2026-07-03 14:00:00,12.1,73,1021.6,6.2,69,0.0
2026-07-03 15:00:00,11.8,73,1020.9,5.6,83,0.0
2026-07-03 16:00:00,11.2,73,1020.6,5.0,90,0.0
2026-07-03 17:00:00,9.1,81,1020.4,4.5,50,0.0
2026-07-03 18:00:00,8.8,75,1019.3,3.5,114,0.0
2026-07-03 19:00:00,8.9,67,1018.7,4.8,101,0.0
2026-07-03 20:00:00,8.6,70,1018.3,6.8,73,0.0
2026-07-03 21:00:00,8.1,78,1017.7,5.5,101,0.0
2026-07-03 22:00:00,8.9,78,1017.3,6.4,126,0.0
2026-07-03 23:00:00,8.6,79,1016.9,6.1,85,0.0
2026-07-04 00:00:00,11.0,75,1015.4,12.2,34,0.0
2026-07-04 01:00:00,11.8,74,1014.6,13.6,35,0.0
2026-07-04 02:00:00,12.3,71,1014.2,16.5,37,0.0
2026-07-04 03:00:00,12.8,70,1013.6,17.9,36,0.0
2026-07-04 04:00:00,13.0,69,1013.1,20.2,32,0.0
2026-07-04 05:00:00,12.6,69,1012.6,19.9,35,0.0
2026-07-04 06:00:00,11.8,72,1011.2,19.5,42,0.0
2026-07-04 07:00:00,11.6,71,1010.4,22.1,41,0.0
2026-07-04 08:00:00,11.9,68,1009.7,24.8,39,0.0
2026-07-04 09:00:00,12.2,66,1009.2,24.5,43,0.0
2026-07-04 10:00:00,12.5,65,1008.9,22.9,47,0.0
2026-07-04 11:00:00,13.0,65,1008.7,22.4,47,0.0
2026-07-04 12:00:00,14.2,67,1006.3,23.7,47,0.0
2026-07-04 13:00:00,14.8,68,1005.1,17.2,48,0.0
2026-07-04 14:00:00,15.0,63,1004.3,13.5,31,0.0
2026-07-04 15:00:00,14.5,65,1004.0,12.9,42,0.0
2026-07-04 16:00:00,14.0,63,1003.4,15.5,32,0.0
2026-07-04 17:00:00,13.0,66,1002.8,16.7,40,0.0
2026-07-04 18:00:00,12.9,68,1001.4,19.5,47,0.0
2026-07-04 19:00:00,12.8,74,1000.8,21.4,48,0.3
2026-07-04 20:00:00,13.0,72,999.9,25.8,51,0.0
2026-07-04 21:00:00,13.2,70,999.7,30.3,37,0.0
2026-07-04 22:00:00,12.4,77,1000.3,27.3,18,0.0
2026-07-04 23:00:00,11.8,79,1000.6,23.7,5,0.0
2026-07-05 00:00:00,12.3,80,1000.0,15.1,18,0.0
2026-07-05 01:00:00,12.2,79,999.8,12.4,36,0.0
2026-07-05 02:00:00,11.4,83,999.8,11.3,20,0.0
2026-07-05 03:00:00,10.7,85,999.5,12.3,356,0.0
2026-07-05 04:00:00,10.6,84,999.6,14.7,349,0.0
2026-07-05 05:00:00,10.3,83,999.7,11.8,353,0.0
2026-07-05 06:00:00,8.3,90,999.4,6.4,29,0.0
2026-07-05 07:00:00,9.3,84,999.6,6.9,28,0.0
2026-07-05 08:00:00,10.5,74,999.9,8.6,360,0.0
2026-07-05 09:00:00,11.0,73,1000.8,11.4,332,0.0
2026-07-05 10:00:00,12.0,74,1001.3,9.3,335,0.0
2026-07-05 11:00:00,13.0,72,1002.0,6.6,257,0.0
2026-07-05 12:00:00,12.2,71,1002.4,17.2,218,0.0
2026-07-05 13:00:00,12.3,74,1002.5,15.9,223,0.0
2026-07-05 14:00:00,11.1,82,1002.7,20.9,208,0.1
2026-07-05 15:00:00,10.0,85,1003.4,19.6,225,0.2
2026-07-05 16:00:00,8.4,90,1004.7,21.5,249,0.2
2026-07-05 17:00:00,6.6,91,1005.7,18.7,252,0.2
2026-07-05 18:00:00,5.8,93,1006.8,19.3,259,0.0
2026-07-05 19:00:00,5.6,92,1007.1,20.0,247,0.0
2026-07-05 20:00:00,5.7,89,1007.4,20.2,243,0.0
2026-07-05 21:00:00,5.3,89,1007.7,22.4,238,0.0
2026-07-05 22:00:00,4.8,89,1008.2,22.6,238,0.0
2026-07-05 23:00:00,4.8,87,1008.5,23.5,230,0.0
2026-07-06 00:00:00,4.9,83,1009.3,23.0,229,0.0
2026-07-06 01:00:00,4.9,82,1010.3,21.5,232,0.0
2026-07-06 02:00:00,5.8,79,1010.6,21.5,237,0.0
2026-07-06 03:00:00,6.0,79,1010.9,22.8,232,0.0
2026-07-06 04:00:00,6.0,81,1011.0,21.5,239,0.0
2026-07-06 05:00:00,5.9,85,1011.0,21.8,234,0.0
2026-07-06 06:00:00,5.9,89,1012.0,24.2,242,0.0
2026-07-06 07:00:00,7.0,90,1012.7,19.6,234,0.0
2026-07-06 08:00:00,8.0,92,1013.2,23.0,224,0.1
2026-07-06 09:00:00,8.3,93,1013.7,21.9,228,0.1
2026-07-06 10:00:00,9.4,90,1014.2,19.3,217,0.1
2026-07-06 11:00:00,9.8,92,1014.3,24.8,195,1.4
2026-07-06 12:00:00,9.5,91,1014.3,27.2,213,0.2
2026-07-06 13:00:00,10.0,87,1014.0,26.6,207,0.2
2026-07-06 14:00:00,9.4,93,1014.2,21.9,212,0.6
2026-07-06 15:00:00,10.1,93,1014.1,18.9,188,0.4
2026-07-06 16:00:00,9.8,92,1014.0,22.7,187,0.2
2026-07-06 17:00:00,9.4,92,1014.3,20.2,184,4.6
2026-07-06 18:00:00,9.2,90,1014.7,25.7,181,1.3
2026-07-06 19:00:00,9.0,93,1015.3,25.2,192,2.0
2026-07-06 20:00:00,8.9,93,1015.2,27.8,187,1.3
2026-07-06 21:00:00,8.9,92,1015.2,24.6,189,1.7
2026-07-06 22:00:00,9.4,93,1015.3,18.4,176,0.6
2026-07-06 23:00:00,9.9,92,1015.6,14.5,185,2.4
2026-07-07 00:00:00,9.3,93,1016.1,18.7,187,1.1
2026-07-07 01:00:00,9.4,93,1016.1,16.7,179,0.5
2026-07-07 02:00:00,9.5,93,1016.1,13.0,190,1.7
2026-07-07 03:00:00,9.7,94,1016.2,11.1,197,0.1
2026-07-07 04:00:00,10.0,94,1016.2,11.9,181,0.2
2026-07-07 05:00:00,10.2,94,1016.0,12.8,161,0.0
2026-07-07 06:00:00,9.2,95,1016.2,5.1,197,0.0
2026-07-07 07:00:00,9.2,95,1016.6,5.3,237,0.0
2026-07-07 08:00:00,9.0,97,1016.7,6.0,249,0.0
2026-07-07 09:00:00,9.4,97,1016.9,7.7,237,0.0
2026-07-07 10:00:00,10.3,96,1016.8,7.3,216,0.1
2026-07-07 11:00:00,11.2,92,1016.9,7.3,190,0.1
2026-07-07 12:00:00,10.4,93,1015.9,8.4,223,0.1
2026-07-07 13:00:00,11.2,91,1015.1,5.9,227,0.1
2026-07-07 14:00:00,10.4,94,1014.3,6.4,238,0.4
2026-07-07 15:00:00,10.7,91,1013.6,8.0,230,0.1
2026-07-07 16:00:00,10.3,90,1013.3,10.6,215,0.1
2026-07-07 17:00:00,9.6,92,1013.0,11.6,216,0.3
2026-07-07 18:00:00,7.6,91,1013.1,17.1,234,0.5
2026-07-07 19:00:00,7.4,92,1012.7,16.2,238,0.2
2026-07-07 20:00:00,7.3,92,1012.2,16.1,237,0.1
2026-07-07 21:00:00,7.3,94,1011.7,14.6,232,0.3
2026-07-07 22:00:00,7.2,95,1011.0,13.1,236,0.4
2026-07-07 23:00:00,7.2,95,1010.5,11.9,238,0.2
2026-07-08 00:00:00,6.7,96,1010.1,10.2,224,0.3
2026-07-08 01:00:00,6.7,96,1009.3,9.4,227,0.1
2026-07-08 02:00:00,6.7,96,1008.6,9.1,219,0.1
2026-07-08 03:00:00,6.8,96,1008.0,8.9,222,0.2
2026-07-08 04:00:00,7.1,96,1007.2,7.9,215,0.4
2026-07-08 05:00:00,7.5,96,1006.8,5.6,201,0.3
2026-07-08 06:00:00,7.4,97,1006.9,5.7,162,0.3
2026-07-08 07:00:00,8.1,95,1007.1,5.9,140,0.6
2026-07-08 08:00:00,8.3,96,1007.3,6.6,131,0.4
2026-07-08 09:00:00,8.1,97,1007.8,3.1,144,0.1
2026-07-08 10:00:00,8.3,96,1008.4,4.9,219,0.0
2026-07-08 11:00:00,9.1,93,1008.8,3.3,209,0.0
2026-07-08 12:00:00,9.7,89,1008.7,2.5,159,0.1
2026-07-08 13:00:00,10.6,83,1008.9,4.2,160,0.2
2026-07-08 14:00:00,10.6,81,1009.1,6.1,161,0.1
2026-07-08 15:00:00,10.1,80,1009.5,8.2,158,0.1
2026-07-08 16:00:00,9.8,84,1010.7,10.1,183,0.2
2026-07-08 17:00:00,9.1,86,1011.7,11.4,192,0.1
2026-07-08 18:00:00,8.7,88,1013.0,13.4,187,0.1
2026-07-08 19:00:00,8.4,89,1014.0,14.5,191,0.1
2026-07-08 20:00:00,8.3,88,1014.9,14.8,189,0.1
2026-07-08 21:00:00,8.2,87,1015.6,18.1,190,0.0
2026-07-08 22:00:00,7.8,86,1016.2,16.2,199,0.0
2026-07-08 23:00:00,7.8,85,1016.4,17.8,203,0.0
2026-07-09 00:00:00,7.3,84,1016.8,20.7,197,0.0
2026-07-09 01:00:00,7.2,77,1017.3,17.5,199,0.0
2026-07-09 02:00:00,7.3,75,1017.8,14.7,194,0.0
2026-07-09 03:00:00,7.0,83,1018.0,13.1,207,0.1
2026-07-09 04:00:00,6.6,87,1018.0,13.0,197,0.1
2026-07-09 05:00:00,6.5,88,1018.5,14.5,194,0.1
2026-07-09 06:00:00,6.0,90,1019.1,14.5,201,0.3
2026-07-09 07:00:00,6.3,88,1019.7,14.9,195,0.1
2026-07-09 08:00:00,6.2,85,1020.2,13.9,197,0.0
2026-07-09 09:00:00,6.4,85,1020.6,13.2,204,0.0
2026-07-09 10:00:00,7.1,78,1021.1,14.9,202,0.0
2026-07-09 11:00:00,7.3,73,1021.3,16.4,207,0.0
2026-07-09 12:00:00,7.6,60,1020.9,18.5,208,0.0
2026-07-09 13:00:00,7.8,58,1020.4,18.6,211,0.0
2026-07-09 14:00:00,7.3,63,1020.2,18.5,205,0.0
2026-07-09 15:00:00,7.2,63,1020.2,16.3,202,0.0
2026-07-09 16:00:00,6.7,72,1020.4,15.6,204,0.0
2026-07-09 17:00:00,6.2,80,1020.8,11.5,219,0.0
2026-07-09 18:00:00,5.6,83,1021.0,9.8,232,0.0
2026-07-09 19:00:00,5.4,87,1021.4,8.7,243,0.0
2026-07-09 20:00:00,5.6,89,1021.5,9.4,240,0.1
2026-07-09 21:00:00,5.2,92,1021.5,9.1,252,0.2
2026-07-09 22:00:00,5.2,93,1021.4,10.0,250,0.2
2026-07-09 23:00:00,5.1,92,1021.5,11.7,252,0.2
2026-07-10 00:00:00,4.2,92,1021.2,12.8,232,0.2
2026-07-10 01:00:00,4.2,89,1021.2,13.3,232,0.1
2026-07-10 02:00:00,4.4,84,1020.9,13.4,233,0.1
2026-07-10 03:00:00,4.6,81,1020.7,14.2,234,0.0
2026-07-10 04:00:00,4.6,80,1020.2,12.3,243,0.0
2026-07-10 05:00:00,4.6,81,1020.0,11.9,243,0.0
2026-07-10 06:00:00,3.8,81,1020.5,10.9,231,0.0
2026-07-10 07:00:00,4.0,82,1020.6,10.4,231,0.0
2026-07-10 08:00:00,4.2,82,1020.7,10.3,229,0.0
2026-07-10 09:00:00,4.8,80,1020.8,11.0,228,0.0
2026-07-10 10:00:00,5.7,79,1021.0,10.7,235,0.0
2026-07-10 11:00:00,6.3,78,1021.0,11.5,239,0.0
2026-07-10 12:00:00,6.8,79,1020.5,9.8,235,0.0
2026-07-10 13:00:00,7.2,79,1019.9,10.2,233,0.0
2026-07-10 14:00:00,7.6,79,1019.3,9.7,231,0.0
2026-07-10 15:00:00,8.1,79,1018.9,10.6,223,0.0
2026-07-10 16:00:00,8.1,79,1019.2,9.9,224,0.0
2026-07-10 17:00:00,7.2,86,1019.5,7.9,221,0.0
2026-07-10 18:00:00,5.2,90,1019.1,5.6,207,0.0
2026-07-10 19:00:00,5.1,90,1019.4,5.6,197,0.0
2026-07-10 20:00:00,4.3,92,1019.9,5.0,206,0.0
2026-07-10 21:00:00,3.8,93,1020.2,4.6,216,0.0
2026-07-10 22:00:00,3.3,94,1020.3,4.7,242,0.0
2026-07-10 23:00:00,3.1,94,1020.6,6.5,236,0.0
2026-07-11 00:00:00,3.3,96,1020.7,7.7,231,0.0
2026-07-11 01:00:00,3.7,95,1020.9,8.8,226,0.0
2026-07-11 02:00:00,3.7,95,1020.9,8.9,218,0.0
2026-07-11 03:00:00,3.6,95,1020.8,8.5,218,0.0
2026-07-11 04:00:00,3.1,95,1020.5,7.8,220,0.0
2026-07-11 05:00:00,2.6,95,1020.5,6.4,220,0.0
2026-07-11 06:00:00,2.0,94,1020.7,7.2,208,0.0
2026-07-11 07:00:00,2.1,92,1021.1,8.2,216,0.0
2026-07-11 08:00:00,2.2,90,1021.3,8.4,217,0.0
2026-07-11 09:00:00,3.0,89,1022.1,9.3,226,0.0
2026-07-11 10:00:00,4.4,86,1022.4,8.2,234,0.0
2026-07-11 11:00:00,6.2,79,1022.8,7.2,235,0.0
2026-07-11 12:00:00,8.2,73,1022.0,6.0,219,0.0
2026-07-11 13:00:00,9.0,68,1021.4,6.3,217,0.0
2026-07-11 14:00:00,9.2,64,1020.8,5.0,224,0.0
2026-07-11 15:00:00,9.1,62,1020.8,4.5,230,0.0
2026-07-11 16:00:00,8.6,66,1021.0,3.9,236,0.0
2026-07-11 17:00:00,6.3,78,1021.3,3.8,229,0.0
2026-07-11 18:00:00,5.4,78,1021.1,1.0,225,0.0
2026-07-11 19:00:00,4.9,79,1021.6,1.4,247,0.0
2026-07-11 20:00:00,4.3,81,1021.8,1.8,259,0.0
2026-07-11 21:00:00,3.7,84,1021.8,2.0,265,0.0
2026-07-11 22:00:00,3.2,86,1021.7,1.2,231,0.0
2026-07-11 23:00:00,2.9,85,1022.0,0.7,194,0.0
2026-07-12 00:00:00,3.1,82,1021.5,1.9,107,0.0
2026-07-12 01:00:00,3.3,88,1021.6,2.4,77,0.0
2026-07-12 02:00:00,2.8,96,1021.5,2.5,45,0.0
2026-07-12 03:00:00,2.1,100,1021.4,2.2,48,0.0
2026-07-12 04:00:00,1.9,100,1021.1,2.4,73,0.0
2026-07-12 05:00:00,2.4,100,1021.0,4.4,81,0.0
2026-07-12 06:00:00,3.1,99,1021.4,7.4,86,0.0
2026-07-12 07:00:00,3.3,99,1021.5,6.6,69,0.0
2026-07-12 08:00:00,2.8,100,1021.9,5.3,57,0.0
2026-07-12 09:00:00,3.9,100,1022.4,7.0,64,0.0
2026-07-12 10:00:00,5.9,98,1022.6,8.0,63,0.0
2026-07-12 11:00:00,7.2,89,1022.7,10.3,61,0.0
2026-07-12 12:00:00,7.9,89,1022.1,8.7,66,0.0
2026-07-12 13:00:00,8.6,85,1021.2,10.3,75,0.0
2026-07-12 14:00:00,9.2,82,1020.6,12.3,82,0.0
2026-07-12 15:00:00,9.4,76,1020.1,13.9,71,0.0
2026-07-12 16:00:00,9.1,77,1020.3,14.0,64,0.0
2026-07-12 17:00:00,8.0,82,1020.2,12.2,65,0.0
2026-07-12 18:00:00,8.2,83,1019.9,15.2,71,0.0
2026-07-12 19:00:00,8.3,83,1019.9,15.8,73,0.0
2026-07-12 20:00:00,8.4,85,1019.8,15.8,69,0.0
2026-07-12 21:00:00,8.5,86,1019.5,15.9,67,0.0
2026-07-12 22:00:00,8.5,89,1019.2,14.4,64,0.0
2026-07-12 23:00:00,8.3,90,1018.9,13.1,60,0.0
2026-07-13 00:00:00,7.7,91,1018.2,13.3,55,0.0
2026-07-13 01:00:00,6.8,87,1017.9,8.7,42,0.0
2026-07-13 02:00:00,5.5,87,1017.4,5.4,76,0.0
2026-07-13 03:00:00,5.9,85,1017.1,6.0,93,0.0
2026-07-13 04:00:00,6.2,85,1016.4,5.8,85,0.0
2026-07-13 05:00:00,6.1,86,1016.1,6.5,58,0.0
2026-07-13 06:00:00,6.5,85,1015.1,9.6,41,0.0
2026-07-13 07:00:00,7.8,81,1014.7,17.8,23,0.0
2026-07-13 08:00:00,8.0,79,1014.7,20.2,18,0.0
2026-07-13 09:00:00,8.7,72,1014.8,21.8,16,0.0
2026-07-13 10:00:00,9.5,66,1014.8,21.2,18,0.0
2026-07-13 11:00:00,10.3,64,1014.1,19.0,29,0.0
2026-07-13 12:00:00,11.7,63,1012.2,15.1,35,0.0
2026-07-13 13:00:00,12.2,56,1011.4,21.4,1,0.0
2026-07-13 14:00:00,12.3,57,1010.8,20.2,22,0.0
2026-07-13 15:00:00,12.1,58,1010.9,19.4,33,0.0
2026-07-13 16:00:00,11.7,63,1011.3,18.7,40,0.0
2026-07-13 17:00:00,10.0,81,1011.7,18.3,37,1.7
2026-07-13 18:00:00,11.3,73,1010.8,13.6,46,0.0
2026-07-13 19:00:00,11.7,69,1011.0,16.1,32,0.0
2026-07-13 20:00:00,11.2,73,1011.5,16.4,35,0.0
2026-07-13 21:00:00,11.3,69,1011.8,13.8,28,0.0
2026-07-13 22:00:00,11.1,69,1012.0,12.3,35,0.0
2026-07-13 23:00:00,10.1,74,1012.3,11.2,22,0.0
2026-07-14 00:00:00,9.9,75,1012.0,9.6,33,0.0
2026-07-14 01:00:00,9.3,77,1012.0,7.9,356,0.0
2026-07-14 02:00:00,8.7,81,1012.1,7.6,338,0.0
2026-07-14 03:00:00,7.4,86,1012.4,6.4,328,0.0
2026-07-14 04:00:00,7.7,85,1012.5,6.8,333,0.0
2026-07-14 05:00:00,8.0,85,1012.7,7.5,349,0.0
2026-07-14 06:00:00,7.2,85,1012.2,3.0,14,0.0
2026-07-14 07:00:00,7.4,84,1012.5,6.2,10,0.0
2026-07-14 08:00:00,10.4,77,1012.5,14.9,345,0.0
2026-07-14 09:00:00,12.0,71,1013.0,20.2,342,0.0
2026-07-14 10:00:00,13.5,67,1013.5,19.3,358,0.0
2026-07-14 11:00:00,14.4,66,1013.6,19.0,15,0.0
2026-07-14 12:00:00,15.3,68,1012.4,16.5,13,0.0
2026-07-14 13:00:00,16.0,63,1011.6,18.3,16,0.0
2026-07-14 14:00:00,15.8,66,1010.9,15.1,27,0.0
2026-07-14 15:00:00,15.6,63,1010.6,16.7,24,0.0
2026-07-14 16:00:00,14.9,66,1010.9,13.1,9,0.0
2026-07-14 17:00:00,13.3,72,1010.8,10.0,18,0.0
2026-07-14 18:00:00,13.1,71,1010.9,9.9,335,0.0
2026-07-14 19:00:00,11.8,77,1011.8,6.1,45,0.0
2026-07-14 20:00:00,10.8,80,1012.6,6.3,55,0.0
2026-07-14 21:00:00,10.5,80,1013.2,6.7,19,0.0
2026-07-14 22:00:00,9.9,81,1014.1,5.1,354,0.0
2026-07-14 23:00:00,9.5,81,1015.4,7.1,319,0.0
2026-07-15 00:00:00,9.2,82,1015.9,4.0,339,0.0
2026-07-15 01:00:00,10.7,69,1016.7,10.4,302,0.0
2026-07-15 02:00:00,11.4,65,1017.1,10.8,303,0.0
2026-07-15 03:00:00,9.9,72,1017.8,6.8,312,0.0
2026-07-15 04:00:00,8.8,79,1017.7,6.0,357,0.0
2026-07-15 05:00:00,9.0,79,1017.9,0.9,143,0.0
2026-07-15 06:00:00,9.1,79,1018.5,6.7,90,0.0
2026-07-15 07:00:00,10.5,73,1019.2,19.2,100,0.0
2026-07-15 08:00:00,10.2,80,1019.5,15.7,95,0.0
2026-07-15 09:00:00,10.6,81,1020.0,12.5,101,0.0
2026-07-15 10:00:00,11.7,79,1020.0,10.1,91,0.0
2026-07-15 11:00:00,12.7,77,1020.0,7.5,80,0.0
2026-07-15 12:00:00,14.4,70,1019.1,5.9,63,0.0
2026-07-15 13:00:00,15.1,67,1018.3,6.1,87,0.0
2026-07-15 14:00:00,15.5,68,1017.7,7.5,63,0.0
2026-07-15 15:00:00,16.1,71,1017.2,7.3,9,0.0
2026-07-15 16:00:00,15.1,74,1016.9,5.5,17,0.0
2026-07-15 17:00:00,13.2,80,1016.9,4.2,317,0.0
2026-07-15 18:00:00,9.8,88,1017.2,14.7,200,0.0
2026-07-15 19:00:00,9.2,87,1017.0,14.1,222,0.0
2026-07-15 20:00:00,8.4,88,1016.8,9.6,220,0.0
2026-07-15 21:00:00,7.5,92,1016.3,4.4,261,0.2
2026-07-15 22:00:00,7.0,94,1015.6,2.3,274,0.0
2026-07-15 23:00:00,6.6,92,1015.5,2.2,228,0.0
2026-07-16 00:00:00,7.8,80,1014.5,3.6,84,0.0
2026-07-16 01:00:00,7.6,82,1014.2,5.5,11,0.0
2026-07-16 02:00:00,7.7,81,1013.7,6.9,323,0.0
2026-07-16 03:00:00,10.5,70,1013.4,15.3,306,0.0
2026-07-16 04:00:00,9.9,75,1013.2,12.6,312,0.0
2026-07-16 05:00:00,8.5,80,1013.9,9.2,272,0.0
2026-07-16 06:00:00,9.1,74,1014.2,11.5,245,0.0
2026-07-16 07:00:00,8.8,75,1015.7,15.5,222,0.0
2026-07-16 08:00:00,9.2,78,1017.4,18.8,214,0.0
2026-07-16 09:00:00,9.4,82,1018.8,13.8,202,0.0
2026-07-16 10:00:00,10.3,74,1019.6,8.1,225,0.0
2026-07-16 11:00:00,11.4,63,1020.4,3.5,246,0.0
2026-07-16 12:00:00,12.2,58,1020.1,3.7,321,0.0
2026-07-16 13:00:00,12.7,59,1019.6,2.6,344,0.0
2026-07-16 14:00:00,12.8,61,1019.5,4.9,6,0.0
2026-07-16 15:00:00,12.2,64,1019.8,8.0,18,0.0
2026-07-16 16:00:00,11.0,69,1020.5,8.3,27,0.0
2026-07-16 17:00:00,8.9,82,1021.1,5.4,34,0.0
2026-07-16 18:00:00,7.8,85,1021.7,4.6,79,0.0
2026-07-16 19:00:00,7.7,87,1022.1,5.5,63,0.0
2026-07-16 20:00:00,7.3,87,1022.4,5.5,52,0.0
2026-07-16 21:00:00,7.1,88,1022.1,6.0,65,0.0
2026-07-16 22:00:00,7.7,88,1022.0,8.9,96,0.0
2026-07-16 23:00:00,7.7,89,1021.8,8.1,95,0.0
2026-07-17 00:00:00,7.7,87,1021.8,9.2,88,0.0
2026-07-17 01:00:00,7.4,89,1021.3,7.6,93,0.0
2026-07-17 02:00:00,7.0,92,1020.9,7.6,91,0.0
2026-07-17 03:00:00,6.7,96,1020.7,8.6,89,0.0
2026-07-17 04:00:00,6.4,96,1019.9,8.3,86,0.0
2026-07-17 05:00:00,5.9,94,1019.6,6.8,93,0.0
2026-07-17 06:00:00,6.0,92,1019.8,10.1,94,0.0
2026-07-17 07:00:00,5.6,90,1020.0,7.3,74,0.0
2026-07-17 08:00:00,4.8,91,1020.7,4.4,55,0.0
2026-07-17 09:00:00,5.7,90,1021.0,4.0,98,0.0
2026-07-17 10:00:00,8.0,88,1021.3,3.7,133,0.0
2026-07-17 11:00:00,9.6,83,1021.4,0.9,217,0.0
2026-07-17 12:00:00,12.6,66,1020.7,3.1,36,0.0
2026-07-17 13:00:00,13.0,66,1020.0,4.9,57,0.0
2026-07-17 14:00:00,13.0,64,1019.3,5.7,72,0.0
2026-07-17 15:00:00,13.1,62,1018.9,3.2,71,0.0
2026-07-17 16:00:00,12.6,70,1019.4,0.9,270,0.0
2026-07-17 17:00:00,9.8,74,1019.3,2.8,130,0.0
2026-07-17 18:00:00,8.4,75,1019.2,5.6,147,0.0
2026-07-17 19:00:00,7.5,76,1019.2,3.3,174,0.0
2026-07-17 20:00:00,7.4,74,1019.4,6.0,226,0.0
2026-07-17 21:00:00,7.9,76,1019.7,10.8,234,0.0
2026-07-17 22:00:00,7.9,77,1020.0,12.7,247,0.0
2026-07-17 23:00:00,7.5,76,1019.8,12.1,235,0.0
2026-07-18 00:00:00,7.7,68,1019.5,9.2,227,0.0
2026-07-18 01:00:00,7.7,71,1019.6,11.7,239,0.0
2026-07-18 02:00:00,7.4,74,1019.7,10.8,240,0.0
2026-07-18 03:00:00,6.9,75,1019.9,11.5,231,0.0
2026-07-18 04:00:00,6.7,75,1019.7,12.6,222,0.0
2026-07-18 05:00:00,6.6,76,1019.8,11.4,229,0.0
2026-07-18 06:00:00,5.8,76,1019.6,6.6,233,0.0
2026-07-18 07:00:00,5.9,77,1019.8,5.8,244,0.0
2026-07-18 08:00:00,5.4,79,1020.1,4.9,237,0.0
2026-07-18 09:00:00,6.8,79,1020.6,4.2,234,0.0
2026-07-18 10:00:00,8.4,78,1020.4,5.9,227,0.0
2026-07-18 11:00:00,10.7,73,1020.5,4.8,233,0.0
2026-07-18 12:00:00,13.6,58,1019.1,3.3,131,0.0
2026-07-18 13:00:00,15.0,49,1018.0,3.7,169,0.0
2026-07-18 14:00:00,15.7,48,1017.5,2.7,242,0.0
2026-07-18 15:00:00,15.8,56,1017.1,4.7,247,0.0
2026-07-18 16:00:00,15.1,62,1017.1,7.7,233,0.0
2026-07-18 17:00:00,12.8,70,1017.0,8.0,222,0.0
2026-07-18 18:00:00,11.2,71,1016.1,3.6,210,0.0
2026-07-18 19:00:00,11.2,69,1016.3,8.4,254,0.0
2026-07-18 20:00:00,11.9,59,1016.6,11.8,263,0.0
2026-07-18 21:00:00,11.6,63,1016.0,11.1,284,0.0
2026-07-18 22:00:00,11.7,64,1016.0,10.7,287,0.0
2026-07-18 23:00:00,12.5,62,1016.2,15.3,274,0.0
2026-07-19 00:00:00,10.8,68,1016.2,7.7,259,0.0
2026-07-19 01:00:00,12.1,60,1016.5,12.6,251,0.0
2026-07-19 02:00:00,11.2,62,1017.0,12.5,234,0.0
2026-07-19 03:00:00,10.4,68,1017.3,12.9,238,0.1
2026-07-19 04:00:00,9.3,77,1018.1,17.7,224,0.2
2026-07-19 05:00:00,8.4,87,1018.8,16.1,229,0.0
2026-07-19 06:00:00,8.8,86,1019.9,14.5,194,0.0
2026-07-19 07:00:00,8.8,86,1021.3,18.0,215,0.0
2026-07-19 08:00:00,8.2,84,1022.5,16.1,217,0.0
2026-07-19 09:00:00,8.7,83,1023.9,11.8,230,0.0
2026-07-19 10:00:00,9.6,80,1024.5,10.4,224,0.0
2026-07-19 11:00:00,10.1,74,1025.1,9.8,211,0.0
2026-07-19 12:00:00,10.3,74,1025.3,8.5,205,0.0
2026-07-19 13:00:00,10.9,71,1025.0,8.8,211,0.0
2026-07-19 14:00:00,11.2,67,1024.8,9.9,218,0.0
2026-07-19 15:00:00,11.1,64,1025.0,10.7,210,0.0
2026-07-19 16:00:00,10.5,56,1025.4,7.7,192,0.0
2026-07-19 17:00:00,8.6,65,1026.0,3.4,196,0.0
2026-07-19 18:00:00,7.2,66,1026.3,1.5,216,0.0
2026-07-19 19:00:00,6.3,70,1027.1,1.2,231,0.0
2026-07-19 20:00:00,5.4,71,1027.5,0.6,198,0.0
2026-07-19 21:00:00,5.2,70,1027.6,0.9,180,0.0
2026-07-19 22:00:00,5.2,70,1027.7,2.2,185,0.0
2026-07-19 23:00:00,5.4,70,1027.8,2.4,193,0.0
2026-07-20 00:00:00,4.5,72,1027.8,1.4,203,0.0
2026-07-20 01:00:00,4.3,71,1028.0,1.9,221,0.0
2026-07-20 02:00:00,4.1,71,1028.0,2.3,209,0.0
2026-07-20 03:00:00,4.1,71,1028.0,2.5,188,0.0
2026-07-20 04:00:00,4.0,72,1027.7,2.2,180,0.0
2026-07-20 05:00:00,4.0,73,1028.0,2.0,180,0.0
2026-07-20 06:00:00,3.1,77,1028.7,1.9,197,0.0
2026-07-20 07:00:00,2.3,81,1029.1,1.7,238,0.0
2026-07-20 08:00:00,1.5,83,1029.6,2.3,241,0.0
2026-07-20 09:00:00,3.1,80,1029.8,3.5,208,0.0
2026-07-20 10:00:00,5.8,74,1029.9,2.5,262,0.0
2026-07-20 11:00:00,8.2,69,1030.1,2.6,321,0.0
2026-07-20 12:00:00,10.1,62,1029.5,2.5,352,0.0
2026-07-20 13:00:00,10.8,60,1028.8,5.0,35,0.0
2026-07-20 14:00:00,10.6,63,1028.5,6.9,57,0.0
2026-07-20 15:00:00,10.1,67,1028.0,8.8,67,0.0
2026-07-20 16:00:00,9.1,75,1028.2,8.6,79,0.0
2026-07-20 17:00:00,7.5,80,1028.3,8.8,94,0.0
2026-07-20 18:00:00,6.7,81,1027.8,9.6,94,0.0
2026-07-20 19:00:00,7.2,83,1028.1,10.3,78,0.0
2026-07-20 20:00:00,7.6,77,1028.1,11.8,61,0.0
2026-07-20 21:00:00,7.6,79,1028.0,12.6,53,0.0
2026-07-20 22:00:00,7.5,84,1027.5,13.4,54,0.0
2026-07-20 23:00:00,7.4,87,1027.4,12.9,54,0.0
2026-07-21 00:00:00,7.1,88,1027.3,10.9,63,0.0
2026-07-21 01:00:00,7.2,88,1026.8,11.6,62,0.0
2026-07-21 02:00:00,7.1,90,1026.3,11.1,65,0.0
2026-07-21 03:00:00,6.3,93,1026.0,7.3,73,0.0
2026-07-21 04:00:00,5.4,93,1025.0,6.0,85,0.0
2026-07-21 05:00:00,5.2,96,1024.4,3.1,93,0.0
2026-07-21 06:00:00,4.1,100,1024.7,2.8,72,0.0
2026-07-21 07:00:00,3.3,100,1024.9,0.8,333,0.0
2026-07-21 08:00:00,2.5,100,1024.9,0.3,225,0.0
2026-07-21 09:00:00,3.5,100,1025.0,1.1,189,0.0
2026-07-21 10:00:00,5.1,100,1025.0,1.4,203,0.0
2026-07-21 11:00:00,6.3,98,1024.3,1.0,121,0.0
2026-07-21 12:00:00,8.0,93,1023.7,2.5,111,0.0
2026-07-21 13:00:00,9.7,82,1022.7,2.4,73,0.0
2026-07-21 14:00:00,10.3,73,1021.7,3.9,47,0.0
2026-07-21 15:00:00,10.0,73,1021.3,4.2,59,0.0
2026-07-21 16:00:00,9.8,73,1021.1,4.3,92,0.0
2026-07-21 17:00:00,8.1,83,1021.0,3.9,112,0.0
2026-07-21 18:00:00,6.7,81,1020.8,4.0,108,0.0
2026-07-21 19:00:00,6.8,73,1021.0,4.1,113,0.0
2026-07-21 20:00:00,6.5,68,1021.0,2.2,132,0.0
2026-07-21 21:00:00,5.9,67,1020.9,0.8,225,0.0
2026-07-21 22:00:00,5.0,76,1021.0,4.6,231,0.0
2026-07-21 23:00:00,5.1,80,1021.2,6.4,230,0.0
2026-07-22 00:00:00,4.4,77,1021.1,3.2,223,0.0
2026-07-22 01:00:00,4.9,75,1020.9,5.9,218,0.0
2026-07-22 02:00:00,5.2,73,1021.1,8.4,223,0.0
2026-07-22 03:00:00,5.5,71,1021.2,10.1,243,0.0
2026-07-22 04:00:00,5.0,75,1020.4,5.6,239,0.0
2026-07-22 05:00:00,5.8,70,1020.5,4.9,242,0.0
2026-07-22 06:00:00,4.7,80,1021.4,2.2,284,0.0
2026-07-22 07:00:00,5.9,74,1021.6,3.6,200,0.0
2026-07-22 08:00:00,6.1,70,1021.8,2.8,207,0.0
2026-07-22 09:00:00,7.1,67,1022.7,4.9,219,0.0
2026-07-22 10:00:00,7.8,70,1022.9,3.7,209,0.0
2026-07-22 11:00:00,9.7,64,1022.7,5.5,257,0.0
2026-07-22 12:00:00,12.9,61,1022.1,7.4,76,0.0
2026-07-22 13:00:00,13.2,60,1021.2,12.6,81,0.0
2026-07-22 14:00:00,12.8,64,1021.0,14.5,85,0.0
2026-07-22 15:00:00,12.1,69,1020.8,14.6,87,0.0
2026-07-22 16:00:00,11.2,75,1020.8,13.3,91,0.0
2026-07-22 17:00:00,9.8,87,1021.0,10.3,90,0.0
2026-07-22 18:00:00,9.3,88,1020.9,12.6,93,0.0
2026-07-22 19:00:00,9.2,89,1020.8,13.2,94,0.0
2026-07-22 20:00:00,8.9,93,1020.8,11.4,94,0.0
2026-07-22 21:00:00,8.8,95,1020.0,11.6,94,0.0
2026-07-22 22:00:00,8.7,97,1019.8,11.0,91,0.0
2026-07-22 23:00:00,8.2,97,1019.4,9.8,96,0.0
2026-07-23 00:00:00,8.1,96,1019.3,12.2,91,0.0
2026-07-23 01:00:00,8.1,96,1018.4,11.5,91,0.0
2026-07-23 02:00:00,8.1,96,1017.6,10.9,83,0.0
2026-07-23 03:00:00,7.7,96,1016.8,9.1,83,0.0
2026-07-23 04:00:00,6.8,96,1016.0,5.7,77,0.0
2026-07-23 05:00:00,6.2,99,1015.4,4.5,74,0.0
2026-07-23 06:00:00,6.1,98,1014.4,6.4,79,0.0
2026-07-23 07:00:00,5.9,96,1014.3,6.4,58,0.0
2026-07-23 08:00:00,5.8,97,1014.0,6.0,83,0.0
2026-07-23 09:00:00,7.7,95,1013.6,8.7,108,0.0
2026-07-23 10:00:00,9.7,90,1013.3,8.7,124,0.0
2026-07-23 11:00:00,11.9,77,1013.0,6.1,120,0.0
2026-07-23 12:00:00,13.8,66,1011.1,6.6,131,0.0
2026-07-23 13:00:00,14.8,63,1010.4,3.1,118,0.0
2026-07-23 14:00:00,15.6,60,1009.8,8.3,292,0.0
2026-07-23 15:00:00,15.6,59,1009.2,13.6,298,0.0
2026-07-23 16:00:00,14.2,71,1009.0,5.4,2,0.0
2026-07-23 17:00:00,12.3,76,1008.3,8.6,37,0.0
2026-07-23 18:00:00,12.1,70,1006.8,13.1,351,0.0
2026-07-23 19:00:00,11.6,72,1006.7,11.9,357,0.0
2026-07-23 20:00:00,11.7,69,1006.2,12.3,345,0.0
2026-07-23 21:00:00,12.2,67,1005.3,15.3,358,0.0
2026-07-23 22:00:00,11.9,69,1005.0,16.5,7,0.0
2026-07-23 23:00:00,11.1,73,1004.9,9.8,14,0.0
2026-07-24 00:00:00,11.2,76,1003.4,10.6,23,0.1
2026-07-24 01:00:00,11.8,76,1002.5,14.5,5,0.2
2026-07-24 02:00:00,12.2,77,1001.9,20.6,9,0.1
2026-07-24 03:00:00,12.2,76,1001.7,15.0,13,0.1
2026-07-24 04:00:00,11.5,80,1000.8,11.5,20,0.2
2026-07-24 05:00:00,11.3,80,999.9,16.3,23,0.1
2026-07-24 06:00:00,12.1,69,998.6,19.7,29,0.0
2026-07-24 07:00:00,13.0,65,998.3,23.4,21,0.0
2026-07-24 08:00:00,12.9,65,998.0,21.4,17,0.0
2026-07-24 09:00:00,12.8,66,997.7,17.9,9,0.0
2026-07-24 10:00:00,13.4,65,997.2,16.2,3,0.0
2026-07-24 11:00:00,14.0,66,996.3,13.1,7,0.0
2026-07-24 12:00:00,16.0,61,994.9,12.3,7,0.0
2026-07-24 13:00:00,16.7,53,993.4,15.5,2,0.0
2026-07-24 14:00:00,16.1,60,992.1,12.1,6,0.0
2026-07-24 15:00:00,14.5,73,992.0,8.1,325,0.1
2026-07-24 16:00:00,12.2,87,992.6,8.6,241,1.4
2026-07-24 17:00:00,10.2,91,993.1,16.8,211,0.5
2026-07-24 18:00:00,9.7,89,992.4,18.0,201,0.2
2026-07-24 19:00:00,8.7,90,992.1,13.5,213,0.1
2026-07-24 20:00:00,8.1,91,992.5,11.5,215,0.0
2026-07-24 21:00:00,7.1,93,992.6,5.4,222,0.0
2026-07-24 22:00:00,5.8,96,992.8,4.4,263,0.0
2026-07-24 23:00:00,5.2,96,993.0,4.5,223,0.0
2026-07-25 00:00:00,4.5,97,992.7,4.4,238,0.0
2026-07-25 01:00:00,4.4,97,992.7,4.7,196,0.0
2026-07-25 02:00:00,4.5,96,992.8,5.7,193,0.0
2026-07-25 03:00:00,5.0,95,992.9,5.7,198,0.0
2026-07-25 04:00:00,5.0,96,993.1,5.9,225,0.0
2026-07-25 05:00:00,5.3,97,993.4,10.3,229,0.2
2026-07-25 06:00:00,4.4,95,994.6,11.2,218,0.8
2026-07-25 07:00:00,5.7,94,995.6,15.6,231,2.6
2026-07-25 08:00:00,5.8,92,996.6,21.4,215,2.7
2026-07-25 09:00:00,5.8,92,997.6,26.5,224,2.3
2026-07-25 10:00:00,5.8,91,998.4,26.6,227,1.1
2026-07-25 11:00:00,5.5,91,999.6,27.1,223,0.7
2026-07-25 12:00:00,5.9,90,999.7,21.8,225,0.8
2026-07-25 13:00:00,5.7,88,999.7,23.5,221,0.6
2026-07-25 14:00:00,6.3,82,999.8,22.5,225,0.2
2026-07-25 15:00:00,5.9,80,1000.5,21.0,223,0.4
2026-07-25 16:00:00,6.1,86,1001.1,16.8,231,0.5
2026-07-25 17:00:00,5.5,87,1002.0,14.9,215,0.1
2026-07-25 18:00:00,4.5,88,1002.3,11.3,233,0.2
2026-07-25 19:00:00,4.3,91,1003.1,10.1,231,0.1
2026-07-25 20:00:00,3.6,92,1003.6,5.5,229,0.0
2026-07-25 21:00:00,3.1,92,1003.9,5.0,249,0.0
2026-07-25 22:00:00,2.6,91,1004.5,3.7,241,0.0
2026-07-25 23:00:00,2.0,92,1004.9,2.9,263,0.0
2026-07-26 00:00:00,0.7,94,1005.1,4.7,212,0.0
2026-07-26 01:00:00,0.9,92,1005.3,5.2,194,0.0
2026-07-26 02:00:00,0.9,89,1005.5,4.0,212,0.0
2026-07-26 03:00:00,0.8,87,1005.7,4.5,220,0.0
2026-07-26 04:00:00,0.7,86,1005.7,4.0,216,0.0
2026-07-26 05:00:00,0.4,86,1005.9,4.5,214,0.0
2026-07-26 06:00:00,-0.2,88,1006.5,4.9,204,0.0
2026-07-26 07:00:00,-0.2,88,1006.9,4.4,210,0.0
2026-07-26 08:00:00,-0.4,88,1007.8,3.7,231,0.0
2026-07-26 09:00:00,1.2,88,1008.8,6.9,229,0.0
2026-07-26 10:00:00,3.3,85,1009.8,6.7,226,0.0
2026-07-26 11:00:00,5.5,75,1010.5,4.2,234,0.0
2026-07-26 12:00:00,7.1,66,1010.1,3.8,245,0.0
2026-07-26 13:00:00,8.3,58,1010.0,4.7,286,0.0
2026-07-26 14:00:00,9.0,53,1010.0,6.1,270,0.0
2026-07-26 15:00:00,9.2,50,1010.0,8.7,248,0.0
2026-07-26 16:00:00,8.7,53,1010.7,8.9,232,0.0
2026-07-26 17:00:00,6.6,69,1011.4,5.5,218,0.0
2026-07-26 18:00:00,4.3,74,1011.7,4.2,200,0.0
2026-07-26 19:00:00,3.7,75,1012.6,4.9,190,0.0
2026-07-26 20:00:00,3.0,76,1013.0,4.7,184,0.0
2026-07-26 21:00:00,2.4,75,1013.6,4.3,182,0.0
2026-07-26 22:00:00,2.1,74,1014.2,3.1,190,0.0
2026-07-26 23:00:00,1.6,75,1014.6,1.9,197,0.0
2026-07-27 00:00:00,1.2,77,1014.6,1.1,180,0.0
2026-07-27 01:00:00,1.1,79,1014.9,2.2,194,0.0
2026-07-27 02:00:00,1.1,79,1015.3,2.1,195,0.0
2026-07-27 03:00:00,1.1,79,1015.3,1.9,197,0.0
2026-07-27 04:00:00,1.0,79,1015.4,2.1,211,0.0
2026-07-27 05:00:00,0.9,79,1015.9,2.3,225,0.0
2026-07-27 06:00:00,0.1,82,1016.6,2.2,204,0.0
2026-07-27 07:00:00,0.1,83,1016.7,3.4,223,0.0
2026-07-27 08:00:00,0.3,80,1017.3,3.3,221,0.0
2026-07-27 09:00:00,2.8,74,1017.9,3.5,204,0.0
2026-07-27 10:00:00,5.4,65,1018.1,4.1,255,0.0
2026-07-27 11:00:00,7.3,57,1018.9,3.3,276,0.0
2026-07-27 12:00:00,8.9,51,1018.5,2.9,313,0.0
2026-07-27 13:00:00,10.2,48,1018.0,3.2,326,0.0
2026-07-27 14:00:00,10.6,49,1017.5,4.3,358,0.0
2026-07-27 15:00:00,10.3,52,1017.5,4.8,15,0.0
2026-07-27 16:00:00,9.5,62,1017.7,5.1,36,0.0
2026-07-27 17:00:00,6.9,78,1018.1,4.2,72,0.0
2026-07-27 18:00:00,5.2,82,1018.1,5.2,86,0.0
2026-07-27 19:00:00,5.3,80,1018.4,5.9,90,0.0
2026-07-27 20:00:00,5.2,80,1018.7,5.7,81,0.0
2026-07-27 21:00:00,5.3,81,1018.8,6.2,75,0.0
2026-07-27 22:00:00,5.1,83,1019.2,6.3,77,0.0
2026-07-27 23:00:00,5.0,84,1019.3,6.2,80,0.0
2026-07-28 00:00:00,4.7,85,1019.6,6.3,90,0.0
2026-07-28 01:00:00,4.6,87,1019.8,5.1,86,0.0
2026-07-28 02:00:00,4.5,91,1019.7,4.0,90,0.0
2026-07-28 03:00:00,4.6,94,1019.8,2.9,79,0.0
2026-07-28 04:00:00,4.2,95,1020.0,1.5,14,0.0
2026-07-28 05:00:00,3.2,98,1020.3,0.5,270,0.0
2026-07-28 06:00:00,3.0,100,1021.2,0.8,153,0.0
2026-07-28 07:00:00,1.8,99,1021.8,0.5,225,0.0
2026-07-28 08:00:00,1.9,92,1022.4,1.7,212,0.0
2026-07-28 09:00:00,3.7,83,1023.4,4.8,225,0.0
2026-07-28 10:00:00,6.0,76,1023.9,5.8,244,0.0
2026-07-28 11:00:00,8.5,70,1024.3,4.2,252,0.0
2026-07-28 12:00:00,11.0,59,1023.9,3.6,250,0.0
2026-07-28 13:00:00,12.7,50,1023.4,3.2,251,0.0
2026-07-28 14:00:00,13.4,45,1023.1,0.8,297,0.0
2026-07-28 15:00:00,13.1,49,1023.0,3.7,55,0.0
2026-07-28 16:00:00,11.4,66,1023.2,7.5,69,0.0
2026-07-28 17:00:00,8.8,77,1023.6,7.4,94,0.0
2026-07-28 18:00:00,7.4,80,1023.5,8.7,104,0.0
2026-07-28 19:00:00,7.6,82,1023.8,9.0,90,0.0
2026-07-28 20:00:00,7.6,87,1024.0,9.4,85,0.0
2026-07-28 21:00:00,7.7,89,1023.9,10.8,89,0.0
2026-07-28 22:00:00,7.7,88,1023.6,12.1,94,0.0
2026-07-28 23:00:00,7.7,86,1023.4,12.8,95,0.0
2026-07-29 00:00:00,7.5,90,1023.0,13.1,97,0.0
2026-07-29 01:00:00,7.8,92,1022.7,12.7,96,0.0
2026-07-29 02:00:00,7.7,92,1022.2,12.1,93,0.0
2026-07-29 03:00:00,7.3,91,1021.6,9.5,92,0.0
2026-07-29 04:00:00,7.1,90,1020.9,8.8,90,0.0
2026-07-29 05:00:00,6.3,89,1020.6,5.6,88,0.0
2026-07-29 06:00:00,6.0,92,1020.3,4.9,94,0.0
2026-07-29 07:00:00,6.4,86,1020.1,1.2,153,0.0
2026-07-29 08:00:00,4.6,91,1020.4,1.4,230,0.0
2026-07-29 09:00:00,5.7,89,1020.5,4.9,234,0.0
2026-07-29 10:00:00,7.5,86,1020.6,5.7,252,0.0
2026-07-29 11:00:00,9.6,81,1020.6,2.7,247,0.0
2026-07-29 12:00:00,11.8,70,1019.6,2.2,265,0.0
2026-07-29 13:00:00,13.6,61,1018.8,0.9,349,0.0
2026-07-29 14:00:00,14.6,58,1018.0,2.7,8,0.0
2026-07-29 15:00:00,14.9,61,1017.4,1.8,6,0.0
2026-07-29 16:00:00,14.6,68,1017.5,3.0,308,0.0
2026-07-29 17:00:00,12.7,74,1017.4,5.9,290,0.0
2026-07-29 18:00:00,10.3,80,1016.9,0.4,63,0.0
2026-07-29 19:00:00,9.3,84,1016.8,0.4,90,0.0
2026-07-29 20:00:00,9.0,84,1016.7,0.6,108,0.0
2026-07-29 21:00:00,8.9,81,1016.4,1.0,121,0.0
2026-07-29 22:00:00,8.3,81,1016.4,1.2,129,0.0
2026-07-29 23:00:00,7.5,82,1016.4,3.4,137,0.0
2026-07-30 00:00:00,7.6,77,1015.3,3.8,109,0.0
2026-07-30 01:00:00,7.6,76,1014.9,2.1,110,0.0
2026-07-30 02:00:00,7.3,76,1014.3,1.3,106,0.0
2026-07-30 03:00:00,6.9,77,1013.8,3.6,127,0.0
2026-07-30 04:00:00,7.0,77,1013.1,4.3,138,0.0
2026-07-30 05:00:00,7.3,76,1012.5,4.7,118,0.0
2026-07-30 06:00:00,7.1,80,1011.8,3.1,103,0.0
2026-07-30 07:00:00,7.0,84,1011.2,4.6,111,0.0
2026-07-30 08:00:00,7.4,85,1011.1,5.6,75,0.0
2026-07-30 09:00:00,9.9,80,1010.6,9.3,10,0.0
2026-07-30 10:00:00,12.0,73,1010.3,13.5,357,0.0
2026-07-30 11:00:00,13.0,66,1009.8,17.3,21,0.0
2026-07-30 12:00:00,14.7,62,1007.4,18.7,8,0.0
2026-07-30 13:00:00,14.6,60,1005.9,22.7,20,0.0
2026-07-30 14:00:00,14.6,61,1004.2,23.9,32,0.0
2026-07-30 15:00:00,14.4,59,1003.0,23.4,31,0.0
2026-07-30 16:00:00,13.7,64,1002.3,22.0,25,0.0
2026-07-30 17:00:00,13.3,65,1001.6,17.3,23,0.0
2026-07-30 18:00:00,14.2,64,1000.4,20.4,10,0.0
2026-07-30 19:00:00,13.0,68,999.5,21.1,19,0.1
2026-07-30 20:00:00,12.6,68,998.7,19.7,24,0.0
2026-07-30 21:00:00,12.6,67,998.4,19.7,27,0.0
2026-07-30 22:00:00,11.7,73,998.4,17.1,22,0.0
2026-07-30 23:00:00,11.2,74,997.6,18.2,23,0.0
2026-07-31 00:00:00,10.8,71,996.9,19.8,13,0.0
2026-07-31 01:00:00,10.4,72,996.0,17.5,50,0.0
2026-07-31 02:00:00,9.9,71,995.5,10.6,67,0.0
2026-07-31 03:00:00,9.4,73,994.8,11.0,94,0.0
2026-07-31 04:00:00,8.7,76,993.7,11.2,102,0.0
2026-07-31 05:00:00,7.5,81,993.7,5.7,99,0.0
2026-07-31 06:00:00,7.5,82,993.4,7.1,47,0.0
2026-07-31 07:00:00,8.0,82,993.3,9.7,56,0.0
2026-07-31 08:00:00,8.4,80,993.8,11.2,35,0.0
2026-07-31 09:00:00,9.6,72,994.3,13.7,11,0.0
2026-07-31 10:00:00,11.4,71,994.6,12.1,359,0.0
2026-07-31 11:00:00,12.6,50,994.9,15.6,321,0.0
2026-07-31 12:00:00,13.3,46,994.1,20.7,296,0.0
2026-07-31 13:00:00,13.3,46,993.8,21.3,298,0.0
2026-07-31 14:00:00,13.1,46,993.7,17.8,291,0.0
2026-07-31 15:00:00,13.2,43,994.4,21.1,258,0.0
2026-07-31 16:00:00,12.5,49,995.4,18.9,255,0.0
2026-07-31 17:00:00,10.4,56,997.1,25.9,234,0.1
2026-07-31 18:00:00,8.0,71,999.6,38.7,224,0.3
2026-07-31 19:00:00,7.1,78,1001.2,39.1,226,0.2
2026-07-31 20:00:00,6.2,83,1002.8,36.4,230,0.7
2026-07-31 21:00:00,5.9,84,1004.6,34.8,230,0.4
2026-07-31 22:00:00,5.4,85,1006.6,32.1,233,0.5
2026-07-31 23:00:00,5.8,86,1008.3,28.5,229,0.5
2026-08-01 00:00:00,4.7,88,1010.1,27.2,231,0.4
2026-08-01 01:00:00,4.8,87,1011.5,30.1,231,0.3
2026-08-01 02:00:00,4.3,87,1012.8,27.7,231,0.5
2026-08-01 03:00:00,3.8,88,1014.0,27.0,236,0.4
2026-08-01 04:00:00,4.0,88,1014.6,22.3,240,0.4
2026-08-01 05:00:00,4.2,88,1015.7,23.7,231,0.4
2026-08-01 06:00:00,3.5,90,1017.1,19.8,236,0.2
2026-08-01 07:00:00,3.8,89,1017.9,20.0,244,0.2
2026-08-01 08:00:00,3.5,87,1018.7,17.7,246,0.1
2026-08-01 09:00:00,3.8,82,1019.6,15.3,250,0.2
2026-08-01 10:00:00,4.8,70,1020.1,15.3,248,0.1
2026-08-01 11:00:00,6.5,62,1020.6,18.2,237,0.0
2026-08-01 12:00:00,7.3,63,1020.3,21.7,220,0.0
2026-08-01 13:00:00,8.1,57,1020.1,20.9,221,0.0
2026-08-01 14:00:00,8.5,53,1019.9,20.0,222,0.0
2026-08-01 15:00:00,8.5,53,1019.8,17.1,223,0.0
2026-08-01 16:00:00,8.1,53,1019.9,14.1,227,0.0
2026-08-01 17:00:00,7.1,59,1020.3,8.1,231,0.0
2026-08-01 18:00:00,4.8,68,1020.4,4.3,208,0.0
2026-08-01 19:00:00,4.6,68,1020.6,2.9,176,0.0
2026-08-01 20:00:00,4.4,70,1020.7,1.3,164,0.0
2026-08-01 21:00:00,3.4,74,1020.7,0.8,243,0.0
2026-08-01 22:00:00,2.5,78,1020.8,4.0,267,0.0
2026-08-01 23:00:00,2.3,78,1020.6,4.8,292,0.0
2026-08-02 00:00:00,2.0,77,1020.3,2.5,278,0.0
2026-08-02 01:00:00,2.2,74,1020.3,1.8,270,0.0
2026-08-02 02:00:00,2.3,72,1020.2,1.3,254,0.0
2026-08-02 03:00:00,2.0,71,1019.9,2.6,214,0.0
2026-08-02 04:00:00,2.1,68,1019.6,4.3,213,0.0
2026-08-02 05:00:00,2.3,64,1019.5,5.0,229,0.0
2026-08-02 06:00:00,2.4,60,1020.0,2.9,210,0.0
2026-08-02 07:00:00,2.3,61,1020.2,4.3,242,0.0
2026-08-02 08:00:00,1.9,66,1020.4,5.4,262,0.0
2026-08-02 09:00:00,4.1,65,1020.6,4.7,252,0.0
2026-08-02 10:00:00,6.8,62,1020.7,3.0,232,0.0
2026-08-02 11:00:00,9.7,55,1020.9,1.1,252,0.0
2026-08-02 12:00:00,11.6,50,1020.0,2.3,61,0.0
2026-08-02 13:00:00,12.9,52,1019.1,3.8,71,0.0
2026-08-02 14:00:00,13.6,52,1018.5,6.7,74,0.0
2026-08-02 15:00:00,13.6,55,1018.0,6.9,81,0.0
2026-08-02 16:00:00,13.3,60,1017.9,3.3,84,0.0
2026-08-02 17:00:00,11.4,70,1017.6,2.7,228,0.0
2026-08-02 18:00:00,9.5,68,1016.8,2.7,188,0.0
2026-08-02 19:00:00,8.8,66,1016.9,6.9,233,0.0
2026-08-02 20:00:00,8.5,64,1016.8,11.9,259,0.0
2026-08-02 21:00:00,8.2,67,1016.4,12.0,257,0.0
2026-08-02 22:00:00,7.9,70,1016.3,10.5,246,0.0
2026-08-02 23:00:00,7.6,72,1015.7,9.3,238,0.0
2026-08-03 00:00:00,5.8,75,1014.9,4.1,247,0.0
2026-08-03 01:00:00,5.5,78,1014.5,5.1,247,0.0
2026-08-03 02:00:00,6.6,74,1013.8,8.6,233,0.0
2026-08-03 03:00:00,7.2,72,1013.7,12.1,235,0.0
2026-08-03 04:00:00,7.4,70,1013.5,9.3,216,0.0
2026-08-03 05:00:00,7.3,69,1013.2,7.3,216,0.0
2026-08-03 06:00:00,7.0,69,1012.2,6.7,239,0.0
2026-08-03 07:00:00,8.4,68,1011.8,9.4,262,0.0
2026-08-03 08:00:00,10.0,64,1011.8,13.5,271,0.0
2026-08-03 09:00:00,11.5,60,1011.5,12.9,282,0.0
2026-08-03 10:00:00,13.4,55,1011.4,15.4,277,0.0
2026-08-03 11:00:00,14.7,52,1011.6,15.7,279,0.0
2026-08-03 12:00:00,16.7,46,1010.2,15.5,282,0.0
2026-08-03 13:00:00,17.3,43,1009.2,18.9,273,0.0
2026-08-03 14:00:00,17.1,40,1009.3,22.2,249,0.0
2026-08-03 15:00:00,11.8,65,1010.3,25.8,184,0.2
2026-08-03 16:00:00,9.8,72,1011.2,16.8,190,0.2
2026-08-03 17:00:00,9.0,75,1011.4,13.0,198,0.0
2026-08-03 18:00:00,8.3,72,1011.8,13.6,200,0.0
2026-08-03 19:00:00,7.6,81,1012.1,5.2,226,0.0
2026-08-03 20:00:00,6.8,84,1012.3,2.1,239,0.0
2026-08-03 21:00:00,7.2,86,1013.5,14.7,203,0.7
2026-08-03 22:00:00,5.9,89,1014.4,23.1,206,0.9
2026-08-03 23:00:00,5.7,89,1015.1,21.9,217,0.7
2026-08-04 00:00:00,6.2,72,1015.0,25.5,223,0.4
2026-08-04 01:00:00,6.7,57,1015.3,28.0,211,0.1
2026-08-04 02:00:00,6.3,52,1015.8,28.2,210,0.0
2026-08-04 03:00:00,6.2,52,1016.5,30.1,205,0.0
2026-08-04 04:00:00,5.7,55,1017.0,27.7,210,0.0
2026-08-04 05:00:00,3.6,72,1018.3,30.1,216,0.2
2026-08-04 06:00:00,3.3,79,1019.4,29.6,215,0.2
2026-08-04 07:00:00,2.4,77,1020.1,27.1,222,0.3
2026-08-04 08:00:00,2.4,79,1020.8,25.7,225,0.4
2026-08-04 09:00:00,3.4,83,1021.8,25.5,224,0.7
2026-08-04 10:00:00,3.2,81,1023.2,27.8,218,1.0
2026-08-04 11:00:00,3.5,87,1024.2,21.8,225,0.8
2026-08-04 12:00:00,2.8,82,1024.2,24.9,217,0.4
2026-08-04 13:00:00,3.8,78,1024.2,26.2,226,0.3
2026-08-04 14:00:00,4.4,76,1024.1,26.5,223,0.4
2026-08-04 15:00:00,4.7,76,1024.1,23.2,225,0.7
2026-08-04 16:00:00,4.2,80,1024.6,26.2,221,0.3
2026-08-04 17:00:00,3.9,74,1025.3,27.9,216,0.2
2026-08-04 18:00:00,3.9,78,1025.8,27.0,219,0.1
2026-08-04 19:00:00,3.9,73,1026.4,25.7,227,0.2
2026-08-04 20:00:00,4.4,73,1026.9,23.8,225,0.1
2026-08-04 21:00:00,5.1,67,1027.2,24.7,217,0.0
2026-08-04 22:00:00,5.3,66,1028.0,23.5,213,0.0
2026-08-04 23:00:00,5.4,67,1028.5,21.2,215,0.0
2026-08-05 00:00:00,5.3,67,1029.1,19.5,217,0.0
2026-08-05 01:00:00,5.4,70,1029.5,18.1,221,0.0
2026-08-05 02:00:00,5.2,73,1029.9,16.5,225,0.0
2026-08-05 03:00:00,5.2,76,1030.1,14.9,229,0.0
2026-08-05 04:00:00,4.8,79,1030.2,14.8,233,0.0
2026-08-05 05:00:00,4.3,81,1030.3,13.9,249,0.0
2026-08-05 06:00:00,3.6,81,1030.9,14.5,256,0.0
2026-08-05 07:00:00,3.8,80,1031.1,13.9,260,0.0
2026-08-05 08:00:00,3.7,77,1031.6,14.8,261,0.0
2026-08-05 09:00:00,4.6,74,1032.1,14.9,259,0.0
2026-08-05 10:00:00,5.4,68,1032.4,15.4,251,0.0
2026-08-05 11:00:00,6.1,64,1032.9,14.2,243,0.0
2026-08-05 12:00:00,7.5,64,1032.1,15.1,230,0.0
2026-08-05 13:00:00,8.1,62,1031.4,14.7,222,0.0
2026-08-05 14:00:00,8.1,61,1031.2,13.9,218,0.0
2026-08-05 15:00:00,8.0,62,1031.3,12.5,217,0.0
2026-08-05 16:00:00,7.7,62,1031.5,11.2,222,0.0
2026-08-05 17:00:00,6.9,66,1032.1,8.4,225,0.0
2026-08-05 18:00:00,4.4,77,1032.1,5.5,224,0.0
2026-08-05 19:00:00,3.6,80,1032.4,4.9,216,0.0
2026-08-05 20:00:00,2.9,81,1032.8,4.7,230,0.0
2026-08-05 21:00:00,2.3,82,1032.9,5.3,235,0.0
2026-08-05 22:00:00,1.9,83,1033.6,5.6,228,0.0
2026-08-05 23:00:00,1.2,85,1033.5,5.3,237,0.0
2026-08-06 00:00:00,0.1,88,1033.5,5.2,254,0.0
2026-08-06 01:00:00,-0.1,88,1033.7,5.4,233,0.0
2026-08-06 02:00:00,0.1,87,1033.5,5.7,224,0.0
2026-08-06 03:00:00,-0.1,87,1033.6,5.4,222,0.0
2026-08-06 04:00:00,-0.5,87,1033.2,5.0,224,0.0
2026-08-06 05:00:00,-0.6,86,1033.3,4.5,227,0.0
2026-08-06 06:00:00,-1.0,88,1033.5,2.6,214,0.0
2026-08-06 07:00:00,-0.8,86,1033.6,4.0,219,0.0
2026-08-06 08:00:00,-0.6,85,1033.7,4.2,220,0.0
2026-08-06 09:00:00,1.8,82,1034.0,5.2,229,0.0
2026-08-06 10:00:00,4.4,78,1034.2,3.8,259,0.0
2026-08-06 11:00:00,6.4,68,1034.4,2.8,285,0.0
2026-08-06 12:00:00,7.7,63,1033.7,3.2,333,0.0
2026-08-06 13:00:00,8.5,59,1033.2,3.6,354,0.0
2026-08-06 14:00:00,8.6,59,1032.4,4.5,16,0.0
2026-08-06 15:00:00,8.5,61,1031.9,5.7,28,0.0
2026-08-06 16:00:00,7.9,62,1031.9,7.3,42,0.0
2026-08-06 17:00:00,6.4,69,1031.9,6.0,51,0.0
2026-08-06 18:00:00,3.9,76,1031.9,5.4,70,0.0
2026-08-06 19:00:00,3.9,77,1031.8,6.1,78,0.0
2026-08-06 20:00:00,3.6,79,1032.0,6.6,64,0.0
2026-08-06 21:00:00,3.8,80,1031.9,7.8,56,0.0
2026-08-06 22:00:00,3.7,81,1032.0,8.3,63,0.0
2026-08-06 23:00:00,3.8,80,1031.8,9.3,74,0.0
2026-08-07 00:00:00,2.5,96,1031.6,8.1,102,0.0
2026-08-07 01:00:00,2.9,95,1031.2,8.8,92,0.0
2026-08-07 02:00:00,3.4,93,1030.7,10.1,90,0.0
2026-08-07 03:00:00,3.7,92,1030.3,9.2,90,0.0
2026-08-07 04:00:00,3.9,94,1029.3,11.2,96,0.0
2026-08-07 05:00:00,3.4,95,1029.7,6.1,67,0.0
2026-08-07 06:00:00,4.5,90,1028.8,15.8,91,0.0
2026-08-07 07:00:00,4.5,92,1029.5,12.3,53,0.0
2026-08-07 08:00:00,5.2,91,1028.8,14.3,72,0.0
2026-08-07 09:00:00,6.4,91,1028.9,13.5,52,0.0
2026-08-07 10:00:00,7.0,86,1028.8,12.0,57,0.0
2026-08-07 11:00:00,7.5,82,1029.2,9.3,65,0.0
2026-08-07 12:00:00,9.0,79,1028.2,9.9,78,0.1
2026-08-07 13:00:00,9.5,75,1027.1,11.0,80,0.0
2026-08-07 14:00:00,9.6,74,1026.4,9.5,75,0.0
2026-08-07 15:00:00,9.8,75,1025.5,7.0,80,0.0
2026-08-07 16:00:00,10.2,72,1025.2,6.4,65,0.0
2026-08-07 17:00:00,8.9,80,1025.0,3.8,71,0.0
2026-08-07 18:00:00,7.6,87,1024.5,9.3,103,0.0
2026-08-07 19:00:00,7.4,88,1024.6,10.5,110,0.7
2026-08-07 20:00:00,7.6,91,1024.3,10.1,96,0.0
2026-08-07 21:00:00,7.7,91,1024.0,7.9,91,0.0
2026-08-07 22:00:00,7.1,90,1024.0,5.2,104,0.0
2026-08-07 23:00:00,7.1,86,1023.6,3.6,99,0.0
2026-08-08 00:00:00,6.7,78,1023.5,2.4,132,0.0
2026-08-08 01:00:00,5.9,79,1023.5,0.7,194,0.0
2026-08-08 02:00:00,4.7,82,1023.2,1.3,225,0.0
2026-08-08 03:00:00,4.3,83,1023.2,3.2,196,0.0
2026-08-08 04:00:00,3.9,84,1022.7,3.1,204,0.0
2026-08-08 05:00:00,3.7,85,1022.9,3.2,218,0.0
2026-08-08 06:00:00,3.1,90,1023.0,1.5,291,0.0
2026-08-08 07:00:00,2.8,90,1023.3,0.7,180,0.0
2026-08-08 08:00:00,3.9,88,1023.3,3.0,163,0.0
2026-08-08 09:00:00,6.4,85,1023.5,1.3,82,0.0
2026-08-08 10:00:00,9.1,78,1023.6,4.5,16,0.0
2026-08-08 11:00:00,11.7,73,1024.0,6.8,61,0.0
2026-08-08 12:00:00,13.1,65,1023.0,12.0,83,0.0
2026-08-08 13:00:00,12.9,68,1022.2,14.9,89,0.0
2026-08-08 14:00:00,12.4,73,1021.7,16.0,87,0.0
2026-08-08 15:00:00,11.5,81,1021.2,14.7,83,0.0
2026-08-08 16:00:00,10.7,87,1021.0,12.1,89,0.0
2026-08-08 17:00:00,9.9,91,1021.0,10.4,100,0.0
2026-08-08 18:00:00,9.5,92,1020.9,13.1,99,0.0
2026-08-08 19:00:00,9.7,89,1020.6,12.7,103,0.0
2026-08-08 20:00:00,9.6,89,1020.3,12.7,96,0.0
2026-08-08 21:00:00,9.6,91,1019.8,15.3,98,0.0
2026-08-08 22:00:00,9.7,92,1019.1,15.3,102,0.0
2026-08-08 23:00:00,9.7,93,1018.6,15.0,96,0.0
2026-08-09 00:00:00,9.6,93,1018.2,13.8,97,0.0
2026-08-09 01:00:00,9.7,94,1017.3,13.6,102,0.1
2026-08-09 02:00:00,9.5,95,1016.6,13.7,108,0.6
2026-08-09 03:00:00,9.7,96,1015.8,15.0,84,0.3
2026-08-09 04:00:00,9.3,99,1015.0,14.4,62,0.1
2026-08-09 05:00:00,9.0,97,1014.2,13.2,62,0.0
2026-08-09 06:00:00,9.2,96,1013.8,12.1,80,0.0
2026-08-09 07:00:00,9.3,96,1013.4,12.7,75,0.0
2026-08-09 08:00:00,9.1,96,1013.0,14.8,76,0.0
2026-08-09 09:00:00,9.5,94,1012.8,14.1,74,0.0
2026-08-09 10:00:00,9.9,92,1012.2,11.7,81,0.0
2026-08-09 11:00:00,10.4,85,1011.8,10.0,82,0.0
2026-08-09 12:00:00,11.1,83,1010.4,14.2,82,0.0
2026-08-09 13:00:00,11.6,79,1009.6,12.5,83,0.0
2026-08-09 14:00:00,12.1,78,1009.0,10.6,88,0.0
2026-08-09 15:00:00,12.6,77,1008.6,8.2,99,0.0
2026-08-09 16:00:00,11.9,82,1008.1,7.6,112,0.0
2026-08-09 17:00:00,11.1,87,1008.3,3.6,177,0.1
2026-08-09 18:00:00,10.1,88,1008.0,6.0,153,0.3
2026-08-09 19:00:00,8.9,92,1008.3,6.1,212,0.0
2026-08-09 20:00:00,8.7,95,1008.6,13.0,225,0.0
2026-08-09 21:00:00,8.3,94,1009.0,13.4,219,0.0
2026-08-09 22:00:00,7.7,95,1009.3,10.4,222,0.0
2026-08-09 23:00:00,7.2,95,1009.4,10.3,229,0.1
2026-08-10 00:00:00,7.3,92,1009.6,6.1,251,0.0
2026-08-10 01:00:00,7.1,92,1010.0,8.0,247,0.0
2026-08-10 02:00:00,6.9,92,1010.3,10.1,246,0.0
2026-08-10 03:00:00,7.2,92,1010.9,11.1,250,0.0
2026-08-10 04:00:00,7.3,91,1010.9,11.4,241,0.0
2026-08-10 05:00:00,7.3,90,1011.6,11.7,239,0.0
2026-08-10 06:00:00,6.8,92,1012.2,12.1,242,0.2
2026-08-10 07:00:00,7.2,92,1012.8,15.4,236,0.4
2026-08-10 08:00:00,7.3,92,1013.3,11.4,239,0.6
2026-08-10 09:00:00,7.8,92,1014.3,13.2,255,0.2
2026-08-10 10:00:00,9.7,84,1014.9,21.8,237,0.1
2026-08-10 11:00:00,10.8,80,1015.3,23.8,230,0.0
2026-08-10 12:00:00,11.1,81,1015.2,23.3,225,0.3
2026-08-10 13:00:00,10.9,81,1015.1,22.4,227,0.3
2026-08-10 14:00:00,11.1,79,1015.1,22.1,225,0.2
2026-08-10 15:00:00,10.8,80,1015.3,20.1,225,0.2
2026-08-10 16:00:00,10.3,81,1015.9,18.1,227,0.2
2026-08-10 17:00:00,9.4,87,1016.7,16.4,225,0.1
2026-08-10 18:00:00,8.8,91,1017.6,16.2,216,0.1
2026-08-10 19:00:00,8.6,92,1018.2,15.9,214,0.0
2026-08-10 20:00:00,8.4,90,1018.8,15.5,218,0.0
2026-08-10 21:00:00,7.9,90,1019.6,14.8,218,0.0
2026-08-10 22:00:00,7.7,89,1019.9,11.7,214,0.0
2026-08-10 23:00:00,6.9,91,1020.4,6.6,235,0.0
2026-08-11 00:00:00,6.6,91,1020.8,7.4,266,0.0
2026-08-11 01:00:00,7.3,88,1020.9,8.4,251,0.0
2026-08-11 02:00:00,7.4,88,1021.1,7.6,251,0.0
2026-08-11 03:00:00,7.1,90,1021.3,8.0,262,0.0
2026-08-11 04:00:00,7.1,90,1021.1,7.4,257,0.0
2026-08-11 05:00:00,7.1,89,1021.6,6.9,250,0.0
2026-08-11 06:00:00,6.5,90,1021.7,6.4,232,0.0
2026-08-11 07:00:00,6.6,88,1021.7,4.5,203,0.0
2026-08-11 08:00:00,6.9,86,1022.0,5.1,190,0.0
2026-08-11 09:00:00,8.0,82,1022.4,2.5,180,0.0
2026-08-11 10:00:00,9.0,77,1022.4,2.4,36,0.0
2026-08-11 11:00:00,9.7,75,1022.2,4.8,61,0.0
2026-08-11 12:00:00,11.1,74,1021.9,13.2,73,0.0
2026-08-11 13:00:00,11.3,76,1021.2,14.8,74,0.0
2026-08-11 14:00:00,11.2,79,1020.8,16.2,73,0.0
2026-08-11 15:00:00,10.9,80,1020.4,19.3,72,0.0
2026-08-11 16:00:00,10.5,83,1020.4,21.9,68,0.0
2026-08-11 17:00:00,9.9,88,1020.4,21.0,68,0.0
2026-08-11 18:00:00,9.5,87,1020.3,20.9,63,0.0
2026-08-11 19:00:00,9.5,87,1020.2,20.4,60,0.0
2026-08-11 20:00:00,9.5,88,1020.1,20.0,61,0.0
2026-08-11 21:00:00,9.4,89,1020.3,20.9,57,0.1
2026-08-11 22:00:00,9.3,90,1020.0,20.9,58,0.1
2026-08-11 23:00:00,9.3,90,1019.8,21.0,56,0.0
2026-08-12 00:00:00,9.3,93,1019.3,21.6,54,0.1
2026-08-12 01:00:00,9.5,92,1018.7,24.0,57,0.0
2026-08-12 02:00:00,9.4,90,1018.4,24.8,59,0.0
2026-08-12 03:00:00,9.5,91,1017.7,26.1,60,0.0
2026-08-12 04:00:00,9.5,93,1017.1,27.2,57,0.1
2026-08-12 05:00:00,9.7,93,1016.8,27.1,56,0.2
2026-08-12 06:00:00,9.8,94,1016.3,28.4,62,0.2
2026-08-12 07:00:00,9.9,94,1015.9,27.0,59,0.2
2026-08-12 08:00:00,9.8,93,1016.0,24.0,54,0.1
2026-08-12 09:00:00,10.0,93,1015.9,23.3,53,0.1
2026-08-12 10:00:00,10.4,89,1015.4,25.9,48,0.0
2026-08-12 11:00:00,10.7,84,1015.1,27.4,49,0.0
2026-08-12 12:00:00,11.6,82,1013.8,27.7,52,0.0
2026-08-12 13:00:00,11.5,83,1012.6,27.0,57,0.0
2026-08-12 14:00:00,11.5,82,1012.0,27.2,61,0.0
2026-08-12 15:00:00,11.3,82,1011.2,27.0,64,0.0
2026-08-12 16:00:00,10.9,83,1010.6,25.4,63,0.0
2026-08-12 17:00:00,10.4,85,1010.5,25.3,60,0.0
2026-08-12 18:00:00,10.6,85,1009.7,24.0,62,0.0
2026-08-12 19:00:00,10.5,87,1009.4,23.8,59,0.0
2026-08-12 20:00:00,10.3,90,1009.4,24.6,54,0.3
2026-08-12 21:00:00,10.2,92,1009.3,21.1,53,0.1
2026-08-12 22:00:00,10.1,90,1008.9,18.2,56,0.0
2026-08-12 23:00:00,10.1,91,1008.5,18.0,62,0.0
2026-08-13 00:00:00,10.1,91,1007.9,18.6,60,0.0
2026-08-13 01:00:00,9.8,92,1007.4,13.7,71,0.0
2026-08-13 02:00:00,9.4,93,1007.4,11.9,84,0.1
2026-08-13 03:00:00,10.1,92,1007.0,14.7,82,0.0
2026-08-13 04:00:00,9.7,92,1006.7,13.4,85,0.0
2026-08-13 05:00:00,9.6,92,1006.5,12.2,82,0.0
2026-08-13 06:00:00,9.8,90,1006.1,13.1,91,0.0
2026-08-13 07:00:00,9.6,91,1006.1,10.2,97,0.0
2026-08-13 08:00:00,9.6,91,1006.2,10.0,111,0.0
2026-08-13 09:00:00,11.3,87,1006.5,9.9,105,0.0
2026-08-13 10:00:00,13.3,82,1006.6,8.0,95,0.0
2026-08-13 11:00:00,15.2,71,1006.8,9.3,66,0.0
2026-08-13 12:00:00,14.2,75,1006.2,12.2,109,0.0
2026-08-13 13:00:00,14.6,74,1005.5,11.4,111,0.0
2026-08-13 14:00:00,15.1,73,1004.8,11.6,111,0.0
2026-08-13 15:00:00,15.2,73,1004.5,12.1,115,0.0
2026-08-13 16:00:00,14.4,75,1005.1,12.3,125,0.0
2026-08-13 17:00:00,12.6,82,1005.5,13.1,131,0.0
2026-08-13 18:00:00,11.4,84,1005.4,8.7,114,0.0
2026-08-13 19:00:00,11.8,82,1005.8,8.5,111,0.0
2026-08-13 20:00:00,10.8,85,1006.4,0.5,180,0.0
2026-08-13 21:00:00,9.9,89,1007.1,9.0,257,0.0
2026-08-13 22:00:00,9.3,89,1008.0,16.1,233,0.0
2026-08-13 23:00:00,9.3,90,1008.6,16.7,226,0.0
2026-08-14 00:00:00,8.9,90,1008.7,15.2,220,0.0
2026-08-14 01:00:00,8.8,91,1009.0,16.8,223,0.0
2026-08-14 02:00:00,8.5,93,1009.5,17.1,227,0.0
2026-08-14 03:00:00,8.3,95,1010.0,16.2,231,0.0
2026-08-14 04:00:00,7.9,97,1009.9,15.9,231,0.0
2026-08-14 05:00:00,7.9,97,1010.2,16.0,227,0.0
2026-08-14 06:00:00,8.0,98,1011.3,10.4,225,0.0
2026-08-14 07:00:00,8.2,97,1011.9,10.7,235,0.0
2026-08-14 08:00:00,8.2,97,1012.4,12.5,229,0.0
2026-08-14 09:00:00,9.2,95,1012.7,14.0,227,0.0
2026-08-14 10:00:00,9.9,93,1012.9,14.6,225,0.0
2026-08-14 11:00:00,11.5,86,1012.8,12.9,228,0.0
2026-08-14 12:00:00,13.1,80,1012.5,9.3,230,0.0
2026-08-14 13:00:00,14.3,76,1011.9,8.0,226,0.0
2026-08-14 14:00:00,15.1,72,1011.2,6.0,219,0.0
2026-08-14 15:00:00,15.5,70,1010.8,3.8,197,0.0
2026-08-14 16:00:00,14.7,76,1010.8,4.7,74,0.0
2026-08-14 17:00:00,11.3,91,1011.0,10.2,66,0.0
2026-08-14 18:00:00,8.8,99,1011.4,9.7,74,0.0
2026-08-14 19:00:00,8.5,100,1011.8,7.2,71,0.0
2026-08-14 20:00:00,9.0,100,1011.8,8.6,61,0.0
2026-08-14 21:00:00,9.1,100,1011.7,9.5,65,0.0
2026-08-14 22:00:00,9.4,98,1011.7,10.2,69,0.0
2026-08-14 23:00:00,9.3,98,1011.5,9.9,86,0.0
2026-08-15 00:00:00,8.7,99,1011.1,9.2,102,0.0
2026-08-15 01:00:00,8.7,99,1011.1,9.6,102,0.0
2026-08-15 02:00:00,8.7,99,1011.0,9.8,97,0.0
2026-08-15 03:00:00,8.9,98,1010.9,9.0,93,0.0
2026-08-15 04:00:00,8.6,100,1010.7,6.6,107,0.0
2026-08-15 05:00:00,8.4,100,1011.1,3.8,139,0.0
2026-08-15 06:00:00,7.8,97,1011.5,5.2,202,0.0
2026-08-15 07:00:00,7.9,94,1012.0,8.9,228,0.0
2026-08-15 08:00:00,7.7,98,1012.4,10.7,233,0.0
2026-08-15 09:00:00,8.4,98,1013.0,14.3,222,0.0
2026-08-15 10:00:00,9.2,91,1013.4,16.4,212,0.0
2026-08-15 11:00:00,9.6,87,1014.1,20.3,212,0.0
2026-08-15 12:00:00,10.3,85,1013.6,21.7,214,0.1
2026-08-15 13:00:00,10.2,83,1013.2,23.2,206,0.1
2026-08-15 14:00:00,9.9,81,1013.1,23.8,209,0.0
2026-08-15 15:00:00,9.4,84,1013.4,21.6,213,0.0
2026-08-15 16:00:00,8.9,86,1014.1,19.3,222,0.2
2026-08-15 17:00:00,8.2,91,1014.9,19.5,219,0.7
2026-08-15 18:00:00,7.5,91,1015.7,19.2,210,0.8
2026-08-15 19:00:00,7.3,92,1016.5,18.0,212,0.7
2026-08-15 20:00:00,7.0,91,1016.9,18.9,212,0.8
2026-08-15 21:00:00,6.6,90,1017.2,18.1,211,0.7
2026-08-15 22:00:00,6.4,91,1017.7,16.5,214,0.5
2026-08-15 23:00:00,6.3,91,1018.0,16.6,212,0.4
2026-08-16 00:00:00,5.9,91,1018.3,17.0,201,0.5
2026-08-16 01:00:00,6.0,90,1018.5,14.6,207,0.2
2026-08-16 02:00:00,5.7,89,1018.9,15.3,202,0.2
2026-08-16 03:00:00,5.5,89,1019.3,17.1,198,0.2
2026-08-16 04:00:00,5.6,86,1019.7,17.2,198,0.2
2026-08-16 05:00:00,5.5,80,1020.2,16.0,199,0.0
2026-08-16 06:00:00,5.1,78,1020.7,14.8,201,0.0
2026-08-16 07:00:00,5.0,77,1021.4,13.6,204,0.0
2026-08-16 08:00:00,5.0,78,1022.3,13.2,208,0.1
2026-08-16 09:00:00,5.6,80,1023.0,11.5,212,0.4
2026-08-16 10:00:00,6.2,83,1023.4,14.5,235,0.3
2026-08-16 11:00:00,7.6,72,1023.4,16.9,201,0.1
2026-08-16 12:00:00,8.0,63,1023.5,19.5,196,0.1
2026-08-16 13:00:00,8.7,55,1023.0,20.8,194,0.1
2026-08-16 14:00:00,8.6,55,1023.2,20.7,193,0.0
2026-08-16 15:00:00,8.0,60,1023.4,21.1,193,0.2
2026-08-16 16:00:00,7.7,63,1023.9,19.0,197,0.1
2026-08-16 17:00:00,7.2,64,1024.5,16.3,198,0.0
2026-08-16 18:00:00,5.7,69,1024.7,12.1,205,0.0
2026-08-16 19:00:00,5.3,73,1025.5,10.1,209,0.0
2026-08-16 20:00:00,4.8,77,1025.5,9.3,212,0.0
2026-08-16 21:00:00,4.2,81,1025.7,7.3,234,0.0
2026-08-16 22:00:00,3.6,83,1025.9,6.2,232,0.0
2026-08-16 23:00:00,3.2,86,1026.1,6.0,267,0.0
2026-08-17 00:00:00,3.0,86,1025.5,6.8,268,0.0
2026-08-17 01:00:00,3.2,85,1025.6,8.1,273,0.0
2026-08-17 02:00:00,2.8,86,1025.5,8.3,254,0.0
2026-08-17 03:00:00,2.5,85,1025.0,8.1,239,0.0
2026-08-17 04:00:00,2.4,85,1024.4,8.0,236,0.0
2026-08-17 05:00:00,2.4,84,1024.1,7.3,232,0.0
2026-08-17 06:00:00,2.6,81,1023.8,6.4,218,0.0
2026-08-17 07:00:00,2.2,80,1023.8,6.8,222,0.0
2026-08-17 08:00:00,2.3,79,1023.7,7.9,225,0.0
2026-08-17 09:00:00,3.9,76,1023.9,8.5,228,0.0
2026-08-17 10:00:00,6.1,69,1024.1,7.4,238,0.0
2026-08-17 11:00:00,8.3,58,1024.0,8.8,247,0.0
2026-08-17 12:00:00,9.7,54,1023.2,10.0,247,0.0
2026-08-17 13:00:00,10.3,51,1022.2,11.2,246,0.0
2026-08-17 14:00:00,10.5,51,1021.3,12.1,243,0.0
2026-08-17 15:00:00,10.6,49,1020.8,12.5,240,0.0
2026-08-17 16:00:00,10.1,48,1020.8,13.0,231,0.0
2026-08-17 17:00:00,9.1,56,1021.0,10.3,224,0.0
2026-08-17 18:00:00,6.9,65,1020.9,7.6,236,0.0
2026-08-17 19:00:00,6.3,69,1020.9,7.3,254,0.0
2026-08-17 20:00:00,7.0,70,1021.1,6.9,256,0.0
2026-08-17 21:00:00,7.1,71,1021.0,7.3,259,0.0
2026-08-17 22:00:00,7.0,72,1021.2,8.2,261,0.0
2026-08-17 23:00:00,6.9,72,1021.2,8.6,270,0.0
2026-08-18 00:00:00,7.3,65,1021.1,15.7,240,0.0
2026-08-18 01:00:00,8.1,75,1020.9,17.1,232,0.1
2026-08-18 02:00:00,8.6,73,1021.1,19.4,237,0.0
2026-08-18 03:00:00,8.5,65,1021.0,20.6,239,0.0
2026-08-18 04:00:00,8.1,69,1020.9,22.9,227,0.1
2026-08-18 05:00:00,8.3,75,1021.1,24.4,226,0.1
2026-08-18 06:00:00,8.3,75,1021.7,22.8,225,0.0
2026-08-18 07:00:00,8.8,71,1021.9,25.8,220,0.0
2026-08-18 08:00:00,8.9,68,1022.6,26.5,223,0.0
2026-08-18 09:00:00,9.8,64,1022.8,29.0,225,0.0
2026-08-18 10:00:00,10.4,60,1023.2,34.7,219,0.0
2026-08-18 11:00:00,10.9,58,1023.4,40.0,218,0.0
2026-08-18 12:00:00,11.9,54,1023.4,37.5,219,0.1
2026-08-18 13:00:00,11.0,62,1023.2,37.8,217,0.1
2026-08-18 14:00:00,9.3,81,1023.6,34.0,208,0.5
2026-08-18 15:00:00,8.8,82,1023.8,31.3,203,0.4
2026-08-18 16:00:00,8.6,77,1024.2,33.2,201,0.3
2026-08-18 17:00:00,8.6,73,1024.5,35.3,199,0.0
2026-08-18 18:00:00,8.3,73,1025.0,28.8,194,0.0
2026-08-18 19:00:00,8.3,75,1026.0,26.6,196,0.0
2026-08-18 20:00:00,8.0,81,1026.8,23.2,200,0.1
2026-08-18 21:00:00,8.0,81,1027.0,22.4,201,0.1
2026-08-18 22:00:00,8.1,80,1027.3,20.8,205,0.0
2026-08-18 23:00:00,7.8,82,1027.9,17.4,211,0.0
2026-08-19 00:00:00,7.7,79,1027.9,15.8,209,0.0
2026-08-19 01:00:00,7.5,77,1028.1,14.3,216,0.0
2026-08-19 02:00:00,7.2,78,1028.1,13.3,220,0.0
2026-08-19 03:00:00,7.6,80,1028.1,12.1,223,0.1
2026-08-19 04:00:00,7.5,85,1027.9,10.9,220,0.2
2026-08-19 05:00:00,7.5,91,1028.3,10.3,232,0.2
2026-08-19 06:00:00,7.1,95,1028.6,11.2,248,0.3
2026-08-19 07:00:00,7.4,94,1028.4,12.4,240,0.2
2026-08-19 08:00:00,7.6,91,1028.9,12.9,234,0.0
2026-08-19 09:00:00,8.5,85,1029.1,11.0,235,0.0
2026-08-19 10:00:00,9.4,78,1029.4,13.8,235,0.0
2026-08-19 11:00:00,10.2,79,1029.7,13.8,230,0.0
2026-08-19 12:00:00,11.2,78,1028.8,14.6,214,0.0
2026-08-19 13:00:00,12.2,74,1028.0,18.4,201,0.0
2026-08-19 14:00:00,12.1,72,1027.6,15.9,200,0.0
2026-08-19 15:00:00,12.0,70,1027.7,14.7,198,0.0
2026-08-19 16:00:00,11.3,69,1028.0,12.5,198,0.0
2026-08-19 17:00:00,10.4,73,1028.1,9.9,196,0.0
2026-08-19 18:00:00,8.3,85,1028.1,5.1,225,0.0
2026-08-19 19:00:00,7.4,90,1028.7,5.4,250,0.0
2026-08-19 20:00:00,7.0,91,1028.9,5.6,228,0.0
2026-08-19 21:00:00,7.3,91,1029.3,5.9,239,0.0
2026-08-19 22:00:00,8.0,89,1029.6,6.6,259,0.0
2026-08-19 23:00:00,8.2,89,1029.6,6.7,264,0.0
2026-08-20 00:00:00,8.2,88,1028.9,5.4,240,0.0
2026-08-20 01:00:00,8.2,89,1028.7,4.3,253,0.0
2026-08-20 02:00:00,7.6,92,1028.8,3.7,247,0.0
2026-08-20 03:00:00,7.5,93,1028.4,3.1,239,0.0
2026-08-20 04:00:00,6.9,94,1028.1,3.1,234,0.0
2026-08-20 05:00:00,6.8,95,1028.2,2.7,228,0.0
2026-08-20 06:00:00,6.2,96,1028.2,3.3,225,0.0
2026-08-20 07:00:00,5.5,98,1028.3,4.0,216,0.0
2026-08-20 08:00:00,5.8,98,1028.6,5.5,224,0.0
2026-08-20 09:00:00,8.1,88,1029.0,5.6,245,0.0
2026-08-20 10:00:00,10.2,77,1029.0,6.8,273,0.0
2026-08-20 11:00:00,11.4,71,1028.9,8.7,240,0.0
2026-08-20 12:00:00,11.0,72,1028.4,4.6,225,0.0
2026-08-20 13:00:00,11.3,71,1027.5,2.8,255,0.0
2026-08-20 14:00:00,11.9,66,1026.9,2.1,301,0.1
2026-08-20 15:00:00,11.9,66,1026.5,2.8,18,0.0
2026-08-20 16:00:00,11.3,72,1026.6,5.6,63,0.0
2026-08-20 17:00:00,10.0,81,1026.7,9.1,73,0.0
2026-08-20 18:00:00,8.0,90,1026.9,6.7,81,0.0
2026-08-20 19:00:00,7.4,91,1027.2,5.6,86,0.0
2026-08-20 20:00:00,6.9,91,1027.0,5.1,72,0.0
2026-08-20 21:00:00,6.7,92,1026.9,5.8,56,0.0
2026-08-20 22:00:00,6.8,92,1026.9,7.3,54,0.0
2026-08-20 23:00:00,6.7,94,1026.6,8.2,61,0.0
2026-08-21 00:00:00,6.3,94,1026.1,8.4,80,0.0
2026-08-21 01:00:00,6.3,95,1025.9,7.4,76,0.0
2026-08-21 02:00:00,6.2,96,1025.7,7.3,80,0.0
2026-08-21 03:00:00,6.0,96,1025.2,7.4,86,0.0
2026-08-21 04:00:00,5.9,97,1024.8,7.9,87,0.0
2026-08-21 05:00:00,5.8,98,1024.7,8.1,85,0.0
2026-08-21 06:00:00,5.7,98,1024.4,10.7,81,0.0
2026-08-21 07:00:00,6.0,98,1024.4,9.2,69,0.0
2026-08-21 08:00:00,6.5,97,1024.2,9.1,60,0.0
2026-08-21 09:00:00,7.6,96,1024.2,10.1,63,0.0
2026-08-21 10:00:00,8.7,88,1023.8,10.0,70,0.0
2026-08-21 11:00:00,10.3,75,1023.2,10.9,71,0.0
2026-08-21 12:00:00,12.4,71,1022.1,15.8,58,0.0
2026-08-21 13:00:00,12.5,73,1020.9,15.7,72,0.0
2026-08-21 14:00:00,12.5,74,1019.9,16.3,77,0.0
2026-08-21 15:00:00,12.3,73,1019.1,15.2,73,0.0
2026-08-21 16:00:00,11.8,75,1018.7,12.7,84,0.0
2026-08-21 17:00:00,11.0,79,1018.3,11.7,95,0.0
2026-08-21 18:00:00,9.9,87,1017.7,13.3,98,0.0
2026-08-21 19:00:00,9.1,90,1017.7,8.0,157,0.0
2026-08-21 20:00:00,8.1,90,1017.5,6.9,189,0.0
2026-08-21 21:00:00,10.1,65,1017.3,14.4,240,0.0
2026-08-21 22:00:00,9.1,67,1017.2,10.9,253,0.0
2026-08-21 23:00:00,7.4,73,1017.1,6.7,251,0.0
2026-08-22 00:00:00,6.0,76,1016.2,4.3,204,0.0
2026-08-22 01:00:00,7.9,68,1016.0,12.2,234,0.0
2026-08-22 02:00:00,7.7,71,1015.5,12.3,249,0.0
2026-08-22 03:00:00,7.2,74,1014.9,9.3,241,0.0
2026-08-22 04:00:00,7.2,73,1014.5,7.4,229,0.0
2026-08-22 05:00:00,8.3,70,1014.5,10.3,237,0.0
2026-08-22 06:00:00,6.2,77,1013.8,2.3,162,0.0
2026-08-22 07:00:00,7.3,69,1013.7,2.7,323,0.0
2026-08-22 08:00:00,7.6,76,1013.8,3.7,325,0.0
2026-08-22 09:00:00,9.1,70,1013.8,4.4,55,0.0
2026-08-22 10:00:00,10.8,72,1013.1,12.1,12,0.0
2026-08-22 11:00:00,14.1,60,1012.6,15.9,354,0.0
2026-08-22 12:00:00,16.1,59,1011.6,16.0,353,0.0
2026-08-22 13:00:00,15.1,67,1010.8,15.5,355,0.0
2026-08-22 14:00:00,16.7,63,1009.9,17.4,333,0.0
2026-08-22 15:00:00,15.8,65,1009.8,19.2,349,0.2
2026-08-22 16:00:00,14.3,74,1009.3,23.3,354,1.3
2026-08-22 17:00:00,14.0,66,1009.1,21.5,6,0.0
2026-08-22 18:00:00,13.8,66,1008.0,21.0,12,0.0
2026-08-22 19:00:00,13.4,69,1007.3,21.4,22,0.0
2026-08-22 20:00:00,12.5,75,1006.6,20.3,15,0.2
2026-08-22 21:00:00,11.4,88,1005.8,20.3,13,1.8
2026-08-22 22:00:00,11.2,86,1004.5,19.1,23,0.1
2026-08-22 23:00:00,11.5,84,1003.6,19.7,25,0.0
2026-08-23 00:00:00,12.5,80,1001.9,20.9,19,0.0
2026-08-23 01:00:00,12.7,75,1001.0,16.9,348,0.1
2026-08-23 02:00:00,12.2,83,1000.4,20.9,332,0.7
2026-08-23 03:00:00,11.1,93,998.5,21.4,22,0.6
2026-08-23 04:00:00,11.7,84,996.3,20.1,355,0.2
2026-08-23 05:00:00,11.2,88,995.4,12.6,346,0.2
2026-08-23 06:00:00,11.2,91,995.3,20.7,345,0.5
2026-08-23 07:00:00,10.4,87,994.7,21.3,339,0.1
2026-08-23 08:00:00,10.7,74,994.9,22.2,309,0.0
2026-08-23 09:00:00,12.0,65,994.8,20.6,314,0.0
2026-08-23 10:00:00,13.9,59,995.3,18.4,312,0.0
2026-08-23 11:00:00,15.5,41,997.0,33.8,284,0.0
2026-08-23 12:00:00,15.6,36,997.7,37.4,284,0.0
2026-08-23 13:00:00,15.1,34,999.8,37.2,274,0.0
2026-08-23 14:00:00,14.9,33,1001.1,31.9,279,0.0
2026-08-23 15:00:00,14.5,31,1002.3,32.5,279,0.0
2026-08-23 16:00:00,13.4,37,1003.6,27.2,280,0.0
2026-08-23 17:00:00,12.3,42,1004.8,24.9,279,0.0
2026-08-23 18:00:00,11.0,48,1006.1,19.4,276,0.0
2026-08-23 19:00:00,9.7,50,1007.9,14.6,260,0.0
2026-08-23 20:00:00,8.8,52,1009.1,12.1,253,0.0
2026-08-23 21:00:00,8.0,54,1010.3,11.0,240,0.0
2026-08-23 22:00:00,7.3,57,1012.4,11.2,232,0.0
2026-08-23 23:00:00,6.3,60,1013.5,9.3,242,0.0
2026-08-24 00:00:00,5.2,62,1014.5,6.7,239,0.0
2026-08-24 01:00:00,5.2,64,1015.1,6.2,258,0.0
2026-08-24 02:00:00,4.8,67,1015.7,5.4,262,0.0
2026-08-24 03:00:00,4.9,67,1016.3,3.0,256,0.0
2026-08-24 04:00:00,4.8,67,1016.7,2.4,261,0.0
2026-08-24 05:00:00,4.6,68,1017.5,3.8,259,0.0
2026-08-24 06:00:00,3.8,67,1018.0,4.6,244,0.0
2026-08-24 07:00:00,3.8,70,1018.2,2.7,270,0.0
2026-08-24 08:00:00,5.1,70,1018.3,0.6,198,0.0
2026-08-24 09:00:00,8.4,57,1019.0,0.5,135,0.0
2026-08-24 10:00:00,12.0,53,1019.5,2.3,198,0.0
2026-08-24 11:00:00,14.9,50,1019.8,5.8,266,0.0
2026-08-24 12:00:00,16.4,48,1018.8,4.9,343,0.0
2026-08-24 13:00:00,16.8,50,1018.5,7.6,353,0.0
2026-08-24 14:00:00,17.1,49,1018.0,7.6,335,0.0
2026-08-24 15:00:00,17.5,47,1017.6,11.7,306,0.0
2026-08-24 16:00:00,16.7,48,1017.7,14.6,303,0.0
2026-08-24 17:00:00,15.4,50,1018.2,17.4,297,0.0
2026-08-24 18:00:00,14.4,53,1017.2,14.9,300,0.0
2026-08-24 19:00:00,13.9,51,1017.0,25.4,296,0.0
2026-08-24 20:00:00,13.5,53,1016.8,28.6,295,0.0
2026-08-24 21:00:00,13.3,55,1017.2,24.6,301,0.0
2026-08-24 22:00:00,13.0,57,1017.6,17.4,301,0.0
2026-08-24 23:00:00,12.7,59,1017.5,9.0,316,0.0
2026-08-25 00:00:00,12.6,59,1016.8,14.8,313,0.0
2026-08-25 01:00:00,12.3,63,1016.7,8.9,326,0.0
2026-08-25 02:00:00,12.9,59,1016.5,14.2,303,0.0
2026-08-25 03:00:00,12.8,61,1016.1,15.0,307,0.0
2026-08-25 04:00:00,13.4,59,1015.7,18.0,311,0.0
2026-08-25 05:00:00,13.1,60,1016.2,16.0,317,0.0
2026-08-25 06:00:00,13.8,59,1015.0,21.0,319,0.0
2026-08-25 07:00:00,14.1,57,1015.4,25.7,315,0.0
2026-08-25 08:00:00,14.7,54,1016.2,25.2,316,0.0
2026-08-25 09:00:00,15.9,50,1017.0,23.4,315,0.0
2026-08-25 10:00:00,17.0,46,1017.1,20.8,312,0.0
2026-08-25 11:00:00,18.5,43,1017.4,19.9,301,0.0
2026-08-25 12:00:00,20.4,40,1015.9,27.2,306,0.0
2026-08-25 13:00:00,20.6,41,1015.6,25.8,307,0.0
2026-08-25 14:00:00,20.6,41,1014.9,27.1,309,0.0
2026-08-25 15:00:00,20.4,42,1015.0,26.2,305,0.0
2026-08-25 16:00:00,19.3,44,1015.3,23.8,303,0.0
2026-08-25 17:00:00,18.0,48,1015.6,20.8,301,0.0
2026-08-25 18:00:00,17.0,54,1015.3,17.1,297,0.0
2026-08-25 19:00:00,16.1,56,1015.8,14.3,293,0.0
2026-08-25 20:00:00,15.3,58,1016.0,11.7,273,0.0
2026-08-25 21:00:00,14.2,61,1015.8,6.5,251,0.0
2026-08-25 22:00:00,13.7,62,1016.5,7.2,205,0.0
2026-08-25 23:00:00,12.9,64,1016.6,6.7,183,0.0
2026-08-26 00:00:00,12.0,66,1016.5,3.2,109,0.0
2026-08-26 01:00:00,12.3,65,1016.5,7.0,93,0.0
2026-08-26 02:00:00,12.2,70,1016.7,8.6,92,0.0
2026-08-26 03:00:00,10.8,78,1016.6,5.6,107,0.0
2026-08-26 04:00:00,10.3,83,1016.2,5.2,112,0.1
2026-08-26 05:00:00,10.1,85,1015.9,5.3,98,0.0
2026-08-26 06:00:00,10.9,79,1015.6,12.8,107,0.0
2026-08-26 07:00:00,11.0,78,1015.2,12.2,114,0.0
2026-08-26 08:00:00,11.9,73,1015.0,11.1,115,0.0
2026-08-26 09:00:00,13.4,68,1015.4,9.2,129,0.0
2026-08-26 10:00:00,15.3,61,1015.0,6.2,111,0.0
2026-08-26 11:00:00,16.9,55,1014.7,1.5,69,0.0
2026-08-26 12:00:00,18.1,54,1013.7,3.1,3,0.0
2026-08-26 13:00:00,18.4,54,1012.8,2.2,9,0.0
2026-08-26 14:00:00,16.5,55,1013.0,15.4,235,0.0
2026-08-26 15:00:00,12.5,80,1013.7,19.9,244,0.5
2026-08-26 16:00:00,13.2,80,1014.3,10.9,250,0.5
2026-08-26 17:00:00,12.0,86,1015.8,9.8,125,0.8
2026-08-26 18:00:00,10.8,92,1017.5,8.5,153,1.5
2026-08-26 19:00:00,9.1,91,1019.5,11.8,196,1.7
2026-08-26 20:00:00,8.7,93,1020.9,8.5,212,0.8
2026-08-26 21:00:00,8.6,93,1021.9,5.5,234,1.1
2026-08-26 22:00:00,8.4,92,1023.0,7.3,197,1.5
2026-08-26 23:00:00,8.0,92,1024.0,6.4,188,1.7
2026-08-27 00:00:00,7.6,91,1025.0,6.1,204,1.9
2026-08-27 01:00:00,7.6,92,1025.8,3.4,273,1.7
2026-08-27 02:00:00,7.5,96,1025.9,5.2,314,1.1
2026-08-27 03:00:00,7.3,96,1026.2,5.3,278,0.7
2026-08-27 04:00:00,7.1,96,1025.9,5.5,212,0.2
2026-08-27 05:00:00,7.1,95,1026.4,3.4,196,0.0
2026-08-27 06:00:00,7.3,93,1027.3,4.5,113,0.2
2026-08-27 07:00:00,7.3,92,1027.7,7.9,86,0.4
2026-08-27 08:00:00,7.3,88,1028.3,13.9,89,0.5
2026-08-27 09:00:00,7.3,87,1028.4,18.4,84,0.5
2026-08-27 10:00:00,7.3,87,1028.1,22.1,76,0.6
2026-08-27 11:00:00,8.2,80,1027.9,25.4,67,0.1
2026-08-27 12:00:00,8.8,78,1026.8,28.1,69,0.1
2026-08-27 13:00:00,9.7,72,1025.6,33.0,66,0.0
2026-08-27 14:00:00,9.6,74,1024.0,34.8,65,0.1
2026-08-27 15:00:00,9.5,78,1023.1,32.2,63,0.2
2026-08-27 16:00:00,9.7,80,1022.6,33.9,59,0.4
2026-08-27 17:00:00,9.6,85,1021.7,32.8,61,0.3
2026-08-27 18:00:00,9.5,88,1020.6,33.1,57,0.0
2026-08-27 19:00:00,9.7,93,1019.5,35.4,56,1.7
2026-08-27 20:00:00,10.0,93,1018.5,31.5,52,0.0
2026-08-27 21:00:00,10.4,93,1017.2,28.9,45,0.0
2026-08-27 22:00:00,10.8,90,1016.2,27.1,44,0.0
2026-08-27 23:00:00,11.3,84,1015.6,26.1,45,0.0
2026-08-28 00:00:00,11.4,85,1013.5,23.3,45,0.0
2026-08-28 01:00:00,12.9,70,1012.7,28.1,44,0.0
2026-08-28 02:00:00,13.2,68,1011.5,28.9,46,0.0
2026-08-28 03:00:00,12.7,74,1010.4,29.7,50,0.0
2026-08-28 04:00:00,12.8,73,1008.9,31.4,49,0.1
2026-08-28 05:00:00,12.3,79,1008.9,29.8,45,0.3
2026-08-28 06:00:00,11.7,88,1008.1,29.7,39,0.6
2026-08-28 07:00:00,11.4,92,1008.3,20.9,24,2.1
2026-08-28 08:00:00,11.0,95,1008.4,11.4,353,2.2
2026-08-28 09:00:00,11.4,96,1008.1,9.2,11,1.4
2026-08-28 10:00:00,12.0,94,1007.3,17.3,44,0.2
2026-08-28 11:00:00,13.8,84,1006.9,18.2,42,0.0
2026-08-28 12:00:00,16.3,79,1005.3,15.9,27,0.0
2026-08-28 13:00:00,16.5,79,1004.7,11.0,58,0.0
2026-08-28 14:00:00,17.1,76,1003.5,11.2,69,0.0
2026-08-28 15:00:00,17.0,76,1003.4,6.4,47,0.0
2026-08-28 16:00:00,17.4,62,1003.6,6.5,316,0.0
2026-08-28 17:00:00,16.8,59,1004.1,13.2,304,0.0
2026-08-28 18:00:00,15.3,69,1003.7,13.0,326,0.0
2026-08-28 19:00:00,15.1,60,1004.6,16.3,302,0.0
2026-08-28 20:00:00,13.1,64,1005.2,6.6,287,0.0
2026-08-28 21:00:00,11.6,67,1005.8,5.7,259,0.0
2026-08-28 22:00:00,11.2,62,1006.6,8.7,262,0.0
2026-08-28 23:00:00,10.7,65,1006.6,9.7,258,0.0
2026-08-29 00:00:00,10.2,66,1006.3,4.9,266,0.0
2026-08-29 01:00:00,10.3,67,1006.5,7.4,276,0.0
2026-08-29 02:00:00,9.5,69,1006.3,6.9,265,0.0
2026-08-29 03:00:00,9.4,66,1005.9,7.8,265,0.0
2026-08-29 04:00:00,10.6,59,1005.9,18.8,263,0.0
2026-08-29 05:00:00,9.8,62,1006.4,13.4,262,0.0
2026-08-29 06:00:00,8.1,69,1006.4,8.0,222,0.0
2026-08-29 07:00:00,7.6,71,1006.9,7.2,215,0.0
2026-08-29 08:00:00,8.8,69,1007.1,4.0,198,0.0
2026-08-29 09:00:00,11.6,59,1007.0,6.7,316,0.0
2026-08-29 10:00:00,13.4,58,1007.2,7.9,311,0.0
2026-08-29 11:00:00,14.7,55,1007.0,11.4,297,0.0
2026-08-29 12:00:00,16.6,50,1005.8,9.5,328,0.0
2026-08-29 13:00:00,17.1,47,1005.1,10.0,326,0.0
2026-08-29 14:00:00,17.2,44,1004.2,10.8,327,0.0
2026-08-29 15:00:00,16.7,50,1003.3,11.9,328,0.0
2026-08-29 16:00:00,16.0,55,1002.8,11.7,331,0.0
2026-08-29 17:00:00,14.8,59,1002.2,11.0,312,0.0
2026-08-29 18:00:00,12.2,72,1000.5,3.9,286,0.0
2026-08-29 19:00:00,12.2,58,1000.5,10.5,287,0.0
2026-08-29 20:00:00,11.1,59,1000.1,12.5,281,0.0
2026-08-29 21:00:00,10.5,60,1000.0,12.8,281,0.0
2026-08-29 22:00:00,10.4,60,1000.1,12.0,279,0.0
2026-08-29 23:00:00,10.5,59,999.6,12.4,271,0.0
2026-08-30 00:00:00,10.3,59,998.5,12.2,297,0.0
2026-08-30 01:00:00,10.7,59,997.7,16.9,295,0.0
2026-08-30 02:00:00,11.3,57,996.9,19.0,285,0.0
2026-08-30 03:00:00,12.1,56,995.8,19.1,282,0.0
2026-08-30 04:00:00,12.1,58,995.5,15.8,269,0.0
2026-08-30 05:00:00,11.9,61,995.5,14.1,265,0.0
2026-08-30 06:00:00,9.6,70,995.2,6.5,224,0.0
2026-08-30 07:00:00,9.8,69,995.9,9.4,220,0.0
2026-08-30 08:00:00,10.2,70,996.0,9.5,224,0.0
2026-08-30 09:00:00,12.0,68,996.2,2.2,90,0.0
2026-08-30 10:00:00,12.9,64,995.5,10.1,50,0.0
2026-08-30 11:00:00,12.9,64,994.6,13.6,49,0.0
2026-08-30 12:00:00,13.0,65,992.5,21.9,108,0.0
2026-08-30 13:00:00,15.8,60,991.3,1.4,220,0.0
2026-08-30 14:00:00,17.7,43,990.4,26.7,284,0.0
2026-08-30 15:00:00,17.3,45,990.0,25.0,276,0.0
2026-08-30 16:00:00,16.7,47,990.2,21.7,275,0.0
2026-08-30 17:00:00,11.0,81,992.4,24.4,210,0.9
2026-08-30 18:00:00,10.1,73,993.5,14.6,183,0.7
2026-08-30 19:00:00,8.9,71,993.9,8.9,209,0.0
2026-08-30 20:00:00,8.8,74,994.6,3.2,273,0.1
2026-08-30 21:00:00,7.8,85,995.8,5.9,315,0.0
2026-08-30 22:00:00,6.7,94,995.7,3.2,357,0.0
2026-08-30 23:00:00,6.1,97,995.9,2.6,25,0.0
2026-08-31 00:00:00,7.1,81,994.8,8.2,80,0.0
2026-08-31 01:00:00,7.5,83,994.4,10.0,75,0.0
2026-08-31 02:00:00,6.8,86,993.7,4.4,97,0.0
2026-08-31 03:00:00,6.0,89,992.5,3.5,219,0.0
2026-08-31 04:00:00,6.7,81,992.1,8.9,251,0.0
2026-08-31 05:00:00,6.9,75,992.3,10.3,258,0.0
2026-08-31 06:00:00,7.0,69,992.2,7.0,257,0.0
2026-08-31 07:00:00,6.5,74,993.0,5.4,188,0.0
2026-08-31 08:00:00,7.4,80,993.5,7.6,137,0.0
2026-08-31 09:00:00,9.2,78,994.0,4.8,42,0.0
2026-08-31 10:00:00,10.3,72,994.3,7.5,35,0.0
2026-08-31 11:00:00,11.1,69,994.5,6.4,22,0.0
2026-08-31 12:00:00,10.4,67,994.7,9.4,67,0.1
2026-08-31 13:00:00,8.2,80,995.6,18.9,166,1.3
2026-08-31 14:00:00,6.9,86,995.7,14.5,197,1.5
2026-08-31 15:00:00,7.6,83,996.2,18.8,208,2.7
2026-08-31 16:00:00,6.6,83,997.5,29.6,215,2.5
2026-08-31 17:00:00,6.2,84,998.2,21.7,222,1.1
2026-08-31 18:00:00,6.5,71,999.1,23.8,235,0.5
2026-08-31 19:00:00,7.2,54,1000.3,24.2,222,0.0
2026-08-31 20:00:00,6.6,61,1001.6,20.2,225,0.0
2026-08-31 21:00:00,6.3,57,1002.4,19.3,224,0.0
2026-08-31 22:00:00,6.0,56,1003.1,17.0,230,0.0
2026-08-31 23:00:00,4.4,64,1003.8,11.5,266,0.0
2026-09-01 00:00:00,3.0,79,1004.4,8.1,275,0.0
2026-09-01 01:00:00,2.6,80,1004.9,7.4,266,0.0
2026-09-01 02:00:00,2.2,81,1005.3,7.8,233,0.0
2026-09-01 03:00:00,1.8,82,1005.6,8.6,237,0.0
2026-09-01 04:00:00,1.6,77,1006.2,8.8,229,0.0
2026-09-01 05:00:00,1.3,76,1006.9,6.8,253,0.0
2026-09-01 06:00:00,0.5,80,1007.6,5.6,263,0.0
2026-09-01 07:00:00,0.6,77,1008.4,5.1,276,0.0
2026-09-01 08:00:00,2.9,69,1009.1,7.7,288,0.0
2026-09-01 09:00:00,5.8,64,1009.7,7.2,289,0.0
2026-09-01 10:00:00,8.2,55,1009.8,8.2,285,0.0
2026-09-01 11:00:00,10.1,48,1009.4,10.7,287,0.0
2026-09-01 12:00:00,12.0,39,1008.9,11.0,275,0.0
2026-09-01 13:00:00,13.0,35,1008.4,9.7,285,0.0
2026-09-01 14:00:00,13.2,37,1007.5,6.4,320,0.0
2026-09-01 15:00:00,13.0,44,1006.9,7.9,359,0.0
2026-09-01 16:00:00,12.4,51,1006.6,8.9,9,0.0
2026-09-01 17:00:00,11.1,61,1006.2,8.8,47,0.0
2026-09-01 18:00:00,9.6,68,1005.3,8.8,107,0.0
2026-09-01 19:00:00,8.3,74,1005.5,0.7,166,0.0
2026-09-01 20:00:00,8.8,68,1005.6,8.1,287,0.0
2026-09-01 21:00:00,9.1,64,1005.6,12.9,261,0.0
2026-09-01 22:00:00,9.3,63,1006.0,11.1,234,0.0
2026-09-01 23:00:00,9.6,63,1006.3,10.7,221,0.0
2026-09-02 00:00:00,9.6,63,1005.7,8.9,252,0.0
2026-09-02 01:00:00,9.2,66,1006.4,11.8,239,0.0
2026-09-02 02:00:00,9.1,67,1006.7,13.0,245,0.0
2026-09-02 03:00:00,9.1,67,1006.7,9.6,240,0.0
2026-09-02 04:00:00,9.3,66,1006.8,10.6,249,0.0
2026-09-02 05:00:00,9.2,68,1006.9,9.2,249,0.0
2026-09-02 06:00:00,8.2,70,1006.7,6.7,251,0.0
2026-09-02 07:00:00,8.6,69,1006.9,9.1,255,0.0
2026-09-02 08:00:00,10.3,65,1007.3,11.0,285,0.0
2026-09-02 09:00:00,12.5,61,1007.3,10.5,295,0.0
2026-09-02 10:00:00,14.3,58,1007.3,8.6,321,0.0
2026-09-02 11:00:00,15.4,54,1007.1,11.4,294,0.0
2026-09-02 12:00:00,16.7,49,1006.6,19.1,289,0.0
2026-09-02 13:00:00,17.0,47,1006.0,21.2,301,0.0
2026-09-02 14:00:00,16.8,47,1005.4,22.8,305,0.0
2026-09-02 15:00:00,16.6,50,1005.3,17.7,315,0.0
2026-09-02 16:00:00,16.0,54,1004.7,21.9,329,0.0
2026-09-02 17:00:00,14.5,62,1004.2,16.7,353,0.0
2026-09-02 18:00:00,14.1,66,1003.8,21.0,350,0.0
2026-09-02 19:00:00,13.6,68,1003.8,17.5,360,0.0
2026-09-02 20:00:00,13.2,70,1004.3,13.9,349,0.0
2026-09-02 21:00:00,12.7,73,1004.6,12.8,345,0.0
2026-09-02 22:00:00,11.9,77,1005.0,9.3,351,0.0
2026-09-02 23:00:00,10.5,84,1005.4,6.9,340,0.0
2026-09-03 00:00:00,13.4,65,1004.8,16.1,310,0.0
2026-09-03 01:00:00,13.3,67,1005.1,12.5,311,0.0
2026-09-03 02:00:00,12.6,71,1005.5,11.3,306,0.0
2026-09-03 03:00:00,12.1,73,1005.5,10.1,303,0.0
2026-09-03 04:00:00,13.2,69,1005.6,12.7,295,0.0
2026-09-03 05:00:00,13.1,68,1006.1,11.7,299,0.0
2026-09-03 06:00:00,11.6,75,1006.0,7.6,297,0.0
2026-09-03 07:00:00,12.1,72,1006.4,8.5,312,0.0
2026-09-03 08:00:00,13.1,70,1006.9,8.4,341,0.0
2026-09-03 09:00:00,15.2,70,1007.3,10.3,3,0.0
2026-09-03 10:00:00,17.2,65,1007.2,10.6,356,0.0
2026-09-03 11:00:00,19.2,54,1007.2,11.3,333,0.0
2026-09-03 12:00:00,20.7,51,1006.0,12.8,11,0.0
2026-09-03 13:00:00,21.9,41,1005.7,11.5,329,0.0
2026-09-03 14:00:00,21.8,37,1004.9,15.6,309,0.0
2026-09-03 15:00:00,21.1,38,1004.6,17.4,306,0.0
2026-09-03 16:00:00,20.3,42,1004.4,13.7,314,0.0
2026-09-03 17:00:00,19.1,47,1004.1,13.4,314,0.0
2026-09-03 18:00:00,17.0,60,1002.8,8.6,330,0.0
2026-09-03 19:00:00,15.4,65,1003.0,9.1,335,0.0
2026-09-03 20:00:00,14.3,68,1003.0,11.9,5,0.0
2026-09-03 21:00:00,14.0,71,1002.3,13.8,16,0.0
2026-09-03 22:00:00,14.1,70,1002.0,13.5,19,0.0
2026-09-03 23:00:00,14.0,70,1001.0,15.0,26,0.0
2026-09-04 00:00:00,13.7,69,999.5,16.1,25,0.0
2026-09-04 01:00:00,14.2,67,998.4,19.4,29,0.0
2026-09-04 02:00:00,14.2,66,996.8,20.6,34,0.0
2026-09-04 03:00:00,14.3,66,994.8,16.1,16,0.0
2026-09-04 04:00:00,14.9,63,992.9,22.5,26,0.0
2026-09-04 05:00:00,15.0,65,990.8,27.1,40,0.1
2026-09-04 06:00:00,13.9,80,990.5,23.2,32,0.5
2026-09-04 07:00:00,13.5,82,988.2,23.4,27,0.4
2026-09-04 08:00:00,14.5,76,988.8,21.7,326,0.1
2026-09-04 09:00:00,15.3,58,990.2,25.5,303,0.1
2026-09-04 10:00:00,15.8,43,990.8,34.7,299,0.0
2026-09-04 11:00:00,16.1,41,992.0,32.6,291,0.0
2026-09-04 12:00:00,17.9,36,993.0,27.5,286,0.0
2026-09-04 13:00:00,18.2,30,993.7,32.4,286,0.0
2026-09-04 14:00:00,17.8,34,993.7,26.3,283,0.0
2026-09-04 15:00:00,17.1,35,994.7,28.5,277,0.0
2026-09-04 16:00:00,15.9,35,996.2,27.1,274,0.0
2026-09-04 17:00:00,14.9,39,997.6,24.1,279,0.0
2026-09-04 18:00:00,13.4,45,998.8,21.7,296,0.0
2026-09-04 19:00:00,12.3,45,999.6,21.7,295,0.0
2026-09-04 20:00:00,11.8,47,1000.7,20.8,299,0.0
2026-09-04 21:00:00,11.1,49,1001.5,19.6,297,0.0
2026-09-04 22:00:00,10.9,48,1002.2,20.5,291,0.0
2026-09-04 23:00:00,10.6,48,1003.6,18.7,286,0.0
2026-09-05 00:00:00,9.5,54,1004.1,10.3,272,0.0
2026-09-05 01:00:00,9.2,56,1005.0,7.5,255,0.0
2026-09-05 02:00:00,8.1,62,1005.8,5.1,231,0.0
2026-09-05 03:00:00,7.8,64,1006.3,3.1,225,0.0
2026-09-05 04:00:00,7.6,65,1006.7,1.3,214,0.0
2026-09-05 05:00:00,7.5,65,1007.1,1.1,351,0.0
2026-09-05 06:00:00,6.6,71,1007.3,3.6,110,0.0
2026-09-05 07:00:00,6.7,71,1007.0,2.2,104,0.0
2026-09-05 08:00:00,8.6,69,1006.9,3.3,315,0.0
2026-09-05 09:00:00,11.8,51,1007.2,12.9,313,0.0
2026-09-05 10:00:00,13.9,46,1007.0,18.6,304,0.0
2026-09-05 11:00:00,14.9,44,1006.4,13.4,342,0.0
2026-09-05 12:00:00,16.3,46,1005.1,18.2,4,0.0
2026-09-05 13:00:00,16.4,49,1003.7,21.1,18,0.0
2026-09-05 14:00:00,17.0,47,1003.1,18.0,341,0.0
2026-09-05 15:00:00,17.6,42,1002.2,15.2,333,0.0
2026-09-05 16:00:00,16.7,43,1001.8,21.0,335,0.0
2026-09-05 17:00:00,15.3,52,1002.1,16.8,348,0.0
2026-09-05 18:00:00,14.6,56,1001.9,16.4,334,0.0
2026-09-05 19:00:00,13.1,64,1002.2,13.3,339,0.0
2026-09-05 20:00:00,12.8,62,1002.7,12.5,310,0.0
2026-09-05 21:00:00,12.3,60,1003.2,10.6,314,0.0
2026-09-05 22:00:00,12.0,60,1003.6,8.0,312,0.0
2026-09-05 23:00:00,11.8,60,1003.9,8.7,313,0.0
2026-09-06 00:00:00,12.0,62,1003.3,10.6,321,0.0
2026-09-06 01:00:00,13.0,58,1003.5,13.4,305,0.0
2026-09-06 02:00:00,12.5,60,1003.4,11.3,324,0.0
2026-09-06 03:00:00,12.2,64,1003.4,12.8,325,0.0
2026-09-06 04:00:00,11.6,69,1003.9,8.8,313,0.0
2026-09-06 05:00:00,10.8,80,1004.4,5.0,319,0.4
2026-09-06 06:00:00,10.4,78,1004.7,17.4,110,0.5
2026-09-06 07:00:00,9.6,89,1004.4,13.7,95,1.1
2026-09-06 08:00:00,8.8,89,1004.1,17.8,104,0.9
2026-09-06 09:00:00,9.1,90,1004.4,17.4,106,1.0
2026-09-06 10:00:00,8.9,89,1003.7,16.1,112,0.7
2026-09-06 11:00:00,9.0,90,1003.5,13.0,115,1.2
2026-09-06 12:00:00,9.3,92,1002.4,15.9,106,0.9
2026-09-06 13:00:00,10.2,89,1001.3,17.2,108,0.9
2026-09-06 14:00:00,10.2,91,1000.0,15.9,117,1.2
2026-09-06 15:00:00,10.0,92,999.8,12.0,154,1.6
2026-09-06 16:00:00,9.4,95,1000.0,11.4,211,2.6
2026-09-06 17:00:00,9.4,94,1000.8,6.9,250,0.8
2026-09-06 18:00:00,8.3,96,1001.8,1.5,284,1.1
2026-09-06 19:00:00,7.8,91,1003.4,10.8,137,1.9
2026-09-06 20:00:00,6.9,92,1004.6,10.4,197,1.1
2026-09-06 21:00:00,6.5,94,1005.7,9.7,220,0.6
2026-09-06 22:00:00,6.0,93,1006.6,12.0,219,0.8
2026-09-06 23:00:00,5.7,95,1007.1,10.0,240,0.9
2026-09-07 00:00:00,6.4,94,1006.9,4.5,217,0.4
2026-09-07 01:00:00,6.3,95,1007.4,5.6,211,0.3
2026-09-07 02:00:00,6.2,95,1007.6,5.1,197,0.0
2026-09-07 03:00:00,6.4,94,1007.3,3.5,204,0.0
2026-09-07 04:00:00,6.5,93,1007.3,3.9,193,0.0
2026-09-07 05:00:00,6.5,92,1008.0,3.1,159,0.0
2026-09-07 06:00:00,6.0,91,1008.5,2.4,144,0.0
2026-09-07 07:00:00,5.8,91,1009.0,1.0,202,0.0
2026-09-07 08:00:00,6.5,91,1009.7,2.4,193,0.0
2026-09-07 09:00:00,7.3,85,1010.2,1.6,276,0.0
2026-09-07 10:00:00,7.9,79,1010.6,1.9,119,0.2
2026-09-07 11:00:00,8.7,76,1010.5,3.6,81,0.3
2026-09-07 12:00:00,9.8,63,1009.9,8.0,62,0.2
2026-09-07 13:00:00,10.0,60,1009.6,11.5,59,0.0
2026-09-07 14:00:00,9.9,58,1008.9,12.4,66,0.0
2026-09-07 15:00:00,9.8,58,1009.0,12.6,66,0.0
2026-09-07 16:00:00,9.4,61,1008.9,11.8,71,0.0
2026-09-07 17:00:00,8.9,65,1009.1,11.4,64,0.0
2026-09-07 18:00:00,7.9,72,1008.6,10.3,65,0.0
2026-09-07 19:00:00,7.4,73,1008.9,10.9,57,0.0
2026-09-07 20:00:00,7.5,72,1008.9,10.9,54,0.0
2026-09-07 21:00:00,7.7,69,1008.9,12.5,47,0.0
2026-09-07 22:00:00,7.9,67,1008.7,14.9,43,0.0
2026-09-07 23:00:00,7.9,67,1008.2,15.8,41,0.0
2026-09-08 00:00:00,8.1,67,1007.4,16.0,47,0.0
2026-09-08 01:00:00,8.4,66,1007.0,16.9,45,0.0
2026-09-08 02:00:00,8.5,67,1007.1,17.1,44,0.0
2026-09-08 03:00:00,8.3,70,1006.8,16.7,44,0.0
2026-09-08 04:00:00,8.2,72,1006.7,14.6,40,0.0
2026-09-08 05:00:00,7.8,77,1007.0,13.9,43,0.0
2026-09-08 06:00:00,7.6,77,1007.2,14.4,56,0.0
2026-09-08 07:00:00,7.7,79,1007.5,12.8,51,0.0
2026-09-08 08:00:00,8.5,78,1007.8,12.3,51,0.0
2026-09-08 09:00:00,9.3,76,1008.2,12.6,53,0.0
2026-09-08 10:00:00,10.2,70,1008.5,14.0,60,0.0
2026-09-08 11:00:00,10.8,69,1008.8,13.8,66,0.0
2026-09-08 12:00:00,11.2,67,1008.9,14.6,69,0.0
2026-09-08 13:00:00,11.3,66,1008.8,14.4,72,0.0
2026-09-08 14:00:00,11.5,65,1008.5,13.6,68,0.0
2026-09-08 15:00:00,11.5,65,1008.9,11.8,66,0.0
2026-09-08 16:00:00,11.1,66,1009.4,10.3,67,0.0
2026-09-08 17:00:00,10.4,68,1009.6,10.7,63,0.0
2026-09-08 18:00:00,9.6,73,1010.1,7.9,55,0.0
2026-09-08 19:00:00,8.7,79,1010.8,5.5,67,0.0
2026-09-08 20:00:00,8.3,81,1011.1,5.5,67,0.0
2026-09-08 21:00:00,7.7,82,1011.4,4.8,59,0.0
2026-09-08 22:00:00,7.4,83,1011.5,4.3,45,0.0
2026-09-08 23:00:00,6.9,86,1011.4,3.1,31,0.0
2026-09-09 00:00:00,6.1,89,1011.4,2.3,67,0.0
2026-09-09 01:00:00,6.4,88,1011.4,2.0,80,0.0
2026-09-09 02:00:00,6.2,88,1011.1,1.7,72,0.0
2026-09-09 03:00:00,5.4,91,1010.5,2.2,24,0.0
2026-09-09 04:00:00,4.5,96,1010.2,2.0,10,0.0
2026-09-09 05:00:00,4.0,99,1010.1,4.0,36,0.0
2026-09-09 06:00:00,5.3,97,1009.8,6.9,57,0.0
2026-09-09 07:00:00,5.4,94,1009.7,6.5,51,0.0
2026-09-09 08:00:00,6.5,93,1009.3,8.4,59,0.0
2026-09-09 09:00:00,7.6,91,1009.0,9.4,59,0.0
2026-09-09 10:00:00,9.0,81,1008.5,11.0,60,0.0
2026-09-09 11:00:00,10.1,74,1007.8,13.2,70,0.0
2026-09-09 12:00:00,11.7,69,1006.8,13.6,79,0.0
2026-09-09 13:00:00,12.2,67,1005.9,14.9,77,0.0
2026-09-09 14:00:00,12.7,66,1004.6,15.4,83,0.0
2026-09-09 15:00:00,12.8,71,1003.7,15.2,85,0.0
2026-09-09 16:00:00,12.4,74,1003.1,15.4,83,0.0
2026-09-09 17:00:00,11.7,77,1002.5,12.2,110,0.0
2026-09-09 18:00:00,10.3,84,1001.5,13.8,143,0.0
2026-09-09 19:00:00,9.1,88,1001.2,8.0,140,0.0
2026-09-09 20:00:00,9.8,73,1001.0,9.6,266,0.0
2026-09-09 21:00:00,11.1,61,1000.7,16.7,282,0.0
2026-09-09 22:00:00,10.9,63,1000.4,16.2,278,0.0
2026-09-09 23:00:00,11.0,63,1000.3,14.6,272,0.0
2026-09-10 00:00:00,8.7,72,999.1,2.8,225,0.0
2026-09-10 01:00:00,9.2,74,998.9,3.2,304,0.0
2026-09-10 02:00:00,9.1,76,999.0,4.0,330,0.0
2026-09-10 03:00:00,10.5,70,998.5,9.5,299,0.0
2026-09-10 04:00:00,10.1,69,998.7,17.2,260,0.0
2026-09-10 05:00:00,8.8,86,999.5,19.3,224,0.0
2026-09-10 06:00:00,8.2,88,1000.6,15.9,208,0.0
2026-09-10 07:00:00,8.1,86,1001.7,19.4,217,0.0
2026-09-10 08:00:00,7.4,89,1003.0,23.5,214,0.6
2026-09-10 09:00:00,6.6,91,1004.7,22.3,219,0.9
2026-09-10 10:00:00,7.1,90,1005.6,17.3,222,0.9
2026-09-10 11:00:00,7.2,91,1006.4,16.7,226,0.8
2026-09-10 12:00:00,7.1,85,1006.9,15.2,241,0.4
2026-09-10 13:00:00,7.0,86,1007.0,16.2,253,0.3
2026-09-10 14:00:00,7.4,80,1007.2,17.1,233,0.1
2026-09-10 15:00:00,7.7,75,1007.4,15.3,236,0.0
2026-09-10 16:00:00,8.5,70,1007.5,13.4,230,0.0
2026-09-10 17:00:00,8.5,69,1008.1,11.6,228,0.0
2026-09-10 18:00:00,7.4,74,1008.5,7.4,212,0.0
2026-09-10 19:00:00,5.8,82,1009.0,4.8,233,0.0
2026-09-10 20:00:00,5.1,84,1009.5,3.4,245,0.0
2026-09-10 21:00:00,4.4,86,1009.7,2.2,228,0.0
2026-09-10 22:00:00,3.7,89,1009.7,1.5,225,0.0
2026-09-10 23:00:00,3.3,90,1009.5,1.8,276,0.0
2026-09-11 00:00:00,3.3,87,1008.6,1.4,337,0.0
2026-09-11 01:00:00,3.4,84,1008.0,1.7,13,0.0
2026-09-11 02:00:00,3.1,88,1007.3,4.2,47,0.0
2026-09-11 03:00:00,3.1,88,1006.0,5.5,46,0.0
2026-09-11 04:00:00,3.4,85,1004.6,6.1,47,0.0
2026-09-11 05:00:00,4.4,81,1003.8,8.4,37,0.0
2026-09-11 06:00:00,4.1,82,1003.5,8.7,58,0.0
2026-09-11 07:00:00,3.5,85,1002.9,5.9,52,0.0
2026-09-11 08:00:00,5.6,80,1002.6,5.0,52,0.0
2026-09-11 09:00:00,7.6,75,1001.6,3.0,38,0.0
2026-09-11 10:00:00,9.8,69,1001.2,1.0,31,0.0
2026-09-11 11:00:00,12.6,51,1000.5,1.0,135,0.0
2026-09-11 12:00:00,15.2,41,999.3,1.5,346,0.0
2026-09-11 13:00:00,16.2,47,998.4,3.4,3,0.0
2026-09-11 14:00:00,16.9,53,997.6,4.7,337,0.0
2026-09-11 15:00:00,17.4,51,997.2,9.9,307,0.0
2026-09-11 16:00:00,16.8,49,997.3,15.7,279,0.0
2026-09-11 17:00:00,15.4,53,998.0,21.3,268,0.0
2026-09-11 18:00:00,14.8,54,997.9,16.0,278,0.0
2026-09-11 19:00:00,10.6,80,1000.0,24.7,181,0.7
2026-09-11 20:00:00,9.1,84,1001.2,18.7,181,0.7
2026-09-11 21:00:00,8.6,82,1002.1,10.4,201,0.0
2026-09-11 22:00:00,9.0,81,1002.6,2.3,321,0.0
2026-09-11 23:00:00,8.6,89,1002.8,9.3,350,0.0
2026-09-12 00:00:00,6.0,94,1002.5,5.3,336,0.0
2026-09-12 01:00:00,6.2,93,1002.4,0.6,124,0.0
2026-09-12 02:00:00,5.6,91,1003.5,5.9,180,0.0
2026-09-12 03:00:00,4.5,92,1004.0,2.8,191,0.0
2026-09-12 04:00:00,4.3,92,1004.6,6.4,254,0.0
2026-09-12 05:00:00,4.2,90,1006.0,6.1,178,0.0
2026-09-12 06:00:00,5.3,88,1007.3,8.2,206,0.0
2026-09-12 07:00:00,6.2,82,1008.2,11.1,200,0.0
2026-09-12 08:00:00,7.4,80,1009.2,7.4,241,0.0
2026-09-12 09:00:00,8.8,81,1009.9,8.7,291,0.0
2026-09-12 10:00:00,10.6,69,1010.5,8.6,260,0.0
2026-09-12 11:00:00,11.8,59,1010.6,7.8,230,0.0
2026-09-12 12:00:00,13.0,50,1009.9,8.2,221,0.0
2026-09-12 13:00:00,13.4,49,1009.5,4.6,234,0.0
2026-09-12 14:00:00,13.5,48,1008.6,2.7,127,0.0
2026-09-12 15:00:00,13.1,51,1008.1,9.5,65,0.0
2026-09-12 16:00:00,11.0,59,1008.3,19.1,60,0.0
2026-09-12 17:00:00,9.8,69,1008.0,19.6,68,0.0
2026-09-12 18:00:00,9.2,73,1008.0,18.8,75,0.0
2026-09-12 19:00:00,9.0,75,1008.0,20.1,70,0.0
2026-09-12 20:00:00,9.3,74,1007.4,21.1,76,0.0
2026-09-12 21:00:00,9.1,85,1006.6,11.9,70,0.0
2026-09-12 22:00:00,7.5,91,1006.5,0.4,117,0.0
2026-09-12 23:00:00,6.9,87,1006.7,5.4,236,0.0
2026-09-13 00:00:00,6.1,81,1006.4,5.9,256,0.0
2026-09-13 01:00:00,8.1,67,1006.4,10.6,270,0.0
2026-09-13 02:00:00,8.6,66,1006.7,10.6,249,0.0
2026-09-13 03:00:00,8.4,68,1007.1,10.7,235,0.0
2026-09-13 04:00:00,8.3,69,1007.7,11.6,228,0.0
2026-09-13 05:00:00,8.0,71,1008.8,10.7,221,0.0
2026-09-13 06:00:00,8.7,69,1010.5,15.0,187,0.0
2026-09-13 07:00:00,8.5,73,1011.6,8.5,228,0.1
2026-09-13 08:00:00,9.8,75,1013.2,12.3,195,0.1
2026-09-13 09:00:00,11.4,75,1014.4,18.6,193,0.0
2026-09-13 10:00:00,12.1,67,1015.5,17.8,196,0.0
2026-09-13 11:00:00,12.5,62,1016.4,15.9,200,0.0
2026-09-13 12:00:00,12.7,62,1016.6,13.2,192,0.0
2026-09-13 13:00:00,14.3,56,1016.5,9.2,200,0.0
2026-09-13 14:00:00,14.5,55,1016.2,7.4,203,0.0
2026-09-13 15:00:00,14.3,56,1016.0,4.4,159,0.0
2026-09-13 16:00:00,13.0,64,1016.5,8.6,80,0.0
2026-09-13 17:00:00,11.5,72,1017.0,12.6,62,0.0
2026-09-13 18:00:00,9.9,79,1017.7,10.5,55,0.0
2026-09-13 19:00:00,9.4,82,1018.3,9.3,56,0.0
2026-09-13 20:00:00,9.2,82,1018.8,9.7,43,0.0
2026-09-13 21:00:00,9.0,81,1019.0,10.0,41,0.0
2026-09-13 22:00:00,8.8,81,1019.2,10.7,41,0.0
2026-09-13 23:00:00,8.6,81,1019.3,10.6,44,0.0
2026-09-14 00:00:00,8.5,83,1019.1,9.0,60,0.0
2026-09-14 01:00:00,8.7,82,1019.1,9.6,69,0.0
2026-09-14 02:00:00,8.7,84,1019.1,10.5,74,0.0
2026-09-14 03:00:00,8.5,87,1019.0,10.7,85,0.0
2026-09-14 04:00:00,8.4,88,1019.1,10.7,95,0.0
2026-09-14 05:00:00,8.4,89,1019.6,9.7,101,0.0
2026-09-14 06:00:00,8.3,91,1020.3,8.8,89,0.0
2026-09-14 07:00:00,8.1,92,1020.8,6.3,88,0.0
2026-09-14 08:00:00,10.0,88,1021.5,6.4,80,0.0
2026-09-14 09:00:00,11.6,78,1021.9,4.4,63,0.0
2026-09-14 10:00:00,13.0,71,1022.4,3.9,37,0.0
2026-09-14 11:00:00,14.0,68,1022.2,4.6,36,0.0
2026-09-14 12:00:00,14.3,66,1022.0,7.8,75,0.0
2026-09-14 13:00:00,14.5,65,1021.7,10.9,81,0.0
2026-09-14 14:00:00,14.2,67,1021.4,12.3,86,0.0
2026-09-14 15:00:00,13.7,70,1021.3,11.9,85,0.0
2026-09-14 16:00:00,13.1,73,1021.0,11.3,91,0.0
2026-09-14 17:00:00,12.2,78,1020.9,10.7,99,0.0
2026-09-14 18:00:00,10.9,85,1021.3,10.2,98,0.0
2026-09-14 19:00:00,10.2,89,1021.3,9.3,106,0.0
2026-09-14 20:00:00,10.1,90,1021.4,9.3,108,0.0
2026-09-14 21:00:00,10.0,90,1021.4,9.2,101,0.0
2026-09-14 22:00:00,10.1,87,1021.2,10.2,107,0.0
2026-09-14 23:00:00,9.9,85,1020.8,10.2,113,0.0
2026-09-15 00:00:00,9.8,87,1020.4,11.4,108,0.0
2026-09-15 01:00:00,9.9,89,1020.1,11.1,107,0.0
2026-09-15 02:00:00,9.8,90,1019.7,9.6,103,0.0
2026-09-15 03:00:00,9.5,91,1019.1,7.6,97,0.0
2026-09-15 04:00:00,9.2,92,1018.9,6.9,97,0.0
2026-09-15 05:00:00,8.8,94,1018.5,6.7,92,0.0
2026-09-15 06:00:00,8.8,95,1018.6,10.1,89,0.0
2026-09-15 07:00:00,8.8,93,1018.5,7.7,79,0.0
2026-09-15 08:00:00,10.3,87,1018.5,6.7,70,0.0
2026-09-15 09:00:00,11.8,79,1018.2,5.6,84,0.0
2026-09-15 10:00:00,13.4,69,1017.9,5.6,90,0.0
2026-09-15 11:00:00,15.0,60,1017.3,6.8,90,0.0
2026-09-15 12:00:00,15.6,52,1016.4,11.1,81,0.0
2026-09-15 13:00:00,16.2,51,1015.7,12.4,88,0.0
2026-09-15 14:00:00,16.5,54,1014.4,12.4,92,0.0
2026-09-15 15:00:00,16.5,56,1013.8,11.6,97,0.0
2026-09-15 16:00:00,16.1,59,1013.3,10.1,102,0.0
2026-09-15 17:00:00,15.2,63,1012.8,7.9,101,0.0
2026-09-15 18:00:00,13.5,72,1012.0,10.9,144,0.0
2026-09-15 19:00:00,11.5,83,1011.9,1.4,180,0.0
2026-09-15 20:00:00,13.0,59,1011.5,13.9,287,0.0
2026-09-15 21:00:00,12.0,61,1011.3,11.5,267,0.0
2026-09-15 22:00:00,11.3,63,1011.2,9.1,252,0.0
2026-09-15 23:00:00,10.7,66,1010.9,6.9,250,0.0
2026-09-16 00:00:00,10.2,69,1009.8,6.2,260,0.0
2026-09-16 01:00:00,10.1,71,1009.2,6.3,272,0.0
2026-09-16 02:00:00,9.3,74,1008.7,3.6,315,0.0
2026-09-16 03:00:00,8.3,80,1008.1,5.5,351,0.0
2026-09-16 04:00:00,8.6,79,1007.8,6.5,346,0.0
2026-09-16 05:00:00,9.6,74,1007.4,7.3,335,0.0
2026-09-16 06:00:00,8.5,77,1006.9,2.8,50,0.0
2026-09-16 07:00:00,9.3,75,1006.8,5.0,339,0.0
2026-09-16 08:00:00,12.3,64,1006.8,12.7,328,0.0
2026-09-16 09:00:00,14.3,57,1006.5,15.3,322,0.0
2026-09-16 10:00:00,14.9,54,1006.1,19.7,311,0.0
2026-09-16 11:00:00,16.2,51,1005.8,20.9,311,0.0
2026-09-16 12:00:00,17.9,46,1004.6,23.3,308,0.0
2026-09-16 13:00:00,18.7,41,1003.8,24.3,308,0.0
2026-09-16 14:00:00,18.6,41,1003.4,24.4,311,0.0
2026-09-16 15:00:00,18.8,39,1003.1,22.0,310,0.0
2026-09-16 16:00:00,18.0,41,1003.3,18.8,291,0.0
2026-09-16 17:00:00,16.3,49,1003.8,16.2,287,0.0
2026-09-16 18:00:00,16.2,51,1003.4,15.1,295,0.0
2026-09-16 19:00:00,10.1,85,1004.7,25.0,219,0.0
2026-09-16 20:00:00,9.5,85,1005.0,25.2,225,0.0
2026-09-16 21:00:00,9.5,83,1004.9,20.8,229,0.2
2026-09-16 22:00:00,9.0,86,1004.9,19.4,232,0.1
2026-09-16 23:00:00,8.8,88,1004.7,19.2,242,0.1
2026-09-17 00:00:00,8.4,91,1004.4,19.9,252,0.1
2026-09-17 01:00:00,7.7,92,1004.9,21.8,255,0.3
2026-09-17 02:00:00,7.0,93,1004.6,22.4,252,0.3
2026-09-17 03:00:00,6.8,93,1004.5,20.1,249,0.2
2026-09-17 04:00:00,6.9,91,1004.4,18.7,241,0.2
2026-09-17 05:00:00,7.0,91,1004.4,15.4,234,0.2
2026-09-17 06:00:00,6.4,94,1004.8,13.2,246,0.3
2026-09-17 07:00:00,6.2,94,1005.6,13.6,258,0.3
2026-09-17 08:00:00,6.1,94,1005.7,15.3,251,0.4
2026-09-17 09:00:00,6.7,93,1006.1,13.4,253,0.4
2026-09-17 10:00:00,6.9,95,1006.3,12.2,243,0.7
2026-09-17 11:00:00,7.2,94,1006.3,11.0,235,0.8
2026-09-17 12:00:00,7.7,89,1005.9,10.5,229,0.7
2026-09-17 13:00:00,8.0,86,1005.8,10.3,223,0.5
2026-09-17 14:00:00,8.3,83,1005.6,8.1,219,0.2
2026-09-17 15:00:00,9.2,74,1005.4,8.0,214,0.0
2026-09-17 16:00:00,9.3,72,1005.4,7.0,226,0.0
2026-09-17 17:00:00,9.0,75,1005.8,8.0,226,0.0
2026-09-17 18:00:00,8.8,77,1005.8,2.2,360,0.0
2026-09-17 19:00:00,6.9,87,1006.3,4.2,348,0.0
2026-09-17 20:00:00,6.7,88,1006.4,5.8,20,0.0
2026-09-17 21:00:00,6.4,87,1006.6,6.1,34,0.0
2026-09-17 22:00:00,6.2,89,1006.6,6.9,20,0.0
2026-09-17 23:00:00,5.3,92,1006.7,5.4,21,0.0
2026-09-18 00:00:00,5.2,90,1006.1,5.9,40,0.0
2026-09-18 01:00:00,4.8,93,1005.5,3.5,39,0.0
2026-09-18 02:00:00,4.4,95,1004.9,2.7,82,0.0
2026-09-18 03:00:00,4.4,95,1004.2,5.5,67,0.0
2026-09-18 04:00:00,4.4,93,1003.6,5.5,63,0.0
2026-09-18 05:00:00,5.1,89,1002.9,6.8,65,0.0
2026-09-18 06:00:00,5.1,90,1002.7,9.5,68,0.0
2026-09-18 07:00:00,5.8,91,1002.7,10.7,70,0.0
2026-09-18 08:00:00,7.7,87,1002.6,10.4,81,0.0
2026-09-18 09:00:00,9.3,78,1002.6,8.7,86,0.0
2026-09-18 10:00:00,11.3,68,1002.6,5.8,90,0.0
2026-09-18 11:00:00,13.4,55,1002.6,2.1,105,0.0
2026-09-18 12:00:00,14.5,48,1001.8,6.5,92,0.0
2026-09-18 13:00:00,14.9,51,1001.7,6.6,45,0.0
2026-09-18 14:00:00,15.1,55,1001.4,6.9,47,0.0
2026-09-18 15:00:00,15.4,52,1001.5,7.3,52,0.0
2026-09-18 16:00:00,14.9,48,1001.8,8.0,63,0.0
2026-09-18 17:00:00,13.4,53,1002.1,8.3,57,0.0
2026-09-18 18:00:00,10.8,75,1002.5,9.3,80,0.0
2026-09-18 19:00:00,10.3,83,1002.6,9.4,88,0.0
2026-09-18 20:00:00,9.8,89,1003.0,8.7,98,0.0
2026-09-18 21:00:00,9.9,91,1002.9,10.3,94,0.0
2026-09-18 22:00:00,9.7,92,1002.2,12.5,95,0.0
2026-09-18 23:00:00,10.1,90,1001.8,12.9,98,0.0
2026-09-19 00:00:00,11.1,75,1000.7,18.7,50,0.0
2026-09-19 01:00:00,10.3,76,1000.1,13.7,39,0.0
2026-09-19 02:00:00,9.4,81,998.6,8.4,53,0.0
2026-09-19 03:00:00,8.0,87,997.6,3.2,137,0.0
2026-09-19 04:00:00,8.6,87,996.3,1.5,126,0.0
2026-09-19 05:00:00,8.9,79,995.5,1.3,106,0.0
2026-09-19 06:00:00,10.3,74,995.3,3.1,100,0.0
2026-09-19 07:00:00,10.7,73,995.1,3.4,96,0.0
2026-09-19 08:00:00,12.1,70,995.0,4.2,43,0.0
2026-09-19 09:00:00,13.5,66,994.0,13.5,339,0.0
2026-09-19 10:00:00,15.3,57,993.1,24.1,313,0.0
2026-09-19 11:00:00,17.8,51,991.8,24.6,331,0.0
2026-09-19 12:00:00,19.0,51,989.9,18.6,326,0.0
2026-09-19 13:00:00,18.2,58,989.2,13.7,333,0.0
2026-09-19 14:00:00,17.3,52,988.3,20.8,303,0.0
2026-09-19 15:00:00,18.2,51,987.2,19.8,309,0.0
2026-09-19 16:00:00,18.1,49,986.2,32.1,304,0.0
2026-09-19 17:00:00,16.9,52,985.8,26.5,311,0.0
2026-09-19 18:00:00,16.3,57,983.3,25.0,316,0.0
2026-09-19 19:00:00,15.5,57,983.1,24.4,310,0.0
2026-09-19 20:00:00,14.3,62,982.9,15.8,324,0.0
2026-09-19 21:00:00,13.0,68,982.5,11.1,324,0.0
2026-09-19 22:00:00,13.1,64,983.1,16.3,292,0.0
2026-09-19 23:00:00,14.1,51,983.7,21.9,284,0.0
